{"type":"FeatureCollection","features":[{"type":"Feature","id":"usgs-pad-us-fee-managers:3739","geometry":{"type":"MultiPolygon","coordinates":[[[[-91.1498,33.9742],[-91.1489,33.9742],[-91.1478,33.9736],[-91.1464,33.9724],[-91.1449,33.9699],[-91.1442,33.9676],[-91.1508,33.9677],[-91.1506,33.9747],[-91.1498,33.9745],[-91.1498,33.9742]]],[[[-91.2485,33.9793],[-91.2486,33.9758],[-91.2529,33.9757],[-91.253,33.9723],[-91.2661,33.9722],[-91.2662,33.9686],[-91.2677,33.9716],[-91.269,33.9729],[-91.2704,33.9738],[-91.2703,33.9758],[-91.266,33.9758],[-91.2659,33.9794],[-91.2661,33.9794],[-91.2485,33.9793]]],[[[-91.3202,33.9674],[-91.3218,33.9669],[-91.3275,33.9741],[-91.3274,33.9749],[-91.3234,33.978],[-91.3223,33.9794],[-91.3208,33.9822],[-91.3184,33.9831],[-91.3163,33.9799],[-91.3118,33.9754],[-91.3134,33.9724],[-91.3149,33.9707],[-91.3176,33.9686],[-91.3202,33.9674]]],[[[-91.164,33.98],[-91.1627,33.98],[-91.1628,33.9714],[-91.1637,33.9714],[-91.1639,33.9642],[-91.1683,33.9642],[-91.1683,33.9584],[-91.1688,33.9588],[-91.1712,33.9595],[-91.1776,33.9601],[-91.1789,33.9599],[-91.1785,33.9823],[-91.1641,33.9821],[-91.164,33.98]]],[[[-91.1608,33.9989],[-91.1667,33.9971],[-91.1662,33.9988],[-91.1649,34.0001],[-91.1614,34.0006],[-91.1608,33.9989]]],[[[-91.307,34.018],[-91.311,34.0165],[-91.3118,34.018],[-91.3027,34.0215],[-91.3013,34.0221],[-91.3004,34.0205],[-91.307,34.018]]],[[[-91.3958,34.0299],[-91.4014,34.0276],[-91.4116,34.0128],[-91.417,34.0153],[-91.4069,34.0301],[-91.3958,34.0299]]],[[[-91.2838,34.1073],[-91.3016,34.107],[-91.3014,34.1177],[-91.2923,34.1181],[-91.2922,34.1216],[-91.2835,34.1219],[-91.2838,34.1073]]],[[[-91.4735,34.1354],[-91.4761,34.1354],[-91.4772,34.135],[-91.4773,34.1425],[-91.4729,34.1426],[-91.4729,34.1357],[-91.4735,34.1354]]],[[[-91.2788,34.1375],[-91.2833,34.1376],[-91.2832,34.1413],[-91.2788,34.1412],[-91.2788,34.1375]]],[[[-91.2253,34.1732],[-91.2209,34.1732],[-91.2209,34.1695],[-91.2274,34.1696],[-91.2273,34.1714],[-91.2296,34.1714],[-91.2294,34.1771],[-91.2252,34.1771],[-91.2253,34.1732]]],[[[-91.2119,34.1731],[-91.2143,34.1731],[-91.2143,34.177],[-91.2118,34.177],[-91.2119,34.1731]]],[[[-91.2118,34.1807],[-91.2207,34.1806],[-91.2206,34.1842],[-91.2118,34.1842],[-91.2118,34.1807]]],[[[-91.0708,34.0903],[-91.0796,34.0903],[-91.0795,34.0796],[-91.0751,34.0795],[-91.0752,34.0727],[-91.0776,34.0617],[-91.0796,34.0618],[-91.0804,34.0317],[-91.0977,34.0317],[-91.1324,34.0304],[-91.1323,34.0081],[-91.1586,33.9999],[-91.1599,34.003],[-91.1606,34.0065],[-91.163,34.0087],[-91.1633,34.0094],[-91.1657,34.0124],[-91.1689,34.0152],[-91.1701,34.016],[-91.1716,34.0165],[-91.1741,34.0167],[-91.1813,34.0165],[-91.1826,34.017],[-91.1834,34.0175],[-91.184,34.0185],[-91.1842,34.0195],[-91.1822,34.024],[-91.1817,34.0262],[-91.1817,34.0288],[-91.1823,34.0298],[-91.1839,34.0312],[-91.1898,34.0319],[-91.191,34.0323],[-91.1929,34.0335],[-91.1942,34.0353],[-91.1946,34.0362],[-91.1949,34.0384],[-91.1958,34.0478],[-91.1957,34.0505],[-91.1954,34.0519],[-91.1941,34.0544],[-91.1925,34.0555],[-91.1884,34.0576],[-91.1875,34.0586],[-91.1865,34.0607],[-91.1864,34.0618],[-91.187,34.0637],[-91.188,34.0649],[-91.1946,34.0688],[-91.1951,34.0701],[-91.1949,34.0709],[-91.1944,34.0715],[-91.1939,34.0717],[-91.1928,34.0715],[-91.1899,34.0695],[-91.1883,34.069],[-91.1866,34.0689],[-91.1846,34.0695],[-91.1835,34.071],[-91.1836,34.0729],[-91.1851,34.075],[-91.1859,34.0766],[-91.1863,34.0781],[-91.1862,34.0793],[-91.1848,34.0816],[-91.1821,34.0836],[-91.1758,34.0864],[-91.1735,34.0879],[-91.1713,34.0899],[-91.1694,34.0928],[-91.1678,34.0937],[-91.1661,34.0935],[-91.1639,34.0926],[-91.1623,34.091],[-91.1607,34.0875],[-91.1575,34.0852],[-91.1553,34.0845],[-91.1535,34.0837],[-91.1508,34.0837],[-91.1495,34.0843],[-91.1472,34.0869],[-91.1474,34.0883],[-91.1471,34.0891],[-91.1471,34.0902],[-91.1484,34.0938],[-91.1482,34.094],[-91.1484,34.095],[-91.1475,34.0975],[-91.1476,34.0991],[-91.1484,34.1011],[-91.1503,34.1026],[-91.1505,34.1033],[-91.1493,34.1039],[-91.1481,34.1036],[-91.1477,34.1026],[-91.1468,34.1018],[-91.1437,34.0997],[-91.1425,34.0998],[-91.1411,34.1005],[-91.1406,34.1018],[-91.1407,34.1026],[-91.1418,34.1041],[-91.1431,34.1049],[-91.1433,34.1054],[-91.1433,34.1065],[-91.1428,34.1076],[-91.143,34.1092],[-91.1426,34.1103],[-91.1419,34.1109],[-91.1403,34.1111],[-91.1384,34.1105],[-91.1346,34.1075],[-91.1323,34.1062],[-91.1286,34.106],[-91.126,34.105],[-91.1237,34.1053],[-91.1237,34.1029],[-91.1237,34.1056],[-91.1225,34.1062],[-91.1219,34.1071],[-91.1203,34.112],[-91.1188,34.114],[-91.1172,34.1176],[-91.1167,34.1206],[-91.1163,34.1219],[-91.1158,34.1225],[-91.1141,34.1234],[-91.1126,34.1249],[-91.1119,34.1283],[-91.1107,34.1315],[-91.1094,34.132],[-91.1078,34.132],[-91.1073,34.1317],[-91.1058,34.1297],[-91.1047,34.1289],[-91.1031,34.1282],[-91.1011,34.1279],[-91.1011,34.1257],[-91.1005,34.1239],[-91.0998,34.1229],[-91.0988,34.122],[-91.0974,34.1212],[-91.0938,34.1199],[-91.0918,34.1195],[-91.0827,34.119],[-91.0822,34.1181],[-91.0825,34.1161],[-91.0831,34.1151],[-91.0852,34.1137],[-91.0866,34.1133],[-91.0916,34.113],[-91.0958,34.1131],[-91.1036,34.1157],[-91.1063,34.1156],[-91.1085,34.1146],[-91.1099,34.1134],[-91.1108,34.1118],[-91.111,34.1108],[-91.111,34.1073],[-91.1101,34.1049],[-91.1088,34.103],[-91.1062,34.1008],[-91.1046,34.1],[-91.1018,34.0997],[-91.1009,34.0998],[-91.0994,34.1005],[-91.0979,34.1025],[-91.0973,34.1038],[-91.0966,34.107],[-91.0951,34.1093],[-91.0929,34.1105],[-91.0905,34.1109],[-91.0886,34.1108],[-91.0869,34.1103],[-91.0811,34.1062],[-91.0764,34.1044],[-91.0727,34.1044],[-91.0685,34.1055],[-91.0671,34.1056],[-91.0655,34.1052],[-91.0642,34.1044],[-91.0629,34.1028],[-91.0621,34.1011],[-91.0621,34.1],[-91.0626,34.098],[-91.0638,34.0957],[-91.0668,34.0934],[-91.0694,34.0929],[-91.0712,34.0929],[-91.0745,34.0934],[-91.0897,34.0996],[-91.0921,34.1002],[-91.0938,34.1002],[-91.0984,34.0993],[-91.101,34.0982],[-91.1041,34.0957],[-91.1049,34.0948],[-91.1059,34.0924],[-91.106,34.0909],[-91.1053,34.0888],[-91.1026,34.084],[-91.1022,34.0809],[-91.1026,34.0787],[-91.104,34.0766],[-91.105,34.0756],[-91.1097,34.0733],[-91.1108,34.0725],[-91.1115,34.0708],[-91.1119,34.0685],[-91.1113,34.0666],[-91.1097,34.065],[-91.1006,34.0626],[-91.0989,34.0616],[-91.0982,34.06],[-91.098,34.06],[-91.0981,34.0577],[-91.0996,34.0559],[-91.1024,34.0545],[-91.1037,34.0544],[-91.1077,34.0532],[-91.1126,34.0511],[-91.1149,34.0489],[-91.1152,34.0482],[-91.1155,34.0472],[-91.1153,34.0465],[-91.1142,34.0451],[-91.1135,34.0447],[-91.1124,34.0448],[-91.1092,34.0455],[-91.1081,34.046],[-91.1097,34.046],[-91.1115,34.0456],[-91.1129,34.0458],[-91.1139,34.0463],[-91.1141,34.048],[-91.1137,34.0491],[-91.1117,34.0512],[-91.107,34.053],[-91.1013,34.0541],[-91.0989,34.0552],[-91.0982,34.0558],[-91.0972,34.0577],[-91.0971,34.06],[-91.0981,34.0614],[-91.0984,34.0623],[-91.1001,34.0632],[-91.1083,34.0652],[-91.1091,34.0656],[-91.1103,34.0667],[-91.1112,34.069],[-91.1112,34.0703],[-91.1106,34.0717],[-91.1098,34.0727],[-91.1044,34.0756],[-91.1033,34.0766],[-91.1018,34.0788],[-91.1014,34.0809],[-91.102,34.084],[-91.1046,34.0886],[-91.1054,34.091],[-91.1051,34.093],[-91.1036,34.0952],[-91.1014,34.097],[-91.0987,34.0985],[-91.0958,34.0993],[-91.0933,34.0996],[-91.0917,34.0995],[-91.0896,34.0989],[-91.0779,34.0945],[-91.0755,34.093],[-91.073,34.0925],[-91.0697,34.0921],[-91.0667,34.0927],[-91.065,34.0936],[-91.0629,34.0956],[-91.0618,34.0973],[-91.0614,34.0991],[-91.0613,34.1016],[-91.0615,34.1027],[-91.062,34.1035],[-91.0638,34.1048],[-91.0642,34.1048],[-91.0664,34.1058],[-91.0678,34.1059],[-91.0736,34.1048],[-91.0761,34.1048],[-91.0781,34.1053],[-91.0792,34.1056],[-91.0818,34.1071],[-91.0845,34.1092],[-91.0872,34.1108],[-91.0892,34.1113],[-91.0905,34.1113],[-91.0935,34.1107],[-91.0958,34.1094],[-91.0969,34.1076],[-91.0987,34.1026],[-91.0997,34.1009],[-91.1013,34.1002],[-91.1033,34.1002],[-91.1046,34.1005],[-91.1061,34.1012],[-91.1089,34.1037],[-91.1103,34.1065],[-91.1106,34.1091],[-91.1099,34.1115],[-91.1091,34.1129],[-91.1072,34.1145],[-91.1062,34.1148],[-91.1031,34.1147],[-91.0964,34.1126],[-91.0938,34.1124],[-91.0905,34.1125],[-91.0868,34.1128],[-91.0846,34.1134],[-91.0836,34.114],[-91.0817,34.1162],[-91.0816,34.117],[-91.0818,34.1188],[-91.0829,34.1197],[-91.0891,34.1195],[-91.0917,34.1197],[-91.0957,34.1208],[-91.0985,34.1221],[-91.1002,34.1238],[-91.1008,34.1254],[-91.1008,34.128],[-91.0997,34.1283],[-91.0985,34.1292],[-91.0977,34.1306],[-91.0975,34.132],[-91.098,34.1336],[-91.0983,34.136],[-91.098,34.1375],[-91.0967,34.1393],[-91.0941,34.1406],[-91.0922,34.1411],[-91.09,34.1411],[-91.0859,34.1404],[-91.0837,34.1406],[-91.0814,34.1402],[-91.0801,34.1405],[-91.0786,34.1417],[-91.0783,34.1427],[-91.077,34.1439],[-91.0769,34.1458],[-91.0783,34.1472],[-91.0795,34.1472],[-91.08,34.1468],[-91.0806,34.1473],[-91.0816,34.1474],[-91.0821,34.1469],[-91.0817,34.1463],[-91.0836,34.1465],[-91.0843,34.1486],[-91.0862,34.151],[-91.0896,34.153],[-91.0904,34.1538],[-91.0903,34.1549],[-91.0896,34.1557],[-91.0844,34.1569],[-91.0833,34.1578],[-91.0826,34.1592],[-91.0822,34.161],[-91.0849,34.1647],[-91.085,34.1666],[-91.0861,34.1696],[-91.0885,34.172],[-91.0935,34.1744],[-91.0943,34.1753],[-91.0943,34.176],[-91.0931,34.1774],[-91.0924,34.1772],[-91.0887,34.1777],[-91.0876,34.178],[-91.0866,34.1787],[-91.086,34.1797],[-91.086,34.1811],[-91.0871,34.1828],[-91.0878,34.1847],[-91.0871,34.1858],[-91.0866,34.1862],[-91.083,34.1878],[-91.0787,34.1883],[-91.078,34.1897],[-91.0772,34.1902],[-91.0749,34.1903],[-91.0721,34.1902],[-91.0716,34.1907],[-91.0726,34.1909],[-91.0774,34.1905],[-91.0784,34.1899],[-91.0795,34.1886],[-91.0834,34.1881],[-91.0869,34.1866],[-91.0879,34.1857],[-91.0883,34.1851],[-91.0874,34.1823],[-91.0911,34.1842],[-91.0927,34.1857],[-91.0933,34.1869],[-91.0933,34.1883],[-91.092,34.1917],[-91.0878,34.1969],[-91.0874,34.1981],[-91.0882,34.2011],[-91.0878,34.2017],[-91.0858,34.2015],[-91.0845,34.2005],[-91.0833,34.1986],[-91.0821,34.1973],[-91.0796,34.1963],[-91.0781,34.1959],[-91.0765,34.1959],[-91.0735,34.1969],[-91.0711,34.1986],[-91.07,34.2004],[-91.0691,34.2024],[-91.0697,34.2076],[-91.0695,34.2104],[-91.0692,34.2111],[-91.0674,34.213],[-91.0662,34.2135],[-91.0648,34.2139],[-91.0629,34.214],[-91.0616,34.2144],[-91.0603,34.2157],[-91.0599,34.2165],[-91.0601,34.2032],[-91.0607,34.2037],[-91.0623,34.2041],[-91.0631,34.2031],[-91.0631,34.2018],[-91.0648,34.1983],[-91.0653,34.1979],[-91.0668,34.1975],[-91.0678,34.1969],[-91.0681,34.1961],[-91.0686,34.1965],[-91.0685,34.1962],[-91.069,34.1957],[-91.0687,34.1953],[-91.0692,34.1949],[-91.0689,34.1945],[-91.0694,34.1943],[-91.0698,34.1936],[-91.0688,34.1932],[-91.0698,34.1932],[-91.0699,34.193],[-91.0688,34.1927],[-91.0689,34.1916],[-91.0685,34.1916],[-91.0677,34.1964],[-91.0671,34.197],[-91.0646,34.1979],[-91.0621,34.2034],[-91.0615,34.2035],[-91.0608,34.2033],[-91.0605,34.203],[-91.0601,34.2018],[-91.0603,34.1925],[-91.0599,34.1629],[-91.06,34.1486],[-91.0613,34.1336],[-91.0619,34.1057],[-91.0598,34.1017],[-91.06,34.0944],[-91.0622,34.0915],[-91.0623,34.0902],[-91.0631,34.0902],[-91.0683,34.0831],[-91.0708,34.0831],[-91.0708,34.0903]]],[[[-91.0768,34.2499],[-91.0783,34.2499],[-91.0784,34.2507],[-91.078,34.2509],[-91.0768,34.2508],[-91.0768,34.2499]]],[[[-91.1469,34.2575],[-91.1512,34.2576],[-91.1512,34.2611],[-91.1468,34.261],[-91.1469,34.2575]]],[[[-91.1117,34.261],[-91.1115,34.2597],[-91.1106,34.2585],[-91.1093,34.2579],[-91.1076,34.2577],[-91.1076,34.2574],[-91.1075,34.2578],[-91.1055,34.2578],[-91.1029,34.2575],[-91.1016,34.2577],[-91.0974,34.2593],[-91.095,34.2615],[-91.0939,34.2619],[-91.0885,34.2607],[-91.0863,34.2596],[-91.0857,34.2598],[-91.0857,34.2608],[-91.0853,34.2611],[-91.0843,34.2602],[-91.0833,34.2597],[-91.0823,34.2597],[-91.0809,34.26],[-91.0801,34.2598],[-91.0794,34.2578],[-91.0772,34.2552],[-91.0768,34.254],[-91.077,34.2537],[-91.0799,34.2523],[-91.0801,34.2519],[-91.0804,34.2498],[-91.0802,34.2487],[-91.0774,34.2449],[-91.075,34.2428],[-91.0729,34.2418],[-91.0678,34.2404],[-91.0664,34.2393],[-91.0661,34.2382],[-91.0665,34.2358],[-91.0669,34.2352],[-91.0681,34.2352],[-91.0668,34.2352],[-91.0683,34.2329],[-91.0684,34.2288],[-91.0676,34.2251],[-91.0667,34.2229],[-91.0624,34.2196],[-91.0612,34.2179],[-91.0612,34.2172],[-91.0624,34.2155],[-91.063,34.2151],[-91.0655,34.2149],[-91.0675,34.2144],[-91.069,34.2138],[-91.0706,34.2121],[-91.0715,34.21],[-91.0716,34.2074],[-91.0711,34.2061],[-91.0712,34.2014],[-91.0722,34.1999],[-91.0745,34.1981],[-91.0772,34.1972],[-91.0794,34.1975],[-91.081,34.1984],[-91.0843,34.2021],[-91.0854,34.2028],[-91.087,34.2031],[-91.0886,34.2025],[-91.0894,34.2012],[-91.0889,34.199],[-91.0892,34.1972],[-91.0929,34.1935],[-91.0948,34.1897],[-91.0952,34.1872],[-91.0944,34.1854],[-91.0937,34.1845],[-91.0964,34.1845],[-91.0936,34.1844],[-91.0922,34.1831],[-91.0907,34.1823],[-91.0897,34.182],[-91.0878,34.1809],[-91.0877,34.1803],[-91.088,34.1797],[-91.0892,34.1787],[-91.0934,34.1786],[-91.095,34.1778],[-91.0956,34.1768],[-91.0956,34.1752],[-91.0947,34.1737],[-91.0933,34.1727],[-91.091,34.1719],[-91.0889,34.1706],[-91.0878,34.1689],[-91.0867,34.1651],[-91.0854,34.1627],[-91.0842,34.1613],[-91.084,34.1604],[-91.0851,34.1585],[-91.0865,34.1575],[-91.0882,34.1571],[-91.0898,34.157],[-91.0911,34.1562],[-91.0915,34.1551],[-91.0915,34.1534],[-91.0914,34.1529],[-91.0908,34.1522],[-91.0873,34.1503],[-91.0853,34.1463],[-91.0846,34.1455],[-91.0836,34.1445],[-91.0819,34.1437],[-91.0812,34.143],[-91.0809,34.1422],[-91.0816,34.1413],[-91.0832,34.1414],[-91.0839,34.1418],[-91.0855,34.1417],[-91.0918,34.1424],[-91.0938,34.1422],[-91.0962,34.1416],[-91.097,34.1412],[-91.0986,34.1403],[-91.0997,34.139],[-91.1,34.1376],[-91.1,34.1363],[-91.0993,34.132],[-91.1,34.1305],[-91.1018,34.1298],[-91.1031,34.1298],[-91.1039,34.1301],[-91.1048,34.1307],[-91.1063,34.1325],[-91.1079,34.1332],[-91.11,34.1332],[-91.1114,34.1325],[-91.1121,34.1318],[-91.113,34.13],[-91.1136,34.1263],[-91.1141,34.1251],[-91.1175,34.1222],[-91.1195,34.1159],[-91.121,34.1158],[-91.1222,34.1135],[-91.1236,34.1092],[-91.1244,34.1086],[-91.1263,34.1083],[-91.1296,34.1091],[-91.1313,34.1091],[-91.1328,34.1097],[-91.1329,34.108],[-91.1359,34.1105],[-91.1393,34.1122],[-91.1415,34.1124],[-91.1434,34.1119],[-91.1443,34.1106],[-91.1442,34.1086],[-91.1438,34.1076],[-91.1446,34.1054],[-91.1439,34.1037],[-91.1429,34.1027],[-91.1427,34.1011],[-91.1439,34.1009],[-91.1456,34.1023],[-91.1475,34.1045],[-91.1494,34.1052],[-91.1503,34.1053],[-91.1514,34.1048],[-91.1518,34.1042],[-91.1519,34.1034],[-91.1517,34.1023],[-91.1505,34.1008],[-91.1493,34.1002],[-91.1492,34.0996],[-91.1491,34.0983],[-91.1498,34.0955],[-91.1497,34.0939],[-91.1487,34.0912],[-91.1484,34.0881],[-91.1488,34.0871],[-91.1499,34.086],[-91.1509,34.0855],[-91.1533,34.0852],[-91.1552,34.0856],[-91.1575,34.0864],[-91.1591,34.0877],[-91.1605,34.0903],[-91.1625,34.0929],[-91.1642,34.0941],[-91.1657,34.0948],[-91.1684,34.0954],[-91.1713,34.0932],[-91.1724,34.0913],[-91.1743,34.0897],[-91.1768,34.0882],[-91.1832,34.0851],[-91.1852,34.0838],[-91.1875,34.0818],[-91.1888,34.0797],[-91.1889,34.0779],[-91.188,34.0755],[-91.1863,34.0737],[-91.1856,34.0725],[-91.1855,34.0719],[-91.186,34.0712],[-91.187,34.0707],[-91.1879,34.0707],[-91.1889,34.0711],[-91.1923,34.0734],[-91.1938,34.0736],[-91.1948,34.0735],[-91.1961,34.073],[-91.1975,34.0715],[-91.1976,34.0705],[-91.1973,34.0692],[-91.1959,34.0675],[-91.1943,34.0664],[-91.1906,34.0646],[-91.1888,34.0632],[-91.1887,34.0626],[-91.189,34.0608],[-91.1901,34.0591],[-91.1915,34.058],[-91.1927,34.0574],[-91.1951,34.0557],[-91.1973,34.053],[-91.198,34.0514],[-91.1983,34.0504],[-91.1983,34.0476],[-91.1974,34.0434],[-91.1966,34.0369],[-91.1961,34.0349],[-91.195,34.033],[-91.193,34.0314],[-91.1893,34.0303],[-91.1867,34.0304],[-91.186,34.0302],[-91.1848,34.0297],[-91.1843,34.0289],[-91.1839,34.0269],[-91.1841,34.0252],[-91.1858,34.0212],[-91.1855,34.0185],[-91.1847,34.0166],[-91.1827,34.0158],[-91.1795,34.0153],[-91.1738,34.0153],[-91.1722,34.0148],[-91.1707,34.0139],[-91.1696,34.0126],[-91.1694,34.0115],[-91.1691,34.0117],[-91.169,34.0124],[-91.1688,34.0124],[-91.167,34.0104],[-91.1671,34.0099],[-91.1666,34.01],[-91.1663,34.0091],[-91.1655,34.0083],[-91.1652,34.0076],[-91.165,34.0079],[-91.1648,34.0078],[-91.1639,34.0064],[-91.1616,34.0012],[-91.1646,34.0008],[-91.1674,34.0001],[-91.169,33.9986],[-91.1698,33.9962],[-91.1714,33.9954],[-91.1728,33.9942],[-91.1784,33.9879],[-91.1783,34.015],[-91.195,34.0151],[-91.2299,34.0159],[-91.2298,34.0166],[-91.2431,34.0168],[-91.2431,34.018],[-91.2475,34.018],[-91.2474,34.0197],[-91.243,34.0197],[-91.2428,34.0228],[-91.234,34.0231],[-91.234,34.0229],[-91.2297,34.0224],[-91.2296,34.0265],[-91.2339,34.0271],[-91.2337,34.0323],[-91.2354,34.0324],[-91.2349,34.0432],[-91.234,34.0431],[-91.2336,34.0468],[-91.2329,34.0467],[-91.2328,34.0504],[-91.2306,34.0503],[-91.2306,34.0611],[-91.2261,34.0609],[-91.2261,34.0767],[-91.2259,34.0828],[-91.2307,34.0829],[-91.2307,34.0904],[-91.2259,34.0902],[-91.2262,34.1008],[-91.2256,34.1008],[-91.2255,34.1044],[-91.2231,34.1043],[-91.2229,34.1082],[-91.2221,34.1082],[-91.2215,34.1183],[-91.2215,34.1258],[-91.2171,34.1258],[-91.2171,34.1294],[-91.2138,34.1294],[-91.2138,34.1312],[-91.2127,34.1312],[-91.2127,34.1257],[-91.2043,34.1258],[-91.2044,34.1184],[-91.2127,34.1184],[-91.1865,34.1182],[-91.1859,34.1291],[-91.1772,34.129],[-91.1763,34.1619],[-91.1577,34.1621],[-91.1576,34.1842],[-91.1578,34.1848],[-91.1578,34.186],[-91.1576,34.1868],[-91.1576,34.1914],[-91.1757,34.1915],[-91.1753,34.2212],[-91.1472,34.2211],[-91.1469,34.2357],[-91.1427,34.2357],[-91.1426,34.2393],[-91.1382,34.2393],[-91.1382,34.2465],[-91.1468,34.2466],[-91.1468,34.2503],[-91.1208,34.2501],[-91.1205,34.2646],[-91.1118,34.2645],[-91.1111,34.2909],[-91.1098,34.2871],[-91.1081,34.2843],[-91.1051,34.2805],[-91.1022,34.2746],[-91.1012,34.2722],[-91.1017,34.2702],[-91.1023,34.2693],[-91.1031,34.2687],[-91.1051,34.2677],[-91.1089,34.2671],[-91.1102,34.2661],[-91.1109,34.265],[-91.1117,34.261]]],[[[-91.1119,34.2573],[-91.1096,34.2573],[-91.1119,34.2573],[-91.1119,34.2596],[-91.1119,34.2573]]],[[[-91.0771,34.3444],[-91.0761,34.3429],[-91.0753,34.3423],[-91.0737,34.3417],[-91.0737,34.3411],[-91.0715,34.3408],[-91.0696,34.3382],[-91.0679,34.3371],[-91.0736,34.3372],[-91.0671,34.3371],[-91.0631,34.336],[-91.0616,34.3361],[-91.0596,34.3369],[-91.0575,34.3367],[-91.0563,34.336],[-91.0553,34.3349],[-91.054,34.3325],[-91.0539,34.3318],[-91.0543,34.3306],[-91.057,34.3273],[-91.0574,34.3262],[-91.0565,34.3243],[-91.0553,34.323],[-91.0554,34.3227],[-91.0559,34.3225],[-91.0575,34.3226],[-91.0589,34.3224],[-91.0619,34.3218],[-91.0639,34.3211],[-91.0644,34.3208],[-91.065,34.3199],[-91.0649,34.3186],[-91.0641,34.3175],[-91.0621,34.3171],[-91.0577,34.318],[-91.0563,34.318],[-91.0542,34.3167],[-91.0531,34.3148],[-91.0529,34.3135],[-91.0534,34.3114],[-91.0546,34.3104],[-91.0557,34.31],[-91.0569,34.3097],[-91.0576,34.3099],[-91.0596,34.3109],[-91.0614,34.3123],[-91.0637,34.3129],[-91.0647,34.3127],[-91.0656,34.3118],[-91.0658,34.3112],[-91.0658,34.3104],[-91.0653,34.3096],[-91.0628,34.3074],[-91.0623,34.3066],[-91.0612,34.304],[-91.0612,34.3031],[-91.0623,34.2994],[-91.0622,34.2972],[-91.0618,34.2961],[-91.0592,34.292],[-91.059,34.2907],[-91.0592,34.2892],[-91.0597,34.2884],[-91.0609,34.2876],[-91.0631,34.2875],[-91.0646,34.2882],[-91.0655,34.2891],[-91.0658,34.2901],[-91.0654,34.2913],[-91.0642,34.2935],[-91.0639,34.295],[-91.0645,34.2966],[-91.0656,34.298],[-91.0677,34.299],[-91.0685,34.2992],[-91.0709,34.2989],[-91.0728,34.298],[-91.074,34.2962],[-91.0745,34.295],[-91.0742,34.2888],[-91.0746,34.2871],[-91.0785,34.2834],[-91.0788,34.2827],[-91.0785,34.2806],[-91.0779,34.2801],[-91.0772,34.2797],[-91.0749,34.2796],[-91.0739,34.2789],[-91.0735,34.278],[-91.0763,34.271],[-91.0764,34.2691],[-91.0754,34.2666],[-91.0738,34.2653],[-91.0724,34.2646],[-91.0708,34.2644],[-91.0671,34.2646],[-91.0655,34.2642],[-91.0653,34.2635],[-91.0654,34.2631],[-91.0685,34.2621],[-91.0694,34.2609],[-91.0696,34.2601],[-91.0694,34.2593],[-91.0678,34.2578],[-91.0669,34.2572],[-91.0642,34.2563],[-91.0634,34.2558],[-91.0634,34.2548],[-91.066,34.2525],[-91.0689,34.2506],[-91.0705,34.25],[-91.0716,34.2499],[-91.0738,34.2503],[-91.076,34.2516],[-91.0759,34.253],[-91.0768,34.2553],[-91.0792,34.2583],[-91.0798,34.26],[-91.0806,34.2604],[-91.0831,34.26],[-91.0838,34.2603],[-91.0854,34.2615],[-91.0859,34.2614],[-91.0862,34.2606],[-91.0861,34.2601],[-91.0864,34.26],[-91.089,34.2612],[-91.093,34.2621],[-91.0943,34.2621],[-91.098,34.2595],[-91.1013,34.2581],[-91.1028,34.2578],[-91.1088,34.2581],[-91.1101,34.2585],[-91.1109,34.2593],[-91.1112,34.2605],[-91.111,34.2631],[-91.1108,34.2643],[-91.1103,34.2653],[-91.1092,34.2664],[-91.1084,34.2668],[-91.1047,34.2674],[-91.1029,34.2684],[-91.1015,34.2696],[-91.1008,34.2719],[-91.1017,34.2746],[-91.105,34.2812],[-91.1088,34.2862],[-91.11,34.2885],[-91.1106,34.2904],[-91.111,34.2924],[-91.1114,34.2983],[-91.1112,34.2999],[-91.1105,34.3022],[-91.1098,34.3031],[-91.1082,34.3035],[-91.1062,34.3029],[-91.1014,34.3004],[-91.0999,34.3001],[-91.0977,34.3003],[-91.0963,34.3015],[-91.0954,34.3066],[-91.0949,34.308],[-91.0937,34.3095],[-91.0915,34.3116],[-91.091,34.3122],[-91.091,34.3127],[-91.0914,34.3137],[-91.0926,34.314],[-91.0951,34.3121],[-91.0968,34.3117],[-91.0987,34.3116],[-91.1008,34.3121],[-91.1051,34.3142],[-91.1098,34.3153],[-91.1135,34.3156],[-91.1174,34.3152],[-91.1205,34.3153],[-91.1232,34.3164],[-91.1248,34.3177],[-91.1254,34.3184],[-91.1262,34.32],[-91.1265,34.3217],[-91.1264,34.3237],[-91.1255,34.3252],[-91.1216,34.3273],[-91.1207,34.3272],[-91.1192,34.3254],[-91.1172,34.3242],[-91.1135,34.3234],[-91.1115,34.3234],[-91.11,34.3237],[-91.1062,34.3254],[-91.1056,34.3262],[-91.1055,34.3273],[-91.1057,34.3288],[-91.1052,34.3299],[-91.1043,34.3306],[-91.1023,34.3314],[-91.0998,34.3328],[-91.0974,34.3329],[-91.097,34.3331],[-91.0968,34.3338],[-91.0971,34.3356],[-91.0964,34.3367],[-91.0924,34.3395],[-91.0924,34.3403],[-91.0952,34.3414],[-91.0966,34.343],[-91.0969,34.3435],[-91.0961,34.3444],[-91.0947,34.3447],[-91.093,34.3428],[-91.0924,34.3426],[-91.0909,34.3427],[-91.0902,34.343],[-91.0874,34.3452],[-91.0866,34.3454],[-91.0852,34.3453],[-91.0825,34.3443],[-91.0808,34.3447],[-91.0794,34.3454],[-91.0774,34.3472],[-91.0769,34.3474],[-91.0766,34.3472],[-91.0764,34.3466],[-91.0771,34.3444]]],[[[-91.0291,34.3539],[-91.0284,34.3549],[-91.0286,34.3552],[-91.0285,34.3566],[-91.0278,34.3552],[-91.028,34.3547],[-91.0291,34.3539]]],[[[-91.1279,34.3749],[-91.1284,34.3745],[-91.1289,34.3749],[-91.1285,34.3753],[-91.1279,34.3749]]],[[[-91.1162,34.3686],[-91.1113,34.3666],[-91.1069,34.3658],[-91.1056,34.3647],[-91.1051,34.3633],[-91.1057,34.3609],[-91.1088,34.3588],[-91.1099,34.3577],[-91.1107,34.3556],[-91.1101,34.3542],[-91.1109,34.3542],[-91.1101,34.3541],[-91.1082,34.3527],[-91.1062,34.352],[-91.0991,34.3514],[-91.0973,34.3509],[-91.0956,34.3491],[-91.0951,34.3477],[-91.0951,34.3454],[-91.0968,34.3443],[-91.097,34.3436],[-91.0968,34.3428],[-91.0954,34.3411],[-91.0927,34.3399],[-91.097,34.3364],[-91.0975,34.3355],[-91.0973,34.3337],[-91.0975,34.3333],[-91.0998,34.3332],[-91.1052,34.3304],[-91.1061,34.3289],[-91.1059,34.3276],[-91.1061,34.3261],[-91.1081,34.3247],[-91.1096,34.3241],[-91.1119,34.3237],[-91.1159,34.3241],[-91.118,34.325],[-91.1204,34.3274],[-91.1218,34.3276],[-91.1256,34.3257],[-91.1267,34.3237],[-91.1267,34.3208],[-91.1256,34.318],[-91.1229,34.3156],[-91.1219,34.3153],[-91.1187,34.3148],[-91.1136,34.3153],[-91.1086,34.3148],[-91.1066,34.3143],[-91.1007,34.3116],[-91.0993,34.3113],[-91.0961,34.3115],[-91.0941,34.3123],[-91.0929,34.3134],[-91.0922,34.3137],[-91.0918,34.3135],[-91.0915,34.313],[-91.0915,34.3124],[-91.0939,34.3099],[-91.0954,34.3079],[-91.096,34.3063],[-91.0966,34.3019],[-91.0975,34.3009],[-91.0979,34.3006],[-91.0989,34.3004],[-91.1015,34.3009],[-91.1058,34.3031],[-91.1078,34.3038],[-91.1093,34.3037],[-91.1105,34.303],[-91.1109,34.3024],[-91.1117,34.2991],[-91.1115,34.2963],[-91.1117,34.2955],[-91.1119,34.2955],[-91.1117,34.2955],[-91.1115,34.2935],[-91.1123,34.2951],[-91.112,34.2955],[-91.1201,34.2956],[-91.1201,34.2993],[-91.1246,34.2993],[-91.1246,34.3068],[-91.1289,34.3068],[-91.1289,34.314],[-91.1334,34.314],[-91.1333,34.3179],[-91.1376,34.3179],[-91.1375,34.3252],[-91.1276,34.325],[-91.1251,34.3268],[-91.1226,34.328],[-91.121,34.3293],[-91.1204,34.3308],[-91.1198,34.331],[-91.1198,34.3343],[-91.1243,34.3343],[-91.1241,34.3397],[-91.1196,34.3397],[-91.1196,34.3468],[-91.1283,34.347],[-91.1281,34.3543],[-91.1282,34.358],[-91.1327,34.3581],[-91.1326,34.3616],[-91.1262,34.3616],[-91.1261,34.3543],[-91.1195,34.3543],[-91.1194,34.3616],[-91.1217,34.3616],[-91.1229,34.3653],[-91.1233,34.3678],[-91.123,34.3682],[-91.123,34.3685],[-91.1282,34.3639],[-91.1283,34.3662],[-91.1291,34.3662],[-91.1301,34.3711],[-91.1261,34.3733],[-91.1232,34.3753],[-91.1198,34.3714],[-91.1162,34.3686]]],[[[-91.1285,34.3753],[-91.129,34.3749],[-91.1296,34.3753],[-91.1291,34.3758],[-91.1285,34.3753]]],[[[-91.1274,34.3754],[-91.1279,34.375],[-91.1284,34.3754],[-91.128,34.3758],[-91.1274,34.3754]]],[[[-91.128,34.3758],[-91.1285,34.3754],[-91.1291,34.3758],[-91.1286,34.3763],[-91.128,34.3758]]],[[[-91.1307,34.3769],[-91.1311,34.3764],[-91.1317,34.3768],[-91.1313,34.3773],[-91.1307,34.3769]]],[[[-91.0261,34.3698],[-91.0269,34.369],[-91.0275,34.3698],[-91.0276,34.3696],[-91.0274,34.3686],[-91.0266,34.368],[-91.0263,34.3675],[-91.0262,34.3664],[-91.0266,34.3663],[-91.0277,34.3666],[-91.0285,34.3658],[-91.0286,34.3732],[-91.0275,34.3729],[-91.0275,34.3712],[-91.0261,34.3705],[-91.0259,34.3702],[-91.0261,34.3698]]],[[[-91.1313,34.3773],[-91.1318,34.3769],[-91.1323,34.3773],[-91.1319,34.3777],[-91.1313,34.3773]]],[[[-91.1302,34.3773],[-91.1306,34.3769],[-91.1312,34.3773],[-91.1308,34.3778],[-91.1302,34.3773]]],[[[-91.1308,34.3778],[-91.1313,34.3774],[-91.1318,34.3778],[-91.1314,34.3782],[-91.1308,34.3778]]],[[[-91.1263,34.3765],[-91.1273,34.3756],[-91.1286,34.3766],[-91.1298,34.3755],[-91.1309,34.3763],[-91.1284,34.3787],[-91.1257,34.3771],[-91.1263,34.3765]]],[[[-91.0229,34.3756],[-91.0224,34.3753],[-91.0219,34.3735],[-91.0209,34.3718],[-91.0206,34.3707],[-91.0212,34.37],[-91.0219,34.3704],[-91.0223,34.3722],[-91.0229,34.3731],[-91.0256,34.375],[-91.0271,34.3755],[-91.0286,34.3742],[-91.0283,34.3812],[-91.0177,34.3811],[-91.0195,34.3789],[-91.0214,34.3787],[-91.0226,34.3781],[-91.0235,34.3772],[-91.0238,34.3768],[-91.0237,34.3762],[-91.0229,34.3756]]],[[[-91.0122,34.381],[-91.0129,34.3809],[-91.013,34.381],[-91.0122,34.381]]],[[[-91.0122,34.381],[-91.0039,34.3809],[-91.0041,34.3804],[-91.0039,34.3797],[-91.0048,34.3797],[-91.0043,34.3785],[-91.0038,34.3784],[-91.0055,34.3779],[-91.0065,34.3787],[-91.007,34.3776],[-91.0076,34.3781],[-91.0083,34.3775],[-91.0093,34.3787],[-91.01,34.3787],[-91.0109,34.3778],[-91.0108,34.3763],[-91.0109,34.376],[-91.0111,34.376],[-91.0118,34.3772],[-91.0116,34.3784],[-91.0122,34.3793],[-91.0119,34.3803],[-91.0122,34.381]]],[[[-91.0768,34.2499],[-91.0767,34.2508],[-91.0736,34.249],[-91.0719,34.2487],[-91.0698,34.249],[-91.0673,34.2501],[-91.0647,34.252],[-91.0622,34.2545],[-91.0619,34.2555],[-91.0623,34.257],[-91.0629,34.257],[-91.0664,34.2582],[-91.0678,34.2594],[-91.068,34.2604],[-91.0677,34.2611],[-91.0649,34.262],[-91.0639,34.2631],[-91.0634,34.2639],[-91.0638,34.2653],[-91.0644,34.2659],[-91.0653,34.2662],[-91.0671,34.2658],[-91.067,34.2673],[-91.0671,34.2658],[-91.0703,34.2655],[-91.0715,34.2656],[-91.0729,34.2663],[-91.0743,34.2677],[-91.0748,34.2688],[-91.075,34.2698],[-91.0735,34.274],[-91.0726,34.2758],[-91.0723,34.278],[-91.0728,34.2795],[-91.0738,34.2805],[-91.0758,34.2804],[-91.0766,34.2806],[-91.0773,34.2816],[-91.0769,34.2825],[-91.0741,34.2854],[-91.0733,34.2867],[-91.0729,34.2879],[-91.0728,34.2891],[-91.0731,34.293],[-91.0729,34.295],[-91.0722,34.2966],[-91.0712,34.2975],[-91.0705,34.2979],[-91.0685,34.2979],[-91.0672,34.2975],[-91.066,34.2964],[-91.0653,34.2951],[-91.0654,34.2937],[-91.0671,34.2913],[-91.0672,34.2904],[-91.067,34.2891],[-91.0654,34.2873],[-91.0646,34.2869],[-91.0621,34.2864],[-91.0606,34.2865],[-91.0587,34.2875],[-91.0576,34.289],[-91.0573,34.2908],[-91.0576,34.2916],[-91.0607,34.297],[-91.0609,34.298],[-91.0602,34.3015],[-91.0599,34.3048],[-91.0602,34.306],[-91.0611,34.3072],[-91.064,34.3103],[-91.0642,34.311],[-91.0637,34.3115],[-91.0631,34.3116],[-91.0618,34.3112],[-91.0581,34.3092],[-91.0571,34.3089],[-91.0549,34.3089],[-91.0537,34.3093],[-91.0524,34.3104],[-91.0516,34.3127],[-91.0516,34.3144],[-91.0525,34.3167],[-91.0531,34.3175],[-91.0546,34.3185],[-91.0565,34.3191],[-91.0584,34.3191],[-91.0624,34.318],[-91.0632,34.3181],[-91.0639,34.3186],[-91.0638,34.3194],[-91.0625,34.3202],[-91.0592,34.3212],[-91.0549,34.3213],[-91.0538,34.3216],[-91.0526,34.3223],[-91.0513,34.324],[-91.051,34.3246],[-91.0513,34.3252],[-91.0511,34.3254],[-91.0481,34.3263],[-91.0461,34.3274],[-91.0458,34.3273],[-91.0458,34.3267],[-91.0453,34.3262],[-91.0419,34.3269],[-91.0413,34.3274],[-91.0407,34.3286],[-91.0389,34.3295],[-91.0377,34.3311],[-91.0362,34.3319],[-91.0362,34.3327],[-91.0377,34.3331],[-91.0376,34.3342],[-91.038,34.3354],[-91.0378,34.3359],[-91.037,34.3366],[-91.035,34.3369],[-91.0349,34.3376],[-91.0356,34.3383],[-91.0354,34.3394],[-91.035,34.3396],[-91.0345,34.3394],[-91.034,34.3383],[-91.0335,34.338],[-91.0325,34.338],[-91.0319,34.3383],[-91.0312,34.3395],[-91.0311,34.3401],[-91.0313,34.341],[-91.0299,34.3413],[-91.0312,34.3413],[-91.0315,34.3417],[-91.0315,34.3409],[-91.0322,34.3406],[-91.0336,34.3404],[-91.0341,34.3407],[-91.0329,34.3419],[-91.0323,34.3453],[-91.031,34.3461],[-91.0285,34.3468],[-91.027,34.3486],[-91.0268,34.3497],[-91.0284,34.3506],[-91.029,34.3518],[-91.0291,34.3527],[-91.0287,34.3536],[-91.0277,34.3546],[-91.0273,34.3555],[-91.0274,34.3566],[-91.0285,34.3577],[-91.0285,34.3654],[-91.028,34.3657],[-91.0277,34.3662],[-91.0264,34.366],[-91.026,34.3661],[-91.0255,34.3671],[-91.025,34.3669],[-91.0245,34.3672],[-91.0255,34.3683],[-91.0256,34.368],[-91.0255,34.3676],[-91.0258,34.3674],[-91.0264,34.3683],[-91.0263,34.3692],[-91.0254,34.3703],[-91.0256,34.3706],[-91.0271,34.3713],[-91.027,34.3732],[-91.0286,34.3736],[-91.0273,34.3751],[-91.0268,34.3753],[-91.0263,34.3751],[-91.0245,34.3738],[-91.0234,34.3733],[-91.0228,34.3725],[-91.0221,34.3702],[-91.0216,34.3697],[-91.0209,34.3697],[-91.0203,34.3701],[-91.0201,34.3706],[-91.0205,34.3719],[-91.0217,34.3737],[-91.0222,34.3754],[-91.0234,34.3766],[-91.023,34.3773],[-91.0217,34.3783],[-91.0209,34.3787],[-91.0193,34.3786],[-91.0172,34.3811],[-91.0133,34.381],[-91.0133,34.3806],[-91.0123,34.3807],[-91.0122,34.3801],[-91.0125,34.3793],[-91.0124,34.379],[-91.0118,34.3785],[-91.012,34.3771],[-91.0114,34.3757],[-91.0108,34.3755],[-91.0104,34.3759],[-91.0106,34.3778],[-91.0098,34.3785],[-91.0092,34.3782],[-91.0086,34.3772],[-91.0081,34.3772],[-91.0078,34.3776],[-91.0071,34.3772],[-91.0067,34.3775],[-91.0064,34.3783],[-91.0057,34.3776],[-91.0035,34.3783],[-91.0034,34.3787],[-91.0041,34.3787],[-91.0046,34.3793],[-91.0044,34.3795],[-91.0038,34.3793],[-91.0035,34.3795],[-91.0037,34.3809],[-90.9987,34.3808],[-91.0022,34.3782],[-91.0021,34.3807],[-91.0022,34.3782],[-91.011,34.3708],[-91.0187,34.3567],[-91.0223,34.3397],[-91.0243,34.3364],[-91.0295,34.3296],[-91.0341,34.3246],[-91.0502,34.312],[-91.0543,34.2932],[-91.0563,34.2932],[-91.0577,34.2867],[-91.0559,34.2865],[-91.0584,34.2745],[-91.0592,34.2496],[-91.0599,34.219],[-91.0611,34.2204],[-91.0646,34.2229],[-91.0655,34.2242],[-91.0668,34.2315],[-91.065,34.2352],[-91.0642,34.2378],[-91.0648,34.2393],[-91.0657,34.2406],[-91.0671,34.2415],[-91.073,34.2434],[-91.0758,34.2451],[-91.0769,34.2466],[-91.0768,34.2499]]],[[[-91.0987,34.4344],[-91.0987,34.4344],[-91.0987,34.4344],[-91.0987,34.4344]]],[[[-91.0987,34.4344],[-91.0987,34.4344],[-91.0987,34.4344],[-91.0987,34.4344]]],[[[-91.1925,34.4392],[-91.1916,34.439],[-91.1895,34.4394],[-91.1883,34.44],[-91.1868,34.4411],[-91.1858,34.4423],[-91.1734,34.4421],[-91.1701,34.4395],[-91.1701,34.4368],[-91.1706,34.4353],[-91.1711,34.4344],[-91.1708,34.4334],[-91.17,34.4325],[-91.169,34.4321],[-91.1676,34.4324],[-91.1651,34.4348],[-91.1646,34.435],[-91.1628,34.4352],[-91.161,34.4344],[-91.1611,34.4272],[-91.16,34.4272],[-91.1598,34.426],[-91.1587,34.4246],[-91.1571,34.4229],[-91.1548,34.4216],[-91.1543,34.4211],[-91.1541,34.4205],[-91.1542,34.4198],[-91.1552,34.4186],[-91.1572,34.418],[-91.1595,34.4182],[-91.1636,34.4194],[-91.1647,34.4193],[-91.1666,34.4187],[-91.1673,34.4181],[-91.1678,34.4165],[-91.1677,34.4136],[-91.1705,34.4137],[-91.1702,34.4208],[-91.1879,34.4208],[-91.1876,34.4279],[-91.1967,34.4281],[-91.1966,34.4313],[-91.192,34.4313],[-91.1919,34.435],[-91.2051,34.4354],[-91.2049,34.4449],[-91.2025,34.4448],[-91.2007,34.4443],[-91.1988,34.4432],[-91.1958,34.4406],[-91.1925,34.4392]]],[[[-91.2224,34.4485],[-91.2223,34.4507],[-91.2212,34.4507],[-91.2206,34.4487],[-91.2224,34.4485]]],[[[-91.2636,34.511],[-91.2665,34.5079],[-91.2674,34.5067],[-91.2678,34.5034],[-91.2675,34.5027],[-91.2666,34.5019],[-91.2639,34.5008],[-91.2619,34.5008],[-91.2563,34.5028],[-91.255,34.5029],[-91.2532,34.5027],[-91.2518,34.5014],[-91.2513,34.5004],[-91.2514,34.4994],[-91.2521,34.4979],[-91.2551,34.4949],[-91.2557,34.494],[-91.2562,34.4925],[-91.2562,34.4911],[-91.2559,34.4901],[-91.2545,34.4878],[-91.2553,34.4875],[-91.2559,34.4886],[-91.2566,34.4885],[-91.2565,34.4921],[-91.2609,34.4922],[-91.2609,34.4854],[-91.2612,34.4854],[-91.2616,34.4841],[-91.2503,34.4838],[-91.2502,34.4863],[-91.2483,34.4863],[-91.2442,34.4873],[-91.2422,34.4873],[-91.2405,34.4868],[-91.2392,34.4861],[-91.2376,34.4849],[-91.2344,34.4812],[-91.233,34.4801],[-91.2312,34.4791],[-91.2293,34.4787],[-91.2271,34.4787],[-91.2255,34.4789],[-91.2218,34.4803],[-91.2221,34.4725],[-91.2166,34.4724],[-91.2168,34.4711],[-91.2173,34.4694],[-91.2179,34.4686],[-91.2193,34.4673],[-91.2229,34.4649],[-91.2237,34.4635],[-91.2238,34.4627],[-91.2234,34.4617],[-91.2251,34.4609],[-91.225,34.4606],[-91.2231,34.4611],[-91.2227,34.4604],[-91.2218,34.4598],[-91.2184,34.4591],[-91.2143,34.4599],[-91.2124,34.4599],[-91.2093,34.458],[-91.2074,34.4558],[-91.207,34.4545],[-91.2071,34.4538],[-91.2078,34.4523],[-91.2091,34.4514],[-91.2102,34.451],[-91.2115,34.4509],[-91.2131,34.4513],[-91.2148,34.4523],[-91.2181,34.4547],[-91.2202,34.4549],[-91.2212,34.4566],[-91.2221,34.4577],[-91.2398,34.4579],[-91.2392,34.4696],[-91.2393,34.4766],[-91.2478,34.4766],[-91.2478,34.473],[-91.257,34.473],[-91.2568,34.4802],[-91.2521,34.4802],[-91.2521,34.482],[-91.2654,34.4823],[-91.2654,34.4806],[-91.2697,34.4806],[-91.2697,34.4882],[-91.2741,34.4884],[-91.2741,34.4887],[-91.2829,34.4887],[-91.2828,34.4993],[-91.2872,34.4994],[-91.287,34.503],[-91.2826,34.5029],[-91.2824,34.5101],[-91.2868,34.5102],[-91.2867,34.5179],[-91.2891,34.5188],[-91.2895,34.5191],[-91.2893,34.5192],[-91.291,34.5209],[-91.2909,34.5215],[-91.2904,34.522],[-91.2885,34.5199],[-91.2848,34.5184],[-91.2839,34.5179],[-91.2779,34.5178],[-91.278,34.5106],[-91.2763,34.5105],[-91.2749,34.5121],[-91.2736,34.5128],[-91.2733,34.5213],[-91.2628,34.5212],[-91.2628,34.5189],[-91.2619,34.5162],[-91.2619,34.5148],[-91.2624,34.5129],[-91.2636,34.511]]],[[[-91.2944,34.5801],[-91.2945,34.5763],[-91.3068,34.5765],[-91.3067,34.5795],[-91.3037,34.5784],[-91.2987,34.5788],[-91.2978,34.5792],[-91.2974,34.5798],[-91.2959,34.5843],[-91.2952,34.5886],[-91.2945,34.588],[-91.2944,34.5801]]],[[[-91.3195,34.5997],[-91.3167,34.5991],[-91.3082,34.5988],[-91.3073,34.5986],[-91.3063,34.5977],[-91.3059,34.5968],[-91.3059,34.5954],[-91.3084,34.5912],[-91.3096,34.5871],[-91.3099,34.5868],[-91.3102,34.5869],[-91.3097,34.5866],[-91.3099,34.5837],[-91.3197,34.5837],[-91.3196,34.5879],[-91.3286,34.5882],[-91.3285,34.6043],[-91.3227,34.6009],[-91.3195,34.5997]]],[[[-91.3074,34.6755],[-91.3075,34.6721],[-91.3079,34.6721],[-91.3067,34.672],[-91.3069,34.6649],[-91.2928,34.6645],[-91.293,34.6497],[-91.2845,34.6499],[-91.2844,34.6423],[-91.2757,34.6422],[-91.2756,34.6176],[-91.2797,34.6187],[-91.282,34.6185],[-91.2834,34.6179],[-91.2849,34.6171],[-91.2905,34.6114],[-91.2927,34.6096],[-91.2936,34.6084],[-91.2947,34.6078],[-91.2952,34.6065],[-91.2954,34.6047],[-91.2949,34.6036],[-91.2933,34.6019],[-91.2917,34.6012],[-91.2858,34.6004],[-91.2861,34.5912],[-91.2743,34.5908],[-91.2737,34.5896],[-91.2725,34.5882],[-91.2724,34.5799],[-91.2682,34.5799],[-91.2681,34.5836],[-91.2547,34.5832],[-91.2546,34.5757],[-91.2533,34.5757],[-91.256,34.5749],[-91.258,34.5749],[-91.2594,34.5757],[-91.2594,34.5745],[-91.26,34.5743],[-91.2605,34.5733],[-91.2594,34.5733],[-91.2594,34.5719],[-91.2411,34.5718],[-91.2411,34.5754],[-91.2297,34.5753],[-91.2297,34.5772],[-91.2286,34.5772],[-91.2286,34.5753],[-91.2099,34.5751],[-91.21,34.5678],[-91.2057,34.5678],[-91.2057,34.5607],[-91.1918,34.5605],[-91.1919,34.5569],[-91.1874,34.5568],[-91.1875,34.5533],[-91.1918,34.5533],[-91.1919,34.5461],[-91.1829,34.546],[-91.183,34.5423],[-91.1918,34.5424],[-91.192,34.5389],[-91.2093,34.539],[-91.209,34.5462],[-91.2162,34.5463],[-91.2187,34.5463],[-91.2187,34.5445],[-91.2193,34.5445],[-91.2193,34.5427],[-91.2187,34.5426],[-91.2187,34.539],[-91.2123,34.539],[-91.212,34.5386],[-91.2127,34.5384],[-91.2125,34.5383],[-91.211,34.538],[-91.2099,34.538],[-91.2092,34.5377],[-91.209,34.5372],[-91.2093,34.5356],[-91.2092,34.5329],[-91.2099,34.5301],[-91.2098,34.5286],[-91.2095,34.5277],[-91.2094,34.5254],[-91.2114,34.5213],[-91.2105,34.5202],[-91.21,34.52],[-91.2088,34.5201],[-91.206,34.5213],[-91.2029,34.5218],[-91.2007,34.5228],[-91.197,34.5228],[-91.1929,34.5237],[-91.1909,34.5234],[-91.189,34.5224],[-91.187,34.5209],[-91.1855,34.5188],[-91.1832,34.5084],[-91.1836,34.5032],[-91.1829,34.4989],[-91.1828,34.4965],[-91.183,34.4943],[-91.1838,34.4916],[-91.1839,34.4898],[-91.1834,34.4878],[-91.1823,34.4859],[-91.1803,34.4845],[-91.1771,34.4836],[-91.1724,34.4835],[-91.1714,34.4831],[-91.1712,34.4827],[-91.1718,34.482],[-91.1734,34.4809],[-91.1768,34.4802],[-91.1796,34.4779],[-91.1809,34.4775],[-91.1843,34.4774],[-91.1844,34.4776],[-91.1848,34.4776],[-91.186,34.4773],[-91.1873,34.476],[-91.1884,34.474],[-91.1887,34.4722],[-91.1881,34.4701],[-91.1864,34.4684],[-91.184,34.467],[-91.1811,34.466],[-91.1792,34.4661],[-91.1777,34.4677],[-91.1777,34.4684],[-91.1792,34.4668],[-91.1798,34.4666],[-91.1811,34.4667],[-91.1847,34.4683],[-91.1859,34.4691],[-91.187,34.4703],[-91.1874,34.4713],[-91.1875,34.4726],[-91.1872,34.4739],[-91.1864,34.4754],[-91.1858,34.4759],[-91.1839,34.4767],[-91.1804,34.4771],[-91.1795,34.4775],[-91.1762,34.4799],[-91.1734,34.4804],[-91.1725,34.4799],[-91.1726,34.4791],[-91.1722,34.4797],[-91.1727,34.4805],[-91.1705,34.4825],[-91.1701,34.4824],[-91.1687,34.4815],[-91.1696,34.4824],[-91.1704,34.4829],[-91.171,34.4836],[-91.1718,34.4841],[-91.1777,34.4846],[-91.1801,34.4853],[-91.1814,34.4864],[-91.1821,34.4878],[-91.1803,34.4878],[-91.1801,34.4978],[-91.1797,34.4978],[-91.1792,34.4964],[-91.1786,34.4964],[-91.1784,34.4978],[-91.176,34.4979],[-91.1761,34.4943],[-91.1717,34.4943],[-91.1717,34.4907],[-91.1629,34.4907],[-91.163,34.4871],[-91.1591,34.4869],[-91.159,34.4906],[-91.1503,34.4904],[-91.1504,34.4867],[-91.1416,34.4865],[-91.1417,34.483],[-91.1377,34.4829],[-91.1378,34.4792],[-91.1333,34.479],[-91.1333,34.4756],[-91.1247,34.4753],[-91.1248,34.4718],[-91.1203,34.4718],[-91.1204,34.4635],[-91.1247,34.4635],[-91.1248,34.4598],[-91.1117,34.4596],[-91.1118,34.4416],[-91.1031,34.4413],[-91.1031,34.4377],[-91.0987,34.4376],[-91.0989,34.435],[-91.0952,34.4315],[-91.0913,34.427],[-91.0881,34.4237],[-91.0838,34.4268],[-91.0816,34.4268],[-91.0817,34.4124],[-91.0772,34.4123],[-91.0774,34.3903],[-91.0709,34.3902],[-91.0692,34.3887],[-91.0695,34.3885],[-91.067,34.3864],[-91.0691,34.385],[-91.0679,34.3841],[-91.0682,34.3839],[-91.0674,34.3833],[-91.0672,34.3835],[-91.0658,34.3823],[-91.0643,34.3836],[-91.0635,34.383],[-91.0617,34.3846],[-91.0588,34.3818],[-91.0566,34.38],[-91.0551,34.3791],[-91.0498,34.3736],[-91.0506,34.373],[-91.0508,34.3655],[-91.0559,34.3656],[-91.0561,34.3581],[-91.0378,34.358],[-91.038,34.3509],[-91.0291,34.3507],[-91.0281,34.3499],[-91.0276,34.349],[-91.0276,34.3484],[-91.0288,34.3471],[-91.0323,34.346],[-91.0328,34.3463],[-91.0327,34.346],[-91.0331,34.3425],[-91.0345,34.3412],[-91.0346,34.3406],[-91.0337,34.3401],[-91.0318,34.34],[-91.0316,34.3397],[-91.0319,34.3389],[-91.0326,34.3383],[-91.0334,34.3383],[-91.0338,34.3387],[-91.0339,34.3393],[-91.0347,34.3399],[-91.0356,34.3398],[-91.036,34.338],[-91.0355,34.3371],[-91.0364,34.3371],[-91.0377,34.3366],[-91.0384,34.3356],[-91.0381,34.3342],[-91.0382,34.3329],[-91.0368,34.3324],[-91.0367,34.332],[-91.0377,34.3315],[-91.039,34.33],[-91.0409,34.3289],[-91.0416,34.3275],[-91.045,34.3266],[-91.0454,34.3268],[-91.0453,34.3276],[-91.046,34.3278],[-91.0487,34.3264],[-91.0512,34.3259],[-91.0519,34.3254],[-91.0515,34.3244],[-91.0521,34.3235],[-91.0529,34.3244],[-91.0522,34.3263],[-91.0528,34.3265],[-91.0543,34.3243],[-91.0553,34.3252],[-91.0557,34.326],[-91.0556,34.3271],[-91.0524,34.3318],[-91.0524,34.3332],[-91.0533,34.3352],[-91.0539,34.3359],[-91.056,34.3375],[-91.0568,34.3378],[-91.0568,34.3382],[-91.0594,34.3397],[-91.0586,34.342],[-91.0589,34.3438],[-91.0615,34.3472],[-91.0634,34.351],[-91.0633,34.3534],[-91.0626,34.355],[-91.0595,34.3589],[-91.0587,34.3602],[-91.0584,34.3615],[-91.0584,34.3626],[-91.0603,34.3677],[-91.0604,34.3687],[-91.0603,34.37],[-91.0596,34.3728],[-91.0594,34.3744],[-91.0595,34.3751],[-91.0604,34.3772],[-91.0614,34.3787],[-91.0633,34.3804],[-91.0652,34.3816],[-91.0659,34.381],[-91.0633,34.3795],[-91.0612,34.3771],[-91.0607,34.376],[-91.0602,34.3735],[-91.061,34.3699],[-91.0615,34.3705],[-91.0613,34.3719],[-91.0617,34.3748],[-91.0626,34.3723],[-91.0627,34.37],[-91.0623,34.3688],[-91.0602,34.3647],[-91.0595,34.3616],[-91.0599,34.3598],[-91.0623,34.357],[-91.0626,34.357],[-91.0612,34.3587],[-91.0605,34.3602],[-91.0603,34.3617],[-91.0604,34.3618],[-91.0615,34.3602],[-91.0635,34.3582],[-91.0644,34.3565],[-91.0648,34.355],[-91.0649,34.3522],[-91.0643,34.3495],[-91.0629,34.3467],[-91.0606,34.3438],[-91.0598,34.3422],[-91.0601,34.341],[-91.0603,34.3409],[-91.0607,34.3414],[-91.061,34.3409],[-91.0614,34.3408],[-91.0618,34.3396],[-91.0668,34.3397],[-91.0665,34.3392],[-91.0653,34.3386],[-91.0651,34.338],[-91.0653,34.3378],[-91.0675,34.3381],[-91.0694,34.3407],[-91.0701,34.3414],[-91.0715,34.342],[-91.0737,34.3425],[-91.0754,34.3435],[-91.0758,34.3445],[-91.0751,34.3466],[-91.075,34.3474],[-91.0756,34.3483],[-91.0768,34.349],[-91.0774,34.349],[-91.0785,34.3483],[-91.0793,34.3485],[-91.0794,34.348],[-91.079,34.3478],[-91.0792,34.3474],[-91.0798,34.3465],[-91.0814,34.3455],[-91.0824,34.3457],[-91.0843,34.3464],[-91.0862,34.3466],[-91.088,34.3461],[-91.0906,34.3441],[-91.0913,34.344],[-91.0925,34.3442],[-91.0932,34.3449],[-91.0933,34.3474],[-91.094,34.3495],[-91.0944,34.3503],[-91.0962,34.3518],[-91.0977,34.3524],[-91.1053,34.353],[-91.1074,34.3536],[-91.1083,34.3544],[-91.1088,34.3552],[-91.1089,34.3564],[-91.1079,34.3579],[-91.1049,34.3599],[-91.1037,34.3614],[-91.1031,34.3631],[-91.1031,34.3639],[-91.1039,34.3654],[-91.1054,34.3666],[-91.1065,34.3671],[-91.113,34.3687],[-91.1158,34.3701],[-91.1171,34.371],[-91.1218,34.3761],[-91.1242,34.3781],[-91.1254,34.3788],[-91.129,34.3801],[-91.1299,34.3811],[-91.1298,34.3818],[-91.1286,34.3849],[-91.1286,34.3856],[-91.1294,34.387],[-91.131,34.389],[-91.1323,34.3913],[-91.1334,34.3926],[-91.133,34.3929],[-91.1329,34.3935],[-91.1334,34.3951],[-91.1326,34.3954],[-91.1318,34.3975],[-91.1326,34.3999],[-91.1346,34.4019],[-91.1348,34.4026],[-91.1343,34.4035],[-91.1326,34.4041],[-91.1301,34.4036],[-91.1316,34.4041],[-91.1328,34.4042],[-91.134,34.4038],[-91.1349,34.4028],[-91.1349,34.4024],[-91.1346,34.4017],[-91.1325,34.3997],[-91.1321,34.3979],[-91.1321,34.3973],[-91.1328,34.3955],[-91.1336,34.3953],[-91.1331,34.3937],[-91.1337,34.3929],[-91.1348,34.3942],[-91.1351,34.3952],[-91.1344,34.3992],[-91.1346,34.4006],[-91.1357,34.4022],[-91.1366,34.4028],[-91.1383,34.4035],[-91.1394,34.4036],[-91.1447,34.4023],[-91.1463,34.4022],[-91.1488,34.4027],[-91.1516,34.404],[-91.1536,34.4071],[-91.1556,34.4087],[-91.1576,34.4095],[-91.1584,34.4094],[-91.1614,34.41],[-91.1637,34.411],[-91.1652,34.4125],[-91.1661,34.4144],[-91.1665,34.4164],[-91.1661,34.4173],[-91.1656,34.4177],[-91.1645,34.4181],[-91.1626,34.4179],[-91.158,34.4163],[-91.1569,34.4162],[-91.155,34.4166],[-91.1538,34.4171],[-91.1526,34.4183],[-91.1523,34.4196],[-91.1523,34.4209],[-91.1528,34.4219],[-91.1534,34.4224],[-91.157,34.4246],[-91.1582,34.4264],[-91.1586,34.4283],[-91.1582,34.4314],[-91.1583,34.433],[-91.1589,34.4344],[-91.1602,34.4358],[-91.1619,34.4365],[-91.1638,34.4365],[-91.1653,34.4362],[-91.1666,34.4352],[-91.1679,34.4336],[-91.1686,34.4334],[-91.1689,34.4337],[-91.169,34.4348],[-91.1684,34.4388],[-91.1685,34.4396],[-91.1691,34.4407],[-91.1725,34.4436],[-91.173,34.445],[-91.1726,34.4472],[-91.1734,34.4502],[-91.1739,34.451],[-91.1754,34.452],[-91.178,34.4526],[-91.1797,34.4526],[-91.1817,34.4516],[-91.1844,34.4483],[-91.1883,34.4416],[-91.1895,34.4411],[-91.1908,34.4408],[-91.1925,34.4407],[-91.1941,34.4413],[-91.1964,34.4436],[-91.1992,34.4455],[-91.2007,34.446],[-91.2032,34.4463],[-91.2058,34.446],[-91.2115,34.4431],[-91.2145,34.442],[-91.2161,34.4421],[-91.2178,34.4434],[-91.2184,34.4447],[-91.2187,34.4483],[-91.2192,34.4495],[-91.2196,34.4515],[-91.2201,34.4523],[-91.2203,34.453],[-91.22,34.4534],[-91.2192,34.4537],[-91.2187,34.4535],[-91.2152,34.4511],[-91.2133,34.4502],[-91.2122,34.4498],[-91.2105,34.4497],[-91.2078,34.4505],[-91.2064,34.4519],[-91.2055,34.4537],[-91.2054,34.4555],[-91.2059,34.457],[-91.2076,34.4589],[-91.2098,34.4604],[-91.2125,34.4612],[-91.2179,34.4603],[-91.2199,34.4604],[-91.2217,34.4615],[-91.2206,34.4619],[-91.2208,34.4625],[-91.2223,34.4621],[-91.2224,34.4625],[-91.2218,34.464],[-91.2189,34.4657],[-91.2167,34.4675],[-91.2155,34.4691],[-91.2148,34.4708],[-91.214,34.4741],[-91.2132,34.476],[-91.2124,34.477],[-91.2089,34.4798],[-91.2081,34.4807],[-91.2082,34.4828],[-91.2092,34.4841],[-91.2134,34.4871],[-91.2151,34.4876],[-91.2177,34.4878],[-91.2188,34.4875],[-91.2199,34.4865],[-91.2214,34.4833],[-91.2231,34.4814],[-91.225,34.4803],[-91.2259,34.4801],[-91.2283,34.4801],[-91.2309,34.4808],[-91.2324,34.4817],[-91.2337,34.4828],[-91.237,34.4865],[-91.2385,34.4877],[-91.2401,34.4883],[-91.242,34.4887],[-91.2434,34.4886],[-91.2495,34.4874],[-91.2517,34.488],[-91.2541,34.4899],[-91.2545,34.4913],[-91.2545,34.4928],[-91.2536,34.4945],[-91.251,34.4974],[-91.2498,34.4994],[-91.2497,34.5008],[-91.25,34.5017],[-91.2507,34.5029],[-91.2529,34.5042],[-91.2543,34.5044],[-91.2579,34.5037],[-91.2607,34.5026],[-91.263,34.5024],[-91.2648,34.5029],[-91.266,34.5047],[-91.2661,34.5058],[-91.2658,34.5066],[-91.2621,34.51],[-91.261,34.5114],[-91.2602,34.5134],[-91.2599,34.5169],[-91.2609,34.5198],[-91.2612,34.5217],[-91.2593,34.5252],[-91.2595,34.5265],[-91.2602,34.5273],[-91.2625,34.5285],[-91.2629,34.5282],[-91.2706,34.528],[-91.2763,34.5312],[-91.2793,34.5317],[-91.2819,34.5316],[-91.286,34.5306],[-91.2892,34.5302],[-91.2922,34.5304],[-91.294,34.5307],[-91.298,34.5321],[-91.2991,34.5326],[-91.3004,34.5338],[-91.3007,34.535],[-91.3004,34.536],[-91.2973,34.5392],[-91.2937,34.5422],[-91.2922,34.5447],[-91.2934,34.5505],[-91.2914,34.5558],[-91.2904,34.5596],[-91.2902,34.5617],[-91.2686,34.5614],[-91.2683,34.576],[-91.2864,34.5762],[-91.2861,34.5833],[-91.2854,34.5856],[-91.2854,34.5884],[-91.286,34.5899],[-91.2868,34.5909],[-91.289,34.5922],[-91.2908,34.5926],[-91.293,34.5927],[-91.2946,34.5924],[-91.2958,34.5915],[-91.2966,34.5906],[-91.2971,34.5887],[-91.2972,34.5834],[-91.2978,34.5814],[-91.2987,34.5804],[-91.3,34.5797],[-91.3017,34.5794],[-91.3035,34.5796],[-91.3051,34.5801],[-91.3066,34.5811],[-91.307,34.5817],[-91.3075,34.5828],[-91.3076,34.5846],[-91.3074,34.5875],[-91.3069,34.5902],[-91.3058,34.5931],[-91.3043,34.5955],[-91.3044,34.5976],[-91.3052,34.5989],[-91.3067,34.6001],[-91.308,34.6004],[-91.3146,34.6007],[-91.3197,34.6018],[-91.3197,34.6066],[-91.3197,34.6018],[-91.3228,34.6029],[-91.3267,34.6052],[-91.3293,34.6062],[-91.3309,34.6076],[-91.3314,34.6095],[-91.3338,34.6136],[-91.3356,34.6151],[-91.34,34.6168],[-91.3405,34.6173],[-91.3406,34.6182],[-91.3404,34.6191],[-91.3398,34.6202],[-91.3378,34.6226],[-91.336,34.6242],[-91.3356,34.6251],[-91.3281,34.6249],[-91.328,34.6285],[-91.3347,34.6286],[-91.3346,34.6296],[-91.3258,34.6294],[-91.3255,34.6348],[-91.3338,34.6351],[-91.3327,34.6367],[-91.3305,34.6383],[-91.3283,34.6391],[-91.3253,34.6397],[-91.3205,34.6398],[-91.317,34.6407],[-91.3142,34.6422],[-91.3132,34.6433],[-91.3126,34.6451],[-91.3131,34.6467],[-91.3152,34.6506],[-91.3156,34.6519],[-91.3156,34.6531],[-91.3153,34.6541],[-91.3142,34.6553],[-91.313,34.6557],[-91.3117,34.6558],[-91.3092,34.6553],[-91.3081,34.6553],[-91.3067,34.6557],[-91.3061,34.6562],[-91.3057,34.6568],[-91.3055,34.6582],[-91.3059,34.659],[-91.3075,34.66],[-91.3134,34.6611],[-91.3152,34.6618],[-91.3165,34.6629],[-91.3171,34.6636],[-91.3176,34.665],[-91.3176,34.666],[-91.3162,34.6699],[-91.3142,34.6778],[-91.311,34.6777],[-91.311,34.6757],[-91.3074,34.6755]]],[[[-91.3111,34.6722],[-91.3111,34.6722],[-91.311,34.6745],[-91.3111,34.6722]]],[[[-91.3101,34.639],[-91.3014,34.6389],[-91.3013,34.6425],[-91.31,34.6426],[-91.3101,34.639]]],[[[-91.3239,34.6213],[-91.3194,34.6212],[-91.3193,34.6247],[-91.3237,34.6248],[-91.3239,34.6213]]],[[[-91.2234,34.568],[-91.2321,34.5681],[-91.219,34.568],[-91.2234,34.568]]],[[[-91.2048,34.5462],[-91.2049,34.5425],[-91.2003,34.5424],[-91.2003,34.5461],[-91.2048,34.5462]]],[[[-91.283,34.5326],[-91.2741,34.5323],[-91.274,34.5402],[-91.2829,34.5403],[-91.283,34.5326]]],[[[-91.0987,34.4344],[-91.1033,34.4343],[-91.0987,34.4344],[-91.0989,34.427],[-91.0987,34.4344]]],[[[-91.143,34.4055],[-91.143,34.4054],[-91.1342,34.4055],[-91.143,34.4055]]],[[[-91.1334,34.3995],[-91.1337,34.3983],[-91.1333,34.3995],[-91.1334,34.3995]]],[[[-91.1278,34.3954],[-91.1288,34.3947],[-91.1285,34.3944],[-91.1278,34.3945],[-91.1269,34.3963],[-91.1267,34.3982],[-91.1255,34.3981],[-91.1255,34.3996],[-91.1255,34.3982],[-91.1267,34.3982],[-91.127,34.3999],[-91.128,34.4019],[-91.1273,34.3997],[-91.127,34.3972],[-91.1271,34.3965],[-91.1278,34.3954]]],[[[-91.1256,34.3909],[-91.1292,34.3909],[-91.1256,34.3909],[-91.1256,34.3919],[-91.1256,34.3909]]],[[[-91.0731,34.3831],[-91.0743,34.3815],[-91.0746,34.3805],[-91.0744,34.3792],[-91.0742,34.3789],[-91.0735,34.3793],[-91.0734,34.3799],[-91.0728,34.3796],[-91.0727,34.3799],[-91.0714,34.3786],[-91.0711,34.3774],[-91.0716,34.3757],[-91.0721,34.3751],[-91.0732,34.3743],[-91.0742,34.3741],[-91.0752,34.3743],[-91.0761,34.3751],[-91.0766,34.3761],[-91.0771,34.3789],[-91.0784,34.3823],[-91.0784,34.3831],[-91.0802,34.3831],[-91.08,34.3821],[-91.0787,34.3792],[-91.0784,34.3759],[-91.0773,34.3743],[-91.0763,34.3736],[-91.0749,34.3732],[-91.0736,34.3732],[-91.0722,34.3738],[-91.0708,34.3751],[-91.0705,34.3764],[-91.0704,34.378],[-91.0705,34.3784],[-91.0719,34.3801],[-91.0726,34.3806],[-91.073,34.3813],[-91.0729,34.3822],[-91.0716,34.3828],[-91.0696,34.3825],[-91.0681,34.382],[-91.0695,34.383],[-91.0731,34.3831]]],[[[-91.0635,34.3819],[-91.0629,34.3815],[-91.0625,34.3821],[-91.063,34.3825],[-91.0635,34.3819]]],[[[-91.3186,34.6704],[-91.3195,34.6682],[-91.3202,34.6654],[-91.3204,34.6654],[-91.3203,34.6662],[-91.3207,34.6669],[-91.3204,34.6673],[-91.3205,34.6683],[-91.3201,34.6686],[-91.3197,34.67],[-91.3207,34.6685],[-91.3208,34.6678],[-91.3205,34.6651],[-91.3191,34.6625],[-91.3171,34.661],[-91.3101,34.6595],[-91.3085,34.6589],[-91.3077,34.6583],[-91.3073,34.6573],[-91.3077,34.657],[-91.308,34.657],[-91.3088,34.6567],[-91.3102,34.6568],[-91.3116,34.6572],[-91.3134,34.6572],[-91.3152,34.6563],[-91.3159,34.6555],[-91.3169,34.6536],[-91.317,34.652],[-91.3163,34.6498],[-91.3149,34.6467],[-91.3147,34.6454],[-91.315,34.6444],[-91.3165,34.6424],[-91.3178,34.6418],[-91.3197,34.6413],[-91.3268,34.6409],[-91.3286,34.6405],[-91.3312,34.6397],[-91.3338,34.6379],[-91.335,34.6367],[-91.3357,34.6352],[-91.3366,34.6324],[-91.3368,34.6309],[-91.3365,34.6279],[-91.3367,34.6269],[-91.3378,34.6252],[-91.3418,34.6206],[-91.342,34.6207],[-91.3417,34.6212],[-91.3418,34.6217],[-91.3414,34.622],[-91.3415,34.6222],[-91.3423,34.6217],[-91.3427,34.622],[-91.3429,34.6225],[-91.3428,34.6236],[-91.3424,34.6245],[-91.3422,34.6246],[-91.342,34.624],[-91.3412,34.6246],[-91.3406,34.6259],[-91.3417,34.6255],[-91.3416,34.625],[-91.3411,34.6249],[-91.3415,34.6246],[-91.3427,34.6253],[-91.3423,34.6263],[-91.3417,34.6269],[-91.342,34.6271],[-91.342,34.6278],[-91.3409,34.6281],[-91.3413,34.6288],[-91.3417,34.6286],[-91.342,34.6287],[-91.3425,34.6297],[-91.3425,34.6303],[-91.3413,34.632],[-91.3414,34.6325],[-91.3411,34.6322],[-91.3414,34.6337],[-91.3408,34.6351],[-91.3415,34.636],[-91.3414,34.637],[-91.3419,34.6377],[-91.3408,34.6384],[-91.3406,34.6389],[-91.3407,34.6393],[-91.3412,34.6395],[-91.3422,34.6394],[-91.3426,34.6395],[-91.3431,34.6413],[-91.3435,34.642],[-91.3446,34.6425],[-91.3451,34.6423],[-91.3453,34.6419],[-91.3458,34.6418],[-91.3472,34.6434],[-91.3502,34.6435],[-91.3512,34.6447],[-91.352,34.6446],[-91.353,34.6453],[-91.3542,34.6453],[-91.3548,34.6462],[-91.3559,34.6461],[-91.3561,34.6457],[-91.3569,34.6458],[-91.3576,34.6455],[-91.3581,34.6458],[-91.3583,34.6438],[-91.3667,34.6439],[-91.3666,34.6478],[-91.371,34.6478],[-91.3707,34.6515],[-91.3751,34.6515],[-91.375,34.6588],[-91.3704,34.6588],[-91.3702,34.6659],[-91.3731,34.666],[-91.3735,34.6667],[-91.3741,34.6664],[-91.3744,34.6669],[-91.3742,34.6671],[-91.3739,34.6668],[-91.372,34.6677],[-91.3722,34.6679],[-91.3719,34.668],[-91.3691,34.6686],[-91.369,34.6682],[-91.3518,34.6711],[-91.352,34.6656],[-91.3481,34.6656],[-91.3479,34.6717],[-91.3432,34.6722],[-91.3434,34.6655],[-91.339,34.6654],[-91.3387,34.6731],[-91.3343,34.674],[-91.3242,34.6771],[-91.3224,34.6778],[-91.3161,34.6811],[-91.3162,34.6786],[-91.3167,34.6758],[-91.3186,34.6704]]]]},"properties":{"id":"usgs-pad-us-fee-managers:3739","name":"Dale Bumpers White River National Wildlife Refuge","kind":"land","category":"public-land","sourceCategory":"public-land","sourceId":"usgs-pad-us-fee-managers","sourceUrl":"https://services.arcgis.com/v01gqwM5QqNysAAi/arcgis/rest/services/Fee_Managers_PADUS/FeatureServer/0","sourceUpdated":"2021-01-28T05:00:00.000Z","publicUse":"PAD-US reports restricted access; confirm permits and seasonal rules with the manager.","unit":"FWS","origin":"public-catalog"}},{"type":"Feature","id":"usgs-pad-us-fee-managers:3798","geometry":{"type":"MultiPolygon","coordinates":[[[[-90.5856,35.0513],[-90.6034,35.0515],[-90.6031,35.0623],[-90.5855,35.0623],[-90.5856,35.0513]]],[[[-90.6726,35.1299],[-90.6733,35.1291],[-90.6731,35.1317],[-90.6731,35.1345],[-90.6687,35.1344],[-90.6726,35.1299]]],[[[-90.8337,35.8252],[-90.8337,35.8252],[-90.8337,35.8252],[-90.8337,35.8252]]],[[[-90.8337,35.8252],[-90.8325,35.8266],[-90.8268,35.8303],[-90.8268,35.8288],[-90.8275,35.8288],[-90.8275,35.8252],[-90.8337,35.8252]]],[[[-90.7553,36.1422],[-90.7536,36.1422],[-90.758,36.1387],[-90.7599,36.1387],[-90.7597,36.1491],[-90.7551,36.1491],[-90.7553,36.1422]]]]},"properties":{"id":"usgs-pad-us-fee-managers:3798","name":"Farm Service Agency Interest Of Ar","kind":"land","category":"public-land","sourceCategory":"public-land","sourceId":"usgs-pad-us-fee-managers","sourceUrl":"https://services.arcgis.com/v01gqwM5QqNysAAi/arcgis/rest/services/Fee_Managers_PADUS/FeatureServer/0","sourceUpdated":"2021-01-28T05:00:00.000Z","publicUse":"PAD-US reports restricted access; confirm permits and seasonal rules with the manager.","unit":"FWS","origin":"public-catalog"}},{"type":"Feature","id":"usgs-pad-us-fee-managers:3819","geometry":{"type":"Polygon","coordinates":[[[-91.383,33.8613],[-91.3834,33.8465],[-91.3482,33.8472],[-91.3488,33.8326],[-91.3927,33.8319],[-91.3918,33.8572],[-91.397,33.8572],[-91.3965,33.8591],[-91.395,33.8605],[-91.3917,33.8615],[-91.391,33.8628],[-91.39,33.864],[-91.3897,33.865],[-91.3867,33.8683],[-91.3739,33.8684],[-91.374,33.8617],[-91.383,33.8613]]]},"properties":{"id":"usgs-pad-us-fee-managers:3819","name":"Felsenthal National Wildlife Refuge","kind":"land","category":"public-land","sourceCategory":"public-land","sourceId":"usgs-pad-us-fee-managers","sourceUrl":"https://services.arcgis.com/v01gqwM5QqNysAAi/arcgis/rest/services/Fee_Managers_PADUS/FeatureServer/0","sourceUpdated":"2021-01-28T05:00:00.000Z","publicUse":"PAD-US reports restricted access; confirm permits and seasonal rules with the manager.","unit":"FWS","origin":"public-catalog"}},{"type":"Feature","id":"usgs-pad-us-fee-managers:3820","geometry":{"type":"MultiPolygon","coordinates":[[[[-92.0405,33.0215],[-92.0341,33.0216],[-92.0345,33.0181],[-92.0324,33.0182],[-92.0329,33.0147],[-92.0285,33.0147],[-92.029,33.0111],[-92.0205,33.0108],[-92.0209,33.0079],[-92.0685,33.0081],[-92.0689,33.0104],[-92.0696,33.0112],[-92.0737,33.0129],[-92.0777,33.0167],[-92.0782,33.0176],[-92.0782,33.0185],[-92.0779,33.0197],[-92.0781,33.0211],[-92.079,33.0227],[-92.0655,33.0225],[-92.0654,33.0298],[-92.0498,33.0299],[-92.0408,33.0295],[-92.0405,33.0215]]],[[[-92.0849,33.0663],[-92.0904,33.0662],[-92.0904,33.0672],[-92.0738,33.0695],[-92.0718,33.0695],[-92.0718,33.0662],[-92.0849,33.0663]]],[[[-92.0632,33.066],[-92.0646,33.066],[-92.0675,33.0685],[-92.0675,33.0698],[-92.0632,33.0698],[-92.0632,33.066]]],[[[-92.1159,33.0616],[-92.1197,33.0611],[-92.1201,33.0616],[-92.1214,33.0614],[-92.1269,33.0705],[-92.1245,33.0714],[-92.1228,33.0714],[-92.1203,33.0718],[-92.1173,33.0716],[-92.115,33.0704],[-92.1144,33.0691],[-92.1153,33.0656],[-92.1152,33.0641],[-92.1147,33.0618],[-92.1159,33.0616]]],[[[-92.0551,33.1459],[-92.0635,33.146],[-92.0635,33.1525],[-92.0535,33.1459],[-92.0551,33.1459]]],[[[-92.2221,33.2088],[-92.2199,33.2088],[-92.2165,33.2095],[-92.2156,33.2093],[-92.2144,33.2082],[-92.2129,33.2061],[-92.2124,33.2056],[-92.2105,33.202],[-92.2095,33.2013],[-92.2083,33.2012],[-92.207,33.2016],[-92.2018,33.2048],[-92.2009,33.2047],[-92.2005,33.2044],[-92.1981,33.2016],[-92.1964,33.2011],[-92.195,33.2014],[-92.1921,33.2028],[-92.1884,33.2038],[-92.1867,33.2046],[-92.1855,33.2059],[-92.1837,33.2098],[-92.1818,33.213],[-92.181,33.2137],[-92.1803,33.2137],[-92.1797,33.2133],[-92.1792,33.2122],[-92.1791,33.2099],[-92.1784,33.2056],[-92.179,33.2025],[-92.1799,33.1994],[-92.1797,33.1977],[-92.179,33.1964],[-92.1769,33.1955],[-92.1753,33.1952],[-92.1748,33.195],[-92.1746,33.1946],[-92.1752,33.194],[-92.1777,33.1942],[-92.1801,33.1933],[-92.1807,33.1927],[-92.1822,33.1902],[-92.1825,33.1892],[-92.1823,33.1875],[-92.1809,33.1862],[-92.1784,33.1858],[-92.177,33.1861],[-92.1741,33.1893],[-92.1731,33.1894],[-92.173,33.1884],[-92.174,33.1865],[-92.1751,33.1824],[-92.1745,33.1817],[-92.1738,33.1815],[-92.1719,33.1815],[-92.1706,33.1821],[-92.1696,33.183],[-92.1686,33.1847],[-92.1682,33.1847],[-92.1679,33.1845],[-92.168,33.1836],[-92.1693,33.1803],[-92.1692,33.1791],[-92.1683,33.1781],[-92.1653,33.1768],[-92.1648,33.1763],[-92.1633,33.1736],[-92.1629,33.1719],[-92.1635,33.1706],[-92.1652,33.1691],[-92.1679,33.1676],[-92.1718,33.166],[-92.1726,33.1646],[-92.1725,33.1641],[-92.1709,33.1624],[-92.1693,33.1618],[-92.1643,33.1609],[-92.1625,33.1608],[-92.1602,33.1613],[-92.1592,33.162],[-92.1588,33.163],[-92.1609,33.1671],[-92.161,33.1683],[-92.1606,33.1685],[-92.1599,33.1685],[-92.1552,33.1676],[-92.1536,33.1677],[-92.1524,33.1683],[-92.1507,33.1699],[-92.1495,33.17],[-92.1463,33.1689],[-92.1458,33.1686],[-92.1454,33.1676],[-92.1488,33.1639],[-92.1492,33.1631],[-92.1492,33.1625],[-92.1484,33.1615],[-92.1478,33.1613],[-92.1457,33.161],[-92.1436,33.1615],[-92.1399,33.1633],[-92.1386,33.1634],[-92.138,33.1632],[-92.1377,33.1627],[-92.1375,33.1607],[-92.1363,33.1599],[-92.1347,33.1597],[-92.1306,33.1604],[-92.1273,33.1606],[-92.1235,33.1613],[-92.1218,33.1612],[-92.1204,33.161],[-92.1173,33.1598],[-92.1134,33.159],[-92.1122,33.1585],[-92.1111,33.1571],[-92.1098,33.1529],[-92.1089,33.1489],[-92.1088,33.1469],[-92.1092,33.1456],[-92.1097,33.145],[-92.1106,33.1444],[-92.1118,33.1445],[-92.1162,33.1459],[-92.1181,33.1461],[-92.1194,33.1457],[-92.1203,33.1445],[-92.1201,33.1431],[-92.1192,33.1416],[-92.1145,33.1368],[-92.1137,33.1343],[-92.1138,33.1326],[-92.1142,33.1314],[-92.1151,33.1299],[-92.1164,33.1283],[-92.1179,33.1256],[-92.1188,33.1216],[-92.1202,33.1198],[-92.1222,33.1187],[-92.1239,33.1192],[-92.1249,33.1201],[-92.1262,33.1208],[-92.127,33.1209],[-92.1284,33.1205],[-92.129,33.1197],[-92.1295,33.1185],[-92.1294,33.1154],[-92.1298,33.1141],[-92.1319,33.1117],[-92.1354,33.1093],[-92.1368,33.108],[-92.1375,33.106],[-92.137,33.1034],[-92.1373,33.1021],[-92.1389,33.1006],[-92.1412,33.0999],[-92.1434,33.1],[-92.1443,33.0989],[-92.1443,33.0981],[-92.144,33.0977],[-92.1421,33.0969],[-92.1391,33.0967],[-92.1339,33.0974],[-92.133,33.0967],[-92.1329,33.0958],[-92.1356,33.0916],[-92.1357,33.0892],[-92.1355,33.0877],[-92.135,33.0868],[-92.1321,33.0836],[-92.1319,33.0828],[-92.1316,33.08],[-92.1308,33.0782],[-92.1304,33.0769],[-92.1301,33.0738],[-92.1303,33.0721],[-92.1314,33.0717],[-92.1298,33.069],[-92.1331,33.0676],[-92.1327,33.0669],[-92.1318,33.0673],[-92.1273,33.0605],[-92.135,33.0594],[-92.1417,33.063],[-92.1443,33.0614],[-92.1434,33.0569],[-92.1449,33.0564],[-92.1458,33.0564],[-92.1458,33.0573],[-92.1465,33.0573],[-92.1465,33.0565],[-92.1479,33.0568],[-92.152,33.0582],[-92.1561,33.0644],[-92.1606,33.0644],[-92.1646,33.0681],[-92.1736,33.0682],[-92.1735,33.0718],[-92.1857,33.072],[-92.1857,33.076],[-92.1892,33.076],[-92.1991,33.1269],[-92.1996,33.1278],[-92.2006,33.129],[-92.2097,33.1347],[-92.2065,33.1659],[-92.2069,33.1676],[-92.2076,33.1684],[-92.2087,33.1689],[-92.2429,33.1772],[-92.2438,33.178],[-92.2442,33.1789],[-92.2453,33.179],[-92.2452,33.1805],[-92.2551,33.1959],[-92.2562,33.1971],[-92.2581,33.1971],[-92.2577,33.2225],[-92.2232,33.2221],[-92.2237,33.221],[-92.2236,33.2189],[-92.2239,33.2179],[-92.225,33.2166],[-92.2254,33.2142],[-92.2251,33.2126],[-92.2244,33.2107],[-92.223,33.2091],[-92.2221,33.2088]]],[[[-92.2122,33.2264],[-92.2117,33.2262],[-92.2113,33.2252],[-92.2123,33.2236],[-92.2134,33.2232],[-92.2156,33.2231],[-92.2186,33.2226],[-92.2186,33.2266],[-92.2122,33.2264]]],[[[-92.0498,33.24],[-92.0499,33.2365],[-92.0633,33.2366],[-92.0633,33.2258],[-92.0549,33.2256],[-92.0549,33.222],[-92.0676,33.2221],[-92.0676,33.2258],[-92.0719,33.2257],[-92.0724,33.1823],[-92.0721,33.1823],[-92.0721,33.1751],[-92.0813,33.1751],[-92.0814,33.168],[-92.09,33.1682],[-92.0902,33.1537],[-92.0722,33.1533],[-92.0721,33.1387],[-92.0717,33.1241],[-92.0721,33.1095],[-92.0722,33.0951],[-92.0719,33.0805],[-92.0817,33.0805],[-92.0817,33.0735],[-92.0719,33.0734],[-92.0718,33.0706],[-92.074,33.0706],[-92.0917,33.0681],[-92.0947,33.0671],[-92.0986,33.0646],[-92.1013,33.0633],[-92.1109,33.0618],[-92.1111,33.0623],[-92.1137,33.0619],[-92.1144,33.0645],[-92.1144,33.0656],[-92.1133,33.0694],[-92.1145,33.0712],[-92.1162,33.072],[-92.1181,33.0726],[-92.122,33.0722],[-92.1253,33.0722],[-92.1264,33.0718],[-92.1273,33.0711],[-92.1289,33.0739],[-92.1292,33.0761],[-92.1305,33.0805],[-92.1309,33.0832],[-92.1318,33.0849],[-92.1328,33.0856],[-92.134,33.087],[-92.1348,33.0895],[-92.1348,33.0909],[-92.1323,33.0953],[-92.1321,33.0968],[-92.1324,33.0975],[-92.1328,33.0979],[-92.1342,33.0983],[-92.1396,33.0976],[-92.1427,33.098],[-92.1432,33.0985],[-92.1431,33.0988],[-92.1401,33.0992],[-92.1387,33.0996],[-92.138,33.1],[-92.1369,33.1011],[-92.1362,33.1027],[-92.136,33.1042],[-92.1363,33.1063],[-92.1358,33.1075],[-92.1342,33.109],[-92.1314,33.1109],[-92.1295,33.1129],[-92.1288,33.1142],[-92.1284,33.1158],[-92.1284,33.1189],[-92.1277,33.1198],[-92.1268,33.12],[-92.1247,33.1186],[-92.1233,33.118],[-92.1216,33.118],[-92.1192,33.1192],[-92.1178,33.1213],[-92.1166,33.126],[-92.1153,33.1284],[-92.1129,33.1318],[-92.1126,33.1328],[-92.1125,33.1354],[-92.114,33.1379],[-92.1169,33.1408],[-92.1188,33.1432],[-92.1189,33.1446],[-92.1187,33.1449],[-92.1162,33.1448],[-92.1121,33.1436],[-92.1112,33.1435],[-92.109,33.1439],[-92.1084,33.1443],[-92.1077,33.1453],[-92.0993,33.1452],[-92.0961,33.1414],[-92.0944,33.1436],[-92.087,33.1443],[-92.0853,33.1471],[-92.0857,33.1485],[-92.0897,33.1492],[-92.0911,33.1511],[-92.0965,33.1509],[-92.0984,33.1506],[-92.0987,33.1506],[-92.0987,33.1511],[-92.1031,33.1508],[-92.1031,33.1502],[-92.1076,33.1506],[-92.1078,33.1504],[-92.1105,33.1582],[-92.1112,33.1592],[-92.1126,33.1597],[-92.1163,33.1604],[-92.12,33.1616],[-92.1221,33.162],[-92.1244,33.162],[-92.1343,33.1605],[-92.1362,33.1608],[-92.137,33.1631],[-92.1348,33.1662],[-92.1331,33.1678],[-92.1327,33.1692],[-92.1313,33.17],[-92.1306,33.1714],[-92.1304,33.173],[-92.1309,33.1742],[-92.1309,33.1753],[-92.1313,33.1757],[-92.1329,33.1764],[-92.1327,33.1773],[-92.1317,33.179],[-92.1311,33.1794],[-92.1292,33.1798],[-92.1289,33.1805],[-92.1308,33.1823],[-92.1319,33.1828],[-92.1332,33.1831],[-92.1337,33.1837],[-92.1344,33.1837],[-92.1345,33.184],[-92.1339,33.1844],[-92.1329,33.1843],[-92.1314,33.1837],[-92.1303,33.1827],[-92.1291,33.1822],[-92.1282,33.1826],[-92.1281,33.183],[-92.1283,33.184],[-92.1292,33.186],[-92.1291,33.1879],[-92.1309,33.1892],[-92.1319,33.1894],[-92.134,33.1884],[-92.1342,33.1878],[-92.134,33.1874],[-92.1336,33.1875],[-92.1323,33.1884],[-92.1325,33.1873],[-92.1335,33.1866],[-92.1348,33.1866],[-92.1383,33.188],[-92.1384,33.1883],[-92.138,33.1889],[-92.1354,33.1911],[-92.1354,33.1924],[-92.136,33.1952],[-92.1358,33.1964],[-92.1355,33.1971],[-92.1328,33.1979],[-92.1324,33.1986],[-92.1331,33.2005],[-92.1331,33.2011],[-92.1315,33.2014],[-92.1306,33.203],[-92.1284,33.2043],[-92.1281,33.2053],[-92.1289,33.2062],[-92.129,33.207],[-92.1282,33.2087],[-92.1276,33.2093],[-92.1267,33.2092],[-92.1253,33.2082],[-92.1243,33.2081],[-92.1236,33.2083],[-92.123,33.2081],[-92.1229,33.2067],[-92.1225,33.206],[-92.1215,33.2058],[-92.1202,33.2061],[-92.1181,33.2053],[-92.1165,33.2055],[-92.114,33.2075],[-92.1132,33.2102],[-92.113,33.2127],[-92.1134,33.2136],[-92.1161,33.2152],[-92.1168,33.2161],[-92.1167,33.2167],[-92.1151,33.2176],[-92.1146,33.2185],[-92.1143,33.2195],[-92.1145,33.221],[-92.1159,33.2223],[-92.1158,33.2232],[-92.1155,33.2233],[-92.1118,33.2216],[-92.1101,33.2212],[-92.1095,33.2219],[-92.1095,33.2232],[-92.1092,33.2234],[-92.107,33.2231],[-92.1052,33.2234],[-92.1049,33.2222],[-92.1039,33.2216],[-92.1038,33.2212],[-92.1046,33.2196],[-92.1045,33.2189],[-92.1028,33.2183],[-92.1017,33.2185],[-92.0991,33.2197],[-92.0966,33.2201],[-92.0948,33.2206],[-92.093,33.2216],[-92.0924,33.2223],[-92.0917,33.2239],[-92.0891,33.2252],[-92.0873,33.2269],[-92.087,33.2279],[-92.087,33.2285],[-92.0872,33.2286],[-92.088,33.2267],[-92.0878,33.228],[-92.0884,33.2292],[-92.0884,33.2301],[-92.0878,33.2317],[-92.0856,33.2327],[-92.0852,33.2333],[-92.0852,33.2338],[-92.0864,33.2345],[-92.087,33.234],[-92.0887,33.2343],[-92.0899,33.2349],[-92.0901,33.2357],[-92.0896,33.2372],[-92.0888,33.2383],[-92.0853,33.2406],[-92.0846,33.2405],[-92.0831,33.2385],[-92.081,33.237],[-92.0719,33.2367],[-92.0687,33.2383],[-92.0678,33.2383],[-92.0678,33.2392],[-92.0675,33.2392],[-92.0675,33.2401],[-92.068,33.2403],[-92.0498,33.24]]],[[[-92.1582,33.2458],[-92.1496,33.2456],[-92.1496,33.2348],[-92.1259,33.2343],[-92.126,33.2325],[-92.1152,33.2322],[-92.1152,33.234],[-92.111,33.234],[-92.111,33.2375],[-92.0902,33.2372],[-92.0908,33.2364],[-92.0909,33.2356],[-92.0905,33.2348],[-92.0899,33.2343],[-92.0882,33.2337],[-92.0856,33.2336],[-92.086,33.233],[-92.0881,33.2319],[-92.0887,33.231],[-92.0889,33.2299],[-92.0883,33.2278],[-92.0883,33.227],[-92.0887,33.2261],[-92.089,33.2258],[-92.0919,33.2243],[-92.0927,33.2235],[-92.0933,33.222],[-92.096,33.2206],[-92.0994,33.2201],[-92.1028,33.2188],[-92.1039,33.219],[-92.1042,33.2195],[-92.1034,33.2207],[-92.1033,33.2215],[-92.1036,33.2221],[-92.1044,33.2225],[-92.1046,33.223],[-92.1043,33.2231],[-92.1032,33.2224],[-92.103,33.2228],[-92.1035,33.2239],[-92.1043,33.2244],[-92.1058,33.2236],[-92.107,33.2235],[-92.1081,33.2238],[-92.1094,33.2236],[-92.11,33.2231],[-92.1103,33.2218],[-92.1107,33.2217],[-92.1139,33.2228],[-92.1145,33.2232],[-92.1141,33.2235],[-92.1144,33.2238],[-92.1148,33.2235],[-92.1163,33.2232],[-92.1165,33.2229],[-92.1163,33.2219],[-92.1157,33.2211],[-92.1149,33.2208],[-92.1149,33.2194],[-92.1155,33.2177],[-92.1171,33.217],[-92.1173,33.2163],[-92.1169,33.2153],[-92.116,33.2145],[-92.1138,33.2134],[-92.1133,33.2118],[-92.114,33.209],[-92.1144,33.208],[-92.1151,33.2071],[-92.1167,33.2059],[-92.1185,33.2057],[-92.1199,33.2063],[-92.122,33.2062],[-92.1225,33.2067],[-92.1224,33.2078],[-92.1227,33.2086],[-92.1235,33.2087],[-92.1253,33.2086],[-92.126,33.2094],[-92.1274,33.2096],[-92.1285,33.2092],[-92.1293,33.2077],[-92.1295,33.2067],[-92.1293,33.2059],[-92.1287,33.2053],[-92.1287,33.2045],[-92.1293,33.2041],[-92.1302,33.2039],[-92.1303,33.205],[-92.13,33.2062],[-92.1303,33.2061],[-92.1308,33.205],[-92.1309,33.2053],[-92.1307,33.207],[-92.1301,33.2074],[-92.1302,33.2076],[-92.1309,33.2072],[-92.1315,33.2052],[-92.131,33.2037],[-92.1314,33.2019],[-92.1319,33.2017],[-92.132,33.2021],[-92.1324,33.2021],[-92.1336,33.2011],[-92.1331,33.1981],[-92.1337,33.1978],[-92.135,33.1978],[-92.1357,33.1974],[-92.1361,33.1967],[-92.1369,33.1947],[-92.1363,33.1933],[-92.1359,33.191],[-92.1381,33.1894],[-92.1383,33.1895],[-92.1374,33.1907],[-92.1376,33.1915],[-92.1379,33.1914],[-92.1379,33.1911],[-92.1387,33.1903],[-92.1391,33.1885],[-92.1391,33.1882],[-92.138,33.1874],[-92.1358,33.1865],[-92.1345,33.1862],[-92.1328,33.1866],[-92.132,33.186],[-92.133,33.1853],[-92.1337,33.1851],[-92.1338,33.1858],[-92.1341,33.1858],[-92.1344,33.1848],[-92.1351,33.1841],[-92.1352,33.1831],[-92.1304,33.1809],[-92.131,33.1808],[-92.1314,33.1804],[-92.1314,33.1797],[-92.1326,33.1789],[-92.134,33.1762],[-92.1337,33.175],[-92.132,33.1737],[-92.1319,33.1717],[-92.1335,33.1694],[-92.1352,33.1677],[-92.1363,33.1651],[-92.1372,33.1637],[-92.1381,33.1642],[-92.139,33.1642],[-92.141,33.1636],[-92.1439,33.1621],[-92.145,33.1619],[-92.1467,33.1618],[-92.1473,33.1619],[-92.1483,33.1627],[-92.1484,33.1632],[-92.1481,33.1639],[-92.145,33.167],[-92.1446,33.1682],[-92.1455,33.1692],[-92.1501,33.1707],[-92.1509,33.1706],[-92.1516,33.1703],[-92.153,33.169],[-92.1543,33.1682],[-92.1561,33.1683],[-92.1602,33.1691],[-92.1612,33.1692],[-92.1619,33.1689],[-92.1621,33.1684],[-92.1621,33.1676],[-92.1613,33.1657],[-92.1598,33.1631],[-92.16,33.1622],[-92.1605,33.162],[-92.1622,33.1615],[-92.1643,33.1616],[-92.1698,33.1628],[-92.1712,33.1635],[-92.1716,33.164],[-92.1719,33.1645],[-92.1718,33.165],[-92.1714,33.1654],[-92.1678,33.1668],[-92.1639,33.1694],[-92.1625,33.1706],[-92.1621,33.1714],[-92.1621,33.1723],[-92.1631,33.1752],[-92.1638,33.1765],[-92.165,33.1775],[-92.1685,33.1793],[-92.1685,33.1799],[-92.167,33.183],[-92.1673,33.1851],[-92.1685,33.1856],[-92.169,33.1855],[-92.1698,33.1851],[-92.1703,33.1837],[-92.1712,33.1826],[-92.1727,33.1822],[-92.1736,33.1822],[-92.174,33.1826],[-92.1741,33.1833],[-92.1738,33.1846],[-92.172,33.1885],[-92.1722,33.1896],[-92.1724,33.1899],[-92.1737,33.1904],[-92.1746,33.1901],[-92.1756,33.1892],[-92.1767,33.1876],[-92.1779,33.1869],[-92.1793,33.1867],[-92.18,33.1869],[-92.181,33.1875],[-92.1816,33.1884],[-92.1817,33.1894],[-92.1803,33.1917],[-92.1794,33.1927],[-92.178,33.1933],[-92.1749,33.1936],[-92.1741,33.194],[-92.1738,33.1948],[-92.1745,33.1957],[-92.1777,33.1969],[-92.1787,33.1982],[-92.1789,33.1998],[-92.1778,33.2024],[-92.1777,33.2072],[-92.1784,33.2102],[-92.1785,33.2129],[-92.1797,33.2143],[-92.1809,33.2144],[-92.1815,33.2143],[-92.1822,33.2137],[-92.185,33.2092],[-92.1864,33.206],[-92.1875,33.205],[-92.1889,33.2043],[-92.1924,33.2034],[-92.1958,33.2019],[-92.1967,33.2018],[-92.1977,33.2022],[-92.2004,33.2052],[-92.2021,33.2055],[-92.2031,33.2051],[-92.2062,33.203],[-92.2077,33.2023],[-92.209,33.2021],[-92.21,33.2027],[-92.2123,33.2071],[-92.2148,33.2098],[-92.2156,33.2102],[-92.2166,33.2104],[-92.2202,33.2095],[-92.2221,33.2096],[-92.2228,33.2101],[-92.2235,33.2112],[-92.2242,33.2132],[-92.2243,33.2155],[-92.2227,33.2181],[-92.2225,33.219],[-92.2226,33.2208],[-92.2223,33.2213],[-92.2174,33.2218],[-92.2121,33.2228],[-92.2106,33.2237],[-92.2102,33.2245],[-92.2101,33.2255],[-92.2103,33.2259],[-92.211,33.2267],[-92.2119,33.2272],[-92.2186,33.2275],[-92.2183,33.2437],[-92.1924,33.2431],[-92.1922,33.2723],[-92.1576,33.2715],[-92.1582,33.2458]]]]},"properties":{"id":"usgs-pad-us-fee-managers:3820","name":"Felsenthal National Wildlife Refuge","kind":"land","category":"public-land","sourceCategory":"public-land","sourceId":"usgs-pad-us-fee-managers","sourceUrl":"https://services.arcgis.com/v01gqwM5QqNysAAi/arcgis/rest/services/Fee_Managers_PADUS/FeatureServer/0","sourceUpdated":"2021-01-28T05:00:00.000Z","publicUse":"PAD-US reports restricted access; confirm permits and seasonal rules with the manager.","unit":"FWS","origin":"public-catalog"}},{"type":"Feature","id":"usgs-pad-us-fee-managers:3915","geometry":{"type":"MultiPolygon","coordinates":[[[[-93.0845,35.1163],[-93.0849,35.1162],[-93.0849,35.1172],[-93.084,35.1172],[-93.084,35.1162],[-93.0845,35.1163]]],[[[-93.0793,35.1651],[-93.0753,35.1613],[-93.0739,35.1603],[-93.071,35.1591],[-93.0644,35.1578],[-93.0562,35.1573],[-93.0562,35.1568],[-93.053,35.1567],[-93.0517,35.1568],[-93.0517,35.1571],[-93.0457,35.1571],[-93.0396,35.1575],[-93.0326,35.1584],[-93.0293,35.1592],[-93.0232,35.1589],[-93.0271,35.1569],[-93.0274,35.1557],[-93.0305,35.1554],[-93.0298,35.1483],[-93.0276,35.1485],[-93.0277,35.1435],[-93.0267,35.1377],[-93.0282,35.1376],[-93.0278,35.1366],[-93.0272,35.1332],[-93.0274,35.1301],[-93.0281,35.1288],[-93.0295,35.1273],[-93.032,35.1252],[-93.0302,35.1248],[-93.0304,35.1246],[-93.0326,35.1235],[-93.0341,35.1224],[-93.0385,35.1199],[-93.0403,35.1191],[-93.0424,35.1201],[-93.0483,35.118],[-93.051,35.1178],[-93.0582,35.1175],[-93.0605,35.1176],[-93.0645,35.1185],[-93.0633,35.1175],[-93.066,35.118],[-93.0673,35.1193],[-93.072,35.121],[-93.0773,35.1234],[-93.0773,35.121],[-93.0791,35.1218],[-93.0905,35.1218],[-93.0906,35.1242],[-93.0863,35.1242],[-93.0862,35.1254],[-93.0823,35.1254],[-93.0852,35.127],[-93.0886,35.1298],[-93.0905,35.1326],[-93.0919,35.1355],[-93.092,35.1384],[-93.0914,35.1395],[-93.0861,35.1417],[-93.0955,35.1417],[-93.0945,35.1433],[-93.0942,35.1538],[-93.0869,35.1537],[-93.0802,35.1524],[-93.0814,35.1551],[-93.0839,35.1588],[-93.0853,35.1633],[-93.0927,35.1632],[-93.0928,35.1622],[-93.0942,35.1622],[-93.0942,35.1632],[-93.1008,35.1635],[-93.1021,35.1658],[-93.0943,35.1654],[-93.0843,35.1653],[-93.0827,35.1648],[-93.0808,35.1663],[-93.0793,35.1651]]]]},"properties":{"id":"usgs-pad-us-fee-managers:3915","name":"Holla Bend National Wildlife Refuge","kind":"land","category":"public-land","sourceCategory":"public-land","sourceId":"usgs-pad-us-fee-managers","sourceUrl":"https://services.arcgis.com/v01gqwM5QqNysAAi/arcgis/rest/services/Fee_Managers_PADUS/FeatureServer/0","sourceUpdated":"2021-01-28T05:00:00.000Z","publicUse":"PAD-US reports restricted access; confirm permits and seasonal rules with the manager.","unit":"FWS","origin":"public-catalog"}},{"type":"Feature","id":"usgs-pad-us-fee-managers:4024","geometry":{"type":"Polygon","coordinates":[[[-94.3937,36.2007],[-94.3911,36.2006],[-94.3912,36.1983],[-94.3901,36.1983],[-94.3901,36.1969],[-94.3919,36.1969],[-94.3919,36.1956],[-94.3922,36.1955],[-94.3941,36.1948],[-94.396,36.1936],[-94.3966,36.1936],[-94.3969,36.1937],[-94.3968,36.1969],[-94.4013,36.1969],[-94.4012,36.2008],[-94.3984,36.2007],[-94.3973,36.2005],[-94.3951,36.2006],[-94.3951,36.2012],[-94.3937,36.2007]]]},"properties":{"id":"usgs-pad-us-fee-managers:4024","name":"Logan Cave National Wildlife Refuge","kind":"land","category":"public-land","sourceCategory":"public-land","sourceId":"usgs-pad-us-fee-managers","sourceUrl":"https://services.arcgis.com/v01gqwM5QqNysAAi/arcgis/rest/services/Fee_Managers_PADUS/FeatureServer/0","sourceUpdated":"2021-01-28T05:00:00.000Z","publicUse":"PAD-US reports restricted access; confirm permits and seasonal rules with the manager.","unit":"FWS","origin":"public-catalog"}},{"type":"Feature","id":"usgs-pad-us-fee-managers:4043","geometry":{"type":"MultiPolygon","coordinates":[[[[-91.529,36.4981],[-91.5277,36.4976],[-91.5287,36.4954],[-91.5316,36.494],[-91.5345,36.4935],[-91.5342,36.4943],[-91.5337,36.4948],[-91.5318,36.4956],[-91.5297,36.497],[-91.53,36.4971],[-91.5294,36.4972],[-91.5294,36.4976],[-91.529,36.4981]]],[[[-91.5276,36.497],[-91.5272,36.4982],[-91.5275,36.499],[-91.5261,36.499],[-91.5262,36.497],[-91.5276,36.497]]]]},"properties":{"id":"usgs-pad-us-fee-managers:4043","name":"Mammoth Spring National Fish Hatchery","kind":"land","category":"public-land","sourceCategory":"public-land","sourceId":"usgs-pad-us-fee-managers","sourceUrl":"https://services.arcgis.com/v01gqwM5QqNysAAi/arcgis/rest/services/Fee_Managers_PADUS/FeatureServer/0","sourceUpdated":"2021-01-28T05:00:00.000Z","publicUse":"PAD-US reports restricted access; confirm permits and seasonal rules with the manager.","unit":"FWS","origin":"public-catalog"}},{"type":"Feature","id":"usgs-pad-us-fee-managers:4166","geometry":{"type":"MultiPolygon","coordinates":[[[[-91.6871,33.0071],[-91.6921,33.0071],[-91.6922,33.0079],[-91.6918,33.0091],[-91.6899,33.0096],[-91.6901,33.0107],[-91.6894,33.0113],[-91.6871,33.0113],[-91.6871,33.0071]]],[[[-91.6024,33.0822],[-91.6068,33.0823],[-91.6063,33.0851],[-91.6024,33.085],[-91.6024,33.0822]]],[[[-91.5942,33.1514],[-91.594,33.1476],[-91.5985,33.1476],[-91.5985,33.1444],[-91.6044,33.1445],[-91.6045,33.1407],[-91.6161,33.141],[-91.6161,33.1393],[-91.6115,33.1392],[-91.6115,33.1339],[-91.6205,33.1338],[-91.6206,33.1229],[-91.6289,33.1231],[-91.629,33.1158],[-91.6159,33.1155],[-91.6159,33.1046],[-91.6156,33.1046],[-91.6156,33.1009],[-91.633,33.1013],[-91.6329,33.0904],[-91.6286,33.0903],[-91.6286,33.0939],[-91.6156,33.0937],[-91.6156,33.0864],[-91.6239,33.0866],[-91.6156,33.0864],[-91.6156,33.0827],[-91.624,33.0829],[-91.6241,33.0793],[-91.6415,33.0797],[-91.6414,33.0834],[-91.6456,33.0834],[-91.6456,33.0798],[-91.6482,33.0799],[-91.6481,33.0763],[-91.6416,33.0761],[-91.6417,33.0723],[-91.65,33.0726],[-91.6501,33.0669],[-91.6417,33.0668],[-91.6416,33.0632],[-91.6501,33.0633],[-91.6501,33.0605],[-91.6416,33.0605],[-91.6415,33.0576],[-91.646,33.0577],[-91.6459,33.0549],[-91.6471,33.0546],[-91.6471,33.0541],[-91.6459,33.0541],[-91.646,33.0467],[-91.6503,33.0468],[-91.6502,33.0541],[-91.6545,33.0542],[-91.6546,33.0472],[-91.657,33.0465],[-91.6603,33.0463],[-91.6597,33.0463],[-91.6597,33.0438],[-91.6602,33.0438],[-91.6597,33.0438],[-91.6597,33.0432],[-91.6634,33.0432],[-91.6633,33.0453],[-91.6634,33.0432],[-91.6655,33.0431],[-91.6657,33.0271],[-91.6656,33.007],[-91.6829,33.007],[-91.6829,33.0107],[-91.6745,33.0105],[-91.6745,33.0142],[-91.6895,33.0148],[-91.6887,33.0154],[-91.6886,33.0162],[-91.6879,33.0172],[-91.6884,33.0177],[-91.6904,33.0179],[-91.6894,33.0183],[-91.6887,33.018],[-91.6881,33.0181],[-91.6878,33.0194],[-91.6874,33.0196],[-91.687,33.0209],[-91.6879,33.0215],[-91.6893,33.0202],[-91.6891,33.0211],[-91.6886,33.0214],[-91.6882,33.022],[-91.6882,33.0226],[-91.6888,33.0227],[-91.6891,33.0233],[-91.6898,33.0235],[-91.6898,33.0239],[-91.6903,33.0239],[-91.6907,33.0244],[-91.6893,33.0239],[-91.6891,33.024],[-91.6891,33.0237],[-91.6878,33.0228],[-91.6876,33.0224],[-91.6872,33.0228],[-91.6872,33.0232],[-91.6869,33.0231],[-91.6869,33.0228],[-91.6867,33.0228],[-91.6862,33.0239],[-91.6875,33.0253],[-91.687,33.0255],[-91.687,33.0271],[-91.6867,33.0272],[-91.6867,33.0279],[-91.6873,33.0278],[-91.6873,33.0291],[-91.6879,33.0293],[-91.6878,33.0296],[-91.6884,33.0308],[-91.6883,33.0314],[-91.6889,33.0317],[-91.6899,33.0339],[-91.6911,33.0333],[-91.692,33.035],[-91.6905,33.0357],[-91.6913,33.0388],[-91.6917,33.0438],[-91.6929,33.0449],[-91.6933,33.0448],[-91.6932,33.044],[-91.6938,33.044],[-91.6937,33.0449],[-91.6943,33.0447],[-91.6939,33.0452],[-91.6928,33.0457],[-91.692,33.0452],[-91.6916,33.0463],[-91.6916,33.0467],[-91.6925,33.0473],[-91.6966,33.0475],[-91.6965,33.0513],[-91.6915,33.0513],[-91.6916,33.0511],[-91.6915,33.0525],[-91.6912,33.0532],[-91.6913,33.0537],[-91.6908,33.0548],[-91.691,33.0554],[-91.6908,33.0577],[-91.6912,33.0579],[-91.6919,33.0573],[-91.6914,33.0587],[-91.6922,33.0607],[-91.6926,33.0608],[-91.6926,33.0611],[-91.6948,33.0611],[-91.6947,33.0635],[-91.6931,33.0635],[-91.6933,33.0686],[-91.6939,33.0689],[-91.6944,33.0688],[-91.6943,33.0698],[-91.6972,33.0698],[-91.6983,33.0725],[-91.6984,33.0735],[-91.6955,33.0734],[-91.6958,33.0742],[-91.6954,33.0744],[-91.6954,33.0751],[-91.6948,33.0759],[-91.6949,33.0765],[-91.6953,33.0769],[-91.6946,33.0768],[-91.6943,33.0772],[-91.6935,33.0792],[-91.6937,33.0796],[-91.694,33.0794],[-91.6943,33.0796],[-91.6937,33.0799],[-91.6937,33.0802],[-91.6932,33.0801],[-91.6918,33.082],[-91.6918,33.0882],[-91.6897,33.0881],[-91.6897,33.092],[-91.6862,33.0921],[-91.6861,33.0931],[-91.6857,33.093],[-91.6847,33.0937],[-91.684,33.0936],[-91.6842,33.0933],[-91.6844,33.0915],[-91.6838,33.0916],[-91.6822,33.0927],[-91.6813,33.0929],[-91.6803,33.0935],[-91.6787,33.0949],[-91.6785,33.0952],[-91.6787,33.0955],[-91.6774,33.0958],[-91.6772,33.0966],[-91.6767,33.0968],[-91.6767,33.0964],[-91.6763,33.0963],[-91.6754,33.0969],[-91.6748,33.0968],[-91.6744,33.097],[-91.6736,33.0981],[-91.6736,33.0986],[-91.6732,33.0987],[-91.6729,33.0996],[-91.673,33.0999],[-91.6735,33.0998],[-91.6741,33.1003],[-91.6731,33.1002],[-91.6723,33.1012],[-91.6712,33.1014],[-91.67,33.1011],[-91.6688,33.1024],[-91.6696,33.1006],[-91.6691,33.1006],[-91.6684,33.1011],[-91.6687,33.1006],[-91.6686,33.1003],[-91.6674,33.1004],[-91.6661,33.1019],[-91.6651,33.1022],[-91.6643,33.1035],[-91.6622,33.1054],[-91.6621,33.1062],[-91.6616,33.1069],[-91.6591,33.1094],[-91.659,33.1097],[-91.6593,33.1106],[-91.6606,33.1112],[-91.6593,33.1121],[-91.6584,33.1117],[-91.6577,33.112],[-91.6573,33.1117],[-91.6566,33.1117],[-91.6554,33.1125],[-91.6551,33.1132],[-91.654,33.1132],[-91.6539,33.1165],[-91.6587,33.1166],[-91.6588,33.1205],[-91.6573,33.1236],[-91.6571,33.1255],[-91.6574,33.1263],[-91.6586,33.1267],[-91.6586,33.1276],[-91.6546,33.1288],[-91.6507,33.1274],[-91.6503,33.1276],[-91.6501,33.1172],[-91.6498,33.117],[-91.6498,33.1164],[-91.649,33.1168],[-91.6484,33.1163],[-91.648,33.1165],[-91.6471,33.116],[-91.6466,33.1167],[-91.6448,33.1171],[-91.6418,33.1191],[-91.6399,33.1195],[-91.6378,33.1209],[-91.6372,33.121],[-91.6368,33.1215],[-91.6374,33.122],[-91.6373,33.1223],[-91.6367,33.1222],[-91.6358,33.1225],[-91.635,33.1232],[-91.6351,33.1238],[-91.6347,33.1243],[-91.6342,33.1241],[-91.6338,33.1249],[-91.6332,33.1251],[-91.6327,33.126],[-91.6334,33.1265],[-91.6327,33.1265],[-91.6321,33.1269],[-91.6304,33.1297],[-91.6284,33.1316],[-91.6284,33.1321],[-91.6291,33.1323],[-91.6283,33.1328],[-91.6283,33.1333],[-91.6281,33.1338],[-91.6282,33.1345],[-91.6278,33.1344],[-91.6272,33.1358],[-91.6275,33.1364],[-91.6269,33.137],[-91.627,33.1387],[-91.6274,33.1393],[-91.6276,33.1401],[-91.6282,33.1407],[-91.6277,33.1407],[-91.6275,33.1416],[-91.6282,33.1432],[-91.6287,33.1456],[-91.6285,33.1462],[-91.6288,33.1467],[-91.6287,33.1471],[-91.6292,33.1474],[-91.6291,33.1483],[-91.6285,33.1484],[-91.6288,33.149],[-91.6292,33.149],[-91.6292,33.1497],[-91.6283,33.1501],[-91.6276,33.1511],[-91.6281,33.1513],[-91.6282,33.1516],[-91.6292,33.1519],[-91.6291,33.1524],[-91.5942,33.1514]]],[[[-91.6331,33.1081],[-91.6347,33.1034],[-91.6331,33.1081],[-91.6331,33.1081]]],[[[-91.6284,33.083],[-91.6285,33.0804],[-91.6284,33.0829],[-91.6284,33.083]]],[[[-91.6922,33.0482],[-91.6921,33.048],[-91.6921,33.0481],[-91.6922,33.0482]]],[[[-91.6921,33.0478],[-91.6922,33.0477],[-91.6921,33.0478],[-91.6921,33.0478]]],[[[-91.6633,33.0464],[-91.6633,33.0464],[-91.6626,33.0464],[-91.6633,33.0464]]],[[[-91.5928,33.1637],[-91.5927,33.1624],[-91.5939,33.1588],[-91.6111,33.1591],[-91.6112,33.1596],[-91.6108,33.1601],[-91.6098,33.1607],[-91.61,33.1613],[-91.6097,33.1615],[-91.6091,33.1616],[-91.6085,33.162],[-91.6085,33.1624],[-91.6095,33.1631],[-91.6092,33.1635],[-91.6083,33.1638],[-91.6072,33.1649],[-91.6062,33.165],[-91.6057,33.1658],[-91.6054,33.1668],[-91.6062,33.1672],[-91.6065,33.168],[-91.6073,33.1683],[-91.6071,33.1689],[-91.6082,33.1693],[-91.6081,33.1697],[-91.6071,33.17],[-91.5997,33.1698],[-91.5943,33.166],[-91.5933,33.1649],[-91.5928,33.1637]]]]},"properties":{"id":"usgs-pad-us-fee-managers:4166","name":"Overflow National Wildlife Refuge","kind":"land","category":"public-land","sourceCategory":"public-land","sourceId":"usgs-pad-us-fee-managers","sourceUrl":"https://services.arcgis.com/v01gqwM5QqNysAAi/arcgis/rest/services/Fee_Managers_PADUS/FeatureServer/0","sourceUpdated":"2021-01-28T05:00:00.000Z","publicUse":"PAD-US reports restricted access; confirm permits and seasonal rules with the manager.","unit":"FWS","origin":"public-catalog"}},{"type":"Feature","id":"usgs-pad-us-fee-managers:4212","geometry":{"type":"MultiPolygon","coordinates":[[[[-94.1392,33.8104],[-94.1366,33.8104],[-94.1364,33.8067],[-94.1321,33.8066],[-94.1321,33.7991],[-94.1174,33.7987],[-94.1175,33.7972],[-94.1216,33.7973],[-94.1235,33.7954],[-94.1257,33.7923],[-94.126,33.7915],[-94.128,33.7915],[-94.128,33.7891],[-94.1325,33.7892],[-94.1345,33.7889],[-94.1379,33.7873],[-94.1404,33.7865],[-94.1428,33.785],[-94.1441,33.7848],[-94.145,33.7942],[-94.1474,33.7941],[-94.1466,33.8033],[-94.1439,33.8032],[-94.1444,33.7995],[-94.1437,33.7995],[-94.1432,33.8032],[-94.1408,33.8031],[-94.1407,33.8104],[-94.1392,33.8104]]],[[[-94.1409,33.7994],[-94.141,33.7987],[-94.1409,33.7994],[-94.1409,33.7994]]],[[[-94.141,33.7956],[-94.1409,33.7956],[-94.141,33.7956],[-94.141,33.7956]]],[[[-94.1366,33.792],[-94.1345,33.7919],[-94.1366,33.792],[-94.1366,33.792]]],[[[-94.2187,33.8093],[-94.2188,33.8088],[-94.2231,33.809],[-94.223,33.8117],[-94.2224,33.8127],[-94.222,33.8151],[-94.2216,33.8157],[-94.2199,33.8157],[-94.2194,33.8155],[-94.219,33.8148],[-94.2187,33.8131],[-94.2187,33.8093]]],[[[-94.1449,33.8161],[-94.1449,33.8141],[-94.1456,33.8141],[-94.1454,33.8161],[-94.1449,33.8161]]],[[[-94.1443,33.8168],[-94.1443,33.8165],[-94.1454,33.8166],[-94.1453,33.8179],[-94.1445,33.8179],[-94.1443,33.8168]]],[[[-94.2003,33.8803],[-94.2015,33.8791],[-94.2027,33.8788],[-94.2038,33.8778],[-94.2038,33.8801],[-94.2027,33.8803],[-94.2019,33.8813],[-94.2007,33.8818],[-94.2,33.8811],[-94.2003,33.8803]]],[[[-94.1996,33.8833],[-94.1996,33.8864],[-94.1982,33.8862],[-94.1987,33.885],[-94.1987,33.8833],[-94.1996,33.8833]]],[[[-94.3087,33.884],[-94.3132,33.8841],[-94.313,33.8912],[-94.3086,33.8912],[-94.3087,33.884]]],[[[-94.1949,33.8499],[-94.1938,33.849],[-94.1938,33.8484],[-94.1941,33.848],[-94.196,33.8468],[-94.1966,33.8469],[-94.1973,33.8475],[-94.1979,33.8475],[-94.1982,33.8472],[-94.1982,33.8462],[-94.1978,33.8456],[-94.1962,33.8451],[-94.1958,33.8448],[-94.1959,33.8445],[-94.2049,33.8448],[-94.2051,33.8412],[-94.2007,33.8411],[-94.2009,33.8374],[-94.1925,33.837],[-94.1921,33.8409],[-94.1879,33.8408],[-94.1876,33.8442],[-94.1833,33.8441],[-94.1836,33.8368],[-94.1878,33.837],[-94.1881,33.8334],[-94.1838,33.8334],[-94.1836,33.8368],[-94.1791,33.8368],[-94.1791,33.8404],[-94.171,33.8404],[-94.1709,33.8366],[-94.1661,33.8367],[-94.1659,33.8438],[-94.1627,33.8439],[-94.1628,33.8404],[-94.1617,33.8404],[-94.1618,33.8367],[-94.1574,33.8366],[-94.1575,33.833],[-94.1619,33.8331],[-94.1622,33.822],[-94.1491,33.8217],[-94.1492,33.8182],[-94.1458,33.818],[-94.1463,33.8141],[-94.1472,33.8141],[-94.1482,33.8034],[-94.147,33.8033],[-94.1479,33.7942],[-94.1517,33.7943],[-94.1541,33.7962],[-94.1564,33.7971],[-94.1581,33.7972],[-94.1582,33.7998],[-94.1669,33.7998],[-94.1669,33.798],[-94.1627,33.7961],[-94.1628,33.7927],[-94.1648,33.7927],[-94.1669,33.7953],[-94.167,33.7963],[-94.1694,33.7964],[-94.1695,33.7968],[-94.173,33.7969],[-94.1736,33.7964],[-94.1747,33.7965],[-94.1746,33.801],[-94.1779,33.8038],[-94.1798,33.8039],[-94.1798,33.8075],[-94.1824,33.8075],[-94.1826,33.809],[-94.1841,33.8109],[-94.1858,33.8119],[-94.1879,33.8124],[-94.1918,33.8125],[-94.1937,33.8115],[-94.1983,33.8098],[-94.2086,33.8083],[-94.2125,33.8069],[-94.213,33.807],[-94.2135,33.8061],[-94.213,33.8054],[-94.2133,33.8038],[-94.2152,33.8027],[-94.2169,33.8028],[-94.2174,33.8032],[-94.2176,33.8038],[-94.2176,33.8066],[-94.2182,33.8087],[-94.218,33.8139],[-94.2183,33.8151],[-94.2187,33.8157],[-94.2199,33.8165],[-94.2215,33.8163],[-94.2225,33.8158],[-94.2229,33.8129],[-94.2235,33.8119],[-94.2246,33.8113],[-94.2277,33.8101],[-94.2293,33.8088],[-94.2296,33.8081],[-94.2295,33.8064],[-94.2286,33.8039],[-94.2286,33.8027],[-94.2292,33.8016],[-94.2302,33.8013],[-94.2308,33.8013],[-94.2333,33.8031],[-94.234,33.8033],[-94.2351,33.8031],[-94.2367,33.8023],[-94.2379,33.8021],[-94.2388,33.8029],[-94.2387,33.8042],[-94.2382,33.8048],[-94.2381,33.8055],[-94.2383,33.807],[-94.239,33.8082],[-94.2404,33.8088],[-94.2429,33.809],[-94.2459,33.8113],[-94.2494,33.8117],[-94.2502,33.8119],[-94.2507,33.8124],[-94.2509,33.813],[-94.2502,33.8152],[-94.2502,33.8164],[-94.2507,33.8177],[-94.2516,33.8185],[-94.254,33.819],[-94.2556,33.8185],[-94.2575,33.8176],[-94.2582,33.8175],[-94.2597,33.8181],[-94.2609,33.8193],[-94.2625,33.8199],[-94.2641,33.8197],[-94.2646,33.8191],[-94.2642,33.8183],[-94.2651,33.8175],[-94.2664,33.8172],[-94.268,33.8174],[-94.2686,33.8178],[-94.269,33.8184],[-94.2699,33.8208],[-94.2708,33.8219],[-94.272,33.8226],[-94.2746,33.8223],[-94.2762,33.8229],[-94.277,33.8264],[-94.2786,33.8284],[-94.2802,33.8295],[-94.2835,33.8303],[-94.2861,33.8301],[-94.2879,33.8294],[-94.2889,33.8286],[-94.2915,33.8252],[-94.2934,33.8237],[-94.2983,33.8224],[-94.3006,33.8216],[-94.3026,33.8217],[-94.3037,33.8224],[-94.304,33.8233],[-94.3035,33.8248],[-94.303,33.8254],[-94.3024,33.8256],[-94.3001,33.825],[-94.2974,33.8252],[-94.2968,33.8256],[-94.2958,33.8269],[-94.2958,33.8291],[-94.2931,33.8291],[-94.2929,33.8327],[-94.3018,33.8329],[-94.3012,33.8474],[-94.3018,33.8474],[-94.3013,33.8509],[-94.3025,33.8532],[-94.3036,33.854],[-94.3062,33.8543],[-94.3078,33.8542],[-94.3105,33.8532],[-94.3128,33.8533],[-94.3135,33.8537],[-94.3153,33.8558],[-94.3169,33.8563],[-94.3186,33.8561],[-94.3179,33.8751],[-94.318,33.877],[-94.3004,33.8763],[-94.3005,33.8691],[-94.2917,33.8689],[-94.2915,33.876],[-94.3004,33.8763],[-94.3003,33.8801],[-94.2959,33.88],[-94.2956,33.8873],[-94.2912,33.8872],[-94.2913,33.8835],[-94.2827,33.8833],[-94.2828,33.8797],[-94.287,33.8797],[-94.2871,33.8759],[-94.2786,33.8757],[-94.2783,33.8796],[-94.2742,33.8795],[-94.274,33.8751],[-94.2745,33.8685],[-94.2656,33.8682],[-94.2654,33.8751],[-94.261,33.8751],[-94.2611,33.8718],[-94.2526,33.8715],[-94.2527,33.8679],[-94.2394,33.8675],[-94.239,33.8746],[-94.2409,33.8746],[-94.2411,33.871],[-94.2435,33.8711],[-94.2433,33.8782],[-94.2478,33.8783],[-94.2475,33.8857],[-94.2516,33.8858],[-94.2516,33.8894],[-94.2473,33.8894],[-94.2475,33.8857],[-94.2388,33.8855],[-94.2387,33.8895],[-94.2431,33.8896],[-94.2428,33.8968],[-94.2386,33.8968],[-94.2386,33.8973],[-94.2134,33.8888],[-94.2107,33.8883],[-94.2077,33.8882],[-94.208,33.8847],[-94.2123,33.8849],[-94.2125,33.8814],[-94.2174,33.8816],[-94.2178,33.867],[-94.2086,33.8668],[-94.2091,33.8559],[-94.2028,33.8558],[-94.2018,33.8549],[-94.1998,33.8546],[-94.1994,33.8548],[-94.1995,33.8556],[-94.1963,33.8556],[-94.1958,33.8552],[-94.1956,33.8538],[-94.1967,33.8533],[-94.1969,33.8524],[-94.1966,33.8518],[-94.1954,33.8512],[-94.1949,33.8499]]],[[[-94.2137,33.8306],[-94.2139,33.8269],[-94.2058,33.8267],[-94.2055,33.8303],[-94.2137,33.8306]]],[[[-94.2539,33.8279],[-94.2579,33.828],[-94.2581,33.8245],[-94.2541,33.8242],[-94.2539,33.8279]]],[[[-94.2708,33.8219],[-94.2704,33.8215],[-94.2708,33.8219],[-94.2708,33.8219]]],[[[-94.2442,33.8099],[-94.2439,33.8098],[-94.2439,33.8098],[-94.2442,33.8099]]],[[[-94.1845,33.8112],[-94.1843,33.8111],[-94.185,33.8115],[-94.1845,33.8112]]],[[[-94.2161,33.8959],[-94.2159,33.8996],[-94.212,33.8995],[-94.2121,33.8957],[-94.2161,33.8959]]],[[[-94.3852,33.9008],[-94.3852,33.8969],[-94.3871,33.8969],[-94.3873,33.8952],[-94.3889,33.8955],[-94.3898,33.8964],[-94.3903,33.8974],[-94.3901,33.8983],[-94.3881,33.9002],[-94.3872,33.9016],[-94.387,33.9034],[-94.3874,33.9059],[-94.3866,33.9079],[-94.3853,33.9079],[-94.3857,33.9065],[-94.3852,33.9008]]],[[[-94.2159,33.8996],[-94.2202,33.8998],[-94.2205,33.8961],[-94.2161,33.8959],[-94.2163,33.8924],[-94.2121,33.8924],[-94.2122,33.8891],[-94.2165,33.8903],[-94.2386,33.8977],[-94.2382,33.9038],[-94.2292,33.9036],[-94.2289,33.9111],[-94.2251,33.9111],[-94.225,33.9181],[-94.2197,33.9179],[-94.2201,33.9107],[-94.2156,33.9104],[-94.2159,33.8996]]],[[[-94.3767,33.9218],[-94.3775,33.9204],[-94.3775,33.9218],[-94.3767,33.9218]]],[[[-94.3603,33.9143],[-94.3647,33.9144],[-94.3648,33.9108],[-94.3604,33.9107],[-94.3603,33.9143],[-94.356,33.9142],[-94.3557,33.9214],[-94.3514,33.9213],[-94.3519,33.9069],[-94.3432,33.9066],[-94.3432,33.91],[-94.3474,33.9102],[-94.3472,33.914],[-94.334,33.9137],[-94.3344,33.9028],[-94.331,33.9027],[-94.3309,33.9035],[-94.33,33.9035],[-94.3299,33.9041],[-94.3292,33.9037],[-94.3291,33.9047],[-94.3299,33.9052],[-94.3298,33.9064],[-94.3168,33.906],[-94.3171,33.8986],[-94.3258,33.8988],[-94.326,33.8916],[-94.3174,33.8914],[-94.3177,33.884],[-94.3308,33.8843],[-94.3308,33.8879],[-94.335,33.8881],[-94.3349,33.8919],[-94.3305,33.8917],[-94.3305,33.8952],[-94.3347,33.8954],[-94.3349,33.8919],[-94.3525,33.8922],[-94.3529,33.8815],[-94.3568,33.8815],[-94.357,33.8781],[-94.3611,33.8785],[-94.361,33.8859],[-94.3615,33.8872],[-94.3622,33.8881],[-94.3649,33.8895],[-94.3699,33.8912],[-94.3724,33.8913],[-94.3744,33.8917],[-94.3781,33.8938],[-94.3781,33.9002],[-94.3821,33.9004],[-94.3823,33.8967],[-94.3849,33.8968],[-94.3847,33.8987],[-94.3849,33.9027],[-94.3854,33.9059],[-94.3852,33.9079],[-94.3848,33.9079],[-94.3839,33.9098],[-94.3808,33.9144],[-94.3778,33.9145],[-94.3776,33.9201],[-94.375,33.9239],[-94.3745,33.9255],[-94.3738,33.9265],[-94.3723,33.9262],[-94.3698,33.9265],[-94.3697,33.926],[-94.37,33.9257],[-94.3696,33.9254],[-94.369,33.9257],[-94.3686,33.9263],[-94.3688,33.9218],[-94.3601,33.9215],[-94.3603,33.9143]]]]},"properties":{"id":"usgs-pad-us-fee-managers:4212","name":"Pond Creek National Wildlife Refuge","kind":"land","category":"public-land","sourceCategory":"public-land","sourceId":"usgs-pad-us-fee-managers","sourceUrl":"https://services.arcgis.com/v01gqwM5QqNysAAi/arcgis/rest/services/Fee_Managers_PADUS/FeatureServer/0","sourceUpdated":"2021-01-28T05:00:00.000Z","publicUse":"PAD-US reports restricted access; confirm permits and seasonal rules with the manager.","unit":"FWS","origin":"public-catalog"}},{"type":"Feature","id":"usgs-pad-us-fee-managers:4408","geometry":{"type":"MultiPolygon","coordinates":[[[[-92.1199,33.0085],[-92.1214,33.0085],[-92.1214,33.0085],[-92.1199,33.0085]]],[[[-92.1083,33.0083],[-92.1119,33.0084],[-92.0981,33.0082],[-92.1083,33.0083]]]]},"properties":{"id":"usgs-pad-us-fee-managers:4408","name":"Upper Ouachita National Wildlife Refuge","kind":"land","category":"public-land","sourceCategory":"public-land","sourceId":"usgs-pad-us-fee-managers","sourceUrl":"https://services.arcgis.com/v01gqwM5QqNysAAi/arcgis/rest/services/Fee_Managers_PADUS/FeatureServer/0","sourceUpdated":"2021-01-28T05:00:00.000Z","publicUse":"PAD-US reports restricted access; confirm permits and seasonal rules with the manager.","unit":"FWS","origin":"public-catalog"}},{"type":"Feature","id":"usgs-pad-us-fee-managers:4427","geometry":{"type":"Polygon","coordinates":[[[-90.241,35.3688],[-90.2387,35.3686],[-90.2347,35.3693],[-90.2347,35.3686],[-90.2259,35.3685],[-90.2259,35.3649],[-90.1995,35.3645],[-90.1997,35.35],[-90.182,35.3498],[-90.1823,35.3313],[-90.1851,35.3298],[-90.198,35.3293],[-90.2038,35.3278],[-90.2067,35.3274],[-90.2072,35.3276],[-90.2105,35.3265],[-90.2162,35.3259],[-90.2229,35.3265],[-90.23,35.3284],[-90.2323,35.3297],[-90.2357,35.3322],[-90.2406,35.3341],[-90.2432,35.3355],[-90.2447,35.337],[-90.2467,35.3433],[-90.2474,35.3432],[-90.2529,35.3616],[-90.2543,35.3651],[-90.2542,35.366],[-90.2549,35.3676],[-90.2553,35.3705],[-90.2528,35.3704],[-90.2526,35.3725],[-90.244,35.3724],[-90.2441,35.369],[-90.241,35.3688]]]},"properties":{"id":"usgs-pad-us-fee-managers:4427","name":"Wapanocca National Wildlife Refuge","kind":"land","category":"public-land","sourceCategory":"public-land","sourceId":"usgs-pad-us-fee-managers","sourceUrl":"https://services.arcgis.com/v01gqwM5QqNysAAi/arcgis/rest/services/Fee_Managers_PADUS/FeatureServer/0","sourceUpdated":"2021-01-28T05:00:00.000Z","publicUse":"PAD-US reports restricted access; confirm permits and seasonal rules with the manager.","unit":"FWS","origin":"public-catalog"}},{"type":"Feature","id":"usgs-pad-us-fee-managers:4507","geometry":{"type":"MultiPolygon","coordinates":[[[[-91.5014,35.2096],[-91.5014,35.2076],[-91.4832,35.2074],[-91.4834,35.2032],[-91.4848,35.204],[-91.4855,35.204],[-91.4863,35.2037],[-91.49,35.1966],[-91.4926,35.1929],[-91.4933,35.1907],[-91.4944,35.1897],[-91.4952,35.1897],[-91.5012,35.1925],[-91.5014,35.1931],[-91.5009,35.1945],[-91.4984,35.197],[-91.4976,35.1985],[-91.4976,35.1997],[-91.4982,35.2017],[-91.4976,35.2021],[-91.4984,35.2019],[-91.4988,35.2025],[-91.5001,35.2036],[-91.5023,35.2047],[-91.5037,35.2042],[-91.5041,35.2038],[-91.5049,35.201],[-91.5068,35.1994],[-91.507,35.199],[-91.5068,35.1977],[-91.5052,35.1953],[-91.5045,35.1916],[-91.5052,35.1902],[-91.507,35.189],[-91.5093,35.1888],[-91.5107,35.189],[-91.512,35.1902],[-91.5127,35.1919],[-91.5133,35.1927],[-91.5159,35.1943],[-91.5177,35.1948],[-91.5221,35.1941],[-91.5264,35.194],[-91.5273,35.1938],[-91.529,35.1924],[-91.5317,35.1891],[-91.5327,35.1885],[-91.5342,35.1883],[-91.5372,35.1889],[-91.5406,35.1879],[-91.5422,35.1883],[-91.5431,35.1895],[-91.5438,35.1915],[-91.5433,35.1931],[-91.5419,35.1942],[-91.5373,35.196],[-91.5359,35.1972],[-91.5353,35.1982],[-91.535,35.1997],[-91.5352,35.2012],[-91.5359,35.2033],[-91.5371,35.2052],[-91.5371,35.208],[-91.5103,35.2077],[-91.5103,35.2112],[-91.5014,35.211],[-91.5014,35.2096]]],[[[-91.5547,35.2069],[-91.5547,35.2087],[-91.5547,35.2069],[-91.5591,35.2067],[-91.5611,35.2063],[-91.5619,35.2058],[-91.5646,35.2026],[-91.566,35.202],[-91.5683,35.2019],[-91.5724,35.2033],[-91.5725,35.209],[-91.5724,35.2033],[-91.5734,35.2034],[-91.574,35.2032],[-91.5746,35.2027],[-91.5766,35.2],[-91.5778,35.199],[-91.5792,35.1985],[-91.5829,35.1977],[-91.5864,35.1964],[-91.5877,35.1962],[-91.5887,35.1965],[-91.5893,35.1972],[-91.5891,35.1997],[-91.5893,35.2008],[-91.5904,35.2024],[-91.5916,35.2034],[-91.5954,35.2048],[-91.5982,35.205],[-91.6038,35.2042],[-91.6042,35.2054],[-91.6055,35.2056],[-91.6058,35.2043],[-91.6071,35.2046],[-91.6089,35.2055],[-91.6104,35.2069],[-91.6129,35.2101],[-91.617,35.2161],[-91.6194,35.2204],[-91.6198,35.223],[-91.6195,35.2267],[-91.6197,35.2282],[-91.6196,35.2296],[-91.6191,35.231],[-91.6169,35.234],[-91.6163,35.2355],[-91.612,35.2354],[-91.612,35.2284],[-91.6076,35.2283],[-91.6076,35.2313],[-91.6031,35.2313],[-91.6029,35.2387],[-91.6076,35.2389],[-91.6076,35.2371],[-91.6159,35.2371],[-91.6159,35.239],[-91.6172,35.2409],[-91.6191,35.242],[-91.6235,35.243],[-91.6245,35.2436],[-91.6251,35.2441],[-91.6251,35.2473],[-91.6225,35.2536],[-91.6163,35.2535],[-91.6162,35.2574],[-91.6148,35.2574],[-91.6136,35.2578],[-91.6123,35.2591],[-91.6118,35.2607],[-91.6125,35.2624],[-91.6133,35.2635],[-91.6151,35.2644],[-91.615,35.2681],[-91.6071,35.268],[-91.6071,35.27],[-91.6027,35.2716],[-91.5986,35.2715],[-91.5983,35.2898],[-91.5842,35.2984],[-91.5845,35.2858],[-91.5802,35.2858],[-91.5801,35.2892],[-91.5711,35.2892],[-91.5711,35.2897],[-91.5691,35.2897],[-91.5691,35.2913],[-91.5711,35.2913],[-91.5711,35.2926],[-91.5533,35.2924],[-91.5534,35.2888],[-91.5577,35.2888],[-91.5577,35.2851],[-91.5535,35.2851],[-91.554,35.2526],[-91.5455,35.2523],[-91.5456,35.2373],[-91.5546,35.2373],[-91.5549,35.2228],[-91.5368,35.2225],[-91.5371,35.2088],[-91.5404,35.2089],[-91.5428,35.2085],[-91.5466,35.2084],[-91.5547,35.2069]]],[[[-91.5548,35.2126],[-91.563,35.2126],[-91.5629,35.2088],[-91.5547,35.2088],[-91.5548,35.2126]]],[[[-91.567,35.271],[-91.5715,35.2711],[-91.5716,35.2675],[-91.5671,35.2674],[-91.567,35.271]]],[[[-91.5919,35.2713],[-91.5919,35.2751],[-91.5939,35.2751],[-91.5939,35.2713],[-91.5919,35.2713]]],[[[-91.5714,35.2781],[-91.5759,35.2782],[-91.5759,35.2747],[-91.5715,35.2747],[-91.5714,35.2781]]]]},"properties":{"id":"usgs-pad-us-fee-managers:4507","name":"Bald Knob National Wildlife Refuge","kind":"land","category":"public-land","sourceCategory":"public-land","sourceId":"usgs-pad-us-fee-managers","sourceUrl":"https://services.arcgis.com/v01gqwM5QqNysAAi/arcgis/rest/services/Fee_Managers_PADUS/FeatureServer/0","sourceUpdated":"2021-12-08T05:00:00.000Z","publicUse":"PAD-US reports restricted access; confirm permits and seasonal rules with the manager.","unit":"FWS","origin":"public-catalog"}},{"type":"Feature","id":"usgs-pad-us-fee-managers:4537","geometry":{"type":"MultiPolygon","coordinates":[[[[-90.1274,35.8494],[-90.1276,35.8489],[-90.1279,35.8491],[-90.1283,35.8486],[-90.1289,35.8487],[-90.1291,35.8485],[-90.1296,35.8487],[-90.1304,35.8509],[-90.1274,35.8494]]],[[[-90.137,35.8539],[-90.1377,35.853],[-90.1392,35.8536],[-90.1385,35.8546],[-90.137,35.8539]]],[[[-90.141,35.9188],[-90.1408,35.9169],[-90.142,35.9175],[-90.1421,35.9184],[-90.1427,35.9191],[-90.141,35.9188]]],[[[-90.1259,35.9972],[-90.1259,35.9972],[-90.1259,35.9979],[-90.1259,35.9972]]],[[[-90.0952,35.9238],[-90.097,35.9238],[-90.0952,35.9238],[-90.0954,35.9107],[-90.0958,35.9104],[-90.0959,35.9092],[-90.0965,35.9091],[-90.0966,35.9057],[-90.0965,35.9031],[-90.092,35.8948],[-90.092,35.8874],[-90.0954,35.8827],[-90.0955,35.8811],[-90.0959,35.8801],[-90.0956,35.8801],[-90.1004,35.8728],[-90.1017,35.8728],[-90.1019,35.8698],[-90.1002,35.8698],[-90.101,35.8698],[-90.1002,35.8698],[-90.1002,35.8682],[-90.1026,35.8622],[-90.1028,35.8616],[-90.1038,35.8616],[-90.1103,35.8562],[-90.1177,35.8512],[-90.1188,35.851],[-90.1232,35.8509],[-90.1231,35.8522],[-90.1233,35.8494],[-90.1258,35.8476],[-90.1266,35.848],[-90.1266,35.8457],[-90.1283,35.8447],[-90.1294,35.8436],[-90.1289,35.8476],[-90.1286,35.848],[-90.1279,35.8479],[-90.129,35.8484],[-90.1275,35.8481],[-90.1267,35.8491],[-90.1265,35.8491],[-90.1384,35.8547],[-90.14,35.8558],[-90.1398,35.856],[-90.1382,35.855],[-90.1264,35.8493],[-90.1265,35.8491],[-90.1262,35.8494],[-90.1247,35.8501],[-90.1262,35.8494],[-90.1381,35.8551],[-90.1375,35.856],[-90.1374,35.8566],[-90.1385,35.8611],[-90.1384,35.8616],[-90.1356,35.864],[-90.1328,35.8672],[-90.1318,35.8688],[-90.1315,35.8718],[-90.1315,35.8787],[-90.132,35.8793],[-90.1323,35.8834],[-90.1324,35.8893],[-90.1335,35.892],[-90.1348,35.8929],[-90.1357,35.8955],[-90.1355,35.8997],[-90.1348,35.9023],[-90.1353,35.9062],[-90.1342,35.9057],[-90.1337,35.9048],[-90.1335,35.9058],[-90.1339,35.908],[-90.1353,35.913],[-90.1373,35.9149],[-90.1385,35.9169],[-90.1396,35.9197],[-90.1407,35.9201],[-90.1447,35.9198],[-90.145,35.9201],[-90.1414,35.9234],[-90.1451,35.9201],[-90.1471,35.9227],[-90.1476,35.9236],[-90.1413,35.9235],[-90.1413,35.9245],[-90.1446,35.9244],[-90.1455,35.9263],[-90.1453,35.9281],[-90.1446,35.9313],[-90.1442,35.9354],[-90.1447,35.9418],[-90.1444,35.9451],[-90.1415,35.9539],[-90.1375,35.9589],[-90.137,35.9598],[-90.1366,35.9598],[-90.1365,35.9603],[-90.1369,35.9603],[-90.1369,35.9624],[-90.1372,35.9636],[-90.1379,35.9647],[-90.1371,35.9638],[-90.1383,35.9653],[-90.1384,35.9665],[-90.1386,35.9658],[-90.1386,35.9741],[-90.1381,35.977],[-90.1381,35.9787],[-90.1358,35.98],[-90.1341,35.9817],[-90.1333,35.982],[-90.1323,35.983],[-90.1312,35.9844],[-90.1314,35.9859],[-90.1301,35.986],[-90.1264,35.9891],[-90.1259,35.9902],[-90.1262,35.995],[-90.1259,35.996],[-90.1251,35.9965],[-90.1251,35.9972],[-90.1259,35.9972],[-90.1259,35.9979],[-90.1082,35.998],[-90.1082,35.9958],[-90.1096,35.9958],[-90.1134,35.9886],[-90.113,35.9886],[-90.1166,35.9817],[-90.1167,35.9741],[-90.1169,35.9741],[-90.1211,35.9673],[-90.1214,35.9628],[-90.123,35.9596],[-90.123,35.9456],[-90.1096,35.9353],[-90.1093,35.9348],[-90.1094,35.9321],[-90.1091,35.9312],[-90.1004,35.9289],[-90.1004,35.9298],[-90.0951,35.9281],[-90.0952,35.9238]]],[[[-90.1018,35.8697],[-90.1011,35.8698],[-90.1011,35.8698],[-90.1018,35.8697]]],[[[-90.1303,35.943],[-90.1305,35.9425],[-90.1307,35.9416],[-90.1303,35.943]]],[[[-90.1327,35.9434],[-90.1325,35.9437],[-90.1324,35.944],[-90.1327,35.9434]]],[[[-90.1305,35.9453],[-90.1303,35.9453],[-90.1305,35.9453],[-90.1305,35.9453]]],[[[-90.1308,35.9475],[-90.1307,35.9474],[-90.1305,35.9472],[-90.1308,35.9475]]],[[[-90.1306,35.9479],[-90.1305,35.9481],[-90.1307,35.9478],[-90.1306,35.9479]]],[[[-90.1316,35.948],[-90.1317,35.9486],[-90.1317,35.9491],[-90.1316,35.948]]],[[[-90.1302,35.9515],[-90.1302,35.9515],[-90.1303,35.9514],[-90.1302,35.9515]]],[[[-90.1295,35.9531],[-90.1295,35.9529],[-90.1295,35.9527],[-90.1295,35.9531]]],[[[-90.137,35.9636],[-90.1369,35.9625],[-90.1369,35.9629],[-90.137,35.9636]]],[[[-90.12,35.9789],[-90.1193,35.9797],[-90.1207,35.9779],[-90.12,35.9789]]],[[[-90.1192,35.9807],[-90.1192,35.9807],[-90.1192,35.9803],[-90.1192,35.9807]]],[[[-90.119,35.984],[-90.119,35.984],[-90.1189,35.9839],[-90.119,35.984]]],[[[-90.1182,35.9863],[-90.1182,35.9863],[-90.1184,35.9859],[-90.1182,35.9863]]],[[[-90.1186,35.9876],[-90.1186,35.9876],[-90.1186,35.9874],[-90.1186,35.9876]]],[[[-90.125,35.9894],[-90.1252,35.9936],[-90.1252,35.9935],[-90.125,35.9894]]],[[[-90.1198,35.9931],[-90.1199,35.9951],[-90.1199,35.9938],[-90.1198,35.9931]]],[[[-90.1201,35.9929],[-90.1202,35.9931],[-90.12,35.9927],[-90.1201,35.9929]]],[[[-90.12,35.9922],[-90.12,35.9922],[-90.12,35.9926],[-90.12,35.9922]]],[[[-90.12,35.9908],[-90.1201,35.9906],[-90.1197,35.9914],[-90.12,35.9908]]],[[[-90.1362,35.9211],[-90.1363,35.9211],[-90.1361,35.9211],[-90.1362,35.9211]]],[[[-90.1351,35.9206],[-90.1351,35.9206],[-90.1355,35.9208],[-90.1351,35.9206]]],[[[-90.131,35.919],[-90.1314,35.9186],[-90.1313,35.9187],[-90.131,35.919]]],[[[-90.1324,35.919],[-90.1322,35.919],[-90.1323,35.919],[-90.1324,35.919]]],[[[-90.1291,35.8876],[-90.1291,35.8877],[-90.1292,35.8877],[-90.1291,35.8876]]],[[[-90.1273,35.8836],[-90.1273,35.8837],[-90.1274,35.8838],[-90.1273,35.8836]]],[[[-90.1262,35.8823],[-90.1265,35.8827],[-90.1265,35.8826],[-90.1262,35.8823]]],[[[-90.1239,35.8777],[-90.1238,35.8764],[-90.1238,35.8765],[-90.1239,35.8777]]],[[[-90.1208,35.8721],[-90.1207,35.8719],[-90.1208,35.872],[-90.1208,35.8721]]],[[[-90.1211,35.8678],[-90.1217,35.867],[-90.1207,35.8683],[-90.1211,35.8678]]],[[[-90.1322,35.864],[-90.1324,35.8637],[-90.1322,35.864],[-90.1322,35.864]]],[[[-90.1334,35.8629],[-90.1338,35.8628],[-90.1331,35.8631],[-90.1334,35.8629]]],[[[-90.1363,35.8619],[-90.1371,35.8617],[-90.1339,35.8628],[-90.1363,35.8619]]],[[[-90.1241,35.8608],[-90.1243,35.8608],[-90.1239,35.8608],[-90.1241,35.8608]]],[[[-90.1275,35.861],[-90.1275,35.8589],[-90.1275,35.8609],[-90.1275,35.861]]],[[[-90.1376,35.8605],[-90.1376,35.861],[-90.1376,35.861],[-90.1376,35.8605]]],[[[-90.1252,35.8582],[-90.1253,35.8582],[-90.1229,35.8581],[-90.1252,35.8582]]],[[[-90.1372,35.8581],[-90.1372,35.858],[-90.1373,35.8583],[-90.1372,35.8581]]],[[[-90.1344,35.8574],[-90.1348,35.8572],[-90.1346,35.8573],[-90.1344,35.8574]]],[[[-90.1295,35.8541],[-90.1294,35.854],[-90.1295,35.8541],[-90.1295,35.8541]]],[[[-90.1237,35.8505],[-90.1238,35.8504],[-90.1237,35.8505],[-90.1237,35.8505]]],[[[-90.1268,35.8487],[-90.1269,35.8485],[-90.1267,35.8489],[-90.1268,35.8487]]],[[[-90.1267,35.8486],[-90.1268,35.8485],[-90.1267,35.8488],[-90.1267,35.8486]]],[[[-90.1269,35.8481],[-90.1269,35.8481],[-90.1268,35.8483],[-90.1269,35.8481]]]]},"properties":{"id":"usgs-pad-us-fee-managers:4537","name":"Big Lake National Wildlife Refuge","kind":"land","category":"public-land","sourceCategory":"public-land","sourceId":"usgs-pad-us-fee-managers","sourceUrl":"https://services.arcgis.com/v01gqwM5QqNysAAi/arcgis/rest/services/Fee_Managers_PADUS/FeatureServer/0","sourceUpdated":"2021-12-08T05:00:00.000Z","publicUse":"PAD-US reports restricted access; confirm permits and seasonal rules with the manager.","unit":"FWS","origin":"public-catalog"}},{"type":"Feature","id":"usgs-pad-us-fee-managers:4590","geometry":{"type":"Polygon","coordinates":[[[-91.3268,35.1028],[-91.3268,35.1021],[-91.3191,35.1019],[-91.3191,35.0985],[-91.3355,35.0988],[-91.3353,35.106],[-91.3267,35.1059],[-91.3268,35.1028]]]},"properties":{"id":"usgs-pad-us-fee-managers:4590","name":"Cache River National Wildlife Refuge","kind":"land","category":"public-land","sourceCategory":"public-land","sourceId":"usgs-pad-us-fee-managers","sourceUrl":"https://services.arcgis.com/v01gqwM5QqNysAAi/arcgis/rest/services/Fee_Managers_PADUS/FeatureServer/0","sourceUpdated":"2021-12-08T05:00:00.000Z","publicUse":"PAD-US reports restricted access; confirm permits and seasonal rules with the manager.","unit":"FWS","origin":"public-catalog"}},{"type":"Feature","id":"usgs-pad-us-fee-managers:4591","geometry":{"type":"MultiPolygon","coordinates":[[[[-91.3386,34.6742],[-91.3387,34.6752],[-91.331,34.6789],[-91.3286,34.6802],[-91.3275,34.6815],[-91.3247,34.6865],[-91.3235,34.6874],[-91.3218,34.6882],[-91.3191,34.6887],[-91.3172,34.6888],[-91.3171,34.6869],[-91.3163,34.6822],[-91.3196,34.6802],[-91.3247,34.6778],[-91.3372,34.6742],[-91.3386,34.6742]]],[[[-91.3187,34.6947],[-91.3176,34.6921],[-91.3172,34.6889],[-91.3216,34.6884],[-91.3237,34.6876],[-91.3247,34.6866],[-91.3279,34.6813],[-91.3291,34.68],[-91.3387,34.6754],[-91.3386,34.6802],[-91.3361,34.6805],[-91.3336,34.6815],[-91.3317,34.6831],[-91.3307,34.6849],[-91.3309,34.6862],[-91.3316,34.6878],[-91.334,34.6901],[-91.3342,34.6911],[-91.334,34.6921],[-91.3332,34.693],[-91.3316,34.6939],[-91.3301,34.6943],[-91.3275,34.6943],[-91.3254,34.6956],[-91.3249,34.6965],[-91.3247,34.6975],[-91.3254,34.6997],[-91.326,34.7005],[-91.3258,34.7012],[-91.325,34.7015],[-91.3243,34.7013],[-91.3233,34.6996],[-91.3204,34.6968],[-91.3187,34.6947]]],[[[-91.3526,34.6951],[-91.3484,34.6948],[-91.3472,34.6951],[-91.3472,34.6946],[-91.3516,34.6947],[-91.3518,34.6874],[-91.3563,34.6875],[-91.3566,34.6732],[-91.3612,34.6732],[-91.3613,34.6695],[-91.3703,34.6696],[-91.3703,34.6707],[-91.3747,34.6708],[-91.3746,34.6734],[-91.3701,34.6734],[-91.3699,34.677],[-91.3745,34.677],[-91.3738,34.695],[-91.3738,34.7025],[-91.365,34.7023],[-91.365,34.6986],[-91.3695,34.6988],[-91.3694,34.6952],[-91.3561,34.6948],[-91.356,34.7029],[-91.3529,34.7023],[-91.3522,34.702],[-91.3519,34.7015],[-91.3517,34.7009],[-91.3518,34.7],[-91.3533,34.6984],[-91.3542,34.6983],[-91.3548,34.6975],[-91.3543,34.6964],[-91.3526,34.6951]]],[[[-91.3797,34.7101],[-91.371,34.7101],[-91.3679,34.7109],[-91.366,34.711],[-91.3647,34.7114],[-91.3638,34.7123],[-91.3608,34.7139],[-91.3594,34.7138],[-91.3582,34.7134],[-91.3574,34.7126],[-91.3568,34.7113],[-91.357,34.71],[-91.3649,34.7101],[-91.3648,34.7037],[-91.3738,34.704],[-91.3738,34.7096],[-91.3826,34.7097],[-91.3827,34.7061],[-91.387,34.7062],[-91.387,34.7097],[-91.3914,34.7099],[-91.3911,34.7172],[-91.3833,34.7171],[-91.3841,34.7147],[-91.384,34.7129],[-91.3825,34.711],[-91.3797,34.7101]]],[[[-91.3739,34.7165],[-91.3739,34.7171],[-91.3739,34.7165],[-91.375,34.7168],[-91.38,34.719],[-91.3816,34.719],[-91.3822,34.7187],[-91.3821,34.7243],[-91.3778,34.7242],[-91.378,34.723],[-91.378,34.7215],[-91.3769,34.7195],[-91.3753,34.7179],[-91.3741,34.7171],[-91.3739,34.7171],[-91.3739,34.7175],[-91.3691,34.7155],[-91.3684,34.7134],[-91.3688,34.7133],[-91.3684,34.7124],[-91.3687,34.7118],[-91.3701,34.7114],[-91.3738,34.7113],[-91.3739,34.7123],[-91.3739,34.7113],[-91.3785,34.7114],[-91.381,34.7119],[-91.3824,34.7136],[-91.3826,34.7145],[-91.3821,34.7167],[-91.3814,34.7173],[-91.3799,34.7172],[-91.3739,34.7149],[-91.3739,34.7165]]],[[[-91.3074,34.7266],[-91.3079,34.725],[-91.3088,34.7235],[-91.3094,34.723],[-91.31,34.7231],[-91.3099,34.7229],[-91.3168,34.723],[-91.3146,34.7262],[-91.3138,34.7262],[-91.3116,34.7303],[-91.3082,34.7279],[-91.3074,34.7266]]],[[[-91.3735,34.7312],[-91.3733,34.736],[-91.3703,34.7367],[-91.3675,34.7387],[-91.3658,34.7394],[-91.3649,34.7395],[-91.3647,34.7393],[-91.3673,34.7385],[-91.3685,34.7372],[-91.3694,34.7351],[-91.3695,34.7313],[-91.3702,34.7304],[-91.3737,34.7278],[-91.3735,34.7312]]],[[[-91.3735,34.7312],[-91.3822,34.731],[-91.382,34.7385],[-91.3859,34.7385],[-91.3861,34.7421],[-91.3866,34.7437],[-91.3838,34.7447],[-91.3826,34.7457],[-91.38,34.7492],[-91.3782,34.7503],[-91.3774,34.7502],[-91.3769,34.7496],[-91.3768,34.7489],[-91.3768,34.7446],[-91.3774,34.7428],[-91.3779,34.7404],[-91.3774,34.7387],[-91.3762,34.7369],[-91.3748,34.7362],[-91.3733,34.736],[-91.3735,34.7312]]],[[[-91.3898,34.7581],[-91.39,34.753],[-91.3898,34.7581],[-91.3888,34.7577],[-91.3877,34.7568],[-91.3869,34.7554],[-91.3868,34.7544],[-91.3872,34.753],[-91.3877,34.7523],[-91.39,34.7502],[-91.39,34.753],[-91.39,34.7502],[-91.3912,34.7491],[-91.3916,34.7477],[-91.3912,34.7464],[-91.3904,34.7451],[-91.3904,34.7441],[-91.3915,34.7438],[-91.3919,34.7433],[-91.3922,34.7438],[-91.3947,34.7442],[-91.3946,34.7462],[-91.3991,34.7462],[-91.399,34.7507],[-91.3972,34.751],[-91.3958,34.752],[-91.3956,34.7525],[-91.3956,34.754],[-91.3965,34.7568],[-91.396,34.7583],[-91.3951,34.759],[-91.394,34.7592],[-91.3932,34.7592],[-91.3898,34.7581]]],[[[-91.4283,34.7835],[-91.4285,34.7834],[-91.4283,34.7829],[-91.4333,34.783],[-91.4332,34.7847],[-91.43,34.7845],[-91.4285,34.7839],[-91.4283,34.7835]]],[[[-91.4283,34.7901],[-91.4372,34.7902],[-91.4372,34.7876],[-91.4334,34.7875],[-91.4396,34.786],[-91.4427,34.7844],[-91.444,34.7844],[-91.4447,34.7852],[-91.4449,34.7857],[-91.445,34.7881],[-91.4441,34.7881],[-91.4441,34.7903],[-91.4422,34.7904],[-91.4411,34.791],[-91.4401,34.792],[-91.4399,34.7927],[-91.4393,34.7927],[-91.4385,34.7939],[-91.4357,34.7938],[-91.4361,34.7963],[-91.436,34.797],[-91.4353,34.7976],[-91.4324,34.7976],[-91.4326,34.7937],[-91.4283,34.7937],[-91.4283,34.7901]]],[[[-91.311,34.8011],[-91.3124,34.8011],[-91.3127,34.8014],[-91.3112,34.8034],[-91.3068,34.8035],[-91.3077,34.802],[-91.3094,34.8013],[-91.311,34.8011]]],[[[-91.3155,34.8035],[-91.3153,34.811],[-91.3126,34.811],[-91.3128,34.8035],[-91.3155,34.8035]]],[[[-91.3746,34.7456],[-91.3737,34.7456],[-91.3746,34.7456],[-91.3746,34.7466],[-91.3752,34.7498],[-91.3755,34.7507],[-91.3762,34.7514],[-91.3775,34.752],[-91.3802,34.7517],[-91.3816,34.7507],[-91.3851,34.7458],[-91.3886,34.7458],[-91.389,34.7462],[-91.3894,34.7469],[-91.3893,34.7483],[-91.3863,34.7508],[-91.3855,34.7519],[-91.3852,34.753],[-91.3854,34.7565],[-91.3862,34.7582],[-91.3876,34.7594],[-91.3898,34.76],[-91.3897,34.764],[-91.3898,34.76],[-91.3931,34.7606],[-91.3946,34.7606],[-91.3963,34.7599],[-91.3979,34.7585],[-91.3983,34.7568],[-91.3972,34.7533],[-91.3976,34.7526],[-91.3986,34.7523],[-91.4001,34.7528],[-91.4039,34.7563],[-91.4062,34.7578],[-91.4121,34.76],[-91.4138,34.7611],[-91.4148,34.7624],[-91.4151,34.7633],[-91.4149,34.7651],[-91.4138,34.7675],[-91.4127,34.7684],[-91.4126,34.7682],[-91.4073,34.768],[-91.4072,34.77],[-91.4061,34.7699],[-91.4043,34.7705],[-91.4031,34.772],[-91.4029,34.7727],[-91.4031,34.7736],[-91.4024,34.7747],[-91.4031,34.775],[-91.4037,34.7758],[-91.4047,34.7762],[-91.4069,34.7768],[-91.4099,34.7768],[-91.4109,34.7767],[-91.4135,34.7758],[-91.4148,34.7749],[-91.4151,34.7745],[-91.4148,34.7739],[-91.4144,34.7737],[-91.4139,34.7737],[-91.4117,34.7755],[-91.4103,34.7759],[-91.4104,34.7756],[-91.4141,34.7729],[-91.4166,34.7722],[-91.418,34.7726],[-91.4191,34.7725],[-91.419,34.7717],[-91.4193,34.7715],[-91.4247,34.7726],[-91.4265,34.7733],[-91.4275,34.7745],[-91.4279,34.7759],[-91.4267,34.78],[-91.4263,34.7831],[-91.4273,34.7855],[-91.4285,34.7864],[-91.4283,34.7901],[-91.4239,34.7899],[-91.4241,34.7863],[-91.4198,34.7861],[-91.4197,34.79],[-91.4153,34.7899],[-91.4153,34.7861],[-91.4108,34.7859],[-91.4109,34.7842],[-91.4067,34.7842],[-91.4067,34.7825],[-91.406,34.7825],[-91.3897,34.769],[-91.3897,34.7717],[-91.4027,34.7824],[-91.3977,34.7823],[-91.3976,34.7857],[-91.3954,34.7857],[-91.3954,34.7786],[-91.3932,34.7786],[-91.3931,34.7804],[-91.3805,34.7801],[-91.3804,34.7856],[-91.3923,34.7859],[-91.3924,34.7866],[-91.3933,34.7873],[-91.3933,34.7875],[-91.3922,34.788],[-91.3908,34.7893],[-91.389,34.7893],[-91.3976,34.7894],[-91.3975,34.7968],[-91.4021,34.7969],[-91.402,34.8005],[-91.4063,34.8006],[-91.406,34.8151],[-91.4016,34.815],[-91.4017,34.8114],[-91.3885,34.8112],[-91.3887,34.8075],[-91.3863,34.8075],[-91.3862,34.8111],[-91.3885,34.8112],[-91.3885,34.8147],[-91.3706,34.8143],[-91.3707,34.8118],[-91.3677,34.8118],[-91.3678,34.8081],[-91.3592,34.808],[-91.3592,34.8114],[-91.3504,34.8113],[-91.3505,34.804],[-91.3508,34.804],[-91.3514,34.8018],[-91.3508,34.8013],[-91.3508,34.7967],[-91.333,34.7963],[-91.3335,34.7817],[-91.3512,34.7823],[-91.3512,34.7786],[-91.3515,34.7677],[-91.372,34.7684],[-91.3681,34.7682],[-91.3702,34.7681],[-91.3719,34.766],[-91.3724,34.7538],[-91.352,34.7532],[-91.352,34.7501],[-91.3432,34.7502],[-91.3428,34.7388],[-91.3311,34.7383],[-91.3078,34.7378],[-91.309,34.7362],[-91.3104,34.7354],[-91.3118,34.7354],[-91.3127,34.7363],[-91.3139,34.737],[-91.3148,34.7367],[-91.3156,34.7362],[-91.3158,34.7355],[-91.3157,34.7341],[-91.315,34.7324],[-91.3142,34.7317],[-91.3177,34.7246],[-91.3178,34.7235],[-91.3188,34.7221],[-91.3228,34.7203],[-91.3256,34.7183],[-91.3271,34.7168],[-91.328,34.7156],[-91.3293,34.7133],[-91.3296,34.7124],[-91.329,34.7106],[-91.3288,34.7093],[-91.3282,34.7092],[-91.3268,34.7059],[-91.3267,34.706],[-91.3277,34.7085],[-91.3281,34.7104],[-91.3286,34.7109],[-91.3287,34.712],[-91.3286,34.7132],[-91.3274,34.7156],[-91.3271,34.7161],[-91.3239,34.7174],[-91.3219,34.7187],[-91.3195,34.7214],[-91.3189,34.7215],[-91.3178,34.7224],[-91.3178,34.7229],[-91.3077,34.7228],[-91.3075,34.7173],[-91.3,34.7172],[-91.3002,34.7132],[-91.3134,34.7133],[-91.3133,34.714],[-91.3178,34.714],[-91.3179,34.7057],[-91.322,34.7058],[-91.322,34.7023],[-91.3261,34.7023],[-91.3259,34.7019],[-91.3272,34.7012],[-91.3278,34.7001],[-91.3276,34.6992],[-91.3279,34.699],[-91.3281,34.6995],[-91.3285,34.6993],[-91.3286,34.6986],[-91.3293,34.698],[-91.329,34.6977],[-91.3279,34.6984],[-91.3274,34.6982],[-91.3272,34.6967],[-91.3276,34.6954],[-91.3283,34.6951],[-91.3321,34.695],[-91.3343,34.6937],[-91.3349,34.6927],[-91.3353,34.6907],[-91.3351,34.6893],[-91.3329,34.6865],[-91.3326,34.6856],[-91.3334,34.6836],[-91.3348,34.6826],[-91.3359,34.6822],[-91.3376,34.6821],[-91.3388,34.6816],[-91.3448,34.6816],[-91.3478,34.6818],[-91.3493,34.6822],[-91.3521,34.6837],[-91.3535,34.6853],[-91.3536,34.6858],[-91.3526,34.6864],[-91.3488,34.6855],[-91.3457,34.6856],[-91.3446,34.686],[-91.343,34.6876],[-91.3422,34.6893],[-91.3417,34.6914],[-91.3423,34.6957],[-91.3423,34.6966],[-91.3402,34.7012],[-91.34,34.702],[-91.3401,34.7037],[-91.3411,34.7053],[-91.3422,34.7059],[-91.3436,34.706],[-91.3456,34.7052],[-91.346,34.7046],[-91.3461,34.7027],[-91.345,34.7],[-91.3449,34.6986],[-91.3456,34.697],[-91.3486,34.696],[-91.352,34.6961],[-91.3523,34.6964],[-91.3523,34.6969],[-91.352,34.6974],[-91.3507,34.6984],[-91.3498,34.6999],[-91.3497,34.7012],[-91.3512,34.7037],[-91.3531,34.7047],[-91.353,34.7082],[-91.3531,34.7047],[-91.355,34.7049],[-91.3568,34.7065],[-91.3569,34.7072],[-91.3557,34.7092],[-91.3552,34.7108],[-91.3551,34.7115],[-91.3554,34.7122],[-91.3562,34.7136],[-91.3581,34.7149],[-91.3603,34.715],[-91.3626,34.7143],[-91.3643,34.7134],[-91.3655,34.7121],[-91.3662,34.7122],[-91.3666,34.7127],[-91.3669,34.7142],[-91.3678,34.7161],[-91.3687,34.7167],[-91.3728,34.7185],[-91.3745,34.7195],[-91.3759,34.721],[-91.3763,34.7219],[-91.3763,34.7233],[-91.3758,34.7244],[-91.3748,34.7257],[-91.372,34.7273],[-91.3698,34.729],[-91.369,34.7299],[-91.368,34.7313],[-91.3677,34.735],[-91.367,34.7372],[-91.3665,34.7377],[-91.364,34.7385],[-91.3635,34.7391],[-91.3635,34.7395],[-91.3614,34.7395],[-91.3613,34.7467],[-91.3649,34.7467],[-91.365,34.7432],[-91.3662,34.7431],[-91.3675,34.7415],[-91.3723,34.7385],[-91.3749,34.7386],[-91.3755,34.7395],[-91.3755,34.7405],[-91.3746,34.7434],[-91.3746,34.7456]]],[[[-91.373,34.7456],[-91.373,34.7459],[-91.373,34.7456],[-91.373,34.7456]]],[[[-91.3385,34.7241],[-91.3377,34.724],[-91.3385,34.7241],[-91.3385,34.7241]]],[[[-91.353,34.7099],[-91.3554,34.71],[-91.353,34.7099],[-91.353,34.7099]]],[[[-91.3275,34.7059],[-91.3309,34.7058],[-91.3276,34.7059],[-91.3275,34.7059]]],[[[-91.3727,34.7527],[-91.3727,34.753],[-91.3727,34.7527],[-91.3815,34.7529],[-91.3811,34.7602],[-91.3815,34.7529],[-91.3831,34.7529],[-91.3727,34.7527]]],[[[-91.3724,34.7599],[-91.3723,34.763],[-91.3724,34.76],[-91.3724,34.7599]]],[[[-91.3556,34.8042],[-91.3524,34.8041],[-91.353,34.8041],[-91.3556,34.8042]]],[[[-91.3588,34.8187],[-91.3589,34.815],[-91.3677,34.8152],[-91.3676,34.8188],[-91.3588,34.8187]]],[[[-91.4576,34.8287],[-91.4575,34.8303],[-91.4572,34.8303],[-91.457,34.8287],[-91.4576,34.8287]]],[[[-91.3638,34.8253],[-91.3671,34.8253],[-91.3705,34.825],[-91.3704,34.8303],[-91.3633,34.8302],[-91.3635,34.8254],[-91.3638,34.8253]]],[[[-91.3499,34.8256],[-91.3498,34.8314],[-91.347,34.8304],[-91.3457,34.8297],[-91.3448,34.8281],[-91.3451,34.8257],[-91.3451,34.8236],[-91.3455,34.8224],[-91.3463,34.822],[-91.3474,34.8222],[-91.3488,34.8232],[-91.3499,34.825],[-91.3499,34.8256]]],[[[-91.3499,34.8256],[-91.3503,34.8262],[-91.3511,34.8268],[-91.3529,34.8268],[-91.3538,34.826],[-91.3544,34.8247],[-91.3539,34.8226],[-91.3526,34.82],[-91.3514,34.8186],[-91.3588,34.8187],[-91.3586,34.8339],[-91.3703,34.834],[-91.3703,34.8352],[-91.3585,34.8386],[-91.3586,34.8339],[-91.3498,34.8338],[-91.3499,34.8256]]],[[[-91.2882,34.8328],[-91.2814,34.8327],[-91.2816,34.8253],[-91.2841,34.8253],[-91.2842,34.8222],[-91.2853,34.8223],[-91.2853,34.8217],[-91.289,34.8218],[-91.2892,34.8178],[-91.2799,34.8177],[-91.2802,34.8067],[-91.2778,34.8067],[-91.2778,34.803],[-91.2732,34.8029],[-91.2753,34.8003],[-91.2757,34.7994],[-91.2803,34.7995],[-91.2803,34.803],[-91.2846,34.803],[-91.2849,34.7959],[-91.2996,34.796],[-91.3005,34.7933],[-91.303,34.7951],[-91.3041,34.7964],[-91.3048,34.7968],[-91.3054,34.7971],[-91.3065,34.7971],[-91.3065,34.7979],[-91.3054,34.7988],[-91.3044,34.8007],[-91.3044,34.8013],[-91.3051,34.802],[-91.3055,34.8032],[-91.3051,34.8049],[-91.3054,34.8054],[-91.3062,34.8057],[-91.3061,34.8108],[-91.3016,34.8107],[-91.3015,34.8257],[-91.2971,34.8256],[-91.2969,34.8366],[-91.288,34.8364],[-91.2882,34.8328]]],[[[-91.2969,34.8041],[-91.2976,34.8031],[-91.2954,34.803],[-91.2946,34.8045],[-91.2938,34.8064],[-91.2935,34.8106],[-91.2963,34.8106],[-91.2961,34.8094],[-91.2964,34.8064],[-91.2969,34.8041]]],[[[-91.4292,34.834],[-91.4293,34.8298],[-91.4327,34.8298],[-91.4326,34.8335],[-91.4481,34.8339],[-91.4483,34.8303],[-91.4497,34.8303],[-91.4501,34.8296],[-91.4504,34.8295],[-91.4504,34.8266],[-91.4404,34.8266],[-91.4405,34.823],[-91.4361,34.8229],[-91.4363,34.8119],[-91.4406,34.812],[-91.441,34.8051],[-91.4478,34.8052],[-91.4484,34.8067],[-91.4495,34.8081],[-91.4492,34.8227],[-91.4579,34.8228],[-91.4579,34.8247],[-91.4626,34.8248],[-91.462,34.825],[-91.4582,34.8253],[-91.4564,34.8262],[-91.4561,34.8268],[-91.4552,34.8273],[-91.4548,34.8278],[-91.4547,34.8293],[-91.455,34.8311],[-91.4552,34.836],[-91.456,34.8393],[-91.4304,34.8453],[-91.4276,34.8378],[-91.4271,34.837],[-91.4291,34.837],[-91.4292,34.834]]],[[[-91.4544,34.8283],[-91.4545,34.8283],[-91.4543,34.8283],[-91.4544,34.8283]]],[[[-91.3497,34.8414],[-91.3323,34.8464],[-91.3325,34.8408],[-91.3497,34.8414]]],[[[-91.4141,34.8548],[-91.4143,34.85],[-91.4229,34.8509],[-91.423,34.85],[-91.4303,34.8499],[-91.4304,34.8463],[-91.4365,34.845],[-91.4363,34.8516],[-91.4407,34.8517],[-91.4409,34.8444],[-91.4401,34.8444],[-91.44,34.8441],[-91.4504,34.8417],[-91.4526,34.8415],[-91.4534,34.8411],[-91.4564,34.8405],[-91.4566,34.8418],[-91.4572,34.8428],[-91.4588,34.8445],[-91.4616,34.8457],[-91.4673,34.8466],[-91.4671,34.8528],[-91.4653,34.8542],[-91.4637,34.8558],[-91.4141,34.8548]]],[[[-91.3288,34.8538],[-91.327,34.8523],[-91.3255,34.8489],[-91.3771,34.8334],[-91.3766,34.8357],[-91.3737,34.8415],[-91.3727,34.8427],[-91.3716,34.8434],[-91.3705,34.8435],[-91.3672,34.8424],[-91.3641,34.8425],[-91.3625,34.8431],[-91.3641,34.8425],[-91.3672,34.8424],[-91.3703,34.8434],[-91.3693,34.8446],[-91.3707,34.8448],[-91.3701,34.8467],[-91.3553,34.8492],[-91.3412,34.8509],[-91.3366,34.8522],[-91.3308,34.8548],[-91.3288,34.8538]]],[[[-91.3383,34.8527],[-91.3416,34.8518],[-91.3448,34.8513],[-91.3448,34.852],[-91.3443,34.8521],[-91.343,34.853],[-91.3407,34.8527],[-91.3401,34.8529],[-91.3396,34.8534],[-91.3384,34.8536],[-91.3346,34.8555],[-91.3324,34.8552],[-91.3383,34.8527]]],[[[-91.377,34.9002],[-91.3758,34.8995],[-91.3728,34.899],[-91.3701,34.8994],[-91.3689,34.9001],[-91.369,34.8971],[-91.3614,34.8969],[-91.3614,34.8959],[-91.3606,34.8959],[-91.3597,34.8942],[-91.3591,34.8935],[-91.3592,34.8946],[-91.36,34.8961],[-91.3622,34.899],[-91.3624,34.8991],[-91.362,34.8984],[-91.363,34.8996],[-91.3481,34.8994],[-91.3482,34.8957],[-91.3526,34.8958],[-91.3527,34.8923],[-91.3572,34.8924],[-91.3575,34.8851],[-91.3401,34.8849],[-91.3409,34.8701],[-91.3456,34.8704],[-91.3471,34.8693],[-91.3492,34.8686],[-91.3493,34.8631],[-91.3503,34.8632],[-91.3487,34.8622],[-91.3474,34.8622],[-91.3468,34.8625],[-91.3463,34.8637],[-91.3458,34.8638],[-91.3441,34.863],[-91.3434,34.8619],[-91.3438,34.8604],[-91.3445,34.8594],[-91.3457,34.8579],[-91.348,34.856],[-91.3486,34.8551],[-91.3486,34.8546],[-91.3466,34.8526],[-91.3452,34.8519],[-91.3453,34.8511],[-91.355,34.8504],[-91.3576,34.8499],[-91.3575,34.8506],[-91.3572,34.851],[-91.3587,34.8508],[-91.3584,34.8562],[-91.3552,34.8564],[-91.3554,34.8567],[-91.3563,34.858],[-91.3589,34.8604],[-91.3607,34.862],[-91.3611,34.8619],[-91.3615,34.8621],[-91.3631,34.8637],[-91.3636,34.8637],[-91.3654,34.863],[-91.3686,34.8623],[-91.3696,34.8614],[-91.3694,34.869],[-91.3951,34.8691],[-91.3954,34.8618],[-91.4142,34.8621],[-91.414,34.8671],[-91.4132,34.8678],[-91.4104,34.8685],[-91.4096,34.8692],[-91.4003,34.8691],[-91.3999,34.8707],[-91.399,34.8725],[-91.3969,34.8743],[-91.3952,34.875],[-91.3925,34.8753],[-91.3893,34.8746],[-91.3913,34.8761],[-91.3926,34.8783],[-91.3966,34.8819],[-91.3988,34.8863],[-91.399,34.8893],[-91.398,34.8957],[-91.3969,34.8957],[-91.3959,34.8965],[-91.3957,34.8983],[-91.3955,34.8964],[-91.3911,34.8964],[-91.3911,34.8946],[-91.3823,34.8944],[-91.3823,34.8962],[-91.3832,34.8957],[-91.3839,34.8959],[-91.3853,34.8971],[-91.3862,34.8984],[-91.3836,34.8985],[-91.3836,34.9004],[-91.3868,34.9004],[-91.3867,34.9014],[-91.3861,34.9027],[-91.3847,34.9041],[-91.3832,34.9049],[-91.3814,34.9049],[-91.3806,34.9045],[-91.379,34.9023],[-91.377,34.9002]]],[[[-91.3764,34.8969],[-91.3751,34.897],[-91.3753,34.897],[-91.3764,34.8969]]],[[[-91.3634,34.8692],[-91.3643,34.8687],[-91.3633,34.8693],[-91.3634,34.8692]]],[[[-91.3553,34.8676],[-91.3539,34.8676],[-91.3562,34.8677],[-91.3553,34.8676]]],[[[-91.2456,34.901],[-91.2457,34.9046],[-91.2408,34.9044],[-91.2409,34.9009],[-91.2456,34.901]]],[[[-91.382,34.9054],[-91.3819,34.9079],[-91.381,34.9078],[-91.3809,34.9083],[-91.3806,34.9083],[-91.3805,34.909],[-91.3799,34.909],[-91.3781,34.9122],[-91.3758,34.9121],[-91.3747,34.9106],[-91.3709,34.9073],[-91.3692,34.9052],[-91.382,34.9054]]],[[[-91.2275,34.9081],[-91.2273,34.9118],[-91.2229,34.9117],[-91.2231,34.9081],[-91.2275,34.9081]]],[[[-91.3476,34.9271],[-91.3477,34.9235],[-91.3565,34.9235],[-91.3565,34.9271],[-91.3476,34.9271]]],[[[-91.3989,34.9312],[-91.3989,34.9276],[-91.3858,34.9273],[-91.3858,34.9267],[-91.3867,34.9259],[-91.3871,34.9248],[-91.3868,34.9229],[-91.3849,34.922],[-91.3839,34.9225],[-91.3825,34.9223],[-91.3791,34.9181],[-91.3818,34.9182],[-91.3825,34.9174],[-91.3835,34.9159],[-91.3835,34.9152],[-91.3845,34.9139],[-91.3862,34.9126],[-91.388,34.9117],[-91.3914,34.9106],[-91.3952,34.9106],[-91.3966,34.9097],[-91.3993,34.9104],[-91.4031,34.9126],[-91.4044,34.9117],[-91.4056,34.9116],[-91.4067,34.9127],[-91.4066,34.9146],[-91.4085,34.9153],[-91.409,34.9158],[-91.4086,34.9188],[-91.4086,34.921],[-91.4098,34.9227],[-91.4092,34.9276],[-91.4078,34.9276],[-91.4078,34.9313],[-91.3989,34.9312]]],[[[-91.3168,34.927],[-91.3031,34.9269],[-91.3031,34.9307],[-91.2975,34.9307],[-91.2976,34.927],[-91.2991,34.9269],[-91.2992,34.922],[-91.2945,34.9221],[-91.2943,34.9321],[-91.2897,34.9321],[-91.2898,34.9308],[-91.2866,34.9308],[-91.2866,34.9287],[-91.2833,34.9286],[-91.2834,34.9269],[-91.2591,34.9268],[-91.2591,34.927],[-91.2575,34.927],[-91.2577,34.9199],[-91.2608,34.92],[-91.261,34.9126],[-91.2639,34.9125],[-91.2638,34.9159],[-91.266,34.916],[-91.2659,34.9196],[-91.276,34.9196],[-91.276,34.9202],[-91.2769,34.9202],[-91.2769,34.9233],[-91.2857,34.9233],[-91.2857,34.9195],[-91.287,34.9195],[-91.2873,34.9123],[-91.3213,34.9125],[-91.3211,34.9196],[-91.3169,34.9196],[-91.3168,34.927]]],[[[-91.2638,34.9196],[-91.2641,34.9196],[-91.2637,34.9196],[-91.2638,34.9196]]],[[[-91.2768,34.9251],[-91.2768,34.9251],[-91.2856,34.9251],[-91.2768,34.9251]]],[[[-91.2635,34.9267],[-91.2635,34.9268],[-91.2635,34.9263],[-91.2635,34.9267]]],[[[-91.2393,34.9594],[-91.2347,34.9593],[-91.2348,34.9557],[-91.2436,34.9559],[-91.2438,34.9522],[-91.2465,34.9523],[-91.2465,34.9536],[-91.2481,34.9537],[-91.2465,34.9559],[-91.2525,34.956],[-91.2522,34.9633],[-91.2478,34.9632],[-91.2475,34.9705],[-91.2431,34.9704],[-91.2437,34.9668],[-91.2389,34.9665],[-91.2393,34.9594]]],[[[-91.204,34.955],[-91.2042,34.9514],[-91.2085,34.9514],[-91.2087,34.9478],[-91.213,34.9479],[-91.2132,34.9443],[-91.2175,34.9444],[-91.2176,34.9407],[-91.222,34.9408],[-91.2219,34.9444],[-91.2186,34.9444],[-91.231,34.9447],[-91.2312,34.9348],[-91.2326,34.9334],[-91.2321,34.9324],[-91.2314,34.9325],[-91.2313,34.9264],[-91.2358,34.9265],[-91.236,34.9229],[-91.2403,34.9229],[-91.2406,34.9192],[-91.2361,34.9192],[-91.2364,34.9119],[-91.232,34.9118],[-91.2321,34.9082],[-91.2374,34.9083],[-91.2374,34.9119],[-91.2539,34.9121],[-91.2542,34.8975],[-91.264,34.8977],[-91.264,34.905],[-91.2727,34.9052],[-91.2726,34.9124],[-91.274,34.9126],[-91.2762,34.9125],[-91.2761,34.913],[-91.2769,34.913],[-91.2768,34.9171],[-91.2754,34.9171],[-91.2754,34.916],[-91.2722,34.9159],[-91.2723,34.9124],[-91.264,34.9123],[-91.264,34.9086],[-91.2595,34.9085],[-91.2591,34.9192],[-91.2552,34.9192],[-91.2547,34.9267],[-91.2516,34.9267],[-91.2515,34.9291],[-91.246,34.9292],[-91.2459,34.9326],[-91.2401,34.9327],[-91.2395,34.9479],[-91.2305,34.9478],[-91.2303,34.9556],[-91.2163,34.9554],[-91.217,34.9554],[-91.217,34.9587],[-91.2125,34.9587],[-91.2124,34.9657],[-91.2084,34.9658],[-91.2084,34.9698],[-91.2037,34.9697],[-91.2037,34.9692],[-91.1947,34.9636],[-91.1947,34.9622],[-91.1992,34.9622],[-91.1993,34.955],[-91.204,34.955]]],[[[-91.3168,34.927],[-91.321,34.927],[-91.3209,34.9305],[-91.3342,34.9306],[-91.3343,34.9233],[-91.3387,34.9234],[-91.3387,34.9198],[-91.3343,34.9198],[-91.3344,34.9125],[-91.3305,34.9125],[-91.3304,34.9103],[-91.3433,34.9104],[-91.343,34.9219],[-91.3431,34.9271],[-91.3476,34.9271],[-91.3475,34.9307],[-91.3426,34.9307],[-91.3426,34.9312],[-91.3404,34.9312],[-91.3401,34.9307],[-91.3392,34.9307],[-91.3401,34.9321],[-91.3396,34.9325],[-91.3393,34.9333],[-91.3393,34.9342],[-91.3439,34.9344],[-91.3438,34.9348],[-91.3441,34.9356],[-91.3444,34.9355],[-91.3454,34.9362],[-91.3454,34.9366],[-91.3432,34.9373],[-91.3424,34.938],[-91.3401,34.9394],[-91.3395,34.9403],[-91.3396,34.9417],[-91.3382,34.9417],[-91.3385,34.9342],[-91.3342,34.9343],[-91.3341,34.9379],[-91.3251,34.9378],[-91.325,34.9416],[-91.3205,34.9415],[-91.3205,34.9453],[-91.325,34.9453],[-91.3248,34.9489],[-91.3204,34.9489],[-91.3202,34.9562],[-91.3158,34.9562],[-91.3161,34.9453],[-91.3117,34.9453],[-91.3114,34.9489],[-91.3094,34.9489],[-91.3093,34.9525],[-91.307,34.9525],[-91.3071,34.9489],[-91.3028,34.9488],[-91.3025,34.9596],[-91.3115,34.9597],[-91.3114,34.9707],[-91.3023,34.9707],[-91.3022,34.9743],[-91.2979,34.9743],[-91.2979,34.9707],[-91.2891,34.9705],[-91.2891,34.9631],[-91.2935,34.9631],[-91.2939,34.9488],[-91.2984,34.9488],[-91.2986,34.9416],[-91.303,34.9415],[-91.3029,34.9452],[-91.3073,34.9453],[-91.3074,34.9415],[-91.3118,34.9415],[-91.3119,34.9379],[-91.3075,34.9378],[-91.3076,34.9341],[-91.3119,34.9342],[-91.3119,34.9351],[-91.312,34.9306],[-91.3167,34.9306],[-91.3168,34.927]]],[[[-91.2934,34.9667],[-91.3023,34.9669],[-91.3023,34.9668],[-91.2934,34.9667]]],[[[-91.3196,34.9745],[-91.3196,34.9716],[-91.3196,34.9745],[-91.3111,34.9744],[-91.3112,34.9709],[-91.3155,34.9708],[-91.3156,34.967],[-91.3196,34.9672],[-91.3196,34.9707],[-91.3244,34.9708],[-91.3242,34.9744],[-91.333,34.9744],[-91.3332,34.975],[-91.3341,34.9756],[-91.3345,34.9763],[-91.3339,34.9772],[-91.3324,34.978],[-91.3197,34.978],[-91.3196,34.9745]]],[[[-91.2955,34.9779],[-91.2955,34.9743],[-91.2933,34.9743],[-91.2934,34.9707],[-91.2978,34.9707],[-91.2977,34.978],[-91.2955,34.9779]]],[[[-91.2426,34.982],[-91.2426,34.9828],[-91.2383,34.9826],[-91.2383,34.9819],[-91.2426,34.982]]],[[[-91.2142,34.9772],[-91.2139,34.9844],[-91.2075,34.9843],[-91.2075,34.977],[-91.2142,34.9772]]],[[[-91.2381,34.9866],[-91.2381,34.9885],[-91.2337,34.9884],[-91.2337,34.9866],[-91.2381,34.9866]]],[[[-91.2974,34.9925],[-91.2974,34.992],[-91.293,34.992],[-91.2933,34.978],[-91.3043,34.978],[-91.3042,34.9838],[-91.3027,34.9838],[-91.3027,34.9851],[-91.3151,34.9853],[-91.3151,34.988],[-91.3107,34.988],[-91.3106,34.9925],[-91.2974,34.9925]]],[[[-91.3104,35.0035],[-91.3104,35.0017],[-91.3126,35.0017],[-91.3127,34.9999],[-91.3193,34.9999],[-91.3194,34.9962],[-91.3251,34.9962],[-91.3252,34.9999],[-91.3237,34.9999],[-91.3256,34.9999],[-91.3261,34.9972],[-91.3261,34.995],[-91.327,34.9926],[-91.3328,34.9926],[-91.3327,34.9963],[-91.3283,34.9962],[-91.3283,34.9948],[-91.3282,35.0035],[-91.3192,35.0035],[-91.3191,35.0063],[-91.3103,35.0061],[-91.3104,35.0035]]],[[[-91.2032,35.007],[-91.1964,35.007],[-91.1965,35.0032],[-91.198,35.0033],[-91.1981,34.9985],[-91.2025,34.9986],[-91.2023,35.0033],[-91.2027,34.9918],[-91.1985,34.9918],[-91.1987,34.9843],[-91.203,34.9843],[-91.2029,34.9876],[-91.2094,34.9877],[-91.2092,34.9976],[-91.2113,34.9976],[-91.2111,35.0034],[-91.2142,35.0034],[-91.2141,35.0072],[-91.2098,35.0071],[-91.2096,35.0109],[-91.2053,35.0109],[-91.2054,35.007],[-91.2032,35.007]]],[[[-91.2056,35.0033],[-91.2099,35.0033],[-91.2055,35.0033],[-91.2056,35.0033]]],[[[-91.462,35.0381],[-91.4608,35.0391],[-91.4562,35.0406],[-91.4531,35.0418],[-91.4524,35.0423],[-91.4495,35.0452],[-91.4488,35.0452],[-91.4489,35.0379],[-91.462,35.0381]]],[[[-91.2032,35.007],[-91.2031,35.0108],[-91.2053,35.0109],[-91.2051,35.0181],[-91.2095,35.0181],[-91.2094,35.0219],[-91.2139,35.0219],[-91.2135,35.0328],[-91.2177,35.0329],[-91.2174,35.0475],[-91.2131,35.0473],[-91.213,35.0509],[-91.2158,35.0509],[-91.2157,35.0546],[-91.2041,35.0543],[-91.2042,35.0507],[-91.2124,35.0509],[-91.2086,35.0508],[-91.2087,35.0471],[-91.2042,35.047],[-91.2043,35.0435],[-91.2087,35.0436],[-91.2088,35.04],[-91.2044,35.0399],[-91.2045,35.0369],[-91.2047,35.0325],[-91.2091,35.0327],[-91.2092,35.0291],[-91.2048,35.029],[-91.2051,35.0181],[-91.1995,35.018],[-91.2011,35.018],[-91.2012,35.0106],[-91.2032,35.007]]],[[[-91.2041,35.0543],[-91.2128,35.0545],[-91.2127,35.0582],[-91.204,35.058],[-91.2041,35.0543]]],[[[-91.3144,35.0642],[-91.3145,35.0608],[-91.3176,35.0597],[-91.3191,35.0584],[-91.322,35.0582],[-91.3227,35.0586],[-91.3228,35.0625],[-91.3217,35.0644],[-91.3144,35.0642]]],[[[-91.3111,35.0673],[-91.3102,35.0669],[-91.3102,35.0642],[-91.3135,35.0642],[-91.3134,35.0646],[-91.3149,35.0658],[-91.3149,35.0676],[-91.3129,35.0672],[-91.3121,35.0681],[-91.3111,35.0673]]],[[[-91.4606,35.0748],[-91.4608,35.0636],[-91.4633,35.0644],[-91.4666,35.0664],[-91.4693,35.0677],[-91.4691,35.075],[-91.4606,35.0748]]],[[[-91.2882,35.0782],[-91.2881,35.0819],[-91.2838,35.0819],[-91.2839,35.0783],[-91.2882,35.0782]]],[[[-91.1773,35.083],[-91.1684,35.0829],[-91.1685,35.0801],[-91.1773,35.0803],[-91.1773,35.0827],[-91.1774,35.0757],[-91.1796,35.0758],[-91.1796,35.072],[-91.1818,35.0722],[-91.1819,35.0685],[-91.1863,35.0686],[-91.1864,35.0613],[-91.1908,35.0614],[-91.1871,35.0614],[-91.1871,35.0602],[-91.1867,35.0602],[-91.188,35.0596],[-91.1896,35.0582],[-91.1908,35.0583],[-91.1908,35.0613],[-91.1908,35.0596],[-91.1952,35.0597],[-91.195,35.059],[-91.1961,35.0588],[-91.1966,35.0582],[-91.1967,35.0579],[-91.1908,35.0578],[-91.1909,35.0546],[-91.204,35.0549],[-91.204,35.0562],[-91.1996,35.0562],[-91.1996,35.058],[-91.2039,35.058],[-91.2038,35.0652],[-91.1951,35.065],[-91.1949,35.0687],[-91.1905,35.0686],[-91.1905,35.0723],[-91.1862,35.0723],[-91.1862,35.0758],[-91.184,35.0758],[-91.1838,35.0831],[-91.1817,35.0831],[-91.1815,35.0866],[-91.1772,35.0865],[-91.1773,35.083]]],[[[-91.1995,35.0616],[-91.2038,35.0617],[-91.1972,35.0615],[-91.1995,35.0616]]],[[[-91.1995,35.0598],[-91.2022,35.0598],[-91.1995,35.0598],[-91.1995,35.0598]]],[[[-91.3352,35.1095],[-91.3356,35.0969],[-91.3349,35.0963],[-91.3342,35.0951],[-91.3325,35.0951],[-91.3323,35.0954],[-91.3314,35.096],[-91.3306,35.0962],[-91.33,35.0962],[-91.3284,35.0951],[-91.3278,35.0938],[-91.3279,35.093],[-91.33,35.0908],[-91.3302,35.0901],[-91.3301,35.0897],[-91.3291,35.0893],[-91.3267,35.0892],[-91.3258,35.0889],[-91.3255,35.0882],[-91.3258,35.0856],[-91.3255,35.0852],[-91.3246,35.0851],[-91.3215,35.0879],[-91.3206,35.0882],[-91.3199,35.088],[-91.3198,35.0865],[-91.3207,35.0841],[-91.3211,35.0824],[-91.3216,35.0814],[-91.3226,35.0805],[-91.3218,35.0802],[-91.3203,35.0804],[-91.3193,35.0791],[-91.3193,35.0782],[-91.3202,35.0773],[-91.3215,35.0753],[-91.3212,35.0746],[-91.3208,35.0744],[-91.3192,35.0743],[-91.3191,35.0738],[-91.3218,35.0732],[-91.322,35.0724],[-91.3214,35.0717],[-91.3234,35.0717],[-91.3234,35.0681],[-91.3279,35.068],[-91.3279,35.0645],[-91.3366,35.0647],[-91.3367,35.0575],[-91.328,35.0575],[-91.3281,35.0538],[-91.3461,35.0541],[-91.3461,35.0506],[-91.3504,35.0507],[-91.3508,35.036],[-91.3554,35.0361],[-91.3556,35.0289],[-91.3642,35.0289],[-91.364,35.0511],[-91.3549,35.0509],[-91.3546,35.0541],[-91.3509,35.0542],[-91.3505,35.0577],[-91.346,35.0576],[-91.3458,35.0651],[-91.3547,35.0653],[-91.3548,35.0616],[-91.3633,35.0617],[-91.3633,35.0776],[-91.363,35.0874],[-91.3588,35.0874],[-91.363,35.0875],[-91.363,35.0911],[-91.3543,35.0909],[-91.3543,35.0923],[-91.342,35.0918],[-91.3419,35.0954],[-91.3533,35.0959],[-91.3531,35.1065],[-91.3487,35.1063],[-91.3486,35.1098],[-91.3352,35.1095]]],[[[-91.3442,35.1094],[-91.3442,35.1093],[-91.3442,35.1094],[-91.3442,35.1094]]],[[[-91.3359,35.1024],[-91.3443,35.1027],[-91.3443,35.1026],[-91.3359,35.1024]]],[[[-91.3276,35.0872],[-91.3276,35.0864],[-91.3455,35.0871],[-91.3276,35.0864],[-91.3276,35.0872]]],[[[-91.2343,35.1014],[-91.2387,35.1015],[-91.2387,35.1063],[-91.2343,35.1062],[-91.2343,35.1014]]],[[[-91.2519,35.1092],[-91.2462,35.1091],[-91.2463,35.1076],[-91.2466,35.1074],[-91.2467,35.1064],[-91.2519,35.1065],[-91.2519,35.1092]]],[[[-91.2442,35.1227],[-91.2434,35.1281],[-91.2384,35.128],[-91.2385,35.1243],[-91.2428,35.1244],[-91.2428,35.1227],[-91.2442,35.1227]]],[[[-91.2387,35.1316],[-91.2392,35.128],[-91.2429,35.1281],[-91.2427,35.1318],[-91.2387,35.1316]]],[[[-91.2296,35.1327],[-91.2296,35.1279],[-91.2252,35.1278],[-91.2253,35.1242],[-91.2208,35.124],[-91.2209,35.1204],[-91.2224,35.1206],[-91.2225,35.1204],[-91.2253,35.1205],[-91.2253,35.1195],[-91.2297,35.1206],[-91.2296,35.1241],[-91.2384,35.1244],[-91.2384,35.128],[-91.2362,35.128],[-91.2361,35.1329],[-91.2296,35.1327]]],[[[-91.3625,35.1325],[-91.3624,35.1393],[-91.3525,35.139],[-91.3526,35.133],[-91.3582,35.1325],[-91.3625,35.1325]]],[[[-91.1767,35.1321],[-91.1809,35.1285],[-91.181,35.1341],[-91.1766,35.134],[-91.1767,35.1321]]],[[[-91.1809,35.1285],[-91.1767,35.1321],[-91.1767,35.1303],[-91.1678,35.1302],[-91.1678,35.1337],[-91.1545,35.1332],[-91.1545,35.1296],[-91.1589,35.1298],[-91.159,35.1261],[-91.1634,35.1263],[-91.1636,35.1228],[-91.1589,35.1227],[-91.1592,35.1117],[-91.1636,35.1116],[-91.1637,35.1085],[-91.168,35.1086],[-91.1681,35.1048],[-91.1733,35.1048],[-91.1736,35.094],[-91.1771,35.094],[-91.1772,35.0905],[-91.1867,35.0905],[-91.1868,35.0961],[-91.1867,35.0904],[-91.1902,35.0905],[-91.1903,35.0981],[-91.1868,35.0981],[-91.1859,35.0986],[-91.1857,35.099],[-91.1854,35.1245],[-91.1852,35.1249],[-91.1809,35.1285]]],[[[-91.1769,35.1087],[-91.1772,35.1087],[-91.1769,35.1087],[-91.1769,35.1087]]],[[[-91.2519,35.1092],[-91.252,35.1065],[-91.2556,35.1065],[-91.2556,35.0994],[-91.2601,35.0994],[-91.2606,35.0923],[-91.2658,35.0925],[-91.2658,35.089],[-91.2748,35.0893],[-91.2747,35.093],[-91.2737,35.0931],[-91.2733,35.1005],[-91.2866,35.1008],[-91.2865,35.1079],[-91.2907,35.108],[-91.2902,35.1295],[-91.2858,35.1294],[-91.2857,35.1332],[-91.2813,35.1331],[-91.2813,35.1368],[-91.2769,35.1367],[-91.2769,35.1402],[-91.2638,35.1397],[-91.2638,35.1361],[-91.2589,35.1358],[-91.2591,35.1286],[-91.2518,35.1284],[-91.2518,35.1247],[-91.2552,35.1248],[-91.2552,35.125],[-91.2555,35.1251],[-91.256,35.1212],[-91.2597,35.1214],[-91.2596,35.1251],[-91.2641,35.1253],[-91.2605,35.1251],[-91.2606,35.1208],[-91.2553,35.1206],[-91.2553,35.1204],[-91.2474,35.1204],[-91.2473,35.1245],[-91.2518,35.1246],[-91.2516,35.1318],[-91.2432,35.1317],[-91.2437,35.1281],[-91.2472,35.1281],[-91.2472,35.1257],[-91.2472,35.1265],[-91.244,35.1264],[-91.2445,35.1227],[-91.2451,35.1226],[-91.2452,35.1201],[-91.2461,35.1201],[-91.2461,35.1182],[-91.2452,35.1182],[-91.2452,35.1136],[-91.2456,35.1136],[-91.246,35.1119],[-91.2519,35.1119],[-91.2519,35.1092]]],[[[-91.2473,35.1149],[-91.2477,35.1148],[-91.2477,35.114],[-91.246,35.1139],[-91.2458,35.1143],[-91.247,35.1144],[-91.2473,35.1149]]],[[[-91.2431,35.1391],[-91.2472,35.1391],[-91.247,35.1427],[-91.2428,35.1427],[-91.2432,35.1409],[-91.2431,35.1391]]],[[[-91.1226,35.1535],[-91.1226,35.1478],[-91.1313,35.148],[-91.1313,35.1484],[-91.1442,35.1485],[-91.1431,35.1491],[-91.1423,35.1491],[-91.1416,35.1494],[-91.1417,35.1496],[-91.1424,35.1497],[-91.1424,35.1502],[-91.1412,35.1515],[-91.1402,35.1515],[-91.1402,35.1551],[-91.1312,35.155],[-91.1313,35.153],[-91.1296,35.153],[-91.1293,35.1549],[-91.1226,35.1549],[-91.1226,35.1535]]],[[[-91.3075,35.1674],[-91.3077,35.1602],[-91.3121,35.1603],[-91.312,35.1657],[-91.3164,35.1658],[-91.3164,35.1676],[-91.3075,35.1674]]],[[[-91.2672,35.1731],[-91.2674,35.1695],[-91.263,35.1691],[-91.2634,35.1618],[-91.2586,35.1613],[-91.2589,35.1574],[-91.2722,35.1585],[-91.2721,35.1659],[-91.2681,35.1656],[-91.2679,35.1676],[-91.272,35.1679],[-91.2719,35.1732],[-91.2672,35.1731]]],[[[-91.2843,35.1827],[-91.2842,35.1846],[-91.2799,35.1844],[-91.2799,35.1826],[-91.2843,35.1827]]],[[[-91.3151,35.1871],[-91.315,35.1834],[-91.3124,35.1834],[-91.3125,35.1794],[-91.3163,35.1794],[-91.3162,35.1834],[-91.3196,35.1835],[-91.3195,35.1873],[-91.3151,35.1871]]],[[[-91.1123,35.179],[-91.1122,35.1863],[-91.1024,35.186],[-91.1019,35.1789],[-91.1123,35.179]]],[[[-91.3149,35.1944],[-91.3237,35.1945],[-91.3236,35.1981],[-91.3322,35.1981],[-91.3235,35.2016],[-91.3147,35.2016],[-91.3149,35.1944]]],[[[-91.1165,35.1992],[-91.1164,35.208],[-91.1119,35.2079],[-91.1122,35.199],[-91.1165,35.1992]]],[[[-91.1078,35.1934],[-91.1075,35.2078],[-91.1031,35.2078],[-91.1034,35.1935],[-91.1078,35.1934]]],[[[-91.3101,35.2197],[-91.31,35.227],[-91.299,35.2269],[-91.299,35.2233],[-91.3057,35.2233],[-91.3057,35.2197],[-91.3101,35.2197]]],[[[-91.1295,35.2121],[-91.1293,35.223],[-91.1204,35.2229],[-91.1206,35.2119],[-91.1295,35.2121]]],[[[-91.1735,35.2606],[-91.1735,35.2662],[-91.1635,35.2606],[-91.1735,35.2606]]],[[[-91.1516,35.2721],[-91.1555,35.2721],[-91.1556,35.2685],[-91.1557,35.2685],[-91.1564,35.2608],[-91.1628,35.2606],[-91.1735,35.2665],[-91.1735,35.2685],[-91.1732,35.2685],[-91.1732,35.2687],[-91.1713,35.2687],[-91.1713,35.2709],[-91.1721,35.2721],[-91.1726,35.272],[-91.1726,35.2728],[-91.1732,35.2729],[-91.1731,35.276],[-91.1642,35.2759],[-91.1642,35.2795],[-91.1466,35.2793],[-91.1467,35.272],[-91.1516,35.2721]]],[[[-91.129,35.2784],[-91.1238,35.2783],[-91.1238,35.2779],[-91.122,35.2768],[-91.1202,35.2762],[-91.1202,35.2751],[-91.1113,35.2749],[-91.1114,35.2676],[-91.1292,35.268],[-91.1292,35.2718],[-91.1294,35.268],[-91.1288,35.268],[-91.129,35.2593],[-91.1379,35.2596],[-91.1375,35.2684],[-91.1383,35.2684],[-91.1381,35.272],[-91.1357,35.272],[-91.1376,35.2721],[-91.1375,35.2792],[-91.129,35.2791],[-91.129,35.2784]]],[[[-91.132,35.2719],[-91.132,35.2719],[-91.1318,35.2719],[-91.132,35.2719]]],[[[-91.1333,35.2826],[-91.1332,35.2863],[-91.1289,35.2862],[-91.129,35.2826],[-91.1333,35.2826]]],[[[-91.2388,35.2918],[-91.2388,35.2918],[-91.2388,35.2918],[-91.2388,35.2918]]],[[[-91.2258,35.2875],[-91.2258,35.2914],[-91.2218,35.2913],[-91.2218,35.2875],[-91.2258,35.2875]]],[[[-91.2388,35.2918],[-91.2391,35.2925],[-91.2373,35.2928],[-91.237,35.2919],[-91.2388,35.2918]]],[[[-91.1463,35.2974],[-91.1465,35.2864],[-91.1509,35.2865],[-91.1508,35.2939],[-91.1552,35.294],[-91.1552,35.2974],[-91.1463,35.2974]]],[[[-91.2385,35.2707],[-91.2414,35.271],[-91.2385,35.2707],[-91.2383,35.27],[-91.238,35.2696],[-91.2367,35.2695],[-91.2363,35.2692],[-91.2364,35.2683],[-91.2387,35.267],[-91.2398,35.2655],[-91.2395,35.2639],[-91.2384,35.2636],[-91.2383,35.263],[-91.2403,35.2632],[-91.2414,35.2653],[-91.2415,35.2662],[-91.2417,35.2665],[-91.2419,35.2664],[-91.242,35.2656],[-91.2411,35.2644],[-91.2406,35.2632],[-91.2406,35.2624],[-91.2426,35.2608],[-91.2422,35.26],[-91.2418,35.2597],[-91.2416,35.2589],[-91.2438,35.2591],[-91.2438,35.2588],[-91.2415,35.2586],[-91.2412,35.2581],[-91.2422,35.258],[-91.244,35.2588],[-91.2443,35.2585],[-91.2442,35.2581],[-91.2434,35.2573],[-91.2435,35.2568],[-91.2438,35.2567],[-91.2447,35.2571],[-91.246,35.2584],[-91.2464,35.2584],[-91.247,35.2581],[-91.2473,35.2569],[-91.2482,35.256],[-91.2486,35.2552],[-91.2481,35.2542],[-91.2441,35.2542],[-91.2442,35.2508],[-91.2351,35.2506],[-91.2352,35.2397],[-91.244,35.2398],[-91.2442,35.2332],[-91.2356,35.233],[-91.2356,35.2252],[-91.2484,35.2256],[-91.2459,35.2253],[-91.2397,35.2251],[-91.24,35.2178],[-91.2355,35.2176],[-91.2358,35.2128],[-91.2448,35.213],[-91.2453,35.2113],[-91.2459,35.2108],[-91.2467,35.2107],[-91.2468,35.2073],[-91.2447,35.2072],[-91.2448,35.2001],[-91.2486,35.1999],[-91.2487,35.1818],[-91.2535,35.1818],[-91.254,35.182],[-91.2541,35.1793],[-91.2582,35.1795],[-91.2587,35.1762],[-91.2626,35.1764],[-91.263,35.1728],[-91.2672,35.1731],[-91.2668,35.18],[-91.2628,35.1798],[-91.2617,35.2039],[-91.271,35.2043],[-91.2711,35.197],[-91.2754,35.1972],[-91.2754,35.2008],[-91.2754,35.1972],[-91.2797,35.1974],[-91.2798,35.19],[-91.2885,35.1904],[-91.2886,35.1829],[-91.2892,35.1829],[-91.2896,35.171],[-91.285,35.1709],[-91.2851,35.1674],[-91.2897,35.1675],[-91.2901,35.1565],[-91.3034,35.1565],[-91.3035,35.1529],[-91.3079,35.1529],[-91.3078,35.1583],[-91.3055,35.1583],[-91.3053,35.1638],[-91.2986,35.1638],[-91.2985,35.1675],[-91.3075,35.1674],[-91.3073,35.1745],[-91.3067,35.1776],[-91.3055,35.1785],[-91.3052,35.1793],[-91.3051,35.1833],[-91.3019,35.1832],[-91.3108,35.1834],[-91.3107,35.1871],[-91.3151,35.1871],[-91.3149,35.1944],[-91.3061,35.1943],[-91.306,35.1979],[-91.2972,35.1978],[-91.2971,35.2086],[-91.2882,35.2086],[-91.2881,35.2159],[-91.2838,35.2157],[-91.2837,35.2191],[-91.279,35.2191],[-91.2791,35.2291],[-91.2773,35.2284],[-91.2771,35.2266],[-91.2759,35.2266],[-91.2772,35.2265],[-91.276,35.2218],[-91.278,35.2218],[-91.2781,35.2191],[-91.2752,35.2191],[-91.275,35.2255],[-91.2727,35.2254],[-91.2727,35.2264],[-91.2706,35.2263],[-91.2705,35.2388],[-91.2661,35.2388],[-91.2661,35.2407],[-91.2613,35.2407],[-91.2611,35.2442],[-91.2526,35.244],[-91.2525,35.2477],[-91.2568,35.2478],[-91.2567,35.2516],[-91.2568,35.2478],[-91.2613,35.2478],[-91.2614,35.2445],[-91.2658,35.2445],[-91.2657,35.2482],[-91.2701,35.2482],[-91.2703,35.2406],[-91.2794,35.2408],[-91.2782,35.2555],[-91.2782,35.2614],[-91.2782,35.2555],[-91.288,35.2557],[-91.2922,35.2582],[-91.2931,35.259],[-91.2931,35.2625],[-91.2782,35.2614],[-91.2698,35.2611],[-91.2698,35.2629],[-91.265,35.2627],[-91.2649,35.2589],[-91.2612,35.259],[-91.2613,35.2551],[-91.261,35.27],[-91.252,35.2698],[-91.2521,35.2845],[-91.2608,35.2846],[-91.2608,35.2884],[-91.2629,35.2884],[-91.2629,35.292],[-91.2607,35.2919],[-91.2607,35.3029],[-91.2562,35.3028],[-91.2561,35.2883],[-91.252,35.2885],[-91.252,35.2912],[-91.2475,35.2912],[-91.2475,35.2843],[-91.2437,35.2842],[-91.2437,35.2878],[-91.2424,35.2877],[-91.2424,35.2884],[-91.2414,35.2899],[-91.24,35.2909],[-91.2373,35.2917],[-91.2346,35.2915],[-91.2345,35.2984],[-91.2257,35.2983],[-91.2258,35.2875],[-91.239,35.2876],[-91.2391,35.2837],[-91.2386,35.2837],[-91.2385,35.2834],[-91.2389,35.2798],[-91.2393,35.2794],[-91.2403,35.2789],[-91.2406,35.2781],[-91.2382,35.2767],[-91.2374,35.2759],[-91.2359,35.2755],[-91.2365,35.2749],[-91.2373,35.2749],[-91.2391,35.2742],[-91.2402,35.2731],[-91.2403,35.2726],[-91.2399,35.272],[-91.2385,35.2714],[-91.2385,35.2707]]],[[[-91.2524,35.255],[-91.2565,35.2551],[-91.2524,35.255],[-91.2524,35.255]]],[[[-91.248,35.2536],[-91.2482,35.2532],[-91.2481,35.2534],[-91.248,35.2536]]],[[[-91.248,35.2528],[-91.248,35.2528],[-91.2482,35.2529],[-91.248,35.2528]]],[[[-91.2526,35.2422],[-91.2526,35.2416],[-91.2526,35.2416],[-91.2526,35.2422]]],[[[-91.2527,35.2399],[-91.2527,35.2399],[-91.2526,35.2399],[-91.2527,35.2399]]],[[[-91.2657,35.2334],[-91.2657,35.2263],[-91.2529,35.2262],[-91.253,35.2262],[-91.2527,35.2266],[-91.2528,35.2363],[-91.2528,35.2335],[-91.2615,35.2334],[-91.2614,35.2369],[-91.2615,35.2334],[-91.2657,35.2334]]],[[[-91.2504,35.2262],[-91.2481,35.226],[-91.2509,35.2264],[-91.2523,35.2265],[-91.2504,35.2262]]],[[[-91.2528,35.2261],[-91.2528,35.2261],[-91.2532,35.2108],[-91.2528,35.2261]]],[[[-91.2533,35.192],[-91.2534,35.1913],[-91.2533,35.1918],[-91.2533,35.192]]],[[[-91.2079,35.3137],[-91.2079,35.3127],[-91.1991,35.3126],[-91.1991,35.3053],[-91.2036,35.3054],[-91.2035,35.2985],[-91.2212,35.2984],[-91.2211,35.3056],[-91.2124,35.3055],[-91.2123,35.3137],[-91.2079,35.3137]]],[[[-91.2079,35.3127],[-91.208,35.3054],[-91.2079,35.3127],[-91.2079,35.3127]]],[[[-91.2256,35.3057],[-91.2256,35.308],[-91.225,35.3076],[-91.225,35.3082],[-91.2256,35.3085],[-91.2256,35.3093],[-91.2256,35.3087],[-91.226,35.3084],[-91.2261,35.3069],[-91.2274,35.3057],[-91.2256,35.3057],[-91.2256,35.302],[-91.2301,35.3021],[-91.23,35.3093],[-91.2344,35.3093],[-91.2344,35.3203],[-91.23,35.3202],[-91.23,35.3231],[-91.2298,35.3231],[-91.2297,35.3239],[-91.2256,35.3238],[-91.2256,35.324],[-91.2253,35.324],[-91.2253,35.3243],[-91.2256,35.3243],[-91.2255,35.3347],[-91.2211,35.3347],[-91.2208,35.3419],[-91.212,35.3417],[-91.212,35.3455],[-91.2102,35.344],[-91.2053,35.3438],[-91.2053,35.3454],[-91.1987,35.3454],[-91.1988,35.3343],[-91.2079,35.3343],[-91.208,35.3383],[-91.2122,35.3383],[-91.2123,35.3345],[-91.2167,35.3346],[-91.2167,35.331],[-91.2211,35.331],[-91.2212,35.3165],[-91.2168,35.3165],[-91.2168,35.3092],[-91.2212,35.3092],[-91.2212,35.3056],[-91.2256,35.3057]]],[[[-91.193,35.3677],[-91.193,35.3713],[-91.1908,35.3713],[-91.1908,35.3677],[-91.193,35.3677]]],[[[-91.1774,35.3748],[-91.1775,35.3712],[-91.1731,35.3712],[-91.1733,35.3639],[-91.1688,35.3639],[-91.1689,35.3566],[-91.1721,35.3567],[-91.1722,35.3528],[-91.1711,35.3528],[-91.1711,35.3489],[-91.1942,35.3491],[-91.1942,35.3453],[-91.1987,35.3454],[-91.1986,35.353],[-91.1897,35.3529],[-91.1897,35.3568],[-91.191,35.3568],[-91.1909,35.3604],[-91.1865,35.3604],[-91.1865,35.3635],[-91.1821,35.3635],[-91.1821,35.364],[-91.1799,35.364],[-91.1797,35.3712],[-91.1819,35.3712],[-91.1819,35.3715],[-91.1884,35.3716],[-91.1883,35.3781],[-91.1885,35.3786],[-91.1774,35.3785],[-91.1771,35.393],[-91.1695,35.393],[-91.1699,35.3924],[-91.1699,35.3912],[-91.169,35.3898],[-91.1685,35.3894],[-91.1636,35.3893],[-91.1636,35.3911],[-91.1681,35.3912],[-91.1681,35.4002],[-91.1591,35.4002],[-91.1591,35.4038],[-91.1545,35.4041],[-91.1544,35.3994],[-91.1591,35.3991],[-91.1592,35.3948],[-91.1585,35.3946],[-91.1603,35.3942],[-91.1598,35.3928],[-91.1614,35.3911],[-91.1621,35.3886],[-91.1627,35.3877],[-91.1636,35.3872],[-91.1633,35.3856],[-91.1626,35.3856],[-91.1623,35.3853],[-91.1622,35.3841],[-91.162,35.3841],[-91.1619,35.3847],[-91.161,35.3847],[-91.1593,35.3833],[-91.1638,35.3834],[-91.1638,35.382],[-91.1728,35.3821],[-91.173,35.3748],[-91.1774,35.3748]]],[[[-91.0396,35.3986],[-91.0396,35.3979],[-91.0361,35.3978],[-91.0379,35.3942],[-91.0396,35.3942],[-91.0396,35.3949],[-91.0536,35.3948],[-91.0503,35.3985],[-91.0484,35.3985],[-91.0484,35.4022],[-91.0441,35.4022],[-91.044,35.4058],[-91.0397,35.4059],[-91.0396,35.3986]]],[[[-91.1326,35.4636],[-91.1327,35.4521],[-91.128,35.4519],[-91.1281,35.4406],[-91.1391,35.4408],[-91.1391,35.4413],[-91.1386,35.4413],[-91.1372,35.4432],[-91.1369,35.4443],[-91.1376,35.445],[-91.141,35.4449],[-91.1398,35.4445],[-91.1388,35.4448],[-91.1376,35.4447],[-91.1371,35.4442],[-91.1379,35.4426],[-91.1388,35.4415],[-91.1394,35.4413],[-91.1394,35.4408],[-91.1382,35.4406],[-91.1383,35.4404],[-91.1398,35.4388],[-91.1402,35.4382],[-91.14,35.4375],[-91.1404,35.4371],[-91.1351,35.437],[-91.1349,35.4346],[-91.1355,35.4343],[-91.1366,35.4345],[-91.1371,35.4339],[-91.1371,35.4333],[-91.1419,35.4333],[-91.1418,35.4336],[-91.1458,35.4337],[-91.1459,35.43],[-91.1417,35.4303],[-91.1417,35.4268],[-91.15,35.4261],[-91.15,35.4227],[-91.1547,35.4223],[-91.1548,35.4147],[-91.1591,35.4143],[-91.1591,35.4145],[-91.1635,35.4145],[-91.1635,35.4071],[-91.168,35.4071],[-91.1681,35.4037],[-91.1727,35.4038],[-91.1727,35.4072],[-91.1701,35.4072],[-91.1702,35.4146],[-91.168,35.4146],[-91.168,35.4255],[-91.159,35.4254],[-91.159,35.429],[-91.1542,35.4339],[-91.1543,35.4413],[-91.1506,35.4413],[-91.1505,35.445],[-91.1416,35.4449],[-91.1418,35.4558],[-91.1371,35.4558],[-91.137,35.4627],[-91.1418,35.4628],[-91.1419,35.4703],[-91.135,35.4705],[-91.1339,35.4704],[-91.1326,35.4698],[-91.1326,35.4636]]],[[[-91.1591,35.4208],[-91.1591,35.4202],[-91.1591,35.4211],[-91.1591,35.4208]]],[[[-91.1279,35.5102],[-91.1279,35.5095],[-91.1189,35.5094],[-91.1191,35.5074],[-91.1196,35.5074],[-91.1196,35.5054],[-91.1236,35.5041],[-91.1237,35.5025],[-91.1326,35.5026],[-91.1325,35.5062],[-91.1305,35.5062],[-91.1306,35.5095],[-91.1283,35.5095],[-91.1283,35.5099],[-91.1279,35.5102]]],[[[-91.1278,35.5131],[-91.1278,35.5111],[-91.1288,35.5114],[-91.128,35.5124],[-91.1282,35.5131],[-91.1278,35.5131]]],[[[-91.1408,35.556],[-91.1407,35.5594],[-91.1359,35.5594],[-91.1361,35.5559],[-91.1408,35.556]]],[[[-91.1163,35.5839],[-91.1185,35.5841],[-91.1187,35.5881],[-91.1163,35.5878],[-91.1163,35.5839]]],[[[-91.1191,35.5954],[-91.1192,35.5972],[-91.118,35.5986],[-91.1179,35.5994],[-91.1183,35.6001],[-91.1175,35.602],[-91.1184,35.6028],[-91.1143,35.6033],[-91.1126,35.6043],[-91.1097,35.6052],[-91.1091,35.6061],[-91.1069,35.6067],[-91.1027,35.6101],[-91.0987,35.614],[-91.0979,35.6161],[-91.0938,35.616],[-91.097,35.6124],[-91.097,35.6109],[-91.1009,35.6076],[-91.1039,35.6065],[-91.1077,35.6046],[-91.1079,35.6029],[-91.1128,35.6025],[-91.1129,35.5999],[-91.1174,35.5953],[-91.1191,35.5954]]]]},"properties":{"id":"usgs-pad-us-fee-managers:4591","name":"Cache River National Wildlife Refuge","kind":"land","category":"public-land","sourceCategory":"public-land","sourceId":"usgs-pad-us-fee-managers","sourceUrl":"https://services.arcgis.com/v01gqwM5QqNysAAi/arcgis/rest/services/Fee_Managers_PADUS/FeatureServer/0","sourceUpdated":"2021-12-08T05:00:00.000Z","publicUse":"PAD-US reports restricted access; confirm permits and seasonal rules with the manager.","unit":"FWS","origin":"public-catalog"}},{"type":"Feature","id":"usgs-pad-us-fee-managers:4678","geometry":{"type":"MultiPolygon","coordinates":[[[[-91.1498,33.9745],[-91.1498,33.9742],[-91.1494,33.9743],[-91.1478,33.9737],[-91.1464,33.9724],[-91.1449,33.9699],[-91.1442,33.9676],[-91.1508,33.9677],[-91.1506,33.9747],[-91.1498,33.9745]]],[[[-91.2486,33.9793],[-91.2486,33.9758],[-91.2529,33.9757],[-91.253,33.9723],[-91.2661,33.9722],[-91.2662,33.9686],[-91.2677,33.9716],[-91.269,33.9729],[-91.2704,33.9738],[-91.2703,33.9758],[-91.266,33.9758],[-91.2659,33.9794],[-91.2662,33.9794],[-91.2486,33.9793]]],[[[-91.3218,33.9669],[-91.3275,33.9741],[-91.3274,33.9749],[-91.3234,33.978],[-91.3223,33.9794],[-91.3208,33.9822],[-91.3184,33.9831],[-91.3163,33.9799],[-91.3118,33.9755],[-91.3134,33.9724],[-91.3149,33.9707],[-91.3187,33.9681],[-91.3218,33.9669]]],[[[-91.1641,33.982],[-91.164,33.98],[-91.1627,33.98],[-91.1628,33.9714],[-91.1637,33.9714],[-91.1639,33.9642],[-91.1683,33.9642],[-91.1683,33.9584],[-91.1688,33.9588],[-91.1712,33.9595],[-91.1776,33.9601],[-91.1789,33.9599],[-91.1785,33.9823],[-91.1641,33.982]]],[[[-91.1667,33.9971],[-91.1662,33.9988],[-91.165,34.0001],[-91.1615,34.0006],[-91.1608,33.9989],[-91.1667,33.9971]]],[[[-91.311,34.0165],[-91.3118,34.018],[-91.3027,34.0215],[-91.3013,34.0221],[-91.3004,34.0206],[-91.311,34.0165]]],[[[-91.3958,34.0299],[-91.4014,34.0276],[-91.4117,34.0128],[-91.4171,34.0153],[-91.4069,34.0301],[-91.3958,34.0299]]],[[[-91.3016,34.107],[-91.3014,34.1177],[-91.2923,34.1181],[-91.2922,34.1216],[-91.2835,34.1219],[-91.2838,34.1073],[-91.3016,34.107]]],[[[-91.4735,34.1354],[-91.4761,34.1354],[-91.4772,34.135],[-91.4773,34.1425],[-91.4729,34.1426],[-91.4729,34.1357],[-91.4735,34.1354]]],[[[-91.2833,34.1376],[-91.2832,34.1413],[-91.2788,34.1412],[-91.2788,34.1375],[-91.2833,34.1376]]],[[[-91.2252,34.1771],[-91.2253,34.1732],[-91.2209,34.1732],[-91.2209,34.1695],[-91.2274,34.1696],[-91.2274,34.1714],[-91.2296,34.1714],[-91.2294,34.1771],[-91.2252,34.1771]]],[[[-91.2143,34.1731],[-91.2143,34.177],[-91.2118,34.177],[-91.2119,34.1731],[-91.2143,34.1731]]],[[[-91.2207,34.1806],[-91.2206,34.1842],[-91.2118,34.1842],[-91.2118,34.1807],[-91.2207,34.1806]]],[[[-91.06,34.206],[-91.0601,34.2032],[-91.0607,34.2037],[-91.0623,34.2041],[-91.0631,34.2031],[-91.0631,34.2018],[-91.0648,34.1983],[-91.0653,34.1979],[-91.0668,34.1975],[-91.0678,34.1969],[-91.0682,34.1961],[-91.0686,34.1965],[-91.0685,34.1962],[-91.069,34.1958],[-91.0687,34.1954],[-91.0693,34.1949],[-91.0689,34.1945],[-91.0694,34.1944],[-91.0698,34.1936],[-91.0688,34.1932],[-91.0698,34.1932],[-91.07,34.193],[-91.0688,34.1927],[-91.0689,34.1916],[-91.0685,34.1916],[-91.0677,34.1964],[-91.0671,34.197],[-91.0646,34.1979],[-91.0621,34.2034],[-91.0615,34.2035],[-91.0608,34.2033],[-91.0605,34.203],[-91.0601,34.2018],[-91.0604,34.1925],[-91.0599,34.1629],[-91.06,34.1486],[-91.0613,34.1336],[-91.0619,34.1057],[-91.0598,34.1017],[-91.06,34.0944],[-91.0622,34.0915],[-91.0623,34.0902],[-91.0631,34.0902],[-91.0683,34.0831],[-91.0708,34.0831],[-91.0708,34.0903],[-91.0796,34.0903],[-91.0795,34.0796],[-91.0751,34.0795],[-91.0752,34.0727],[-91.0776,34.0617],[-91.0797,34.0618],[-91.0804,34.0317],[-91.0977,34.0317],[-91.1324,34.0304],[-91.1323,34.0081],[-91.1586,33.9999],[-91.1599,34.003],[-91.1606,34.0065],[-91.163,34.0087],[-91.1633,34.0095],[-91.1657,34.0124],[-91.1689,34.0152],[-91.1701,34.016],[-91.1716,34.0165],[-91.1741,34.0167],[-91.1814,34.0166],[-91.1826,34.017],[-91.1834,34.0176],[-91.184,34.0185],[-91.1842,34.0195],[-91.1822,34.024],[-91.1817,34.0262],[-91.1817,34.0288],[-91.1823,34.0298],[-91.1839,34.0312],[-91.1898,34.0319],[-91.191,34.0323],[-91.1929,34.0335],[-91.1942,34.0353],[-91.1946,34.0362],[-91.1949,34.0384],[-91.1958,34.0479],[-91.1957,34.0505],[-91.1954,34.0519],[-91.1941,34.0544],[-91.1925,34.0555],[-91.1884,34.0576],[-91.1875,34.0586],[-91.1865,34.0607],[-91.1864,34.0618],[-91.187,34.0637],[-91.188,34.065],[-91.1946,34.0688],[-91.1951,34.0696],[-91.1949,34.0709],[-91.1942,34.0716],[-91.1932,34.0716],[-91.1899,34.0695],[-91.1883,34.069],[-91.1866,34.0689],[-91.1846,34.0696],[-91.1835,34.071],[-91.1837,34.0729],[-91.1851,34.075],[-91.1859,34.0766],[-91.1863,34.0781],[-91.1862,34.0793],[-91.1848,34.0816],[-91.1821,34.0836],[-91.1758,34.0864],[-91.1735,34.0879],[-91.1713,34.0899],[-91.1694,34.0928],[-91.1678,34.0937],[-91.1661,34.0935],[-91.1639,34.0926],[-91.1623,34.091],[-91.1607,34.0876],[-91.1575,34.0852],[-91.1553,34.0845],[-91.1535,34.0837],[-91.1508,34.0837],[-91.1495,34.0843],[-91.1472,34.0869],[-91.1474,34.0883],[-91.1471,34.0891],[-91.1471,34.0903],[-91.1484,34.0938],[-91.1483,34.094],[-91.1484,34.095],[-91.1475,34.0975],[-91.1476,34.0991],[-91.1484,34.1011],[-91.1503,34.1026],[-91.1505,34.1033],[-91.1493,34.1039],[-91.1481,34.1036],[-91.1477,34.1027],[-91.1468,34.1018],[-91.1437,34.0997],[-91.1425,34.0998],[-91.1411,34.1005],[-91.1406,34.1018],[-91.1407,34.1026],[-91.1418,34.1041],[-91.1431,34.1049],[-91.1433,34.1054],[-91.1433,34.1065],[-91.1428,34.1076],[-91.143,34.1092],[-91.1426,34.1103],[-91.1419,34.1109],[-91.1403,34.1111],[-91.1384,34.1106],[-91.1346,34.1075],[-91.1323,34.1062],[-91.1286,34.106],[-91.126,34.105],[-91.1237,34.1053],[-91.1237,34.1029],[-91.1237,34.1056],[-91.1225,34.1062],[-91.1219,34.1071],[-91.1203,34.112],[-91.1188,34.114],[-91.1172,34.1176],[-91.1167,34.1206],[-91.1163,34.1219],[-91.1158,34.1225],[-91.1141,34.1234],[-91.1126,34.1249],[-91.1119,34.1283],[-91.1107,34.1315],[-91.1094,34.132],[-91.1078,34.132],[-91.1073,34.1317],[-91.1058,34.1297],[-91.1047,34.1289],[-91.1031,34.1282],[-91.1011,34.1279],[-91.1011,34.1257],[-91.1005,34.1239],[-91.0998,34.1229],[-91.0988,34.122],[-91.0952,34.1204],[-91.093,34.1197],[-91.089,34.1192],[-91.0827,34.119],[-91.0822,34.1181],[-91.0825,34.1161],[-91.0831,34.1151],[-91.0852,34.1137],[-91.0866,34.1133],[-91.0916,34.113],[-91.0958,34.1131],[-91.1036,34.1157],[-91.1063,34.1156],[-91.1085,34.1146],[-91.1099,34.1134],[-91.1108,34.1118],[-91.1111,34.1108],[-91.111,34.1074],[-91.1101,34.1049],[-91.1095,34.1039],[-91.1086,34.1027],[-91.107,34.1013],[-91.1051,34.1002],[-91.1027,34.0997],[-91.1009,34.0998],[-91.0994,34.1005],[-91.0979,34.1026],[-91.0974,34.1038],[-91.0966,34.107],[-91.0951,34.1093],[-91.0929,34.1105],[-91.0905,34.1109],[-91.0886,34.1108],[-91.0869,34.1103],[-91.0811,34.1062],[-91.0765,34.1044],[-91.0727,34.1044],[-91.0685,34.1056],[-91.0671,34.1056],[-91.0655,34.1052],[-91.0636,34.1038],[-91.0624,34.102],[-91.0621,34.1011],[-91.0622,34.0992],[-91.0638,34.0958],[-91.0668,34.0935],[-91.0694,34.0929],[-91.0712,34.0929],[-91.0745,34.0935],[-91.0897,34.0996],[-91.0921,34.1002],[-91.0938,34.1003],[-91.097,34.0997],[-91.0998,34.0988],[-91.1033,34.0966],[-91.1049,34.0948],[-91.1059,34.0924],[-91.106,34.0909],[-91.1053,34.0888],[-91.1026,34.084],[-91.1022,34.0809],[-91.1026,34.0787],[-91.104,34.0766],[-91.105,34.0756],[-91.1097,34.0733],[-91.1108,34.0725],[-91.1115,34.0709],[-91.112,34.0685],[-91.1113,34.0666],[-91.1097,34.065],[-91.1007,34.0626],[-91.0989,34.0616],[-91.0982,34.06],[-91.098,34.06],[-91.0981,34.0577],[-91.0996,34.0559],[-91.1024,34.0545],[-91.1037,34.0544],[-91.1077,34.0532],[-91.1126,34.0512],[-91.1149,34.049],[-91.1155,34.0472],[-91.1149,34.0458],[-91.1135,34.0447],[-91.1088,34.0456],[-91.1081,34.046],[-91.1097,34.046],[-91.1115,34.0456],[-91.1129,34.0458],[-91.1139,34.0463],[-91.1142,34.048],[-91.1137,34.0491],[-91.1117,34.0512],[-91.107,34.053],[-91.1013,34.0541],[-91.099,34.0552],[-91.0982,34.0558],[-91.0972,34.0577],[-91.0971,34.06],[-91.0981,34.0614],[-91.0984,34.0623],[-91.1001,34.0632],[-91.1083,34.0652],[-91.1091,34.0656],[-91.1103,34.0667],[-91.1112,34.069],[-91.1112,34.0703],[-91.1106,34.0717],[-91.1098,34.0728],[-91.1044,34.0756],[-91.1033,34.0766],[-91.1018,34.0788],[-91.1014,34.0809],[-91.102,34.084],[-91.1046,34.0886],[-91.1054,34.091],[-91.1053,34.0924],[-91.1042,34.0945],[-91.1015,34.097],[-91.0987,34.0985],[-91.0958,34.0993],[-91.0926,34.0996],[-91.0896,34.0989],[-91.0779,34.0945],[-91.0755,34.093],[-91.0708,34.0922],[-91.0686,34.0923],[-91.0659,34.0931],[-91.0641,34.0943],[-91.0629,34.0956],[-91.0621,34.0968],[-91.0616,34.0983],[-91.0613,34.1017],[-91.0615,34.1027],[-91.0624,34.1038],[-91.0638,34.1048],[-91.0643,34.1048],[-91.0664,34.1058],[-91.0678,34.1059],[-91.0736,34.1048],[-91.0762,34.1048],[-91.0781,34.1053],[-91.0792,34.1057],[-91.0818,34.1071],[-91.0858,34.1101],[-91.0872,34.1109],[-91.0892,34.1113],[-91.0905,34.1113],[-91.0935,34.1107],[-91.0958,34.1094],[-91.0975,34.1063],[-91.0987,34.1026],[-91.0994,34.1014],[-91.0997,34.1009],[-91.1013,34.1002],[-91.1034,34.1002],[-91.1046,34.1005],[-91.1061,34.1012],[-91.1089,34.1037],[-91.1103,34.1065],[-91.1106,34.1091],[-91.1099,34.1115],[-91.1086,34.1135],[-91.1072,34.1145],[-91.1062,34.1148],[-91.1031,34.1147],[-91.0964,34.1127],[-91.0951,34.1125],[-91.0905,34.1125],[-91.0868,34.1128],[-91.0846,34.1134],[-91.0836,34.114],[-91.0817,34.1162],[-91.0816,34.117],[-91.0819,34.1188],[-91.0829,34.1197],[-91.0891,34.1195],[-91.0917,34.1197],[-91.0957,34.1208],[-91.0985,34.1221],[-91.1002,34.1238],[-91.1008,34.1255],[-91.1008,34.128],[-91.0996,34.1284],[-91.0985,34.1292],[-91.0978,34.1306],[-91.0975,34.132],[-91.098,34.1336],[-91.0983,34.136],[-91.098,34.1375],[-91.0967,34.1393],[-91.0942,34.1406],[-91.0922,34.1411],[-91.09,34.1411],[-91.0859,34.1404],[-91.0837,34.1407],[-91.0814,34.1402],[-91.0801,34.1405],[-91.0786,34.1417],[-91.0783,34.1427],[-91.077,34.1439],[-91.0769,34.1458],[-91.0783,34.1472],[-91.0795,34.1472],[-91.08,34.1468],[-91.0806,34.1473],[-91.0816,34.1475],[-91.0821,34.1469],[-91.0817,34.1463],[-91.0836,34.1465],[-91.0843,34.1486],[-91.0862,34.151],[-91.0896,34.153],[-91.0904,34.1538],[-91.0903,34.155],[-91.0896,34.1557],[-91.0844,34.1569],[-91.0834,34.1578],[-91.0826,34.1592],[-91.0822,34.161],[-91.0849,34.1647],[-91.085,34.1667],[-91.0861,34.1696],[-91.0885,34.172],[-91.0935,34.1744],[-91.0943,34.1753],[-91.0943,34.176],[-91.0931,34.1774],[-91.0924,34.1772],[-91.0887,34.1777],[-91.0876,34.178],[-91.0866,34.1787],[-91.086,34.1798],[-91.086,34.1811],[-91.0871,34.1828],[-91.0878,34.1847],[-91.0871,34.1858],[-91.0866,34.1862],[-91.083,34.1878],[-91.0787,34.1883],[-91.078,34.1898],[-91.0772,34.1902],[-91.0749,34.1903],[-91.0721,34.1902],[-91.0716,34.1907],[-91.0726,34.1909],[-91.0774,34.1905],[-91.0784,34.1899],[-91.0795,34.1886],[-91.0834,34.1881],[-91.0869,34.1866],[-91.0879,34.1857],[-91.0883,34.1851],[-91.0874,34.1823],[-91.0911,34.1842],[-91.0927,34.1857],[-91.0933,34.1869],[-91.0932,34.1889],[-91.092,34.1917],[-91.0878,34.1969],[-91.0874,34.1981],[-91.0882,34.2011],[-91.0879,34.2017],[-91.0858,34.2015],[-91.0845,34.2005],[-91.0833,34.1987],[-91.0821,34.1974],[-91.0781,34.196],[-91.0765,34.1959],[-91.0741,34.1966],[-91.0711,34.1986],[-91.07,34.2004],[-91.0691,34.2024],[-91.0697,34.2069],[-91.0695,34.2104],[-91.0687,34.2117],[-91.0674,34.213],[-91.0655,34.2138],[-91.0629,34.214],[-91.0616,34.2144],[-91.0603,34.2157],[-91.0599,34.2165],[-91.06,34.206]]],[[[-91.0676,34.0902],[-91.0708,34.0903],[-91.0632,34.0902],[-91.0676,34.0902]]],[[[-91.0768,34.2499],[-91.0783,34.2499],[-91.0784,34.2507],[-91.078,34.2509],[-91.0768,34.2508],[-91.0768,34.2499]]],[[[-91.1512,34.2576],[-91.1512,34.2611],[-91.1469,34.2611],[-91.1469,34.2575],[-91.1512,34.2576]]],[[[-91.1117,34.261],[-91.1115,34.2597],[-91.1106,34.2585],[-91.1093,34.2579],[-91.1076,34.2578],[-91.1076,34.2574],[-91.1076,34.2578],[-91.1055,34.2578],[-91.1029,34.2575],[-91.1016,34.2577],[-91.0974,34.2593],[-91.095,34.2615],[-91.0939,34.2619],[-91.0885,34.2607],[-91.0863,34.2596],[-91.0857,34.2599],[-91.0857,34.2608],[-91.0853,34.2611],[-91.0843,34.2602],[-91.0833,34.2597],[-91.0823,34.2597],[-91.0809,34.26],[-91.0801,34.2598],[-91.0794,34.2579],[-91.0772,34.2552],[-91.0768,34.2541],[-91.077,34.2537],[-91.0799,34.2523],[-91.0801,34.252],[-91.0804,34.2498],[-91.0802,34.2488],[-91.0774,34.2449],[-91.075,34.2428],[-91.0729,34.2418],[-91.0678,34.2404],[-91.0664,34.2393],[-91.0661,34.2382],[-91.0665,34.2358],[-91.0669,34.2352],[-91.0681,34.2352],[-91.0668,34.2352],[-91.0683,34.2329],[-91.0684,34.2288],[-91.0676,34.2251],[-91.0667,34.223],[-91.0624,34.2196],[-91.0612,34.218],[-91.0612,34.2172],[-91.0624,34.2155],[-91.063,34.2151],[-91.0655,34.2149],[-91.0675,34.2144],[-91.069,34.2138],[-91.0706,34.2121],[-91.0716,34.21],[-91.0716,34.2074],[-91.0711,34.2062],[-91.0712,34.2014],[-91.0722,34.1999],[-91.0745,34.1981],[-91.0772,34.1973],[-91.0794,34.1975],[-91.081,34.1984],[-91.0843,34.2021],[-91.0854,34.2028],[-91.087,34.2031],[-91.0886,34.2025],[-91.0894,34.2012],[-91.089,34.199],[-91.0892,34.1972],[-91.0929,34.1935],[-91.0949,34.1897],[-91.0952,34.1872],[-91.0944,34.1854],[-91.0937,34.1845],[-91.0964,34.1845],[-91.0936,34.1844],[-91.0922,34.1831],[-91.0907,34.1823],[-91.0897,34.182],[-91.0878,34.1809],[-91.0877,34.1803],[-91.088,34.1797],[-91.0892,34.1787],[-91.0934,34.1786],[-91.095,34.1778],[-91.0956,34.1768],[-91.0956,34.1753],[-91.0947,34.1737],[-91.0934,34.1727],[-91.091,34.1719],[-91.0889,34.1706],[-91.0879,34.1689],[-91.0867,34.1651],[-91.0854,34.1627],[-91.0842,34.1613],[-91.084,34.1604],[-91.0851,34.1585],[-91.0865,34.1575],[-91.0882,34.1571],[-91.0899,34.157],[-91.0911,34.1562],[-91.0916,34.1551],[-91.0916,34.1534],[-91.0914,34.1529],[-91.0908,34.1522],[-91.0873,34.1503],[-91.0853,34.1463],[-91.0846,34.1455],[-91.0836,34.1445],[-91.0819,34.1437],[-91.0812,34.143],[-91.0809,34.1422],[-91.0816,34.1413],[-91.0832,34.1414],[-91.0839,34.1418],[-91.0855,34.1417],[-91.0918,34.1424],[-91.0938,34.1422],[-91.0962,34.1417],[-91.097,34.1413],[-91.0986,34.1403],[-91.0997,34.139],[-91.1,34.1376],[-91.1,34.1363],[-91.0993,34.132],[-91.1,34.1305],[-91.1018,34.1298],[-91.1031,34.1298],[-91.104,34.1301],[-91.1048,34.1307],[-91.1063,34.1325],[-91.1079,34.1332],[-91.11,34.1332],[-91.1114,34.1325],[-91.1121,34.1318],[-91.113,34.13],[-91.1136,34.1263],[-91.1141,34.1251],[-91.1175,34.1222],[-91.1195,34.116],[-91.121,34.1158],[-91.1222,34.1135],[-91.1236,34.1092],[-91.1245,34.1086],[-91.1264,34.1083],[-91.1296,34.1091],[-91.1313,34.1091],[-91.1328,34.1097],[-91.1329,34.108],[-91.1359,34.1105],[-91.1393,34.1122],[-91.1415,34.1125],[-91.1434,34.1119],[-91.1443,34.1106],[-91.1442,34.1086],[-91.1438,34.1076],[-91.1446,34.1054],[-91.1439,34.1037],[-91.1429,34.1027],[-91.1427,34.1011],[-91.1439,34.101],[-91.1456,34.1023],[-91.1475,34.1045],[-91.1494,34.1052],[-91.1504,34.1053],[-91.1514,34.1049],[-91.1518,34.1042],[-91.1519,34.1034],[-91.1517,34.1023],[-91.1505,34.1008],[-91.1493,34.1002],[-91.1492,34.0996],[-91.1491,34.0983],[-91.1498,34.0955],[-91.1497,34.0939],[-91.1488,34.0912],[-91.1484,34.0881],[-91.1488,34.0871],[-91.1499,34.086],[-91.1509,34.0855],[-91.1533,34.0852],[-91.1552,34.0856],[-91.1575,34.0864],[-91.1591,34.0877],[-91.1605,34.0903],[-91.1625,34.0929],[-91.1642,34.0941],[-91.1657,34.0948],[-91.1684,34.0954],[-91.1713,34.0932],[-91.1724,34.0913],[-91.1744,34.0897],[-91.1768,34.0882],[-91.1832,34.0851],[-91.1852,34.0838],[-91.1875,34.0818],[-91.1888,34.0797],[-91.1889,34.0779],[-91.188,34.0755],[-91.1863,34.0737],[-91.1856,34.0726],[-91.1855,34.0719],[-91.186,34.0712],[-91.187,34.0707],[-91.1879,34.0707],[-91.189,34.0711],[-91.1924,34.0734],[-91.1938,34.0736],[-91.1948,34.0735],[-91.1961,34.073],[-91.1975,34.0715],[-91.1976,34.0705],[-91.1974,34.0692],[-91.1959,34.0675],[-91.1943,34.0664],[-91.1906,34.0646],[-91.1888,34.0632],[-91.1887,34.0626],[-91.189,34.0608],[-91.1901,34.0592],[-91.1915,34.058],[-91.1927,34.0574],[-91.1951,34.0557],[-91.1974,34.053],[-91.198,34.0514],[-91.1983,34.0504],[-91.1983,34.0476],[-91.1974,34.0434],[-91.1966,34.0369],[-91.1961,34.0349],[-91.1951,34.033],[-91.193,34.0314],[-91.1893,34.0303],[-91.1867,34.0304],[-91.186,34.0302],[-91.1849,34.0297],[-91.1843,34.0289],[-91.1839,34.0269],[-91.1841,34.0252],[-91.1858,34.0212],[-91.1855,34.0186],[-91.1847,34.0166],[-91.1827,34.0158],[-91.1795,34.0153],[-91.1738,34.0153],[-91.1722,34.0148],[-91.1707,34.0139],[-91.1696,34.0126],[-91.1694,34.0115],[-91.1691,34.0117],[-91.169,34.0124],[-91.1688,34.0124],[-91.1671,34.0104],[-91.1671,34.0099],[-91.1666,34.01],[-91.1663,34.0091],[-91.1655,34.0083],[-91.1652,34.0076],[-91.165,34.0079],[-91.1648,34.0078],[-91.1639,34.0064],[-91.1616,34.0012],[-91.1646,34.0008],[-91.1674,34.0001],[-91.169,33.9986],[-91.1698,33.9962],[-91.1714,33.9954],[-91.1728,33.9942],[-91.1784,33.9879],[-91.1783,34.015],[-91.195,34.0151],[-91.2299,34.0159],[-91.2298,34.0166],[-91.2431,34.0168],[-91.2431,34.018],[-91.2475,34.018],[-91.2474,34.0197],[-91.243,34.0197],[-91.2428,34.0229],[-91.234,34.0231],[-91.234,34.0229],[-91.2297,34.0224],[-91.2296,34.0266],[-91.2339,34.0271],[-91.2337,34.0323],[-91.2354,34.0324],[-91.2349,34.0432],[-91.234,34.0431],[-91.2336,34.0468],[-91.2329,34.0467],[-91.2328,34.0504],[-91.2306,34.0503],[-91.2306,34.0611],[-91.2261,34.0609],[-91.2261,34.0767],[-91.2259,34.0828],[-91.2307,34.0829],[-91.2307,34.0904],[-91.2259,34.0902],[-91.2262,34.1008],[-91.2256,34.1008],[-91.2255,34.1044],[-91.2232,34.1044],[-91.2229,34.1082],[-91.2221,34.1082],[-91.2215,34.1183],[-91.2215,34.1258],[-91.2171,34.1258],[-91.2171,34.1294],[-91.2138,34.1294],[-91.2138,34.1312],[-91.2127,34.1312],[-91.2127,34.1257],[-91.2043,34.1258],[-91.2044,34.1184],[-91.2128,34.1184],[-91.1865,34.1182],[-91.1859,34.1291],[-91.1772,34.129],[-91.1763,34.162],[-91.1578,34.1621],[-91.1576,34.1842],[-91.1579,34.1848],[-91.1579,34.186],[-91.1576,34.1868],[-91.1576,34.1914],[-91.1757,34.1915],[-91.1754,34.2213],[-91.1472,34.2212],[-91.1469,34.2357],[-91.1427,34.2357],[-91.1426,34.2393],[-91.1382,34.2393],[-91.1382,34.2466],[-91.1468,34.2466],[-91.1468,34.2503],[-91.1208,34.2501],[-91.1205,34.2646],[-91.1118,34.2645],[-91.1111,34.2909],[-91.1099,34.2871],[-91.1081,34.2843],[-91.1051,34.2805],[-91.1022,34.2746],[-91.1012,34.2722],[-91.1017,34.2702],[-91.1023,34.2694],[-91.1031,34.2687],[-91.1051,34.2677],[-91.1089,34.2671],[-91.1102,34.2661],[-91.1109,34.265],[-91.1117,34.261]]],[[[-91.1119,34.2583],[-91.1119,34.2573],[-91.1096,34.2573],[-91.1119,34.2573],[-91.1119,34.2596],[-91.1119,34.2583]]],[[[-91.0771,34.3444],[-91.0761,34.3429],[-91.0753,34.3423],[-91.0737,34.3418],[-91.0737,34.3411],[-91.0715,34.3408],[-91.0696,34.3383],[-91.0679,34.3371],[-91.0736,34.3372],[-91.0671,34.3371],[-91.0631,34.336],[-91.0616,34.3361],[-91.0596,34.3369],[-91.0575,34.3367],[-91.0563,34.336],[-91.0553,34.3349],[-91.0541,34.3325],[-91.0539,34.3318],[-91.0543,34.3306],[-91.057,34.3273],[-91.0574,34.3262],[-91.0565,34.3243],[-91.0553,34.323],[-91.0554,34.3227],[-91.0559,34.3225],[-91.0575,34.3226],[-91.0589,34.3225],[-91.0619,34.3218],[-91.0639,34.3211],[-91.0644,34.3208],[-91.065,34.3199],[-91.0649,34.3186],[-91.0641,34.3175],[-91.0621,34.3171],[-91.0577,34.318],[-91.0563,34.318],[-91.0542,34.3167],[-91.0531,34.3148],[-91.0529,34.3135],[-91.0534,34.3114],[-91.0546,34.3104],[-91.0557,34.31],[-91.0569,34.3097],[-91.0576,34.3099],[-91.0596,34.3109],[-91.0614,34.3123],[-91.0637,34.3129],[-91.0647,34.3128],[-91.0656,34.3118],[-91.0658,34.3112],[-91.0658,34.3104],[-91.0653,34.3097],[-91.0628,34.3074],[-91.0623,34.3066],[-91.0612,34.304],[-91.0612,34.3031],[-91.0623,34.2994],[-91.0622,34.2972],[-91.0618,34.2961],[-91.0592,34.292],[-91.059,34.2907],[-91.0592,34.2892],[-91.0597,34.2884],[-91.0609,34.2876],[-91.0631,34.2875],[-91.0646,34.2882],[-91.0655,34.2891],[-91.0658,34.2901],[-91.0654,34.2913],[-91.0642,34.2935],[-91.0639,34.295],[-91.0645,34.2966],[-91.0656,34.298],[-91.0677,34.299],[-91.0685,34.2992],[-91.0709,34.2989],[-91.0728,34.298],[-91.074,34.2963],[-91.0745,34.295],[-91.0743,34.2888],[-91.0746,34.2871],[-91.0785,34.2834],[-91.0789,34.2827],[-91.0785,34.2806],[-91.0779,34.2801],[-91.0772,34.2798],[-91.0749,34.2796],[-91.0739,34.2789],[-91.0735,34.278],[-91.0763,34.271],[-91.0764,34.2691],[-91.0754,34.2667],[-91.0738,34.2653],[-91.0724,34.2646],[-91.0708,34.2644],[-91.0671,34.2646],[-91.0655,34.2642],[-91.0653,34.2635],[-91.0654,34.2631],[-91.0685,34.2621],[-91.0694,34.2609],[-91.0696,34.2601],[-91.0694,34.2594],[-91.0679,34.2578],[-91.0669,34.2572],[-91.0642,34.2563],[-91.0634,34.2558],[-91.0634,34.2548],[-91.066,34.2525],[-91.0689,34.2506],[-91.0705,34.25],[-91.0716,34.2499],[-91.0738,34.2503],[-91.076,34.2516],[-91.0759,34.253],[-91.0768,34.2553],[-91.0792,34.2583],[-91.0798,34.26],[-91.0806,34.2604],[-91.0831,34.26],[-91.0838,34.2603],[-91.0854,34.2615],[-91.0859,34.2614],[-91.0862,34.2606],[-91.0861,34.2601],[-91.0864,34.26],[-91.089,34.2612],[-91.093,34.2621],[-91.0943,34.2621],[-91.098,34.2595],[-91.1013,34.2581],[-91.1028,34.2578],[-91.1088,34.2581],[-91.1101,34.2585],[-91.1109,34.2593],[-91.1112,34.2605],[-91.111,34.2631],[-91.1108,34.2643],[-91.1103,34.2653],[-91.1092,34.2664],[-91.1084,34.2668],[-91.1047,34.2674],[-91.1029,34.2684],[-91.1015,34.2696],[-91.1008,34.2719],[-91.1017,34.2746],[-91.105,34.2812],[-91.1088,34.2862],[-91.11,34.2885],[-91.1106,34.2904],[-91.111,34.2924],[-91.1114,34.2983],[-91.1112,34.2999],[-91.1105,34.3022],[-91.1098,34.3031],[-91.1082,34.3035],[-91.1062,34.3029],[-91.1014,34.3004],[-91.0999,34.3001],[-91.0977,34.3003],[-91.0963,34.3015],[-91.0954,34.3066],[-91.0949,34.308],[-91.0937,34.3095],[-91.0915,34.3116],[-91.091,34.3123],[-91.091,34.3127],[-91.0914,34.3137],[-91.0926,34.314],[-91.0951,34.3121],[-91.0968,34.3117],[-91.0988,34.3116],[-91.1008,34.3121],[-91.1051,34.3142],[-91.1098,34.3154],[-91.1135,34.3157],[-91.1174,34.3152],[-91.1205,34.3153],[-91.1232,34.3164],[-91.1248,34.3177],[-91.1254,34.3184],[-91.1262,34.3201],[-91.1265,34.3217],[-91.1264,34.3237],[-91.1255,34.3252],[-91.1216,34.3273],[-91.1207,34.3272],[-91.1192,34.3254],[-91.1172,34.3242],[-91.1135,34.3234],[-91.1115,34.3234],[-91.11,34.3237],[-91.1063,34.3254],[-91.1056,34.3262],[-91.1055,34.3273],[-91.1057,34.3288],[-91.1052,34.3299],[-91.1043,34.3306],[-91.1023,34.3314],[-91.0998,34.3328],[-91.0974,34.3329],[-91.097,34.3331],[-91.0968,34.3338],[-91.0971,34.3356],[-91.0964,34.3367],[-91.0924,34.3395],[-91.0924,34.3403],[-91.0952,34.3414],[-91.0966,34.343],[-91.0969,34.3436],[-91.0961,34.3444],[-91.0947,34.3447],[-91.093,34.3428],[-91.0924,34.3426],[-91.0909,34.3427],[-91.0902,34.343],[-91.0874,34.3452],[-91.0866,34.3454],[-91.0852,34.3453],[-91.0825,34.3443],[-91.0808,34.3447],[-91.0794,34.3454],[-91.0774,34.3472],[-91.0769,34.3474],[-91.0766,34.3472],[-91.0765,34.3466],[-91.0771,34.3444]]],[[[-91.0292,34.3539],[-91.0284,34.3549],[-91.0286,34.3552],[-91.0285,34.3566],[-91.0278,34.3552],[-91.028,34.3547],[-91.0292,34.3539]]],[[[-91.128,34.3749],[-91.1284,34.3745],[-91.1289,34.3749],[-91.1285,34.3753],[-91.128,34.3749]]],[[[-91.1162,34.3686],[-91.1113,34.3666],[-91.1069,34.3658],[-91.1056,34.3647],[-91.1051,34.3633],[-91.1058,34.3609],[-91.1088,34.3588],[-91.11,34.3577],[-91.1107,34.3556],[-91.1101,34.3542],[-91.1109,34.3542],[-91.1101,34.3542],[-91.1082,34.3527],[-91.1063,34.352],[-91.0991,34.3514],[-91.0973,34.3509],[-91.0956,34.3491],[-91.0951,34.3477],[-91.0951,34.3454],[-91.0969,34.3443],[-91.097,34.3436],[-91.0968,34.3428],[-91.0954,34.3411],[-91.0927,34.34],[-91.097,34.3364],[-91.0975,34.3356],[-91.0973,34.3337],[-91.0975,34.3333],[-91.0998,34.3332],[-91.1052,34.3304],[-91.1061,34.3289],[-91.1059,34.3276],[-91.1061,34.3261],[-91.1081,34.3247],[-91.1096,34.3241],[-91.1119,34.3237],[-91.1159,34.3241],[-91.118,34.325],[-91.1204,34.3274],[-91.1218,34.3276],[-91.1256,34.3257],[-91.1267,34.3237],[-91.1267,34.3208],[-91.1256,34.318],[-91.1229,34.3156],[-91.1219,34.3153],[-91.1188,34.3148],[-91.1136,34.3153],[-91.1086,34.3148],[-91.1066,34.3143],[-91.1007,34.3116],[-91.0993,34.3113],[-91.0961,34.3115],[-91.0941,34.3123],[-91.093,34.3134],[-91.0922,34.3137],[-91.0918,34.3135],[-91.0915,34.313],[-91.0915,34.3124],[-91.0939,34.3099],[-91.0954,34.3079],[-91.096,34.3063],[-91.0966,34.3019],[-91.0975,34.3009],[-91.0979,34.3006],[-91.0989,34.3004],[-91.1015,34.3009],[-91.1058,34.3031],[-91.1078,34.3038],[-91.1093,34.3037],[-91.1105,34.303],[-91.1109,34.3024],[-91.1117,34.2991],[-91.1115,34.2963],[-91.1117,34.2955],[-91.1119,34.2955],[-91.1117,34.2955],[-91.1115,34.2935],[-91.1123,34.2951],[-91.112,34.2955],[-91.1201,34.2956],[-91.1201,34.2993],[-91.1246,34.2993],[-91.1246,34.3068],[-91.1289,34.3068],[-91.1289,34.314],[-91.1334,34.314],[-91.1333,34.3179],[-91.1377,34.3179],[-91.1375,34.3252],[-91.1276,34.325],[-91.1251,34.3268],[-91.1226,34.328],[-91.121,34.3293],[-91.1204,34.3308],[-91.1198,34.331],[-91.1198,34.3343],[-91.1243,34.3343],[-91.1241,34.3397],[-91.1196,34.3398],[-91.1196,34.3468],[-91.1283,34.347],[-91.1281,34.3543],[-91.1282,34.358],[-91.1327,34.3581],[-91.1326,34.3617],[-91.1262,34.3616],[-91.1261,34.3543],[-91.1195,34.3543],[-91.1194,34.3616],[-91.1217,34.3616],[-91.1229,34.3653],[-91.1233,34.3678],[-91.123,34.3682],[-91.123,34.3685],[-91.1283,34.3639],[-91.1283,34.3662],[-91.1291,34.3662],[-91.1301,34.3711],[-91.1261,34.3734],[-91.1232,34.3753],[-91.1198,34.3714],[-91.1162,34.3686]]],[[[-91.1286,34.3754],[-91.129,34.3749],[-91.1296,34.3753],[-91.1291,34.3758],[-91.1286,34.3754]]],[[[-91.1274,34.3754],[-91.1279,34.375],[-91.1284,34.3754],[-91.128,34.3758],[-91.1274,34.3754]]],[[[-91.128,34.3759],[-91.1285,34.3754],[-91.1291,34.3758],[-91.1286,34.3763],[-91.128,34.3759]]],[[[-91.1307,34.3769],[-91.1311,34.3764],[-91.1317,34.3768],[-91.1313,34.3773],[-91.1307,34.3769]]],[[[-91.0261,34.3698],[-91.0269,34.369],[-91.0275,34.3698],[-91.0276,34.3696],[-91.0274,34.3686],[-91.0266,34.368],[-91.0263,34.3675],[-91.0262,34.3664],[-91.0266,34.3663],[-91.0277,34.3666],[-91.0285,34.3658],[-91.0286,34.3732],[-91.0275,34.3729],[-91.0275,34.3712],[-91.0261,34.3705],[-91.0259,34.3702],[-91.0261,34.3698]]],[[[-91.1313,34.3773],[-91.1318,34.3769],[-91.1323,34.3773],[-91.1319,34.3777],[-91.1313,34.3773]]],[[[-91.1302,34.3774],[-91.1306,34.3769],[-91.1312,34.3773],[-91.1308,34.3778],[-91.1302,34.3774]]],[[[-91.1308,34.3778],[-91.1313,34.3774],[-91.1318,34.3778],[-91.1314,34.3782],[-91.1308,34.3778]]],[[[-91.1263,34.3765],[-91.1273,34.3756],[-91.1286,34.3766],[-91.1298,34.3755],[-91.1309,34.3763],[-91.1284,34.3787],[-91.1257,34.3771],[-91.1263,34.3765]]],[[[-91.0229,34.3756],[-91.0225,34.3753],[-91.0219,34.3735],[-91.0209,34.3718],[-91.0206,34.3707],[-91.0212,34.37],[-91.0219,34.3704],[-91.0224,34.3722],[-91.0229,34.3731],[-91.0256,34.375],[-91.0271,34.3755],[-91.0286,34.3742],[-91.0283,34.3812],[-91.0177,34.3811],[-91.0195,34.3789],[-91.0214,34.3787],[-91.0226,34.3781],[-91.0235,34.3772],[-91.0238,34.3768],[-91.0237,34.3762],[-91.0229,34.3756]]],[[[-91.0122,34.381],[-91.0129,34.3809],[-91.013,34.381],[-91.0122,34.381]]],[[[-91.0122,34.381],[-91.0039,34.3809],[-91.0041,34.3804],[-91.0039,34.3797],[-91.0048,34.3797],[-91.0043,34.3785],[-91.0038,34.3784],[-91.0055,34.3779],[-91.0065,34.3787],[-91.007,34.3776],[-91.0076,34.3781],[-91.0083,34.3775],[-91.0093,34.3787],[-91.01,34.3787],[-91.0109,34.3778],[-91.0108,34.3763],[-91.0109,34.376],[-91.0111,34.376],[-91.0118,34.3772],[-91.0116,34.3784],[-91.0122,34.3793],[-91.0119,34.3804],[-91.0122,34.381]]],[[[-91.0768,34.2499],[-91.0767,34.2509],[-91.0736,34.249],[-91.0719,34.2487],[-91.0698,34.249],[-91.0673,34.2501],[-91.0647,34.252],[-91.0622,34.2545],[-91.0619,34.2555],[-91.0623,34.257],[-91.0629,34.257],[-91.0664,34.2582],[-91.0678,34.2594],[-91.068,34.2604],[-91.0677,34.2611],[-91.0649,34.2621],[-91.0639,34.2632],[-91.0634,34.2639],[-91.0638,34.2653],[-91.0644,34.2659],[-91.0653,34.2662],[-91.0671,34.2658],[-91.067,34.2673],[-91.0671,34.2658],[-91.0703,34.2655],[-91.0715,34.2657],[-91.0729,34.2663],[-91.0743,34.2677],[-91.0748,34.2688],[-91.075,34.2698],[-91.0735,34.274],[-91.0726,34.2758],[-91.0723,34.278],[-91.0728,34.2795],[-91.0738,34.2805],[-91.0758,34.2805],[-91.0767,34.2806],[-91.0773,34.2817],[-91.0769,34.2825],[-91.0742,34.2854],[-91.0733,34.2867],[-91.0729,34.2879],[-91.0728,34.2891],[-91.0731,34.293],[-91.0729,34.295],[-91.0722,34.2966],[-91.0713,34.2975],[-91.0705,34.2979],[-91.0685,34.2979],[-91.0672,34.2975],[-91.066,34.2964],[-91.0653,34.2951],[-91.0654,34.2937],[-91.0671,34.2913],[-91.0672,34.2904],[-91.067,34.2891],[-91.0654,34.2873],[-91.0646,34.2869],[-91.0621,34.2864],[-91.0606,34.2865],[-91.0587,34.2875],[-91.0576,34.2891],[-91.0573,34.2908],[-91.0576,34.2916],[-91.0607,34.297],[-91.061,34.298],[-91.0602,34.3015],[-91.0599,34.3048],[-91.0603,34.306],[-91.0611,34.3072],[-91.064,34.3103],[-91.0642,34.3111],[-91.0637,34.3115],[-91.0631,34.3116],[-91.0618,34.3112],[-91.0581,34.3092],[-91.0571,34.3089],[-91.0549,34.3089],[-91.0537,34.3093],[-91.0525,34.3104],[-91.0516,34.3127],[-91.0516,34.3144],[-91.0525,34.3167],[-91.0531,34.3175],[-91.0546,34.3185],[-91.0565,34.3191],[-91.0584,34.3191],[-91.0624,34.318],[-91.0632,34.3181],[-91.0639,34.3186],[-91.0638,34.3194],[-91.0625,34.3202],[-91.0592,34.3212],[-91.055,34.3213],[-91.0538,34.3216],[-91.0526,34.3223],[-91.0513,34.324],[-91.051,34.3246],[-91.0513,34.3252],[-91.0511,34.3254],[-91.0481,34.3263],[-91.0461,34.3274],[-91.0458,34.3273],[-91.0458,34.3267],[-91.0453,34.3262],[-91.0419,34.3269],[-91.0413,34.3274],[-91.0407,34.3286],[-91.0389,34.3295],[-91.0377,34.3311],[-91.0362,34.3319],[-91.0362,34.3327],[-91.0377,34.3331],[-91.0376,34.3342],[-91.038,34.3354],[-91.0378,34.336],[-91.037,34.3366],[-91.035,34.3369],[-91.0349,34.3376],[-91.0356,34.3383],[-91.0354,34.3394],[-91.035,34.3396],[-91.0345,34.3394],[-91.034,34.3383],[-91.0335,34.338],[-91.0325,34.338],[-91.0319,34.3383],[-91.0312,34.3396],[-91.0311,34.3401],[-91.0313,34.341],[-91.0299,34.3413],[-91.0312,34.3413],[-91.0315,34.3417],[-91.0315,34.3409],[-91.0322,34.3406],[-91.0337,34.3404],[-91.0341,34.3407],[-91.0329,34.3419],[-91.0323,34.3453],[-91.031,34.3461],[-91.0285,34.3468],[-91.0271,34.3486],[-91.0269,34.3497],[-91.0284,34.3506],[-91.029,34.3518],[-91.0291,34.3527],[-91.0288,34.3536],[-91.0277,34.3546],[-91.0273,34.3556],[-91.0274,34.3566],[-91.0285,34.3577],[-91.0285,34.3654],[-91.028,34.3657],[-91.0277,34.3662],[-91.0264,34.366],[-91.026,34.3661],[-91.0255,34.3671],[-91.0251,34.367],[-91.0245,34.3672],[-91.0255,34.3683],[-91.0256,34.368],[-91.0255,34.3676],[-91.0258,34.3674],[-91.0264,34.3683],[-91.0263,34.3692],[-91.0254,34.3703],[-91.0256,34.3706],[-91.0272,34.3713],[-91.027,34.3732],[-91.0286,34.3736],[-91.0273,34.3751],[-91.0268,34.3753],[-91.0263,34.3751],[-91.0246,34.3738],[-91.0234,34.3733],[-91.0228,34.3726],[-91.0221,34.3702],[-91.0216,34.3697],[-91.0209,34.3698],[-91.0203,34.3701],[-91.0202,34.3706],[-91.0205,34.3719],[-91.0217,34.3737],[-91.0222,34.3754],[-91.0235,34.3766],[-91.023,34.3773],[-91.0217,34.3783],[-91.0209,34.3787],[-91.0193,34.3786],[-91.0172,34.3811],[-91.0133,34.381],[-91.0133,34.3806],[-91.0123,34.3807],[-91.0122,34.3801],[-91.0125,34.3794],[-91.0124,34.379],[-91.0118,34.3785],[-91.012,34.3771],[-91.0114,34.3757],[-91.0108,34.3755],[-91.0104,34.3759],[-91.0106,34.3778],[-91.0098,34.3785],[-91.0092,34.3782],[-91.0086,34.3772],[-91.0081,34.3772],[-91.0078,34.3776],[-91.0071,34.3772],[-91.0067,34.3775],[-91.0064,34.3783],[-91.0057,34.3776],[-91.0035,34.3783],[-91.0034,34.3788],[-91.0041,34.3787],[-91.0046,34.3793],[-91.0044,34.3795],[-91.0039,34.3793],[-91.0035,34.3795],[-91.0037,34.3809],[-90.9987,34.3808],[-91.0043,34.3765],[-91.011,34.3708],[-91.0187,34.3567],[-91.0223,34.3397],[-91.0243,34.3364],[-91.0295,34.3296],[-91.0341,34.3246],[-91.0502,34.312],[-91.0543,34.2932],[-91.0563,34.2932],[-91.0577,34.2868],[-91.0559,34.2865],[-91.0584,34.2745],[-91.0592,34.2496],[-91.0599,34.219],[-91.0611,34.2204],[-91.0646,34.2229],[-91.0655,34.2242],[-91.0668,34.2315],[-91.0651,34.2352],[-91.0642,34.2378],[-91.0648,34.2393],[-91.0657,34.2406],[-91.0671,34.2415],[-91.073,34.2434],[-91.0758,34.2451],[-91.0769,34.2466],[-91.0768,34.2499]]],[[[-91.1926,34.4392],[-91.1916,34.4391],[-91.1895,34.4394],[-91.1883,34.44],[-91.1868,34.4411],[-91.1858,34.4423],[-91.1734,34.4421],[-91.1701,34.4395],[-91.1701,34.4368],[-91.1706,34.4353],[-91.1712,34.4345],[-91.1708,34.4334],[-91.17,34.4325],[-91.169,34.4321],[-91.1676,34.4324],[-91.1651,34.4348],[-91.1646,34.4351],[-91.1628,34.4352],[-91.161,34.4344],[-91.1611,34.4272],[-91.16,34.4272],[-91.1598,34.426],[-91.1587,34.4246],[-91.1571,34.4229],[-91.1548,34.4216],[-91.1543,34.4211],[-91.1541,34.4206],[-91.1542,34.4199],[-91.1553,34.4186],[-91.1571,34.418],[-91.1594,34.4182],[-91.1635,34.4194],[-91.1646,34.4193],[-91.1666,34.4187],[-91.1673,34.4181],[-91.1678,34.4165],[-91.1677,34.4136],[-91.1705,34.4137],[-91.1702,34.4208],[-91.1879,34.4208],[-91.1877,34.4279],[-91.1968,34.4281],[-91.1966,34.4313],[-91.192,34.4313],[-91.1919,34.435],[-91.2051,34.4354],[-91.2049,34.4449],[-91.2025,34.4448],[-91.2008,34.4443],[-91.1989,34.4432],[-91.1958,34.4406],[-91.1926,34.4392]]],[[[-91.2224,34.4485],[-91.2224,34.4507],[-91.2212,34.4507],[-91.2206,34.4487],[-91.2224,34.4485]]],[[[-91.2636,34.511],[-91.2665,34.5079],[-91.2674,34.5067],[-91.2678,34.5034],[-91.2675,34.5027],[-91.2667,34.5019],[-91.2639,34.5008],[-91.2619,34.5008],[-91.2563,34.5028],[-91.2551,34.5029],[-91.2532,34.5027],[-91.2518,34.5014],[-91.2513,34.5004],[-91.2514,34.4994],[-91.2521,34.4979],[-91.2551,34.4949],[-91.2557,34.494],[-91.2562,34.4925],[-91.2562,34.4911],[-91.2559,34.4901],[-91.2545,34.4878],[-91.2553,34.4875],[-91.2559,34.4886],[-91.2566,34.4885],[-91.2565,34.4921],[-91.2609,34.4922],[-91.2609,34.4854],[-91.2612,34.4854],[-91.2616,34.4841],[-91.2503,34.4838],[-91.2503,34.4863],[-91.2483,34.4863],[-91.2442,34.4873],[-91.2422,34.4873],[-91.2405,34.4868],[-91.2392,34.4861],[-91.2376,34.4849],[-91.2344,34.4812],[-91.233,34.4801],[-91.2312,34.4791],[-91.2293,34.4787],[-91.2271,34.4787],[-91.2255,34.479],[-91.2218,34.4803],[-91.2221,34.4725],[-91.2167,34.4724],[-91.2168,34.4711],[-91.2173,34.4694],[-91.2179,34.4686],[-91.2193,34.4673],[-91.2229,34.4649],[-91.2237,34.4635],[-91.2239,34.4627],[-91.2235,34.4617],[-91.2251,34.4609],[-91.225,34.4606],[-91.2231,34.4611],[-91.2227,34.4604],[-91.2218,34.4598],[-91.2184,34.4591],[-91.2143,34.46],[-91.2124,34.4599],[-91.2093,34.458],[-91.2074,34.4558],[-91.207,34.4545],[-91.2071,34.4538],[-91.2078,34.4523],[-91.2091,34.4514],[-91.2102,34.451],[-91.2115,34.4509],[-91.2131,34.4513],[-91.2148,34.4523],[-91.2181,34.4547],[-91.2202,34.4549],[-91.2212,34.4566],[-91.2222,34.4577],[-91.2398,34.4579],[-91.2392,34.4696],[-91.2393,34.4766],[-91.2478,34.4766],[-91.2478,34.4731],[-91.2569,34.4731],[-91.2569,34.474],[-91.2569,34.4731],[-91.2657,34.4734],[-91.2656,34.4806],[-91.2521,34.4802],[-91.2521,34.482],[-91.2568,34.482],[-91.2568,34.4823],[-91.2655,34.4823],[-91.2656,34.4806],[-91.2698,34.4807],[-91.2697,34.4882],[-91.2742,34.4884],[-91.2741,34.4887],[-91.283,34.4887],[-91.2828,34.4993],[-91.2872,34.4994],[-91.287,34.503],[-91.2826,34.5029],[-91.2824,34.5101],[-91.2868,34.5102],[-91.2867,34.5179],[-91.2891,34.5188],[-91.2895,34.5191],[-91.2893,34.5193],[-91.291,34.521],[-91.2909,34.5215],[-91.2904,34.522],[-91.2885,34.5199],[-91.2848,34.5184],[-91.2839,34.5179],[-91.2779,34.5178],[-91.278,34.5106],[-91.2763,34.5105],[-91.2749,34.5121],[-91.2736,34.5128],[-91.2734,34.5213],[-91.2628,34.5212],[-91.2628,34.5189],[-91.2619,34.5162],[-91.2619,34.5148],[-91.2624,34.5129],[-91.2636,34.511]]],[[[-91.2945,34.5802],[-91.2945,34.5763],[-91.3068,34.5765],[-91.3067,34.5795],[-91.3037,34.5784],[-91.2987,34.5788],[-91.2979,34.5792],[-91.2974,34.5798],[-91.2959,34.5843],[-91.2952,34.5886],[-91.2945,34.588],[-91.2945,34.5802]]],[[[-91.3195,34.5997],[-91.3167,34.5991],[-91.3082,34.5988],[-91.3073,34.5986],[-91.3063,34.5977],[-91.3059,34.5968],[-91.3059,34.5954],[-91.3084,34.5912],[-91.3097,34.5871],[-91.3099,34.5869],[-91.3102,34.5869],[-91.3097,34.5866],[-91.3099,34.5837],[-91.3197,34.5837],[-91.3196,34.588],[-91.3286,34.5882],[-91.3285,34.6043],[-91.3227,34.6009],[-91.3195,34.5997]]],[[[-91.3074,34.6755],[-91.3075,34.6721],[-91.3079,34.6721],[-91.3068,34.672],[-91.3069,34.6649],[-91.2929,34.6645],[-91.293,34.6497],[-91.2846,34.6499],[-91.2844,34.6424],[-91.2757,34.6422],[-91.2756,34.6176],[-91.2797,34.6187],[-91.282,34.6185],[-91.2834,34.6179],[-91.2849,34.6171],[-91.2905,34.6114],[-91.2927,34.6096],[-91.2936,34.6084],[-91.2947,34.6078],[-91.2952,34.6066],[-91.2955,34.6047],[-91.2949,34.6036],[-91.2933,34.6019],[-91.2917,34.6012],[-91.2858,34.6004],[-91.2861,34.5912],[-91.2743,34.5908],[-91.2737,34.5896],[-91.2726,34.5882],[-91.2724,34.58],[-91.2682,34.5799],[-91.2681,34.5836],[-91.2548,34.5832],[-91.2546,34.5757],[-91.2533,34.5757],[-91.256,34.5749],[-91.258,34.5749],[-91.2594,34.5757],[-91.2594,34.5745],[-91.26,34.5743],[-91.2605,34.5733],[-91.2594,34.5733],[-91.2594,34.5719],[-91.2411,34.5718],[-91.2411,34.5755],[-91.2297,34.5753],[-91.2297,34.5772],[-91.2286,34.5772],[-91.2286,34.5753],[-91.2099,34.5751],[-91.2101,34.5678],[-91.2057,34.5678],[-91.2057,34.5607],[-91.1918,34.5606],[-91.1919,34.5569],[-91.1874,34.5568],[-91.1875,34.5533],[-91.1918,34.5533],[-91.1919,34.5461],[-91.1829,34.546],[-91.183,34.5424],[-91.1919,34.5424],[-91.192,34.5389],[-91.2093,34.539],[-91.209,34.5463],[-91.2162,34.5463],[-91.2187,34.5463],[-91.2187,34.5445],[-91.2193,34.5445],[-91.2193,34.5427],[-91.2187,34.5426],[-91.2187,34.5391],[-91.2123,34.539],[-91.212,34.5386],[-91.2127,34.5384],[-91.2125,34.5383],[-91.211,34.538],[-91.2099,34.538],[-91.2092,34.5377],[-91.209,34.5372],[-91.2093,34.5357],[-91.2092,34.5329],[-91.2099,34.5301],[-91.2098,34.5286],[-91.2095,34.5277],[-91.2095,34.5255],[-91.2114,34.5213],[-91.2105,34.5202],[-91.2101,34.52],[-91.2088,34.5201],[-91.206,34.5213],[-91.2029,34.5218],[-91.2007,34.5228],[-91.197,34.5228],[-91.1929,34.5237],[-91.1909,34.5235],[-91.189,34.5224],[-91.1871,34.5209],[-91.1855,34.5188],[-91.1832,34.5084],[-91.1836,34.5032],[-91.1829,34.4989],[-91.1828,34.4965],[-91.183,34.4943],[-91.1838,34.4917],[-91.1839,34.4898],[-91.1834,34.4878],[-91.1823,34.4859],[-91.1803,34.4845],[-91.1771,34.4836],[-91.1724,34.4835],[-91.1715,34.4831],[-91.1712,34.4827],[-91.1718,34.482],[-91.1734,34.4809],[-91.1768,34.4803],[-91.1797,34.4779],[-91.1809,34.4775],[-91.1843,34.4774],[-91.1844,34.4776],[-91.1848,34.4776],[-91.186,34.4773],[-91.1873,34.476],[-91.1884,34.474],[-91.1887,34.4722],[-91.1881,34.4701],[-91.1864,34.4684],[-91.184,34.467],[-91.1811,34.466],[-91.1792,34.4661],[-91.1777,34.4677],[-91.1777,34.4684],[-91.1792,34.4668],[-91.1798,34.4666],[-91.1811,34.4667],[-91.1847,34.4683],[-91.1859,34.4691],[-91.187,34.4703],[-91.1874,34.4713],[-91.1875,34.4726],[-91.1872,34.4739],[-91.1864,34.4754],[-91.1858,34.4759],[-91.1839,34.4767],[-91.1804,34.4771],[-91.1795,34.4775],[-91.1762,34.4799],[-91.1734,34.4804],[-91.1725,34.4799],[-91.1726,34.4791],[-91.1722,34.4797],[-91.1727,34.4805],[-91.1705,34.4825],[-91.1701,34.4824],[-91.1688,34.4816],[-91.1696,34.4824],[-91.1705,34.4829],[-91.171,34.4836],[-91.1718,34.4841],[-91.1777,34.4846],[-91.1801,34.4853],[-91.1814,34.4864],[-91.1821,34.4878],[-91.1804,34.4878],[-91.1801,34.4978],[-91.1797,34.4978],[-91.1792,34.4964],[-91.1786,34.4965],[-91.1784,34.4978],[-91.1761,34.4979],[-91.1761,34.4943],[-91.1717,34.4943],[-91.1717,34.4907],[-91.1629,34.4907],[-91.163,34.4871],[-91.1591,34.4869],[-91.159,34.4906],[-91.1503,34.4904],[-91.1504,34.4867],[-91.1416,34.4865],[-91.1417,34.483],[-91.1377,34.4829],[-91.1378,34.4792],[-91.1333,34.479],[-91.1333,34.4756],[-91.1247,34.4753],[-91.1248,34.4718],[-91.1203,34.4718],[-91.1204,34.4635],[-91.1247,34.4635],[-91.1248,34.4598],[-91.1117,34.4596],[-91.1118,34.4416],[-91.1031,34.4413],[-91.1031,34.4377],[-91.0988,34.4376],[-91.099,34.435],[-91.0952,34.4315],[-91.0913,34.427],[-91.0881,34.4237],[-91.0838,34.4268],[-91.0816,34.4268],[-91.0817,34.4124],[-91.0772,34.4123],[-91.0774,34.3903],[-91.0709,34.3902],[-91.0692,34.3887],[-91.0695,34.3885],[-91.0671,34.3864],[-91.0691,34.385],[-91.068,34.3841],[-91.0682,34.3839],[-91.0674,34.3833],[-91.0672,34.3835],[-91.0658,34.3824],[-91.0643,34.3836],[-91.0635,34.383],[-91.0617,34.3846],[-91.0589,34.3818],[-91.0566,34.38],[-91.0551,34.3791],[-91.0498,34.3736],[-91.0506,34.373],[-91.0508,34.3656],[-91.0559,34.3656],[-91.0561,34.3581],[-91.0378,34.358],[-91.038,34.3509],[-91.0291,34.3507],[-91.0281,34.3499],[-91.0276,34.349],[-91.0276,34.3484],[-91.0288,34.3471],[-91.0323,34.346],[-91.0328,34.3463],[-91.0327,34.346],[-91.0331,34.3425],[-91.0345,34.3412],[-91.0346,34.3406],[-91.0337,34.3401],[-91.0318,34.34],[-91.0316,34.3397],[-91.0319,34.3389],[-91.0326,34.3383],[-91.0334,34.3383],[-91.0338,34.3387],[-91.0339,34.3393],[-91.0347,34.3399],[-91.0356,34.3398],[-91.036,34.338],[-91.0355,34.3371],[-91.0364,34.3372],[-91.0377,34.3366],[-91.0384,34.3356],[-91.0381,34.3342],[-91.0382,34.3329],[-91.0368,34.3325],[-91.0367,34.332],[-91.0377,34.3315],[-91.039,34.33],[-91.0409,34.3289],[-91.0416,34.3275],[-91.045,34.3266],[-91.0454,34.3269],[-91.0453,34.3276],[-91.046,34.3278],[-91.0487,34.3264],[-91.0512,34.3259],[-91.0519,34.3255],[-91.0515,34.3244],[-91.0521,34.3235],[-91.0529,34.3245],[-91.0522,34.3263],[-91.0528,34.3265],[-91.0543,34.3244],[-91.0553,34.3252],[-91.0557,34.326],[-91.0556,34.3271],[-91.0524,34.3318],[-91.0524,34.3333],[-91.0533,34.3352],[-91.0539,34.3359],[-91.0561,34.3376],[-91.0568,34.3378],[-91.0568,34.3382],[-91.0594,34.3397],[-91.0586,34.342],[-91.0589,34.3438],[-91.0615,34.3472],[-91.0634,34.351],[-91.0633,34.3534],[-91.0626,34.355],[-91.0595,34.3589],[-91.0588,34.3602],[-91.0584,34.3615],[-91.0584,34.3626],[-91.0603,34.3677],[-91.0604,34.3688],[-91.0603,34.37],[-91.0596,34.3729],[-91.0594,34.3745],[-91.0595,34.3751],[-91.0604,34.3772],[-91.0614,34.3787],[-91.0633,34.3804],[-91.0652,34.3816],[-91.0659,34.381],[-91.0633,34.3795],[-91.0612,34.3771],[-91.0607,34.376],[-91.0602,34.3735],[-91.061,34.37],[-91.0616,34.3705],[-91.0613,34.3719],[-91.0617,34.3748],[-91.0626,34.3723],[-91.0627,34.37],[-91.0623,34.3688],[-91.0602,34.3647],[-91.0595,34.3616],[-91.0599,34.3598],[-91.0623,34.357],[-91.0627,34.357],[-91.0612,34.3587],[-91.0605,34.3602],[-91.0603,34.3617],[-91.0604,34.3618],[-91.0615,34.3602],[-91.0635,34.3582],[-91.0644,34.3565],[-91.0648,34.355],[-91.0649,34.3522],[-91.0643,34.3496],[-91.0629,34.3467],[-91.0606,34.3439],[-91.0598,34.3422],[-91.0601,34.341],[-91.0603,34.3409],[-91.0607,34.3414],[-91.061,34.3409],[-91.0614,34.3408],[-91.0618,34.3396],[-91.0668,34.3397],[-91.0665,34.3392],[-91.0653,34.3386],[-91.0651,34.338],[-91.0653,34.3378],[-91.0675,34.3381],[-91.0694,34.3407],[-91.0702,34.3414],[-91.0715,34.342],[-91.0737,34.3425],[-91.0755,34.3435],[-91.0758,34.3445],[-91.0751,34.3466],[-91.075,34.3474],[-91.0756,34.3483],[-91.0768,34.349],[-91.0774,34.349],[-91.0786,34.3483],[-91.0793,34.3485],[-91.0794,34.348],[-91.079,34.3478],[-91.0792,34.3474],[-91.0798,34.3465],[-91.0815,34.3455],[-91.0825,34.3457],[-91.0843,34.3464],[-91.0862,34.3466],[-91.088,34.3461],[-91.0906,34.3441],[-91.0913,34.344],[-91.0925,34.3442],[-91.0932,34.3449],[-91.0933,34.3474],[-91.094,34.3495],[-91.0944,34.3503],[-91.0962,34.3518],[-91.0977,34.3525],[-91.1053,34.353],[-91.1074,34.3536],[-91.1083,34.3544],[-91.1088,34.3552],[-91.1089,34.3564],[-91.1079,34.3579],[-91.1049,34.3599],[-91.1037,34.3614],[-91.1031,34.3631],[-91.1031,34.3639],[-91.1039,34.3654],[-91.1054,34.3667],[-91.1065,34.3671],[-91.1131,34.3687],[-91.1158,34.3701],[-91.1171,34.371],[-91.1218,34.3761],[-91.1242,34.3781],[-91.1254,34.3788],[-91.129,34.3801],[-91.1299,34.3811],[-91.1298,34.3818],[-91.1287,34.3849],[-91.1286,34.3856],[-91.1294,34.387],[-91.131,34.389],[-91.1323,34.3914],[-91.1335,34.3926],[-91.133,34.3929],[-91.1329,34.3935],[-91.1334,34.3951],[-91.1326,34.3954],[-91.1318,34.3976],[-91.1326,34.3999],[-91.1346,34.4019],[-91.1349,34.4026],[-91.1343,34.4035],[-91.1326,34.4041],[-91.1301,34.4036],[-91.1316,34.4042],[-91.1328,34.4042],[-91.1341,34.4038],[-91.1349,34.4028],[-91.1349,34.4024],[-91.1346,34.4018],[-91.1325,34.3997],[-91.1321,34.3979],[-91.1321,34.3973],[-91.1328,34.3955],[-91.1337,34.3954],[-91.1331,34.3937],[-91.1337,34.3929],[-91.1348,34.3942],[-91.1351,34.3952],[-91.1344,34.3992],[-91.1346,34.4006],[-91.1357,34.4022],[-91.1366,34.4028],[-91.1383,34.4035],[-91.1394,34.4036],[-91.1447,34.4023],[-91.1463,34.4022],[-91.1488,34.4027],[-91.1516,34.404],[-91.1536,34.4071],[-91.1556,34.4087],[-91.1576,34.4095],[-91.1584,34.4095],[-91.1614,34.41],[-91.1637,34.411],[-91.1652,34.4125],[-91.1661,34.4144],[-91.1665,34.4164],[-91.1661,34.4173],[-91.1656,34.4177],[-91.1645,34.4181],[-91.1626,34.4179],[-91.158,34.4163],[-91.1569,34.4162],[-91.155,34.4166],[-91.1538,34.4172],[-91.1526,34.4183],[-91.1523,34.4196],[-91.1523,34.4209],[-91.1528,34.4219],[-91.1534,34.4224],[-91.157,34.4247],[-91.1583,34.4264],[-91.1586,34.4283],[-91.1582,34.4314],[-91.1583,34.433],[-91.1589,34.4344],[-91.1602,34.4358],[-91.1619,34.4365],[-91.1638,34.4366],[-91.1653,34.4362],[-91.1666,34.4352],[-91.1679,34.4336],[-91.1686,34.4334],[-91.1689,34.4337],[-91.169,34.4349],[-91.1684,34.4389],[-91.1685,34.4396],[-91.1691,34.4407],[-91.1725,34.4436],[-91.173,34.445],[-91.1726,34.4472],[-91.1734,34.4502],[-91.1739,34.451],[-91.1754,34.452],[-91.178,34.4527],[-91.1797,34.4526],[-91.1817,34.4516],[-91.1844,34.4483],[-91.1884,34.4417],[-91.1895,34.4411],[-91.1908,34.4408],[-91.1925,34.4407],[-91.1941,34.4413],[-91.1964,34.4436],[-91.1992,34.4455],[-91.2007,34.446],[-91.2032,34.4463],[-91.2058,34.446],[-91.2115,34.4432],[-91.2145,34.442],[-91.2161,34.4422],[-91.2178,34.4434],[-91.2184,34.4447],[-91.2187,34.4483],[-91.2193,34.4495],[-91.2196,34.4515],[-91.2201,34.4523],[-91.2203,34.453],[-91.22,34.4534],[-91.2192,34.4537],[-91.2187,34.4535],[-91.2152,34.4511],[-91.2133,34.4502],[-91.2122,34.4498],[-91.2105,34.4497],[-91.2078,34.4505],[-91.2064,34.4519],[-91.2055,34.4537],[-91.2054,34.4556],[-91.2059,34.457],[-91.2076,34.4589],[-91.2098,34.4604],[-91.2125,34.4612],[-91.2179,34.4603],[-91.2199,34.4604],[-91.2218,34.4615],[-91.2206,34.4619],[-91.2208,34.4625],[-91.2223,34.4621],[-91.2224,34.4625],[-91.2218,34.464],[-91.2189,34.4657],[-91.2167,34.4675],[-91.2156,34.4691],[-91.2148,34.4708],[-91.214,34.4742],[-91.2132,34.476],[-91.2125,34.477],[-91.2089,34.4798],[-91.2081,34.4807],[-91.2082,34.4828],[-91.2092,34.4841],[-91.2134,34.4871],[-91.2151,34.4876],[-91.2177,34.4878],[-91.2188,34.4875],[-91.2199,34.4865],[-91.2214,34.4834],[-91.2231,34.4814],[-91.2251,34.4803],[-91.2259,34.4801],[-91.2283,34.4801],[-91.2309,34.4808],[-91.2324,34.4817],[-91.2337,34.4828],[-91.237,34.4865],[-91.2385,34.4877],[-91.2401,34.4883],[-91.242,34.4887],[-91.2434,34.4886],[-91.2495,34.4874],[-91.2517,34.488],[-91.2541,34.4899],[-91.2545,34.4913],[-91.2545,34.4928],[-91.2536,34.4945],[-91.251,34.4974],[-91.2498,34.4994],[-91.2498,34.5008],[-91.25,34.5017],[-91.2507,34.5029],[-91.2529,34.5042],[-91.2543,34.5044],[-91.258,34.5037],[-91.2607,34.5027],[-91.263,34.5024],[-91.2648,34.5029],[-91.266,34.5047],[-91.2661,34.5058],[-91.2658,34.5066],[-91.2621,34.51],[-91.261,34.5114],[-91.2602,34.5134],[-91.2599,34.5169],[-91.2609,34.5198],[-91.2612,34.5217],[-91.2593,34.5252],[-91.2595,34.5265],[-91.2602,34.5273],[-91.2625,34.5285],[-91.2629,34.5282],[-91.2706,34.528],[-91.2763,34.5312],[-91.2793,34.5317],[-91.2819,34.5316],[-91.286,34.5306],[-91.2892,34.5302],[-91.2922,34.5304],[-91.294,34.5307],[-91.298,34.5321],[-91.2991,34.5326],[-91.3004,34.5338],[-91.3007,34.535],[-91.3004,34.536],[-91.2973,34.5392],[-91.2937,34.5422],[-91.2922,34.5447],[-91.2934,34.5505],[-91.2914,34.5558],[-91.2904,34.5596],[-91.2902,34.5617],[-91.2686,34.5614],[-91.2683,34.576],[-91.2864,34.5762],[-91.2861,34.5834],[-91.2854,34.5856],[-91.2854,34.5884],[-91.286,34.5899],[-91.2868,34.5909],[-91.289,34.5922],[-91.2908,34.5926],[-91.293,34.5927],[-91.2946,34.5924],[-91.2958,34.5915],[-91.2966,34.5906],[-91.2971,34.5887],[-91.2972,34.5835],[-91.2979,34.5814],[-91.2987,34.5804],[-91.3,34.5797],[-91.3017,34.5794],[-91.3035,34.5796],[-91.3051,34.5801],[-91.3066,34.5812],[-91.307,34.5817],[-91.3075,34.5828],[-91.3076,34.5846],[-91.3074,34.5875],[-91.3069,34.5902],[-91.3058,34.5931],[-91.3043,34.5955],[-91.3044,34.5976],[-91.3052,34.5989],[-91.3067,34.6001],[-91.308,34.6005],[-91.3146,34.6007],[-91.3197,34.6018],[-91.3197,34.6066],[-91.3197,34.6018],[-91.3228,34.603],[-91.3267,34.6052],[-91.3293,34.6062],[-91.3309,34.6076],[-91.3314,34.6095],[-91.3338,34.6136],[-91.3357,34.6151],[-91.34,34.6168],[-91.3405,34.6173],[-91.3406,34.6182],[-91.3405,34.6191],[-91.3399,34.6202],[-91.3378,34.6226],[-91.336,34.6242],[-91.3356,34.6251],[-91.3281,34.6249],[-91.328,34.6285],[-91.3347,34.6286],[-91.3346,34.6296],[-91.3258,34.6294],[-91.3255,34.6348],[-91.3338,34.6351],[-91.3327,34.6367],[-91.3305,34.6383],[-91.3283,34.6392],[-91.3254,34.6397],[-91.3205,34.6398],[-91.317,34.6407],[-91.3142,34.6422],[-91.3132,34.6433],[-91.3126,34.6451],[-91.3131,34.6467],[-91.3152,34.6506],[-91.3156,34.6519],[-91.3156,34.6531],[-91.3153,34.6541],[-91.3142,34.6553],[-91.313,34.6557],[-91.3117,34.6558],[-91.3092,34.6553],[-91.3081,34.6553],[-91.3067,34.6558],[-91.3061,34.6562],[-91.3058,34.6568],[-91.3056,34.6582],[-91.3059,34.659],[-91.3075,34.66],[-91.3134,34.6611],[-91.3152,34.6618],[-91.3165,34.6629],[-91.3171,34.6637],[-91.3176,34.665],[-91.3176,34.666],[-91.3162,34.6699],[-91.3142,34.6778],[-91.311,34.6777],[-91.311,34.6757],[-91.3074,34.6755]]],[[[-91.311,34.6745],[-91.3111,34.6722],[-91.3111,34.6722],[-91.311,34.6745]]],[[[-91.3101,34.639],[-91.3014,34.6389],[-91.3013,34.6426],[-91.31,34.6426],[-91.3101,34.639]]],[[[-91.3239,34.6213],[-91.3194,34.6212],[-91.3193,34.6247],[-91.3237,34.6248],[-91.3239,34.6213]]],[[[-91.2048,34.5462],[-91.205,34.5425],[-91.2003,34.5424],[-91.2003,34.5462],[-91.2048,34.5462]]],[[[-91.283,34.5326],[-91.2741,34.5323],[-91.274,34.5402],[-91.2829,34.5403],[-91.283,34.5326]]],[[[-91.0987,34.4346],[-91.0987,34.4344],[-91.0987,34.4346],[-91.0987,34.4346]]],[[[-91.1278,34.3954],[-91.1288,34.3947],[-91.1284,34.3944],[-91.1278,34.3945],[-91.1269,34.3963],[-91.1267,34.3982],[-91.1255,34.3981],[-91.1267,34.3982],[-91.127,34.3999],[-91.128,34.4019],[-91.1273,34.3997],[-91.127,34.3972],[-91.1271,34.3965],[-91.1278,34.3954]]],[[[-91.1256,34.3913],[-91.1256,34.393],[-91.1256,34.392],[-91.1256,34.3913]]],[[[-91.0731,34.3831],[-91.0743,34.3815],[-91.0746,34.3805],[-91.0745,34.3793],[-91.0742,34.3789],[-91.0735,34.3793],[-91.0734,34.3799],[-91.0728,34.3796],[-91.0727,34.3799],[-91.0714,34.3786],[-91.0711,34.3774],[-91.0716,34.3757],[-91.0721,34.3751],[-91.0732,34.3743],[-91.0742,34.3741],[-91.0752,34.3743],[-91.0761,34.3751],[-91.0766,34.3761],[-91.0771,34.3789],[-91.0784,34.3823],[-91.0785,34.3831],[-91.0802,34.3831],[-91.08,34.3821],[-91.0787,34.3792],[-91.0784,34.3759],[-91.0773,34.3743],[-91.0763,34.3736],[-91.0749,34.3732],[-91.0736,34.3732],[-91.0722,34.3738],[-91.0708,34.3751],[-91.0705,34.3764],[-91.0704,34.378],[-91.0705,34.3784],[-91.0719,34.3801],[-91.0726,34.3806],[-91.073,34.3813],[-91.0729,34.3822],[-91.0716,34.3828],[-91.0696,34.3825],[-91.0681,34.382],[-91.0695,34.383],[-91.0731,34.3831]]],[[[-91.0635,34.3819],[-91.0629,34.3815],[-91.0625,34.3821],[-91.063,34.3825],[-91.0635,34.3819]]],[[[-91.3186,34.6704],[-91.3195,34.6682],[-91.3202,34.6654],[-91.3204,34.6654],[-91.3203,34.6662],[-91.3207,34.6669],[-91.3204,34.6673],[-91.3206,34.6683],[-91.3201,34.6686],[-91.3197,34.67],[-91.3207,34.6685],[-91.3208,34.6678],[-91.3205,34.6651],[-91.3191,34.6625],[-91.3171,34.661],[-91.3101,34.6595],[-91.3085,34.6589],[-91.3077,34.6583],[-91.3073,34.6573],[-91.3077,34.657],[-91.308,34.657],[-91.3088,34.6567],[-91.3102,34.6568],[-91.3116,34.6572],[-91.3134,34.6572],[-91.3152,34.6564],[-91.3159,34.6556],[-91.3169,34.6536],[-91.317,34.652],[-91.3163,34.6498],[-91.3149,34.6467],[-91.3147,34.6454],[-91.315,34.6445],[-91.3165,34.6425],[-91.3178,34.6419],[-91.3197,34.6414],[-91.3268,34.6409],[-91.3286,34.6406],[-91.3312,34.6397],[-91.3339,34.6379],[-91.335,34.6367],[-91.3357,34.6353],[-91.3366,34.6324],[-91.3368,34.6309],[-91.3365,34.6279],[-91.3367,34.6269],[-91.3378,34.6252],[-91.3418,34.6206],[-91.342,34.6207],[-91.3417,34.6212],[-91.3418,34.6217],[-91.3414,34.622],[-91.3415,34.6222],[-91.3423,34.6217],[-91.3427,34.622],[-91.3429,34.6225],[-91.3428,34.6236],[-91.3424,34.6245],[-91.3423,34.6246],[-91.342,34.624],[-91.3412,34.6246],[-91.3406,34.6259],[-91.3418,34.6255],[-91.3416,34.625],[-91.3412,34.6249],[-91.3415,34.6246],[-91.3427,34.6253],[-91.3423,34.6263],[-91.3417,34.6269],[-91.342,34.6271],[-91.342,34.6278],[-91.3409,34.6281],[-91.3413,34.6288],[-91.3417,34.6286],[-91.342,34.6287],[-91.3425,34.6297],[-91.3425,34.6303],[-91.3413,34.632],[-91.3414,34.6325],[-91.3411,34.6322],[-91.3414,34.6337],[-91.3408,34.6351],[-91.3415,34.636],[-91.3414,34.637],[-91.3419,34.6377],[-91.3409,34.6384],[-91.3406,34.6389],[-91.3408,34.6393],[-91.3412,34.6395],[-91.3422,34.6394],[-91.3426,34.6395],[-91.3431,34.6413],[-91.3435,34.642],[-91.3447,34.6425],[-91.3451,34.6423],[-91.3453,34.6419],[-91.3458,34.6418],[-91.3472,34.6434],[-91.3502,34.6435],[-91.3512,34.6447],[-91.352,34.6446],[-91.353,34.6453],[-91.3542,34.6453],[-91.3548,34.6462],[-91.3559,34.6461],[-91.3561,34.6457],[-91.3569,34.6458],[-91.3576,34.6455],[-91.3581,34.6458],[-91.3583,34.6438],[-91.3667,34.6439],[-91.3666,34.6478],[-91.371,34.6478],[-91.3707,34.6515],[-91.3751,34.6515],[-91.375,34.6588],[-91.3704,34.6588],[-91.3702,34.6659],[-91.3731,34.666],[-91.3735,34.6667],[-91.3741,34.6664],[-91.3744,34.6669],[-91.3742,34.6671],[-91.3739,34.6668],[-91.3721,34.6677],[-91.3722,34.668],[-91.3719,34.6681],[-91.3692,34.6687],[-91.3691,34.6683],[-91.3518,34.6711],[-91.352,34.6657],[-91.3481,34.6656],[-91.3479,34.6717],[-91.3432,34.6722],[-91.3434,34.6655],[-91.339,34.6654],[-91.3387,34.6731],[-91.3343,34.674],[-91.3242,34.6771],[-91.3224,34.6778],[-91.3161,34.6811],[-91.3162,34.6786],[-91.3167,34.6758],[-91.3186,34.6704]]]]},"properties":{"id":"usgs-pad-us-fee-managers:4678","name":"Dale Bumpers White River National Wildlife Refuge","kind":"land","category":"public-land","sourceCategory":"public-land","sourceId":"usgs-pad-us-fee-managers","sourceUrl":"https://services.arcgis.com/v01gqwM5QqNysAAi/arcgis/rest/services/Fee_Managers_PADUS/FeatureServer/0","sourceUpdated":"2021-12-08T05:00:00.000Z","publicUse":"PAD-US reports restricted access; confirm permits and seasonal rules with the manager.","unit":"FWS","origin":"public-catalog"}},{"type":"Feature","id":"usgs-pad-us-fee-managers:4740","geometry":{"type":"MultiPolygon","coordinates":[[[[-90.6034,35.0515],[-90.6031,35.0623],[-90.5855,35.0623],[-90.5856,35.0514],[-90.6034,35.0515]]],[[[-90.6733,35.1291],[-90.6731,35.1317],[-90.6731,35.1345],[-90.6687,35.1344],[-90.6733,35.1291]]],[[[-90.8337,35.8252],[-90.8337,35.8252],[-90.8337,35.8252],[-90.8337,35.8252]]],[[[-90.8337,35.8252],[-90.8325,35.8266],[-90.8268,35.8303],[-90.8268,35.8288],[-90.8275,35.8288],[-90.8275,35.8252],[-90.8337,35.8252]]],[[[-90.7551,36.1491],[-90.7553,36.1422],[-90.7536,36.1422],[-90.758,36.1387],[-90.7599,36.1387],[-90.7597,36.1492],[-90.7551,36.1491]]]]},"properties":{"id":"usgs-pad-us-fee-managers:4740","name":"Farm Service Agency Interest Of Ar","kind":"land","category":"public-land","sourceCategory":"public-land","sourceId":"usgs-pad-us-fee-managers","sourceUrl":"https://services.arcgis.com/v01gqwM5QqNysAAi/arcgis/rest/services/Fee_Managers_PADUS/FeatureServer/0","sourceUpdated":"2021-12-08T05:00:00.000Z","publicUse":"PAD-US reports restricted access; confirm permits and seasonal rules with the manager.","unit":"FWS","origin":"public-catalog"}},{"type":"Feature","id":"usgs-pad-us-fee-managers:4761","geometry":{"type":"Polygon","coordinates":[[[-91.383,33.8613],[-91.3834,33.8465],[-91.3482,33.8472],[-91.3488,33.8326],[-91.3927,33.8319],[-91.3918,33.8572],[-91.397,33.8572],[-91.3965,33.8591],[-91.395,33.8605],[-91.3917,33.8615],[-91.391,33.8628],[-91.39,33.864],[-91.3897,33.865],[-91.3867,33.8683],[-91.3739,33.8684],[-91.374,33.8617],[-91.383,33.8613]]]},"properties":{"id":"usgs-pad-us-fee-managers:4761","name":"Felsenthal National Wildlife Refuge","kind":"land","category":"public-land","sourceCategory":"public-land","sourceId":"usgs-pad-us-fee-managers","sourceUrl":"https://services.arcgis.com/v01gqwM5QqNysAAi/arcgis/rest/services/Fee_Managers_PADUS/FeatureServer/0","sourceUpdated":"2021-12-08T05:00:00.000Z","publicUse":"PAD-US reports restricted access; confirm permits and seasonal rules with the manager.","unit":"FWS","origin":"public-catalog"}},{"type":"Feature","id":"usgs-pad-us-fee-managers:4762","geometry":{"type":"MultiPolygon","coordinates":[[[[-92.1437,33.0203],[-92.1438,33.0166],[-92.1395,33.0165],[-92.1396,33.0129],[-92.1309,33.0127],[-92.131,33.0092],[-92.1306,33.0092],[-92.1306,33.0085],[-92.1349,33.0086],[-92.1349,33.0093],[-92.1364,33.0093],[-92.1365,33.0097],[-92.137,33.0102],[-92.1392,33.0113],[-92.1403,33.0121],[-92.1439,33.0128],[-92.1439,33.013],[-92.1444,33.013],[-92.1454,33.0136],[-92.1472,33.0153],[-92.1471,33.0156],[-92.1481,33.0168],[-92.148,33.0204],[-92.1437,33.0203]]],[[[-92.0408,33.0295],[-92.0406,33.0215],[-92.0341,33.0217],[-92.0345,33.0181],[-92.0324,33.0182],[-92.0329,33.0147],[-92.0285,33.0147],[-92.029,33.0111],[-92.0205,33.0108],[-92.0209,33.0079],[-92.0685,33.0081],[-92.0689,33.0104],[-92.0696,33.0113],[-92.0737,33.0129],[-92.0767,33.0157],[-92.0782,33.0176],[-92.0782,33.0185],[-92.0779,33.0197],[-92.0781,33.0211],[-92.079,33.0227],[-92.0655,33.0226],[-92.0654,33.0298],[-92.0498,33.0299],[-92.0408,33.0295]]],[[[-92.0904,33.0662],[-92.0904,33.0672],[-92.0738,33.0695],[-92.0718,33.0695],[-92.0718,33.0663],[-92.0904,33.0662]]],[[[-92.0632,33.0661],[-92.0638,33.0661],[-92.0676,33.0688],[-92.0676,33.0698],[-92.0632,33.0698],[-92.0632,33.0661]]],[[[-92.1159,33.0616],[-92.1198,33.0611],[-92.1201,33.0616],[-92.1214,33.0614],[-92.1269,33.0705],[-92.1245,33.0714],[-92.1228,33.0714],[-92.1203,33.0718],[-92.1173,33.0716],[-92.115,33.0704],[-92.1144,33.0691],[-92.1153,33.0656],[-92.1152,33.0641],[-92.1147,33.0618],[-92.1159,33.0616]]],[[[-92.0635,33.146],[-92.0635,33.1526],[-92.0535,33.1459],[-92.0635,33.146]]],[[[-92.0498,33.24],[-92.0499,33.2365],[-92.0633,33.2366],[-92.0633,33.2258],[-92.0549,33.2256],[-92.0549,33.222],[-92.0676,33.2221],[-92.0676,33.2258],[-92.0719,33.2258],[-92.0724,33.1823],[-92.0721,33.1823],[-92.0721,33.1751],[-92.0813,33.1751],[-92.0814,33.168],[-92.09,33.1682],[-92.0902,33.1537],[-92.0722,33.1533],[-92.0721,33.1387],[-92.0717,33.1241],[-92.0721,33.1095],[-92.0722,33.0951],[-92.0719,33.0805],[-92.0817,33.0805],[-92.0817,33.0735],[-92.0719,33.0735],[-92.0718,33.0706],[-92.074,33.0706],[-92.0917,33.0681],[-92.0948,33.0671],[-92.0986,33.0646],[-92.1013,33.0633],[-92.1109,33.0618],[-92.1111,33.0623],[-92.1137,33.0619],[-92.1144,33.0645],[-92.1144,33.0656],[-92.1133,33.0694],[-92.1145,33.0712],[-92.1162,33.072],[-92.1181,33.0726],[-92.122,33.0722],[-92.1253,33.0722],[-92.1264,33.0718],[-92.1273,33.0711],[-92.129,33.0739],[-92.1292,33.0761],[-92.1305,33.0805],[-92.1309,33.0832],[-92.1318,33.0849],[-92.1328,33.0856],[-92.134,33.087],[-92.1348,33.0895],[-92.1348,33.0909],[-92.1323,33.0953],[-92.1321,33.0968],[-92.1324,33.0975],[-92.1328,33.0979],[-92.1342,33.0984],[-92.1396,33.0976],[-92.1427,33.098],[-92.1432,33.0985],[-92.1431,33.0988],[-92.1401,33.0992],[-92.1387,33.0996],[-92.138,33.1],[-92.1369,33.1011],[-92.1362,33.1027],[-92.136,33.1042],[-92.1364,33.1063],[-92.1358,33.1075],[-92.1342,33.1091],[-92.1314,33.1109],[-92.1295,33.1129],[-92.1288,33.1142],[-92.1284,33.1158],[-92.1284,33.1189],[-92.1277,33.1198],[-92.1268,33.12],[-92.1247,33.1186],[-92.1233,33.118],[-92.1216,33.118],[-92.1192,33.1192],[-92.1178,33.1213],[-92.1166,33.126],[-92.1153,33.1284],[-92.1129,33.1318],[-92.1126,33.1328],[-92.1125,33.1354],[-92.114,33.1379],[-92.117,33.1408],[-92.1188,33.1432],[-92.1189,33.1446],[-92.1187,33.1449],[-92.1162,33.1448],[-92.1121,33.1436],[-92.1112,33.1435],[-92.109,33.1439],[-92.1084,33.1443],[-92.1077,33.1453],[-92.0993,33.1452],[-92.0961,33.1414],[-92.0944,33.1436],[-92.087,33.1443],[-92.0853,33.1471],[-92.0857,33.1485],[-92.0897,33.1492],[-92.0911,33.1511],[-92.0965,33.151],[-92.0984,33.1506],[-92.0987,33.1506],[-92.0987,33.1511],[-92.1031,33.1508],[-92.1031,33.1502],[-92.1076,33.1506],[-92.1078,33.1504],[-92.1105,33.1583],[-92.1112,33.1592],[-92.1126,33.1597],[-92.1163,33.1604],[-92.12,33.1616],[-92.1221,33.162],[-92.1244,33.162],[-92.1343,33.1605],[-92.1362,33.1608],[-92.137,33.1631],[-92.1348,33.1662],[-92.1331,33.1678],[-92.1327,33.1692],[-92.1313,33.1701],[-92.1306,33.1714],[-92.1304,33.173],[-92.1309,33.1742],[-92.1309,33.1753],[-92.1313,33.1757],[-92.1329,33.1764],[-92.1327,33.1773],[-92.1317,33.179],[-92.1311,33.1794],[-92.1292,33.1798],[-92.1289,33.1805],[-92.1308,33.1823],[-92.1319,33.1828],[-92.1332,33.1831],[-92.1337,33.1837],[-92.1344,33.1837],[-92.1345,33.184],[-92.1339,33.1844],[-92.1329,33.1843],[-92.1314,33.1837],[-92.1304,33.1827],[-92.1291,33.1822],[-92.1282,33.1826],[-92.1281,33.183],[-92.1283,33.184],[-92.1292,33.186],[-92.1291,33.188],[-92.1309,33.1893],[-92.1319,33.1894],[-92.134,33.1884],[-92.1342,33.1878],[-92.134,33.1875],[-92.1336,33.1875],[-92.1323,33.1884],[-92.1325,33.1873],[-92.1335,33.1866],[-92.1348,33.1866],[-92.1383,33.188],[-92.1384,33.1883],[-92.138,33.1889],[-92.1354,33.1911],[-92.1354,33.1924],[-92.136,33.1952],[-92.1359,33.1964],[-92.1355,33.1971],[-92.1328,33.1979],[-92.1324,33.1986],[-92.1331,33.2005],[-92.1331,33.2011],[-92.1315,33.2014],[-92.1306,33.203],[-92.1284,33.2043],[-92.1281,33.2053],[-92.1289,33.2062],[-92.129,33.207],[-92.1282,33.2087],[-92.1276,33.2093],[-92.1267,33.2092],[-92.1253,33.2082],[-92.1243,33.2081],[-92.1236,33.2083],[-92.123,33.2081],[-92.1229,33.2067],[-92.1225,33.206],[-92.1215,33.2058],[-92.1202,33.2061],[-92.1182,33.2053],[-92.1165,33.2055],[-92.114,33.2075],[-92.1132,33.2102],[-92.113,33.2127],[-92.1134,33.2136],[-92.1161,33.2152],[-92.1168,33.2161],[-92.1167,33.2167],[-92.1151,33.2176],[-92.1146,33.2185],[-92.1143,33.2195],[-92.1145,33.221],[-92.1159,33.2223],[-92.1158,33.2233],[-92.1155,33.2233],[-92.1118,33.2216],[-92.1101,33.2212],[-92.1095,33.2219],[-92.1095,33.2232],[-92.1092,33.2234],[-92.107,33.2231],[-92.1052,33.2234],[-92.1049,33.2222],[-92.1039,33.2216],[-92.1038,33.2212],[-92.1046,33.2196],[-92.1045,33.2189],[-92.1028,33.2183],[-92.1017,33.2185],[-92.0991,33.2197],[-92.0966,33.2201],[-92.0948,33.2206],[-92.093,33.2216],[-92.0924,33.2223],[-92.0917,33.2239],[-92.0891,33.2252],[-92.0873,33.2269],[-92.087,33.2279],[-92.087,33.2285],[-92.0872,33.2286],[-92.088,33.2267],[-92.0878,33.228],[-92.0884,33.2292],[-92.0884,33.2301],[-92.0878,33.2317],[-92.0857,33.2328],[-92.0852,33.2333],[-92.0852,33.2338],[-92.0864,33.2345],[-92.087,33.234],[-92.0887,33.2344],[-92.0899,33.2349],[-92.0901,33.2357],[-92.0896,33.2372],[-92.0888,33.2383],[-92.0853,33.2406],[-92.0846,33.2405],[-92.0831,33.2385],[-92.081,33.237],[-92.0719,33.2367],[-92.0687,33.2383],[-92.0678,33.2383],[-92.0678,33.2392],[-92.0675,33.2392],[-92.0675,33.2401],[-92.068,33.2403],[-92.0498,33.24]]],[[[-92.2621,33.2409],[-92.2687,33.241],[-92.2686,33.2372],[-92.2622,33.2372],[-92.2621,33.2409],[-92.2577,33.2408],[-92.2577,33.2446],[-92.2534,33.2445],[-92.2534,33.2442],[-92.2534,33.2445],[-92.2452,33.2443],[-92.2443,33.2457],[-92.2426,33.2465],[-92.2413,33.2464],[-92.2344,33.2439],[-92.2341,33.2443],[-92.2273,33.2443],[-92.2273,33.2406],[-92.2302,33.2381],[-92.2338,33.2362],[-92.2349,33.2347],[-92.2347,33.2327],[-92.2324,33.2307],[-92.2262,33.2287],[-92.2224,33.2269],[-92.2188,33.2265],[-92.2127,33.2265],[-92.2117,33.2262],[-92.2113,33.2252],[-92.2123,33.2236],[-92.2134,33.2232],[-92.2156,33.2231],[-92.2201,33.2224],[-92.2361,33.2225],[-92.2229,33.2225],[-92.2237,33.2211],[-92.2237,33.2184],[-92.2242,33.2175],[-92.225,33.2166],[-92.2253,33.2152],[-92.2253,33.2133],[-92.2244,33.2107],[-92.223,33.2091],[-92.2221,33.2088],[-92.2199,33.2088],[-92.2165,33.2095],[-92.2156,33.2093],[-92.2144,33.2082],[-92.2129,33.2061],[-92.2124,33.2056],[-92.2105,33.202],[-92.2095,33.2013],[-92.2083,33.2012],[-92.207,33.2016],[-92.2018,33.2048],[-92.2009,33.2047],[-92.2005,33.2044],[-92.1981,33.2016],[-92.1964,33.2011],[-92.195,33.2014],[-92.1921,33.2028],[-92.1878,33.204],[-92.1867,33.2046],[-92.1855,33.2059],[-92.1837,33.2098],[-92.1816,33.2133],[-92.1807,33.2138],[-92.1797,33.2133],[-92.1792,33.2122],[-92.1791,33.2099],[-92.1784,33.2056],[-92.179,33.2025],[-92.1799,33.1994],[-92.1797,33.1977],[-92.179,33.1964],[-92.1769,33.1955],[-92.1753,33.1952],[-92.1748,33.195],[-92.1746,33.1946],[-92.1752,33.1941],[-92.1777,33.1942],[-92.1801,33.1933],[-92.1807,33.1927],[-92.1822,33.1902],[-92.1825,33.1892],[-92.1823,33.1875],[-92.1809,33.1863],[-92.1784,33.1858],[-92.177,33.1861],[-92.1741,33.1893],[-92.1731,33.1894],[-92.173,33.1884],[-92.174,33.1865],[-92.1751,33.1824],[-92.1745,33.1817],[-92.1738,33.1815],[-92.1719,33.1815],[-92.1706,33.1821],[-92.1696,33.183],[-92.1686,33.1847],[-92.1682,33.1848],[-92.1679,33.1845],[-92.168,33.1836],[-92.1693,33.1803],[-92.1692,33.1791],[-92.1683,33.1781],[-92.1653,33.1768],[-92.1648,33.1763],[-92.1633,33.1736],[-92.1629,33.1719],[-92.1635,33.1706],[-92.1652,33.1691],[-92.168,33.1676],[-92.1718,33.166],[-92.1726,33.1646],[-92.1725,33.1641],[-92.1709,33.1624],[-92.1693,33.1618],[-92.1643,33.1609],[-92.1625,33.1608],[-92.1602,33.1613],[-92.1592,33.162],[-92.1588,33.163],[-92.1609,33.1671],[-92.161,33.1683],[-92.1606,33.1685],[-92.1599,33.1685],[-92.1552,33.1676],[-92.1536,33.1677],[-92.1524,33.1683],[-92.1507,33.1699],[-92.1495,33.17],[-92.1463,33.1689],[-92.1458,33.1686],[-92.1454,33.1676],[-92.1488,33.1639],[-92.1492,33.1631],[-92.1492,33.1625],[-92.1484,33.1615],[-92.1478,33.1613],[-92.1457,33.161],[-92.1436,33.1615],[-92.1399,33.1633],[-92.1386,33.1634],[-92.1381,33.1632],[-92.1377,33.1627],[-92.1375,33.1607],[-92.1369,33.1602],[-92.1355,33.1597],[-92.1337,33.1598],[-92.1306,33.1604],[-92.1226,33.1613],[-92.1204,33.161],[-92.1187,33.1602],[-92.1162,33.1595],[-92.1141,33.1593],[-92.1122,33.1585],[-92.1116,33.1579],[-92.1108,33.1564],[-92.1091,33.1501],[-92.1088,33.1469],[-92.1092,33.1456],[-92.1101,33.1446],[-92.1111,33.1444],[-92.1162,33.1459],[-92.1181,33.1461],[-92.1195,33.1457],[-92.1203,33.1445],[-92.1201,33.1431],[-92.1192,33.1416],[-92.1145,33.1368],[-92.1137,33.1343],[-92.1138,33.1326],[-92.1142,33.1314],[-92.1151,33.1299],[-92.1164,33.1283],[-92.1179,33.1256],[-92.1188,33.1216],[-92.1202,33.1199],[-92.1222,33.1187],[-92.1239,33.1192],[-92.1249,33.1201],[-92.1262,33.1209],[-92.127,33.1209],[-92.1284,33.1205],[-92.129,33.1197],[-92.1295,33.1185],[-92.1294,33.1155],[-92.1298,33.1141],[-92.1319,33.1117],[-92.1354,33.1093],[-92.1368,33.108],[-92.1375,33.106],[-92.137,33.1034],[-92.1373,33.1021],[-92.1389,33.1006],[-92.1412,33.0999],[-92.1434,33.1],[-92.1443,33.0989],[-92.1443,33.0981],[-92.1437,33.0975],[-92.1421,33.0969],[-92.1391,33.0967],[-92.1339,33.0974],[-92.133,33.0967],[-92.1329,33.0959],[-92.1356,33.0916],[-92.1357,33.0892],[-92.1355,33.0877],[-92.135,33.0868],[-92.1321,33.0836],[-92.1319,33.0828],[-92.1316,33.08],[-92.1308,33.0782],[-92.1304,33.0769],[-92.1301,33.0738],[-92.1303,33.0721],[-92.1314,33.0717],[-92.1298,33.069],[-92.1331,33.0676],[-92.1328,33.0669],[-92.1318,33.0673],[-92.1273,33.0606],[-92.135,33.0594],[-92.1417,33.063],[-92.1443,33.0615],[-92.1454,33.0603],[-92.1493,33.0601],[-92.1496,33.0622],[-92.1544,33.0619],[-92.1562,33.0644],[-92.1606,33.0644],[-92.1647,33.0681],[-92.1736,33.0682],[-92.1735,33.0718],[-92.1857,33.072],[-92.1857,33.076],[-92.1892,33.076],[-92.1977,33.1199],[-92.2067,33.1201],[-92.2067,33.1183],[-92.2111,33.1184],[-92.2111,33.1202],[-92.2197,33.1203],[-92.2197,33.1131],[-92.2284,33.1132],[-92.2284,33.1124],[-92.2314,33.1114],[-92.2358,33.1132],[-92.2371,33.1134],[-92.2371,33.117],[-92.2328,33.1169],[-92.2327,33.1206],[-92.2371,33.1207],[-92.237,33.1243],[-92.2317,33.1242],[-92.2317,33.1206],[-92.2284,33.1205],[-92.2284,33.1241],[-92.2241,33.124],[-92.224,33.1277],[-92.1993,33.1272],[-92.2,33.1284],[-92.2011,33.1293],[-92.2097,33.1347],[-92.2065,33.1659],[-92.2066,33.1672],[-92.2076,33.1684],[-92.2087,33.169],[-92.2429,33.1772],[-92.2438,33.178],[-92.2442,33.1789],[-92.2453,33.179],[-92.2452,33.1805],[-92.2551,33.1959],[-92.2562,33.1971],[-92.2579,33.1971],[-92.2579,33.2009],[-92.2622,33.201],[-92.2622,33.2046],[-92.2709,33.2048],[-92.2708,33.2121],[-92.2838,33.2122],[-92.2838,33.2086],[-92.2869,33.2087],[-92.2869,33.2159],[-92.2816,33.2158],[-92.2816,33.2195],[-92.2955,33.2198],[-92.2955,33.2162],[-92.3041,33.2163],[-92.3041,33.22],[-92.33,33.2203],[-92.33,33.2276],[-92.3171,33.2274],[-92.3172,33.2311],[-92.3213,33.2312],[-92.3213,33.2385],[-92.317,33.2384],[-92.3169,33.2515],[-92.3161,33.2516],[-92.3115,33.2535],[-92.3116,33.2457],[-92.304,33.2455],[-92.304,33.2236],[-92.291,33.2234],[-92.2908,33.2343],[-92.2865,33.2342],[-92.2866,33.2376],[-92.2793,33.2375],[-92.2795,33.245],[-92.2707,33.2449],[-92.2866,33.245],[-92.2866,33.2475],[-92.289,33.2473],[-92.2917,33.248],[-92.2967,33.2481],[-92.2983,33.2487],[-92.3009,33.2503],[-92.3014,33.251],[-92.3022,33.2528],[-92.3029,33.2564],[-92.2996,33.2562],[-92.2995,33.2635],[-92.3068,33.2637],[-92.3078,33.2642],[-92.3079,33.265],[-92.3074,33.2667],[-92.3076,33.2677],[-92.3091,33.2698],[-92.3087,33.2706],[-92.3079,33.271],[-92.3049,33.2712],[-92.3039,33.2714],[-92.3039,33.2673],[-92.294,33.2671],[-92.2944,33.2653],[-92.2935,33.2643],[-92.2924,33.2636],[-92.2902,33.263],[-92.2886,33.2628],[-92.286,33.2632],[-92.2791,33.2632],[-92.2791,33.2668],[-92.2784,33.2668],[-92.2784,33.2679],[-92.2775,33.2679],[-92.2701,33.2655],[-92.2688,33.2637],[-92.2685,33.2623],[-92.2685,33.2608],[-92.2689,33.2595],[-92.2705,33.2595],[-92.2706,33.2558],[-92.2749,33.2559],[-92.2749,33.2522],[-92.2706,33.2522],[-92.2706,33.2486],[-92.2663,33.2485],[-92.2663,33.2448],[-92.262,33.2448],[-92.2621,33.2409]]],[[[-92.2578,33.2156],[-92.2579,33.2009],[-92.2579,33.2046],[-92.2578,33.2156]]],[[[-92.1582,33.2465],[-92.1582,33.2458],[-92.1496,33.2456],[-92.1496,33.2349],[-92.1259,33.2343],[-92.126,33.2325],[-92.1152,33.2322],[-92.1152,33.234],[-92.111,33.234],[-92.111,33.2375],[-92.0902,33.2372],[-92.0908,33.2364],[-92.0909,33.2356],[-92.0905,33.2348],[-92.0899,33.2343],[-92.0882,33.2337],[-92.0856,33.2336],[-92.086,33.233],[-92.0881,33.2319],[-92.0887,33.231],[-92.0889,33.2299],[-92.0883,33.2278],[-92.0883,33.227],[-92.0887,33.2261],[-92.089,33.2258],[-92.0919,33.2243],[-92.0927,33.2235],[-92.0933,33.222],[-92.096,33.2206],[-92.0994,33.2201],[-92.1028,33.2188],[-92.1039,33.219],[-92.1042,33.2195],[-92.1034,33.2207],[-92.1033,33.2215],[-92.1036,33.2221],[-92.1044,33.2225],[-92.1046,33.223],[-92.1043,33.2231],[-92.1032,33.2224],[-92.103,33.2228],[-92.1035,33.2239],[-92.1043,33.2244],[-92.1058,33.2236],[-92.107,33.2235],[-92.1081,33.2238],[-92.1094,33.2236],[-92.11,33.2231],[-92.1103,33.2218],[-92.1107,33.2217],[-92.1139,33.2228],[-92.1146,33.2232],[-92.1141,33.2235],[-92.1144,33.2238],[-92.1148,33.2235],[-92.1163,33.2232],[-92.1165,33.2229],[-92.1163,33.2219],[-92.1157,33.2211],[-92.1149,33.2208],[-92.1149,33.2194],[-92.1155,33.2177],[-92.1171,33.2171],[-92.1173,33.2164],[-92.1169,33.2153],[-92.116,33.2145],[-92.1138,33.2134],[-92.1133,33.2118],[-92.114,33.209],[-92.1144,33.208],[-92.1151,33.2071],[-92.1167,33.2059],[-92.1185,33.2057],[-92.1199,33.2063],[-92.122,33.2062],[-92.1225,33.2067],[-92.1224,33.2078],[-92.1227,33.2086],[-92.1235,33.2088],[-92.1253,33.2086],[-92.126,33.2094],[-92.1274,33.2096],[-92.1285,33.2092],[-92.1293,33.2077],[-92.1295,33.2067],[-92.1293,33.2059],[-92.1287,33.2053],[-92.1287,33.2045],[-92.1293,33.2041],[-92.1302,33.2039],[-92.1303,33.205],[-92.13,33.2062],[-92.1303,33.2061],[-92.1308,33.205],[-92.1309,33.2054],[-92.1307,33.207],[-92.1301,33.2074],[-92.1302,33.2076],[-92.1309,33.2072],[-92.1315,33.2052],[-92.131,33.2037],[-92.1314,33.2019],[-92.1319,33.2017],[-92.132,33.2021],[-92.1324,33.2021],[-92.1336,33.2011],[-92.1331,33.1981],[-92.1337,33.1978],[-92.135,33.1978],[-92.1357,33.1974],[-92.1362,33.1967],[-92.1369,33.1947],[-92.1363,33.1933],[-92.1359,33.191],[-92.1381,33.1894],[-92.1383,33.1895],[-92.1374,33.1907],[-92.1376,33.1915],[-92.1379,33.1914],[-92.1379,33.1911],[-92.1388,33.1903],[-92.1391,33.1886],[-92.1391,33.1882],[-92.138,33.1874],[-92.1358,33.1865],[-92.1345,33.1862],[-92.1328,33.1866],[-92.132,33.186],[-92.133,33.1853],[-92.1337,33.1851],[-92.1338,33.1858],[-92.1341,33.1858],[-92.1344,33.1848],[-92.1351,33.1841],[-92.1352,33.1831],[-92.1304,33.1809],[-92.131,33.1808],[-92.1314,33.1804],[-92.1314,33.1798],[-92.1326,33.1789],[-92.134,33.1762],[-92.1337,33.175],[-92.132,33.1737],[-92.1319,33.1717],[-92.1335,33.1694],[-92.1352,33.1677],[-92.1363,33.1651],[-92.1373,33.1637],[-92.1381,33.1642],[-92.139,33.1643],[-92.141,33.1636],[-92.1439,33.1621],[-92.145,33.1619],[-92.1468,33.1618],[-92.1473,33.1619],[-92.1483,33.1627],[-92.1484,33.1632],[-92.1481,33.1639],[-92.145,33.167],[-92.1446,33.1682],[-92.1455,33.1692],[-92.1501,33.1707],[-92.1509,33.1707],[-92.1516,33.1703],[-92.153,33.169],[-92.1543,33.1683],[-92.1561,33.1683],[-92.1602,33.1691],[-92.1612,33.1692],[-92.1619,33.1689],[-92.1621,33.1684],[-92.1621,33.1676],[-92.1613,33.1657],[-92.1598,33.1631],[-92.16,33.1622],[-92.1605,33.162],[-92.1622,33.1615],[-92.1643,33.1616],[-92.1698,33.1628],[-92.1712,33.1635],[-92.1716,33.164],[-92.1719,33.1645],[-92.1718,33.165],[-92.1714,33.1654],[-92.1678,33.1668],[-92.1639,33.1694],[-92.1625,33.1706],[-92.1621,33.1714],[-92.1621,33.1723],[-92.1631,33.1752],[-92.1638,33.1765],[-92.165,33.1775],[-92.1685,33.1793],[-92.1685,33.1799],[-92.167,33.183],[-92.1673,33.1851],[-92.1685,33.1856],[-92.169,33.1855],[-92.1698,33.1851],[-92.1703,33.1837],[-92.1712,33.1826],[-92.1727,33.1822],[-92.1736,33.1823],[-92.174,33.1826],[-92.1741,33.1833],[-92.1738,33.1846],[-92.172,33.1885],[-92.1722,33.1896],[-92.1724,33.1899],[-92.1738,33.1904],[-92.1746,33.1901],[-92.1756,33.1892],[-92.1767,33.1877],[-92.178,33.1869],[-92.1793,33.1867],[-92.18,33.1869],[-92.181,33.1875],[-92.1817,33.1884],[-92.1817,33.1894],[-92.1803,33.1917],[-92.1794,33.1927],[-92.178,33.1933],[-92.1749,33.1936],[-92.1741,33.194],[-92.1738,33.1948],[-92.1745,33.1957],[-92.1777,33.1969],[-92.1787,33.1982],[-92.1789,33.1998],[-92.1778,33.2024],[-92.1777,33.2072],[-92.1784,33.2102],[-92.1785,33.2129],[-92.1797,33.2143],[-92.1809,33.2144],[-92.1815,33.2143],[-92.1822,33.2137],[-92.185,33.2093],[-92.1864,33.206],[-92.1875,33.205],[-92.1889,33.2043],[-92.1924,33.2034],[-92.1958,33.2019],[-92.1967,33.2018],[-92.1977,33.2022],[-92.2004,33.2052],[-92.2021,33.2055],[-92.2031,33.2051],[-92.2062,33.2031],[-92.2077,33.2023],[-92.209,33.2021],[-92.21,33.2027],[-92.2124,33.2071],[-92.2148,33.2098],[-92.2156,33.2103],[-92.2166,33.2104],[-92.2202,33.2095],[-92.2221,33.2096],[-92.2228,33.2101],[-92.2235,33.2112],[-92.2242,33.2132],[-92.2243,33.2155],[-92.2227,33.2181],[-92.2225,33.2191],[-92.2226,33.2208],[-92.2224,33.2213],[-92.2174,33.2219],[-92.2121,33.2228],[-92.2106,33.2237],[-92.2102,33.2245],[-92.2101,33.2255],[-92.2103,33.2259],[-92.211,33.2267],[-92.2119,33.2272],[-92.2187,33.2275],[-92.2183,33.2438],[-92.1924,33.2431],[-92.1922,33.2723],[-92.1576,33.2715],[-92.1582,33.2465]]]]},"properties":{"id":"usgs-pad-us-fee-managers:4762","name":"Felsenthal National Wildlife Refuge","kind":"land","category":"public-land","sourceCategory":"public-land","sourceId":"usgs-pad-us-fee-managers","sourceUrl":"https://services.arcgis.com/v01gqwM5QqNysAAi/arcgis/rest/services/Fee_Managers_PADUS/FeatureServer/0","sourceUpdated":"2021-12-08T05:00:00.000Z","publicUse":"PAD-US reports restricted access; confirm permits and seasonal rules with the manager.","unit":"FWS","origin":"public-catalog"}},{"type":"Feature","id":"usgs-pad-us-fee-managers:4860","geometry":{"type":"MultiPolygon","coordinates":[[[[-93.0849,35.1162],[-93.0849,35.1172],[-93.084,35.1172],[-93.084,35.1163],[-93.0849,35.1162]]],[[[-93.0794,35.1651],[-93.0754,35.1613],[-93.0739,35.1603],[-93.071,35.1591],[-93.0644,35.1579],[-93.0562,35.1573],[-93.0562,35.1568],[-93.053,35.1567],[-93.0517,35.1568],[-93.0517,35.1571],[-93.0457,35.1571],[-93.0396,35.1575],[-93.0326,35.1584],[-93.0293,35.1593],[-93.0232,35.1589],[-93.0271,35.1569],[-93.0274,35.1557],[-93.0306,35.1554],[-93.0298,35.1483],[-93.0276,35.1485],[-93.0277,35.1435],[-93.0267,35.1377],[-93.0283,35.1376],[-93.0278,35.1366],[-93.0272,35.1332],[-93.0274,35.1301],[-93.0281,35.1288],[-93.0295,35.1273],[-93.032,35.1253],[-93.0303,35.1248],[-93.0304,35.1246],[-93.0326,35.1235],[-93.0341,35.1224],[-93.0385,35.1199],[-93.0403,35.1191],[-93.0424,35.1201],[-93.0483,35.118],[-93.051,35.1178],[-93.0582,35.1175],[-93.0605,35.1176],[-93.0645,35.1185],[-93.0633,35.1175],[-93.066,35.118],[-93.0673,35.1193],[-93.072,35.121],[-93.0773,35.1234],[-93.0773,35.1211],[-93.0791,35.1218],[-93.0905,35.1218],[-93.0906,35.1242],[-93.0863,35.1242],[-93.0862,35.1254],[-93.0823,35.1254],[-93.0852,35.127],[-93.0886,35.1298],[-93.0905,35.1326],[-93.0919,35.1355],[-93.092,35.1385],[-93.0914,35.1395],[-93.0861,35.1417],[-93.0955,35.1417],[-93.0945,35.1433],[-93.0942,35.1538],[-93.0869,35.1537],[-93.0802,35.1524],[-93.0814,35.1552],[-93.0839,35.1588],[-93.0853,35.1633],[-93.0927,35.1632],[-93.0928,35.1622],[-93.0942,35.1622],[-93.0942,35.1632],[-93.1008,35.1635],[-93.1021,35.1658],[-93.0943,35.1654],[-93.0843,35.1653],[-93.0827,35.1648],[-93.0808,35.1663],[-93.0794,35.1651]]]]},"properties":{"id":"usgs-pad-us-fee-managers:4860","name":"Holla Bend National Wildlife Refuge","kind":"land","category":"public-land","sourceCategory":"public-land","sourceId":"usgs-pad-us-fee-managers","sourceUrl":"https://services.arcgis.com/v01gqwM5QqNysAAi/arcgis/rest/services/Fee_Managers_PADUS/FeatureServer/0","sourceUpdated":"2021-12-08T05:00:00.000Z","publicUse":"PAD-US reports restricted access; confirm permits and seasonal rules with the manager.","unit":"FWS","origin":"public-catalog"}},{"type":"Feature","id":"usgs-pad-us-fee-managers:4979","geometry":{"type":"Polygon","coordinates":[[[-94.3937,36.2007],[-94.3911,36.2006],[-94.3912,36.1983],[-94.3901,36.1983],[-94.3901,36.1969],[-94.3919,36.1969],[-94.392,36.1956],[-94.3922,36.1955],[-94.3941,36.1948],[-94.396,36.1936],[-94.3966,36.1936],[-94.3969,36.1937],[-94.3968,36.1969],[-94.4013,36.1969],[-94.4012,36.2008],[-94.3984,36.2007],[-94.3973,36.2005],[-94.3951,36.2006],[-94.3951,36.2012],[-94.3937,36.2007]]]},"properties":{"id":"usgs-pad-us-fee-managers:4979","name":"Logan Cave National Wildlife Refuge","kind":"land","category":"public-land","sourceCategory":"public-land","sourceId":"usgs-pad-us-fee-managers","sourceUrl":"https://services.arcgis.com/v01gqwM5QqNysAAi/arcgis/rest/services/Fee_Managers_PADUS/FeatureServer/0","sourceUpdated":"2021-12-08T05:00:00.000Z","publicUse":"PAD-US reports restricted access; confirm permits and seasonal rules with the manager.","unit":"FWS","origin":"public-catalog"}},{"type":"Feature","id":"usgs-pad-us-fee-managers:4998","geometry":{"type":"MultiPolygon","coordinates":[[[[-91.529,36.4981],[-91.5277,36.4976],[-91.5287,36.4954],[-91.5316,36.494],[-91.5345,36.4935],[-91.5342,36.4943],[-91.5337,36.4948],[-91.5318,36.4956],[-91.5297,36.497],[-91.53,36.4971],[-91.5295,36.4972],[-91.5294,36.4976],[-91.529,36.4981]]],[[[-91.5276,36.497],[-91.5272,36.4982],[-91.5275,36.499],[-91.5261,36.499],[-91.5262,36.497],[-91.5276,36.497]]]]},"properties":{"id":"usgs-pad-us-fee-managers:4998","name":"Mammoth Spring National Fish Hatchery","kind":"land","category":"public-land","sourceCategory":"public-land","sourceId":"usgs-pad-us-fee-managers","sourceUrl":"https://services.arcgis.com/v01gqwM5QqNysAAi/arcgis/rest/services/Fee_Managers_PADUS/FeatureServer/0","sourceUpdated":"2021-12-08T05:00:00.000Z","publicUse":"PAD-US reports restricted access; confirm permits and seasonal rules with the manager.","unit":"FWS","origin":"public-catalog"}},{"type":"Feature","id":"usgs-pad-us-fee-managers:5122","geometry":{"type":"MultiPolygon","coordinates":[[[[-91.6921,33.0071],[-91.6922,33.0079],[-91.6919,33.0091],[-91.6899,33.0096],[-91.6898,33.0099],[-91.6901,33.0104],[-91.6899,33.0109],[-91.6894,33.0113],[-91.6871,33.0113],[-91.6871,33.0071],[-91.6921,33.0071]]],[[[-91.6068,33.0823],[-91.6063,33.0851],[-91.6024,33.085],[-91.6025,33.0822],[-91.6068,33.0823]]],[[[-91.5942,33.1514],[-91.594,33.1476],[-91.5985,33.1476],[-91.5985,33.1444],[-91.6044,33.1445],[-91.6045,33.1407],[-91.6161,33.141],[-91.6161,33.1393],[-91.6115,33.1392],[-91.6115,33.1339],[-91.6205,33.1338],[-91.6206,33.1229],[-91.6289,33.1231],[-91.629,33.1158],[-91.6159,33.1155],[-91.6159,33.1046],[-91.6157,33.1046],[-91.6156,33.1009],[-91.633,33.1013],[-91.6329,33.0904],[-91.6286,33.0903],[-91.6286,33.0939],[-91.6156,33.0937],[-91.6156,33.0827],[-91.624,33.0829],[-91.6241,33.0793],[-91.6415,33.0797],[-91.6414,33.0834],[-91.6456,33.0835],[-91.6456,33.0798],[-91.6482,33.0799],[-91.6481,33.0763],[-91.6416,33.0761],[-91.6417,33.0723],[-91.65,33.0726],[-91.6501,33.0669],[-91.6417,33.0668],[-91.6416,33.0632],[-91.6501,33.0633],[-91.6501,33.0606],[-91.6416,33.0605],[-91.6415,33.0576],[-91.646,33.0577],[-91.6459,33.0549],[-91.6471,33.0546],[-91.6471,33.0541],[-91.6459,33.0541],[-91.646,33.0467],[-91.6503,33.0468],[-91.6502,33.0541],[-91.6545,33.0542],[-91.6546,33.0472],[-91.657,33.0465],[-91.6597,33.0463],[-91.6597,33.0432],[-91.6655,33.0431],[-91.6657,33.0271],[-91.6656,33.007],[-91.6829,33.007],[-91.683,33.0107],[-91.6745,33.0105],[-91.6745,33.0142],[-91.6895,33.0148],[-91.6887,33.0155],[-91.6886,33.0162],[-91.6879,33.0172],[-91.6884,33.0177],[-91.6904,33.0179],[-91.6894,33.0183],[-91.6887,33.018],[-91.6881,33.0182],[-91.6878,33.0194],[-91.6874,33.0197],[-91.687,33.0209],[-91.6879,33.0216],[-91.6893,33.0202],[-91.6891,33.0211],[-91.6886,33.0214],[-91.6882,33.022],[-91.6882,33.0226],[-91.6888,33.0227],[-91.6892,33.0233],[-91.6898,33.0235],[-91.6899,33.0239],[-91.6903,33.0239],[-91.6907,33.0244],[-91.6893,33.0239],[-91.6891,33.024],[-91.6891,33.0237],[-91.6878,33.0229],[-91.6876,33.0224],[-91.6872,33.0228],[-91.6872,33.0232],[-91.6869,33.0231],[-91.6869,33.0228],[-91.6867,33.0228],[-91.6862,33.0239],[-91.6875,33.0254],[-91.687,33.0255],[-91.687,33.0271],[-91.6867,33.0272],[-91.6867,33.0279],[-91.6873,33.0278],[-91.6874,33.0292],[-91.6879,33.0293],[-91.6878,33.0296],[-91.6884,33.0308],[-91.6883,33.0314],[-91.6889,33.0317],[-91.6899,33.0339],[-91.6911,33.0333],[-91.692,33.035],[-91.6905,33.0357],[-91.6913,33.0388],[-91.6917,33.0438],[-91.6929,33.0449],[-91.6933,33.0449],[-91.6932,33.044],[-91.6939,33.044],[-91.6937,33.0449],[-91.6943,33.0447],[-91.6939,33.0452],[-91.6928,33.0457],[-91.692,33.0452],[-91.6916,33.0463],[-91.6916,33.0467],[-91.6927,33.0475],[-91.6922,33.0477],[-91.6958,33.0477],[-91.6958,33.0515],[-91.6915,33.0515],[-91.6916,33.0525],[-91.6912,33.0532],[-91.6913,33.0537],[-91.6908,33.0548],[-91.691,33.0554],[-91.6908,33.0577],[-91.6912,33.058],[-91.6919,33.0573],[-91.6914,33.0587],[-91.692,33.0605],[-91.6926,33.0609],[-91.6928,33.0614],[-91.6926,33.0625],[-91.6931,33.0623],[-91.6947,33.0623],[-91.6947,33.0633],[-91.6929,33.0632],[-91.6932,33.064],[-91.693,33.0657],[-91.6933,33.0686],[-91.6939,33.069],[-91.6944,33.0688],[-91.6943,33.0698],[-91.6964,33.0698],[-91.6979,33.0715],[-91.6984,33.0731],[-91.6983,33.0735],[-91.6955,33.0734],[-91.6958,33.0742],[-91.6954,33.0745],[-91.6954,33.0752],[-91.6948,33.0759],[-91.6949,33.0765],[-91.6953,33.0769],[-91.6946,33.0768],[-91.6943,33.0772],[-91.6935,33.0792],[-91.6937,33.0796],[-91.6941,33.0794],[-91.6943,33.0796],[-91.6937,33.0799],[-91.6937,33.0802],[-91.6932,33.0801],[-91.6918,33.082],[-91.6918,33.0882],[-91.6897,33.0881],[-91.6897,33.092],[-91.6862,33.0921],[-91.6861,33.0931],[-91.6857,33.093],[-91.6847,33.0937],[-91.684,33.0936],[-91.6842,33.0933],[-91.6844,33.0915],[-91.6838,33.0916],[-91.6822,33.0928],[-91.6813,33.0929],[-91.6803,33.0935],[-91.6787,33.0949],[-91.6785,33.0953],[-91.6787,33.0955],[-91.6774,33.0958],[-91.6772,33.0966],[-91.6768,33.0968],[-91.6767,33.0964],[-91.6763,33.0963],[-91.6754,33.0969],[-91.6748,33.0968],[-91.6744,33.097],[-91.6736,33.0981],[-91.6736,33.0986],[-91.6732,33.0987],[-91.6729,33.0996],[-91.673,33.0999],[-91.6735,33.0998],[-91.6741,33.1003],[-91.6731,33.1002],[-91.6723,33.1012],[-91.6712,33.1014],[-91.67,33.1011],[-91.6688,33.1024],[-91.6696,33.1007],[-91.6691,33.1006],[-91.6684,33.1011],[-91.6687,33.1006],[-91.6686,33.1003],[-91.6674,33.1004],[-91.6661,33.1019],[-91.6651,33.1022],[-91.6643,33.1035],[-91.6622,33.1054],[-91.6621,33.1062],[-91.6616,33.1069],[-91.6591,33.1095],[-91.659,33.1097],[-91.6593,33.1106],[-91.6606,33.1112],[-91.6593,33.1121],[-91.6584,33.1117],[-91.6577,33.112],[-91.6573,33.1117],[-91.6566,33.1117],[-91.6554,33.1125],[-91.6551,33.1132],[-91.654,33.1132],[-91.6539,33.1165],[-91.6587,33.1166],[-91.6588,33.1205],[-91.6573,33.1236],[-91.6571,33.1255],[-91.6574,33.1263],[-91.6586,33.1267],[-91.6586,33.1276],[-91.6546,33.1288],[-91.6507,33.1275],[-91.6503,33.1276],[-91.6501,33.1173],[-91.6498,33.117],[-91.6499,33.1164],[-91.649,33.1168],[-91.6484,33.1163],[-91.648,33.1165],[-91.6471,33.116],[-91.6466,33.1167],[-91.6448,33.1171],[-91.6418,33.1191],[-91.6399,33.1195],[-91.6378,33.1209],[-91.6372,33.121],[-91.6369,33.1215],[-91.6374,33.122],[-91.6373,33.1223],[-91.6367,33.1222],[-91.6359,33.1225],[-91.635,33.1232],[-91.6351,33.1238],[-91.6347,33.1243],[-91.6342,33.1241],[-91.6338,33.1249],[-91.6332,33.1251],[-91.6327,33.126],[-91.6334,33.1265],[-91.6327,33.1265],[-91.6321,33.1269],[-91.6304,33.1297],[-91.6284,33.1316],[-91.6285,33.1321],[-91.6291,33.1323],[-91.6284,33.1328],[-91.6283,33.1333],[-91.6281,33.1338],[-91.6282,33.1345],[-91.6278,33.1344],[-91.6272,33.1358],[-91.6275,33.1364],[-91.6269,33.137],[-91.627,33.1387],[-91.6274,33.1393],[-91.6277,33.1401],[-91.6282,33.1407],[-91.6277,33.1407],[-91.6276,33.1416],[-91.6282,33.1432],[-91.6287,33.1456],[-91.6285,33.1463],[-91.6288,33.1467],[-91.6287,33.1472],[-91.6292,33.1474],[-91.6291,33.1483],[-91.6285,33.1484],[-91.6288,33.149],[-91.6292,33.149],[-91.6292,33.1497],[-91.6284,33.1501],[-91.6276,33.1511],[-91.6281,33.1513],[-91.6282,33.1516],[-91.6292,33.1519],[-91.6291,33.1524],[-91.5942,33.1514]]],[[[-91.6602,33.0438],[-91.6602,33.0438],[-91.6597,33.0438],[-91.6602,33.0438]]],[[[-91.5928,33.1638],[-91.5927,33.1624],[-91.5939,33.1588],[-91.6111,33.1591],[-91.6113,33.1596],[-91.6108,33.1601],[-91.6098,33.1607],[-91.61,33.1613],[-91.6097,33.1615],[-91.6091,33.1616],[-91.6085,33.1621],[-91.6085,33.1624],[-91.6095,33.1631],[-91.6092,33.1636],[-91.6083,33.1638],[-91.6072,33.1649],[-91.6062,33.165],[-91.6057,33.1659],[-91.6054,33.1668],[-91.6062,33.1672],[-91.6065,33.168],[-91.6073,33.1683],[-91.6071,33.1689],[-91.6082,33.1693],[-91.6081,33.1697],[-91.6071,33.17],[-91.5998,33.1698],[-91.5943,33.166],[-91.5933,33.1649],[-91.5928,33.1638]]]]},"properties":{"id":"usgs-pad-us-fee-managers:5122","name":"Overflow National Wildlife Refuge","kind":"land","category":"public-land","sourceCategory":"public-land","sourceId":"usgs-pad-us-fee-managers","sourceUrl":"https://services.arcgis.com/v01gqwM5QqNysAAi/arcgis/rest/services/Fee_Managers_PADUS/FeatureServer/0","sourceUpdated":"2021-12-08T05:00:00.000Z","publicUse":"PAD-US reports restricted access; confirm permits and seasonal rules with the manager.","unit":"FWS","origin":"public-catalog"}},{"type":"Feature","id":"usgs-pad-us-fee-managers:5170","geometry":{"type":"MultiPolygon","coordinates":[[[[-94.1321,33.8066],[-94.1321,33.7992],[-94.1175,33.7987],[-94.1175,33.7972],[-94.1216,33.7973],[-94.1235,33.7954],[-94.1257,33.7923],[-94.126,33.7915],[-94.128,33.7915],[-94.128,33.7891],[-94.1325,33.7892],[-94.1345,33.7889],[-94.1379,33.7874],[-94.1404,33.7865],[-94.1428,33.785],[-94.1441,33.7848],[-94.145,33.7942],[-94.1474,33.7941],[-94.1466,33.8033],[-94.1439,33.8032],[-94.1444,33.7995],[-94.1437,33.7995],[-94.1432,33.8032],[-94.1408,33.8031],[-94.1407,33.8104],[-94.1366,33.8104],[-94.1364,33.8067],[-94.1321,33.8066]]],[[[-94.1449,33.8161],[-94.1449,33.8141],[-94.1456,33.8141],[-94.1454,33.8161],[-94.1449,33.8161]]],[[[-94.1443,33.8168],[-94.1443,33.8165],[-94.1454,33.8166],[-94.1453,33.818],[-94.1445,33.8179],[-94.1443,33.8168]]],[[[-94.2003,33.8803],[-94.2016,33.8792],[-94.2027,33.8788],[-94.2039,33.8778],[-94.2038,33.8801],[-94.2027,33.8803],[-94.2019,33.8813],[-94.2008,33.8818],[-94.2001,33.8811],[-94.2003,33.8803]]],[[[-94.1996,33.8833],[-94.1996,33.8864],[-94.1982,33.8862],[-94.1987,33.885],[-94.1987,33.8833],[-94.1996,33.8833]]],[[[-94.3086,33.8912],[-94.3087,33.884],[-94.3132,33.8841],[-94.313,33.8912],[-94.3086,33.8912]]],[[[-94.1836,33.8368],[-94.1879,33.8371],[-94.1881,33.8334],[-94.1838,33.8334],[-94.1836,33.8368],[-94.1791,33.8368],[-94.1791,33.8404],[-94.171,33.8404],[-94.1709,33.8367],[-94.1662,33.8365],[-94.166,33.8437],[-94.1628,33.8436],[-94.1629,33.8401],[-94.1618,33.84],[-94.1619,33.8364],[-94.1575,33.8363],[-94.1576,33.8327],[-94.1619,33.8328],[-94.1622,33.822],[-94.1491,33.8217],[-94.1492,33.8182],[-94.1458,33.818],[-94.1463,33.8141],[-94.1472,33.8142],[-94.1482,33.8034],[-94.147,33.8033],[-94.1479,33.7942],[-94.1517,33.7943],[-94.1541,33.7962],[-94.1564,33.7971],[-94.1581,33.7972],[-94.1582,33.7998],[-94.1669,33.7998],[-94.1669,33.798],[-94.1627,33.7961],[-94.1628,33.7927],[-94.1649,33.7927],[-94.1669,33.7953],[-94.167,33.7963],[-94.1695,33.7964],[-94.1695,33.7968],[-94.173,33.7969],[-94.1736,33.7964],[-94.1747,33.7965],[-94.1746,33.801],[-94.1779,33.8038],[-94.1798,33.8039],[-94.1798,33.8075],[-94.1824,33.8075],[-94.1826,33.809],[-94.1841,33.8109],[-94.1858,33.8119],[-94.188,33.8124],[-94.1918,33.8125],[-94.1937,33.8115],[-94.1983,33.8098],[-94.2086,33.8083],[-94.2125,33.807],[-94.213,33.807],[-94.2136,33.8061],[-94.213,33.8054],[-94.2133,33.8038],[-94.2152,33.8027],[-94.2169,33.8028],[-94.2174,33.8032],[-94.2176,33.8038],[-94.2176,33.8066],[-94.2182,33.8087],[-94.2228,33.8087],[-94.2224,33.8159],[-94.2227,33.8154],[-94.2229,33.8129],[-94.2235,33.8119],[-94.2246,33.8113],[-94.2283,33.8098],[-94.2296,33.8081],[-94.2294,33.8057],[-94.2286,33.8039],[-94.2286,33.8027],[-94.2292,33.8016],[-94.2302,33.8013],[-94.2309,33.8013],[-94.2333,33.8031],[-94.234,33.8033],[-94.2351,33.8031],[-94.2367,33.8023],[-94.2379,33.8021],[-94.2388,33.8029],[-94.2387,33.8042],[-94.2382,33.8048],[-94.2381,33.8055],[-94.2383,33.807],[-94.239,33.8082],[-94.2405,33.8088],[-94.2429,33.809],[-94.2459,33.8113],[-94.2494,33.8117],[-94.2502,33.8119],[-94.2507,33.8124],[-94.2509,33.813],[-94.2502,33.8152],[-94.2502,33.8164],[-94.2507,33.8177],[-94.2516,33.8185],[-94.254,33.819],[-94.2556,33.8185],[-94.2575,33.8176],[-94.2582,33.8175],[-94.2597,33.8181],[-94.2609,33.8193],[-94.2625,33.8199],[-94.2641,33.8197],[-94.2646,33.8191],[-94.2642,33.8183],[-94.2651,33.8175],[-94.2664,33.8172],[-94.268,33.8174],[-94.2686,33.8178],[-94.269,33.8184],[-94.2699,33.8208],[-94.2708,33.8219],[-94.272,33.8226],[-94.2746,33.8223],[-94.2762,33.8229],[-94.277,33.8265],[-94.2786,33.8284],[-94.2802,33.8296],[-94.2835,33.8304],[-94.2861,33.8301],[-94.2879,33.8294],[-94.2889,33.8286],[-94.2915,33.8252],[-94.2932,33.8238],[-94.2968,33.8227],[-94.2983,33.8224],[-94.3006,33.8216],[-94.3021,33.8216],[-94.3031,33.8219],[-94.3037,33.8224],[-94.304,33.8233],[-94.3035,33.8248],[-94.303,33.8254],[-94.3024,33.8256],[-94.3001,33.825],[-94.2974,33.8252],[-94.2968,33.8256],[-94.2958,33.8269],[-94.2958,33.8292],[-94.2931,33.8291],[-94.2929,33.8327],[-94.3018,33.8329],[-94.3013,33.8474],[-94.3018,33.8474],[-94.3013,33.8512],[-94.3025,33.8532],[-94.3036,33.854],[-94.3066,33.8543],[-94.3078,33.8542],[-94.3105,33.8532],[-94.3128,33.8533],[-94.314,33.8542],[-94.3152,33.8557],[-94.3166,33.8563],[-94.319,33.8561],[-94.3196,33.8553],[-94.3205,33.8548],[-94.3223,33.8543],[-94.3251,33.8538],[-94.3265,33.8542],[-94.327,33.8547],[-94.3265,33.8561],[-94.3205,33.8582],[-94.3189,33.8591],[-94.3184,33.8604],[-94.3194,33.8621],[-94.3206,33.8629],[-94.3229,33.8638],[-94.3239,33.8638],[-94.3246,33.8638],[-94.3273,33.862],[-94.3284,33.8615],[-94.3292,33.8608],[-94.329,33.8663],[-94.3182,33.8661],[-94.3179,33.8734],[-94.3266,33.8735],[-94.3267,33.8699],[-94.3311,33.87],[-94.3308,33.8773],[-94.3004,33.8763],[-94.3005,33.8691],[-94.2917,33.8689],[-94.2915,33.8761],[-94.3004,33.8763],[-94.3003,33.8801],[-94.2959,33.88],[-94.2956,33.8873],[-94.2912,33.8872],[-94.2913,33.8835],[-94.2827,33.8833],[-94.2828,33.8798],[-94.287,33.8797],[-94.2871,33.876],[-94.2786,33.8757],[-94.2783,33.8796],[-94.2742,33.8795],[-94.274,33.8751],[-94.2745,33.8685],[-94.2656,33.8682],[-94.2654,33.8751],[-94.261,33.8751],[-94.2611,33.8718],[-94.2526,33.8715],[-94.2527,33.8679],[-94.2395,33.8675],[-94.239,33.8746],[-94.2409,33.8747],[-94.2411,33.871],[-94.2435,33.8711],[-94.2433,33.8782],[-94.2478,33.8783],[-94.2475,33.8857],[-94.2517,33.8858],[-94.2516,33.8894],[-94.2473,33.8894],[-94.2475,33.8857],[-94.2388,33.8855],[-94.2387,33.8895],[-94.2431,33.8896],[-94.2428,33.8968],[-94.2386,33.8968],[-94.2386,33.8973],[-94.2134,33.8888],[-94.2108,33.8883],[-94.2077,33.8882],[-94.208,33.8847],[-94.2123,33.8849],[-94.2125,33.8814],[-94.2174,33.8816],[-94.2178,33.867],[-94.2086,33.8668],[-94.2091,33.8559],[-94.2028,33.8558],[-94.2018,33.8549],[-94.1998,33.8546],[-94.1994,33.8548],[-94.1995,33.8556],[-94.1963,33.8556],[-94.1959,33.8552],[-94.1956,33.8538],[-94.1967,33.8533],[-94.1969,33.8524],[-94.1966,33.8518],[-94.1954,33.8512],[-94.1949,33.8499],[-94.1938,33.8492],[-94.1938,33.8484],[-94.1941,33.848],[-94.1958,33.8469],[-94.1964,33.8468],[-94.197,33.8474],[-94.1977,33.8476],[-94.1981,33.8474],[-94.1982,33.8469],[-94.1978,33.8456],[-94.1962,33.8451],[-94.1958,33.8448],[-94.1959,33.8445],[-94.2049,33.8448],[-94.2051,33.8412],[-94.2007,33.8411],[-94.2009,33.8375],[-94.1925,33.837],[-94.1921,33.8409],[-94.1879,33.8408],[-94.1876,33.8442],[-94.1833,33.8441],[-94.1836,33.8368]]],[[[-94.2137,33.8306],[-94.2139,33.8269],[-94.2058,33.8267],[-94.2055,33.8303],[-94.2137,33.8306]]],[[[-94.2539,33.8279],[-94.2579,33.828],[-94.2581,33.8245],[-94.2541,33.8242],[-94.2539,33.8279]]],[[[-94.2181,33.8144],[-94.218,33.8138],[-94.2181,33.8143],[-94.2181,33.8144]]],[[[-94.2161,33.8959],[-94.2159,33.8996],[-94.212,33.8995],[-94.2121,33.8957],[-94.2161,33.8959]]],[[[-94.3852,33.9009],[-94.3852,33.8969],[-94.3871,33.8969],[-94.3873,33.8952],[-94.3889,33.8955],[-94.3898,33.8964],[-94.3903,33.8975],[-94.3901,33.8983],[-94.3881,33.9002],[-94.3872,33.9016],[-94.387,33.9034],[-94.3874,33.9059],[-94.3866,33.908],[-94.3853,33.9079],[-94.3857,33.9065],[-94.3852,33.9009]]],[[[-94.2159,33.8996],[-94.2202,33.8998],[-94.2205,33.8961],[-94.2161,33.8959],[-94.2163,33.8924],[-94.2121,33.8924],[-94.2122,33.8891],[-94.2165,33.8903],[-94.2386,33.8977],[-94.2382,33.9039],[-94.2292,33.9036],[-94.2289,33.9111],[-94.2251,33.9112],[-94.225,33.9181],[-94.2197,33.9179],[-94.2201,33.9107],[-94.2156,33.9104],[-94.2159,33.8996]]],[[[-94.3775,33.9204],[-94.3775,33.9219],[-94.3767,33.9218],[-94.3775,33.9204]]],[[[-94.3603,33.9143],[-94.3647,33.9144],[-94.3648,33.9108],[-94.3604,33.9107],[-94.3603,33.9143],[-94.356,33.9142],[-94.3557,33.9214],[-94.3514,33.9213],[-94.3519,33.9069],[-94.3432,33.9066],[-94.3432,33.91],[-94.3474,33.9102],[-94.3472,33.914],[-94.334,33.9137],[-94.3344,33.9028],[-94.331,33.9027],[-94.3309,33.9035],[-94.33,33.9035],[-94.3299,33.9041],[-94.3292,33.9037],[-94.3292,33.9047],[-94.3299,33.9052],[-94.3299,33.9064],[-94.3168,33.906],[-94.3171,33.8986],[-94.3258,33.8988],[-94.326,33.8916],[-94.3174,33.8914],[-94.3177,33.884],[-94.3308,33.8843],[-94.3308,33.8879],[-94.335,33.8881],[-94.3349,33.8919],[-94.3306,33.8918],[-94.3305,33.8952],[-94.3347,33.8954],[-94.3349,33.8919],[-94.3525,33.8922],[-94.3529,33.8815],[-94.3568,33.8815],[-94.357,33.8781],[-94.3611,33.8786],[-94.3611,33.8859],[-94.3615,33.8872],[-94.3622,33.8881],[-94.3649,33.8895],[-94.3699,33.8912],[-94.3724,33.8913],[-94.3744,33.8917],[-94.3781,33.8938],[-94.3781,33.9003],[-94.3821,33.9004],[-94.3823,33.8967],[-94.3849,33.8968],[-94.3847,33.8988],[-94.3849,33.9027],[-94.3854,33.9059],[-94.3852,33.9079],[-94.3848,33.9079],[-94.3839,33.9098],[-94.3808,33.9144],[-94.3778,33.9145],[-94.3776,33.9201],[-94.375,33.9239],[-94.3745,33.9255],[-94.3738,33.9265],[-94.3723,33.9262],[-94.3698,33.9266],[-94.3697,33.926],[-94.37,33.9257],[-94.3696,33.9254],[-94.369,33.9257],[-94.3686,33.9263],[-94.3688,33.9218],[-94.3601,33.9216],[-94.3603,33.9143]]]]},"properties":{"id":"usgs-pad-us-fee-managers:5170","name":"Pond Creek National Wildlife Refuge","kind":"land","category":"public-land","sourceCategory":"public-land","sourceId":"usgs-pad-us-fee-managers","sourceUrl":"https://services.arcgis.com/v01gqwM5QqNysAAi/arcgis/rest/services/Fee_Managers_PADUS/FeatureServer/0","sourceUpdated":"2021-12-08T05:00:00.000Z","publicUse":"PAD-US reports restricted access; confirm permits and seasonal rules with the manager.","unit":"FWS","origin":"public-catalog"}},{"type":"Feature","id":"usgs-pad-us-fee-managers:5365","geometry":{"type":"MultiPolygon","coordinates":[[[[-92.1214,33.0085],[-92.1214,33.0085],[-92.1179,33.0085],[-92.1214,33.0085]]],[[[-92.1148,33.0084],[-92.0958,33.0082],[-92.1046,33.0083],[-92.1148,33.0084]]]]},"properties":{"id":"usgs-pad-us-fee-managers:5365","name":"Upper Ouachita National Wildlife Refuge","kind":"land","category":"public-land","sourceCategory":"public-land","sourceId":"usgs-pad-us-fee-managers","sourceUrl":"https://services.arcgis.com/v01gqwM5QqNysAAi/arcgis/rest/services/Fee_Managers_PADUS/FeatureServer/0","sourceUpdated":"2021-12-08T05:00:00.000Z","publicUse":"PAD-US reports restricted access; confirm permits and seasonal rules with the manager.","unit":"FWS","origin":"public-catalog"}},{"type":"Feature","id":"usgs-pad-us-fee-managers:5385","geometry":{"type":"Polygon","coordinates":[[[-90.1915,35.3296],[-90.1914,35.3354],[-90.1915,35.3296],[-90.198,35.3293],[-90.2038,35.3278],[-90.2067,35.3274],[-90.2072,35.3276],[-90.2095,35.3268],[-90.2094,35.33],[-90.2095,35.3267],[-90.2105,35.3265],[-90.2163,35.3259],[-90.2228,35.3265],[-90.2259,35.3273],[-90.227,35.3272],[-90.2305,35.3283],[-90.233,35.3296],[-90.2359,35.332],[-90.24,35.3333],[-90.2423,35.3344],[-90.2444,35.3358],[-90.2449,35.3365],[-90.2464,35.3408],[-90.2469,35.3431],[-90.2476,35.3431],[-90.2524,35.3605],[-90.2517,35.3608],[-90.2525,35.364],[-90.2517,35.3608],[-90.2524,35.3605],[-90.2541,35.3651],[-90.2539,35.3651],[-90.2543,35.3651],[-90.2542,35.3657],[-90.2553,35.369],[-90.2554,35.3714],[-90.253,35.3714],[-90.253,35.3725],[-90.2437,35.3725],[-90.2438,35.3688],[-90.2377,35.3688],[-90.2348,35.3692],[-90.2348,35.3685],[-90.226,35.3685],[-90.226,35.3649],[-90.1995,35.3645],[-90.1998,35.3455],[-90.1997,35.3501],[-90.182,35.3499],[-90.1823,35.3313],[-90.1851,35.3298],[-90.1915,35.3296]],[[-90.2,35.3353],[-90.2004,35.3353],[-90.2,35.3353],[-90.2026,35.3403],[-90.2,35.3353]],[[-90.1958,35.3353],[-90.1972,35.3353],[-90.1964,35.3353],[-90.1958,35.3353]],[[-90.2036,35.3418],[-90.2042,35.3424],[-90.2035,35.3417],[-90.2036,35.3418]],[[-90.207,35.3452],[-90.2071,35.3452],[-90.2059,35.3441],[-90.207,35.3452]],[[-90.2228,35.3501],[-90.2272,35.3557],[-90.2289,35.357],[-90.2272,35.3557],[-90.2228,35.3501],[-90.2138,35.35],[-90.2124,35.349],[-90.2138,35.35],[-90.2228,35.3501]],[[-90.2326,35.3612],[-90.2365,35.3648],[-90.2326,35.3612],[-90.2298,35.3575],[-90.2326,35.3612]],[[-90.2537,35.3655],[-90.2536,35.3656],[-90.2536,35.3656],[-90.2537,35.3655]],[[-90.2525,35.3662],[-90.2525,35.3662],[-90.2533,35.3659],[-90.2525,35.3662]],[[-90.2496,35.3672],[-90.2493,35.3672],[-90.2494,35.3672],[-90.2496,35.3672]],[[-90.2004,35.3345],[-90.2005,35.3343],[-90.2004,35.335],[-90.2004,35.3345]],[[-90.202,35.3313],[-90.2004,35.3315],[-90.1999,35.3319],[-90.2004,35.3315],[-90.202,35.3313]]]},"properties":{"id":"usgs-pad-us-fee-managers:5385","name":"Wapanocca National Wildlife Refuge","kind":"land","category":"public-land","sourceCategory":"public-land","sourceId":"usgs-pad-us-fee-managers","sourceUrl":"https://services.arcgis.com/v01gqwM5QqNysAAi/arcgis/rest/services/Fee_Managers_PADUS/FeatureServer/0","sourceUpdated":"2021-12-08T05:00:00.000Z","publicUse":"PAD-US reports restricted access; confirm permits and seasonal rules with the manager.","unit":"FWS","origin":"public-catalog"}},{"type":"Feature","id":"usgs-pad-us-fee-managers:82402","geometry":{"type":"Polygon","coordinates":[[[-92.1187,35.8851],[-92.1186,35.884],[-92.1195,35.884],[-92.1194,35.8847],[-92.1205,35.8847],[-92.1205,35.8851],[-92.1187,35.8851]]]},"properties":{"id":"usgs-pad-us-fee-managers:82402","name":"Ozark Folk Center","kind":"land","category":"public-land","sourceCategory":"public-land","sourceId":"usgs-pad-us-fee-managers","sourceUrl":"https://services.arcgis.com/v01gqwM5QqNysAAi/arcgis/rest/services/Fee_Managers_PADUS/FeatureServer/0","sourceUpdated":"2013-10-23T04:00:00.000Z","publicUse":"PAD-US reports open access; verify current manager conditions and restrictions.","unit":"SPR","origin":"public-catalog"}},{"type":"Feature","id":"usgs-pad-us-fee-managers:82888","geometry":{"type":"MultiPolygon","coordinates":[[[[-92.721,34.8714],[-92.721,34.8749],[-92.7173,34.8748],[-92.719,34.8726],[-92.721,34.8714]]],[[[-92.7064,34.884],[-92.7045,34.8837],[-92.7032,34.8844],[-92.7032,34.8853],[-92.7024,34.8853],[-92.6988,34.8841],[-92.6988,34.8816],[-92.6965,34.8815],[-92.6966,34.8793],[-92.6979,34.8795],[-92.6989,34.8794],[-92.6989,34.8779],[-92.7033,34.8781],[-92.7034,34.8745],[-92.7056,34.8746],[-92.7057,34.8737],[-92.7079,34.8737],[-92.7078,34.8746],[-92.7122,34.8747],[-92.7124,34.8674],[-92.7212,34.8675],[-92.7211,34.8696],[-92.7158,34.8733],[-92.7151,34.8742],[-92.7169,34.8751],[-92.7166,34.8754],[-92.7166,34.8761],[-92.7173,34.8767],[-92.7174,34.8771],[-92.717,34.8781],[-92.717,34.879],[-92.7164,34.8789],[-92.7164,34.8802],[-92.7177,34.8803],[-92.7202,34.881],[-92.7206,34.8815],[-92.7206,34.8826],[-92.7175,34.8871],[-92.7168,34.8877],[-92.7155,34.8881],[-92.7146,34.8881],[-92.7118,34.887],[-92.7097,34.8867],[-92.7097,34.885],[-92.7064,34.884]]],[[[-92.6944,34.8889],[-92.6945,34.8853],[-92.6978,34.8855],[-92.6978,34.8841],[-92.7012,34.8852],[-92.7009,34.8928],[-92.6987,34.8927],[-92.6989,34.8891],[-92.6944,34.8889]]]]},"properties":{"id":"usgs-pad-us-fee-managers:82888","name":"Maumelle Water Excellence - Canterbury Parcel","kind":"land","category":"public-land","sourceCategory":"public-land","sourceId":"usgs-pad-us-fee-managers","sourceUrl":"https://services.arcgis.com/v01gqwM5QqNysAAi/arcgis/rest/services/Fee_Managers_PADUS/FeatureServer/0","sourceUpdated":"2017-09-14T04:00:00.000Z","publicUse":"PAD-US reports open access; verify current manager conditions and restrictions.","unit":"UNK","origin":"public-catalog"}},{"type":"Feature","id":"usgs-pad-us-fee-managers:82890","geometry":{"type":"MultiPolygon","coordinates":[[[[-94.2249,36.2627],[-94.2216,36.2626],[-94.2216,36.2624],[-94.2228,36.2623],[-94.2228,36.2617],[-94.2235,36.2608],[-94.225,36.2608],[-94.2249,36.2627]]],[[[-94.2211,36.2624],[-94.2211,36.2627],[-94.2205,36.2627],[-94.2206,36.2624],[-94.2211,36.2624]]]]},"properties":{"id":"usgs-pad-us-fee-managers:82890","name":"Cave Springs 3 (Brandon)","kind":"land","category":"public-land","sourceCategory":"public-land","sourceId":"usgs-pad-us-fee-managers","sourceUrl":"https://services.arcgis.com/v01gqwM5QqNysAAi/arcgis/rest/services/Fee_Managers_PADUS/FeatureServer/0","sourceUpdated":"2017-09-14T04:00:00.000Z","publicUse":"PAD-US reports open access; verify current manager conditions and restrictions.","unit":"SDC","origin":"public-catalog"}},{"type":"Feature","id":"usgs-pad-us-fee-managers:82891","geometry":{"type":"MultiPolygon","coordinates":[[[[-94.2219,36.263],[-94.2218,36.2627],[-94.2227,36.2627],[-94.2226,36.2639],[-94.2221,36.2639],[-94.2219,36.263]]],[[[-94.2083,36.2654],[-94.2084,36.2647],[-94.2128,36.2641],[-94.2137,36.2643],[-94.2144,36.264],[-94.2156,36.2642],[-94.2166,36.2636],[-94.2174,36.2635],[-94.2173,36.2632],[-94.2205,36.2633],[-94.2205,36.2627],[-94.2211,36.2627],[-94.2216,36.2638],[-94.2172,36.2643],[-94.2168,36.2649],[-94.2158,36.265],[-94.2121,36.2651],[-94.2103,36.2654],[-94.2103,36.2656],[-94.2083,36.2654]]]]},"properties":{"id":"usgs-pad-us-fee-managers:82891","name":"Cave Springs 4 (Northwest Land)","kind":"land","category":"public-land","sourceCategory":"public-land","sourceId":"usgs-pad-us-fee-managers","sourceUrl":"https://services.arcgis.com/v01gqwM5QqNysAAi/arcgis/rest/services/Fee_Managers_PADUS/FeatureServer/0","sourceUpdated":"2017-09-14T04:00:00.000Z","publicUse":"PAD-US reports open access; verify current manager conditions and restrictions.","unit":"SDC","origin":"public-catalog"}},{"type":"Feature","id":"usgs-pad-us-fee-managers:82892","geometry":{"type":"Polygon","coordinates":[[[-93.941,36.4536],[-93.9409,36.4609],[-93.9364,36.4608],[-93.9365,36.4535],[-93.941,36.4536]]]},"properties":{"id":"usgs-pad-us-fee-managers:82892","name":"Devil's Eyebrow 3 (Mack)","kind":"land","category":"public-land","sourceCategory":"public-land","sourceId":"usgs-pad-us-fee-managers","sourceUrl":"https://services.arcgis.com/v01gqwM5QqNysAAi/arcgis/rest/services/Fee_Managers_PADUS/FeatureServer/0","sourceUpdated":"2017-09-14T04:00:00.000Z","publicUse":"PAD-US reports open access; verify current manager conditions and restrictions.","unit":"SDC","origin":"public-catalog"}},{"type":"Feature","id":"usgs-pad-us-fee-managers:82893","geometry":{"type":"Polygon","coordinates":[[[-93.9205,36.4823],[-93.9208,36.4822],[-93.9216,36.4815],[-93.9218,36.4797],[-93.9213,36.4789],[-93.9198,36.4783],[-93.9198,36.4769],[-93.918,36.4767],[-93.9182,36.4758],[-93.9195,36.4751],[-93.924,36.4752],[-93.924,36.4782],[-93.9225,36.4824],[-93.9205,36.4823]]]},"properties":{"id":"usgs-pad-us-fee-managers:82893","name":"Devil's Eyebrow 4 (Mckenzie)","kind":"land","category":"public-land","sourceCategory":"public-land","sourceId":"usgs-pad-us-fee-managers","sourceUrl":"https://services.arcgis.com/v01gqwM5QqNysAAi/arcgis/rest/services/Fee_Managers_PADUS/FeatureServer/0","sourceUpdated":"2017-09-14T04:00:00.000Z","publicUse":"PAD-US reports open access; verify current manager conditions and restrictions.","unit":"SDC","origin":"public-catalog"}},{"type":"Feature","id":"usgs-pad-us-fee-managers:82894","geometry":{"type":"Polygon","coordinates":[[[-92.8298,34.6445],[-92.8298,34.6417],[-92.8255,34.6417],[-92.8255,34.6378],[-92.831,34.6378],[-92.832,34.6387],[-92.832,34.6431],[-92.8308,34.6431],[-92.8308,34.6441],[-92.8298,34.6445]]]},"properties":{"id":"usgs-pad-us-fee-managers:82894","name":"Middle Fork 2","kind":"land","category":"public-land","sourceCategory":"public-land","sourceId":"usgs-pad-us-fee-managers","sourceUrl":"https://services.arcgis.com/v01gqwM5QqNysAAi/arcgis/rest/services/Fee_Managers_PADUS/FeatureServer/0","sourceUpdated":"2017-09-14T04:00:00.000Z","publicUse":"PAD-US reports open access; verify current manager conditions and restrictions.","unit":"SDC","origin":"public-catalog"}},{"type":"Feature","id":"usgs-pad-us-fee-managers:82895","geometry":{"type":"Polygon","coordinates":[[[-91.9729,33.5622],[-91.973,33.5695],[-91.9687,33.5695],[-91.9687,33.5621],[-91.9729,33.5622]]]},"properties":{"id":"usgs-pad-us-fee-managers:82895","name":"Warren Prairie 10 (Searcy)","kind":"land","category":"public-land","sourceCategory":"public-land","sourceId":"usgs-pad-us-fee-managers","sourceUrl":"https://services.arcgis.com/v01gqwM5QqNysAAi/arcgis/rest/services/Fee_Managers_PADUS/FeatureServer/0","sourceUpdated":"2017-09-14T04:00:00.000Z","publicUse":"PAD-US reports open access; verify current manager conditions and restrictions.","unit":"SDC","origin":"public-catalog"}},{"type":"Feature","id":"usgs-pad-us-fee-managers:82896","geometry":{"type":"MultiPolygon","coordinates":[[[[-91.9558,33.5548],[-91.9556,33.5512],[-91.9509,33.5513],[-91.9509,33.5478],[-91.9512,33.5478],[-91.9512,33.5441],[-91.9559,33.544],[-91.9558,33.5403],[-91.9733,33.5404],[-91.9733,33.5368],[-91.9762,33.5369],[-91.9761,33.5552],[-91.9558,33.555],[-91.9558,33.5548]]],[[[-91.9657,33.5925],[-91.9466,33.5759],[-91.9465,33.5695],[-91.9424,33.5701],[-91.9424,33.566],[-91.9467,33.5659],[-91.9466,33.5695],[-91.9514,33.5697],[-91.9515,33.5732],[-91.9556,33.5731],[-91.9557,33.5703],[-91.9601,33.5708],[-91.9601,33.5696],[-91.964,33.5696],[-91.964,33.5804],[-91.9697,33.5805],[-91.9702,33.5815],[-91.9705,33.5839],[-91.9706,33.5849],[-91.9702,33.5866],[-91.9761,33.5866],[-91.9762,33.6021],[-91.9684,33.6022],[-91.9684,33.6059],[-91.9643,33.6059],[-91.9643,33.5986],[-91.9613,33.5985],[-91.9657,33.5925]]]]},"properties":{"id":"usgs-pad-us-fee-managers:82896","name":"Warren Prairie 12 (Plum Creek)","kind":"land","category":"public-land","sourceCategory":"public-land","sourceId":"usgs-pad-us-fee-managers","sourceUrl":"https://services.arcgis.com/v01gqwM5QqNysAAi/arcgis/rest/services/Fee_Managers_PADUS/FeatureServer/0","sourceUpdated":"2017-09-14T04:00:00.000Z","publicUse":"PAD-US reports open access; verify current manager conditions and restrictions.","unit":"SDC","origin":"public-catalog"}},{"type":"Feature","id":"usgs-pad-us-fee-managers:83063","geometry":{"type":"Polygon","coordinates":[[[-91.0506,33.9363],[-91.0549,33.9364],[-91.0549,33.9377],[-91.0509,33.9376],[-91.0493,33.9373],[-91.0506,33.9363]]]},"properties":{"id":"usgs-pad-us-fee-managers:83063","name":"White River National Wildlife Refuge 12","kind":"land","category":"public-land","sourceCategory":"public-land","sourceId":"usgs-pad-us-fee-managers","sourceUrl":"https://services.arcgis.com/v01gqwM5QqNysAAi/arcgis/rest/services/Fee_Managers_PADUS/FeatureServer/0","sourceUpdated":"2017-09-14T04:00:00.000Z","publicUse":"PAD-US reports restricted access; confirm permits and seasonal rules with the manager.","unit":"FWS","origin":"public-catalog"}},{"type":"Feature","id":"usgs-pad-us-fee-managers:83064","geometry":{"type":"Polygon","coordinates":[[[-91.052,33.9344],[-91.0495,33.9322],[-91.0496,33.929],[-91.0549,33.9293],[-91.055,33.9342],[-91.0541,33.9342],[-91.053,33.9345],[-91.052,33.9344]]]},"properties":{"id":"usgs-pad-us-fee-managers:83064","name":"White River National Wildlife Refuge 13","kind":"land","category":"public-land","sourceCategory":"public-land","sourceId":"usgs-pad-us-fee-managers","sourceUrl":"https://services.arcgis.com/v01gqwM5QqNysAAi/arcgis/rest/services/Fee_Managers_PADUS/FeatureServer/0","sourceUpdated":"2017-09-14T04:00:00.000Z","publicUse":"PAD-US reports restricted access; confirm permits and seasonal rules with the manager.","unit":"FWS","origin":"public-catalog"}},{"type":"Feature","id":"usgs-pad-us-fee-managers:83757","geometry":{"type":"Polygon","coordinates":[[[-92.7696,35.1416],[-92.7706,35.1404],[-92.7716,35.1404],[-92.7716,35.1408],[-92.7739,35.1407],[-92.7766,35.1399],[-92.7767,35.1423],[-92.7726,35.145],[-92.7715,35.1451],[-92.7715,35.1458],[-92.7672,35.1457],[-92.7673,35.1421],[-92.7691,35.1421],[-92.7696,35.1416]]]},"properties":{"id":"usgs-pad-us-fee-managers:83757","name":"Point Remove Park","kind":"land","category":"public-land","sourceCategory":"public-land","sourceId":"usgs-pad-us-fee-managers","sourceUrl":"https://services.arcgis.com/v01gqwM5QqNysAAi/arcgis/rest/services/Fee_Managers_PADUS/FeatureServer/0","sourceUpdated":"2019-09-18T04:00:00.000Z","publicUse":"PAD-US reports open access; verify current manager conditions and restrictions.","unit":"CITY","origin":"public-catalog"}},{"type":"Feature","id":"usgs-pad-us-fee-managers:83769","geometry":{"type":"Polygon","coordinates":[[[-94.367,35.4383],[-94.3677,35.4381],[-94.3692,35.4382],[-94.3713,35.4387],[-94.3724,35.4393],[-94.3797,35.4466],[-94.3822,35.4483],[-94.3823,35.451],[-94.3757,35.4462],[-94.3681,35.44],[-94.3672,35.4391],[-94.367,35.4383]]]},"properties":{"id":"usgs-pad-us-fee-managers:83769","name":"Lee Creek Park","kind":"land","category":"public-land","sourceCategory":"public-land","sourceId":"usgs-pad-us-fee-managers","sourceUrl":"https://services.arcgis.com/v01gqwM5QqNysAAi/arcgis/rest/services/Fee_Managers_PADUS/FeatureServer/0","sourceUpdated":"2019-09-18T04:00:00.000Z","publicUse":"PAD-US reports open access; verify current manager conditions and restrictions.","unit":"OTHF","origin":"public-catalog"}},{"type":"Feature","id":"usgs-pad-us-fee-managers:83783","geometry":{"type":"Polygon","coordinates":[[[-93.1463,35.3047],[-93.1463,35.3034],[-93.152,35.3034],[-93.1537,35.3018],[-93.1553,35.3009],[-93.1555,35.2992],[-93.1572,35.2984],[-93.1585,35.2968],[-93.1608,35.296],[-93.1618,35.2951],[-93.1626,35.2948],[-93.164,35.2957],[-93.1651,35.297],[-93.1657,35.2994],[-93.1704,35.3053],[-93.1653,35.3056],[-93.1596,35.3047],[-93.1539,35.3042],[-93.1517,35.3043],[-93.1462,35.3062],[-93.1463,35.3047]]]},"properties":{"id":"usgs-pad-us-fee-managers:83783","name":"Bona Dea Trails And Sanctuary","kind":"land","category":"public-land","sourceCategory":"public-land","sourceId":"usgs-pad-us-fee-managers","sourceUrl":"https://services.arcgis.com/v01gqwM5QqNysAAi/arcgis/rest/services/Fee_Managers_PADUS/FeatureServer/0","sourceUpdated":"2019-09-18T04:00:00.000Z","publicUse":"PAD-US reports open access; verify current manager conditions and restrictions.","unit":"OTHF","origin":"public-catalog"}},{"type":"Feature","id":"usgs-pad-us-fee-managers:86302","geometry":{"type":"Polygon","coordinates":[[[-94.209,36.3674],[-94.2096,36.3673],[-94.2096,36.3676],[-94.209,36.3674]]]},"properties":{"id":"usgs-pad-us-fee-managers:86302","name":"Train Station Park","kind":"land","category":"public-land","sourceCategory":"public-land","sourceId":"usgs-pad-us-fee-managers","sourceUrl":"https://services.arcgis.com/v01gqwM5QqNysAAi/arcgis/rest/services/Fee_Managers_PADUS/FeatureServer/0","sourceUpdated":"2023-05-15T04:00:00.000Z","publicUse":"PAD-US reports open access; verify current manager conditions and restrictions.","unit":"REG","origin":"public-catalog"}},{"type":"Feature","id":"usgs-pad-us-fee-managers:86713","geometry":{"type":"Polygon","coordinates":[[[-91.5419,36.273],[-91.5414,36.2719],[-91.5427,36.2719],[-91.543,36.2728],[-91.5419,36.273]]]},"properties":{"id":"usgs-pad-us-fee-managers:86713","name":"Allegheny Park","kind":"land","category":"public-land","sourceCategory":"public-land","sourceId":"usgs-pad-us-fee-managers","sourceUrl":"https://services.arcgis.com/v01gqwM5QqNysAAi/arcgis/rest/services/Fee_Managers_PADUS/FeatureServer/0","sourceUpdated":"2023-05-15T04:00:00.000Z","publicUse":"PAD-US reports open access; verify current manager conditions and restrictions.","unit":"REG","origin":"public-catalog"}},{"type":"Feature","id":"usgs-pad-us-fee-managers:86714","geometry":{"type":"Polygon","coordinates":[[[-91.5293,36.299],[-91.5298,36.299],[-91.5287,36.2996],[-91.5287,36.2993],[-91.5293,36.299]]]},"properties":{"id":"usgs-pad-us-fee-managers:86714","name":"Dogwood Park","kind":"land","category":"public-land","sourceCategory":"public-land","sourceId":"usgs-pad-us-fee-managers","sourceUrl":"https://services.arcgis.com/v01gqwM5QqNysAAi/arcgis/rest/services/Fee_Managers_PADUS/FeatureServer/0","sourceUpdated":"2023-05-15T04:00:00.000Z","publicUse":"PAD-US reports open access; verify current manager conditions and restrictions.","unit":"REG","origin":"public-catalog"}},{"type":"Feature","id":"usgs-pad-us-fee-managers:86715","geometry":{"type":"Polygon","coordinates":[[[-91.5502,36.3119],[-91.5509,36.3113],[-91.5511,36.3115],[-91.5507,36.312],[-91.5506,36.3129],[-91.55,36.3129],[-91.5493,36.3126],[-91.5502,36.3119]]]},"properties":{"id":"usgs-pad-us-fee-managers:86715","name":"Cedar Valley Park","kind":"land","category":"public-land","sourceCategory":"public-land","sourceId":"usgs-pad-us-fee-managers","sourceUrl":"https://services.arcgis.com/v01gqwM5QqNysAAi/arcgis/rest/services/Fee_Managers_PADUS/FeatureServer/0","sourceUpdated":"2023-05-15T04:00:00.000Z","publicUse":"PAD-US reports open access; verify current manager conditions and restrictions.","unit":"REG","origin":"public-catalog"}},{"type":"Feature","id":"usgs-pad-us-fee-managers:86716","geometry":{"type":"Polygon","coordinates":[[[-91.5274,36.3074],[-91.5273,36.3071],[-91.5275,36.307],[-91.5285,36.3071],[-91.5284,36.3074],[-91.5281,36.3074],[-91.5283,36.3076],[-91.5282,36.3079],[-91.5271,36.3085],[-91.5263,36.3086],[-91.5276,36.3077],[-91.5274,36.3074]]]},"properties":{"id":"usgs-pad-us-fee-managers:86716","name":"Papoosa Park","kind":"land","category":"public-land","sourceCategory":"public-land","sourceId":"usgs-pad-us-fee-managers","sourceUrl":"https://services.arcgis.com/v01gqwM5QqNysAAi/arcgis/rest/services/Fee_Managers_PADUS/FeatureServer/0","sourceUpdated":"2023-05-15T04:00:00.000Z","publicUse":"PAD-US reports open access; verify current manager conditions and restrictions.","unit":"REG","origin":"public-catalog"}},{"type":"Feature","id":"usgs-pad-us-fee-managers:88507","geometry":{"type":"Polygon","coordinates":[[[-92.2563,34.7869],[-92.2561,34.7867],[-92.257,34.7861],[-92.2569,34.7873],[-92.2563,34.7869]],[[-92.2566,34.7868],[-92.2566,34.7866],[-92.2566,34.7867],[-92.2566,34.7868]]]},"properties":{"id":"usgs-pad-us-fee-managers:88507","name":"Idlewild Park","kind":"land","category":"public-land","sourceCategory":"public-land","sourceId":"usgs-pad-us-fee-managers","sourceUrl":"https://services.arcgis.com/v01gqwM5QqNysAAi/arcgis/rest/services/Fee_Managers_PADUS/FeatureServer/0","sourceUpdated":"2023-05-15T04:00:00.000Z","publicUse":"PAD-US reports open access; verify current manager conditions and restrictions.","unit":"REG","origin":"public-catalog"}},{"type":"Feature","id":"usgs-pad-us-fee-managers:91675","geometry":{"type":"Polygon","coordinates":[[[-92.3326,34.7864],[-92.3296,34.7874],[-92.3294,34.7879],[-92.3296,34.7869],[-92.3294,34.7868],[-92.3261,34.7876],[-92.3259,34.7878],[-92.3261,34.7871],[-92.3259,34.7869],[-92.3262,34.7869],[-92.3264,34.7865],[-92.3262,34.7865],[-92.3258,34.7859],[-92.3267,34.786],[-92.3271,34.7857],[-92.3287,34.7855],[-92.3298,34.7859],[-92.33,34.7854],[-92.3313,34.7853],[-92.3315,34.7824],[-92.3331,34.7826],[-92.3227,34.7807],[-92.324,34.7807],[-92.3358,34.7825],[-92.3476,34.7867],[-92.3594,34.7897],[-92.3643,34.7907],[-92.3624,34.7911],[-92.3595,34.7904],[-92.3592,34.7908],[-92.3575,34.7904],[-92.3575,34.7901],[-92.3567,34.7899],[-92.3452,34.7874],[-92.3374,34.7867],[-92.3372,34.7866],[-92.3373,34.786],[-92.3364,34.7858],[-92.3358,34.7872],[-92.3347,34.7873],[-92.3338,34.7869],[-92.3327,34.787],[-92.3326,34.7864]],[[-92.3326,34.7864],[-92.3326,34.7863],[-92.3326,34.7863],[-92.3326,34.7864]]]},"properties":{"id":"usgs-pad-us-fee-managers:91675","name":"Murray Park","kind":"land","category":"public-land","sourceCategory":"public-land","sourceId":"usgs-pad-us-fee-managers","sourceUrl":"https://services.arcgis.com/v01gqwM5QqNysAAi/arcgis/rest/services/Fee_Managers_PADUS/FeatureServer/0","sourceUpdated":"2023-05-15T04:00:00.000Z","publicUse":"PAD-US reports open access; verify current manager conditions and restrictions.","unit":"OTHF","origin":"public-catalog"}},{"type":"Feature","id":"usgs-pad-us-fee-managers:91733","geometry":{"type":"MultiPolygon","coordinates":[[[[-92.5358,35.0769],[-92.5361,35.0753],[-92.5378,35.0756],[-92.5386,35.0735],[-92.5394,35.0735],[-92.5391,35.0746],[-92.5384,35.0754],[-92.5383,35.0764],[-92.5387,35.0786],[-92.537,35.0787],[-92.5358,35.0769]]],[[[-92.5433,35.0797],[-92.544,35.0743],[-92.5439,35.0733],[-92.5443,35.073],[-92.5445,35.0722],[-92.545,35.0727],[-92.5448,35.0733],[-92.5467,35.0734],[-92.5465,35.0752],[-92.5476,35.0752],[-92.5476,35.0755],[-92.5489,35.0756],[-92.5479,35.076],[-92.5468,35.077],[-92.5462,35.0789],[-92.5449,35.0788],[-92.5446,35.0805],[-92.5432,35.0803],[-92.5433,35.0797]]]]},"properties":{"id":"usgs-pad-us-fee-managers:91733","name":"Toad Suck Park","kind":"land","category":"public-land","sourceCategory":"public-land","sourceId":"usgs-pad-us-fee-managers","sourceUrl":"https://services.arcgis.com/v01gqwM5QqNysAAi/arcgis/rest/services/Fee_Managers_PADUS/FeatureServer/0","sourceUpdated":"2021-03-16T04:00:00.000Z","publicUse":"PAD-US reports open access; verify current manager conditions and restrictions.","unit":"USACE","origin":"public-catalog"}},{"type":"Feature","id":"usgs-pad-us-fee-managers:92656","geometry":{"type":"Polygon","coordinates":[[[-92.6074,34.555],[-92.6074,34.5544],[-92.608,34.5544],[-92.6081,34.5521],[-92.6081,34.5515],[-92.6074,34.5514],[-92.6074,34.5505],[-92.6112,34.5495],[-92.6108,34.555],[-92.6074,34.555]]]},"properties":{"id":"usgs-pad-us-fee-managers:92656","name":"Bernard Holland Park","kind":"land","category":"public-land","sourceCategory":"public-land","sourceId":"usgs-pad-us-fee-managers","sourceUrl":"https://services.arcgis.com/v01gqwM5QqNysAAi/arcgis/rest/services/Fee_Managers_PADUS/FeatureServer/0","sourceUpdated":"2023-05-15T04:00:00.000Z","publicUse":"PAD-US reports open access; verify current manager conditions and restrictions.","unit":"CITY","origin":"public-catalog"}},{"type":"Feature","id":"usgs-pad-us-fee-managers:92657","geometry":{"type":"Polygon","coordinates":[[[-92.6049,34.5465],[-92.6045,34.5461],[-92.6048,34.5458],[-92.6055,34.5463],[-92.6058,34.5461],[-92.6053,34.5457],[-92.6057,34.5453],[-92.6068,34.546],[-92.6068,34.5457],[-92.6047,34.5441],[-92.607,34.5422],[-92.6093,34.5434],[-92.6066,34.5475],[-92.6052,34.5475],[-92.6043,34.5468],[-92.6049,34.5465]]]},"properties":{"id":"usgs-pad-us-fee-managers:92657","name":"Hooked-On Fishing Lake","kind":"land","category":"public-land","sourceCategory":"public-land","sourceId":"usgs-pad-us-fee-managers","sourceUrl":"https://services.arcgis.com/v01gqwM5QqNysAAi/arcgis/rest/services/Fee_Managers_PADUS/FeatureServer/0","sourceUpdated":"2023-05-15T04:00:00.000Z","publicUse":"PAD-US reports open access; verify current manager conditions and restrictions.","unit":"CITY","origin":"public-catalog"}},{"type":"Feature","id":"usgs-pad-us-fee-managers:92658","geometry":{"type":"Polygon","coordinates":[[[-92.6046,34.5866],[-92.6046,34.5864],[-92.6048,34.5865],[-92.6053,34.5849],[-92.6053,34.5873],[-92.6044,34.5872],[-92.6045,34.5867],[-92.605,34.5867],[-92.6046,34.5866]]]},"properties":{"id":"usgs-pad-us-fee-managers:92658","name":"Lyle Park","kind":"land","category":"public-land","sourceCategory":"public-land","sourceId":"usgs-pad-us-fee-managers","sourceUrl":"https://services.arcgis.com/v01gqwM5QqNysAAi/arcgis/rest/services/Fee_Managers_PADUS/FeatureServer/0","sourceUpdated":"2023-05-15T04:00:00.000Z","publicUse":"PAD-US reports open access; verify current manager conditions and restrictions.","unit":"CITY","origin":"public-catalog"}},{"type":"Feature","id":"usgs-pad-us-fee-managers:92659","geometry":{"type":"Polygon","coordinates":[[[-92.587,34.5636],[-92.5873,34.5636],[-92.5873,34.5639],[-92.587,34.5639],[-92.587,34.5636]]]},"properties":{"id":"usgs-pad-us-fee-managers:92659","name":"Owens-Mooney Park","kind":"land","category":"public-land","sourceCategory":"public-land","sourceId":"usgs-pad-us-fee-managers","sourceUrl":"https://services.arcgis.com/v01gqwM5QqNysAAi/arcgis/rest/services/Fee_Managers_PADUS/FeatureServer/0","sourceUpdated":"2023-05-15T04:00:00.000Z","publicUse":"PAD-US reports open access; verify current manager conditions and restrictions.","unit":"CITY","origin":"public-catalog"}},{"type":"Feature","id":"usgs-pad-us-fee-managers:92660","geometry":{"type":"Polygon","coordinates":[[[-92.585,34.5504],[-92.5861,34.5504],[-92.586,34.5512],[-92.5849,34.5511],[-92.585,34.5504]]]},"properties":{"id":"usgs-pad-us-fee-managers:92660","name":"Ralph Bunche Park","kind":"land","category":"public-land","sourceCategory":"public-land","sourceId":"usgs-pad-us-fee-managers","sourceUrl":"https://services.arcgis.com/v01gqwM5QqNysAAi/arcgis/rest/services/Fee_Managers_PADUS/FeatureServer/0","sourceUpdated":"2023-05-15T04:00:00.000Z","publicUse":"PAD-US reports open access; verify current manager conditions and restrictions.","unit":"CITY","origin":"public-catalog"}},{"type":"Feature","id":"usgs-pad-us-fee-managers:92661","geometry":{"type":"Polygon","coordinates":[[[-92.6152,34.5551],[-92.6154,34.5538],[-92.6121,34.5537],[-92.6122,34.5513],[-92.6111,34.5513],[-92.6113,34.5487],[-92.6189,34.5485],[-92.6197,34.55],[-92.6212,34.5506],[-92.6217,34.5522],[-92.6143,34.5589],[-92.6108,34.5562],[-92.6108,34.555],[-92.6152,34.5551]]]},"properties":{"id":"usgs-pad-us-fee-managers:92661","name":"Sunset Lake","kind":"land","category":"public-land","sourceCategory":"public-land","sourceId":"usgs-pad-us-fee-managers","sourceUrl":"https://services.arcgis.com/v01gqwM5QqNysAAi/arcgis/rest/services/Fee_Managers_PADUS/FeatureServer/0","sourceUpdated":"2023-05-15T04:00:00.000Z","publicUse":"PAD-US reports open access; verify current manager conditions and restrictions.","unit":"CITY","origin":"public-catalog"}},{"type":"Feature","id":"usgs-pad-us-fee-managers:92662","geometry":{"type":"Polygon","coordinates":[[[-92.5751,34.5635],[-92.5752,34.561],[-92.5797,34.5612],[-92.5795,34.5636],[-92.5751,34.5635]]]},"properties":{"id":"usgs-pad-us-fee-managers:92662","name":"Tyndall Park","kind":"land","category":"public-land","sourceCategory":"public-land","sourceId":"usgs-pad-us-fee-managers","sourceUrl":"https://services.arcgis.com/v01gqwM5QqNysAAi/arcgis/rest/services/Fee_Managers_PADUS/FeatureServer/0","sourceUpdated":"2023-05-15T04:00:00.000Z","publicUse":"PAD-US reports open access; verify current manager conditions and restrictions.","unit":"CITY","origin":"public-catalog"}},{"type":"Feature","id":"usgs-pad-us-fee-managers:94809","geometry":{"type":"Polygon","coordinates":[[[-94.2168,35.4987],[-94.2168,35.4973],[-94.2179,35.4967],[-94.2182,35.4963],[-94.2183,35.4953],[-94.2187,35.4953],[-94.2188,35.4972],[-94.2179,35.4977],[-94.2179,35.4982],[-94.2176,35.4985],[-94.2179,35.4992],[-94.2179,35.4998],[-94.217,35.4999],[-94.2168,35.4987]]]},"properties":{"id":"usgs-pad-us-fee-managers:94809","name":"Alma Lake And Park","kind":"land","category":"public-land","sourceCategory":"public-land","sourceId":"usgs-pad-us-fee-managers","sourceUrl":"https://services.arcgis.com/v01gqwM5QqNysAAi/arcgis/rest/services/Fee_Managers_PADUS/FeatureServer/0","sourceUpdated":"2023-05-15T04:00:00.000Z","publicUse":"PAD-US reports open access; verify current manager conditions and restrictions.","unit":"CITY","origin":"public-catalog"}},{"type":"Feature","id":"usgs-pad-us-fee-managers:94810","geometry":{"type":"Polygon","coordinates":[[[-94.221,35.4952],[-94.2216,35.494],[-94.2231,35.4941],[-94.2226,35.4949],[-94.2221,35.495],[-94.222,35.4954],[-94.221,35.4952]]]},"properties":{"id":"usgs-pad-us-fee-managers:94810","name":"Alma Water Park","kind":"land","category":"public-land","sourceCategory":"public-land","sourceId":"usgs-pad-us-fee-managers","sourceUrl":"https://services.arcgis.com/v01gqwM5QqNysAAi/arcgis/rest/services/Fee_Managers_PADUS/FeatureServer/0","sourceUpdated":"2023-05-15T04:00:00.000Z","publicUse":"PAD-US reports open access; verify current manager conditions and restrictions.","unit":"CITY","origin":"public-catalog"}},{"type":"Feature","id":"usgs-pad-us-fee-managers:94817","geometry":{"type":"Polygon","coordinates":[[[-94.2214,35.4766],[-94.2218,35.4766],[-94.2218,35.4768],[-94.2215,35.4769],[-94.2214,35.4766]]]},"properties":{"id":"usgs-pad-us-fee-managers:94817","name":"Unknown Park","kind":"land","category":"public-land","sourceCategory":"public-land","sourceId":"usgs-pad-us-fee-managers","sourceUrl":"https://services.arcgis.com/v01gqwM5QqNysAAi/arcgis/rest/services/Fee_Managers_PADUS/FeatureServer/0","sourceUpdated":"2023-05-15T04:00:00.000Z","publicUse":"PAD-US reports open access; verify current manager conditions and restrictions.","unit":"CITY","origin":"public-catalog"}},{"type":"Feature","id":"usgs-pad-us-fee-managers:94820","geometry":{"type":"Polygon","coordinates":[[[-94.2214,35.4717],[-94.2234,35.4717],[-94.2238,35.4722],[-94.2238,35.4739],[-94.2214,35.4739],[-94.2214,35.4717]]]},"properties":{"id":"usgs-pad-us-fee-managers:94820","name":"Alma Baseball Complex","kind":"land","category":"public-land","sourceCategory":"public-land","sourceId":"usgs-pad-us-fee-managers","sourceUrl":"https://services.arcgis.com/v01gqwM5QqNysAAi/arcgis/rest/services/Fee_Managers_PADUS/FeatureServer/0","sourceUpdated":"2023-05-15T04:00:00.000Z","publicUse":"PAD-US reports open access; verify current manager conditions and restrictions.","unit":"CITY","origin":"public-catalog"}},{"type":"Feature","id":"usgs-pad-us-fee-managers:94821","geometry":{"type":"Polygon","coordinates":[[[-94.2232,35.4922],[-94.2233,35.4927],[-94.225,35.4928],[-94.2243,35.4933],[-94.2232,35.4933],[-94.2232,35.4922]]]},"properties":{"id":"usgs-pad-us-fee-managers:94821","name":"Alma Community Canter","kind":"land","category":"public-land","sourceCategory":"public-land","sourceId":"usgs-pad-us-fee-managers","sourceUrl":"https://services.arcgis.com/v01gqwM5QqNysAAi/arcgis/rest/services/Fee_Managers_PADUS/FeatureServer/0","sourceUpdated":"2023-05-15T04:00:00.000Z","publicUse":"PAD-US reports open access; verify current manager conditions and restrictions.","unit":"CITY","origin":"public-catalog"}},{"type":"Feature","id":"usgs-pad-us-fee-managers:95830","geometry":{"type":"Polygon","coordinates":[[[-93.0762,34.1287],[-93.0762,34.1282],[-93.0759,34.1282],[-93.076,34.1256],[-93.0768,34.1256],[-93.0768,34.125],[-93.0802,34.1251],[-93.0802,34.1287],[-93.0762,34.1287]]]},"properties":{"id":"usgs-pad-us-fee-managers:95830","name":"Arkadelphia Aquatic Park","kind":"land","category":"public-land","sourceCategory":"public-land","sourceId":"usgs-pad-us-fee-managers","sourceUrl":"https://services.arcgis.com/v01gqwM5QqNysAAi/arcgis/rest/services/Fee_Managers_PADUS/FeatureServer/0","sourceUpdated":"2023-05-15T04:00:00.000Z","publicUse":"PAD-US reports open access; verify current manager conditions and restrictions.","unit":"CITY","origin":"public-catalog"}},{"type":"Feature","id":"usgs-pad-us-fee-managers:95831","geometry":{"type":"Polygon","coordinates":[[[-93.0542,34.1284],[-93.057,34.1284],[-93.0573,34.1318],[-93.0567,34.1318],[-93.056,34.131],[-93.0543,34.1305],[-93.054,34.1296],[-93.0542,34.1284]]]},"properties":{"id":"usgs-pad-us-fee-managers:95831","name":"Arkadelphia Central Park","kind":"land","category":"public-land","sourceCategory":"public-land","sourceId":"usgs-pad-us-fee-managers","sourceUrl":"https://services.arcgis.com/v01gqwM5QqNysAAi/arcgis/rest/services/Fee_Managers_PADUS/FeatureServer/0","sourceUpdated":"2023-05-15T04:00:00.000Z","publicUse":"PAD-US reports open access; verify current manager conditions and restrictions.","unit":"CITY","origin":"public-catalog"}},{"type":"Feature","id":"usgs-pad-us-fee-managers:95832","geometry":{"type":"Polygon","coordinates":[[[-93.0453,34.1197],[-93.0474,34.1183],[-93.0473,34.12],[-93.0463,34.1204],[-93.0459,34.1199],[-93.0453,34.1197]]]},"properties":{"id":"usgs-pad-us-fee-managers:95832","name":"New Ouachita River Park","kind":"land","category":"public-land","sourceCategory":"public-land","sourceId":"usgs-pad-us-fee-managers","sourceUrl":"https://services.arcgis.com/v01gqwM5QqNysAAi/arcgis/rest/services/Fee_Managers_PADUS/FeatureServer/0","sourceUpdated":"2023-05-15T04:00:00.000Z","publicUse":"PAD-US reports open access; verify current manager conditions and restrictions.","unit":"CITY","origin":"public-catalog"}},{"type":"Feature","id":"usgs-pad-us-fee-managers:95833","geometry":{"type":"Polygon","coordinates":[[[-93.0587,34.1182],[-93.0588,34.1169],[-93.0594,34.1172],[-93.0598,34.1163],[-93.0609,34.1169],[-93.0608,34.1176],[-93.0605,34.1182],[-93.0587,34.1182]]]},"properties":{"id":"usgs-pad-us-fee-managers:95833","name":"Sturgis Field","kind":"land","category":"public-land","sourceCategory":"public-land","sourceId":"usgs-pad-us-fee-managers","sourceUrl":"https://services.arcgis.com/v01gqwM5QqNysAAi/arcgis/rest/services/Fee_Managers_PADUS/FeatureServer/0","sourceUpdated":"2023-05-15T04:00:00.000Z","publicUse":"PAD-US reports open access; verify current manager conditions and restrictions.","unit":"CITY","origin":"public-catalog"}},{"type":"Feature","id":"usgs-pad-us-fee-managers:95834","geometry":{"type":"Polygon","coordinates":[[[-93.073,34.1283],[-93.0762,34.1283],[-93.0761,34.1298],[-93.073,34.1298],[-93.073,34.1283]]]},"properties":{"id":"usgs-pad-us-fee-managers:95834","name":"Feaster Park","kind":"land","category":"public-land","sourceCategory":"public-land","sourceId":"usgs-pad-us-fee-managers","sourceUrl":"https://services.arcgis.com/v01gqwM5QqNysAAi/arcgis/rest/services/Fee_Managers_PADUS/FeatureServer/0","sourceUpdated":"2023-05-15T04:00:00.000Z","publicUse":"PAD-US reports open access; verify current manager conditions and restrictions.","unit":"CITY","origin":"public-catalog"}},{"type":"Feature","id":"usgs-pad-us-fee-managers:96575","geometry":{"type":"Polygon","coordinates":[[[-91.5685,35.3038],[-91.5702,35.3038],[-91.5692,35.3045],[-91.5685,35.3038]]]},"properties":{"id":"usgs-pad-us-fee-managers:96575","name":"Kenyetta Haynes Park","kind":"land","category":"public-land","sourceCategory":"public-land","sourceId":"usgs-pad-us-fee-managers","sourceUrl":"https://services.arcgis.com/v01gqwM5QqNysAAi/arcgis/rest/services/Fee_Managers_PADUS/FeatureServer/0","sourceUpdated":"2023-05-15T04:00:00.000Z","publicUse":"PAD-US reports open access; verify current manager conditions and restrictions.","unit":"CITY","origin":"public-catalog"}},{"type":"Feature","id":"usgs-pad-us-fee-managers:96576","geometry":{"type":"Polygon","coordinates":[[[-91.5708,35.3084],[-91.572,35.3077],[-91.572,35.3088],[-91.5708,35.3088],[-91.5708,35.3084]]]},"properties":{"id":"usgs-pad-us-fee-managers:96576","name":"Unknown Park","kind":"land","category":"public-land","sourceCategory":"public-land","sourceId":"usgs-pad-us-fee-managers","sourceUrl":"https://services.arcgis.com/v01gqwM5QqNysAAi/arcgis/rest/services/Fee_Managers_PADUS/FeatureServer/0","sourceUpdated":"2023-05-15T04:00:00.000Z","publicUse":"PAD-US reports open access; verify current manager conditions and restrictions.","unit":"CITY","origin":"public-catalog"}},{"type":"Feature","id":"usgs-pad-us-fee-managers:96577","geometry":{"type":"Polygon","coordinates":[[[-91.5767,35.3149],[-91.5773,35.3151],[-91.5775,35.3158],[-91.5774,35.3184],[-91.5763,35.3182],[-91.5759,35.3171],[-91.5759,35.3165],[-91.5764,35.3151],[-91.5767,35.3149]]]},"properties":{"id":"usgs-pad-us-fee-managers:96577","name":"Unknown Park","kind":"land","category":"public-land","sourceCategory":"public-land","sourceId":"usgs-pad-us-fee-managers","sourceUrl":"https://services.arcgis.com/v01gqwM5QqNysAAi/arcgis/rest/services/Fee_Managers_PADUS/FeatureServer/0","sourceUpdated":"2023-05-15T04:00:00.000Z","publicUse":"PAD-US reports open access; verify current manager conditions and restrictions.","unit":"CITY","origin":"public-catalog"}},{"type":"Feature","id":"usgs-pad-us-fee-managers:96636","geometry":{"type":"Polygon","coordinates":[[[-94.2942,35.3394],[-94.2962,35.3395],[-94.2963,35.3404],[-94.2996,35.345],[-94.2999,35.346],[-94.3052,35.3484],[-94.3055,35.3488],[-94.3083,35.3494],[-94.3083,35.3498],[-94.3079,35.35],[-94.3076,35.3513],[-94.3063,35.3519],[-94.2924,35.3448],[-94.2887,35.3433],[-94.2887,35.3394],[-94.2942,35.3394]]]},"properties":{"id":"usgs-pad-us-fee-managers:96636","name":"Springhill Park","kind":"land","category":"public-land","sourceCategory":"public-land","sourceId":"usgs-pad-us-fee-managers","sourceUrl":"https://services.arcgis.com/v01gqwM5QqNysAAi/arcgis/rest/services/Fee_Managers_PADUS/FeatureServer/0","sourceUpdated":"2023-05-15T04:00:00.000Z","publicUse":"PAD-US reports open access; verify current manager conditions and restrictions.","unit":"CITY","origin":"public-catalog"}},{"type":"Feature","id":"usgs-pad-us-fee-managers:96637","geometry":{"type":"MultiPolygon","coordinates":[[[[-94.2984,35.3262],[-94.2984,35.3253],[-94.2993,35.3254],[-94.2996,35.3262],[-94.2984,35.3262]]],[[[-94.3005,35.3264],[-94.3005,35.3258],[-94.3011,35.3258],[-94.3011,35.3264],[-94.3005,35.3264]]],[[[-94.2995,35.3268],[-94.2995,35.3264],[-94.3001,35.3264],[-94.3001,35.3268],[-94.2995,35.3268]]]]},"properties":{"id":"usgs-pad-us-fee-managers:96637","name":"Unknown Park","kind":"land","category":"public-land","sourceCategory":"public-land","sourceId":"usgs-pad-us-fee-managers","sourceUrl":"https://services.arcgis.com/v01gqwM5QqNysAAi/arcgis/rest/services/Fee_Managers_PADUS/FeatureServer/0","sourceUpdated":"2023-05-15T04:00:00.000Z","publicUse":"PAD-US reports open access; verify current manager conditions and restrictions.","unit":"CITY","origin":"public-catalog"}},{"type":"Feature","id":"usgs-pad-us-fee-managers:96727","geometry":{"type":"Polygon","coordinates":[[[-91.603,35.8061],[-91.61,35.8019],[-91.6117,35.8037],[-91.6066,35.8075],[-91.6028,35.808],[-91.603,35.8061]]]},"properties":{"id":"usgs-pad-us-fee-managers:96727","name":"Batesville North Complex","kind":"land","category":"public-land","sourceCategory":"public-land","sourceId":"usgs-pad-us-fee-managers","sourceUrl":"https://services.arcgis.com/v01gqwM5QqNysAAi/arcgis/rest/services/Fee_Managers_PADUS/FeatureServer/0","sourceUpdated":"2023-05-15T04:00:00.000Z","publicUse":"PAD-US reports open access; verify current manager conditions and restrictions.","unit":"CITY","origin":"public-catalog"}},{"type":"Feature","id":"usgs-pad-us-fee-managers:96728","geometry":{"type":"Polygon","coordinates":[[[-91.633,35.7624],[-91.6337,35.7624],[-91.6338,35.7626],[-91.6338,35.7642],[-91.6334,35.7653],[-91.6329,35.7655],[-91.6322,35.7667],[-91.6316,35.7668],[-91.6318,35.7645],[-91.633,35.7624]]]},"properties":{"id":"usgs-pad-us-fee-managers:96728","name":"Fitzhugh Park","kind":"land","category":"public-land","sourceCategory":"public-land","sourceId":"usgs-pad-us-fee-managers","sourceUrl":"https://services.arcgis.com/v01gqwM5QqNysAAi/arcgis/rest/services/Fee_Managers_PADUS/FeatureServer/0","sourceUpdated":"2023-05-15T04:00:00.000Z","publicUse":"PAD-US reports open access; verify current manager conditions and restrictions.","unit":"CITY","origin":"public-catalog"}},{"type":"Feature","id":"usgs-pad-us-fee-managers:96730","geometry":{"type":"Polygon","coordinates":[[[-91.6403,35.7579],[-91.64,35.758],[-91.6389,35.7577],[-91.6386,35.7565],[-91.6395,35.7571],[-91.6408,35.7569],[-91.6409,35.7584],[-91.6403,35.7581],[-91.6403,35.7579]]]},"properties":{"id":"usgs-pad-us-fee-managers:96730","name":"Kennedy Park","kind":"land","category":"public-land","sourceCategory":"public-land","sourceId":"usgs-pad-us-fee-managers","sourceUrl":"https://services.arcgis.com/v01gqwM5QqNysAAi/arcgis/rest/services/Fee_Managers_PADUS/FeatureServer/0","sourceUpdated":"2023-05-15T04:00:00.000Z","publicUse":"PAD-US reports open access; verify current manager conditions and restrictions.","unit":"CITY","origin":"public-catalog"}},{"type":"Feature","id":"usgs-pad-us-fee-managers:96732","geometry":{"type":"Polygon","coordinates":[[[-91.6366,35.759],[-91.6362,35.7584],[-91.6356,35.7581],[-91.6365,35.7575],[-91.6373,35.7586],[-91.6369,35.759],[-91.6378,35.7588],[-91.6387,35.7595],[-91.6384,35.7597],[-91.6386,35.7604],[-91.6388,35.7604],[-91.6392,35.7611],[-91.6384,35.7619],[-91.6366,35.759]]]},"properties":{"id":"usgs-pad-us-fee-managers:96732","name":"Riverside Park","kind":"land","category":"public-land","sourceCategory":"public-land","sourceId":"usgs-pad-us-fee-managers","sourceUrl":"https://services.arcgis.com/v01gqwM5QqNysAAi/arcgis/rest/services/Fee_Managers_PADUS/FeatureServer/0","sourceUpdated":"2023-05-15T04:00:00.000Z","publicUse":"PAD-US reports open access; verify current manager conditions and restrictions.","unit":"CITY","origin":"public-catalog"}},{"type":"Feature","id":"usgs-pad-us-fee-managers:96952","geometry":{"type":"Polygon","coordinates":[[[-91.8972,35.0858],[-91.8972,35.0856],[-91.8949,35.0856],[-91.895,35.0836],[-91.8961,35.0829],[-91.8995,35.083],[-91.8995,35.0858],[-91.8972,35.0858]]]},"properties":{"id":"usgs-pad-us-fee-managers:96952","name":"Beebe City Park","kind":"land","category":"public-land","sourceCategory":"public-land","sourceId":"usgs-pad-us-fee-managers","sourceUrl":"https://services.arcgis.com/v01gqwM5QqNysAAi/arcgis/rest/services/Fee_Managers_PADUS/FeatureServer/0","sourceUpdated":"2023-05-15T04:00:00.000Z","publicUse":"PAD-US reports open access; verify current manager conditions and restrictions.","unit":"CITY","origin":"public-catalog"}},{"type":"Feature","id":"usgs-pad-us-fee-managers:96953","geometry":{"type":"Polygon","coordinates":[[[-91.8995,35.075],[-91.8995,35.0757],[-91.8985,35.0756],[-91.8995,35.075]]]},"properties":{"id":"usgs-pad-us-fee-managers:96953","name":"Beebe Veterans Memorial Park","kind":"land","category":"public-land","sourceCategory":"public-land","sourceId":"usgs-pad-us-fee-managers","sourceUrl":"https://services.arcgis.com/v01gqwM5QqNysAAi/arcgis/rest/services/Fee_Managers_PADUS/FeatureServer/0","sourceUpdated":"2023-05-15T04:00:00.000Z","publicUse":"PAD-US reports open access; verify current manager conditions and restrictions.","unit":"CITY","origin":"public-catalog"}},{"type":"Feature","id":"usgs-pad-us-fee-managers:96954","geometry":{"type":"Polygon","coordinates":[[[-91.8805,35.0746],[-91.8817,35.0746],[-91.8817,35.0755],[-91.8805,35.0755],[-91.8805,35.0746]]]},"properties":{"id":"usgs-pad-us-fee-managers:96954","name":"Daniel Park","kind":"land","category":"public-land","sourceCategory":"public-land","sourceId":"usgs-pad-us-fee-managers","sourceUrl":"https://services.arcgis.com/v01gqwM5QqNysAAi/arcgis/rest/services/Fee_Managers_PADUS/FeatureServer/0","sourceUpdated":"2023-05-15T04:00:00.000Z","publicUse":"PAD-US reports open access; verify current manager conditions and restrictions.","unit":"CITY","origin":"public-catalog"}},{"type":"Feature","id":"usgs-pad-us-fee-managers:96955","geometry":{"type":"Polygon","coordinates":[[[-91.8757,35.0783],[-91.8762,35.0783],[-91.8762,35.079],[-91.8757,35.079],[-91.8757,35.0783]]]},"properties":{"id":"usgs-pad-us-fee-managers:96955","name":"Edward Lunnie Memorial Park","kind":"land","category":"public-land","sourceCategory":"public-land","sourceId":"usgs-pad-us-fee-managers","sourceUrl":"https://services.arcgis.com/v01gqwM5QqNysAAi/arcgis/rest/services/Fee_Managers_PADUS/FeatureServer/0","sourceUpdated":"2023-05-15T04:00:00.000Z","publicUse":"PAD-US reports open access; verify current manager conditions and restrictions.","unit":"CITY","origin":"public-catalog"}},{"type":"Feature","id":"usgs-pad-us-fee-managers:97422","geometry":{"type":"Polygon","coordinates":[[[-94.2097,36.3706],[-94.2096,36.3698],[-94.2102,36.3698],[-94.2101,36.3708],[-94.2097,36.3708],[-94.2097,36.3706]]]},"properties":{"id":"usgs-pad-us-fee-managers:97422","name":"Downtown Activity Center","kind":"land","category":"public-land","sourceCategory":"public-land","sourceId":"usgs-pad-us-fee-managers","sourceUrl":"https://services.arcgis.com/v01gqwM5QqNysAAi/arcgis/rest/services/Fee_Managers_PADUS/FeatureServer/0","sourceUpdated":"2023-05-15T04:00:00.000Z","publicUse":"PAD-US reports open access; verify current manager conditions and restrictions.","unit":"CITY","origin":"public-catalog"}},{"type":"Feature","id":"usgs-pad-us-fee-managers:97423","geometry":{"type":"Polygon","coordinates":[[[-94.2033,36.366],[-94.2033,36.3656],[-94.2043,36.3656],[-94.2043,36.3661],[-94.2033,36.366]]]},"properties":{"id":"usgs-pad-us-fee-managers:97423","name":"Austin-Baggett Park","kind":"land","category":"public-land","sourceCategory":"public-land","sourceId":"usgs-pad-us-fee-managers","sourceUrl":"https://services.arcgis.com/v01gqwM5QqNysAAi/arcgis/rest/services/Fee_Managers_PADUS/FeatureServer/0","sourceUpdated":"2023-05-15T04:00:00.000Z","publicUse":"PAD-US reports open access; verify current manager conditions and restrictions.","unit":"CITY","origin":"public-catalog"}},{"type":"Feature","id":"usgs-pad-us-fee-managers:97424","geometry":{"type":"Polygon","coordinates":[[[-94.2154,36.4015],[-94.2149,36.4014],[-94.2152,36.3995],[-94.216,36.3995],[-94.2161,36.406],[-94.2158,36.4074],[-94.2152,36.4082],[-94.2157,36.4095],[-94.2173,36.4116],[-94.2142,36.4082],[-94.2154,36.4054],[-94.2152,36.4041],[-94.2154,36.4015]]]},"properties":{"id":"usgs-pad-us-fee-managers:97424","name":"Bark Park","kind":"land","category":"public-land","sourceCategory":"public-land","sourceId":"usgs-pad-us-fee-managers","sourceUrl":"https://services.arcgis.com/v01gqwM5QqNysAAi/arcgis/rest/services/Fee_Managers_PADUS/FeatureServer/0","sourceUpdated":"2023-05-15T04:00:00.000Z","publicUse":"PAD-US reports open access; verify current manager conditions and restrictions.","unit":"CITY","origin":"public-catalog"}},{"type":"Feature","id":"usgs-pad-us-fee-managers:97425","geometry":{"type":"MultiPolygon","coordinates":[[[[-94.2289,36.4329],[-94.229,36.4327],[-94.2291,36.4333],[-94.2289,36.4329]]],[[[-94.2288,36.4336],[-94.2291,36.4333],[-94.2291,36.4338],[-94.2288,36.4336]]]]},"properties":{"id":"usgs-pad-us-fee-managers:97425","name":"Bella Vista Lake","kind":"land","category":"public-land","sourceCategory":"public-land","sourceId":"usgs-pad-us-fee-managers","sourceUrl":"https://services.arcgis.com/v01gqwM5QqNysAAi/arcgis/rest/services/Fee_Managers_PADUS/FeatureServer/0","sourceUpdated":"2023-05-15T04:00:00.000Z","publicUse":"PAD-US reports open access; verify current manager conditions and restrictions.","unit":"CITY","origin":"public-catalog"}},{"type":"Feature","id":"usgs-pad-us-fee-managers:97426","geometry":{"type":"Polygon","coordinates":[[[-94.2233,36.331],[-94.2226,36.331],[-94.2226,36.3308],[-94.2238,36.3308],[-94.2239,36.3284],[-94.2272,36.3285],[-94.2271,36.3328],[-94.2238,36.3327],[-94.2238,36.331],[-94.2233,36.331]]]},"properties":{"id":"usgs-pad-us-fee-managers:97426","name":"Community Center","kind":"land","category":"public-land","sourceCategory":"public-land","sourceId":"usgs-pad-us-fee-managers","sourceUrl":"https://services.arcgis.com/v01gqwM5QqNysAAi/arcgis/rest/services/Fee_Managers_PADUS/FeatureServer/0","sourceUpdated":"2023-05-15T04:00:00.000Z","publicUse":"PAD-US reports open access; verify current manager conditions and restrictions.","unit":"CITY","origin":"public-catalog"}},{"type":"Feature","id":"usgs-pad-us-fee-managers:97427","geometry":{"type":"Polygon","coordinates":[[[-94.2372,36.3425],[-94.2372,36.3416],[-94.2359,36.3416],[-94.2359,36.3396],[-94.2404,36.3397],[-94.2404,36.3414],[-94.2394,36.3414],[-94.2384,36.342],[-94.2381,36.3431],[-94.2368,36.3431],[-94.2368,36.3425],[-94.2372,36.3425]]]},"properties":{"id":"usgs-pad-us-fee-managers:97427","name":"Coughlin Property Property (Future Development)","kind":"land","category":"public-land","sourceCategory":"public-land","sourceId":"usgs-pad-us-fee-managers","sourceUrl":"https://services.arcgis.com/v01gqwM5QqNysAAi/arcgis/rest/services/Fee_Managers_PADUS/FeatureServer/0","sourceUpdated":"2023-05-15T04:00:00.000Z","publicUse":"PAD-US reports open access; verify current manager conditions and restrictions.","unit":"CITY","origin":"public-catalog"}},{"type":"Feature","id":"usgs-pad-us-fee-managers:97428","geometry":{"type":"Polygon","coordinates":[[[-94.2071,36.3715],[-94.2074,36.3715],[-94.2074,36.3722],[-94.2069,36.3722],[-94.2069,36.3715],[-94.2071,36.3715]]]},"properties":{"id":"usgs-pad-us-fee-managers:97428","name":"Dave Peel Park","kind":"land","category":"public-land","sourceCategory":"public-land","sourceId":"usgs-pad-us-fee-managers","sourceUrl":"https://services.arcgis.com/v01gqwM5QqNysAAi/arcgis/rest/services/Fee_Managers_PADUS/FeatureServer/0","sourceUpdated":"2023-05-15T04:00:00.000Z","publicUse":"PAD-US reports open access; verify current manager conditions and restrictions.","unit":"CITY","origin":"public-catalog"}},{"type":"Feature","id":"usgs-pad-us-fee-managers:97429","geometry":{"type":"Polygon","coordinates":[[[-94.2014,36.3627],[-94.2014,36.3622],[-94.202,36.3622],[-94.202,36.3625],[-94.2014,36.3627]]]},"properties":{"id":"usgs-pad-us-fee-managers:97429","name":"Durham Park","kind":"land","category":"public-land","sourceCategory":"public-land","sourceId":"usgs-pad-us-fee-managers","sourceUrl":"https://services.arcgis.com/v01gqwM5QqNysAAi/arcgis/rest/services/Fee_Managers_PADUS/FeatureServer/0","sourceUpdated":"2023-05-15T04:00:00.000Z","publicUse":"PAD-US reports open access; verify current manager conditions and restrictions.","unit":"CITY","origin":"public-catalog"}},{"type":"Feature","id":"usgs-pad-us-fee-managers:97430","geometry":{"type":"Polygon","coordinates":[[[-94.2486,36.3733],[-94.25,36.3733],[-94.2504,36.3737],[-94.2502,36.3752],[-94.2485,36.375],[-94.2486,36.3733]]]},"properties":{"id":"usgs-pad-us-fee-managers:97430","name":"Elm Tree Ballfields","kind":"land","category":"public-land","sourceCategory":"public-land","sourceId":"usgs-pad-us-fee-managers","sourceUrl":"https://services.arcgis.com/v01gqwM5QqNysAAi/arcgis/rest/services/Fee_Managers_PADUS/FeatureServer/0","sourceUpdated":"2023-05-15T04:00:00.000Z","publicUse":"PAD-US reports open access; verify current manager conditions and restrictions.","unit":"CITY","origin":"public-catalog"}},{"type":"Feature","id":"usgs-pad-us-fee-managers:97431","geometry":{"type":"Polygon","coordinates":[[[-94.2035,36.3881],[-94.202,36.3878],[-94.2012,36.388],[-94.2015,36.3877],[-94.2008,36.3869],[-94.2003,36.3869],[-94.2001,36.3864],[-94.2006,36.386],[-94.2009,36.3866],[-94.2021,36.3874],[-94.2034,36.3876],[-94.2035,36.3881]]]},"properties":{"id":"usgs-pad-us-fee-managers:97431","name":"Enfield Park","kind":"land","category":"public-land","sourceCategory":"public-land","sourceId":"usgs-pad-us-fee-managers","sourceUrl":"https://services.arcgis.com/v01gqwM5QqNysAAi/arcgis/rest/services/Fee_Managers_PADUS/FeatureServer/0","sourceUpdated":"2023-05-15T04:00:00.000Z","publicUse":"PAD-US reports open access; verify current manager conditions and restrictions.","unit":"CITY","origin":"public-catalog"}},{"type":"Feature","id":"usgs-pad-us-fee-managers:97432","geometry":{"type":"Polygon","coordinates":[[[-94.2132,36.3666],[-94.2128,36.3668],[-94.2128,36.3666],[-94.2138,36.3661],[-94.2138,36.3669],[-94.2132,36.3669],[-94.2132,36.3666]]]},"properties":{"id":"usgs-pad-us-fee-managers:97432","name":"Gilmore Park","kind":"land","category":"public-land","sourceCategory":"public-land","sourceId":"usgs-pad-us-fee-managers","sourceUrl":"https://services.arcgis.com/v01gqwM5QqNysAAi/arcgis/rest/services/Fee_Managers_PADUS/FeatureServer/0","sourceUpdated":"2023-05-15T04:00:00.000Z","publicUse":"PAD-US reports open access; verify current manager conditions and restrictions.","unit":"CITY","origin":"public-catalog"}},{"type":"Feature","id":"usgs-pad-us-fee-managers:97433","geometry":{"type":"Polygon","coordinates":[[[-94.2287,36.4334],[-94.2279,36.4318],[-94.2287,36.4316],[-94.2286,36.4313],[-94.2272,36.4299],[-94.2261,36.4291],[-94.2202,36.4265],[-94.2202,36.426],[-94.2218,36.426],[-94.2227,36.4254],[-94.2219,36.4256],[-94.2215,36.4253],[-94.2222,36.4249],[-94.221,36.4236],[-94.2208,36.4227],[-94.221,36.4226],[-94.2206,36.4221],[-94.2204,36.4214],[-94.2196,36.4207],[-94.2204,36.4201],[-94.2204,36.4188],[-94.2207,36.4184],[-94.2219,36.4178],[-94.2213,36.4164],[-94.2212,36.4148],[-94.2202,36.4138],[-94.2193,36.4133],[-94.2188,36.4125],[-94.2174,36.4122],[-94.2173,36.4116],[-94.2194,36.4123],[-94.2199,36.413],[-94.2214,36.4143],[-94.2219,36.415],[-94.2218,36.4163],[-94.2224,36.4182],[-94.2218,36.4185],[-94.222,36.4188],[-94.2214,36.4188],[-94.2211,36.4192],[-94.2208,36.4207],[-94.2215,36.4226],[-94.2212,36.4228],[-94.2212,36.4231],[-94.222,36.4244],[-94.2224,36.4248],[-94.2227,36.4247],[-94.2248,36.4252],[-94.2267,36.4267],[-94.2307,36.4288],[-94.2314,36.4298],[-94.231,36.4299],[-94.2311,36.43],[-94.2315,36.4299],[-94.2329,36.4326],[-94.2306,36.4334],[-94.23,36.433],[-94.2296,36.4331],[-94.2289,36.4326],[-94.2291,36.4333],[-94.2287,36.4334]]]},"properties":{"id":"usgs-pad-us-fee-managers:97433","name":"Lake Bella Vista Park","kind":"land","category":"public-land","sourceCategory":"public-land","sourceId":"usgs-pad-us-fee-managers","sourceUrl":"https://services.arcgis.com/v01gqwM5QqNysAAi/arcgis/rest/services/Fee_Managers_PADUS/FeatureServer/0","sourceUpdated":"2021-06-28T04:00:00.000Z","publicUse":"PAD-US reports open access; verify current manager conditions and restrictions.","unit":"CITY","origin":"public-catalog"}},{"type":"Feature","id":"usgs-pad-us-fee-managers:97434","geometry":{"type":"Polygon","coordinates":[[[-94.2176,36.3496],[-94.222,36.3497],[-94.2219,36.3524],[-94.2175,36.3524],[-94.2176,36.3496]]]},"properties":{"id":"usgs-pad-us-fee-managers:97434","name":"Lake Bentonville Park","kind":"land","category":"public-land","sourceCategory":"public-land","sourceId":"usgs-pad-us-fee-managers","sourceUrl":"https://services.arcgis.com/v01gqwM5QqNysAAi/arcgis/rest/services/Fee_Managers_PADUS/FeatureServer/0","sourceUpdated":"2023-05-15T04:00:00.000Z","publicUse":"PAD-US reports open access; verify current manager conditions and restrictions.","unit":"CITY","origin":"public-catalog"}},{"type":"Feature","id":"usgs-pad-us-fee-managers:97435","geometry":{"type":"Polygon","coordinates":[[[-94.2074,36.3746],[-94.208,36.3746],[-94.208,36.375],[-94.2074,36.375],[-94.2074,36.3746]]]},"properties":{"id":"usgs-pad-us-fee-managers:97435","name":"Lawrence Plaza","kind":"land","category":"public-land","sourceCategory":"public-land","sourceId":"usgs-pad-us-fee-managers","sourceUrl":"https://services.arcgis.com/v01gqwM5QqNysAAi/arcgis/rest/services/Fee_Managers_PADUS/FeatureServer/0","sourceUpdated":"2023-05-15T04:00:00.000Z","publicUse":"PAD-US reports open access; verify current manager conditions and restrictions.","unit":"CITY","origin":"public-catalog"}},{"type":"Feature","id":"usgs-pad-us-fee-managers:97436","geometry":{"type":"MultiPolygon","coordinates":[[[[-94.1911,36.3771],[-94.1885,36.3768],[-94.1882,36.3761],[-94.1921,36.3762],[-94.1921,36.3772],[-94.1911,36.3771]]],[[[-94.183,36.3773],[-94.1831,36.3712],[-94.1835,36.3712],[-94.1835,36.3722],[-94.1877,36.3723],[-94.1876,36.3761],[-94.188,36.3761],[-94.1883,36.3768],[-94.183,36.3773]]],[[[-94.1851,36.3766],[-94.1832,36.3765],[-94.1831,36.376],[-94.1832,36.377],[-94.1832,36.3767],[-94.1838,36.3766],[-94.1852,36.377],[-94.186,36.377],[-94.1851,36.3766]]],[[[-94.1871,36.3783],[-94.1865,36.3783],[-94.1865,36.3771],[-94.1876,36.377],[-94.1875,36.3783],[-94.1871,36.3783]]]]},"properties":{"id":"usgs-pad-us-fee-managers:97436","name":"Memorial Park","kind":"land","category":"public-land","sourceCategory":"public-land","sourceId":"usgs-pad-us-fee-managers","sourceUrl":"https://services.arcgis.com/v01gqwM5QqNysAAi/arcgis/rest/services/Fee_Managers_PADUS/FeatureServer/0","sourceUpdated":"2023-05-15T04:00:00.000Z","publicUse":"PAD-US reports open access; verify current manager conditions and restrictions.","unit":"CITY","origin":"public-catalog"}},{"type":"Feature","id":"usgs-pad-us-fee-managers:97437","geometry":{"type":"Polygon","coordinates":[[[-94.1921,36.3744],[-94.1941,36.3745],[-94.194,36.378],[-94.1921,36.3772],[-94.1921,36.3744]]]},"properties":{"id":"usgs-pad-us-fee-managers:97437","name":"Memorial Soccer","kind":"land","category":"public-land","sourceCategory":"public-land","sourceId":"usgs-pad-us-fee-managers","sourceUrl":"https://services.arcgis.com/v01gqwM5QqNysAAi/arcgis/rest/services/Fee_Managers_PADUS/FeatureServer/0","sourceUpdated":"2023-05-15T04:00:00.000Z","publicUse":"PAD-US reports open access; verify current manager conditions and restrictions.","unit":"CITY","origin":"public-catalog"}},{"type":"Feature","id":"usgs-pad-us-fee-managers:97438","geometry":{"type":"MultiPolygon","coordinates":[[[[-94.2077,36.3751],[-94.2081,36.3751],[-94.2081,36.3752],[-94.2077,36.3751]]],[[[-94.1965,36.378],[-94.1966,36.3758],[-94.1968,36.3758],[-94.1968,36.3785],[-94.1965,36.3785],[-94.1965,36.378]]],[[[-94.2047,36.3889],[-94.2043,36.3885],[-94.2035,36.3885],[-94.2032,36.3861],[-94.203,36.3858],[-94.2031,36.3853],[-94.2038,36.3848],[-94.2036,36.384],[-94.204,36.3839],[-94.2039,36.3836],[-94.2045,36.3832],[-94.2044,36.3828],[-94.2047,36.381],[-94.2055,36.3803],[-94.2058,36.3791],[-94.2069,36.3774],[-94.2073,36.3762],[-94.2073,36.3751],[-94.2075,36.3751],[-94.2076,36.3756],[-94.2078,36.3757],[-94.2077,36.3769],[-94.207,36.3782],[-94.207,36.379],[-94.2056,36.3814],[-94.2054,36.3823],[-94.2054,36.3829],[-94.206,36.3829],[-94.2058,36.3836],[-94.2054,36.3835],[-94.2053,36.3885],[-94.2047,36.3889]]]]},"properties":{"id":"usgs-pad-us-fee-managers:97438","name":"North Trail","kind":"land","category":"public-land","sourceCategory":"public-land","sourceId":"usgs-pad-us-fee-managers","sourceUrl":"https://services.arcgis.com/v01gqwM5QqNysAAi/arcgis/rest/services/Fee_Managers_PADUS/FeatureServer/0","sourceUpdated":"2023-05-15T04:00:00.000Z","publicUse":"PAD-US reports open access; verify current manager conditions and restrictions.","unit":"CITY","origin":"public-catalog"}},{"type":"Feature","id":"usgs-pad-us-fee-managers:97439","geometry":{"type":"Polygon","coordinates":[[[-94.2088,36.3811],[-94.2088,36.3805],[-94.2099,36.3805],[-94.2099,36.3811],[-94.2088,36.3811]]]},"properties":{"id":"usgs-pad-us-fee-managers:97439","name":"Nw A Street Park","kind":"land","category":"public-land","sourceCategory":"public-land","sourceId":"usgs-pad-us-fee-managers","sourceUrl":"https://services.arcgis.com/v01gqwM5QqNysAAi/arcgis/rest/services/Fee_Managers_PADUS/FeatureServer/0","sourceUpdated":"2023-05-15T04:00:00.000Z","publicUse":"PAD-US reports open access; verify current manager conditions and restrictions.","unit":"CITY","origin":"public-catalog"}},{"type":"Feature","id":"usgs-pad-us-fee-managers:97440","geometry":{"type":"Polygon","coordinates":[[[-94.2162,36.3861],[-94.2144,36.3861],[-94.2144,36.385],[-94.2172,36.3855],[-94.2172,36.3861],[-94.2162,36.3861]]]},"properties":{"id":"usgs-pad-us-fee-managers:97440","name":"Old Tiger Stadium","kind":"land","category":"public-land","sourceCategory":"public-land","sourceId":"usgs-pad-us-fee-managers","sourceUrl":"https://services.arcgis.com/v01gqwM5QqNysAAi/arcgis/rest/services/Fee_Managers_PADUS/FeatureServer/0","sourceUpdated":"2023-05-15T04:00:00.000Z","publicUse":"PAD-US reports open access; verify current manager conditions and restrictions.","unit":"CITY","origin":"public-catalog"}},{"type":"Feature","id":"usgs-pad-us-fee-managers:97441","geometry":{"type":"Polygon","coordinates":[[[-94.194,36.378],[-94.1941,36.3753],[-94.1965,36.3753],[-94.1964,36.3781],[-94.194,36.378]]]},"properties":{"id":"usgs-pad-us-fee-managers:97441","name":"Orchards Park","kind":"land","category":"public-land","sourceCategory":"public-land","sourceId":"usgs-pad-us-fee-managers","sourceUrl":"https://services.arcgis.com/v01gqwM5QqNysAAi/arcgis/rest/services/Fee_Managers_PADUS/FeatureServer/0","sourceUpdated":"2023-05-15T04:00:00.000Z","publicUse":"PAD-US reports open access; verify current manager conditions and restrictions.","unit":"CITY","origin":"public-catalog"}},{"type":"Feature","id":"usgs-pad-us-fee-managers:97442","geometry":{"type":"Polygon","coordinates":[[[-94.2101,36.3862],[-94.2099,36.3861],[-94.2099,36.3851],[-94.211,36.3851],[-94.211,36.3839],[-94.2121,36.3839],[-94.2128,36.3845],[-94.2128,36.3861],[-94.2119,36.3861],[-94.2105,36.3867],[-94.21,36.3866],[-94.2101,36.3862]]]},"properties":{"id":"usgs-pad-us-fee-managers:97442","name":"Park Springs Park","kind":"land","category":"public-land","sourceCategory":"public-land","sourceId":"usgs-pad-us-fee-managers","sourceUrl":"https://services.arcgis.com/v01gqwM5QqNysAAi/arcgis/rest/services/Fee_Managers_PADUS/FeatureServer/0","sourceUpdated":"2023-05-15T04:00:00.000Z","publicUse":"PAD-US reports open access; verify current manager conditions and restrictions.","unit":"CITY","origin":"public-catalog"}},{"type":"Feature","id":"usgs-pad-us-fee-managers:97443","geometry":{"type":"Polygon","coordinates":[[[-94.2022,36.3381],[-94.2066,36.3382],[-94.2065,36.3428],[-94.2019,36.3427],[-94.202,36.3385],[-94.2022,36.3385],[-94.2022,36.3381]]]},"properties":{"id":"usgs-pad-us-fee-managers:97443","name":"Phillips Park","kind":"land","category":"public-land","sourceCategory":"public-land","sourceId":"usgs-pad-us-fee-managers","sourceUrl":"https://services.arcgis.com/v01gqwM5QqNysAAi/arcgis/rest/services/Fee_Managers_PADUS/FeatureServer/0","sourceUpdated":"2023-05-15T04:00:00.000Z","publicUse":"PAD-US reports open access; verify current manager conditions and restrictions.","unit":"CITY","origin":"public-catalog"}},{"type":"Feature","id":"usgs-pad-us-fee-managers:97444","geometry":{"type":"Polygon","coordinates":[[[-94.173,36.4106],[-94.1731,36.4094],[-94.1753,36.4095],[-94.1754,36.4077],[-94.1731,36.4076],[-94.1731,36.407],[-94.1709,36.407],[-94.1711,36.401],[-94.1717,36.402],[-94.1723,36.4024],[-94.1766,36.4034],[-94.1823,36.4035],[-94.1822,36.4071],[-94.1777,36.4071],[-94.1776,36.4107],[-94.173,36.4106]]]},"properties":{"id":"usgs-pad-us-fee-managers:97444","name":"Price Coffee Property Property (Future Development)","kind":"land","category":"public-land","sourceCategory":"public-land","sourceId":"usgs-pad-us-fee-managers","sourceUrl":"https://services.arcgis.com/v01gqwM5QqNysAAi/arcgis/rest/services/Fee_Managers_PADUS/FeatureServer/0","sourceUpdated":"2023-05-15T04:00:00.000Z","publicUse":"PAD-US reports open access; verify current manager conditions and restrictions.","unit":"CITY","origin":"public-catalog"}},{"type":"Feature","id":"usgs-pad-us-fee-managers:97445","geometry":{"type":"Polygon","coordinates":[[[-94.213,36.4118],[-94.2099,36.4105],[-94.2079,36.4093],[-94.2076,36.4088],[-94.2062,36.4084],[-94.2023,36.4062],[-94.2015,36.4054],[-94.2003,36.4051],[-94.2004,36.4039],[-94.2048,36.404],[-94.2048,36.403],[-94.2027,36.4018],[-94.2016,36.4004],[-94.2004,36.4003],[-94.2006,36.3931],[-94.2015,36.3931],[-94.2027,36.3925],[-94.2031,36.3911],[-94.2035,36.3885],[-94.2043,36.3885],[-94.2048,36.3893],[-94.2053,36.3893],[-94.2048,36.4004],[-94.2069,36.4004],[-94.207,36.4002],[-94.2076,36.4004],[-94.2094,36.4003],[-94.2093,36.4006],[-94.2072,36.4009],[-94.207,36.4013],[-94.2065,36.401],[-94.2056,36.4018],[-94.2062,36.4018],[-94.2056,36.4021],[-94.2055,36.4028],[-94.2062,36.4036],[-94.2076,36.404],[-94.2087,36.4039],[-94.2087,36.4032],[-94.2092,36.4031],[-94.2093,36.4051],[-94.212,36.4062],[-94.2123,36.4076],[-94.2142,36.4082],[-94.2174,36.4117],[-94.2175,36.4129],[-94.2171,36.413],[-94.2154,36.4128],[-94.213,36.4118]]]},"properties":{"id":"usgs-pad-us-fee-managers:97445","name":"Slaughter Pen Bike Trail","kind":"land","category":"public-land","sourceCategory":"public-land","sourceId":"usgs-pad-us-fee-managers","sourceUrl":"https://services.arcgis.com/v01gqwM5QqNysAAi/arcgis/rest/services/Fee_Managers_PADUS/FeatureServer/0","sourceUpdated":"2023-05-15T04:00:00.000Z","publicUse":"PAD-US reports open access; verify current manager conditions and restrictions.","unit":"CITY","origin":"public-catalog"}},{"type":"Feature","id":"usgs-pad-us-fee-managers:97446","geometry":{"type":"Polygon","coordinates":[[[-94.1902,36.3784],[-94.1875,36.3783],[-94.1875,36.3771],[-94.1902,36.3773],[-94.1902,36.3784]]]},"properties":{"id":"usgs-pad-us-fee-managers:97446","name":"Tennis","kind":"land","category":"public-land","sourceCategory":"public-land","sourceId":"usgs-pad-us-fee-managers","sourceUrl":"https://services.arcgis.com/v01gqwM5QqNysAAi/arcgis/rest/services/Fee_Managers_PADUS/FeatureServer/0","sourceUpdated":"2023-05-15T04:00:00.000Z","publicUse":"PAD-US reports open access; verify current manager conditions and restrictions.","unit":"CITY","origin":"public-catalog"}},{"type":"Feature","id":"usgs-pad-us-fee-managers:97447","geometry":{"type":"Polygon","coordinates":[[[-94.2039,36.3718],[-94.204,36.3711],[-94.2037,36.3708],[-94.2026,36.3703],[-94.2042,36.3704],[-94.2047,36.3721],[-94.2039,36.3718]]]},"properties":{"id":"usgs-pad-us-fee-managers:97447","name":"Town Branch Park","kind":"land","category":"public-land","sourceCategory":"public-land","sourceId":"usgs-pad-us-fee-managers","sourceUrl":"https://services.arcgis.com/v01gqwM5QqNysAAi/arcgis/rest/services/Fee_Managers_PADUS/FeatureServer/0","sourceUpdated":"2023-05-15T04:00:00.000Z","publicUse":"PAD-US reports open access; verify current manager conditions and restrictions.","unit":"CITY","origin":"public-catalog"}},{"type":"Feature","id":"usgs-pad-us-fee-managers:97448","geometry":{"type":"Polygon","coordinates":[[[-94.2361,36.335],[-94.2361,36.3342],[-94.2367,36.3343],[-94.2374,36.335],[-94.2361,36.335]]]},"properties":{"id":"usgs-pad-us-fee-managers:97448","name":"Wildwood Park","kind":"land","category":"public-land","sourceCategory":"public-land","sourceId":"usgs-pad-us-fee-managers","sourceUrl":"https://services.arcgis.com/v01gqwM5QqNysAAi/arcgis/rest/services/Fee_Managers_PADUS/FeatureServer/0","sourceUpdated":"2023-05-15T04:00:00.000Z","publicUse":"PAD-US reports open access; verify current manager conditions and restrictions.","unit":"CITY","origin":"public-catalog"}},{"type":"Feature","id":"usgs-pad-us-fee-managers:97466","geometry":{"type":"Polygon","coordinates":[[[-93.5618,36.3628],[-93.5628,36.3627],[-93.5633,36.3639],[-93.5613,36.364],[-93.5614,36.3633],[-93.5618,36.3628]]]},"properties":{"id":"usgs-pad-us-fee-managers:97466","name":"City Park","kind":"land","category":"public-land","sourceCategory":"public-land","sourceId":"usgs-pad-us-fee-managers","sourceUrl":"https://services.arcgis.com/v01gqwM5QqNysAAi/arcgis/rest/services/Fee_Managers_PADUS/FeatureServer/0","sourceUpdated":"2023-05-15T04:00:00.000Z","publicUse":"PAD-US reports open access; verify current manager conditions and restrictions.","unit":"CITY","origin":"public-catalog"}},{"type":"Feature","id":"usgs-pad-us-fee-managers:97467","geometry":{"type":"Polygon","coordinates":[[[-93.5716,36.3653],[-93.572,36.3653],[-93.5721,36.3647],[-93.5725,36.3647],[-93.5725,36.3643],[-93.5733,36.3642],[-93.5726,36.3656],[-93.5726,36.3666],[-93.5709,36.3666],[-93.5706,36.3658],[-93.5716,36.3653]]]},"properties":{"id":"usgs-pad-us-fee-managers:97467","name":"Community Center Park","kind":"land","category":"public-land","sourceCategory":"public-land","sourceId":"usgs-pad-us-fee-managers","sourceUrl":"https://services.arcgis.com/v01gqwM5QqNysAAi/arcgis/rest/services/Fee_Managers_PADUS/FeatureServer/0","sourceUpdated":"2023-05-15T04:00:00.000Z","publicUse":"PAD-US reports open access; verify current manager conditions and restrictions.","unit":"CITY","origin":"public-catalog"}},{"type":"Feature","id":"usgs-pad-us-fee-managers:97468","geometry":{"type":"Polygon","coordinates":[[[-93.5649,36.3716],[-93.566,36.3717],[-93.5661,36.3726],[-93.565,36.3724],[-93.5649,36.3716]]]},"properties":{"id":"usgs-pad-us-fee-managers:97468","name":"George Pond Park","kind":"land","category":"public-land","sourceCategory":"public-land","sourceId":"usgs-pad-us-fee-managers","sourceUrl":"https://services.arcgis.com/v01gqwM5QqNysAAi/arcgis/rest/services/Fee_Managers_PADUS/FeatureServer/0","sourceUpdated":"2023-05-15T04:00:00.000Z","publicUse":"PAD-US reports open access; verify current manager conditions and restrictions.","unit":"CITY","origin":"public-catalog"}},{"type":"Feature","id":"usgs-pad-us-fee-managers:97469","geometry":{"type":"Polygon","coordinates":[[[-93.569,36.3636],[-93.5697,36.3636],[-93.5698,36.3639],[-93.5691,36.3641],[-93.569,36.3636]]]},"properties":{"id":"usgs-pad-us-fee-managers:97469","name":"Pioneer Park","kind":"land","category":"public-land","sourceCategory":"public-land","sourceId":"usgs-pad-us-fee-managers","sourceUrl":"https://services.arcgis.com/v01gqwM5QqNysAAi/arcgis/rest/services/Fee_Managers_PADUS/FeatureServer/0","sourceUpdated":"2023-05-15T04:00:00.000Z","publicUse":"PAD-US reports open access; verify current manager conditions and restrictions.","unit":"CITY","origin":"public-catalog"}},{"type":"Feature","id":"usgs-pad-us-fee-managers:97470","geometry":{"type":"Polygon","coordinates":[[[-93.5572,36.3869],[-93.5572,36.385],[-93.5526,36.385],[-93.5527,36.3788],[-93.5617,36.3788],[-93.5617,36.387],[-93.5572,36.3869]]]},"properties":{"id":"usgs-pad-us-fee-managers:97470","name":"Saunders Heights Park","kind":"land","category":"public-land","sourceCategory":"public-land","sourceId":"usgs-pad-us-fee-managers","sourceUrl":"https://services.arcgis.com/v01gqwM5QqNysAAi/arcgis/rest/services/Fee_Managers_PADUS/FeatureServer/0","sourceUpdated":"2023-05-15T04:00:00.000Z","publicUse":"PAD-US reports open access; verify current manager conditions and restrictions.","unit":"CITY","origin":"public-catalog"}},{"type":"Feature","id":"usgs-pad-us-fee-managers:97471","geometry":{"type":"Polygon","coordinates":[[[-93.5679,36.3701],[-93.5684,36.3701],[-93.5684,36.3705],[-93.5679,36.3705],[-93.5679,36.3701]]]},"properties":{"id":"usgs-pad-us-fee-managers:97471","name":"Thomas Park","kind":"land","category":"public-land","sourceCategory":"public-land","sourceId":"usgs-pad-us-fee-managers","sourceUrl":"https://services.arcgis.com/v01gqwM5QqNysAAi/arcgis/rest/services/Fee_Managers_PADUS/FeatureServer/0","sourceUpdated":"2023-05-15T04:00:00.000Z","publicUse":"PAD-US reports open access; verify current manager conditions and restrictions.","unit":"CITY","origin":"public-catalog"}},{"type":"Feature","id":"usgs-pad-us-fee-managers:97487","geometry":{"type":"Polygon","coordinates":[[[-94.1328,36.2377],[-94.1329,36.2382],[-94.1327,36.2382],[-94.1328,36.2377]]]},"properties":{"id":"usgs-pad-us-fee-managers:97487","name":"City Park","kind":"land","category":"public-land","sourceCategory":"public-land","sourceId":"usgs-pad-us-fee-managers","sourceUrl":"https://services.arcgis.com/v01gqwM5QqNysAAi/arcgis/rest/services/Fee_Managers_PADUS/FeatureServer/0","sourceUpdated":"2023-05-15T04:00:00.000Z","publicUse":"PAD-US reports open access; verify current manager conditions and restrictions.","unit":"CITY","origin":"public-catalog"}},{"type":"Feature","id":"usgs-pad-us-fee-managers:97488","geometry":{"type":"Polygon","coordinates":[[[-94.1242,36.2228],[-94.1242,36.2219],[-94.1287,36.222],[-94.1286,36.2229],[-94.1242,36.2228]]]},"properties":{"id":"usgs-pad-us-fee-managers:97488","name":"Forrest Bowen Park","kind":"land","category":"public-land","sourceCategory":"public-land","sourceId":"usgs-pad-us-fee-managers","sourceUrl":"https://services.arcgis.com/v01gqwM5QqNysAAi/arcgis/rest/services/Fee_Managers_PADUS/FeatureServer/0","sourceUpdated":"2023-05-15T04:00:00.000Z","publicUse":"PAD-US reports open access; verify current manager conditions and restrictions.","unit":"CITY","origin":"public-catalog"}},{"type":"Feature","id":"usgs-pad-us-fee-managers:98016","geometry":{"type":"Polygon","coordinates":[[[-89.9304,35.915],[-89.9366,35.9153],[-89.9366,35.9181],[-89.9302,35.9178],[-89.9304,35.915]]]},"properties":{"id":"usgs-pad-us-fee-managers:98016","name":"Cypress Park","kind":"land","category":"public-land","sourceCategory":"public-land","sourceId":"usgs-pad-us-fee-managers","sourceUrl":"https://services.arcgis.com/v01gqwM5QqNysAAi/arcgis/rest/services/Fee_Managers_PADUS/FeatureServer/0","sourceUpdated":"2023-05-15T04:00:00.000Z","publicUse":"PAD-US reports open access; verify current manager conditions and restrictions.","unit":"CITY","origin":"public-catalog"}},{"type":"Feature","id":"usgs-pad-us-fee-managers:98017","geometry":{"type":"Polygon","coordinates":[[[-89.909,35.9285],[-89.9099,35.9285],[-89.9099,35.9293],[-89.909,35.9293],[-89.909,35.9285]]]},"properties":{"id":"usgs-pad-us-fee-managers:98017","name":"Founders Park","kind":"land","category":"public-land","sourceCategory":"public-land","sourceId":"usgs-pad-us-fee-managers","sourceUrl":"https://services.arcgis.com/v01gqwM5QqNysAAi/arcgis/rest/services/Fee_Managers_PADUS/FeatureServer/0","sourceUpdated":"2023-05-15T04:00:00.000Z","publicUse":"PAD-US reports open access; verify current manager conditions and restrictions.","unit":"CITY","origin":"public-catalog"}},{"type":"Feature","id":"usgs-pad-us-fee-managers:98018","geometry":{"type":"Polygon","coordinates":[[[-89.8921,35.9344],[-89.892,35.929],[-89.8965,35.9291],[-89.8965,35.9327],[-89.8979,35.9328],[-89.8979,35.9345],[-89.8921,35.9344]]]},"properties":{"id":"usgs-pad-us-fee-managers:98018","name":"Walker Park","kind":"land","category":"public-land","sourceCategory":"public-land","sourceId":"usgs-pad-us-fee-managers","sourceUrl":"https://services.arcgis.com/v01gqwM5QqNysAAi/arcgis/rest/services/Fee_Managers_PADUS/FeatureServer/0","sourceUpdated":"2023-05-15T04:00:00.000Z","publicUse":"PAD-US reports open access; verify current manager conditions and restrictions.","unit":"CITY","origin":"public-catalog"}},{"type":"Feature","id":"usgs-pad-us-fee-managers:98019","geometry":{"type":"Polygon","coordinates":[[[-89.9032,35.9166],[-89.9054,35.9166],[-89.9054,35.9183],[-89.9032,35.9182],[-89.9032,35.9166]]]},"properties":{"id":"usgs-pad-us-fee-managers:98019","name":"Williams Park","kind":"land","category":"public-land","sourceCategory":"public-land","sourceId":"usgs-pad-us-fee-managers","sourceUrl":"https://services.arcgis.com/v01gqwM5QqNysAAi/arcgis/rest/services/Fee_Managers_PADUS/FeatureServer/0","sourceUpdated":"2023-05-15T04:00:00.000Z","publicUse":"PAD-US reports open access; verify current manager conditions and restrictions.","unit":"CITY","origin":"public-catalog"}},{"type":"Feature","id":"usgs-pad-us-fee-managers:98020","geometry":{"type":"Polygon","coordinates":[[[-89.9279,35.948],[-89.9282,35.9472],[-89.9308,35.9482],[-89.9327,35.9484],[-89.9321,35.9516],[-89.9296,35.9536],[-89.9273,35.952],[-89.9286,35.9509],[-89.9283,35.9484],[-89.9279,35.948]]]},"properties":{"id":"usgs-pad-us-fee-managers:98020","name":"Blytheville Youth Sportsplex","kind":"land","category":"public-land","sourceCategory":"public-land","sourceId":"usgs-pad-us-fee-managers","sourceUrl":"https://services.arcgis.com/v01gqwM5QqNysAAi/arcgis/rest/services/Fee_Managers_PADUS/FeatureServer/0","sourceUpdated":"2023-05-15T04:00:00.000Z","publicUse":"PAD-US reports open access; verify current manager conditions and restrictions.","unit":"CITY","origin":"public-catalog"}},{"type":"Feature","id":"usgs-pad-us-fee-managers:98148","geometry":{"type":"Polygon","coordinates":[[[-93.9142,35.141],[-93.9144,35.1406],[-93.9148,35.1404],[-93.916,35.1407],[-93.9159,35.141],[-93.9155,35.141],[-93.9155,35.1414],[-93.9143,35.1413],[-93.9142,35.141]]]},"properties":{"id":"usgs-pad-us-fee-managers:98148","name":"Riverside Park","kind":"land","category":"public-land","sourceCategory":"public-land","sourceId":"usgs-pad-us-fee-managers","sourceUrl":"https://services.arcgis.com/v01gqwM5QqNysAAi/arcgis/rest/services/Fee_Managers_PADUS/FeatureServer/0","sourceUpdated":"2023-05-15T04:00:00.000Z","publicUse":"PAD-US reports open access; verify current manager conditions and restrictions.","unit":"CITY","origin":"public-catalog"}},{"type":"Feature","id":"usgs-pad-us-fee-managers:98150","geometry":{"type":"Polygon","coordinates":[[[-93.9175,35.1485],[-93.9172,35.1469],[-93.9172,35.145],[-93.918,35.145],[-93.9181,35.1454],[-93.9194,35.1455],[-93.9196,35.1484],[-93.9175,35.1485]]]},"properties":{"id":"usgs-pad-us-fee-managers:98150","name":"Marcelle Phillips Park","kind":"land","category":"public-land","sourceCategory":"public-land","sourceId":"usgs-pad-us-fee-managers","sourceUrl":"https://services.arcgis.com/v01gqwM5QqNysAAi/arcgis/rest/services/Fee_Managers_PADUS/FeatureServer/0","sourceUpdated":"2023-05-15T04:00:00.000Z","publicUse":"PAD-US reports open access; verify current manager conditions and restrictions.","unit":"CITY","origin":"public-catalog"}},{"type":"Feature","id":"usgs-pad-us-fee-managers:98856","geometry":{"type":"Polygon","coordinates":[[[-91.193,34.8873],[-91.1944,34.8873],[-91.1945,34.8877],[-91.1938,34.8877],[-91.1938,34.888],[-91.193,34.888],[-91.193,34.8873]]]},"properties":{"id":"usgs-pad-us-fee-managers:98856","name":"Brinkley City Park","kind":"land","category":"public-land","sourceCategory":"public-land","sourceId":"usgs-pad-us-fee-managers","sourceUrl":"https://services.arcgis.com/v01gqwM5QqNysAAi/arcgis/rest/services/Fee_Managers_PADUS/FeatureServer/0","sourceUpdated":"2023-05-15T04:00:00.000Z","publicUse":"PAD-US reports open access; verify current manager conditions and restrictions.","unit":"CITY","origin":"public-catalog"}},{"type":"Feature","id":"usgs-pad-us-fee-managers:98857","geometry":{"type":"Polygon","coordinates":[[[-91.1661,34.8817],[-91.1692,34.8815],[-91.1685,34.8823],[-91.1683,34.8865],[-91.1697,34.8877],[-91.1677,34.8892],[-91.1662,34.8892],[-91.1661,34.8817]]]},"properties":{"id":"usgs-pad-us-fee-managers:98857","name":"Greenlee Park","kind":"land","category":"public-land","sourceCategory":"public-land","sourceId":"usgs-pad-us-fee-managers","sourceUrl":"https://services.arcgis.com/v01gqwM5QqNysAAi/arcgis/rest/services/Fee_Managers_PADUS/FeatureServer/0","sourceUpdated":"2023-05-15T04:00:00.000Z","publicUse":"PAD-US reports open access; verify current manager conditions and restrictions.","unit":"CITY","origin":"public-catalog"}},{"type":"Feature","id":"usgs-pad-us-fee-managers:98858","geometry":{"type":"Polygon","coordinates":[[[-91.2029,34.9083],[-91.2029,34.904],[-91.2046,34.9041],[-91.2046,34.9048],[-91.2057,34.9048],[-91.2057,34.9082],[-91.2029,34.9083]]]},"properties":{"id":"usgs-pad-us-fee-managers:98858","name":"Unknown Park","kind":"land","category":"public-land","sourceCategory":"public-land","sourceId":"usgs-pad-us-fee-managers","sourceUrl":"https://services.arcgis.com/v01gqwM5QqNysAAi/arcgis/rest/services/Fee_Managers_PADUS/FeatureServer/0","sourceUpdated":"2023-05-15T04:00:00.000Z","publicUse":"PAD-US reports open access; verify current manager conditions and restrictions.","unit":"CITY","origin":"public-catalog"}},{"type":"Feature","id":"usgs-pad-us-fee-managers:99045","geometry":{"type":"Polygon","coordinates":[[[-90.5824,35.9047],[-90.5829,35.9047],[-90.5829,35.9051],[-90.5824,35.9051],[-90.5824,35.9047]]]},"properties":{"id":"usgs-pad-us-fee-managers:99045","name":"Brookland Park","kind":"land","category":"public-land","sourceCategory":"public-land","sourceId":"usgs-pad-us-fee-managers","sourceUrl":"https://services.arcgis.com/v01gqwM5QqNysAAi/arcgis/rest/services/Fee_Managers_PADUS/FeatureServer/0","sourceUpdated":"2023-05-15T04:00:00.000Z","publicUse":"PAD-US reports open access; verify current manager conditions and restrictions.","unit":"CITY","origin":"public-catalog"}},{"type":"Feature","id":"usgs-pad-us-fee-managers:99046","geometry":{"type":"Polygon","coordinates":[[[-90.5817,35.9126],[-90.5851,35.9127],[-90.5851,35.9138],[-90.5817,35.9138],[-90.5817,35.9126]]]},"properties":{"id":"usgs-pad-us-fee-managers:99046","name":"Brookland Baseball Fields","kind":"land","category":"public-land","sourceCategory":"public-land","sourceId":"usgs-pad-us-fee-managers","sourceUrl":"https://services.arcgis.com/v01gqwM5QqNysAAi/arcgis/rest/services/Fee_Managers_PADUS/FeatureServer/0","sourceUpdated":"2021-04-20T04:00:00.000Z","publicUse":"PAD-US reports open access; verify current manager conditions and restrictions.","unit":"CITY","origin":"public-catalog"}},{"type":"Feature","id":"usgs-pad-us-fee-managers:99147","geometry":{"type":"Polygon","coordinates":[[[-92.493,34.5936],[-92.4914,34.5935],[-92.4915,34.5933],[-92.492,34.5934],[-92.492,34.5927],[-92.4911,34.593],[-92.4911,34.5926],[-92.4942,34.5927],[-92.4939,34.5948],[-92.4933,34.5948],[-92.4933,34.5942],[-92.4929,34.5941],[-92.493,34.5936]]]},"properties":{"id":"usgs-pad-us-fee-managers:99147","name":"Ashley Park","kind":"land","category":"public-land","sourceCategory":"public-land","sourceId":"usgs-pad-us-fee-managers","sourceUrl":"https://services.arcgis.com/v01gqwM5QqNysAAi/arcgis/rest/services/Fee_Managers_PADUS/FeatureServer/0","sourceUpdated":"2023-05-15T04:00:00.000Z","publicUse":"PAD-US reports open access; verify current manager conditions and restrictions.","unit":"CITY","origin":"public-catalog"}},{"type":"Feature","id":"usgs-pad-us-fee-managers:99148","geometry":{"type":"Polygon","coordinates":[[[-92.5126,34.5956],[-92.5106,34.5955],[-92.5108,34.5947],[-92.5104,34.5926],[-92.5107,34.5921],[-92.5107,34.5913],[-92.5097,34.5899],[-92.5096,34.5888],[-92.5103,34.5882],[-92.5162,34.5881],[-92.516,34.5956],[-92.5126,34.5956]]]},"properties":{"id":"usgs-pad-us-fee-managers:99148","name":"Bishop Park","kind":"land","category":"public-land","sourceCategory":"public-land","sourceId":"usgs-pad-us-fee-managers","sourceUrl":"https://services.arcgis.com/v01gqwM5QqNysAAi/arcgis/rest/services/Fee_Managers_PADUS/FeatureServer/0","sourceUpdated":"2023-05-15T04:00:00.000Z","publicUse":"PAD-US reports open access; verify current manager conditions and restrictions.","unit":"CITY","origin":"public-catalog"}},{"type":"Feature","id":"usgs-pad-us-fee-managers:99149","geometry":{"type":"Polygon","coordinates":[[[-92.4812,34.6095],[-92.4816,34.6025],[-92.486,34.6027],[-92.4858,34.606],[-92.4891,34.6062],[-92.4891,34.6096],[-92.4812,34.6095]]]},"properties":{"id":"usgs-pad-us-fee-managers:99149","name":"Wilbur Mills Park","kind":"land","category":"public-land","sourceCategory":"public-land","sourceId":"usgs-pad-us-fee-managers","sourceUrl":"https://services.arcgis.com/v01gqwM5QqNysAAi/arcgis/rest/services/Fee_Managers_PADUS/FeatureServer/0","sourceUpdated":"2023-05-15T04:00:00.000Z","publicUse":"PAD-US reports open access; verify current manager conditions and restrictions.","unit":"CITY","origin":"public-catalog"}},{"type":"Feature","id":"usgs-pad-us-fee-managers:99619","geometry":{"type":"Polygon","coordinates":[[[-92.0286,34.9678],[-92.0286,34.967],[-92.0305,34.967],[-92.0306,34.9655],[-92.0329,34.9657],[-92.0328,34.9681],[-92.0286,34.9678]]]},"properties":{"id":"usgs-pad-us-fee-managers:99619","name":"Cabot City Park","kind":"land","category":"public-land","sourceCategory":"public-land","sourceId":"usgs-pad-us-fee-managers","sourceUrl":"https://services.arcgis.com/v01gqwM5QqNysAAi/arcgis/rest/services/Fee_Managers_PADUS/FeatureServer/0","sourceUpdated":"2023-05-15T04:00:00.000Z","publicUse":"PAD-US reports open access; verify current manager conditions and restrictions.","unit":"CITY","origin":"public-catalog"}},{"type":"Feature","id":"usgs-pad-us-fee-managers:99620","geometry":{"type":"Polygon","coordinates":[[[-92.0166,34.9531],[-92.02,34.9531],[-92.02,34.9551],[-92.0166,34.9551],[-92.0166,34.9531]]]},"properties":{"id":"usgs-pad-us-fee-managers:99620","name":"Cabot Commuity Pond Park","kind":"land","category":"public-land","sourceCategory":"public-land","sourceId":"usgs-pad-us-fee-managers","sourceUrl":"https://services.arcgis.com/v01gqwM5QqNysAAi/arcgis/rest/services/Fee_Managers_PADUS/FeatureServer/0","sourceUpdated":"2023-05-15T04:00:00.000Z","publicUse":"PAD-US reports open access; verify current manager conditions and restrictions.","unit":"CITY","origin":"public-catalog"}},{"type":"Feature","id":"usgs-pad-us-fee-managers:99621","geometry":{"type":"Polygon","coordinates":[[[-92.0095,34.9749],[-92.0097,34.9748],[-92.0104,34.9752],[-92.0084,34.9771],[-92.0081,34.977],[-92.0083,34.9749],[-92.0095,34.9749]]]},"properties":{"id":"usgs-pad-us-fee-managers:99621","name":"Veterans Park","kind":"land","category":"public-land","sourceCategory":"public-land","sourceId":"usgs-pad-us-fee-managers","sourceUrl":"https://services.arcgis.com/v01gqwM5QqNysAAi/arcgis/rest/services/Fee_Managers_PADUS/FeatureServer/0","sourceUpdated":"2023-05-15T04:00:00.000Z","publicUse":"PAD-US reports open access; verify current manager conditions and restrictions.","unit":"CITY","origin":"public-catalog"}},{"type":"Feature","id":"usgs-pad-us-fee-managers:99730","geometry":{"type":"Polygon","coordinates":[[[-92.8232,33.568],[-92.8238,33.5668],[-92.8286,33.5625],[-92.829,33.5659],[-92.8284,33.5676],[-92.8279,33.5679],[-92.8264,33.5679],[-92.8243,33.5685],[-92.8231,33.5684],[-92.8232,33.568]]]},"properties":{"id":"usgs-pad-us-fee-managers:99730","name":"Carnes Park","kind":"land","category":"public-land","sourceCategory":"public-land","sourceId":"usgs-pad-us-fee-managers","sourceUrl":"https://services.arcgis.com/v01gqwM5QqNysAAi/arcgis/rest/services/Fee_Managers_PADUS/FeatureServer/0","sourceUpdated":"2023-05-15T04:00:00.000Z","publicUse":"PAD-US reports open access; verify current manager conditions and restrictions.","unit":"CITY","origin":"public-catalog"}},{"type":"Feature","id":"usgs-pad-us-fee-managers:99735","geometry":{"type":"Polygon","coordinates":[[[-92.8407,33.5305],[-92.8437,33.5304],[-92.8437,33.531],[-92.8405,33.5309],[-92.8407,33.5305]]]},"properties":{"id":"usgs-pad-us-fee-managers:99735","name":"Fairview Park","kind":"land","category":"public-land","sourceCategory":"public-land","sourceId":"usgs-pad-us-fee-managers","sourceUrl":"https://services.arcgis.com/v01gqwM5QqNysAAi/arcgis/rest/services/Fee_Managers_PADUS/FeatureServer/0","sourceUpdated":"2023-05-15T04:00:00.000Z","publicUse":"PAD-US reports open access; verify current manager conditions and restrictions.","unit":"CITY","origin":"public-catalog"}},{"type":"Feature","id":"usgs-pad-us-fee-managers:99736","geometry":{"type":"Polygon","coordinates":[[[-92.8166,33.5742],[-92.8171,33.5734],[-92.8187,33.5737],[-92.8187,33.575],[-92.8171,33.5747],[-92.8165,33.5744],[-92.8166,33.5742]]]},"properties":{"id":"usgs-pad-us-fee-managers:99736","name":"Fort Southerland Park","kind":"land","category":"public-land","sourceCategory":"public-land","sourceId":"usgs-pad-us-fee-managers","sourceUrl":"https://services.arcgis.com/v01gqwM5QqNysAAi/arcgis/rest/services/Fee_Managers_PADUS/FeatureServer/0","sourceUpdated":"2023-05-15T04:00:00.000Z","publicUse":"PAD-US reports open access; verify current manager conditions and restrictions.","unit":"CITY","origin":"public-catalog"}},{"type":"Feature","id":"usgs-pad-us-fee-managers:99737","geometry":{"type":"Polygon","coordinates":[[[-92.8214,33.571],[-92.8224,33.571],[-92.823,33.5726],[-92.8211,33.5726],[-92.8211,33.5711],[-92.8214,33.571]]]},"properties":{"id":"usgs-pad-us-fee-managers:99737","name":"Ira Clark Park","kind":"land","category":"public-land","sourceCategory":"public-land","sourceId":"usgs-pad-us-fee-managers","sourceUrl":"https://services.arcgis.com/v01gqwM5QqNysAAi/arcgis/rest/services/Fee_Managers_PADUS/FeatureServer/0","sourceUpdated":"2023-05-15T04:00:00.000Z","publicUse":"PAD-US reports open access; verify current manager conditions and restrictions.","unit":"CITY","origin":"public-catalog"}},{"type":"Feature","id":"usgs-pad-us-fee-managers:99741","geometry":{"type":"Polygon","coordinates":[[[-92.8201,33.5924],[-92.8208,33.5924],[-92.8215,33.5914],[-92.8218,33.5905],[-92.8224,33.5905],[-92.8227,33.5909],[-92.824,33.5907],[-92.8248,33.5909],[-92.8243,33.5915],[-92.8229,33.5924],[-92.8184,33.5966],[-92.8169,33.595],[-92.8165,33.5937],[-92.817,33.593],[-92.8175,33.5927],[-92.8201,33.5924]]]},"properties":{"id":"usgs-pad-us-fee-managers:99741","name":"Sandy Beach Park","kind":"land","category":"public-land","sourceCategory":"public-land","sourceId":"usgs-pad-us-fee-managers","sourceUrl":"https://services.arcgis.com/v01gqwM5QqNysAAi/arcgis/rest/services/Fee_Managers_PADUS/FeatureServer/0","sourceUpdated":"2023-05-15T04:00:00.000Z","publicUse":"PAD-US reports open access; verify current manager conditions and restrictions.","unit":"CITY","origin":"public-catalog"}}]}
