{"type":"FeatureCollection","features":[{"type":"Feature","id":"usgs-pad-us-fee-managers:2695","geometry":{"type":"MultiPolygon","coordinates":[[[[-103.637,43.2784],[-103.6419,43.2784],[-103.6419,43.282],[-103.637,43.2821],[-103.637,43.2784]]],[[[-103.6271,43.2784],[-103.632,43.2784],[-103.632,43.2821],[-103.6314,43.2821],[-103.6307,43.2813],[-103.629,43.2805],[-103.6271,43.28],[-103.6271,43.2784]]],[[[-103.5588,43.2855],[-103.5588,43.2839],[-103.5599,43.2843],[-103.561,43.2855],[-103.5588,43.2855]]],[[[-103.6318,43.2883],[-103.632,43.288],[-103.6319,43.2921],[-103.6307,43.2916],[-103.6306,43.2914],[-103.6312,43.2888],[-103.6318,43.2883]]],[[[-103.4606,43.3],[-103.4606,43.2964],[-103.4648,43.2964],[-103.4648,43.3],[-103.4606,43.3]]],[[[-103.4179,43.3],[-103.4211,43.2999],[-103.4211,43.3016],[-103.4179,43.3]]],[[[-103.6467,43.3038],[-103.6467,43.3001],[-103.6616,43.3002],[-103.6616,43.3038],[-103.6467,43.3038]]],[[[-103.6815,43.2966],[-103.6865,43.2966],[-103.6864,43.3039],[-103.6815,43.3039],[-103.6815,43.2966]]],[[[-103.6786,43.3111],[-103.6687,43.3111],[-103.6687,43.3038],[-103.6786,43.3039],[-103.6786,43.3111]]],[[[-103.561,43.3192],[-103.561,43.3182],[-103.5647,43.3182],[-103.5647,43.3201],[-103.561,43.3201],[-103.561,43.3192]]],[[[-103.6389,43.3219],[-103.6389,43.3182],[-103.629,43.3183],[-103.629,43.311],[-103.6241,43.311],[-103.6241,43.3074],[-103.629,43.3074],[-103.6291,43.3038],[-103.639,43.3038],[-103.6389,43.3146],[-103.6439,43.3146],[-103.6438,43.3219],[-103.6389,43.3219]]],[[[-103.4959,43.3216],[-103.4959,43.3144],[-103.491,43.3144],[-103.491,43.3109],[-103.5008,43.3109],[-103.5009,43.3037],[-103.4994,43.3037],[-103.4994,43.2927],[-103.5093,43.2927],[-103.5094,43.2819],[-103.5144,43.2818],[-103.5144,43.2781],[-103.5194,43.2768],[-103.5215,43.2765],[-103.5242,43.2768],[-103.5242,43.2818],[-103.5341,43.2819],[-103.534,43.2963],[-103.539,43.2964],[-103.539,43.3038],[-103.5449,43.3038],[-103.5449,43.3074],[-103.54,43.3073],[-103.54,43.3109],[-103.5205,43.3109],[-103.5204,43.3252],[-103.5106,43.3252],[-103.5106,43.3216],[-103.5008,43.3216],[-103.5008,43.3252],[-103.4812,43.3252],[-103.4813,43.3216],[-103.4959,43.3216]]],[[[-103.6786,43.3111],[-103.6979,43.3111],[-103.6979,43.3183],[-103.7028,43.3183],[-103.7028,43.3256],[-103.6885,43.3255],[-103.6884,43.3328],[-103.6786,43.3328],[-103.6786,43.3111]]],[[[-103.7472,43.3329],[-103.7423,43.3329],[-103.7423,43.3293],[-103.7472,43.3293],[-103.7472,43.3329]]],[[[-103.5499,43.3361],[-103.5499,43.3343],[-103.5523,43.3344],[-103.5523,43.3362],[-103.5499,43.3361]]],[[[-103.4255,43.3324],[-103.4267,43.3324],[-103.4267,43.336],[-103.4264,43.3361],[-103.425,43.336],[-103.4242,43.3348],[-103.4244,43.3339],[-103.4255,43.3324]]],[[[-103.5746,43.3362],[-103.5745,43.3326],[-103.5795,43.3326],[-103.5795,43.3362],[-103.5894,43.3363],[-103.5894,43.3399],[-103.5746,43.3398],[-103.5746,43.3362]]],[[[-103.6488,43.3364],[-103.6488,43.3327],[-103.6587,43.3328],[-103.6587,43.34],[-103.6538,43.34],[-103.6538,43.3364],[-103.6488,43.3364]]],[[[-103.4811,43.3469],[-103.4811,43.3432],[-103.4761,43.3433],[-103.4762,43.336],[-103.4712,43.3361],[-103.4713,43.3288],[-103.4861,43.3288],[-103.486,43.3324],[-103.4958,43.3324],[-103.4958,43.336],[-103.4909,43.336],[-103.4909,43.3432],[-103.4958,43.3432],[-103.4958,43.3468],[-103.4811,43.3469]]],[[[-103.4415,43.3469],[-103.4372,43.3469],[-103.4387,43.3422],[-103.4387,43.341],[-103.4374,43.3401],[-103.4363,43.3397],[-103.4356,43.3397],[-103.4337,43.3388],[-103.4343,43.3372],[-103.434,43.3361],[-103.4416,43.3361],[-103.4415,43.3469]]],[[[-103.4514,43.3469],[-103.4514,43.3433],[-103.4564,43.3434],[-103.4564,43.3469],[-103.4514,43.3469]]],[[[-103.629,43.3436],[-103.634,43.3436],[-103.634,43.3472],[-103.629,43.3472],[-103.629,43.3436]]],[[[-103.6093,43.3544],[-103.6093,43.358],[-103.6043,43.358],[-103.6043,43.3544],[-103.6093,43.3544]]],[[[-103.6978,43.3509],[-103.6978,43.3328],[-103.7077,43.3328],[-103.7077,43.3292],[-103.7176,43.3292],[-103.7176,43.3436],[-103.7077,43.3436],[-103.7077,43.3473],[-103.7027,43.3472],[-103.7027,43.3581],[-103.6978,43.3581],[-103.6978,43.3509]]],[[[-103.5796,43.3614],[-103.5796,43.3506],[-103.5894,43.3507],[-103.5894,43.3543],[-103.5944,43.3543],[-103.5944,43.3615],[-103.5796,43.3614]]],[[[-103.4909,43.3612],[-103.4959,43.3612],[-103.4959,43.3648],[-103.486,43.3649],[-103.486,43.3613],[-103.4909,43.3612]]],[[[-103.5698,43.3614],[-103.5649,43.3614],[-103.5649,43.365],[-103.555,43.365],[-103.555,43.3614],[-103.56,43.3614],[-103.5599,43.3506],[-103.5697,43.3506],[-103.5698,43.3614]]],[[[-103.4266,43.3722],[-103.4266,43.3686],[-103.4316,43.3686],[-103.4316,43.365],[-103.4365,43.3649],[-103.4365,43.3722],[-103.4266,43.3722]]],[[[-103.5698,43.3614],[-103.5796,43.3614],[-103.5796,43.3686],[-103.5747,43.3686],[-103.5747,43.3722],[-103.5698,43.3722],[-103.5698,43.3614]]],[[[-103.5894,43.3759],[-103.5894,43.3723],[-103.5993,43.3723],[-103.5993,43.3759],[-103.5894,43.3759]]],[[[-103.4465,43.3758],[-103.4464,43.3722],[-103.4415,43.3722],[-103.4415,43.3541],[-103.4613,43.3541],[-103.4613,43.3794],[-103.4316,43.3794],[-103.4316,43.3758],[-103.4465,43.3758]]],[[[-103.5796,43.3686],[-103.5845,43.3686],[-103.5845,43.3794],[-103.5796,43.3794],[-103.5796,43.3686]]],[[[-103.5747,43.383],[-103.5796,43.383],[-103.5796,43.3866],[-103.5698,43.3866],[-103.5698,43.383],[-103.5747,43.383]]],[[[-103.5845,43.3866],[-103.5845,43.383],[-103.5944,43.3831],[-103.5944,43.3868],[-103.5845,43.3866]]],[[[-103.555,43.3902],[-103.555,43.3758],[-103.5649,43.3758],[-103.5649,43.383],[-103.5599,43.383],[-103.5599,43.3902],[-103.555,43.3902]]],[[[-103.555,43.3902],[-103.555,43.3938],[-103.5501,43.3938],[-103.5501,43.3902],[-103.555,43.3902]]],[[[-103.5747,43.3902],[-103.5796,43.3902],[-103.5796,43.3938],[-103.5748,43.3938],[-103.5747,43.3902]]],[[[-103.5058,43.3938],[-103.5058,43.3902],[-103.5205,43.3902],[-103.5205,43.401],[-103.5058,43.401],[-103.5058,43.3938]]],[[[-103.6883,43.4017],[-103.6882,43.3909],[-103.6932,43.391],[-103.6932,43.4018],[-103.6883,43.4017]]],[[[-103.4861,43.401],[-103.4861,43.3974],[-103.491,43.3974],[-103.491,43.4046],[-103.4861,43.4046],[-103.4861,43.401]]],[[[-103.5304,43.401],[-103.5304,43.3974],[-103.5353,43.3974],[-103.5353,43.401],[-103.5452,43.401],[-103.5452,43.4046],[-103.5304,43.4046],[-103.5304,43.401]]],[[[-103.624,43.4013],[-103.6338,43.4014],[-103.6338,43.405],[-103.624,43.4049],[-103.624,43.4013]]],[[[-103.6338,43.4014],[-103.6339,43.3978],[-103.624,43.3977],[-103.624,43.4013],[-103.619,43.4013],[-103.6191,43.3977],[-103.6092,43.3976],[-103.6092,43.3904],[-103.624,43.3905],[-103.6241,43.376],[-103.6142,43.376],[-103.6142,43.3688],[-103.6241,43.3689],[-103.6242,43.3617],[-103.6242,43.3545],[-103.6093,43.3544],[-103.6092,43.3255],[-103.5795,43.3254],[-103.5795,43.3182],[-103.6192,43.3183],[-103.6191,43.3327],[-103.6439,43.3327],[-103.6439,43.34],[-103.634,43.34],[-103.634,43.3363],[-103.629,43.3363],[-103.629,43.3436],[-103.6192,43.3436],[-103.6192,43.3472],[-103.6241,43.3472],[-103.6241,43.3508],[-103.6291,43.3508],[-103.6291,43.3544],[-103.634,43.3544],[-103.634,43.3653],[-103.6537,43.3653],[-103.6537,43.3617],[-103.6389,43.3617],[-103.6389,43.3472],[-103.6786,43.3472],[-103.6785,43.3581],[-103.6686,43.3581],[-103.6686,43.3653],[-103.6785,43.3654],[-103.6785,43.3617],[-103.6834,43.3617],[-103.6835,43.3545],[-103.6933,43.3545],[-103.6933,43.3617],[-103.7027,43.3617],[-103.7027,43.3689],[-103.6933,43.3689],[-103.6933,43.3726],[-103.6884,43.3726],[-103.6884,43.3762],[-103.6834,43.3762],[-103.6834,43.3798],[-103.6784,43.3798],[-103.6784,43.3726],[-103.6685,43.3726],[-103.6685,43.3798],[-103.6734,43.3798],[-103.6734,43.4053],[-103.6684,43.4052],[-103.6684,43.398],[-103.6585,43.398],[-103.6585,43.3944],[-103.6487,43.3943],[-103.6486,43.4015],[-103.6338,43.4014]]],[[[-103.6883,43.4017],[-103.6883,43.4053],[-103.6833,43.4053],[-103.6833,43.4017],[-103.6883,43.4017]]],[[[-103.4463,43.4083],[-103.4463,43.4047],[-103.4762,43.4046],[-103.4762,43.4082],[-103.4713,43.4083],[-103.4713,43.4119],[-103.4614,43.412],[-103.4614,43.4083],[-103.4463,43.4083]]],[[[-103.6585,43.4088],[-103.6585,43.4052],[-103.6635,43.4052],[-103.6635,43.4088],[-103.6684,43.4089],[-103.6685,43.4125],[-103.6585,43.4124],[-103.6585,43.4088]]],[[[-103.6437,43.4159],[-103.6437,43.4123],[-103.6536,43.4124],[-103.6536,43.416],[-103.6437,43.4159]]],[[[-103.47,43.4383],[-103.4701,43.4355],[-103.4712,43.4355],[-103.4719,43.4365],[-103.4728,43.4362],[-103.473,43.4381],[-103.47,43.4383]]],[[[-103.5894,43.4556],[-103.5845,43.4556],[-103.5845,43.4519],[-103.5894,43.4519],[-103.5894,43.4556]]],[[[-103.5993,43.4556],[-103.5993,43.4483],[-103.6092,43.4484],[-103.6092,43.452],[-103.6042,43.452],[-103.6042,43.4556],[-103.5993,43.4556]]],[[[-103.5894,43.4556],[-103.5944,43.4556],[-103.5944,43.4592],[-103.5894,43.4592],[-103.5894,43.4556]]],[[[-103.5895,43.4629],[-103.5944,43.4629],[-103.5944,43.4665],[-103.5796,43.4665],[-103.5796,43.4629],[-103.5895,43.4629]]],[[[-103.5555,43.4736],[-103.5555,43.47],[-103.5505,43.47],[-103.5505,43.4664],[-103.5406,43.4664],[-103.5406,43.4627],[-103.5357,43.4627],[-103.5356,43.4555],[-103.5455,43.4555],[-103.5455,43.4591],[-103.5653,43.4592],[-103.5653,43.4628],[-103.5604,43.4628],[-103.5604,43.47],[-103.5703,43.4701],[-103.5703,43.4737],[-103.5604,43.4736],[-103.5605,43.4775],[-103.5555,43.4775],[-103.5555,43.4736]]],[[[-103.8021,43.4777],[-103.807,43.4777],[-103.807,43.4813],[-103.8021,43.4813],[-103.8021,43.4777]]],[[[-103.9807,43.5108],[-103.9807,43.5036],[-103.9857,43.5035],[-103.9857,43.4999],[-103.9956,43.4997],[-103.9955,43.496],[-104.0005,43.4961],[-104.0004,43.4924],[-103.9954,43.4923],[-103.9955,43.4888],[-104.0054,43.4889],[-104.0055,43.4997],[-104.0105,43.4998],[-104.0106,43.5034],[-104.0056,43.5034],[-104.0057,43.5107],[-103.9807,43.5108]]],[[[-103.6885,43.5104],[-103.6885,43.5068],[-103.6978,43.5068],[-103.6978,43.514],[-103.6885,43.514],[-103.6885,43.5104]]],[[[-103.8309,43.5285],[-103.8309,43.5249],[-103.8359,43.5249],[-103.8359,43.5285],[-103.8309,43.5285]]],[[[-103.7724,43.5357],[-103.7774,43.5357],[-103.7774,43.5393],[-103.7674,43.5393],[-103.7674,43.5357],[-103.7724,43.5357]]],[[[-103.7773,43.5248],[-103.7773,43.5212],[-103.7574,43.5212],[-103.7574,43.5067],[-103.7624,43.5067],[-103.7624,43.5031],[-103.7872,43.5031],[-103.7872,43.4995],[-103.7773,43.4995],[-103.7773,43.4922],[-103.7723,43.4922],[-103.7723,43.4886],[-103.7921,43.4886],[-103.7922,43.4995],[-103.7971,43.4995],[-103.7972,43.5067],[-103.8022,43.5067],[-103.8022,43.5103],[-103.8121,43.5103],[-103.8121,43.5031],[-103.8071,43.5031],[-103.8071,43.4994],[-103.816,43.4994],[-103.816,43.4922],[-103.8459,43.4923],[-103.8459,43.4959],[-103.8409,43.4959],[-103.8409,43.4995],[-103.831,43.4995],[-103.831,43.4959],[-103.821,43.4958],[-103.821,43.5067],[-103.816,43.5067],[-103.816,43.514],[-103.821,43.514],[-103.821,43.5212],[-103.816,43.5212],[-103.816,43.543],[-103.8073,43.543],[-103.8073,43.5357],[-103.8023,43.5357],[-103.8023,43.5285],[-103.7774,43.5284],[-103.7773,43.5248]]],[[[-103.8858,43.5358],[-103.8858,43.543],[-103.8758,43.543],[-103.8758,43.5357],[-103.8858,43.5358]]],[[[-103.8708,43.5466],[-103.8758,43.5466],[-103.8758,43.5539],[-103.8658,43.5539],[-103.8658,43.5466],[-103.8708,43.5466]]],[[[-103.9564,43.6119],[-103.9564,43.6083],[-103.9463,43.6083],[-103.9464,43.601],[-103.9763,43.601],[-103.9763,43.6083],[-103.9663,43.6083],[-103.9663,43.6155],[-103.9564,43.6155],[-103.9564,43.6119]]],[[[-103.6632,43.7193],[-103.6663,43.7177],[-103.6674,43.7176],[-103.67,43.7142],[-103.6715,43.7149],[-103.6719,43.7145],[-103.6706,43.7133],[-103.6676,43.7127],[-103.6669,43.7134],[-103.668,43.7144],[-103.6667,43.7171],[-103.665,43.7175],[-103.6623,43.7167],[-103.6632,43.7166],[-103.6632,43.7094],[-103.6682,43.7094],[-103.6682,43.7054],[-103.6739,43.7052],[-103.6769,43.7048],[-103.6786,43.7061],[-103.675,43.7091],[-103.6697,43.7107],[-103.6716,43.7115],[-103.6751,43.7099],[-103.6817,43.7085],[-103.6803,43.7037],[-103.6827,43.7034],[-103.6855,43.7046],[-103.6867,43.7043],[-103.6886,43.7078],[-103.6877,43.7084],[-103.6895,43.7097],[-103.6895,43.7115],[-103.6852,43.7125],[-103.6842,43.7103],[-103.6801,43.7132],[-103.6824,43.7147],[-103.6769,43.7154],[-103.676,43.7168],[-103.6732,43.718],[-103.6726,43.7202],[-103.6682,43.7202],[-103.6682,43.7239],[-103.6682,43.7237],[-103.6653,43.7234],[-103.6628,43.7195],[-103.6632,43.7193]]],[[[-103.6782,43.7274],[-103.6782,43.7202],[-103.6785,43.719],[-103.6802,43.7204],[-103.6809,43.719],[-103.6817,43.7184],[-103.684,43.7176],[-103.6845,43.7183],[-103.6843,43.7202],[-103.6862,43.7226],[-103.6857,43.7238],[-103.6844,43.7253],[-103.6833,43.725],[-103.6839,43.7263],[-103.6826,43.727],[-103.6828,43.7274],[-103.6782,43.7274]]],[[[-103.8858,43.5358],[-103.8857,43.496],[-103.8924,43.4943],[-103.8877,43.4912],[-103.8857,43.4923],[-103.8857,43.4867],[-103.8833,43.4867],[-103.8833,43.4848],[-103.8808,43.4849],[-103.8808,43.4782],[-103.8658,43.4781],[-103.8658,43.4708],[-103.8559,43.4708],[-103.8559,43.4672],[-103.8411,43.4671],[-103.8411,43.4559],[-103.8361,43.4558],[-103.8361,43.4489],[-103.8336,43.4489],[-103.8336,43.4453],[-103.8286,43.4452],[-103.8286,43.4434],[-103.8236,43.4434],[-103.8236,43.4452],[-103.8261,43.4452],[-103.8261,43.4559],[-103.797,43.456],[-103.797,43.4524],[-103.802,43.4524],[-103.802,43.4487],[-103.797,43.4488],[-103.797,43.4344],[-103.7895,43.4344],[-103.7892,43.4283],[-103.7881,43.4257],[-103.7811,43.4263],[-103.7796,43.4295],[-103.782,43.4344],[-103.771,43.4344],[-103.771,43.438],[-103.7574,43.438],[-103.7574,43.4344],[-103.7424,43.4343],[-103.7424,43.4379],[-103.7374,43.4379],[-103.7374,43.4416],[-103.7325,43.4416],[-103.7325,43.4343],[-103.7374,43.4343],[-103.7374,43.4198],[-103.7349,43.4198],[-103.7349,43.4162],[-103.7374,43.4162],[-103.7374,43.3546],[-103.7423,43.3546],[-103.7423,43.3473],[-103.7472,43.3474],[-103.7472,43.3329],[-103.7521,43.3329],[-103.7521,43.3401],[-103.7669,43.3402],[-103.7669,43.3474],[-103.757,43.3474],[-103.7571,43.3618],[-103.762,43.3618],[-103.7621,43.369],[-103.772,43.3691],[-103.772,43.3655],[-103.7819,43.3655],[-103.7819,43.3691],[-103.7769,43.3691],[-103.7769,43.3763],[-103.772,43.3763],[-103.772,43.3835],[-103.777,43.3835],[-103.777,43.3909],[-103.7721,43.3909],[-103.7721,43.3945],[-103.782,43.3945],[-103.782,43.3909],[-103.8163,43.3909],[-103.8163,43.4054],[-103.8558,43.4056],[-103.8559,43.3984],[-103.8708,43.3985],[-103.8708,43.4021],[-103.8658,43.4021],[-103.8661,43.4202],[-103.8959,43.4204],[-103.8959,43.4276],[-103.9108,43.4277],[-103.9108,43.4313],[-103.9208,43.4314],[-103.9208,43.435],[-103.9258,43.4351],[-103.9258,43.4387],[-103.9307,43.4388],[-103.9307,43.4424],[-103.9258,43.4423],[-103.9258,43.4495],[-103.9359,43.4496],[-103.936,43.4786],[-103.956,43.4785],[-103.9559,43.4928],[-103.9756,43.4928],[-103.9757,43.5217],[-103.9858,43.5217],[-103.986,43.5362],[-104.0206,43.5364],[-104.0206,43.54],[-104.0256,43.54],[-104.0255,43.5472],[-104.0305,43.5472],[-104.0306,43.5545],[-104.0355,43.5544],[-104.0355,43.565],[-104.041,43.565],[-104.041,43.572],[-104.046,43.572],[-104.046,43.5793],[-104.051,43.5793],[-104.051,43.5938],[-104.0549,43.5938],[-104.0551,43.7384],[-104.025,43.7384],[-104.025,43.713],[-104.0449,43.713],[-104.045,43.7058],[-104.0425,43.7058],[-104.0425,43.6986],[-104.04,43.6986],[-104.04,43.6949],[-104.035,43.6949],[-104.035,43.6913],[-104.025,43.6913],[-104.025,43.6877],[-104.015,43.6877],[-104.015,43.6805],[-104.025,43.6805],[-104.025,43.6515],[-104.026,43.6515],[-104.026,43.6487],[-104.0324,43.6509],[-104.0331,43.6464],[-104.026,43.6439],[-104.026,43.6431],[-104.0286,43.6436],[-104.0302,43.6413],[-104.0281,43.6404],[-104.0253,43.6353],[-104.025,43.6317],[-104.0217,43.6318],[-104.0209,43.6254],[-104.0214,43.6248],[-104.0161,43.6249],[-104.0161,43.6192],[-104.0111,43.6192],[-104.0111,43.6083],[-103.9962,43.6083],[-103.9962,43.601],[-103.9912,43.601],[-103.9912,43.5938],[-103.9962,43.5938],[-103.9962,43.5902],[-103.9913,43.5902],[-103.9913,43.5865],[-103.9962,43.5865],[-103.9963,43.5656],[-103.9913,43.5656],[-103.9915,43.5513],[-103.9866,43.5513],[-103.9866,43.5477],[-103.9766,43.5478],[-103.9767,43.5442],[-103.9466,43.5442],[-103.9464,43.5369],[-103.9363,43.5369],[-103.9363,43.5358],[-103.8858,43.5358]]],[[[-104.0178,43.6228],[-104.0177,43.6247],[-104.0216,43.6246],[-104.0252,43.6208],[-104.0181,43.6189],[-104.0178,43.6228]]],[[[-103.9669,43.5331],[-103.967,43.5237],[-103.9725,43.5203],[-103.972,43.5196],[-103.9691,43.5202],[-103.9641,43.5243],[-103.9656,43.5331],[-103.9669,43.5331]]],[[[-103.9671,43.5296],[-103.967,43.5331],[-103.9722,43.5329],[-103.972,43.5285],[-103.9687,43.5234],[-103.9726,43.5203],[-103.9671,43.5237],[-103.9671,43.5296]]],[[[-103.8286,43.4425],[-103.8274,43.4393],[-103.8225,43.4374],[-103.8209,43.4334],[-103.8177,43.4334],[-103.8166,43.4382],[-103.819,43.4431],[-103.8289,43.4432],[-103.8286,43.4425]]],[[[-103.787,43.4199],[-103.7863,43.4199],[-103.7851,43.4223],[-103.7815,43.4239],[-103.7811,43.4262],[-103.7882,43.4256],[-103.7908,43.4234],[-103.7889,43.42],[-103.787,43.4199]]],[[[-103.787,43.4126],[-103.787,43.409],[-103.782,43.409],[-103.7821,43.4126],[-103.7771,43.4126],[-103.7771,43.4162],[-103.7821,43.4162],[-103.7821,43.4199],[-103.787,43.4199],[-103.787,43.4126]]],[[[-103.7824,43.406],[-103.7824,43.4038],[-103.7797,43.4023],[-103.7805,43.4004],[-103.7775,43.3948],[-103.7762,43.3947],[-103.7771,43.4016],[-103.775,43.4038],[-103.7758,43.4065],[-103.7789,43.4068],[-103.7804,43.4087],[-103.7828,43.4083],[-103.7824,43.406]]],[[[-104.01,43.7492],[-104.01,43.7456],[-104.005,43.7456],[-104.005,43.7383],[-104.015,43.7384],[-104.015,43.7492],[-104.01,43.7492]]],[[[-103.5745,43.7603],[-103.5765,43.7602],[-103.5765,43.7604],[-103.5745,43.7603]]],[[[-103.4986,43.7564],[-103.4987,43.7487],[-103.5005,43.7487],[-103.5046,43.748],[-103.5066,43.7503],[-103.5056,43.7516],[-103.503,43.7534],[-103.4991,43.755],[-103.4997,43.7554],[-103.501,43.7553],[-103.5076,43.7517],[-103.5077,43.7513],[-103.5128,43.7518],[-103.5189,43.7491],[-103.5196,43.7483],[-103.5212,43.748],[-103.5195,43.7505],[-103.5203,43.7504],[-103.52,43.7529],[-103.5186,43.7528],[-103.5186,43.7568],[-103.5149,43.7585],[-103.5128,43.7607],[-103.5136,43.7637],[-103.4986,43.7637],[-103.4986,43.7564]]],[[[-103.602,43.7646],[-103.6022,43.765],[-103.602,43.7651],[-103.6018,43.7647],[-103.602,43.7646]]],[[[-103.6021,43.7652],[-103.6022,43.7651],[-103.6024,43.7655],[-103.6023,43.7656],[-103.6021,43.7652]]],[[[-103.6056,43.7725],[-103.6113,43.7709],[-103.6132,43.7709],[-103.6132,43.7754],[-103.6127,43.7765],[-103.6111,43.7754],[-103.6095,43.775],[-103.6101,43.7747],[-103.6056,43.7725]]],[[[-103.5329,43.771],[-103.5336,43.7708],[-103.5336,43.771],[-103.5367,43.771],[-103.5374,43.7725],[-103.5382,43.7732],[-103.5372,43.7754],[-103.5359,43.7755],[-103.5336,43.7774],[-103.5308,43.7762],[-103.5298,43.7755],[-103.5323,43.774],[-103.5325,43.7711],[-103.5329,43.771]]],[[[-103.5686,43.7786],[-103.5732,43.7769],[-103.5722,43.7755],[-103.5724,43.7746],[-103.5735,43.7746],[-103.5735,43.7782],[-103.5782,43.7782],[-103.5782,43.7746],[-103.5784,43.7731],[-103.5789,43.7718],[-103.5821,43.775],[-103.5816,43.7752],[-103.5808,43.7748],[-103.5806,43.7749],[-103.5813,43.7753],[-103.5806,43.7785],[-103.5777,43.7801],[-103.5756,43.781],[-103.5686,43.7794],[-103.5681,43.7788],[-103.5686,43.7786]]],[[[-103.5802,43.7749],[-103.5807,43.7747],[-103.5801,43.7744],[-103.5796,43.7727],[-103.5786,43.7731],[-103.5795,43.7742],[-103.5783,43.7751],[-103.5785,43.7755],[-103.5802,43.7749]]],[[[-103.551,43.7713],[-103.5514,43.771],[-103.555,43.7719],[-103.5548,43.7726],[-103.5584,43.7739],[-103.5586,43.7746],[-103.5618,43.7755],[-103.5604,43.7761],[-103.5629,43.7797],[-103.5604,43.7803],[-103.5613,43.7817],[-103.5561,43.7797],[-103.555,43.7777],[-103.556,43.7775],[-103.5552,43.7753],[-103.5524,43.7739],[-103.5489,43.7733],[-103.55,43.7717],[-103.551,43.7713]]],[[[-103.5658,43.7865],[-103.5653,43.7873],[-103.5623,43.7824],[-103.5652,43.7818],[-103.5677,43.7841],[-103.5695,43.785],[-103.5709,43.7848],[-103.5709,43.7858],[-103.5697,43.7884],[-103.5658,43.7865]]],[[[-103.6376,43.7927],[-103.6383,43.7904],[-103.6382,43.7935],[-103.6374,43.7933],[-103.6376,43.7927]]],[[[-103.638,43.7963],[-103.6382,43.7957],[-103.6382,43.7963],[-103.638,43.7963]]],[[[-103.6431,43.7963],[-103.6432,43.7963],[-103.6432,43.7963],[-103.6431,43.7963]]],[[[-103.5135,43.7926],[-103.5185,43.7926],[-103.5185,43.7962],[-103.517,43.7962],[-103.5155,43.7972],[-103.512,43.7953],[-103.5135,43.7926]]],[[[-103.6501,43.7974],[-103.65,43.7963],[-103.6482,43.7963],[-103.6482,43.7891],[-103.6545,43.7891],[-103.6567,43.792],[-103.6569,43.7933],[-103.6532,43.7933],[-103.6532,43.7963],[-103.6522,43.7963],[-103.6519,43.7974],[-103.6501,43.7974]]],[[[-103.6532,43.797],[-103.6535,43.7965],[-103.6542,43.7965],[-103.6527,43.7999],[-103.6518,43.7999],[-103.6532,43.797]]],[[[-103.6282,43.8163],[-103.6294,43.8155],[-103.6276,43.812],[-103.6271,43.812],[-103.6273,43.8108],[-103.6269,43.8094],[-103.6272,43.8081],[-103.6288,43.8085],[-103.631,43.8098],[-103.6325,43.8116],[-103.6332,43.8115],[-103.6331,43.818],[-103.6275,43.818],[-103.628,43.8175],[-103.6282,43.8163]]],[[[-103.6315,43.8142],[-103.6302,43.8119],[-103.6281,43.8124],[-103.6301,43.8163],[-103.6323,43.8157],[-103.6315,43.8142]]],[[[-103.6831,43.8433],[-103.6881,43.8433],[-103.6881,43.847],[-103.6831,43.847],[-103.6831,43.8433]]],[[[-103.564,43.8824],[-103.5643,43.8823],[-103.5647,43.883],[-103.5644,43.8831],[-103.564,43.8824]]],[[[-103.4244,43.885],[-103.4239,43.8842],[-103.4244,43.8842],[-103.4244,43.885]]],[[[-103.4074,43.8863],[-103.4082,43.8859],[-103.4113,43.8896],[-103.4098,43.8901],[-103.4103,43.8899],[-103.4074,43.8863]]],[[[-103.4149,43.8936],[-103.415,43.8935],[-103.4152,43.8938],[-103.4149,43.8936]]],[[[-103.4426,43.8994],[-103.4429,43.8991],[-103.4431,43.8996],[-103.4426,43.8994]]],[[[-103.5859,43.9087],[-103.5889,43.9094],[-103.5886,43.9096],[-103.5859,43.9087]]],[[[-103.5071,43.9123],[-103.5066,43.9118],[-103.5077,43.9118],[-103.5071,43.9123]]],[[[-103.5306,43.9181],[-103.5303,43.9179],[-103.5307,43.918],[-103.5306,43.9181]]],[[[-103.4499,43.9184],[-103.4507,43.919],[-103.4505,43.9191],[-103.4499,43.9184]]],[[[-103.4499,43.9184],[-103.4458,43.9209],[-103.4439,43.9189],[-103.4445,43.9189],[-103.4445,43.9153],[-103.4489,43.9189],[-103.4497,43.9184],[-103.4489,43.9176],[-103.4499,43.9184]]],[[[-103.5265,43.9208],[-103.5265,43.9207],[-103.5269,43.9211],[-103.5265,43.9208]]],[[[-103.5742,43.9252],[-103.5736,43.9241],[-103.5743,43.9251],[-103.5742,43.9252]]],[[[-103.5814,43.9341],[-103.5815,43.9341],[-103.5816,43.9344],[-103.5814,43.9341]]],[[[-103.5228,43.9336],[-103.5222,43.9349],[-103.5227,43.935],[-103.5218,43.9351],[-103.5228,43.9336]]],[[[-103.5191,43.9354],[-103.5193,43.9351],[-103.5198,43.9353],[-103.5191,43.9354]]],[[[-103.5685,43.9357],[-103.5685,43.9365],[-103.568,43.9364],[-103.5677,43.9362],[-103.568,43.9352],[-103.5685,43.9354],[-103.5685,43.9357]]],[[[-103.5685,43.9357],[-103.5686,43.9354],[-103.5715,43.9361],[-103.5718,43.9384],[-103.5706,43.9383],[-103.5685,43.9366],[-103.5685,43.9357]]],[[[-103.4415,43.9491],[-103.4424,43.9485],[-103.4425,43.9486],[-103.4415,43.9491]]],[[[-103.4406,43.9496],[-103.4409,43.9494],[-103.4409,43.9494],[-103.4406,43.9496]]],[[[-103.2527,44.0058],[-103.2529,44.0046],[-103.2557,44.0047],[-103.2556,44.0058],[-103.257,44.0058],[-103.257,44.0083],[-103.2522,44.0083],[-103.2527,44.0058]]],[[[-103.4166,44.0567],[-103.4166,44.056],[-103.4171,44.0558],[-103.4183,44.0582],[-103.4145,44.059],[-103.4134,44.0576],[-103.4159,44.0573],[-103.4166,44.0567]]],[[[-103.5605,44.084],[-103.5606,44.0837],[-103.5614,44.0839],[-103.5613,44.0842],[-103.5605,44.084]]],[[[-103.5605,44.0843],[-103.5606,44.084],[-103.5619,44.0844],[-103.5618,44.0846],[-103.5605,44.0843]]],[[[-103.5618,44.0851],[-103.5619,44.0848],[-103.5634,44.0852],[-103.5633,44.0855],[-103.5618,44.0851]]],[[[-103.5668,44.0855],[-103.5669,44.0853],[-103.5671,44.0853],[-103.567,44.0856],[-103.5668,44.0855]]],[[[-103.5657,44.0856],[-103.566,44.0854],[-103.5659,44.0856],[-103.5657,44.0856]]],[[[-103.5664,44.0858],[-103.5666,44.0855],[-103.5668,44.0856],[-103.5667,44.0858],[-103.5664,44.0858]]],[[[-103.5635,44.0855],[-103.5636,44.0852],[-103.565,44.0856],[-103.5649,44.0859],[-103.5635,44.0855]]],[[[-103.5652,44.0859],[-103.5653,44.0857],[-103.5673,44.0862],[-103.5671,44.0864],[-103.5652,44.0859]]],[[[-103.7096,44.0859],[-103.7088,44.0828],[-103.7099,44.0827],[-103.7098,44.0823],[-103.7115,44.0887],[-103.7103,44.0889],[-103.7113,44.0929],[-103.7096,44.0859]]],[[[-103.349,44.0821],[-103.3524,44.0821],[-103.3524,44.0967],[-103.3323,44.0967],[-103.3323,44.0821],[-103.349,44.0821]]],[[[-103.3123,44.1112],[-103.3122,44.1039],[-103.3323,44.104],[-103.3322,44.1076],[-103.3224,44.1076],[-103.3224,44.1112],[-103.3123,44.1112]]],[[[-103.3624,44.1403],[-103.3523,44.1403],[-103.3523,44.1331],[-103.3422,44.1331],[-103.3422,44.1367],[-103.3322,44.1367],[-103.3322,44.1331],[-103.3372,44.1331],[-103.3372,44.1258],[-103.3423,44.1258],[-103.3422,44.1294],[-103.3473,44.1294],[-103.3473,44.1221],[-103.3523,44.1221],[-103.3523,44.1258],[-103.3574,44.1258],[-103.3574,44.1331],[-103.3624,44.1331],[-103.3624,44.1367],[-103.3675,44.1367],[-103.3675,44.1403],[-103.3624,44.1403]]],[[[-103.5934,44.2273],[-103.5945,44.2273],[-103.5945,44.228],[-103.5938,44.2281],[-103.5934,44.2273]]],[[[-103.6635,44.2683],[-103.6638,44.2683],[-103.6638,44.2685],[-103.6635,44.2683]]],[[[-103.6584,44.2686],[-103.6591,44.2685],[-103.6588,44.269],[-103.6584,44.2686]]],[[[-103.7225,44.2723],[-103.7231,44.2722],[-103.7232,44.2723],[-103.7225,44.2723]]],[[[-103.6953,44.2772],[-103.6953,44.2769],[-103.693,44.2771],[-103.6962,44.2767],[-103.6963,44.277],[-103.6953,44.2772]]],[[[-103.6829,44.2801],[-103.6828,44.2799],[-103.6844,44.2807],[-103.6829,44.2801]]],[[[-103.6794,44.2822],[-103.6778,44.2812],[-103.6822,44.2823],[-103.68,44.2818],[-103.6793,44.2825],[-103.6794,44.2822]]],[[[-103.7044,44.2839],[-103.7058,44.2837],[-103.707,44.2861],[-103.7063,44.2863],[-103.7057,44.2873],[-103.706,44.288],[-103.7038,44.2877],[-103.7042,44.2877],[-103.7014,44.2844],[-103.7044,44.2839]]],[[[-103.7094,44.2872],[-103.711,44.287],[-103.7091,44.2879],[-103.7065,44.288],[-103.7094,44.2872]]],[[[-103.8111,44.2907],[-103.8112,44.2906],[-103.8113,44.2906],[-103.8111,44.2907]]],[[[-103.8146,44.291],[-103.813,44.2909],[-103.813,44.2908],[-103.8146,44.291]]],[[[-103.8146,44.291],[-103.8149,44.2894],[-103.8159,44.2894],[-103.8157,44.291],[-103.8146,44.291]]],[[[-103.8132,44.2926],[-103.8134,44.2926],[-103.8133,44.2929],[-103.8132,44.2926]]],[[[-103.8149,44.2894],[-103.8151,44.2886],[-103.8096,44.2879],[-103.809,44.2904],[-103.8097,44.2905],[-103.8081,44.291],[-103.8068,44.2905],[-103.8065,44.2906],[-103.8065,44.2915],[-103.8059,44.2918],[-103.8058,44.2925],[-103.8066,44.2922],[-103.8068,44.293],[-103.8043,44.2933],[-103.8038,44.2876],[-103.7952,44.2879],[-103.7952,44.2876],[-103.793,44.2871],[-103.7962,44.2847],[-103.7986,44.2837],[-103.8011,44.2852],[-103.8016,44.2851],[-103.7995,44.2835],[-103.8024,44.2817],[-103.8035,44.2805],[-103.8048,44.2804],[-103.805,44.2813],[-103.8037,44.2838],[-103.8034,44.2852],[-103.8045,44.2853],[-103.8054,44.2843],[-103.8077,44.2836],[-103.8107,44.2822],[-103.813,44.2834],[-103.815,44.2852],[-103.8159,44.2872],[-103.8149,44.2894]]],[[[-103.815,44.2964],[-103.818,44.2958],[-103.8185,44.2962],[-103.8169,44.2961],[-103.815,44.2964]]],[[[-103.815,44.2964],[-103.815,44.2965],[-103.8138,44.2966],[-103.815,44.2964]]],[[[-103.8138,44.2966],[-103.8138,44.2967],[-103.8135,44.2967],[-103.8138,44.2966]]],[[[-103.8039,44.2965],[-103.804,44.2958],[-103.8042,44.2967],[-103.8038,44.2968],[-103.8039,44.2965]]],[[[-103.8066,44.2987],[-103.8066,44.2984],[-103.8068,44.2988],[-103.8066,44.2987]]],[[[-103.8125,44.2989],[-103.8127,44.2988],[-103.8127,44.2994],[-103.8125,44.2989]]],[[[-103.8071,44.2995],[-103.8071,44.2992],[-103.8073,44.2995],[-103.8071,44.2995]]],[[[-103.8022,44.3],[-103.801,44.2995],[-103.8023,44.2998],[-103.8026,44.2991],[-103.8022,44.3]]],[[[-103.7922,44.2989],[-103.7935,44.2981],[-103.7916,44.2983],[-103.7897,44.2981],[-103.7891,44.3],[-103.7868,44.3001],[-103.7907,44.2947],[-103.7869,44.2948],[-103.7882,44.2922],[-103.7887,44.2894],[-103.7906,44.2879],[-103.7926,44.2885],[-103.7904,44.2888],[-103.7908,44.2925],[-103.7929,44.2925],[-103.7929,44.2927],[-103.7941,44.2928],[-103.7941,44.2933],[-103.7939,44.2933],[-103.7936,44.2942],[-103.7939,44.2979],[-103.7957,44.3001],[-103.7943,44.3001],[-103.794,44.2997],[-103.7922,44.2989]]],[[[-103.8457,44.308],[-103.8459,44.308],[-103.8458,44.308],[-103.8457,44.308]]],[[[-103.8378,44.3132],[-103.8383,44.3124],[-103.8379,44.3147],[-103.8374,44.3147],[-103.8374,44.3132],[-103.8378,44.3132]]],[[[-103.8882,44.3151],[-103.8879,44.3153],[-103.8873,44.3149],[-103.8875,44.3147],[-103.8882,44.3151]]],[[[-103.6722,44.3154],[-103.6699,44.3149],[-103.6692,44.3145],[-103.6722,44.3154]]],[[[-103.6395,44.3172],[-103.638,44.3163],[-103.6389,44.3168],[-103.6394,44.3164],[-103.6395,44.3172]]],[[[-103.6395,44.3172],[-103.64,44.3176],[-103.6395,44.3176],[-103.6395,44.3172]]],[[[-103.64,44.3176],[-103.6406,44.3175],[-103.6407,44.318],[-103.64,44.3176]]],[[[-103.6467,44.3179],[-103.6476,44.3176],[-103.6485,44.318],[-103.6479,44.3187],[-103.647,44.3183],[-103.6467,44.3179]]],[[[-103.6493,44.3191],[-103.6494,44.3186],[-103.6496,44.3191],[-103.6493,44.3191]]],[[[-103.6347,44.3184],[-103.6341,44.3183],[-103.6332,44.3173],[-103.6341,44.3172],[-103.6345,44.3174],[-103.6363,44.3164],[-103.6402,44.3188],[-103.6394,44.3194],[-103.6368,44.3194],[-103.6347,44.3184]]],[[[-103.655,44.3194],[-103.6552,44.3194],[-103.6551,44.3195],[-103.655,44.3194]]],[[[-103.655,44.3194],[-103.6538,44.3196],[-103.6538,44.3195],[-103.655,44.3194]]],[[[-103.7109,44.3184],[-103.7119,44.3182],[-103.7122,44.319],[-103.7066,44.32],[-103.7064,44.3193],[-103.7109,44.3184]]],[[[-103.6448,44.3204],[-103.6452,44.3199],[-103.6455,44.3206],[-103.6444,44.3208],[-103.6448,44.3204]]],[[[-103.6441,44.3211],[-103.6442,44.321],[-103.6444,44.321],[-103.6441,44.3211]]],[[[-103.8387,44.3207],[-103.8386,44.3201],[-103.8413,44.3202],[-103.8376,44.3212],[-103.8369,44.3216],[-103.8365,44.3211],[-103.8387,44.3207]]],[[[-103.6472,44.3248],[-103.6473,44.3246],[-103.6504,44.3265],[-103.6511,44.3259],[-103.6505,44.3255],[-103.6519,44.3254],[-103.6504,44.3265],[-103.6491,44.3269],[-103.6492,44.3267],[-103.6472,44.3248]]],[[[-103.6512,44.3272],[-103.6526,44.3258],[-103.6513,44.3272],[-103.6499,44.3274],[-103.6512,44.3272]]],[[[-103.6549,44.3235],[-103.656,44.3235],[-103.6582,44.3249],[-103.6634,44.325],[-103.6649,44.3256],[-103.6647,44.3261],[-103.6656,44.3264],[-103.6656,44.3273],[-103.665,44.3279],[-103.6599,44.3265],[-103.6606,44.3256],[-103.6575,44.3248],[-103.6555,44.3236],[-103.6549,44.3235]]],[[[-103.6456,44.3279],[-103.6441,44.3275],[-103.6424,44.3276],[-103.6445,44.3271],[-103.6438,44.3265],[-103.6432,44.3266],[-103.6461,44.3244],[-103.6472,44.3248],[-103.6463,44.3254],[-103.6473,44.3263],[-103.6471,44.3263],[-103.6458,44.3281],[-103.6456,44.3279]]],[[[-103.647,44.3263],[-103.6463,44.3258],[-103.6447,44.3272],[-103.6456,44.3279],[-103.647,44.3263]]],[[[-103.8486,44.3246],[-103.8497,44.3228],[-103.8552,44.324],[-103.8602,44.3254],[-103.8595,44.326],[-103.8563,44.3248],[-103.8536,44.3288],[-103.851,44.3279],[-103.8477,44.3275],[-103.8499,44.3246],[-103.8486,44.3246]]],[[[-103.64,44.3273],[-103.641,44.3265],[-103.6412,44.3266],[-103.6402,44.3273],[-103.6396,44.3288],[-103.6393,44.3288],[-103.64,44.3273]]],[[[-103.6371,44.3287],[-103.637,44.3288],[-103.6368,44.3276],[-103.6387,44.3263],[-103.6386,44.3261],[-103.6396,44.3262],[-103.6384,44.3273],[-103.6388,44.3276],[-103.6382,44.3289],[-103.6371,44.3287]]],[[[-103.6424,44.3293],[-103.643,44.3289],[-103.6433,44.3292],[-103.6424,44.3293]]],[[[-103.6519,44.3294],[-103.6524,44.3294],[-103.6526,44.3295],[-103.6519,44.3294]]],[[[-103.6459,44.3292],[-103.646,44.3289],[-103.6465,44.3291],[-103.6465,44.3295],[-103.6459,44.3292]]],[[[-103.7001,44.3289],[-103.7008,44.3297],[-103.7005,44.3296],[-103.7001,44.3289]]],[[[-103.6333,44.3304],[-103.6335,44.3304],[-103.6336,44.3312],[-103.6333,44.3304]]],[[[-103.6364,44.332],[-103.6362,44.3311],[-103.6366,44.3322],[-103.6364,44.332]]],[[[-103.623,44.3328],[-103.623,44.3328],[-103.6242,44.3328],[-103.623,44.3328]]],[[[-103.6387,44.333],[-103.6372,44.3332],[-103.6375,44.3327],[-103.6387,44.333],[-103.6385,44.3324],[-103.6393,44.3322],[-103.6386,44.3324],[-103.6387,44.333]]],[[[-103.6275,44.334],[-103.6272,44.3333],[-103.6299,44.3333],[-103.6301,44.3338],[-103.6297,44.3338],[-103.6299,44.334],[-103.6275,44.334]]],[[[-103.6879,44.3337],[-103.6897,44.3328],[-103.6901,44.3331],[-103.6886,44.3342],[-103.6879,44.3337]]],[[[-103.6387,44.333],[-103.6389,44.3343],[-103.6387,44.3342],[-103.6387,44.333]]],[[[-103.8518,44.3328],[-103.853,44.3334],[-103.8544,44.3344],[-103.8527,44.3343],[-103.8516,44.3333],[-103.8518,44.3328]]],[[[-103.6397,44.3325],[-103.64,44.3335],[-103.64,44.3346],[-103.6397,44.3325]]],[[[-103.6293,44.3345],[-103.6302,44.3346],[-103.6301,44.3341],[-103.6305,44.3346],[-103.6293,44.3345]]],[[[-103.6242,44.3347],[-103.6247,44.3342],[-103.6245,44.3348],[-103.6242,44.3347]]],[[[-103.6293,44.3345],[-103.6292,44.3348],[-103.6277,44.3344],[-103.6293,44.3345]]],[[[-103.6345,44.336],[-103.6345,44.3359],[-103.6347,44.336],[-103.6345,44.336]]],[[[-103.6283,44.3361],[-103.629,44.3353],[-103.6296,44.3355],[-103.6283,44.3361]]],[[[-103.6377,44.3371],[-103.6364,44.3368],[-103.6378,44.3369],[-103.6391,44.3375],[-103.6387,44.3377],[-103.6388,44.3374],[-103.6377,44.3371]]],[[[-103.6325,44.338],[-103.6332,44.3376],[-103.6333,44.3378],[-103.6325,44.338]]],[[[-103.6297,44.3405],[-103.6292,44.3401],[-103.6294,44.3402],[-103.6297,44.3405]]],[[[-103.7139,44.3439],[-103.7144,44.3427],[-103.7144,44.3431],[-103.7139,44.3439]]],[[[-103.7123,44.3424],[-103.7118,44.3444],[-103.7105,44.3444],[-103.7112,44.3423],[-103.7123,44.3424]]],[[[-103.6703,44.3465],[-103.6699,44.3454],[-103.6685,44.3456],[-103.6688,44.3455],[-103.6689,44.345],[-103.6682,44.3422],[-103.668,44.3424],[-103.6674,44.3418],[-103.667,44.3419],[-103.6671,44.3416],[-103.6658,44.3412],[-103.6645,44.3394],[-103.6631,44.3385],[-103.6654,44.3371],[-103.6664,44.337],[-103.668,44.3376],[-103.6694,44.3372],[-103.6695,44.3378],[-103.6712,44.3393],[-103.6702,44.3391],[-103.6706,44.34],[-103.6726,44.3402],[-103.6731,44.3406],[-103.6733,44.3403],[-103.6762,44.3402],[-103.6758,44.3394],[-103.6751,44.3394],[-103.6751,44.3386],[-103.6763,44.3374],[-103.6755,44.3369],[-103.6751,44.3373],[-103.6751,44.3369],[-103.6772,44.336],[-103.681,44.3339],[-103.6806,44.3332],[-103.6812,44.3339],[-103.6794,44.3348],[-103.6821,44.3376],[-103.6812,44.3381],[-103.6834,44.3405],[-103.6803,44.3396],[-103.6815,44.3436],[-103.6796,44.3431],[-103.6786,44.3413],[-103.6773,44.3413],[-103.6773,44.3406],[-103.6716,44.3407],[-103.6716,44.3416],[-103.6763,44.3415],[-103.6782,44.3451],[-103.6751,44.3451],[-103.6751,44.3468],[-103.6703,44.3465]]],[[[-103.9011,44.347],[-103.8995,44.3458],[-103.9042,44.3435],[-103.906,44.3447],[-103.9046,44.3451],[-103.9023,44.3466],[-103.9011,44.347]]],[[[-103.6298,44.3431],[-103.6312,44.3421],[-103.6324,44.3434],[-103.635,44.3453],[-103.6348,44.3454],[-103.6355,44.346],[-103.6311,44.3489],[-103.627,44.3449],[-103.6298,44.3431]]],[[[-103.8699,44.3516],[-103.8708,44.3515],[-103.8711,44.3523],[-103.8704,44.3523],[-103.8699,44.3516]]],[[[-103.8597,44.3539],[-103.8576,44.3544],[-103.8589,44.3533],[-103.8597,44.3539]]],[[[-103.8597,44.3539],[-103.8605,44.3543],[-103.8599,44.3547],[-103.8597,44.3539]]],[[[-103.8576,44.3544],[-103.8566,44.3548],[-103.8569,44.3535],[-103.857,44.3536],[-103.8567,44.3539],[-103.8576,44.3544]]],[[[-103.8455,44.3542],[-103.8451,44.3536],[-103.8461,44.3534],[-103.8468,44.3515],[-103.8473,44.3513],[-103.8467,44.352],[-103.8494,44.3533],[-103.8457,44.3552],[-103.8435,44.3551],[-103.8455,44.3542]]],[[[-103.8507,44.3554],[-103.851,44.354],[-103.8523,44.3526],[-103.8507,44.3554]]],[[[-103.7123,44.3424],[-103.7132,44.3384],[-103.7087,44.3377],[-103.7089,44.337],[-103.7067,44.3363],[-103.7061,44.3404],[-103.7038,44.3442],[-103.7044,44.3444],[-103.7013,44.3444],[-103.7021,44.3431],[-103.6997,44.3432],[-103.6996,44.3438],[-103.7007,44.3444],[-103.6953,44.3444],[-103.6954,44.3441],[-103.6922,44.343],[-103.6918,44.3444],[-103.6897,44.3444],[-103.6897,44.3521],[-103.6857,44.3521],[-103.6853,44.3536],[-103.6846,44.3529],[-103.6813,44.3535],[-103.6837,44.356],[-103.6816,44.3565],[-103.6816,44.3567],[-103.6789,44.3581],[-103.676,44.3516],[-103.68,44.3517],[-103.6799,44.3526],[-103.6811,44.3536],[-103.6824,44.3531],[-103.6821,44.3509],[-103.6828,44.3483],[-103.6831,44.3484],[-103.6847,44.3479],[-103.6851,44.3462],[-103.6859,44.3448],[-103.687,44.3451],[-103.6864,44.3411],[-103.6856,44.3409],[-103.6871,44.3401],[-103.6931,44.3406],[-103.6866,44.3338],[-103.6863,44.3338],[-103.6865,44.3337],[-103.6876,44.3348],[-103.6903,44.3357],[-103.6916,44.3366],[-103.6923,44.3383],[-103.696,44.3363],[-103.6975,44.3371],[-103.6973,44.3373],[-103.6949,44.3369],[-103.6945,44.3394],[-103.6938,44.3409],[-103.6934,44.3425],[-103.699,44.3435],[-103.6993,44.3419],[-103.7001,44.3422],[-103.7015,44.342],[-103.703,44.34],[-103.7031,44.3384],[-103.7041,44.3385],[-103.7044,44.3364],[-103.7059,44.3365],[-103.7064,44.336],[-103.7057,44.3341],[-103.7043,44.335],[-103.7046,44.3356],[-103.7003,44.3341],[-103.6973,44.3348],[-103.6966,44.3354],[-103.6958,44.3338],[-103.6964,44.334],[-103.697,44.3329],[-103.6987,44.3318],[-103.6992,44.3323],[-103.6986,44.3335],[-103.7019,44.3341],[-103.7033,44.3312],[-103.7034,44.3315],[-103.7078,44.3307],[-103.7066,44.3266],[-103.7077,44.3264],[-103.7068,44.3229],[-103.7088,44.3228],[-103.7091,44.3251],[-103.7098,44.3257],[-103.7105,44.3253],[-103.7104,44.3248],[-103.7114,44.3259],[-103.7125,44.3259],[-103.7137,44.3252],[-103.7142,44.3256],[-103.7175,44.3261],[-103.7189,44.3246],[-103.7213,44.3263],[-103.7211,44.3271],[-103.7227,44.3289],[-103.7144,44.3289],[-103.7144,44.3414],[-103.7129,44.3407],[-103.7123,44.3424]]],[[[-103.862,44.359],[-103.8615,44.3595],[-103.8615,44.3595],[-103.862,44.359]]],[[[-103.8534,44.3621],[-103.8529,44.3607],[-103.854,44.3603],[-103.8543,44.3609],[-103.8538,44.3607],[-103.8534,44.3621]]],[[[-103.8548,44.3615],[-103.8549,44.3611],[-103.8567,44.3612],[-103.858,44.3603],[-103.8587,44.3612],[-103.8597,44.3609],[-103.8591,44.3613],[-103.859,44.3612],[-103.8576,44.3637],[-103.8543,44.363],[-103.8548,44.3615]]],[[[-103.8672,44.3634],[-103.8664,44.3633],[-103.8663,44.3634],[-103.8659,44.3632],[-103.8661,44.3622],[-103.8659,44.3618],[-103.867,44.361],[-103.8665,44.3605],[-103.8676,44.3602],[-103.8662,44.3588],[-103.8685,44.3589],[-103.8673,44.3611],[-103.8728,44.3642],[-103.8672,44.3634]]],[[[-104.049,44.3654],[-104.0495,44.3654],[-104.049,44.3655],[-104.049,44.3654]]],[[[-104.0554,44.3654],[-104.0552,44.3651],[-104.0556,44.3652],[-104.0556,44.3663],[-104.0554,44.3654]]],[[[-104.0398,44.3668],[-104.0401,44.3665],[-104.0401,44.3668],[-104.0398,44.3668]]],[[[-104.0462,44.3667],[-104.0467,44.3675],[-104.046,44.3669],[-104.0462,44.3667]]],[[[-103.8724,44.3674],[-103.873,44.3666],[-103.8756,44.3683],[-103.8743,44.3682],[-103.8724,44.3674]]],[[[-104.0474,44.3701],[-104.0477,44.3707],[-104.047,44.3708],[-104.0474,44.3701]]],[[[-103.8531,44.37],[-103.8532,44.367],[-103.8539,44.3672],[-103.8537,44.3713],[-103.853,44.3711],[-103.8531,44.37]]],[[[-103.8514,44.3736],[-103.8516,44.3719],[-103.8547,44.3735],[-103.8532,44.3734],[-103.8514,44.3736]]],[[[-103.8507,44.3554],[-103.8518,44.3557],[-103.8527,44.3563],[-103.8517,44.3574],[-103.8516,44.3602],[-103.8528,44.3629],[-103.8521,44.3628],[-103.8506,44.3668],[-103.8475,44.3665],[-103.8473,44.3707],[-103.8484,44.3707],[-103.8484,44.3723],[-103.8462,44.3726],[-103.8454,44.3764],[-103.8455,44.3769],[-103.8445,44.3773],[-103.8411,44.3757],[-103.8405,44.3759],[-103.8383,44.3722],[-103.8382,44.3681],[-103.8395,44.3679],[-103.8398,44.3664],[-103.8455,44.3667],[-103.8462,44.3626],[-103.8439,44.3625],[-103.8443,44.3586],[-103.8455,44.3586],[-103.8456,44.3584],[-103.8457,44.3587],[-103.8497,44.3568],[-103.8507,44.3554]]],[[[-103.8649,44.378],[-103.8626,44.3775],[-103.8618,44.3784],[-103.8619,44.3786],[-103.8608,44.3782],[-103.8608,44.3766],[-103.8597,44.3769],[-103.8582,44.3731],[-103.8594,44.371],[-103.8604,44.3712],[-103.8614,44.372],[-103.863,44.3724],[-103.8628,44.3746],[-103.8638,44.375],[-103.8641,44.3726],[-103.8643,44.3727],[-103.867,44.369],[-103.8627,44.368],[-103.8631,44.3676],[-103.862,44.3674],[-103.8632,44.3655],[-103.8622,44.3651],[-103.8605,44.368],[-103.8563,44.3671],[-103.8571,44.3651],[-103.8582,44.3663],[-103.8584,44.366],[-103.8596,44.3673],[-103.8612,44.3632],[-103.8616,44.3647],[-103.8636,44.3645],[-103.8634,44.3652],[-103.8642,44.3683],[-103.8665,44.3684],[-103.8668,44.3689],[-103.8678,44.369],[-103.8678,44.3697],[-103.866,44.3713],[-103.8645,44.3753],[-103.8653,44.3761],[-103.8675,44.3775],[-103.8656,44.3776],[-103.866,44.3791],[-103.8654,44.3782],[-103.8649,44.378]]],[[[-104.0395,44.3799],[-104.0375,44.376],[-104.0397,44.3755],[-104.0406,44.3762],[-104.0406,44.3766],[-104.0413,44.3776],[-104.0421,44.3774],[-104.0432,44.3763],[-104.0432,44.378],[-104.0418,44.3785],[-104.0409,44.378],[-104.0405,44.3789],[-104.0405,44.3796],[-104.0396,44.3795],[-104.0395,44.3799]]],[[[-104.0405,44.3781],[-104.0409,44.3777],[-104.0405,44.377],[-104.0405,44.3781]]],[[[-104.0405,44.38],[-104.0405,44.3798],[-104.0407,44.3799],[-104.0405,44.38]]],[[[-104.0395,44.3799],[-104.0402,44.3816],[-104.0397,44.3808],[-104.0395,44.3799]]],[[[-103.8159,44.3873],[-103.8153,44.3864],[-103.8133,44.3865],[-103.814,44.3861],[-103.8125,44.3848],[-103.8105,44.3836],[-103.8102,44.3832],[-103.8108,44.383],[-103.8106,44.3826],[-103.8095,44.3826],[-103.8095,44.37],[-103.8098,44.3699],[-103.8114,44.3682],[-103.8119,44.3664],[-103.8117,44.3661],[-103.812,44.3651],[-103.8111,44.3652],[-103.8105,44.3627],[-103.8095,44.3624],[-103.8095,44.3622],[-103.8166,44.3627],[-103.8151,44.3591],[-103.8174,44.3591],[-103.8179,44.3603],[-103.8189,44.3605],[-103.8189,44.3595],[-103.8211,44.3598],[-103.8215,44.3618],[-103.8218,44.3617],[-103.8216,44.3601],[-103.8227,44.3599],[-103.823,44.3626],[-103.8253,44.3624],[-103.8248,44.3591],[-103.8256,44.3591],[-103.8263,44.3613],[-103.8262,44.3619],[-103.8273,44.3625],[-103.8294,44.3613],[-103.8301,44.362],[-103.8335,44.3605],[-103.8344,44.3615],[-103.8372,44.3601],[-103.8351,44.3578],[-103.8378,44.3578],[-103.8391,44.3576],[-103.8409,44.3582],[-103.84,44.3583],[-103.8398,44.3601],[-103.8385,44.3604],[-103.838,44.3655],[-103.8371,44.3683],[-103.8337,44.3689],[-103.8338,44.373],[-103.8303,44.3763],[-103.8235,44.3768],[-103.8247,44.3818],[-103.8231,44.3819],[-103.821,44.3825],[-103.8223,44.3846],[-103.8184,44.3837],[-103.8159,44.3873]]],[[[-103.8235,44.3763],[-103.8223,44.3758],[-103.8217,44.3761],[-103.82,44.3729],[-103.8194,44.3732],[-103.8182,44.3691],[-103.8143,44.3708],[-103.8155,44.3749],[-103.8144,44.3754],[-103.8177,44.3792],[-103.8175,44.3795],[-103.8184,44.38],[-103.8224,44.377],[-103.8221,44.3769],[-103.8235,44.3763]]],[[[-103.8294,44.3661],[-103.8279,44.3643],[-103.8258,44.3649],[-103.8284,44.368],[-103.8303,44.3671],[-103.8294,44.3661]]],[[[-103.8218,44.386],[-103.8224,44.3849],[-103.8232,44.3863],[-103.8225,44.3866],[-103.8228,44.3873],[-103.8218,44.386]]],[[[-104.0426,44.3875],[-104.0428,44.3875],[-104.0428,44.3875],[-104.0426,44.3875]]],[[[-104.0551,44.3886],[-104.0556,44.3884],[-104.0556,44.3902],[-104.0551,44.3886]]],[[[-103.7882,44.3906],[-103.7884,44.3886],[-103.7888,44.3888],[-103.7907,44.3883],[-103.7905,44.3899],[-103.7896,44.3901],[-103.7901,44.3907],[-103.7882,44.3906]]],[[[-104.0434,44.3907],[-104.0443,44.3906],[-104.0444,44.3907],[-104.0434,44.3907]]],[[[-104.0407,44.3904],[-104.041,44.3902],[-104.0404,44.3915],[-104.0407,44.3904]]],[[[-104.0554,44.3928],[-104.0556,44.3928],[-104.0556,44.3943],[-104.0554,44.3928]]],[[[-104.0362,44.3935],[-104.0364,44.3933],[-104.038,44.3945],[-104.0353,44.3944],[-104.0362,44.3935]]],[[[-103.8656,44.3991],[-103.8645,44.3973],[-103.8637,44.3952],[-103.8656,44.3991]]],[[[-103.5841,44.3983],[-103.5845,44.3983],[-103.5845,44.4],[-103.5862,44.4001],[-103.5863,44.3983],[-103.5891,44.3983],[-103.5891,44.4019],[-103.5841,44.4019],[-103.5841,44.3983]]],[[[-103.8548,44.404],[-103.8543,44.4049],[-103.8542,44.4049],[-103.8548,44.404]]],[[[-103.8106,44.4018],[-103.8114,44.3998],[-103.8137,44.4],[-103.8141,44.4003],[-103.8137,44.4021],[-103.8119,44.4053],[-103.8109,44.4038],[-103.8103,44.4038],[-103.8106,44.4018]]],[[[-103.5594,44.4055],[-103.5594,44.4019],[-103.569,44.4019],[-103.5689,44.4055],[-103.5594,44.4055]]],[[[-104.0392,44.4061],[-104.0397,44.4061],[-104.04,44.4077],[-104.0397,44.4077],[-104.0392,44.4061]]],[[[-103.7712,44.4092],[-103.7714,44.4091],[-103.7715,44.4092],[-103.7712,44.4092]]],[[[-104.0376,44.4094],[-104.0375,44.4089],[-104.0378,44.409],[-104.0382,44.4106],[-104.0371,44.4115],[-104.0376,44.4094]]],[[[-104.0355,44.4163],[-104.0328,44.4155],[-104.0378,44.4155],[-104.0355,44.4163]]],[[[-104.0326,44.4176],[-104.0326,44.4172],[-104.0338,44.4175],[-104.033,44.4178],[-104.0326,44.4176]]],[[[-103.5891,44.4019],[-103.5991,44.4019],[-103.5991,44.4164],[-103.6042,44.4164],[-103.6041,44.4272],[-103.6142,44.4272],[-103.6142,44.4308],[-103.5889,44.4308],[-103.5891,44.4019]]],[[[-103.7649,44.431],[-103.7097,44.4308],[-103.7097,44.4273],[-103.7047,44.4273],[-103.7047,44.4237],[-103.7098,44.4237],[-103.7098,44.4164],[-103.7148,44.4165],[-103.715,44.4162],[-103.7125,44.4133],[-103.7117,44.4128],[-103.7178,44.4092],[-103.7186,44.4083],[-103.719,44.4063],[-103.7205,44.4011],[-103.7204,44.4003],[-103.7199,44.3994],[-103.7199,44.3922],[-103.7204,44.392],[-103.7134,44.3888],[-103.7152,44.3879],[-103.7171,44.389],[-103.72,44.3877],[-103.723,44.3877],[-103.7311,44.394],[-103.7318,44.3935],[-103.7346,44.3957],[-103.7367,44.3943],[-103.739,44.3961],[-103.7404,44.3951],[-103.7415,44.3939],[-103.7406,44.3933],[-103.7436,44.3911],[-103.7396,44.3881],[-103.7402,44.3877],[-103.7603,44.3877],[-103.7603,44.3944],[-103.7612,44.3941],[-103.7618,44.3933],[-103.7629,44.3931],[-103.7643,44.3938],[-103.7639,44.3945],[-103.7623,44.3938],[-103.7625,44.3949],[-103.7651,44.3949],[-103.766,44.3965],[-103.7639,44.3993],[-103.7699,44.4047],[-103.7678,44.4072],[-103.768,44.4074],[-103.7676,44.4074],[-103.7645,44.4108],[-103.7642,44.4149],[-103.765,44.419],[-103.7665,44.419],[-103.7668,44.431],[-103.7705,44.431],[-103.7649,44.431]]],[[[-103.8468,44.4743],[-103.848,44.4743],[-103.8482,44.4759],[-103.8488,44.4772],[-103.8466,44.4756],[-103.8447,44.4756],[-103.8447,44.4743],[-103.8468,44.4743]]],[[[-103.8656,44.3991],[-103.8668,44.3989],[-103.8669,44.3995],[-103.8659,44.3995],[-103.8663,44.4015],[-103.8661,44.4053],[-103.8681,44.4052],[-103.8681,44.4021],[-103.8687,44.4027],[-103.8696,44.4048],[-103.8706,44.4044],[-103.8695,44.4023],[-103.8707,44.4017],[-103.8713,44.403],[-103.8718,44.4052],[-103.8722,44.4053],[-103.8731,44.4043],[-103.8727,44.4043],[-103.8725,44.4029],[-103.8714,44.4011],[-103.8708,44.4011],[-103.8703,44.399],[-103.8687,44.398],[-103.8696,44.3974],[-103.8684,44.3955],[-103.8672,44.3923],[-103.8732,44.3915],[-103.8734,44.3923],[-103.8743,44.3919],[-103.8744,44.3909],[-103.8729,44.3895],[-103.8767,44.3884],[-103.8768,44.3881],[-103.8791,44.3884],[-103.8811,44.3883],[-103.881,44.3887],[-103.8818,44.3895],[-103.8818,44.3908],[-103.881,44.3917],[-103.8807,44.3927],[-103.8794,44.3924],[-103.8782,44.3925],[-103.8772,44.3919],[-103.878,44.3946],[-103.8772,44.3947],[-103.8766,44.3964],[-103.8754,44.3967],[-103.8758,44.3975],[-103.8781,44.3974],[-103.8784,44.3983],[-103.8801,44.3982],[-103.8811,44.3979],[-103.8829,44.3984],[-103.8847,44.3983],[-103.8857,44.3971],[-103.8846,44.397],[-103.8852,44.3943],[-103.8863,44.3949],[-103.888,44.3921],[-103.8885,44.3904],[-103.8903,44.3904],[-103.8925,44.3899],[-103.8934,44.392],[-103.8942,44.3925],[-103.8965,44.3887],[-103.8992,44.3903],[-103.903,44.3873],[-103.8998,44.3855],[-103.8984,44.3863],[-103.8985,44.3823],[-103.8964,44.3814],[-103.8964,44.3812],[-103.8953,44.3811],[-103.8953,44.381],[-103.8978,44.3811],[-103.8977,44.3812],[-103.903,44.3828],[-103.9045,44.3797],[-103.8992,44.3781],[-103.8978,44.3781],[-103.8978,44.377],[-103.891,44.3768],[-103.8909,44.3809],[-103.8896,44.3808],[-103.8895,44.3825],[-103.8884,44.3825],[-103.8885,44.384],[-103.8895,44.3873],[-103.8877,44.3864],[-103.8877,44.3862],[-103.886,44.3857],[-103.8825,44.3853],[-103.8828,44.3839],[-103.8832,44.3839],[-103.8833,44.3832],[-103.8831,44.3824],[-103.8778,44.3825],[-103.8776,44.3811],[-103.8779,44.3794],[-103.8735,44.3805],[-103.8735,44.381],[-103.8752,44.3827],[-103.8701,44.3848],[-103.8675,44.3853],[-103.8637,44.3839],[-103.8636,44.3814],[-103.8666,44.382],[-103.8674,44.3814],[-103.8673,44.3812],[-103.8719,44.3797],[-103.8707,44.3776],[-103.8702,44.378],[-103.8713,44.3756],[-103.8703,44.3751],[-103.8744,44.3704],[-103.8808,44.3704],[-103.8818,44.3719],[-103.8824,44.3716],[-103.8828,44.372],[-103.8831,44.3726],[-103.8827,44.3738],[-103.884,44.3755],[-103.8853,44.3759],[-103.8858,44.3756],[-103.8853,44.3759],[-103.8859,44.3772],[-103.8874,44.3774],[-103.8898,44.3762],[-103.8909,44.3764],[-103.892,44.3762],[-103.8927,44.3757],[-103.8942,44.3757],[-103.8959,44.3762],[-103.8967,44.3757],[-103.8935,44.3753],[-103.8918,44.3748],[-103.8921,44.3727],[-103.8907,44.3715],[-103.8926,44.3724],[-103.8965,44.3733],[-103.8968,44.3741],[-103.899,44.374],[-103.898,44.3714],[-103.9013,44.3702],[-103.9034,44.3689],[-103.9037,44.3692],[-103.9084,44.3671],[-103.9071,44.3658],[-103.906,44.3663],[-103.9055,44.3642],[-103.9003,44.3661],[-103.9005,44.3674],[-103.8995,44.368],[-103.8993,44.3672],[-103.8984,44.3676],[-103.8981,44.3662],[-103.8971,44.3638],[-103.8951,44.3646],[-103.8944,44.3632],[-103.8941,44.3631],[-103.8942,44.3589],[-103.8887,44.358],[-103.8952,44.3564],[-103.8954,44.3568],[-103.9017,44.3581],[-103.9018,44.3586],[-103.9063,44.3578],[-103.9078,44.3583],[-103.9054,44.3592],[-103.9086,44.3615],[-103.9094,44.3631],[-103.9146,44.3613],[-103.9137,44.3599],[-103.9145,44.3595],[-103.9154,44.3602],[-103.9187,44.3571],[-103.9195,44.3578],[-103.9217,44.354],[-103.92,44.3526],[-103.9198,44.353],[-103.9184,44.3519],[-103.9184,44.3509],[-103.9171,44.35],[-103.9154,44.3495],[-103.9178,44.3495],[-103.9174,44.3487],[-103.9214,44.3481],[-103.9189,44.3444],[-103.9202,44.3443],[-103.9223,44.3457],[-103.9217,44.3497],[-103.9222,44.3501],[-103.9216,44.3504],[-103.9223,44.3508],[-103.9217,44.3508],[-103.9246,44.3526],[-103.925,44.3523],[-103.9262,44.353],[-103.927,44.3528],[-103.9273,44.3531],[-103.9275,44.353],[-103.9318,44.3555],[-103.9319,44.3559],[-103.9324,44.355],[-103.9318,44.3528],[-103.9326,44.353],[-103.9329,44.3519],[-103.9321,44.3517],[-103.9327,44.3509],[-103.933,44.3511],[-103.9347,44.3505],[-103.9367,44.3504],[-103.9376,44.3522],[-103.9392,44.3527],[-103.9408,44.3522],[-103.9414,44.3507],[-103.9431,44.3497],[-103.9443,44.3497],[-103.9453,44.3504],[-103.9455,44.3497],[-103.9445,44.349],[-103.9438,44.3488],[-103.9425,44.3491],[-103.9408,44.3503],[-103.9406,44.3513],[-103.9403,44.3517],[-103.9397,44.3519],[-103.9386,44.3515],[-103.9379,44.3497],[-103.9374,44.3493],[-103.9341,44.349],[-103.932,44.3499],[-103.9303,44.3517],[-103.925,44.3482],[-103.9239,44.3444],[-103.9206,44.3416],[-103.9182,44.3398],[-103.9172,44.3404],[-103.9142,44.3391],[-103.909,44.3353],[-103.9047,44.3394],[-103.9032,44.3424],[-103.9037,44.3428],[-103.8943,44.3474],[-103.8941,44.3455],[-103.8925,44.3458],[-103.8931,44.3496],[-103.896,44.349],[-103.8991,44.3512],[-103.897,44.3517],[-103.8994,44.3533],[-103.9001,44.3542],[-103.8924,44.3528],[-103.887,44.3541],[-103.8873,44.3547],[-103.8839,44.3554],[-103.8843,44.3563],[-103.8836,44.3565],[-103.8845,44.3585],[-103.8863,44.3583],[-103.8851,44.3615],[-103.8822,44.3609],[-103.8815,44.361],[-103.8817,44.3608],[-103.8762,44.3597],[-103.8796,44.3582],[-103.8786,44.3577],[-103.8816,44.3564],[-103.8792,44.3553],[-103.8774,44.3538],[-103.8778,44.3536],[-103.8777,44.3524],[-103.8754,44.3525],[-103.8718,44.3521],[-103.8718,44.3513],[-103.8754,44.3517],[-103.8758,44.3501],[-103.8811,44.3492],[-103.881,44.3482],[-103.8799,44.3475],[-103.8813,44.3463],[-103.8804,44.3448],[-103.88,44.3446],[-103.8802,44.3445],[-103.8796,44.3436],[-103.8797,44.3426],[-103.8807,44.3432],[-103.882,44.3419],[-103.8849,44.3394],[-103.8788,44.3357],[-103.8773,44.3369],[-103.8774,44.3368],[-103.8762,44.3354],[-103.8768,44.3349],[-103.8762,44.3339],[-103.8741,44.3324],[-103.8728,44.3338],[-103.8683,44.3306],[-103.8647,44.3333],[-103.8626,44.3327],[-103.8621,44.3331],[-103.8619,44.3329],[-103.8614,44.333],[-103.8603,44.3338],[-103.8579,44.3336],[-103.8578,44.3328],[-103.8601,44.3336],[-103.8675,44.3224],[-103.8654,44.3218],[-103.863,44.3255],[-103.862,44.3251],[-103.8624,44.3244],[-103.8614,44.324],[-103.8561,44.3225],[-103.8506,44.3213],[-103.8504,44.3216],[-103.8482,44.3211],[-103.8468,44.3242],[-103.8486,44.3246],[-103.8458,44.3285],[-103.8453,44.3278],[-103.8441,44.3281],[-103.8448,44.3295],[-103.8444,44.3304],[-103.8447,44.3312],[-103.8446,44.3317],[-103.84,44.3314],[-103.8392,44.3292],[-103.8362,44.3292],[-103.8359,44.3285],[-103.8353,44.3285],[-103.8353,44.3265],[-103.8369,44.3265],[-103.8369,44.3257],[-103.8353,44.3243],[-103.8353,44.3235],[-103.8369,44.3227],[-103.8369,44.3232],[-103.8376,44.3229],[-103.8392,44.3242],[-103.8401,44.3265],[-103.8422,44.326],[-103.8412,44.3234],[-103.8394,44.3219],[-103.842,44.3218],[-103.8419,44.3202],[-103.8424,44.3203],[-103.8422,44.3164],[-103.8429,44.3128],[-103.844,44.3127],[-103.8436,44.3162],[-103.8447,44.3161],[-103.8459,44.3088],[-103.8489,44.3072],[-103.8483,44.3043],[-103.8491,44.3042],[-103.8511,44.3033],[-103.8492,44.2995],[-103.8475,44.3003],[-103.8477,44.3009],[-103.8455,44.301],[-103.8469,44.3044],[-103.8353,44.3053],[-103.8353,44.3002],[-103.8268,44.3002],[-103.8237,44.2987],[-103.8249,44.296],[-103.8252,44.296],[-103.8251,44.2915],[-103.8218,44.2917],[-103.8217,44.2896],[-103.8174,44.2895],[-103.8185,44.2889],[-103.8162,44.2884],[-103.8167,44.2868],[-103.8157,44.2847],[-103.8131,44.2825],[-103.808,44.2804],[-103.8093,44.279],[-103.8095,44.2777],[-103.8089,44.2764],[-103.8103,44.2751],[-103.8094,44.2745],[-103.8093,44.2724],[-103.8102,44.2718],[-103.8099,44.2708],[-103.8112,44.2713],[-103.813,44.27],[-103.8166,44.2702],[-103.8215,44.2737],[-103.8214,44.2739],[-103.823,44.275],[-103.8227,44.2764],[-103.8243,44.2762],[-103.8263,44.2788],[-103.8239,44.2857],[-103.8253,44.2857],[-103.8262,44.2852],[-103.8263,44.2817],[-103.828,44.2804],[-103.8267,44.2774],[-103.8225,44.2725],[-103.8233,44.2713],[-103.8213,44.2716],[-103.8178,44.2693],[-103.8204,44.2641],[-103.8151,44.2639],[-103.8144,44.2655],[-103.8128,44.2675],[-103.8078,44.2699],[-103.8067,44.2709],[-103.8068,44.2746],[-103.8059,44.2759],[-103.8042,44.2778],[-103.803,44.2774],[-103.8024,44.2794],[-103.7999,44.2808],[-103.7956,44.2816],[-103.7905,44.2841],[-103.7876,44.2843],[-103.785,44.2805],[-103.783,44.2806],[-103.7863,44.2866],[-103.7858,44.2885],[-103.7864,44.2886],[-103.7852,44.2948],[-103.7807,44.2949],[-103.7791,44.2992],[-103.782,44.3001],[-103.7574,44.3],[-103.7615,44.2995],[-103.7585,44.2965],[-103.7587,44.2957],[-103.758,44.2959],[-103.7545,44.2921],[-103.7522,44.2925],[-103.7553,44.2957],[-103.754,44.2956],[-103.753,44.2964],[-103.7529,44.2972],[-103.7523,44.2976],[-103.7517,44.2968],[-103.7506,44.296],[-103.7499,44.296],[-103.7496,44.2962],[-103.7494,44.2961],[-103.7487,44.2962],[-103.7456,44.2976],[-103.7441,44.2964],[-103.7447,44.2964],[-103.7437,44.2924],[-103.7413,44.2923],[-103.7423,44.2961],[-103.7412,44.2963],[-103.7438,44.2986],[-103.7447,44.2981],[-103.7462,44.3],[-103.7346,44.2999],[-103.7346,44.3074],[-103.7334,44.3077],[-103.7319,44.304],[-103.7302,44.3039],[-103.7302,44.3023],[-103.7244,44.3023],[-103.7246,44.3081],[-103.7251,44.3081],[-103.7248,44.3084],[-103.7225,44.3074],[-103.7191,44.3117],[-103.7164,44.3125],[-103.7141,44.3096],[-103.7113,44.3077],[-103.7116,44.3073],[-103.713,44.3033],[-103.7112,44.3017],[-103.7098,44.3056],[-103.7082,44.3044],[-103.707,44.3059],[-103.7104,44.3088],[-103.7087,44.3108],[-103.7113,44.3126],[-103.7111,44.3128],[-103.7121,44.3139],[-103.7053,44.3153],[-103.7048,44.3133],[-103.7049,44.3122],[-103.7029,44.3123],[-103.7029,44.3121],[-103.7008,44.312],[-103.701,44.3135],[-103.7009,44.3159],[-103.7003,44.3159],[-103.6999,44.3154],[-103.694,44.3174],[-103.6925,44.3143],[-103.6943,44.3129],[-103.6925,44.3119],[-103.6906,44.3139],[-103.6851,44.3154],[-103.6849,44.3152],[-103.682,44.3159],[-103.6816,44.3162],[-103.6831,44.3175],[-103.6845,44.3172],[-103.6872,44.3194],[-103.6888,44.3202],[-103.6905,44.3217],[-103.6963,44.3193],[-103.7024,44.3174],[-103.7041,44.3242],[-103.7048,44.3239],[-103.7055,44.3269],[-103.7021,44.3275],[-103.7029,44.33],[-103.7022,44.3299],[-103.7003,44.3273],[-103.7001,44.3272],[-103.6995,44.3246],[-103.6983,44.3244],[-103.6971,44.3245],[-103.698,44.3274],[-103.6957,44.3277],[-103.6941,44.3267],[-103.6956,44.3291],[-103.695,44.3298],[-103.6928,44.3282],[-103.6914,44.3284],[-103.6886,44.3255],[-103.6869,44.3274],[-103.6849,44.3254],[-103.6844,44.3258],[-103.6812,44.3252],[-103.6822,44.3248],[-103.6818,44.3233],[-103.682,44.3211],[-103.6813,44.3211],[-103.6797,44.3214],[-103.6795,44.3234],[-103.68,44.3252],[-103.6791,44.3252],[-103.6793,44.3251],[-103.6783,44.3233],[-103.6767,44.3221],[-103.6769,44.322],[-103.6751,44.3211],[-103.6751,44.3205],[-103.6766,44.3195],[-103.6756,44.3191],[-103.6745,44.3189],[-103.6725,44.3199],[-103.6691,44.3235],[-103.6686,44.3237],[-103.6676,44.3214],[-103.6648,44.3199],[-103.6636,44.3199],[-103.6623,44.3212],[-103.6626,44.322],[-103.6617,44.3213],[-103.6608,44.3219],[-103.6647,44.3248],[-103.665,44.3246],[-103.6678,44.3248],[-103.6667,44.3254],[-103.6628,44.3244],[-103.6594,44.3246],[-103.6568,44.3234],[-103.6606,44.3219],[-103.6617,44.3205],[-103.6618,44.3208],[-103.6627,44.3203],[-103.659,44.3175],[-103.6586,44.3177],[-103.6583,44.3167],[-103.653,44.317],[-103.6534,44.3183],[-103.6495,44.3183],[-103.6505,44.3163],[-103.6498,44.3159],[-103.6507,44.3155],[-103.6506,44.3152],[-103.6486,44.3158],[-103.6476,44.3169],[-103.647,44.3161],[-103.6466,44.3165],[-103.645,44.3166],[-103.6448,44.3147],[-103.6424,44.3149],[-103.6383,44.312],[-103.6354,44.3123],[-103.6362,44.3128],[-103.6347,44.314],[-103.6339,44.3135],[-103.6327,44.3145],[-103.6318,44.3139],[-103.6299,44.3149],[-103.6316,44.3158],[-103.6259,44.3165],[-103.6285,44.3178],[-103.6264,44.3186],[-103.6295,44.3221],[-103.6319,44.3212],[-103.6323,44.322],[-103.6374,44.3234],[-103.6332,44.3228],[-103.6332,44.3236],[-103.6318,44.3234],[-103.6318,44.3242],[-103.6308,44.3241],[-103.6308,44.3249],[-103.6327,44.3269],[-103.6321,44.3265],[-103.629,44.3273],[-103.6313,44.3285],[-103.6275,44.3285],[-103.6276,44.3296],[-103.6219,44.3292],[-103.622,44.33],[-103.6206,44.3304],[-103.6219,44.3328],[-103.621,44.3314],[-103.619,44.3321],[-103.621,44.335],[-103.6174,44.3382],[-103.6197,44.3389],[-103.6232,44.3357],[-103.6226,44.3355],[-103.6242,44.3347],[-103.6211,44.3381],[-103.6225,44.3382],[-103.625,44.3368],[-103.6259,44.3373],[-103.6259,44.3378],[-103.6269,44.338],[-103.6266,44.3382],[-103.6282,44.3386],[-103.6242,44.3413],[-103.6251,44.3429],[-103.6258,44.3435],[-103.6217,44.3463],[-103.6294,44.3545],[-103.6336,44.3517],[-103.633,44.351],[-103.6371,44.3482],[-103.6421,44.3462],[-103.6398,44.3438],[-103.6375,44.3421],[-103.6341,44.3384],[-103.6371,44.3387],[-103.6369,44.3388],[-103.6388,44.3404],[-103.6409,44.339],[-103.6433,44.3379],[-103.6413,44.3363],[-103.6422,44.3348],[-103.642,44.3346],[-103.6424,44.3347],[-103.6424,44.3336],[-103.6479,44.3326],[-103.648,44.3305],[-103.6505,44.3317],[-103.6544,44.3325],[-103.6557,44.3325],[-103.6554,44.3328],[-103.6549,44.3326],[-103.6548,44.3331],[-103.6551,44.3331],[-103.6577,44.3361],[-103.6567,44.337],[-103.659,44.3373],[-103.6599,44.3364],[-103.6612,44.3364],[-103.6607,44.3371],[-103.6612,44.338],[-103.6563,44.3383],[-103.6543,44.3414],[-103.66,44.341],[-103.6601,44.3408],[-103.6611,44.341],[-103.6612,44.3436],[-103.6618,44.3441],[-103.6614,44.3457],[-103.6623,44.3458],[-103.6628,44.3473],[-103.6666,44.348],[-103.6642,44.3539],[-103.6651,44.3559],[-103.6657,44.3557],[-103.666,44.3561],[-103.6681,44.3608],[-103.6713,44.3609],[-103.6714,44.3616],[-103.6741,44.3607],[-103.6748,44.3646],[-103.6767,44.3639],[-103.6777,44.3647],[-103.6803,44.3637],[-103.6815,44.362],[-103.6818,44.3603],[-103.6832,44.3598],[-103.683,44.3635],[-103.6828,44.3635],[-103.6824,44.366],[-103.6746,44.3659],[-103.6746,44.3731],[-103.6646,44.3731],[-103.6646,44.3767],[-103.6445,44.3767],[-103.6445,44.3875],[-103.6546,44.3876],[-103.6545,44.3948],[-103.6495,44.3948],[-103.6494,44.4021],[-103.6709,44.402],[-103.6709,44.4011],[-103.6722,44.4011],[-103.6722,44.3993],[-103.6735,44.3993],[-103.6735,44.3984],[-103.6747,44.3984],[-103.6747,44.402],[-103.6897,44.4021],[-103.6897,44.3985],[-103.6798,44.3984],[-103.6797,44.394],[-103.6897,44.3941],[-103.6896,44.3935],[-103.6977,44.3961],[-103.699,44.3983],[-103.6979,44.3966],[-103.698,44.3976],[-103.697,44.3994],[-103.6952,44.4002],[-103.6952,44.4007],[-103.6934,44.4036],[-103.6928,44.4051],[-103.6933,44.4067],[-103.694,44.4101],[-103.6933,44.415],[-103.6935,44.4164],[-103.6894,44.4158],[-103.6864,44.4171],[-103.6855,44.4185],[-103.6843,44.4188],[-103.6834,44.4177],[-103.6831,44.4179],[-103.684,44.4189],[-103.6856,44.4191],[-103.6869,44.4175],[-103.6884,44.4171],[-103.6896,44.4171],[-103.6896,44.42],[-103.6798,44.42],[-103.6798,44.4164],[-103.6696,44.4165],[-103.6696,44.4092],[-103.6646,44.4092],[-103.6646,44.4164],[-103.6344,44.4164],[-103.6343,44.42],[-103.6494,44.42],[-103.6494,44.4308],[-103.6192,44.4308],[-103.6193,44.4236],[-103.6092,44.4236],[-103.6092,44.4164],[-103.6042,44.4164],[-103.6042,44.4128],[-103.6092,44.4128],[-103.6092,44.4055],[-103.6142,44.4055],[-103.6143,44.4091],[-103.6243,44.4091],[-103.6243,44.4019],[-103.6293,44.4019],[-103.6294,44.3911],[-103.6092,44.3911],[-103.6092,44.3874],[-103.5991,44.3874],[-103.5992,44.3802],[-103.5893,44.3802],[-103.5892,44.3856],[-103.5842,44.3856],[-103.5842,44.391],[-103.5791,44.3911],[-103.5791,44.3947],[-103.5841,44.3947],[-103.5841,44.3983],[-103.5741,44.3983],[-103.5741,44.3947],[-103.5492,44.3946],[-103.5493,44.3874],[-103.5191,44.3873],[-103.5191,44.3855],[-103.509,44.3854],[-103.5092,44.3764],[-103.5142,44.3764],[-103.5143,44.3728],[-103.4891,44.373],[-103.4891,44.3585],[-103.469,44.3586],[-103.4691,44.3441],[-103.4728,44.3441],[-103.4728,44.3291],[-103.4628,44.3291],[-103.4628,44.3327],[-103.4527,44.3327],[-103.4527,44.311],[-103.4577,44.311],[-103.4577,44.3037],[-103.4627,44.3037],[-103.4627,44.3],[-103.4526,44.3001],[-103.4526,44.2928],[-103.4432,44.2928],[-103.4432,44.2964],[-103.4382,44.2965],[-103.4382,44.2928],[-103.4331,44.2928],[-103.4331,44.2856],[-103.4432,44.2856],[-103.4432,44.282],[-103.4526,44.282],[-103.4526,44.2741],[-103.4568,44.2741],[-103.4568,44.2783],[-103.4615,44.2783],[-103.4603,44.2807],[-103.4603,44.2825],[-103.4628,44.2825],[-103.4628,44.2807],[-103.4642,44.2807],[-103.4676,44.2766],[-103.465,44.2743],[-103.465,44.2741],[-103.4619,44.2741],[-103.4575,44.2716],[-103.4526,44.2716],[-103.4526,44.2638],[-103.4481,44.2638],[-103.4481,44.2674],[-103.433,44.2675],[-103.433,44.2566],[-103.438,44.2566],[-103.438,44.2529],[-103.433,44.2529],[-103.433,44.2493],[-103.4279,44.2493],[-103.428,44.242],[-103.4129,44.242],[-103.4128,44.2312],[-103.4078,44.2312],[-103.4078,44.2275],[-103.3977,44.2275],[-103.3977,44.2239],[-103.3927,44.2239],[-103.3926,44.213],[-103.3725,44.213],[-103.3725,44.2057],[-103.3674,44.2057],[-103.3674,44.2021],[-103.3725,44.2021],[-103.3725,44.1984],[-103.3825,44.1984],[-103.3825,44.1839],[-103.3875,44.1839],[-103.3875,44.1767],[-103.3774,44.1767],[-103.3774,44.1803],[-103.3825,44.1803],[-103.3825,44.1821],[-103.3724,44.1821],[-103.3724,44.1803],[-103.3674,44.1803],[-103.3674,44.1839],[-103.3699,44.1839],[-103.3699,44.1875],[-103.3724,44.1875],[-103.3725,44.1911],[-103.3674,44.1912],[-103.3674,44.1948],[-103.3624,44.1948],[-103.3624,44.1875],[-103.3573,44.1875],[-103.3573,44.1912],[-103.3523,44.1912],[-103.3523,44.1839],[-103.3573,44.1839],[-103.3573,44.1767],[-103.3522,44.1767],[-103.3522,44.1695],[-103.3371,44.1695],[-103.3371,44.1586],[-103.3422,44.1586],[-103.3422,44.1477],[-103.3523,44.1476],[-103.3523,44.144],[-103.3624,44.144],[-103.3624,44.1422],[-103.3725,44.1422],[-103.3725,44.144],[-103.3826,44.1439],[-103.3826,44.1403],[-103.3926,44.1402],[-103.3926,44.1257],[-103.3826,44.1258],[-103.3826,44.1221],[-103.3926,44.1221],[-103.3926,44.1185],[-103.3775,44.1185],[-103.3775,44.1149],[-103.3826,44.1149],[-103.3825,44.1112],[-103.3725,44.1112],[-103.3725,44.1076],[-103.3775,44.1076],[-103.3775,44.1003],[-103.3725,44.1003],[-103.3724,44.0803],[-103.3674,44.0803],[-103.3674,44.0767],[-103.3624,44.0767],[-103.3624,44.0748],[-103.3548,44.0748],[-103.3548,44.0712],[-103.3598,44.0712],[-103.3598,44.0676],[-103.3624,44.0676],[-103.3623,44.0531],[-103.3598,44.0531],[-103.3598,44.0513],[-103.3573,44.0513],[-103.3573,44.0422],[-103.3523,44.0422],[-103.3523,44.0458],[-103.3373,44.0458],[-103.3372,44.0349],[-103.3422,44.0349],[-103.3422,44.0277],[-103.3322,44.0277],[-103.3322,44.0095],[-103.3522,44.0095],[-103.3522,44.0059],[-103.3623,44.0059],[-103.3623,43.9986],[-103.3773,43.9987],[-103.3774,43.9951],[-103.3783,43.9951],[-103.3783,43.9944],[-103.3753,43.9947],[-103.3723,43.9926],[-103.3677,43.9926],[-103.3677,43.9912],[-103.3667,43.9912],[-103.3662,43.993],[-103.3636,43.9932],[-103.3636,43.9934],[-103.3662,43.9935],[-103.3662,43.995],[-103.3381,43.995],[-103.3381,43.9664],[-103.3241,43.9664],[-103.3241,43.9555],[-103.3141,43.9555],[-103.3141,43.9628],[-103.3091,43.9628],[-103.3091,43.9519],[-103.3191,43.9519],[-103.3191,43.9483],[-103.3341,43.9483],[-103.3341,43.9519],[-103.3382,43.9519],[-103.3381,43.9664],[-103.3397,43.9664],[-103.3397,43.9714],[-103.3436,43.9714],[-103.3436,43.9736],[-103.3497,43.9735],[-103.3497,43.9699],[-103.3547,43.9699],[-103.3547,43.9663],[-103.3647,43.9662],[-103.3647,43.9554],[-103.3597,43.9554],[-103.3597,43.9445],[-103.3647,43.9445],[-103.3647,43.9373],[-103.3547,43.9373],[-103.3547,43.9337],[-103.3597,43.9336],[-103.3597,43.93],[-103.3497,43.9301],[-103.3497,43.9446],[-103.3421,43.9446],[-103.3421,43.9448],[-103.3416,43.9449],[-103.3382,43.9446],[-103.3382,43.9337],[-103.3291,43.9338],[-103.3291,43.9301],[-103.3191,43.9301],[-103.3191,43.9083],[-103.309,43.9083],[-103.309,43.8902],[-103.3291,43.8902],[-103.3291,43.883],[-103.3384,43.883],[-103.3408,43.8824],[-103.345,43.8869],[-103.3434,43.8828],[-103.341,43.8815],[-103.3389,43.8767],[-103.3384,43.8766],[-103.3384,43.8739],[-103.3395,43.8742],[-103.3414,43.8743],[-103.343,43.8741],[-103.3431,43.8735],[-103.3408,43.8722],[-103.3395,43.8724],[-103.3384,43.8718],[-103.3384,43.8649],[-103.3341,43.8649],[-103.3341,43.8613],[-103.3316,43.8613],[-103.3316,43.8577],[-103.3291,43.8577],[-103.3291,43.8468],[-103.3445,43.8468],[-103.3445,43.8576],[-103.3545,43.8576],[-103.3545,43.854],[-103.3595,43.854],[-103.3594,43.8467],[-103.3495,43.8468],[-103.3494,43.8395],[-103.3444,43.8396],[-103.3444,43.8359],[-103.3544,43.8359],[-103.3544,43.8323],[-103.3385,43.8323],[-103.3385,43.8251],[-103.3643,43.825],[-103.3643,43.8286],[-103.368,43.8286],[-103.3681,43.8359],[-103.3793,43.8358],[-103.3793,43.8331],[-103.3743,43.8331],[-103.3743,43.8322],[-103.373,43.8322],[-103.373,43.8286],[-103.3743,43.8286],[-103.3742,43.825],[-103.4586,43.8249],[-103.4935,43.825],[-103.4935,43.8286],[-103.5234,43.8287],[-103.5234,43.8324],[-103.5284,43.8324],[-103.5284,43.854],[-103.5781,43.8542],[-103.5781,43.8326],[-103.5583,43.8325],[-103.5583,43.8361],[-103.5384,43.836],[-103.5384,43.8324],[-103.5334,43.8324],[-103.5334,43.8288],[-103.5284,43.8288],[-103.5284,43.8198],[-103.5184,43.8197],[-103.5184,43.8215],[-103.4985,43.8215],[-103.4986,43.7745],[-103.5238,43.7745],[-103.5261,43.7732],[-103.5279,43.7726],[-103.5304,43.7723],[-103.5313,43.7726],[-103.5313,43.7736],[-103.5294,43.7745],[-103.5288,43.7751],[-103.5286,43.7763],[-103.5276,43.7782],[-103.5252,43.7804],[-103.5272,43.7827],[-103.5272,43.7825],[-103.5316,43.7825],[-103.5338,43.7862],[-103.5337,43.7899],[-103.5365,43.7899],[-103.5341,43.785],[-103.5338,43.7818],[-103.5353,43.781],[-103.5342,43.7798],[-103.5359,43.7783],[-103.5365,43.7765],[-103.54,43.7763],[-103.5398,43.7752],[-103.5416,43.775],[-103.5417,43.7747],[-103.5448,43.7741],[-103.5448,43.7739],[-103.5463,43.7744],[-103.5465,43.7751],[-103.5472,43.7753],[-103.5483,43.7746],[-103.5498,43.7747],[-103.5526,43.7756],[-103.5546,43.7778],[-103.5544,43.7801],[-103.5553,43.7841],[-103.5531,43.7852],[-103.5533,43.7855],[-103.5555,43.7847],[-103.5565,43.7861],[-103.5575,43.786],[-103.5566,43.7838],[-103.5586,43.784],[-103.5582,43.7881],[-103.5559,43.7878],[-103.5562,43.7895],[-103.5581,43.7893],[-103.5658,43.7925],[-103.5673,43.7936],[-103.5669,43.7951],[-103.5684,43.7939],[-103.5676,43.793],[-103.5701,43.7921],[-103.5713,43.7933],[-103.575,43.7922],[-103.5751,43.7925],[-103.5775,43.7926],[-103.5775,43.7906],[-103.5813,43.7892],[-103.5782,43.7891],[-103.5772,43.7885],[-103.5817,43.7853],[-103.5832,43.7854],[-103.5832,43.7927],[-103.5932,43.7927],[-103.5931,43.7854],[-103.5878,43.7854],[-103.5866,43.7818],[-103.5981,43.7817],[-103.5981,43.7745],[-103.6005,43.7764],[-103.6007,43.7772],[-103.6066,43.7798],[-103.609,43.7817],[-103.6232,43.7818],[-103.6232,43.7782],[-103.6247,43.7782],[-103.6251,43.7786],[-103.6253,43.7785],[-103.6275,43.7814],[-103.627,43.7816],[-103.6276,43.7823],[-103.6269,43.7826],[-103.6275,43.7833],[-103.6324,43.7812],[-103.633,43.782],[-103.6401,43.7784],[-103.6396,43.7777],[-103.6399,43.7775],[-103.6394,43.7768],[-103.6397,43.7766],[-103.6392,43.7759],[-103.6397,43.7756],[-103.6391,43.7749],[-103.6394,43.7747],[-103.6388,43.774],[-103.6392,43.7738],[-103.638,43.7724],[-103.6341,43.7745],[-103.6332,43.7745],[-103.6332,43.7657],[-103.6336,43.7649],[-103.6338,43.764],[-103.6333,43.7629],[-103.6324,43.7621],[-103.6342,43.7606],[-103.638,43.7606],[-103.6374,43.7564],[-103.6382,43.7564],[-103.6382,43.7528],[-103.6482,43.7528],[-103.6482,43.7492],[-103.6432,43.7492],[-103.6432,43.7466],[-103.6453,43.7453],[-103.6473,43.7469],[-103.6476,43.7467],[-103.647,43.7456],[-103.648,43.7454],[-103.6491,43.7462],[-103.6482,43.7472],[-103.6513,43.748],[-103.6537,43.747],[-103.6565,43.7487],[-103.657,43.7484],[-103.6553,43.7463],[-103.6545,43.7469],[-103.6527,43.7453],[-103.6511,43.7431],[-103.6543,43.7419],[-103.6582,43.7419],[-103.6582,43.74],[-103.6598,43.7393],[-103.6627,43.7391],[-103.6631,43.7398],[-103.6617,43.7402],[-103.6621,43.7408],[-103.6641,43.7401],[-103.665,43.7419],[-103.6632,43.7419],[-103.6632,43.7491],[-103.6682,43.7491],[-103.6682,43.7455],[-103.6732,43.7455],[-103.6732,43.7383],[-103.6741,43.7402],[-103.6803,43.7382],[-103.6826,43.7382],[-103.6805,43.7347],[-103.6782,43.7347],[-103.6832,43.7347],[-103.6832,43.7311],[-103.6882,43.731],[-103.6882,43.7274],[-103.6857,43.7274],[-103.6864,43.7258],[-103.688,43.7253],[-103.6861,43.7246],[-103.6862,43.7238],[-103.6884,43.7216],[-103.6886,43.7194],[-103.6909,43.7198],[-103.6914,43.7205],[-103.6935,43.7195],[-103.6905,43.7188],[-103.6895,43.7179],[-103.6942,43.7133],[-103.6959,43.7126],[-103.6943,43.712],[-103.6938,43.7125],[-103.6923,43.7119],[-103.6938,43.7093],[-103.6968,43.7093],[-103.6968,43.7057],[-103.7018,43.7057],[-103.7018,43.6984],[-103.6987,43.6984],[-103.6984,43.6972],[-103.7011,43.6948],[-103.7031,43.6952],[-103.7037,43.6967],[-103.7068,43.6948],[-103.7057,43.6924],[-103.7017,43.6885],[-103.7013,43.6885],[-103.6992,43.6869],[-103.7001,43.6853],[-103.7004,43.6855],[-103.707,43.6817],[-103.7116,43.6814],[-103.7113,43.6807],[-103.7098,43.6804],[-103.708,43.6792],[-103.7018,43.6783],[-103.6968,43.6803],[-103.6953,43.6811],[-103.6985,43.684],[-103.6968,43.685],[-103.6968,43.6863],[-103.7007,43.6906],[-103.6988,43.6923],[-103.6968,43.6932],[-103.6947,43.6957],[-103.6874,43.6963],[-103.684,43.6979],[-103.6852,43.7002],[-103.6792,43.7019],[-103.6757,43.7002],[-103.671,43.6995],[-103.6648,43.6949],[-103.6638,43.6928],[-103.6593,43.6948],[-103.6556,43.6949],[-103.6556,43.7003],[-103.6544,43.7003],[-103.6544,43.7022],[-103.6581,43.7021],[-103.6582,43.7076],[-103.6607,43.7076],[-103.6607,43.7094],[-103.6582,43.7094],[-103.6582,43.713],[-103.6532,43.7131],[-103.6532,43.7171],[-103.6508,43.7132],[-103.6477,43.7117],[-103.6481,43.7095],[-103.6444,43.7095],[-103.6444,43.7067],[-103.6381,43.7068],[-103.6381,43.7095],[-103.6356,43.7095],[-103.6349,43.712],[-103.6381,43.7131],[-103.6421,43.7135],[-103.6441,43.7118],[-103.6448,43.712],[-103.6452,43.7124],[-103.6435,43.7139],[-103.6455,43.7127],[-103.6469,43.7133],[-103.6492,43.715],[-103.6506,43.7183],[-103.6497,43.7192],[-103.6524,43.7208],[-103.6532,43.719],[-103.6532,43.7203],[-103.6546,43.7203],[-103.6558,43.7224],[-103.6613,43.7272],[-103.6623,43.7265],[-103.6612,43.7251],[-103.6598,43.7239],[-103.659,43.7218],[-103.6605,43.721],[-103.6616,43.7216],[-103.6643,43.7244],[-103.6658,43.7241],[-103.6682,43.7244],[-103.6682,43.7275],[-103.6706,43.7275],[-103.6695,43.7296],[-103.6682,43.7309],[-103.6682,43.7302],[-103.6657,43.7302],[-103.6657,43.7329],[-103.6632,43.7329],[-103.6632,43.7348],[-103.6532,43.7348],[-103.6532,43.7312],[-103.6482,43.7312],[-103.6482,43.7322],[-103.6468,43.7319],[-103.6457,43.731],[-103.6454,43.7302],[-103.6445,43.7295],[-103.6447,43.7288],[-103.6437,43.7285],[-103.6439,43.7292],[-103.6428,43.729],[-103.6415,43.7279],[-103.641,43.7286],[-103.6439,43.73],[-103.645,43.7301],[-103.6458,43.7323],[-103.6434,43.7319],[-103.6431,43.7311],[-103.641,43.7311],[-103.6395,43.7306],[-103.6389,43.7297],[-103.6374,43.7297],[-103.6366,43.728],[-103.6362,43.7281],[-103.637,43.7297],[-103.636,43.7298],[-103.6341,43.7293],[-103.634,43.7299],[-103.6414,43.7314],[-103.6443,43.7329],[-103.6482,43.7333],[-103.6482,43.7392],[-103.6457,43.7392],[-103.6457,43.7422],[-103.6452,43.7427],[-103.6432,43.7425],[-103.6432,43.7419],[-103.6382,43.7419],[-103.6382,43.7402],[-103.6354,43.7404],[-103.6371,43.742],[-103.6343,43.7451],[-103.632,43.7437],[-103.6311,43.7441],[-103.6285,43.7435],[-103.6254,43.7418],[-103.6225,43.745],[-103.62,43.7413],[-103.6184,43.7426],[-103.6209,43.7463],[-103.6182,43.7483],[-103.6175,43.7483],[-103.6172,43.7472],[-103.616,43.7492],[-103.6131,43.7492],[-103.6131,43.7456],[-103.6081,43.7456],[-103.6081,43.7423],[-103.6093,43.7433],[-103.611,43.7431],[-103.6116,43.7425],[-103.618,43.742],[-103.6177,43.741],[-103.6156,43.7395],[-103.617,43.7388],[-103.6169,43.7383],[-103.6141,43.7372],[-103.6147,43.7363],[-103.6165,43.7369],[-103.6161,43.7352],[-103.6157,43.7352],[-103.6141,43.7338],[-103.6154,43.7318],[-103.6131,43.7313],[-103.6131,43.7204],[-103.6031,43.7204],[-103.6031,43.724],[-103.5969,43.724],[-103.5953,43.7223],[-103.593,43.7217],[-103.5931,43.7186],[-103.5937,43.718],[-103.5923,43.7172],[-103.5915,43.7174],[-103.5928,43.7186],[-103.5928,43.7218],[-103.5888,43.7219],[-103.5858,43.7229],[-103.5842,43.7214],[-103.5854,43.7168],[-103.5831,43.7168],[-103.5833,43.7094],[-103.5831,43.7094],[-103.5831,43.7069],[-103.5837,43.707],[-103.584,43.7052],[-103.5846,43.7051],[-103.5846,43.7059],[-103.5854,43.7059],[-103.5859,43.703],[-103.5868,43.703],[-103.5869,43.7014],[-103.584,43.701],[-103.5811,43.6944],[-103.5803,43.6944],[-103.5792,43.6957],[-103.5811,43.7009],[-103.5787,43.7011],[-103.5791,43.7009],[-103.5782,43.6973],[-103.5762,43.6981],[-103.5771,43.7017],[-103.5732,43.7033],[-103.5717,43.7026],[-103.5715,43.7028],[-103.5714,43.706],[-103.572,43.7061],[-103.5746,43.7037],[-103.5752,43.7037],[-103.5744,43.7078],[-103.5766,43.708],[-103.5759,43.7105],[-103.5781,43.7104],[-103.5781,43.7166],[-103.5734,43.7166],[-103.5734,43.7239],[-103.574,43.7239],[-103.5739,43.7255],[-103.5751,43.7263],[-103.5745,43.7348],[-103.5728,43.7384],[-103.5703,43.7408],[-103.5678,43.7416],[-103.5657,43.7434],[-103.5692,43.7445],[-103.5709,43.7424],[-103.5733,43.7418],[-103.5727,43.7453],[-103.5714,43.7449],[-103.5667,43.745],[-103.5658,43.7478],[-103.5643,43.7471],[-103.5614,43.7506],[-103.5618,43.7508],[-103.5601,43.7506],[-103.5597,43.7522],[-103.5647,43.7528],[-103.5649,43.752],[-103.5653,43.7529],[-103.5644,43.7543],[-103.5666,43.7544],[-103.5671,43.7529],[-103.5689,43.7505],[-103.5719,43.7498],[-103.5709,43.7515],[-103.5734,43.7523],[-103.5734,43.7529],[-103.5704,43.7556],[-103.567,43.754],[-103.5635,43.76],[-103.5635,43.7674],[-103.563,43.7674],[-103.5615,43.7693],[-103.5615,43.7698],[-103.5614,43.7693],[-103.5601,43.7685],[-103.5632,43.7615],[-103.5615,43.7612],[-103.5605,43.7636],[-103.561,43.7638],[-103.5585,43.7645],[-103.556,43.7656],[-103.5564,43.7664],[-103.5599,43.765],[-103.5585,43.7674],[-103.5569,43.7685],[-103.5558,43.7672],[-103.5552,43.7672],[-103.5554,43.7702],[-103.5552,43.7688],[-103.5516,43.7689],[-103.5476,43.7699],[-103.5469,43.7714],[-103.545,43.7724],[-103.5449,43.7732],[-103.5409,43.773],[-103.54,43.7728],[-103.5398,43.7717],[-103.5412,43.7682],[-103.5463,43.7651],[-103.5459,43.7649],[-103.5464,43.7642],[-103.5478,43.7638],[-103.5509,43.7637],[-103.5509,43.7628],[-103.5473,43.7628],[-103.5473,43.7633],[-103.5459,43.7634],[-103.5453,43.7644],[-103.5447,43.7649],[-103.5435,43.7654],[-103.5432,43.766],[-103.5422,43.7667],[-103.5412,43.767],[-103.5405,43.7665],[-103.5403,43.765],[-103.539,43.7651],[-103.5402,43.7672],[-103.5399,43.7674],[-103.5336,43.7674],[-103.5352,43.7671],[-103.5353,43.7667],[-103.533,43.7644],[-103.5304,43.7634],[-103.5286,43.7636],[-103.5286,43.7529],[-103.5224,43.7529],[-103.5241,43.7505],[-103.5267,43.7492],[-103.5256,43.747],[-103.5287,43.747],[-103.5281,43.7454],[-103.5256,43.7454],[-103.5268,43.7451],[-103.5267,43.7444],[-103.5252,43.7447],[-103.5247,43.7441],[-103.523,43.7435],[-103.5242,43.7431],[-103.5231,43.742],[-103.5186,43.742],[-103.5182,43.7446],[-103.517,43.7465],[-103.5186,43.7466],[-103.5203,43.7474],[-103.517,43.7495],[-103.5104,43.7503],[-103.5066,43.7501],[-103.5048,43.7479],[-103.5052,43.7468],[-103.5069,43.7456],[-103.5099,43.746],[-103.5096,43.7466],[-103.512,43.7469],[-103.517,43.7461],[-103.5173,43.7447],[-103.5121,43.7455],[-103.5127,43.7444],[-103.5121,43.7442],[-103.5114,43.7449],[-103.5069,43.7447],[-103.5033,43.7477],[-103.4987,43.7477],[-103.4987,43.7366],[-103.4989,43.7366],[-103.5009,43.733],[-103.5006,43.7319],[-103.5051,43.7301],[-103.5069,43.7305],[-103.51,43.7347],[-103.5068,43.7382],[-103.5081,43.7382],[-103.5098,43.7364],[-103.5113,43.7335],[-103.5093,43.731],[-103.5011,43.7275],[-103.5007,43.7275],[-103.5001,43.7278],[-103.5018,43.7294],[-103.5003,43.7315],[-103.499,43.7355],[-103.4987,43.7357],[-103.4987,43.7147],[-103.4999,43.7148],[-103.5035,43.7137],[-103.5035,43.7135],[-103.502,43.7129],[-103.5023,43.7116],[-103.5031,43.7106],[-103.5054,43.7099],[-103.5078,43.711],[-103.5082,43.7117],[-103.5081,43.7122],[-103.5086,43.7128],[-103.51,43.7127],[-103.5109,43.7117],[-103.5125,43.7121],[-103.5133,43.7142],[-103.5157,43.7128],[-103.5152,43.7121],[-103.5147,43.7128],[-103.5136,43.7129],[-103.5105,43.7103],[-103.5065,43.7094],[-103.5041,43.706],[-103.5032,43.7087],[-103.5022,43.7097],[-103.501,43.7099],[-103.502,43.7116],[-103.5015,43.7128],[-103.5007,43.7128],[-103.4991,43.7114],[-103.4988,43.7115],[-103.4987,43.713],[-103.4987,43.6514],[-103.4808,43.6514],[-103.4808,43.6405],[-103.5008,43.6331],[-103.5007,43.644],[-103.508,43.6451],[-103.5074,43.6486],[-103.5101,43.6501],[-103.5112,43.65],[-103.5129,43.652],[-103.5131,43.6546],[-103.5155,43.654],[-103.5132,43.6497],[-103.5099,43.6491],[-103.5085,43.6481],[-103.5088,43.6467],[-103.5128,43.6464],[-103.5145,43.6476],[-103.5153,43.6474],[-103.513,43.6456],[-103.5104,43.6453],[-103.5072,43.6432],[-103.5066,43.6417],[-103.5057,43.6419],[-103.5057,43.6294],[-103.5008,43.6295],[-103.5007,43.6222],[-103.5051,43.6222],[-103.5055,43.6229],[-103.5061,43.6232],[-103.5058,43.6237],[-103.5076,43.6237],[-103.508,43.6232],[-103.5101,43.6239],[-103.5105,43.6237],[-103.5099,43.6214],[-103.5038,43.6173],[-103.5026,43.6182],[-103.5007,43.6181],[-103.5007,43.5968],[-103.508,43.5968],[-103.5079,43.5981],[-103.5098,43.5993],[-103.5093,43.6013],[-103.5107,43.6048],[-103.5107,43.5895],[-103.5007,43.5895],[-103.5007,43.5823],[-103.5407,43.5822],[-103.5407,43.5785],[-103.5457,43.5785],[-103.5457,43.5749],[-103.5506,43.5749],[-103.5506,43.5713],[-103.5407,43.5713],[-103.5407,43.5749],[-103.5357,43.5749],[-103.5357,43.5786],[-103.5007,43.5788],[-103.5007,43.5573],[-103.5207,43.5427],[-103.5208,43.5209],[-103.5009,43.5209],[-103.5009,43.5173],[-103.4959,43.5174],[-103.4959,43.5137],[-103.4909,43.5138],[-103.4909,43.5101],[-103.4859,43.5101],[-103.4859,43.5065],[-103.4809,43.5065],[-103.481,43.4957],[-103.486,43.4956],[-103.486,43.492],[-103.481,43.492],[-103.481,43.4884],[-103.486,43.4884],[-103.486,43.4811],[-103.491,43.4811],[-103.491,43.4774],[-103.4959,43.4774],[-103.496,43.47],[-103.501,43.47],[-103.5009,43.4774],[-103.5208,43.4774],[-103.5207,43.4919],[-103.5257,43.4919],[-103.5257,43.5064],[-103.5456,43.5063],[-103.5455,43.4991],[-103.5505,43.4991],[-103.5505,43.4919],[-103.5554,43.4919],[-103.5555,43.4883],[-103.5505,43.4883],[-103.5505,43.4847],[-103.5797,43.4846],[-103.5796,43.4775],[-103.5895,43.4775],[-103.5895,43.4738],[-103.5944,43.4738],[-103.5944,43.4701],[-103.5994,43.4701],[-103.5993,43.4665],[-103.624,43.4666],[-103.624,43.4702],[-103.629,43.4702],[-103.629,43.4776],[-103.6191,43.4776],[-103.6193,43.4918],[-103.6144,43.4918],[-103.6144,43.5027],[-103.5996,43.5026],[-103.5996,43.5062],[-103.6046,43.5063],[-103.6045,43.5099],[-103.5996,43.5099],[-103.5996,43.5135],[-103.5896,43.5135],[-103.5896,43.5171],[-103.5796,43.5171],[-103.5796,43.5062],[-103.5704,43.5063],[-103.5704,43.5027],[-103.5753,43.5026],[-103.5753,43.4918],[-103.5604,43.4919],[-103.5604,43.5063],[-103.5555,43.5063],[-103.5555,43.5089],[-103.557,43.5099],[-103.5754,43.5099],[-103.5754,43.5171],[-103.5655,43.5171],[-103.5655,43.5315],[-103.5606,43.5316],[-103.5606,43.5352],[-103.5556,43.5352],[-103.5556,43.5388],[-103.5506,43.5388],[-103.5506,43.5497],[-103.5606,43.5496],[-103.5606,43.5532],[-103.5704,43.5531],[-103.5704,43.5496],[-103.5796,43.5495],[-103.5795,43.5531],[-103.5754,43.5531],[-103.5754,43.5567],[-103.5778,43.5567],[-103.5778,43.5585],[-103.5845,43.5586],[-103.5845,43.5604],[-103.5894,43.5604],[-103.5894,43.564],[-103.6244,43.5642],[-103.6266,43.5728],[-103.6338,43.5748],[-103.6331,43.5698],[-103.6338,43.5694],[-103.6322,43.5643],[-103.6714,43.5645],[-103.6714,43.568],[-103.6689,43.5669],[-103.6689,43.5683],[-103.6839,43.5683],[-103.6839,43.5646],[-103.6739,43.5645],[-103.6739,43.5609],[-103.6788,43.561],[-103.6788,43.5573],[-103.6838,43.5574],[-103.6837,43.5537],[-103.6978,43.5538],[-103.6978,43.5646],[-103.7002,43.5646],[-103.7002,43.5789],[-103.7007,43.5789],[-103.6965,43.583],[-103.6976,43.5831],[-103.6974,43.5846],[-103.7,43.5852],[-103.7091,43.5853],[-103.7199,43.5844],[-103.7224,43.5845],[-103.7253,43.587],[-103.7281,43.587],[-103.7285,43.5858],[-103.7281,43.58],[-103.7277,43.5794],[-103.7277,43.5789],[-103.7274,43.5789],[-103.727,43.5783],[-103.7258,43.5755],[-103.7227,43.5759],[-103.7227,43.5753],[-103.7206,43.5695],[-103.7215,43.5677],[-103.7242,43.5647],[-103.7775,43.5647],[-103.7774,43.5574],[-103.7974,43.5574],[-103.7974,43.5647],[-103.8075,43.5647],[-103.8074,43.5611],[-103.8309,43.5611],[-103.8309,43.5647],[-103.8559,43.5647],[-103.8559,43.572],[-103.8957,43.572],[-103.8956,43.6228],[-103.9055,43.6228],[-103.9055,43.6264],[-103.9006,43.6264],[-103.9006,43.63],[-103.8956,43.63],[-103.8956,43.6336],[-103.9105,43.6336],[-103.9105,43.6409],[-103.9005,43.6409],[-103.9005,43.6515],[-103.9009,43.6515],[-103.9009,43.6623],[-103.9159,43.6623],[-103.9159,43.666],[-103.9502,43.666],[-103.9502,43.6732],[-103.9652,43.6732],[-103.9652,43.6805],[-103.9752,43.6805],[-103.9752,43.695],[-103.9551,43.695],[-103.9552,43.7239],[-103.9901,43.7239],[-103.9901,43.7275],[-103.9851,43.7275],[-103.9851,43.7311],[-103.9951,43.7311],[-103.995,43.7528],[-104,43.7528],[-104,43.7492],[-104.01,43.7492],[-104.01,43.7601],[-104.005,43.7601],[-104.005,43.7637],[-104.025,43.7637],[-104.025,43.7746],[-104.015,43.7746],[-104.0149,43.7818],[-104.0127,43.7818],[-104.0127,43.787],[-104.0152,43.787],[-104.0152,43.7818],[-104.0251,43.7819],[-104.025,43.7782],[-104.0351,43.7783],[-104.0351,43.7819],[-104.0401,43.7819],[-104.0401,43.771],[-104.0451,43.771],[-104.0451,43.7747],[-104.0552,43.7747],[-104.0555,43.8535],[-104.0551,43.9371],[-104.0548,43.9382],[-104.055,43.9435],[-104.0547,43.9999],[-104.0546,44.1554],[-104.051,44.1554],[-104.051,44.1541],[-104.0459,44.1541],[-104.0459,44.1531],[-104.0398,44.1531],[-104.0332,44.1519],[-104.0323,44.1511],[-104.0262,44.1511],[-104.0256,44.1523],[-104.0238,44.1523],[-104.0196,44.1508],[-104.017,44.1486],[-104.0119,44.1395],[-104.0121,44.1385],[-104.0116,44.1374],[-104.0099,44.1375],[-104.0099,44.1395],[-104.0126,44.1445],[-104.0149,44.1478],[-104.0184,44.151],[-104.0186,44.1525],[-104.0198,44.1526],[-104.0233,44.154],[-104.0266,44.1543],[-104.0266,44.1561],[-104.0315,44.1561],[-104.0316,44.154],[-104.0331,44.1542],[-104.0365,44.1541],[-104.0397,44.1544],[-104.0397,44.1552],[-104.043,44.1552],[-104.043,44.1572],[-104.0546,44.1572],[-104.0545,44.1804],[-104.0548,44.2064],[-104.0428,44.2042],[-104.0418,44.2042],[-104.0416,44.2063],[-104.0389,44.2066],[-104.0358,44.2038],[-104.0356,44.2053],[-104.0393,44.209],[-104.0409,44.2128],[-104.0418,44.213],[-104.0411,44.2113],[-104.0423,44.2107],[-104.0419,44.208],[-104.0453,44.2084],[-104.0477,44.2107],[-104.0492,44.2106],[-104.052,44.2088],[-104.0549,44.2091],[-104.0554,44.25],[-104.0556,44.3611],[-104.0539,44.3607],[-104.0534,44.3599],[-104.0519,44.3601],[-104.0512,44.356],[-104.0489,44.3563],[-104.0499,44.3611],[-104.0388,44.3628],[-104.0393,44.3642],[-104.0374,44.3665],[-104.0362,44.3676],[-104.0347,44.3636],[-104.0348,44.3622],[-104.0334,44.3561],[-104.0288,44.3564],[-104.0298,44.3605],[-104.0311,44.3604],[-104.0321,44.3645],[-104.0303,44.3646],[-104.0314,44.3686],[-104.031,44.3708],[-104.0323,44.3757],[-104.035,44.3805],[-104.0353,44.3822],[-104.0335,44.384],[-104.031,44.3803],[-104.0299,44.3805],[-104.0323,44.3842],[-104.0334,44.3841],[-104.0325,44.3847],[-104.0312,44.3838],[-104.0303,44.3877],[-104.0341,44.3904],[-104.0333,44.391],[-104.0349,44.3922],[-104.0321,44.3949],[-104.0317,44.3966],[-104.0325,44.3995],[-104.0335,44.4002],[-104.0323,44.4042],[-104.0301,44.4042],[-104.0306,44.4082],[-104.0271,44.4081],[-104.0273,44.4098],[-104.0271,44.4082],[-104.0215,44.4092],[-104.0218,44.4108],[-104.0251,44.4102],[-104.0257,44.4143],[-104.0224,44.4149],[-104.0225,44.4158],[-104.0236,44.4161],[-104.0232,44.4196],[-104.0324,44.4195],[-104.0373,44.4215],[-104.0425,44.4233],[-104.0427,44.4215],[-104.0421,44.4213],[-104.0463,44.4209],[-104.0474,44.4218],[-104.0476,44.4235],[-104.0474,44.4246],[-104.0475,44.4261],[-104.0479,44.4264],[-104.0466,44.427],[-104.047,44.4276],[-104.0485,44.4284],[-104.0492,44.4292],[-104.0471,44.4317],[-104.0467,44.4327],[-104.0463,44.433],[-104.0465,44.4332],[-104.0475,44.4317],[-104.0498,44.4292],[-104.0489,44.4282],[-104.0472,44.4275],[-104.0486,44.4266],[-104.048,44.426],[-104.048,44.4211],[-104.0465,44.4203],[-104.0481,44.4202],[-104.0492,44.4172],[-104.0519,44.4164],[-104.052,44.4146],[-104.0467,44.4163],[-104.0467,44.4171],[-104.0436,44.417],[-104.0447,44.4141],[-104.0436,44.4139],[-104.0424,44.4116],[-104.04,44.41],[-104.0394,44.4091],[-104.0402,44.4081],[-104.0413,44.408],[-104.0404,44.4057],[-104.0445,44.4057],[-104.0451,44.4038],[-104.0453,44.4017],[-104.0456,44.4017],[-104.0471,44.3986],[-104.0478,44.3985],[-104.0488,44.3943],[-104.0485,44.3963],[-104.0507,44.3966],[-104.0509,44.3958],[-104.0555,44.3956],[-104.0556,44.3947],[-104.0558,44.4727],[-104.0517,44.4718],[-104.0518,44.4746],[-104.0365,44.4746],[-104.0365,44.4813],[-104.0315,44.4813],[-104.0315,44.4819],[-104.0264,44.4819],[-104.0265,44.4855],[-104.0164,44.4855],[-104.0163,44.4819],[-104.0214,44.4819],[-104.0213,44.4782],[-104.0264,44.4782],[-104.0264,44.4746],[-103.986,44.4746],[-103.986,44.4886],[-103.9806,44.4886],[-103.9809,44.4959],[-103.9709,44.4959],[-103.9709,44.4851],[-103.9608,44.4852],[-103.9607,44.4781],[-103.9506,44.4782],[-103.9506,44.4745],[-103.9308,44.4746],[-103.9305,44.46],[-103.9253,44.46],[-103.9252,44.4528],[-103.915,44.4528],[-103.9152,44.46],[-103.9203,44.46],[-103.9204,44.4673],[-103.9255,44.4673],[-103.9256,44.4745],[-103.9205,44.4745],[-103.9205,44.4781],[-103.9154,44.4781],[-103.9154,44.4745],[-103.9001,44.4744],[-103.9001,44.4708],[-103.895,44.4707],[-103.8951,44.4635],[-103.9001,44.4635],[-103.9001,44.4599],[-103.8901,44.4598],[-103.89,44.4562],[-103.895,44.4563],[-103.8948,44.4491],[-103.8998,44.4491],[-103.8994,44.4347],[-103.8893,44.4347],[-103.8895,44.4383],[-103.8793,44.4383],[-103.8796,44.4454],[-103.8897,44.4454],[-103.8899,44.4527],[-103.8798,44.4526],[-103.8801,44.4598],[-103.875,44.4598],[-103.8749,44.4562],[-103.8649,44.4562],[-103.865,44.4598],[-103.8629,44.46],[-103.859,44.4618],[-103.8577,44.4647],[-103.8549,44.467],[-103.8549,44.4652],[-103.8498,44.4652],[-103.8499,44.4491],[-103.8448,44.449],[-103.8448,44.4455],[-103.8346,44.4454],[-103.8346,44.4418],[-103.8295,44.4417],[-103.8295,44.4309],[-103.7949,44.431],[-103.7949,44.4418],[-103.7899,44.4418],[-103.7899,44.4383],[-103.7798,44.4382],[-103.7798,44.431],[-103.7805,44.431],[-103.7804,44.4268],[-103.7826,44.4229],[-103.7838,44.4229],[-103.7848,44.4188],[-103.7858,44.4188],[-103.787,44.4156],[-103.7877,44.4156],[-103.7877,44.4175],[-103.8033,44.4125],[-103.8033,44.4107],[-103.8065,44.4101],[-103.8094,44.4092],[-103.8118,44.4079],[-103.8137,44.4066],[-103.8151,44.4037],[-103.8181,44.4061],[-103.8185,44.4076],[-103.8209,44.4074],[-103.818,44.4085],[-103.8202,44.4114],[-103.8252,44.4094],[-103.8235,44.4072],[-103.8242,44.4071],[-103.8238,44.4055],[-103.8219,44.4057],[-103.8215,44.4016],[-103.8234,44.3977],[-103.8222,44.3978],[-103.8204,44.4017],[-103.8199,44.3976],[-103.8188,44.3977],[-103.8189,44.3988],[-103.8177,44.3974],[-103.8201,44.3962],[-103.8244,44.3943],[-103.8263,44.3952],[-103.8289,44.3997],[-103.8306,44.3992],[-103.8289,44.3953],[-103.8305,44.3948],[-103.8295,44.3939],[-103.8312,44.3953],[-103.8318,44.3994],[-103.8329,44.3993],[-103.8328,44.3988],[-103.8348,44.3987],[-103.8349,44.4027],[-103.8397,44.4025],[-103.8409,44.4033],[-103.8405,44.4041],[-103.8406,44.4056],[-103.8401,44.4072],[-103.8459,44.4072],[-103.8444,44.4119],[-103.839,44.4116],[-103.8388,44.4123],[-103.8381,44.4205],[-103.8402,44.4206],[-103.8401,44.4223],[-103.8515,44.4223],[-103.8518,44.419],[-103.85,44.419],[-103.8505,44.4182],[-103.8461,44.4183],[-103.8462,44.4167],[-103.852,44.4165],[-103.8523,44.4124],[-103.8534,44.4124],[-103.8553,44.4056],[-103.8564,44.4051],[-103.8582,44.4048],[-103.8582,44.4028],[-103.8598,44.4033],[-103.8594,44.4035],[-103.8605,44.4054],[-103.8618,44.407],[-103.8628,44.4066],[-103.8641,44.4077],[-103.8657,44.4068],[-103.864,44.4052],[-103.8629,44.4034],[-103.861,44.4043],[-103.8605,44.4038],[-103.8607,44.4038],[-103.8617,44.4012],[-103.8609,44.3998],[-103.864,44.3996],[-103.8656,44.3991]]],[[[-103.8569,44.4597],[-103.8575,44.4597],[-103.8597,44.4575],[-103.8609,44.4567],[-103.8644,44.4559],[-103.8649,44.4556],[-103.8649,44.4552],[-103.8643,44.4557],[-103.8607,44.4565],[-103.8597,44.4571],[-103.8569,44.4597]]],[[[-103.8646,44.4498],[-103.8626,44.4514],[-103.8625,44.4519],[-103.8649,44.4543],[-103.8649,44.4538],[-103.8629,44.4519],[-103.8629,44.4515],[-103.8648,44.4501],[-103.8647,44.4491],[-103.8646,44.4498]]],[[[-103.8647,44.4491],[-103.8651,44.4491],[-103.8651,44.4478],[-103.8655,44.4473],[-103.8688,44.4475],[-103.8699,44.4469],[-103.8728,44.4409],[-103.8723,44.4383],[-103.8719,44.4383],[-103.8719,44.4387],[-103.8724,44.4402],[-103.8724,44.4409],[-103.8696,44.4467],[-103.8687,44.4473],[-103.8679,44.4473],[-103.866,44.4469],[-103.8654,44.447],[-103.8647,44.4477],[-103.8647,44.4491]]],[[[-103.8745,44.4375],[-103.8755,44.4376],[-103.8753,44.4374],[-103.8739,44.4368],[-103.8736,44.4372],[-103.8745,44.4375]]],[[[-103.8744,44.4339],[-103.8748,44.4351],[-103.8756,44.4358],[-103.8751,44.4335],[-103.8743,44.4335],[-103.8744,44.4339]]],[[[-103.8738,44.4337],[-103.874,44.4339],[-103.8739,44.4333],[-103.8744,44.4323],[-103.8733,44.4329],[-103.8738,44.4337]]],[[[-103.8711,44.4292],[-103.87,44.4288],[-103.8699,44.4292],[-103.8702,44.4292],[-103.8701,44.4295],[-103.871,44.4295],[-103.8711,44.4292]]],[[[-103.873,44.4288],[-103.8719,44.4293],[-103.8722,44.4296],[-103.8739,44.4306],[-103.8752,44.4304],[-103.8734,44.4295],[-103.8732,44.4287],[-103.873,44.4288]]],[[[-103.872,44.4279],[-103.872,44.4282],[-103.8723,44.4281],[-103.8719,44.4286],[-103.8722,44.4287],[-103.8731,44.4277],[-103.8725,44.4262],[-103.872,44.4279]]],[[[-103.6193,44.4194],[-103.6193,44.42],[-103.6293,44.42],[-103.6293,44.4164],[-103.6194,44.4164],[-103.6193,44.4194]]],[[[-103.8913,44.4127],[-103.8906,44.4123],[-103.8904,44.4125],[-103.891,44.4129],[-103.8913,44.4127]]],[[[-103.8942,44.4108],[-103.8947,44.4102],[-103.8957,44.4097],[-103.8949,44.4097],[-103.8944,44.41],[-103.8942,44.4108]]],[[[-103.8986,44.4089],[-103.8999,44.408],[-103.9002,44.4065],[-103.8984,44.4069],[-103.8975,44.4082],[-103.8961,44.4088],[-103.8973,44.4096],[-103.8986,44.4089]]],[[[-103.8616,44.4081],[-103.8597,44.4067],[-103.8581,44.4048],[-103.856,44.4054],[-103.8579,44.4078],[-103.8593,44.4087],[-103.8616,44.4081]]],[[[-103.8945,44.4033],[-103.8949,44.4038],[-103.8955,44.4035],[-103.895,44.4031],[-103.8945,44.4033]]],[[[-103.8774,44.4039],[-103.8765,44.4008],[-103.8754,44.4009],[-103.875,44.4022],[-103.8747,44.4023],[-103.8747,44.4026],[-103.8774,44.4039]]],[[[-103.9074,44.3983],[-103.907,44.3981],[-103.9066,44.3987],[-103.907,44.3989],[-103.9074,44.3983]]],[[[-103.8932,44.4026],[-103.8933,44.4028],[-103.8938,44.4027],[-103.8957,44.4015],[-103.8981,44.3977],[-103.9003,44.3968],[-103.9003,44.3962],[-103.8962,44.3969],[-103.8925,44.4003],[-103.8933,44.4019],[-103.8929,44.402],[-103.8932,44.4026]]],[[[-103.909,44.3937],[-103.9075,44.394],[-103.9068,44.3946],[-103.9074,44.3946],[-103.9079,44.3941],[-103.909,44.3939],[-103.909,44.3937]]],[[[-103.9592,44.3929],[-103.9598,44.3976],[-103.9614,44.3972],[-103.96,44.3932],[-103.9592,44.3929]]],[[[-103.9053,44.3959],[-103.9061,44.3964],[-103.907,44.3951],[-103.9061,44.3951],[-103.9063,44.3948],[-103.9039,44.3915],[-103.9036,44.3913],[-103.9023,44.3917],[-103.9034,44.3928],[-103.9027,44.3924],[-103.9021,44.3929],[-103.9018,44.3935],[-103.9024,44.3943],[-103.9053,44.3959]]],[[[-103.9581,44.3917],[-103.9569,44.3902],[-103.9551,44.3891],[-103.9581,44.3917]]],[[[-103.9583,44.3917],[-103.9592,44.3928],[-103.9684,44.3967],[-103.9696,44.3989],[-103.9713,44.3971],[-103.9705,44.3953],[-103.9656,44.3918],[-103.963,44.3922],[-103.9598,44.3907],[-103.9547,44.3873],[-103.9536,44.3878],[-103.9547,44.3888],[-103.957,44.3901],[-103.9583,44.3917]]],[[[-103.9109,44.3832],[-103.9108,44.384],[-103.9114,44.3839],[-103.9112,44.3833],[-103.9109,44.3832]]],[[[-104.0083,44.4061],[-104.0072,44.4084],[-104.0062,44.4083],[-104.0054,44.4089],[-104.0061,44.4125],[-104.0043,44.4143],[-104.0045,44.4154],[-104.0036,44.4171],[-104.0026,44.4179],[-104.0031,44.418],[-104.0048,44.4162],[-104.0049,44.4153],[-104.0047,44.4145],[-104.0064,44.4125],[-104.0062,44.409],[-104.0084,44.4085],[-104.0086,44.4069],[-104.0097,44.4051],[-104.0107,44.405],[-104.0136,44.402],[-104.0147,44.4006],[-104.0135,44.3977],[-104.0143,44.3946],[-104.0128,44.3894],[-104.0109,44.388],[-104.0081,44.3851],[-104.005,44.383],[-104.0057,44.3824],[-104.0105,44.382],[-104.0136,44.3812],[-104.0135,44.3805],[-104.0121,44.38],[-104.0098,44.3812],[-104.0056,44.3817],[-104.0065,44.3797],[-104.0057,44.3787],[-104.0044,44.3797],[-104.0039,44.3809],[-104.0028,44.3816],[-104.002,44.3826],[-104.0067,44.3862],[-104.0089,44.3886],[-104.011,44.3906],[-104.0127,44.3945],[-104.0125,44.3979],[-104.0127,44.3998],[-104.0127,44.4016],[-104.0096,44.4042],[-104.0083,44.4061]]],[[[-103.9133,44.379],[-103.9138,44.3787],[-103.9133,44.3781],[-103.9091,44.3808],[-103.9107,44.3824],[-103.9137,44.3795],[-103.9133,44.379]]],[[[-103.9188,44.3736],[-103.9185,44.3735],[-103.9181,44.3739],[-103.9185,44.3741],[-103.9188,44.3736]]],[[[-103.9192,44.371],[-103.9188,44.3714],[-103.9187,44.3719],[-103.9189,44.3719],[-103.9192,44.371]]],[[[-103.9957,44.3789],[-103.9962,44.379],[-103.9964,44.3781],[-103.9982,44.3785],[-103.9989,44.3755],[-103.9994,44.3755],[-103.9996,44.3746],[-103.999,44.3745],[-104.0011,44.3707],[-103.9924,44.3688],[-103.9928,44.3681],[-103.9878,44.367],[-103.9872,44.3671],[-103.987,44.3677],[-103.9823,44.3667],[-103.9796,44.3703],[-103.9785,44.376],[-103.9819,44.3767],[-103.982,44.3764],[-103.9957,44.3789]]],[[[-103.9258,44.3657],[-103.9248,44.366],[-103.925,44.3663],[-103.9258,44.3657]]],[[[-103.6666,44.3655],[-103.6648,44.3677],[-103.6642,44.3697],[-103.6707,44.3696],[-103.6719,44.3677],[-103.6725,44.3658],[-103.6666,44.3655]]],[[[-104.0274,44.3648],[-104.023,44.3656],[-104.0231,44.3659],[-104.0181,44.3667],[-104.0187,44.3683],[-104.0192,44.3682],[-104.0208,44.3721],[-104.0252,44.3713],[-104.0245,44.3736],[-104.029,44.3728],[-104.029,44.3688],[-104.0274,44.3648]]],[[[-103.9278,44.3645],[-103.9273,44.3649],[-103.9275,44.365],[-103.9285,44.3644],[-103.9278,44.3645]]],[[[-103.929,44.3635],[-103.9288,44.3634],[-103.9284,44.364],[-103.9287,44.3642],[-103.9291,44.3639],[-103.929,44.3635]]],[[[-103.9299,44.3626],[-103.9291,44.3626],[-103.9292,44.3633],[-103.9295,44.3634],[-103.9299,44.3626]]],[[[-103.9288,44.3628],[-103.9284,44.3622],[-103.9282,44.3623],[-103.9287,44.3632],[-103.9289,44.3633],[-103.9288,44.3628]]],[[[-103.5292,44.3613],[-103.5291,44.3636],[-103.5301,44.3636],[-103.5301,44.3613],[-103.5292,44.3613]]],[[[-103.8839,44.3583],[-103.8831,44.3577],[-103.8809,44.3587],[-103.8827,44.3591],[-103.8821,44.3604],[-103.8824,44.3606],[-103.8832,44.3602],[-103.8845,44.3585],[-103.8839,44.3583]]],[[[-103.9224,44.3667],[-103.9229,44.366],[-103.9234,44.3662],[-103.9282,44.3639],[-103.9279,44.3619],[-103.9272,44.3603],[-103.9268,44.3601],[-103.9275,44.3585],[-103.9282,44.3576],[-103.9287,44.3575],[-103.9298,44.3565],[-103.9297,44.3553],[-103.9292,44.3553],[-103.9286,44.3562],[-103.9265,44.3582],[-103.9262,44.3596],[-103.9269,44.3621],[-103.9269,44.3629],[-103.9265,44.3636],[-103.925,44.3648],[-103.9234,44.3652],[-103.9236,44.365],[-103.9218,44.3646],[-103.9167,44.3626],[-103.9165,44.3622],[-103.9153,44.3624],[-103.9158,44.3644],[-103.9128,44.3654],[-103.9158,44.3662],[-103.9161,44.3675],[-103.9159,44.3682],[-103.9196,44.3697],[-103.9213,44.3673],[-103.9224,44.3667]]],[[[-103.6094,44.3514],[-103.6094,44.355],[-103.6044,44.3551],[-103.6044,44.3586],[-103.6144,44.3587],[-103.6144,44.3515],[-103.6094,44.3514]]],[[[-104.0075,44.3586],[-104.0109,44.3592],[-104.0109,44.3581],[-104.0132,44.3581],[-104.0169,44.3592],[-104.0186,44.3612],[-104.0181,44.3628],[-104.0207,44.3628],[-104.0178,44.3579],[-104.0219,44.3528],[-104.0241,44.3516],[-104.023,44.3511],[-104.0205,44.3521],[-104.0181,44.355],[-104.0171,44.3521],[-104.0089,44.3559],[-104.0095,44.3567],[-104.007,44.3579],[-104.0075,44.3586]]],[[[-103.6144,44.3515],[-103.6193,44.3515],[-103.6193,44.3479],[-103.6144,44.3479],[-103.6144,44.3515]]],[[[-103.8813,44.3483],[-103.8823,44.3514],[-103.8854,44.3509],[-103.8843,44.3469],[-103.8811,44.3474],[-103.8813,44.3483]]],[[[-104.026,44.3528],[-104.0285,44.3549],[-104.0311,44.3549],[-104.0311,44.352],[-104.0246,44.3448],[-104.0223,44.3448],[-104.0222,44.3477],[-104.0253,44.3489],[-104.0246,44.3508],[-104.0246,44.3516],[-104.026,44.3528]]],[[[-103.5192,44.3513],[-103.5192,44.3549],[-103.5042,44.3549],[-103.5042,44.3584],[-103.5143,44.3584],[-103.5143,44.362],[-103.5193,44.3621],[-103.5193,44.3585],[-103.5342,44.3585],[-103.5342,44.3514],[-103.5442,44.3514],[-103.5442,44.3658],[-103.5492,44.3658],[-103.5492,44.3442],[-103.5192,44.3441],[-103.5192,44.3513]]],[[[-104.0364,44.352],[-104.0366,44.3525],[-104.0461,44.35],[-104.0427,44.3432],[-104.0332,44.3457],[-104.0364,44.352]]],[[[-103.8831,44.343],[-103.8854,44.3467],[-103.8896,44.3463],[-103.8914,44.3463],[-103.8912,44.345],[-103.8904,44.3427],[-103.889,44.3427],[-103.8885,44.3411],[-103.8839,44.3417],[-103.883,44.3421],[-103.8832,44.343],[-103.8831,44.343]]],[[[-103.9156,44.3379],[-103.9151,44.3384],[-103.9165,44.3389],[-103.9167,44.3386],[-103.9156,44.3379]]],[[[-103.9141,44.3379],[-103.9143,44.3376],[-103.9138,44.3373],[-103.9136,44.3377],[-103.9141,44.3379]]],[[[-103.9155,44.3369],[-103.9153,44.3365],[-103.9146,44.3368],[-103.9149,44.3372],[-103.9155,44.3369]]],[[[-103.9124,44.3372],[-103.9128,44.3368],[-103.9118,44.3363],[-103.9111,44.3366],[-103.9124,44.3372]]],[[[-103.9137,44.3368],[-103.9138,44.3371],[-103.9143,44.3368],[-103.9135,44.3363],[-103.9134,44.3366],[-103.9137,44.3368]]],[[[-104.0266,44.3441],[-104.0269,44.3406],[-104.0259,44.3406],[-104.0256,44.3385],[-104.0262,44.3378],[-104.0265,44.3354],[-104.0247,44.3355],[-104.022,44.3368],[-104.0213,44.3359],[-104.0203,44.3361],[-104.0168,44.3357],[-104.0168,44.3364],[-104.0196,44.3373],[-104.0215,44.3393],[-104.022,44.3409],[-104.0228,44.3446],[-104.0266,44.3441]]],[[[-103.645,44.3348],[-103.6436,44.3346],[-103.6433,44.3357],[-103.6448,44.3359],[-103.645,44.3348]]],[[[-103.9085,44.334],[-103.9093,44.3341],[-103.9096,44.3337],[-103.9089,44.3334],[-103.9085,44.334]]],[[[-103.9032,44.3344],[-103.9031,44.3333],[-103.9022,44.3332],[-103.9026,44.3344],[-103.9032,44.3344]]],[[[-103.9044,44.3321],[-103.9038,44.3321],[-103.9036,44.3325],[-103.9043,44.3325],[-103.9044,44.3321]]],[[[-103.8749,44.3322],[-103.8762,44.3314],[-103.8761,44.3309],[-103.8741,44.3313],[-103.874,44.3318],[-103.8749,44.3322]]],[[[-103.8969,44.3295],[-103.8963,44.3295],[-103.8963,44.3299],[-103.8968,44.3299],[-103.8969,44.3295]]],[[[-103.8965,44.3278],[-103.896,44.3274],[-103.8955,44.3278],[-103.896,44.3282],[-103.8965,44.3278]]],[[[-103.8953,44.3271],[-103.895,44.3266],[-103.8945,44.3267],[-103.8949,44.3272],[-103.8953,44.3271]]],[[[-103.895,44.3254],[-103.8946,44.3258],[-103.895,44.3261],[-103.8955,44.3259],[-103.895,44.3254]]],[[[-103.8933,44.3254],[-103.893,44.3247],[-103.8924,44.325],[-103.8929,44.3256],[-103.8933,44.3254]]],[[[-103.8942,44.324],[-103.8942,44.3238],[-103.8936,44.3238],[-103.8936,44.3243],[-103.894,44.3243],[-103.8942,44.324]]],[[[-103.8944,44.324],[-103.8949,44.324],[-103.8947,44.3218],[-103.8943,44.3219],[-103.8937,44.3206],[-103.8922,44.321],[-103.8928,44.3234],[-103.8943,44.3234],[-103.8944,44.324]]],[[[-103.6158,44.3256],[-103.6182,44.3257],[-103.6255,44.3243],[-103.6245,44.3226],[-103.6196,44.3234],[-103.619,44.324],[-103.6173,44.3243],[-103.616,44.3238],[-103.615,44.321],[-103.6117,44.319],[-103.6109,44.3195],[-103.6124,44.3212],[-103.6111,44.3221],[-103.6121,44.325],[-103.6158,44.3256]]],[[[-103.8918,44.3189],[-103.8911,44.3184],[-103.8908,44.3186],[-103.8918,44.3189]]],[[[-103.8927,44.3185],[-103.8928,44.3189],[-103.8935,44.3186],[-103.8929,44.3181],[-103.8924,44.3183],[-103.8927,44.3185]]],[[[-103.8907,44.3174],[-103.8906,44.3177],[-103.8911,44.3177],[-103.8907,44.3174]]],[[[-103.8926,44.3182],[-103.8924,44.3178],[-103.8916,44.3173],[-103.8912,44.3175],[-103.8923,44.3183],[-103.8926,44.3182]]],[[[-104.0206,44.3252],[-104.0208,44.325],[-104.0234,44.3245],[-104.0249,44.3233],[-104.0291,44.3241],[-104.0316,44.3237],[-104.0339,44.325],[-104.0384,44.3234],[-104.039,44.3225],[-104.0357,44.3235],[-104.032,44.3228],[-104.0285,44.3232],[-104.0248,44.3226],[-104.022,44.3235],[-104.0224,44.3208],[-104.0242,44.3177],[-104.0234,44.3171],[-104.0218,44.3171],[-104.021,44.324],[-104.0193,44.3246],[-104.0196,44.3262],[-104.0206,44.3252]]],[[[-103.8903,44.3174],[-103.8896,44.3165],[-103.8887,44.3165],[-103.8903,44.3176],[-103.8903,44.3174]]],[[[-103.8833,44.3154],[-103.8826,44.3152],[-103.8825,44.3156],[-103.8839,44.3159],[-103.8841,44.3156],[-103.8833,44.3154]]],[[[-103.8865,44.3153],[-103.8864,44.3148],[-103.8859,44.315],[-103.8859,44.3152],[-103.8865,44.3153]]],[[[-103.8837,44.3148],[-103.8838,44.3145],[-103.883,44.3141],[-103.8828,44.3146],[-103.8837,44.3148]]],[[[-103.8882,44.3151],[-103.8891,44.3152],[-103.8894,44.3139],[-103.8889,44.3137],[-103.8874,44.3146],[-103.8862,44.3138],[-103.8856,44.3143],[-103.8855,44.3148],[-103.8859,44.3148],[-103.8863,44.3146],[-103.8867,44.3148],[-103.8878,44.3162],[-103.8899,44.3162],[-103.8882,44.3151]]],[[[-103.8799,44.3144],[-103.8803,44.314],[-103.8799,44.3137],[-103.8795,44.314],[-103.8799,44.3144]]],[[[-103.8785,44.3138],[-103.879,44.3134],[-103.8785,44.3132],[-103.8781,44.3136],[-103.8785,44.3138]]],[[[-103.8804,44.3136],[-103.881,44.3141],[-103.8812,44.3138],[-103.8802,44.3128],[-103.8797,44.3125],[-103.8794,44.3128],[-103.8804,44.3136]]],[[[-103.8784,44.3126],[-103.8787,44.3125],[-103.8781,44.312],[-103.8777,44.3122],[-103.8784,44.3126]]],[[[-103.6722,44.3154],[-103.6727,44.3157],[-103.6734,44.315],[-103.6698,44.3138],[-103.6693,44.3136],[-103.6698,44.313],[-103.6668,44.3119],[-103.665,44.3123],[-103.6655,44.313],[-103.6617,44.3134],[-103.6616,44.3142],[-103.6644,44.3139],[-103.6654,44.3146],[-103.6672,44.3143],[-103.6693,44.3157],[-103.6721,44.3162],[-103.6722,44.3154]]],[[[-103.8785,44.3119],[-103.8788,44.3121],[-103.8793,44.312],[-103.8794,44.3115],[-103.8788,44.3114],[-103.8785,44.3119]]],[[[-103.8764,44.3102],[-103.876,44.3104],[-103.8765,44.3108],[-103.8768,44.3106],[-103.8764,44.3102]]],[[[-104.0432,44.3093],[-104.0432,44.3129],[-104.0482,44.3129],[-104.0482,44.3093],[-104.0432,44.3093]]],[[[-103.6785,44.3096],[-103.6776,44.3103],[-103.6752,44.3104],[-103.6749,44.3111],[-103.674,44.311],[-103.673,44.3123],[-103.6759,44.3124],[-103.678,44.3138],[-103.679,44.3124],[-103.6798,44.3126],[-103.6828,44.3147],[-103.6842,44.3136],[-103.6886,44.3129],[-103.6824,44.309],[-103.6785,44.3096]]],[[[-103.8764,44.3093],[-103.8758,44.3087],[-103.8753,44.3091],[-103.8764,44.3093]]],[[[-103.8748,44.3088],[-103.8753,44.3085],[-103.8747,44.3081],[-103.8743,44.3083],[-103.8748,44.3088]]],[[[-103.8729,44.3082],[-103.8728,44.3081],[-103.8724,44.3083],[-103.8726,44.3085],[-103.8731,44.3084],[-103.8729,44.3082]]],[[[-103.8731,44.3084],[-103.8734,44.3087],[-103.8741,44.3085],[-103.8737,44.3081],[-103.8731,44.3084]]],[[[-103.5483,44.3073],[-103.5432,44.3072],[-103.5432,44.3145],[-103.5583,44.3144],[-103.5583,44.3107],[-103.549,44.3108],[-103.549,44.3097],[-103.5483,44.3097],[-103.5483,44.3073]]],[[[-103.8744,44.3068],[-103.874,44.3063],[-103.8732,44.3065],[-103.8731,44.3069],[-103.8736,44.3071],[-103.8744,44.3068]]],[[[-103.6674,44.3071],[-103.6675,44.3059],[-103.6641,44.3061],[-103.6638,44.3103],[-103.6672,44.31],[-103.6674,44.3071]]],[[[-103.6762,44.3061],[-103.6755,44.3049],[-103.6746,44.3049],[-103.6746,44.3063],[-103.6738,44.3071],[-103.6703,44.3063],[-103.6687,44.3074],[-103.669,44.3088],[-103.6707,44.3088],[-103.6707,44.3077],[-103.6714,44.3073],[-103.6746,44.3082],[-103.6763,44.3073],[-103.6761,44.307],[-103.677,44.3069],[-103.6782,44.3078],[-103.6801,44.3074],[-103.6829,44.3081],[-103.6834,44.307],[-103.6762,44.3061]]],[[[-103.8736,44.3057],[-103.873,44.3048],[-103.8721,44.3052],[-103.8728,44.306],[-103.8736,44.3057]]],[[[-104.0274,44.3072],[-104.0297,44.31],[-104.0344,44.3076],[-104.032,44.3048],[-104.0274,44.3072]]],[[[-103.8706,44.3044],[-103.8701,44.3039],[-103.8696,44.3042],[-103.8701,44.3047],[-103.8706,44.3044]]],[[[-103.8643,44.3041],[-103.8649,44.3039],[-103.8647,44.3035],[-103.8641,44.3037],[-103.8643,44.3041]]],[[[-103.8653,44.3037],[-103.866,44.3037],[-103.8659,44.3033],[-103.8652,44.3034],[-103.8653,44.3037]]],[[[-103.9975,44.3168],[-103.9979,44.3176],[-103.9988,44.3173],[-103.9979,44.3136],[-103.9963,44.3098],[-103.9978,44.3065],[-103.9978,44.304],[-103.9985,44.3033],[-103.9975,44.3031],[-103.9957,44.3044],[-103.9964,44.3048],[-103.9967,44.3065],[-103.9958,44.3077],[-103.9947,44.31],[-103.9953,44.3146],[-103.9959,44.3146],[-103.9962,44.3152],[-103.997,44.3157],[-103.9975,44.3168]]],[[[-103.5828,44.3143],[-103.5834,44.3136],[-103.5846,44.3129],[-103.5878,44.3132],[-103.5914,44.3142],[-103.5919,44.3131],[-103.5865,44.3112],[-103.5833,44.3086],[-103.584,44.3081],[-103.5806,44.3051],[-103.5804,44.303],[-103.5772,44.303],[-103.5816,44.3082],[-103.5817,44.3095],[-103.5815,44.3129],[-103.5804,44.3148],[-103.5774,44.317],[-103.5784,44.3175],[-103.581,44.3165],[-103.5828,44.3143]]],[[[-103.867,44.3026],[-103.8666,44.3024],[-103.8661,44.3028],[-103.8663,44.3031],[-103.867,44.3026]]],[[[-103.5966,44.3091],[-103.5971,44.3081],[-103.5983,44.3065],[-103.5981,44.306],[-103.5964,44.3066],[-103.5949,44.3061],[-103.5939,44.3053],[-103.593,44.3042],[-103.5926,44.3022],[-103.5913,44.3023],[-103.5894,44.303],[-103.5893,44.3034],[-103.5909,44.304],[-103.5926,44.3061],[-103.5944,44.3071],[-103.5949,44.3086],[-103.5969,44.3115],[-103.5961,44.3131],[-103.5968,44.3134],[-103.5965,44.3142],[-103.5976,44.3153],[-103.598,44.318],[-103.5973,44.3196],[-103.5978,44.3225],[-103.5989,44.3245],[-103.5971,44.3267],[-103.5987,44.3267],[-103.6001,44.3235],[-103.5992,44.3184],[-103.5992,44.3163],[-103.605,44.3155],[-103.6092,44.3161],[-103.6096,44.3171],[-103.6105,44.3177],[-103.6116,44.3169],[-103.6117,44.3153],[-103.6133,44.3147],[-103.6146,44.3123],[-103.609,44.3123],[-103.6067,44.3144],[-103.6056,44.3149],[-103.6029,44.315],[-103.6,44.3135],[-103.5983,44.3118],[-103.5966,44.3091]]],[[[-103.8672,44.303],[-103.8679,44.3026],[-103.8675,44.3022],[-103.867,44.3026],[-103.8672,44.303]]],[[[-103.5353,44.3145],[-103.5281,44.3073],[-103.5282,44.3021],[-103.5231,44.3021],[-103.5231,44.3037],[-103.5206,44.3036],[-103.5206,44.3073],[-103.5231,44.3073],[-103.5281,44.3109],[-103.5313,44.3161],[-103.5353,44.3161],[-103.5353,44.3145]]],[[[-103.6197,44.3026],[-103.617,44.3015],[-103.6161,44.3022],[-103.6192,44.3065],[-103.6269,44.3078],[-103.6271,44.307],[-103.6219,44.3035],[-103.6197,44.3026]]],[[[-103.8707,44.3037],[-103.871,44.3044],[-103.8714,44.3034],[-103.8706,44.3022],[-103.8706,44.3018],[-103.8696,44.301],[-103.8691,44.3013],[-103.8701,44.3019],[-103.8707,44.3037]]],[[[-103.8672,44.3021],[-103.8672,44.3002],[-103.8662,44.3002],[-103.8667,44.3013],[-103.8667,44.3017],[-103.8663,44.302],[-103.8666,44.3024],[-103.8672,44.3021]]],[[[-103.652,44.3143],[-103.6535,44.3124],[-103.651,44.3118],[-103.6485,44.3109],[-103.649,44.3104],[-103.6455,44.3081],[-103.6432,44.3081],[-103.6437,44.3071],[-103.6454,44.3069],[-103.6464,44.3064],[-103.6481,44.3084],[-103.6494,44.3093],[-103.65,44.3091],[-103.6497,44.3089],[-103.6503,44.3087],[-103.6531,44.3098],[-103.6577,44.3089],[-103.6579,44.3084],[-103.6557,44.3076],[-103.6563,44.3075],[-103.6587,44.308],[-103.6563,44.3053],[-103.6672,44.3054],[-103.6666,44.3029],[-103.6614,44.3028],[-103.661,44.3011],[-103.6553,44.3012],[-103.6529,44.3007],[-103.6474,44.3018],[-103.6471,44.301],[-103.6418,44.2996],[-103.6429,44.3039],[-103.6402,44.3044],[-103.6403,44.305],[-103.6381,44.3053],[-103.6366,44.3051],[-103.6356,44.3072],[-103.6404,44.309],[-103.638,44.3087],[-103.6363,44.3098],[-103.6412,44.313],[-103.6415,44.3128],[-103.6403,44.3114],[-103.6397,44.3115],[-103.6387,44.3106],[-103.6397,44.3105],[-103.6418,44.311],[-103.6414,44.312],[-103.6437,44.312],[-103.6466,44.3139],[-103.6468,44.313],[-103.6518,44.3146],[-103.652,44.3143]]],[[[-103.8669,44.2997],[-103.8667,44.2992],[-103.8662,44.2993],[-103.8664,44.2999],[-103.8669,44.2997]]],[[[-103.865,44.2988],[-103.8652,44.2983],[-103.8647,44.2983],[-103.8645,44.2987],[-103.865,44.2988]]],[[[-103.5638,44.3071],[-103.5655,44.3086],[-103.5659,44.3093],[-103.5668,44.3094],[-103.5683,44.3022],[-103.5712,44.302],[-103.573,44.3013],[-103.5736,44.3004],[-103.5643,44.2976],[-103.5661,44.3014],[-103.5657,44.3026],[-103.565,44.3029],[-103.5629,44.3064],[-103.5638,44.3071]]],[[[-103.6197,44.2976],[-103.6185,44.2988],[-103.6233,44.3021],[-103.6269,44.3031],[-103.6271,44.3028],[-103.6264,44.3022],[-103.6271,44.3014],[-103.6247,44.2999],[-103.6216,44.2987],[-103.6197,44.2976]]],[[[-103.8649,44.2978],[-103.8656,44.2977],[-103.8653,44.2973],[-103.8647,44.2976],[-103.8649,44.2978]]],[[[-103.8637,44.2979],[-103.8645,44.2975],[-103.8641,44.2971],[-103.8635,44.2975],[-103.8637,44.2979]]],[[[-103.4678,44.2992],[-103.4678,44.2964],[-103.4665,44.2964],[-103.4665,44.2973],[-103.4653,44.2973],[-103.4653,44.2983],[-103.464,44.2983],[-103.464,44.3],[-103.4665,44.3],[-103.4665,44.2992],[-103.4678,44.2992]]],[[[-103.7094,44.3006],[-103.7079,44.2957],[-103.7025,44.2964],[-103.7037,44.3003],[-103.6981,44.2992],[-103.698,44.2989],[-103.6958,44.2996],[-103.6954,44.2988],[-103.6932,44.2993],[-103.6969,44.3057],[-103.698,44.3055],[-103.699,44.3067],[-103.7,44.3064],[-103.6985,44.3032],[-103.7001,44.3027],[-103.7003,44.303],[-103.7046,44.3038],[-103.7041,44.3019],[-103.7096,44.3011],[-103.7094,44.3006]]],[[[-103.8831,44.2956],[-103.8831,44.296],[-103.8839,44.2959],[-103.8838,44.2956],[-103.8831,44.2956]]],[[[-103.8788,44.296],[-103.8788,44.2956],[-103.878,44.2952],[-103.8779,44.2959],[-103.8788,44.296]]],[[[-103.8723,44.2957],[-103.8732,44.2955],[-103.8732,44.2952],[-103.8723,44.2953],[-103.8723,44.2957]]],[[[-103.8715,44.2957],[-103.8717,44.2956],[-103.8716,44.2949],[-103.8708,44.2951],[-103.8709,44.2956],[-103.8715,44.2957]]],[[[-103.8795,44.2946],[-103.8789,44.2946],[-103.8789,44.2951],[-103.8798,44.295],[-103.8795,44.2946]]],[[[-103.6903,44.2968],[-103.6887,44.2965],[-103.6807,44.2969],[-103.6807,44.2946],[-103.68,44.2946],[-103.6791,44.2962],[-103.6772,44.2969],[-103.6764,44.2985],[-103.6782,44.3009],[-103.676,44.3023],[-103.6769,44.303],[-103.6778,44.3026],[-103.6805,44.2999],[-103.6901,44.2999],[-103.6905,44.3005],[-103.6929,44.3012],[-103.6934,44.2972],[-103.6903,44.2968]]],[[[-103.8747,44.2953],[-103.8752,44.2949],[-103.8753,44.2944],[-103.8739,44.2943],[-103.8738,44.2953],[-103.8747,44.2953]]],[[[-103.8861,44.2952],[-103.8879,44.2952],[-103.8882,44.2951],[-103.8881,44.2943],[-103.886,44.2945],[-103.8861,44.2952]]],[[[-103.8688,44.2959],[-103.8692,44.294],[-103.8685,44.2938],[-103.8686,44.2945],[-103.8661,44.2947],[-103.8663,44.2961],[-103.8688,44.2959]]],[[[-103.8709,44.2956],[-103.8698,44.2956],[-103.8701,44.294],[-103.8695,44.2937],[-103.8689,44.2962],[-103.8669,44.2975],[-103.867,44.2984],[-103.8662,44.2984],[-103.8662,44.2988],[-103.868,44.2989],[-103.8682,44.2984],[-103.8687,44.299],[-103.8683,44.2994],[-103.8688,44.3006],[-103.8698,44.3003],[-103.8695,44.3],[-103.869,44.2973],[-103.8723,44.2964],[-103.8722,44.2962],[-103.8713,44.2963],[-103.8709,44.2956]]],[[[-103.89,44.2942],[-103.8907,44.2941],[-103.8909,44.2937],[-103.8907,44.2936],[-103.89,44.2938],[-103.8898,44.294],[-103.89,44.2942]]],[[[-103.7215,44.2939],[-103.7206,44.2932],[-103.7167,44.2962],[-103.7143,44.2944],[-103.7135,44.295],[-103.7175,44.298],[-103.7177,44.2978],[-103.7197,44.2998],[-103.7184,44.3008],[-103.7181,44.3002],[-103.7171,44.3006],[-103.7168,44.3014],[-103.719,44.3019],[-103.7222,44.3021],[-103.7225,44.3013],[-103.7207,44.3015],[-103.7238,44.2991],[-103.7223,44.2978],[-103.7236,44.2968],[-103.7216,44.2948],[-103.7221,44.2944],[-103.7215,44.2939]]],[[[-104.0002,44.2929],[-104.0003,44.3002],[-104.0053,44.3002],[-104.0053,44.3074],[-104.0154,44.3074],[-104.0154,44.3002],[-104.0103,44.3002],[-104.0103,44.2929],[-104.0002,44.2929]]],[[[-103.6921,44.2932],[-103.6942,44.297],[-103.6953,44.2967],[-103.6932,44.2929],[-103.6921,44.2932]]],[[[-103.4779,44.2964],[-103.4779,44.2928],[-103.4728,44.2928],[-103.4728,44.2964],[-103.4779,44.2964]]],[[[-103.4791,44.2941],[-103.4842,44.2941],[-103.4842,44.2923],[-103.4791,44.2922],[-103.4791,44.2941]]],[[[-103.648,44.2965],[-103.6469,44.2988],[-103.648,44.2993],[-103.6489,44.2989],[-103.6508,44.2988],[-103.6524,44.2977],[-103.6549,44.2971],[-103.658,44.2952],[-103.6615,44.294],[-103.6615,44.2926],[-103.6558,44.292],[-103.655,44.2926],[-103.6492,44.2951],[-103.648,44.2965]]],[[[-103.7688,44.2947],[-103.7707,44.296],[-103.7726,44.2981],[-103.7792,44.2961],[-103.7743,44.2918],[-103.7707,44.2943],[-103.7705,44.2936],[-103.7686,44.2946],[-103.7688,44.2947]]],[[[-103.8914,44.2931],[-103.8919,44.2933],[-103.8939,44.292],[-103.8934,44.2916],[-103.8914,44.2931]]],[[[-103.7686,44.2946],[-103.767,44.2906],[-103.7654,44.2924],[-103.7657,44.2931],[-103.7664,44.2937],[-103.7686,44.2946]]],[[[-103.8702,44.2896],[-103.8694,44.2895],[-103.8684,44.2932],[-103.8692,44.2936],[-103.8696,44.293],[-103.8695,44.2919],[-103.8699,44.2912],[-103.8696,44.2905],[-103.8702,44.29],[-103.8702,44.2896]]],[[[-103.8708,44.2945],[-103.8709,44.2939],[-103.8705,44.2926],[-103.8716,44.2886],[-103.8708,44.2885],[-103.8706,44.2904],[-103.87,44.2918],[-103.87,44.2935],[-103.8704,44.294],[-103.8703,44.2946],[-103.8708,44.2945]]],[[[-103.6367,44.2897],[-103.636,44.287],[-103.6345,44.2868],[-103.6318,44.2909],[-103.6256,44.2919],[-103.6262,44.2932],[-103.6307,44.292],[-103.6331,44.2943],[-103.6331,44.2968],[-103.631,44.299],[-103.6316,44.3006],[-103.6327,44.3003],[-103.6339,44.2969],[-103.6366,44.297],[-103.6366,44.2964],[-103.6337,44.2962],[-103.6335,44.2927],[-103.6369,44.2904],[-103.6367,44.2897]]],[[[-103.8968,44.2864],[-103.8963,44.2863],[-103.8962,44.2871],[-103.8968,44.2869],[-103.8968,44.2864]]],[[[-103.582,44.2967],[-103.583,44.2982],[-103.5913,44.2957],[-103.5968,44.2959],[-103.5967,44.2963],[-103.5992,44.2977],[-103.6046,44.2984],[-103.6049,44.298],[-103.6074,44.2987],[-103.6083,44.2976],[-103.6121,44.2956],[-103.6119,44.2942],[-103.6059,44.2914],[-103.6047,44.293],[-103.597,44.2943],[-103.5978,44.2935],[-103.598,44.2936],[-103.5982,44.2934],[-103.598,44.2933],[-103.6,44.2913],[-103.5989,44.2888],[-103.5954,44.286],[-103.595,44.286],[-103.5954,44.2939],[-103.5945,44.2937],[-103.5942,44.2921],[-103.5927,44.2919],[-103.582,44.2967]]],[[[-104.0457,44.2858],[-104.0465,44.2866],[-104.0481,44.2896],[-104.046,44.289],[-104.0414,44.2892],[-104.041,44.2886],[-104.0405,44.2893],[-104.0403,44.2909],[-104.0407,44.2907],[-104.0418,44.2913],[-104.0447,44.2898],[-104.0497,44.2913],[-104.0499,44.2908],[-104.051,44.2904],[-104.0535,44.2906],[-104.0552,44.2899],[-104.0552,44.2889],[-104.0534,44.2896],[-104.0489,44.2895],[-104.0469,44.2858],[-104.0457,44.2858]]],[[[-103.87,44.2887],[-103.8695,44.2853],[-103.8687,44.2854],[-103.8695,44.2892],[-103.8703,44.2891],[-103.87,44.2887]]],[[[-103.8695,44.283],[-103.8692,44.283],[-103.8693,44.2831],[-103.8695,44.283]]],[[[-103.8706,44.2872],[-103.8708,44.288],[-103.8715,44.2879],[-103.8713,44.2872],[-103.8715,44.2865],[-103.8711,44.2861],[-103.8707,44.2845],[-103.8696,44.2823],[-103.8691,44.2824],[-103.8697,44.2831],[-103.8699,44.285],[-103.8702,44.285],[-103.8702,44.2855],[-103.8705,44.2859],[-103.8706,44.2872]]],[[[-103.498,44.2891],[-103.498,44.2927],[-103.5043,44.2927],[-103.5043,44.2855],[-103.503,44.2855],[-103.503,44.2818],[-103.498,44.2819],[-103.498,44.2855],[-103.493,44.2855],[-103.493,44.2891],[-103.498,44.2891]]],[[[-103.655,44.2853],[-103.655,44.2817],[-103.6423,44.2817],[-103.6423,44.2853],[-103.6499,44.2853],[-103.6499,44.289],[-103.6575,44.289],[-103.6575,44.2853],[-103.655,44.2853]]],[[[-103.8991,44.2825],[-103.8993,44.2826],[-103.8998,44.2811],[-103.8994,44.2809],[-103.8989,44.2825],[-103.8991,44.2825]]],[[[-103.7625,44.2819],[-103.7622,44.2806],[-103.7592,44.2828],[-103.7564,44.2831],[-103.7555,44.2811],[-103.7474,44.2835],[-103.7518,44.2842],[-103.752,44.287],[-103.7555,44.287],[-103.7622,44.2843],[-103.7627,44.2828],[-103.7625,44.2819]]],[[[-103.6632,44.2804],[-103.66,44.2809],[-103.6608,44.2819],[-103.6607,44.2831],[-103.6621,44.2835],[-103.6627,44.2843],[-103.6629,44.2842],[-103.6651,44.2851],[-103.6647,44.2853],[-103.6659,44.2886],[-103.6708,44.2864],[-103.6697,44.2834],[-103.6669,44.2843],[-103.6663,44.2828],[-103.6651,44.2826],[-103.6632,44.2804]]],[[[-103.6235,44.2888],[-103.6178,44.2828],[-103.6157,44.2836],[-103.6125,44.2802],[-103.6105,44.281],[-103.6201,44.2912],[-103.6242,44.2896],[-103.6235,44.2888]]],[[[-103.8692,44.2814],[-103.8683,44.2797],[-103.8678,44.2798],[-103.8682,44.2816],[-103.8692,44.2814]]],[[[-103.6075,44.2808],[-103.6062,44.2796],[-103.6044,44.2788],[-103.6048,44.2805],[-103.6044,44.283],[-103.6009,44.2822],[-103.6009,44.2828],[-103.6042,44.2834],[-103.6046,44.2853],[-103.6071,44.2888],[-103.6096,44.2884],[-103.6063,44.2852],[-103.6059,44.2832],[-103.6065,44.282],[-103.608,44.2815],[-103.6075,44.2808]]],[[[-103.4779,44.2819],[-103.4779,44.2783],[-103.4678,44.2783],[-103.4678,44.2855],[-103.4779,44.2855],[-103.4779,44.2819]]],[[[-103.5638,44.2817],[-103.5638,44.2825],[-103.5623,44.286],[-103.5636,44.2854],[-103.5647,44.2838],[-103.5664,44.2824],[-103.568,44.282],[-103.5737,44.2825],[-103.5737,44.2816],[-103.5681,44.2794],[-103.5688,44.2766],[-103.5679,44.2764],[-103.5662,44.2777],[-103.562,44.2778],[-103.56,44.2784],[-103.5631,44.2796],[-103.5637,44.2807],[-103.5638,44.2817]]],[[[-103.8669,44.2764],[-103.8667,44.2762],[-103.8663,44.2765],[-103.8669,44.2771],[-103.8672,44.2767],[-103.8669,44.2764]]],[[[-103.8655,44.2763],[-103.8647,44.2758],[-103.8643,44.2762],[-103.865,44.2769],[-103.8655,44.2763]]],[[[-103.8616,44.2753],[-103.8612,44.2751],[-103.86,44.2752],[-103.8615,44.2757],[-103.8616,44.2753]]],[[[-103.8626,44.2749],[-103.8621,44.2755],[-103.8632,44.2758],[-103.8636,44.2754],[-103.8626,44.2749]]],[[[-103.9083,44.2722],[-103.9088,44.2724],[-103.9092,44.272],[-103.9086,44.2717],[-103.9083,44.2722]]],[[[-103.6276,44.2787],[-103.6339,44.2808],[-103.6359,44.28],[-103.6358,44.2792],[-103.6329,44.2797],[-103.632,44.2784],[-103.6332,44.2772],[-103.6326,44.2764],[-103.6301,44.2779],[-103.6271,44.2744],[-103.6282,44.2737],[-103.6236,44.2706],[-103.622,44.2718],[-103.6269,44.2753],[-103.6276,44.2787]]],[[[-103.7541,44.271],[-103.7496,44.2684],[-103.7483,44.2686],[-103.7506,44.2737],[-103.7504,44.2773],[-103.7604,44.2768],[-103.7622,44.2779],[-103.7629,44.2772],[-103.7661,44.2807],[-103.7688,44.2806],[-103.7725,44.281],[-103.7744,44.2804],[-103.774,44.2775],[-103.7712,44.2745],[-103.775,44.2699],[-103.7678,44.2713],[-103.7671,44.2703],[-103.7615,44.2712],[-103.7624,44.274],[-103.7605,44.2748],[-103.7541,44.271]]],[[[-103.5844,44.268],[-103.5844,44.2705],[-103.5743,44.2693],[-103.5743,44.2689],[-103.5693,44.2689],[-103.5693,44.2744],[-103.5743,44.2744],[-103.5743,44.2726],[-103.5907,44.2725],[-103.5907,44.2707],[-103.5872,44.2707],[-103.5872,44.268],[-103.5844,44.268]]],[[[-103.5333,44.2745],[-103.5333,44.2672],[-103.5182,44.2673],[-103.5182,44.2709],[-103.5283,44.2709],[-103.5283,44.2745],[-103.5333,44.2745]]],[[[-103.9081,44.2725],[-103.9087,44.2714],[-103.9096,44.2709],[-103.9132,44.2696],[-103.9146,44.2679],[-103.9151,44.2666],[-103.9149,44.2665],[-103.9143,44.268],[-103.9128,44.2696],[-103.9095,44.2707],[-103.9087,44.2712],[-103.9079,44.2725],[-103.9063,44.2738],[-103.9053,44.2755],[-103.9023,44.2775],[-103.9012,44.2794],[-103.9014,44.2795],[-103.9025,44.2776],[-103.9052,44.2757],[-103.9069,44.2735],[-103.9081,44.2725]]],[[[-103.8112,44.2676],[-103.8114,44.268],[-103.8124,44.2676],[-103.8134,44.2666],[-103.8131,44.2664],[-103.8112,44.2676]]],[[[-103.6802,44.2748],[-103.681,44.2747],[-103.6802,44.2726],[-103.6839,44.2719],[-103.6849,44.2709],[-103.6835,44.2709],[-103.6824,44.2714],[-103.6798,44.2716],[-103.679,44.2699],[-103.6799,44.2691],[-103.6783,44.2691],[-103.6769,44.2672],[-103.6798,44.2665],[-103.6797,44.2662],[-103.6775,44.2662],[-103.6752,44.2668],[-103.6754,44.2674],[-103.6778,44.2691],[-103.6797,44.2749],[-103.6802,44.2748]]],[[[-103.9179,44.2647],[-103.9173,44.2648],[-103.9177,44.2653],[-103.9181,44.2653],[-103.9179,44.2647]]],[[[-103.8466,44.2639],[-103.8485,44.2635],[-103.847,44.2614],[-103.8463,44.2609],[-103.8455,44.2608],[-103.8443,44.2617],[-103.8453,44.2624],[-103.8464,44.2639],[-103.8466,44.2639]]],[[[-103.8449,44.2601],[-103.8444,44.26],[-103.8438,44.2603],[-103.8445,44.2605],[-103.8449,44.2601]]],[[[-103.5384,44.2599],[-103.5384,44.2635],[-103.5434,44.2635],[-103.5434,44.2672],[-103.5484,44.2672],[-103.5485,44.2635],[-103.5535,44.2636],[-103.5535,44.2599],[-103.5384,44.2599]]],[[[-103.8427,44.2595],[-103.8422,44.2591],[-103.8418,44.2594],[-103.8425,44.2598],[-103.8427,44.2595]]],[[[-103.7225,44.2723],[-103.7149,44.2711],[-103.7121,44.2709],[-103.7116,44.2692],[-103.7113,44.2694],[-103.7132,44.2672],[-103.7153,44.2675],[-103.7145,44.2657],[-103.7185,44.2663],[-103.7228,44.2625],[-103.7211,44.2615],[-103.7169,44.2634],[-103.7145,44.2604],[-103.713,44.2607],[-103.7141,44.2634],[-103.7126,44.265],[-103.7126,44.2655],[-103.711,44.2674],[-103.7116,44.2682],[-103.7104,44.2687],[-103.7105,44.269],[-103.7071,44.2699],[-103.7056,44.2726],[-103.7045,44.2683],[-103.7066,44.2656],[-103.7079,44.2648],[-103.7077,44.2637],[-103.7084,44.2631],[-103.709,44.2601],[-103.7085,44.2601],[-103.7076,44.2618],[-103.7078,44.2626],[-103.7067,44.2635],[-103.7067,44.2646],[-103.7038,44.2674],[-103.7027,44.2673],[-103.7024,44.2678],[-103.7029,44.2682],[-103.7023,44.2719],[-103.7039,44.2744],[-103.7018,44.2752],[-103.7054,44.2829],[-103.7031,44.2802],[-103.7022,44.2803],[-103.702,44.2762],[-103.7017,44.2754],[-103.6965,44.2736],[-103.6961,44.2728],[-103.6957,44.2728],[-103.6948,44.2716],[-103.6947,44.2699],[-103.694,44.2701],[-103.694,44.2741],[-103.6934,44.2743],[-103.6929,44.2749],[-103.6943,44.275],[-103.6943,44.2761],[-103.6903,44.2765],[-103.6878,44.274],[-103.68,44.2751],[-103.6811,44.2772],[-103.6814,44.2774],[-103.6821,44.2772],[-103.6832,44.2779],[-103.6859,44.2773],[-103.686,44.2795],[-103.682,44.2773],[-103.681,44.2776],[-103.6789,44.2734],[-103.6754,44.2726],[-103.6732,44.2727],[-103.6728,44.272],[-103.6703,44.2718],[-103.6681,44.2712],[-103.6685,44.2707],[-103.6666,44.2695],[-103.6651,44.269],[-103.6696,44.268],[-103.6686,44.2639],[-103.6674,44.264],[-103.6664,44.26],[-103.6572,44.2604],[-103.6504,44.2614],[-103.6513,44.2645],[-103.6496,44.2641],[-103.6459,44.2645],[-103.6435,44.2624],[-103.6425,44.2595],[-103.6411,44.2593],[-103.6398,44.2611],[-103.6377,44.2602],[-103.6318,44.2604],[-103.6326,44.2612],[-103.637,44.2607],[-103.6397,44.2624],[-103.6406,44.264],[-103.6401,44.2655],[-103.6438,44.2666],[-103.6451,44.2653],[-103.6481,44.2668],[-103.6475,44.2685],[-103.6523,44.2702],[-103.6525,44.2694],[-103.6537,44.2693],[-103.6546,44.2708],[-103.6556,44.2749],[-103.6601,44.2743],[-103.661,44.2751],[-103.6571,44.276],[-103.6508,44.2765],[-103.6488,44.2789],[-103.6465,44.2794],[-103.6484,44.2804],[-103.6506,44.2799],[-103.6507,44.2777],[-103.6519,44.2774],[-103.6554,44.2783],[-103.6568,44.2795],[-103.6611,44.2783],[-103.6622,44.2802],[-103.666,44.279],[-103.6662,44.2796],[-103.6676,44.2807],[-103.669,44.2799],[-103.6681,44.2793],[-103.6673,44.2792],[-103.6667,44.2783],[-103.6665,44.2784],[-103.6672,44.278],[-103.6679,44.2792],[-103.6695,44.2786],[-103.6695,44.2814],[-103.6705,44.281],[-103.6706,44.2804],[-103.6716,44.2799],[-103.6723,44.28],[-103.6715,44.2806],[-103.6714,44.2814],[-103.6758,44.284],[-103.6759,44.2832],[-103.6766,44.2826],[-103.6789,44.2829],[-103.6782,44.2825],[-103.6793,44.2826],[-103.6788,44.2831],[-103.6796,44.2865],[-103.6794,44.2871],[-103.6814,44.2878],[-103.684,44.288],[-103.6842,44.2872],[-103.6861,44.2881],[-103.6892,44.2847],[-103.6873,44.2837],[-103.6878,44.2832],[-103.6899,44.2847],[-103.6896,44.2856],[-103.6876,44.2866],[-103.6878,44.2869],[-103.689,44.2868],[-103.6891,44.2885],[-103.6881,44.2897],[-103.6878,44.2906],[-103.687,44.2908],[-103.6859,44.2907],[-103.6821,44.2918],[-103.6807,44.2915],[-103.679,44.2931],[-103.6799,44.2935],[-103.6809,44.2928],[-103.6883,44.2917],[-103.6915,44.288],[-103.6948,44.2884],[-103.6967,44.289],[-103.6994,44.2884],[-103.7029,44.2894],[-103.7058,44.2891],[-103.7159,44.2899],[-103.7185,44.2907],[-103.7233,44.2909],[-103.7299,44.2902],[-103.7307,44.2916],[-103.7284,44.2914],[-103.73,44.2953],[-103.7311,44.2954],[-103.7321,44.2951],[-103.733,44.2953],[-103.734,44.2951],[-103.7329,44.292],[-103.7318,44.2918],[-103.731,44.2901],[-103.7414,44.291],[-103.7408,44.2898],[-103.7372,44.2896],[-103.7311,44.2886],[-103.7299,44.2873],[-103.7276,44.2894],[-103.7258,44.2893],[-103.7232,44.2898],[-103.7194,44.2894],[-103.7172,44.2884],[-103.7153,44.2884],[-103.7229,44.2865],[-103.721,44.2826],[-103.7199,44.2829],[-103.7166,44.2759],[-103.7186,44.2754],[-103.7182,44.2741],[-103.7239,44.2738],[-103.7312,44.2743],[-103.7315,44.275],[-103.7357,44.2779],[-103.7367,44.2779],[-103.7321,44.2741],[-103.7355,44.273],[-103.736,44.2726],[-103.7365,44.2747],[-103.7372,44.2763],[-103.7383,44.276],[-103.7389,44.2829],[-103.7317,44.2838],[-103.7342,44.2877],[-103.7421,44.2866],[-103.7414,44.2845],[-103.7436,44.2841],[-103.743,44.2824],[-103.743,44.2783],[-103.7407,44.2785],[-103.7403,44.2767],[-103.7403,44.2756],[-103.7423,44.2755],[-103.7423,44.2748],[-103.7419,44.2739],[-103.74,44.274],[-103.7399,44.2721],[-103.7389,44.2694],[-103.7409,44.2682],[-103.7418,44.2679],[-103.7427,44.2688],[-103.746,44.267],[-103.7482,44.2651],[-103.7449,44.2619],[-103.7445,44.2622],[-103.7405,44.2581],[-103.7368,44.2613],[-103.7371,44.2616],[-103.7353,44.2626],[-103.7394,44.2669],[-103.7351,44.2696],[-103.7363,44.2706],[-103.7356,44.2708],[-103.7357,44.2712],[-103.7345,44.2718],[-103.7294,44.2719],[-103.7291,44.2715],[-103.727,44.2713],[-103.726,44.272],[-103.7249,44.268],[-103.7209,44.2683],[-103.7225,44.2723]]],[[[-103.7943,44.2568],[-103.7932,44.2582],[-103.7921,44.2578],[-103.7894,44.2626],[-103.7891,44.2654],[-103.7912,44.267],[-103.7921,44.2657],[-103.7944,44.2667],[-103.7945,44.2683],[-103.7955,44.2687],[-103.7964,44.2681],[-103.7974,44.265],[-103.7967,44.2633],[-103.7971,44.2621],[-103.7962,44.2595],[-103.7973,44.258],[-103.7943,44.2568]]],[[[-103.9258,44.255],[-103.926,44.2545],[-103.9251,44.2543],[-103.9248,44.2548],[-103.9258,44.255]]],[[[-103.6853,44.2576],[-103.6808,44.2576],[-103.6787,44.2584],[-103.677,44.2572],[-103.6753,44.2563],[-103.6706,44.2563],[-103.6692,44.2538],[-103.6682,44.2541],[-103.669,44.2555],[-103.6688,44.257],[-103.6736,44.2576],[-103.676,44.2576],[-103.6784,44.2591],[-103.6823,44.2582],[-103.6883,44.2586],[-103.6883,44.2577],[-103.6853,44.2576]]],[[[-103.8022,44.2614],[-103.8019,44.2595],[-103.8015,44.259],[-103.7972,44.2565],[-103.7967,44.2552],[-103.7966,44.2534],[-103.7966,44.2552],[-103.7971,44.2565],[-103.8011,44.2588],[-103.8017,44.2595],[-103.8022,44.2625],[-103.8038,44.2665],[-103.8049,44.2675],[-103.8058,44.269],[-103.805,44.2674],[-103.804,44.2664],[-103.8033,44.2652],[-103.8023,44.2625],[-103.8022,44.2614]]],[[[-103.6422,44.2579],[-103.6424,44.2563],[-103.65,44.2563],[-103.65,44.2527],[-103.6399,44.2527],[-103.6399,44.2563],[-103.6404,44.2563],[-103.6406,44.2567],[-103.6403,44.2574],[-103.6375,44.2573],[-103.6374,44.2578],[-103.6394,44.2582],[-103.6422,44.2579]]],[[[-103.5794,44.2562],[-103.5794,44.2509],[-103.5719,44.2509],[-103.5719,44.2533],[-103.5744,44.2533],[-103.5744,44.258],[-103.5814,44.2581],[-103.5848,44.2607],[-103.5867,44.2645],[-103.5883,44.2638],[-103.5872,44.262],[-103.5877,44.2604],[-103.5865,44.2589],[-103.5845,44.2581],[-103.5845,44.2563],[-103.5794,44.2562]]],[[[-103.7566,44.2584],[-103.7562,44.2565],[-103.7577,44.252],[-103.756,44.2516],[-103.7554,44.2495],[-103.7534,44.2495],[-103.7546,44.251],[-103.7546,44.2547],[-103.753,44.2549],[-103.7538,44.2565],[-103.7531,44.2609],[-103.7495,44.2639],[-103.7528,44.2639],[-103.7563,44.2598],[-103.7593,44.2597],[-103.7592,44.2588],[-103.7566,44.2584]]],[[[-103.5384,44.2589],[-103.5344,44.2567],[-103.5333,44.2563],[-103.5333,44.2526],[-103.531,44.2518],[-103.5285,44.2516],[-103.526,44.2498],[-103.5248,44.2496],[-103.524,44.2501],[-103.5215,44.2478],[-103.5186,44.2466],[-103.5183,44.2474],[-103.52,44.2485],[-103.5217,44.2515],[-103.5244,44.2529],[-103.5279,44.2537],[-103.531,44.2557],[-103.5333,44.2578],[-103.5333,44.2599],[-103.5384,44.2599],[-103.5384,44.2589]]],[[[-103.6147,44.2598],[-103.6147,44.2563],[-103.6298,44.2563],[-103.6298,44.2527],[-103.6197,44.2527],[-103.6197,44.2491],[-103.6147,44.2491],[-103.6147,44.2514],[-103.6119,44.2506],[-103.6091,44.2484],[-103.6108,44.2471],[-103.6099,44.2465],[-103.602,44.2464],[-103.6018,44.2473],[-103.6051,44.2478],[-103.607,44.2489],[-103.6094,44.2514],[-103.6113,44.2554],[-103.6087,44.2609],[-103.6149,44.2609],[-103.6151,44.2599],[-103.6147,44.2598]]],[[[-103.6752,44.2455],[-103.6702,44.2455],[-103.6702,44.2491],[-103.6853,44.2491],[-103.6853,44.2455],[-103.6752,44.2455]]],[[[-103.4997,44.2467],[-103.499,44.2462],[-103.4976,44.2441],[-103.496,44.2448],[-103.496,44.253],[-103.4954,44.2552],[-103.4985,44.2553],[-103.5003,44.2542],[-103.5009,44.2475],[-103.4997,44.2467]]],[[[-103.6224,44.2479],[-103.6241,44.2468],[-103.626,44.2473],[-103.6267,44.2463],[-103.6266,44.2455],[-103.6239,44.2463],[-103.616,44.2446],[-103.6141,44.2428],[-103.6132,44.2429],[-103.6129,44.2444],[-103.6098,44.2463],[-103.6108,44.2469],[-103.6147,44.2475],[-103.6147,44.2461],[-103.6224,44.2479]]],[[[-103.6255,44.2448],[-103.6255,44.2454],[-103.6277,44.2455],[-103.6281,44.2414],[-103.6258,44.2413],[-103.6255,44.2448]]],[[[-103.6853,44.2408],[-103.6791,44.2394],[-103.679,44.2408],[-103.6836,44.2418],[-103.6905,44.2454],[-103.6943,44.2491],[-103.6991,44.2491],[-103.7038,44.2539],[-103.7086,44.2514],[-103.7058,44.2486],[-103.7055,44.247],[-103.6998,44.2473],[-103.6996,44.2462],[-103.6934,44.246],[-103.6904,44.2418],[-103.6853,44.2408]]],[[[-103.5996,44.2453],[-103.5945,44.2431],[-103.5901,44.2437],[-103.5831,44.2426],[-103.5823,44.2388],[-103.5815,44.2385],[-103.5798,44.2396],[-103.5795,44.2418],[-103.5801,44.2434],[-103.5849,44.244],[-103.5854,44.2471],[-103.5879,44.2494],[-103.5879,44.2562],[-103.5895,44.2562],[-103.5904,44.2538],[-103.589,44.2479],[-103.5864,44.2443],[-103.5906,44.245],[-103.5939,44.2441],[-103.595,44.2448],[-103.596,44.2466],[-103.5989,44.2477],[-103.6006,44.2505],[-103.6015,44.2506],[-103.6004,44.2476],[-103.6019,44.2463],[-103.5996,44.2453]]],[[[-103.7899,44.2421],[-103.7899,44.2385],[-103.7799,44.2384],[-103.7798,44.2457],[-103.7899,44.2457],[-103.7899,44.2421]]],[[[-103.7647,44.2506],[-103.7651,44.2493],[-103.7697,44.2493],[-103.7697,44.242],[-103.7748,44.242],[-103.7748,44.2384],[-103.7647,44.2384],[-103.7647,44.2493],[-103.7644,44.2493],[-103.7637,44.2505],[-103.7636,44.2513],[-103.7584,44.2518],[-103.7588,44.2534],[-103.7661,44.2521],[-103.7689,44.2529],[-103.7716,44.2543],[-103.7711,44.2571],[-103.7718,44.2572],[-103.7733,44.2558],[-103.7724,44.2539],[-103.7703,44.2528],[-103.7645,44.2512],[-103.7647,44.2506]]],[[[-103.6172,44.2428],[-103.6212,44.2449],[-103.6216,44.2408],[-103.6156,44.2376],[-103.6152,44.2417],[-103.6172,44.2428]]],[[[-103.9196,44.2369],[-103.92,44.2379],[-103.9225,44.2397],[-103.9233,44.2413],[-103.9251,44.2431],[-103.925,44.246],[-103.9262,44.2487],[-103.9256,44.2501],[-103.9236,44.2521],[-103.922,44.2554],[-103.9185,44.258],[-103.9183,44.2587],[-103.9186,44.2598],[-103.9199,44.262],[-103.9199,44.2627],[-103.919,44.2637],[-103.9192,44.2638],[-103.9201,44.2627],[-103.9201,44.2623],[-103.9186,44.259],[-103.9188,44.258],[-103.9222,44.2555],[-103.9238,44.2522],[-103.9258,44.2501],[-103.9264,44.2492],[-103.9265,44.2487],[-103.9252,44.246],[-103.9254,44.2435],[-103.9251,44.2427],[-103.9235,44.2412],[-103.9227,44.2396],[-103.9202,44.2378],[-103.9196,44.2369]]],[[[-103.6638,44.2527],[-103.6638,44.2551],[-103.6648,44.2549],[-103.6643,44.253],[-103.6664,44.2527],[-103.6679,44.2531],[-103.6679,44.2515],[-103.6696,44.2516],[-103.6696,44.251],[-103.6681,44.2509],[-103.6655,44.2501],[-103.6631,44.2499],[-103.662,44.2485],[-103.66,44.2449],[-103.6663,44.2465],[-103.6687,44.2451],[-103.6714,44.2449],[-103.6727,44.2431],[-103.6672,44.2426],[-103.6601,44.2429],[-103.6626,44.2397],[-103.6617,44.2395],[-103.6617,44.2363],[-103.6551,44.2363],[-103.6533,44.2347],[-103.6497,44.2357],[-103.6475,44.237],[-103.6481,44.2385],[-103.6542,44.2384],[-103.6542,44.2407],[-103.6573,44.2448],[-103.6577,44.2445],[-103.659,44.2466],[-103.66,44.247],[-103.6595,44.2482],[-103.6602,44.249],[-103.6613,44.2515],[-103.6638,44.2527]]],[[[-103.5433,44.2346],[-103.5418,44.2347],[-103.5476,44.239],[-103.5483,44.2398],[-103.5499,44.2407],[-103.5507,44.24],[-103.5484,44.2387],[-103.5477,44.2372],[-103.5467,44.2369],[-103.5458,44.2359],[-103.5433,44.2346]]],[[[-103.7912,44.2385],[-103.795,44.2385],[-103.795,44.2349],[-103.7924,44.2349],[-103.7924,44.2331],[-103.79,44.233],[-103.7899,44.2367],[-103.7912,44.2367],[-103.7912,44.2385]]],[[[-103.5208,44.2453],[-103.522,44.2452],[-103.521,44.2435],[-103.5232,44.2419],[-103.5284,44.2441],[-103.5344,44.2451],[-103.5362,44.2442],[-103.5364,44.2437],[-103.535,44.2432],[-103.5303,44.2432],[-103.5287,44.2431],[-103.5295,44.2398],[-103.5292,44.2378],[-103.5272,44.2325],[-103.5256,44.2324],[-103.524,44.2344],[-103.5263,44.2401],[-103.5277,44.2419],[-103.5238,44.2415],[-103.5206,44.2415],[-103.5201,44.2424],[-103.5206,44.2437],[-103.5199,44.2447],[-103.5208,44.2453]]],[[[-103.9208,44.2356],[-103.9215,44.2349],[-103.9214,44.2344],[-103.9192,44.2323],[-103.9194,44.2329],[-103.9211,44.2344],[-103.9211,44.2352],[-103.9196,44.2369],[-103.9208,44.2356]]],[[[-103.8068,44.2313],[-103.8,44.2315],[-103.7998,44.2385],[-103.81,44.2385],[-103.8101,44.2313],[-103.8068,44.2313]]],[[[-103.921,44.2309],[-103.9231,44.23],[-103.9266,44.2308],[-103.9289,44.2303],[-103.9289,44.2301],[-103.9265,44.2306],[-103.9231,44.2298],[-103.9221,44.23],[-103.9198,44.2313],[-103.9194,44.2317],[-103.92,44.2315],[-103.921,44.2309]]],[[[-103.7019,44.2382],[-103.7043,44.2404],[-103.7097,44.2351],[-103.704,44.23],[-103.7034,44.2304],[-103.701,44.2283],[-103.6978,44.2318],[-103.6989,44.2327],[-103.6974,44.2343],[-103.7019,44.2382]]],[[[-103.5383,44.2346],[-103.5383,44.231],[-103.5332,44.231],[-103.5333,44.2274],[-103.5232,44.2274],[-103.5232,44.231],[-103.5282,44.231],[-103.5282,44.2346],[-103.5383,44.2346]]],[[[-103.4854,44.2331],[-103.4829,44.2297],[-103.4879,44.2306],[-103.4872,44.2268],[-103.4829,44.2275],[-103.4782,44.229],[-103.4815,44.2336],[-103.4854,44.2331]]],[[[-103.7256,44.2379],[-103.7269,44.2357],[-103.7303,44.2359],[-103.7345,44.2371],[-103.7346,44.2293],[-103.7246,44.2292],[-103.7246,44.2274],[-103.7195,44.2274],[-103.7196,44.2238],[-103.712,44.2238],[-103.712,44.2274],[-103.7145,44.2274],[-103.7145,44.231],[-103.7246,44.231],[-103.7246,44.2333],[-103.7195,44.2333],[-103.7195,44.2399],[-103.7183,44.2436],[-103.7183,44.2442],[-103.7194,44.2444],[-103.7242,44.2402],[-103.7244,44.239],[-103.7256,44.2379]]],[[[-103.6749,44.23],[-103.6735,44.2285],[-103.6753,44.2279],[-103.6764,44.2279],[-103.6764,44.2271],[-103.6782,44.2271],[-103.6803,44.229],[-103.6857,44.2261],[-103.6854,44.2266],[-103.6877,44.2279],[-103.6885,44.2275],[-103.6936,44.2298],[-103.6968,44.228],[-103.6939,44.2255],[-103.6875,44.2237],[-103.6898,44.2237],[-103.6901,44.2228],[-103.6841,44.2233],[-103.6771,44.2254],[-103.6729,44.2258],[-103.6718,44.2269],[-103.668,44.2281],[-103.6652,44.2286],[-103.6619,44.2273],[-103.659,44.2244],[-103.6547,44.2237],[-103.6543,44.2251],[-103.6574,44.2264],[-103.6614,44.2292],[-103.6634,44.2299],[-103.6716,44.2285],[-103.6727,44.2288],[-103.6743,44.2303],[-103.6749,44.23]]],[[[-103.7648,44.2299],[-103.766,44.2286],[-103.7684,44.2276],[-103.7696,44.2263],[-103.7726,44.2248],[-103.774,44.2268],[-103.7744,44.2277],[-103.7731,44.2313],[-103.7731,44.2321],[-103.7748,44.2348],[-103.7753,44.2351],[-103.7767,44.2349],[-103.7767,44.2332],[-103.7779,44.2304],[-103.7845,44.2292],[-103.7845,44.2276],[-103.7794,44.2271],[-103.7737,44.2236],[-103.7732,44.2206],[-103.7705,44.221],[-103.7717,44.2237],[-103.7703,44.225],[-103.7653,44.2284],[-103.7643,44.2298],[-103.7648,44.2299]]],[[[-104.0154,44.2219],[-104.0221,44.2278],[-104.0271,44.2278],[-104.0214,44.2206],[-104.0154,44.2206],[-104.0154,44.2219]]],[[[-103.9721,44.2248],[-103.9744,44.2257],[-103.9726,44.2309],[-103.972,44.2336],[-103.9697,44.2363],[-103.9714,44.2403],[-103.9623,44.2402],[-103.9627,44.2418],[-103.9709,44.2417],[-103.9749,44.2443],[-103.9816,44.2424],[-103.9816,44.2412],[-103.975,44.2403],[-103.975,44.2339],[-103.9846,44.243],[-103.99,44.2408],[-103.9813,44.2321],[-103.9801,44.2325],[-103.9773,44.2297],[-103.9767,44.2252],[-103.9737,44.2201],[-103.9785,44.2201],[-103.9831,44.2239],[-103.9842,44.2228],[-103.9794,44.2194],[-103.972,44.2193],[-103.9721,44.2248]]],[[[-103.5934,44.2273],[-103.587,44.2273],[-103.587,44.2291],[-103.5845,44.2291],[-103.5845,44.2201],[-103.5794,44.22],[-103.5794,44.2224],[-103.5769,44.2224],[-103.5744,44.2236],[-103.5744,44.2246],[-103.572,44.2223],[-103.5708,44.2223],[-103.5702,44.2222],[-103.5686,44.2227],[-103.5666,44.2211],[-103.5666,44.2206],[-103.5661,44.2198],[-103.5649,44.2188],[-103.564,44.2184],[-103.5607,44.2197],[-103.5604,44.2181],[-103.5598,44.2176],[-103.5581,44.2179],[-103.5598,44.2203],[-103.5602,44.2212],[-103.5613,44.2224],[-103.5606,44.2229],[-103.5603,44.2242],[-103.5605,44.2247],[-103.56,44.2259],[-103.5592,44.2268],[-103.5596,44.227],[-103.5611,44.2257],[-103.5613,44.2248],[-103.5611,44.2231],[-103.5622,44.222],[-103.5626,44.222],[-103.5654,44.2237],[-103.5671,44.2244],[-103.5674,44.2236],[-103.5702,44.2229],[-103.5708,44.2232],[-103.5715,44.2242],[-103.5744,44.2247],[-103.5762,44.2257],[-103.5755,44.2265],[-103.5753,44.2277],[-103.5757,44.2284],[-103.5756,44.2307],[-103.574,44.2345],[-103.5739,44.2361],[-103.5746,44.2373],[-103.5748,44.2399],[-103.5758,44.2429],[-103.5775,44.2428],[-103.5776,44.2399],[-103.5771,44.236],[-103.5815,44.2374],[-103.5829,44.2369],[-103.5822,44.236],[-103.5772,44.2342],[-103.5777,44.2329],[-103.5818,44.2343],[-103.5954,44.233],[-103.5954,44.2322],[-103.5965,44.2323],[-103.5974,44.2363],[-103.5978,44.2404],[-103.6001,44.2407],[-103.5997,44.2366],[-103.6033,44.2369],[-103.6023,44.2329],[-103.6015,44.2328],[-103.6007,44.2315],[-103.5986,44.2319],[-103.5983,44.2275],[-103.5972,44.2277],[-103.5955,44.2237],[-103.5951,44.2231],[-103.5973,44.2225],[-103.5967,44.2178],[-103.5922,44.2183],[-103.5928,44.2234],[-103.5919,44.2235],[-103.5934,44.2273]]],[[[-103.9675,44.2166],[-103.9657,44.2189],[-103.9601,44.2164],[-103.9612,44.2217],[-103.9646,44.2241],[-103.972,44.2248],[-103.9719,44.2193],[-103.9675,44.2166]]],[[[-103.9433,44.2163],[-103.9382,44.2163],[-103.9389,44.2196],[-103.9348,44.2177],[-103.9347,44.2188],[-103.9384,44.2216],[-103.9393,44.226],[-103.9363,44.2303],[-103.9375,44.2308],[-103.9415,44.2277],[-103.9475,44.2279],[-103.9477,44.2276],[-103.9449,44.2269],[-103.9418,44.2272],[-103.9435,44.2218],[-103.9404,44.2217],[-103.9433,44.2163]]],[[[-103.6329,44.2255],[-103.6378,44.2221],[-103.6418,44.225],[-103.6451,44.2227],[-103.6371,44.2169],[-103.6338,44.2192],[-103.6298,44.2163],[-103.6249,44.2197],[-103.6329,44.2255]]],[[[-103.5532,44.2144],[-103.5513,44.2173],[-103.5558,44.2199],[-103.5576,44.2169],[-103.5532,44.2144]]],[[[-103.7547,44.2166],[-103.7547,44.2202],[-103.7497,44.2202],[-103.7497,44.2239],[-103.7597,44.2239],[-103.7598,44.2129],[-103.7547,44.213],[-103.7547,44.2166]]],[[[-103.795,44.2131],[-103.795,44.2095],[-103.7849,44.2094],[-103.7849,44.2167],[-103.795,44.2168],[-103.795,44.2131]]],[[[-103.9844,44.2097],[-103.9832,44.2119],[-103.9788,44.2114],[-103.9809,44.2101],[-103.9779,44.21],[-103.9716,44.2091],[-103.9716,44.2132],[-103.9731,44.2132],[-103.9754,44.2158],[-103.9811,44.216],[-103.9827,44.2168],[-103.9834,44.2163],[-103.9818,44.2147],[-103.9813,44.2132],[-103.9836,44.2132],[-103.9859,44.2137],[-103.9894,44.2153],[-103.99,44.2148],[-103.9859,44.2125],[-103.9882,44.2106],[-103.9885,44.2099],[-103.9844,44.2097]]],[[[-103.522,44.211],[-103.5231,44.2134],[-103.5253,44.2129],[-103.5259,44.2142],[-103.528,44.2137],[-103.5284,44.2145],[-103.5302,44.214],[-103.5309,44.2156],[-103.5364,44.2143],[-103.5362,44.2139],[-103.5405,44.2151],[-103.5408,44.2146],[-103.5429,44.2152],[-103.545,44.2114],[-103.5429,44.2108],[-103.5413,44.2136],[-103.5371,44.2124],[-103.5353,44.2085],[-103.5266,44.2106],[-103.5262,44.2098],[-103.5241,44.2103],[-103.5235,44.209],[-103.5213,44.2095],[-103.522,44.211]]],[[[-103.7389,44.2101],[-103.7292,44.2081],[-103.73,44.2089],[-103.7312,44.2092],[-103.7341,44.2115],[-103.7391,44.2112],[-103.7389,44.2101]]],[[[-103.66,44.205],[-103.6571,44.2044],[-103.6563,44.2056],[-103.6589,44.2071],[-103.6645,44.2069],[-103.6701,44.2116],[-103.6724,44.2075],[-103.66,44.205]]],[[[-103.794,44.2022],[-103.7938,44.2019],[-103.7933,44.2036],[-103.7947,44.2045],[-103.7982,44.2058],[-103.8022,44.2086],[-103.8026,44.2094],[-103.8002,44.211],[-103.8012,44.2121],[-103.8036,44.2121],[-103.8047,44.2135],[-103.8065,44.2134],[-103.8052,44.2112],[-103.8036,44.2106],[-103.8031,44.2085],[-103.8037,44.2079],[-103.8075,44.2094],[-103.8078,44.2104],[-103.8088,44.2108],[-103.8098,44.2089],[-103.8072,44.2085],[-103.804,44.207],[-103.803,44.2061],[-103.8023,44.2068],[-103.7947,44.2033],[-103.794,44.2022]]],[[[-103.7313,44.213],[-103.7312,44.2123],[-103.7297,44.2118],[-103.7298,44.2102],[-103.7296,44.2087],[-103.7282,44.2073],[-103.7279,44.2057],[-103.7269,44.2047],[-103.7253,44.2038],[-103.7231,44.2008],[-103.7222,44.2011],[-103.7232,44.2031],[-103.7267,44.2071],[-103.7281,44.2092],[-103.7282,44.213],[-103.7296,44.2145],[-103.7313,44.2139],[-103.7313,44.213]]],[[[-103.9801,44.2061],[-103.9764,44.2071],[-103.9769,44.2098],[-103.9787,44.2098],[-103.9833,44.2078],[-103.9852,44.204],[-103.9902,44.2027],[-103.9919,44.2001],[-103.9843,44.2012],[-103.983,44.2053],[-103.9801,44.2061]]],[[[-103.602,44.2273],[-103.6013,44.2286],[-103.5997,44.2284],[-103.6,44.2296],[-103.6017,44.2296],[-103.6093,44.226],[-103.6147,44.2323],[-103.6147,44.2331],[-103.6168,44.2327],[-103.6201,44.2337],[-103.6244,44.2382],[-103.6298,44.238],[-103.6298,44.2359],[-103.6197,44.231],[-103.6147,44.2273],[-103.6101,44.2249],[-103.6164,44.2235],[-103.6187,44.2236],[-103.6198,44.2241],[-103.6198,44.2196],[-103.6129,44.2191],[-103.6147,44.2167],[-103.6147,44.2164],[-103.615,44.2164],[-103.6174,44.2143],[-103.6204,44.213],[-103.6232,44.214],[-103.6251,44.2153],[-103.6285,44.2103],[-103.6302,44.2102],[-103.6322,44.2128],[-103.6341,44.2128],[-103.6356,44.2106],[-103.6356,44.2082],[-103.6369,44.2081],[-103.6425,44.2096],[-103.6435,44.2083],[-103.6448,44.2073],[-103.6442,44.2062],[-103.6479,44.2059],[-103.65,44.2066],[-103.6538,44.206],[-103.6562,44.2053],[-103.6564,44.2044],[-103.6559,44.2038],[-103.6584,44.2015],[-103.6578,44.2012],[-103.6569,44.2019],[-103.6554,44.2018],[-103.6538,44.2011],[-103.6482,44.2009],[-103.6464,44.1996],[-103.6432,44.2042],[-103.6421,44.2079],[-103.6404,44.2078],[-103.6369,44.2056],[-103.6337,44.2056],[-103.6334,44.208],[-103.6337,44.2091],[-103.6334,44.212],[-103.6324,44.212],[-103.6318,44.2105],[-103.6303,44.2088],[-103.6291,44.2083],[-103.6274,44.2079],[-103.6253,44.2068],[-103.6237,44.2102],[-103.6173,44.2124],[-103.6126,44.211],[-103.6098,44.2111],[-103.6094,44.2121],[-103.6082,44.2123],[-103.6082,44.2128],[-103.609,44.2131],[-103.6085,44.214],[-103.6067,44.2148],[-103.6067,44.2167],[-103.6089,44.2194],[-103.6092,44.2218],[-103.6082,44.2244],[-103.6056,44.2264],[-103.6021,44.2271],[-103.602,44.2273]]],[[[-104.0185,44.1998],[-104.0286,44.2045],[-104.0254,44.2072],[-104.0317,44.2101],[-104.0355,44.2054],[-104.0356,44.2004],[-104.0343,44.2003],[-104.0341,44.2034],[-104.0329,44.2043],[-104.0248,44.1998],[-104.0193,44.1989],[-104.0185,44.1998]]],[[[-103.4001,44.1983],[-103.4001,44.1966],[-103.3976,44.1966],[-103.3976,44.1984],[-103.3965,44.1984],[-103.3958,44.1979],[-103.3926,44.1979],[-103.3926,44.1993],[-103.4001,44.1993],[-103.4001,44.1983]]],[[[-103.7156,44.2001],[-103.7167,44.1995],[-103.7203,44.2],[-103.7254,44.1986],[-103.7238,44.1969],[-103.7213,44.1976],[-103.7211,44.1992],[-103.7183,44.1995],[-103.7115,44.1965],[-103.711,44.1965],[-103.7097,44.1975],[-103.7111,44.1985],[-103.7151,44.1993],[-103.7156,44.2001]]],[[[-103.8187,44.1954],[-103.8181,44.1961],[-103.8214,44.1986],[-103.8231,44.1984],[-103.8261,44.1973],[-103.8299,44.1982],[-103.8295,44.2],[-103.8312,44.2],[-103.8324,44.1978],[-103.82,44.196],[-103.8187,44.1954]]],[[[-103.4626,44.1967],[-103.461,44.1953],[-103.4575,44.1978],[-103.4559,44.1979],[-103.4547,44.1993],[-103.4553,44.2001],[-103.46,44.1991],[-103.4626,44.199],[-103.4642,44.1995],[-103.4658,44.2015],[-103.4684,44.2066],[-103.4694,44.2068],[-103.4727,44.2057],[-103.4737,44.204],[-103.4691,44.2025],[-103.4682,44.2019],[-103.4671,44.2004],[-103.4626,44.1967]]],[[[-103.5881,44.1983],[-103.5959,44.1972],[-103.5962,44.1977],[-103.5979,44.1969],[-103.5965,44.1955],[-103.5945,44.1953],[-103.5911,44.1965],[-103.5888,44.196],[-103.5874,44.1974],[-103.586,44.1978],[-103.5859,44.1987],[-103.5881,44.1983]]],[[[-103.6899,44.2019],[-103.683,44.1962],[-103.6854,44.196],[-103.6905,44.1983],[-103.6945,44.1997],[-103.6945,44.1992],[-103.6995,44.1993],[-103.6995,44.1983],[-103.6945,44.1983],[-103.684,44.1935],[-103.6803,44.1924],[-103.6774,44.1924],[-103.6783,44.1942],[-103.6782,44.195],[-103.6751,44.1953],[-103.6683,44.1953],[-103.6685,44.1962],[-103.6736,44.1968],[-103.6751,44.1965],[-103.6782,44.1971],[-103.6801,44.1966],[-103.6821,44.1968],[-103.6914,44.2044],[-103.6924,44.2039],[-103.6899,44.2019]]],[[[-104.0039,44.1946],[-104.0039,44.1966],[-104.0052,44.1988],[-104.0084,44.1988],[-104.0088,44.198],[-104.0143,44.1969],[-104.0164,44.1974],[-104.0166,44.1967],[-104.0142,44.1957],[-104.0145,44.1914],[-104.0034,44.1914],[-104.0026,44.1923],[-104.0039,44.1946]]],[[[-103.9581,44.1939],[-103.969,44.2032],[-103.9699,44.2047],[-103.9705,44.2048],[-103.9672,44.1991],[-103.9589,44.1938],[-103.9591,44.1906],[-103.958,44.1905],[-103.9581,44.1939]]],[[[-103.79,44.224],[-103.795,44.224],[-103.795,44.2204],[-103.7782,44.2203],[-103.7717,44.2094],[-103.7748,44.2094],[-103.7748,44.2057],[-103.77,44.2057],[-103.7685,44.2025],[-103.7683,44.2001],[-103.771,44.1979],[-103.7734,44.1982],[-103.7736,44.197],[-103.7668,44.1955],[-103.7648,44.1958],[-103.7649,44.1876],[-103.7599,44.1876],[-103.7598,44.1912],[-103.7548,44.1912],[-103.7548,44.1966],[-103.7598,44.1965],[-103.7598,44.1985],[-103.7623,44.1985],[-103.7635,44.1992],[-103.7657,44.2024],[-103.7673,44.2062],[-103.7689,44.2082],[-103.7674,44.2094],[-103.7672,44.21],[-103.7683,44.2098],[-103.7748,44.2203],[-103.7748,44.2239],[-103.79,44.224]]],[[[-103.6376,44.1921],[-103.6349,44.1893],[-103.631,44.1891],[-103.6279,44.1873],[-103.6258,44.1896],[-103.6283,44.1907],[-103.6294,44.1917],[-103.6377,44.1967],[-103.6395,44.1973],[-103.6412,44.1972],[-103.6419,44.1968],[-103.6413,44.1945],[-103.6376,44.1921]]],[[[-103.5683,44.191],[-103.5657,44.1904],[-103.5633,44.1905],[-103.5615,44.1894],[-103.5554,44.1874],[-103.5547,44.1868],[-103.5542,44.1872],[-103.5558,44.1897],[-103.56,44.1903],[-103.5619,44.1919],[-103.5647,44.193],[-103.5669,44.192],[-103.5681,44.1919],[-103.5687,44.1911],[-103.5683,44.191]]],[[[-103.9226,44.1871],[-103.925,44.1887],[-103.9251,44.1918],[-103.927,44.1931],[-103.927,44.1937],[-103.926,44.1944],[-103.9271,44.1953],[-103.9286,44.1941],[-103.9309,44.1944],[-103.9309,44.1941],[-103.9281,44.1912],[-103.9278,44.1904],[-103.9299,44.1895],[-103.9319,44.1895],[-103.9346,44.19],[-103.9374,44.1902],[-103.9382,44.188],[-103.9364,44.1866],[-103.9357,44.1869],[-103.9363,44.1876],[-103.9359,44.1891],[-103.9338,44.1894],[-103.9318,44.1889],[-103.9278,44.1895],[-103.9268,44.1892],[-103.9239,44.1865],[-103.9226,44.1871]]],[[[-103.5072,44.1876],[-103.5067,44.1866],[-103.5053,44.1865],[-103.5061,44.188],[-103.5073,44.1878],[-103.5072,44.1876]]],[[[-103.7337,44.1937],[-103.7328,44.1896],[-103.7323,44.1897],[-103.7316,44.1861],[-103.7304,44.1861],[-103.7273,44.1871],[-103.7268,44.1846],[-103.7247,44.1851],[-103.7257,44.189],[-103.7276,44.1886],[-103.7281,44.1911],[-103.7287,44.1909],[-103.7297,44.195],[-103.7337,44.1937]]],[[[-103.9951,44.1848],[-103.9947,44.1845],[-103.9936,44.1851],[-103.9915,44.1824],[-103.9881,44.1851],[-103.9879,44.1854],[-103.9919,44.1862],[-103.9915,44.1865],[-103.9951,44.1886],[-103.9935,44.1951],[-103.999,44.1935],[-103.9976,44.1918],[-104.0015,44.1892],[-103.9951,44.1848]]],[[[-103.6275,44.1874],[-103.6277,44.1872],[-103.6277,44.1848],[-103.6273,44.1848],[-103.6273,44.1838],[-103.6248,44.1838],[-103.6248,44.1802],[-103.6218,44.1802],[-103.622,44.1799],[-103.621,44.1792],[-103.6178,44.1809],[-103.6186,44.1831],[-103.6183,44.1854],[-103.6174,44.186],[-103.6107,44.184],[-103.6106,44.1858],[-103.6112,44.187],[-103.6124,44.1871],[-103.6152,44.1882],[-103.6182,44.1883],[-103.6183,44.1887],[-103.6196,44.189],[-103.6205,44.1886],[-103.6208,44.1875],[-103.6222,44.1877],[-103.6257,44.1895],[-103.6275,44.1874]]],[[[-103.9845,44.1951],[-103.9875,44.1942],[-103.9853,44.1905],[-103.988,44.185],[-103.9915,44.1823],[-103.9884,44.1795],[-103.9884,44.1773],[-103.9861,44.1771],[-103.9844,44.1784],[-103.9804,44.179],[-103.9837,44.1801],[-103.9835,44.1895],[-103.975,44.1909],[-103.9721,44.1933],[-103.9686,44.1922],[-103.9644,44.197],[-103.9602,44.1941],[-103.9596,44.1906],[-103.9593,44.1906],[-103.959,44.1937],[-103.9672,44.199],[-103.9713,44.1967],[-103.9694,44.1943],[-103.9731,44.194],[-103.9696,44.1944],[-103.9714,44.1968],[-103.9673,44.199],[-103.9707,44.2048],[-103.9718,44.205],[-103.969,44.199],[-103.9723,44.1976],[-103.9774,44.1973],[-103.9845,44.1951]]],[[[-103.4227,44.1803],[-103.4227,44.1767],[-103.4177,44.1767],[-103.4177,44.1803],[-103.4227,44.1803]]],[[[-103.4429,44.1803],[-103.4429,44.1766],[-103.4328,44.1767],[-103.4328,44.1839],[-103.4429,44.184],[-103.4429,44.1803]]],[[[-103.9952,44.1769],[-103.9887,44.178],[-103.9886,44.1794],[-103.9917,44.1822],[-104.0015,44.1812],[-103.9965,44.1765],[-103.9952,44.1769]]],[[[-103.7549,44.1756],[-103.7549,44.1761],[-103.758,44.18],[-103.7582,44.1854],[-103.7596,44.1874],[-103.7631,44.1874],[-103.7617,44.1791],[-103.7707,44.1791],[-103.7707,44.1776],[-103.7623,44.1769],[-103.7623,44.1753],[-103.7549,44.1756]]],[[[-103.9588,44.1842],[-103.9599,44.1842],[-103.9599,44.1806],[-103.9649,44.1806],[-103.9649,44.1769],[-103.9599,44.1769],[-103.9599,44.1733],[-103.9548,44.1733],[-103.9548,44.1842],[-103.9588,44.1842]]],[[[-103.5846,44.1783],[-103.5865,44.1771],[-103.5877,44.1773],[-103.587,44.1766],[-103.5827,44.1763],[-103.5827,44.1726],[-103.5799,44.1727],[-103.5803,44.1794],[-103.5746,44.1816],[-103.5742,44.1835],[-103.573,44.1843],[-103.5736,44.1852],[-103.5764,44.1857],[-103.5778,44.1847],[-103.5762,44.1838],[-103.5846,44.1783]]],[[[-103.9653,44.1781],[-103.9661,44.1826],[-103.9681,44.1824],[-103.9683,44.1774],[-103.9722,44.1796],[-103.9726,44.1821],[-103.9802,44.18],[-103.9802,44.1779],[-103.975,44.1784],[-103.9724,44.1764],[-103.9724,44.1744],[-103.9645,44.1723],[-103.9653,44.1781]]],[[[-104.0132,44.1743],[-104.0138,44.1725],[-104.0165,44.1743],[-104.0175,44.1734],[-104.0143,44.1713],[-104.012,44.1717],[-104.0104,44.176],[-104.0084,44.1783],[-104.0067,44.1796],[-104.0064,44.1824],[-104.0081,44.1827],[-104.009,44.1806],[-104.0126,44.1807],[-104.0108,44.1849],[-104.0171,44.1857],[-104.0146,44.1764],[-104.0132,44.1743]]],[[[-103.6033,44.1983],[-103.6008,44.197],[-103.6013,44.1926],[-103.6037,44.1885],[-103.6083,44.1891],[-103.6097,44.1884],[-103.6097,44.1877],[-103.6094,44.1867],[-103.6065,44.1871],[-103.6027,44.1849],[-103.6049,44.1821],[-103.6066,44.1821],[-103.609,44.1813],[-103.6117,44.179],[-103.6123,44.1766],[-103.6115,44.1742],[-103.6148,44.1742],[-103.6148,44.1706],[-103.61,44.1706],[-103.61,44.1714],[-103.6075,44.1728],[-103.6075,44.1736],[-103.6096,44.1761],[-103.6101,44.1773],[-103.6097,44.1786],[-103.6085,44.179],[-103.6038,44.1766],[-103.6031,44.1775],[-103.6048,44.179],[-103.6049,44.1797],[-103.6043,44.1802],[-103.6038,44.1815],[-103.6013,44.1823],[-103.5997,44.1839],[-103.5999,44.184],[-103.5994,44.1855],[-103.5946,44.1868],[-103.5946,44.1873],[-103.5976,44.1944],[-103.597,44.1958],[-103.5994,44.1983],[-103.6015,44.1983],[-103.6057,44.2021],[-103.6052,44.2008],[-103.6033,44.1983]]],[[[-103.4429,44.184],[-103.4429,44.1912],[-103.4526,44.1912],[-103.4525,44.1785],[-103.4558,44.1758],[-103.4587,44.1749],[-103.4594,44.1724],[-103.4552,44.1735],[-103.4533,44.1731],[-103.4532,44.1695],[-103.4481,44.1696],[-103.4493,44.175],[-103.4518,44.1768],[-103.4503,44.1805],[-103.4484,44.184],[-103.4429,44.184]]],[[[-103.3724,44.1731],[-103.3724,44.1694],[-103.3673,44.1694],[-103.3673,44.1731],[-103.3724,44.1731]]],[[[-103.7291,44.1762],[-103.7278,44.1754],[-103.7272,44.1733],[-103.7279,44.1731],[-103.7281,44.1698],[-103.7269,44.1689],[-103.7265,44.1667],[-103.7283,44.1682],[-103.7286,44.166],[-103.7264,44.1657],[-103.7257,44.1663],[-103.726,44.1704],[-103.7255,44.17],[-103.7245,44.1671],[-103.7244,44.1657],[-103.7197,44.1656],[-103.7198,44.1693],[-103.7237,44.1693],[-103.7264,44.1771],[-103.7291,44.1762]]],[[[-104.0305,44.1682],[-104.0319,44.1698],[-104.0301,44.1723],[-104.0329,44.1729],[-104.0338,44.1773],[-104.0362,44.1798],[-104.0412,44.1775],[-104.0456,44.178],[-104.0474,44.1797],[-104.0497,44.1773],[-104.0487,44.1765],[-104.0371,44.1764],[-104.0356,44.1698],[-104.0356,44.168],[-104.0295,44.1656],[-104.0295,44.1671],[-104.0305,44.1682]]],[[[-103.9905,44.175],[-103.9919,44.1765],[-103.9951,44.1756],[-103.9921,44.1735],[-103.9923,44.1718],[-103.9875,44.1687],[-103.985,44.1659],[-103.9826,44.1647],[-103.9793,44.1658],[-103.9786,44.1702],[-103.9795,44.1703],[-103.9802,44.1677],[-103.9811,44.1668],[-103.9852,44.1691],[-103.9875,44.1722],[-103.9884,44.1744],[-103.9905,44.175]]],[[[-103.7508,44.1622],[-103.7537,44.1694],[-103.753,44.1754],[-103.7628,44.175],[-103.7538,44.1623],[-103.7506,44.1616],[-103.7508,44.1622]]],[[[-103.7407,44.1694],[-103.7409,44.1652],[-103.7391,44.1633],[-103.7401,44.1621],[-103.7387,44.1613],[-103.7377,44.162],[-103.7386,44.1623],[-103.7327,44.1693],[-103.7352,44.1755],[-103.7373,44.1757],[-103.7404,44.1739],[-103.7407,44.1694]]],[[[-103.5219,44.2108],[-103.5173,44.2084],[-103.5152,44.2089],[-103.5134,44.205],[-103.5091,44.206],[-103.5086,44.205],[-103.5084,44.204],[-103.5078,44.2034],[-103.5034,44.2012],[-103.5037,44.2011],[-103.5025,44.1978],[-103.5035,44.197],[-103.5088,44.1964],[-103.5104,44.1959],[-103.5116,44.1961],[-103.5132,44.1977],[-103.5145,44.1971],[-103.5147,44.196],[-103.5158,44.1952],[-103.516,44.1936],[-103.5167,44.1929],[-103.5146,44.192],[-103.5108,44.1923],[-103.5112,44.1934],[-103.5085,44.1947],[-103.5072,44.1949],[-103.5065,44.1946],[-103.5069,44.1943],[-103.5065,44.1937],[-103.5059,44.1936],[-103.5058,44.1946],[-103.505,44.1942],[-103.5047,44.1935],[-103.5055,44.1935],[-103.5054,44.1929],[-103.5052,44.1929],[-103.5049,44.1923],[-103.5042,44.1924],[-103.5036,44.1906],[-103.5029,44.1871],[-103.5048,44.1858],[-103.505,44.1852],[-103.5049,44.184],[-103.504,44.1821],[-103.5031,44.181],[-103.4986,44.1761],[-103.4953,44.1736],[-103.4951,44.1724],[-103.4944,44.172],[-103.4928,44.1731],[-103.488,44.1703],[-103.4866,44.1691],[-103.4825,44.1678],[-103.4814,44.1678],[-103.4803,44.1669],[-103.4805,44.1612],[-103.4792,44.1611],[-103.4792,44.1594],[-103.4755,44.1594],[-103.4755,44.1621],[-103.4767,44.1621],[-103.4767,44.1647],[-103.4764,44.1647],[-103.4762,44.1663],[-103.4773,44.168],[-103.4791,44.1681],[-103.4798,44.1692],[-103.4792,44.1704],[-103.4796,44.1708],[-103.4784,44.172],[-103.4949,44.181],[-103.497,44.184],[-103.4971,44.1881],[-103.4994,44.1881],[-103.4995,44.1931],[-103.4989,44.1949],[-103.4994,44.1963],[-103.5016,44.1991],[-103.5021,44.2018],[-103.5021,44.2036],[-103.4955,44.2062],[-103.4955,44.2077],[-103.5018,44.2079],[-103.5037,44.2116],[-103.5038,44.214],[-103.5047,44.2146],[-103.506,44.217],[-103.5051,44.2174],[-103.5052,44.2176],[-103.5072,44.2174],[-103.5097,44.2185],[-103.5109,44.2197],[-103.5113,44.2213],[-103.5141,44.2233],[-103.5148,44.2247],[-103.5158,44.2245],[-103.5146,44.2195],[-103.5179,44.219],[-103.5185,44.2173],[-103.5165,44.2153],[-103.5166,44.2143],[-103.5133,44.2113],[-103.5147,44.2103],[-103.5176,44.2119],[-103.5219,44.2108]]],[[[-103.4692,44.1603],[-103.4692,44.1584],[-103.4591,44.1585],[-103.4591,44.1694],[-103.4642,44.1694],[-103.4642,44.1621],[-103.4692,44.1621],[-103.4692,44.1603]]],[[[-103.9801,44.1655],[-103.9826,44.1646],[-103.9849,44.1658],[-103.9873,44.1653],[-103.9865,44.1634],[-103.9723,44.1574],[-103.9719,44.1614],[-103.9755,44.1671],[-103.9801,44.1655]]],[[[-103.691,44.1583],[-103.69,44.1571],[-103.689,44.1575],[-103.6904,44.1592],[-103.6913,44.1611],[-103.6923,44.1607],[-103.691,44.1583]]],[[[-103.9896,44.1562],[-103.9879,44.1575],[-103.9952,44.1697],[-104.0025,44.167],[-103.9896,44.1562]]],[[[-103.7506,44.1616],[-103.7522,44.1614],[-103.7519,44.1598],[-103.7463,44.1606],[-103.7461,44.1598],[-103.745,44.16],[-103.7441,44.1561],[-103.742,44.1565],[-103.7437,44.1644],[-103.7452,44.1683],[-103.7463,44.1681],[-103.7471,44.1722],[-103.7516,44.1715],[-103.7508,44.1674],[-103.7526,44.1672],[-103.7509,44.1633],[-103.7506,44.1616]]],[[[-103.6047,44.1709],[-103.6056,44.1669],[-103.6077,44.1669],[-103.6052,44.1636],[-103.601,44.1635],[-103.5997,44.1619],[-103.6003,44.1614],[-103.5996,44.1607],[-103.5999,44.1606],[-103.5974,44.1569],[-103.5964,44.1572],[-103.5948,44.1552],[-103.5932,44.1565],[-103.5959,44.1598],[-103.5939,44.1607],[-103.5972,44.1638],[-103.5954,44.1646],[-103.5965,44.166],[-103.5995,44.1646],[-103.5994,44.1643],[-103.6007,44.1638],[-103.603,44.1667],[-103.601,44.1667],[-103.6002,44.1707],[-103.6047,44.1709]]],[[[-103.5194,44.1584],[-103.5194,44.1548],[-103.5144,44.1548],[-103.5144,44.1657],[-103.5194,44.1657],[-103.5194,44.1621],[-103.5244,44.1621],[-103.5244,44.1584],[-103.5194,44.1584]]],[[[-103.4839,44.1538],[-103.4838,44.1536],[-103.4828,44.154],[-103.4848,44.1579],[-103.4858,44.1575],[-103.4839,44.1538]]],[[[-103.4761,44.1518],[-103.4778,44.1547],[-103.4822,44.1541],[-103.4837,44.1534],[-103.4823,44.1518],[-103.4761,44.1518]]],[[[-103.3725,44.1516],[-103.3725,44.1513],[-103.3522,44.1513],[-103.3522,44.1549],[-103.3472,44.1549],[-103.3472,44.1586],[-103.3674,44.1586],[-103.3674,44.1549],[-103.3725,44.1549],[-103.3725,44.1516]]],[[[-103.5017,44.1673],[-103.4991,44.164],[-103.501,44.1626],[-103.4954,44.1554],[-103.4947,44.156],[-103.4863,44.1504],[-103.4847,44.1516],[-103.4904,44.1554],[-103.4896,44.156],[-103.4923,44.1578],[-103.4979,44.165],[-103.4976,44.1652],[-103.5002,44.1685],[-103.5017,44.1673]]],[[[-103.97,44.1513],[-103.97,44.1486],[-103.9649,44.1486],[-103.9649,44.1622],[-103.9549,44.1622],[-103.9548,44.1696],[-103.9649,44.1696],[-103.9649,44.1631],[-103.97,44.1631],[-103.97,44.1513]]],[[[-103.694,44.1662],[-103.6922,44.1638],[-103.6917,44.1625],[-103.6892,44.1588],[-103.6878,44.1554],[-103.6865,44.1538],[-103.6861,44.152],[-103.6844,44.1486],[-103.6833,44.1489],[-103.685,44.1524],[-103.6854,44.154],[-103.6857,44.1544],[-103.6847,44.1547],[-103.6857,44.1561],[-103.6862,44.1572],[-103.6852,44.1576],[-103.6862,44.1598],[-103.6873,44.1614],[-103.6883,44.161],[-103.6896,44.1631],[-103.69,44.1645],[-103.6912,44.166],[-103.6923,44.1657],[-103.693,44.1666],[-103.694,44.1662]]],[[[-103.6949,44.1566],[-103.6995,44.1565],[-103.6989,44.1524],[-103.6944,44.1525],[-103.6933,44.1487],[-103.691,44.1486],[-103.6921,44.1524],[-103.6927,44.1565],[-103.6949,44.1566]]],[[[-103.7523,44.1477],[-103.7523,44.155],[-103.7498,44.155],[-103.7498,44.1568],[-103.7599,44.1568],[-103.7599,44.1477],[-103.7523,44.1477]]],[[[-103.3925,44.1694],[-103.3925,44.1621],[-103.4026,44.1621],[-103.4026,44.1475],[-103.3826,44.1476],[-103.3824,44.1694],[-103.3925,44.1694]]],[[[-103.5265,44.1537],[-103.5262,44.153],[-103.5228,44.153],[-103.5207,44.1519],[-103.5186,44.1488],[-103.5162,44.1485],[-103.5134,44.1463],[-103.5112,44.1451],[-103.508,44.1456],[-103.5078,44.1473],[-103.5098,44.1462],[-103.5124,44.1471],[-103.517,44.1498],[-103.5207,44.1538],[-103.5229,44.1546],[-103.5265,44.1537]]],[[[-103.9549,44.1441],[-103.9549,44.1513],[-103.9498,44.1513],[-103.9498,44.1549],[-103.9599,44.1549],[-103.9599,44.1441],[-103.9549,44.1441]]],[[[-103.6996,44.1511],[-103.6996,44.1583],[-103.7046,44.1583],[-103.7046,44.1439],[-103.6996,44.1439],[-103.6996,44.1511]]],[[[-103.4616,44.1548],[-103.4651,44.1541],[-103.4674,44.1525],[-103.4686,44.151],[-103.4671,44.1481],[-103.4566,44.1431],[-103.4551,44.1433],[-103.4531,44.1423],[-103.4486,44.1407],[-103.4486,44.146],[-103.4563,44.1458],[-103.4655,44.1501],[-103.4659,44.1514],[-103.4652,44.1527],[-103.4587,44.1546],[-103.4592,44.155],[-103.4616,44.1548]]],[[[-103.4177,44.1601],[-103.4177,44.1621],[-103.4277,44.1621],[-103.4277,44.1584],[-103.4328,44.1584],[-103.4328,44.1548],[-103.4277,44.1548],[-103.4277,44.1402],[-103.4227,44.1402],[-103.4227,44.1548],[-103.4177,44.1548],[-103.4177,44.1601]]],[[[-103.9776,44.1411],[-103.984,44.1524],[-103.9855,44.1523],[-103.9899,44.1455],[-103.9836,44.1456],[-103.9809,44.1406],[-103.9881,44.1403],[-103.9882,44.139],[-103.9792,44.1387],[-103.9772,44.1404],[-103.9776,44.1411]]],[[[-103.7302,44.146],[-103.73,44.1445],[-103.729,44.1446],[-103.7283,44.1428],[-103.728,44.1406],[-103.7271,44.1407],[-103.7265,44.1387],[-103.7256,44.1367],[-103.7234,44.137],[-103.7243,44.1391],[-103.7249,44.141],[-103.7258,44.1409],[-103.726,44.1431],[-103.7268,44.1449],[-103.7264,44.1449],[-103.7268,44.1489],[-103.7278,44.1475],[-103.7276,44.1464],[-103.7302,44.146]]],[[[-103.9599,44.1441],[-103.9649,44.1441],[-103.9649,44.1411],[-103.9617,44.1411],[-103.961,44.1404],[-103.9592,44.1384],[-103.9581,44.1341],[-103.9589,44.1384],[-103.9614,44.1411],[-103.9599,44.1411],[-103.9599,44.1441]]],[[[-103.5545,44.1408],[-103.5545,44.1439],[-103.5595,44.1439],[-103.5595,44.1476],[-103.5645,44.1476],[-103.5645,44.144],[-103.5745,44.144],[-103.5746,44.1476],[-103.5796,44.1476],[-103.5795,44.144],[-103.5846,44.144],[-103.5846,44.1432],[-103.5872,44.1434],[-103.5896,44.1421],[-103.5896,44.144],[-103.5932,44.144],[-103.5943,44.1467],[-103.5947,44.1485],[-103.5967,44.151],[-103.6001,44.1537],[-103.6006,44.1534],[-103.6043,44.1536],[-103.6047,44.1538],[-103.6047,44.1544],[-103.6035,44.1545],[-103.6053,44.1584],[-103.6076,44.1582],[-103.6082,44.1595],[-103.6129,44.1594],[-103.611,44.1556],[-103.6097,44.1556],[-103.6097,44.1539],[-103.6073,44.1539],[-103.6067,44.1533],[-103.603,44.1526],[-103.6017,44.1519],[-103.6004,44.1516],[-103.5976,44.1505],[-103.5957,44.1481],[-103.5947,44.144],[-103.5946,44.1404],[-103.5997,44.1404],[-103.5997,44.1331],[-103.5956,44.1331],[-103.5967,44.134],[-103.5946,44.1346],[-103.5946,44.1367],[-103.5896,44.1367],[-103.5896,44.1406],[-103.5862,44.1422],[-103.5846,44.1421],[-103.5846,44.1403],[-103.5545,44.1403],[-103.5545,44.1408]]],[[[-103.4378,44.1366],[-103.4378,44.1403],[-103.4328,44.1402],[-103.4328,44.1408],[-103.4378,44.1408],[-103.4378,44.1439],[-103.4478,44.1439],[-103.4478,44.1367],[-103.4428,44.1366],[-103.4428,44.133],[-103.4227,44.1329],[-103.4227,44.1366],[-103.4256,44.1366],[-103.4256,44.1367],[-103.4378,44.1366]]],[[[-103.785,44.1344],[-103.7868,44.1346],[-103.7906,44.1365],[-103.795,44.1405],[-103.7981,44.1407],[-103.806,44.1425],[-103.8094,44.1426],[-103.8128,44.1431],[-103.8151,44.1443],[-103.817,44.146],[-103.8194,44.1469],[-103.8199,44.1464],[-103.8151,44.1424],[-103.8062,44.1406],[-103.805,44.1406],[-103.8037,44.1382],[-103.7995,44.1374],[-103.7996,44.1372],[-103.7977,44.1371],[-103.7923,44.1331],[-103.7885,44.1312],[-103.7832,44.1306],[-103.7815,44.1341],[-103.785,44.1344]]],[[[-103.7498,44.1312],[-103.7498,44.1332],[-103.7548,44.1332],[-103.7548,44.1368],[-103.7598,44.1368],[-103.7598,44.1332],[-103.7749,44.1333],[-103.781,44.1346],[-103.7825,44.1317],[-103.7749,44.131],[-103.7749,44.1296],[-103.7498,44.1295],[-103.7498,44.1312]]],[[[-103.5044,44.1377],[-103.5044,44.133],[-103.4994,44.133],[-103.4994,44.1294],[-103.4944,44.1293],[-103.4943,44.1403],[-103.5044,44.1403],[-103.5044,44.1377]]],[[[-103.9479,44.1296],[-103.9464,44.1283],[-103.9452,44.1284],[-103.945,44.1329],[-103.9382,44.1366],[-103.9353,44.1411],[-103.942,44.1412],[-103.9387,44.139],[-103.939,44.1373],[-103.9501,44.132],[-103.9501,44.1315],[-103.9479,44.1296]]],[[[-103.5494,44.1294],[-103.5482,44.1277],[-103.5473,44.1248],[-103.5469,44.1244],[-103.5456,44.1266],[-103.5451,44.127],[-103.5432,44.1271],[-103.5427,44.1275],[-103.5494,44.1302],[-103.5499,44.13],[-103.5494,44.1294]]],[[[-103.5468,44.1244],[-103.5468,44.1243],[-103.5452,44.1227],[-103.5439,44.1226],[-103.5445,44.1258],[-103.5433,44.127],[-103.5451,44.127],[-103.5455,44.1265],[-103.5468,44.1244]]],[[[-103.7301,44.1233],[-103.7298,44.1226],[-103.7276,44.1223],[-103.7296,44.1271],[-103.7298,44.1287],[-103.7291,44.1311],[-103.7313,44.1314],[-103.7319,44.129],[-103.7318,44.1274],[-103.7301,44.1233]]],[[[-103.7106,44.122],[-103.711,44.1251],[-103.7121,44.125],[-103.7116,44.121],[-103.7104,44.1211],[-103.7106,44.122]]],[[[-103.7175,44.1221],[-103.7174,44.1234],[-103.7164,44.123],[-103.7167,44.124],[-103.7172,44.1241],[-103.7172,44.1257],[-103.7198,44.1257],[-103.7204,44.1271],[-103.7226,44.1268],[-103.7214,44.1239],[-103.7222,44.1239],[-103.7222,44.123],[-103.7234,44.123],[-103.7234,44.1221],[-103.7185,44.1221],[-103.7186,44.1207],[-103.7177,44.1203],[-103.7175,44.1221]]],[[[-103.98,44.1208],[-103.976,44.1188],[-103.9747,44.12],[-103.9709,44.1207],[-103.9709,44.1234],[-103.9728,44.1219],[-103.9759,44.1229],[-103.9788,44.1229],[-103.9812,44.124],[-103.9811,44.1256],[-103.9787,44.1278],[-103.975,44.1294],[-103.9765,44.1304],[-103.9823,44.1254],[-103.9835,44.1269],[-103.985,44.126],[-103.9902,44.1273],[-103.991,44.1268],[-103.9874,44.1243],[-103.9868,44.1222],[-103.9814,44.1216],[-103.98,44.1208]]],[[[-103.9611,44.1296],[-103.96,44.1275],[-103.9622,44.124],[-103.9634,44.1241],[-103.9667,44.1264],[-103.9677,44.1278],[-103.9691,44.1286],[-103.9692,44.1276],[-103.9686,44.1272],[-103.9681,44.1263],[-103.9652,44.1245],[-103.9644,44.1233],[-103.9647,44.122],[-103.9685,44.1217],[-103.9671,44.1203],[-103.9673,44.1192],[-103.9655,44.1192],[-103.9631,44.118],[-103.9624,44.1216],[-103.9584,44.1243],[-103.9537,44.1227],[-103.9513,44.1237],[-103.9496,44.126],[-103.9449,44.1273],[-103.9457,44.1282],[-103.9504,44.1269],[-103.9533,44.1242],[-103.9552,44.1242],[-103.9574,44.125],[-103.9578,44.1316],[-103.9624,44.1316],[-103.9617,44.1301],[-103.9611,44.1296]]],[[[-103.6982,44.1292],[-103.6995,44.1293],[-103.7002,44.1264],[-103.6986,44.1232],[-103.6991,44.1224],[-103.6998,44.1218],[-103.7009,44.1235],[-103.7029,44.1238],[-103.7026,44.1228],[-103.704,44.1217],[-103.7062,44.1215],[-103.7074,44.1219],[-103.7079,44.1227],[-103.7082,44.1213],[-103.7052,44.1206],[-103.7027,44.1204],[-103.7028,44.118],[-103.7021,44.1178],[-103.6997,44.1178],[-103.6972,44.1189],[-103.6982,44.1203],[-103.6976,44.1232],[-103.6987,44.1256],[-103.6982,44.1292]]],[[[-103.5875,44.1222],[-103.5878,44.1226],[-103.588,44.1251],[-103.5888,44.1261],[-103.5918,44.126],[-103.5907,44.1242],[-103.5892,44.1242],[-103.5887,44.1214],[-103.5861,44.1194],[-103.5856,44.1179],[-103.5846,44.1182],[-103.5839,44.1174],[-103.5849,44.1195],[-103.5875,44.1222]]],[[[-103.4857,44.1294],[-103.4861,44.1293],[-103.4862,44.1286],[-103.4832,44.1278],[-103.4802,44.1261],[-103.482,44.1252],[-103.481,44.1244],[-103.4795,44.1257],[-103.4779,44.1261],[-103.4747,44.1262],[-103.4709,44.1251],[-103.4703,44.1255],[-103.4693,44.1255],[-103.4693,44.1257],[-103.4642,44.1257],[-103.4642,44.1221],[-103.4478,44.1221],[-103.4478,44.1184],[-103.4403,44.1184],[-103.4403,44.1148],[-103.4327,44.1148],[-103.4327,44.1166],[-103.4252,44.1166],[-103.4252,44.1184],[-103.4277,44.1184],[-103.4277,44.1257],[-103.4378,44.1257],[-103.4378,44.1293],[-103.4525,44.1294],[-103.4525,44.1257],[-103.4592,44.1257],[-103.4592,44.1294],[-103.4693,44.1294],[-103.4693,44.127],[-103.4707,44.1278],[-103.4746,44.1277],[-103.4797,44.127],[-103.4815,44.1286],[-103.4817,44.1307],[-103.4827,44.1316],[-103.4831,44.1312],[-103.4828,44.1296],[-103.4857,44.1294]]],[[[-103.7327,44.1145],[-103.7317,44.1149],[-103.7328,44.1167],[-103.7336,44.1186],[-103.7345,44.1184],[-103.7341,44.1169],[-103.7327,44.1145]]],[[[-103.7295,44.1222],[-103.7295,44.1224],[-103.7317,44.1228],[-103.732,44.1188],[-103.7308,44.1187],[-103.7299,44.1173],[-103.7274,44.1142],[-103.7262,44.1141],[-103.7274,44.1156],[-103.7266,44.1155],[-103.729,44.1188],[-103.7287,44.1221],[-103.7295,44.1222]]],[[[-103.4177,44.1329],[-103.4177,44.122],[-103.4227,44.122],[-103.4227,44.1184],[-103.4177,44.1184],[-103.4177,44.1148],[-103.4127,44.1148],[-103.4127,44.113],[-103.4026,44.113],[-103.4026,44.1148],[-103.4064,44.1148],[-103.4064,44.1166],[-103.4026,44.1166],[-103.4026,44.133],[-103.4177,44.1329]]],[[[-103.9005,44.1217],[-103.8963,44.1165],[-103.8972,44.1115],[-103.894,44.1115],[-103.8937,44.1162],[-103.8919,44.1177],[-103.9005,44.126],[-103.904,44.126],[-103.9005,44.1217]]],[[[-104.0159,44.1115],[-104.0127,44.1114],[-104.0109,44.1132],[-104.016,44.1272],[-104.018,44.1269],[-104.0174,44.1251],[-104.0176,44.1236],[-104.021,44.1235],[-104.0187,44.1202],[-104.0159,44.1115]]],[[[-103.5345,44.1113],[-103.5345,44.1141],[-103.5395,44.1185],[-103.5395,44.1224],[-103.5445,44.1225],[-103.5445,44.1186],[-103.5395,44.1113],[-103.5345,44.1113]]],[[[-103.7311,44.1135],[-103.7316,44.1147],[-103.7326,44.1144],[-103.7311,44.1104],[-103.7303,44.1107],[-103.7311,44.1135]]],[[[-103.7447,44.1096],[-103.7447,44.1132],[-103.7498,44.1132],[-103.7498,44.1096],[-103.7447,44.1096]]],[[[-103.7097,44.1165],[-103.7103,44.1187],[-103.7101,44.1202],[-103.7091,44.12],[-103.7082,44.1208],[-103.7089,44.1215],[-103.7104,44.121],[-103.7103,44.1208],[-103.7111,44.1207],[-103.7114,44.1186],[-103.7112,44.1177],[-103.7145,44.1173],[-103.7135,44.1133],[-103.7119,44.1094],[-103.7108,44.1095],[-103.711,44.11],[-103.71,44.1101],[-103.7109,44.112],[-103.7113,44.1139],[-103.7091,44.1142],[-103.7097,44.1165]]],[[[-103.661,44.1097],[-103.6608,44.1093],[-103.6588,44.1093],[-103.6594,44.1104],[-103.6614,44.1104],[-103.661,44.1097]]],[[[-103.9749,44.1151],[-104.0001,44.1151],[-104.0001,44.1115],[-103.9749,44.1115],[-103.9749,44.1079],[-103.9649,44.1079],[-103.9649,44.1115],[-103.9699,44.1115],[-103.9699,44.1151],[-103.9749,44.1151]]],[[[-103.9498,44.1079],[-103.9448,44.1079],[-103.9448,44.1139],[-103.9411,44.1143],[-103.9405,44.1185],[-103.9391,44.1192],[-103.9393,44.1196],[-103.9417,44.1195],[-103.942,44.1218],[-103.938,44.1236],[-103.9383,44.1241],[-103.9448,44.1228],[-103.9448,44.1187],[-103.9548,44.1187],[-103.9548,44.1151],[-103.9498,44.1151],[-103.9498,44.1079]]],[[[-103.4327,44.1134],[-103.433,44.1135],[-103.4345,44.1122],[-103.4293,44.1104],[-103.4256,44.1073],[-103.4242,44.1086],[-103.4279,44.1118],[-103.4327,44.1134]]],[[[-103.661,44.109],[-103.6641,44.1095],[-103.665,44.1092],[-103.665,44.1081],[-103.664,44.1062],[-103.6631,44.1057],[-103.662,44.1057],[-103.6614,44.1058],[-103.6603,44.1065],[-103.658,44.107],[-103.6575,44.1075],[-103.6566,44.1092],[-103.661,44.109]]],[[[-103.6969,44.1047],[-103.6981,44.1088],[-103.7015,44.109],[-103.7003,44.105],[-103.6969,44.1047]]],[[[-103.5345,44.1113],[-103.5345,44.104],[-103.5245,44.104],[-103.5245,44.1112],[-103.5345,44.1113]]],[[[-104.0165,44.1043],[-104.0124,44.1111],[-104.0163,44.1113],[-104.0177,44.1069],[-104.0193,44.1072],[-104.0277,44.118],[-104.0321,44.1173],[-104.0191,44.1038],[-104.0167,44.1038],[-104.0165,44.1043]]],[[[-103.5111,44.1037],[-103.5132,44.1053],[-103.5146,44.1058],[-103.5156,44.1053],[-103.5139,44.1046],[-103.512,44.1032],[-103.5111,44.1037]]],[[[-103.9503,44.1079],[-103.9549,44.1079],[-103.9548,44.1006],[-103.9498,44.1006],[-103.9498,44.1079],[-103.9503,44.1079]]],[[[-103.7498,44.1078],[-103.7548,44.1078],[-103.7548,44.1005],[-103.7498,44.1005],[-103.7498,44.1042],[-103.7398,44.1041],[-103.7397,44.1077],[-103.7498,44.1078]]],[[[-103.8004,44.1004],[-103.8025,44.1042],[-103.802,44.1083],[-103.8067,44.1072],[-103.8073,44.1031],[-103.8047,44.1037],[-103.8025,44.0999],[-103.8004,44.1004]]],[[[-103.5045,44.1009],[-103.505,44.1012],[-103.5081,44.0995],[-103.5082,44.0989],[-103.5045,44.1],[-103.5008,44.0976],[-103.4982,44.097],[-103.4979,44.0975],[-103.5003,44.0981],[-103.5028,44.1001],[-103.5045,44.1009]]],[[[-103.6446,44.1039],[-103.6496,44.104],[-103.6497,44.0968],[-103.6397,44.0967],[-103.6396,44.1039],[-103.6446,44.1039]]],[[[-103.5245,44.1026],[-103.5246,44.0967],[-103.5095,44.0967],[-103.5095,44.0998],[-103.509,44.0999],[-103.5097,44.1009],[-103.5113,44.1006],[-103.5115,44.1005],[-103.5114,44.1003],[-103.5195,44.1003],[-103.5195,44.104],[-103.5245,44.104],[-103.5245,44.1026]]],[[[-103.4844,44.0971],[-103.4845,44.0966],[-103.4744,44.0966],[-103.4744,44.1039],[-103.4769,44.1039],[-103.4769,44.1002],[-103.4844,44.1002],[-103.4844,44.0971]]],[[[-103.7353,44.1008],[-103.733,44.097],[-103.7319,44.0974],[-103.7309,44.0959],[-103.7278,44.0969],[-103.7299,44.1],[-103.7322,44.0995],[-103.734,44.1029],[-103.7338,44.1034],[-103.7352,44.103],[-103.7342,44.1011],[-103.7353,44.1008]]],[[[-103.977,44.0987],[-103.9816,44.1045],[-103.9843,44.1034],[-103.9833,44.101],[-103.9886,44.1023],[-103.9899,44.1013],[-103.9884,44.0975],[-103.9825,44.0956],[-103.9781,44.0973],[-103.9739,44.0954],[-103.9735,44.0964],[-103.977,44.0987]]],[[[-103.4201,44.1075],[-103.4201,44.1054],[-103.4227,44.1054],[-103.4227,44.1039],[-103.4327,44.1039],[-103.4327,44.093],[-103.4277,44.093],[-103.4277,44.1003],[-103.4227,44.1003],[-103.4227,44.1031],[-103.4177,44.1031],[-103.4177,44.1075],[-103.4201,44.1075]]],[[[-103.4377,44.1],[-103.4377,44.1003],[-103.4428,44.1003],[-103.4427,44.093],[-103.4377,44.093],[-103.4377,44.1]]],[[[-103.577,44.1054],[-103.5785,44.1042],[-103.5827,44.1017],[-103.579,44.0987],[-103.5809,44.0978],[-103.5785,44.0941],[-103.5766,44.0949],[-103.5762,44.0945],[-103.5745,44.0951],[-103.5732,44.0925],[-103.5722,44.0913],[-103.5713,44.0917],[-103.5722,44.0929],[-103.5735,44.0955],[-103.5726,44.0958],[-103.5725,44.0956],[-103.5713,44.0957],[-103.572,44.0964],[-103.5726,44.0963],[-103.5728,44.0966],[-103.573,44.0966],[-103.5732,44.0984],[-103.5736,44.0993],[-103.5749,44.101],[-103.5734,44.1022],[-103.5716,44.1],[-103.5696,44.1008],[-103.5707,44.1021],[-103.5729,44.104],[-103.5747,44.1033],[-103.577,44.1054]]],[[[-103.7759,44.0934],[-103.7764,44.0907],[-103.773,44.0906],[-103.7723,44.0946],[-103.7757,44.0948],[-103.7759,44.0934]]],[[[-103.9133,44.0898],[-103.9106,44.0898],[-103.9106,44.1006],[-103.9056,44.1007],[-103.9055,44.1115],[-103.9105,44.1115],[-103.9106,44.1043],[-103.9156,44.1043],[-103.9156,44.0898],[-103.9133,44.0898]]],[[[-103.9271,44.0896],[-103.9259,44.0885],[-103.9265,44.0944],[-103.9272,44.0943],[-103.9277,44.0917],[-103.9278,44.091],[-103.9271,44.0896]]],[[[-103.8985,44.0918],[-103.8956,44.0898],[-103.8923,44.088],[-103.8902,44.0879],[-103.8945,44.1001],[-103.8987,44.1003],[-103.8985,44.0918]]],[[[-103.6507,44.0895],[-103.6538,44.0915],[-103.6546,44.0908],[-103.6547,44.0899],[-103.651,44.0875],[-103.6495,44.0888],[-103.6507,44.0895]]],[[[-103.598,44.0864],[-103.6006,44.0862],[-103.6023,44.0864],[-103.6008,44.0861],[-103.5977,44.086],[-103.598,44.0864]]],[[[-103.5511,44.0855],[-103.5513,44.0849],[-103.5523,44.085],[-103.5528,44.0845],[-103.5525,44.0844],[-103.5522,44.0847],[-103.5504,44.0847],[-103.5501,44.0853],[-103.5511,44.0855]]],[[[-103.5682,44.0879],[-103.5686,44.0868],[-103.5674,44.0865],[-103.5675,44.0862],[-103.5688,44.0864],[-103.5673,44.0836],[-103.5653,44.0828],[-103.5609,44.0826],[-103.5601,44.0843],[-103.5598,44.0844],[-103.5617,44.0848],[-103.5616,44.085],[-103.5606,44.0848],[-103.563,44.0863],[-103.5682,44.0879]]],[[[-103.9986,44.0861],[-103.995,44.0825],[-103.9906,44.0825],[-103.9894,44.0913],[-104.0024,44.09],[-103.9986,44.0861]]],[[[-103.4126,44.0894],[-103.4126,44.0821],[-103.4026,44.0821],[-103.4026,44.0894],[-103.4126,44.0894]]],[[[-103.6248,44.0877],[-103.6257,44.0865],[-103.6262,44.0846],[-103.6288,44.0843],[-103.6294,44.0829],[-103.6285,44.0818],[-103.6272,44.0831],[-103.6243,44.0839],[-103.6234,44.0859],[-103.6214,44.0855],[-103.6198,44.0863],[-103.6188,44.0852],[-103.6177,44.0853],[-103.6177,44.087],[-103.6182,44.0867],[-103.6184,44.0858],[-103.6194,44.0868],[-103.6204,44.0868],[-103.6202,44.0878],[-103.6214,44.0897],[-103.6224,44.0895],[-103.6258,44.0907],[-103.626,44.0895],[-103.6244,44.0882],[-103.6248,44.0877]]],[[[-103.9298,44.0897],[-103.9311,44.0871],[-103.9335,44.0866],[-103.9348,44.0865],[-103.9367,44.087],[-103.9369,44.0873],[-103.9406,44.0871],[-103.9417,44.088],[-103.9445,44.0866],[-103.9441,44.0849],[-103.9419,44.0854],[-103.9418,44.0846],[-103.9412,44.0845],[-103.9408,44.0855],[-103.9342,44.085],[-103.927,44.086],[-103.9256,44.0856],[-103.9256,44.0825],[-103.9206,44.0825],[-103.9206,44.0789],[-103.9106,44.0789],[-103.9106,44.0825],[-103.9156,44.0825],[-103.9156,44.0862],[-103.9247,44.0861],[-103.9247,44.088],[-103.9259,44.0882],[-103.9272,44.0895],[-103.9279,44.091],[-103.9274,44.0943],[-103.9277,44.0942],[-103.9298,44.0897]]],[[[-104.024,44.0752],[-104.0225,44.0788],[-104.0207,44.0794],[-104.0184,44.083],[-104.0216,44.0825],[-104.0203,44.0861],[-104.0279,44.0857],[-104.0278,44.0757],[-104.0248,44.0735],[-104.024,44.0752]]],[[[-103.7583,44.0906],[-103.7623,44.0892],[-103.759,44.0859],[-103.757,44.0826],[-103.7579,44.0822],[-103.7558,44.0784],[-103.7565,44.0781],[-103.7541,44.0744],[-103.7523,44.0751],[-103.7491,44.0717],[-103.7482,44.0721],[-103.7493,44.0733],[-103.7464,44.0745],[-103.7477,44.0759],[-103.7485,44.0756],[-103.7494,44.0769],[-103.7502,44.077],[-103.7504,44.0773],[-103.7509,44.0771],[-103.7525,44.0797],[-103.7518,44.08],[-103.7527,44.0812],[-103.7543,44.0851],[-103.7558,44.0871],[-103.755,44.0874],[-103.7583,44.0906]]],[[[-103.9699,44.0716],[-103.9649,44.0716],[-103.9649,44.0825],[-103.9699,44.0825],[-103.9699,44.0752],[-103.9749,44.0752],[-103.975,44.0716],[-103.9699,44.0716]]],[[[-103.4276,44.0712],[-103.4277,44.0821],[-103.4327,44.0821],[-103.4327,44.0857],[-103.4373,44.0857],[-103.4373,44.0894],[-103.4478,44.0894],[-103.4478,44.0966],[-103.4525,44.0966],[-103.4524,44.0857],[-103.4594,44.0857],[-103.4593,44.0966],[-103.4694,44.0966],[-103.4694,44.093],[-103.4644,44.093],[-103.4644,44.0821],[-103.4478,44.0821],[-103.4477,44.0785],[-103.4427,44.0785],[-103.4427,44.0748],[-103.4333,44.0748],[-103.4327,44.0741],[-103.4326,44.0712],[-103.4276,44.0712]]],[[[-103.9932,44.0823],[-103.9936,44.0782],[-103.9959,44.0779],[-103.9977,44.0797],[-103.9991,44.0789],[-103.9973,44.0773],[-103.9907,44.068],[-103.9869,44.068],[-103.9914,44.0823],[-103.9932,44.0823]]],[[[-103.702,44.0776],[-103.7045,44.0812],[-103.7038,44.0813],[-103.7066,44.093],[-103.7078,44.0928],[-103.7079,44.0934],[-103.7134,44.1005],[-103.7156,44.1003],[-103.7207,44.1076],[-103.723,44.1073],[-103.7177,44.0997],[-103.72,44.0994],[-103.7147,44.0925],[-103.7158,44.0923],[-103.7148,44.0883],[-103.7137,44.0885],[-103.7117,44.0804],[-103.7095,44.0807],[-103.7091,44.0786],[-103.7052,44.0732],[-103.7057,44.0711],[-103.7056,44.0707],[-103.706,44.0695],[-103.7069,44.0682],[-103.7079,44.0674],[-103.7089,44.0673],[-103.7113,44.0661],[-103.7146,44.0657],[-103.717,44.0677],[-103.7205,44.0687],[-103.7185,44.0695],[-103.7173,44.0705],[-103.7184,44.0708],[-103.7202,44.0698],[-103.7218,44.0684],[-103.7204,44.0676],[-103.7178,44.0669],[-103.7151,44.065],[-103.711,44.0653],[-103.7095,44.065],[-103.7079,44.0665],[-103.7061,44.0676],[-103.7049,44.0689],[-103.7028,44.0686],[-103.7017,44.068],[-103.7021,44.0708],[-103.7031,44.0714],[-103.7027,44.0714],[-103.7041,44.0733],[-103.6994,44.0739],[-103.702,44.0776]]],[[[-103.9968,44.0643],[-103.9968,44.0641],[-103.9951,44.0641],[-103.9951,44.0655],[-103.9967,44.0723],[-104.0079,44.0765],[-104.0099,44.075],[-104.0104,44.0727],[-103.9976,44.0676],[-103.9968,44.0643]]],[[[-103.4796,44.0662],[-103.4796,44.0641],[-103.4746,44.0641],[-103.4746,44.0677],[-103.4796,44.0677],[-103.4796,44.0662]]],[[[-103.7004,44.0624],[-103.7001,44.0622],[-103.6986,44.0639],[-103.7004,44.0629],[-103.7002,44.0629],[-103.7004,44.0624]]],[[[-103.9959,44.0632],[-104.0026,44.069],[-104.0064,44.0708],[-104.0106,44.0673],[-104.0117,44.0637],[-104.0085,44.0633],[-104.0076,44.0654],[-104.0069,44.0658],[-103.9962,44.0622],[-103.9959,44.0632]]],[[[-103.6949,44.0628],[-103.6949,44.0618],[-103.6942,44.0622],[-103.6949,44.0628]]],[[[-103.7021,44.0598],[-103.7019,44.0595],[-103.7013,44.0598],[-103.7016,44.0601],[-103.7021,44.0598]]],[[[-103.6522,44.0642],[-103.6647,44.0642],[-103.6647,44.0569],[-103.6522,44.057],[-103.6522,44.0642]]],[[[-103.91,44.068],[-103.9124,44.0667],[-103.9156,44.068],[-103.9213,44.067],[-103.9219,44.0653],[-103.9156,44.0663],[-103.9055,44.0662],[-103.9055,44.0607],[-103.9006,44.0608],[-103.9006,44.0571],[-103.8955,44.0571],[-103.8955,44.0535],[-103.8855,44.0535],[-103.8855,44.0571],[-103.8905,44.0571],[-103.8905,44.0644],[-103.9005,44.0644],[-103.9005,44.068],[-103.9055,44.068],[-103.9079,44.0688],[-103.9093,44.0704],[-103.9088,44.0724],[-103.9104,44.0774],[-103.9129,44.0788],[-103.9147,44.0788],[-103.9093,44.0684],[-103.91,44.068]]],[[[-103.6957,44.0569],[-103.6962,44.0579],[-103.6999,44.0558],[-103.7004,44.0566],[-103.6959,44.0592],[-103.6967,44.0608],[-103.7057,44.0556],[-103.704,44.0524],[-103.6995,44.055],[-103.6979,44.0519],[-103.6942,44.0541],[-103.6957,44.0569]]],[[[-103.4276,44.0711],[-103.4275,44.064],[-103.4235,44.0637],[-103.4229,44.064],[-103.4175,44.064],[-103.4175,44.0628],[-103.4205,44.0621],[-103.4192,44.0614],[-103.4161,44.0607],[-103.4173,44.0595],[-103.4201,44.0586],[-103.4203,44.0575],[-103.4186,44.0559],[-103.4208,44.0537],[-103.4189,44.0525],[-103.4172,44.0526],[-103.4155,44.0535],[-103.4146,44.0546],[-103.4152,44.0552],[-103.4144,44.0557],[-103.4136,44.0553],[-103.4119,44.0559],[-103.4106,44.055],[-103.41,44.0526],[-103.409,44.0516],[-103.408,44.0518],[-103.4057,44.0535],[-103.41,44.0561],[-103.411,44.057],[-103.4131,44.0577],[-103.4142,44.0591],[-103.4135,44.0595],[-103.4133,44.06],[-103.4136,44.0604],[-103.4156,44.0612],[-103.4178,44.0616],[-103.4181,44.0619],[-103.413,44.0633],[-103.4125,44.0632],[-103.4125,44.0604],[-103.3974,44.0604],[-103.3974,44.0531],[-103.3924,44.0531],[-103.3924,44.0604],[-103.3774,44.0604],[-103.3774,44.064],[-103.3824,44.064],[-103.3824,44.0676],[-103.4024,44.0676],[-103.4024,44.064],[-103.4075,44.064],[-103.4074,44.0676],[-103.4225,44.0676],[-103.4226,44.0712],[-103.4261,44.0714],[-103.4276,44.0712],[-103.4276,44.0711]]],[[[-103.3999,44.0531],[-103.3999,44.0568],[-103.4024,44.0568],[-103.4024,44.0532],[-103.4036,44.0531],[-103.4038,44.0495],[-103.3974,44.0495],[-103.3974,44.0531],[-103.3999,44.0531]]],[[[-103.8827,44.0494],[-103.8832,44.0504],[-103.8852,44.052],[-103.8849,44.0503],[-103.8827,44.0494]]],[[[-103.975,44.0716],[-103.985,44.0716],[-103.985,44.0644],[-103.98,44.0644],[-103.98,44.0607],[-103.985,44.0607],[-103.985,44.0544],[-103.9876,44.0544],[-103.9876,44.0562],[-103.99,44.0562],[-103.99,44.0589],[-103.9951,44.0589],[-103.9951,44.0462],[-103.9926,44.0462],[-103.9926,44.0526],[-103.985,44.0526],[-103.985,44.0535],[-103.98,44.0535],[-103.98,44.0571],[-103.975,44.0571],[-103.975,44.0716]]],[[[-103.538,44.0533],[-103.5405,44.0506],[-103.5407,44.0477],[-103.5421,44.047],[-103.5402,44.0462],[-103.5386,44.0498],[-103.5354,44.0532],[-103.5374,44.054],[-103.538,44.0533]]],[[[-103.7949,44.0498],[-103.7949,44.0462],[-103.7799,44.0462],[-103.7799,44.0498],[-103.775,44.0498],[-103.775,44.057],[-103.77,44.057],[-103.7699,44.0534],[-103.7649,44.0534],[-103.7649,44.057],[-103.7599,44.057],[-103.76,44.0607],[-103.77,44.0606],[-103.77,44.0715],[-103.775,44.0715],[-103.775,44.0698],[-103.78,44.0698],[-103.7799,44.0751],[-103.7949,44.0752],[-103.7949,44.0773],[-103.7976,44.0782],[-103.7995,44.081],[-103.8015,44.0841],[-103.8006,44.0851],[-103.7975,44.0853],[-103.7946,44.0846],[-103.7914,44.086],[-103.79,44.0861],[-103.7854,44.085],[-103.7809,44.0851],[-103.7784,44.0847],[-103.778,44.0851],[-103.7794,44.0859],[-103.7853,44.086],[-103.7851,44.0857],[-103.791,44.0869],[-103.7943,44.0852],[-103.8005,44.0871],[-103.8041,44.0908],[-103.8048,44.0904],[-103.8077,44.0907],[-103.812,44.093],[-103.8137,44.0934],[-103.8144,44.0939],[-103.8153,44.0956],[-103.8155,44.0967],[-103.8161,44.0974],[-103.8163,44.0981],[-103.8138,44.1007],[-103.8145,44.1023],[-103.8136,44.1027],[-103.8134,44.1043],[-103.8145,44.1049],[-103.8157,44.107],[-103.8166,44.1062],[-103.8142,44.1043],[-103.8141,44.1034],[-103.8145,44.1026],[-103.815,44.1022],[-103.8144,44.1006],[-103.8164,44.0982],[-103.815,44.0942],[-103.8201,44.0943],[-103.8232,44.095],[-103.8259,44.0968],[-103.828,44.0976],[-103.8289,44.0992],[-103.8298,44.0989],[-103.8326,44.0999],[-103.8342,44.0988],[-103.8249,44.0943],[-103.8172,44.0936],[-103.81,44.0909],[-103.805,44.0898],[-103.8035,44.0877],[-103.8047,44.0872],[-103.8035,44.0832],[-103.8014,44.0801],[-103.8034,44.0791],[-103.8049,44.082],[-103.8056,44.0812],[-103.8051,44.0792],[-103.8074,44.0786],[-103.8065,44.0773],[-103.8089,44.0753],[-103.8151,44.0753],[-103.8151,44.0681],[-103.8251,44.068],[-103.8251,44.0499],[-103.7949,44.0498]]],[[[-103.7756,44.047],[-103.7767,44.0471],[-103.7767,44.0462],[-103.7756,44.0462],[-103.7756,44.047]]],[[[-103.3723,44.0458],[-103.3723,44.0476],[-103.3773,44.0476],[-103.3773,44.0458],[-103.3723,44.0458]]],[[[-103.885,44.0495],[-103.8853,44.0454],[-103.883,44.0453],[-103.8827,44.0494],[-103.885,44.0495]]],[[[-103.5496,44.0502],[-103.552,44.0478],[-103.5475,44.0453],[-103.5434,44.0493],[-103.5479,44.0518],[-103.5496,44.0502]]],[[[-103.3723,44.044],[-103.3673,44.044],[-103.3673,44.0458],[-103.3723,44.0458],[-103.3723,44.044]]],[[[-103.8751,44.0462],[-103.8751,44.0426],[-103.8651,44.0426],[-103.865,44.0462],[-103.8701,44.0462],[-103.8701,44.0499],[-103.8803,44.0499],[-103.8803,44.0462],[-103.8751,44.0462]]],[[[-103.4425,44.0459],[-103.4425,44.0423],[-103.4275,44.0423],[-103.4275,44.0459],[-103.4375,44.0459],[-103.4375,44.0495],[-103.4425,44.0495],[-103.4425,44.0459]]],[[[-103.706,44.0425],[-103.7058,44.0421],[-103.7014,44.0429],[-103.7031,44.0468],[-103.7075,44.0461],[-103.706,44.0425]]],[[[-103.862,44.0384],[-103.8622,44.0387],[-103.8626,44.0386],[-103.8624,44.0384],[-103.862,44.0384]]],[[[-103.3755,44.0368],[-103.3723,44.0368],[-103.3723,44.0386],[-103.3773,44.0386],[-103.3773,44.0404],[-103.3924,44.0404],[-103.3924,44.0386],[-103.3874,44.0386],[-103.3874,44.0368],[-103.3755,44.0368]]],[[[-103.5696,44.0426],[-103.5696,44.0462],[-103.5746,44.0462],[-103.5746,44.0389],[-103.5696,44.0389],[-103.5696,44.0353],[-103.5646,44.0353],[-103.5646,44.0426],[-103.5696,44.0426]]],[[[-103.865,44.0321],[-103.8623,44.0322],[-103.8648,44.0323],[-103.865,44.0321]]],[[[-103.544,44.0353],[-103.5411,44.0321],[-103.5354,44.0373],[-103.5369,44.039],[-103.5387,44.0403],[-103.5384,44.0409],[-103.541,44.0423],[-103.5423,44.0436],[-103.5437,44.0426],[-103.548,44.0388],[-103.5435,44.0362],[-103.5442,44.0356],[-103.544,44.0353]]],[[[-103.8616,44.0322],[-103.8603,44.0317],[-103.8611,44.0322],[-103.8616,44.0322]]],[[[-103.3974,44.0314],[-103.3924,44.0314],[-103.3924,44.035],[-103.3974,44.035],[-103.3974,44.0314]]],[[[-103.8177,44.0354],[-103.8171,44.0304],[-103.815,44.0304],[-103.8151,44.0426],[-103.8233,44.0426],[-103.8238,44.0374],[-103.8179,44.0371],[-103.8177,44.0354]]],[[[-103.8594,44.0302],[-103.8587,44.0309],[-103.8618,44.0322],[-103.8654,44.032],[-103.866,44.0318],[-103.8613,44.0312],[-103.8594,44.0302]]],[[[-103.7549,44.0425],[-103.7549,44.0389],[-103.7524,44.0389],[-103.7523,44.0299],[-103.7449,44.0299],[-103.7449,44.0426],[-103.7399,44.0426],[-103.7399,44.0498],[-103.7499,44.0498],[-103.7499,44.0462],[-103.7549,44.0462],[-103.7549,44.0425]]],[[[-103.4547,44.0279],[-103.4523,44.0279],[-103.4523,44.0351],[-103.4747,44.0352],[-103.4747,44.0279],[-103.4547,44.0279]]],[[[-103.9386,44.0281],[-103.9368,44.0349],[-103.9452,44.0341],[-103.9457,44.0316],[-103.9481,44.0322],[-103.9516,44.029],[-103.949,44.029],[-103.9393,44.0258],[-103.9386,44.0281]]],[[[-103.3924,44.0258],[-103.3874,44.0257],[-103.3874,44.0271],[-103.3924,44.0271],[-103.3924,44.0258]]],[[[-103.4435,44.0242],[-103.4441,44.0257],[-103.4455,44.0275],[-103.4464,44.027],[-103.4451,44.0252],[-103.4442,44.0233],[-103.4433,44.0237],[-103.4435,44.0242]]],[[[-103.7123,44.0353],[-103.7122,44.0366],[-103.7133,44.0364],[-103.7129,44.0357],[-103.7137,44.0354],[-103.7137,44.033],[-103.7151,44.0332],[-103.7176,44.0317],[-103.7175,44.0313],[-103.7142,44.0324],[-103.7142,44.0309],[-103.716,44.0298],[-103.7175,44.0276],[-103.7173,44.0274],[-103.7173,44.0208],[-103.7098,44.0208],[-103.7098,44.0245],[-103.7107,44.0245],[-103.7127,44.0296],[-103.7135,44.0301],[-103.7138,44.0323],[-103.7132,44.0327],[-103.7128,44.0347],[-103.7123,44.0349],[-103.7123,44.0353]]],[[[-103.7263,44.0208],[-103.7198,44.0208],[-103.7198,44.0245],[-103.7236,44.0245],[-103.7236,44.029],[-103.7286,44.029],[-103.7286,44.0281],[-103.7323,44.0281],[-103.7323,44.0245],[-103.7298,44.0245],[-103.7299,44.0208],[-103.7263,44.0208]]],[[[-103.3673,44.0204],[-103.3623,44.0204],[-103.3623,44.0277],[-103.3673,44.0277],[-103.3673,44.0204]]],[[[-103.8361,44.0208],[-103.8356,44.0202],[-103.8361,44.0212],[-103.8365,44.0211],[-103.8361,44.0208]]],[[[-103.964,44.0199],[-103.9643,44.0225],[-103.9625,44.0228],[-103.9589,44.0205],[-103.958,44.0206],[-103.9567,44.0231],[-103.9589,44.0271],[-103.9618,44.0266],[-103.9621,44.0245],[-103.965,44.0245],[-103.965,44.0265],[-103.9602,44.0304],[-103.962,44.0318],[-103.965,44.03],[-103.9704,44.0245],[-103.9645,44.0197],[-103.964,44.0199]]],[[[-103.8385,44.0195],[-103.8379,44.019],[-103.8376,44.0192],[-103.8385,44.0195]]],[[[-103.4324,44.0206],[-103.4324,44.0243],[-103.4374,44.0243],[-103.4374,44.0206],[-103.4424,44.0206],[-103.4424,44.017],[-103.4274,44.017],[-103.4274,44.0206],[-103.4324,44.0206]]],[[[-103.3723,44.0204],[-103.3723,44.0186],[-103.3773,44.0186],[-103.3773,44.0204],[-103.3823,44.0205],[-103.3823,44.0168],[-103.3673,44.0168],[-103.3673,44.0204],[-103.3723,44.0204]]],[[[-103.8344,44.0158],[-103.8335,44.0163],[-103.8348,44.0187],[-103.835,44.0184],[-103.835,44.0168],[-103.8344,44.0158]]],[[[-103.4847,44.0489],[-103.4847,44.0461],[-103.4897,44.0461],[-103.4897,44.0424],[-103.5001,44.0424],[-103.4997,44.0415],[-103.5034,44.0415],[-103.5034,44.0388],[-103.5044,44.0388],[-103.506,44.0395],[-103.5064,44.0391],[-103.5088,44.0403],[-103.5148,44.0344],[-103.5047,44.0317],[-103.506,44.0304],[-103.4976,44.0259],[-103.4983,44.0252],[-103.4937,44.0228],[-103.493,44.0235],[-103.4785,44.0157],[-103.4771,44.0171],[-103.4698,44.0171],[-103.4695,44.0176],[-103.4741,44.02],[-103.4744,44.0197],[-103.4836,44.0246],[-103.4843,44.0239],[-103.5027,44.0337],[-103.5011,44.0352],[-103.4947,44.0352],[-103.4947,44.0388],[-103.4897,44.0388],[-103.4897,44.0352],[-103.4847,44.0352],[-103.4847,44.0424],[-103.4747,44.0424],[-103.4747,44.0497],[-103.4847,44.0497],[-103.4847,44.0489]]],[[[-103.7597,44.0261],[-103.7587,44.0237],[-103.757,44.0218],[-103.7531,44.0235],[-103.7526,44.0225],[-103.7536,44.0211],[-103.7511,44.0216],[-103.7507,44.0195],[-103.7491,44.0184],[-103.7498,44.0172],[-103.7487,44.0154],[-103.7462,44.0164],[-103.7457,44.0185],[-103.7398,44.0211],[-103.7419,44.0237],[-103.7464,44.024],[-103.746,44.0215],[-103.7502,44.0215],[-103.7522,44.0238],[-103.7531,44.0267],[-103.7597,44.0261]]],[[[-103.6152,44.022],[-103.6161,44.019],[-103.615,44.0188],[-103.615,44.019],[-103.6127,44.0155],[-103.6112,44.0153],[-103.6134,44.0185],[-103.6128,44.0184],[-103.6115,44.0224],[-103.612,44.0225],[-103.613,44.0254],[-103.6139,44.0252],[-103.6143,44.0261],[-103.6165,44.0257],[-103.6152,44.022]]],[[[-103.4587,44.0134],[-103.459,44.0173],[-103.4613,44.0172],[-103.461,44.0131],[-103.4587,44.0132],[-103.4587,44.0134]]],[[[-103.955,44.0198],[-103.9563,44.0202],[-103.9574,44.0194],[-103.9534,44.0145],[-103.9424,44.0114],[-103.9408,44.0121],[-103.9392,44.0149],[-103.955,44.0198]]],[[[-103.9251,44.0141],[-103.9264,44.0185],[-103.9349,44.0208],[-103.9273,44.0151],[-103.9241,44.0107],[-103.9251,44.0141]]],[[[-103.6397,44.0281],[-103.6397,44.0244],[-103.6498,44.0244],[-103.6498,44.0209],[-103.6598,44.0208],[-103.6598,44.0172],[-103.6548,44.0173],[-103.6548,44.0101],[-103.6448,44.0101],[-103.6448,44.0172],[-103.6397,44.0172],[-103.6397,44.0208],[-103.6347,44.0208],[-103.6347,44.0281],[-103.6397,44.0281]]],[[[-103.9953,44.0209],[-103.9966,44.0238],[-103.9996,44.0231],[-103.9986,44.0187],[-104.0008,44.0196],[-104.0035,44.0188],[-104.0056,44.0196],[-104.0063,44.0185],[-104.0023,44.0176],[-103.9988,44.0152],[-103.9946,44.0135],[-103.9912,44.0099],[-103.9885,44.0122],[-103.9916,44.0142],[-103.9953,44.0209]]],[[[-103.9304,44.0172],[-103.9349,44.0207],[-103.9351,44.0205],[-103.9371,44.0245],[-103.9527,44.0245],[-103.953,44.0218],[-103.9367,44.0187],[-103.9349,44.0172],[-103.9286,44.0095],[-103.9242,44.0106],[-103.9274,44.015],[-103.9304,44.0172]]],[[[-103.363,44.0104],[-103.363,44.0088],[-103.3623,44.0088],[-103.3623,44.0104],[-103.363,44.0104]]],[[[-103.5484,44.0108],[-103.5484,44.0136],[-103.5496,44.0136],[-103.5496,44.0143],[-103.5516,44.0191],[-103.5558,44.0203],[-103.5564,44.0224],[-103.5584,44.0219],[-103.5562,44.0189],[-103.5543,44.0195],[-103.5517,44.0177],[-103.5516,44.015],[-103.5496,44.0117],[-103.5496,44.009],[-103.5484,44.009],[-103.5484,44.0081],[-103.5459,44.0081],[-103.5459,44.0072],[-103.5446,44.0072],[-103.5446,44.0063],[-103.5422,44.0063],[-103.5421,44.0072],[-103.5434,44.0072],[-103.5434,44.0081],[-103.5446,44.0081],[-103.5446,44.009],[-103.5459,44.009],[-103.5459,44.0099],[-103.5472,44.0099],[-103.5472,44.0108],[-103.5484,44.0108]]],[[[-103.6799,44.0026],[-103.6793,44.0023],[-103.6787,44.0033],[-103.6773,44.0022],[-103.6754,44.0032],[-103.6738,44.0054],[-103.6746,44.0065],[-103.6779,44.0062],[-103.6777,44.0071],[-103.6744,44.0092],[-103.6731,44.0094],[-103.6721,44.0076],[-103.6671,44.0066],[-103.6702,44.0088],[-103.6739,44.0123],[-103.6765,44.0117],[-103.6759,44.0093],[-103.6766,44.0084],[-103.6796,44.0067],[-103.6773,44.0049],[-103.6755,44.0051],[-103.6757,44.0048],[-103.6793,44.004],[-103.6799,44.0026]]],[[[-103.6598,44.0026],[-103.6598,44.0136],[-103.6648,44.0136],[-103.6648,43.999],[-103.6598,43.999],[-103.6598,44.0026]]],[[[-103.8499,44.004],[-103.8442,44.0042],[-103.8445,44.0008],[-103.8394,43.9956],[-103.8355,43.9968],[-103.836,43.9989],[-103.835,43.9995],[-103.8385,44.0051],[-103.8413,44.0066],[-103.8486,44.005],[-103.8499,44.004]]],[[[-103.9784,43.9955],[-103.9815,44.0067],[-103.975,44.0068],[-103.9705,44.0094],[-103.9716,44.0137],[-103.9822,44.014],[-103.9826,44.0188],[-103.9868,44.0262],[-103.987,44.0282],[-103.9805,44.0318],[-103.965,44.0318],[-103.965,44.0328],[-103.9612,44.0323],[-103.9612,44.0318],[-103.9581,44.0318],[-103.9581,44.0354],[-103.95,44.0354],[-103.9499,44.0426],[-103.96,44.0426],[-103.96,44.0416],[-103.962,44.0421],[-103.9634,44.0411],[-103.965,44.0361],[-103.965,44.0354],[-103.99,44.0354],[-103.99,44.039],[-104.0001,44.039],[-104.0001,44.0354],[-103.9951,44.0354],[-103.9951,44.0318],[-103.9915,44.0318],[-103.9906,44.0255],[-103.988,44.0185],[-103.9875,44.0129],[-103.9894,44.0092],[-103.987,44.0064],[-103.988,44.0064],[-103.9851,43.9955],[-103.9784,43.9955]]],[[[-103.6498,44.0026],[-103.6498,43.999],[-103.6548,43.999],[-103.6548,43.9954],[-103.653,43.9954],[-103.653,43.9918],[-103.648,43.9918],[-103.648,43.9954],[-103.6448,43.9954],[-103.6448,44.0026],[-103.6498,44.0026]]],[[[-103.5992,43.9916],[-103.5989,43.9909],[-103.592,43.9914],[-103.595,43.9993],[-103.6019,43.9989],[-103.5992,43.9916]]],[[[-103.6785,43.9891],[-103.6812,43.9934],[-103.6912,43.9946],[-103.6915,43.9954],[-103.6926,43.9958],[-103.6928,43.9971],[-103.6933,43.999],[-103.6948,43.9989],[-103.6948,43.9955],[-103.6956,43.9951],[-103.6933,43.9932],[-103.6929,43.9915],[-103.692,43.9913],[-103.691,43.9927],[-103.6886,43.9916],[-103.6879,43.9906],[-103.689,43.9891],[-103.6886,43.9887],[-103.6865,43.9891],[-103.6848,43.9876],[-103.6791,43.9882],[-103.6785,43.9891]]],[[[-103.4997,43.9985],[-103.4996,43.9952],[-103.5002,43.9909],[-103.4958,43.9876],[-103.4885,43.9874],[-103.4865,43.9883],[-103.4916,43.9896],[-103.4941,43.9889],[-103.498,43.9949],[-103.498,43.9991],[-103.5008,44.0009],[-103.502,44.0021],[-103.503,44.0023],[-103.5047,44.0033],[-103.5089,44.0022],[-103.5089,44.0016],[-103.5037,44.001],[-103.4997,43.9985]]],[[[-103.7297,43.987],[-103.7261,43.9874],[-103.7256,43.9905],[-103.7232,43.9905],[-103.7233,43.9916],[-103.726,43.993],[-103.7239,43.9955],[-103.7225,43.9959],[-103.724,43.9987],[-103.7247,43.9987],[-103.726,43.9955],[-103.7265,43.9955],[-103.7265,43.9949],[-103.7273,43.994],[-103.7269,43.9909],[-103.7276,43.9903],[-103.7274,43.9889],[-103.7297,43.987]]],[[[-103.8186,43.9921],[-103.8207,43.9954],[-103.8237,43.9954],[-103.8237,43.9917],[-103.829,43.9925],[-103.8312,43.9954],[-103.8336,43.9954],[-103.835,43.9916],[-103.8276,43.9909],[-103.8276,43.9879],[-103.8219,43.9868],[-103.818,43.9912],[-103.8186,43.9921]]],[[[-103.8411,43.9812],[-103.8407,43.9805],[-103.8347,43.9827],[-103.8314,43.9847],[-103.8326,43.9866],[-103.8341,43.9865],[-103.8418,43.9826],[-103.8411,43.9812]]],[[[-103.4326,43.9805],[-103.4319,43.9811],[-103.4314,43.9839],[-103.4396,43.9839],[-103.437,43.9796],[-103.4336,43.9794],[-103.4326,43.9805]]],[[[-103.4028,43.9903],[-103.4044,43.9839],[-103.4016,43.9818],[-103.4,43.9825],[-103.3989,43.9854],[-103.4002,43.9889],[-103.3979,43.9871],[-103.3946,43.9901],[-103.3946,43.9856],[-103.3944,43.9848],[-103.3946,43.9844],[-103.3946,43.977],[-103.3896,43.977],[-103.3896,43.9843],[-103.3885,43.9843],[-103.3797,43.9793],[-103.3797,43.977],[-103.3747,43.977],[-103.3747,43.9807],[-103.3697,43.9807],[-103.3697,43.9879],[-103.3747,43.9879],[-103.3747,43.987],[-103.3796,43.9874],[-103.385,43.9882],[-103.3865,43.9891],[-103.3879,43.9874],[-103.3896,43.9858],[-103.3896,43.9915],[-103.3908,43.9915],[-103.3899,43.9928],[-103.3935,43.9933],[-103.3956,43.9951],[-103.3981,43.9951],[-103.3988,43.9916],[-103.3978,43.9905],[-103.4028,43.9903]]],[[[-103.3401,43.9854],[-103.3417,43.984],[-103.3426,43.985],[-103.3439,43.9853],[-103.3462,43.9841],[-103.347,43.9834],[-103.3485,43.9813],[-103.3483,43.9796],[-103.3502,43.9793],[-103.3533,43.9784],[-103.3531,43.9781],[-103.3474,43.977],[-103.3484,43.9759],[-103.3496,43.9754],[-103.3499,43.9738],[-103.3493,43.9741],[-103.3495,43.9748],[-103.348,43.9758],[-103.3472,43.9766],[-103.3449,43.9756],[-103.3434,43.9765],[-103.3443,43.9785],[-103.3476,43.9813],[-103.3454,43.9832],[-103.3405,43.9834],[-103.3396,43.9842],[-103.3397,43.9854],[-103.3388,43.9867],[-103.339,43.987],[-103.3401,43.9854]]],[[[-103.5746,44.0027],[-103.5746,43.9954],[-103.5779,43.9954],[-103.5779,43.9771],[-103.5708,43.9771],[-103.5718,43.9762],[-103.569,43.9738],[-103.5681,43.9742],[-103.57,43.9759],[-103.5694,43.9771],[-103.5686,43.9771],[-103.5685,43.9915],[-103.5735,43.9916],[-103.5735,43.9954],[-103.5696,43.9954],[-103.5696,44.0063],[-103.5746,44.0063],[-103.5746,44.0027]]],[[[-103.9192,43.9775],[-103.921,43.9862],[-103.9254,43.9855],[-103.9245,43.9722],[-103.9182,43.9727],[-103.9192,43.9775]]],[[[-103.4978,43.9732],[-103.4964,43.9721],[-103.4951,43.9733],[-103.4992,43.9762],[-103.5004,43.9751],[-103.4978,43.9732]]],[[[-103.7774,43.9775],[-103.7783,43.9794],[-103.7799,43.9854],[-103.7768,43.9877],[-103.778,43.9892],[-103.779,43.9898],[-103.781,43.9918],[-103.7835,43.9958],[-103.7841,43.9981],[-103.7869,43.9987],[-103.7899,44.0016],[-103.7899,44.0043],[-103.7902,44.0035],[-103.7914,44.0038],[-103.7926,44.0035],[-103.7932,44.0027],[-103.7949,44.0027],[-103.7949,44.0012],[-103.7955,44.0002],[-103.7949,43.9977],[-103.798,43.9959],[-103.7977,43.9956],[-103.7944,43.9973],[-103.7947,44.0004],[-103.7927,44.0025],[-103.7916,44.0027],[-103.7904,44.0001],[-103.7887,43.9986],[-103.793,43.9954],[-103.7927,43.9952],[-103.7903,43.9965],[-103.7903,43.995],[-103.7899,43.995],[-103.7897,43.9965],[-103.7881,43.9981],[-103.7846,43.9979],[-103.7835,43.9932],[-103.7805,43.9891],[-103.7781,43.9876],[-103.7805,43.9867],[-103.7838,43.9864],[-103.7864,43.9852],[-103.7861,43.985],[-103.7835,43.9862],[-103.7805,43.9866],[-103.7815,43.985],[-103.7789,43.9775],[-103.7767,43.9751],[-103.7765,43.972],[-103.7757,43.972],[-103.7757,43.9742],[-103.7774,43.9775]]],[[[-103.6631,43.9738],[-103.6681,43.9738],[-103.6681,43.9702],[-103.6581,43.9701],[-103.658,43.9737],[-103.6631,43.9738]]],[[[-103.6453,43.9734],[-103.6452,43.9737],[-103.638,43.9737],[-103.638,43.9773],[-103.6403,43.9773],[-103.641,43.9821],[-103.6415,43.9835],[-103.6439,43.9834],[-103.644,43.9837],[-103.648,43.9835],[-103.648,43.9846],[-103.658,43.9846],[-103.658,43.981],[-103.6551,43.981],[-103.6531,43.9785],[-103.6486,43.98],[-103.6487,43.9764],[-103.6498,43.9763],[-103.6497,43.9752],[-103.652,43.975],[-103.6519,43.9746],[-103.6575,43.9741],[-103.6569,43.9701],[-103.6513,43.9705],[-103.6514,43.9709],[-103.6491,43.9711],[-103.6493,43.9722],[-103.647,43.9724],[-103.647,43.9726],[-103.6453,43.9734]]],[[[-103.4272,43.9737],[-103.4272,43.9733],[-103.4247,43.9733],[-103.4247,43.9697],[-103.4147,43.9697],[-103.4147,43.9733],[-103.4097,43.9733],[-103.4096,43.9806],[-103.4147,43.9806],[-103.4147,43.9788],[-103.4297,43.9787],[-103.4297,43.9769],[-103.4272,43.9769],[-103.4272,43.9737]]],[[[-103.5941,43.9772],[-103.5938,43.9733],[-103.5914,43.9733],[-103.5913,43.9692],[-103.5868,43.9694],[-103.5869,43.9735],[-103.5837,43.9736],[-103.584,43.9777],[-103.5919,43.9774],[-103.5927,43.9815],[-103.5939,43.9814],[-103.593,43.9774],[-103.5941,43.9773],[-103.5941,43.9772]]],[[[-103.6799,44.0026],[-103.6799,44.0063],[-103.6998,44.0064],[-103.7024,44.0071],[-103.704,44.0088],[-103.7072,44.0094],[-103.71,44.0084],[-103.7148,44.0106],[-103.7148,44.0136],[-103.7198,44.0136],[-103.7198,44.0172],[-103.7299,44.0172],[-103.7299,44.0208],[-103.7399,44.0208],[-103.7399,44.0154],[-103.7449,44.0154],[-103.7449,44.0118],[-103.7399,44.0118],[-103.7399,44.01],[-103.7349,44.01],[-103.7349,44.0064],[-103.7198,44.0063],[-103.7198,43.9991],[-103.7223,43.9991],[-103.7223,43.9955],[-103.7215,43.9955],[-103.7215,43.9812],[-103.7199,43.9812],[-103.7188,43.9793],[-103.7172,43.9781],[-103.7192,43.9744],[-103.7203,43.9733],[-103.7205,43.9719],[-103.7197,43.9708],[-103.7209,43.9684],[-103.7199,43.9671],[-103.7202,43.9667],[-103.7182,43.9667],[-103.7175,43.9677],[-103.7163,43.9678],[-103.7144,43.9671],[-103.7154,43.9687],[-103.7175,43.968],[-103.719,43.9683],[-103.7197,43.9687],[-103.7198,43.9696],[-103.7187,43.9703],[-103.7177,43.9744],[-103.717,43.975],[-103.7165,43.9765],[-103.7141,43.977],[-103.7139,43.9783],[-103.7144,43.9798],[-103.7161,43.9789],[-103.7179,43.9799],[-103.7183,43.9812],[-103.7165,43.9811],[-103.7165,43.9848],[-103.7115,43.9848],[-103.7115,43.992],[-103.714,43.992],[-103.714,43.9931],[-103.7102,43.9945],[-103.7057,43.9973],[-103.6998,43.9973],[-103.6998,44.0006],[-103.6948,44.0006],[-103.6948,44.0027],[-103.6799,44.0026]]],[[[-103.638,43.9656],[-103.6355,43.9656],[-103.6355,43.9692],[-103.6405,43.9692],[-103.6405,43.9665],[-103.638,43.9665],[-103.638,43.9656]]],[[[-103.6335,43.9691],[-103.6334,43.9667],[-103.6298,43.967],[-103.6278,43.9664],[-103.6239,43.9663],[-103.6263,43.9649],[-103.6286,43.9642],[-103.6262,43.9622],[-103.623,43.9655],[-103.6228,43.9666],[-103.62,43.9673],[-103.6179,43.9675],[-103.6177,43.968],[-103.6204,43.9685],[-103.621,43.9724],[-103.6218,43.9725],[-103.6218,43.9747],[-103.6232,43.975],[-103.6232,43.9728],[-103.6248,43.973],[-103.6253,43.9759],[-103.6258,43.9759],[-103.627,43.9734],[-103.6281,43.9729],[-103.6301,43.9741],[-103.6311,43.9741],[-103.6312,43.9727],[-103.6288,43.9705],[-103.6242,43.9704],[-103.6224,43.968],[-103.6264,43.9674],[-103.6285,43.9673],[-103.6302,43.9683],[-103.6303,43.9693],[-103.6335,43.9691]]],[[[-103.6056,43.97],[-103.608,43.97],[-103.608,43.9628],[-103.6038,43.9627],[-103.6038,43.9624],[-103.6031,43.9621],[-103.6033,43.9627],[-103.598,43.9627],[-103.598,43.9699],[-103.6056,43.97]]],[[[-103.3868,43.9734],[-103.3893,43.9747],[-103.3919,43.972],[-103.3874,43.9698],[-103.3888,43.9684],[-103.3749,43.9612],[-103.3696,43.9665],[-103.3733,43.9685],[-103.3749,43.9674],[-103.3751,43.968],[-103.3755,43.9676],[-103.3868,43.9734]]],[[[-103.648,43.9647],[-103.648,43.9593],[-103.643,43.9593],[-103.643,43.9665],[-103.6505,43.9665],[-103.6505,43.9683],[-103.653,43.9683],[-103.653,43.9665],[-103.6518,43.9665],[-103.6518,43.9647],[-103.648,43.9647]]],[[[-103.9167,43.9594],[-103.9144,43.9639],[-103.9197,43.9667],[-103.923,43.9662],[-103.9195,43.9618],[-103.9194,43.958],[-103.9174,43.958],[-103.9167,43.9594]]],[[[-103.7967,43.963],[-103.7967,43.9557],[-103.7917,43.9557],[-103.7917,43.9666],[-103.8018,43.9666],[-103.8017,43.963],[-103.7967,43.963]]],[[[-103.5947,43.9553],[-103.592,43.9567],[-103.5928,43.9588],[-103.5948,43.96],[-103.5975,43.9585],[-103.5955,43.9574],[-103.5947,43.9553]]],[[[-103.9328,43.9629],[-103.9298,43.9536],[-103.923,43.9545],[-103.9284,43.9673],[-103.9328,43.9629]]],[[[-103.9753,43.954],[-103.9725,43.9533],[-103.9696,43.9549],[-103.9695,43.9605],[-103.9679,43.9624],[-103.9736,43.9641],[-103.9753,43.9583],[-103.98,43.9583],[-103.9806,43.9548],[-103.9783,43.9546],[-103.9753,43.954]]],[[[-103.7617,43.9703],[-103.7617,43.9667],[-103.7667,43.9667],[-103.7667,43.9594],[-103.7617,43.9594],[-103.7617,43.9557],[-103.7567,43.9557],[-103.7566,43.9539],[-103.7466,43.954],[-103.7466,43.9521],[-103.7265,43.9522],[-103.7265,43.9558],[-103.7366,43.9558],[-103.7366,43.9594],[-103.7315,43.9594],[-103.7316,43.9631],[-103.7416,43.9631],[-103.7416,43.9667],[-103.7441,43.9667],[-103.7479,43.9703],[-103.7511,43.9727],[-103.7466,43.9763],[-103.7466,43.9776],[-103.7566,43.9776],[-103.7566,43.9739],[-103.7617,43.9739],[-103.7617,43.9703]]],[[[-103.5036,43.966],[-103.5036,43.9588],[-103.4986,43.9587],[-103.4986,43.9551],[-103.504,43.9552],[-103.5005,43.9527],[-103.4986,43.9519],[-103.4973,43.9521],[-103.4973,43.9535],[-103.4915,43.9532],[-103.4912,43.9551],[-103.4927,43.9572],[-103.49,43.9597],[-103.4913,43.9608],[-103.4936,43.9591],[-103.4936,43.9623],[-103.4986,43.9623],[-103.4986,43.966],[-103.5036,43.966]]],[[[-103.9402,43.949],[-103.9357,43.9504],[-103.9357,43.9531],[-103.941,43.9516],[-103.9432,43.9539],[-103.947,43.9547],[-103.9477,43.9597],[-103.951,43.9596],[-103.9508,43.9521],[-103.9423,43.9483],[-103.9402,43.949]]],[[[-103.5988,43.9552],[-103.599,43.9521],[-103.596,43.9505],[-103.5941,43.9513],[-103.5917,43.9499],[-103.5947,43.9494],[-103.5944,43.9453],[-103.5921,43.9456],[-103.5911,43.9416],[-103.5873,43.942],[-103.5879,43.9493],[-103.5852,43.9511],[-103.5846,43.9491],[-103.5832,43.9473],[-103.5813,43.9464],[-103.5809,43.9477],[-103.5798,43.9479],[-103.578,43.9467],[-103.5766,43.9482],[-103.5735,43.9482],[-103.5735,43.9634],[-103.5729,43.9649],[-103.5762,43.9656],[-103.5775,43.9616],[-103.5798,43.9579],[-103.5816,43.9561],[-103.5822,43.9543],[-103.5801,43.9539],[-103.5795,43.9556],[-103.5779,43.9574],[-103.578,43.9486],[-103.5807,43.9483],[-103.5811,43.9485],[-103.5816,43.9528],[-103.5841,43.954],[-103.5854,43.9541],[-103.5872,43.9533],[-103.5875,43.9513],[-103.5893,43.9507],[-103.5912,43.9526],[-103.5937,43.953],[-103.5961,43.9527],[-103.5966,43.9553],[-103.5991,43.957],[-103.603,43.9609],[-103.6058,43.9618],[-103.6066,43.9616],[-103.6042,43.9606],[-103.6025,43.9578],[-103.5988,43.9552]]],[[[-103.7239,43.9522],[-103.724,43.9485],[-103.7516,43.9485],[-103.7516,43.9449],[-103.7541,43.9449],[-103.7541,43.9413],[-103.7466,43.9413],[-103.7466,43.943],[-103.7416,43.9431],[-103.7416,43.9449],[-103.7366,43.9449],[-103.7265,43.9449],[-103.7202,43.9413],[-103.7165,43.9413],[-103.7165,43.945],[-103.7202,43.9468],[-103.7216,43.9558],[-103.7238,43.9558],[-103.7239,43.9522]]],[[[-104.0256,43.9442],[-104.0237,43.9449],[-104.0235,43.9464],[-104.0221,43.9472],[-104.0188,43.9468],[-104.0186,43.9477],[-104.0161,43.9491],[-104.0165,43.9496],[-104.02,43.9474],[-104.0221,43.9481],[-104.0238,43.9472],[-104.0251,43.9454],[-104.0276,43.945],[-104.031,43.9431],[-104.0345,43.9427],[-104.0331,43.941],[-104.0256,43.9442]]],[[[-103.3846,43.9408],[-103.3846,43.9445],[-103.3797,43.9445],[-103.3797,43.9517],[-103.3946,43.9516],[-103.3945,43.9444],[-103.3995,43.9443],[-103.3995,43.9407],[-103.3846,43.9408]]],[[[-103.4525,43.9659],[-103.4526,43.967],[-103.457,43.9662],[-103.4568,43.9642],[-103.4613,43.9644],[-103.461,43.9621],[-103.462,43.9611],[-103.4622,43.9595],[-103.4609,43.9591],[-103.4598,43.9563],[-103.4614,43.9567],[-103.4625,43.9558],[-103.4643,43.9532],[-103.4672,43.9496],[-103.465,43.9491],[-103.4621,43.9526],[-103.4604,43.9553],[-103.4594,43.956],[-103.4585,43.9555],[-103.4583,43.9551],[-103.454,43.9541],[-103.4526,43.9514],[-103.4498,43.9479],[-103.4477,43.9485],[-103.4451,43.9456],[-103.4461,43.9454],[-103.4449,43.944],[-103.4441,43.9441],[-103.442,43.9403],[-103.4375,43.9411],[-103.4397,43.9449],[-103.4379,43.9459],[-103.4365,43.947],[-103.4395,43.9505],[-103.4386,43.9512],[-103.4388,43.9516],[-103.4365,43.9526],[-103.4393,43.9559],[-103.4384,43.9563],[-103.4404,43.9573],[-103.4438,43.9547],[-103.4457,43.9556],[-103.445,43.9561],[-103.4489,43.9588],[-103.4471,43.9598],[-103.4492,43.9606],[-103.4502,43.9592],[-103.4521,43.963],[-103.4525,43.9659]]],[[[-103.8956,43.9535],[-103.8914,43.9516],[-103.8931,43.9497],[-103.8892,43.9482],[-103.8886,43.9498],[-103.8873,43.95],[-103.8851,43.9493],[-103.8809,43.9487],[-103.8811,43.9479],[-103.8839,43.9462],[-103.8842,43.9444],[-103.8857,43.9431],[-103.8899,43.9418],[-103.8895,43.9411],[-103.8843,43.9421],[-103.885,43.941],[-103.8888,43.9401],[-103.8876,43.9383],[-103.8837,43.9387],[-103.8849,43.9405],[-103.8834,43.9425],[-103.8815,43.9434],[-103.8824,43.9446],[-103.8778,43.9483],[-103.8762,43.9482],[-103.8776,43.9501],[-103.881,43.951],[-103.8844,43.9508],[-103.8866,43.9523],[-103.888,43.9526],[-103.8889,43.9512],[-103.8905,43.9523],[-103.8968,43.9548],[-103.8996,43.9572],[-103.8966,43.9588],[-103.8941,43.9584],[-103.8903,43.9567],[-103.889,43.9547],[-103.8881,43.9548],[-103.8904,43.9583],[-103.896,43.96],[-103.8982,43.9599],[-103.9001,43.9627],[-103.9011,43.962],[-103.8994,43.9594],[-103.901,43.9589],[-103.9021,43.9578],[-103.9015,43.9545],[-103.8996,43.9536],[-103.8956,43.9535]]],[[[-103.9351,43.937],[-103.9343,43.9357],[-103.9319,43.9357],[-103.9319,43.94],[-103.9335,43.9413],[-103.9363,43.95],[-103.942,43.9482],[-103.9351,43.937]]],[[[-103.592,43.9374],[-103.5885,43.9342],[-103.5876,43.9347],[-103.5911,43.938],[-103.592,43.9374]]],[[[-103.9166,43.9413],[-103.9203,43.9413],[-103.9209,43.9401],[-103.9195,43.9394],[-103.9193,43.9339],[-103.9166,43.9413]]],[[[-103.3846,43.9399],[-103.3846,43.9336],[-103.3796,43.9336],[-103.3796,43.9372],[-103.3746,43.9373],[-103.3747,43.9409],[-103.377,43.9409],[-103.3747,43.9431],[-103.3742,43.9446],[-103.3754,43.9452],[-103.3773,43.9427],[-103.3796,43.9424],[-103.3796,43.9409],[-103.3846,43.9408],[-103.3846,43.9399]]],[[[-103.5203,43.9376],[-103.5211,43.9364],[-103.5228,43.9362],[-103.5235,43.9352],[-103.5254,43.9356],[-103.5271,43.9318],[-103.5248,43.9313],[-103.5235,43.9323],[-103.522,43.9315],[-103.5218,43.9318],[-103.5207,43.9319],[-103.5193,43.9334],[-103.5179,43.9355],[-103.5164,43.9357],[-103.5145,43.9384],[-103.5203,43.9376]]],[[[-103.9215,43.9341],[-103.9215,43.9377],[-103.9265,43.9377],[-103.9266,43.9413],[-103.9316,43.9413],[-103.9316,43.9341],[-103.9265,43.9341],[-103.9265,43.9305],[-103.9214,43.9305],[-103.9215,43.9341]]],[[[-103.9995,43.9305],[-103.996,43.93],[-103.9977,43.9353],[-103.9969,43.9363],[-103.9927,43.9375],[-103.9944,43.9392],[-103.9955,43.9393],[-103.9955,43.9432],[-103.9966,43.9433],[-103.9964,43.9465],[-103.9998,43.9462],[-103.9993,43.9429],[-104.0034,43.9433],[-104.0029,43.945],[-104.0088,43.9452],[-104.0082,43.9461],[-104.0092,43.9468],[-104.0105,43.9468],[-104.0105,43.9448],[-104.0089,43.9448],[-104.0095,43.9413],[-104.0082,43.9413],[-104.0082,43.9326],[-104.0058,43.9326],[-104.0029,43.9306],[-103.9995,43.9305]]],[[[-103.59,43.9338],[-103.5901,43.9345],[-103.5911,43.934],[-103.5901,43.9299],[-103.5892,43.9304],[-103.59,43.9338]]],[[[-103.9444,43.929],[-103.9438,43.935],[-103.941,43.9356],[-103.9413,43.9369],[-103.9456,43.9369],[-103.9538,43.9428],[-103.957,43.9409],[-103.959,43.9386],[-103.9584,43.9384],[-103.9559,43.9404],[-103.9498,43.9391],[-103.9451,43.9301],[-103.9483,43.9288],[-103.948,43.9283],[-103.9444,43.929]]],[[[-103.9874,43.9486],[-103.9864,43.9447],[-103.9865,43.9413],[-103.9883,43.9413],[-103.9893,43.9362],[-103.9921,43.9268],[-103.9871,43.9268],[-103.9843,43.936],[-103.9835,43.9413],[-103.9836,43.9442],[-103.9802,43.9441],[-103.9805,43.9455],[-103.9837,43.9451],[-103.9848,43.9494],[-103.9856,43.9515],[-103.982,43.9518],[-103.9801,43.9505],[-103.9775,43.9506],[-103.9779,43.9544],[-103.9809,43.9545],[-103.9853,43.9611],[-103.9861,43.9608],[-103.983,43.9558],[-103.9854,43.9558],[-103.9877,43.9576],[-103.9923,43.9546],[-103.9884,43.951],[-103.9874,43.9486]]],[[[-103.919,43.9268],[-103.914,43.9268],[-103.911,43.9341],[-103.9165,43.9341],[-103.9165,43.9412],[-103.9193,43.9336],[-103.919,43.9268]]],[[[-103.3796,43.93],[-103.3796,43.9263],[-103.3696,43.9264],[-103.3697,43.9336],[-103.3796,43.9336],[-103.3796,43.93]]],[[[-103.8635,43.9268],[-103.8638,43.929],[-103.8586,43.9366],[-103.8524,43.9354],[-103.8521,43.9362],[-103.8594,43.9382],[-103.864,43.9352],[-103.8662,43.9388],[-103.8712,43.9365],[-103.8653,43.9292],[-103.8649,43.9264],[-103.8635,43.9262],[-103.8635,43.9268]]],[[[-103.6062,43.9447],[-103.6054,43.9462],[-103.6062,43.9464],[-103.6074,43.9443],[-103.6089,43.9432],[-103.6091,43.9421],[-103.6104,43.9422],[-103.6113,43.9426],[-103.613,43.9411],[-103.62,43.9411],[-103.6208,43.9434],[-103.6208,43.9472],[-103.6228,43.9477],[-103.623,43.9482],[-103.6216,43.9508],[-103.6231,43.9503],[-103.6261,43.9515],[-103.6292,43.9519],[-103.6314,43.9528],[-103.6319,43.9517],[-103.6297,43.9508],[-103.6233,43.9496],[-103.6233,43.9491],[-103.6248,43.9487],[-103.626,43.9492],[-103.6271,43.9502],[-103.6274,43.9485],[-103.6258,43.9486],[-103.6241,43.948],[-103.6221,43.9451],[-103.6218,43.9435],[-103.6239,43.9429],[-103.6243,43.9425],[-103.6226,43.9423],[-103.6213,43.9416],[-103.621,43.9411],[-103.623,43.9411],[-103.623,43.9357],[-103.628,43.9358],[-103.628,43.9339],[-103.618,43.9339],[-103.6188,43.9328],[-103.6203,43.9324],[-103.6217,43.9312],[-103.6187,43.9312],[-103.6165,43.9298],[-103.6159,43.9304],[-103.6169,43.9313],[-103.6163,43.9318],[-103.6132,43.9306],[-103.6135,43.9286],[-103.6157,43.9269],[-103.6158,43.9252],[-103.6148,43.9251],[-103.6147,43.9264],[-103.6123,43.9288],[-103.6115,43.9317],[-103.6148,43.9319],[-103.6158,43.933],[-103.6155,43.9339],[-103.613,43.9339],[-103.613,43.94],[-103.6103,43.9409],[-103.6067,43.9406],[-103.6074,43.9427],[-103.6062,43.9447]]],[[[-103.7115,43.9232],[-103.7066,43.9232],[-103.7066,43.9268],[-103.7115,43.9268],[-103.7115,43.9305],[-103.7315,43.9304],[-103.7315,43.9268],[-103.7165,43.9268],[-103.7165,43.9232],[-103.7115,43.9232]]],[[[-103.608,43.9266],[-103.608,43.9212],[-103.5953,43.9211],[-103.5952,43.9266],[-103.608,43.9266]]],[[[-103.4412,43.9203],[-103.4402,43.9207],[-103.4417,43.9219],[-103.4426,43.9233],[-103.4431,43.9231],[-103.4435,43.9237],[-103.4445,43.9233],[-103.442,43.9197],[-103.441,43.9201],[-103.4412,43.9203]]],[[[-103.3964,43.9263],[-103.3984,43.9278],[-103.4,43.9267],[-103.4078,43.9327],[-103.4095,43.9316],[-103.412,43.9335],[-103.4157,43.931],[-103.4162,43.9337],[-103.4198,43.9337],[-103.4198,43.9297],[-103.4176,43.9297],[-103.4187,43.929],[-103.4103,43.9226],[-103.4195,43.9226],[-103.4195,43.9262],[-103.4245,43.9262],[-103.4245,43.9189],[-103.4095,43.919],[-103.4095,43.922],[-103.407,43.92],[-103.402,43.9234],[-103.4034,43.9244],[-103.4017,43.9256],[-103.3939,43.9196],[-103.3906,43.9218],[-103.3964,43.9263]]],[[[-103.4955,43.921],[-103.4924,43.918],[-103.4914,43.9184],[-103.4946,43.9214],[-103.4955,43.921]]],[[[-104.0257,43.916],[-104.0207,43.916],[-104.0206,43.9233],[-104.0307,43.9233],[-104.0307,43.916],[-104.0257,43.916]]],[[[-103.3687,43.9211],[-103.3676,43.9203],[-103.3648,43.9204],[-103.3645,43.9187],[-103.367,43.9168],[-103.3668,43.916],[-103.3625,43.917],[-103.3597,43.9191],[-103.3593,43.921],[-103.3581,43.922],[-103.3557,43.9222],[-103.3576,43.9248],[-103.3658,43.9257],[-103.3686,43.9249],[-103.3687,43.9211]]],[[[-103.9805,43.9177],[-103.9805,43.9232],[-103.9905,43.9232],[-103.9905,43.916],[-103.9805,43.916],[-103.9805,43.9177]]],[[[-103.7411,43.916],[-103.7365,43.916],[-103.7365,43.9232],[-103.7415,43.9232],[-103.7415,43.916],[-103.7411,43.916]]],[[[-103.67,43.9215],[-103.6671,43.9176],[-103.6728,43.9177],[-103.6698,43.9137],[-103.6693,43.9138],[-103.6698,43.9168],[-103.667,43.9173],[-103.6661,43.9162],[-103.6652,43.9162],[-103.6691,43.9217],[-103.6704,43.9225],[-103.6715,43.9255],[-103.6744,43.9278],[-103.675,43.9272],[-103.6717,43.9242],[-103.6766,43.9246],[-103.6767,43.9244],[-103.67,43.9215]]],[[[-103.4964,43.919],[-103.4976,43.9203],[-103.4984,43.9197],[-103.4937,43.9149],[-103.4928,43.9131],[-103.4919,43.9136],[-103.4927,43.9153],[-103.4964,43.919]]],[[[-103.6532,43.9246],[-103.6533,43.9268],[-103.6543,43.9268],[-103.6556,43.9227],[-103.6556,43.9211],[-103.6543,43.9192],[-103.6499,43.9161],[-103.648,43.9134],[-103.6452,43.9129],[-103.6446,43.9141],[-103.6391,43.9139],[-103.6391,43.9145],[-103.6454,43.915],[-103.6464,43.9135],[-103.6472,43.9139],[-103.649,43.9165],[-103.6498,43.9166],[-103.653,43.9192],[-103.6541,43.9209],[-103.6532,43.9246]]],[[[-103.4351,43.9122],[-103.4342,43.9126],[-103.4351,43.9143],[-103.4359,43.9167],[-103.4348,43.917],[-103.4368,43.9205],[-103.4378,43.9202],[-103.4373,43.9191],[-103.4383,43.9188],[-103.4372,43.9168],[-103.4387,43.9164],[-103.4384,43.9156],[-103.4367,43.9161],[-103.4351,43.9122]]],[[[-103.4963,43.9154],[-103.4971,43.9161],[-103.4977,43.9154],[-103.4965,43.9142],[-103.4956,43.9121],[-103.495,43.9128],[-103.4955,43.9145],[-103.4963,43.9154]]],[[[-103.4552,43.9126],[-103.4561,43.9102],[-103.4507,43.9091],[-103.4498,43.9115],[-103.4552,43.9126]]],[[[-104.0307,43.916],[-104.0357,43.916],[-104.0357,43.9088],[-104.0207,43.9088],[-104.0207,43.9124],[-104.0307,43.9124],[-104.0307,43.916]]],[[[-103.7215,43.916],[-103.7215,43.9196],[-103.7265,43.9196],[-103.7265,43.916],[-103.7315,43.916],[-103.7315,43.9123],[-103.7265,43.9123],[-103.7266,43.9087],[-103.7216,43.9087],[-103.7215,43.916]]],[[[-103.8411,43.9087],[-103.8411,43.9186],[-103.8478,43.9186],[-103.8478,43.9159],[-103.8511,43.9159],[-103.8511,43.9123],[-103.8461,43.9123],[-103.8461,43.9085],[-103.8411,43.9087]]],[[[-103.9366,43.9116],[-103.9374,43.9081],[-103.9349,43.9092],[-103.9359,43.9117],[-103.9366,43.9116]]],[[[-103.9469,43.9077],[-103.9465,43.9072],[-103.9428,43.91],[-103.9475,43.9104],[-103.9478,43.912],[-103.9488,43.912],[-103.9479,43.9089],[-103.9469,43.9077]]],[[[-103.9358,43.9087],[-103.9387,43.9072],[-103.9427,43.91],[-103.9449,43.9083],[-103.9414,43.9086],[-103.9383,43.9058],[-103.9371,43.9058],[-103.9366,43.9079],[-103.932,43.9093],[-103.9321,43.9097],[-103.9347,43.9092],[-103.9358,43.9087]]],[[[-103.9604,43.9051],[-103.9604,43.9087],[-103.9704,43.9087],[-103.9704,43.9124],[-103.9755,43.9124],[-103.9754,43.9051],[-103.9604,43.9051]]],[[[-103.3795,43.9118],[-103.3795,43.908],[-103.3807,43.9076],[-103.3795,43.9066],[-103.3795,43.9045],[-103.3745,43.9045],[-103.3746,43.9118],[-103.3795,43.9118]]],[[[-103.9089,43.9049],[-103.9155,43.9182],[-103.9212,43.9142],[-103.9163,43.9124],[-103.9147,43.9101],[-103.9148,43.9038],[-103.9083,43.9038],[-103.9089,43.9049]]],[[[-103.666,43.9161],[-103.6685,43.9134],[-103.6697,43.9111],[-103.6729,43.9085],[-103.6731,43.9071],[-103.6753,43.9061],[-103.6748,43.9052],[-103.6698,43.9057],[-103.6683,43.9026],[-103.6625,43.9031],[-103.6625,43.9034],[-103.6662,43.9033],[-103.6682,43.9045],[-103.6682,43.9057],[-103.6704,43.9069],[-103.6682,43.908],[-103.6696,43.9095],[-103.6663,43.9133],[-103.6665,43.914],[-103.6653,43.916],[-103.666,43.9161]]],[[[-103.5087,43.9537],[-103.5123,43.9572],[-103.5135,43.9566],[-103.5148,43.9557],[-103.5143,43.9539],[-103.5149,43.9528],[-103.515,43.9514],[-103.5145,43.9512],[-103.5142,43.9514],[-103.513,43.9511],[-103.5134,43.9507],[-103.5128,43.9501],[-103.5136,43.9487],[-103.5142,43.9481],[-103.5166,43.9471],[-103.5165,43.947],[-103.5178,43.9468],[-103.5202,43.9474],[-103.5216,43.9468],[-103.5203,43.9474],[-103.5203,43.948],[-103.5221,43.9484],[-103.5211,43.9496],[-103.5204,43.9502],[-103.52,43.9504],[-103.5149,43.9491],[-103.5146,43.9508],[-103.52,43.9521],[-103.5209,43.9514],[-103.5238,43.9518],[-103.523,43.955],[-103.5252,43.9552],[-103.525,43.956],[-103.5282,43.9564],[-103.5275,43.9589],[-103.5286,43.9591],[-103.5298,43.9553],[-103.5386,43.9553],[-103.5386,43.9408],[-103.5287,43.9408],[-103.5287,43.9455],[-103.5279,43.9455],[-103.5279,43.9452],[-103.5217,43.9416],[-103.5202,43.9392],[-103.5186,43.9398],[-103.5174,43.9398],[-103.5159,43.9407],[-103.5128,43.9407],[-103.5168,43.9349],[-103.5154,43.9321],[-103.5162,43.9327],[-103.5204,43.93],[-103.52,43.9297],[-103.5203,43.9298],[-103.5237,43.9265],[-103.5233,43.9263],[-103.5239,43.9263],[-103.527,43.9292],[-103.5279,43.9287],[-103.5253,43.9263],[-103.5286,43.9263],[-103.5286,43.9372],[-103.5386,43.9372],[-103.5386,43.9336],[-103.5317,43.9336],[-103.5326,43.9322],[-103.5323,43.9318],[-103.5355,43.9284],[-103.5392,43.9253],[-103.5389,43.9249],[-103.5412,43.9231],[-103.5409,43.9228],[-103.5436,43.9228],[-103.5436,43.9264],[-103.5461,43.9264],[-103.5461,43.93],[-103.551,43.9301],[-103.5511,43.9264],[-103.5585,43.9265],[-103.5585,43.9228],[-103.5517,43.9228],[-103.5535,43.9223],[-103.5565,43.9224],[-103.5585,43.9192],[-103.5585,43.912],[-103.5537,43.912],[-103.5584,43.9079],[-103.5582,43.9073],[-103.5507,43.9099],[-103.5485,43.912],[-103.5485,43.9156],[-103.5435,43.9156],[-103.5435,43.9169],[-103.5402,43.9187],[-103.54,43.9218],[-103.5381,43.9197],[-103.5361,43.9212],[-103.5366,43.9205],[-103.536,43.9202],[-103.5374,43.9186],[-103.5394,43.917],[-103.5384,43.9166],[-103.5364,43.9181],[-103.5379,43.9164],[-103.533,43.9142],[-103.5302,43.9178],[-103.5256,43.9202],[-103.5262,43.9208],[-103.5238,43.9227],[-103.5236,43.9227],[-103.5236,43.9158],[-103.5252,43.9161],[-103.5269,43.9156],[-103.5273,43.9152],[-103.5269,43.9129],[-103.5267,43.9095],[-103.5271,43.9092],[-103.5335,43.9093],[-103.5335,43.9088],[-103.5354,43.9088],[-103.5354,43.9066],[-103.5391,43.9066],[-103.5391,43.9057],[-103.5402,43.9049],[-103.5402,43.9009],[-103.5367,43.9009],[-103.5367,43.9005],[-103.5356,43.9006],[-103.5351,43.9022],[-103.5339,43.9039],[-103.5283,43.9062],[-103.5254,43.9088],[-103.5252,43.91],[-103.5254,43.9129],[-103.5258,43.9144],[-103.5253,43.9148],[-103.5191,43.9138],[-103.5174,43.9147],[-103.5144,43.9191],[-103.5136,43.9191],[-103.5136,43.9205],[-103.5106,43.9205],[-103.5096,43.9218],[-103.5096,43.9197],[-103.5063,43.9174],[-103.5095,43.914],[-103.5111,43.9152],[-103.5135,43.9135],[-103.5095,43.9105],[-103.5086,43.9112],[-103.5085,43.9045],[-103.5081,43.9045],[-103.5044,43.9021],[-103.5035,43.9027],[-103.4998,43.9027],[-103.4998,43.9009],[-103.4923,43.9009],[-103.4923,43.9027],[-103.491,43.9027],[-103.491,43.9036],[-103.4885,43.9036],[-103.4885,43.9045],[-103.4835,43.9045],[-103.4835,43.9117],[-103.5025,43.9118],[-103.5018,43.9125],[-103.5049,43.9159],[-103.5047,43.9162],[-103.5055,43.9168],[-103.5055,43.9192],[-103.5094,43.922],[-103.5085,43.9231],[-103.5084,43.9239],[-103.5101,43.9237],[-103.5119,43.9243],[-103.5118,43.9256],[-103.5108,43.9295],[-103.5112,43.9298],[-103.5114,43.9327],[-103.5104,43.9339],[-103.5097,43.9365],[-103.5059,43.9418],[-103.5061,43.943],[-103.5047,43.9444],[-103.5033,43.9471],[-103.5038,43.9488],[-103.5046,43.9497],[-103.5069,43.9502],[-103.5061,43.9509],[-103.5058,43.9516],[-103.5087,43.9537]]],[[[-103.8885,43.9049],[-103.8884,43.9052],[-103.8893,43.9057],[-103.8924,43.9026],[-103.8956,43.9056],[-103.8963,43.9055],[-103.8982,43.9021],[-103.9058,43.9054],[-103.9073,43.9035],[-103.9039,43.8999],[-103.9021,43.8997],[-103.9019,43.9013],[-103.8914,43.9014],[-103.8887,43.9042],[-103.8885,43.9049]]],[[[-103.5035,43.8996],[-103.5004,43.8998],[-103.4988,43.8992],[-103.4934,43.8992],[-103.493,43.8986],[-103.4921,43.8988],[-103.4909,43.8986],[-103.4909,43.8984],[-103.4885,43.8984],[-103.4885,43.8993],[-103.4909,43.8993],[-103.4909,43.8989],[-103.4921,43.8991],[-103.4928,43.8989],[-103.4933,43.8996],[-103.4988,43.8995],[-103.5001,43.9002],[-103.5027,43.9001],[-103.5035,43.8999],[-103.5035,43.8996]]],[[[-103.3534,43.9037],[-103.3533,43.901],[-103.3546,43.901],[-103.3546,43.8983],[-103.3508,43.8983],[-103.3508,43.9001],[-103.3496,43.9001],[-103.3496,43.9019],[-103.3521,43.9019],[-103.3521,43.9037],[-103.3534,43.9037]]],[[[-103.7217,43.8978],[-103.7216,43.9014],[-103.7317,43.9014],[-103.7316,43.9051],[-103.7367,43.9051],[-103.7367,43.8978],[-103.7217,43.8978]]],[[[-103.5859,43.9087],[-103.5843,43.9082],[-103.582,43.9112],[-103.5808,43.9148],[-103.579,43.9164],[-103.5823,43.9176],[-103.5828,43.9176],[-103.5831,43.9188],[-103.5793,43.9216],[-103.579,43.9225],[-103.579,43.9235],[-103.5801,43.9231],[-103.5806,43.9226],[-103.582,43.9227],[-103.5805,43.9241],[-103.5802,43.9238],[-103.579,43.9235],[-103.5789,43.9239],[-103.5771,43.9244],[-103.5771,43.9242],[-103.575,43.9241],[-103.5745,43.9229],[-103.575,43.9229],[-103.5757,43.9239],[-103.5779,43.9233],[-103.575,43.9197],[-103.5735,43.9202],[-103.5735,43.9193],[-103.5685,43.9193],[-103.5685,43.9265],[-103.5662,43.9265],[-103.5655,43.9248],[-103.5644,43.925],[-103.565,43.9265],[-103.5645,43.9265],[-103.5637,43.9237],[-103.5626,43.9238],[-103.5634,43.9264],[-103.5628,43.9263],[-103.5621,43.9284],[-103.5627,43.9301],[-103.5604,43.9301],[-103.5607,43.9293],[-103.5606,43.9285],[-103.56,43.9285],[-103.5594,43.9301],[-103.5565,43.9314],[-103.5572,43.9309],[-103.5515,43.9311],[-103.5497,43.9324],[-103.5548,43.9322],[-103.5548,43.9355],[-103.5585,43.9355],[-103.5585,43.9373],[-103.5485,43.9373],[-103.5485,43.9375],[-103.5471,43.9377],[-103.5466,43.9384],[-103.5472,43.9388],[-103.5461,43.9391],[-103.5466,43.9408],[-103.547,43.9408],[-103.547,43.9396],[-103.5499,43.9393],[-103.5504,43.9395],[-103.5507,43.9409],[-103.5559,43.9409],[-103.5553,43.9422],[-103.5581,43.9458],[-103.5572,43.9478],[-103.5549,43.9515],[-103.5556,43.9517],[-103.5549,43.9532],[-103.5603,43.9546],[-103.561,43.953],[-103.5635,43.9536],[-103.5658,43.9498],[-103.5615,43.9488],[-103.5633,43.9449],[-103.5611,43.9444],[-103.5627,43.941],[-103.5721,43.941],[-103.5727,43.9419],[-103.5758,43.9415],[-103.5775,43.9423],[-103.5823,43.9404],[-103.5834,43.9412],[-103.5813,43.9438],[-103.5805,43.9465],[-103.5814,43.9463],[-103.5815,43.9455],[-103.5821,43.9444],[-103.5844,43.9426],[-103.5866,43.9418],[-103.5853,43.9403],[-103.5845,43.9401],[-103.5837,43.9373],[-103.5829,43.9362],[-103.5814,43.9364],[-103.5827,43.9359],[-103.5822,43.9352],[-103.5806,43.9358],[-103.5805,43.9356],[-103.5803,43.9338],[-103.5806,43.935],[-103.5828,43.9348],[-103.5827,43.9342],[-103.5831,43.9347],[-103.584,43.9346],[-103.5832,43.9306],[-103.5797,43.9302],[-103.5789,43.9295],[-103.5784,43.9276],[-103.5794,43.9276],[-103.5794,43.9263],[-103.5789,43.9264],[-103.5802,43.926],[-103.5806,43.9289],[-103.5828,43.9288],[-103.5825,43.9266],[-103.5864,43.9266],[-103.5874,43.9275],[-103.5895,43.9276],[-103.5927,43.9251],[-103.5919,43.9249],[-103.5896,43.9267],[-103.5879,43.9266],[-103.5869,43.9254],[-103.5858,43.9249],[-103.5856,43.9239],[-103.5874,43.9237],[-103.5864,43.9196],[-103.5864,43.9173],[-103.5858,43.9168],[-103.5848,43.9169],[-103.5866,43.9151],[-103.5898,43.9139],[-103.5909,43.912],[-103.5934,43.9106],[-103.5948,43.9119],[-103.5973,43.9116],[-103.5975,43.9118],[-103.5982,43.9117],[-103.5987,43.9114],[-103.6024,43.9106],[-103.6037,43.9116],[-103.6054,43.9118],[-103.609,43.9099],[-103.6111,43.9101],[-103.6124,43.9098],[-103.6132,43.9107],[-103.6148,43.9109],[-103.6161,43.9101],[-103.6168,43.9103],[-103.6158,43.9122],[-103.6177,43.9148],[-103.6171,43.916],[-103.6185,43.9171],[-103.6213,43.9136],[-103.6265,43.9108],[-103.6283,43.9105],[-103.6282,43.9092],[-103.6196,43.9113],[-103.6193,43.9128],[-103.6175,43.9116],[-103.6172,43.9099],[-103.6157,43.91],[-103.6146,43.9103],[-103.6125,43.9094],[-103.6084,43.9097],[-103.6041,43.9113],[-103.6028,43.9104],[-103.598,43.9103],[-103.598,43.9014],[-103.5973,43.9014],[-103.5966,43.9004],[-103.5947,43.9004],[-103.5916,43.8948],[-103.5892,43.8953],[-103.5908,43.8964],[-103.5908,43.8977],[-103.588,43.8977],[-103.588,43.8988],[-103.5862,43.8996],[-103.5869,43.9035],[-103.5882,43.9049],[-103.5855,43.9069],[-103.5852,43.9081],[-103.5859,43.9087]]],[[[-103.5684,43.9036],[-103.5686,43.9037],[-103.5724,43.9007],[-103.5733,43.9012],[-103.577,43.8981],[-103.5761,43.8976],[-103.5768,43.8971],[-103.5774,43.8978],[-103.578,43.8977],[-103.578,43.8975],[-103.5817,43.8951],[-103.5805,43.8937],[-103.583,43.8926],[-103.5819,43.8912],[-103.578,43.8933],[-103.578,43.8944],[-103.5785,43.895],[-103.5762,43.8964],[-103.5765,43.8968],[-103.5761,43.8965],[-103.5753,43.8971],[-103.5677,43.9032],[-103.5684,43.9036]]],[[[-103.9956,43.8941],[-103.9956,43.8979],[-103.9905,43.8979],[-103.9905,43.9015],[-104.0006,43.9015],[-104.0006,43.9105],[-103.9955,43.9105],[-103.9955,43.9269],[-103.9985,43.9269],[-104.0012,43.9293],[-104.001,43.9305],[-104.0049,43.9305],[-104.0056,43.9269],[-104.0056,43.9184],[-104.0086,43.9177],[-104.009,43.9153],[-104.0113,43.9156],[-104.0121,43.9128],[-104.0117,43.9114],[-104.0161,43.9104],[-104.016,43.9071],[-104.0145,43.9068],[-104.0149,43.908],[-104.0148,43.909],[-104.0112,43.91],[-104.01,43.9142],[-104.0035,43.9142],[-104.0022,43.9132],[-104.0022,43.9124],[-104.0056,43.9124],[-104.0056,43.8979],[-104.0006,43.8979],[-104.0005,43.8907],[-103.9955,43.8906],[-103.9956,43.8941]]],[[[-103.5734,43.8941],[-103.5733,43.8905],[-103.5684,43.8904],[-103.5684,43.8941],[-103.5734,43.8941]]],[[[-103.3944,43.8947],[-103.3944,43.8935],[-103.3919,43.8936],[-103.3919,43.8899],[-103.3895,43.89],[-103.3895,43.8918],[-103.382,43.8918],[-103.382,43.8954],[-103.387,43.8954],[-103.387,43.8959],[-103.3867,43.896],[-103.387,43.8964],[-103.387,43.8972],[-103.3894,43.8972],[-103.3894,43.8954],[-103.3944,43.8954],[-103.3944,43.8947]]],[[[-103.6908,43.8906],[-103.689,43.8884],[-103.6873,43.8888],[-103.6875,43.89],[-103.6868,43.8938],[-103.6903,43.8944],[-103.6882,43.8976],[-103.6939,43.8968],[-103.6944,43.8979],[-103.6985,43.9001],[-103.6991,43.9013],[-103.7,43.9013],[-103.6995,43.8993],[-103.6966,43.8979],[-103.6908,43.8906]]],[[[-103.9827,43.8884],[-103.9843,43.8933],[-103.9802,43.8914],[-103.9724,43.8898],[-103.9723,43.8929],[-103.9758,43.894],[-103.9796,43.8927],[-103.9835,43.8945],[-103.9861,43.8949],[-103.9874,43.8922],[-103.9841,43.8883],[-103.9827,43.8884]]],[[[-103.703,43.8906],[-103.7036,43.8942],[-103.6983,43.8941],[-103.6985,43.8949],[-103.7046,43.8957],[-103.7057,43.8983],[-103.7067,43.8981],[-103.7054,43.8957],[-103.7074,43.8957],[-103.7107,43.8985],[-103.7119,43.8968],[-103.7132,43.8984],[-103.7151,43.8976],[-103.7139,43.896],[-103.7139,43.8955],[-103.7135,43.8955],[-103.7095,43.8905],[-103.7075,43.8913],[-103.711,43.8957],[-103.7095,43.896],[-103.7082,43.8937],[-103.7045,43.8942],[-103.7054,43.89],[-103.7074,43.8881],[-103.7118,43.8922],[-103.7134,43.8915],[-103.7076,43.8865],[-103.7027,43.8888],[-103.703,43.8906]]],[[[-103.5434,43.8921],[-103.5434,43.8903],[-103.5491,43.8903],[-103.5534,43.8871],[-103.5533,43.8849],[-103.5484,43.8849],[-103.5484,43.8885],[-103.541,43.8885],[-103.541,43.8921],[-103.5434,43.8921]]],[[[-103.6049,43.8839],[-103.601,43.885],[-103.6013,43.8845],[-103.601,43.8842],[-103.6002,43.8845],[-103.6001,43.8852],[-103.5999,43.8853],[-103.6008,43.887],[-103.6003,43.8882],[-103.6009,43.8892],[-103.6023,43.8886],[-103.6013,43.8854],[-103.6019,43.8852],[-103.6055,43.8853],[-103.6049,43.8839]]],[[[-103.5983,43.8905],[-103.5992,43.887],[-103.5961,43.8856],[-103.5954,43.8836],[-103.5937,43.8837],[-103.5927,43.8866],[-103.5882,43.8897],[-103.5899,43.8902],[-103.5881,43.8925],[-103.5866,43.8932],[-103.5859,43.8954],[-103.5887,43.8927],[-103.5938,43.8942],[-103.5974,43.8938],[-103.5983,43.8905]]],[[[-103.3446,43.885],[-103.3437,43.8833],[-103.3451,43.8869],[-103.3455,43.8868],[-103.3446,43.885]]],[[[-103.643,43.8869],[-103.643,43.8833],[-103.638,43.8833],[-103.638,43.8942],[-103.648,43.8942],[-103.648,43.8905],[-103.643,43.8906],[-103.643,43.8869]]],[[[-103.4132,43.884],[-103.4135,43.8846],[-103.4156,43.8843],[-103.4175,43.8837],[-103.4174,43.8829],[-103.4147,43.8832],[-103.4132,43.884]]],[[[-103.7016,43.8869],[-103.7016,43.8815],[-103.6966,43.8815],[-103.6966,43.8833],[-103.6931,43.8833],[-103.6931,43.8869],[-103.6966,43.8869],[-103.6966,43.8906],[-103.7016,43.8906],[-103.7016,43.8869]]],[[[-103.6843,43.8833],[-103.6841,43.8811],[-103.6819,43.8817],[-103.6824,43.8858],[-103.6861,43.8889],[-103.6882,43.8883],[-103.6845,43.8852],[-103.6843,43.8833]]],[[[-103.3888,43.8887],[-103.3869,43.8857],[-103.3856,43.885],[-103.3859,43.8836],[-103.3851,43.8831],[-103.3839,43.8811],[-103.3826,43.8819],[-103.3832,43.8825],[-103.3829,43.8831],[-103.3877,43.8891],[-103.3888,43.8887]]],[[[-103.4012,43.8833],[-103.3964,43.8811],[-103.3924,43.8801],[-103.3917,43.8807],[-103.3906,43.8804],[-103.3895,43.8828],[-103.3949,43.8842],[-103.3941,43.8858],[-103.3989,43.888],[-103.3997,43.8864],[-103.4027,43.8896],[-103.404,43.8871],[-103.4032,43.886],[-103.4038,43.8853],[-103.4026,43.8839],[-103.4012,43.8833]]],[[[-103.5575,43.8868],[-103.5579,43.8884],[-103.56,43.8878],[-103.5595,43.8855],[-103.5591,43.8846],[-103.5615,43.8839],[-103.5623,43.8855],[-103.5676,43.884],[-103.567,43.8828],[-103.572,43.8808],[-103.5708,43.8785],[-103.5658,43.8805],[-103.5651,43.8793],[-103.563,43.8799],[-103.5639,43.8815],[-103.5586,43.883],[-103.559,43.8837],[-103.5565,43.8844],[-103.5575,43.8868]]],[[[-103.663,43.8833],[-103.663,43.876],[-103.658,43.876],[-103.658,43.8905],[-103.663,43.8905],[-103.663,43.8833]]],[[[-103.9803,43.876],[-103.9803,43.8832],[-103.9853,43.8832],[-103.9853,43.8796],[-103.9903,43.8796],[-103.9903,43.876],[-103.9803,43.876]]],[[[-103.3645,43.8816],[-103.3645,43.8793],[-103.3695,43.8793],[-103.3695,43.8757],[-103.3595,43.8757],[-103.3595,43.8793],[-103.3546,43.8793],[-103.3546,43.8829],[-103.3645,43.8829],[-103.3645,43.8816]]],[[[-103.3506,43.8757],[-103.3469,43.8748],[-103.3462,43.8764],[-103.3511,43.8776],[-103.3518,43.876],[-103.3506,43.8757]]],[[[-103.5787,43.8748],[-103.5797,43.8754],[-103.5803,43.875],[-103.5787,43.8748]]],[[[-103.3645,43.8755],[-103.365,43.8756],[-103.3648,43.874],[-103.3594,43.8729],[-103.3596,43.8744],[-103.3645,43.8755]]],[[[-103.5818,43.8716],[-103.5821,43.872],[-103.5824,43.8718],[-103.5819,43.8715],[-103.5818,43.8716]]],[[[-103.5842,43.8849],[-103.5824,43.8867],[-103.5872,43.8911],[-103.5879,43.891],[-103.5888,43.8903],[-103.5882,43.8898],[-103.587,43.8897],[-103.5865,43.8886],[-103.5852,43.8881],[-103.584,43.8869],[-103.5869,43.8842],[-103.586,43.8827],[-103.5805,43.882],[-103.5802,43.8801],[-103.5781,43.8793],[-103.5775,43.8788],[-103.5788,43.8786],[-103.5794,43.8782],[-103.5794,43.8768],[-103.5786,43.8754],[-103.5784,43.8745],[-103.5787,43.8733],[-103.5812,43.871],[-103.5805,43.8705],[-103.5782,43.8723],[-103.5774,43.8746],[-103.5767,43.8754],[-103.5783,43.8759],[-103.5787,43.8777],[-103.5766,43.8779],[-103.5761,43.8784],[-103.5801,43.8824],[-103.5816,43.8828],[-103.5836,43.883],[-103.5844,43.8834],[-103.5848,43.8842],[-103.5842,43.8849]]],[[[-103.997,43.8724],[-104.0051,43.8834],[-104.0079,43.8834],[-104.0079,43.8819],[-104.0023,43.8765],[-104.0007,43.87],[-103.9965,43.8717],[-103.997,43.8724]]],[[[-103.3946,43.8718],[-103.3946,43.8722],[-103.3968,43.8722],[-103.3968,43.8681],[-103.3945,43.8681],[-103.3946,43.8718]]],[[[-103.5881,43.8693],[-103.5877,43.8697],[-103.5873,43.8695],[-103.5859,43.8682],[-103.5862,43.8681],[-103.5855,43.8674],[-103.583,43.8689],[-103.581,43.8693],[-103.5818,43.87],[-103.5837,43.8695],[-103.5814,43.8708],[-103.5828,43.8721],[-103.583,43.8719],[-103.583,43.8722],[-103.5843,43.8724],[-103.5861,43.8733],[-103.5889,43.8698],[-103.5881,43.8693]]],[[[-103.638,43.8641],[-103.638,43.8615],[-103.6231,43.8615],[-103.623,43.8688],[-103.628,43.8688],[-103.628,43.8652],[-103.638,43.8652],[-103.638,43.8641]]],[[[-103.436,43.913],[-103.4369,43.9126],[-103.4386,43.9143],[-103.4397,43.9158],[-103.4408,43.918],[-103.442,43.9196],[-103.4429,43.9192],[-103.4428,43.9189],[-103.4431,43.9194],[-103.4422,43.9199],[-103.4439,43.9213],[-103.4451,43.9232],[-103.4468,43.9221],[-103.4464,43.9216],[-103.4481,43.9206],[-103.4469,43.9213],[-103.4483,43.9229],[-103.4504,43.9246],[-103.4529,43.923],[-103.457,43.9258],[-103.457,43.9261],[-103.4636,43.9261],[-103.4636,43.9225],[-103.4686,43.9225],[-103.4686,43.9153],[-103.4636,43.9152],[-103.4636,43.9189],[-103.4524,43.9189],[-103.4517,43.9183],[-103.4515,43.9184],[-103.4496,43.917],[-103.4504,43.9164],[-103.4474,43.9137],[-103.4462,43.9146],[-103.442,43.9119],[-103.4425,43.9115],[-103.4415,43.9104],[-103.4423,43.9099],[-103.4404,43.9067],[-103.4397,43.9072],[-103.4381,43.9057],[-103.434,43.9058],[-103.4334,43.9052],[-103.434,43.905],[-103.4314,43.9019],[-103.4303,43.9023],[-103.4302,43.902],[-103.4292,43.9025],[-103.4283,43.9032],[-103.4283,43.9027],[-103.4271,43.9018],[-103.4248,43.8993],[-103.4244,43.8993],[-103.4247,43.8986],[-103.4224,43.8971],[-103.4244,43.8971],[-103.4244,43.896],[-103.4255,43.8936],[-103.426,43.8936],[-103.4293,43.8945],[-103.4294,43.8971],[-103.4433,43.8971],[-103.4422,43.8974],[-103.4423,43.8977],[-103.4389,43.9006],[-103.4387,43.9004],[-103.4376,43.901],[-103.4365,43.8999],[-103.4343,43.9004],[-103.4372,43.9033],[-103.4361,43.9036],[-103.4397,43.9065],[-103.4427,43.9056],[-103.4393,43.9027],[-103.4395,43.9026],[-103.4404,43.9032],[-103.4427,43.9008],[-103.4442,43.9015],[-103.4442,43.9044],[-103.4587,43.9044],[-103.4587,43.908],[-103.4636,43.908],[-103.4637,43.9116],[-103.4686,43.9116],[-103.4686,43.9022],[-103.4587,43.9021],[-103.4587,43.9007],[-103.4541,43.9007],[-103.4542,43.8971],[-103.4492,43.8971],[-103.4492,43.9007],[-103.446,43.9007],[-103.4447,43.8976],[-103.4448,43.8969],[-103.4457,43.8974],[-103.4485,43.8949],[-103.4442,43.8922],[-103.4413,43.8948],[-103.439,43.8938],[-103.4365,43.8943],[-103.4363,43.8937],[-103.4339,43.894],[-103.4322,43.8945],[-103.431,43.8934],[-103.429,43.8943],[-103.4262,43.8933],[-103.4281,43.8906],[-103.4251,43.8895],[-103.4267,43.8896],[-103.4275,43.8899],[-103.4442,43.8898],[-103.4442,43.8871],[-103.4467,43.8871],[-103.4467,43.8862],[-103.4516,43.8862],[-103.4517,43.8898],[-103.4541,43.8898],[-103.4541,43.8917],[-103.4636,43.8918],[-103.4636,43.8864],[-103.4686,43.8864],[-103.4686,43.8756],[-103.4636,43.8756],[-103.4636,43.8683],[-103.4586,43.8683],[-103.4586,43.868],[-103.4442,43.868],[-103.4442,43.8789],[-103.4392,43.879],[-103.4392,43.8826],[-103.4293,43.8826],[-103.4294,43.8808],[-103.4293,43.8753],[-103.4342,43.8753],[-103.4342,43.868],[-103.4392,43.868],[-103.4392,43.8644],[-103.4242,43.8644],[-103.4244,43.8801],[-103.4225,43.8801],[-103.4225,43.8825],[-103.4205,43.8825],[-103.4218,43.8849],[-103.4212,43.8851],[-103.4191,43.8839],[-103.4191,43.882],[-103.4196,43.8816],[-103.416,43.879],[-103.4194,43.879],[-103.4192,43.8608],[-103.4142,43.8608],[-103.4142,43.868],[-103.4092,43.8681],[-103.4093,43.879],[-103.4152,43.879],[-103.414,43.8799],[-103.418,43.8828],[-103.4184,43.8825],[-103.4183,43.8838],[-103.4203,43.8849],[-103.4197,43.8855],[-103.4179,43.8843],[-103.4172,43.8844],[-103.4178,43.8857],[-103.4143,43.8873],[-103.4135,43.8869],[-103.4131,43.8879],[-103.4128,43.8872],[-103.4124,43.8876],[-103.413,43.888],[-103.4133,43.8888],[-103.4125,43.889],[-103.4122,43.8885],[-103.4127,43.8881],[-103.4073,43.8814],[-103.406,43.8825],[-103.4044,43.8796],[-103.4008,43.8815],[-103.4026,43.8839],[-103.4057,43.8873],[-103.4037,43.8881],[-103.4078,43.8909],[-103.4082,43.8908],[-103.4096,43.8922],[-103.4106,43.8928],[-103.4114,43.8939],[-103.4102,43.8942],[-103.41,43.8941],[-103.4092,43.8946],[-103.4107,43.8958],[-103.4126,43.8976],[-103.4145,43.8985],[-103.4131,43.9004],[-103.4135,43.9014],[-103.4127,43.8996],[-103.4082,43.9013],[-103.4049,43.9012],[-103.4035,43.9005],[-103.403,43.9009],[-103.4044,43.9016],[-103.408,43.9021],[-103.4089,43.904],[-103.4096,43.9037],[-103.4119,43.9063],[-103.4136,43.9059],[-103.4163,43.9095],[-103.4204,43.908],[-103.4202,43.9077],[-103.4242,43.9062],[-103.4251,43.9057],[-103.4225,43.9023],[-103.4242,43.9014],[-103.4253,43.9029],[-103.4273,43.9044],[-103.4303,43.9076],[-103.4311,43.9071],[-103.4333,43.9096],[-103.4342,43.9113],[-103.436,43.913]]],[[[-103.9894,43.8591],[-103.9935,43.8617],[-103.997,43.8668],[-103.9999,43.8681],[-104.0005,43.8678],[-103.9955,43.8618],[-103.9944,43.8586],[-103.9904,43.8569],[-103.99,43.857],[-103.9894,43.8591]]],[[[-103.944,43.8609],[-103.9445,43.8592],[-103.946,43.856],[-103.9403,43.86],[-103.9418,43.8613],[-103.944,43.8609]]],[[[-103.9462,43.8559],[-103.9446,43.8592],[-103.9482,43.8592],[-103.951,43.8571],[-103.9541,43.8593],[-103.9571,43.8596],[-103.9576,43.8589],[-103.9516,43.8555],[-103.9462,43.8559]]],[[[-103.5998,43.8715],[-103.6027,43.8679],[-103.602,43.8673],[-103.6056,43.8644],[-103.6084,43.8608],[-103.603,43.8555],[-103.6001,43.8591],[-103.6022,43.8611],[-103.5964,43.8682],[-103.5998,43.8715]]],[[[-103.7717,43.8636],[-103.7698,43.866],[-103.7687,43.8666],[-103.7649,43.8672],[-103.7644,43.8681],[-103.7649,43.8687],[-103.7677,43.8689],[-103.7703,43.8671],[-103.7736,43.8635],[-103.7776,43.8631],[-103.778,43.865],[-103.7798,43.866],[-103.7803,43.8657],[-103.7794,43.8648],[-103.7785,43.8619],[-103.7774,43.8602],[-103.7785,43.8575],[-103.7805,43.8552],[-103.779,43.8555],[-103.7787,43.8552],[-103.7768,43.8552],[-103.7719,43.8611],[-103.7722,43.863],[-103.7717,43.8636]]],[[[-103.3718,43.8732],[-103.3715,43.877],[-103.3726,43.8768],[-103.3726,43.8764],[-103.3737,43.8762],[-103.374,43.8727],[-103.3735,43.8729],[-103.3743,43.8726],[-103.3788,43.8739],[-103.3788,43.8746],[-103.3815,43.874],[-103.3818,43.8782],[-103.3863,43.8783],[-103.3863,43.8773],[-103.387,43.8774],[-103.3901,43.8799],[-103.3911,43.8794],[-103.3937,43.8796],[-103.3955,43.8802],[-103.3957,43.8797],[-103.3934,43.8787],[-103.3927,43.8779],[-103.39,43.8786],[-103.3889,43.878],[-103.3868,43.8762],[-103.3862,43.8761],[-103.3885,43.8761],[-103.3884,43.872],[-103.3861,43.872],[-103.3862,43.87],[-103.3816,43.87],[-103.3839,43.8688],[-103.3895,43.8667],[-103.3915,43.8672],[-103.3929,43.8664],[-103.3935,43.8668],[-103.3962,43.8662],[-103.3963,43.8665],[-103.4018,43.8636],[-103.4014,43.8624],[-103.4001,43.8609],[-103.4043,43.8609],[-103.4043,43.8573],[-103.4092,43.8573],[-103.4092,43.8537],[-103.3993,43.8537],[-103.3993,43.8609],[-103.3989,43.8601],[-103.3976,43.8608],[-103.3966,43.8595],[-103.3942,43.8586],[-103.392,43.8598],[-103.3913,43.8596],[-103.3901,43.8602],[-103.3927,43.8616],[-103.3906,43.8638],[-103.3904,43.8661],[-103.3887,43.866],[-103.3876,43.8668],[-103.3875,43.8667],[-103.3873,43.8626],[-103.3783,43.8627],[-103.3784,43.8668],[-103.3787,43.867],[-103.3753,43.8666],[-103.3749,43.8685],[-103.3738,43.8687],[-103.3739,43.8685],[-103.3728,43.8683],[-103.3714,43.8723],[-103.3725,43.8725],[-103.3725,43.8727],[-103.3688,43.8718],[-103.3648,43.8715],[-103.3616,43.872],[-103.3618,43.8724],[-103.3687,43.8721],[-103.3726,43.873],[-103.3718,43.8732]]],[[[-103.7052,43.8586],[-103.7037,43.8615],[-103.6881,43.8615],[-103.6881,43.8651],[-103.695,43.8651],[-103.6967,43.8681],[-103.6985,43.868],[-103.6967,43.8651],[-103.7067,43.8651],[-103.7067,43.8609],[-103.7086,43.8609],[-103.7091,43.8621],[-103.7123,43.8632],[-103.7131,43.8629],[-103.7135,43.8621],[-103.7103,43.8612],[-103.7099,43.8607],[-103.7105,43.8601],[-103.7099,43.8595],[-103.7081,43.86],[-103.7062,43.8596],[-103.7068,43.8581],[-103.7087,43.8576],[-103.709,43.8571],[-103.7073,43.857],[-103.7076,43.8542],[-103.7068,43.8518],[-103.7058,43.8518],[-103.7062,43.8527],[-103.7059,43.8542],[-103.7067,43.8563],[-103.7061,43.8572],[-103.7039,43.8563],[-103.7032,43.8554],[-103.703,43.8534],[-103.7005,43.854],[-103.7009,43.8542],[-103.7024,43.8565],[-103.7035,43.8573],[-103.7053,43.8579],[-103.7052,43.8586]]],[[[-103.3893,43.8524],[-103.3893,43.8538],[-103.3943,43.8538],[-103.3943,43.8502],[-103.3893,43.8502],[-103.3893,43.8524]]],[[[-103.7446,43.8549],[-103.7425,43.85],[-103.7404,43.8502],[-103.7403,43.8506],[-103.7317,43.8506],[-103.7317,43.854],[-103.7306,43.8542],[-103.7268,43.857],[-103.7268,43.8572],[-103.7283,43.8574],[-103.7339,43.8541],[-103.7367,43.8553],[-103.7367,43.8601],[-103.7421,43.8602],[-103.7421,43.8627],[-103.7418,43.8645],[-103.7429,43.8642],[-103.7428,43.863],[-103.7436,43.861],[-103.7464,43.859],[-103.7446,43.8549]]],[[[-103.7583,43.8469],[-103.7581,43.8545],[-103.7607,43.8545],[-103.7622,43.8511],[-103.7623,43.8459],[-103.7583,43.8459],[-103.7583,43.8469]]],[[[-103.7766,43.8458],[-103.7766,43.855],[-103.7851,43.855],[-103.7856,43.8477],[-103.7766,43.8458]]],[[[-103.6308,43.8555],[-103.6323,43.856],[-103.6346,43.8517],[-103.6352,43.8515],[-103.6352,43.8511],[-103.6358,43.8511],[-103.6359,43.8475],[-103.6337,43.8474],[-103.6335,43.8507],[-103.6329,43.8504],[-103.6319,43.8481],[-103.6347,43.8467],[-103.6354,43.8471],[-103.636,43.8455],[-103.6342,43.8451],[-103.6308,43.8475],[-103.6317,43.851],[-103.6326,43.8515],[-103.6308,43.8555]]],[[[-103.3843,43.843],[-103.3793,43.8431],[-103.3794,43.8449],[-103.3769,43.8449],[-103.3769,43.8476],[-103.3744,43.8476],[-103.3744,43.8485],[-103.3731,43.8485],[-103.3731,43.8494],[-103.3719,43.8494],[-103.3719,43.8503],[-103.3709,43.8503],[-103.3708,43.8498],[-103.3701,43.8496],[-103.3648,43.8435],[-103.3639,43.8442],[-103.365,43.846],[-103.3661,43.8503],[-103.3644,43.8503],[-103.3645,43.8576],[-103.3595,43.8576],[-103.3595,43.8612],[-103.362,43.8612],[-103.362,43.8648],[-103.3695,43.8648],[-103.3695,43.8666],[-103.3745,43.8681],[-103.3745,43.8645],[-103.3695,43.863],[-103.3695,43.8612],[-103.3681,43.8612],[-103.3694,43.858],[-103.3683,43.8577],[-103.3667,43.8612],[-103.367,43.8576],[-103.3745,43.8575],[-103.3744,43.8503],[-103.3794,43.8503],[-103.3794,43.8558],[-103.3844,43.8558],[-103.3843,43.8502],[-103.3868,43.8502],[-103.3868,43.8466],[-103.3843,43.8466],[-103.3843,43.843]]],[[[-103.6719,43.8486],[-103.6715,43.8426],[-103.6709,43.8426],[-103.6704,43.8428],[-103.6709,43.8507],[-103.6721,43.8506],[-103.6719,43.8486]]],[[[-103.3845,43.843],[-103.3893,43.843],[-103.3893,43.8418],[-103.3843,43.8418],[-103.3845,43.843]]],[[[-103.382,43.8373],[-103.3793,43.8373],[-103.3793,43.8394],[-103.3828,43.8394],[-103.3833,43.8381],[-103.3828,43.8376],[-103.382,43.8373]]],[[[-103.3793,43.8372],[-103.3793,43.8372],[-103.3793,43.8372],[-103.3793,43.8372]]],[[[-103.7168,43.8361],[-103.7168,43.8397],[-103.7238,43.8396],[-103.7266,43.8389],[-103.7265,43.8378],[-103.7224,43.8381],[-103.7168,43.8355],[-103.7168,43.8361]]],[[[-103.7447,43.8441],[-103.7443,43.8437],[-103.7409,43.845],[-103.7402,43.8477],[-103.7367,43.847],[-103.7356,43.8461],[-103.7341,43.8455],[-103.7325,43.8443],[-103.7319,43.8415],[-103.7302,43.8397],[-103.7368,43.8397],[-103.7368,43.8361],[-103.7418,43.8361],[-103.7418,43.8325],[-103.7318,43.8325],[-103.7318,43.8361],[-103.7268,43.8361],[-103.7268,43.8397],[-103.7286,43.8397],[-103.7303,43.8415],[-103.7308,43.8429],[-103.7308,43.8458],[-103.7343,43.8472],[-103.7346,43.8478],[-103.7367,43.8483],[-103.7398,43.8484],[-103.7407,43.849],[-103.7413,43.849],[-103.7405,43.8478],[-103.7409,43.8462],[-103.7447,43.8441]]],[[[-103.6881,43.847],[-103.6942,43.8452],[-103.6967,43.8459],[-103.7017,43.8453],[-103.7028,43.8455],[-103.7046,43.8437],[-103.7072,43.8438],[-103.7078,43.8445],[-103.7081,43.8445],[-103.7079,43.843],[-103.711,43.8445],[-103.7112,43.8459],[-103.71,43.848],[-103.7106,43.8489],[-103.7132,43.8491],[-103.7154,43.8479],[-103.7168,43.8475],[-103.7176,43.8477],[-103.7194,43.8452],[-103.7168,43.8452],[-103.7151,43.8458],[-103.7139,43.8456],[-103.7127,43.8447],[-103.7123,43.844],[-103.7139,43.8435],[-103.7133,43.8431],[-103.7109,43.8435],[-103.7092,43.8425],[-103.7077,43.8421],[-103.7067,43.8431],[-103.7017,43.8431],[-103.7012,43.8419],[-103.7024,43.841],[-103.7026,43.8397],[-103.7011,43.8397],[-103.7001,43.8412],[-103.7,43.8423],[-103.7006,43.8425],[-103.7009,43.8434],[-103.6881,43.8433],[-103.6881,43.8361],[-103.6931,43.8361],[-103.6931,43.8324],[-103.6806,43.8324],[-103.6806,43.8361],[-103.6756,43.8361],[-103.6756,43.8397],[-103.6831,43.8397],[-103.6831,43.8433],[-103.6782,43.8433],[-103.6782,43.8469],[-103.6732,43.8469],[-103.6731,43.8506],[-103.6808,43.8506],[-103.681,43.853],[-103.6781,43.8554],[-103.6796,43.8554],[-103.6802,43.8551],[-103.6804,43.8554],[-103.6813,43.8554],[-103.6811,43.8545],[-103.6829,43.8534],[-103.6837,43.8542],[-103.6843,43.8542],[-103.6849,43.8554],[-103.6866,43.8554],[-103.686,43.8535],[-103.6871,43.8515],[-103.6867,43.8506],[-103.6881,43.8506],[-103.6881,43.847]]],[[[-103.7647,43.8316],[-103.7629,43.8316],[-103.7595,43.838],[-103.7583,43.8458],[-103.7623,43.8457],[-103.7621,43.8428],[-103.765,43.8394],[-103.7637,43.8362],[-103.7657,43.8316],[-103.7647,43.8316]]],[[[-103.7874,43.8423],[-103.7979,43.8299],[-103.7968,43.8293],[-103.7948,43.8306],[-103.7915,43.8363],[-103.7869,43.8384],[-103.7849,43.8413],[-103.7874,43.8423]]],[[[-103.8759,43.8288],[-103.8714,43.8307],[-103.8714,43.8289],[-103.8664,43.8289],[-103.8664,43.8325],[-103.8689,43.8325],[-103.8689,43.8343],[-103.8639,43.8343],[-103.8638,43.8397],[-103.8663,43.8397],[-103.8663,43.8416],[-103.8714,43.8416],[-103.8714,43.8397],[-103.8739,43.8397],[-103.8739,43.8361],[-103.8758,43.8361],[-103.8798,43.8402],[-103.8823,43.839],[-103.8805,43.829],[-103.8759,43.8288]]],[[[-103.7152,43.8325],[-103.7124,43.8286],[-103.7073,43.8254],[-103.7066,43.8272],[-103.7124,43.8329],[-103.7151,43.8385],[-103.7165,43.8386],[-103.7165,43.8344],[-103.7152,43.8325]]],[[[-103.6768,43.8324],[-103.6767,43.8321],[-103.6781,43.8319],[-103.686,43.8324],[-103.6859,43.8316],[-103.6845,43.8311],[-103.6851,43.8297],[-103.6731,43.8252],[-103.6706,43.8265],[-103.6699,43.8274],[-103.6731,43.8287],[-103.6732,43.8297],[-103.6769,43.833],[-103.6768,43.8324]]],[[[-103.7517,43.8265],[-103.7475,43.8233],[-103.7368,43.8242],[-103.7321,43.8224],[-103.7321,43.8232],[-103.7343,43.8261],[-103.7353,43.8254],[-103.738,43.826],[-103.739,43.8285],[-103.7514,43.8286],[-103.7517,43.8265]]],[[[-103.722,43.8252],[-103.724,43.8282],[-103.7229,43.8299],[-103.7232,43.8305],[-103.7255,43.8304],[-103.7262,43.829],[-103.7284,43.8287],[-103.7305,43.8307],[-103.7314,43.8304],[-103.7301,43.8286],[-103.7287,43.8278],[-103.7268,43.8252],[-103.7234,43.8224],[-103.7226,43.8227],[-103.728,43.8284],[-103.7262,43.8288],[-103.7218,43.8231],[-103.7209,43.8235],[-103.722,43.8252]]],[[[-103.8073,43.8171],[-103.8055,43.8166],[-103.8037,43.8237],[-103.7994,43.8252],[-103.7978,43.8261],[-103.7968,43.8293],[-103.798,43.8298],[-103.7995,43.8278],[-103.8034,43.8276],[-103.8061,43.8252],[-103.8073,43.8171]]],[[[-103.6192,43.819],[-103.6205,43.8194],[-103.6213,43.8178],[-103.6159,43.8164],[-103.6151,43.818],[-103.6192,43.819]]],[[[-103.6802,43.8252],[-103.687,43.8252],[-103.6909,43.8198],[-103.6855,43.8156],[-103.6857,43.8147],[-103.6833,43.8153],[-103.6788,43.8242],[-103.6802,43.8252]]],[[[-103.7564,43.8216],[-103.7537,43.8247],[-103.7557,43.8261],[-103.7702,43.8206],[-103.7661,43.8148],[-103.7669,43.8128],[-103.765,43.8122],[-103.7629,43.816],[-103.7636,43.8204],[-103.7613,43.8219],[-103.7579,43.8198],[-103.7564,43.8216]]],[[[-103.6135,43.8141],[-103.6167,43.8149],[-103.6174,43.8133],[-103.6121,43.812],[-103.6113,43.8135],[-103.6135,43.8141]]],[[[-103.8233,43.8109],[-103.8163,43.814],[-103.8056,43.8111],[-103.806,43.8132],[-103.8056,43.8164],[-103.8076,43.817],[-103.8083,43.8126],[-103.8126,43.8141],[-103.8128,43.8224],[-103.8156,43.822],[-103.8133,43.8161],[-103.8163,43.8153],[-103.8191,43.8192],[-103.8238,43.8217],[-103.8254,43.8204],[-103.8207,43.8186],[-103.8221,43.8131],[-103.8243,43.8117],[-103.8233,43.8109]]],[[[-103.7221,43.8183],[-103.7167,43.8139],[-103.7132,43.8098],[-103.7114,43.81],[-103.7115,43.8107],[-103.7101,43.8107],[-103.7088,43.8126],[-103.7037,43.8134],[-103.7072,43.8156],[-103.7072,43.8168],[-103.7056,43.8176],[-103.706,43.8181],[-103.708,43.8184],[-103.7092,43.8196],[-103.7056,43.8252],[-103.708,43.8252],[-103.7102,43.823],[-103.7104,43.8213],[-103.713,43.8229],[-103.7167,43.8199],[-103.7184,43.821],[-103.7223,43.8224],[-103.7239,43.8213],[-103.7262,43.822],[-103.727,43.8209],[-103.7221,43.8183]]],[[[-104.0217,43.8093],[-104.0221,43.8117],[-104.0218,43.8142],[-104.019,43.816],[-104.0153,43.8164],[-104.0152,43.819],[-104.0173,43.8199],[-104.0152,43.8253],[-104.0152,43.8276],[-104.0143,43.8276],[-104.0196,43.83],[-104.0202,43.8337],[-104.0197,43.837],[-104.0211,43.8382],[-104.0206,43.8397],[-104.021,43.8408],[-104.0223,43.8404],[-104.0228,43.8416],[-104.0248,43.8417],[-104.0215,43.8365],[-104.0223,43.8342],[-104.0215,43.832],[-104.0229,43.8286],[-104.0211,43.8272],[-104.0198,43.8281],[-104.017,43.8278],[-104.0188,43.8204],[-104.0179,43.8177],[-104.0235,43.8151],[-104.0237,43.8121],[-104.0264,43.8108],[-104.0276,43.8097],[-104.0247,43.8085],[-104.0217,43.8093]]],[[[-103.9604,43.8072],[-103.9603,43.8108],[-103.9653,43.8108],[-103.9653,43.8072],[-103.9604,43.8072]]],[[[-103.6912,43.8108],[-103.6951,43.8084],[-103.6947,43.808],[-103.6914,43.8099],[-103.6902,43.8112],[-103.6863,43.8101],[-103.6867,43.8098],[-103.6859,43.8093],[-103.686,43.8087],[-103.6805,43.8057],[-103.6769,43.8058],[-103.6769,43.8076],[-103.6795,43.8075],[-103.6833,43.8095],[-103.6832,43.8107],[-103.6857,43.8107],[-103.6858,43.8101],[-103.6885,43.8118],[-103.6891,43.8161],[-103.6923,43.8185],[-103.6929,43.8182],[-103.6945,43.8147],[-103.6912,43.8108]]],[[[-103.7901,43.8057],[-103.7906,43.8062],[-103.795,43.8052],[-103.7952,43.8076],[-103.7855,43.8143],[-103.7866,43.8143],[-103.7933,43.8099],[-103.7999,43.8117],[-103.7965,43.8178],[-103.8001,43.8178],[-103.8001,43.8121],[-103.8055,43.8124],[-103.8055,43.811],[-103.8008,43.8094],[-103.7966,43.8106],[-103.7951,43.8045],[-103.7956,43.8042],[-103.7954,43.8038],[-103.7888,43.8041],[-103.7886,43.8045],[-103.7901,43.8057]]],[[[-103.672,43.8173],[-103.6702,43.8143],[-103.6701,43.8075],[-103.6729,43.8036],[-103.6719,43.8035],[-103.6719,43.8046],[-103.6695,43.807],[-103.6687,43.8035],[-103.6657,43.8038],[-103.6666,43.8048],[-103.6658,43.8061],[-103.6643,43.8065],[-103.6642,43.8072],[-103.6666,43.8068],[-103.667,43.8083],[-103.6652,43.8101],[-103.6626,43.8093],[-103.6627,43.8102],[-103.6634,43.8105],[-103.6636,43.8116],[-103.663,43.8135],[-103.6618,43.8157],[-103.6624,43.8157],[-103.6632,43.814],[-103.6651,43.814],[-103.6645,43.8121],[-103.6653,43.8106],[-103.6658,43.8105],[-103.668,43.8171],[-103.6702,43.8165],[-103.671,43.8175],[-103.672,43.8173]]],[[[-103.6846,43.8034],[-103.6873,43.8046],[-103.689,43.8037],[-103.691,43.8041],[-103.6904,43.8026],[-103.6871,43.8038],[-103.6841,43.8026],[-103.6832,43.8017],[-103.6841,43.8033],[-103.6846,43.8034]]],[[[-103.926,43.8013],[-103.9247,43.8002],[-103.9217,43.8009],[-103.9145,43.8035],[-103.9199,43.8079],[-103.9252,43.8073],[-103.9262,43.8042],[-103.9317,43.8056],[-103.9325,43.8032],[-103.9269,43.802],[-103.926,43.8013]]],[[[-103.7005,43.7998],[-103.7005,43.8034],[-103.7017,43.8034],[-103.7017,43.8071],[-103.7067,43.8071],[-103.7067,43.7998],[-103.7005,43.7998]]],[[[-103.7141,43.8069],[-103.717,43.8077],[-103.7177,43.8073],[-103.7196,43.8088],[-103.722,43.8099],[-103.7224,43.8096],[-103.7233,43.8112],[-103.7273,43.8121],[-103.7287,43.8132],[-103.7288,43.8144],[-103.7296,43.8148],[-103.7311,43.815],[-103.7324,43.8164],[-103.7333,43.8181],[-103.7338,43.818],[-103.7324,43.8151],[-103.7305,43.8138],[-103.7308,43.8122],[-103.7259,43.8111],[-103.7251,43.8107],[-103.7259,43.8098],[-103.7236,43.8088],[-103.7245,43.8082],[-103.7221,43.8072],[-103.7208,43.8054],[-103.7175,43.803],[-103.7185,43.8014],[-103.7179,43.7998],[-103.7201,43.7997],[-103.7213,43.8019],[-103.7218,43.8017],[-103.7207,43.7994],[-103.7217,43.7978],[-103.7201,43.7973],[-103.7198,43.7986],[-103.7166,43.7989],[-103.7161,43.7995],[-103.7156,43.8019],[-103.7126,43.8025],[-103.7131,43.8038],[-103.7113,43.8052],[-103.7141,43.8069]]],[[[-104.0061,43.7974],[-104.0072,43.7965],[-103.9997,43.7978],[-103.999,43.8003],[-104.0043,43.8019],[-104.0037,43.8046],[-104.0071,43.8038],[-104.0067,43.802],[-104.0034,43.8005],[-104.0014,43.7999],[-104.0002,43.7985],[-104.0029,43.7976],[-104.0061,43.7974]]],[[[-104.0074,43.7965],[-104.0063,43.7974],[-104.0101,43.7972],[-104.0121,43.7978],[-104.0138,43.7968],[-104.014,43.7964],[-104.0074,43.7965]]],[[[-104.0141,43.7964],[-104.0139,43.7969],[-104.0121,43.7979],[-104.0101,43.7973],[-104.0029,43.7977],[-104.0003,43.7985],[-104.0015,43.7998],[-104.0034,43.8004],[-104.0068,43.8019],[-104.0072,43.8037],[-104.007,43.8019],[-104.0009,43.7991],[-104.0133,43.7986],[-104.0149,43.7973],[-104.0149,43.7963],[-104.0141,43.7964]]],[[[-103.6932,43.7989],[-103.6932,43.7949],[-103.6909,43.7949],[-103.6905,43.7954],[-103.6909,43.7956],[-103.6909,43.799],[-103.6932,43.799],[-103.6932,43.7989]]],[[[-103.5671,43.7984],[-103.567,43.7987],[-103.5673,43.7987],[-103.5694,43.803],[-103.5698,43.803],[-103.5696,43.7993],[-103.5685,43.7981],[-103.5686,43.7964],[-103.5677,43.7949],[-103.567,43.7952],[-103.5668,43.7973],[-103.5671,43.7984]]],[[[-103.5056,43.7952],[-103.5044,43.7944],[-103.5032,43.7957],[-103.5051,43.7962],[-103.5056,43.7952]]],[[[-103.6055,43.8244],[-103.6055,43.8228],[-103.6043,43.8212],[-103.6054,43.8209],[-103.6083,43.8233],[-103.6087,43.8231],[-103.6075,43.8212],[-103.6105,43.8207],[-103.6105,43.8203],[-103.6068,43.8201],[-103.6048,43.8193],[-103.6036,43.8181],[-103.6037,43.8157],[-103.6059,43.8164],[-103.6062,43.8161],[-103.6035,43.8144],[-103.6037,43.8107],[-103.5982,43.8108],[-103.5982,43.8006],[-103.594,43.8002],[-103.592,43.7992],[-103.5915,43.7987],[-103.5905,43.7963],[-103.5912,43.7953],[-103.5921,43.7946],[-103.5904,43.7943],[-103.5895,43.7954],[-103.5883,43.7958],[-103.5827,43.7955],[-103.5803,43.796],[-103.5794,43.7968],[-103.5837,43.7958],[-103.5861,43.7961],[-103.588,43.7967],[-103.5896,43.7983],[-103.5894,43.7991],[-103.5901,43.8013],[-103.591,43.8021],[-103.5911,43.8033],[-103.59,43.8039],[-103.5917,43.8068],[-103.5909,43.8087],[-103.595,43.8084],[-103.595,43.8108],[-103.5931,43.8108],[-103.5929,43.8123],[-103.5926,43.813],[-103.5927,43.8144],[-103.5931,43.8144],[-103.5931,43.8181],[-103.5981,43.8181],[-103.5981,43.8222],[-103.5968,43.8224],[-103.5975,43.8243],[-103.5981,43.8245],[-103.5984,43.8239],[-103.6003,43.8242],[-103.5997,43.8253],[-103.6057,43.8253],[-103.6055,43.8244]]],[[[-103.6992,43.7975],[-103.6993,43.798],[-103.7015,43.7978],[-103.7008,43.7937],[-103.6985,43.7939],[-103.6992,43.7975]]],[[[-103.5569,43.7972],[-103.5606,43.7995],[-103.5602,43.8001],[-103.5608,43.8004],[-103.5619,43.7995],[-103.5624,43.7998],[-103.5647,43.8029],[-103.5635,43.803],[-103.5645,43.8058],[-103.5658,43.8057],[-103.5651,43.8029],[-103.5651,43.8017],[-103.563,43.7996],[-103.5635,43.7988],[-103.5631,43.7964],[-103.5621,43.7936],[-103.5608,43.7927],[-103.5623,43.7913],[-103.5604,43.7905],[-103.5569,43.7924],[-103.5569,43.7972]]],[[[-103.6029,43.7924],[-103.5982,43.7901],[-103.5976,43.7908],[-103.6021,43.793],[-103.6029,43.7924]]],[[[-103.5497,43.7921],[-103.55,43.7922],[-103.5525,43.7901],[-103.5557,43.7905],[-103.5539,43.7941],[-103.5525,43.7934],[-103.5496,43.7954],[-103.5499,43.7956],[-103.5524,43.795],[-103.5522,43.7979],[-103.5525,43.7979],[-103.5555,43.7931],[-103.5596,43.7907],[-103.5505,43.7884],[-103.5497,43.7921]]],[[[-103.7918,43.7872],[-103.79,43.7869],[-103.7882,43.7895],[-103.7823,43.7934],[-103.7807,43.7961],[-103.7768,43.7962],[-103.7768,43.7998],[-103.7835,43.7998],[-103.7837,43.8006],[-103.7829,43.8029],[-103.7841,43.8035],[-103.7864,43.8005],[-103.7835,43.7947],[-103.7843,43.7933],[-103.7888,43.7903],[-103.796,43.7889],[-103.7968,43.789],[-103.7968,43.7881],[-103.7918,43.7872]]],[[[-103.9701,43.7865],[-103.9724,43.7872],[-103.9739,43.7849],[-103.9708,43.7837],[-103.9697,43.7843],[-103.9701,43.7865]]],[[[-103.9851,43.7833],[-103.974,43.785],[-103.9725,43.7872],[-103.976,43.7882],[-103.9857,43.7877],[-103.9863,43.7832],[-103.9851,43.7833]]],[[[-103.6714,43.794],[-103.67,43.7908],[-103.667,43.7885],[-103.6674,43.7855],[-103.6631,43.7826],[-103.6625,43.7828],[-103.6642,43.7868],[-103.6635,43.7879],[-103.6617,43.789],[-103.6601,43.7893],[-103.659,43.7883],[-103.6587,43.7885],[-103.6594,43.7895],[-103.6582,43.7895],[-103.6582,43.7904],[-103.6606,43.7909],[-103.6639,43.7928],[-103.6661,43.7921],[-103.6668,43.7914],[-103.6682,43.7943],[-103.6715,43.7943],[-103.6714,43.794]]],[[[-103.6211,43.7972],[-103.6226,43.7968],[-103.6231,43.7924],[-103.6228,43.7903],[-103.6223,43.7895],[-103.6234,43.7895],[-103.6232,43.7903],[-103.627,43.7899],[-103.6248,43.7853],[-103.6253,43.7849],[-103.6234,43.7841],[-103.6218,43.7818],[-103.6193,43.7818],[-103.617,43.783],[-103.6174,43.7833],[-103.6191,43.7828],[-103.621,43.785],[-103.62,43.7853],[-103.6201,43.7854],[-103.6178,43.7855],[-103.6162,43.7845],[-103.6172,43.7835],[-103.6167,43.7831],[-103.6132,43.7855],[-103.6129,43.7874],[-103.6157,43.7895],[-103.617,43.7888],[-103.6145,43.7868],[-103.6143,43.7854],[-103.6155,43.7847],[-103.6183,43.7871],[-103.6203,43.7882],[-103.6196,43.7892],[-103.6197,43.7955],[-103.621,43.7964],[-103.6211,43.7972]]],[[[-103.5135,43.7926],[-103.5132,43.7923],[-103.5122,43.7929],[-103.5113,43.7953],[-103.5099,43.7962],[-103.5107,43.7969],[-103.513,43.7963],[-103.5151,43.7978],[-103.5141,43.7983],[-103.5108,43.8038],[-103.5135,43.8037],[-103.5129,43.801],[-103.5155,43.798],[-103.5174,43.7989],[-103.5172,43.8005],[-103.5231,43.8023],[-103.5219,43.804],[-103.5237,43.8064],[-103.525,43.8064],[-103.523,43.8037],[-103.5247,43.8029],[-103.5199,43.7999],[-103.5235,43.7999],[-103.5235,43.789],[-103.5185,43.789],[-103.5186,43.7818],[-103.5085,43.7818],[-103.5085,43.789],[-103.5135,43.789],[-103.5135,43.7926]]],[[[-103.6808,43.7818],[-103.6822,43.7828],[-103.6828,43.7842],[-103.6825,43.7868],[-103.6832,43.7868],[-103.6835,43.7896],[-103.686,43.792],[-103.6863,43.7918],[-103.6843,43.7896],[-103.6845,43.7885],[-103.6836,43.7866],[-103.6853,43.7865],[-103.6874,43.7882],[-103.688,43.7882],[-103.6894,43.789],[-103.6896,43.7888],[-103.6867,43.7869],[-103.6874,43.7865],[-103.6895,43.7869],[-103.6895,43.7864],[-103.6881,43.7861],[-103.6856,43.7864],[-103.6835,43.7854],[-103.6827,43.7826],[-103.6816,43.7817],[-103.6808,43.7818]]],[[[-103.634,43.8449],[-103.6362,43.8452],[-103.6374,43.8429],[-103.6381,43.84],[-103.639,43.838],[-103.639,43.8342],[-103.6399,43.8328],[-103.6399,43.8307],[-103.6435,43.8308],[-103.6437,43.8286],[-103.6453,43.8277],[-103.6461,43.8292],[-103.6467,43.8291],[-103.6472,43.8309],[-103.6483,43.8307],[-103.6488,43.8324],[-103.6543,43.8316],[-103.655,43.834],[-103.6572,43.8337],[-103.6553,43.8268],[-103.6531,43.8271],[-103.6511,43.8198],[-103.6497,43.8161],[-103.6539,43.8133],[-103.6539,43.8108],[-103.6582,43.8108],[-103.6582,43.8036],[-103.6592,43.804],[-103.6588,43.8005],[-103.6606,43.7983],[-103.6607,43.7965],[-103.6635,43.797],[-103.666,43.8036],[-103.6668,43.8035],[-103.6647,43.7972],[-103.6687,43.7996],[-103.6729,43.8035],[-103.676,43.8034],[-103.676,43.8042],[-103.6772,43.8042],[-103.6772,43.8034],[-103.6783,43.8034],[-103.6783,43.802],[-103.6803,43.8034],[-103.6809,43.8031],[-103.68,43.8018],[-103.6811,43.8003],[-103.6838,43.8031],[-103.6825,43.8008],[-103.684,43.7979],[-103.6882,43.7979],[-103.6883,43.7977],[-103.6839,43.7963],[-103.6816,43.7998],[-103.6782,43.7995],[-103.6782,43.7944],[-103.6682,43.7945],[-103.6682,43.7963],[-103.6655,43.7963],[-103.6604,43.7948],[-103.6566,43.7898],[-103.6572,43.7891],[-103.6582,43.7891],[-103.6582,43.7878],[-103.6571,43.7867],[-103.6553,43.7876],[-103.6517,43.784],[-103.6517,43.7824],[-103.646,43.7825],[-103.6449,43.7811],[-103.6352,43.7854],[-103.6369,43.7874],[-103.6357,43.7871],[-103.6321,43.7949],[-103.6342,43.7954],[-103.6339,43.7963],[-103.6332,43.7963],[-103.6332,43.8036],[-103.6301,43.8036],[-103.6276,43.7996],[-103.6257,43.8002],[-103.628,43.8039],[-103.6291,43.8036],[-103.6313,43.8074],[-103.632,43.8072],[-103.632,43.8086],[-103.63,43.8078],[-103.6253,43.8077],[-103.6218,43.8044],[-103.6209,43.8024],[-103.6227,43.8018],[-103.6214,43.7987],[-103.6226,43.7969],[-103.6214,43.7973],[-103.6176,43.7998],[-103.6165,43.804],[-103.6154,43.8047],[-103.6167,43.8069],[-103.6182,43.8083],[-103.6188,43.808],[-103.6182,43.8069],[-103.6182,43.8058],[-103.6195,43.8057],[-103.6224,43.8075],[-103.6214,43.8081],[-103.6214,43.8108],[-103.6219,43.8111],[-103.6225,43.8108],[-103.6223,43.8084],[-103.623,43.8079],[-103.6262,43.8098],[-103.6265,43.8114],[-103.6263,43.8127],[-103.6251,43.8137],[-103.6256,43.8151],[-103.6262,43.8151],[-103.6269,43.8128],[-103.6274,43.8126],[-103.6278,43.8131],[-103.6277,43.8143],[-103.6289,43.815],[-103.6268,43.8162],[-103.627,43.8176],[-103.6261,43.8189],[-103.6266,43.8191],[-103.6265,43.8193],[-103.6258,43.8209],[-103.6245,43.8205],[-103.6206,43.824],[-103.6228,43.8253],[-103.6181,43.8253],[-103.618,43.8341],[-103.6168,43.8343],[-103.6173,43.8356],[-103.618,43.8356],[-103.6182,43.8398],[-103.6378,43.8398],[-103.6372,43.8426],[-103.634,43.8449]]],[[[-103.7069,43.7928],[-103.706,43.7949],[-103.7048,43.7962],[-103.7048,43.7973],[-103.7056,43.7978],[-103.7079,43.7962],[-103.7122,43.7962],[-103.7107,43.7977],[-103.7125,43.7975],[-103.7135,43.7962],[-103.7166,43.7962],[-103.719,43.7971],[-103.7219,43.7974],[-103.718,43.7942],[-103.7184,43.7894],[-103.7214,43.7873],[-103.7275,43.7924],[-103.7274,43.7941],[-103.7297,43.7941],[-103.7291,43.7923],[-103.7258,43.7887],[-103.7232,43.7852],[-103.7214,43.7813],[-103.7251,43.7802],[-103.7285,43.7824],[-103.7297,43.7819],[-103.7289,43.7817],[-103.7254,43.7797],[-103.7193,43.7805],[-103.7191,43.7825],[-103.7207,43.7826],[-103.724,43.788],[-103.7234,43.7882],[-103.7214,43.7863],[-103.7167,43.7884],[-103.7163,43.7897],[-103.7117,43.7928],[-103.7069,43.7928]]],[[[-103.7289,43.7816],[-103.7294,43.7816],[-103.7263,43.7795],[-103.7255,43.7796],[-103.7289,43.7816]]],[[[-103.6032,43.7854],[-103.6034,43.7849],[-103.6024,43.784],[-103.6031,43.7817],[-103.6055,43.7826],[-103.6074,43.7824],[-103.6065,43.7833],[-103.6117,43.7849],[-103.6109,43.7827],[-103.6103,43.7824],[-103.6088,43.7836],[-103.6089,43.7817],[-103.6085,43.7815],[-103.6082,43.7817],[-103.6054,43.7822],[-103.6031,43.7815],[-103.6045,43.779],[-103.6036,43.7787],[-103.6035,43.7798],[-103.6024,43.7804],[-103.6016,43.7837],[-103.5993,43.7847],[-103.5983,43.7871],[-103.5993,43.7872],[-103.6014,43.7868],[-103.603,43.7857],[-103.6032,43.7854]]],[[[-103.6816,43.7817],[-103.6832,43.7817],[-103.6832,43.7745],[-103.6732,43.7745],[-103.6732,43.7788],[-103.6722,43.7791],[-103.6714,43.7805],[-103.6728,43.7812],[-103.6722,43.7836],[-103.6718,43.7841],[-103.6731,43.7842],[-103.6738,43.7851],[-103.673,43.7864],[-103.6766,43.788],[-103.6763,43.7887],[-103.6764,43.7896],[-103.6782,43.7909],[-103.6805,43.793],[-103.6814,43.7919],[-103.6776,43.7897],[-103.6778,43.7885],[-103.6766,43.7871],[-103.6752,43.7865],[-103.6745,43.7858],[-103.6732,43.7835],[-103.6732,43.7818],[-103.6816,43.7817]]],[[[-103.7237,43.7672],[-103.7238,43.77],[-103.7284,43.7702],[-103.7275,43.7661],[-103.7237,43.766],[-103.7237,43.7672]]],[[[-103.6786,43.7689],[-103.6806,43.768],[-103.6779,43.7647],[-103.6759,43.7655],[-103.6786,43.7689]]],[[[-103.6407,43.7731],[-103.6406,43.7721],[-103.6397,43.7712],[-103.6394,43.77],[-103.6391,43.7678],[-103.6397,43.7671],[-103.6415,43.7676],[-103.642,43.7691],[-103.6451,43.7709],[-103.6447,43.772],[-103.6474,43.7721],[-103.6477,43.7702],[-103.6469,43.7677],[-103.6464,43.7678],[-103.6462,43.7691],[-103.6454,43.771],[-103.6438,43.77],[-103.6404,43.7663],[-103.6408,43.7651],[-103.6413,43.7646],[-103.6407,43.7644],[-103.6398,43.7668],[-103.6389,43.7668],[-103.6389,43.769],[-103.6385,43.7704],[-103.6393,43.7708],[-103.6397,43.7724],[-103.6392,43.7731],[-103.64,43.7738],[-103.6408,43.7736],[-103.6407,43.7731]]],[[[-103.6867,43.7745],[-103.6874,43.7759],[-103.6896,43.7756],[-103.6867,43.7724],[-103.6832,43.7733],[-103.6826,43.773],[-103.683,43.7708],[-103.6847,43.7706],[-103.6876,43.7686],[-103.6891,43.7682],[-103.6912,43.7685],[-103.6904,43.7672],[-103.6905,43.7652],[-103.6898,43.7631],[-103.6887,43.763],[-103.6881,43.7637],[-103.6855,43.7639],[-103.6853,43.7655],[-103.6846,43.7661],[-103.6792,43.7661],[-103.6802,43.7667],[-103.6823,43.7669],[-103.6846,43.7666],[-103.6863,43.7689],[-103.6841,43.7703],[-103.6832,43.7703],[-103.6791,43.7688],[-103.6771,43.7693],[-103.6746,43.7717],[-103.6727,43.7714],[-103.6726,43.7717],[-103.6746,43.7722],[-103.6735,43.7744],[-103.6758,43.7744],[-103.6772,43.771],[-103.6782,43.7706],[-103.6792,43.7706],[-103.6807,43.7715],[-103.6798,43.7726],[-103.68,43.7738],[-103.6825,43.7736],[-103.6834,43.7744],[-103.6863,43.7734],[-103.6867,43.7745]]],[[[-103.6467,43.7818],[-103.6505,43.78],[-103.6538,43.7833],[-103.6575,43.7814],[-103.6542,43.7781],[-103.656,43.7771],[-103.6575,43.7786],[-103.6596,43.778],[-103.6564,43.7746],[-103.6572,43.7744],[-103.6563,43.7731],[-103.6563,43.7716],[-103.6552,43.7688],[-103.6582,43.7689],[-103.6594,43.7682],[-103.6599,43.7682],[-103.6608,43.7691],[-103.6627,43.7684],[-103.665,43.7688],[-103.6672,43.7676],[-103.6689,43.7675],[-103.6713,43.7666],[-103.6701,43.7655],[-103.6689,43.7654],[-103.6679,43.766],[-103.6683,43.7656],[-103.6636,43.7638],[-103.6629,43.7644],[-103.6675,43.7662],[-103.6662,43.767],[-103.665,43.7672],[-103.6614,43.7672],[-103.6582,43.7661],[-103.6573,43.766],[-103.6557,43.7649],[-103.6548,43.7639],[-103.6573,43.7627],[-103.6532,43.7586],[-103.6514,43.7583],[-103.651,43.7599],[-103.6479,43.7604],[-103.6499,43.7618],[-103.6496,43.7625],[-103.6478,43.7646],[-103.6474,43.7658],[-103.6482,43.7672],[-103.6501,43.7672],[-103.6524,43.7663],[-103.6518,43.7651],[-103.6509,43.7647],[-103.6506,43.7633],[-103.6508,43.7624],[-103.6538,43.7644],[-103.6556,43.7664],[-103.6533,43.7662],[-103.6514,43.7673],[-103.6524,43.7683],[-103.6538,43.7687],[-103.6551,43.7707],[-103.6554,43.7729],[-103.6549,43.7738],[-103.6558,43.7748],[-103.6543,43.7753],[-103.654,43.775],[-103.6542,43.7749],[-103.6529,43.7737],[-103.649,43.7757],[-103.6457,43.7723],[-103.6446,43.7729],[-103.6448,43.7737],[-103.6443,43.7738],[-103.645,43.7745],[-103.6455,43.7775],[-103.6446,43.7781],[-103.6467,43.7818]]],[[[-103.6395,43.7617],[-103.6415,43.7607],[-103.6419,43.7608],[-103.6423,43.7601],[-103.6445,43.7593],[-103.6451,43.7584],[-103.6409,43.7578],[-103.6404,43.7588],[-103.6403,43.7605],[-103.6395,43.7617]]],[[[-103.7518,43.7619],[-103.7477,43.763],[-103.7445,43.7626],[-103.7445,43.7642],[-103.7499,43.7656],[-103.7568,43.7633],[-103.7601,43.7625],[-103.7612,43.759],[-103.7609,43.756],[-103.7593,43.756],[-103.759,43.759],[-103.7568,43.7605],[-103.7518,43.7619]]],[[[-103.7018,43.76],[-103.7018,43.7564],[-103.6932,43.7564],[-103.6932,43.7528],[-103.6882,43.7528],[-103.6882,43.76],[-103.7018,43.76]]],[[[-103.6482,43.7574],[-103.6504,43.7582],[-103.6586,43.7539],[-103.6627,43.7501],[-103.6623,43.7498],[-103.6599,43.7511],[-103.6582,43.7531],[-103.6569,43.7531],[-103.6551,43.7528],[-103.6563,43.7515],[-103.6556,43.7512],[-103.6526,43.7533],[-103.6519,43.7546],[-103.6512,43.7548],[-103.6485,43.7533],[-103.6463,43.7538],[-103.647,43.7554],[-103.6459,43.7567],[-103.6482,43.7574]]],[[[-103.7182,43.7467],[-103.7185,43.7483],[-103.7213,43.7482],[-103.7216,43.7474],[-103.7237,43.7472],[-103.7237,43.7464],[-103.7242,43.7464],[-103.7241,43.7456],[-103.7184,43.7459],[-103.7185,43.7467],[-103.7182,43.7467]]],[[[-103.715,43.7467],[-103.7161,43.747],[-103.7204,43.7445],[-103.7169,43.7413],[-103.7121,43.744],[-103.715,43.7467]]],[[[-103.736,43.7527],[-103.738,43.7661],[-103.7368,43.7661],[-103.7291,43.7633],[-103.7273,43.7652],[-103.7292,43.7672],[-103.7311,43.7699],[-103.7347,43.771],[-103.7357,43.7745],[-103.7368,43.7745],[-103.7368,43.7781],[-103.735,43.7781],[-103.7349,43.7799],[-103.7297,43.7781],[-103.7301,43.7799],[-103.7349,43.7854],[-103.736,43.7849],[-103.733,43.7817],[-103.7349,43.7817],[-103.7372,43.7853],[-103.7403,43.7842],[-103.7417,43.7852],[-103.7403,43.7889],[-103.739,43.791],[-103.741,43.7905],[-103.7433,43.7962],[-103.7426,43.7967],[-103.745,43.7966],[-103.7478,43.7984],[-103.7497,43.7986],[-103.7524,43.801],[-103.7536,43.8008],[-103.7495,43.7962],[-103.7446,43.7944],[-103.7435,43.7904],[-103.7432,43.7856],[-103.7471,43.7863],[-103.7502,43.7827],[-103.7473,43.7816],[-103.7451,43.7794],[-103.7446,43.7781],[-103.7441,43.7745],[-103.7438,43.7672],[-103.7427,43.7672],[-103.741,43.7556],[-103.7432,43.7554],[-103.7422,43.7484],[-103.744,43.7456],[-103.7486,43.7451],[-103.7539,43.7482],[-103.7571,43.7508],[-103.7588,43.7527],[-103.7593,43.7527],[-103.7587,43.7499],[-103.7559,43.7488],[-103.7521,43.7462],[-103.7454,43.7431],[-103.7436,43.7418],[-103.74,43.7415],[-103.7422,43.7398],[-103.7385,43.7406],[-103.7349,43.7396],[-103.7313,43.7409],[-103.7321,43.7418],[-103.7332,43.742],[-103.7339,43.7436],[-103.7368,43.7437],[-103.7368,43.7518],[-103.7358,43.7519],[-103.736,43.7527]]],[[[-103.5379,43.7384],[-103.5387,43.7416],[-103.541,43.7416],[-103.54,43.7376],[-103.5377,43.7376],[-103.5379,43.7384]]],[[[-103.5174,43.7366],[-103.5173,43.7358],[-103.5119,43.7371],[-103.5124,43.7396],[-103.5178,43.7383],[-103.5174,43.7366]]],[[[-103.6968,43.7491],[-103.6968,43.7455],[-103.7018,43.7455],[-103.7018,43.7383],[-103.7032,43.7383],[-103.7042,43.7374],[-103.7068,43.7366],[-103.7062,43.7357],[-103.7032,43.7347],[-103.703,43.735],[-103.7048,43.7359],[-103.7045,43.7362],[-103.7037,43.7358],[-103.7023,43.738],[-103.7007,43.7379],[-103.7007,43.7383],[-103.6968,43.7383],[-103.6968,43.7346],[-103.6882,43.7347],[-103.6882,43.7365],[-103.6857,43.7365],[-103.6857,43.7383],[-103.6882,43.7383],[-103.6882,43.7419],[-103.6932,43.7419],[-103.6932,43.7491],[-103.6968,43.7491]]],[[[-103.6231,43.7417],[-103.622,43.7417],[-103.6212,43.7406],[-103.62,43.7398],[-103.6219,43.7379],[-103.6231,43.7391],[-103.6254,43.7383],[-103.6235,43.7372],[-103.622,43.7374],[-103.6218,43.7365],[-103.6229,43.7355],[-103.6237,43.7354],[-103.6242,43.736],[-103.628,43.7374],[-103.6284,43.7372],[-103.6271,43.7359],[-103.6251,43.7358],[-103.6247,43.7341],[-103.6238,43.7337],[-103.6211,43.7342],[-103.621,43.7366],[-103.6213,43.7375],[-103.6191,43.7393],[-103.6179,43.7389],[-103.6172,43.7376],[-103.6167,43.7358],[-103.6165,43.7359],[-103.6182,43.7423],[-103.6189,43.7419],[-103.6192,43.741],[-103.6196,43.7409],[-103.622,43.7422],[-103.6235,43.7421],[-103.6236,43.7417],[-103.6231,43.7417]]],[[[-103.6321,43.7329],[-103.6324,43.7338],[-103.6335,43.7341],[-103.6312,43.7356],[-103.631,43.7378],[-103.6315,43.7383],[-103.6306,43.74],[-103.6302,43.7427],[-103.6319,43.7435],[-103.631,43.7407],[-103.6321,43.7383],[-103.6348,43.7377],[-103.6347,43.7372],[-103.6316,43.7372],[-103.6313,43.7361],[-103.634,43.7342],[-103.636,43.7345],[-103.6359,43.7336],[-103.6321,43.7329]]],[[[-103.7818,43.7325],[-103.777,43.7313],[-103.7776,43.7364],[-103.7829,43.7385],[-103.7836,43.7385],[-103.7843,43.7347],[-103.7884,43.7348],[-103.7881,43.7331],[-103.7818,43.7325]]],[[[-103.5336,43.7419],[-103.5304,43.7416],[-103.5293,43.7407],[-103.5316,43.74],[-103.5346,43.741],[-103.5352,43.7405],[-103.5337,43.74],[-103.5335,43.7394],[-103.5313,43.7395],[-103.5289,43.7391],[-103.5293,43.7384],[-103.5303,43.7377],[-103.5318,43.7373],[-103.5308,43.7354],[-103.5334,43.7349],[-103.5341,43.7355],[-103.5341,43.7346],[-103.5349,43.7336],[-103.5357,43.7337],[-103.5349,43.7327],[-103.5344,43.7304],[-103.5332,43.7304],[-103.5322,43.7327],[-103.5322,43.7337],[-103.5286,43.7356],[-103.5286,43.742],[-103.5313,43.7449],[-103.5321,43.7445],[-103.5308,43.7434],[-103.5319,43.7429],[-103.5342,43.7427],[-103.534,43.7419],[-103.5336,43.7419]]],[[[-103.7672,43.7398],[-103.7691,43.7389],[-103.771,43.7392],[-103.7754,43.7378],[-103.7768,43.7363],[-103.7767,43.7312],[-103.7726,43.7287],[-103.7716,43.7291],[-103.7736,43.7362],[-103.7703,43.7383],[-103.7666,43.7387],[-103.7672,43.7398]]],[[[-103.7118,43.7302],[-103.7083,43.7281],[-103.7061,43.73],[-103.7018,43.7273],[-103.7003,43.7286],[-103.7091,43.7338],[-103.7126,43.7307],[-103.7118,43.7302]]],[[[-103.7185,43.7346],[-103.7193,43.7374],[-103.7149,43.7378],[-103.713,43.7372],[-103.7116,43.7383],[-103.7118,43.7383],[-103.7118,43.7392],[-103.7168,43.7392],[-103.7168,43.7383],[-103.7194,43.7392],[-103.7198,43.7399],[-103.7209,43.74],[-103.7236,43.7383],[-103.7251,43.7389],[-103.7256,43.7383],[-103.7268,43.7383],[-103.7241,43.7358],[-103.7219,43.7329],[-103.7224,43.7307],[-103.7187,43.7287],[-103.7198,43.726],[-103.718,43.7256],[-103.7156,43.7283],[-103.7168,43.731],[-103.718,43.7326],[-103.7185,43.7346]]],[[[-103.6143,43.7277],[-103.6158,43.729],[-103.616,43.7285],[-103.6172,43.729],[-103.6177,43.7297],[-103.6177,43.7321],[-103.6155,43.7319],[-103.6146,43.7332],[-103.6169,43.7338],[-103.6181,43.7344],[-103.6195,43.7344],[-103.6244,43.7335],[-103.6265,43.7337],[-103.6267,43.7326],[-103.6188,43.733],[-103.6182,43.7313],[-103.6182,43.7296],[-103.6223,43.7302],[-103.6225,43.7299],[-103.6259,43.7301],[-103.625,43.7293],[-103.6221,43.7297],[-103.62,43.7294],[-103.6139,43.7265],[-103.6146,43.7259],[-103.6138,43.7247],[-103.6133,43.7248],[-103.6132,43.7263],[-103.6143,43.7277]]],[[[-103.891,43.7282],[-103.8948,43.728],[-103.8977,43.7265],[-103.8953,43.7262],[-103.8951,43.7265],[-103.8913,43.7267],[-103.8892,43.7252],[-103.8873,43.7245],[-103.8863,43.7278],[-103.891,43.7282]]],[[[-103.5468,43.7275],[-103.5467,43.7277],[-103.5494,43.7278],[-103.5502,43.7314],[-103.5516,43.7315],[-103.5514,43.7294],[-103.5531,43.7291],[-103.5545,43.7276],[-103.559,43.7277],[-103.5597,43.7301],[-103.5583,43.7328],[-103.561,43.7332],[-103.5613,43.7302],[-103.5645,43.7315],[-103.5677,43.7303],[-103.5672,43.7332],[-103.5655,43.7351],[-103.5635,43.7357],[-103.5635,43.7347],[-103.5485,43.7347],[-103.5486,43.7366],[-103.5478,43.7367],[-103.5482,43.7384],[-103.5436,43.7399],[-103.5418,43.7387],[-103.5414,43.7389],[-103.5433,43.7415],[-103.5407,43.7453],[-103.5418,43.7462],[-103.5445,43.7449],[-103.5481,43.7456],[-103.5487,43.7466],[-103.5498,43.7463],[-103.5454,43.7403],[-103.5493,43.7393],[-103.5491,43.7384],[-103.5536,43.7384],[-103.5536,43.742],[-103.5586,43.742],[-103.5586,43.7384],[-103.5607,43.7384],[-103.5635,43.7396],[-103.5636,43.7384],[-103.5636,43.7397],[-103.5648,43.7402],[-103.5656,43.7393],[-103.5639,43.7381],[-103.5652,43.7361],[-103.5672,43.7386],[-103.5714,43.7307],[-103.5712,43.7305],[-103.5716,43.7296],[-103.571,43.7273],[-103.5691,43.7251],[-103.5675,43.7281],[-103.5564,43.7259],[-103.5594,43.7239],[-103.5583,43.7235],[-103.5512,43.7265],[-103.5472,43.7267],[-103.5468,43.7275]]],[[[-103.7767,43.7311],[-103.7821,43.7325],[-103.7832,43.7267],[-103.7844,43.7265],[-103.7835,43.725],[-103.7818,43.7255],[-103.7767,43.7238],[-103.7766,43.7202],[-103.7745,43.7215],[-103.774,43.7233],[-103.7698,43.7216],[-103.7694,43.7222],[-103.7728,43.7238],[-103.7745,43.7254],[-103.7733,43.7265],[-103.7752,43.7279],[-103.7747,43.7288],[-103.7733,43.7284],[-103.7729,43.7288],[-103.7767,43.7311]]],[[[-103.8163,43.7201],[-103.8163,43.7419],[-103.8363,43.7419],[-103.8363,43.7382],[-103.8462,43.7382],[-103.8462,43.7375],[-103.8473,43.7373],[-103.8474,43.7366],[-103.8462,43.7355],[-103.8464,43.7346],[-103.8462,43.734],[-103.845,43.7328],[-103.8452,43.7321],[-103.8466,43.7315],[-103.8469,43.7311],[-103.8469,43.7306],[-103.8453,43.7284],[-103.8456,43.7277],[-103.8461,43.7274],[-103.8461,43.7238],[-103.8362,43.7238],[-103.8362,43.7202],[-103.8163,43.7201]]],[[[-103.7647,43.7311],[-103.7647,43.7332],[-103.7698,43.7332],[-103.7698,43.729],[-103.7726,43.7285],[-103.7729,43.7267],[-103.7666,43.7251],[-103.7644,43.7251],[-103.7642,43.7226],[-103.7679,43.7219],[-103.7665,43.7188],[-103.7615,43.7196],[-103.7632,43.7202],[-103.7614,43.7219],[-103.7625,43.7257],[-103.7683,43.7294],[-103.7647,43.7311]]],[[[-103.608,43.7161],[-103.608,43.7202],[-103.6103,43.7202],[-103.6103,43.7161],[-103.608,43.7161]]],[[[-103.5136,43.7144],[-103.5127,43.7159],[-103.515,43.7166],[-103.5179,43.7174],[-103.5187,43.7159],[-103.5136,43.7144]]],[[[-103.6142,43.7217],[-103.6155,43.721],[-103.6158,43.7222],[-103.6152,43.724],[-103.6169,43.7237],[-103.6151,43.7193],[-103.6162,43.7192],[-103.616,43.7187],[-103.6144,43.7187],[-103.6127,43.7153],[-103.6138,43.7147],[-103.6128,43.7132],[-103.6107,43.7133],[-103.6057,43.7145],[-103.6062,43.7153],[-103.6081,43.7141],[-103.6121,43.7156],[-103.6122,43.7163],[-103.6115,43.7178],[-103.6118,43.7179],[-103.6126,43.7166],[-103.6136,43.7183],[-103.6129,43.7201],[-103.6142,43.7217]]],[[[-103.6331,43.7131],[-103.6281,43.7131],[-103.6281,43.7204],[-103.6381,43.7204],[-103.6381,43.7131],[-103.6331,43.7131]]],[[[-103.5136,43.709],[-103.5124,43.7079],[-103.5106,43.709],[-103.5143,43.7121],[-103.516,43.7111],[-103.5136,43.709]]],[[[-103.5686,43.7057],[-103.5673,43.7095],[-103.5648,43.7138],[-103.5632,43.7135],[-103.5627,43.7148],[-103.5594,43.7139],[-103.5608,43.7168],[-103.5625,43.7152],[-103.5637,43.7154],[-103.5648,43.7161],[-103.5667,43.7144],[-103.5665,43.7125],[-103.5694,43.7096],[-103.5718,43.7101],[-103.5681,43.7153],[-103.5705,43.7155],[-103.573,43.7102],[-103.5684,43.7089],[-103.5702,43.7054],[-103.5688,43.7053],[-103.5686,43.7057]]],[[[-103.7897,43.7093],[-103.7906,43.7119],[-103.794,43.713],[-103.7943,43.7113],[-103.7898,43.7075],[-103.789,43.7052],[-103.7884,43.7058],[-103.7897,43.7093]]],[[[-103.7922,43.7026],[-103.7889,43.7026],[-103.7889,43.7038],[-103.7899,43.7045],[-103.7922,43.7026]]],[[[-103.6131,43.7059],[-103.6131,43.7023],[-103.6081,43.7023],[-103.6081,43.7132],[-103.6181,43.7132],[-103.6181,43.7095],[-103.6131,43.7095],[-103.6131,43.7059]]],[[[-103.6247,43.7023],[-103.6246,43.702],[-103.624,43.7021],[-103.6231,43.7051],[-103.6266,43.7095],[-103.6234,43.7109],[-103.6268,43.7137],[-103.6279,43.7133],[-103.628,43.712],[-103.6247,43.7023]]],[[[-103.7624,43.7066],[-103.7633,43.7047],[-103.7715,43.7057],[-103.7715,43.7028],[-103.7635,43.7013],[-103.7611,43.7063],[-103.7624,43.7066]]],[[[-103.783,43.6996],[-103.7836,43.7011],[-103.789,43.7007],[-103.789,43.7013],[-103.7922,43.7013],[-103.7901,43.6985],[-103.783,43.6996]]],[[[-103.7816,43.7057],[-103.7816,43.7021],[-103.7766,43.7021],[-103.7766,43.6984],[-103.7716,43.6984],[-103.7716,43.7057],[-103.7766,43.7057],[-103.7766,43.7093],[-103.773,43.7093],[-103.7757,43.7124],[-103.7779,43.7128],[-103.7785,43.7162],[-103.7755,43.7179],[-103.7708,43.7152],[-103.77,43.7167],[-103.771,43.7178],[-103.7737,43.7176],[-103.7745,43.7184],[-103.7712,43.7199],[-103.7713,43.7212],[-103.7785,43.7197],[-103.7771,43.7176],[-103.7791,43.7161],[-103.7821,43.7156],[-103.784,43.7166],[-103.7819,43.7191],[-103.7802,43.7188],[-103.7788,43.721],[-103.7801,43.7223],[-103.7821,43.7206],[-103.7824,43.7207],[-103.7818,43.7249],[-103.7832,43.725],[-103.7842,43.7208],[-103.7866,43.7203],[-103.7873,43.7188],[-103.7892,43.7182],[-103.7903,43.7192],[-103.7904,43.7208],[-103.792,43.7211],[-103.7923,43.7197],[-103.793,43.7194],[-103.7909,43.7163],[-103.7898,43.717],[-103.7866,43.716],[-103.7826,43.7152],[-103.7807,43.7153],[-103.7803,43.7142],[-103.787,43.7148],[-103.7855,43.7127],[-103.784,43.714],[-103.7804,43.7134],[-103.7805,43.7124],[-103.7853,43.7104],[-103.7846,43.7099],[-103.7818,43.7094],[-103.7807,43.7109],[-103.779,43.7116],[-103.7782,43.7093],[-103.7816,43.7093],[-103.7816,43.7057]]],[[[-103.6281,43.6972],[-103.6251,43.695],[-103.6203,43.695],[-103.6204,43.6963],[-103.6219,43.6967],[-103.6227,43.7011],[-103.6272,43.703],[-103.6313,43.7071],[-103.636,43.7059],[-103.632,43.701],[-103.6317,43.6998],[-103.6281,43.6972]]],[[[-103.8454,43.6974],[-103.8439,43.6979],[-103.8408,43.6979],[-103.8383,43.6987],[-103.8363,43.6999],[-103.835,43.7017],[-103.8327,43.7029],[-103.8355,43.7035],[-103.837,43.7028],[-103.8405,43.7005],[-103.8433,43.6998],[-103.8487,43.6965],[-103.8476,43.6944],[-103.846,43.695],[-103.8455,43.6955],[-103.8454,43.6974]]],[[[-103.7187,43.7201],[-103.7191,43.7193],[-103.7196,43.7194],[-103.7202,43.7178],[-103.7201,43.7172],[-103.7205,43.7165],[-103.7204,43.7151],[-103.7214,43.7146],[-103.72,43.7139],[-103.7156,43.7137],[-103.7168,43.7123],[-103.7169,43.7111],[-103.7187,43.7093],[-103.7188,43.7084],[-103.7214,43.7093],[-103.7223,43.7092],[-103.7224,43.7071],[-103.7207,43.707],[-103.7211,43.7058],[-103.7222,43.7054],[-103.726,43.6967],[-103.7295,43.6967],[-103.7329,43.6933],[-103.7326,43.6927],[-103.7256,43.6961],[-103.7243,43.6944],[-103.7235,43.6946],[-103.7245,43.6965],[-103.7219,43.7032],[-103.7206,43.7036],[-103.7197,43.7067],[-103.7205,43.7082],[-103.7183,43.7079],[-103.7173,43.7082],[-103.7169,43.7093],[-103.715,43.7093],[-103.7138,43.7101],[-103.7136,43.712],[-103.7146,43.713],[-103.714,43.7142],[-103.7148,43.7152],[-103.714,43.7173],[-103.7156,43.7153],[-103.7169,43.7153],[-103.7169,43.7172],[-103.7147,43.7179],[-103.7149,43.7183],[-103.7183,43.7179],[-103.7184,43.7186],[-103.717,43.7209],[-103.7181,43.7212],[-103.7187,43.7201]]],[[[-103.619,43.7023],[-103.6214,43.7007],[-103.6194,43.6982],[-103.6213,43.6976],[-103.6211,43.6967],[-103.6169,43.6958],[-103.6152,43.6928],[-103.6126,43.6917],[-103.6123,43.6919],[-103.6163,43.697],[-103.619,43.7023]]],[[[-103.7666,43.6916],[-103.7679,43.6932],[-103.773,43.6912],[-103.7754,43.6915],[-103.7744,43.6948],[-103.7723,43.6958],[-103.7734,43.6983],[-103.7763,43.6984],[-103.7766,43.6927],[-103.7773,43.692],[-103.7799,43.6926],[-103.7805,43.6948],[-103.7804,43.6956],[-103.7778,43.6958],[-103.7776,43.6961],[-103.78,43.6983],[-103.7806,43.6997],[-103.7865,43.6988],[-103.7865,43.6948],[-103.7862,43.694],[-103.7866,43.6938],[-103.7867,43.6988],[-103.79,43.6983],[-103.7922,43.6944],[-103.7911,43.6927],[-103.7892,43.693],[-103.7891,43.6926],[-103.7862,43.6939],[-103.7853,43.6916],[-103.7811,43.6911],[-103.7796,43.6923],[-103.7766,43.6915],[-103.7703,43.6886],[-103.7713,43.6912],[-103.7707,43.6918],[-103.7666,43.6916]]],[[[-103.6312,43.6911],[-103.6313,43.6885],[-103.6261,43.6903],[-103.6251,43.6896],[-103.6237,43.6925],[-103.6253,43.695],[-103.63,43.6981],[-103.631,43.6976],[-103.6303,43.6959],[-103.6318,43.6955],[-103.6319,43.695],[-103.6294,43.6937],[-103.6287,43.6923],[-103.6312,43.6911]]],[[[-103.643,43.6877],[-103.6428,43.6875],[-103.6388,43.6883],[-103.6357,43.687],[-103.6314,43.6885],[-103.6313,43.6911],[-103.6339,43.6918],[-103.6334,43.6923],[-103.6305,43.6926],[-103.6304,43.693],[-103.6324,43.6941],[-103.6345,43.6919],[-103.6368,43.6923],[-103.6379,43.691],[-103.6349,43.6896],[-103.6329,43.6909],[-103.6315,43.6905],[-103.635,43.6877],[-103.6391,43.6899],[-103.6431,43.6878],[-103.643,43.6877]]],[[[-103.5552,43.6904],[-103.5542,43.688],[-103.5515,43.6869],[-103.5523,43.686],[-103.5532,43.6863],[-103.5553,43.6856],[-103.5532,43.6851],[-103.5513,43.6856],[-103.5495,43.6857],[-103.5488,43.6855],[-103.5487,43.6858],[-103.5498,43.6863],[-103.5513,43.6876],[-103.5534,43.6887],[-103.5538,43.6902],[-103.5552,43.6904]]],[[[-103.6781,43.6852],[-103.6852,43.6879],[-103.6949,43.6871],[-103.6968,43.6863],[-103.6968,43.6854],[-103.6918,43.6867],[-103.6777,43.6847],[-103.6776,43.685],[-103.6781,43.6852]]],[[[-103.5036,43.6814],[-103.4987,43.6814],[-103.4987,43.6847],[-103.5044,43.6847],[-103.5044,43.6814],[-103.5036,43.6814]]],[[[-103.6005,43.6819],[-103.6035,43.6843],[-103.6069,43.6842],[-103.606,43.6867],[-103.6001,43.6872],[-103.5987,43.6866],[-103.5991,43.6859],[-103.6006,43.6867],[-103.6032,43.6862],[-103.6004,43.6834],[-103.6004,43.6822],[-103.6002,43.6821],[-103.599,43.684],[-103.5973,43.685],[-103.5958,43.6843],[-103.5956,43.6847],[-103.5966,43.6852],[-103.596,43.6872],[-103.5969,43.688],[-103.5956,43.6883],[-103.5943,43.689],[-103.5931,43.6886],[-103.5933,43.6893],[-103.5897,43.6922],[-103.5893,43.6933],[-103.5883,43.6943],[-103.5891,43.6948],[-103.5907,43.6924],[-103.5932,43.6899],[-103.5936,43.6906],[-103.5941,43.6904],[-103.5939,43.6896],[-103.6004,43.6877],[-103.6037,43.688],[-103.6037,43.6892],[-103.6018,43.6892],[-103.6038,43.6915],[-103.6048,43.6934],[-103.6009,43.695],[-103.5982,43.6953],[-103.5975,43.6968],[-103.5949,43.6972],[-103.5929,43.6965],[-103.5933,43.6973],[-103.5951,43.6983],[-103.5977,43.6981],[-103.5988,43.6963],[-103.602,43.6952],[-103.605,43.6981],[-103.603,43.6999],[-103.603,43.701],[-103.6018,43.7013],[-103.5992,43.7008],[-103.599,43.7023],[-103.5931,43.7022],[-103.5931,43.7131],[-103.598,43.7131],[-103.598,43.7068],[-103.6031,43.7068],[-103.6031,43.7046],[-103.6059,43.7066],[-103.6038,43.7006],[-103.6045,43.6991],[-103.6065,43.6976],[-103.606,43.7],[-103.6072,43.7007],[-103.6081,43.7022],[-103.6086,43.7022],[-103.6088,43.6993],[-103.6111,43.7009],[-103.6102,43.6977],[-103.6091,43.6979],[-103.6084,43.696],[-103.6055,43.695],[-103.6081,43.695],[-103.6079,43.692],[-103.6067,43.6915],[-103.6067,43.6884],[-103.6106,43.6885],[-103.616,43.6891],[-103.618,43.6917],[-103.6201,43.6905],[-103.6212,43.6927],[-103.6199,43.6931],[-103.6199,43.695],[-103.6218,43.695],[-103.6218,43.6922],[-103.6199,43.6894],[-103.621,43.6895],[-103.6232,43.6906],[-103.6233,43.6899],[-103.6241,43.6911],[-103.6235,43.6922],[-103.6236,43.6924],[-103.625,43.6896],[-103.6225,43.6878],[-103.6238,43.6866],[-103.6224,43.6861],[-103.6196,43.6882],[-103.6173,43.6871],[-103.6185,43.6861],[-103.6173,43.6855],[-103.6155,43.6874],[-103.6108,43.6875],[-103.6072,43.6868],[-103.6085,43.6843],[-103.6074,43.6811],[-103.6055,43.6814],[-103.6006,43.6814],[-103.6005,43.6819]]],[[[-103.5806,43.6804],[-103.5781,43.6804],[-103.5781,43.685],[-103.5779,43.6856],[-103.5761,43.687],[-103.5766,43.6881],[-103.5757,43.6883],[-103.5716,43.6876],[-103.5699,43.6887],[-103.5702,43.6893],[-103.5723,43.6881],[-103.5743,43.69],[-103.5735,43.6907],[-103.5733,43.6937],[-103.5703,43.6956],[-103.5757,43.6954],[-103.5747,43.6943],[-103.5754,43.6937],[-103.5742,43.6922],[-103.575,43.6902],[-103.5769,43.689],[-103.5807,43.6898],[-103.5797,43.684],[-103.5818,43.684],[-103.5818,43.6822],[-103.5806,43.6822],[-103.5806,43.6804]]],[[[-103.7753,43.6763],[-103.7762,43.674],[-103.7738,43.6745],[-103.7723,43.6767],[-103.7753,43.6783],[-103.7703,43.6807],[-103.7689,43.6809],[-103.768,43.6845],[-103.7679,43.687],[-103.7697,43.6884],[-103.771,43.6884],[-103.7698,43.6854],[-103.7705,43.685],[-103.7694,43.6818],[-103.7704,43.6812],[-103.7734,43.6831],[-103.7765,43.682],[-103.7819,43.6834],[-103.7821,43.6832],[-103.7753,43.6763]]],[[[-103.8142,43.6731],[-103.8132,43.6741],[-103.8155,43.6749],[-103.8159,43.6765],[-103.8175,43.6765],[-103.8164,43.6739],[-103.8142,43.6731]]],[[[-103.6389,43.6804],[-103.6398,43.6763],[-103.6446,43.676],[-103.6458,43.6769],[-103.6479,43.6766],[-103.649,43.6721],[-103.644,43.6706],[-103.6412,43.6715],[-103.6393,43.6736],[-103.6375,43.6804],[-103.6389,43.6804]]],[[[-103.7168,43.6891],[-103.7185,43.6881],[-103.7176,43.6866],[-103.7195,43.6855],[-103.7177,43.6803],[-103.7175,43.6782],[-103.7184,43.6765],[-103.7244,43.6714],[-103.7224,43.6703],[-103.7214,43.6715],[-103.7189,43.6724],[-103.714,43.6779],[-103.7136,43.6794],[-103.7117,43.6803],[-103.7115,43.6808],[-103.7157,43.6826],[-103.7164,43.6846],[-103.7126,43.6879],[-103.7139,43.6899],[-103.7168,43.6891]]],[[[-103.6398,43.6695],[-103.6399,43.6705],[-103.6394,43.6706],[-103.6378,43.6689],[-103.6355,43.6685],[-103.6345,43.6693],[-103.6369,43.6723],[-103.6391,43.6712],[-103.6415,43.6713],[-103.6398,43.6695]]],[[[-103.6252,43.6696],[-103.6248,43.6685],[-103.6201,43.6687],[-103.6206,43.6696],[-103.6218,43.6704],[-103.6229,43.6747],[-103.6273,43.6762],[-103.6284,43.6773],[-103.6287,43.6772],[-103.6278,43.6761],[-103.6309,43.6756],[-103.6308,43.6752],[-103.6278,43.6758],[-103.6261,43.6751],[-103.6265,43.6723],[-103.6252,43.6696]]],[[[-103.6406,43.6686],[-103.6404,43.6683],[-103.6396,43.6686],[-103.6397,43.6694],[-103.6416,43.6713],[-103.642,43.6711],[-103.6406,43.6686]]],[[[-103.5838,43.6795],[-103.5865,43.6741],[-103.5867,43.6724],[-103.5872,43.6716],[-103.5883,43.6733],[-103.5878,43.6791],[-103.5882,43.6792],[-103.5891,43.6746],[-103.5882,43.6698],[-103.5887,43.6685],[-103.5924,43.6679],[-103.5912,43.666],[-103.5884,43.6672],[-103.5863,43.67],[-103.5851,43.6735],[-103.5841,43.6746],[-103.5838,43.6743],[-103.584,43.6728],[-103.5796,43.6729],[-103.5775,43.6721],[-103.5773,43.6724],[-103.5788,43.6736],[-103.5759,43.6753],[-103.5769,43.6761],[-103.5789,43.6754],[-103.583,43.6735],[-103.5834,43.6744],[-103.5821,43.6787],[-103.5838,43.6795]]],[[[-103.6359,43.6685],[-103.6377,43.6688],[-103.638,43.666],[-103.6365,43.666],[-103.6354,43.6668],[-103.6364,43.6678],[-103.6355,43.6684],[-103.6359,43.6685]]],[[[-103.8058,43.6641],[-103.8058,43.6658],[-103.805,43.6659],[-103.8051,43.6659],[-103.8039,43.6679],[-103.8009,43.6674],[-103.8009,43.6681],[-103.8043,43.6705],[-103.8079,43.6707],[-103.8084,43.6699],[-103.8055,43.6694],[-103.8046,43.668],[-103.8058,43.6662],[-103.81,43.6656],[-103.8091,43.6645],[-103.8095,43.6638],[-103.8057,43.6634],[-103.8052,43.6637],[-103.8058,43.6641]]],[[[-103.8014,43.659],[-103.8011,43.6586],[-103.797,43.6626],[-103.7927,43.6633],[-103.7933,43.6647],[-103.7982,43.6634],[-103.8,43.6664],[-103.8027,43.6653],[-103.8018,43.6641],[-103.803,43.664],[-103.8023,43.6622],[-103.8042,43.6619],[-103.8014,43.659]]],[[[-103.6215,43.6586],[-103.6203,43.6569],[-103.6202,43.6572],[-103.6212,43.6586],[-103.6215,43.6586]]],[[[-103.6055,43.6805],[-103.6055,43.6752],[-103.6062,43.6755],[-103.6072,43.6754],[-103.6091,43.6736],[-103.6105,43.673],[-103.6121,43.6727],[-103.6124,43.6729],[-103.6126,43.6777],[-103.6144,43.6775],[-103.6134,43.6738],[-103.6125,43.6726],[-103.6156,43.6723],[-103.618,43.6725],[-103.618,43.6668],[-103.6205,43.6668],[-103.6205,43.6659],[-103.6193,43.6659],[-103.6193,43.6614],[-103.618,43.6614],[-103.618,43.6659],[-103.6124,43.6642],[-103.6063,43.6653],[-103.6025,43.6646],[-103.6003,43.6626],[-103.6009,43.6618],[-103.6,43.6618],[-103.598,43.6587],[-103.591,43.6557],[-103.5888,43.6552],[-103.5888,43.6547],[-103.5867,43.6539],[-103.586,43.6548],[-103.5865,43.6575],[-103.5879,43.6582],[-103.5877,43.6603],[-103.5866,43.6617],[-103.5873,43.6623],[-103.5885,43.6612],[-103.5887,43.6576],[-103.5913,43.657],[-103.5925,43.6639],[-103.591,43.6653],[-103.5918,43.6666],[-103.5934,43.6682],[-103.594,43.6681],[-103.5963,43.6701],[-103.598,43.6723],[-103.6005,43.6768],[-103.6006,43.6805],[-103.6055,43.6805]]],[[[-103.668,43.6659],[-103.6686,43.6665],[-103.6692,43.6665],[-103.6682,43.6652],[-103.6649,43.6643],[-103.6627,43.6587],[-103.6634,43.6562],[-103.6632,43.6539],[-103.6625,43.6538],[-103.6616,43.6592],[-103.6628,43.6607],[-103.6629,43.6636],[-103.6619,43.6651],[-103.6674,43.6654],[-103.668,43.6659]]],[[[-103.6201,43.6547],[-103.6196,43.6516],[-103.6192,43.6518],[-103.6201,43.6547]]],[[[-103.6226,43.6547],[-103.6222,43.6533],[-103.6205,43.653],[-103.6199,43.6514],[-103.6197,43.6515],[-103.6203,43.6555],[-103.6203,43.6568],[-103.6216,43.6586],[-103.6211,43.657],[-103.6226,43.6547]]],[[[-103.8698,43.6551],[-103.8701,43.6568],[-103.8621,43.656],[-103.8584,43.6598],[-103.8593,43.6607],[-103.8609,43.6595],[-103.8653,43.6578],[-103.8711,43.6595],[-103.8747,43.6545],[-103.8706,43.6499],[-103.8692,43.6502],[-103.8698,43.6551]]],[[[-103.6394,43.6638],[-103.6375,43.6617],[-103.6383,43.6615],[-103.6402,43.6636],[-103.6407,43.6635],[-103.6385,43.6562],[-103.641,43.6535],[-103.6332,43.6515],[-103.6323,43.6532],[-103.6302,43.6531],[-103.6304,43.6502],[-103.6279,43.6499],[-103.6273,43.6512],[-103.6282,43.6532],[-103.6322,43.6534],[-103.6319,43.654],[-103.6349,43.6539],[-103.6341,43.6552],[-103.6367,43.6564],[-103.6368,43.6581],[-103.638,43.6587],[-103.6384,43.6608],[-103.6374,43.6609],[-103.6363,43.6615],[-103.6386,43.6643],[-103.6394,43.6638]]],[[[-103.734,43.6521],[-103.7345,43.6618],[-103.7422,43.6585],[-103.7412,43.6521],[-103.7377,43.6493],[-103.734,43.6516],[-103.734,43.6521]]],[[[-103.5572,43.6574],[-103.5586,43.6569],[-103.563,43.657],[-103.5623,43.6563],[-103.56,43.6565],[-103.5586,43.6551],[-103.5567,43.6539],[-103.5569,43.6524],[-103.5559,43.6515],[-103.5552,43.6463],[-103.5535,43.6455],[-103.5548,43.6497],[-103.5544,43.651],[-103.5557,43.6525],[-103.5555,43.6543],[-103.5549,43.6554],[-103.5566,43.655],[-103.5574,43.6557],[-103.5572,43.6574]]],[[[-103.6342,43.6414],[-103.6347,43.6417],[-103.6354,43.6431],[-103.6385,43.6406],[-103.6357,43.6406],[-103.6342,43.6414]]],[[[-103.5406,43.6472],[-103.5406,43.6402],[-103.5307,43.6402],[-103.5307,43.6475],[-103.5406,43.6475],[-103.5406,43.6472]]],[[[-103.6421,43.6407],[-103.6403,43.6397],[-103.6396,43.6402],[-103.6431,43.6439],[-103.6468,43.6528],[-103.6498,43.6536],[-103.6502,43.6514],[-103.646,43.6463],[-103.6472,43.6434],[-103.6421,43.6407]]],[[[-103.6338,43.6415],[-103.6315,43.641],[-103.6314,43.6423],[-103.6304,43.642],[-103.6302,43.6422],[-103.6306,43.644],[-103.6277,43.6451],[-103.6234,43.6427],[-103.6236,43.6412],[-103.6206,43.6388],[-103.6188,43.639],[-103.6185,43.6377],[-103.6175,43.6378],[-103.6188,43.6429],[-103.6206,43.6429],[-103.6209,43.6439],[-103.6214,43.6439],[-103.6218,43.643],[-103.6231,43.643],[-103.6272,43.6452],[-103.6285,43.6479],[-103.6287,43.6478],[-103.6283,43.6452],[-103.6305,43.6446],[-103.631,43.645],[-103.6328,43.6446],[-103.6327,43.6435],[-103.6339,43.6429],[-103.6352,43.6449],[-103.6356,43.6447],[-103.634,43.6425],[-103.6338,43.6415]]],[[[-103.7313,43.6354],[-103.7292,43.6357],[-103.7291,43.6364],[-103.734,43.64],[-103.7376,43.6432],[-103.7417,43.6444],[-103.7421,43.647],[-103.7402,43.6483],[-103.7407,43.6487],[-103.7426,43.6476],[-103.7443,43.6454],[-103.7451,43.6428],[-103.7391,43.6398],[-103.7417,43.6369],[-103.7313,43.6354]]],[[[-103.6189,43.6502],[-103.6169,43.6466],[-103.6169,43.6437],[-103.6135,43.6389],[-103.6152,43.635],[-103.6149,43.6349],[-103.6113,43.6398],[-103.6096,43.64],[-103.6106,43.6415],[-103.6114,43.6409],[-103.6127,43.6407],[-103.6147,43.6436],[-103.6154,43.6457],[-103.6145,43.6496],[-103.6189,43.6502]]],[[[-103.6298,43.6371],[-103.6309,43.6389],[-103.6326,43.6376],[-103.6348,43.6399],[-103.6334,43.6414],[-103.634,43.6414],[-103.6357,43.6405],[-103.6386,43.6405],[-103.6388,43.6403],[-103.6371,43.6387],[-103.6348,43.6358],[-103.6356,43.6346],[-103.6356,43.6292],[-103.6319,43.6294],[-103.6278,43.6338],[-103.6298,43.6371]]],[[[-103.5899,43.642],[-103.5894,43.6406],[-103.5912,43.6387],[-103.5932,43.6396],[-103.5932,43.6377],[-103.5894,43.6371],[-103.5911,43.6341],[-103.5931,43.6332],[-103.5927,43.6327],[-103.5902,43.6328],[-103.5901,43.6317],[-103.5942,43.6301],[-103.5937,43.6277],[-103.5865,43.6298],[-103.5863,43.6342],[-103.5887,43.634],[-103.589,43.6374],[-103.5887,43.642],[-103.5899,43.642]]],[[[-103.6226,43.6298],[-103.6256,43.6267],[-103.6247,43.6263],[-103.6228,43.6291],[-103.6187,43.6317],[-103.6149,43.6305],[-103.616,43.6277],[-103.618,43.6279],[-103.6197,43.6259],[-103.6177,43.6243],[-103.6135,43.6284],[-103.6141,43.6316],[-103.6116,43.6325],[-103.6118,43.6333],[-103.6186,43.6334],[-103.6193,43.6321],[-103.6208,43.6317],[-103.6226,43.6298]]],[[[-103.7241,43.6211],[-103.7237,43.6211],[-103.7259,43.6299],[-103.7292,43.6356],[-103.732,43.6352],[-103.7327,43.6342],[-103.7303,43.6304],[-103.7309,43.6275],[-103.7301,43.6246],[-103.7308,43.6212],[-103.7241,43.6211]]],[[[-103.6347,43.6262],[-103.6358,43.6274],[-103.6353,43.629],[-103.6368,43.6312],[-103.6373,43.6337],[-103.6412,43.632],[-103.6418,43.6304],[-103.641,43.6275],[-103.6378,43.6265],[-103.637,43.6293],[-103.6377,43.6265],[-103.6337,43.624],[-103.6324,43.6217],[-103.6326,43.6211],[-103.6313,43.6183],[-103.6281,43.6155],[-103.627,43.6159],[-103.6267,43.6171],[-103.6287,43.6175],[-103.6294,43.6202],[-103.6263,43.6231],[-103.6268,43.6237],[-103.6293,43.6226],[-103.6314,43.6226],[-103.6347,43.6262]]],[[[-103.7071,43.6151],[-103.7065,43.615],[-103.706,43.6223],[-103.7031,43.6246],[-103.7003,43.6255],[-103.7046,43.6267],[-103.7066,43.6242],[-103.7097,43.6238],[-103.7107,43.6249],[-103.7106,43.6266],[-103.7146,43.6259],[-103.7071,43.6151]]],[[[-103.8467,43.6154],[-103.8432,43.6177],[-103.8442,43.6227],[-103.8425,43.6267],[-103.8585,43.628],[-103.8593,43.6247],[-103.8558,43.6227],[-103.8547,43.6227],[-103.8548,43.6197],[-103.8521,43.618],[-103.8522,43.6155],[-103.849,43.614],[-103.8467,43.6154]]],[[[-103.5721,43.6364],[-103.5707,43.6328],[-103.5706,43.6219],[-103.5656,43.6219],[-103.5656,43.6147],[-103.5556,43.6147],[-103.5556,43.619],[-103.5531,43.6182],[-103.5537,43.6171],[-103.5495,43.6165],[-103.5463,43.617],[-103.5458,43.614],[-103.5358,43.6138],[-103.5358,43.6148],[-103.5406,43.6148],[-103.5406,43.6177],[-103.5435,43.6182],[-103.551,43.6175],[-103.5516,43.6188],[-103.5556,43.6212],[-103.5556,43.622],[-103.5606,43.622],[-103.5606,43.6256],[-103.5656,43.6256],[-103.5656,43.6292],[-103.5672,43.6292],[-103.5687,43.6339],[-103.5705,43.6353],[-103.5718,43.6377],[-103.5725,43.6376],[-103.5721,43.6364]]],[[[-103.6699,43.6218],[-103.6713,43.6213],[-103.6725,43.6271],[-103.6771,43.6271],[-103.6859,43.6259],[-103.6903,43.6231],[-103.6895,43.6212],[-103.6886,43.6156],[-103.6875,43.615],[-103.6797,43.6137],[-103.6769,43.6127],[-103.6732,43.6166],[-103.6686,43.6194],[-103.6699,43.6218]]],[[[-103.8259,43.6141],[-103.8227,43.6154],[-103.8229,43.6155],[-103.8378,43.6118],[-103.8376,43.6104],[-103.8358,43.61],[-103.8259,43.6141]]],[[[-103.5194,43.6403],[-103.5207,43.6388],[-103.5204,43.6361],[-103.5207,43.636],[-103.5207,43.6346],[-103.5229,43.6346],[-103.5231,43.638],[-103.5251,43.6373],[-103.5239,43.6351],[-103.5276,43.6345],[-103.5264,43.6334],[-103.5193,43.6344],[-103.5191,43.6332],[-103.5212,43.6319],[-103.5194,43.6294],[-103.5207,43.6294],[-103.5207,43.6258],[-103.5257,43.6257],[-103.5257,43.6294],[-103.5307,43.6294],[-103.5307,43.633],[-103.5406,43.6329],[-103.5406,43.634],[-103.5415,43.635],[-103.5427,43.6342],[-103.5445,43.6343],[-103.5485,43.6389],[-103.5501,43.6391],[-103.5515,43.6408],[-103.551,43.6421],[-103.553,43.6417],[-103.5509,43.6385],[-103.5492,43.638],[-103.5493,43.6365],[-103.5472,43.6356],[-103.5429,43.6293],[-103.5422,43.6293],[-103.5421,43.6314],[-103.5406,43.6324],[-103.5406,43.6293],[-103.5356,43.6293],[-103.5356,43.6265],[-103.5363,43.6274],[-103.5382,43.6266],[-103.5355,43.623],[-103.5336,43.6238],[-103.535,43.6257],[-103.5306,43.6257],[-103.5307,43.6185],[-103.5356,43.6184],[-103.5357,43.6148],[-103.5207,43.6149],[-103.5198,43.6123],[-103.5184,43.613],[-103.5171,43.6103],[-103.5157,43.6103],[-103.5157,43.6113],[-103.5107,43.6113],[-103.5107,43.6096],[-103.5093,43.6117],[-103.5091,43.6132],[-103.5119,43.6185],[-103.5107,43.6185],[-103.5107,43.6258],[-103.5157,43.6258],[-103.5157,43.6303],[-103.5189,43.6324],[-103.5171,43.633],[-103.5175,43.6339],[-103.5168,43.6338],[-103.5184,43.6378],[-103.5164,43.6385],[-103.5187,43.6412],[-103.5194,43.6403]]],[[[-103.8259,43.6079],[-103.8255,43.6078],[-103.8222,43.6088],[-103.8226,43.6154],[-103.8357,43.61],[-103.8259,43.6079]]],[[[-103.7227,43.6148],[-103.7226,43.6151],[-103.7282,43.6151],[-103.729,43.6167],[-103.7306,43.6161],[-103.731,43.6125],[-103.7295,43.6108],[-103.7292,43.6066],[-103.7276,43.6044],[-103.7224,43.6044],[-103.724,43.612],[-103.7227,43.6148]]],[[[-103.84,43.5973],[-103.8385,43.598],[-103.837,43.5974],[-103.8328,43.5991],[-103.8306,43.6021],[-103.8261,43.6014],[-103.823,43.6028],[-103.823,43.6072],[-103.8303,43.6088],[-103.8341,43.6005],[-103.843,43.5971],[-103.8423,43.5963],[-103.84,43.5973]]],[[[-103.8194,43.6031],[-103.8159,43.6082],[-103.8228,43.6082],[-103.8228,43.6027],[-103.8205,43.5992],[-103.8126,43.5956],[-103.8111,43.5971],[-103.8124,43.5996],[-103.8194,43.6031]]],[[[-103.5456,43.6003],[-103.5456,43.5976],[-103.5444,43.5976],[-103.5444,43.5967],[-103.5456,43.5966],[-103.5457,43.593],[-103.5357,43.5931],[-103.5357,43.5967],[-103.5407,43.5967],[-103.5407,43.6003],[-103.5456,43.6003]]],[[[-103.6838,43.6045],[-103.6838,43.5936],[-103.6738,43.5936],[-103.6739,43.5921],[-103.6639,43.5937],[-103.6639,43.5954],[-103.6655,43.599],[-103.6639,43.6045],[-103.6738,43.6045],[-103.6738,43.6081],[-103.6838,43.6081],[-103.6838,43.6045]]],[[[-103.5575,43.6095],[-103.5573,43.6111],[-103.5575,43.612],[-103.5606,43.6131],[-103.5622,43.6146],[-103.5646,43.6146],[-103.5627,43.6117],[-103.5695,43.6126],[-103.5702,43.611],[-103.5796,43.611],[-103.5796,43.6117],[-103.5842,43.6117],[-103.5843,43.616],[-103.5823,43.6169],[-103.5813,43.6199],[-103.5758,43.6227],[-103.5797,43.628],[-103.5828,43.6204],[-103.5849,43.6205],[-103.5853,43.6231],[-103.5879,43.6227],[-103.59,43.6273],[-103.5924,43.6245],[-103.5945,43.6256],[-103.5955,43.6271],[-103.594,43.6288],[-103.5954,43.6306],[-103.5929,43.6323],[-103.5943,43.6325],[-103.5969,43.6348],[-103.5975,43.6332],[-103.5993,43.6347],[-103.5982,43.6361],[-103.5996,43.6377],[-103.6006,43.6413],[-103.5995,43.6426],[-103.5943,43.6417],[-103.5935,43.6448],[-103.5899,43.6441],[-103.5891,43.6489],[-103.5877,43.6526],[-103.5868,43.6538],[-103.5882,43.6544],[-103.5889,43.6537],[-103.593,43.6527],[-103.5945,43.6504],[-103.5936,43.6486],[-103.5956,43.6453],[-103.5958,43.6431],[-103.5982,43.6439],[-103.5987,43.6449],[-103.6,43.6439],[-103.6029,43.6445],[-103.6044,43.6463],[-103.6042,43.6473],[-103.6025,43.6473],[-103.602,43.646],[-103.5999,43.6454],[-103.5995,43.6476],[-103.6004,43.6477],[-103.6006,43.6461],[-103.6013,43.6461],[-103.6023,43.6478],[-103.6041,43.6477],[-103.604,43.6485],[-103.6024,43.6506],[-103.5994,43.6533],[-103.5993,43.6545],[-103.6001,43.6545],[-103.6004,43.6537],[-103.603,43.6507],[-103.6061,43.651],[-103.6042,43.6498],[-103.6083,43.6437],[-103.608,43.6435],[-103.606,43.6461],[-103.6049,43.6466],[-103.6037,43.6413],[-103.603,43.6413],[-103.6046,43.6389],[-103.6039,43.6384],[-103.6033,43.6365],[-103.6016,43.6346],[-103.6023,43.6339],[-103.6004,43.6291],[-103.6004,43.627],[-103.5988,43.6261],[-103.5982,43.625],[-103.6029,43.6261],[-103.6081,43.6259],[-103.6094,43.6247],[-103.6094,43.6226],[-103.6078,43.6226],[-103.6078,43.6242],[-103.6037,43.6256],[-103.5994,43.6239],[-103.5987,43.6233],[-103.5985,43.6226],[-103.6006,43.6211],[-103.6017,43.6225],[-103.6029,43.6188],[-103.6004,43.6157],[-103.5994,43.6158],[-103.5994,43.6126],[-103.6044,43.6126],[-103.6044,43.6117],[-103.6069,43.6117],[-103.6069,43.6135],[-103.6094,43.6135],[-103.6094,43.6142],[-103.6085,43.6139],[-103.6087,43.6168],[-103.6057,43.6179],[-103.607,43.6196],[-103.6094,43.6201],[-103.6105,43.6192],[-103.6122,43.6243],[-103.6111,43.6248],[-103.6142,43.6252],[-103.6118,43.619],[-103.6193,43.619],[-103.6193,43.6154],[-103.6243,43.6154],[-103.6243,43.6117],[-103.6273,43.6117],[-103.6259,43.6147],[-103.6277,43.6148],[-103.6291,43.6118],[-103.627,43.6104],[-103.6283,43.6048],[-103.6271,43.6015],[-103.6279,43.6003],[-103.6259,43.6004],[-103.6246,43.6042],[-103.6257,43.6081],[-103.6243,43.6081],[-103.6242,43.6045],[-103.6217,43.6045],[-103.6217,43.5991],[-103.6193,43.5991],[-103.6193,43.5955],[-103.6143,43.5954],[-103.6143,43.5991],[-103.6118,43.5991],[-103.6118,43.6027],[-103.6094,43.6027],[-103.6094,43.6099],[-103.6044,43.6099],[-103.6044,43.609],[-103.6057,43.609],[-103.6057,43.6081],[-103.6032,43.6081],[-103.6032,43.6072],[-103.6019,43.6072],[-103.6019,43.6067],[-103.6007,43.6067],[-103.6007,43.6072],[-103.6001,43.6072],[-103.6001,43.6081],[-103.5994,43.6081],[-103.6,43.6045],[-103.5903,43.6038],[-103.5902,43.6034],[-103.5895,43.6034],[-103.5889,43.6012],[-103.5898,43.6005],[-103.5863,43.5901],[-103.5836,43.5916],[-103.5831,43.5926],[-103.5838,43.5972],[-103.5855,43.6015],[-103.583,43.602],[-103.5817,43.6029],[-103.5814,43.6081],[-103.5792,43.6086],[-103.5756,43.6084],[-103.5756,43.6074],[-103.5681,43.6074],[-103.5681,43.6092],[-103.5575,43.6093],[-103.5575,43.6095]]],[[[-103.6549,43.5924],[-103.6508,43.5887],[-103.6499,43.5905],[-103.6505,43.5924],[-103.6525,43.5933],[-103.6523,43.5965],[-103.654,43.5963],[-103.6624,43.6021],[-103.6642,43.6006],[-103.6604,43.5932],[-103.6568,43.593],[-103.6549,43.5924]]],[[[-103.7227,43.5871],[-103.7211,43.5895],[-103.7213,43.5898],[-103.7211,43.5898],[-103.721,43.6042],[-103.7295,43.6042],[-103.7298,43.6012],[-103.7307,43.5984],[-103.7277,43.5959],[-103.7297,43.5914],[-103.7282,43.5872],[-103.7227,43.5871]]],[[[-103.6852,43.5867],[-103.6863,43.5878],[-103.6978,43.5864],[-103.6978,43.5847],[-103.6969,43.5845],[-103.6971,43.5831],[-103.6962,43.583],[-103.6849,43.5843],[-103.6846,43.5862],[-103.6852,43.5867]]],[[[-103.5845,43.5906],[-103.5866,43.5897],[-103.588,43.588],[-103.5828,43.5843],[-103.5801,43.5836],[-103.5791,43.5814],[-103.5774,43.5791],[-103.575,43.5791],[-103.5795,43.5907],[-103.5789,43.5925],[-103.5794,43.5928],[-103.5845,43.5906]]],[[[-103.7862,43.5863],[-103.7852,43.5927],[-103.7904,43.5927],[-103.7874,43.587],[-103.7881,43.5842],[-103.7975,43.5827],[-103.7975,43.5798],[-103.7851,43.5814],[-103.7837,43.5783],[-103.7807,43.5786],[-103.7819,43.5819],[-103.7866,43.5836],[-103.7862,43.5863]]],[[[-103.669,43.5755],[-103.669,43.5792],[-103.6739,43.5792],[-103.6739,43.5755],[-103.6803,43.5744],[-103.6804,43.5701],[-103.6789,43.57],[-103.6789,43.5714],[-103.6725,43.5695],[-103.6689,43.5719],[-103.669,43.5755]]],[[[-103.6459,43.5719],[-103.6491,43.5691],[-103.6463,43.5676],[-103.6454,43.5668],[-103.6463,43.5657],[-103.6423,43.5654],[-103.6365,43.5684],[-103.6395,43.5708],[-103.6377,43.5723],[-103.6422,43.5747],[-103.6428,43.5787],[-103.6442,43.5785],[-103.6443,43.5771],[-103.6435,43.5757],[-103.645,43.5727],[-103.6459,43.5719]]],[[[-103.5777,43.5748],[-103.5742,43.5688],[-103.5705,43.5665],[-103.5655,43.564],[-103.5606,43.564],[-103.5606,43.5604],[-103.5506,43.5604],[-103.5506,43.5533],[-103.5457,43.5533],[-103.5457,43.5569],[-103.5407,43.5569],[-103.5407,43.5605],[-103.5457,43.5605],[-103.5457,43.564],[-103.5556,43.564],[-103.5556,43.5676],[-103.5584,43.5676],[-103.5569,43.5717],[-103.5574,43.5746],[-103.5596,43.5746],[-103.5606,43.5718],[-103.5677,43.5718],[-103.5677,43.5712],[-103.5685,43.5712],[-103.5734,43.5776],[-103.5788,43.5767],[-103.5777,43.5748]]],[[[-103.9809,44.4959],[-103.9909,44.4958],[-103.9911,44.4995],[-103.9811,44.4995],[-103.9809,44.4959]]],[[[-103.8594,44.5043],[-103.8606,44.5042],[-103.8606,44.5049],[-103.8594,44.5049],[-103.8594,44.5043]]]]},"properties":{"id":"usgs-pad-us-fee-managers:2695","name":"Black Hills National Forest","kind":"land","category":"public-land","sourceCategory":"public-land","sourceId":"usgs-pad-us-fee-managers","sourceUrl":"https://services.arcgis.com/v01gqwM5QqNysAAi/arcgis/rest/services/Fee_Managers_PADUS/FeatureServer/0","sourceUpdated":"2024-10-06T04:00:00.000Z","publicUse":"PAD-US reports open access; verify current manager conditions and restrictions.","unit":"USFS","origin":"public-catalog"}},{"type":"Feature","id":"usgs-pad-us-fee-managers:2715","geometry":{"type":"MultiPolygon","coordinates":[[[[-102.4576,43.9801],[-102.4577,43.9765],[-102.4526,43.9765],[-102.4527,43.9729],[-102.4552,43.9729],[-102.4553,43.9658],[-102.4578,43.9658],[-102.4577,43.9514],[-102.4176,43.9512],[-102.4176,43.9458],[-102.4026,43.9457],[-102.4025,43.9511],[-102.3776,43.951],[-102.3776,43.9368],[-102.3384,43.9368],[-102.3384,43.9259],[-102.3584,43.926],[-102.3584,43.9223],[-102.3776,43.9223],[-102.3776,43.9187],[-102.4426,43.9189],[-102.4427,43.9261],[-102.4452,43.9261],[-102.4452,43.9297],[-102.4526,43.9297],[-102.4526,43.9324],[-102.4626,43.9325],[-102.4626,43.9334],[-102.4726,43.9406],[-102.4726,43.9442],[-102.4776,43.9442],[-102.4776,43.9478],[-102.4825,43.9478],[-102.4827,43.9587],[-102.4777,43.9587],[-102.4779,43.972],[-102.4789,43.9752],[-102.4778,43.9748],[-102.4759,43.9732],[-102.4745,43.973],[-102.4736,43.9735],[-102.4735,43.9747],[-102.4729,43.9759],[-102.4728,43.9774],[-102.473,43.9801],[-102.4742,43.9815],[-102.4762,43.9826],[-102.4791,43.9833],[-102.48,43.9838],[-102.4804,43.9844],[-102.4794,43.9864],[-102.4787,43.9872],[-102.4722,43.9909],[-102.4576,43.991],[-102.4576,43.9946],[-102.4526,43.9946],[-102.4526,43.9801],[-102.4576,43.9801]]],[[[-102.4675,43.9515],[-102.4676,43.9551],[-102.4726,43.9551],[-102.4725,43.9514],[-102.4675,43.9515]]],[[[-102.0592,43.9366],[-102.0592,43.9076],[-102.0492,43.9077],[-102.0492,43.9058],[-102.0292,43.8976],[-102.0292,43.8931],[-102.0192,43.8932],[-102.0191,43.9366],[-102.0097,43.9366],[-102.0097,43.9439],[-101.9997,43.9439],[-101.9997,43.9511],[-101.9696,43.9511],[-101.9696,43.9367],[-101.9596,43.9367],[-101.9596,43.9294],[-101.9296,43.9294],[-101.9296,43.9367],[-101.9496,43.9367],[-101.9496,43.9439],[-101.9596,43.9439],[-101.9596,43.9656],[-101.9246,43.9656],[-101.9246,43.9584],[-101.9196,43.9584],[-101.9196,43.9439],[-101.9046,43.9439],[-101.9046,43.9403],[-101.8996,43.9403],[-101.8996,43.9367],[-101.8703,43.9367],[-101.8703,43.9295],[-101.8603,43.9295],[-101.8603,43.9223],[-101.8503,43.9223],[-101.8503,43.9151],[-101.8403,43.9151],[-101.8403,43.9223],[-101.8302,43.9223],[-101.8302,43.8934],[-101.8002,43.8935],[-101.8002,43.879],[-101.7802,43.879],[-101.7802,43.8646],[-101.7902,43.8645],[-101.7902,43.8501],[-101.7511,43.8501],[-101.7511,43.8465],[-101.7411,43.8465],[-101.7411,43.8356],[-101.7461,43.8356],[-101.7461,43.8284],[-101.7411,43.8284],[-101.7411,43.8211],[-101.7311,43.8211],[-101.7311,43.8284],[-101.7261,43.8284],[-101.7261,43.832],[-101.7211,43.832],[-101.7211,43.8356],[-101.7011,43.8356],[-101.7011,43.8501],[-101.7111,43.8501],[-101.7111,43.8574],[-101.7311,43.8573],[-101.7311,43.8646],[-101.7711,43.8646],[-101.7711,43.8718],[-101.7661,43.8718],[-101.7661,43.879],[-101.7511,43.879],[-101.7511,43.8863],[-101.7311,43.8863],[-101.7311,43.908],[-101.7411,43.908],[-101.7411,43.9152],[-101.7311,43.9152],[-101.731,43.9369],[-101.721,43.9369],[-101.7209,43.9657],[-101.6809,43.9658],[-101.6809,43.9586],[-101.6709,43.9586],[-101.6709,43.9514],[-101.6609,43.9514],[-101.661,43.9442],[-101.701,43.9442],[-101.701,43.9225],[-101.691,43.9225],[-101.691,43.9369],[-101.661,43.937],[-101.661,43.9225],[-101.681,43.9225],[-101.6811,43.9008],[-101.6911,43.9008],[-101.6911,43.8863],[-101.671,43.8863],[-101.6711,43.8646],[-101.6811,43.8646],[-101.6811,43.8574],[-101.6711,43.8573],[-101.6711,43.8356],[-101.6811,43.8356],[-101.6811,43.8284],[-101.6611,43.8284],[-101.6611,43.8356],[-101.6517,43.8356],[-101.6517,43.8284],[-101.6417,43.8284],[-101.6417,43.8356],[-101.6017,43.8357],[-101.6017,43.8284],[-101.6217,43.8284],[-101.6217,43.8139],[-101.6317,43.8139],[-101.6316,43.8067],[-101.6217,43.8067],[-101.6217,43.7778],[-101.6416,43.7777],[-101.6416,43.7741],[-101.6316,43.7741],[-101.6316,43.7633],[-101.6465,43.7633],[-101.6465,43.7669],[-101.6514,43.7669],[-101.6515,43.785],[-101.6416,43.785],[-101.6416,43.7922],[-101.6466,43.7922],[-101.6466,43.7958],[-101.6612,43.7958],[-101.6613,43.7632],[-101.6763,43.7632],[-101.6763,43.7705],[-101.6863,43.7705],[-101.6863,43.7777],[-101.7013,43.7777],[-101.7012,43.7994],[-101.6912,43.7994],[-101.6911,43.8067],[-101.6811,43.8067],[-101.6811,43.8211],[-101.6961,43.8211],[-101.6961,43.8139],[-101.7011,43.8139],[-101.7011,43.8175],[-101.7211,43.8175],[-101.7211,43.8139],[-101.7511,43.8139],[-101.7512,43.7958],[-101.7462,43.7958],[-101.7462,43.7922],[-101.7412,43.7922],[-101.7412,43.7777],[-101.7212,43.7777],[-101.7213,43.7705],[-101.7206,43.7705],[-101.719,43.7677],[-101.7194,43.7666],[-101.7209,43.7659],[-101.7212,43.7632],[-101.7213,43.7669],[-101.7313,43.7669],[-101.7313,43.7633],[-101.7513,43.7633],[-101.7513,43.7524],[-101.7114,43.7524],[-101.7114,43.7343],[-101.6964,43.7343],[-101.6965,43.727],[-101.6915,43.727],[-101.6915,43.7198],[-101.7015,43.7198],[-101.7016,43.7126],[-101.7215,43.7126],[-101.7215,43.7054],[-101.7265,43.7054],[-101.7265,43.7126],[-101.739,43.7126],[-101.739,43.7198],[-101.7514,43.7198],[-101.7514,43.7234],[-101.7614,43.7235],[-101.7614,43.7343],[-101.7801,43.7343],[-101.7802,43.7488],[-101.89,43.7486],[-101.8891,43.763],[-101.8901,43.7775],[-101.8899,43.7919],[-101.9049,43.7919],[-101.9056,43.7942],[-101.9057,43.7978],[-101.9051,43.7992],[-101.89,43.7992],[-101.8901,43.8064],[-101.8801,43.8064],[-101.8802,43.8354],[-101.8902,43.8354],[-101.8902,43.8426],[-101.9,43.8426],[-101.9,43.8443],[-101.8997,43.8443],[-101.8997,43.8452],[-101.8969,43.8452],[-101.8969,43.8442],[-101.8951,43.8442],[-101.8951,43.8455],[-101.8997,43.8455],[-101.8997,43.8464],[-101.9021,43.8463],[-101.9021,43.8426],[-101.9096,43.8426],[-101.9096,43.8353],[-101.9196,43.8353],[-101.9196,43.8281],[-101.9396,43.8281],[-101.9396,43.8226],[-101.9196,43.8227],[-101.9196,43.8208],[-101.9096,43.8209],[-101.9096,43.8172],[-101.9196,43.8172],[-101.9196,43.8136],[-101.9396,43.8136],[-101.9396,43.81],[-101.9496,43.81],[-101.9496,43.8136],[-101.9596,43.8136],[-101.9596,43.8208],[-101.9996,43.8208],[-101.9996,43.828],[-101.9596,43.8281],[-101.9596,43.8353],[-101.9496,43.8353],[-101.9496,43.8425],[-101.9396,43.8425],[-101.9396,43.8498],[-101.9996,43.8497],[-101.9996,43.8569],[-102.0192,43.8569],[-102.0192,43.8606],[-102.0368,43.8605],[-102.0368,43.8569],[-102.0393,43.8569],[-102.0393,43.8136],[-102.0543,43.8136],[-102.0543,43.8172],[-102.0593,43.8172],[-102.0593,43.8064],[-102.0792,43.8064],[-102.0793,43.8352],[-102.0593,43.8352],[-102.0593,43.8461],[-102.0793,43.846],[-102.0792,43.8497],[-102.0893,43.8496],[-102.0893,43.8316],[-102.0993,43.8316],[-102.0993,43.8496],[-102.1093,43.8496],[-102.1093,43.8532],[-102.1192,43.8532],[-102.1193,43.8785],[-102.1586,43.8786],[-102.1586,43.8569],[-102.1786,43.8569],[-102.1787,43.8641],[-102.1986,43.8641],[-102.1986,43.8786],[-102.2187,43.8787],[-102.2187,43.8859],[-102.2387,43.8859],[-102.2388,43.9221],[-102.2237,43.9221],[-102.2238,43.933],[-102.2213,43.933],[-102.2213,43.9366],[-102.2188,43.9366],[-102.2188,43.9438],[-102.2263,43.9438],[-102.2263,43.9474],[-102.2288,43.9474],[-102.2288,43.9583],[-102.2313,43.9583],[-102.2313,43.9619],[-102.2338,43.9619],[-102.2338,43.9764],[-102.2188,43.9764],[-102.2188,43.9836],[-102.2138,43.9836],[-102.2138,43.9873],[-102.1988,43.9872],[-102.1988,43.98],[-102.1837,43.98],[-102.1838,43.9873],[-102.1788,43.9873],[-102.1788,43.9945],[-102.1687,43.9945],[-102.1687,43.9873],[-102.1587,43.9873],[-102.1587,43.9836],[-102.1386,43.9836],[-102.1386,43.9655],[-102.1587,43.9655],[-102.1587,43.951],[-102.1667,43.951],[-102.1591,43.9438],[-102.1587,43.9438],[-102.1587,43.9323],[-102.1601,43.9323],[-102.1601,43.9309],[-102.1587,43.9309],[-102.1586,43.8967],[-102.1293,43.8967],[-102.1293,43.9076],[-102.1386,43.9076],[-102.1386,43.9221],[-102.1486,43.9221],[-102.1486,43.9293],[-102.1401,43.9293],[-102.1386,43.9287],[-102.1386,43.928],[-102.1288,43.9257],[-102.1168,43.9221],[-102.1143,43.9221],[-102.1143,43.9293],[-102.1093,43.9293],[-102.1093,43.951],[-102.0592,43.9511],[-102.0592,43.9583],[-102.0392,43.9583],[-102.0392,43.9511],[-102.0492,43.9511],[-102.0492,43.9438],[-102.0392,43.9438],[-102.0392,43.9366],[-102.0592,43.9366]]],[[[-102.1937,43.951],[-102.1887,43.9511],[-102.1887,43.9655],[-102.1987,43.9655],[-102.1987,43.951],[-102.1937,43.951]]],[[[-101.9346,43.9439],[-101.9296,43.9439],[-101.9296,43.9512],[-101.9396,43.9511],[-101.9396,43.9439],[-101.9346,43.9439]]],[[[-102.0592,43.9402],[-102.0592,43.9438],[-102.0692,43.9438],[-102.0692,43.9366],[-102.0592,43.9366],[-102.0592,43.9402]]],[[[-102.1687,43.9402],[-102.1687,43.9438],[-102.1787,43.9438],[-102.1787,43.9366],[-102.1687,43.9366],[-102.1687,43.9402]]],[[[-102.221,43.9028],[-102.2223,43.9035],[-102.2234,43.9024],[-102.2221,43.9017],[-102.221,43.9028]]],[[[-102.2237,43.8967],[-102.2237,43.9004],[-102.2287,43.9004],[-102.2287,43.8967],[-102.2237,43.8967]]],[[[-101.9996,43.8932],[-102.0097,43.8933],[-101.9998,43.8932],[-101.9998,43.8859],[-101.9992,43.8859],[-101.9995,43.8861],[-101.9996,43.8932]]],[[[-102.063,43.8766],[-102.0638,43.8767],[-102.0639,43.8758],[-102.063,43.8758],[-102.063,43.8766]]],[[[-101.9446,43.8932],[-101.9496,43.8932],[-101.9496,43.9005],[-101.9596,43.9005],[-101.9596,43.9222],[-101.9796,43.9222],[-101.9796,43.8932],[-101.9721,43.8932],[-101.9721,43.886],[-101.9796,43.886],[-101.9796,43.8763],[-101.9696,43.8715],[-101.9696,43.8679],[-101.9596,43.8679],[-101.9596,43.8642],[-101.9496,43.8643],[-101.9496,43.8715],[-101.9596,43.8715],[-101.9596,43.8772],[-101.9585,43.8772],[-101.9585,43.8787],[-101.9496,43.8787],[-101.9496,43.886],[-101.9396,43.886],[-101.9396,43.8932],[-101.9446,43.8932]]],[[[-101.9096,43.8462],[-101.9096,43.8498],[-101.9196,43.8498],[-101.9196,43.8426],[-101.9096,43.8426],[-101.9096,43.8462]]],[[[-101.8553,43.9151],[-101.8553,43.9187],[-101.8603,43.9187],[-101.8753,43.9186],[-101.8753,43.915],[-101.8803,43.915],[-101.8803,43.9295],[-101.8996,43.9294],[-101.8996,43.9222],[-101.9195,43.9222],[-101.9196,43.915],[-101.9396,43.915],[-101.9396,43.9077],[-101.9446,43.9077],[-101.9446,43.9005],[-101.9396,43.9005],[-101.9396,43.8932],[-101.9296,43.8932],[-101.9296,43.886],[-101.9196,43.886],[-101.9196,43.8788],[-101.8996,43.8788],[-101.8996,43.8643],[-101.9196,43.8643],[-101.9196,43.857],[-101.8902,43.8571],[-101.8902,43.8643],[-101.8652,43.8644],[-101.8652,43.8608],[-101.8602,43.8608],[-101.8602,43.8427],[-101.8702,43.8427],[-101.8702,43.839],[-101.8602,43.8391],[-101.8602,43.8065],[-101.8302,43.8066],[-101.8302,43.821],[-101.8177,43.8211],[-101.8177,43.8247],[-101.8052,43.8247],[-101.8052,43.8211],[-101.7802,43.8211],[-101.7802,43.8356],[-101.8402,43.8355],[-101.8402,43.8427],[-101.8202,43.8428],[-101.8202,43.85],[-101.8102,43.85],[-101.8102,43.8717],[-101.8402,43.8717],[-101.8402,43.8789],[-101.8352,43.8789],[-101.8352,43.9007],[-101.8502,43.9006],[-101.8503,43.9151],[-101.8553,43.9151]]],[[[-101.7613,43.7597],[-101.7612,43.785],[-101.7802,43.785],[-101.7802,43.7705],[-101.7901,43.7705],[-101.7901,43.756],[-101.7613,43.756],[-101.7613,43.7597]]],[[[-102.2411,43.99],[-102.2416,43.99],[-102.2416,43.9908],[-102.2411,43.9908],[-102.2411,43.99]]],[[[-102.2368,43.99],[-102.2374,43.9899],[-102.2374,43.9901],[-102.2368,43.99]]],[[[-101.8152,43.9585],[-101.8102,43.9585],[-101.8102,43.9657],[-101.7902,43.9657],[-101.7902,43.9585],[-101.766,43.9585],[-101.766,43.9441],[-101.776,43.9441],[-101.7761,43.9369],[-101.7802,43.9369],[-101.7802,43.9441],[-101.8002,43.9441],[-101.8002,43.9513],[-101.8102,43.9513],[-101.8102,43.9224],[-101.8202,43.9223],[-101.8202,43.9296],[-101.8302,43.9296],[-101.8303,43.944],[-101.8202,43.944],[-101.8202,43.9513],[-101.8303,43.9512],[-101.8303,43.9657],[-101.8202,43.9657],[-101.8202,43.9585],[-101.8152,43.9585]]],[[[-101.9096,43.962],[-101.9096,43.9602],[-101.9146,43.9602],[-101.9146,43.9656],[-101.9096,43.9656],[-101.9096,43.962]]],[[[-102.2983,43.962],[-102.2984,43.9439],[-102.2883,43.9439],[-102.2883,43.9403],[-102.2833,43.9403],[-102.2833,43.933],[-102.2783,43.933],[-102.2783,43.9294],[-102.2582,43.9293],[-102.2583,43.9076],[-102.2683,43.9076],[-102.2683,43.9004],[-102.2783,43.9004],[-102.2784,43.9077],[-102.2934,43.9077],[-102.2933,43.9113],[-102.3184,43.9114],[-102.3184,43.9223],[-102.3134,43.9222],[-102.3134,43.9295],[-102.3284,43.9295],[-102.3284,43.9368],[-102.3309,43.9368],[-102.3309,43.944],[-102.3284,43.944],[-102.3284,43.9512],[-102.3183,43.9512],[-102.3183,43.9585],[-102.3083,43.9584],[-102.3083,43.962],[-102.2983,43.962]]],[[[-102.2388,43.9475],[-102.2388,43.9402],[-102.2488,43.9402],[-102.2488,43.9438],[-102.2582,43.9438],[-102.2582,43.9366],[-102.2733,43.9366],[-102.2733,43.9439],[-102.2783,43.9439],[-102.2783,43.9584],[-102.2388,43.9583],[-102.2388,43.9475]]],[[[-101.8954,43.9439],[-101.8996,43.9439],[-101.8996,43.9547],[-101.8804,43.9548],[-101.8804,43.9439],[-101.8954,43.9439]]],[[[-102.889,43.9408],[-102.899,43.9408],[-102.899,43.948],[-102.889,43.948],[-102.889,43.9408]]],[[[-102.9695,43.9373],[-102.9695,43.9336],[-102.9792,43.9336],[-102.9791,43.9409],[-102.9745,43.9409],[-102.9745,43.9373],[-102.9695,43.9373]]],[[[-102.8493,43.8465],[-102.8592,43.8465],[-102.8591,43.861],[-102.8692,43.861],[-102.8692,43.8719],[-102.8992,43.8719],[-102.8993,43.8611],[-102.9193,43.8611],[-102.9193,43.8575],[-102.9243,43.8575],[-102.9243,43.8538],[-102.9293,43.8538],[-102.9293,43.8565],[-102.9343,43.8565],[-102.9343,43.8575],[-102.9444,43.8575],[-102.9444,43.8611],[-102.9494,43.8611],[-102.9493,43.872],[-102.9643,43.872],[-102.9643,43.8756],[-102.9743,43.8756],[-102.9742,43.8901],[-102.9793,43.8901],[-102.9792,43.9264],[-102.9595,43.9264],[-102.9594,43.9336],[-102.889,43.9335],[-102.889,43.9408],[-102.8739,43.9408],[-102.8739,43.9371],[-102.8689,43.9371],[-102.8689,43.9298],[-102.874,43.9299],[-102.8739,43.9335],[-102.879,43.9335],[-102.8791,43.9117],[-102.8292,43.9117],[-102.8292,43.9153],[-102.8041,43.9152],[-102.8041,43.9225],[-102.7991,43.9225],[-102.7991,43.9233],[-102.7976,43.9243],[-102.779,43.9178],[-102.779,43.9225],[-102.774,43.9225],[-102.7739,43.9261],[-102.7589,43.9261],[-102.7589,43.9116],[-102.7438,43.9116],[-102.7438,43.9079],[-102.6836,43.9079],[-102.6836,43.9006],[-102.6886,43.9007],[-102.6886,43.8971],[-102.6786,43.897],[-102.6788,43.8959],[-102.6809,43.8949],[-102.6817,43.8943],[-102.6819,43.8932],[-102.6831,43.8913],[-102.683,43.8898],[-102.6887,43.8898],[-102.6888,43.8862],[-102.6938,43.8862],[-102.6938,43.8826],[-102.6988,43.8826],[-102.6989,43.8754],[-102.7089,43.8754],[-102.7089,43.8718],[-102.7039,43.8718],[-102.704,43.8609],[-102.709,43.8609],[-102.709,43.8555],[-102.724,43.8555],[-102.724,43.8573],[-102.7289,43.8573],[-102.7289,43.8609],[-102.7439,43.8609],[-102.744,43.8464],[-102.739,43.8465],[-102.739,43.8392],[-102.7841,43.8393],[-102.7843,43.8248],[-102.8044,43.8248],[-102.8042,43.8393],[-102.7992,43.8393],[-102.7991,43.8537],[-102.8242,43.8537],[-102.8242,43.8501],[-102.8267,43.8501],[-102.8268,43.8465],[-102.8293,43.8465],[-102.8293,43.8393],[-102.8394,43.8393],[-102.8394,43.832],[-102.8593,43.832],[-102.8592,43.8393],[-102.8494,43.8393],[-102.8493,43.8465]]],[[[-102.9193,43.872],[-102.9192,43.8828],[-102.9393,43.8828],[-102.9393,43.8683],[-102.9193,43.8683],[-102.9193,43.872]]],[[[-102.799,43.8718],[-102.7989,43.8826],[-102.8191,43.8827],[-102.8191,43.8682],[-102.799,43.8682],[-102.799,43.8718]]],[[[-102.8443,43.8465],[-102.8393,43.8465],[-102.8392,43.8574],[-102.8442,43.8574],[-102.8443,43.8556],[-102.8493,43.8556],[-102.8493,43.8465],[-102.8443,43.8465]]],[[[-102.784,43.9243],[-102.784,43.9225],[-102.7865,43.9225],[-102.7865,43.9208],[-102.789,43.9216],[-102.789,43.9243],[-102.784,43.9243]]],[[[-101.8152,43.9079],[-101.8202,43.9079],[-101.8202,43.9151],[-101.8002,43.9152],[-101.8002,43.9079],[-101.8152,43.9079]]],[[[-101.8996,43.8788],[-101.8996,43.886],[-101.8903,43.886],[-101.8903,43.9005],[-101.8703,43.9006],[-101.8703,43.915],[-101.8603,43.9151],[-101.8603,43.9006],[-101.8653,43.9006],[-101.8653,43.897],[-101.8603,43.897],[-101.8602,43.8861],[-101.8702,43.8861],[-101.8703,43.8933],[-101.8803,43.8933],[-101.8803,43.8897],[-101.8753,43.8897],[-101.8752,43.8825],[-101.8802,43.8824],[-101.8802,43.8788],[-101.8996,43.8788]]],[[[-101.8953,43.9078],[-101.8996,43.9078],[-101.8996,43.915],[-101.8903,43.915],[-101.8903,43.9078],[-101.8953,43.9078]]],[[[-101.6017,43.8284],[-101.5717,43.8284],[-101.5717,43.8357],[-101.5617,43.8357],[-101.5617,43.8285],[-101.5517,43.8285],[-101.5517,43.814],[-101.5467,43.814],[-101.5467,43.8212],[-101.5322,43.8212],[-101.5322,43.814],[-101.5417,43.814],[-101.5417,43.8104],[-101.5517,43.8104],[-101.5517,43.8067],[-101.5617,43.8067],[-101.5617,43.8031],[-101.5667,43.8031],[-101.5667,43.7995],[-101.5692,43.7995],[-101.5692,43.7959],[-101.5817,43.7958],[-101.5817,43.8067],[-101.5717,43.8067],[-101.5717,43.8212],[-101.6017,43.8212],[-101.6017,43.8284]]],[[[-102.6983,43.8247],[-102.699,43.8228],[-102.699,43.8247],[-102.6983,43.8247]]],[[[-102.966,43.629],[-102.976,43.629],[-102.976,43.6217],[-102.981,43.6217],[-102.981,43.6253],[-102.991,43.6253],[-102.991,43.6181],[-103.0109,43.6181],[-103.0109,43.6108],[-102.991,43.6108],[-102.991,43.6145],[-102.986,43.6145],[-102.986,43.6105],[-102.988,43.6103],[-102.9897,43.6097],[-102.9922,43.6083],[-102.9953,43.6075],[-102.9983,43.6077],[-103.0008,43.6089],[-103.0009,43.6093],[-103.0026,43.6094],[-103.0059,43.6088],[-103.01,43.6074],[-103.0168,43.6069],[-103.0223,43.6056],[-103.0257,43.6045],[-103.0292,43.6027],[-103.0304,43.6024],[-103.0306,43.6],[-103.033,43.5988],[-103.0361,43.5996],[-103.0388,43.5991],[-103.041,43.5978],[-103.0417,43.5962],[-103.0457,43.5962],[-103.0457,43.5998],[-103.0407,43.5998],[-103.0407,43.6071],[-103.0357,43.6071],[-103.0357,43.6107],[-103.0457,43.6107],[-103.0456,43.6216],[-103.0655,43.6216],[-103.0655,43.6071],[-103.0855,43.6071],[-103.0855,43.6252],[-103.0905,43.6252],[-103.0905,43.6288],[-103.0855,43.6288],[-103.0855,43.6324],[-103.0805,43.6325],[-103.0805,43.6361],[-103.0755,43.6361],[-103.0755,43.6397],[-103.0655,43.6397],[-103.0655,43.6434],[-103.0556,43.6434],[-103.0556,43.6511],[-103.0497,43.6511],[-103.0497,43.6548],[-103.0796,43.6548],[-103.0796,43.662],[-103.0697,43.662],[-103.0697,43.6656],[-103.0397,43.6656],[-103.0397,43.6728],[-103.0447,43.6729],[-103.0447,43.6946],[-103.0197,43.6946],[-103.0197,43.738],[-102.9898,43.738],[-102.9898,43.7344],[-102.9848,43.7344],[-102.9848,43.7308],[-102.9698,43.7307],[-102.9698,43.7235],[-102.9398,43.7234],[-102.9399,43.6944],[-102.9049,43.6944],[-102.9049,43.7053],[-102.8899,43.7052],[-102.8899,43.7125],[-102.8799,43.7125],[-102.8799,43.7089],[-102.8699,43.7088],[-102.8699,43.6907],[-102.8649,43.6907],[-102.8649,43.6834],[-102.8599,43.6834],[-102.8599,43.6871],[-102.8499,43.6871],[-102.8499,43.6907],[-102.8349,43.6907],[-102.8349,43.6979],[-102.8299,43.6979],[-102.8299,43.7052],[-102.8199,43.7052],[-102.82,43.6943],[-102.8052,43.6944],[-102.8044,43.6938],[-102.8062,43.6926],[-102.8112,43.6915],[-102.8111,43.6912],[-102.7959,43.6912],[-102.7958,43.7057],[-102.8037,43.7057],[-102.8038,43.7067],[-102.8033,43.7089],[-102.8023,43.7102],[-102.8018,43.7107],[-102.8003,43.7113],[-102.7981,43.7117],[-102.7963,43.7125],[-102.7946,43.7137],[-102.7937,43.7149],[-102.7927,43.717],[-102.7923,43.7165],[-102.7908,43.7165],[-102.7908,43.7093],[-102.7858,43.7093],[-102.7858,43.7057],[-102.761,43.7057],[-102.761,43.7237],[-102.766,43.7237],[-102.766,43.7274],[-102.7759,43.7274],[-102.7759,43.7238],[-102.7778,43.7238],[-102.7781,43.7248],[-102.7764,43.727],[-102.7777,43.7266],[-102.7779,43.7293],[-102.7768,43.7309],[-102.7734,43.7324],[-102.7676,43.7353],[-102.7662,43.7366],[-102.7652,43.7383],[-102.7653,43.7393],[-102.7629,43.7388],[-102.7615,43.739],[-102.7596,43.7397],[-102.7569,43.7422],[-102.7569,43.7441],[-102.7562,43.7449],[-102.7562,43.7346],[-102.7362,43.7346],[-102.7363,43.7491],[-102.7532,43.7491],[-102.7528,43.7512],[-102.7518,43.7522],[-102.7497,43.7537],[-102.7471,43.7567],[-102.7445,43.7581],[-102.7413,43.759],[-102.7413,43.7595],[-102.7446,43.7589],[-102.7475,43.7571],[-102.7505,43.7539],[-102.7517,43.7534],[-102.7529,43.7523],[-102.7544,43.7523],[-102.7543,43.7595],[-102.7494,43.7595],[-102.7493,43.7631],[-102.7443,43.7631],[-102.7443,43.7667],[-102.7363,43.7669],[-102.7363,43.7676],[-102.7368,43.7677],[-102.7383,43.7691],[-102.7383,43.7704],[-102.7371,43.7719],[-102.7335,43.774],[-102.7323,43.7744],[-102.7308,43.7745],[-102.7253,43.7758],[-102.723,43.777],[-102.7219,43.778],[-102.7215,43.778],[-102.7215,43.7708],[-102.7065,43.7708],[-102.7064,43.7889],[-102.7084,43.7889],[-102.7072,43.7898],[-102.7049,43.7911],[-102.7042,43.7924],[-102.7041,43.7935],[-102.7049,43.7949],[-102.7063,43.7966],[-102.7063,43.7974],[-102.7058,43.7979],[-102.7043,43.798],[-102.7017,43.797],[-102.6991,43.7964],[-102.6975,43.7966],[-102.6955,43.7974],[-102.695,43.7979],[-102.6947,43.7991],[-102.6954,43.8008],[-102.6964,43.8017],[-102.6987,43.8028],[-102.6992,43.8035],[-102.7002,43.8073],[-102.7001,43.8102],[-102.7003,43.8138],[-102.6998,43.8148],[-102.6965,43.8186],[-102.6965,43.8142],[-102.6864,43.8142],[-102.6864,43.8106],[-102.6765,43.8106],[-102.6765,43.7925],[-102.6964,43.7925],[-102.6965,43.778],[-102.6565,43.778],[-102.6565,43.7708],[-102.6515,43.7708],[-102.6515,43.7744],[-102.6465,43.7744],[-102.6465,43.7708],[-102.6166,43.7709],[-102.6166,43.7853],[-102.6068,43.7854],[-102.6067,43.7782],[-102.6017,43.7782],[-102.6018,43.7818],[-102.5968,43.7818],[-102.5968,43.7927],[-102.5918,43.7927],[-102.5919,43.7999],[-102.5969,43.7999],[-102.5969,43.8071],[-102.5869,43.8071],[-102.5869,43.8035],[-102.5819,43.8035],[-102.5819,43.7999],[-102.5769,43.7999],[-102.5768,43.7637],[-102.5569,43.7637],[-102.5569,43.7745],[-102.547,43.7745],[-102.547,43.7781],[-102.537,43.7781],[-102.537,43.7889],[-102.542,43.789],[-102.542,43.7926],[-102.552,43.7926],[-102.552,43.7962],[-102.557,43.7962],[-102.557,43.8071],[-102.527,43.807],[-102.527,43.8143],[-102.512,43.8142],[-102.512,43.8034],[-102.507,43.8034],[-102.507,43.7998],[-102.502,43.7997],[-102.502,43.7961],[-102.497,43.7961],[-102.497,43.7889],[-102.4925,43.7889],[-102.4925,43.7853],[-102.497,43.7853],[-102.497,43.7781],[-102.502,43.7781],[-102.502,43.7673],[-102.5121,43.7673],[-102.512,43.7492],[-102.537,43.7492],[-102.537,43.7419],[-102.5569,43.742],[-102.5569,43.7347],[-102.6067,43.7347],[-102.6066,43.6874],[-102.8086,43.6876],[-102.8092,43.6847],[-102.8093,43.6828],[-102.8099,43.6819],[-102.8108,43.6816],[-102.8126,43.6798],[-102.8137,43.6775],[-102.8159,43.6745],[-102.8163,43.6723],[-102.8161,43.6716],[-102.8144,43.6703],[-102.8132,43.6698],[-102.8127,43.6694],[-102.8125,43.6685],[-102.8132,43.6678],[-102.8153,43.667],[-102.8217,43.6653],[-102.8244,43.6641],[-102.8248,43.662],[-102.8253,43.6611],[-102.826,43.6604],[-102.8266,43.6588],[-102.8275,43.6578],[-102.8298,43.6566],[-102.8312,43.6568],[-102.833,43.658],[-102.8365,43.6595],[-102.8399,43.6628],[-102.8417,43.6639],[-102.8473,43.6655],[-102.8484,43.6654],[-102.849,43.6649],[-102.8492,43.6636],[-102.8485,43.6613],[-102.8499,43.6598],[-102.851,43.659],[-102.8525,43.6583],[-102.8539,43.6581],[-102.8596,43.6585],[-102.8621,43.6597],[-102.8627,43.661],[-102.8628,43.6624],[-102.8631,43.6627],[-102.8631,43.6632],[-102.8619,43.6666],[-102.8619,43.6675],[-102.8625,43.6683],[-102.8634,43.6689],[-102.8648,43.6691],[-102.867,43.6688],[-102.8706,43.6673],[-102.8717,43.667],[-102.8727,43.6671],[-102.8755,43.6678],[-102.8769,43.6687],[-102.8786,43.6692],[-102.8818,43.6709],[-102.8868,43.6712],[-102.8877,43.6717],[-102.8918,43.6722],[-102.9025,43.6749],[-102.909,43.6745],[-102.9109,43.6739],[-102.9112,43.6734],[-102.911,43.6726],[-102.915,43.6726],[-102.915,43.669],[-102.92,43.669],[-102.92,43.6654],[-102.925,43.6654],[-102.925,43.6618],[-102.9399,43.6618],[-102.9399,43.6582],[-102.9299,43.6582],[-102.9299,43.651],[-102.936,43.651],[-102.936,43.6434],[-102.946,43.6434],[-102.946,43.6471],[-102.951,43.6471],[-102.951,43.6398],[-102.956,43.6398],[-102.956,43.6435],[-102.966,43.6435],[-102.966,43.6398],[-102.971,43.6398],[-102.971,43.6362],[-102.966,43.6362],[-102.966,43.629]]],[[[-102.9499,43.6691],[-102.9499,43.6727],[-102.9649,43.6728],[-102.9649,43.6764],[-102.9748,43.6764],[-102.9748,43.68],[-102.9799,43.68],[-102.9799,43.6728],[-102.9748,43.6728],[-102.9749,43.6546],[-102.9699,43.6546],[-102.9699,43.651],[-102.9599,43.651],[-102.9599,43.6655],[-102.9499,43.6655],[-102.9499,43.6691]]],[[[-102.985,43.651],[-102.98,43.651],[-102.9799,43.6655],[-102.9998,43.6655],[-102.9999,43.651],[-102.985,43.651]]],[[[-103.0198,43.6583],[-103.0248,43.6583],[-103.0248,43.662],[-103.0397,43.662],[-103.0397,43.6547],[-103.0198,43.6547],[-103.0198,43.6583]]],[[[-102.6766,43.6949],[-102.6766,43.7057],[-102.6965,43.7058],[-102.6965,43.6913],[-102.6765,43.6913],[-102.6766,43.6949]]],[[[-102.6215,43.7455],[-102.6165,43.7455],[-102.6165,43.7491],[-102.6265,43.7491],[-102.6265,43.7455],[-102.6215,43.7455]]],[[[-102.5669,43.7565],[-102.5718,43.7565],[-102.5718,43.7528],[-102.5669,43.7528],[-102.5669,43.7565]]],[[[-102.6116,43.7564],[-102.6067,43.7564],[-102.6067,43.7637],[-102.6165,43.7636],[-102.6165,43.7564],[-102.6116,43.7564]]],[[[-103.0109,43.629],[-103.0108,43.6326],[-103.0059,43.6326],[-103.0059,43.6362],[-103.0158,43.6362],[-103.0158,43.6289],[-103.0208,43.6289],[-103.0208,43.6216],[-103.006,43.6217],[-103.0059,43.6254],[-103.0109,43.6253],[-103.0109,43.629]]],[[[-102.1887,43.8101],[-102.1887,43.8065],[-102.1787,43.8065],[-102.1786,43.7993],[-102.1686,43.7993],[-102.1686,43.792],[-102.1586,43.792],[-102.1586,43.7776],[-102.1386,43.7777],[-102.1386,43.7632],[-102.099,43.763],[-102.099,43.7558],[-102.069,43.7557],[-102.0689,43.763],[-102.0192,43.7629],[-102.0192,43.7484],[-101.9995,43.7484],[-101.9994,43.7339],[-102.0241,43.7339],[-102.0241,43.7412],[-102.0391,43.7412],[-102.0391,43.7484],[-102.0591,43.7485],[-102.0591,43.7412],[-102.0691,43.7412],[-102.069,43.7376],[-102.079,43.7376],[-102.079,43.734],[-102.094,43.7341],[-102.094,43.7304],[-102.099,43.7304],[-102.0989,43.7086],[-102.0789,43.7086],[-102.0789,43.6978],[-102.0889,43.6978],[-102.0889,43.705],[-102.111,43.7051],[-102.112,43.7064],[-102.1122,43.7087],[-102.1139,43.7104],[-102.115,43.7121],[-102.1156,43.7122],[-102.1171,43.7118],[-102.118,43.7111],[-102.1187,43.71],[-102.1193,43.7124],[-102.1189,43.7135],[-102.1189,43.7159],[-102.1239,43.7159],[-102.1239,43.7341],[-102.1486,43.7341],[-102.1486,43.7305],[-102.1536,43.7305],[-102.1536,43.7233],[-102.1586,43.7232],[-102.1586,43.7196],[-102.1686,43.7196],[-102.1686,43.7183],[-102.1732,43.7188],[-102.1732,43.7195],[-102.1736,43.7195],[-102.1736,43.7188],[-102.1737,43.7195],[-102.174,43.7195],[-102.174,43.7189],[-102.1778,43.7193],[-102.1778,43.7189],[-102.174,43.7185],[-102.1741,43.7163],[-102.1737,43.7163],[-102.1737,43.7184],[-102.1736,43.7182],[-102.1732,43.7184],[-102.1686,43.7179],[-102.1686,43.7015],[-102.1735,43.7015],[-102.1735,43.6979],[-102.1885,43.6978],[-102.1885,43.7014],[-102.1835,43.7014],[-102.1835,43.7051],[-102.1985,43.705],[-102.1985,43.6978],[-102.2284,43.6977],[-102.2284,43.6875],[-102.3135,43.6875],[-102.3135,43.6903],[-102.3185,43.6903],[-102.3185,43.7048],[-102.3385,43.7048],[-102.3385,43.7012],[-102.3485,43.7012],[-102.3485,43.7157],[-102.3435,43.7157],[-102.3435,43.7193],[-102.3435,43.7229],[-102.3485,43.7229],[-102.3485,43.7338],[-102.3584,43.7338],[-102.3585,43.7483],[-102.3777,43.7483],[-102.3777,43.7628],[-102.3385,43.7627],[-102.3385,43.7772],[-102.2985,43.7772],[-102.2985,43.7845],[-102.2935,43.7845],[-102.2935,43.7882],[-102.2885,43.7882],[-102.2885,43.7918],[-102.1986,43.792],[-102.1987,43.8137],[-102.1887,43.8137],[-102.1887,43.8101]]],[[[-102.2435,43.7193],[-102.2385,43.7193],[-102.2386,43.7411],[-102.2486,43.7411],[-102.2485,43.7193],[-102.2435,43.7193]]],[[[-102.1736,43.7304],[-102.1687,43.7311],[-102.1687,43.732],[-102.1786,43.7305],[-102.1786,43.7297],[-102.1736,43.7304]]],[[[-102.1869,43.7285],[-102.1836,43.7289],[-102.1836,43.7297],[-102.1936,43.7282],[-102.1936,43.7277],[-102.1916,43.7278],[-102.1916,43.7261],[-102.1869,43.7261],[-102.1869,43.7285]]],[[[-102.1786,43.7193],[-102.1836,43.7195],[-102.1986,43.7195],[-102.1986,43.7191],[-102.1786,43.7189],[-102.1786,43.7193]]],[[[-102.1729,43.7159],[-102.1728,43.7174],[-102.1736,43.7174],[-102.1736,43.7159],[-102.1732,43.7159],[-102.1732,43.7153],[-102.1729,43.7153],[-102.1729,43.7159]]],[[[-102.1729,43.7147],[-102.1729,43.7151],[-102.1732,43.7151],[-102.1732,43.7147],[-102.1729,43.7147]]],[[[-102.1729,43.7144],[-102.1732,43.7146],[-102.1732,43.7144],[-102.1729,43.7144]]],[[[-102.1736,43.7136],[-102.1729,43.7138],[-102.1736,43.7138],[-102.1736,43.7136]]],[[[-102.1729,43.7133],[-102.1732,43.7135],[-102.1732,43.7133],[-102.1729,43.7133]]],[[[-102.1736,43.7125],[-102.1732,43.7125],[-102.1732,43.7128],[-102.1736,43.7128],[-102.1736,43.7125]]],[[[-101.5222,43.7995],[-101.5272,43.7995],[-101.5272,43.8068],[-101.5222,43.8068],[-101.5222,43.7995]]],[[[-101.5418,43.8031],[-101.5418,43.7995],[-101.5371,43.7995],[-101.5372,43.8031],[-101.5322,43.8031],[-101.5321,43.7959],[-101.5272,43.7959],[-101.5271,43.7778],[-101.5371,43.7778],[-101.5371,43.7959],[-101.5418,43.7959],[-101.5418,43.7851],[-101.5518,43.785],[-101.5518,43.7886],[-101.5468,43.7887],[-101.5467,43.8067],[-101.5417,43.8067],[-101.5418,43.8031]]],[[[-102.7092,43.7993],[-102.7092,43.7956],[-102.7069,43.7956],[-102.7059,43.7949],[-102.7049,43.793],[-102.7056,43.7914],[-102.7107,43.7881],[-102.7147,43.7843],[-102.7165,43.7834],[-102.7191,43.7824],[-102.7208,43.7812],[-102.7212,43.78],[-102.7227,43.778],[-102.7253,43.7763],[-102.7261,43.7759],[-102.7279,43.7776],[-102.7292,43.7776],[-102.7291,43.7884],[-102.7191,43.7884],[-102.7191,43.8065],[-102.7091,43.8065],[-102.7092,43.7993]]],[[[-102.6966,43.7979],[-102.6984,43.7973],[-102.7014,43.7993],[-102.7042,43.7993],[-102.7041,43.8065],[-102.7008,43.8065],[-102.7002,43.8038],[-102.6992,43.8021],[-102.697,43.8011],[-102.6959,43.7997],[-102.6959,43.7985],[-102.6966,43.7979]]],[[[-101.9346,43.7847],[-101.9396,43.7846],[-101.9396,43.7919],[-101.9195,43.7919],[-101.9196,43.7847],[-101.9346,43.7847]]],[[[-102.547,43.7854],[-102.547,43.7817],[-102.557,43.7818],[-102.557,43.789],[-102.547,43.789],[-102.547,43.7854]]],[[[-102.9394,43.7851],[-102.9394,43.7814],[-102.9145,43.7814],[-102.9145,43.7741],[-102.8996,43.7741],[-102.8996,43.7669],[-102.9096,43.7669],[-102.9096,43.7596],[-102.9196,43.7597],[-102.9196,43.7633],[-102.9296,43.7633],[-102.9296,43.7669],[-102.9495,43.767],[-102.9494,43.7815],[-102.9444,43.7814],[-102.9444,43.7851],[-102.9394,43.7851]]],[[[-102.8495,43.7705],[-102.8496,43.756],[-102.8446,43.756],[-102.8446,43.7596],[-102.8396,43.7596],[-102.8396,43.756],[-102.8346,43.7559],[-102.8347,43.7523],[-102.8797,43.7524],[-102.8798,43.7379],[-102.8948,43.7379],[-102.8948,43.7451],[-102.8848,43.7451],[-102.8847,43.7524],[-102.8897,43.7524],[-102.8897,43.7487],[-102.8947,43.7487],[-102.8947,43.756],[-102.8897,43.756],[-102.8897,43.7596],[-102.8796,43.7596],[-102.8796,43.7632],[-102.8846,43.7632],[-102.8846,43.7669],[-102.8796,43.7668],[-102.8795,43.7813],[-102.8494,43.7813],[-102.8495,43.7705]]],[[[-102.7374,43.7724],[-102.7389,43.7707],[-102.7392,43.7708],[-102.7392,43.774],[-102.7347,43.7738],[-102.7374,43.7724]]],[[[-102.4225,43.7492],[-102.4125,43.7492],[-102.4126,43.7348],[-102.4026,43.7348],[-102.4026,43.7312],[-102.3976,43.7312],[-102.3976,43.7203],[-102.4026,43.7203],[-102.4026,43.7131],[-102.4275,43.7131],[-102.4275,43.7058],[-102.4475,43.7058],[-102.4475,43.7131],[-102.4525,43.7131],[-102.4525,43.7167],[-102.4574,43.7167],[-102.4574,43.7095],[-102.4774,43.7094],[-102.4774,43.6913],[-102.4874,43.6913],[-102.4874,43.6875],[-102.5369,43.6875],[-102.5369,43.7057],[-102.5269,43.7057],[-102.527,43.7311],[-102.537,43.7311],[-102.537,43.7347],[-102.497,43.7348],[-102.497,43.742],[-102.4774,43.742],[-102.4774,43.7492],[-102.4575,43.7492],[-102.4574,43.7564],[-102.4525,43.7564],[-102.4525,43.7492],[-102.4375,43.7493],[-102.4375,43.771],[-102.4225,43.771],[-102.4225,43.7492]]],[[[-102.4156,43.7239],[-102.4176,43.7265],[-102.4176,43.7255],[-102.4165,43.7239],[-102.4156,43.7239]]],[[[-102.4126,43.7203],[-102.413,43.7203],[-102.4126,43.72],[-102.4126,43.7203]]],[[[-101.6316,43.7633],[-101.6217,43.7633],[-101.6217,43.7669],[-101.6117,43.7669],[-101.6117,43.7705],[-101.5767,43.7706],[-101.5767,43.767],[-101.5667,43.767],[-101.5667,43.7634],[-101.5617,43.7634],[-101.5617,43.7706],[-101.5518,43.7706],[-101.5518,43.7598],[-101.5568,43.7598],[-101.5567,43.7489],[-101.5717,43.7489],[-101.5717,43.7525],[-101.5867,43.7525],[-101.5867,43.7561],[-101.6017,43.7561],[-101.6017,43.7525],[-101.6317,43.7524],[-101.6316,43.7633]]],[[[-101.5767,43.7634],[-101.5817,43.7633],[-101.5817,43.7561],[-101.5667,43.7561],[-101.5667,43.7597],[-101.5767,43.7597],[-101.5767,43.7634]]],[[[-102.7627,43.7395],[-102.764,43.7394],[-102.7652,43.7397],[-102.7643,43.7417],[-102.7671,43.7437],[-102.7682,43.7458],[-102.7678,43.7474],[-102.7671,43.7481],[-102.7593,43.7483],[-102.7566,43.749],[-102.7562,43.7483],[-102.7562,43.7477],[-102.7543,43.7472],[-102.7565,43.7454],[-102.7593,43.7413],[-102.7607,43.7401],[-102.7615,43.7397],[-102.7627,43.7395]]],[[[-101.6017,43.7467],[-101.6017,43.7488],[-101.5992,43.7488],[-101.6017,43.7467]]],[[[-101.89,43.7486],[-101.89,43.7449],[-101.885,43.7449],[-101.885,43.7413],[-101.88,43.7413],[-101.88,43.7377],[-101.875,43.7377],[-101.875,43.7196],[-101.86,43.7197],[-101.86,43.6979],[-101.885,43.6979],[-101.885,43.7015],[-101.89,43.7015],[-101.89,43.6942],[-101.885,43.6943],[-101.885,43.6906],[-101.8796,43.6906],[-101.8797,43.69],[-101.8817,43.687],[-101.8838,43.6858],[-101.885,43.6855],[-101.885,43.687],[-101.89,43.687],[-101.89,43.6906],[-101.8942,43.6906],[-101.8964,43.6921],[-101.898,43.6923],[-101.8997,43.6933],[-101.8996,43.7051],[-101.9296,43.705],[-101.9296,43.7123],[-101.9346,43.7122],[-101.9346,43.7159],[-101.9395,43.7159],[-101.9396,43.705],[-101.9414,43.705],[-101.942,43.7052],[-101.9462,43.7076],[-101.9488,43.708],[-101.9496,43.7077],[-101.9496,43.7122],[-101.9546,43.7122],[-101.9545,43.7194],[-101.943,43.7195],[-101.9409,43.7184],[-101.9395,43.7168],[-101.9395,43.7195],[-101.9295,43.7195],[-101.9296,43.7268],[-101.9395,43.7267],[-101.9396,43.7322],[-101.9296,43.7322],[-101.9296,43.734],[-101.9196,43.734],[-101.9196,43.7268],[-101.9096,43.7268],[-101.9096,43.7304],[-101.9146,43.7304],[-101.9146,43.734],[-101.8996,43.7341],[-101.8996,43.7485],[-101.89,43.7486]]],[[[-102.8247,43.745],[-102.8248,43.7414],[-102.8197,43.7414],[-102.8198,43.7378],[-102.8148,43.7378],[-102.8148,43.7341],[-102.8248,43.7342],[-102.8248,43.7305],[-102.8398,43.7306],[-102.8398,43.7414],[-102.8298,43.7414],[-102.8297,43.7451],[-102.8247,43.745]]],[[[-101.9645,43.7375],[-101.9645,43.7339],[-101.9595,43.7339],[-101.9595,43.7194],[-101.9695,43.7194],[-101.9695,43.7375],[-101.9795,43.7375],[-101.9795,43.7411],[-101.9645,43.7411],[-101.9645,43.7375]]],[[[-102.1878,43.7275],[-102.1883,43.7274],[-102.1883,43.728],[-102.1878,43.728],[-102.1878,43.7275]]],[[[-102.1878,43.7268],[-102.1883,43.7267],[-102.1883,43.7271],[-102.1878,43.7271],[-102.1878,43.7268]]],[[[-102.1871,43.7264],[-102.1877,43.7263],[-102.1877,43.7271],[-102.1871,43.7271],[-102.1871,43.7264]]],[[[-102.1878,43.7263],[-102.1883,43.7263],[-102.1883,43.7264],[-102.1878,43.7263]]],[[[-102.7796,43.7199],[-102.7809,43.7201],[-102.782,43.721],[-102.7848,43.7221],[-102.7848,43.7233],[-102.782,43.7233],[-102.7796,43.7199]]],[[[-101.739,43.709],[-101.739,43.7053],[-101.744,43.7053],[-101.744,43.709],[-101.739,43.709]]],[[[-101.9046,43.6978],[-101.9046,43.6946],[-101.9061,43.695],[-101.9074,43.6956],[-101.9091,43.6958],[-101.9105,43.6964],[-101.9124,43.6969],[-101.9142,43.697],[-101.9146,43.6967],[-101.9146,43.7014],[-101.9046,43.7015],[-101.9046,43.6978]]],[[[-102.2034,43.6905],[-102.2084,43.6905],[-102.2084,43.6941],[-102.1985,43.6942],[-102.1984,43.6905],[-102.2034,43.6905]]],[[[-102.9308,43.6281],[-102.9304,43.6278],[-102.929,43.6279],[-102.9279,43.6274],[-102.9272,43.6268],[-102.9269,43.6261],[-102.9272,43.6254],[-102.936,43.6253],[-102.936,43.6362],[-102.9299,43.6362],[-102.9313,43.6331],[-102.9327,43.6309],[-102.9325,43.6294],[-102.9308,43.6281]]],[[[-102.966,43.629],[-102.956,43.629],[-102.956,43.6217],[-102.9661,43.6217],[-102.966,43.629]]],[[[-102.951,43.6159],[-102.951,43.6217],[-102.946,43.6217],[-102.946,43.6173],[-102.951,43.6159]]],[[[-103.1044,43.5926],[-103.1044,43.5962],[-103.1004,43.5962],[-103.1004,43.5999],[-103.1143,43.5999],[-103.1141,43.6144],[-103.1042,43.6143],[-103.1042,43.6179],[-103.1004,43.6179],[-103.1004,43.6143],[-103.0954,43.6143],[-103.0954,43.5999],[-103.0905,43.5999],[-103.0905,43.5962],[-103.0954,43.5962],[-103.0954,43.5926],[-103.1044,43.5926]]],[[[-103.001,43.6072],[-103.001,43.6036],[-103.0109,43.6036],[-103.0109,43.5999],[-103.0158,43.5999],[-103.0158,43.6035],[-103.0208,43.6035],[-103.0208,43.5999],[-103.029,43.5999],[-103.0291,43.6019],[-103.0221,43.605],[-103.0171,43.6061],[-103.011,43.6064],[-103.0059,43.6072],[-103.001,43.6072]]],[[[-103.0308,43.5982],[-103.0308,43.5962],[-103.0404,43.5962],[-103.0403,43.5969],[-103.0381,43.5981],[-103.0322,43.5976],[-103.0308,43.5982]]],[[[-103.1044,43.5926],[-103.1045,43.5818],[-103.1004,43.5818],[-103.1004,43.5745],[-103.0706,43.5745],[-103.0706,43.5709],[-103.0656,43.5709],[-103.0656,43.5745],[-103.0634,43.5745],[-103.062,43.5719],[-103.0568,43.5696],[-103.056,43.5689],[-103.055,43.5671],[-103.0551,43.5664],[-103.0568,43.5637],[-103.057,43.5624],[-103.0581,43.5599],[-103.0572,43.5574],[-103.0564,43.5565],[-103.0756,43.5565],[-103.0756,43.5529],[-103.0805,43.5529],[-103.0805,43.5493],[-103.0954,43.5492],[-103.0955,43.5637],[-103.1046,43.5637],[-103.1045,43.5781],[-103.1194,43.5782],[-103.1194,43.5854],[-103.1293,43.5855],[-103.1293,43.5891],[-103.1094,43.589],[-103.1094,43.5926],[-103.1044,43.5926]]],[[[-103.0656,43.5673],[-103.0607,43.5673],[-103.0607,43.5709],[-103.0656,43.5709],[-103.0656,43.5673]]],[[[-103.0457,43.5889],[-103.0457,43.5854],[-103.0507,43.5854],[-103.0507,43.5781],[-103.0607,43.5781],[-103.0607,43.5745],[-103.0624,43.5745],[-103.0636,43.5772],[-103.0634,43.5789],[-103.0608,43.5816],[-103.0607,43.5832],[-103.0615,43.5847],[-103.0586,43.586],[-103.055,43.5881],[-103.0505,43.5881],[-103.0425,43.5926],[-103.0358,43.5926],[-103.0358,43.589],[-103.0457,43.5889]]],[[[-103.0444,43.5926],[-103.0457,43.5922],[-103.0458,43.5926],[-103.0444,43.5926]]],[[[-103.0596,43.5867],[-103.0606,43.5865],[-103.0606,43.589],[-103.0553,43.589],[-103.0596,43.5867]]],[[[-103.0059,43.5782],[-103.0109,43.5782],[-103.0109,43.5854],[-103.001,43.5855],[-103.001,43.5782],[-103.0059,43.5782]]],[[[-103.0209,43.5709],[-103.0258,43.5709],[-103.0259,43.5745],[-103.0209,43.5745],[-103.0209,43.5782],[-103.0159,43.5782],[-103.0159,43.5709],[-103.0209,43.5709]]],[[[-103.0458,43.5745],[-103.0458,43.5709],[-103.0507,43.5709],[-103.0507,43.5745],[-103.0458,43.5745]]],[[[-103.1046,43.5637],[-103.1047,43.5564],[-103.1146,43.5564],[-103.1147,43.5492],[-103.1345,43.5492],[-103.1346,43.5347],[-103.1445,43.5348],[-103.1445,43.5384],[-103.1544,43.5384],[-103.1544,43.5492],[-103.1445,43.5492],[-103.1444,43.5638],[-103.1345,43.5638],[-103.1345,43.5564],[-103.1246,43.5564],[-103.1245,43.5637],[-103.1046,43.5637]]],[[[-103.0109,43.5493],[-103.0158,43.5493],[-103.0159,43.5565],[-103.0059,43.5565],[-103.0059,43.5493],[-103.0109,43.5493]]],[[[-103.0507,43.5384],[-103.0506,43.5348],[-103.056,43.5348],[-103.0538,43.5375],[-103.053,43.5399],[-103.0521,43.541],[-103.0518,43.542],[-103.0507,43.542],[-103.0507,43.5384]]],[[[-103.0307,43.5275],[-103.0357,43.5275],[-103.0357,43.5348],[-103.0307,43.5348],[-103.0307,43.5275]]],[[[-103.0158,43.5276],[-103.0158,43.5239],[-103.001,43.5239],[-103.001,43.5167],[-103.0058,43.5167],[-103.0058,43.5203],[-103.0208,43.5203],[-103.0208,43.5275],[-103.0158,43.5276]]],[[[-103.0506,43.5095],[-103.059,43.5095],[-103.0577,43.5114],[-103.0543,43.5155],[-103.0545,43.5189],[-103.055,43.5203],[-103.0506,43.5203],[-103.0506,43.5095]]],[[[-103.1246,43.5203],[-103.1246,43.5166],[-103.1296,43.5166],[-103.1296,43.513],[-103.1445,43.513],[-103.1445,43.5203],[-103.1246,43.5203]]],[[[-103.0407,43.2236],[-103.0506,43.2236],[-103.0506,43.2164],[-103.0704,43.2164],[-103.0704,43.22],[-103.0655,43.22],[-103.0655,43.2273],[-103.0803,43.2273],[-103.0803,43.2309],[-103.1002,43.2309],[-103.1002,43.2382],[-103.1349,43.2382],[-103.1349,43.231],[-103.1497,43.231],[-103.1497,43.2527],[-103.1398,43.2527],[-103.1398,43.2745],[-103.1299,43.2745],[-103.1299,43.2861],[-103.1249,43.2845],[-103.1249,43.2853],[-103.12,43.2853],[-103.12,43.3034],[-103.1047,43.3034],[-103.1047,43.3179],[-103.1245,43.3179],[-103.1245,43.307],[-103.1295,43.307],[-103.1295,43.3107],[-103.1344,43.3107],[-103.1344,43.3179],[-103.1691,43.3179],[-103.1692,43.3252],[-103.184,43.3252],[-103.184,43.3179],[-103.1939,43.318],[-103.194,43.3324],[-103.1543,43.3324],[-103.1543,43.3469],[-103.1048,43.3468],[-103.1049,43.3901],[-103.0952,43.3901],[-103.0952,43.4046],[-103.1049,43.4046],[-103.105,43.4118],[-103.1001,43.4118],[-103.1002,43.4371],[-103.0803,43.4371],[-103.0804,43.4552],[-103.0754,43.4552],[-103.0754,43.4769],[-103.0356,43.4768],[-103.0356,43.4625],[-103.0009,43.4624],[-103.0008,43.2308],[-103.011,43.2308],[-103.011,43.2272],[-103.0308,43.2272],[-103.0308,43.2308],[-103.0407,43.2308],[-103.0407,43.2236]]],[[[-103.0602,43.3469],[-103.0949,43.3469],[-103.0948,43.3034],[-103.0902,43.3034],[-103.0902,43.2672],[-103.1001,43.2672],[-103.1001,43.2527],[-103.0803,43.2527],[-103.0803,43.2599],[-103.0704,43.2599],[-103.0704,43.2861],[-103.068,43.2866],[-103.0629,43.2864],[-103.0568,43.2847],[-103.0527,43.2817],[-103.0505,43.2809],[-103.0505,43.2925],[-103.0555,43.2925],[-103.0555,43.3034],[-103.0551,43.3034],[-103.0551,43.3142],[-103.0601,43.3142],[-103.0602,43.3469]]],[[[-103.0555,43.2454],[-103.0407,43.2453],[-103.0407,43.2526],[-103.0605,43.2526],[-103.0605,43.2454],[-103.0555,43.2454]]],[[[-103.0605,43.2454],[-103.0704,43.2454],[-103.0704,43.2381],[-103.0605,43.2381],[-103.0605,43.2454]]],[[[-104.0197,43.0013],[-104.053,43.0006],[-104.0535,43.1306],[-104.0102,43.1305],[-104.0102,43.116],[-104.0052,43.116],[-104.0052,43.1016],[-104.015,43.1016],[-104.0149,43.0872],[-103.9952,43.0871],[-103.9953,43.1015],[-103.9657,43.1015],[-103.9657,43.1051],[-103.9509,43.105],[-103.9509,43.1086],[-103.936,43.1086],[-103.9361,43.1303],[-103.9756,43.1304],[-103.9757,43.21],[-103.9856,43.2101],[-103.9856,43.2137],[-103.9905,43.2137],[-103.9905,43.2173],[-104.0351,43.2174],[-104.0351,43.2319],[-104.0539,43.2319],[-104.0539,43.2898],[-104.0542,43.3043],[-104.0252,43.3043],[-104.0252,43.3007],[-104.0301,43.3007],[-104.0301,43.297],[-104.0351,43.2971],[-104.0351,43.2826],[-104.0252,43.2825],[-104.0252,43.2789],[-104.0153,43.2789],[-104.0153,43.2861],[-104.0054,43.2861],[-104.0054,43.2898],[-103.9955,43.2897],[-103.9954,43.3006],[-104.0004,43.3006],[-104.0004,43.297],[-104.0153,43.297],[-104.0153,43.3043],[-104.0195,43.3043],[-104.0198,43.326],[-104.0297,43.326],[-104.0298,43.3333],[-104.0348,43.3333],[-104.0349,43.3478],[-104.0449,43.3478],[-104.0448,43.3405],[-104.0545,43.3405],[-104.0547,43.3839],[-104.0452,43.3839],[-104.0452,43.3911],[-104.0353,43.3912],[-104.0352,43.3767],[-104.0154,43.3767],[-104.0154,43.3912],[-103.9956,43.3913],[-103.9955,43.384],[-103.9657,43.384],[-103.9656,43.3767],[-103.9706,43.3767],[-103.9706,43.3731],[-103.9656,43.3731],[-103.9656,43.3695],[-103.9556,43.3695],[-103.9557,43.3767],[-103.9457,43.3766],[-103.9457,43.3802],[-103.9357,43.3801],[-103.9357,43.3765],[-103.9304,43.3765],[-103.9304,43.3729],[-103.9255,43.3729],[-103.9254,43.3656],[-103.9205,43.3656],[-103.9205,43.3475],[-103.9304,43.3475],[-103.9304,43.3439],[-103.9056,43.3439],[-103.9056,43.3367],[-103.9155,43.3367],[-103.9155,43.333],[-103.9553,43.3332],[-103.9552,43.3187],[-103.9354,43.3186],[-103.9354,43.315],[-103.9255,43.315],[-103.9255,43.3077],[-103.9156,43.3077],[-103.9155,43.3186],[-103.8957,43.3186],[-103.8958,43.3041],[-103.9169,43.3041],[-103.9169,43.3004],[-103.9268,43.3005],[-103.9268,43.2932],[-103.9169,43.2932],[-103.917,43.2896],[-103.8972,43.2896],[-103.8972,43.2678],[-103.917,43.2679],[-103.917,43.2715],[-103.922,43.2715],[-103.922,43.2534],[-103.936,43.2534],[-103.936,43.2317],[-103.9558,43.2317],[-103.9558,43.2209],[-103.9658,43.2209],[-103.9657,43.2245],[-103.9707,43.2245],[-103.9707,43.2173],[-103.9658,43.2173],[-103.9658,43.2136],[-103.9558,43.2136],[-103.9509,43.2136],[-103.9509,43.2172],[-103.9122,43.2172],[-103.9122,43.2389],[-103.8973,43.2389],[-103.8973,43.2316],[-103.8874,43.2316],[-103.8874,43.2244],[-103.8973,43.2244],[-103.8973,43.2172],[-103.8825,43.2171],[-103.8825,43.2027],[-103.9018,43.2079],[-103.9205,43.208],[-103.9441,43.2072],[-103.9634,43.2029],[-103.968,43.2016],[-103.9684,43.1755],[-103.9686,43.1741],[-103.9707,43.169],[-103.9707,43.1533],[-103.9684,43.1521],[-103.9677,43.1515],[-103.9678,43.1393],[-103.9675,43.138],[-103.9664,43.1371],[-103.9653,43.1366],[-103.9608,43.1361],[-103.9581,43.1362],[-103.9547,43.1369],[-103.9413,43.1409],[-103.9409,43.1412],[-103.9405,43.1418],[-103.9397,43.1452],[-103.9336,43.1466],[-103.9282,43.152],[-103.9171,43.152],[-103.9142,43.1527],[-103.9112,43.1541],[-103.8975,43.1546],[-103.8939,43.1545],[-103.8831,43.1532],[-103.8765,43.1531],[-103.8755,43.1536],[-103.8698,43.1575],[-103.8685,43.158],[-103.8648,43.1587],[-103.8616,43.1603],[-103.8601,43.1616],[-103.8587,43.1633],[-103.8577,43.1664],[-103.8577,43.152],[-103.8528,43.152],[-103.8528,43.1375],[-103.8429,43.1375],[-103.8429,43.123],[-103.838,43.1229],[-103.838,43.1085],[-103.8676,43.1085],[-103.8676,43.0976],[-103.8725,43.0976],[-103.8725,43.094],[-103.8774,43.094],[-103.8773,43.0795],[-103.8872,43.0796],[-103.8872,43.0651],[-103.897,43.0651],[-103.8968,43.0217],[-103.9067,43.0217],[-103.9067,43.029],[-103.9166,43.029],[-103.9167,43.0344],[-103.9358,43.0344],[-103.9358,43.0326],[-103.9555,43.0328],[-103.9555,43.0364],[-103.9654,43.0364],[-103.9654,43.0292],[-104.0196,43.0294],[-104.0196,43.0221],[-104.0147,43.0221],[-104.0146,43.0014],[-104.0197,43.0013]]],[[[-104.0153,43.3731],[-104.0151,43.3477],[-103.9952,43.3477],[-103.9954,43.3622],[-103.9854,43.3622],[-103.9854,43.3658],[-104.0004,43.3658],[-104.0005,43.3767],[-104.0154,43.3767],[-104.0153,43.3731]]],[[[-103.9406,43.3584],[-103.9406,43.362],[-103.9655,43.3622],[-103.9653,43.3405],[-103.9554,43.3404],[-103.9555,43.3549],[-103.9405,43.3548],[-103.9406,43.3584]]],[[[-103.975,43.3078],[-103.975,43.3115],[-103.9849,43.3115],[-103.9848,43.3042],[-103.9855,43.3042],[-103.9856,43.2897],[-103.9756,43.2897],[-103.9756,43.3042],[-103.9749,43.3042],[-103.975,43.3078]]],[[[-103.9955,43.2716],[-103.9955,43.2753],[-104.0153,43.2753],[-104.0153,43.268],[-104.0252,43.2681],[-104.0252,43.2608],[-103.9955,43.2608],[-103.9955,43.2716]]],[[[-104.0054,43.2354],[-104.0054,43.2391],[-104.0153,43.2391],[-104.0153,43.2318],[-104.0054,43.2318],[-104.0054,43.2354]]],[[[-103.9756,43.2281],[-103.9756,43.239],[-103.9856,43.239],[-103.9856,43.2245],[-103.9757,43.2245],[-103.9756,43.2281]]],[[[-103.8661,43.3077],[-103.8612,43.3077],[-103.8611,43.3113],[-103.8562,43.3113],[-103.8562,43.3041],[-103.8576,43.3041],[-103.8576,43.2859],[-103.8675,43.2859],[-103.8675,43.2823],[-103.8824,43.2823],[-103.8823,43.2895],[-103.8774,43.2895],[-103.8774,43.3004],[-103.8873,43.3004],[-103.8873,43.3041],[-103.8859,43.3041],[-103.8859,43.3113],[-103.8661,43.3113],[-103.8661,43.3077]]],[[[-103.8576,43.2823],[-103.8576,43.275],[-103.8626,43.2751],[-103.8626,43.2714],[-103.8428,43.2714],[-103.8428,43.2678],[-103.8378,43.2678],[-103.8379,43.2533],[-103.8329,43.2533],[-103.8329,43.246],[-103.8428,43.2461],[-103.8428,43.2533],[-103.8527,43.2533],[-103.8527,43.2461],[-103.8478,43.2461],[-103.8478,43.2316],[-103.8676,43.2316],[-103.8676,43.2461],[-103.8577,43.2461],[-103.8577,43.2497],[-103.8676,43.2497],[-103.8676,43.2533],[-103.8725,43.2533],[-103.8725,43.2606],[-103.8775,43.2606],[-103.8774,43.2751],[-103.8824,43.2751],[-103.8824,43.2787],[-103.8626,43.2787],[-103.8626,43.2823],[-103.8576,43.2823]]],[[[-103.8478,43.2606],[-103.8577,43.2606],[-103.8576,43.2678],[-103.8626,43.2678],[-103.8626,43.2533],[-103.8577,43.2533],[-103.8577,43.2569],[-103.8478,43.2569],[-103.8478,43.2606]]],[[[-103.0407,43.2236],[-103.011,43.2236],[-103.011,43.2199],[-103.0008,43.2199],[-103.0008,43.1656],[-103.0508,43.1657],[-103.0508,43.1729],[-103.0706,43.173],[-103.0705,43.1834],[-103.0638,43.1852],[-103.0621,43.1861],[-103.0605,43.1874],[-103.0609,43.1874],[-103.0606,43.1877],[-103.0606,43.2056],[-103.0309,43.2055],[-103.0308,43.2199],[-103.0407,43.22],[-103.0407,43.2236]]],[[[-104.0351,43.2174],[-104.0351,43.1957],[-104.0537,43.1957],[-104.0538,43.2174],[-104.0351,43.2174]]],[[[-103.8456,43.1957],[-103.8451,43.1954],[-103.8478,43.1954],[-103.8478,43.1965],[-103.8456,43.1957]]],[[[-103.1697,43.0789],[-103.1696,43.1151],[-103.1795,43.1151],[-103.1794,43.1368],[-103.1893,43.1368],[-103.1893,43.1441],[-103.1695,43.1441],[-103.1695,43.1586],[-103.1794,43.1586],[-103.1794,43.1622],[-103.1992,43.1622],[-103.1992,43.1731],[-103.1943,43.1731],[-103.1943,43.1767],[-103.1893,43.1767],[-103.1893,43.1875],[-103.1497,43.1875],[-103.1498,43.1658],[-103.1596,43.1658],[-103.1597,43.1513],[-103.1399,43.1513],[-103.1399,43.1549],[-103.1201,43.1549],[-103.1201,43.144],[-103.125,43.144],[-103.1251,43.1404],[-103.13,43.1404],[-103.13,43.1295],[-103.1102,43.1295],[-103.1102,43.144],[-103.0706,43.1439],[-103.0706,43.1476],[-103.0657,43.1476],[-103.0657,43.1512],[-103.0558,43.1512],[-103.0558,43.1439],[-103.0508,43.1439],[-103.0509,43.1398],[-103.0516,43.1381],[-103.0516,43.1362],[-103.0524,43.1335],[-103.052,43.1302],[-103.0516,43.1294],[-103.0509,43.1294],[-103.0509,43.1223],[-103.0608,43.1223],[-103.0608,43.1187],[-103.0806,43.1187],[-103.0806,43.1151],[-103.0905,43.1151],[-103.0905,43.1078],[-103.0807,43.1078],[-103.0807,43.1042],[-103.0708,43.1042],[-103.0708,43.0933],[-103.0906,43.0933],[-103.0906,43.1006],[-103.1103,43.1005],[-103.1103,43.0861],[-103.1202,43.0861],[-103.1203,43.0788],[-103.1301,43.0788],[-103.1449,43.0788],[-103.1449,43.0861],[-103.1499,43.0861],[-103.1499,43.0933],[-103.1597,43.0933],[-103.1598,43.0789],[-103.1697,43.0789]]],[[[-103.1498,43.1006],[-103.1597,43.1006],[-103.1597,43.097],[-103.1498,43.097],[-103.1498,43.1006]]],[[[-103.4062,43.155],[-103.4062,43.1514],[-103.4161,43.1514],[-103.4161,43.1586],[-103.4259,43.1586],[-103.4259,43.1695],[-103.4062,43.1695],[-103.4062,43.155]]],[[[-103.3567,43.1549],[-103.3567,43.1513],[-103.3666,43.1513],[-103.3666,43.1586],[-103.3567,43.1586],[-103.3567,43.1549]]],[[[-103.036,43.1575],[-103.0248,43.1575],[-103.0248,43.1584],[-103.0211,43.1584],[-103.0212,43.133],[-103.0008,43.133],[-103.0008,43.1114],[-103.0115,43.1114],[-103.0115,43.1077],[-103.0313,43.1077],[-103.0313,43.1114],[-103.0362,43.1114],[-103.0361,43.1259],[-103.0311,43.1259],[-103.031,43.1439],[-103.0459,43.1439],[-103.0459,43.1584],[-103.036,43.1584],[-103.036,43.1575]]],[[[-103.4161,43.1333],[-103.4161,43.1297],[-103.426,43.1297],[-103.426,43.1441],[-103.4161,43.1441],[-103.4161,43.1333]]],[[[-103.7876,43.114],[-103.7896,43.1142],[-103.7896,43.1156],[-103.7945,43.1157],[-103.7945,43.1229],[-103.7798,43.1229],[-103.7798,43.1153],[-103.7876,43.114]]],[[[-103.3963,43.1151],[-103.4062,43.1151],[-103.4062,43.1223],[-103.3963,43.1223],[-103.3963,43.1151]]],[[[-103.7106,43.101],[-103.7106,43.1083],[-103.7008,43.1083],[-103.7008,43.1155],[-103.6916,43.1155],[-103.6916,43.1046],[-103.7008,43.1047],[-103.7008,43.101],[-103.7106,43.101]]],[[[-103.3963,43.1151],[-103.3864,43.1151],[-103.3864,43.1078],[-103.3963,43.1078],[-103.3963,43.1151]]],[[[-103.7106,43.101],[-103.7106,43.0865],[-103.7254,43.0866],[-103.7254,43.083],[-103.7353,43.083],[-103.7353,43.0902],[-103.7452,43.0902],[-103.7452,43.0866],[-103.76,43.0866],[-103.76,43.112],[-103.7502,43.1119],[-103.7502,43.1047],[-103.7353,43.1047],[-103.7353,43.0974],[-103.7204,43.0974],[-103.7204,43.1011],[-103.7106,43.101]]],[[[-103.8092,43.0795],[-103.8092,43.0758],[-103.8142,43.0758],[-103.8142,43.0795],[-103.8182,43.0795],[-103.8182,43.094],[-103.8142,43.094],[-103.8142,43.0903],[-103.8092,43.0903],[-103.8092,43.0795]]],[[[-103.5337,43.0009],[-103.5535,43.001],[-103.5535,43.0067],[-103.5633,43.0068],[-103.5634,43.014],[-103.5783,43.0141],[-103.5783,43.0177],[-103.5924,43.0177],[-103.5924,43.0141],[-103.6021,43.0141],[-103.6022,43.0213],[-103.6318,43.0213],[-103.632,43.0322],[-103.6122,43.0322],[-103.6121,43.0249],[-103.5974,43.0249],[-103.5974,43.0286],[-103.5827,43.0286],[-103.5828,43.043],[-103.5488,43.0429],[-103.5488,43.0574],[-103.5538,43.0574],[-103.5537,43.0864],[-103.524,43.0863],[-103.5241,43.0718],[-103.5438,43.0719],[-103.5439,43.0574],[-103.5241,43.0574],[-103.5241,43.0646],[-103.4647,43.0645],[-103.4647,43.0247],[-103.4696,43.0247],[-103.4696,43.0211],[-103.4745,43.0211],[-103.4745,43.0138],[-103.5041,43.0139],[-103.5041,43.0211],[-103.514,43.0211],[-103.514,43.0139],[-103.5338,43.0139],[-103.5337,43.0009]]],[[[-103.2682,43.0789],[-103.2682,43.0753],[-103.2781,43.0753],[-103.2781,43.0861],[-103.2682,43.0861],[-103.2682,43.0789]]],[[[-103.1697,43.0789],[-103.1697,43.0571],[-103.1549,43.0571],[-103.1549,43.0499],[-103.1697,43.0499],[-103.1697,43.0463],[-103.1796,43.0463],[-103.1796,43.0644],[-103.1894,43.0644],[-103.1894,43.0789],[-103.1697,43.0789]]],[[[-103.7303,43.0721],[-103.7303,43.0685],[-103.7402,43.0685],[-103.7402,43.0757],[-103.7303,43.0757],[-103.7303,43.0721]]],[[[-103.3913,43.0717],[-103.3666,43.0717],[-103.3666,43.0644],[-103.3864,43.0644],[-103.3864,43.0572],[-103.4061,43.0572],[-103.4062,43.0717],[-103.3913,43.0717]]],[[[-103.2879,43.061],[-103.2879,43.0499],[-103.2978,43.0499],[-103.2978,43.0536],[-103.3077,43.0536],[-103.3077,43.0608],[-103.2978,43.0608],[-103.2978,43.0644],[-103.3077,43.0644],[-103.3077,43.0717],[-103.2879,43.0717],[-103.2879,43.061]]],[[[-103.3469,43.068],[-103.3469,43.0572],[-103.3617,43.0572],[-103.3617,43.0644],[-103.3567,43.0644],[-103.3567,43.0717],[-103.3469,43.0716],[-103.3469,43.068]]],[[[-103.2484,43.0571],[-103.2484,43.0716],[-103.2385,43.0716],[-103.2386,43.0644],[-103.2191,43.0644],[-103.2191,43.0571],[-103.2484,43.0571]]],[[[-103.0006,43.0008],[-103.0513,43.0007],[-103.0513,43.0028],[-103.0316,43.0027],[-103.0315,43.0063],[-103.0414,43.0064],[-103.0414,43.0136],[-103.0512,43.0136],[-103.0512,43.0281],[-103.0809,43.0281],[-103.0809,43.01],[-103.0908,43.01],[-103.0908,43.0008],[-103.1697,43.0008],[-103.1697,43.0137],[-103.15,43.0137],[-103.15,43.0209],[-103.1401,43.0209],[-103.1401,43.0281],[-103.1302,43.0281],[-103.1303,43.0137],[-103.1204,43.0137],[-103.1203,43.0354],[-103.1302,43.0354],[-103.1302,43.0426],[-103.1105,43.0426],[-103.1104,43.0716],[-103.0907,43.0716],[-103.0908,43.0426],[-103.0809,43.0426],[-103.0809,43.039],[-103.071,43.039],[-103.0709,43.0607],[-103.0611,43.0607],[-103.061,43.0679],[-103.0511,43.0679],[-103.0512,43.0643],[-103.0008,43.0642],[-103.0006,43.0008]]],[[[-103.1006,43.0064],[-103.1006,43.01],[-103.1105,43.0101],[-103.1105,43.0028],[-103.1006,43.0028],[-103.1006,43.0064]]],[[[-103.7353,43.0612],[-103.7353,43.0576],[-103.76,43.0577],[-103.76,43.0685],[-103.7452,43.0685],[-103.7452,43.0649],[-103.7402,43.0649],[-103.7402,43.0613],[-103.7353,43.0612]]],[[[-103.6908,43.001],[-103.7349,43.0011],[-103.735,43.0105],[-103.7399,43.0105],[-103.7399,43.0142],[-103.7894,43.0143],[-103.7894,43.0106],[-103.7845,43.0106],[-103.7844,43.0013],[-103.8179,43.0013],[-103.818,43.0143],[-103.8377,43.0143],[-103.8376,43.0107],[-103.8475,43.0107],[-103.8475,43.018],[-103.8574,43.018],[-103.8574,43.0259],[-103.8634,43.0225],[-103.8649,43.022],[-103.8672,43.0217],[-103.8673,43.0325],[-103.8771,43.0325],[-103.8772,43.0433],[-103.8575,43.0433],[-103.8575,43.0361],[-103.8526,43.0361],[-103.8525,43.0288],[-103.8378,43.0288],[-103.8378,43.0361],[-103.8476,43.0361],[-103.8477,43.0433],[-103.8428,43.0433],[-103.8428,43.0505],[-103.8477,43.0505],[-103.8477,43.0578],[-103.8379,43.0578],[-103.8378,43.0433],[-103.828,43.0433],[-103.828,43.036],[-103.823,43.036],[-103.823,43.0288],[-103.8091,43.0287],[-103.8091,43.0296],[-103.8017,43.0329],[-103.7993,43.0332],[-103.7943,43.0327],[-103.7899,43.0307],[-103.7865,43.0301],[-103.783,43.0287],[-103.7835,43.0287],[-103.7794,43.0274],[-103.7762,43.0266],[-103.7743,43.0265],[-103.7697,43.0265],[-103.7697,43.0359],[-103.75,43.0359],[-103.75,43.0323],[-103.7302,43.0322],[-103.7302,43.0286],[-103.7203,43.0286],[-103.7204,43.0431],[-103.7007,43.0431],[-103.7007,43.0358],[-103.6912,43.0358],[-103.6908,43.001]]],[[[-103.2484,43.0571],[-103.2484,43.0427],[-103.2386,43.0427],[-103.2386,43.0354],[-103.2485,43.0354],[-103.2485,43.0209],[-103.2435,43.0209],[-103.2436,43.0137],[-103.2584,43.0137],[-103.2584,43.0104],[-103.2706,43.0209],[-103.273,43.0235],[-103.2736,43.025],[-103.274,43.0271],[-103.2758,43.039],[-103.2731,43.039],[-103.2731,43.0427],[-103.2682,43.0427],[-103.2682,43.0572],[-103.2484,43.0571]]],[[[-103.1302,43.0426],[-103.15,43.0426],[-103.1499,43.0571],[-103.1302,43.0571],[-103.1302,43.0426]]],[[[-103.2092,43.0064],[-103.219,43.0064],[-103.2191,43.0136],[-103.2288,43.0136],[-103.2288,43.0009],[-103.2386,43.0009],[-103.2386,43.0028],[-103.2337,43.0028],[-103.2337,43.0064],[-103.2386,43.0064],[-103.2386,43.0245],[-103.2287,43.0245],[-103.2287,43.0282],[-103.2191,43.0281],[-103.2191,43.0427],[-103.1697,43.0427],[-103.1697,43.0282],[-103.2092,43.0281],[-103.2092,43.0064]]],[[[-103.3666,43.0246],[-103.3616,43.0246],[-103.3616,43.0282],[-103.3567,43.0282],[-103.3567,43.0137],[-103.3666,43.0138],[-103.3666,43.0101],[-103.3764,43.0102],[-103.3764,43.0138],[-103.3715,43.0138],[-103.3715,43.0282],[-103.3666,43.0282],[-103.3666,43.0246]]],[[[-103.1993,43.0209],[-103.2043,43.0209],[-103.2043,43.0245],[-103.1993,43.0245],[-103.1993,43.0209]]],[[[-103.1697,43.0137],[-103.1796,43.0137],[-103.1796,43.0209],[-103.1697,43.0209],[-103.1697,43.0137]]],[[[-103.6267,43.0105],[-103.6267,43.0068],[-103.6415,43.0069],[-103.6416,43.0141],[-103.6268,43.0141],[-103.6267,43.0105]]],[[[-103.3275,43.0009],[-103.3468,43.0009],[-103.3468,43.0065],[-103.3374,43.0065],[-103.3374,43.0137],[-103.3275,43.0137],[-103.3275,43.0009]]],[[[-103.1895,43.0008],[-103.2239,43.0009],[-103.2239,43.0028],[-103.2092,43.0028],[-103.2092,43.0064],[-103.1993,43.0064],[-103.1993,43.0137],[-103.1944,43.0137],[-103.1944,43.0064],[-103.1895,43.0064],[-103.1895,43.0008]]],[[[-103.3567,43.0009],[-103.3863,43.0009],[-103.3863,43.0029],[-103.3962,43.0029],[-103.3962,43.0102],[-103.3814,43.0102],[-103.3814,43.0065],[-103.3764,43.0065],[-103.3764,43.0029],[-103.3567,43.0029],[-103.3567,43.0009]]],[[[-103.2633,43.0065],[-103.2633,43.0028],[-103.2732,43.0029],[-103.2732,43.0101],[-103.2633,43.0101],[-103.2633,43.0065]]]]},"properties":{"id":"usgs-pad-us-fee-managers:2715","name":"Buffalo Gap National Grassland","kind":"land","category":"public-land","sourceCategory":"public-land","sourceId":"usgs-pad-us-fee-managers","sourceUrl":"https://services.arcgis.com/v01gqwM5QqNysAAi/arcgis/rest/services/Fee_Managers_PADUS/FeatureServer/0","sourceUpdated":"2024-10-06T04:00:00.000Z","publicUse":"PAD-US reports open access; verify current manager conditions and restrictions.","unit":"USFS","origin":"public-catalog"}},{"type":"Feature","id":"usgs-pad-us-fee-managers:2721","geometry":{"type":"MultiPolygon","coordinates":[[[[-100.1143,44.231],[-100.1092,44.231],[-100.1092,44.2382],[-100.1042,44.2382],[-100.0941,44.2382],[-100.0941,44.231],[-100.0841,44.231],[-100.0841,44.1948],[-100.1016,44.1948],[-100.1015,44.1803],[-100.1066,44.1803],[-100.1065,44.1658],[-100.1015,44.1658],[-100.1015,44.1622],[-100.1065,44.1622],[-100.1065,44.1586],[-100.1262,44.1585],[-100.1262,44.1802],[-100.1664,44.1803],[-100.1665,44.1875],[-100.1564,44.1875],[-100.1564,44.1948],[-100.1444,44.1948],[-100.1444,44.2092],[-100.1646,44.2092],[-100.1646,44.1948],[-100.1847,44.1947],[-100.1847,44.2092],[-100.1747,44.2092],[-100.1747,44.2309],[-100.1646,44.2309],[-100.1646,44.2382],[-100.1747,44.2382],[-100.1747,44.2599],[-100.1848,44.2599],[-100.1848,44.2743],[-100.1444,44.2743],[-100.1444,44.2815],[-100.1198,44.2816],[-100.1042,44.2711],[-100.1042,44.2455],[-100.1243,44.2454],[-100.1243,44.2418],[-100.1344,44.2418],[-100.1344,44.2382],[-100.1143,44.2382],[-100.1143,44.231]]],[[[-100.1193,44.231],[-100.1243,44.231],[-100.1243,44.2165],[-100.1143,44.2165],[-100.1143,44.2201],[-100.1042,44.2201],[-100.1042,44.2237],[-100.1143,44.2237],[-100.1143,44.231],[-100.1193,44.231]]],[[[-100.1042,44.2129],[-100.1143,44.2129],[-100.1143,44.2093],[-100.1042,44.2093],[-100.1042,44.2129]]],[[[-100.1999,44.278],[-100.2049,44.2779],[-100.2049,44.2816],[-100.1999,44.2816],[-100.1999,44.278]]],[[[-100.2351,44.2092],[-100.2251,44.2092],[-100.225,44.1947],[-100.2269,44.1947],[-100.2268,44.1731],[-100.2369,44.1731],[-100.237,44.1875],[-100.2465,44.1876],[-100.2465,44.1947],[-100.2351,44.1947],[-100.2351,44.2092]]],[[[-100.2664,44.1006],[-100.2865,44.1006],[-100.2865,44.1078],[-100.2765,44.1078],[-100.2765,44.1223],[-100.2665,44.1223],[-100.2664,44.1006]]],[[[-100.2564,44.1006],[-100.2564,44.1079],[-100.2464,44.1079],[-100.2463,44.1006],[-100.2564,44.1006]]],[[[-100.2664,44.0934],[-100.2664,44.1006],[-100.2564,44.1006],[-100.2564,44.0934],[-100.2664,44.0934]]],[[[-100.2663,44.0209],[-100.2763,44.0209],[-100.2764,44.0282],[-100.2663,44.0282],[-100.2663,44.0209]]],[[[-100.2663,44.0209],[-100.2364,44.021],[-100.2364,44.0134],[-100.2265,44.0134],[-100.2265,44.0065],[-100.2416,44.0065],[-100.2416,44.0101],[-100.2463,44.0101],[-100.2463,44.0134],[-100.2563,44.0133],[-100.2563,44.0065],[-100.2663,44.0065],[-100.2663,44.0209]]],[[[-100.3265,43.9991],[-100.3265,44.0063],[-100.2964,44.0064],[-100.2964,43.9919],[-100.3164,43.9919],[-100.3165,43.9991],[-100.3265,43.9991]]],[[[-100.2164,43.992],[-100.2265,43.992],[-100.2264,43.9848],[-100.2365,43.9848],[-100.2364,43.9775],[-100.2663,43.9775],[-100.2663,43.9847],[-100.2613,43.9847],[-100.2613,43.992],[-100.2563,43.992],[-100.2563,43.9992],[-100.2463,43.9993],[-100.2462,43.992],[-100.2415,43.992],[-100.2415,43.9884],[-100.2365,43.9884],[-100.2365,43.992],[-100.2315,43.992],[-100.2315,43.9956],[-100.2365,43.9956],[-100.2365,44.0029],[-100.2315,44.0029],[-100.2315,43.9992],[-100.2165,43.9992],[-100.2164,43.992]]],[[[-100.2462,43.9848],[-100.2462,43.9884],[-100.2513,43.9884],[-100.2512,43.9848],[-100.2462,43.9848]]],[[[-100.2264,43.9848],[-100.2164,43.9848],[-100.2164,43.992],[-100.2064,43.992],[-100.2064,43.9775],[-100.2264,43.9775],[-100.2264,43.9848]]],[[[-100.2813,43.9775],[-100.2863,43.9774],[-100.2863,43.9919],[-100.2763,43.9919],[-100.2763,43.9775],[-100.2813,43.9775]]],[[[-100.2955,44.2526],[-100.2754,44.2526],[-100.2754,44.2454],[-100.2653,44.2454],[-100.2653,44.2309],[-100.2553,44.2309],[-100.2553,44.2237],[-100.215,44.2237],[-100.215,44.2165],[-100.2049,44.2165],[-100.2049,44.2092],[-100.2251,44.2092],[-100.2251,44.2165],[-100.2351,44.2165],[-100.2351,44.2092],[-100.2754,44.2092],[-100.2754,44.2237],[-100.2855,44.2237],[-100.2855,44.2092],[-100.3157,44.2092],[-100.3157,44.202],[-100.3056,44.202],[-100.3056,44.1947],[-100.2667,44.1947],[-100.2666,44.1875],[-100.2767,44.1875],[-100.2767,44.173],[-100.2968,44.173],[-100.2968,44.1803],[-100.3068,44.1803],[-100.3068,44.173],[-100.3269,44.173],[-100.3268,44.144],[-100.3067,44.144],[-100.3068,44.1658],[-100.2666,44.1658],[-100.2665,44.1441],[-100.2866,44.144],[-100.2866,44.1368],[-100.2565,44.1368],[-100.2565,44.1513],[-100.2368,44.1513],[-100.2368,44.1369],[-100.2267,44.1369],[-100.2267,44.1296],[-100.2167,44.1296],[-100.2167,44.1477],[-100.2117,44.1477],[-100.2117,44.1513],[-100.1865,44.1513],[-100.1866,44.173],[-100.1664,44.173],[-100.1664,44.1513],[-100.1362,44.1513],[-100.1362,44.1368],[-100.1463,44.1368],[-100.1462,44.0934],[-100.1512,44.0934],[-100.1512,44.0862],[-100.1563,44.0862],[-100.1562,44.0717],[-100.1663,44.0717],[-100.1662,44.0572],[-100.1763,44.0572],[-100.1763,44.05],[-100.1863,44.05],[-100.1863,44.0427],[-100.2064,44.0427],[-100.2064,44.0355],[-100.2164,44.0355],[-100.2165,44.0427],[-100.2265,44.0427],[-100.2264,44.0282],[-100.2463,44.0282],[-100.2463,44.0355],[-100.2563,44.0354],[-100.2563,44.0427],[-100.2663,44.0427],[-100.2663,44.0499],[-100.2563,44.0499],[-100.2563,44.0572],[-100.2664,44.0571],[-100.2664,44.0644],[-100.2764,44.0644],[-100.2764,44.0788],[-100.2865,44.0788],[-100.2865,44.0643],[-100.3065,44.0643],[-100.3065,44.0571],[-100.3165,44.057],[-100.3165,44.0498],[-100.2964,44.0498],[-100.2964,44.0571],[-100.2864,44.0571],[-100.2864,44.0354],[-100.2764,44.0354],[-100.2764,44.0282],[-100.2864,44.0281],[-100.2864,44.0209],[-100.2964,44.0209],[-100.2964,44.0426],[-100.3165,44.0426],[-100.3164,44.0353],[-100.3064,44.0353],[-100.3064,44.0208],[-100.3264,44.0208],[-100.3265,44.0063],[-100.3465,44.0063],[-100.3465,43.9991],[-100.3265,43.9991],[-100.3265,43.9918],[-100.3565,43.9918],[-100.3565,43.9809],[-100.3615,43.9809],[-100.3615,43.9918],[-100.3665,43.9918],[-100.3665,43.9949],[-100.4058,43.9949],[-100.4058,44.0094],[-100.4159,44.0093],[-100.4158,44.0021],[-100.4259,44.0021],[-100.4258,43.9949],[-100.4459,43.9949],[-100.4459,44.0238],[-100.4209,44.0238],[-100.4209,44.031],[-100.431,44.031],[-100.431,44.0383],[-100.3859,44.0383],[-100.386,44.06],[-100.406,44.06],[-100.4061,44.0817],[-100.3667,44.0818],[-100.3667,44.0859],[-100.3567,44.0859],[-100.3569,44.1295],[-100.3669,44.1294],[-100.3669,44.1287],[-100.3761,44.1287],[-100.3762,44.1396],[-100.4063,44.1396],[-100.4063,44.1323],[-100.4263,44.1323],[-100.4263,44.1251],[-100.4363,44.1251],[-100.4363,44.1034],[-100.4262,44.1034],[-100.4263,44.1179],[-100.4162,44.1179],[-100.4163,44.1251],[-100.3962,44.1251],[-100.3962,44.1179],[-100.4062,44.1179],[-100.4062,44.1106],[-100.3668,44.1106],[-100.3667,44.0962],[-100.4061,44.0962],[-100.4061,44.0889],[-100.4461,44.0889],[-100.4462,44.1251],[-100.4662,44.1251],[-100.4662,44.1323],[-100.4763,44.1323],[-100.4763,44.1395],[-100.4462,44.1395],[-100.4462,44.248],[-100.4367,44.248],[-100.4367,44.2517],[-100.4417,44.2517],[-100.4417,44.2553],[-100.4166,44.2553],[-100.4166,44.2517],[-100.3965,44.2517],[-100.3965,44.2553],[-100.3862,44.2553],[-100.3862,44.2816],[-100.356,44.2816],[-100.356,44.2671],[-100.3157,44.2671],[-100.3157,44.2599],[-100.3056,44.2599],[-100.3057,44.2816],[-100.2956,44.2816],[-100.2956,44.2744],[-100.2653,44.2744],[-100.2653,44.2599],[-100.2955,44.2599],[-100.2955,44.2526]]],[[[-100.4165,44.2408],[-100.4166,44.2444],[-100.4065,44.2445],[-100.4065,44.2481],[-100.4216,44.2481],[-100.4216,44.2408],[-100.4165,44.2408]]],[[[-100.4366,44.2444],[-100.4366,44.2336],[-100.4266,44.2336],[-100.4266,44.2481],[-100.4367,44.248],[-100.4366,44.2444]]],[[[-100.4215,44.2119],[-100.4165,44.2119],[-100.4165,44.2191],[-100.4228,44.2191],[-100.4228,44.2173],[-100.4266,44.2173],[-100.4266,44.2119],[-100.4215,44.2119]]],[[[-100.3964,44.23],[-100.3964,44.2336],[-100.4165,44.2336],[-100.4165,44.2264],[-100.4065,44.2264],[-100.4065,44.2011],[-100.3964,44.2011],[-100.3964,44.1975],[-100.3864,44.1975],[-100.3864,44.2264],[-100.3964,44.2264],[-100.3964,44.23]]],[[[-100.4215,44.1974],[-100.4165,44.1974],[-100.4165,44.2047],[-100.4265,44.2046],[-100.4265,44.1974],[-100.4215,44.1974]]],[[[-100.3006,44.2526],[-100.3056,44.2526],[-100.3056,44.2454],[-100.3157,44.2454],[-100.3157,44.2381],[-100.3258,44.2381],[-100.3258,44.2526],[-100.3761,44.2526],[-100.3761,44.2454],[-100.3862,44.2454],[-100.3862,44.2237],[-100.366,44.2237],[-100.366,44.2019],[-100.3861,44.2019],[-100.3861,44.1947],[-100.3358,44.1947],[-100.3358,44.2092],[-100.3257,44.2092],[-100.3257,44.2164],[-100.3056,44.2164],[-100.3056,44.2309],[-100.2955,44.2309],[-100.2955,44.2526],[-100.3006,44.2526]]],[[[-100.4064,44.1685],[-100.4064,44.183],[-100.4265,44.1829],[-100.4265,44.1685],[-100.4215,44.1685],[-100.4215,44.1649],[-100.4164,44.1649],[-100.4164,44.1613],[-100.4064,44.1613],[-100.4064,44.1685]]],[[[-100.1915,44.1079],[-100.1663,44.1079],[-100.1663,44.1224],[-100.1865,44.1224],[-100.1864,44.1151],[-100.1965,44.1151],[-100.1965,44.1079],[-100.1915,44.1079]]],[[[-100.4413,44.1034],[-100.4413,44.0962],[-100.4362,44.0962],[-100.4363,44.1034],[-100.4413,44.1034]]],[[[-100.2266,44.0934],[-100.2267,44.1079],[-100.2317,44.1079],[-100.2317,44.0934],[-100.2266,44.0934]]],[[[-100.2664,44.0934],[-100.2664,44.0789],[-100.2463,44.0789],[-100.2463,44.0825],[-100.2417,44.0825],[-100.2417,44.0898],[-100.2367,44.0898],[-100.2367,44.0934],[-100.2417,44.0934],[-100.2417,44.1079],[-100.2464,44.1079],[-100.2464,44.1224],[-100.2564,44.1224],[-100.2564,44.1296],[-100.2966,44.1295],[-100.2966,44.1223],[-100.2865,44.1223],[-100.2865,44.1151],[-100.3066,44.115],[-100.3066,44.1078],[-100.2965,44.1078],[-100.2965,44.0824],[-100.2865,44.0824],[-100.2865,44.0933],[-100.2664,44.0934]]],[[[-100.3065,44.0679],[-100.3065,44.0788],[-100.3266,44.0788],[-100.3265,44.0643],[-100.3065,44.0643],[-100.3065,44.0679]]],[[[-100.1864,44.0789],[-100.2266,44.0789],[-100.2265,44.0499],[-100.2064,44.05],[-100.2065,44.0644],[-100.1864,44.0644],[-100.1864,44.0789]]],[[[-100.3316,44.0643],[-100.3366,44.0642],[-100.3366,44.0679],[-100.3466,44.0678],[-100.3466,44.0497],[-100.3265,44.0498],[-100.3265,44.0643],[-100.3316,44.0643]]]]},"properties":{"id":"usgs-pad-us-fee-managers:2721","name":"Fort Pierre National Grassland","kind":"land","category":"public-land","sourceCategory":"public-land","sourceId":"usgs-pad-us-fee-managers","sourceUrl":"https://services.arcgis.com/v01gqwM5QqNysAAi/arcgis/rest/services/Fee_Managers_PADUS/FeatureServer/0","sourceUpdated":"2024-10-06T04:00:00.000Z","publicUse":"PAD-US reports open access; verify current manager conditions and restrictions.","unit":"USFS","origin":"public-catalog"}},{"type":"Feature","id":"usgs-pad-us-fee-managers:2723","geometry":{"type":"MultiPolygon","coordinates":[[[[-103.8946,43.0011],[-103.9249,43.0009],[-103.9287,43.001],[-103.9287,43.0015],[-103.8946,43.0014],[-103.8946,43.0011]]],[[[-104.0266,43.0011],[-104.0497,43.0006],[-104.053,43.0006],[-104.0266,43.0011]]],[[[-103.5828,43.0007],[-103.576,43.0008],[-103.5764,43.0008],[-103.5766,43.0002],[-103.5769,43.0002],[-103.5772,43.0006],[-103.5828,43.0007]]],[[[-103.4845,43.0006],[-103.4922,43.0007],[-103.4845,43.0007],[-103.4845,43.0006]]]]},"properties":{"id":"usgs-pad-us-fee-managers:2723","name":"Oglala National Grassland","kind":"land","category":"public-land","sourceCategory":"public-land","sourceId":"usgs-pad-us-fee-managers","sourceUrl":"https://services.arcgis.com/v01gqwM5QqNysAAi/arcgis/rest/services/Fee_Managers_PADUS/FeatureServer/0","sourceUpdated":"2024-10-06T04:00:00.000Z","publicUse":"PAD-US reports open access; verify current manager conditions and restrictions.","unit":"USFS","origin":"public-catalog"}},{"type":"Feature","id":"usgs-pad-us-fee-managers:3133","geometry":{"type":"MultiPolygon","coordinates":[[[[-101.8952,43.8455],[-101.8952,43.8442],[-101.8969,43.8442],[-101.8969,43.8452],[-101.8998,43.8453],[-101.8998,43.8443],[-101.9001,43.8443],[-101.9001,43.8427],[-101.9022,43.8428],[-101.9021,43.8464],[-101.8998,43.8464],[-101.8998,43.8455],[-101.8952,43.8455]]],[[[-101.961,43.878],[-101.9608,43.8778],[-101.9598,43.8779],[-101.9597,43.8766],[-101.9604,43.8763],[-101.961,43.8769],[-101.9615,43.8767],[-101.9618,43.877],[-101.9615,43.8771],[-101.962,43.8777],[-101.961,43.878]]],[[[-101.9586,43.8787],[-101.9586,43.8774],[-101.9597,43.8774],[-101.9597,43.8789],[-101.9586,43.8787]]],[[[-102.1588,43.9309],[-102.1603,43.9308],[-102.1603,43.9322],[-102.1588,43.9322],[-102.1588,43.9309]]]]},"properties":{"id":"usgs-pad-us-fee-managers:3133","name":"Minuteman Missile National Historic Site","kind":"land","category":"public-land","sourceCategory":"public-land","sourceId":"usgs-pad-us-fee-managers","sourceUrl":"https://services.arcgis.com/v01gqwM5QqNysAAi/arcgis/rest/services/Fee_Managers_PADUS/FeatureServer/0","sourceUpdated":"2022-01-01T05:00:00.000Z","publicUse":"PAD-US reports restricted access; confirm permits and seasonal rules with the manager.","unit":"NPS","origin":"public-catalog"}},{"type":"Feature","id":"usgs-pad-us-fee-managers:3245","geometry":{"type":"Polygon","coordinates":[[[-103.4517,43.8898],[-103.4516,43.8862],[-103.4467,43.8862],[-103.4467,43.8867],[-103.4461,43.8867],[-103.4461,43.8871],[-103.4442,43.8871],[-103.4442,43.8898],[-103.4293,43.8899],[-103.4293,43.8862],[-103.4392,43.8862],[-103.4392,43.879],[-103.4442,43.8789],[-103.4442,43.868],[-103.4586,43.868],[-103.4586,43.8683],[-103.4636,43.8683],[-103.4636,43.8756],[-103.4686,43.8756],[-103.4686,43.8864],[-103.4636,43.8864],[-103.4636,43.8918],[-103.4541,43.8917],[-103.4541,43.8898],[-103.4517,43.8898]]]},"properties":{"id":"usgs-pad-us-fee-managers:3245","name":"Mount Rushmore National Memorial","kind":"land","category":"public-land","sourceCategory":"public-land","sourceId":"usgs-pad-us-fee-managers","sourceUrl":"https://services.arcgis.com/v01gqwM5QqNysAAi/arcgis/rest/services/Fee_Managers_PADUS/FeatureServer/0","sourceUpdated":"2022-01-01T05:00:00.000Z","publicUse":"PAD-US reports restricted access; confirm permits and seasonal rules with the manager.","unit":"NPS","origin":"public-catalog"}},{"type":"Feature","id":"usgs-pad-us-fee-managers:3358","geometry":{"type":"Polygon","coordinates":[[[-103.8163,43.74],[-103.8163,43.7201],[-103.8362,43.7202],[-103.8362,43.7238],[-103.8461,43.7238],[-103.8461,43.7274],[-103.8455,43.7279],[-103.8454,43.7286],[-103.8469,43.7305],[-103.847,43.731],[-103.8465,43.7316],[-103.8453,43.7321],[-103.8451,43.7327],[-103.8453,43.7331],[-103.8462,43.7339],[-103.8464,43.7356],[-103.8474,43.7365],[-103.8475,43.7369],[-103.847,43.7374],[-103.8462,43.7374],[-103.8462,43.7382],[-103.8363,43.7382],[-103.8363,43.7419],[-103.8163,43.7419],[-103.8163,43.74]]]},"properties":{"id":"usgs-pad-us-fee-managers:3358","name":"Jewel Cave National Monument","kind":"land","category":"public-land","sourceCategory":"public-land","sourceId":"usgs-pad-us-fee-managers","sourceUrl":"https://services.arcgis.com/v01gqwM5QqNysAAi/arcgis/rest/services/Fee_Managers_PADUS/FeatureServer/0","sourceUpdated":"2022-01-01T05:00:00.000Z","publicUse":"PAD-US reports open access; verify current manager conditions and restrictions.","unit":"NPS","origin":"public-catalog"}},{"type":"Feature","id":"usgs-pad-us-fee-managers:3395","geometry":{"type":"MultiPolygon","coordinates":[[[[-102.794,43.5109],[-102.8002,43.5064],[-102.8039,43.5064],[-102.8039,43.5209],[-102.794,43.5209],[-102.794,43.5109]]],[[[-102.5954,43.5388],[-102.5954,43.5352],[-102.6054,43.5352],[-102.6053,43.5424],[-102.5954,43.5424],[-102.5954,43.5388]]],[[[-102.3422,43.5708],[-102.3422,43.5671],[-102.3572,43.5672],[-102.3572,43.5708],[-102.3422,43.5708]]],[[[-102.2775,43.5671],[-102.2775,43.5635],[-102.2874,43.5635],[-102.2873,43.578],[-102.2774,43.578],[-102.2775,43.5671]]],[[[-102.6249,43.6077],[-102.6199,43.6004],[-102.6249,43.6004],[-102.6249,43.6077]]],[[[-102.6299,43.6258],[-102.6299,43.6222],[-102.6349,43.6222],[-102.6349,43.6294],[-102.6299,43.6294],[-102.6299,43.6258]]],[[[-102.7296,43.6838],[-102.7296,43.6876],[-102.7147,43.6875],[-102.7147,43.6802],[-102.7247,43.6802],[-102.7247,43.6838],[-102.7296,43.6838]]],[[[-102.7296,43.6838],[-102.7297,43.6729],[-102.7343,43.6729],[-102.7343,43.6802],[-102.7543,43.6802],[-102.7543,43.6876],[-102.7343,43.6876],[-102.7343,43.6838],[-102.7296,43.6838]]],[[[-102.3384,43.9223],[-102.3384,43.9151],[-102.3184,43.915],[-102.3184,43.9114],[-102.2933,43.9113],[-102.2934,43.9077],[-102.2784,43.9077],[-102.2783,43.9004],[-102.2683,43.9004],[-102.2683,43.8931],[-102.2583,43.8931],[-102.2583,43.8859],[-102.2187,43.8859],[-102.2187,43.8787],[-102.1986,43.8786],[-102.1986,43.8641],[-102.1787,43.8641],[-102.1786,43.8569],[-102.1586,43.8569],[-102.1586,43.8206],[-102.1386,43.8206],[-102.1386,43.8137],[-102.1292,43.8136],[-102.1292,43.8062],[-102.0293,43.8064],[-102.0213,43.7977],[-102.0151,43.7955],[-102.0046,43.7955],[-102.0042,43.7966],[-102.0021,43.798],[-101.9988,43.7996],[-101.9978,43.7992],[-101.9912,43.7992],[-101.9912,43.7998],[-101.9906,43.8007],[-101.9912,43.8017],[-101.9913,43.8023],[-101.9897,43.8027],[-101.9884,43.8027],[-101.9834,43.8005],[-101.9806,43.7989],[-101.9797,43.7981],[-101.9797,43.7921],[-101.9697,43.7921],[-101.9696,43.7848],[-101.9097,43.7848],[-101.9097,43.7921],[-101.8902,43.7922],[-101.8898,43.7488],[-101.8996,43.7487],[-101.8997,43.7415],[-101.9197,43.7414],[-101.9197,43.7342],[-101.9297,43.7341],[-101.9296,43.7323],[-101.9396,43.7323],[-101.9396,43.7341],[-101.9446,43.7341],[-101.9446,43.7413],[-101.9596,43.7413],[-101.9596,43.7449],[-101.9646,43.7449],[-101.9646,43.7485],[-101.9798,43.7485],[-101.9797,43.7449],[-101.9747,43.7449],[-101.9747,43.7413],[-101.9846,43.7412],[-101.9847,43.7485],[-101.9897,43.7484],[-101.9896,43.7412],[-101.9994,43.7412],[-101.9996,43.7484],[-102.0192,43.7484],[-102.0192,43.7629],[-102.0689,43.763],[-102.069,43.7557],[-102.099,43.7558],[-102.099,43.763],[-102.1386,43.7632],[-102.1386,43.7777],[-102.1586,43.7776],[-102.1586,43.792],[-102.1686,43.792],[-102.1686,43.7993],[-102.1786,43.7993],[-102.1787,43.8065],[-102.1887,43.8065],[-102.1887,43.8137],[-102.1987,43.8137],[-102.1987,43.8206],[-102.2287,43.8207],[-102.2288,43.8279],[-102.2437,43.8279],[-102.2437,43.8316],[-102.2584,43.8316],[-102.2584,43.8207],[-102.2982,43.8209],[-102.2984,43.7989],[-102.2934,43.7989],[-102.2935,43.7954],[-102.2885,43.7953],[-102.2885,43.7882],[-102.2935,43.7882],[-102.2935,43.7845],[-102.2985,43.7845],[-102.2985,43.7772],[-102.3385,43.7772],[-102.3385,43.7627],[-102.3777,43.7628],[-102.3777,43.7493],[-102.4225,43.7492],[-102.4225,43.771],[-102.4574,43.7709],[-102.4575,43.7492],[-102.4774,43.7492],[-102.4774,43.742],[-102.497,43.742],[-102.497,43.7348],[-102.537,43.7347],[-102.537,43.7311],[-102.527,43.7311],[-102.5269,43.7057],[-102.5369,43.7057],[-102.5369,43.6875],[-102.5555,43.6875],[-102.5556,43.6797],[-102.5655,43.6797],[-102.5754,43.6798],[-102.5754,43.6875],[-102.6066,43.6874],[-102.6067,43.7347],[-102.5569,43.7347],[-102.5569,43.742],[-102.537,43.7419],[-102.537,43.7492],[-102.512,43.7492],[-102.5121,43.7673],[-102.502,43.7673],[-102.502,43.7781],[-102.497,43.7781],[-102.497,43.7853],[-102.4875,43.7853],[-102.4875,43.7889],[-102.4675,43.789],[-102.4675,43.7926],[-102.4178,43.7927],[-102.4176,43.8357],[-102.4476,43.8358],[-102.4476,43.8792],[-102.4377,43.8792],[-102.4375,43.908],[-102.4376,43.9189],[-102.3776,43.9187],[-102.3776,43.9223],[-102.3384,43.9223]]],[[[-102.0539,43.8001],[-102.0532,43.7996],[-102.0531,43.7992],[-102.0492,43.7991],[-102.0492,43.8028],[-102.0542,43.8028],[-102.0542,43.8002],[-102.0539,43.8001]]],[[[-102.054,43.8],[-102.0542,43.8001],[-102.0542,43.7992],[-102.0532,43.7992],[-102.0533,43.7995],[-102.054,43.8]]]]},"properties":{"id":"usgs-pad-us-fee-managers:3395","name":"Badlands National Park","kind":"land","category":"public-land","sourceCategory":"public-land","sourceId":"usgs-pad-us-fee-managers","sourceUrl":"https://services.arcgis.com/v01gqwM5QqNysAAi/arcgis/rest/services/Fee_Managers_PADUS/FeatureServer/0","sourceUpdated":"2022-01-01T05:00:00.000Z","publicUse":"PAD-US reports open access; verify current manager conditions and restrictions.","unit":"NPS","origin":"public-catalog"}},{"type":"Feature","id":"usgs-pad-us-fee-managers:3453","geometry":{"type":"MultiPolygon","coordinates":[[[[-103.5432,43.5785],[-103.5432,43.5749],[-103.5407,43.5749],[-103.5407,43.5713],[-103.5506,43.5713],[-103.5506,43.5749],[-103.5457,43.5749],[-103.5457,43.5785],[-103.5432,43.5785]]],[[[-103.3368,43.6113],[-103.3368,43.6077],[-103.3411,43.6077],[-103.3412,43.5932],[-103.3614,43.5933],[-103.3615,43.568],[-103.3815,43.568],[-103.3814,43.5644],[-103.4113,43.5645],[-103.4114,43.5536],[-103.4014,43.5536],[-103.4014,43.55],[-103.4064,43.55],[-103.4065,43.5428],[-103.4015,43.5428],[-103.4015,43.5391],[-103.4214,43.5392],[-103.4216,43.5211],[-103.4416,43.5211],[-103.4416,43.5102],[-103.437,43.5102],[-103.4402,43.5082],[-103.4441,43.5066],[-103.4456,43.5056],[-103.4473,43.5043],[-103.4506,43.5008],[-103.4519,43.4999],[-103.4571,43.498],[-103.461,43.4972],[-103.4606,43.504],[-103.461,43.5052],[-103.461,43.5068],[-103.4625,43.5079],[-103.4666,43.513],[-103.4653,43.513],[-103.4659,43.5138],[-103.4674,43.5138],[-103.4702,43.5178],[-103.4715,43.519],[-103.4708,43.5181],[-103.4708,43.5175],[-103.4858,43.5174],[-103.4858,43.5138],[-103.4909,43.5138],[-103.4908,43.5174],[-103.5009,43.5173],[-103.5009,43.5209],[-103.5208,43.5209],[-103.5207,43.5427],[-103.5007,43.5573],[-103.5008,43.6331],[-103.4808,43.6405],[-103.4561,43.6404],[-103.4486,43.6368],[-103.4411,43.6296],[-103.3512,43.6293],[-103.3513,43.6257],[-103.3369,43.6257],[-103.3368,43.6113]]],[[[-103.4741,43.5208],[-103.4739,43.5211],[-103.4769,43.5211],[-103.4741,43.5208]]]]},"properties":{"id":"usgs-pad-us-fee-managers:3453","name":"Wind Cave National Park","kind":"land","category":"public-land","sourceCategory":"public-land","sourceId":"usgs-pad-us-fee-managers","sourceUrl":"https://services.arcgis.com/v01gqwM5QqNysAAi/arcgis/rest/services/Fee_Managers_PADUS/FeatureServer/0","sourceUpdated":"2022-01-01T05:00:00.000Z","publicUse":"PAD-US reports open access; verify current manager conditions and restrictions.","unit":"NPS","origin":"public-catalog"}},{"type":"Feature","id":"usgs-pad-us-fee-managers:3572","geometry":{"type":"MultiPolygon","coordinates":[[[[-98.7042,43.5788],[-98.7046,43.5716],[-98.7145,43.5715],[-98.714,43.5788],[-98.7042,43.5788]]],[[[-98.5179,43.6576],[-98.5179,43.6504],[-98.527,43.6505],[-98.5271,43.6578],[-98.5179,43.6576]]],[[[-98.536,43.6468],[-98.5359,43.6433],[-98.5545,43.643],[-98.5541,43.6576],[-98.5364,43.6579],[-98.536,43.6468]]],[[[-98.594,43.6566],[-98.5941,43.6499],[-98.5995,43.65],[-98.5995,43.6533],[-98.6028,43.6534],[-98.6029,43.657],[-98.594,43.6568],[-98.594,43.6566]]],[[[-98.5544,43.6502],[-98.5545,43.643],[-98.5606,43.6429],[-98.5606,43.6393],[-98.573,43.6391],[-98.573,43.6398],[-98.5738,43.6398],[-98.5738,43.6391],[-98.5793,43.6391],[-98.5793,43.6427],[-98.5842,43.6426],[-98.5841,43.6499],[-98.5743,43.6502],[-98.5741,43.6576],[-98.5638,43.6575],[-98.5641,43.6503],[-98.5544,43.6502]]],[[[-98.6447,43.6596],[-98.6447,43.6579],[-98.6548,43.6579],[-98.6545,43.6651],[-98.6445,43.6651],[-98.6447,43.6596]]],[[[-98.6238,43.688],[-98.624,43.6795],[-98.6284,43.6795],[-98.6284,43.6828],[-98.6297,43.6828],[-98.6296,43.6868],[-98.6339,43.6868],[-98.6291,43.6868],[-98.6292,43.688],[-98.6238,43.688]]],[[[-98.5741,43.6757],[-98.574,43.6722],[-98.594,43.6722],[-98.5943,43.6905],[-98.5744,43.6906],[-98.5741,43.6757]]],[[[-98.4464,43.7045],[-98.4463,43.7017],[-98.4491,43.7013],[-98.451,43.7018],[-98.4509,43.6996],[-98.4537,43.6996],[-98.4538,43.7044],[-98.4464,43.7045]]],[[[-98.6546,43.7015],[-98.6648,43.7015],[-98.6649,43.7084],[-98.6552,43.7084],[-98.655,43.7057],[-98.6548,43.7054],[-98.6546,43.7015]]],[[[-98.7443,43.7299],[-98.7444,43.727],[-98.7471,43.727],[-98.7472,43.7279],[-98.7494,43.7279],[-98.7494,43.7303],[-98.7443,43.7299]]],[[[-98.7443,43.7306],[-98.7443,43.7305],[-98.7451,43.7306],[-98.7443,43.7306]]],[[[-98.6251,43.7305],[-98.6351,43.7303],[-98.6353,43.7376],[-98.6253,43.7377],[-98.6251,43.7305]]],[[[-98.634,43.7451],[-98.6353,43.745],[-98.6352,43.7413],[-98.6453,43.7413],[-98.6457,43.7523],[-98.6352,43.7523],[-98.6352,43.7487],[-98.634,43.7487],[-98.634,43.7451]]],[[[-98.7195,43.7959],[-98.7196,43.7888],[-98.7146,43.7887],[-98.7146,43.7815],[-98.7246,43.7816],[-98.7247,43.7743],[-98.7296,43.7743],[-98.7295,43.7779],[-98.7348,43.7781],[-98.7348,43.7817],[-98.7544,43.7819],[-98.7544,43.7891],[-98.7532,43.7891],[-98.7538,43.7884],[-98.7538,43.7879],[-98.7534,43.788],[-98.7536,43.7875],[-98.7531,43.7874],[-98.7531,43.788],[-98.7524,43.788],[-98.7524,43.787],[-98.7521,43.7868],[-98.7513,43.7852],[-98.7515,43.7848],[-98.7502,43.7841],[-98.749,43.7839],[-98.7462,43.784],[-98.7417,43.7844],[-98.7374,43.7854],[-98.7316,43.7877],[-98.7289,43.7899],[-98.7273,43.7918],[-98.7255,43.7946],[-98.7218,43.7945],[-98.7217,43.7959],[-98.7195,43.7959]]],[[[-98.6558,43.8108],[-98.6558,43.8099],[-98.6455,43.8094],[-98.6452,43.7954],[-98.6554,43.7956],[-98.6556,43.8027],[-98.6659,43.8031],[-98.6659,43.8085],[-98.6634,43.8084],[-98.6634,43.8102],[-98.6609,43.8101],[-98.6609,43.811],[-98.6558,43.8108]]],[[[-98.4345,43.8571],[-98.4345,43.8499],[-98.4415,43.8498],[-98.4415,43.8643],[-98.4388,43.8644],[-98.4386,43.8614],[-98.4362,43.8615],[-98.4361,43.8571],[-98.4345,43.8571]]]]},"properties":{"id":"usgs-pad-us-fee-managers:3572","name":"Aurora County Waterfowl Production Area","kind":"land","category":"public-land","sourceCategory":"public-land","sourceId":"usgs-pad-us-fee-managers","sourceUrl":"https://services.arcgis.com/v01gqwM5QqNysAAi/arcgis/rest/services/Fee_Managers_PADUS/FeatureServer/0","sourceUpdated":"2021-01-28T05:00:00.000Z","publicUse":"PAD-US reports restricted access; confirm permits and seasonal rules with the manager.","unit":"FWS","origin":"public-catalog"}},{"type":"Feature","id":"usgs-pad-us-fee-managers:3588","geometry":{"type":"Polygon","coordinates":[[[-98.2343,44.2619],[-98.2343,44.2546],[-98.2546,44.2547],[-98.2546,44.2584],[-98.2445,44.2583],[-98.2445,44.2619],[-98.2343,44.2619]]]},"properties":{"id":"usgs-pad-us-fee-managers:3588","name":"Beadle County Waterfowl Production Area","kind":"land","category":"public-land","sourceCategory":"public-land","sourceId":"usgs-pad-us-fee-managers","sourceUrl":"https://services.arcgis.com/v01gqwM5QqNysAAi/arcgis/rest/services/Fee_Managers_PADUS/FeatureServer/0","sourceUpdated":"2021-01-28T05:00:00.000Z","publicUse":"PAD-US reports restricted access; confirm permits and seasonal rules with the manager.","unit":"FWS","origin":"public-catalog"}},{"type":"Feature","id":"usgs-pad-us-fee-managers:3589","geometry":{"type":"MultiPolygon","coordinates":[[[[-97.8672,44.1952],[-97.8738,44.1951],[-97.8738,44.1988],[-97.8676,44.1988],[-97.8672,44.1952]]],[[[-98.034,44.2424],[-98.034,44.2388],[-98.0352,44.2388],[-98.0352,44.237],[-98.034,44.237],[-98.034,44.2315],[-98.0441,44.2317],[-98.0441,44.2245],[-98.0541,44.2246],[-98.0541,44.2352],[-98.049,44.2354],[-98.049,44.236],[-98.0478,44.2372],[-98.0481,44.239],[-98.0479,44.2425],[-98.0541,44.2425],[-98.0541,44.2463],[-98.044,44.2461],[-98.044,44.2425],[-98.034,44.2424]]],[[[-98.4117,44.2339],[-98.4117,44.233],[-98.4172,44.233],[-98.4173,44.2403],[-98.416,44.2403],[-98.4117,44.2339]]],[[[-98.2343,44.2619],[-98.2343,44.2546],[-98.2546,44.2547],[-98.2546,44.2584],[-98.2445,44.2583],[-98.2445,44.2619],[-98.2343,44.2619]]],[[[-98.4073,44.3092],[-98.4073,44.3054],[-98.4279,44.3053],[-98.4278,44.3155],[-98.4323,44.3184],[-98.4336,44.3199],[-98.4355,44.3199],[-98.4366,44.3269],[-98.4279,44.327],[-98.4278,44.3199],[-98.4175,44.3199],[-98.4175,44.3126],[-98.4073,44.3126],[-98.4073,44.3092]]],[[[-98.4373,44.327],[-98.4363,44.3199],[-98.4382,44.3198],[-98.4382,44.327],[-98.4373,44.327]]],[[[-98.5595,44.3491],[-98.5595,44.3418],[-98.5696,44.3417],[-98.5698,44.349],[-98.5595,44.3491]]],[[[-98.3617,44.356],[-98.3617,44.3488],[-98.3617,44.3525],[-98.3617,44.3488],[-98.3667,44.3488],[-98.3617,44.3488],[-98.3768,44.3488],[-98.3768,44.3507],[-98.372,44.3507],[-98.3721,44.3525],[-98.3668,44.3525],[-98.3667,44.356],[-98.3617,44.356]]],[[[-98.3667,44.356],[-98.3973,44.356],[-98.3974,44.3632],[-98.3871,44.3633],[-98.3872,44.3707],[-98.4024,44.3707],[-98.4024,44.3724],[-98.4085,44.3724],[-98.4085,44.3729],[-98.4106,44.3729],[-98.4106,44.3717],[-98.4177,44.3717],[-98.4177,44.3779],[-98.4075,44.3779],[-98.4075,44.3852],[-98.3973,44.3852],[-98.3973,44.3904],[-98.377,44.3903],[-98.377,44.3778],[-98.3668,44.3778],[-98.3668,44.3725],[-98.3706,44.3725],[-98.3706,44.3707],[-98.3668,44.3707],[-98.3667,44.356]]],[[[-97.9337,44.3904],[-97.9337,44.3759],[-97.9538,44.376],[-97.9539,44.3977],[-97.9439,44.3977],[-97.9438,44.3904],[-97.9337,44.3904]]],[[[-98.6165,44.3986],[-98.6177,44.3984],[-98.619,44.3997],[-98.6198,44.3997],[-98.6198,44.4002],[-98.621,44.4011],[-98.6212,44.4023],[-98.6198,44.403],[-98.6198,44.4033],[-98.6135,44.4033],[-98.6135,44.3997],[-98.6165,44.3986]]],[[[-98.6367,44.4034],[-98.6368,44.3997],[-98.6401,44.3997],[-98.6402,44.4008],[-98.6415,44.402],[-98.6413,44.4035],[-98.6367,44.4034]]],[[[-98.4062,44.4068],[-98.4061,44.4033],[-98.4125,44.4033],[-98.4126,44.4069],[-98.4177,44.4069],[-98.4177,44.4105],[-98.4062,44.4105],[-98.4062,44.4068]]],[[[-98.3645,44.4212],[-98.3644,44.414],[-98.3772,44.414],[-98.3773,44.4285],[-98.367,44.4285],[-98.367,44.4213],[-98.3645,44.4212]]],[[[-98.5793,44.4214],[-98.5793,44.4179],[-98.5844,44.4178],[-98.5844,44.4286],[-98.5793,44.4287],[-98.5793,44.4214]]],[[[-98.4583,44.4429],[-98.4583,44.436],[-98.4585,44.436],[-98.4595,44.4361],[-98.4643,44.4403],[-98.4654,44.4431],[-98.4583,44.4429]]],[[[-98.2956,44.5085],[-98.2956,44.5012],[-98.3058,44.5012],[-98.3056,44.5085],[-98.2956,44.5085]]],[[[-98.2652,44.5012],[-98.2754,44.5012],[-98.2753,44.5157],[-98.2651,44.5158],[-98.2652,44.5012]]],[[[-97.914,44.5351],[-97.9138,44.5134],[-97.9266,44.5134],[-97.9266,44.5207],[-97.924,44.5207],[-97.9241,44.5352],[-97.914,44.5351]]],[[[-98.2136,44.5372],[-98.2139,44.5263],[-98.2145,44.5263],[-98.2156,44.5282],[-98.2173,44.53],[-98.2169,44.53],[-98.2184,44.5316],[-98.2195,44.5332],[-98.2201,44.5351],[-98.2202,44.5373],[-98.2136,44.5372]]],[[[-98.218,44.5303],[-98.2176,44.53],[-98.2241,44.5301],[-98.2241,44.5373],[-98.2208,44.5373],[-98.2207,44.5356],[-98.2203,44.5337],[-98.2193,44.5319],[-98.218,44.5303]]],[[[-98.3896,44.5372],[-98.3897,44.5337],[-98.3923,44.5337],[-98.3923,44.534],[-98.3926,44.534],[-98.3926,44.5337],[-98.3947,44.5337],[-98.3947,44.5371],[-98.3972,44.5371],[-98.3971,44.5428],[-98.3907,44.5428],[-98.3908,44.5372],[-98.3896,44.5372]]],[[[-98.0314,44.5532],[-98.0242,44.5475],[-98.0232,44.5448],[-98.0225,44.5448],[-98.0258,44.5431],[-98.0273,44.5428],[-98.0288,44.5431],[-98.0324,44.5447],[-98.0324,44.5449],[-98.0345,44.5449],[-98.0345,44.548],[-98.035,44.548],[-98.035,44.5491],[-98.037,44.5507],[-98.037,44.5522],[-98.0365,44.5521],[-98.0361,44.5531],[-98.0314,44.5532]]],[[[-98.1607,44.5779],[-98.1607,44.5761],[-98.16,44.5761],[-98.1601,44.5743],[-98.1619,44.5743],[-98.1619,44.5754],[-98.1642,44.5759],[-98.1655,44.5759],[-98.1667,44.5765],[-98.1683,44.5768],[-98.1687,44.5765],[-98.1694,44.5769],[-98.1701,44.5767],[-98.1699,44.5816],[-98.1606,44.5816],[-98.1607,44.5779]]],[[[-98.2912,44.5711],[-98.2912,44.5675],[-98.3013,44.5675],[-98.3014,44.5747],[-98.3115,44.5748],[-98.3115,44.582],[-98.3065,44.582],[-98.3065,44.5802],[-98.3014,44.5802],[-98.3014,44.578],[-98.2912,44.578],[-98.2912,44.5711]]]]},"properties":{"id":"usgs-pad-us-fee-managers:3589","name":"Beadle County Waterfowl Production Area","kind":"land","category":"public-land","sourceCategory":"public-land","sourceId":"usgs-pad-us-fee-managers","sourceUrl":"https://services.arcgis.com/v01gqwM5QqNysAAi/arcgis/rest/services/Fee_Managers_PADUS/FeatureServer/0","sourceUpdated":"2021-01-28T05:00:00.000Z","publicUse":"PAD-US reports restricted access; confirm permits and seasonal rules with the manager.","unit":"FWS","origin":"public-catalog"}},{"type":"Feature","id":"usgs-pad-us-fee-managers:3625","geometry":{"type":"MultiPolygon","coordinates":[[[[-97.8301,43.0192],[-97.8232,43.0193],[-97.8231,43.0031],[-97.833,43.0031],[-97.8331,43.0202],[-97.8302,43.0202],[-97.8301,43.0192]]],[[[-98.0193,43.0896],[-98.0192,43.0824],[-98.0251,43.0824],[-98.0252,43.0876],[-98.0291,43.0876],[-98.0292,43.0928],[-98.0241,43.0928],[-98.0241,43.0896],[-98.0193,43.0896]]],[[[-98.0346,43.0993],[-98.0346,43.0967],[-98.0362,43.0967],[-98.0362,43.1019],[-98.038,43.1019],[-98.0379,43.1094],[-98.0369,43.1099],[-98.0369,43.1111],[-98.0393,43.1111],[-98.0394,43.1165],[-98.0345,43.1165],[-98.0344,43.1147],[-98.032,43.1147],[-98.0319,43.1111],[-98.0307,43.1111],[-98.0306,43.1051],[-98.0294,43.1039],[-98.0294,43.1027],[-98.0312,43.1026],[-98.0312,43.1023],[-98.033,43.1021],[-98.033,43.101],[-98.0339,43.1005],[-98.0346,43.0993]]],[[[-98.0492,43.1154],[-98.0491,43.1111],[-98.0514,43.1111],[-98.0527,43.1102],[-98.055,43.1098],[-98.0551,43.1078],[-98.0589,43.1075],[-98.059,43.1172],[-98.0522,43.1172],[-98.0521,43.1154],[-98.0492,43.1154]]],[[[-98.0693,43.149],[-98.0692,43.1436],[-98.0742,43.1438],[-98.0741,43.1398],[-98.084,43.1397],[-98.0841,43.1469],[-98.0792,43.147],[-98.0792,43.149],[-98.0693,43.149]]]]},"properties":{"id":"usgs-pad-us-fee-managers:3625","name":"Bon Homme County Waterfowl Production Area","kind":"land","category":"public-land","sourceCategory":"public-land","sourceId":"usgs-pad-us-fee-managers","sourceUrl":"https://services.arcgis.com/v01gqwM5QqNysAAi/arcgis/rest/services/Fee_Managers_PADUS/FeatureServer/0","sourceUpdated":"2021-01-28T05:00:00.000Z","publicUse":"PAD-US reports restricted access; confirm permits and seasonal rules with the manager.","unit":"FWS","origin":"public-catalog"}},{"type":"Feature","id":"usgs-pad-us-fee-managers:3637","geometry":{"type":"MultiPolygon","coordinates":[[[[-96.9549,44.2046],[-96.9546,44.1994],[-96.9511,44.1994],[-96.9506,44.2001],[-96.949,44.2013],[-96.9489,44.2031],[-96.9485,44.1957],[-96.9585,44.1957],[-96.9586,44.1968],[-96.9603,44.1968],[-96.9607,44.1974],[-96.963,44.1975],[-96.963,44.1984],[-96.9654,44.1984],[-96.967,44.2004],[-96.9687,44.2004],[-96.9687,44.203],[-96.9587,44.2031],[-96.9588,44.2046],[-96.9549,44.2046]]],[[[-97.1178,44.2103],[-97.1178,44.2058],[-97.1198,44.2058],[-97.1198,44.2031],[-97.1294,44.2031],[-97.1293,44.2093],[-97.1295,44.2093],[-97.1295,44.2104],[-97.1178,44.2103]]],[[[-97.1246,44.2186],[-97.124,44.2184],[-97.1233,44.2175],[-97.1293,44.2174],[-97.1293,44.2186],[-97.1246,44.2186]]],[[[-97.0088,44.2247],[-97.0088,44.2175],[-97.0189,44.2175],[-97.019,44.2215],[-97.0165,44.2215],[-97.0165,44.2247],[-97.0088,44.2247]]],[[[-97.0592,44.2464],[-97.0592,44.2443],[-97.0575,44.2443],[-97.0576,44.2464],[-97.0592,44.2464],[-97.0593,44.2495],[-97.0629,44.2496],[-97.063,44.2538],[-97.0553,44.2537],[-97.0552,44.2464],[-97.0541,44.2464],[-97.054,44.2428],[-97.0528,44.2428],[-97.0532,44.2432],[-97.0529,44.2464],[-97.049,44.2464],[-97.049,44.2437],[-97.0468,44.2438],[-97.0468,44.2431],[-97.0453,44.243],[-97.0454,44.2391],[-97.0647,44.2393],[-97.0686,44.2374],[-97.0714,44.2374],[-97.0714,44.2392],[-97.0691,44.2392],[-97.0644,44.2423],[-97.0644,44.2431],[-97.0638,44.2431],[-97.0637,44.2445],[-97.0615,44.2455],[-97.0616,44.2464],[-97.0592,44.2464]]],[[[-97.1291,44.2465],[-97.1292,44.2609],[-97.1192,44.2609],[-97.1193,44.2468],[-97.1291,44.2465]]],[[[-96.9891,44.2719],[-96.9892,44.2682],[-96.9941,44.2682],[-96.994,44.2719],[-96.9891,44.2719]]],[[[-97.1222,44.274],[-97.1222,44.27],[-97.1262,44.27],[-97.1262,44.2682],[-97.1292,44.2681],[-97.1291,44.2754],[-97.1274,44.2754],[-97.1274,44.274],[-97.1222,44.274]]],[[[-97.0909,44.2882],[-97.0909,44.288],[-97.0898,44.2878],[-97.0888,44.2872],[-97.0862,44.2872],[-97.0857,44.2865],[-97.0837,44.2862],[-97.0837,44.2882],[-97.0787,44.2882],[-97.0786,44.2848],[-97.0805,44.2847],[-97.0809,44.2844],[-97.0808,44.2832],[-97.0797,44.2832],[-97.0788,44.2824],[-97.0824,44.2824],[-97.0824,44.2835],[-97.0887,44.2834],[-97.0887,44.2846],[-97.0938,44.2846],[-97.0938,44.2859],[-97.0988,44.2859],[-97.0988,44.2866],[-97.0927,44.2866],[-97.0928,44.288],[-97.0924,44.2882],[-97.0909,44.2882]]],[[[-97.1255,44.2919],[-97.1255,44.2896],[-97.1158,44.2896],[-97.1157,44.287],[-97.114,44.2869],[-97.1139,44.2824],[-97.1088,44.2823],[-97.1089,44.279],[-97.119,44.2789],[-97.1189,44.2824],[-97.1291,44.2825],[-97.129,44.2897],[-97.1285,44.2897],[-97.1286,44.2901],[-97.1283,44.2905],[-97.1285,44.2915],[-97.1287,44.2947],[-97.1274,44.2947],[-97.1274,44.293],[-97.1255,44.2919]]],[[[-96.9745,44.3159],[-96.9777,44.3115],[-96.9787,44.3115],[-96.9786,44.3187],[-96.9745,44.3186],[-96.9745,44.3159]]],[[[-97.0954,44.3258],[-97.0954,44.322],[-97.0994,44.322],[-97.0992,44.3076],[-97.1018,44.3076],[-97.1018,44.3063],[-97.1042,44.3063],[-97.1043,44.3076],[-97.1093,44.3076],[-97.1092,44.3013],[-97.1192,44.3013],[-97.1192,44.3077],[-97.1209,44.3077],[-97.121,44.3113],[-97.1168,44.3113],[-97.1172,44.3136],[-97.1168,44.3118],[-97.1172,44.3136],[-97.1121,44.3143],[-97.1098,44.3153],[-97.1105,44.3188],[-97.1074,44.3201],[-97.106,44.3213],[-97.1058,44.324],[-97.1071,44.3248],[-97.1096,44.3248],[-97.1096,44.3258],[-97.0954,44.3258]]],[[[-97.1059,44.3126],[-97.1059,44.3113],[-97.1044,44.3113],[-97.1043,44.3126],[-97.1059,44.3126]]],[[[-96.9891,44.3342],[-96.989,44.3333],[-96.9992,44.3332],[-96.9995,44.337],[-96.9919,44.3352],[-96.9891,44.3342]]],[[[-96.9896,44.3419],[-96.9896,44.3404],[-96.9866,44.3404],[-96.988,44.3367],[-96.9892,44.3356],[-96.9891,44.3349],[-96.9916,44.3358],[-96.9996,44.3376],[-96.9997,44.3382],[-96.9979,44.3382],[-96.9981,44.3404],[-96.9922,44.3404],[-96.9921,44.3419],[-96.9896,44.3419]]],[[[-97.0781,44.3404],[-97.0788,44.3404],[-97.0789,44.342],[-97.0781,44.3404]]],[[[-97.0478,44.3477],[-97.0478,44.3417],[-97.0543,44.3417],[-97.0543,44.3404],[-97.0568,44.3404],[-97.0568,44.3384],[-97.0583,44.3384],[-97.0584,44.3332],[-97.0661,44.3332],[-97.0661,44.3404],[-97.0614,44.3404],[-97.0614,44.342],[-97.0687,44.342],[-97.0687,44.3404],[-97.0777,44.3404],[-97.0789,44.343],[-97.0788,44.3488],[-97.0478,44.3495],[-97.0478,44.3477]]],[[[-97.0583,44.3585],[-97.0585,44.3549],[-97.0477,44.3549],[-97.0477,44.3599],[-97.0456,44.3599],[-97.0402,44.3565],[-97.0401,44.3551],[-97.0374,44.3551],[-97.0376,44.3495],[-97.041,44.3503],[-97.0788,44.3493],[-97.0787,44.355],[-97.0686,44.3549],[-97.0679,44.3658],[-97.0578,44.3658],[-97.0583,44.3585]]],[[[-97.1211,44.3839],[-97.121,44.3795],[-97.1287,44.3796],[-97.1287,44.384],[-97.1211,44.3839]]],[[[-96.9578,44.3841],[-96.9679,44.3842],[-96.9677,44.3912],[-96.9576,44.3912],[-96.9578,44.3841]]],[[[-97.0678,44.4202],[-97.0678,44.4164],[-97.083,44.4164],[-97.0829,44.4273],[-97.0678,44.4272],[-97.0678,44.4202]]],[[[-97.0276,44.4487],[-97.0276,44.4415],[-97.0325,44.4415],[-97.0325,44.4487],[-97.0276,44.4487]]],[[[-97.0153,44.4545],[-97.0147,44.4531],[-97.0142,44.4525],[-97.0167,44.4523],[-97.0179,44.4538],[-97.0194,44.4545],[-97.0205,44.4544],[-97.0221,44.456],[-97.0138,44.4559],[-97.0153,44.4545]]],[[[-97.0273,44.4542],[-97.0263,44.4545],[-97.0251,44.4541],[-97.0248,44.4535],[-97.0236,44.4528],[-97.0217,44.4512],[-97.0194,44.4501],[-97.0176,44.4501],[-97.0165,44.4505],[-97.017,44.4498],[-97.0165,44.4464],[-97.016,44.4461],[-97.015,44.4461],[-97.0138,44.4467],[-97.0123,44.447],[-97.0123,44.445],[-97.0273,44.445],[-97.0275,44.4559],[-97.0269,44.4559],[-97.0275,44.4552],[-97.0273,44.4542]]],[[[-97.0277,44.4524],[-97.0325,44.4523],[-97.0326,44.456],[-97.0278,44.456],[-97.0277,44.4524]]],[[[-96.988,44.4701],[-96.9879,44.4578],[-96.9886,44.4587],[-96.9901,44.4587],[-96.9923,44.4579],[-96.9975,44.4586],[-96.9992,44.4595],[-97.0003,44.4605],[-96.9991,44.4616],[-97.0012,44.4626],[-97.0006,44.4631],[-96.9904,44.463],[-96.9905,44.4701],[-96.988,44.4701]]],[[[-96.9995,44.4702],[-97.0021,44.4701],[-97.0021,44.4686],[-97.004,44.4686],[-97.004,44.4674],[-97.0077,44.4674],[-97.0077,44.4701],[-97.0278,44.4704],[-97.0278,44.4741],[-97.0017,44.4738],[-97.0014,44.4713],[-96.9995,44.4702]]],[[[-97.0177,44.4808],[-97.0178,44.4775],[-97.0278,44.4777],[-97.0277,44.4814],[-97.0177,44.4812],[-97.0177,44.4808]]],[[[-97.0809,44.5033],[-97.0809,44.5015],[-97.0847,44.5015],[-97.0847,44.5033],[-97.0809,44.5033]]],[[[-97.042,44.5067],[-97.0419,44.5038],[-97.0447,44.5038],[-97.0446,44.4995],[-97.0474,44.4995],[-97.0475,44.5043],[-97.0493,44.5043],[-97.0493,44.5082],[-97.0475,44.5082],[-97.0475,44.5067],[-97.042,44.5067]]],[[[-97.0777,44.5104],[-97.0777,44.5068],[-97.0877,44.5068],[-97.0877,44.503],[-97.0911,44.503],[-97.0912,44.5068],[-97.0928,44.5068],[-97.0878,44.5104],[-97.0878,44.514],[-97.0828,44.514],[-97.0827,44.5112],[-97.0777,44.5112],[-97.0777,44.5104]]],[[[-96.5433,44.5391],[-96.5398,44.5391],[-96.5398,44.5319],[-96.5449,44.5318],[-96.5448,44.5401],[-96.5432,44.5402],[-96.5433,44.5391]]],[[[-96.459,44.5436],[-96.459,44.5317],[-96.464,44.5319],[-96.4639,44.5355],[-96.4628,44.5368],[-96.4626,44.5377],[-96.4625,44.5436],[-96.459,44.5436]]],[[[-96.474,44.5416],[-96.4741,44.5355],[-96.4843,44.5354],[-96.4842,44.539],[-96.4943,44.5391],[-96.4944,44.5327],[-96.4978,44.5328],[-96.4992,44.5334],[-96.5045,44.5334],[-96.5045,44.5355],[-96.5059,44.5355],[-96.5057,44.5437],[-96.4739,44.5436],[-96.474,44.5416]]],[[[-97.051,44.5435],[-97.051,44.5388],[-97.0575,44.5388],[-97.0576,44.5435],[-97.051,44.5435]]]]},"properties":{"id":"usgs-pad-us-fee-managers:3637","name":"Brookings County Waterfowl Production Area","kind":"land","category":"public-land","sourceCategory":"public-land","sourceId":"usgs-pad-us-fee-managers","sourceUrl":"https://services.arcgis.com/v01gqwM5QqNysAAi/arcgis/rest/services/Fee_Managers_PADUS/FeatureServer/0","sourceUpdated":"2021-01-28T05:00:00.000Z","publicUse":"PAD-US reports restricted access; confirm permits and seasonal rules with the manager.","unit":"FWS","origin":"public-catalog"}},{"type":"Feature","id":"usgs-pad-us-fee-managers:3639","geometry":{"type":"MultiPolygon","coordinates":[[[[-98.5471,45.2528],[-98.5473,45.2427],[-98.5577,45.2428],[-98.5576,45.2464],[-98.5549,45.2467],[-98.5545,45.2573],[-98.546,45.2572],[-98.5466,45.2556],[-98.5471,45.2528]]],[[[-98.5774,45.2959],[-98.5774,45.2936],[-98.5864,45.2936],[-98.5824,45.2959],[-98.5774,45.2959]]],[[[-98.5464,45.3149],[-98.5487,45.3077],[-98.5568,45.3078],[-98.5569,45.3042],[-98.562,45.3042],[-98.562,45.2979],[-98.5659,45.298],[-98.5659,45.2934],[-98.5697,45.2935],[-98.5697,45.3007],[-98.5672,45.3007],[-98.5671,45.307],[-98.571,45.307],[-98.5709,45.3088],[-98.5613,45.3087],[-98.5568,45.315],[-98.5464,45.3149]]],[[[-98.6676,45.3303],[-98.6677,45.3229],[-98.6703,45.323],[-98.6702,45.3243],[-98.6735,45.3243],[-98.6779,45.3284],[-98.6781,45.3304],[-98.6676,45.3303]]],[[[-98.6529,45.3447],[-98.6667,45.3448],[-98.6667,45.352],[-98.6497,45.3519],[-98.6497,45.3473],[-98.6524,45.3473],[-98.6534,45.3469],[-98.6537,45.3453],[-98.6529,45.3447]]],[[[-98.5056,45.3689],[-98.5056,45.3653],[-98.5115,45.3653],[-98.5159,45.3632],[-98.5159,45.369],[-98.5056,45.3689]]],[[[-98.5877,45.3659],[-98.5877,45.3652],[-98.5952,45.3653],[-98.5959,45.3647],[-98.5959,45.3628],[-98.5984,45.3628],[-98.5984,45.3732],[-98.5877,45.3731],[-98.5877,45.3659]]],[[[-98.557,45.3801],[-98.557,45.3729],[-98.5647,45.3729],[-98.5647,45.3765],[-98.5621,45.3766],[-98.5621,45.3802],[-98.557,45.3801]]],[[[-98.5875,45.382],[-98.5919,45.3792],[-98.5911,45.3787],[-98.5894,45.3791],[-98.5856,45.3787],[-98.5826,45.3803],[-98.5826,45.3767],[-98.5984,45.3768],[-98.5984,45.3804],[-98.5929,45.3804],[-98.5928,45.3877],[-98.5893,45.3876],[-98.5894,45.3872],[-98.588,45.387],[-98.588,45.3838],[-98.5863,45.3827],[-98.5875,45.382]]],[[[-98.5775,45.3947],[-98.5775,45.3876],[-98.5793,45.3876],[-98.5778,45.3898],[-98.5785,45.3908],[-98.5785,45.3928],[-98.5795,45.3928],[-98.5852,45.3917],[-98.5852,45.3912],[-98.5878,45.3913],[-98.5878,45.3948],[-98.5775,45.3947]]],[[[-98.6191,45.4295],[-98.6191,45.4168],[-98.6294,45.4169],[-98.6294,45.4241],[-98.6243,45.4241],[-98.6242,45.4313],[-98.6191,45.4313],[-98.6191,45.4295]]],[[[-98.4795,45.5463],[-98.4789,45.5461],[-98.4744,45.5461],[-98.4745,45.5389],[-98.4946,45.539],[-98.4947,45.5463],[-98.4839,45.5462],[-98.4818,45.5469],[-98.4803,45.5467],[-98.4795,45.5463]]],[[[-98.3044,45.6611],[-98.3044,45.6578],[-98.3108,45.6579],[-98.3108,45.6615],[-98.3044,45.6614],[-98.3044,45.6611]]],[[[-98.3523,45.8395],[-98.3523,45.8356],[-98.3563,45.8356],[-98.3563,45.8395],[-98.3523,45.8395]]],[[[-97.9997,45.8496],[-97.9998,45.8351],[-98.0102,45.8351],[-98.01,45.8496],[-97.9997,45.8496]]],[[[-98.1774,45.8906],[-98.1774,45.8903],[-98.2069,45.8903],[-98.2069,45.893],[-98.1809,45.8931],[-98.1811,45.8924],[-98.1806,45.8918],[-98.178,45.8913],[-98.1776,45.8911],[-98.1774,45.8906]]],[[[-98.3319,45.9022],[-98.3319,45.9007],[-98.3384,45.9008],[-98.3384,45.9022],[-98.3319,45.9022]]],[[[-98.0774,45.9077],[-98.0773,45.8932],[-98.0825,45.8932],[-98.0826,45.9077],[-98.0774,45.9077]]],[[[-98.3393,45.9062],[-98.3392,45.9034],[-98.3423,45.9034],[-98.3423,45.9008],[-98.3522,45.9008],[-98.3522,45.9052],[-98.3422,45.9051],[-98.3422,45.908],[-98.3407,45.908],[-98.3407,45.9062],[-98.3393,45.9062]]],[[[-98.2663,45.9223],[-98.2663,45.915],[-98.2683,45.915],[-98.2683,45.9136],[-98.2696,45.9136],[-98.2696,45.9078],[-98.2748,45.9078],[-98.2748,45.9127],[-98.2768,45.9127],[-98.2768,45.915],[-98.2696,45.915],[-98.2696,45.9223],[-98.2663,45.9223]]],[[[-98.3626,45.9263],[-98.3626,45.9228],[-98.3729,45.9228],[-98.3728,45.9264],[-98.3626,45.9263]]],[[[-98.3626,45.9263],[-98.3626,45.9299],[-98.3522,45.9299],[-98.3522,45.9262],[-98.3626,45.9263]]],[[[-98.093,45.9359],[-98.0929,45.915],[-98.0982,45.9113],[-98.0982,45.9076],[-98.1031,45.9076],[-98.1032,45.9112],[-98.1134,45.9112],[-98.1134,45.9148],[-98.1239,45.9148],[-98.1239,45.922],[-98.1135,45.9221],[-98.1135,45.9293],[-98.1032,45.9293],[-98.1032,45.936],[-98.093,45.9359]]],[[[-98.1446,45.936],[-98.1445,45.9292],[-98.1549,45.9292],[-98.1549,45.9361],[-98.1446,45.936]]]]},"properties":{"id":"usgs-pad-us-fee-managers:3639","name":"Brown County Waterfowl Production Area","kind":"land","category":"public-land","sourceCategory":"public-land","sourceId":"usgs-pad-us-fee-managers","sourceUrl":"https://services.arcgis.com/v01gqwM5QqNysAAi/arcgis/rest/services/Fee_Managers_PADUS/FeatureServer/0","sourceUpdated":"2021-01-28T05:00:00.000Z","publicUse":"PAD-US reports restricted access; confirm permits and seasonal rules with the manager.","unit":"FWS","origin":"public-catalog"}},{"type":"Feature","id":"usgs-pad-us-fee-managers:3642","geometry":{"type":"MultiPolygon","coordinates":[[[[-99.0144,43.5607],[-99.0147,43.5644],[-99.0122,43.5644],[-99.012,43.5608],[-99.0144,43.5607]]],[[[-99.0027,43.5716],[-99.0023,43.5644],[-99.0116,43.5644],[-99.0116,43.5648],[-99.0123,43.5648],[-99.0126,43.5716],[-99.0027,43.5716]]],[[[-98.9728,43.5787],[-98.9728,43.5785],[-98.9828,43.5786],[-98.9827,43.5857],[-98.9729,43.5857],[-98.9728,43.5787]]],[[[-98.8738,43.6217],[-98.8738,43.6145],[-98.864,43.6147],[-98.864,43.6219],[-98.8542,43.6221],[-98.8541,43.6148],[-98.8591,43.6147],[-98.859,43.6129],[-98.8673,43.6128],[-98.8673,43.6074],[-98.8737,43.6072],[-98.8737,43.6032],[-98.8838,43.6032],[-98.8837,43.6073],[-98.8872,43.6073],[-98.8871,43.6106],[-98.8837,43.6106],[-98.8837,43.6163],[-98.8812,43.6163],[-98.8814,43.6235],[-98.8738,43.6236],[-98.8738,43.6217]]]]},"properties":{"id":"usgs-pad-us-fee-managers:3642","name":"Brule County Waterfowl Production Area","kind":"land","category":"public-land","sourceCategory":"public-land","sourceId":"usgs-pad-us-fee-managers","sourceUrl":"https://services.arcgis.com/v01gqwM5QqNysAAi/arcgis/rest/services/Fee_Managers_PADUS/FeatureServer/0","sourceUpdated":"2021-01-28T05:00:00.000Z","publicUse":"PAD-US reports restricted access; confirm permits and seasonal rules with the manager.","unit":"FWS","origin":"public-catalog"}},{"type":"Feature","id":"usgs-pad-us-fee-managers:3647","geometry":{"type":"Polygon","coordinates":[[[-99.1067,44.1945],[-99.1067,44.1873],[-99.1167,44.1872],[-99.1167,44.1799],[-99.1369,44.1799],[-99.1369,44.1944],[-99.1469,44.1944],[-99.1469,44.1965],[-99.1218,44.1965],[-99.1218,44.1945],[-99.1067,44.1945]]]},"properties":{"id":"usgs-pad-us-fee-managers:3647","name":"Buffalo County Waterfowl Production Area","kind":"land","category":"public-land","sourceCategory":"public-land","sourceId":"usgs-pad-us-fee-managers","sourceUrl":"https://services.arcgis.com/v01gqwM5QqNysAAi/arcgis/rest/services/Fee_Managers_PADUS/FeatureServer/0","sourceUpdated":"2021-01-28T05:00:00.000Z","publicUse":"PAD-US reports restricted access; confirm permits and seasonal rules with the manager.","unit":"FWS","origin":"public-catalog"}},{"type":"Feature","id":"usgs-pad-us-fee-managers:3663","geometry":{"type":"MultiPolygon","coordinates":[[[[-99.724,45.6079],[-99.7331,45.6077],[-99.7331,45.6114],[-99.7241,45.6115],[-99.724,45.6079]]],[[[-99.7637,45.6189],[-99.7588,45.6171],[-99.7588,45.6151],[-99.7692,45.6151],[-99.7692,45.6166],[-99.771,45.6166],[-99.7711,45.6187],[-99.7702,45.6187],[-99.7692,45.6195],[-99.7692,45.6203],[-99.7635,45.6203],[-99.7637,45.6189]]],[[[-99.8106,45.6511],[-99.8105,45.644],[-99.8208,45.644],[-99.8209,45.6512],[-99.8106,45.6511]]],[[[-99.7694,45.6848],[-99.7694,45.6777],[-99.7655,45.6777],[-99.7655,45.673],[-99.7823,45.6729],[-99.7822,45.6694],[-99.7848,45.6694],[-99.7849,45.6729],[-99.79,45.6729],[-99.79,45.6755],[-99.7909,45.676],[-99.7915,45.6769],[-99.7912,45.6783],[-99.8004,45.6783],[-99.8004,45.6803],[-99.7895,45.6803],[-99.7907,45.6767],[-99.7895,45.6761],[-99.7869,45.6773],[-99.7863,45.6761],[-99.7848,45.6758],[-99.7835,45.6764],[-99.7841,45.6788],[-99.7828,45.6803],[-99.7797,45.6803],[-99.7797,45.6848],[-99.7694,45.6848]]],[[[-99.821,45.6766],[-99.8412,45.6767],[-99.8411,45.684],[-99.821,45.684],[-99.821,45.6766]]],[[[-99.9238,45.6905],[-99.9238,45.6878],[-99.9363,45.6878],[-99.9362,45.6906],[-99.9238,45.6905]]],[[[-99.8088,45.7081],[-99.8088,45.7057],[-99.8108,45.7057],[-99.8108,45.7081],[-99.8088,45.7081]]],[[[-99.7968,45.7033],[-99.8004,45.7012],[-99.8004,45.7021],[-99.816,45.7021],[-99.816,45.7057],[-99.8108,45.7057],[-99.8108,45.7032],[-99.8017,45.7032],[-99.8018,45.7094],[-99.7986,45.7094],[-99.7958,45.7083],[-99.7948,45.7071],[-99.7946,45.7055],[-99.7968,45.7033]]],[[[-99.8367,45.7165],[-99.8366,45.7093],[-99.8315,45.7093],[-99.8314,45.6949],[-99.8411,45.6948],[-99.8411,45.7093],[-99.8367,45.7093],[-99.8368,45.7126],[-99.8384,45.7128],[-99.8415,45.7142],[-99.844,45.7131],[-99.8471,45.7135],[-99.8471,45.7147],[-99.8441,45.7151],[-99.8411,45.7166],[-99.8367,45.7165]]],[[[-99.9886,45.727],[-99.9887,45.7238],[-99.9902,45.7226],[-99.9916,45.7222],[-99.9952,45.7226],[-99.996,45.7228],[-99.9964,45.7232],[-99.9964,45.7271],[-99.9886,45.727]]],[[[-99.9887,45.727],[-99.9887,45.7241],[-99.9887,45.7241],[-99.9887,45.727]]],[[[-99.9547,45.7602],[-99.9547,45.7567],[-99.9599,45.7567],[-99.9599,45.7603],[-99.9547,45.7602]]],[[[-99.7644,45.789],[-99.7644,45.7855],[-99.7747,45.7855],[-99.7747,45.7818],[-99.7798,45.7818],[-99.7799,45.7893],[-99.7644,45.7891],[-99.7644,45.789]]],[[[-100.1003,45.8572],[-100.1004,45.8547],[-100.1059,45.8548],[-100.1065,45.8541],[-100.1082,45.8541],[-100.1091,45.8548],[-100.1107,45.8548],[-100.1106,45.8637],[-100.1087,45.8631],[-100.1066,45.862],[-100.104,45.8599],[-100.1034,45.8573],[-100.1003,45.8572]]],[[[-100.1418,45.8692],[-100.1419,45.8648],[-100.1457,45.865],[-100.1457,45.8669],[-100.1468,45.8676],[-100.1478,45.8676],[-100.1485,45.8682],[-100.1498,45.8684],[-100.1498,45.8692],[-100.1418,45.8692]]]]},"properties":{"id":"usgs-pad-us-fee-managers:3663","name":"Campbell County Waterfowl Production Area","kind":"land","category":"public-land","sourceCategory":"public-land","sourceId":"usgs-pad-us-fee-managers","sourceUrl":"https://services.arcgis.com/v01gqwM5QqNysAAi/arcgis/rest/services/Fee_Managers_PADUS/FeatureServer/0","sourceUpdated":"2021-01-28T05:00:00.000Z","publicUse":"PAD-US reports restricted access; confirm permits and seasonal rules with the manager.","unit":"FWS","origin":"public-catalog"}},{"type":"Feature","id":"usgs-pad-us-fee-managers:3686","geometry":{"type":"MultiPolygon","coordinates":[[[[-98.1912,43.0016],[-98.191,42.9944],[-98.2009,42.9943],[-98.201,43.0016],[-98.1912,43.0016]]],[[[-98.2503,42.9975],[-98.2502,42.9938],[-98.2552,42.9938],[-98.2551,42.9902],[-98.2651,42.9901],[-98.2652,42.9937],[-98.2701,42.9937],[-98.2703,43.0009],[-98.2602,43.001],[-98.2602,42.9974],[-98.2503,42.9975]]],[[[-98.1083,43.1116],[-98.1083,43.108],[-98.1094,43.108],[-98.1094,43.1096],[-98.1148,43.1095],[-98.1148,43.107],[-98.1159,43.107],[-98.1155,43.1049],[-98.1205,43.1042],[-98.1206,43.1103],[-98.1188,43.1103],[-98.1182,43.1116],[-98.1083,43.1116]]],[[[-98.4368,43.1694],[-98.4533,43.1695],[-98.4521,43.1705],[-98.4495,43.1708],[-98.4426,43.1748],[-98.4403,43.1767],[-98.4367,43.1767],[-98.4368,43.1694]]],[[[-98.392,43.2055],[-98.3921,43.1946],[-98.397,43.1946],[-98.397,43.1982],[-98.4069,43.1983],[-98.4069,43.1986],[-98.4058,43.1989],[-98.403,43.1989],[-98.4011,43.1986],[-98.4069,43.2013],[-98.4069,43.2056],[-98.392,43.2055]]],[[[-98.4256,43.2128],[-98.4245,43.2123],[-98.4227,43.2121],[-98.4252,43.2111],[-98.4257,43.2105],[-98.4261,43.2092],[-98.4266,43.2093],[-98.4268,43.2103],[-98.4268,43.2129],[-98.4256,43.2128]]],[[[-98.4152,43.2118],[-98.4153,43.2116],[-98.4167,43.2122],[-98.4166,43.213],[-98.4161,43.2135],[-98.4158,43.2142],[-98.4154,43.2145],[-98.4149,43.2139],[-98.4146,43.2139],[-98.4146,43.2122],[-98.4149,43.2122],[-98.4152,43.2118]]],[[[-98.4068,43.2273],[-98.402,43.2273],[-98.402,43.2201],[-98.4094,43.2201],[-98.4068,43.2237],[-98.4068,43.2273]]],[[[-98.4068,43.2273],[-98.412,43.2247],[-98.4128,43.2237],[-98.4168,43.2239],[-98.4168,43.2273],[-98.4118,43.2273],[-98.4118,43.2346],[-98.4167,43.2346],[-98.4168,43.2418],[-98.4069,43.2418],[-98.4068,43.2273]]],[[[-98.7588,43.2592],[-98.7589,43.2553],[-98.7658,43.2552],[-98.7657,43.2591],[-98.7588,43.2592]]],[[[-98.3557,43.2711],[-98.3558,43.2637],[-98.3573,43.2637],[-98.3573,43.2626],[-98.3672,43.2628],[-98.3671,43.2711],[-98.3557,43.2711]]],[[[-98.5453,43.2785],[-98.5552,43.2786],[-98.5551,43.2858],[-98.5451,43.2858],[-98.5453,43.2785]]],[[[-98.5948,43.2789],[-98.6084,43.2788],[-98.6083,43.2861],[-98.5947,43.286],[-98.5948,43.2789]]],[[[-98.5586,43.3048],[-98.5587,43.3003],[-98.5549,43.3003],[-98.555,43.2931],[-98.558,43.2931],[-98.558,43.2907],[-98.5629,43.2908],[-98.5629,43.2931],[-98.565,43.2931],[-98.5649,43.3003],[-98.5641,43.3003],[-98.5641,43.3009],[-98.5649,43.3009],[-98.5648,43.3048],[-98.5586,43.3048]]],[[[-98.5399,43.3183],[-98.5399,43.3147],[-98.5548,43.3148],[-98.5547,43.322],[-98.5448,43.322],[-98.5448,43.3184],[-98.5399,43.3183]]],[[[-98.6044,43.3223],[-98.6045,43.3151],[-98.6143,43.3151],[-98.6143,43.3296],[-98.6044,43.3296],[-98.6044,43.3223]]],[[[-98.5598,43.3362],[-98.5598,43.3292],[-98.5647,43.3292],[-98.5647,43.3365],[-98.5696,43.3366],[-98.5696,43.3393],[-98.5598,43.3362]]],[[[-98.6342,43.3402],[-98.6342,43.3297],[-98.6392,43.3297],[-98.6392,43.3261],[-98.6442,43.3261],[-98.6442,43.3225],[-98.6486,43.3225],[-98.6485,43.3297],[-98.6442,43.3297],[-98.644,43.3369],[-98.6391,43.3369],[-98.6391,43.3357],[-98.6372,43.3357],[-98.6372,43.3393],[-98.6357,43.3393],[-98.6357,43.3402],[-98.6342,43.3402]]],[[[-98.664,43.3369],[-98.6739,43.3368],[-98.6739,43.3413],[-98.6675,43.3413],[-98.6675,43.337],[-98.664,43.3369]]],[[[-98.6263,43.3443],[-98.6298,43.3442],[-98.6297,43.3514],[-98.6263,43.3514],[-98.6263,43.3443]]],[[[-98.7071,43.4502],[-98.7082,43.4502],[-98.7105,43.452],[-98.7121,43.4521],[-98.7121,43.4532],[-98.7144,43.4549],[-98.7167,43.455],[-98.7166,43.4568],[-98.7071,43.4568],[-98.7071,43.4502]]],[[[-98.7067,43.4711],[-98.7265,43.4713],[-98.7264,43.4928],[-98.7067,43.4927],[-98.7067,43.4711]]]]},"properties":{"id":"usgs-pad-us-fee-managers:3686","name":"Charles Mix County Waterfowl Production Area","kind":"land","category":"public-land","sourceCategory":"public-land","sourceId":"usgs-pad-us-fee-managers","sourceUrl":"https://services.arcgis.com/v01gqwM5QqNysAAi/arcgis/rest/services/Fee_Managers_PADUS/FeatureServer/0","sourceUpdated":"2021-01-28T05:00:00.000Z","publicUse":"PAD-US reports restricted access; confirm permits and seasonal rules with the manager.","unit":"FWS","origin":"public-catalog"}},{"type":"Feature","id":"usgs-pad-us-fee-managers:3699","geometry":{"type":"MultiPolygon","coordinates":[[[[-97.5731,44.5802],[-97.5731,44.573],[-97.5833,44.5731],[-97.5833,44.5803],[-97.5731,44.5802]]],[[[-97.547,44.5838],[-97.5529,44.5837],[-97.5529,44.5873],[-97.547,44.5873],[-97.547,44.5838]]],[[[-97.629,44.5839],[-97.6259,44.5823],[-97.6251,44.5814],[-97.624,44.5813],[-97.624,44.5803],[-97.6269,44.5803],[-97.6269,44.5807],[-97.6317,44.5828],[-97.6336,44.5828],[-97.6341,44.5825],[-97.6341,44.587],[-97.6333,44.587],[-97.6332,44.5864],[-97.6323,44.5864],[-97.6305,44.5858],[-97.6298,44.5843],[-97.629,44.5839]]],[[[-97.6947,44.5829],[-97.6947,44.5805],[-97.7043,44.5804],[-97.7032,44.5825],[-97.7028,44.5824],[-97.702,44.5838],[-97.7023,44.584],[-97.6966,44.5877],[-97.6948,44.5877],[-97.6947,44.5829]]],[[[-97.7014,44.5849],[-97.7025,44.5842],[-97.7028,44.5843],[-97.703,44.5842],[-97.7048,44.5808],[-97.7049,44.5876],[-97.6975,44.5877],[-97.7017,44.585],[-97.7014,44.5849]]],[[[-97.492,44.6776],[-97.492,44.674],[-97.5022,44.6741],[-97.5022,44.6777],[-97.492,44.6776]]],[[[-97.5668,44.6888],[-97.5668,44.6852],[-97.5731,44.6852],[-97.5731,44.6889],[-97.5668,44.6888]]],[[[-97.5528,44.6888],[-97.5526,44.6888],[-97.5526,44.6959],[-97.5427,44.6959],[-97.5427,44.6886],[-97.5529,44.6887],[-97.5529,44.6959],[-97.5528,44.6888]]],[[[-97.6951,44.7143],[-97.6951,44.7033],[-97.7054,44.7033],[-97.7053,44.7142],[-97.6951,44.7143]]],[[[-97.6141,44.7248],[-97.6142,44.7176],[-97.5983,44.7176],[-97.5984,44.7106],[-97.5881,44.7106],[-97.5879,44.7176],[-97.583,44.7176],[-97.5833,44.7033],[-97.6038,44.7033],[-97.6037,44.6996],[-97.6088,44.6995],[-97.6088,44.6959],[-97.6143,44.6959],[-97.6142,44.7102],[-97.6142,44.703],[-97.6242,44.703],[-97.6242,44.7102],[-97.6216,44.7102],[-97.6216,44.7176],[-97.6192,44.7176],[-97.6193,44.725],[-97.6141,44.7248]]],[[[-97.6141,44.7248],[-97.6141,44.7321],[-97.6033,44.7321],[-97.6033,44.7272],[-97.6033,44.7323],[-97.601,44.7323],[-97.6011,44.7272],[-97.6033,44.7272],[-97.6033,44.7248],[-97.6141,44.7248]]],[[[-97.6852,44.7394],[-97.6852,44.7322],[-97.6952,44.7323],[-97.6952,44.7395],[-97.6852,44.7394]]],[[[-97.5675,44.7647],[-97.5675,44.7611],[-97.5726,44.7611],[-97.5727,44.7647],[-97.5675,44.7647]]],[[[-97.5117,44.7936],[-97.5117,44.7899],[-97.5218,44.7899],[-97.5218,44.7936],[-97.5117,44.7936]]],[[[-97.6803,44.7899],[-97.6953,44.7901],[-97.6951,44.8046],[-97.6849,44.8045],[-97.6851,44.7972],[-97.6801,44.7972],[-97.6803,44.7899]]],[[[-97.7053,44.8508],[-97.7053,44.8481],[-97.7155,44.848],[-97.7156,44.8507],[-97.7053,44.8508]]],[[[-97.5551,44.9312],[-97.5551,44.9275],[-97.5619,44.9276],[-97.5619,44.9263],[-97.5629,44.9263],[-97.5629,44.9204],[-97.583,44.9204],[-97.583,44.9258],[-97.5753,44.9258],[-97.5752,44.924],[-97.5735,44.924],[-97.5703,44.9254],[-97.5705,44.9264],[-97.573,44.9276],[-97.5753,44.9276],[-97.573,44.9277],[-97.573,44.9297],[-97.5692,44.9296],[-97.5675,44.9299],[-97.5652,44.9312],[-97.5551,44.9312]]],[[[-97.545,44.9618],[-97.5476,44.9618],[-97.5493,44.9612],[-97.5493,44.9602],[-97.5509,44.9602],[-97.5509,44.958],[-97.5481,44.9576],[-97.5481,44.9564],[-97.5551,44.9564],[-97.5551,44.9636],[-97.545,44.9637],[-97.545,44.9618]]],[[[-97.6774,44.9667],[-97.6774,44.9642],[-97.6877,44.9642],[-97.6877,44.966],[-97.6851,44.966],[-97.6851,44.9696],[-97.6822,44.9696],[-97.6774,44.9667]]],[[[-97.5784,44.9969],[-97.5784,44.9928],[-97.5847,44.9928],[-97.5876,44.9999],[-97.5766,45],[-97.5784,44.9969]]],[[[-97.5879,44.9997],[-97.5857,44.9944],[-97.5882,44.9945],[-97.5901,44.9956],[-97.59,44.9969],[-97.5926,44.9984],[-97.5927,45],[-97.5881,45],[-97.5879,44.9997]]],[[[-97.5653,45.0053],[-97.5653,44.9999],[-97.5755,44.9999],[-97.5755,45.0054],[-97.5653,45.0053]]],[[[-97.7079,45.0002],[-97.7181,45.0001],[-97.7181,45.0074],[-97.71,45.0074],[-97.71,45.0054],[-97.7092,45.0049],[-97.7084,45.0038],[-97.7079,45.0038],[-97.7079,45.0002]]],[[[-97.6749,45.0192],[-97.6751,45.0176],[-97.6775,45.0148],[-97.6775,45.0156],[-97.6784,45.0156],[-97.6803,45.0165],[-97.6824,45.0165],[-97.6825,45.0183],[-97.6775,45.0183],[-97.6775,45.0192],[-97.6749,45.0192]]],[[[-97.4941,45.0104],[-97.4941,45.0071],[-97.5041,45.0072],[-97.5042,45.0358],[-97.4992,45.0358],[-97.4992,45.0321],[-97.494,45.0321],[-97.4941,45.0104]]],[[[-97.5204,45.0424],[-97.5205,45.0385],[-97.5347,45.0386],[-97.5347,45.037],[-97.5356,45.0397],[-97.5347,45.0397],[-97.5347,45.0434],[-97.5204,45.0432],[-97.5204,45.0424]]],[[[-97.5858,45.0504],[-97.5858,45.047],[-97.5959,45.047],[-97.596,45.0362],[-97.6011,45.0362],[-97.6011,45.0471],[-97.6062,45.0471],[-97.6062,45.0507],[-97.5858,45.0506],[-97.5858,45.0504]]],[[[-97.4942,45.0525],[-97.4968,45.0553],[-97.4967,45.0576],[-97.4941,45.0576],[-97.4942,45.0525]]],[[[-97.6469,45.0722],[-97.6468,45.0651],[-97.657,45.0651],[-97.6571,45.0723],[-97.6469,45.0722]]],[[[-97.5248,45.101],[-97.5248,45.0974],[-97.5324,45.0974],[-97.5324,45.0939],[-97.533,45.0939],[-97.533,45.0956],[-97.5349,45.0956],[-97.5349,45.1011],[-97.5248,45.101]]],[[[-97.5146,45.101],[-97.5146,45.0975],[-97.5197,45.0976],[-97.5197,45.1012],[-97.5248,45.1012],[-97.5248,45.1085],[-97.5146,45.1084],[-97.5146,45.101]]],[[[-97.5861,45.1011],[-97.5862,45.094],[-97.5945,45.094],[-97.5944,45.095],[-97.5964,45.0949],[-97.5963,45.1084],[-97.5861,45.1085],[-97.5861,45.1011]]],[[[-97.5402,45.1372],[-97.5453,45.1373],[-97.5454,45.1445],[-97.5403,45.1445],[-97.5402,45.1372]]],[[[-97.6168,45.1444],[-97.6169,45.1409],[-97.6271,45.141],[-97.6271,45.1446],[-97.6168,45.1444]]]]},"properties":{"id":"usgs-pad-us-fee-managers:3699","name":"Clark County Waterfowl Production Area","kind":"land","category":"public-land","sourceCategory":"public-land","sourceId":"usgs-pad-us-fee-managers","sourceUrl":"https://services.arcgis.com/v01gqwM5QqNysAAi/arcgis/rest/services/Fee_Managers_PADUS/FeatureServer/0","sourceUpdated":"2021-01-28T05:00:00.000Z","publicUse":"PAD-US reports restricted access; confirm permits and seasonal rules with the manager.","unit":"FWS","origin":"public-catalog"}},{"type":"Feature","id":"usgs-pad-us-fee-managers:3704","geometry":{"type":"Polygon","coordinates":[[[-96.8799,42.8989],[-96.8799,42.8953],[-96.8848,42.8953],[-96.8848,42.8989],[-96.8799,42.8989]]]},"properties":{"id":"usgs-pad-us-fee-managers:3704","name":"Clay County Waterfowl Production Area Of Sd","kind":"land","category":"public-land","sourceCategory":"public-land","sourceId":"usgs-pad-us-fee-managers","sourceUrl":"https://services.arcgis.com/v01gqwM5QqNysAAi/arcgis/rest/services/Fee_Managers_PADUS/FeatureServer/0","sourceUpdated":"2021-01-28T05:00:00.000Z","publicUse":"PAD-US reports restricted access; confirm permits and seasonal rules with the manager.","unit":"FWS","origin":"public-catalog"}},{"type":"Feature","id":"usgs-pad-us-fee-managers:3708","geometry":{"type":"MultiPolygon","coordinates":[[[[-97.3098,44.9124],[-97.3098,44.9098],[-97.3138,44.9098],[-97.3139,44.9075],[-97.3099,44.9075],[-97.31,44.9053],[-97.32,44.9054],[-97.3199,44.9126],[-97.3098,44.9126],[-97.3098,44.9124]]],[[[-97.2797,44.9423],[-97.2797,44.9414],[-97.2897,44.9414],[-97.2898,44.9487],[-97.2797,44.9487],[-97.2797,44.9423]]],[[[-97.4837,44.9608],[-97.4835,44.949],[-97.4887,44.9491],[-97.4887,44.9578],[-97.4905,44.9582],[-97.4904,44.96],[-97.4893,44.9599],[-97.4893,44.9609],[-97.4837,44.9608]]],[[[-97.3134,44.9633],[-97.3151,44.9632],[-97.3151,44.9634],[-97.3138,44.9639],[-97.3134,44.9637],[-97.3134,44.9633]]],[[[-97.2563,44.9639],[-97.2557,44.9636],[-97.2526,44.9633],[-97.2552,44.9631],[-97.2569,44.9638],[-97.258,44.9634],[-97.2582,44.9638],[-97.2573,44.964],[-97.2571,44.9646],[-97.2563,44.9639]]],[[[-97.4532,44.9706],[-97.4532,44.9633],[-97.4634,44.9633],[-97.4634,44.9638],[-97.4642,44.9638],[-97.4642,44.9633],[-97.4666,44.9633],[-97.4666,44.9641],[-97.4674,44.9641],[-97.4674,44.9646],[-97.4694,44.9663],[-97.4703,44.9663],[-97.4704,44.9692],[-97.4634,44.9693],[-97.4634,44.9684],[-97.4586,44.9683],[-97.4586,44.9705],[-97.4532,44.9706]]],[[[-97.3714,44.972],[-97.3714,44.9705],[-97.3816,44.9705],[-97.3816,44.9776],[-97.3671,44.9777],[-97.3707,44.9741],[-97.3714,44.972]]],[[[-97.3319,44.9784],[-97.3373,44.9776],[-97.3381,44.9759],[-97.3388,44.9755],[-97.3377,44.9735],[-97.3353,44.9729],[-97.3303,44.9747],[-97.3298,44.9752],[-97.3298,44.9743],[-97.3292,44.9738],[-97.33,44.9723],[-97.3301,44.9705],[-97.3296,44.9692],[-97.3255,44.9677],[-97.3258,44.9668],[-97.3453,44.9668],[-97.3452,44.9633],[-97.3605,44.9633],[-97.361,44.9704],[-97.3559,44.9704],[-97.356,44.9722],[-97.3458,44.9722],[-97.3461,44.9776],[-97.3411,44.9776],[-97.3411,44.9812],[-97.3307,44.9813],[-97.3308,44.9797],[-97.3319,44.9784]]],[[[-97.3461,45.0029],[-97.3461,44.9957],[-97.3512,44.9957],[-97.3512,44.9993],[-97.3563,44.9993],[-97.3563,45.0029],[-97.3461,45.0029]]],[[[-97.3917,44.9922],[-97.4174,44.9923],[-97.4173,45.0032],[-97.4019,45.0031],[-97.402,44.9958],[-97.3917,44.9958],[-97.3917,44.9922]]],[[[-97.4787,45.0035],[-97.4787,45.0034],[-97.479,45.0034],[-97.4787,45.0035]]],[[[-97.4787,45.0071],[-97.4787,45.0057],[-97.4796,45.0059],[-97.4789,45.0071],[-97.4787,45.0071]]],[[[-97.3461,45.0029],[-97.3461,45.0065],[-97.3511,45.0065],[-97.3511,45.0116],[-97.3364,45.0116],[-97.3364,45.0096],[-97.335,45.0091],[-97.3346,45.008],[-97.3323,45.0075],[-97.3308,45.0074],[-97.3309,45.003],[-97.3461,45.0029]]],[[[-97.494,45.0105],[-97.4941,45.0124],[-97.4925,45.013],[-97.4934,45.012],[-97.494,45.0105]]],[[[-97.4787,45.0071],[-97.4787,45.0106],[-97.4798,45.0103],[-97.48,45.0108],[-97.4804,45.0112],[-97.4824,45.012],[-97.4834,45.0122],[-97.4852,45.012],[-97.4881,45.0113],[-97.4892,45.0107],[-97.4903,45.0108],[-97.4905,45.0114],[-97.489,45.0113],[-97.4877,45.0117],[-97.4871,45.0122],[-97.4867,45.0131],[-97.4869,45.0134],[-97.4896,45.0148],[-97.4913,45.0148],[-97.4917,45.0152],[-97.4916,45.0156],[-97.4922,45.016],[-97.4929,45.016],[-97.4941,45.0156],[-97.4941,45.0234],[-97.4919,45.0234],[-97.4916,45.023],[-97.4905,45.0229],[-97.4903,45.0226],[-97.4911,45.0219],[-97.491,45.021],[-97.4922,45.0197],[-97.492,45.0187],[-97.491,45.018],[-97.4874,45.0169],[-97.4853,45.0174],[-97.4838,45.0174],[-97.4835,45.0178],[-97.4832,45.0192],[-97.4838,45.0197],[-97.4859,45.0197],[-97.4871,45.0214],[-97.4797,45.0214],[-97.4797,45.012],[-97.4772,45.0117],[-97.4736,45.0117],[-97.4736,45.0071],[-97.4787,45.0071]]],[[[-97.4224,45.0406],[-97.4224,45.0358],[-97.4326,45.036],[-97.4325,45.0387],[-97.4351,45.0387],[-97.4351,45.0432],[-97.4224,45.043],[-97.4224,45.0406]]],[[[-97.4429,45.0432],[-97.4429,45.036],[-97.4481,45.0361],[-97.4481,45.0287],[-97.4533,45.0288],[-97.4532,45.0215],[-97.4736,45.0215],[-97.4736,45.0358],[-97.4533,45.036],[-97.4531,45.0433],[-97.4429,45.0432]]],[[[-97.4836,45.047],[-97.4836,45.0435],[-97.494,45.0435],[-97.4939,45.0503],[-97.4889,45.0505],[-97.489,45.047],[-97.4836,45.047]]],[[[-97.4533,45.0437],[-97.4533,45.0433],[-97.4634,45.0433],[-97.4633,45.0508],[-97.4532,45.0506],[-97.4533,45.0437]]],[[[-97.494,45.0525],[-97.4941,45.0576],[-97.4887,45.0576],[-97.4889,45.0526],[-97.494,45.0525]]],[[[-97.4832,45.0722],[-97.4775,45.0723],[-97.4775,45.065],[-97.4885,45.0648],[-97.4884,45.0739],[-97.4832,45.074],[-97.4832,45.0722]]],[[[-97.4091,45.0796],[-97.4169,45.0795],[-97.417,45.0867],[-97.407,45.0866],[-97.4068,45.0805],[-97.4087,45.0796],[-97.4091,45.0796]]],[[[-97.3713,45.0876],[-97.362,45.0795],[-97.3514,45.0795],[-97.3515,45.0738],[-97.3546,45.0738],[-97.3517,45.0722],[-97.3616,45.0722],[-97.3615,45.0686],[-97.3565,45.0686],[-97.3564,45.065],[-97.3462,45.065],[-97.3462,45.0613],[-97.3512,45.0614],[-97.3512,45.0599],[-97.3532,45.0601],[-97.3566,45.0579],[-97.3572,45.0579],[-97.3614,45.0593],[-97.3631,45.0578],[-97.3665,45.0578],[-97.3665,45.0615],[-97.3635,45.0636],[-97.3648,45.0654],[-97.3641,45.0668],[-97.3614,45.0678],[-97.3614,45.0681],[-97.3652,45.0687],[-97.3638,45.0702],[-97.3646,45.0731],[-97.3667,45.0736],[-97.3701,45.0767],[-97.3714,45.0771],[-97.3714,45.0795],[-97.376,45.0795],[-97.3768,45.0837],[-97.3782,45.0847],[-97.3813,45.085],[-97.3828,45.0846],[-97.3843,45.085],[-97.3866,45.0849],[-97.3866,45.0864],[-97.3833,45.0862],[-97.3805,45.0857],[-97.3778,45.0848],[-97.3764,45.0841],[-97.3764,45.0844],[-97.3737,45.0831],[-97.3713,45.0831],[-97.3713,45.0876]]],[[[-97.3024,45.0883],[-97.3024,45.0865],[-97.3055,45.0865],[-97.306,45.0884],[-97.3061,45.0898],[-97.3098,45.0938],[-97.3105,45.0938],[-97.3105,45.098],[-97.306,45.0938],[-97.3046,45.0938],[-97.3047,45.0916],[-97.3024,45.0893],[-97.3024,45.0883]]],[[[-97.3811,45.0974],[-97.381,45.094],[-97.387,45.094],[-97.3872,45.0981],[-97.3811,45.0974]]],[[[-97.2697,45.0971],[-97.2697,45.0936],[-97.2799,45.0937],[-97.2799,45.1009],[-97.2697,45.1008],[-97.2697,45.0971]]],[[[-97.1956,45.1323],[-97.1956,45.1227],[-97.2059,45.1228],[-97.2058,45.1336],[-97.2005,45.1336],[-97.2005,45.1324],[-97.1956,45.1323]]],[[[-97.2646,45.1336],[-97.2646,45.1298],[-97.2697,45.1298],[-97.2697,45.1371],[-97.2646,45.137],[-97.2646,45.1336]]],[[[-96.9147,45.1431],[-96.9139,45.1214],[-96.919,45.1212],[-96.9193,45.1284],[-96.9244,45.1282],[-96.9249,45.1427],[-96.9147,45.1431]]],[[[-96.9228,45.135],[-96.9208,45.1359],[-96.9209,45.1372],[-96.9233,45.1371],[-96.9235,45.1363],[-96.9228,45.135]]]]},"properties":{"id":"usgs-pad-us-fee-managers:3708","name":"Codington County Waterfowl Production Area","kind":"land","category":"public-land","sourceCategory":"public-land","sourceId":"usgs-pad-us-fee-managers","sourceUrl":"https://services.arcgis.com/v01gqwM5QqNysAAi/arcgis/rest/services/Fee_Managers_PADUS/FeatureServer/0","sourceUpdated":"2021-01-28T05:00:00.000Z","publicUse":"PAD-US reports restricted access; confirm permits and seasonal rules with the manager.","unit":"FWS","origin":"public-catalog"}},{"type":"Feature","id":"usgs-pad-us-fee-managers:3736","geometry":{"type":"Polygon","coordinates":[[[-103.8599,44.4805],[-103.8626,44.4785],[-103.8621,44.4819],[-103.8599,44.4814],[-103.8599,44.4805]]]},"properties":{"id":"usgs-pad-us-fee-managers:3736","name":"D.C. Booth Historic National Fish Hatchery","kind":"land","category":"public-land","sourceCategory":"public-land","sourceId":"usgs-pad-us-fee-managers","sourceUrl":"https://services.arcgis.com/v01gqwM5QqNysAAi/arcgis/rest/services/Fee_Managers_PADUS/FeatureServer/0","sourceUpdated":"2021-01-28T05:00:00.000Z","publicUse":"PAD-US reports restricted access; confirm permits and seasonal rules with the manager.","unit":"FWS","origin":"public-catalog"}},{"type":"Feature","id":"usgs-pad-us-fee-managers:3742","geometry":{"type":"MultiPolygon","coordinates":[[[[-97.9646,43.5011],[-97.9695,43.5009],[-97.9695,43.5036],[-97.9721,43.5036],[-97.9722,43.5062],[-97.9647,43.5062],[-97.9646,43.5011]]],[[[-98.0045,43.5152],[-98.0045,43.5134],[-98.007,43.5133],[-98.007,43.5151],[-98.0045,43.5152]]],[[[-98.0047,43.5207],[-98.0046,43.517],[-98.007,43.517],[-98.0072,43.5207],[-98.0047,43.5207]]],[[[-98.0009,43.5389],[-98.0008,43.5344],[-98.005,43.5344],[-98.0052,43.5389],[-98.0009,43.5389]]],[[[-97.9962,43.5934],[-97.9961,43.5898],[-97.9988,43.5898],[-98.0005,43.5893],[-98.0005,43.5896],[-98.0012,43.5897],[-98.0018,43.5886],[-98.0041,43.5899],[-98.0062,43.5899],[-98.0062,43.5935],[-97.9962,43.5934]]]]},"properties":{"id":"usgs-pad-us-fee-managers:3742","name":"Davison County Waterfowl Production Area","kind":"land","category":"public-land","sourceCategory":"public-land","sourceId":"usgs-pad-us-fee-managers","sourceUrl":"https://services.arcgis.com/v01gqwM5QqNysAAi/arcgis/rest/services/Fee_Managers_PADUS/FeatureServer/0","sourceUpdated":"2021-01-28T05:00:00.000Z","publicUse":"PAD-US reports restricted access; confirm permits and seasonal rules with the manager.","unit":"FWS","origin":"public-catalog"}},{"type":"Feature","id":"usgs-pad-us-fee-managers:3743","geometry":{"type":"MultiPolygon","coordinates":[[[[-97.3413,45.1783],[-97.3414,45.1736],[-97.3515,45.1736],[-97.3515,45.1809],[-97.3413,45.1809],[-97.3413,45.1792],[-97.3419,45.1791],[-97.3419,45.1783],[-97.3413,45.1783]]],[[[-97.7389,45.1884],[-97.7389,45.1826],[-97.7439,45.1826],[-97.744,45.1884],[-97.7389,45.1884]]],[[[-97.8569,45.1848],[-97.8621,45.1843],[-97.8621,45.1883],[-97.8566,45.1884],[-97.8569,45.1848]]],[[[-97.8001,45.1915],[-97.7951,45.1916],[-97.7951,45.1843],[-97.8002,45.1843],[-97.8001,45.1915]]],[[[-97.2463,45.2467],[-97.2463,45.243],[-97.249,45.243],[-97.2502,45.2421],[-97.2566,45.2421],[-97.2566,45.2467],[-97.2668,45.2467],[-97.2669,45.2539],[-97.2464,45.2539],[-97.2463,45.2467]]],[[[-97.6431,45.2559],[-97.643,45.2507],[-97.6443,45.2511],[-97.6443,45.2559],[-97.6431,45.2559]]],[[[-97.4765,45.2793],[-97.4789,45.2793],[-97.479,45.283],[-97.4784,45.283],[-97.4778,45.2806],[-97.4765,45.2793]]],[[[-97.3969,45.2974],[-97.3969,45.2903],[-97.4072,45.2902],[-97.4071,45.2974],[-97.3969,45.2974]]],[[[-97.4175,45.3011],[-97.4174,45.2939],[-97.4251,45.2939],[-97.4251,45.2884],[-97.4277,45.2884],[-97.4277,45.2975],[-97.4226,45.2975],[-97.4226,45.3011],[-97.4175,45.3011]]],[[[-97.5459,45.2991],[-97.5459,45.2975],[-97.5336,45.2975],[-97.5336,45.2962],[-97.5387,45.2962],[-97.5387,45.292],[-97.5508,45.2921],[-97.5508,45.2975],[-97.5668,45.2975],[-97.5687,45.296],[-97.5713,45.2951],[-97.5724,45.2961],[-97.5732,45.2975],[-97.5713,45.2975],[-97.5713,45.3047],[-97.5508,45.3048],[-97.5508,45.2993],[-97.5459,45.2993],[-97.5459,45.2991]]],[[[-97.6296,45.299],[-97.6296,45.2983],[-97.6327,45.2983],[-97.6327,45.3048],[-97.6249,45.3048],[-97.6249,45.303],[-97.626,45.3022],[-97.6269,45.3009],[-97.629,45.2999],[-97.6296,45.299]]],[[[-97.8273,45.314],[-97.8273,45.3068],[-97.835,45.3068],[-97.835,45.3122],[-97.8324,45.3122],[-97.8324,45.314],[-97.8273,45.314]]],[[[-97.4724,45.3281],[-97.4726,45.3265],[-97.4783,45.3265],[-97.4783,45.3283],[-97.4793,45.3283],[-97.4793,45.3293],[-97.4731,45.3286],[-97.4724,45.3281]]],[[[-97.5404,45.3286],[-97.5404,45.3265],[-97.5507,45.3264],[-97.5507,45.3299],[-97.5404,45.3286]]],[[[-97.7786,45.3356],[-97.7787,45.3284],[-97.7761,45.3284],[-97.7761,45.3266],[-97.7864,45.3266],[-97.7863,45.3338],[-97.7838,45.3338],[-97.7838,45.3356],[-97.7786,45.3356]]],[[[-97.6122,45.3481],[-97.6122,45.3439],[-97.6137,45.3439],[-97.6175,45.3427],[-97.6194,45.3425],[-97.6211,45.3431],[-97.6224,45.3445],[-97.6224,45.3409],[-97.6275,45.3409],[-97.6275,45.3443],[-97.6235,45.3443],[-97.6235,45.3461],[-97.6224,45.3461],[-97.6224,45.3472],[-97.6209,45.3472],[-97.6194,45.3483],[-97.6173,45.349],[-97.6173,45.3481],[-97.6122,45.3481]]],[[[-97.592,45.3627],[-97.5919,45.3581],[-97.5937,45.3581],[-97.596,45.3604],[-97.5935,45.3627],[-97.592,45.3627]]],[[[-97.5096,45.3736],[-97.5147,45.3735],[-97.5148,45.3772],[-97.5196,45.3772],[-97.5096,45.3772],[-97.5096,45.3736]]],[[[-97.4433,45.38],[-97.4434,45.3736],[-97.4383,45.3736],[-97.4383,45.3627],[-97.4435,45.3628],[-97.4434,45.37],[-97.4486,45.37],[-97.4486,45.3788],[-97.4472,45.3789],[-97.4459,45.3795],[-97.4453,45.3802],[-97.4433,45.38]]],[[[-97.5857,45.3916],[-97.5857,45.3844],[-97.5869,45.3844],[-97.5921,45.3807],[-97.5946,45.3807],[-97.5947,45.3844],[-97.5921,45.3844],[-97.5921,45.388],[-97.5908,45.388],[-97.5908,45.3909],[-97.587,45.3909],[-97.587,45.3916],[-97.5857,45.3916]]],[[[-97.7454,45.39],[-97.7454,45.3863],[-97.7556,45.3863],[-97.7556,45.3899],[-97.7454,45.39]]],[[[-97.4074,45.3943],[-97.4074,45.3917],[-97.4126,45.3917],[-97.4125,45.3953],[-97.4074,45.3953],[-97.4074,45.3943]]],[[[-97.3161,45.4005],[-97.3157,45.3989],[-97.3352,45.3988],[-97.3352,45.4025],[-97.3167,45.4025],[-97.3161,45.4005]]],[[[-97.6996,45.399],[-97.697,45.399],[-97.697,45.3917],[-97.6995,45.3917],[-97.6996,45.399]]],[[[-97.4972,45.4026],[-97.4995,45.4025],[-97.4995,45.3989],[-97.5046,45.3989],[-97.5046,45.3998],[-97.5054,45.3998],[-97.5086,45.4035],[-97.5086,45.4047],[-97.499,45.4046],[-97.4989,45.4035],[-97.4972,45.4035],[-97.4972,45.4026]]],[[[-97.6075,45.4133],[-97.6075,45.4097],[-97.6123,45.4097],[-97.6123,45.4133],[-97.6075,45.4133]]],[[[-97.6996,45.399],[-97.7047,45.399],[-97.7049,45.4134],[-97.6895,45.4134],[-97.6894,45.4098],[-97.6946,45.4098],[-97.6945,45.4062],[-97.6997,45.4062],[-97.6996,45.399]]],[[[-97.6225,45.4241],[-97.6226,45.4169],[-97.6278,45.4169],[-97.6277,45.4205],[-97.6328,45.4205],[-97.6277,45.4206],[-97.6276,45.4241],[-97.6225,45.4241]]],[[[-97.5304,45.4422],[-97.5304,45.4386],[-97.551,45.4386],[-97.551,45.4422],[-97.5304,45.4422]]],[[[-97.5097,45.4424],[-97.5096,45.4424],[-97.5096,45.4441],[-97.4944,45.4441],[-97.4944,45.4405],[-97.4996,45.4405],[-97.4996,45.4423],[-97.5099,45.4423],[-97.5097,45.4441],[-97.5097,45.4424]]],[[[-97.462,45.447],[-97.4622,45.445],[-97.4585,45.445],[-97.4585,45.4426],[-97.461,45.4425],[-97.4641,45.4412],[-97.4688,45.4419],[-97.4688,45.4461],[-97.4655,45.446],[-97.464,45.4471],[-97.462,45.447]]],[[[-97.6582,45.4423],[-97.6583,45.4421],[-97.6634,45.4421],[-97.6633,45.4494],[-97.6581,45.4494],[-97.6582,45.4423]]],[[[-97.3915,45.4576],[-97.3915,45.454],[-97.3966,45.454],[-97.3967,45.4576],[-97.3915,45.4576]]],[[[-97.5177,45.4641],[-97.5304,45.464],[-97.5304,45.4712],[-97.5202,45.4713],[-97.5203,45.4677],[-97.5177,45.4677],[-97.5177,45.4641]]],[[[-97.5202,45.4822],[-97.5099,45.4822],[-97.5099,45.4785],[-97.5202,45.4785],[-97.5202,45.4822]]],[[[-97.5976,45.4786],[-97.6027,45.4785],[-97.6027,45.4821],[-97.5976,45.4821],[-97.5976,45.4786]]],[[[-97.5718,45.4929],[-97.5717,45.4713],[-97.5821,45.4714],[-97.582,45.4785],[-97.5872,45.4785],[-97.5872,45.4894],[-97.5821,45.4894],[-97.5821,45.493],[-97.5718,45.4929]]],[[[-97.5202,45.4822],[-97.5254,45.4822],[-97.5253,45.4785],[-97.5305,45.4785],[-97.5305,45.4858],[-97.5356,45.4858],[-97.5357,45.4821],[-97.5408,45.4822],[-97.5408,45.4858],[-97.546,45.4858],[-97.546,45.493],[-97.5256,45.493],[-97.5256,45.4967],[-97.5203,45.4967],[-97.5203,45.493],[-97.51,45.493],[-97.51,45.4858],[-97.5202,45.4858],[-97.5202,45.4822]]],[[[-97.4585,45.4953],[-97.4584,45.4935],[-97.4611,45.4953],[-97.4621,45.4953],[-97.4632,45.4959],[-97.4629,45.4975],[-97.4602,45.5004],[-97.4585,45.5004],[-97.4585,45.4953]]],[[[-97.4096,45.5006],[-97.4173,45.5005],[-97.4173,45.5059],[-97.4157,45.506],[-97.4157,45.5045],[-97.4096,45.5045],[-97.4096,45.5006]]],[[[-97.3658,45.5044],[-97.3606,45.5043],[-97.3606,45.508],[-97.3555,45.5079],[-97.3555,45.503],[-97.3606,45.5031],[-97.3606,45.5007],[-97.3658,45.5008],[-97.3658,45.5044]]],[[[-97.3658,45.5044],[-97.3709,45.5044],[-97.3709,45.508],[-97.3658,45.508],[-97.3658,45.5044]]],[[[-97.5512,45.5076],[-97.5513,45.5003],[-97.5563,45.5003],[-97.5564,45.5076],[-97.5512,45.5076]]],[[[-97.4688,45.5256],[-97.4688,45.522],[-97.4752,45.522],[-97.4752,45.5274],[-97.4688,45.5274],[-97.4688,45.5256]]],[[[-97.6027,45.5293],[-97.5718,45.5294],[-97.5718,45.5222],[-97.6027,45.522],[-97.6027,45.5293]]],[[[-97.6027,45.5293],[-97.6107,45.5293],[-97.6107,45.5329],[-97.6159,45.5329],[-97.6158,45.5365],[-97.6027,45.5365],[-97.6027,45.5293]]],[[[-97.5614,45.5366],[-97.5718,45.5366],[-97.5718,45.5402],[-97.5614,45.5402],[-97.5614,45.5366]]],[[[-97.3863,45.544],[-97.3863,45.5414],[-97.3902,45.5414],[-97.3903,45.5377],[-97.3864,45.5378],[-97.3864,45.5359],[-97.3923,45.5359],[-97.3923,45.5341],[-97.3954,45.5341],[-97.3954,45.5368],[-97.3993,45.5368],[-97.3993,45.5404],[-97.3967,45.5404],[-97.3967,45.544],[-97.3863,45.544]]],[[[-97.6,45.5596],[-97.5975,45.5592],[-97.5975,45.5547],[-97.5924,45.5547],[-97.5924,45.5511],[-97.6027,45.551],[-97.6027,45.5595],[-97.6,45.5596]]],[[[-97.6093,45.5594],[-97.6103,45.5593],[-97.6102,45.5655],[-97.6081,45.5655],[-97.6082,45.5637],[-97.6058,45.5617],[-97.6056,45.561],[-97.6059,45.5594],[-97.6093,45.5594]]],[[[-97.6256,45.5742],[-97.6257,45.5691],[-97.6361,45.5692],[-97.6361,45.5727],[-97.6332,45.5728],[-97.6256,45.5742]]],[[[-97.5924,45.576],[-97.5924,45.5728],[-97.5976,45.5728],[-97.5975,45.5764],[-97.5924,45.5764],[-97.5924,45.576]]],[[[-97.6256,45.58],[-97.6257,45.5744],[-97.6333,45.573],[-97.6361,45.5729],[-97.636,45.5764],[-97.6308,45.5764],[-97.6308,45.58],[-97.6256,45.58]]],[[[-97.5406,45.5877],[-97.5406,45.5853],[-97.5564,45.5855],[-97.5563,45.5877],[-97.5406,45.5877]]]]},"properties":{"id":"usgs-pad-us-fee-managers:3743","name":"Day County Waterfowl Production Area","kind":"land","category":"public-land","sourceCategory":"public-land","sourceId":"usgs-pad-us-fee-managers","sourceUrl":"https://services.arcgis.com/v01gqwM5QqNysAAi/arcgis/rest/services/Fee_Managers_PADUS/FeatureServer/0","sourceUpdated":"2021-01-28T05:00:00.000Z","publicUse":"PAD-US reports restricted access; confirm permits and seasonal rules with the manager.","unit":"FWS","origin":"public-catalog"}},{"type":"Feature","id":"usgs-pad-us-fee-managers:3756","geometry":{"type":"MultiPolygon","coordinates":[[[[-96.5008,44.5473],[-96.5008,44.5437],[-96.504,44.5437],[-96.504,44.5451],[-96.5027,44.5451],[-96.5027,44.5473],[-96.5008,44.5473]]],[[[-96.4605,44.5436],[-96.4807,44.5436],[-96.4806,44.5509],[-96.4654,44.5509],[-96.4655,44.5472],[-96.4604,44.5472],[-96.4605,44.5436]]],[[[-96.5332,44.5581],[-96.5332,44.5535],[-96.5363,44.5535],[-96.5363,44.5516],[-96.5413,44.5516],[-96.5413,44.5546],[-96.5363,44.5546],[-96.5363,44.5597],[-96.5354,44.5593],[-96.5345,44.5583],[-96.5332,44.5581]]],[[[-96.4518,44.5599],[-96.4519,44.5508],[-96.4526,44.5508],[-96.4525,44.5532],[-96.4579,44.5532],[-96.458,44.5581],[-96.4602,44.5581],[-96.4602,44.5599],[-96.4531,44.5599],[-96.4543,44.5625],[-96.4518,44.5625],[-96.4518,44.5599]]],[[[-96.5565,44.5659],[-96.5565,44.5619],[-96.5615,44.5618],[-96.5602,44.5619],[-96.5603,44.5636],[-96.559,44.5654],[-96.559,44.5659],[-96.5565,44.5659]]],[[[-96.5173,44.5908],[-96.5173,44.5872],[-96.5211,44.5873],[-96.5212,44.5909],[-96.5173,44.5908]]],[[[-96.594,44.6056],[-96.5939,44.602],[-96.5953,44.602],[-96.5953,44.6029],[-96.5966,44.6029],[-96.6,44.6047],[-96.5999,44.6059],[-96.594,44.6056]]],[[[-96.4964,44.6233],[-96.5006,44.6233],[-96.5008,44.6308],[-96.4965,44.6307],[-96.4964,44.6233]]],[[[-96.5059,44.6417],[-96.5058,44.6308],[-96.5109,44.6308],[-96.5109,44.6417],[-96.5059,44.6417]]],[[[-96.549,44.6816],[-96.5488,44.6774],[-96.5449,44.6755],[-96.5449,44.6743],[-96.5541,44.6743],[-96.5541,44.6761],[-96.5554,44.6761],[-96.5554,44.6779],[-96.5592,44.6779],[-96.5592,44.6816],[-96.549,44.6816]]],[[[-96.5009,44.718],[-96.4907,44.718],[-96.4907,44.7105],[-96.4933,44.7105],[-96.4933,44.7109],[-96.5009,44.711],[-96.5009,44.718]]],[[[-96.6123,44.7394],[-96.6123,44.7321],[-96.6243,44.7321],[-96.6244,44.7328],[-96.6287,44.7328],[-96.6299,44.7354],[-96.6275,44.7394],[-96.6262,44.743],[-96.6225,44.743],[-96.6174,44.7412],[-96.6148,44.7394],[-96.6123,44.7394]]],[[[-96.7626,44.7646],[-96.7615,44.7646],[-96.7615,44.761],[-96.7684,44.7609],[-96.7684,44.7671],[-96.7661,44.7671],[-96.7661,44.7675],[-96.7626,44.7675],[-96.7626,44.7646]]],[[[-96.5514,44.7698],[-96.5498,44.7707],[-96.5465,44.7713],[-96.5441,44.7712],[-96.5452,44.7702],[-96.5471,44.7698],[-96.5471,44.7681],[-96.5491,44.7667],[-96.5522,44.7667],[-96.5522,44.7686],[-96.5516,44.7686],[-96.5515,44.7758],[-96.5514,44.7698]]],[[[-96.554,44.8015],[-96.554,44.7957],[-96.5616,44.7957],[-96.5616,44.8047],[-96.554,44.8047],[-96.554,44.8015]]],[[[-96.5667,44.8202],[-96.5667,44.8193],[-96.5719,44.8193],[-96.5718,44.8229],[-96.5693,44.8229],[-96.5693,44.822],[-96.5667,44.8202]]],[[[-96.6124,44.8482],[-96.6226,44.8481],[-96.6227,44.8517],[-96.6124,44.8517],[-96.6124,44.8482]]],[[[-96.6418,44.8624],[-96.6515,44.8624],[-96.6515,44.866],[-96.6557,44.866],[-96.6557,44.8697],[-96.6418,44.8695],[-96.6418,44.8624]]],[[[-96.6224,44.89],[-96.6224,44.888],[-96.6275,44.888],[-96.6275,44.89],[-96.6224,44.89]]],[[[-96.71,44.8975],[-96.7101,44.8901],[-96.72,44.8901],[-96.7199,44.9046],[-96.7099,44.9046],[-96.71,44.8975]]],[[[-96.6269,44.9094],[-96.6269,44.9045],[-96.6301,44.9045],[-96.6302,44.9074],[-96.6317,44.9073],[-96.6325,44.9117],[-96.6387,44.9177],[-96.6387,44.9189],[-96.6285,44.9189],[-96.6285,44.9163],[-96.6244,44.9163],[-96.6244,44.9117],[-96.6269,44.9094]]],[[[-96.7102,44.919],[-96.7101,44.9119],[-96.7202,44.9119],[-96.7254,44.912],[-96.7254,44.9137],[-96.7267,44.9156],[-96.7279,44.9192],[-96.7203,44.9193],[-96.7102,44.919]]],[[[-96.4524,44.9628],[-96.4604,44.9628],[-96.4605,44.9659],[-96.462,44.9659],[-96.4621,44.9687],[-96.4649,44.9687],[-96.465,44.97],[-96.4555,44.9699],[-96.4574,44.9693],[-96.4578,44.9683],[-96.4576,44.9654],[-96.4553,44.9638],[-96.4523,44.9634],[-96.4524,44.9628]]],[[[-96.4787,44.9756],[-96.4786,44.975],[-96.481,44.975],[-96.4811,44.974],[-96.4836,44.9739],[-96.4849,44.9731],[-96.485,44.972],[-96.4861,44.971],[-96.4881,44.971],[-96.4902,44.9714],[-96.4904,44.9734],[-96.4901,44.9738],[-96.4881,44.9754],[-96.4882,44.9772],[-96.476,44.9774],[-96.4759,44.9756],[-96.4787,44.9756]]],[[[-96.8418,44.9697],[-96.8417,44.9624],[-96.8462,44.9624],[-96.8481,44.9642],[-96.8492,44.9624],[-96.8517,44.9624],[-96.8518,44.9671],[-96.8492,44.9671],[-96.8493,44.9697],[-96.8468,44.9697],[-96.8469,44.977],[-96.8418,44.977],[-96.8418,44.9697]]]]},"properties":{"id":"usgs-pad-us-fee-managers:3756","name":"Deuel County Waterfowl Production Area","kind":"land","category":"public-land","sourceCategory":"public-land","sourceId":"usgs-pad-us-fee-managers","sourceUrl":"https://services.arcgis.com/v01gqwM5QqNysAAi/arcgis/rest/services/Fee_Managers_PADUS/FeatureServer/0","sourceUpdated":"2021-01-28T05:00:00.000Z","publicUse":"PAD-US reports restricted access; confirm permits and seasonal rules with the manager.","unit":"FWS","origin":"public-catalog"}},{"type":"Feature","id":"usgs-pad-us-fee-managers:3766","geometry":{"type":"MultiPolygon","coordinates":[[[[-98.4821,43.3264],[-98.4823,43.3188],[-98.4922,43.3188],[-98.4924,43.3264],[-98.4821,43.3264]]],[[[-98.4676,43.3482],[-98.467,43.3409],[-98.4718,43.3409],[-98.4719,43.3389],[-98.4663,43.3388],[-98.4656,43.3336],[-98.4721,43.3336],[-98.4719,43.3409],[-98.4768,43.3409],[-98.477,43.3483],[-98.4676,43.3482]]],[[[-98.5295,43.3409],[-98.5391,43.3409],[-98.539,43.3481],[-98.5295,43.3483],[-98.5295,43.3409]]],[[[-98.4533,43.3542],[-98.4471,43.3544],[-98.4469,43.3486],[-98.453,43.3484],[-98.4536,43.3558],[-98.4533,43.3542]]],[[[-98.5152,43.3591],[-98.5152,43.3571],[-98.5202,43.3572],[-98.5201,43.3604],[-98.5176,43.3604],[-98.5176,43.3591],[-98.5152,43.3591]]],[[[-98.5716,43.3697],[-98.5715,43.3684],[-98.575,43.3675],[-98.5773,43.368],[-98.5776,43.3697],[-98.5716,43.3697]]],[[[-98.3381,43.3695],[-98.3378,43.3659],[-98.3407,43.3659],[-98.3411,43.3695],[-98.3469,43.3696],[-98.3474,43.3769],[-98.3387,43.3767],[-98.3381,43.3695]]],[[[-98.5716,43.3697],[-98.5719,43.3769],[-98.5589,43.3768],[-98.5589,43.3696],[-98.5716,43.3697]]],[[[-98.5735,43.3987],[-98.5732,43.3956],[-98.578,43.3956],[-98.5775,43.3894],[-98.5787,43.3886],[-98.5803,43.3886],[-98.5802,43.3877],[-98.5858,43.3875],[-98.5855,43.3843],[-98.5924,43.3844],[-98.5925,43.3878],[-98.5891,43.3893],[-98.5892,43.3915],[-98.5861,43.3915],[-98.5867,43.3988],[-98.5735,43.3987]]],[[[-98.4979,43.4061],[-98.4972,43.3991],[-98.5072,43.3992],[-98.5079,43.4061],[-98.4979,43.4061]]],[[[-98.5275,43.4026],[-98.5375,43.4024],[-98.5378,43.406],[-98.5278,43.4061],[-98.5275,43.4026]]],[[[-98.4936,43.4131],[-98.4936,43.4115],[-98.4984,43.4115],[-98.4987,43.415],[-98.4937,43.415],[-98.4936,43.4131]]],[[[-98.3714,43.4279],[-98.3707,43.4206],[-98.3781,43.4207],[-98.3783,43.4225],[-98.3758,43.4224],[-98.3763,43.4279],[-98.3714,43.4279]]],[[[-98.609,43.4421],[-98.589,43.442],[-98.5891,43.4397],[-98.5877,43.4397],[-98.5877,43.4375],[-98.5862,43.4375],[-98.5862,43.435],[-98.5891,43.435],[-98.5891,43.429],[-98.591,43.429],[-98.5919,43.4285],[-98.592,43.4279],[-98.6034,43.4278],[-98.6034,43.4287],[-98.6039,43.4287],[-98.6039,43.4314],[-98.6077,43.4314],[-98.6077,43.4343],[-98.6039,43.4343],[-98.604,43.4361],[-98.609,43.4362],[-98.609,43.4421]]],[[[-98.4501,43.4778],[-98.4501,43.4706],[-98.4402,43.4707],[-98.4402,43.4636],[-98.4601,43.4635],[-98.46,43.4707],[-98.4652,43.4707],[-98.4652,43.4751],[-98.46,43.4751],[-98.46,43.4779],[-98.4501,43.4778]]],[[[-98.668,43.4991],[-98.6681,43.4854],[-98.6878,43.4853],[-98.6878,43.4709],[-98.7067,43.4711],[-98.7067,43.4927],[-98.6977,43.4927],[-98.6976,43.4992],[-98.668,43.4991]]]]},"properties":{"id":"usgs-pad-us-fee-managers:3766","name":"Douglas County Waterfowl Production Area","kind":"land","category":"public-land","sourceCategory":"public-land","sourceId":"usgs-pad-us-fee-managers","sourceUrl":"https://services.arcgis.com/v01gqwM5QqNysAAi/arcgis/rest/services/Fee_Managers_PADUS/FeatureServer/0","sourceUpdated":"2021-01-28T05:00:00.000Z","publicUse":"PAD-US reports restricted access; confirm permits and seasonal rules with the manager.","unit":"FWS","origin":"public-catalog"}},{"type":"Feature","id":"usgs-pad-us-fee-managers:3777","geometry":{"type":"MultiPolygon","coordinates":[[[[-98.7635,45.2694],[-98.7635,45.2657],[-98.7739,45.2658],[-98.7738,45.2731],[-98.7634,45.273],[-98.7635,45.2694]]],[[[-99.6431,45.2546],[-99.6432,45.253],[-99.6473,45.253],[-99.6474,45.2457],[-99.6571,45.2457],[-99.6569,45.2464],[-99.654,45.2475],[-99.6542,45.2486],[-99.6575,45.2482],[-99.6594,45.2482],[-99.6604,45.249],[-99.6626,45.2496],[-99.6641,45.2509],[-99.6679,45.2512],[-99.6679,45.253],[-99.6534,45.253],[-99.6535,45.2553],[-99.6544,45.2566],[-99.6544,45.2602],[-99.6575,45.2602],[-99.6575,45.2638],[-99.6473,45.2638],[-99.6473,45.2602],[-99.6462,45.2602],[-99.6464,45.2546],[-99.6431,45.2546]]],[[[-99.1954,45.2703],[-99.1954,45.2667],[-99.2057,45.2667],[-99.2057,45.2694],[-99.2062,45.2704],[-99.208,45.2708],[-99.2079,45.274],[-99.2134,45.274],[-99.2134,45.2762],[-99.2056,45.2762],[-99.2057,45.2704],[-99.1954,45.2703]]],[[[-98.7615,45.2801],[-98.7614,45.2792],[-98.7634,45.2793],[-98.7635,45.2869],[-98.7629,45.2865],[-98.7615,45.2801]]],[[[-98.7572,45.2801],[-98.7571,45.2792],[-98.7612,45.2792],[-98.7614,45.2812],[-98.7627,45.2865],[-98.761,45.2874],[-98.761,45.2847],[-98.7572,45.2846],[-98.7572,45.2801]]],[[[-98.7654,45.2887],[-98.7654,45.2874],[-98.7695,45.2875],[-98.7695,45.2888],[-98.7654,45.2887]]],[[[-98.7841,45.2877],[-98.7841,45.2866],[-98.7855,45.2866],[-98.7855,45.2855],[-98.7841,45.2855],[-98.7842,45.2805],[-98.8151,45.2807],[-98.8151,45.2879],[-98.7841,45.2877]]],[[[-99.2159,45.279],[-99.2159,45.274],[-99.221,45.274],[-99.221,45.2799],[-99.2223,45.2799],[-99.2242,45.2812],[-99.2159,45.2812],[-99.2159,45.279]]],[[[-99.5909,45.2737],[-99.596,45.2687],[-99.596,45.2674],[-99.6165,45.2674],[-99.6165,45.2602],[-99.6269,45.2602],[-99.6268,45.2647],[-99.6319,45.2646],[-99.6319,45.2651],[-99.6302,45.2667],[-99.6303,45.2674],[-99.637,45.2674],[-99.637,45.2711],[-99.6165,45.271],[-99.6165,45.2695],[-99.6127,45.2695],[-99.6127,45.2728],[-99.6084,45.2746],[-99.5883,45.2746],[-99.5909,45.2737]]],[[[-99.1234,45.2884],[-99.1234,45.2812],[-99.1337,45.2812],[-99.1337,45.2884],[-99.1234,45.2884]]],[[[-99.4624,45.2815],[-99.4624,45.2743],[-99.4727,45.2743],[-99.4726,45.2816],[-99.4624,45.2815]]],[[[-99.2261,45.2885],[-99.2261,45.2812],[-99.2364,45.2812],[-99.2363,45.2957],[-99.2261,45.2957],[-99.2261,45.2885]]],[[[-99.5138,45.2925],[-99.5138,45.2897],[-99.513,45.2897],[-99.5131,45.2888],[-99.5138,45.2888],[-99.5139,45.287],[-99.5164,45.287],[-99.5163,45.2879],[-99.5197,45.2879],[-99.5197,45.2898],[-99.5189,45.2898],[-99.5189,45.2925],[-99.5138,45.2925]]],[[[-99.4419,45.2897],[-99.4419,45.2888],[-99.4453,45.2888],[-99.4453,45.2815],[-99.4419,45.2815],[-99.4419,45.277],[-99.4316,45.2769],[-99.4316,45.267],[-99.4445,45.267],[-99.4445,45.2779],[-99.4522,45.2779],[-99.4522,45.2888],[-99.4624,45.2888],[-99.4623,45.3033],[-99.4523,45.3033],[-99.4522,45.296],[-99.4419,45.296],[-99.4419,45.2897]]],[[[-99.0512,45.3103],[-99.0513,45.303],[-99.0615,45.303],[-99.0614,45.3175],[-99.0512,45.3175],[-99.0512,45.3103]]],[[[-99.4623,45.3163],[-99.4622,45.3105],[-99.4726,45.3106],[-99.4726,45.3178],[-99.4623,45.3178],[-99.4623,45.3163]]],[[[-99.5548,45.318],[-99.5549,45.3108],[-99.5651,45.3108],[-99.5651,45.3134],[-99.5663,45.3139],[-99.5674,45.3139],[-99.5674,45.3181],[-99.5548,45.318]]],[[[-99.2212,45.3271],[-99.2211,45.3247],[-99.226,45.3247],[-99.226,45.3175],[-99.2363,45.3174],[-99.2363,45.3321],[-99.226,45.3321],[-99.226,45.3302],[-99.2212,45.3271]]],[[[-98.7223,45.3436],[-98.7222,45.3379],[-98.7377,45.338],[-98.7377,45.3416],[-98.7286,45.3415],[-98.7286,45.3423],[-98.7252,45.3423],[-98.7252,45.3437],[-98.7223,45.3436]]],[[[-99.3081,45.3323],[-99.3083,45.3323],[-99.3083,45.3325],[-99.3081,45.3323]]],[[[-99.2568,45.3394],[-99.2629,45.3394],[-99.2628,45.3435],[-99.2643,45.3435],[-99.2668,45.3443],[-99.2676,45.3457],[-99.2689,45.3467],[-99.2568,45.3466],[-99.2568,45.3394]]],[[[-99.3019,45.3395],[-99.3016,45.3323],[-99.3075,45.3323],[-99.3083,45.3329],[-99.3083,45.3468],[-99.3015,45.3468],[-99.3033,45.3448],[-99.3033,45.3396],[-99.3019,45.3395]]],[[[-99.5004,45.355],[-99.4989,45.354],[-99.4825,45.3541],[-99.4826,45.3468],[-99.5031,45.3469],[-99.5031,45.354],[-99.502,45.354],[-99.5004,45.355]]],[[[-99.4928,45.3758],[-99.5237,45.3759],[-99.5238,45.383],[-99.4929,45.3829],[-99.4928,45.3758]]],[[[-99.5546,45.3832],[-99.5546,45.376],[-99.5855,45.3761],[-99.5855,45.3906],[-99.5648,45.3904],[-99.5647,45.3832],[-99.5546,45.3832]]],[[[-99.6677,45.3798],[-99.678,45.3798],[-99.678,45.3906],[-99.6677,45.3906],[-99.6677,45.3798]]],[[[-99.4721,45.4047],[-99.4722,45.3975],[-99.4773,45.3975],[-99.4773,45.4047],[-99.4721,45.4047]]],[[[-99.3185,45.4153],[-99.3185,45.4122],[-99.3246,45.4122],[-99.3248,45.4195],[-99.3185,45.4195],[-99.3185,45.4153]]],[[[-99.5441,45.4196],[-99.5441,45.4123],[-99.5544,45.4122],[-99.5543,45.4341],[-99.544,45.4341],[-99.5441,45.4196]]],[[[-99.6214,45.4499],[-99.6214,45.4485],[-99.6266,45.4485],[-99.6266,45.4506],[-99.6214,45.4499]]],[[[-98.8394,45.4765],[-98.8394,45.4694],[-98.8435,45.4693],[-98.8434,45.4766],[-98.8394,45.4765]]],[[[-99.6366,45.4755],[-99.6366,45.4739],[-99.6377,45.4739],[-99.6377,45.4721],[-99.6392,45.4721],[-99.6392,45.4702],[-99.6431,45.4702],[-99.6431,45.4679],[-99.6469,45.4679],[-99.6469,45.4774],[-99.6366,45.4775],[-99.6366,45.4755]]],[[[-99.4514,45.499],[-99.4514,45.4919],[-99.4614,45.4919],[-99.4613,45.499],[-99.4514,45.499]]],[[[-99.2668,45.5089],[-99.2657,45.5064],[-99.2669,45.5064],[-99.2669,45.4991],[-99.2772,45.4991],[-99.2772,45.5113],[-99.2668,45.5113],[-99.2668,45.5089]]],[[[-99.5283,45.5425],[-99.5283,45.5354],[-99.5334,45.5354],[-99.5334,45.5426],[-99.5283,45.5425]]],[[[-99.6366,45.5427],[-99.6366,45.5391],[-99.6465,45.5391],[-99.6465,45.55],[-99.6366,45.55],[-99.6366,45.5427]]],[[[-99.5231,45.5716],[-99.5231,45.5679],[-99.5283,45.568],[-99.5283,45.5716],[-99.5231,45.5716]]],[[[-99.5231,45.5716],[-99.5231,45.5752],[-99.5127,45.5752],[-99.5127,45.5715],[-99.5231,45.5716]]],[[[-99.6367,45.5789],[-99.6366,45.5716],[-99.6469,45.5716],[-99.6469,45.579],[-99.6367,45.5789]]],[[[-99.6675,45.5789],[-99.6675,45.5717],[-99.6778,45.5716],[-99.6778,45.568],[-99.6882,45.5679],[-99.6881,45.5752],[-99.6778,45.5753],[-99.6779,45.5789],[-99.6675,45.5789]]]]},"properties":{"id":"usgs-pad-us-fee-managers:3777","name":"Edmunds County Waterfowl Production Area","kind":"land","category":"public-land","sourceCategory":"public-land","sourceId":"usgs-pad-us-fee-managers","sourceUrl":"https://services.arcgis.com/v01gqwM5QqNysAAi/arcgis/rest/services/Fee_Managers_PADUS/FeatureServer/0","sourceUpdated":"2021-01-28T05:00:00.000Z","publicUse":"PAD-US reports restricted access; confirm permits and seasonal rules with the manager.","unit":"FWS","origin":"public-catalog"}},{"type":"Feature","id":"usgs-pad-us-fee-managers:3817","geometry":{"type":"MultiPolygon","coordinates":[[[[-98.7828,44.9473],[-98.7828,44.9405],[-98.7878,44.9405],[-98.7879,44.9477],[-98.7929,44.9478],[-98.793,44.9514],[-98.7981,44.9514],[-98.7984,44.9586],[-98.7882,44.9586],[-98.788,44.9532],[-98.7828,44.9477],[-98.7828,44.9473]]],[[[-98.92,44.9736],[-98.92,44.955],[-98.9405,44.955],[-98.9404,44.9695],[-98.9232,44.9695],[-98.9231,44.9736],[-98.92,44.9736]]],[[[-98.7387,44.9767],[-98.7387,44.9756],[-98.7471,44.9757],[-98.7471,44.9769],[-98.7474,44.9769],[-98.7473,44.9839],[-98.7472,44.9819],[-98.7456,44.9805],[-98.739,44.9794],[-98.7391,44.9767],[-98.7387,44.9767]]],[[[-99.2675,45.0675],[-99.2675,45.0639],[-99.288,45.0639],[-99.288,45.0716],[-99.2675,45.0716],[-99.2675,45.0675]]],[[[-99.5119,45.2016],[-99.5119,45.1947],[-99.5222,45.1947],[-99.5222,45.2019],[-99.5119,45.2019],[-99.5119,45.2016]]],[[[-98.7381,45.2242],[-98.7382,45.2084],[-98.7493,45.2083],[-98.7486,45.209],[-98.7484,45.2099],[-98.7476,45.2112],[-98.7472,45.2125],[-98.7474,45.2136],[-98.7464,45.2194],[-98.7458,45.2219],[-98.7454,45.2228],[-98.7457,45.2233],[-98.7466,45.2235],[-98.7466,45.2242],[-98.7381,45.2242]]],[[[-98.733,45.2273],[-98.7381,45.2272],[-98.7381,45.2316],[-98.7341,45.2316],[-98.7331,45.2302],[-98.733,45.2273]]],[[[-99.1545,45.2308],[-99.1545,45.2236],[-99.1623,45.2236],[-99.1623,45.2254],[-99.1602,45.2254],[-99.1602,45.2309],[-99.1545,45.2308]]],[[[-99.4455,45.2346],[-99.4455,45.231],[-99.4352,45.231],[-99.435,45.2237],[-99.471,45.2237],[-99.471,45.2239],[-99.4658,45.2239],[-99.4658,45.2309],[-99.4607,45.2309],[-99.4607,45.2348],[-99.4636,45.2348],[-99.4651,45.2382],[-99.4504,45.2382],[-99.4504,45.2346],[-99.4455,45.2346]]]]},"properties":{"id":"usgs-pad-us-fee-managers:3817","name":"Faulk County Waterfowl Production Area","kind":"land","category":"public-land","sourceCategory":"public-land","sourceId":"usgs-pad-us-fee-managers","sourceUrl":"https://services.arcgis.com/v01gqwM5QqNysAAi/arcgis/rest/services/Fee_Managers_PADUS/FeatureServer/0","sourceUpdated":"2021-01-28T05:00:00.000Z","publicUse":"PAD-US reports restricted access; confirm permits and seasonal rules with the manager.","unit":"FWS","origin":"public-catalog"}},{"type":"Feature","id":"usgs-pad-us-fee-managers:3850","geometry":{"type":"MultiPolygon","coordinates":[[[[-96.466,44.9847],[-96.466,44.9774],[-96.476,44.9775],[-96.4761,44.9846],[-96.466,44.9847]]],[[[-96.8085,45.0063],[-96.8084,44.999],[-96.8069,44.999],[-96.8068,44.9941],[-96.8114,44.9941],[-96.8114,44.9945],[-96.8176,44.999],[-96.8177,45.0017],[-96.8167,45.0017],[-96.8167,45.0074],[-96.8103,45.0074],[-96.8103,45.0063],[-96.8085,45.0063]]],[[[-96.8583,45.0033],[-96.8624,45.0053],[-96.8624,45.0059],[-96.8675,45.0059],[-96.8673,45.013],[-96.8622,45.0131],[-96.862,45.0114],[-96.8596,45.0091],[-96.8583,45.0073],[-96.8576,45.0059],[-96.8576,45.0051],[-96.8583,45.0033]]],[[[-96.8422,45.0207],[-96.8529,45.0205],[-96.8564,45.0243],[-96.8422,45.0244],[-96.8422,45.0207]]],[[[-96.4662,45.0356],[-96.4661,45.0319],[-96.4724,45.0319],[-96.4724,45.0304],[-96.4764,45.0304],[-96.4764,45.0302],[-96.479,45.0302],[-96.4812,45.0313],[-96.4812,45.0326],[-96.4803,45.0332],[-96.4785,45.0331],[-96.4786,45.0355],[-96.4662,45.0356]]],[[[-96.8439,45.0496],[-96.8437,45.0525],[-96.8388,45.0526],[-96.8384,45.0516],[-96.8386,45.0515],[-96.8379,45.0497],[-96.8439,45.0496]]],[[[-96.5895,45.0927],[-96.5895,45.088],[-96.5959,45.088],[-96.5959,45.0927],[-96.5895,45.0927]]],[[[-96.4976,45.0964],[-96.4976,45.0931],[-96.5078,45.0932],[-96.5078,45.0964],[-96.4976,45.0964]]],[[[-96.4564,45.0896],[-96.4564,45.086],[-96.4666,45.086],[-96.4666,45.0896],[-96.4769,45.0895],[-96.477,45.1004],[-96.4667,45.1004],[-96.4666,45.0914],[-96.4615,45.0914],[-96.4615,45.0896],[-96.4564,45.0896]]],[[[-96.6102,45.1289],[-96.6102,45.1261],[-96.6179,45.1261],[-96.6179,45.1286],[-96.6205,45.1286],[-96.6205,45.1288],[-96.6102,45.1289]]],[[[-96.5487,45.1434],[-96.5487,45.1389],[-96.5447,45.1389],[-96.5447,45.1362],[-96.5529,45.1361],[-96.5528,45.1412],[-96.5564,45.1412],[-96.5564,45.1434],[-96.5487,45.1434]]],[[[-96.566,45.1435],[-96.5661,45.1362],[-96.5692,45.1362],[-96.569,45.1435],[-96.566,45.1435]]],[[[-96.9143,45.1717],[-96.9143,45.1646],[-96.9319,45.1647],[-96.9318,45.1719],[-96.9143,45.1717]]],[[[-96.9243,45.1832],[-96.9243,45.1828],[-96.9319,45.183],[-96.9318,45.1793],[-96.9426,45.1794],[-96.9426,45.1808],[-96.9529,45.1809],[-96.9529,45.1795],[-96.9534,45.1795],[-96.9532,45.1869],[-96.9548,45.1869],[-96.955,45.2013],[-96.9247,45.201],[-96.9243,45.1832]]],[[[-96.9654,45.2304],[-96.9555,45.2303],[-96.9553,45.2265],[-96.9654,45.2267],[-96.9654,45.2304]]],[[[-96.5458,45.2232],[-96.5502,45.2232],[-96.5502,45.2286],[-96.5527,45.2286],[-96.5527,45.2355],[-96.5476,45.2355],[-96.5476,45.2242],[-96.5458,45.2232]]],[[[-96.9654,45.2304],[-97.0014,45.2302],[-97.0015,45.234],[-97.0051,45.234],[-97.0056,45.2404],[-97.0049,45.2404],[-97.0054,45.2514],[-97.0044,45.2514],[-97.0047,45.2511],[-97.0038,45.2507],[-97.0036,45.2512],[-97.0028,45.2513],[-97.0021,45.2516],[-97.0015,45.2512],[-97.0004,45.2509],[-96.9996,45.2504],[-96.9985,45.2502],[-96.9978,45.2504],[-96.9961,45.25],[-96.9956,45.2497],[-96.9955,45.2477],[-96.9904,45.2477],[-96.9905,45.2402],[-96.9853,45.2403],[-96.9853,45.2547],[-96.9648,45.2544],[-96.9648,45.2473],[-96.975,45.2474],[-96.9751,45.2403],[-96.966,45.2401],[-96.9654,45.2304]]],[[[-97.2163,45.2464],[-97.2163,45.2428],[-97.2261,45.243],[-97.2261,45.2529],[-97.2163,45.2527],[-97.2163,45.2464]]],[[[-96.4838,45.2653],[-96.4838,45.2581],[-96.486,45.2581],[-96.4858,45.2593],[-96.4908,45.2617],[-96.4902,45.2638],[-96.4889,45.2652],[-96.4941,45.2652],[-96.4838,45.2653]]],[[[-96.5964,45.2978],[-96.6066,45.2977],[-96.6067,45.3051],[-96.5964,45.3051],[-96.5964,45.2978]]],[[[-96.8503,45.3117],[-96.8502,45.308],[-96.8546,45.308],[-96.8546,45.3116],[-96.8503,45.3117]]],[[[-96.7036,45.3118],[-96.7086,45.3117],[-96.7086,45.3138],[-96.7036,45.3138],[-96.7036,45.3118]]],[[[-96.5094,45.3267],[-96.5094,45.3231],[-96.5145,45.3231],[-96.5144,45.3267],[-96.5094,45.3267]]]]},"properties":{"id":"usgs-pad-us-fee-managers:3850","name":"Grant County Waterfowl Production Area","kind":"land","category":"public-land","sourceCategory":"public-land","sourceId":"usgs-pad-us-fee-managers","sourceUrl":"https://services.arcgis.com/v01gqwM5QqNysAAi/arcgis/rest/services/Fee_Managers_PADUS/FeatureServer/0","sourceUpdated":"2021-01-28T05:00:00.000Z","publicUse":"PAD-US reports restricted access; confirm permits and seasonal rules with the manager.","unit":"FWS","origin":"public-catalog"}},{"type":"Feature","id":"usgs-pad-us-fee-managers:3892","geometry":{"type":"MultiPolygon","coordinates":[[[[-97.0528,44.5435],[-97.059,44.5435],[-97.0575,44.5451],[-97.0546,44.5451],[-97.0528,44.5435]]],[[[-97.0172,44.5726],[-97.0171,44.5689],[-97.0272,44.5691],[-97.0273,44.5728],[-97.0172,44.5726]]],[[[-97.0367,44.5727],[-97.0367,44.5691],[-97.0416,44.5691],[-97.0417,44.5693],[-97.042,44.5727],[-97.0367,44.5727]]],[[[-97.4518,44.5692],[-97.4518,44.562],[-97.4417,44.562],[-97.4417,44.5656],[-97.4316,44.5655],[-97.4316,44.5583],[-97.4632,44.5584],[-97.4631,44.5656],[-97.4618,44.5656],[-97.4618,44.5728],[-97.4517,44.5728],[-97.4518,44.5692]]],[[[-97.361,44.5942],[-97.3611,44.587],[-97.3706,44.587],[-97.3706,44.5941],[-97.361,44.5942]]],[[[-97.2491,44.6374],[-97.2492,44.6337],[-97.2642,44.6338],[-97.2642,44.6447],[-97.2491,44.6447],[-97.2491,44.6374]]],[[[-97.4111,44.6597],[-97.4111,44.6593],[-97.4212,44.6593],[-97.4211,44.6666],[-97.4109,44.6666],[-97.4111,44.6597]]],[[[-97.4288,44.6739],[-97.4288,44.6703],[-97.4313,44.6703],[-97.4313,44.6739],[-97.4288,44.6739]]],[[[-97.1533,44.6773],[-97.1533,44.6736],[-97.1688,44.6736],[-97.1686,44.6881],[-97.1584,44.6881],[-97.1584,44.6845],[-97.1533,44.6845],[-97.1533,44.6773]]],[[[-97.0977,44.6982],[-97.1077,44.6981],[-97.1078,44.7027],[-97.0977,44.7029],[-97.0977,44.6982]]],[[[-97.2795,44.7052],[-97.2796,44.7024],[-97.2838,44.7024],[-97.2837,44.7079],[-97.2895,44.7079],[-97.2895,44.7097],[-97.2794,44.7097],[-97.2795,44.7052]]],[[[-97.1276,44.7094],[-97.1378,44.7096],[-97.1378,44.7166],[-97.1131,44.7167],[-97.1132,44.7161],[-97.111,44.716],[-97.111,44.715],[-97.1079,44.715],[-97.1079,44.7099],[-97.1276,44.7094]]],[[[-97.4713,44.7321],[-97.4713,44.7318],[-97.4917,44.7319],[-97.4918,44.7354],[-97.4712,44.7354],[-97.4713,44.7321]]],[[[-97.4711,44.7463],[-97.4686,44.7463],[-97.4686,44.7427],[-97.4711,44.7427],[-97.4711,44.7463]]],[[[-97.4711,44.7463],[-97.4788,44.7463],[-97.4787,44.7481],[-97.4711,44.7481],[-97.4711,44.7463]]],[[[-97.2848,44.7772],[-97.2853,44.7749],[-97.2892,44.7749],[-97.2892,44.7792],[-97.2874,44.7793],[-97.2848,44.7772]]],[[[-97.4352,44.7774],[-97.4351,44.7752],[-97.451,44.7752],[-97.4512,44.7825],[-97.4309,44.7825],[-97.4309,44.7774],[-97.4352,44.7774]]],[[[-97.3902,44.7824],[-97.3975,44.7823],[-97.3977,44.7877],[-97.3947,44.7862],[-97.3936,44.786],[-97.3935,44.7824],[-97.3902,44.7824]]],[[[-97.4767,44.7933],[-97.4766,44.7918],[-97.4775,44.7919],[-97.4775,44.7897],[-97.4875,44.7897],[-97.4875,44.7929],[-97.4886,44.7933],[-97.4913,44.7935],[-97.4913,44.7968],[-97.477,44.7969],[-97.4767,44.7933]]],[[[-97.4105,44.7969],[-97.4206,44.7969],[-97.4206,44.7983],[-97.4188,44.7983],[-97.4188,44.8001],[-97.415,44.8],[-97.415,44.7969],[-97.4105,44.7969]]],[[[-97.3199,44.8041],[-97.3199,44.8018],[-97.3301,44.8018],[-97.3301,44.803],[-97.3304,44.8033],[-97.3366,44.804],[-97.3199,44.8041]]],[[[-97.4773,44.8023],[-97.4757,44.8018],[-97.4713,44.8019],[-97.4713,44.8007],[-97.4874,44.8005],[-97.4874,44.8014],[-97.4836,44.8014],[-97.4835,44.8021],[-97.4796,44.802],[-97.4791,44.8024],[-97.4793,44.8041],[-97.4773,44.8041],[-97.4773,44.8023]]]]},"properties":{"id":"usgs-pad-us-fee-managers:3892","name":"Hamlin County Waterfowl Production Area","kind":"land","category":"public-land","sourceCategory":"public-land","sourceId":"usgs-pad-us-fee-managers","sourceUrl":"https://services.arcgis.com/v01gqwM5QqNysAAi/arcgis/rest/services/Fee_Managers_PADUS/FeatureServer/0","sourceUpdated":"2021-01-28T05:00:00.000Z","publicUse":"PAD-US reports restricted access; confirm permits and seasonal rules with the manager.","unit":"FWS","origin":"public-catalog"}},{"type":"Feature","id":"usgs-pad-us-fee-managers:3895","geometry":{"type":"MultiPolygon","coordinates":[[[[-98.7713,44.2473],[-98.7613,44.2473],[-98.7713,44.2474],[-98.7674,44.2474],[-98.7673,44.2501],[-98.7624,44.2501],[-98.7624,44.251],[-98.7611,44.251],[-98.7612,44.2401],[-98.7713,44.2402],[-98.7713,44.2473]]],[[[-99.0088,44.2617],[-99.0088,44.2581],[-99.0138,44.2581],[-99.0139,44.2617],[-99.0088,44.2617]]],[[[-98.7835,44.2753],[-98.7834,44.2737],[-98.7845,44.2737],[-98.7844,44.2723],[-98.7915,44.2723],[-98.7915,44.2691],[-98.7917,44.2742],[-98.7901,44.2742],[-98.7902,44.2752],[-98.7835,44.2753]]],[[[-98.904,44.2763],[-98.9038,44.2704],[-98.9025,44.2691],[-98.892,44.269],[-98.8883,44.2726],[-98.8837,44.2726],[-98.8837,44.2684],[-98.8866,44.2683],[-98.8881,44.2671],[-98.8903,44.2662],[-98.8922,44.2669],[-98.893,44.2651],[-98.8937,44.2641],[-98.8961,44.2631],[-98.8983,44.2633],[-98.9012,44.2646],[-98.905,44.2651],[-98.9057,44.2658],[-98.9068,44.2657],[-98.9084,44.266],[-98.9115,44.2675],[-98.9132,44.269],[-98.9088,44.2691],[-98.9089,44.2727],[-98.919,44.2727],[-98.9189,44.269],[-98.9239,44.269],[-98.924,44.2727],[-98.929,44.2727],[-98.9289,44.269],[-98.9332,44.2691],[-98.9332,44.2696],[-98.934,44.2696],[-98.9342,44.2763],[-98.904,44.2763]]],[[[-98.791,44.2979],[-98.791,44.296],[-98.7953,44.2959],[-98.7953,44.2979],[-98.791,44.2979]]],[[[-98.7789,44.3052],[-98.7801,44.298],[-98.7819,44.298],[-98.7819,44.3053],[-98.7789,44.3052]]],[[[-98.9118,44.3739],[-98.9098,44.3705],[-98.9147,44.3705],[-98.9146,44.3632],[-98.9248,44.3633],[-98.9248,44.3706],[-98.9278,44.3706],[-98.9171,44.378],[-98.9115,44.378],[-98.9089,44.3758],[-98.9118,44.3739]]],[[[-98.8641,44.3845],[-98.8641,44.3704],[-98.8843,44.3704],[-98.8843,44.3777],[-98.8742,44.3777],[-98.8741,44.3849],[-98.8641,44.3849],[-98.8641,44.3845]]],[[[-99.1452,44.3996],[-99.1452,44.3941],[-99.1553,44.3941],[-99.1553,44.3851],[-99.1654,44.385],[-99.1654,44.3996],[-99.1452,44.3996]]],[[[-99.1301,44.7217],[-99.1303,44.7071],[-99.1505,44.7072],[-99.1505,44.7144],[-99.1403,44.7144],[-99.1403,44.7217],[-99.1301,44.7217]]],[[[-99.0059,44.8106],[-99.0059,44.8088],[-99.0054,44.8088],[-99.0054,44.8049],[-99.0067,44.8049],[-99.0067,44.8013],[-99.0186,44.8013],[-99.0186,44.8088],[-99.0084,44.8088],[-99.0084,44.8106],[-99.0059,44.8106]]],[[[-99.2622,44.809],[-99.2623,44.8017],[-99.2725,44.8017],[-99.2725,44.7965],[-99.2749,44.7965],[-99.2749,44.7944],[-99.2828,44.7945],[-99.2826,44.809],[-99.2622,44.809]]],[[[-99.0888,44.8157],[-99.0888,44.8126],[-99.0919,44.8126],[-99.0919,44.8186],[-99.0887,44.8186],[-99.0888,44.8157]]],[[[-98.7258,44.83],[-98.7258,44.8234],[-98.7268,44.8235],[-98.7268,44.8228],[-98.7361,44.8229],[-98.736,44.8301],[-98.7258,44.83]]],[[[-98.7512,44.8664],[-98.7513,44.8592],[-98.7564,44.8592],[-98.7563,44.8664],[-98.7512,44.8664]]],[[[-99.2241,44.8804],[-99.2241,44.8799],[-99.2215,44.8799],[-99.2214,44.8743],[-99.2418,44.8743],[-99.2418,44.8815],[-99.2317,44.8815],[-99.2317,44.8805],[-99.2241,44.8804]]],[[[-99.2241,44.8799],[-99.2241,44.8799],[-99.2241,44.8799],[-99.2241,44.8799]]],[[[-98.7997,44.8924],[-98.804,44.8924],[-98.804,44.8971],[-98.7992,44.8971],[-98.7992,44.8953],[-98.7997,44.8952],[-98.7997,44.8924]]]]},"properties":{"id":"usgs-pad-us-fee-managers:3895","name":"Hand County Waterfowl Production Area","kind":"land","category":"public-land","sourceCategory":"public-land","sourceId":"usgs-pad-us-fee-managers","sourceUrl":"https://services.arcgis.com/v01gqwM5QqNysAAi/arcgis/rest/services/Fee_Managers_PADUS/FeatureServer/0","sourceUpdated":"2021-01-28T05:00:00.000Z","publicUse":"PAD-US reports restricted access; confirm permits and seasonal rules with the manager.","unit":"FWS","origin":"public-catalog"}},{"type":"Feature","id":"usgs-pad-us-fee-managers:3897","geometry":{"type":"MultiPolygon","coordinates":[[[[-97.8002,43.6302],[-97.8048,43.6302],[-97.8047,43.6319],[-97.8029,43.633],[-97.8013,43.6329],[-97.8002,43.6302]]],[[[-97.6667,43.6639],[-97.6667,43.6594],[-97.6673,43.6594],[-97.6673,43.6589],[-97.6798,43.659],[-97.6798,43.66],[-97.682,43.6606],[-97.682,43.6619],[-97.6777,43.665],[-97.6769,43.6652],[-97.6703,43.6651],[-97.6667,43.6639]]],[[[-97.6708,43.6662],[-97.6763,43.666],[-97.6763,43.6662],[-97.6708,43.6662]]],[[[-97.608,43.7435],[-97.6076,43.7385],[-97.617,43.7385],[-97.6171,43.7421],[-97.6108,43.7421],[-97.6081,43.7442],[-97.608,43.7435]]],[[[-97.6302,43.8118],[-97.6302,43.8102],[-97.6309,43.8103],[-97.6309,43.8068],[-97.6337,43.8068],[-97.6337,43.8038],[-97.6387,43.8038],[-97.6387,43.8121],[-97.6302,43.8121],[-97.6302,43.8118]]],[[[-97.6387,43.8184],[-97.6687,43.8185],[-97.6687,43.8258],[-97.6387,43.8255],[-97.6387,43.8184]]],[[[-97.8119,43.8482],[-97.8119,43.8439],[-97.8129,43.8439],[-97.813,43.8403],[-97.828,43.8403],[-97.8279,43.8439],[-97.8179,43.8439],[-97.8179,43.8482],[-97.8119,43.8482]]]]},"properties":{"id":"usgs-pad-us-fee-managers:3897","name":"Hanson County Waterfowl Production Area","kind":"land","category":"public-land","sourceCategory":"public-land","sourceId":"usgs-pad-us-fee-managers","sourceUrl":"https://services.arcgis.com/v01gqwM5QqNysAAi/arcgis/rest/services/Fee_Managers_PADUS/FeatureServer/0","sourceUpdated":"2021-01-28T05:00:00.000Z","publicUse":"PAD-US reports restricted access; confirm permits and seasonal rules with the manager.","unit":"FWS","origin":"public-catalog"}},{"type":"Feature","id":"usgs-pad-us-fee-managers:3923","geometry":{"type":"MultiPolygon","coordinates":[[[[-99.9366,44.3882],[-99.9366,44.3821],[-99.9467,44.3821],[-99.9467,44.3883],[-99.9366,44.3882]]],[[[-100.3198,44.4401],[-100.3198,44.4328],[-100.3399,44.4328],[-100.3399,44.4401],[-100.3198,44.4401]]]]},"properties":{"id":"usgs-pad-us-fee-managers:3923","name":"Hughes County Waterfowl Production Area","kind":"land","category":"public-land","sourceCategory":"public-land","sourceId":"usgs-pad-us-fee-managers","sourceUrl":"https://services.arcgis.com/v01gqwM5QqNysAAi/arcgis/rest/services/Fee_Managers_PADUS/FeatureServer/0","sourceUpdated":"2021-01-28T05:00:00.000Z","publicUse":"PAD-US reports restricted access; confirm permits and seasonal rules with the manager.","unit":"FWS","origin":"public-catalog"}},{"type":"Feature","id":"usgs-pad-us-fee-managers:3927","geometry":{"type":"MultiPolygon","coordinates":[[[[-97.9051,43.3045],[-97.905,43.3018],[-97.9099,43.3016],[-97.9101,43.3043],[-97.9151,43.3042],[-97.9154,43.3096],[-97.9055,43.3099],[-97.9051,43.3045]]],[[[-97.9158,43.3157],[-97.912,43.3158],[-97.9119,43.3132],[-97.9139,43.3131],[-97.9154,43.3116],[-97.9155,43.3113],[-97.9163,43.3112],[-97.9163,43.3106],[-97.9155,43.3107],[-97.9154,43.3098],[-97.919,43.3097],[-97.9195,43.3131],[-97.9273,43.3131],[-97.9274,43.3156],[-97.9284,43.3156],[-97.9285,43.3203],[-97.9157,43.3203],[-97.9158,43.3157]]],[[[-97.6487,43.4003],[-97.6488,43.3931],[-97.6587,43.3933],[-97.6586,43.4004],[-97.6487,43.4003]]],[[[-97.8976,43.4348],[-97.8974,43.4298],[-97.8996,43.4298],[-97.8996,43.4292],[-97.8991,43.4288],[-97.8991,43.4275],[-97.9041,43.4275],[-97.9041,43.4296],[-97.9031,43.4296],[-97.9031,43.4312],[-97.9007,43.4312],[-97.9008,43.4348],[-97.8976,43.4348]]],[[[-98.0371,43.4634],[-98.0371,43.4561],[-98.0471,43.4561],[-98.047,43.4634],[-98.0371,43.4634]]]]},"properties":{"id":"usgs-pad-us-fee-managers:3927","name":"Hutchinson County Waterfowl Production Area","kind":"land","category":"public-land","sourceCategory":"public-land","sourceId":"usgs-pad-us-fee-managers","sourceUrl":"https://services.arcgis.com/v01gqwM5QqNysAAi/arcgis/rest/services/Fee_Managers_PADUS/FeatureServer/0","sourceUpdated":"2021-01-28T05:00:00.000Z","publicUse":"PAD-US reports restricted access; confirm permits and seasonal rules with the manager.","unit":"FWS","origin":"public-catalog"}},{"type":"Feature","id":"usgs-pad-us-fee-managers:3929","geometry":{"type":"Polygon","coordinates":[[[-99.482,44.4257],[-99.482,44.4183],[-99.4921,44.4183],[-99.4921,44.411],[-99.5024,44.4109],[-99.5025,44.3966],[-99.5427,44.3964],[-99.5426,44.4035],[-99.5528,44.4035],[-99.5527,44.4107],[-99.5123,44.4109],[-99.5123,44.4182],[-99.5224,44.4182],[-99.5224,44.4254],[-99.482,44.4257]]]},"properties":{"id":"usgs-pad-us-fee-managers:3929","name":"Hyde County Waterfowl Production Area","kind":"land","category":"public-land","sourceCategory":"public-land","sourceId":"usgs-pad-us-fee-managers","sourceUrl":"https://services.arcgis.com/v01gqwM5QqNysAAi/arcgis/rest/services/Fee_Managers_PADUS/FeatureServer/0","sourceUpdated":"2021-01-28T05:00:00.000Z","publicUse":"PAD-US reports restricted access; confirm permits and seasonal rules with the manager.","unit":"FWS","origin":"public-catalog"}},{"type":"Feature","id":"usgs-pad-us-fee-managers:3950","geometry":{"type":"MultiPolygon","coordinates":[[[[-98.392,44.017],[-98.392,43.9953],[-98.412,43.9952],[-98.412,44.0024],[-98.4221,44.0023],[-98.4221,44.0096],[-98.402,44.0098],[-98.402,44.0169],[-98.392,44.017]]],[[[-98.6055,44.0122],[-98.6056,44.0086],[-98.6156,44.0086],[-98.6142,44.0088],[-98.6125,44.0096],[-98.6118,44.0102],[-98.6106,44.0123],[-98.6105,44.0131],[-98.6105,44.0123],[-98.6055,44.0122]]],[[[-98.4124,44.1004],[-98.4124,44.0967],[-98.4143,44.0967],[-98.4156,44.0964],[-98.4164,44.0967],[-98.4174,44.0967],[-98.4172,44.1004],[-98.4124,44.1004]]],[[[-98.4674,44.1037],[-98.4675,44.0966],[-98.4819,44.0965],[-98.4819,44.1001],[-98.4718,44.1001],[-98.4718,44.1039],[-98.4674,44.1039],[-98.4674,44.1037]]],[[[-98.6706,44.1171],[-98.6706,44.1167],[-98.6731,44.1166],[-98.6732,44.1191],[-98.6708,44.1191],[-98.6706,44.1171]]],[[[-98.3761,44.1386],[-98.3761,44.1353],[-98.3799,44.1353],[-98.3799,44.1335],[-98.3824,44.1335],[-98.3824,44.1407],[-98.3796,44.1401],[-98.3761,44.1386]]],[[[-98.7194,44.1656],[-98.7195,44.1529],[-98.7172,44.1529],[-98.7172,44.1502],[-98.7195,44.1502],[-98.7195,44.1493],[-98.7232,44.1492],[-98.7233,44.1528],[-98.7245,44.1528],[-98.7245,44.1601],[-98.7235,44.1601],[-98.7235,44.1637],[-98.7219,44.1638],[-98.7219,44.1656],[-98.7194,44.1656]]],[[[-98.7161,44.1819],[-98.7174,44.1804],[-98.7197,44.1802],[-98.7196,44.171],[-98.7247,44.1746],[-98.7246,44.1808],[-98.7197,44.1809],[-98.7197,44.182],[-98.7161,44.1819]]],[[[-98.8679,44.1841],[-98.8679,44.1805],[-98.878,44.1805],[-98.878,44.1842],[-98.8881,44.1842],[-98.8881,44.1878],[-98.8679,44.1877],[-98.8679,44.1841]]]]},"properties":{"id":"usgs-pad-us-fee-managers:3950","name":"Jerauld County Waterfowl Production Area","kind":"land","category":"public-land","sourceCategory":"public-land","sourceId":"usgs-pad-us-fee-managers","sourceUrl":"https://services.arcgis.com/v01gqwM5QqNysAAi/arcgis/rest/services/Fee_Managers_PADUS/FeatureServer/0","sourceUpdated":"2021-01-28T05:00:00.000Z","publicUse":"PAD-US reports restricted access; confirm permits and seasonal rules with the manager.","unit":"FWS","origin":"public-catalog"}},{"type":"Feature","id":"usgs-pad-us-fee-managers:3966","geometry":{"type":"MultiPolygon","coordinates":[[[[-98.5096,43.0031],[-98.5098,43.004],[-98.5095,43.0054],[-98.5087,43.0049],[-98.5078,43.0037],[-98.5075,43.003],[-98.5076,43.0027],[-98.508,43.0027],[-98.5086,43.0021],[-98.5075,43.0009],[-98.5069,42.9995],[-98.5058,42.9985],[-98.5276,42.9986],[-98.5275,43.0026],[-98.5174,43.0026],[-98.5173,43.0059],[-98.5101,43.0059],[-98.5098,43.0033],[-98.5096,43.0031]]],[[[-98.5174,43.0285],[-98.5169,43.0277],[-98.5323,43.028],[-98.5323,43.0243],[-98.5421,43.0243],[-98.5422,43.0278],[-98.5471,43.0278],[-98.5471,43.0315],[-98.5521,43.0315],[-98.552,43.0388],[-98.5256,43.0387],[-98.5244,43.037],[-98.5223,43.0358],[-98.5209,43.0346],[-98.5181,43.0302],[-98.5174,43.0285]]]]},"properties":{"id":"usgs-pad-us-fee-managers:3966","name":"Karl E. Mundt National Wildlife Refuge","kind":"land","category":"public-land","sourceCategory":"public-land","sourceId":"usgs-pad-us-fee-managers","sourceUrl":"https://services.arcgis.com/v01gqwM5QqNysAAi/arcgis/rest/services/Fee_Managers_PADUS/FeatureServer/0","sourceUpdated":"2021-01-28T05:00:00.000Z","publicUse":"PAD-US reports restricted access; confirm permits and seasonal rules with the manager.","unit":"FWS","origin":"public-catalog"}},{"type":"Feature","id":"usgs-pad-us-fee-managers:3976","geometry":{"type":"MultiPolygon","coordinates":[[[[-97.3912,44.2018],[-97.4012,44.2017],[-97.4013,44.2056],[-97.3913,44.2057],[-97.3912,44.2018]]],[[[-97.3763,44.2093],[-97.3763,44.2057],[-97.3745,44.2057],[-97.3745,44.1988],[-97.3713,44.1988],[-97.3713,44.1985],[-97.3831,44.1984],[-97.3832,44.2048],[-97.3848,44.2048],[-97.3849,44.2074],[-97.3848,44.2048],[-97.3849,44.2074],[-97.3847,44.2074],[-97.3846,44.2079],[-97.3826,44.2093],[-97.3763,44.2093]]],[[[-97.5117,44.2155],[-97.5067,44.2095],[-97.5117,44.2095],[-97.5118,44.2075],[-97.5135,44.2089],[-97.5135,44.2095],[-97.516,44.2095],[-97.516,44.2109],[-97.5184,44.2124],[-97.5196,44.2124],[-97.5195,44.2143],[-97.5166,44.2144],[-97.5133,44.2155],[-97.5117,44.2155]]],[[[-97.2119,44.2201],[-97.2119,44.2175],[-97.2098,44.2175],[-97.2098,44.2157],[-97.2124,44.2157],[-97.2123,44.2103],[-97.2185,44.2103],[-97.2185,44.2176],[-97.2167,44.2176],[-97.2167,44.2201],[-97.2119,44.2201]]],[[[-97.3913,44.2238],[-97.4014,44.2237],[-97.4014,44.231],[-97.3913,44.231],[-97.3913,44.2238]]],[[[-97.4516,44.2493],[-97.4416,44.2493],[-97.4516,44.2493],[-97.4516,44.2493]]],[[[-97.1494,44.2609],[-97.1654,44.2609],[-97.1654,44.2681],[-97.1494,44.2681],[-97.1494,44.2609]]],[[[-97.4516,44.2493],[-97.4516,44.2496],[-97.4442,44.2527],[-97.4371,44.2578],[-97.4364,44.2682],[-97.4384,44.2707],[-97.4399,44.2751],[-97.4213,44.2747],[-97.4214,44.2673],[-97.4316,44.2673],[-97.4317,44.2528],[-97.4416,44.2529],[-97.4416,44.2493],[-97.4516,44.2493]]],[[[-97.1895,44.2899],[-97.1895,44.2862],[-97.1996,44.2863],[-97.1996,44.2899],[-97.1895,44.2899]]],[[[-97.1895,44.2944],[-97.1895,44.2935],[-97.1996,44.2935],[-97.1996,44.2954],[-97.1968,44.2954],[-97.1968,44.2944],[-97.1895,44.2944]]],[[[-97.4936,44.3036],[-97.4976,44.2999],[-97.5032,44.2963],[-97.5056,44.2903],[-97.5115,44.2904],[-97.5115,44.2928],[-97.5064,44.2927],[-97.5064,44.2964],[-97.5114,44.2964],[-97.5114,44.3037],[-97.4936,44.3036]]],[[[-97.5001,44.2995],[-97.4998,44.2994],[-97.4985,44.3004],[-97.5001,44.3003],[-97.5001,44.2995]]],[[[-97.1693,44.3116],[-97.1693,44.2971],[-97.1591,44.297],[-97.1592,44.2897],[-97.1794,44.2898],[-97.1794,44.3043],[-97.1895,44.3044],[-97.1895,44.308],[-97.1844,44.308],[-97.1844,44.3116],[-97.1693,44.3116]]],[[[-97.4943,44.318],[-97.5113,44.3181],[-97.5113,44.3254],[-97.5053,44.3253],[-97.5039,44.324],[-97.5023,44.3237],[-97.5021,44.3231],[-97.5004,44.321],[-97.4957,44.3184],[-97.4943,44.318]]],[[[-97.5316,44.3355],[-97.5316,44.3335],[-97.5316,44.3355],[-97.5229,44.3353],[-97.5231,44.3326],[-97.5215,44.3326],[-97.5215,44.33],[-97.5316,44.3298],[-97.5316,44.3254],[-97.538,44.3254],[-97.538,44.3336],[-97.5316,44.3335],[-97.5316,44.3355]]],[[[-97.2297,44.3478],[-97.2297,44.3456],[-97.2323,44.3455],[-97.2323,44.3441],[-97.2365,44.344],[-97.2365,44.3457],[-97.2381,44.3457],[-97.238,44.3478],[-97.2297,44.3478]]],[[[-97.2095,44.362],[-97.2096,44.3478],[-97.2229,44.3478],[-97.2228,44.3551],[-97.2195,44.3551],[-97.2195,44.362],[-97.2095,44.362]]],[[[-97.4912,44.3614],[-97.4912,44.3543],[-97.5013,44.3542],[-97.5013,44.3579],[-97.4975,44.3578],[-97.4975,44.3615],[-97.4912,44.3614]]],[[[-97.166,44.3797],[-97.166,44.3767],[-97.1692,44.3767],[-97.1693,44.3797],[-97.166,44.3797]]],[[[-97.5013,44.3825],[-97.507,44.3832],[-97.5013,44.3832],[-97.5013,44.3825]]],[[[-97.4681,44.3854],[-97.4681,44.3811],[-97.4696,44.3812],[-97.4696,44.3796],[-97.4714,44.3796],[-97.4714,44.3788],[-97.4815,44.38],[-97.4815,44.3831],[-97.4714,44.3832],[-97.4714,44.3854],[-97.4681,44.3854]]],[[[-97.5214,44.3845],[-97.5013,44.3819],[-97.5012,44.3743],[-97.5034,44.3743],[-97.5034,44.3752],[-97.5113,44.3753],[-97.5113,44.3759],[-97.5163,44.3759],[-97.5163,44.3832],[-97.5214,44.3831],[-97.5214,44.3759],[-97.522,44.3759],[-97.5265,44.3787],[-97.5291,44.3791],[-97.5315,44.3791],[-97.5315,44.3797],[-97.5284,44.3796],[-97.5307,44.3831],[-97.5315,44.3836],[-97.5329,44.3831],[-97.5315,44.3837],[-97.5301,44.3837],[-97.5276,44.3853],[-97.5214,44.3845]]],[[[-97.4209,44.3829],[-97.4209,44.3793],[-97.431,44.3794],[-97.431,44.3902],[-97.4208,44.3903],[-97.4209,44.3829]]],[[[-97.5113,44.3905],[-97.5113,44.3839],[-97.5214,44.3851],[-97.5214,44.3879],[-97.5299,44.3879],[-97.5298,44.3858],[-97.5315,44.386],[-97.5317,44.3977],[-97.5397,44.3977],[-97.5397,44.4],[-97.5416,44.4],[-97.5417,44.405],[-97.5317,44.4049],[-97.5317,44.4044],[-97.5216,44.4044],[-97.5215,44.3905],[-97.5113,44.3905]]],[[[-97.4209,44.4083],[-97.4209,44.4048],[-97.431,44.4047],[-97.431,44.402],[-97.436,44.402],[-97.436,44.4048],[-97.441,44.4048],[-97.4364,44.4048],[-97.4364,44.4058],[-97.4332,44.4057],[-97.4332,44.4091],[-97.4309,44.4091],[-97.4309,44.4083],[-97.4209,44.4083]]],[[[-97.4006,44.4191],[-97.4158,44.4193],[-97.4158,44.4264],[-97.4006,44.4264],[-97.4006,44.4191]]],[[[-97.5115,44.4411],[-97.5015,44.4411],[-97.5014,44.4351],[-97.4984,44.4351],[-97.4984,44.4338],[-97.5014,44.4338],[-97.5014,44.4331],[-97.5072,44.4332],[-97.5073,44.4393],[-97.5115,44.4393],[-97.5115,44.4411]]],[[[-97.5115,44.4411],[-97.5216,44.441],[-97.5216,44.4439],[-97.5152,44.4439],[-97.5151,44.4484],[-97.5116,44.4484],[-97.5115,44.4411]]],[[[-97.3902,44.4773],[-97.3902,44.4669],[-97.3987,44.4668],[-97.3987,44.4699],[-97.4003,44.4699],[-97.4003,44.4773],[-97.3902,44.4773]]],[[[-97.1383,44.4852],[-97.1383,44.478],[-97.1462,44.478],[-97.1468,44.4785],[-97.1467,44.4801],[-97.1484,44.4805],[-97.1484,44.4839],[-97.147,44.4839],[-97.147,44.4844],[-97.1484,44.4844],[-97.1484,44.4852],[-97.1383,44.4852]]],[[[-97.4307,44.4917],[-97.4307,44.4873],[-97.4372,44.4873],[-97.4371,44.4855],[-97.4403,44.4855],[-97.4416,44.4912],[-97.4397,44.4912],[-97.4397,44.4918],[-97.4307,44.4917]]],[[[-97.4971,44.5033],[-97.4971,44.5002],[-97.4992,44.5002],[-97.4992,44.4989],[-97.5014,44.4989],[-97.5015,44.4917],[-97.5052,44.4917],[-97.5052,44.4955],[-97.504,44.4954],[-97.504,44.5026],[-97.5014,44.5025],[-97.5014,44.5033],[-97.4971,44.5033]]],[[[-97.4155,44.5026],[-97.4155,44.4991],[-97.4269,44.4991],[-97.4269,44.5027],[-97.4307,44.5027],[-97.4306,44.5064],[-97.4205,44.5063],[-97.4205,44.5038],[-97.4154,44.5038],[-97.4155,44.5026]]],[[[-97.5116,44.5202],[-97.5116,44.5135],[-97.5149,44.5135],[-97.5149,44.5144],[-97.5174,44.5144],[-97.5174,44.5135],[-97.5217,44.5135],[-97.5217,44.5207],[-97.5116,44.5208],[-97.5116,44.5202]]],[[[-97.4103,44.5207],[-97.4103,44.5175],[-97.4204,44.5176],[-97.4204,44.5281],[-97.4102,44.528],[-97.4103,44.5207]]],[[[-97.2669,44.5319],[-97.267,44.5283],[-97.2697,44.5283],[-97.2697,44.5319],[-97.2669,44.5319]]],[[[-97.4912,44.5386],[-97.4912,44.5133],[-97.5014,44.5134],[-97.5014,44.5171],[-97.5002,44.5171],[-97.4998,44.5165],[-97.4999,44.5154],[-97.5001,44.5152],[-97.4998,44.5149],[-97.4984,44.5153],[-97.4977,44.5153],[-97.4961,44.5146],[-97.4958,44.514],[-97.4951,44.5139],[-97.4937,44.5143],[-97.4916,44.5155],[-97.4913,44.5161],[-97.4913,44.518],[-97.4939,44.5175],[-97.4944,44.5186],[-97.4951,44.5189],[-97.4954,44.5206],[-97.4952,44.5221],[-97.4941,44.5231],[-97.4937,44.524],[-97.4944,44.5249],[-97.4924,44.526],[-97.4921,44.5266],[-97.4922,44.5272],[-97.4928,44.5279],[-97.4949,44.5297],[-97.4994,44.53],[-97.5014,44.5322],[-97.5031,44.5352],[-97.4963,44.5351],[-97.4963,44.5387],[-97.4912,44.5386]]]]},"properties":{"id":"usgs-pad-us-fee-managers:3976","name":"Kingsbury County Waterfowl Production Area","kind":"land","category":"public-land","sourceCategory":"public-land","sourceId":"usgs-pad-us-fee-managers","sourceUrl":"https://services.arcgis.com/v01gqwM5QqNysAAi/arcgis/rest/services/Fee_Managers_PADUS/FeatureServer/0","sourceUpdated":"2021-01-28T05:00:00.000Z","publicUse":"PAD-US reports restricted access; confirm permits and seasonal rules with the manager.","unit":"FWS","origin":"public-catalog"}},{"type":"Feature","id":"usgs-pad-us-fee-managers:3988","geometry":{"type":"Polygon","coordinates":[[[-101.633,43.0895],[-101.633,43.0786],[-101.628,43.0786],[-101.628,43.0895],[-101.633,43.0895],[-101.633,43.0931],[-101.6281,43.0931],[-101.6281,43.0967],[-101.6429,43.0967],[-101.6429,43.104],[-101.6132,43.104],[-101.6132,43.075],[-101.6039,43.0749],[-101.6039,43.1039],[-101.5643,43.1038],[-101.5643,43.1283],[-101.5535,43.1283],[-101.5535,43.1573],[-101.5486,43.1573],[-101.5485,43.1717],[-101.5535,43.1717],[-101.5535,43.1772],[-101.5478,43.1735],[-101.5436,43.1735],[-101.5437,43.1573],[-101.5139,43.1573],[-101.5139,43.1283],[-101.5148,43.1283],[-101.5149,43.0964],[-101.5297,43.0964],[-101.5297,43.0892],[-101.5346,43.0892],[-101.5346,43.0856],[-101.5544,43.0856],[-101.5544,43.082],[-101.5742,43.0821],[-101.5742,43.0748],[-101.594,43.0749],[-101.5939,43.0677],[-101.5841,43.0676],[-101.5841,43.064],[-101.5742,43.064],[-101.5742,43.0603],[-101.5841,43.0604],[-101.584,43.0531],[-101.5939,43.0532],[-101.5939,43.0459],[-101.6132,43.046],[-101.6132,43.0641],[-101.6231,43.0641],[-101.623,43.0605],[-101.702,43.0607],[-101.7021,43.0751],[-101.6823,43.075],[-101.6823,43.0822],[-101.6724,43.0822],[-101.6725,43.0896],[-101.6527,43.0895],[-101.6527,43.0823],[-101.6429,43.0822],[-101.6429,43.0859],[-101.6404,43.0859],[-101.6404,43.0895],[-101.633,43.0895]]]},"properties":{"id":"usgs-pad-us-fee-managers:3988","name":"Lacreek National Wildlife Refuge","kind":"land","category":"public-land","sourceCategory":"public-land","sourceId":"usgs-pad-us-fee-managers","sourceUrl":"https://services.arcgis.com/v01gqwM5QqNysAAi/arcgis/rest/services/Fee_Managers_PADUS/FeatureServer/0","sourceUpdated":"2021-01-28T05:00:00.000Z","publicUse":"PAD-US reports restricted access; confirm permits and seasonal rules with the manager.","unit":"FWS","origin":"public-catalog"}},{"type":"Feature","id":"usgs-pad-us-fee-managers:3993","geometry":{"type":"MultiPolygon","coordinates":[[[[-98.4473,43.1695],[-98.4269,43.1694],[-98.4268,43.1547],[-98.4367,43.1547],[-98.4367,43.1583],[-98.4417,43.1583],[-98.4416,43.1547],[-98.4467,43.1547],[-98.4467,43.1573],[-98.4487,43.1572],[-98.4496,43.1574],[-98.4504,43.1583],[-98.4552,43.1584],[-98.4564,43.1579],[-98.4564,43.1554],[-98.4554,43.1548],[-98.4566,43.1548],[-98.4566,43.1585],[-98.4551,43.1593],[-98.4539,43.1608],[-98.454,43.1621],[-98.4548,43.1628],[-98.4546,43.1629],[-98.4546,43.1633],[-98.4558,43.164],[-98.4565,43.1658],[-98.453,43.1695],[-98.4473,43.1695]]],[[[-98.5507,43.1698],[-98.5458,43.1698],[-98.5458,43.1671],[-98.5464,43.1671],[-98.5463,43.169],[-98.5466,43.1693],[-98.5502,43.1694],[-98.5507,43.1692],[-98.551,43.159],[-98.56,43.1631],[-98.5597,43.1633],[-98.5522,43.1599],[-98.5515,43.1599],[-98.5512,43.1626],[-98.5511,43.1697],[-98.5507,43.1698]]],[[[-98.407,43.2273],[-98.4046,43.2273],[-98.4036,43.2254],[-98.4036,43.2241],[-98.4038,43.2235],[-98.405,43.222],[-98.4055,43.2209],[-98.4066,43.2202],[-98.4086,43.2202],[-98.407,43.2238],[-98.407,43.2273]]],[[[-98.407,43.2273],[-98.4121,43.2254],[-98.4138,43.2238],[-98.4168,43.2238],[-98.4168,43.2241],[-98.4162,43.2247],[-98.4166,43.2252],[-98.4165,43.2259],[-98.4155,43.2273],[-98.4168,43.2273],[-98.4167,43.2345],[-98.4154,43.2345],[-98.4151,43.2353],[-98.4133,43.2372],[-98.4128,43.2386],[-98.41,43.2403],[-98.4077,43.2413],[-98.4074,43.2419],[-98.407,43.2419],[-98.407,43.2395],[-98.408,43.2386],[-98.4088,43.2381],[-98.4089,43.2377],[-98.4097,43.2374],[-98.4087,43.237],[-98.409,43.2364],[-98.4089,43.236],[-98.4093,43.2358],[-98.4092,43.2353],[-98.41,43.2345],[-98.4105,43.2329],[-98.4098,43.2323],[-98.409,43.2304],[-98.4085,43.2302],[-98.4081,43.2296],[-98.407,43.229],[-98.407,43.2273]]],[[[-98.4103,43.2345],[-98.4099,43.237],[-98.411,43.2371],[-98.4102,43.2377],[-98.4105,43.2381],[-98.4117,43.238],[-98.4125,43.2376],[-98.4132,43.2365],[-98.414,43.2357],[-98.4144,43.2347],[-98.4121,43.2353],[-98.4112,43.235],[-98.4107,43.2344],[-98.4103,43.2345]]]]},"properties":{"id":"usgs-pad-us-fee-managers:3993","name":"Lake Andes National Wildlife Refuge","kind":"land","category":"public-land","sourceCategory":"public-land","sourceId":"usgs-pad-us-fee-managers","sourceUrl":"https://services.arcgis.com/v01gqwM5QqNysAAi/arcgis/rest/services/Fee_Managers_PADUS/FeatureServer/0","sourceUpdated":"2021-01-28T05:00:00.000Z","publicUse":"PAD-US reports restricted access; confirm permits and seasonal rules with the manager.","unit":"FWS","origin":"public-catalog"}},{"type":"Feature","id":"usgs-pad-us-fee-managers:3995","geometry":{"type":"MultiPolygon","coordinates":[[[[-97.3211,43.8533],[-97.3211,43.8521],[-97.3291,43.8521],[-97.3265,43.8522],[-97.3265,43.8531],[-97.3256,43.8538],[-97.3255,43.8543],[-97.3237,43.8543],[-97.3211,43.8533]]],[[[-97.3089,43.8847],[-97.309,43.8775],[-97.319,43.8775],[-97.319,43.8796],[-97.3197,43.8804],[-97.3198,43.8827],[-97.319,43.8831],[-97.319,43.8847],[-97.3089,43.8847]]],[[[-97.319,43.9087],[-97.319,43.9064],[-97.329,43.9066],[-97.3292,43.9354],[-97.3191,43.9354],[-97.319,43.9087]]],[[[-97.0465,43.9472],[-97.0391,43.9473],[-97.0391,43.9497],[-97.0381,43.9497],[-97.0381,43.9477],[-97.029,43.9477],[-97.0291,43.9424],[-97.0204,43.9424],[-97.0153,43.9397],[-97.009,43.9372],[-97.009,43.9362],[-97.0115,43.9366],[-97.0133,43.9361],[-97.014,43.9369],[-97.0152,43.9373],[-97.0165,43.9385],[-97.0204,43.9393],[-97.0211,43.9398],[-97.0256,43.9402],[-97.0258,43.9391],[-97.019,43.9369],[-97.0171,43.9355],[-97.017,43.9351],[-97.0391,43.9351],[-97.0391,43.9382],[-97.0397,43.9387],[-97.0419,43.9387],[-97.042,43.9407],[-97.0431,43.9417],[-97.0458,43.9438],[-97.0491,43.9438],[-97.0492,43.9496],[-97.0465,43.9496],[-97.0465,43.9472]]],[[[-96.899,43.953],[-96.899,43.9498],[-96.894,43.9498],[-96.894,43.9462],[-96.9091,43.9462],[-96.9091,43.9482],[-96.9069,43.9482],[-96.9069,43.9498],[-96.9062,43.9498],[-96.9062,43.9525],[-96.9041,43.9525],[-96.9041,43.953],[-96.899,43.953]]],[[[-97.0695,43.9714],[-97.0695,43.9641],[-97.0795,43.9641],[-97.0795,43.9616],[-97.0893,43.9614],[-97.0896,43.9714],[-97.0946,43.9714],[-97.0947,43.9751],[-97.0942,43.9751],[-97.0942,43.9755],[-97.0918,43.9754],[-97.0918,43.9732],[-97.0896,43.9732],[-97.0896,43.9734],[-97.0871,43.9734],[-97.0871,43.975],[-97.0821,43.9751],[-97.0821,43.9735],[-97.0816,43.9732],[-97.0796,43.9732],[-97.0796,43.9714],[-97.0746,43.9714],[-97.0746,43.975],[-97.0706,43.9714],[-97.0695,43.9714]]],[[[-97.0695,43.9714],[-97.0753,43.977],[-97.0743,43.9768],[-97.0744,43.9775],[-97.0748,43.9777],[-97.075,43.9787],[-97.0696,43.9787],[-97.0695,43.9714]]],[[[-97.3293,43.9854],[-97.3292,43.9808],[-97.3342,43.9808],[-97.3342,43.9826],[-97.3357,43.9826],[-97.3358,43.9854],[-97.3293,43.9854]]],[[[-97.0292,44.0293],[-97.0292,44.0184],[-97.0394,44.0187],[-97.0395,44.0151],[-97.0528,44.0151],[-97.0528,44.0187],[-97.052,44.0187],[-97.052,44.0223],[-97.0394,44.0223],[-97.0393,44.0294],[-97.0292,44.0293]]],[[[-96.8887,44.037],[-96.8887,44.0333],[-96.8962,44.0333],[-96.8962,44.0369],[-96.8887,44.037]]],[[[-97.0795,44.044],[-97.0796,44.0368],[-97.0896,44.0369],[-97.0846,44.0422],[-97.0846,44.044],[-97.0795,44.044]]],[[[-97.0896,44.044],[-97.0896,44.0416],[-97.095,44.0415],[-97.095,44.044],[-97.0896,44.044]]],[[[-97.249,44.0515],[-97.249,44.0474],[-97.2526,44.0473],[-97.2527,44.0515],[-97.249,44.0515]]],[[[-97.2843,44.0567],[-97.2843,44.0514],[-97.2893,44.0514],[-97.2894,44.0567],[-97.2843,44.0567]]],[[[-97.3559,44.0576],[-97.3558,44.0555],[-97.3596,44.0555],[-97.3597,44.0576],[-97.3559,44.0576]]],[[[-97.2979,44.0524],[-97.2961,44.0524],[-97.2961,44.0513],[-97.2994,44.0513],[-97.2994,44.0495],[-97.3032,44.0494],[-97.3032,44.0513],[-97.3096,44.0512],[-97.3095,44.0584],[-97.2995,44.0585],[-97.2994,44.0555],[-97.2979,44.0555],[-97.2979,44.0524]]],[[[-97.2001,44.0856],[-97.2,44.0802],[-97.2026,44.0802],[-97.2026,44.082],[-97.2076,44.0821],[-97.2076,44.0856],[-97.2001,44.0856]]],[[[-97.1426,44.0949],[-97.1426,44.0945],[-97.1497,44.0945],[-97.1497,44.095],[-97.1492,44.095],[-97.1483,44.097],[-97.1467,44.0981],[-97.1436,44.0981],[-97.1435,44.0953],[-97.1426,44.0949]]],[[[-97.1719,44.0946],[-97.1764,44.0946],[-97.1762,44.0991],[-97.1733,44.0991],[-97.1732,44.0961],[-97.1719,44.0946]]],[[[-97.1803,44.0982],[-97.1803,44.0969],[-97.1902,44.0969],[-97.1902,44.1019],[-97.1864,44.1019],[-97.1864,44.0983],[-97.1803,44.0982]]],[[[-97.3603,44.1023],[-97.3353,44.1025],[-97.3351,44.0979],[-97.3418,44.0976],[-97.3421,44.096],[-97.3419,44.0951],[-97.35,44.095],[-97.3502,44.0986],[-97.3602,44.0987],[-97.3603,44.1023]]],[[[-97.3454,44.1133],[-97.3429,44.1133],[-97.3428,44.1097],[-97.3504,44.1096],[-97.3505,44.1169],[-97.3454,44.1169],[-97.3454,44.1133]]],[[[-97.28,44.1315],[-97.29,44.1314],[-97.2901,44.1387],[-97.28,44.1387],[-97.28,44.1315]]],[[[-97.2624,44.1492],[-97.2624,44.146],[-97.2649,44.1424],[-97.27,44.1423],[-97.2699,44.146],[-97.2662,44.146],[-97.2662,44.1492],[-97.2624,44.1492]]],[[[-97.0566,44.1509],[-97.0566,44.1484],[-97.0596,44.1484],[-97.0596,44.1469],[-97.0656,44.1469],[-97.0656,44.146],[-97.0696,44.146],[-97.0696,44.1487],[-97.0646,44.1487],[-97.0647,44.1505],[-97.0672,44.1505],[-97.0672,44.1523],[-97.0597,44.1524],[-97.0597,44.1509],[-97.0566,44.1509]]],[[[-97.2624,44.1532],[-97.2624,44.1514],[-97.2649,44.1514],[-97.27,44.1532],[-97.2624,44.1532]]],[[[-97.0639,44.1634],[-97.0639,44.1598],[-97.0647,44.1598],[-97.0671,44.1561],[-97.0696,44.1561],[-97.0697,44.1634],[-97.0639,44.1634]]],[[[-96.9901,44.1818],[-96.9899,44.1673],[-96.9999,44.1672],[-96.9999,44.1744],[-97.0048,44.1744],[-97.0049,44.1816],[-96.9901,44.1818]]],[[[-97.0241,44.1816],[-97.0241,44.1745],[-97.0265,44.1745],[-97.0272,44.176],[-97.0296,44.1783],[-97.0296,44.1817],[-97.0241,44.1816]]],[[[-97.2202,44.1782],[-97.2123,44.1781],[-97.2112,44.1786],[-97.2099,44.1786],[-97.2098,44.1745],[-97.2301,44.1748],[-97.2301,44.1766],[-97.2387,44.1767],[-97.2389,44.1822],[-97.2229,44.1819],[-97.2217,44.1801],[-97.2214,44.179],[-97.2202,44.1782]]],[[[-97.3607,44.1785],[-97.3607,44.1771],[-97.3645,44.1771],[-97.3646,44.1822],[-97.3607,44.1822],[-97.3607,44.1785]]],[[[-97.0599,44.1888],[-97.0598,44.1816],[-97.0699,44.1815],[-97.0699,44.1888],[-97.0599,44.1888]]],[[[-97.0498,44.1889],[-97.0454,44.1889],[-97.0454,44.1817],[-97.0527,44.1817],[-97.0527,44.1841],[-97.0572,44.1841],[-97.0572,44.1889],[-97.0548,44.1889],[-97.0548,44.1898],[-97.0498,44.1898],[-97.0498,44.1889]]],[[[-96.9636,44.1957],[-96.9634,44.1904],[-96.9673,44.1904],[-96.9672,44.189],[-96.9645,44.189],[-96.9643,44.1817],[-96.9709,44.1817],[-96.971,44.1881],[-96.9695,44.1881],[-96.9696,44.1926],[-96.9747,44.1926],[-96.9745,44.1818],[-96.9796,44.1818],[-96.9796,44.18],[-96.9834,44.18],[-96.9834,44.1818],[-96.9889,44.1818],[-96.9889,44.1854],[-96.9867,44.1854],[-96.9861,44.1848],[-96.9819,44.1848],[-96.9819,44.1851],[-96.9797,44.1851],[-96.9798,44.189],[-96.9901,44.1891],[-96.9902,44.1958],[-96.9636,44.1957]]],[[[-97.3511,44.1951],[-97.3506,44.1951],[-97.3506,44.1894],[-97.3457,44.1894],[-97.3456,44.184],[-97.3506,44.184],[-97.3506,44.1866],[-97.3528,44.1868],[-97.3531,44.1913],[-97.3607,44.1913],[-97.3607,44.193],[-97.3548,44.193],[-97.3548,44.1951],[-97.3511,44.1951]]]]},"properties":{"id":"usgs-pad-us-fee-managers:3995","name":"Lake County Waterfowl Production Area Of Sd","kind":"land","category":"public-land","sourceCategory":"public-land","sourceId":"usgs-pad-us-fee-managers","sourceUrl":"https://services.arcgis.com/v01gqwM5QqNysAAi/arcgis/rest/services/Fee_Managers_PADUS/FeatureServer/0","sourceUpdated":"2021-01-28T05:00:00.000Z","publicUse":"PAD-US reports restricted access; confirm permits and seasonal rules with the manager.","unit":"FWS","origin":"public-catalog"}},{"type":"Feature","id":"usgs-pad-us-fee-managers:4019","geometry":{"type":"MultiPolygon","coordinates":[[[[-96.8462,43.461],[-96.8462,43.4538],[-96.8563,43.4538],[-96.8563,43.461],[-96.8462,43.461]]],[[[-96.8662,43.4683],[-96.8662,43.4665],[-96.8684,43.4665],[-96.8711,43.4674],[-96.8712,43.4683],[-96.8662,43.4683]]]]},"properties":{"id":"usgs-pad-us-fee-managers:4019","name":"Lincoln County Waterfowl Production Area","kind":"land","category":"public-land","sourceCategory":"public-land","sourceId":"usgs-pad-us-fee-managers","sourceUrl":"https://services.arcgis.com/v01gqwM5QqNysAAi/arcgis/rest/services/Fee_Managers_PADUS/FeatureServer/0","sourceUpdated":"2021-01-28T05:00:00.000Z","publicUse":"PAD-US reports restricted access; confirm permits and seasonal rules with the manager.","unit":"FWS","origin":"public-catalog"}},{"type":"Feature","id":"usgs-pad-us-fee-managers:4055","geometry":{"type":"MultiPolygon","coordinates":[[[[-97.2892,45.5622],[-97.2892,45.5586],[-97.3098,45.5586],[-97.3099,45.5624],[-97.2892,45.5622]]],[[[-97.3039,45.5598],[-97.3018,45.5603],[-97.3024,45.5615],[-97.3045,45.561],[-97.3039,45.5598]]],[[[-97.515,45.5877],[-97.5204,45.5878],[-97.5203,45.591],[-97.5169,45.5891],[-97.515,45.5877]]],[[[-97.6441,45.5959],[-97.6431,45.595],[-97.6431,45.5926],[-97.6445,45.5914],[-97.6493,45.5914],[-97.6493,45.595],[-97.6441,45.595],[-97.6441,45.5959]]],[[[-97.4119,45.5948],[-97.4119,45.5912],[-97.4171,45.5912],[-97.4171,45.5935],[-97.4222,45.5935],[-97.4222,45.5984],[-97.4119,45.5984],[-97.4119,45.5948]]],[[[-97.5255,45.5986],[-97.5256,45.5949],[-97.5223,45.5949],[-97.5214,45.5922],[-97.5206,45.5913],[-97.5256,45.5914],[-97.5256,45.5877],[-97.5668,45.5877],[-97.5669,45.5949],[-97.5565,45.5949],[-97.5566,45.6022],[-97.5281,45.6022],[-97.5281,45.5986],[-97.5255,45.5986]]],[[[-97.6132,45.6021],[-97.608,45.6021],[-97.608,45.5985],[-97.6132,45.5986],[-97.6132,45.6021]]],[[[-97.6132,45.6021],[-97.6132,45.5986],[-97.608,45.5985],[-97.6081,45.5913],[-97.6133,45.5912],[-97.6134,45.5878],[-97.6236,45.5877],[-97.6236,45.5914],[-97.6287,45.5913],[-97.6287,45.6022],[-97.6132,45.6021]]],[[[-97.4377,45.6093],[-97.4377,45.6057],[-97.4428,45.6057],[-97.4428,45.6093],[-97.4377,45.6093]]],[[[-97.4738,45.6094],[-97.4738,45.6058],[-97.4789,45.6057],[-97.4789,45.6093],[-97.4738,45.6094]]],[[[-97.3253,45.606],[-97.3253,45.6024],[-97.3306,45.6025],[-97.3306,45.5988],[-97.3409,45.5989],[-97.3408,45.6025],[-97.3461,45.6026],[-97.3461,45.6171],[-97.3253,45.617],[-97.3253,45.6133],[-97.3305,45.6132],[-97.3305,45.606],[-97.3253,45.606]]],[[[-97.2427,45.6233],[-97.2427,45.6165],[-97.2509,45.6166],[-97.2521,45.6175],[-97.2523,45.6179],[-97.2522,45.6201],[-97.2529,45.6201],[-97.2529,45.6237],[-97.2427,45.6236],[-97.2427,45.6233]]],[[[-97.4634,45.6239],[-97.4842,45.6238],[-97.4842,45.6311],[-97.4634,45.6311],[-97.4634,45.6239]]],[[[-97.5873,45.6384],[-97.5873,45.6348],[-97.5899,45.6347],[-97.5899,45.6384],[-97.5873,45.6384]]],[[[-97.5668,45.6424],[-97.5668,45.6419],[-97.5736,45.642],[-97.5746,45.6413],[-97.5769,45.6413],[-97.577,45.6456],[-97.5668,45.6456],[-97.5668,45.6424]]],[[[-97.2273,45.6885],[-97.2273,45.6857],[-97.2301,45.6878],[-97.2325,45.6871],[-97.2365,45.6853],[-97.2365,45.6838],[-97.2356,45.6821],[-97.2343,45.682],[-97.2334,45.6831],[-97.2328,45.6827],[-97.2288,45.6827],[-97.2274,45.6838],[-97.2274,45.6741],[-97.2272,45.6632],[-97.2299,45.6632],[-97.23,45.6596],[-97.2432,45.6598],[-97.243,45.6671],[-97.248,45.6671],[-97.2479,45.6744],[-97.2587,45.6746],[-97.2586,45.6775],[-97.2536,45.6774],[-97.2513,45.6787],[-97.2478,45.6786],[-97.2478,45.6816],[-97.2412,45.6815],[-97.2413,45.6834],[-97.2376,45.6833],[-97.2375,45.6872],[-97.2337,45.6872],[-97.2338,45.6886],[-97.2273,45.6885]]],[[[-97.589,45.6962],[-97.589,45.6926],[-97.5912,45.6926],[-97.5912,45.6962],[-97.589,45.6962]]],[[[-97.2272,45.6993],[-97.2272,45.6958],[-97.2377,45.6959],[-97.238,45.7031],[-97.2272,45.703],[-97.2272,45.6993]]],[[[-97.3104,45.6971],[-97.3006,45.697],[-97.3004,45.7038],[-97.2897,45.7035],[-97.2896,45.6933],[-97.3045,45.6932],[-97.3042,45.6917],[-97.3035,45.691],[-97.3034,45.6896],[-97.3028,45.6895],[-97.3028,45.6859],[-97.3106,45.6858],[-97.3105,45.6931],[-97.3156,45.6932],[-97.3157,45.6929],[-97.317,45.6929],[-97.3188,45.6937],[-97.3195,45.6934],[-97.3197,45.6929],[-97.3199,45.6928],[-97.3214,45.6937],[-97.322,45.6944],[-97.3219,45.6947],[-97.3216,45.6947],[-97.3216,45.695],[-97.3228,45.6957],[-97.3242,45.6955],[-97.325,45.6951],[-97.3246,45.6942],[-97.3247,45.6935],[-97.324,45.6935],[-97.3241,45.6932],[-97.3255,45.6923],[-97.3276,45.6921],[-97.3286,45.6917],[-97.3294,45.691],[-97.3298,45.6899],[-97.3314,45.6899],[-97.3311,45.7041],[-97.3105,45.7039],[-97.3104,45.6971]]],[[[-97.2378,45.7322],[-97.2378,45.7252],[-97.248,45.7253],[-97.248,45.718],[-97.2504,45.718],[-97.2508,45.7214],[-97.2521,45.7214],[-97.253,45.7197],[-97.2535,45.7197],[-97.2535,45.7204],[-97.2548,45.7228],[-97.2584,45.7227],[-97.2583,45.7278],[-97.258,45.7281],[-97.2592,45.7297],[-97.2584,45.7308],[-97.2563,45.7316],[-97.2556,45.7323],[-97.2378,45.7322]]],[[[-97.3148,45.7328],[-97.32,45.7329],[-97.3202,45.7364],[-97.315,45.7363],[-97.3148,45.7328]]],[[[-97.3563,45.7476],[-97.3562,45.744],[-97.3614,45.744],[-97.3614,45.7404],[-97.3628,45.7405],[-97.3661,45.7415],[-97.3662,45.743],[-97.3629,45.7458],[-97.3615,45.7476],[-97.3563,45.7476]]],[[[-97.4082,45.7513],[-97.4082,45.7477],[-97.4134,45.7477],[-97.4134,45.7549],[-97.4083,45.7549],[-97.4082,45.7513]]],[[[-97.4269,45.7609],[-97.4272,45.7581],[-97.4327,45.7582],[-97.4326,45.7576],[-97.4256,45.7576],[-97.4248,45.755],[-97.4185,45.7549],[-97.4186,45.7405],[-97.4204,45.7406],[-97.4201,45.7396],[-97.4222,45.7396],[-97.4222,45.736],[-97.422,45.7323],[-97.4181,45.7323],[-97.4178,45.7312],[-97.421,45.732],[-97.4216,45.7319],[-97.4228,45.7327],[-97.4239,45.7353],[-97.4243,45.736],[-97.4245,45.736],[-97.4253,45.7374],[-97.4274,45.7377],[-97.4267,45.7376],[-97.4264,45.7372],[-97.4274,45.736],[-97.4304,45.7353],[-97.4327,45.7343],[-97.4325,45.7396],[-97.4274,45.7396],[-97.4326,45.7396],[-97.4326,45.7432],[-97.4532,45.7431],[-97.4533,45.754],[-97.4429,45.754],[-97.4433,45.7612],[-97.4269,45.7613],[-97.4269,45.7609]]],[[[-97.3105,45.7609],[-97.3211,45.7611],[-97.3211,45.7648],[-97.3106,45.7646],[-97.3105,45.7609]]],[[[-97.4842,45.7612],[-97.4842,45.7577],[-97.4945,45.7577],[-97.4945,45.7504],[-97.5048,45.7504],[-97.5049,45.7649],[-97.4945,45.7649],[-97.4945,45.7613],[-97.4842,45.7612]]],[[[-97.4134,45.7622],[-97.4237,45.7622],[-97.4236,45.7696],[-97.4133,45.7694],[-97.4134,45.7622]]],[[[-97.3467,45.7629],[-97.3467,45.762],[-97.3513,45.7622],[-97.3514,45.7765],[-97.3472,45.7762],[-97.3467,45.7629]]],[[[-97.3516,45.7947],[-97.3515,45.7876],[-97.3618,45.7873],[-97.3619,45.791],[-97.3577,45.791],[-97.3567,45.7947],[-97.3516,45.7947]]],[[[-97.3209,45.7939],[-97.321,45.7826],[-97.3262,45.7827],[-97.3266,45.7792],[-97.3213,45.779],[-97.3214,45.7765],[-97.3227,45.7772],[-97.3248,45.7778],[-97.3264,45.7772],[-97.3288,45.7769],[-97.33,45.7763],[-97.3304,45.7756],[-97.3303,45.7747],[-97.3314,45.7741],[-97.3329,45.774],[-97.3344,45.7744],[-97.3349,45.7742],[-97.335,45.774],[-97.3332,45.7721],[-97.3369,45.7722],[-97.3368,45.7831],[-97.3469,45.7838],[-97.347,45.7909],[-97.3367,45.7907],[-97.3365,45.7979],[-97.326,45.7976],[-97.3261,45.7939],[-97.3209,45.7939]]],[[[-97.5173,45.8049],[-97.5173,45.8022],[-97.5432,45.8023],[-97.5432,45.8095],[-97.5367,45.8095],[-97.5367,45.8086],[-97.5173,45.8085],[-97.5173,45.8049]]],[[[-97.3421,45.8127],[-97.342,45.8054],[-97.3517,45.8057],[-97.3517,45.8129],[-97.3421,45.8127]]],[[[-97.4345,45.8128],[-97.4343,45.8094],[-97.4395,45.8095],[-97.4388,45.8017],[-97.4551,45.8019],[-97.4551,45.8084],[-97.4499,45.8084],[-97.45,45.812],[-97.4424,45.812],[-97.4436,45.8159],[-97.4347,45.8161],[-97.4345,45.8128]]],[[[-97.364,45.8126],[-97.3669,45.8102],[-97.3636,45.8085],[-97.3635,45.8093],[-97.3621,45.8093],[-97.362,45.8057],[-97.3689,45.8056],[-97.369,45.8067],[-97.3724,45.8067],[-97.3725,45.8108],[-97.3776,45.8108],[-97.3776,45.8093],[-97.3828,45.8093],[-97.383,45.8238],[-97.3727,45.8238],[-97.3726,45.8165],[-97.3697,45.8165],[-97.3657,45.8134],[-97.3638,45.8133],[-97.364,45.8126]]],[[[-97.5251,45.8266],[-97.5251,45.8194],[-97.5225,45.8194],[-97.5225,45.8158],[-97.5433,45.8159],[-97.5432,45.8231],[-97.538,45.8231],[-97.538,45.8267],[-97.5251,45.8266]]],[[[-97.4452,45.8277],[-97.4452,45.8265],[-97.4501,45.8265],[-97.45,45.8337],[-97.4451,45.833],[-97.4452,45.8277]]],[[[-97.4603,45.8337],[-97.4603,45.8265],[-97.4654,45.8265],[-97.4653,45.8338],[-97.4603,45.8337]]],[[[-97.4808,45.8701],[-97.4809,45.8629],[-97.4912,45.8629],[-97.4911,45.8701],[-97.4808,45.8701]]],[[[-97.4911,45.8826],[-97.4911,45.8773],[-97.5015,45.8774],[-97.5015,45.8798],[-97.4956,45.8798],[-97.4955,45.8826],[-97.4911,45.8826]]]]},"properties":{"id":"usgs-pad-us-fee-managers:4055","name":"Marshall County Waterfowl Production Area","kind":"land","category":"public-land","sourceCategory":"public-land","sourceId":"usgs-pad-us-fee-managers","sourceUrl":"https://services.arcgis.com/v01gqwM5QqNysAAi/arcgis/rest/services/Fee_Managers_PADUS/FeatureServer/0","sourceUpdated":"2021-01-28T05:00:00.000Z","publicUse":"PAD-US reports restricted access; confirm permits and seasonal rules with the manager.","unit":"FWS","origin":"public-catalog"}},{"type":"Feature","id":"usgs-pad-us-fee-managers:4066","geometry":{"type":"MultiPolygon","coordinates":[[[[-97.408,43.5359],[-97.408,43.5313],[-97.4139,43.5314],[-97.4138,43.538],[-97.408,43.538],[-97.408,43.5359]]],[[[-97.2881,43.5363],[-97.2881,43.5361],[-97.2981,43.5362],[-97.2979,43.5405],[-97.2939,43.5405],[-97.2941,43.5363],[-97.2881,43.5363]]],[[[-97.3877,43.5683],[-97.3885,43.5683],[-97.3904,43.5709],[-97.3908,43.5724],[-97.3878,43.5724],[-97.3877,43.5683]]],[[[-97.1292,43.5826],[-97.1294,43.5759],[-97.1344,43.576],[-97.1342,43.5797],[-97.1362,43.5797],[-97.1363,43.5814],[-97.1348,43.5814],[-97.1344,43.5827],[-97.1292,43.5826]]],[[[-97.4681,43.5941],[-97.468,43.5882],[-97.4735,43.5882],[-97.4735,43.5928],[-97.4755,43.5928],[-97.4755,43.5941],[-97.4681,43.5941]]],[[[-97.4681,43.5941],[-97.468,43.6014],[-97.4481,43.6012],[-97.4481,43.594],[-97.4681,43.5941]]],[[[-97.1379,43.6086],[-97.138,43.6068],[-97.1391,43.6067],[-97.1391,43.6013],[-97.1441,43.6012],[-97.1441,43.6084],[-97.1474,43.6083],[-97.1473,43.6156],[-97.1354,43.6159],[-97.1354,43.6086],[-97.1379,43.6086]]],[[[-97.1988,43.6158],[-97.2086,43.6157],[-97.2086,43.6229],[-97.1988,43.623],[-97.1988,43.6158]]],[[[-97.5008,43.6351],[-97.5008,43.6331],[-97.4968,43.6331],[-97.4967,43.6268],[-97.4987,43.6274],[-97.5002,43.6274],[-97.5002,43.6265],[-97.4988,43.6265],[-97.4988,43.6236],[-97.4979,43.6236],[-97.4979,43.6248],[-97.4979,43.6229],[-97.5058,43.6228],[-97.5058,43.6264],[-97.5052,43.6264],[-97.5047,43.6269],[-97.5048,43.6336],[-97.508,43.6337],[-97.503,43.6337],[-97.503,43.6351],[-97.5008,43.6351]]],[[[-97.5583,43.655],[-97.5484,43.6551],[-97.5484,43.6569],[-97.5408,43.657],[-97.5408,43.6534],[-97.5483,43.6533],[-97.5483,43.6515],[-97.5682,43.6513],[-97.5683,43.6585],[-97.5584,43.6586],[-97.5583,43.655]]],[[[-97.4285,43.6618],[-97.4285,43.659],[-97.4384,43.6592],[-97.4384,43.6619],[-97.4285,43.6618]]],[[[-97.4684,43.6659],[-97.4783,43.6655],[-97.4784,43.6701],[-97.4684,43.67],[-97.4684,43.6659]]],[[[-97.2556,43.6792],[-97.2555,43.6771],[-97.2583,43.6771],[-97.2582,43.6735],[-97.262,43.6735],[-97.262,43.6771],[-97.2633,43.6771],[-97.2634,43.6781],[-97.2683,43.6781],[-97.2684,43.6808],[-97.2584,43.6808],[-97.2583,43.6792],[-97.2556,43.6792]]],[[[-97.5485,43.6879],[-97.5485,43.6806],[-97.5505,43.6806],[-97.5505,43.6798],[-97.5533,43.6794],[-97.5533,43.679],[-97.5585,43.6789],[-97.5585,43.683],[-97.5517,43.6831],[-97.552,43.688],[-97.5485,43.6879]]],[[[-97.5188,43.6971],[-97.5188,43.6922],[-97.5268,43.6922],[-97.5267,43.688],[-97.5346,43.6881],[-97.5348,43.6938],[-97.5388,43.6938],[-97.5388,43.6952],[-97.5289,43.6952],[-97.5289,43.697],[-97.5188,43.6971]]],[[[-97.4889,43.7028],[-97.4902,43.7027],[-97.4918,43.7018],[-97.4937,43.7015],[-97.4944,43.7011],[-97.495,43.7012],[-97.4976,43.7027],[-97.4988,43.7027],[-97.4989,43.7064],[-97.489,43.7066],[-97.4889,43.7028]]],[[[-97.2736,43.7096],[-97.2736,43.7025],[-97.2785,43.7025],[-97.2786,43.7097],[-97.2736,43.7096]]],[[[-97.4583,43.7081],[-97.458,43.7026],[-97.4688,43.7026],[-97.4689,43.7135],[-97.4639,43.7135],[-97.464,43.7099],[-97.4584,43.7099],[-97.4583,43.7081]]],[[[-97.5443,43.7172],[-97.5393,43.7172],[-97.539,43.7061],[-97.5491,43.7062],[-97.5492,43.7098],[-97.5442,43.7098],[-97.5443,43.7172]]],[[[-97.4958,43.7226],[-97.4957,43.7193],[-97.4982,43.7193],[-97.4992,43.7196],[-97.4992,43.7175],[-97.4994,43.7199],[-97.5022,43.7198],[-97.5022,43.7225],[-97.4992,43.7226],[-97.4992,43.7238],[-97.4968,43.7238],[-97.4968,43.7231],[-97.4958,43.7226]]],[[[-97.459,43.7172],[-97.469,43.7173],[-97.4691,43.7246],[-97.459,43.7245],[-97.459,43.7172]]],[[[-97.5033,43.7477],[-97.5033,43.7465],[-97.5093,43.7464],[-97.5092,43.7537],[-97.5016,43.7538],[-97.5021,43.7487],[-97.5049,43.7487],[-97.5048,43.7477],[-97.5033,43.7477]]],[[[-97.129,43.7973],[-97.1391,43.797],[-97.139,43.8042],[-97.1291,43.8045],[-97.129,43.7973]]],[[[-97.149,43.8113],[-97.149,43.8066],[-97.1515,43.8066],[-97.1515,43.8113],[-97.149,43.8113]]],[[[-97.5941,43.8133],[-97.5994,43.8132],[-97.5994,43.8185],[-97.5894,43.8187],[-97.5894,43.8153],[-97.5916,43.8152],[-97.5941,43.8133]]],[[[-97.139,43.8292],[-97.139,43.8259],[-97.1441,43.8259],[-97.144,43.8297],[-97.1392,43.8298],[-97.1392,43.8333],[-97.139,43.8292]]],[[[-97.2779,43.8412],[-97.2745,43.8412],[-97.2733,43.8406],[-97.2729,43.8402],[-97.2839,43.8402],[-97.2839,43.8431],[-97.2849,43.8431],[-97.2849,43.8484],[-97.2788,43.8484],[-97.2789,43.8434],[-97.2779,43.8434],[-97.2779,43.8412]]]]},"properties":{"id":"usgs-pad-us-fee-managers:4066","name":"Mccook County Waterfowl Production Area","kind":"land","category":"public-land","sourceCategory":"public-land","sourceId":"usgs-pad-us-fee-managers","sourceUrl":"https://services.arcgis.com/v01gqwM5QqNysAAi/arcgis/rest/services/Fee_Managers_PADUS/FeatureServer/0","sourceUpdated":"2021-01-28T05:00:00.000Z","publicUse":"PAD-US reports restricted access; confirm permits and seasonal rules with the manager.","unit":"FWS","origin":"public-catalog"}},{"type":"Feature","id":"usgs-pad-us-fee-managers:4071","geometry":{"type":"Polygon","coordinates":[[[-99.4272,45.9402],[-99.4428,45.9402],[-99.4428,45.9403],[-99.4272,45.9402]]]},"properties":{"id":"usgs-pad-us-fee-managers:4071","name":"Mcintosh County Waterfowl Production Area","kind":"land","category":"public-land","sourceCategory":"public-land","sourceId":"usgs-pad-us-fee-managers","sourceUrl":"https://services.arcgis.com/v01gqwM5QqNysAAi/arcgis/rest/services/Fee_Managers_PADUS/FeatureServer/0","sourceUpdated":"2021-01-28T05:00:00.000Z","publicUse":"PAD-US reports restricted access; confirm permits and seasonal rules with the manager.","unit":"FWS","origin":"public-catalog"}},{"type":"Feature","id":"usgs-pad-us-fee-managers:4079","geometry":{"type":"MultiPolygon","coordinates":[[[[-99.211,45.6106],[-99.2111,45.6071],[-99.2215,45.6071],[-99.2215,45.6107],[-99.211,45.6106]]],[[[-99.3458,45.6109],[-99.3458,45.6073],[-99.3561,45.6073],[-99.3561,45.6109],[-99.3458,45.6109]]],[[[-99.1955,45.6215],[-99.1955,45.6179],[-99.2059,45.6179],[-99.2059,45.6252],[-99.1955,45.6252],[-99.1955,45.6215]]],[[[-99.5829,45.6211],[-99.5829,45.6186],[-99.5832,45.6186],[-99.5832,45.6077],[-99.5728,45.6077],[-99.5728,45.6004],[-99.5832,45.6005],[-99.5832,45.6011],[-99.5914,45.6077],[-99.5935,45.6077],[-99.5936,45.6186],[-99.5832,45.6188],[-99.5832,45.6222],[-99.5821,45.6222],[-99.5829,45.6211]]],[[[-99.5316,45.6583],[-99.5316,45.6511],[-99.5402,45.6511],[-99.5449,45.6562],[-99.5477,45.6584],[-99.5316,45.6583]]],[[[-99.6646,45.6525],[-99.6648,45.6512],[-99.6686,45.6512],[-99.6686,45.6571],[-99.6635,45.6567],[-99.6618,45.6548],[-99.6613,45.6548],[-99.6616,45.6527],[-99.6646,45.6525]]],[[[-99.4175,45.6654],[-99.4021,45.6653],[-99.4022,45.6508],[-99.4177,45.6509],[-99.4177,45.6545],[-99.428,45.6545],[-99.428,45.665],[-99.4269,45.665],[-99.4269,45.6654],[-99.4175,45.6654]]],[[[-99.2114,45.6673],[-99.2114,45.6651],[-99.211,45.6651],[-99.2111,45.6594],[-99.2126,45.6594],[-99.2126,45.6562],[-99.2111,45.6562],[-99.2111,45.6549],[-99.2007,45.6549],[-99.2007,45.6651],[-99.1698,45.6651],[-99.1697,45.6325],[-99.1954,45.6324],[-99.1953,45.6433],[-99.2007,45.6433],[-99.2007,45.6506],[-99.2318,45.6507],[-99.2318,45.647],[-99.2215,45.647],[-99.2215,45.6406],[-99.2267,45.6407],[-99.2267,45.6397],[-99.2318,45.6398],[-99.2318,45.6362],[-99.2421,45.6362],[-99.2422,45.6417],[-99.237,45.6416],[-99.237,45.6471],[-99.2422,45.6471],[-99.2422,45.6507],[-99.237,45.6507],[-99.237,45.6543],[-99.2318,45.6543],[-99.2318,45.6579],[-99.2266,45.6579],[-99.2266,45.6651],[-99.2215,45.6651],[-99.2215,45.671],[-99.2165,45.671],[-99.2165,45.6673],[-99.2114,45.6673]]],[[[-99.1702,45.6725],[-99.1723,45.6716],[-99.1824,45.6722],[-99.1827,45.6736],[-99.1801,45.6762],[-99.1801,45.6867],[-99.1698,45.6867],[-99.1697,45.6728],[-99.1702,45.6725]]],[[[-99.1698,45.6941],[-99.1802,45.694],[-99.1802,45.7013],[-99.1698,45.7012],[-99.1698,45.6941]]],[[[-99.2474,45.6986],[-99.2474,45.6959],[-99.2509,45.6959],[-99.2509,45.6941],[-99.263,45.6942],[-99.263,45.6962],[-99.2594,45.6962],[-99.2594,45.697],[-99.2578,45.6976],[-99.2578,45.7014],[-99.2487,45.7014],[-99.2487,45.6986],[-99.2474,45.6986]]],[[[-99.3503,45.694],[-99.3504,45.6871],[-99.3555,45.6871],[-99.3555,45.6944],[-99.3659,45.6944],[-99.3658,45.7016],[-99.3503,45.7016],[-99.3503,45.694]]],[[[-99.3969,45.6944],[-99.3866,45.6944],[-99.3866,45.6968],[-99.3861,45.6963],[-99.3838,45.6954],[-99.3834,45.6944],[-99.3835,45.6935],[-99.3852,45.6913],[-99.3865,45.6902],[-99.3867,45.6897],[-99.3995,45.6897],[-99.4072,45.6933],[-99.4087,45.6933],[-99.4099,45.6937],[-99.4109,45.6944],[-99.4165,45.6944],[-99.4167,45.6981],[-99.4165,45.6987],[-99.4159,45.6997],[-99.4158,45.7006],[-99.4072,45.7004],[-99.4072,45.6944],[-99.3969,45.6944]]],[[[-99.3916,45.7088],[-99.3916,45.7016],[-99.4071,45.7016],[-99.4071,45.7089],[-99.3916,45.7088]]],[[[-99.5937,45.7071],[-99.5937,45.6947],[-99.604,45.6947],[-99.6041,45.7091],[-99.5937,45.7092],[-99.5937,45.7071]]],[[[-99.4987,45.7126],[-99.4987,45.709],[-99.4902,45.709],[-99.4901,45.7017],[-99.5005,45.7018],[-99.5005,45.709],[-99.5059,45.709],[-99.5067,45.7081],[-99.5077,45.7076],[-99.5113,45.7066],[-99.5129,45.709],[-99.5109,45.709],[-99.5109,45.7163],[-99.5005,45.7162],[-99.5005,45.7126],[-99.4987,45.7126]]],[[[-99.635,45.7073],[-99.6389,45.7073],[-99.6389,45.7091],[-99.6402,45.7091],[-99.6402,45.7121],[-99.6364,45.7124],[-99.6365,45.7134],[-99.635,45.7133],[-99.635,45.7073]]],[[[-99.5944,45.7173],[-99.5975,45.7172],[-99.598,45.7136],[-99.5973,45.7125],[-99.5984,45.7125],[-99.5986,45.7134],[-99.6021,45.7133],[-99.602,45.7164],[-99.6093,45.7164],[-99.6093,45.7091],[-99.6145,45.7091],[-99.6145,45.7161],[-99.6137,45.7192],[-99.6144,45.7213],[-99.6145,45.7236],[-99.5992,45.7237],[-99.5957,45.7206],[-99.595,45.7194],[-99.5944,45.7173]]],[[[-99.6453,45.7172],[-99.6482,45.717],[-99.6498,45.7184],[-99.6508,45.7186],[-99.6525,45.7196],[-99.6495,45.7211],[-99.6479,45.7216],[-99.6476,45.7226],[-99.6455,45.7231],[-99.6454,45.7236],[-99.6454,45.7218],[-99.6423,45.7218],[-99.6453,45.7172]]],[[[-99.2837,45.734],[-99.2838,45.7269],[-99.3042,45.7269],[-99.3043,45.7161],[-99.3249,45.7159],[-99.3249,45.7232],[-99.3197,45.7232],[-99.3197,45.7305],[-99.3042,45.7305],[-99.3042,45.7342],[-99.2837,45.734]]],[[[-99.6609,45.7236],[-99.6609,45.72],[-99.6661,45.72],[-99.6661,45.7164],[-99.6765,45.7164],[-99.6764,45.725],[-99.6653,45.725],[-99.6653,45.7237],[-99.6609,45.7236]]],[[[-99.1411,45.7456],[-99.1362,45.7458],[-99.1363,45.7429],[-99.1389,45.7429],[-99.139,45.7411],[-99.1401,45.7411],[-99.1433,45.7388],[-99.1479,45.7368],[-99.1505,45.7389],[-99.1507,45.7396],[-99.1505,45.7406],[-99.1494,45.7411],[-99.1467,45.7447],[-99.1467,45.7469],[-99.1411,45.7469],[-99.1411,45.7456]]],[[[-99.3353,45.7451],[-99.3352,45.7378],[-99.3452,45.7378],[-99.3451,45.7304],[-99.3554,45.7304],[-99.3555,45.7416],[-99.3453,45.7414],[-99.3453,45.7451],[-99.3353,45.7451]]],[[[-99.3023,45.7481],[-99.3014,45.7481],[-99.3012,45.7477],[-99.3026,45.7458],[-99.3042,45.745],[-99.3094,45.745],[-99.3095,45.7487],[-99.3036,45.7487],[-99.3023,45.7481]]],[[[-99.1803,45.7375],[-99.1907,45.7374],[-99.1907,45.7521],[-99.1803,45.7521],[-99.1803,45.7375]]],[[[-99.2526,45.7521],[-99.2526,45.7448],[-99.2578,45.7448],[-99.2578,45.7485],[-99.263,45.7485],[-99.2629,45.7521],[-99.2526,45.7521]]],[[[-99.3762,45.7487],[-99.3762,45.7451],[-99.3814,45.7451],[-99.3814,45.7379],[-99.3866,45.7379],[-99.3866,45.7439],[-99.3887,45.7439],[-99.3887,45.7451],[-99.39,45.7451],[-99.39,45.7524],[-99.3762,45.7523],[-99.3762,45.7487]]],[[[-99.5108,45.7598],[-99.5263,45.7598],[-99.5263,45.7634],[-99.5108,45.7634],[-99.5108,45.7598]]],[[[-99.1285,45.7736],[-99.1285,45.7663],[-99.1389,45.7663],[-99.1389,45.7736],[-99.1285,45.7736]]],[[[-99.3147,45.7775],[-99.3146,45.774],[-99.3197,45.774],[-99.3195,45.7668],[-99.3224,45.7668],[-99.3224,45.7632],[-99.3248,45.7595],[-99.3288,45.7595],[-99.3288,45.7631],[-99.3299,45.7632],[-99.33,45.7668],[-99.3353,45.7668],[-99.3353,45.7704],[-99.3302,45.7704],[-99.3301,45.774],[-99.3354,45.774],[-99.3354,45.7814],[-99.325,45.7813],[-99.325,45.7777],[-99.3147,45.7775]]],[[[-99.3659,45.7723],[-99.3711,45.7723],[-99.3711,45.776],[-99.3763,45.776],[-99.3762,45.7814],[-99.3659,45.7814],[-99.3659,45.7723]]],[[[-99.3866,45.785],[-99.3866,45.7815],[-99.3918,45.7814],[-99.3918,45.7887],[-99.3866,45.7887],[-99.3866,45.785]]],[[[-99.0562,45.8014],[-99.0562,45.7952],[-99.0733,45.7953],[-99.0734,45.8025],[-99.0666,45.8025],[-99.0666,45.8014],[-99.0562,45.8014]]],[[[-99.2009,45.7935],[-99.2036,45.7954],[-99.2062,45.7954],[-99.2062,45.8025],[-99.1999,45.8025],[-99.1982,45.8002],[-99.1979,45.7994],[-99.1982,45.7981],[-99.2002,45.7949],[-99.2009,45.7935]]],[[[-99.6267,45.7895],[-99.6248,45.7847],[-99.6248,45.7817],[-99.6507,45.7817],[-99.6508,45.789],[-99.6455,45.789],[-99.6455,45.7926],[-99.6286,45.7925],[-99.6268,45.7903],[-99.6267,45.7895]]],[[[-99.2424,45.8234],[-99.2423,45.8172],[-99.2527,45.8172],[-99.2527,45.8139],[-99.254,45.8136],[-99.2546,45.8137],[-99.2568,45.8149],[-99.259,45.8147],[-99.2607,45.8131],[-99.2615,45.8117],[-99.2612,45.8109],[-99.2606,45.8104],[-99.2573,45.8101],[-99.2539,45.8088],[-99.2525,45.8085],[-99.2525,45.8078],[-99.2523,45.8077],[-99.252,45.8069],[-99.2502,45.8063],[-99.2477,45.8047],[-99.2465,45.8045],[-99.2425,45.8064],[-99.2424,45.804],[-99.2474,45.804],[-99.2537,45.8076],[-99.255,45.8086],[-99.2581,45.8092],[-99.263,45.8093],[-99.2631,45.8245],[-99.2424,45.8244],[-99.2424,45.8234]]],[[[-99.0305,45.835],[-99.0305,45.8314],[-99.0357,45.8314],[-99.0357,45.8309],[-99.0409,45.8309],[-99.0409,45.835],[-99.0305,45.835]]],[[[-99.3659,45.8285],[-99.3659,45.8249],[-99.3763,45.8249],[-99.3763,45.8212],[-99.3814,45.8213],[-99.3814,45.8104],[-99.3918,45.8104],[-99.3918,45.8176],[-99.397,45.8176],[-99.397,45.8249],[-99.3918,45.8249],[-99.3918,45.8321],[-99.3866,45.8321],[-99.3866,45.8285],[-99.3659,45.8285]]],[[[-99.1596,45.8242],[-99.1596,45.8207],[-99.17,45.8207],[-99.17,45.8243],[-99.1752,45.8243],[-99.1752,45.8315],[-99.1804,45.8315],[-99.1804,45.8358],[-99.1785,45.8361],[-99.1785,45.8388],[-99.1596,45.8388],[-99.1596,45.8242]]],[[[-99.6309,45.839],[-99.6301,45.839],[-99.6301,45.8397],[-99.6249,45.8396],[-99.6249,45.8391],[-99.6223,45.8391],[-99.6223,45.8396],[-99.6197,45.8396],[-99.6197,45.8251],[-99.6249,45.8251],[-99.6249,45.8288],[-99.6352,45.8288],[-99.6352,45.8324],[-99.6325,45.8324],[-99.6325,45.8397],[-99.6309,45.8397],[-99.6309,45.839]]],[[[-99.2423,45.8533],[-99.2423,45.8498],[-99.2475,45.8498],[-99.2475,45.8426],[-99.2693,45.8427],[-99.2693,45.8434],[-99.2686,45.8438],[-99.2685,45.8446],[-99.2671,45.8452],[-99.2659,45.8464],[-99.2658,45.8468],[-99.2664,45.8474],[-99.2666,45.8481],[-99.2648,45.8482],[-99.2634,45.8489],[-99.2631,45.8498],[-99.2631,45.8541],[-99.2617,45.8547],[-99.259,45.8555],[-99.2532,45.8558],[-99.2501,45.8553],[-99.2461,45.8536],[-99.2423,45.8533]]],[[[-99.0618,45.8641],[-99.0618,45.8605],[-99.067,45.8605],[-99.067,45.8538],[-99.0774,45.8538],[-99.0774,45.8532],[-99.0872,45.8532],[-99.0869,45.846],[-99.0876,45.846],[-99.0916,45.8441],[-99.0976,45.8441],[-99.0976,45.8533],[-99.0877,45.8532],[-99.0878,45.8618],[-99.0774,45.8618],[-99.0774,45.8641],[-99.0618,45.8641]]],[[[-99.6457,45.8542],[-99.6457,45.8469],[-99.656,45.8469],[-99.6561,45.8542],[-99.6457,45.8542]]],[[[-99.6665,45.8578],[-99.6665,45.8542],[-99.6716,45.8542],[-99.6716,45.8505],[-99.6768,45.8506],[-99.6768,45.8578],[-99.6665,45.8578]]],[[[-99.0256,45.8749],[-99.0255,45.8604],[-99.0307,45.8604],[-99.0307,45.8568],[-99.0359,45.8568],[-99.0359,45.8677],[-99.052,45.8677],[-99.052,45.8688],[-99.0515,45.8691],[-99.0515,45.8713],[-99.0484,45.8713],[-99.0463,45.8724],[-99.0462,45.8749],[-99.0256,45.8749]]],[[[-99.152,45.8677],[-99.1598,45.8677],[-99.1598,45.8749],[-99.152,45.875],[-99.152,45.8677]]],[[[-99.1313,45.8849],[-99.1313,45.8813],[-99.1355,45.8786],[-99.1355,45.875],[-99.1391,45.875],[-99.1391,45.8735],[-99.1427,45.8735],[-99.1428,45.8786],[-99.1391,45.8786],[-99.1391,45.8804],[-99.1438,45.8804],[-99.1438,45.8874],[-99.1391,45.8874],[-99.1391,45.8849],[-99.1313,45.8849]]],[[[-99.4073,45.8829],[-99.4074,45.8757],[-99.4177,45.8757],[-99.4177,45.8829],[-99.4073,45.8829]]],[[[-99.0976,45.8991],[-99.0976,45.8967],[-99.0962,45.8966],[-99.0955,45.8956],[-99.0953,45.8946],[-99.0957,45.8934],[-99.0973,45.8917],[-99.0977,45.8905],[-99.0976,45.8677],[-99.108,45.8677],[-99.108,45.8713],[-99.1132,45.8713],[-99.1132,45.8749],[-99.1183,45.8749],[-99.1184,45.8822],[-99.1108,45.8822],[-99.1107,45.8802],[-99.106,45.8802],[-99.1059,45.8822],[-99.108,45.8822],[-99.1079,45.8967],[-99.1066,45.8967],[-99.1065,45.8986],[-99.104,45.9015],[-99.0997,45.9016],[-99.0997,45.8991],[-99.0976,45.8991]]],[[[-99.2014,45.9112],[-99.2014,45.9087],[-99.2092,45.9086],[-99.2092,45.9112],[-99.2014,45.9112]]],[[[-99.3047,45.9117],[-99.3047,45.9044],[-99.3151,45.9045],[-99.3152,45.9118],[-99.3047,45.9117]]],[[[-99.0152,45.9183],[-99.0152,45.9111],[-99.0308,45.9112],[-99.0308,45.9184],[-99.0152,45.9183]]],[[[-99.2118,45.9112],[-99.2118,45.9098],[-99.2217,45.9099],[-99.2217,45.9147],[-99.2118,45.9148],[-99.2118,45.9112]]],[[[-99.1235,45.9111],[-99.1235,45.9039],[-99.1287,45.9039],[-99.1287,45.9003],[-99.1392,45.9003],[-99.1392,45.9075],[-99.1495,45.9076],[-99.1496,45.9111],[-99.1549,45.9111],[-99.1548,45.9148],[-99.16,45.9148],[-99.16,45.9184],[-99.1339,45.9184],[-99.134,45.9111],[-99.1235,45.9111]]],[[[-99.1184,45.9185],[-99.1249,45.9184],[-99.1249,45.9211],[-99.1197,45.9211],[-99.1197,45.9185],[-99.1184,45.9185]]],[[[-99.0879,45.9256],[-99.0879,45.9185],[-99.09,45.9185],[-99.09,45.9124],[-99.0931,45.9123],[-99.0931,45.9115],[-99.0921,45.9107],[-99.09,45.9104],[-99.0889,45.9112],[-99.0885,45.9119],[-99.0846,45.9126],[-99.0846,45.9113],[-99.0879,45.9097],[-99.0879,45.9076],[-99.0977,45.9098],[-99.0977,45.9257],[-99.0879,45.9256]]],[[[-99.2015,45.9256],[-99.2015,45.9248],[-99.2066,45.9248],[-99.2083,45.9234],[-99.2097,45.9226],[-99.2097,45.9222],[-99.217,45.922],[-99.217,45.9256],[-99.2015,45.9256]]],[[[-99.3047,45.9117],[-99.3047,45.9189],[-99.2995,45.9189],[-99.2995,45.9224],[-99.2943,45.9225],[-99.2943,45.9261],[-99.2788,45.926],[-99.2786,45.9043],[-99.2944,45.9043],[-99.2944,45.9116],[-99.3047,45.9117]]],[[[-99.1496,45.9329],[-99.1496,45.9257],[-99.16,45.9257],[-99.16,45.94],[-99.1497,45.94],[-99.1496,45.9329]]],[[[-99.1839,45.94],[-99.1839,45.9384],[-99.1859,45.9384],[-99.1859,45.9374],[-99.1931,45.9373],[-99.1936,45.9377],[-99.1952,45.9375],[-99.1998,45.9388],[-99.1997,45.9392],[-99.1969,45.9399],[-99.1839,45.94]]],[[[-99.2581,45.94],[-99.2581,45.9367],[-99.2633,45.9367],[-99.2633,45.9332],[-99.2682,45.9331],[-99.2682,45.94],[-99.2581,45.94]]]]},"properties":{"id":"usgs-pad-us-fee-managers:4079","name":"Mcpherson County Waterfowl Production Area","kind":"land","category":"public-land","sourceCategory":"public-land","sourceId":"usgs-pad-us-fee-managers","sourceUrl":"https://services.arcgis.com/v01gqwM5QqNysAAi/arcgis/rest/services/Fee_Managers_PADUS/FeatureServer/0","sourceUpdated":"2021-01-28T05:00:00.000Z","publicUse":"PAD-US reports restricted access; confirm permits and seasonal rules with the manager.","unit":"FWS","origin":"public-catalog"}},{"type":"Feature","id":"usgs-pad-us-fee-managers:4093","geometry":{"type":"MultiPolygon","coordinates":[[[[-97.8061,43.8789],[-97.8112,43.8788],[-97.8112,43.8825],[-97.806,43.8825],[-97.8061,43.8789]]],[[[-97.7607,43.9076],[-97.7707,43.9076],[-97.7707,43.9149],[-97.7607,43.9149],[-97.7607,43.9076]]],[[[-97.7934,43.915],[-97.7934,43.9117],[-97.7984,43.9117],[-97.7984,43.9077],[-97.8008,43.9077],[-97.8008,43.915],[-97.7934,43.915]]],[[[-97.7009,43.9506],[-97.7059,43.9506],[-97.7061,43.958],[-97.7011,43.958],[-97.7009,43.9506]]],[[[-97.781,43.9731],[-97.791,43.9729],[-97.791,43.9802],[-97.7811,43.9802],[-97.781,43.9731]]],[[[-97.7113,43.9907],[-97.7112,43.9798],[-97.7192,43.9797],[-97.7193,43.9899],[-97.7138,43.9898],[-97.7138,43.9925],[-97.7113,43.9925],[-97.7113,43.9907]]],[[[-97.6231,44.0158],[-97.6231,44.0087],[-97.6306,44.0087],[-97.6306,44.0065],[-97.6406,44.0078],[-97.6406,44.0119],[-97.6333,44.0118],[-97.6333,44.0129],[-97.6307,44.0129],[-97.6307,44.016],[-97.6231,44.0158]]],[[[-97.6709,44.0089],[-97.681,44.009],[-97.681,44.0162],[-97.6709,44.0161],[-97.6709,44.0089]]],[[[-97.4002,44.0234],[-97.4001,44.0188],[-97.4053,44.0189],[-97.4053,44.0235],[-97.4002,44.0234]]],[[[-97.7799,44.0401],[-97.7799,44.0383],[-97.7909,44.0383],[-97.7871,44.0384],[-97.7871,44.0401],[-97.7799,44.0401]]],[[[-97.4305,44.0711],[-97.4342,44.0711],[-97.4343,44.0769],[-97.4305,44.0769],[-97.4305,44.0711]]],[[[-97.4182,44.088],[-97.4157,44.088],[-97.4157,44.0843],[-97.4132,44.0844],[-97.4131,44.0808],[-97.4222,44.0807],[-97.4222,44.0879],[-97.4206,44.0879],[-97.4206,44.0907],[-97.4182,44.0907],[-97.4182,44.088]]],[[[-97.6757,44.1248],[-97.6808,44.1248],[-97.6806,44.132],[-97.6755,44.132],[-97.6757,44.1248]]],[[[-97.6905,44.1358],[-97.7003,44.1359],[-97.7015,44.1395],[-97.6904,44.1394],[-97.6905,44.1358]]],[[[-97.4309,44.164],[-97.4359,44.164],[-97.4359,44.1676],[-97.4309,44.1676],[-97.4309,44.164]]],[[[-97.5715,44.1752],[-97.575,44.1751],[-97.575,44.1726],[-97.5769,44.1726],[-97.5769,44.1734],[-97.579,44.1739],[-97.5798,44.1752],[-97.5715,44.1752]]]]},"properties":{"id":"usgs-pad-us-fee-managers:4093","name":"Miner County Waterfowl Production Area","kind":"land","category":"public-land","sourceCategory":"public-land","sourceId":"usgs-pad-us-fee-managers","sourceUrl":"https://services.arcgis.com/v01gqwM5QqNysAAi/arcgis/rest/services/Fee_Managers_PADUS/FeatureServer/0","sourceUpdated":"2021-01-28T05:00:00.000Z","publicUse":"PAD-US reports restricted access; confirm permits and seasonal rules with the manager.","unit":"FWS","origin":"public-catalog"}},{"type":"Feature","id":"usgs-pad-us-fee-managers:4096","geometry":{"type":"MultiPolygon","coordinates":[[[[-96.9899,43.5216],[-96.9899,43.5198],[-96.9922,43.5195],[-96.9922,43.5186],[-96.9915,43.5186],[-96.9915,43.5158],[-96.9899,43.5158],[-96.9899,43.5143],[-96.9999,43.5144],[-96.9999,43.5189],[-97.0098,43.5189],[-97.0098,43.5217],[-96.9899,43.5216]]],[[[-96.9963,43.5361],[-96.9962,43.5289],[-97.0098,43.5289],[-97.0098,43.5271],[-97.0128,43.5271],[-97.0128,43.5289],[-97.0133,43.5289],[-97.0133,43.5334],[-97.0098,43.5334],[-97.0098,43.5362],[-96.9963,43.5361]]],[[[-96.9999,43.5628],[-96.9999,43.5543],[-97.0098,43.5543],[-97.0098,43.5589],[-97.0083,43.5589],[-97.0083,43.558],[-97.0062,43.558],[-97.0062,43.5583],[-97.0057,43.5583],[-97.0057,43.5629],[-96.9999,43.5628]]],[[[-96.9541,43.57],[-96.9541,43.5669],[-96.9566,43.5669],[-96.9566,43.5651],[-96.9515,43.5651],[-96.9515,43.5644],[-96.9532,43.5609],[-96.9566,43.5594],[-96.9566,43.559],[-96.9574,43.559],[-96.9574,43.5579],[-96.9603,43.5579],[-96.9603,43.5723],[-96.9602,43.57],[-96.9541,43.57]]],[[[-97.0594,43.5793],[-97.0593,43.572],[-97.0624,43.572],[-97.0624,43.5748],[-97.0644,43.5748],[-97.0644,43.5793],[-97.0594,43.5793]]],[[[-97.0994,43.5794],[-97.0994,43.5758],[-97.1036,43.5758],[-97.1036,43.5794],[-97.1094,43.5794],[-97.1094,43.5869],[-97.0994,43.5869],[-97.0994,43.5794]]],[[[-97.0895,43.6053],[-97.0895,43.6029],[-97.0912,43.6029],[-97.0912,43.6016],[-97.0995,43.6017],[-97.0995,43.609],[-97.0895,43.6089],[-97.0895,43.6053]]],[[[-97.1169,43.627],[-97.1169,43.6234],[-97.1194,43.6234],[-97.1194,43.6088],[-97.1292,43.6088],[-97.1293,43.6305],[-97.1194,43.6306],[-97.1194,43.627],[-97.1169,43.627]]],[[[-97.0371,43.6426],[-97.0297,43.6403],[-97.0297,43.64],[-97.0376,43.6425],[-97.0353,43.638],[-97.0348,43.6379],[-97.0349,43.6347],[-97.0353,43.6347],[-97.0358,43.6353],[-97.0375,43.6355],[-97.0398,43.6367],[-97.0398,43.6393],[-97.0419,43.6427],[-97.0415,43.6436],[-97.0472,43.6449],[-97.047,43.6451],[-97.0371,43.6426]]],[[[-97.0695,43.667],[-97.0696,43.667],[-97.0695,43.6742],[-97.0695,43.667]]],[[[-97.0763,43.6787],[-97.0763,43.6742],[-97.0697,43.6742],[-97.0697,43.667],[-97.0795,43.667],[-97.0795,43.6721],[-97.0895,43.6721],[-97.0895,43.6751],[-97.087,43.6751],[-97.087,43.6788],[-97.0763,43.6787]]],[[[-97.0497,43.6815],[-97.0496,43.6743],[-97.0595,43.6742],[-97.0596,43.6783],[-97.0559,43.6789],[-97.0543,43.6802],[-97.0536,43.6815],[-97.0544,43.6831],[-97.0547,43.6832],[-97.0547,43.6851],[-97.0497,43.6851],[-97.0497,43.6815]]],[[[-97.0895,43.6833],[-97.0895,43.6815],[-97.092,43.6815],[-97.092,43.6779],[-97.0994,43.6779],[-97.0993,43.6887],[-97.0969,43.6887],[-97.0969,43.6833],[-97.0895,43.6833]]],[[[-97.0773,43.6923],[-97.0774,43.6887],[-97.0895,43.6887],[-97.0897,43.6968],[-97.0888,43.6968],[-97.0888,43.6959],[-97.0795,43.696],[-97.0795,43.6923],[-97.0773,43.6923]]],[[[-97.1097,43.7104],[-97.1095,43.7031],[-97.1195,43.7031],[-97.1197,43.7104],[-97.1097,43.7104]]],[[[-97.0049,43.7762],[-97.0048,43.7651],[-97.0006,43.7651],[-97.0007,43.7616],[-97.0067,43.7616],[-97.0082,43.7627],[-97.008,43.7634],[-97.0067,43.764],[-97.0062,43.7646],[-97.0068,43.7655],[-97.0067,43.7662],[-97.0074,43.7668],[-97.0067,43.7676],[-97.0075,43.7691],[-97.0061,43.7693],[-97.0053,43.7713],[-97.0064,43.7724],[-97.0082,43.7724],[-97.0096,43.7717],[-97.0096,43.7798],[-97.0049,43.7798],[-97.0049,43.7762]]],[[[-97.1195,43.7987],[-97.1198,43.7973],[-97.1245,43.7973],[-97.1245,43.7986],[-97.1267,43.7984],[-97.129,43.7988],[-97.1291,43.8045],[-97.1195,43.8046],[-97.1195,43.7987]]],[[[-97.0595,43.8052],[-97.0594,43.8016],[-97.0494,43.8016],[-97.0494,43.8009],[-97.0559,43.8009],[-97.0594,43.7985],[-97.0594,43.798],[-97.066,43.798],[-97.066,43.8006],[-97.0657,43.8006],[-97.0657,43.8018],[-97.0632,43.8018],[-97.0632,43.8039],[-97.0596,43.8039],[-97.0595,43.8052]]],[[[-96.8816,43.8106],[-96.8816,43.8047],[-96.8854,43.8047],[-96.8854,43.8106],[-96.8816,43.8106]]],[[[-97.0295,43.8124],[-97.0295,43.8116],[-97.036,43.8116],[-97.0369,43.8124],[-97.0395,43.8124],[-97.0395,43.8197],[-97.0314,43.8196],[-97.0315,43.8142],[-97.0295,43.8142],[-97.0295,43.8124]]],[[[-96.9206,43.8266],[-96.9207,43.8193],[-96.9275,43.8193],[-96.9275,43.8199],[-96.9291,43.8218],[-96.9291,43.8266],[-96.9206,43.8266]]],[[[-97.1196,43.8263],[-97.122,43.8263],[-97.1221,43.8298],[-97.1242,43.8319],[-97.1243,43.8335],[-97.1161,43.8336],[-97.1158,43.8291],[-97.1181,43.8282],[-97.1183,43.8264],[-97.1196,43.8263]]],[[[-97.0396,43.8415],[-97.0396,43.8378],[-97.0431,43.8378],[-97.0432,43.8342],[-97.0296,43.8342],[-97.0295,43.8269],[-97.0345,43.8269],[-97.0345,43.8233],[-97.0445,43.8233],[-97.0445,43.8197],[-97.0506,43.8197],[-97.0506,43.8217],[-97.0528,43.8217],[-97.0528,43.8197],[-97.0697,43.8196],[-97.0697,43.8283],[-97.0651,43.8283],[-97.0651,43.8292],[-97.0625,43.8292],[-97.0625,43.8342],[-97.0467,43.8342],[-97.0467,43.8414],[-97.0396,43.8415]]],[[[-96.9806,43.8483],[-96.9806,43.8449],[-96.9907,43.845],[-96.9907,43.8483],[-96.9806,43.8483]]]]},"properties":{"id":"usgs-pad-us-fee-managers:4096","name":"Minnehaha County Waterfowl Production Area","kind":"land","category":"public-land","sourceCategory":"public-land","sourceId":"usgs-pad-us-fee-managers","sourceUrl":"https://services.arcgis.com/v01gqwM5QqNysAAi/arcgis/rest/services/Fee_Managers_PADUS/FeatureServer/0","sourceUpdated":"2021-01-28T05:00:00.000Z","publicUse":"PAD-US reports restricted access; confirm permits and seasonal rules with the manager.","unit":"FWS","origin":"public-catalog"}},{"type":"Feature","id":"usgs-pad-us-fee-managers:4105","geometry":{"type":"MultiPolygon","coordinates":[[[[-96.7891,44.0009],[-96.7891,43.9955],[-96.7905,43.9955],[-96.7905,43.9936],[-96.7945,43.9937],[-96.7956,43.9975],[-96.7931,43.9988],[-96.7962,44.001],[-96.7891,44.0009]]],[[[-96.7839,44.0044],[-96.7839,44.0008],[-96.7849,44.0008],[-96.7849,43.9972],[-96.7887,43.9972],[-96.7889,44.0045],[-96.7839,44.0044]]],[[[-96.8294,44],[-96.8297,44],[-96.83,44.0017],[-96.8317,44.0042],[-96.8318,44.0069],[-96.8293,44.0069],[-96.8272,44.0061],[-96.8272,44.0053],[-96.8274,44.005],[-96.8275,44.0008],[-96.8294,44.0008],[-96.8294,44]]],[[[-96.7888,44.019],[-96.7889,44.0081],[-96.7989,44.0082],[-96.7989,44.0189],[-96.7939,44.0189],[-96.7938,44.0222],[-96.7888,44.0222],[-96.7888,44.019]]],[[[-96.8351,44.0286],[-96.8349,44.0223],[-96.8389,44.0223],[-96.8391,44.0286],[-96.8351,44.0286]]],[[[-96.8342,44.0474],[-96.8343,44.0454],[-96.8377,44.0455],[-96.8377,44.0403],[-96.8345,44.0402],[-96.8345,44.0394],[-96.8336,44.0391],[-96.8336,44.0367],[-96.8332,44.0367],[-96.833,44.0294],[-96.8392,44.0295],[-96.8394,44.0439],[-96.8496,44.044],[-96.8494,44.0539],[-96.8395,44.0538],[-96.8395,44.0483],[-96.8346,44.0483],[-96.8346,44.0475],[-96.8342,44.0474]]],[[[-96.8596,44.0586],[-96.8596,44.0569],[-96.8636,44.0569],[-96.8636,44.0512],[-96.8661,44.0513],[-96.8663,44.0441],[-96.8599,44.0441],[-96.8601,44.0369],[-96.8615,44.0369],[-96.8614,44.0359],[-96.8652,44.0359],[-96.8652,44.037],[-96.8703,44.037],[-96.8701,44.0441],[-96.8801,44.0442],[-96.8798,44.0587],[-96.8596,44.0586]]],[[[-96.845,44.0781],[-96.8427,44.0761],[-96.8485,44.073],[-96.8392,44.0729],[-96.8394,44.0635],[-96.8411,44.0635],[-96.8411,44.0657],[-96.8442,44.0657],[-96.8442,44.0633],[-96.8432,44.0632],[-96.8432,44.0608],[-96.8484,44.0608],[-96.8483,44.0585],[-96.8495,44.0585],[-96.8495,44.0657],[-96.8567,44.0659],[-96.8505,44.0658],[-96.8504,44.0691],[-96.8531,44.0691],[-96.853,44.0718],[-96.8548,44.0718],[-96.8547,44.0731],[-96.851,44.0731],[-96.8509,44.0767],[-96.8491,44.0767],[-96.8491,44.0782],[-96.845,44.0781]]],[[[-96.8391,44.1091],[-96.839,44.102],[-96.844,44.102],[-96.8439,44.0963],[-96.8406,44.0962],[-96.8406,44.0948],[-96.8379,44.0948],[-96.838,44.0875],[-96.8491,44.0876],[-96.849,44.0858],[-96.8592,44.0858],[-96.8592,44.0935],[-96.86,44.0935],[-96.8601,44.0948],[-96.8504,44.0949],[-96.8507,44.0987],[-96.8488,44.0987],[-96.8492,44.1091],[-96.8391,44.1091]]],[[[-96.7836,44.1127],[-96.7887,44.1126],[-96.7888,44.1162],[-96.7836,44.1162],[-96.7836,44.1127]]],[[[-96.8292,44.1138],[-96.829,44.1092],[-96.8391,44.1092],[-96.8393,44.1164],[-96.8318,44.1164],[-96.8317,44.1138],[-96.8292,44.1138]]],[[[-96.8395,44.1814],[-96.8395,44.174],[-96.8444,44.1742],[-96.8443,44.1815],[-96.8395,44.1814]]],[[[-96.8657,44.1875],[-96.8694,44.1842],[-96.8695,44.1833],[-96.8692,44.1841],[-96.8678,44.1854],[-96.8552,44.1853],[-96.8554,44.1816],[-96.8641,44.1818],[-96.864,44.1745],[-96.8697,44.1746],[-96.8698,44.1819],[-96.8747,44.1818],[-96.8748,44.1854],[-96.8694,44.1855],[-96.8688,44.1926],[-96.864,44.1926],[-96.8641,44.1908],[-96.8618,44.1908],[-96.8641,44.1891],[-96.8657,44.1875]]],[[[-96.8666,44.1832],[-96.8696,44.1824],[-96.8696,44.1822],[-96.8665,44.1831],[-96.8651,44.1829],[-96.8644,44.1821],[-96.8637,44.182],[-96.8641,44.1822],[-96.8649,44.1831],[-96.8666,44.1832]]]]},"properties":{"id":"usgs-pad-us-fee-managers:4105","name":"Moody County Waterfowl Production Area","kind":"land","category":"public-land","sourceCategory":"public-land","sourceId":"usgs-pad-us-fee-managers","sourceUrl":"https://services.arcgis.com/v01gqwM5QqNysAAi/arcgis/rest/services/Fee_Managers_PADUS/FeatureServer/0","sourceUpdated":"2021-01-28T05:00:00.000Z","publicUse":"PAD-US reports restricted access; confirm permits and seasonal rules with the manager.","unit":"FWS","origin":"public-catalog"}},{"type":"Feature","id":"usgs-pad-us-fee-managers:4218","geometry":{"type":"MultiPolygon","coordinates":[[[[-99.7411,45.1584],[-99.7412,45.1539],[-99.7463,45.154],[-99.7463,45.1576],[-99.7459,45.1576],[-99.7459,45.1585],[-99.7411,45.1584]]],[[[-99.6621,45.1517],[-99.6654,45.1516],[-99.6686,45.1535],[-99.6697,45.1536],[-99.6698,45.1571],[-99.6755,45.1569],[-99.6755,45.1692],[-99.6653,45.1692],[-99.6653,45.1655],[-99.6551,45.1655],[-99.655,45.1532],[-99.6621,45.1517]]]]},"properties":{"id":"usgs-pad-us-fee-managers:4218","name":"Potter County Waterfowl Production Area","kind":"land","category":"public-land","sourceCategory":"public-land","sourceId":"usgs-pad-us-fee-managers","sourceUrl":"https://services.arcgis.com/v01gqwM5QqNysAAi/arcgis/rest/services/Fee_Managers_PADUS/FeatureServer/0","sourceUpdated":"2021-01-28T05:00:00.000Z","publicUse":"PAD-US reports restricted access; confirm permits and seasonal rules with the manager.","unit":"FWS","origin":"public-catalog"}},{"type":"Feature","id":"usgs-pad-us-fee-managers:4243","geometry":{"type":"Polygon","coordinates":[[[-97.0591,45.9358],[-97.0482,45.9357],[-97.0482,45.9355],[-97.0613,45.9354],[-97.0613,45.9358],[-97.0591,45.9358]]]},"properties":{"id":"usgs-pad-us-fee-managers:4243","name":"Richland County Waterfowl Production Area","kind":"land","category":"public-land","sourceCategory":"public-land","sourceId":"usgs-pad-us-fee-managers","sourceUrl":"https://services.arcgis.com/v01gqwM5QqNysAAi/arcgis/rest/services/Fee_Managers_PADUS/FeatureServer/0","sourceUpdated":"2021-01-28T05:00:00.000Z","publicUse":"PAD-US reports restricted access; confirm permits and seasonal rules with the manager.","unit":"FWS","origin":"public-catalog"}},{"type":"Feature","id":"usgs-pad-us-fee-managers:4247","geometry":{"type":"MultiPolygon","coordinates":[[[[-97.1787,45.3158],[-97.1787,45.312],[-97.1854,45.312],[-97.1854,45.3192],[-97.1828,45.3192],[-97.1828,45.3159],[-97.1787,45.3158]]],[[[-96.5144,45.3267],[-96.5247,45.3267],[-96.5247,45.3303],[-96.5144,45.3303],[-96.5144,45.3267]]],[[[-97.0212,45.3331],[-97.0211,45.3186],[-97.0417,45.3189],[-97.0415,45.3296],[-97.0314,45.3296],[-97.0312,45.3332],[-97.0212,45.3331]]],[[[-96.7398,45.4037],[-96.7398,45.4023],[-96.7449,45.4023],[-96.7449,45.4037],[-96.7398,45.4037]]],[[[-96.7141,45.406],[-96.7141,45.3988],[-96.7192,45.3988],[-96.7191,45.406],[-96.7141,45.406]]],[[[-96.7448,45.4096],[-96.7449,45.4083],[-96.7479,45.4083],[-96.7479,45.4096],[-96.7499,45.4096],[-96.7499,45.4132],[-96.7397,45.4132],[-96.7397,45.4096],[-96.7448,45.4096]]],[[[-96.8114,45.4438],[-96.8114,45.442],[-96.8157,45.442],[-96.8157,45.4398],[-96.8218,45.4398],[-96.8218,45.4438],[-96.8114,45.4438]]],[[[-96.7654,45.4493],[-96.7656,45.4388],[-96.7706,45.4389],[-96.7704,45.4493],[-96.7654,45.4493]]],[[[-97.1493,45.5084],[-97.1496,45.5078],[-97.1498,45.5079],[-97.1497,45.5082],[-97.1499,45.5083],[-97.1509,45.5078],[-97.1518,45.5089],[-97.1526,45.5093],[-97.1528,45.5097],[-97.1526,45.5099],[-97.1529,45.511],[-97.1523,45.5112],[-97.1516,45.5109],[-97.1503,45.5096],[-97.1495,45.5093],[-97.1495,45.5087],[-97.1493,45.5084]]],[[[-97.165,45.5178],[-97.1648,45.5179],[-97.1611,45.5179],[-97.1608,45.5174],[-97.1593,45.5168],[-97.1586,45.5158],[-97.1582,45.5156],[-97.1573,45.516],[-97.1566,45.5171],[-97.1567,45.5177],[-97.1574,45.5179],[-97.1583,45.5176],[-97.1591,45.5179],[-97.1601,45.5179],[-97.1606,45.5182],[-97.16,45.5183],[-97.1598,45.5189],[-97.1543,45.5189],[-97.1544,45.5153],[-97.1561,45.5153],[-97.1558,45.5156],[-97.1563,45.5161],[-97.1594,45.5152],[-97.1577,45.5138],[-97.1578,45.5133],[-97.1574,45.5128],[-97.1562,45.5128],[-97.1553,45.5135],[-97.1547,45.5135],[-97.1545,45.5128],[-97.1547,45.5119],[-97.1544,45.5112],[-97.155,45.5105],[-97.1548,45.5103],[-97.1555,45.5091],[-97.1543,45.5087],[-97.1537,45.5082],[-97.1536,45.5079],[-97.1599,45.5079],[-97.16,45.5006],[-97.178,45.5006],[-97.1778,45.5097],[-97.1701,45.5097],[-97.17,45.5108],[-97.168,45.5129],[-97.165,45.5129],[-97.165,45.5178]]],[[[-97.165,45.5178],[-97.165,45.5151],[-97.1753,45.5151],[-97.1754,45.5188],[-97.1738,45.5188],[-97.1737,45.5185],[-97.1696,45.5173],[-97.1678,45.5186],[-97.165,45.5178]]],[[[-97.1611,45.5189],[-97.161,45.5186],[-97.1614,45.5183],[-97.1628,45.5186],[-97.164,45.5184],[-97.1649,45.5189],[-97.1658,45.5186],[-97.1659,45.5191],[-97.1665,45.5198],[-97.1651,45.5203],[-97.1648,45.5207],[-97.1647,45.519],[-97.1611,45.5189]]],[[[-97.1647,45.5261],[-97.1648,45.5226],[-97.1651,45.524],[-97.1659,45.525],[-97.1675,45.5256],[-97.1698,45.5255],[-97.1699,45.5261],[-97.1647,45.5261]]],[[[-96.9994,45.5948],[-96.9994,45.5946],[-97.0045,45.5946],[-97.0045,45.5986],[-97.0009,45.5986],[-97.0009,45.5948],[-96.9994,45.5948]]],[[[-97.2172,45.6741],[-97.2171,45.6667],[-97.2123,45.6668],[-97.2118,45.6596],[-97.2169,45.6595],[-97.2171,45.6632],[-97.2222,45.6631],[-97.2221,45.6595],[-97.2272,45.6595],[-97.2271,45.6667],[-97.2274,45.674],[-97.2172,45.6741]]],[[[-97.2223,45.6814],[-97.2272,45.6813],[-97.2272,45.6838],[-97.2264,45.6845],[-97.2264,45.6849],[-97.2273,45.6858],[-97.2272,45.6886],[-97.2223,45.6887],[-97.2223,45.6814]]],[[[-97.2221,45.6995],[-97.2224,45.6995],[-97.2224,45.7031],[-97.2019,45.7035],[-97.2016,45.7003],[-97.2221,45.6995]]],[[[-96.9474,45.7468],[-96.9474,45.7396],[-96.9476,45.7396],[-96.9476,45.736],[-96.9528,45.736],[-96.9528,45.7323],[-96.9553,45.7323],[-96.9554,45.7396],[-96.9579,45.7396],[-96.958,45.7433],[-96.9528,45.7433],[-96.9528,45.7396],[-96.9513,45.7396],[-96.9513,45.7404],[-96.9507,45.7404],[-96.9508,45.7469],[-96.9474,45.7468]]],[[[-96.9476,45.7591],[-96.9425,45.7592],[-96.9424,45.7561],[-96.9477,45.7561],[-96.9478,45.7614],[-96.9477,45.7614],[-96.9476,45.7591]]],[[[-96.9826,45.7636],[-96.9817,45.7636],[-96.9817,45.7615],[-96.9896,45.7614],[-96.9896,45.7643],[-96.9929,45.7643],[-96.9929,45.7691],[-96.9896,45.7692],[-96.9896,45.7688],[-96.9854,45.7688],[-96.9853,45.7659],[-96.9829,45.7658],[-96.9826,45.7636]]],[[[-96.9428,45.7797],[-96.9428,45.776],[-96.9481,45.776],[-96.9481,45.7797],[-96.9428,45.7797]]],[[[-96.922,45.7866],[-96.9218,45.783],[-96.9373,45.7832],[-96.9376,45.7868],[-96.922,45.7866]]],[[[-96.988,45.7957],[-96.988,45.7906],[-96.9899,45.7906],[-96.9899,45.791],[-96.9922,45.792],[-96.9922,45.7924],[-96.993,45.7937],[-96.9931,45.7956],[-96.988,45.7957]]],[[[-96.9747,45.8024],[-96.9747,45.8003],[-96.9793,45.8004],[-96.9794,45.805],[-96.9768,45.805],[-96.9769,45.8025],[-96.9747,45.8024]]],[[[-96.9654,45.8043],[-96.9659,45.8041],[-96.9674,45.8042],[-96.9704,45.804],[-96.9723,45.8044],[-96.9736,45.8051],[-96.9752,45.8052],[-96.9752,45.8079],[-96.9692,45.8079],[-96.9693,45.8074],[-96.9641,45.8072],[-96.9641,45.8049],[-96.9654,45.8043]]],[[[-97.0835,45.8266],[-97.0833,45.8194],[-97.09,45.8193],[-97.0901,45.8239],[-97.0857,45.8239],[-97.0858,45.8266],[-97.0835,45.8266]]],[[[-97.1037,45.8337],[-97.1036,45.8301],[-97.1093,45.8302],[-97.1093,45.8337],[-97.1037,45.8337]]],[[[-96.907,45.8488],[-96.9121,45.8488],[-96.907,45.8489],[-96.907,45.8488]]],[[[-97.0382,45.8541],[-97.037,45.8541],[-97.0367,45.8487],[-97.0421,45.8488],[-97.0422,45.8543],[-97.0382,45.8541]]],[[[-96.9071,45.8524],[-96.9071,45.849],[-96.9121,45.8489],[-96.9124,45.8557],[-96.9072,45.8558],[-96.9071,45.8524]]],[[[-96.9305,45.8557],[-96.9304,45.8542],[-96.9265,45.8542],[-96.9264,45.8487],[-96.9354,45.8487],[-96.9356,45.8541],[-96.9382,45.8541],[-96.9382,45.8554],[-96.9305,45.8557]]],[[[-96.9071,45.8778],[-96.9071,45.8706],[-96.9174,45.8706],[-96.9175,45.8776],[-96.9071,45.8778]]],[[[-96.9385,45.8728],[-96.9384,45.8704],[-96.9332,45.8704],[-96.933,45.8632],[-96.9538,45.863],[-96.9538,45.8703],[-96.9489,45.8704],[-96.949,45.8777],[-96.9385,45.8776],[-96.9385,45.8728]]],[[[-97.1599,45.8922],[-97.1597,45.8849],[-97.1702,45.8849],[-97.1703,45.8813],[-97.1756,45.8813],[-97.1758,45.8922],[-97.1599,45.8922]]],[[[-97.0944,45.9013],[-97.0944,45.8994],[-97.1039,45.8994],[-97.1039,45.9012],[-97.0944,45.9013]]],[[[-96.9697,45.9031],[-96.9697,45.8996],[-96.9794,45.8996],[-96.9794,45.9066],[-96.9698,45.9066],[-96.9697,45.9031]]],[[[-97.0927,45.9079],[-97.0927,45.9065],[-97.0943,45.9065],[-97.0943,45.9038],[-97.0969,45.9038],[-97.0971,45.9079],[-97.0927,45.9079]]],[[[-97.0126,45.9239],[-97.0126,45.9212],[-97.0195,45.9212],[-97.0195,45.9239],[-97.0126,45.9239]]],[[[-96.9254,45.9285],[-96.9255,45.9248],[-96.9307,45.9249],[-96.9306,45.9212],[-96.9358,45.9212],[-96.9358,45.9284],[-96.9254,45.9285]]],[[[-96.9633,45.9296],[-96.9625,45.9296],[-96.9625,45.9282],[-96.9567,45.9282],[-96.9567,45.927],[-96.9585,45.927],[-96.9585,45.9257],[-96.9671,45.926],[-96.9671,45.9243],[-96.97,45.9243],[-96.97,45.9269],[-96.9682,45.9269],[-96.9682,45.9285],[-96.9671,45.9285],[-96.9671,45.93],[-96.9724,45.93],[-96.9724,45.9321],[-96.9638,45.9322],[-96.9633,45.9296]]],[[[-97.0484,45.9354],[-97.0484,45.9343],[-97.0509,45.9343],[-97.0509,45.9328],[-97.0495,45.9328],[-97.0495,45.9321],[-97.0458,45.9321],[-97.0458,45.9285],[-97.051,45.9284],[-97.051,45.9354],[-97.0484,45.9354]]]]},"properties":{"id":"usgs-pad-us-fee-managers:4247","name":"Roberts County Waterfowl Production Area","kind":"land","category":"public-land","sourceCategory":"public-land","sourceId":"usgs-pad-us-fee-managers","sourceUrl":"https://services.arcgis.com/v01gqwM5QqNysAAi/arcgis/rest/services/Fee_Managers_PADUS/FeatureServer/0","sourceUpdated":"2021-01-28T05:00:00.000Z","publicUse":"PAD-US reports restricted access; confirm permits and seasonal rules with the manager.","unit":"FWS","origin":"public-catalog"}},{"type":"Feature","id":"usgs-pad-us-fee-managers:4279","geometry":{"type":"MultiPolygon","coordinates":[[[[-98.2414,43.9382],[-98.2415,43.9292],[-98.2427,43.9292],[-98.2427,43.9311],[-98.2445,43.9311],[-98.2444,43.9382],[-98.2414,43.9382]]],[[[-97.8497,44.1833],[-97.8523,44.1833],[-97.8521,44.1905],[-97.8495,44.1905],[-97.8497,44.1833]]]]},"properties":{"id":"usgs-pad-us-fee-managers:4279","name":"Sanborn County Waterfowl Production Area","kind":"land","category":"public-land","sourceCategory":"public-land","sourceId":"usgs-pad-us-fee-managers","sourceUrl":"https://services.arcgis.com/v01gqwM5QqNysAAi/arcgis/rest/services/Fee_Managers_PADUS/FeatureServer/0","sourceUpdated":"2021-01-28T05:00:00.000Z","publicUse":"PAD-US reports restricted access; confirm permits and seasonal rules with the manager.","unit":"FWS","origin":"public-catalog"}},{"type":"Feature","id":"usgs-pad-us-fee-managers:4281","geometry":{"type":"Polygon","coordinates":[[[-98.1728,45.8899],[-98.1716,45.8897],[-98.1705,45.89],[-98.17,45.8904],[-98.1698,45.8909],[-98.1707,45.892],[-98.1703,45.8927],[-98.1703,45.8931],[-98.1654,45.893],[-98.1655,45.8858],[-98.1758,45.8858],[-98.1758,45.8786],[-98.1862,45.8786],[-98.1864,45.8423],[-98.1968,45.8424],[-98.1971,45.8352],[-98.197,45.8063],[-98.2073,45.8063],[-98.2072,45.7918],[-98.2125,45.7918],[-98.2123,45.7773],[-98.2175,45.7773],[-98.2176,45.77],[-98.2281,45.7699],[-98.228,45.7664],[-98.2332,45.7663],[-98.2332,45.7628],[-98.2385,45.7628],[-98.2387,45.7519],[-98.236,45.7519],[-98.236,45.7447],[-98.2385,45.7446],[-98.2384,45.7354],[-98.2408,45.7354],[-98.2409,45.7301],[-98.2385,45.7301],[-98.2385,45.7192],[-98.2407,45.7192],[-98.2422,45.7174],[-98.2488,45.7175],[-98.2489,45.7048],[-98.2697,45.7049],[-98.2696,45.7092],[-98.28,45.7092],[-98.2801,45.7049],[-98.2902,45.7048],[-98.2903,45.6904],[-98.2954,45.6904],[-98.2954,45.6832],[-98.2944,45.6832],[-98.2943,45.6796],[-98.2921,45.6781],[-98.2903,45.6781],[-98.2903,45.676],[-98.3005,45.6759],[-98.3005,45.6706],[-98.2901,45.6706],[-98.2902,45.6613],[-98.3108,45.6614],[-98.3107,45.6726],[-98.3077,45.6726],[-98.3071,45.674],[-98.3055,45.676],[-98.3055,45.6809],[-98.308,45.6831],[-98.3094,45.6832],[-98.3096,45.6869],[-98.3109,45.6869],[-98.3108,45.7339],[-98.2889,45.7338],[-98.2899,45.7333],[-98.293,45.7329],[-98.2937,45.7324],[-98.2936,45.7316],[-98.2937,45.7307],[-98.2942,45.7299],[-98.2936,45.7296],[-98.2937,45.7291],[-98.2946,45.7282],[-98.2986,45.7265],[-98.2992,45.7255],[-98.3008,45.7238],[-98.3035,45.7215],[-98.3043,45.7215],[-98.3058,45.7221],[-98.3074,45.7218],[-98.3087,45.7212],[-98.3097,45.7203],[-98.3102,45.7175],[-98.3101,45.7161],[-98.3093,45.7152],[-98.3079,45.7128],[-98.308,45.712],[-98.3085,45.7118],[-98.3085,45.7106],[-98.3079,45.71],[-98.308,45.7095],[-98.3086,45.709],[-98.3085,45.7084],[-98.3072,45.7068],[-98.3073,45.7063],[-98.3079,45.7062],[-98.3083,45.7057],[-98.308,45.705],[-98.3072,45.7043],[-98.3051,45.7032],[-98.2981,45.7049],[-98.2976,45.7055],[-98.2975,45.7066],[-98.2967,45.707],[-98.2964,45.7081],[-98.2959,45.7083],[-98.2959,45.7087],[-98.2948,45.7098],[-98.2944,45.71],[-98.2937,45.7109],[-98.29,45.7135],[-98.29,45.7139],[-98.2874,45.7149],[-98.2874,45.7156],[-98.2863,45.7162],[-98.2854,45.7172],[-98.2836,45.7177],[-98.2832,45.7183],[-98.2816,45.7193],[-98.2768,45.722],[-98.2746,45.7226],[-98.273,45.7228],[-98.2719,45.7219],[-98.2711,45.7193],[-98.2695,45.7186],[-98.2685,45.7178],[-98.2655,45.717],[-98.2655,45.7174],[-98.2661,45.7178],[-98.2657,45.7189],[-98.2642,45.7202],[-98.2622,45.7209],[-98.2597,45.7198],[-98.26,45.7204],[-98.2618,45.7215],[-98.2652,45.7231],[-98.2652,45.7269],[-98.2694,45.7276],[-98.2762,45.7276],[-98.2803,45.7252],[-98.282,45.7247],[-98.283,45.7248],[-98.283,45.7253],[-98.282,45.7278],[-98.2806,45.7302],[-98.2797,45.7325],[-98.2802,45.733],[-98.2823,45.7327],[-98.2842,45.7327],[-98.2849,45.7331],[-98.2849,45.7384],[-98.2808,45.7384],[-98.2784,45.7401],[-98.2784,45.7446],[-98.277,45.7446],[-98.2769,45.7483],[-98.2798,45.7483],[-98.2797,45.7593],[-98.2784,45.7593],[-98.2783,45.7629],[-98.2795,45.7629],[-98.2795,45.77],[-98.2747,45.7702],[-98.2729,45.771],[-98.2719,45.7726],[-98.2711,45.7749],[-98.271,45.7828],[-98.2693,45.7828],[-98.2693,45.7873],[-98.2642,45.7873],[-98.2643,45.7946],[-98.2616,45.7947],[-98.2616,45.7963],[-98.2578,45.7964],[-98.2579,45.7991],[-98.2648,45.7991],[-98.2649,45.8137],[-98.2602,45.8135],[-98.2603,45.8064],[-98.2578,45.8064],[-98.2578,45.8135],[-98.2486,45.8134],[-98.2482,45.8208],[-98.2382,45.8206],[-98.2383,45.8279],[-98.2344,45.828],[-98.2345,45.8351],[-98.2383,45.8352],[-98.2384,45.8497],[-98.228,45.8496],[-98.228,45.8581],[-98.2262,45.8581],[-98.2261,45.8639],[-98.2224,45.8639],[-98.2224,45.8713],[-98.2173,45.8713],[-98.2171,45.8822],[-98.2068,45.8822],[-98.2069,45.8903],[-98.1774,45.8903],[-98.1782,45.8899],[-98.1799,45.8894],[-98.181,45.8886],[-98.1815,45.8871],[-98.181,45.8851],[-98.1816,45.8844],[-98.1831,45.8839],[-98.1842,45.8838],[-98.1858,45.8842],[-98.1869,45.8841],[-98.1876,45.8837],[-98.188,45.8831],[-98.1882,45.881],[-98.1893,45.8799],[-98.1934,45.8782],[-98.1988,45.8778],[-98.2013,45.8769],[-98.2034,45.8743],[-98.2041,45.874],[-98.2046,45.8734],[-98.2048,45.8725],[-98.2044,45.872],[-98.2039,45.8695],[-98.2049,45.8686],[-98.2067,45.8677],[-98.2069,45.8671],[-98.2094,45.866],[-98.2119,45.8633],[-98.2155,45.862],[-98.2156,45.8615],[-98.215,45.8605],[-98.2142,45.8601],[-98.2138,45.8597],[-98.2138,45.8594],[-98.2142,45.8589],[-98.2169,45.8591],[-98.2185,45.8586],[-98.2185,45.8576],[-98.2154,45.854],[-98.2169,45.8508],[-98.2171,45.8501],[-98.2162,45.8476],[-98.2152,45.8463],[-98.2137,45.8448],[-98.2132,45.8445],[-98.2132,45.8431],[-98.2172,45.8409],[-98.2209,45.8396],[-98.2245,45.8376],[-98.226,45.8371],[-98.228,45.8368],[-98.228,45.8363],[-98.2259,45.8365],[-98.2235,45.8375],[-98.2207,45.8391],[-98.2168,45.8406],[-98.2126,45.843],[-98.2128,45.8446],[-98.2152,45.8475],[-98.2159,45.8495],[-98.2161,45.8509],[-98.2146,45.8534],[-98.2145,45.8539],[-98.2157,45.8556],[-98.2164,45.8559],[-98.2168,45.8571],[-98.2175,45.8575],[-98.2174,45.8578],[-98.2171,45.8582],[-98.214,45.8583],[-98.2136,45.8585],[-98.2131,45.8596],[-98.2137,45.8606],[-98.2143,45.861],[-98.2141,45.8614],[-98.2108,45.8626],[-98.2097,45.8634],[-98.2091,45.8646],[-98.2083,45.8648],[-98.2049,45.867],[-98.2027,45.869],[-98.2031,45.8711],[-98.2036,45.8721],[-98.2044,45.8728],[-98.2043,45.8731],[-98.2041,45.8736],[-98.2026,45.8744],[-98.2016,45.8762],[-98.2,45.8771],[-98.1982,45.8775],[-98.1932,45.8778],[-98.1897,45.8793],[-98.1881,45.8804],[-98.1876,45.8815],[-98.1874,45.8833],[-98.1865,45.8838],[-98.1836,45.8835],[-98.1825,45.8836],[-98.1805,45.8845],[-98.1805,45.8852],[-98.1811,45.8875],[-98.1808,45.8881],[-98.18,45.8889],[-98.1773,45.8899],[-98.1765,45.8908],[-98.1768,45.8914],[-98.1798,45.8923],[-98.18,45.8928],[-98.1798,45.8934],[-98.1789,45.8939],[-98.1774,45.894],[-98.1742,45.8905],[-98.1728,45.8899]],[[-98.2197,45.8077],[-98.2189,45.8063],[-98.2177,45.8063],[-98.2197,45.8086],[-98.2208,45.8095],[-98.2236,45.8106],[-98.2281,45.8112],[-98.2281,45.8107],[-98.2259,45.8104],[-98.2231,45.8097],[-98.2212,45.8088],[-98.2197,45.8077]],[[-98.2381,45.7918],[-98.2383,45.7845],[-98.2335,45.7845],[-98.2333,45.7918],[-98.2381,45.7918]]]},"properties":{"id":"usgs-pad-us-fee-managers:4281","name":"Sand Lake National Wildlife Refuge","kind":"land","category":"public-land","sourceCategory":"public-land","sourceId":"usgs-pad-us-fee-managers","sourceUrl":"https://services.arcgis.com/v01gqwM5QqNysAAi/arcgis/rest/services/Fee_Managers_PADUS/FeatureServer/0","sourceUpdated":"2021-01-28T05:00:00.000Z","publicUse":"PAD-US reports restricted access; confirm permits and seasonal rules with the manager.","unit":"FWS","origin":"public-catalog"}},{"type":"Feature","id":"usgs-pad-us-fee-managers:4322","geometry":{"type":"MultiPolygon","coordinates":[[[[-98.6509,44.7715],[-98.6509,44.7643],[-98.6662,44.7644],[-98.666,44.7861],[-98.6559,44.7861],[-98.6522,44.7788],[-98.6509,44.7788],[-98.6509,44.7715]]],[[[-98.5992,44.8908],[-98.5992,44.8872],[-98.6049,44.8872],[-98.605,44.8979],[-98.5999,44.8979],[-98.5999,44.8908],[-98.5992,44.8908]]],[[[-98.6148,44.9485],[-98.6147,44.9413],[-98.6249,44.9411],[-98.6249,44.9483],[-98.6148,44.9485]]],[[[-98.6495,45.1429],[-98.6495,45.138],[-98.6542,45.1379],[-98.6541,45.1412],[-98.6496,45.1413],[-98.6496,45.144],[-98.6495,45.1429]]],[[[-98.6668,45.1453],[-98.6669,45.151],[-98.6567,45.1512],[-98.6566,45.1478],[-98.6626,45.1476],[-98.6634,45.1454],[-98.6668,45.1453]]],[[[-98.6823,45.1546],[-98.6823,45.1526],[-98.6799,45.1521],[-98.6799,45.1508],[-98.6772,45.1508],[-98.6771,45.1436],[-98.682,45.1426],[-98.6848,45.1426],[-98.6873,45.1435],[-98.6899,45.1435],[-98.6899,45.1467],[-98.6874,45.1467],[-98.6874,45.1504],[-98.6891,45.1506],[-98.6891,45.1543],[-98.6823,45.1546]]],[[[-98.6873,45.1507],[-98.6869,45.1507],[-98.6868,45.1514],[-98.6873,45.1525],[-98.6868,45.1526],[-98.6864,45.1524],[-98.6856,45.1499],[-98.6846,45.1501],[-98.6836,45.1513],[-98.6831,45.1513],[-98.6831,45.151],[-98.6838,45.15],[-98.6833,45.1482],[-98.685,45.1437],[-98.6829,45.1435],[-98.6826,45.143],[-98.6819,45.143],[-98.6809,45.1436],[-98.6787,45.1441],[-98.6795,45.1451],[-98.6776,45.1462],[-98.6776,45.148],[-98.6782,45.1486],[-98.6794,45.1489],[-98.6798,45.1482],[-98.6806,45.1483],[-98.6812,45.1491],[-98.6808,45.1502],[-98.6813,45.1508],[-98.6807,45.1516],[-98.6811,45.1521],[-98.6823,45.1519],[-98.683,45.154],[-98.6842,45.1543],[-98.6881,45.1533],[-98.6882,45.152],[-98.6889,45.1512],[-98.6885,45.1507],[-98.6873,45.1507]]],[[[-97.9919,45.1605],[-97.9919,45.1534],[-98.0022,45.1535],[-98.0021,45.1679],[-97.997,45.1679],[-97.997,45.1643],[-97.9962,45.1643],[-97.9963,45.1605],[-97.9919,45.1605]]],[[[-98.681,45.1912],[-98.681,45.1872],[-98.6854,45.1872],[-98.6853,45.1835],[-98.6906,45.1833],[-98.6907,45.1871],[-98.6894,45.1871],[-98.6894,45.1877],[-98.6885,45.1889],[-98.6883,45.1897],[-98.6877,45.1899],[-98.6877,45.1902],[-98.6856,45.191],[-98.6836,45.1914],[-98.6836,45.1912],[-98.681,45.1912]]],[[[-98.54,45.1948],[-98.5401,45.1876],[-98.5443,45.1876],[-98.5444,45.1695],[-98.5547,45.1696],[-98.5545,45.2022],[-98.5476,45.2022],[-98.5476,45.1949],[-98.54,45.1948]]],[[[-98.5956,45.2389],[-98.5956,45.2317],[-98.6059,45.2317],[-98.606,45.2335],[-98.6036,45.2335],[-98.6017,45.2364],[-98.6011,45.2368],[-98.601,45.2389],[-98.5956,45.2389]]]]},"properties":{"id":"usgs-pad-us-fee-managers:4322","name":"Spink County Waterfowl Production Area","kind":"land","category":"public-land","sourceCategory":"public-land","sourceId":"usgs-pad-us-fee-managers","sourceUrl":"https://services.arcgis.com/v01gqwM5QqNysAAi/arcgis/rest/services/Fee_Managers_PADUS/FeatureServer/0","sourceUpdated":"2021-01-28T05:00:00.000Z","publicUse":"PAD-US reports restricted access; confirm permits and seasonal rules with the manager.","unit":"FWS","origin":"public-catalog"}},{"type":"Feature","id":"usgs-pad-us-fee-managers:4344","geometry":{"type":"Polygon","coordinates":[[[-99.7761,44.8708],[-99.7761,44.8673],[-99.7842,44.8674],[-99.7863,44.8659],[-99.7863,44.8638],[-99.7944,44.8638],[-99.7969,44.8621],[-99.7969,44.8657],[-99.7943,44.8675],[-99.7914,44.8674],[-99.7863,44.871],[-99.7862,44.8746],[-99.7761,44.8745],[-99.7761,44.8708]]]},"properties":{"id":"usgs-pad-us-fee-managers:4344","name":"Sully County Waterfowl Production Area","kind":"land","category":"public-land","sourceCategory":"public-land","sourceId":"usgs-pad-us-fee-managers","sourceUrl":"https://services.arcgis.com/v01gqwM5QqNysAAi/arcgis/rest/services/Fee_Managers_PADUS/FeatureServer/0","sourceUpdated":"2021-01-28T05:00:00.000Z","publicUse":"PAD-US reports restricted access; confirm permits and seasonal rules with the manager.","unit":"FWS","origin":"public-catalog"}},{"type":"Feature","id":"usgs-pad-us-fee-managers:4393","geometry":{"type":"MultiPolygon","coordinates":[[[[-97.0332,43.2319],[-97.0332,43.2281],[-97.0424,43.2284],[-97.0424,43.2356],[-97.0332,43.2356],[-97.0332,43.2319]]],[[[-97.241,43.3865],[-97.2409,43.3792],[-97.2459,43.3793],[-97.246,43.3865],[-97.241,43.3865]]],[[[-97.241,43.3865],[-97.2408,43.3902],[-97.2359,43.3902],[-97.2358,43.3939],[-97.2309,43.3939],[-97.231,43.3902],[-97.2211,43.3902],[-97.2212,43.3866],[-97.2194,43.3866],[-97.2193,43.383],[-97.227,43.383],[-97.2271,43.3866],[-97.241,43.3865]]],[[[-97.1899,43.4503],[-97.1899,43.4448],[-97.2014,43.4448],[-97.2015,43.4665],[-97.1916,43.4666],[-97.1915,43.4503],[-97.1899,43.4503]]]]},"properties":{"id":"usgs-pad-us-fee-managers:4393","name":"Turner County Waterfowl Production Area","kind":"land","category":"public-land","sourceCategory":"public-land","sourceId":"usgs-pad-us-fee-managers","sourceUrl":"https://services.arcgis.com/v01gqwM5QqNysAAi/arcgis/rest/services/Fee_Managers_PADUS/FeatureServer/0","sourceUpdated":"2021-01-28T05:00:00.000Z","publicUse":"PAD-US reports restricted access; confirm permits and seasonal rules with the manager.","unit":"FWS","origin":"public-catalog"}},{"type":"Feature","id":"usgs-pad-us-fee-managers:4401","geometry":{"type":"Polygon","coordinates":[[[-96.7725,42.7354],[-96.7727,42.7312],[-96.7763,42.7312],[-96.7762,42.7354],[-96.7769,42.7354],[-96.7798,42.739],[-96.7812,42.739],[-96.7812,42.7436],[-96.7802,42.7436],[-96.7802,42.7426],[-96.7762,42.7426],[-96.7762,42.7368],[-96.7748,42.7354],[-96.7725,42.7354]]]},"properties":{"id":"usgs-pad-us-fee-managers:4401","name":"Union County Waterfowl Production Area","kind":"land","category":"public-land","sourceCategory":"public-land","sourceId":"usgs-pad-us-fee-managers","sourceUrl":"https://services.arcgis.com/v01gqwM5QqNysAAi/arcgis/rest/services/Fee_Managers_PADUS/FeatureServer/0","sourceUpdated":"2021-01-28T05:00:00.000Z","publicUse":"PAD-US reports restricted access; confirm permits and seasonal rules with the manager.","unit":"FWS","origin":"public-catalog"}},{"type":"Feature","id":"usgs-pad-us-fee-managers:4425","geometry":{"type":"MultiPolygon","coordinates":[[[[-99.8887,45.3258],[-99.8888,45.3121],[-99.8922,45.3101],[-99.8944,45.308],[-99.902,45.308],[-99.902,45.3116],[-99.9033,45.3116],[-99.9033,45.3153],[-99.9065,45.3153],[-99.9065,45.3189],[-99.911,45.3189],[-99.911,45.3157],[-99.9142,45.3157],[-99.9142,45.3262],[-99.8887,45.3261],[-99.8887,45.3258]]],[[[-99.8213,45.4274],[-99.8213,45.4203],[-99.8296,45.4203],[-99.8296,45.423],[-99.8308,45.423],[-99.8309,45.4248],[-99.8321,45.4248],[-99.8321,45.4348],[-99.8424,45.4349],[-99.8425,45.4421],[-99.8477,45.4421],[-99.8477,45.4458],[-99.8528,45.4458],[-99.8528,45.4494],[-99.8323,45.4493],[-99.8322,45.4385],[-99.827,45.4385],[-99.827,45.4312],[-99.8214,45.4311],[-99.8213,45.4274]]],[[[-99.8161,45.5363],[-99.816,45.529],[-99.8212,45.5291],[-99.8212,45.5364],[-99.8161,45.5363]]]]},"properties":{"id":"usgs-pad-us-fee-managers:4425","name":"Walworth County Waterfowl Production Area","kind":"land","category":"public-land","sourceCategory":"public-land","sourceId":"usgs-pad-us-fee-managers","sourceUrl":"https://services.arcgis.com/v01gqwM5QqNysAAi/arcgis/rest/services/Fee_Managers_PADUS/FeatureServer/0","sourceUpdated":"2021-01-28T05:00:00.000Z","publicUse":"PAD-US reports restricted access; confirm permits and seasonal rules with the manager.","unit":"FWS","origin":"public-catalog"}},{"type":"Feature","id":"usgs-pad-us-fee-managers:4437","geometry":{"type":"Polygon","coordinates":[[[-97.2992,45.4342],[-97.2991,45.4326],[-97.2985,45.432],[-97.2977,45.4316],[-97.3042,45.4315],[-97.304,45.4133],[-97.3091,45.4132],[-97.3091,45.4097],[-97.3142,45.4096],[-97.3143,45.4061],[-97.3177,45.4061],[-97.3167,45.4025],[-97.3352,45.4025],[-97.3352,45.3988],[-97.3455,45.3988],[-97.3455,45.4024],[-97.3507,45.4024],[-97.3507,45.3988],[-97.366,45.3987],[-97.366,45.4142],[-97.3612,45.4155],[-97.3595,45.415],[-97.3544,45.4198],[-97.3544,45.4207],[-97.3578,45.4222],[-97.3649,45.4214],[-97.3648,45.4191],[-97.3631,45.4175],[-97.3609,45.418],[-97.3607,45.4175],[-97.3623,45.4168],[-97.366,45.4165],[-97.3699,45.4184],[-97.3711,45.4201],[-97.3684,45.4203],[-97.3682,45.4218],[-97.3711,45.4231],[-97.371,45.424],[-97.366,45.4243],[-97.3643,45.4254],[-97.363,45.4297],[-97.361,45.4322],[-97.363,45.4342],[-97.3598,45.4347],[-97.3575,45.433],[-97.3527,45.4354],[-97.3509,45.4382],[-97.352,45.4407],[-97.3531,45.4421],[-97.3525,45.4425],[-97.3401,45.4424],[-97.34,45.4387],[-97.3276,45.4387],[-97.3276,45.4384],[-97.3089,45.4385],[-97.3089,45.435],[-97.2992,45.435],[-97.2992,45.4342]]]},"properties":{"id":"usgs-pad-us-fee-managers:4437","name":"Waubay National Wildlife Refuge","kind":"land","category":"public-land","sourceCategory":"public-land","sourceId":"usgs-pad-us-fee-managers","sourceUrl":"https://services.arcgis.com/v01gqwM5QqNysAAi/arcgis/rest/services/Fee_Managers_PADUS/FeatureServer/0","sourceUpdated":"2021-01-28T05:00:00.000Z","publicUse":"PAD-US reports restricted access; confirm permits and seasonal rules with the manager.","unit":"FWS","origin":"public-catalog"}},{"type":"Feature","id":"usgs-pad-us-fee-managers:4465","geometry":{"type":"MultiPolygon","coordinates":[[[[-97.5176,43.0587],[-97.5175,43.0534],[-97.5186,43.0534],[-97.52,43.0554],[-97.5204,43.0563],[-97.5202,43.0571],[-97.5176,43.0587]]],[[[-97.2939,43.1551],[-97.294,43.146],[-97.2984,43.146],[-97.2984,43.155],[-97.2939,43.1551]]],[[[-97.3876,43.1584],[-97.3876,43.1549],[-97.399,43.1549],[-97.3991,43.1621],[-97.3876,43.1621],[-97.3876,43.1584]]]]},"properties":{"id":"usgs-pad-us-fee-managers:4465","name":"Yankton County Waterfowl Production Area","kind":"land","category":"public-land","sourceCategory":"public-land","sourceId":"usgs-pad-us-fee-managers","sourceUrl":"https://services.arcgis.com/v01gqwM5QqNysAAi/arcgis/rest/services/Fee_Managers_PADUS/FeatureServer/0","sourceUpdated":"2021-01-28T05:00:00.000Z","publicUse":"PAD-US reports restricted access; confirm permits and seasonal rules with the manager.","unit":"FWS","origin":"public-catalog"}},{"type":"Feature","id":"usgs-pad-us-fee-managers:4502","geometry":{"type":"MultiPolygon","coordinates":[[[[-98.7042,43.5788],[-98.7046,43.5716],[-98.7145,43.5715],[-98.714,43.5788],[-98.7042,43.5788]]],[[[-98.5179,43.6576],[-98.5179,43.6504],[-98.527,43.6505],[-98.5271,43.6579],[-98.5179,43.6578],[-98.5179,43.6576]]],[[[-98.536,43.6468],[-98.5359,43.6433],[-98.5545,43.643],[-98.5541,43.6576],[-98.5364,43.6579],[-98.536,43.6468]]],[[[-98.594,43.6566],[-98.5941,43.6499],[-98.5995,43.65],[-98.5995,43.6533],[-98.6028,43.6534],[-98.6029,43.657],[-98.594,43.6568],[-98.594,43.6566]]],[[[-98.5544,43.6502],[-98.5545,43.643],[-98.5606,43.6429],[-98.5606,43.6393],[-98.573,43.6392],[-98.573,43.6398],[-98.5738,43.6398],[-98.5738,43.6391],[-98.5793,43.6391],[-98.5793,43.6427],[-98.5842,43.6426],[-98.5841,43.6499],[-98.5743,43.6503],[-98.5742,43.6576],[-98.5638,43.6576],[-98.5641,43.6503],[-98.5544,43.6502]]],[[[-98.6445,43.6651],[-98.6447,43.6579],[-98.6548,43.6579],[-98.6545,43.6651],[-98.6445,43.6651]]],[[[-98.6238,43.688],[-98.624,43.6795],[-98.6284,43.6795],[-98.6284,43.6828],[-98.6297,43.6828],[-98.6296,43.6868],[-98.6339,43.6868],[-98.6291,43.6868],[-98.6292,43.688],[-98.6238,43.688]]],[[[-98.5741,43.6757],[-98.574,43.6722],[-98.594,43.6722],[-98.5943,43.6905],[-98.5744,43.6906],[-98.5741,43.6757]]],[[[-98.4464,43.7045],[-98.4463,43.7018],[-98.4491,43.7013],[-98.451,43.7018],[-98.4509,43.6996],[-98.4537,43.6996],[-98.4538,43.7044],[-98.4464,43.7045]]],[[[-98.6548,43.7054],[-98.6546,43.7015],[-98.6648,43.7015],[-98.6649,43.7084],[-98.6553,43.7084],[-98.6551,43.7057],[-98.6548,43.7054]]],[[[-98.7443,43.7299],[-98.7444,43.727],[-98.7471,43.727],[-98.7472,43.7279],[-98.7494,43.728],[-98.7494,43.7303],[-98.7443,43.7299]]],[[[-98.7443,43.7306],[-98.7443,43.7306],[-98.7451,43.7306],[-98.7443,43.7306]]],[[[-98.6251,43.7305],[-98.6351,43.7303],[-98.6354,43.7376],[-98.6253,43.7377],[-98.6251,43.7305]]],[[[-98.634,43.7451],[-98.6353,43.745],[-98.6352,43.7413],[-98.6453,43.7413],[-98.6457,43.7523],[-98.6352,43.7523],[-98.6352,43.7487],[-98.634,43.7487],[-98.634,43.7451]]],[[[-98.7195,43.7959],[-98.7196,43.7888],[-98.7146,43.7887],[-98.7146,43.7815],[-98.7246,43.7816],[-98.7247,43.7743],[-98.7296,43.7743],[-98.7295,43.778],[-98.7348,43.7781],[-98.7348,43.7817],[-98.7544,43.7819],[-98.7544,43.7891],[-98.7532,43.7891],[-98.7538,43.7885],[-98.7538,43.7879],[-98.7534,43.788],[-98.7536,43.7875],[-98.7532,43.7874],[-98.7531,43.788],[-98.7524,43.788],[-98.7524,43.787],[-98.7521,43.7868],[-98.7513,43.7852],[-98.7515,43.7848],[-98.7502,43.7841],[-98.7491,43.7839],[-98.7462,43.784],[-98.7417,43.7844],[-98.7374,43.7854],[-98.7316,43.7877],[-98.7289,43.7899],[-98.7273,43.7918],[-98.7255,43.7946],[-98.7218,43.7945],[-98.7218,43.7959],[-98.7195,43.7959]]],[[[-98.6558,43.8108],[-98.6558,43.8099],[-98.6455,43.8094],[-98.6452,43.7955],[-98.6554,43.7956],[-98.6556,43.8027],[-98.6659,43.8031],[-98.6659,43.8085],[-98.6634,43.8084],[-98.6634,43.8102],[-98.6609,43.8101],[-98.6609,43.811],[-98.6558,43.8108]]],[[[-98.4345,43.8571],[-98.4345,43.8499],[-98.4415,43.8498],[-98.4415,43.8643],[-98.4388,43.8644],[-98.4386,43.8615],[-98.4362,43.8615],[-98.4361,43.8571],[-98.4345,43.8571]]]]},"properties":{"id":"usgs-pad-us-fee-managers:4502","name":"Aurora County Waterfowl Production Area","kind":"land","category":"public-land","sourceCategory":"public-land","sourceId":"usgs-pad-us-fee-managers","sourceUrl":"https://services.arcgis.com/v01gqwM5QqNysAAi/arcgis/rest/services/Fee_Managers_PADUS/FeatureServer/0","sourceUpdated":"2021-12-08T05:00:00.000Z","publicUse":"PAD-US reports restricted access; confirm permits and seasonal rules with the manager.","unit":"FWS","origin":"public-catalog"}},{"type":"Feature","id":"usgs-pad-us-fee-managers:4518","geometry":{"type":"Polygon","coordinates":[[[-98.2343,44.2619],[-98.2343,44.2547],[-98.2546,44.2547],[-98.2546,44.2584],[-98.2445,44.2583],[-98.2445,44.262],[-98.2343,44.2619]]]},"properties":{"id":"usgs-pad-us-fee-managers:4518","name":"Beadle County Waterfowl Production Area","kind":"land","category":"public-land","sourceCategory":"public-land","sourceId":"usgs-pad-us-fee-managers","sourceUrl":"https://services.arcgis.com/v01gqwM5QqNysAAi/arcgis/rest/services/Fee_Managers_PADUS/FeatureServer/0","sourceUpdated":"2021-12-08T05:00:00.000Z","publicUse":"PAD-US reports restricted access; confirm permits and seasonal rules with the manager.","unit":"FWS","origin":"public-catalog"}},{"type":"Feature","id":"usgs-pad-us-fee-managers:4519","geometry":{"type":"MultiPolygon","coordinates":[[[[-97.8676,44.1986],[-97.8672,44.1952],[-97.8738,44.1952],[-97.8738,44.1988],[-97.8676,44.1988],[-97.8676,44.1986]]],[[[-98.034,44.2424],[-98.034,44.2388],[-98.0352,44.2388],[-98.0352,44.237],[-98.034,44.237],[-98.034,44.2316],[-98.0441,44.2317],[-98.0441,44.2246],[-98.0541,44.2246],[-98.0541,44.2353],[-98.049,44.2354],[-98.049,44.236],[-98.0478,44.2372],[-98.0481,44.239],[-98.0479,44.2425],[-98.0541,44.2425],[-98.0541,44.2463],[-98.0441,44.2462],[-98.0441,44.2425],[-98.034,44.2424]]],[[[-98.4117,44.2339],[-98.4117,44.233],[-98.4172,44.233],[-98.4173,44.2403],[-98.416,44.2403],[-98.4117,44.2339]]],[[[-98.4073,44.3126],[-98.4073,44.3054],[-98.4279,44.3054],[-98.4278,44.3155],[-98.4323,44.3184],[-98.4336,44.3199],[-98.4356,44.3199],[-98.4366,44.327],[-98.4279,44.327],[-98.4278,44.3199],[-98.4175,44.3199],[-98.4175,44.3126],[-98.4073,44.3126]]],[[[-98.4373,44.327],[-98.4364,44.3199],[-98.4382,44.3198],[-98.4382,44.327],[-98.4373,44.327]]],[[[-98.5595,44.3491],[-98.5595,44.3418],[-98.5696,44.3418],[-98.5698,44.349],[-98.5595,44.3491]]],[[[-98.3667,44.356],[-98.3617,44.356],[-98.3617,44.3488],[-98.3768,44.3488],[-98.3769,44.3507],[-98.372,44.3507],[-98.3721,44.3525],[-98.3668,44.3525],[-98.3667,44.356]]],[[[-98.3667,44.356],[-98.3973,44.356],[-98.3974,44.3632],[-98.3871,44.3633],[-98.3872,44.3707],[-98.4024,44.3707],[-98.4024,44.3724],[-98.4085,44.3724],[-98.4085,44.3729],[-98.4106,44.3729],[-98.4106,44.3717],[-98.4177,44.3717],[-98.4177,44.3779],[-98.4075,44.3779],[-98.4075,44.3852],[-98.3973,44.3852],[-98.3973,44.3904],[-98.377,44.3903],[-98.377,44.3778],[-98.3668,44.3778],[-98.3668,44.3725],[-98.3707,44.3725],[-98.3707,44.3707],[-98.3668,44.3707],[-98.3667,44.356]]],[[[-97.9337,44.3904],[-97.9337,44.3759],[-97.9538,44.376],[-97.9539,44.3977],[-97.9439,44.3977],[-97.9438,44.3904],[-97.9337,44.3904]]],[[[-98.6177,44.3984],[-98.619,44.3997],[-98.6198,44.3997],[-98.6198,44.4002],[-98.621,44.4011],[-98.6213,44.4023],[-98.6198,44.403],[-98.6198,44.4034],[-98.6136,44.4033],[-98.6135,44.3997],[-98.6165,44.3986],[-98.6177,44.3984]]],[[[-98.6367,44.4034],[-98.6368,44.3998],[-98.6402,44.3997],[-98.6402,44.4008],[-98.6415,44.402],[-98.6413,44.4035],[-98.6367,44.4034]]],[[[-98.4062,44.4053],[-98.4062,44.4033],[-98.4125,44.4033],[-98.4126,44.4069],[-98.4177,44.4069],[-98.4177,44.4105],[-98.4062,44.4105],[-98.4062,44.4053]]],[[[-98.3645,44.4212],[-98.3645,44.414],[-98.3772,44.414],[-98.3773,44.4285],[-98.3671,44.4285],[-98.367,44.4213],[-98.3645,44.4212]]],[[[-98.5794,44.4287],[-98.5793,44.4179],[-98.5844,44.4178],[-98.5844,44.4286],[-98.5794,44.4287]]],[[[-98.4583,44.4429],[-98.4583,44.436],[-98.4585,44.436],[-98.4595,44.4361],[-98.4643,44.4403],[-98.4654,44.4431],[-98.4583,44.4429]]],[[[-98.2956,44.5085],[-98.2956,44.5012],[-98.3058,44.5012],[-98.3056,44.5085],[-98.2956,44.5085]]],[[[-98.2652,44.5012],[-98.2754,44.5012],[-98.2753,44.5157],[-98.2651,44.5158],[-98.2652,44.5012]]],[[[-97.914,44.5351],[-97.9138,44.5134],[-97.9266,44.5134],[-97.9266,44.5207],[-97.924,44.5207],[-97.9241,44.5352],[-97.914,44.5351]]],[[[-98.2136,44.5372],[-98.2139,44.5264],[-98.2145,44.5263],[-98.2156,44.5282],[-98.2173,44.53],[-98.2169,44.53],[-98.2184,44.5316],[-98.2195,44.5332],[-98.2201,44.5351],[-98.2202,44.5373],[-98.2136,44.5372]]],[[[-98.218,44.5304],[-98.2176,44.53],[-98.2241,44.5301],[-98.2241,44.5374],[-98.2208,44.5373],[-98.2208,44.5356],[-98.2203,44.5337],[-98.2193,44.5319],[-98.218,44.5304]]],[[[-98.3896,44.5372],[-98.3897,44.5337],[-98.3923,44.5337],[-98.3923,44.534],[-98.3926,44.534],[-98.3926,44.5337],[-98.3948,44.5337],[-98.3947,44.5371],[-98.3972,44.5371],[-98.3971,44.5428],[-98.3908,44.5428],[-98.3908,44.5372],[-98.3896,44.5372]]],[[[-98.0314,44.5532],[-98.0242,44.5475],[-98.0232,44.5449],[-98.0226,44.5449],[-98.0258,44.5431],[-98.0273,44.5428],[-98.0288,44.5431],[-98.0324,44.5447],[-98.0324,44.5449],[-98.0345,44.5449],[-98.0345,44.548],[-98.035,44.548],[-98.035,44.5491],[-98.037,44.5507],[-98.037,44.5522],[-98.0365,44.5522],[-98.0361,44.5531],[-98.0314,44.5532]]],[[[-98.1607,44.5779],[-98.1607,44.5761],[-98.16,44.5761],[-98.1601,44.5743],[-98.1619,44.5743],[-98.1619,44.5754],[-98.1642,44.5759],[-98.1655,44.5759],[-98.1667,44.5765],[-98.1683,44.5768],[-98.1687,44.5765],[-98.1694,44.5769],[-98.1701,44.5767],[-98.1699,44.5816],[-98.1606,44.5816],[-98.1607,44.5779]]],[[[-98.2912,44.5711],[-98.2912,44.5675],[-98.3014,44.5675],[-98.3014,44.5748],[-98.3115,44.5748],[-98.3115,44.582],[-98.3065,44.582],[-98.3065,44.5802],[-98.3014,44.5802],[-98.3014,44.578],[-98.2912,44.578],[-98.2912,44.5711]]]]},"properties":{"id":"usgs-pad-us-fee-managers:4519","name":"Beadle County Waterfowl Production Area","kind":"land","category":"public-land","sourceCategory":"public-land","sourceId":"usgs-pad-us-fee-managers","sourceUrl":"https://services.arcgis.com/v01gqwM5QqNysAAi/arcgis/rest/services/Fee_Managers_PADUS/FeatureServer/0","sourceUpdated":"2021-12-08T05:00:00.000Z","publicUse":"PAD-US reports restricted access; confirm permits and seasonal rules with the manager.","unit":"FWS","origin":"public-catalog"}},{"type":"Feature","id":"usgs-pad-us-fee-managers:4559","geometry":{"type":"MultiPolygon","coordinates":[[[[-97.8302,43.0202],[-97.8301,43.0192],[-97.8232,43.0193],[-97.8231,43.0031],[-97.833,43.0031],[-97.8331,43.0202],[-97.8302,43.0202]]],[[[-98.0193,43.0896],[-98.0192,43.0824],[-98.0251,43.0824],[-98.0252,43.0876],[-98.0291,43.0876],[-98.0292,43.0928],[-98.0241,43.0928],[-98.0241,43.0896],[-98.0193,43.0896]]],[[[-98.0346,43.0993],[-98.0346,43.0967],[-98.0362,43.0967],[-98.0362,43.1019],[-98.038,43.1019],[-98.038,43.1094],[-98.0369,43.1099],[-98.0369,43.1111],[-98.0393,43.1111],[-98.0394,43.1165],[-98.0345,43.1165],[-98.0344,43.1147],[-98.032,43.1147],[-98.0319,43.1111],[-98.0307,43.1111],[-98.0306,43.1051],[-98.0294,43.1039],[-98.0294,43.1027],[-98.0312,43.1026],[-98.0312,43.1023],[-98.033,43.1022],[-98.033,43.101],[-98.034,43.1005],[-98.0346,43.0993]]],[[[-98.0492,43.1154],[-98.0491,43.1111],[-98.0514,43.1111],[-98.0527,43.1102],[-98.055,43.1098],[-98.0551,43.1078],[-98.0589,43.1076],[-98.059,43.1172],[-98.0522,43.1172],[-98.0522,43.1154],[-98.0492,43.1154]]],[[[-98.0693,43.149],[-98.0692,43.1437],[-98.0742,43.1438],[-98.0741,43.1398],[-98.084,43.1397],[-98.0841,43.147],[-98.0792,43.147],[-98.0792,43.149],[-98.0693,43.149]]]]},"properties":{"id":"usgs-pad-us-fee-managers:4559","name":"Bon Homme County Waterfowl Production Area","kind":"land","category":"public-land","sourceCategory":"public-land","sourceId":"usgs-pad-us-fee-managers","sourceUrl":"https://services.arcgis.com/v01gqwM5QqNysAAi/arcgis/rest/services/Fee_Managers_PADUS/FeatureServer/0","sourceUpdated":"2021-12-08T05:00:00.000Z","publicUse":"PAD-US reports restricted access; confirm permits and seasonal rules with the manager.","unit":"FWS","origin":"public-catalog"}},{"type":"Feature","id":"usgs-pad-us-fee-managers:4571","geometry":{"type":"MultiPolygon","coordinates":[[[[-96.9549,44.2046],[-96.9546,44.1994],[-96.9511,44.1994],[-96.9506,44.2001],[-96.949,44.2013],[-96.9489,44.2031],[-96.9485,44.1957],[-96.9585,44.1957],[-96.9586,44.1968],[-96.9603,44.1968],[-96.9607,44.1974],[-96.963,44.1975],[-96.963,44.1984],[-96.9654,44.1984],[-96.967,44.2004],[-96.9687,44.2004],[-96.9687,44.203],[-96.9587,44.2031],[-96.9588,44.2046],[-96.9549,44.2046]]],[[[-97.1178,44.2103],[-97.1178,44.2058],[-97.1198,44.2058],[-97.1198,44.2031],[-97.1294,44.2031],[-97.1293,44.2093],[-97.1295,44.2093],[-97.1295,44.2104],[-97.1178,44.2103]]],[[[-97.1246,44.2186],[-97.124,44.2184],[-97.1233,44.2175],[-97.1293,44.2174],[-97.1293,44.2186],[-97.1246,44.2186]]],[[[-97.0088,44.2247],[-97.0088,44.2175],[-97.0189,44.2175],[-97.019,44.2215],[-97.0165,44.2215],[-97.0165,44.2247],[-97.0088,44.2247]]],[[[-97.0592,44.2464],[-97.0592,44.2443],[-97.0575,44.2443],[-97.0576,44.2464],[-97.0592,44.2464],[-97.0593,44.2495],[-97.0629,44.2496],[-97.063,44.2538],[-97.0553,44.2538],[-97.0552,44.2464],[-97.0541,44.2464],[-97.0541,44.2428],[-97.0528,44.2428],[-97.0532,44.2432],[-97.0529,44.2464],[-97.049,44.2464],[-97.049,44.2437],[-97.0468,44.2438],[-97.0468,44.2431],[-97.0453,44.2431],[-97.0454,44.2392],[-97.0647,44.2393],[-97.0686,44.2374],[-97.0714,44.2374],[-97.0714,44.2392],[-97.0691,44.2393],[-97.0644,44.2423],[-97.0644,44.2431],[-97.0638,44.2431],[-97.0637,44.2445],[-97.0615,44.2455],[-97.0616,44.2464],[-97.0592,44.2464]]],[[[-97.1291,44.2465],[-97.1292,44.2609],[-97.1192,44.261],[-97.1193,44.2468],[-97.1291,44.2465]]],[[[-96.9891,44.2719],[-96.9892,44.2682],[-96.9941,44.2682],[-96.994,44.2719],[-96.9891,44.2719]]],[[[-97.1222,44.274],[-97.1222,44.27],[-97.1262,44.27],[-97.1262,44.2682],[-97.1292,44.2682],[-97.1291,44.2755],[-97.1274,44.2755],[-97.1274,44.274],[-97.1222,44.274]]],[[[-97.0909,44.2882],[-97.0909,44.288],[-97.0898,44.2878],[-97.0888,44.2872],[-97.0862,44.2873],[-97.0857,44.2865],[-97.0837,44.2863],[-97.0837,44.2882],[-97.0787,44.2883],[-97.0787,44.2848],[-97.0805,44.2847],[-97.0809,44.2844],[-97.0808,44.2832],[-97.0797,44.2832],[-97.0788,44.2825],[-97.0824,44.2824],[-97.0824,44.2835],[-97.0887,44.2834],[-97.0887,44.2846],[-97.0938,44.2846],[-97.0938,44.2859],[-97.0988,44.2859],[-97.0988,44.2866],[-97.0927,44.2866],[-97.0928,44.288],[-97.0924,44.2882],[-97.0909,44.2882]]],[[[-97.1255,44.2919],[-97.1255,44.2896],[-97.1158,44.2896],[-97.1157,44.287],[-97.114,44.2869],[-97.1139,44.2824],[-97.1088,44.2823],[-97.1089,44.279],[-97.119,44.2789],[-97.1189,44.2824],[-97.1291,44.2825],[-97.129,44.2897],[-97.1285,44.2897],[-97.1286,44.2901],[-97.1283,44.2906],[-97.1285,44.2915],[-97.1287,44.2947],[-97.1274,44.2947],[-97.1274,44.293],[-97.1255,44.2919]]],[[[-96.9745,44.3159],[-96.9777,44.3115],[-96.9787,44.3115],[-96.9786,44.3187],[-96.9745,44.3186],[-96.9745,44.3159]]],[[[-97.0954,44.3258],[-97.0954,44.322],[-97.0994,44.322],[-97.0992,44.3077],[-97.1018,44.3077],[-97.1018,44.3063],[-97.1043,44.3063],[-97.1043,44.3077],[-97.1093,44.3077],[-97.1092,44.3013],[-97.1192,44.3013],[-97.1192,44.3077],[-97.1209,44.3077],[-97.121,44.3113],[-97.1168,44.3113],[-97.1173,44.3136],[-97.1121,44.3143],[-97.1098,44.3153],[-97.1105,44.3188],[-97.1074,44.3201],[-97.106,44.3213],[-97.1058,44.324],[-97.1071,44.3248],[-97.1096,44.3248],[-97.1096,44.3258],[-97.0954,44.3258]]],[[[-97.1059,44.3119],[-97.1059,44.3113],[-97.1044,44.3113],[-97.1043,44.3126],[-97.1059,44.3126],[-97.1059,44.3119]]],[[[-96.9891,44.3342],[-96.989,44.3333],[-96.9992,44.3332],[-96.9995,44.337],[-96.9919,44.3353],[-96.9891,44.3342]]],[[[-96.9896,44.3419],[-96.9896,44.3404],[-96.9866,44.3404],[-96.988,44.3367],[-96.9892,44.3356],[-96.9891,44.3349],[-96.9916,44.3358],[-96.9996,44.3376],[-96.9997,44.3382],[-96.9979,44.3383],[-96.9981,44.3404],[-96.9922,44.3404],[-96.9921,44.3419],[-96.9896,44.3419]]],[[[-97.0789,44.342],[-97.0781,44.3404],[-97.0788,44.3404],[-97.0789,44.342]]],[[[-97.0478,44.3477],[-97.0478,44.3417],[-97.0543,44.3417],[-97.0543,44.3405],[-97.0568,44.3404],[-97.0568,44.3384],[-97.0583,44.3384],[-97.0584,44.3332],[-97.0661,44.3332],[-97.0661,44.3404],[-97.0614,44.3404],[-97.0614,44.342],[-97.0687,44.342],[-97.0687,44.3404],[-97.0777,44.3404],[-97.0789,44.343],[-97.0788,44.3488],[-97.0478,44.3495],[-97.0478,44.3477]]],[[[-97.0583,44.3585],[-97.0585,44.355],[-97.0477,44.3549],[-97.0477,44.3599],[-97.0456,44.3599],[-97.0402,44.3565],[-97.0401,44.3551],[-97.0374,44.3551],[-97.0377,44.3495],[-97.041,44.3503],[-97.0788,44.3493],[-97.0787,44.355],[-97.0686,44.3549],[-97.0679,44.3658],[-97.0578,44.3658],[-97.0583,44.3585]]],[[[-97.1211,44.3839],[-97.121,44.3795],[-97.1287,44.3796],[-97.1287,44.384],[-97.1211,44.3839]]],[[[-96.9578,44.3841],[-96.9679,44.3842],[-96.9677,44.3912],[-96.9576,44.3912],[-96.9578,44.3841]]],[[[-97.0678,44.4202],[-97.0678,44.4164],[-97.083,44.4164],[-97.0829,44.4273],[-97.0678,44.4272],[-97.0678,44.4202]]],[[[-97.0276,44.4487],[-97.0276,44.4415],[-97.0326,44.4416],[-97.0325,44.4487],[-97.0276,44.4487]]],[[[-97.0153,44.4545],[-97.0147,44.4531],[-97.0142,44.4525],[-97.0167,44.4523],[-97.0179,44.4538],[-97.0194,44.4545],[-97.0205,44.4544],[-97.0221,44.456],[-97.0138,44.4559],[-97.0153,44.4545]]],[[[-97.0273,44.4543],[-97.0263,44.4545],[-97.0252,44.4541],[-97.0248,44.4535],[-97.0236,44.4529],[-97.0217,44.4513],[-97.0194,44.4501],[-97.0176,44.4501],[-97.0165,44.4505],[-97.017,44.4498],[-97.0165,44.4464],[-97.016,44.4462],[-97.015,44.4461],[-97.0138,44.4468],[-97.0123,44.447],[-97.0123,44.445],[-97.0273,44.4451],[-97.0275,44.4559],[-97.0269,44.4559],[-97.0275,44.4552],[-97.0273,44.4543]]],[[[-97.0277,44.4524],[-97.0325,44.4523],[-97.0326,44.4561],[-97.0278,44.456],[-97.0277,44.4524]]],[[[-96.988,44.4701],[-96.9879,44.4578],[-96.9886,44.4587],[-96.9901,44.4587],[-96.9923,44.4579],[-96.9975,44.4586],[-96.9992,44.4595],[-97.0003,44.4605],[-96.9991,44.4616],[-97.0012,44.4626],[-97.0006,44.4631],[-96.9904,44.463],[-96.9905,44.4701],[-96.988,44.4701]]],[[[-96.9995,44.4702],[-97.0021,44.4701],[-97.0021,44.4686],[-97.004,44.4686],[-97.004,44.4674],[-97.0077,44.4674],[-97.0077,44.4701],[-97.0278,44.4704],[-97.0278,44.4741],[-97.0017,44.4738],[-97.0014,44.4713],[-96.9995,44.4702]]],[[[-97.0177,44.4808],[-97.0178,44.4775],[-97.0278,44.4777],[-97.0277,44.4814],[-97.0177,44.4813],[-97.0177,44.4808]]],[[[-97.0809,44.5033],[-97.0809,44.5015],[-97.0847,44.5015],[-97.0847,44.5033],[-97.0809,44.5033]]],[[[-97.042,44.5067],[-97.0419,44.5038],[-97.0447,44.5038],[-97.0446,44.4995],[-97.0474,44.4995],[-97.0475,44.5043],[-97.0493,44.5043],[-97.0493,44.5082],[-97.0475,44.5082],[-97.0475,44.5067],[-97.042,44.5067]]],[[[-97.0777,44.5104],[-97.0777,44.5068],[-97.0877,44.5068],[-97.0877,44.503],[-97.0911,44.503],[-97.0912,44.5068],[-97.0928,44.5068],[-97.0878,44.5104],[-97.0878,44.514],[-97.0828,44.514],[-97.0827,44.5112],[-97.0777,44.5112],[-97.0777,44.5104]]],[[[-96.5433,44.5402],[-96.5433,44.5391],[-96.5398,44.5391],[-96.5398,44.5319],[-96.5449,44.5318],[-96.5448,44.5402],[-96.5433,44.5402]]],[[[-96.4625,44.5436],[-96.459,44.5436],[-96.459,44.5317],[-96.464,44.5319],[-96.4639,44.5355],[-96.4628,44.5368],[-96.4626,44.5377],[-96.4625,44.5436]]],[[[-96.4624,44.5436],[-96.4605,44.5436],[-96.4624,44.5436],[-96.4624,44.5436]]],[[[-96.474,44.5416],[-96.4741,44.5355],[-96.4843,44.5354],[-96.4842,44.539],[-96.4943,44.5391],[-96.4944,44.5327],[-96.4978,44.5328],[-96.4992,44.5334],[-96.5045,44.5334],[-96.5045,44.5355],[-96.5059,44.5355],[-96.5057,44.5437],[-96.4739,44.5436],[-96.474,44.5416]]],[[[-97.051,44.5436],[-97.051,44.5388],[-97.0575,44.5388],[-97.0576,44.5435],[-97.051,44.5436]]]]},"properties":{"id":"usgs-pad-us-fee-managers:4571","name":"Brookings County Waterfowl Production Area","kind":"land","category":"public-land","sourceCategory":"public-land","sourceId":"usgs-pad-us-fee-managers","sourceUrl":"https://services.arcgis.com/v01gqwM5QqNysAAi/arcgis/rest/services/Fee_Managers_PADUS/FeatureServer/0","sourceUpdated":"2021-12-08T05:00:00.000Z","publicUse":"PAD-US reports restricted access; confirm permits and seasonal rules with the manager.","unit":"FWS","origin":"public-catalog"}},{"type":"Feature","id":"usgs-pad-us-fee-managers:4574","geometry":{"type":"MultiPolygon","coordinates":[[[[-98.5471,45.2528],[-98.5473,45.2427],[-98.5577,45.2428],[-98.5576,45.2464],[-98.5549,45.2467],[-98.5546,45.2573],[-98.546,45.2572],[-98.5466,45.2556],[-98.5471,45.2528]]],[[[-98.5774,45.2959],[-98.5774,45.2936],[-98.5864,45.2936],[-98.5824,45.2959],[-98.5774,45.2959]]],[[[-98.5464,45.3149],[-98.5487,45.3077],[-98.5569,45.3078],[-98.5569,45.3042],[-98.562,45.3042],[-98.562,45.2979],[-98.5659,45.298],[-98.5659,45.2935],[-98.5697,45.2935],[-98.5697,45.3007],[-98.5672,45.3007],[-98.5671,45.307],[-98.571,45.3071],[-98.571,45.3089],[-98.5613,45.3088],[-98.5568,45.315],[-98.5464,45.3149]]],[[[-98.6676,45.3303],[-98.6677,45.3229],[-98.6703,45.323],[-98.6703,45.3243],[-98.6735,45.3243],[-98.678,45.3284],[-98.6782,45.3304],[-98.6676,45.3303]]],[[[-98.6537,45.3453],[-98.6529,45.3447],[-98.6667,45.3448],[-98.6667,45.352],[-98.6497,45.3519],[-98.6497,45.3474],[-98.6524,45.3473],[-98.6534,45.3469],[-98.6537,45.3453]]],[[[-98.5056,45.3689],[-98.5056,45.3653],[-98.5115,45.3653],[-98.5159,45.3632],[-98.5159,45.369],[-98.5056,45.3689]]],[[[-98.5878,45.3659],[-98.5878,45.3652],[-98.5952,45.3654],[-98.5959,45.3647],[-98.5959,45.3628],[-98.5984,45.3628],[-98.5984,45.3732],[-98.5878,45.3731],[-98.5878,45.3659]]],[[[-98.557,45.3801],[-98.557,45.3729],[-98.5647,45.3729],[-98.5647,45.3766],[-98.5621,45.3766],[-98.5621,45.3802],[-98.557,45.3801]]],[[[-98.5875,45.382],[-98.5919,45.3792],[-98.5911,45.3788],[-98.5894,45.3791],[-98.5856,45.3787],[-98.5826,45.3803],[-98.5826,45.3767],[-98.5984,45.3768],[-98.5984,45.3805],[-98.5929,45.3804],[-98.5929,45.3877],[-98.5893,45.3876],[-98.5894,45.3872],[-98.588,45.387],[-98.588,45.3838],[-98.5863,45.3827],[-98.5875,45.382]]],[[[-98.5775,45.3947],[-98.5775,45.3876],[-98.5793,45.3876],[-98.5778,45.3898],[-98.5785,45.3908],[-98.5785,45.3928],[-98.5795,45.3928],[-98.5852,45.3917],[-98.5852,45.3912],[-98.5878,45.3913],[-98.5878,45.3948],[-98.5775,45.3947]]],[[[-98.6191,45.4309],[-98.6191,45.4168],[-98.6294,45.4169],[-98.6294,45.4242],[-98.6243,45.4241],[-98.6243,45.4314],[-98.6191,45.4313],[-98.6191,45.4309]]],[[[-98.4795,45.5464],[-98.4789,45.5462],[-98.4745,45.5461],[-98.4745,45.5389],[-98.4947,45.539],[-98.4947,45.5463],[-98.4839,45.5462],[-98.4818,45.547],[-98.4803,45.5468],[-98.4795,45.5464]]],[[[-98.3044,45.6611],[-98.3044,45.6578],[-98.3108,45.6579],[-98.3108,45.6615],[-98.3044,45.6615],[-98.3044,45.6611]]],[[[-98.3523,45.8395],[-98.3523,45.8356],[-98.3563,45.8356],[-98.3563,45.8395],[-98.3523,45.8395]]],[[[-97.9997,45.8496],[-97.9998,45.8352],[-98.0102,45.8352],[-98.0101,45.8496],[-97.9997,45.8496]]],[[[-98.1774,45.8906],[-98.1774,45.8904],[-98.207,45.8903],[-98.2069,45.893],[-98.1809,45.8931],[-98.1811,45.8924],[-98.1806,45.8918],[-98.178,45.8914],[-98.1776,45.8912],[-98.1774,45.8906]]],[[[-98.3319,45.9022],[-98.3319,45.9008],[-98.3384,45.9008],[-98.3384,45.9022],[-98.3319,45.9022]]],[[[-98.0774,45.9077],[-98.0774,45.8932],[-98.0825,45.8932],[-98.0826,45.9077],[-98.0774,45.9077]]],[[[-98.3393,45.9062],[-98.3392,45.9034],[-98.3423,45.9034],[-98.3423,45.9008],[-98.3522,45.9008],[-98.3522,45.9052],[-98.3422,45.9051],[-98.3422,45.908],[-98.3407,45.908],[-98.3407,45.9062],[-98.3393,45.9062]]],[[[-98.2663,45.9223],[-98.2663,45.915],[-98.2683,45.915],[-98.2683,45.9136],[-98.2696,45.9136],[-98.2696,45.9078],[-98.2748,45.9078],[-98.2748,45.9127],[-98.2769,45.9127],[-98.2769,45.915],[-98.2696,45.915],[-98.2696,45.9223],[-98.2663,45.9223]]],[[[-98.3626,45.9263],[-98.3626,45.9228],[-98.3729,45.9228],[-98.3728,45.9264],[-98.3626,45.9263]]],[[[-98.3626,45.9263],[-98.3626,45.9299],[-98.3522,45.9299],[-98.3522,45.9262],[-98.3626,45.9263]]],[[[-98.093,45.9359],[-98.0929,45.915],[-98.0982,45.9113],[-98.0982,45.9077],[-98.1032,45.9076],[-98.1032,45.9112],[-98.1134,45.9112],[-98.1134,45.9149],[-98.1239,45.9148],[-98.1239,45.9221],[-98.1135,45.9221],[-98.1135,45.9293],[-98.1032,45.9293],[-98.1032,45.936],[-98.093,45.9359]]],[[[-98.1549,45.9361],[-98.1446,45.936],[-98.1446,45.9293],[-98.1549,45.9292],[-98.1549,45.9361]]]]},"properties":{"id":"usgs-pad-us-fee-managers:4574","name":"Brown County Waterfowl Production Area Of Sd","kind":"land","category":"public-land","sourceCategory":"public-land","sourceId":"usgs-pad-us-fee-managers","sourceUrl":"https://services.arcgis.com/v01gqwM5QqNysAAi/arcgis/rest/services/Fee_Managers_PADUS/FeatureServer/0","sourceUpdated":"2021-12-08T05:00:00.000Z","publicUse":"PAD-US reports restricted access; confirm permits and seasonal rules with the manager.","unit":"FWS","origin":"public-catalog"}},{"type":"Feature","id":"usgs-pad-us-fee-managers:4577","geometry":{"type":"MultiPolygon","coordinates":[[[[-99.0145,43.5607],[-99.0147,43.5644],[-99.0122,43.5644],[-99.012,43.5608],[-99.0145,43.5607]]],[[[-99.0027,43.5716],[-99.0023,43.5644],[-99.0116,43.5644],[-99.0116,43.5648],[-99.0123,43.5648],[-99.0126,43.5716],[-99.0027,43.5716]]],[[[-98.9729,43.5787],[-98.9729,43.5785],[-98.9828,43.5786],[-98.9827,43.5857],[-98.9729,43.5857],[-98.9729,43.5787]]],[[[-98.8738,43.6217],[-98.8738,43.6145],[-98.864,43.6147],[-98.864,43.6219],[-98.8542,43.6221],[-98.8542,43.6148],[-98.8591,43.6148],[-98.8591,43.6129],[-98.8673,43.6128],[-98.8673,43.6074],[-98.8737,43.6072],[-98.8737,43.6032],[-98.8838,43.6032],[-98.8838,43.6073],[-98.8872,43.6073],[-98.8872,43.6106],[-98.8837,43.6106],[-98.8837,43.6163],[-98.8812,43.6163],[-98.8814,43.6235],[-98.8738,43.6236],[-98.8738,43.6217]]]]},"properties":{"id":"usgs-pad-us-fee-managers:4577","name":"Brule County Waterfowl Production Area","kind":"land","category":"public-land","sourceCategory":"public-land","sourceId":"usgs-pad-us-fee-managers","sourceUrl":"https://services.arcgis.com/v01gqwM5QqNysAAi/arcgis/rest/services/Fee_Managers_PADUS/FeatureServer/0","sourceUpdated":"2021-12-08T05:00:00.000Z","publicUse":"PAD-US reports restricted access; confirm permits and seasonal rules with the manager.","unit":"FWS","origin":"public-catalog"}},{"type":"Feature","id":"usgs-pad-us-fee-managers:4581","geometry":{"type":"Polygon","coordinates":[[[-99.1067,44.1945],[-99.1067,44.1873],[-99.1167,44.1872],[-99.1167,44.1799],[-99.1369,44.1799],[-99.1369,44.1944],[-99.147,44.1944],[-99.147,44.1965],[-99.1218,44.1965],[-99.1218,44.1945],[-99.1067,44.1945]]]},"properties":{"id":"usgs-pad-us-fee-managers:4581","name":"Buffalo County Waterfowl Production Area","kind":"land","category":"public-land","sourceCategory":"public-land","sourceId":"usgs-pad-us-fee-managers","sourceUrl":"https://services.arcgis.com/v01gqwM5QqNysAAi/arcgis/rest/services/Fee_Managers_PADUS/FeatureServer/0","sourceUpdated":"2021-12-08T05:00:00.000Z","publicUse":"PAD-US reports restricted access; confirm permits and seasonal rules with the manager.","unit":"FWS","origin":"public-catalog"}},{"type":"Feature","id":"usgs-pad-us-fee-managers:4597","geometry":{"type":"MultiPolygon","coordinates":[[[[-99.7241,45.6079],[-99.7331,45.6077],[-99.7331,45.6114],[-99.7241,45.6115],[-99.7241,45.6079]]],[[[-99.7637,45.6189],[-99.7588,45.6171],[-99.7588,45.6151],[-99.7692,45.6151],[-99.7692,45.6166],[-99.771,45.6166],[-99.7712,45.6187],[-99.7702,45.6187],[-99.7692,45.6195],[-99.7692,45.6203],[-99.7635,45.6203],[-99.7637,45.6189]]],[[[-99.8106,45.6511],[-99.8105,45.644],[-99.8208,45.644],[-99.8209,45.6513],[-99.8106,45.6511]]],[[[-99.7694,45.6848],[-99.7694,45.6777],[-99.7655,45.6777],[-99.7655,45.673],[-99.7823,45.6729],[-99.7823,45.6694],[-99.7848,45.6694],[-99.7849,45.6729],[-99.79,45.6729],[-99.79,45.6755],[-99.7909,45.676],[-99.7915,45.6769],[-99.7912,45.6783],[-99.8004,45.6783],[-99.8004,45.6803],[-99.7895,45.6803],[-99.7907,45.6767],[-99.7896,45.6761],[-99.7869,45.6773],[-99.7864,45.6761],[-99.7848,45.6758],[-99.7835,45.6764],[-99.7841,45.6788],[-99.7828,45.6803],[-99.7797,45.6803],[-99.7797,45.6849],[-99.7694,45.6848]]],[[[-99.821,45.6804],[-99.821,45.6766],[-99.8412,45.6767],[-99.8412,45.684],[-99.821,45.684],[-99.821,45.6804]]],[[[-99.9238,45.6905],[-99.9238,45.6878],[-99.9363,45.6878],[-99.9362,45.6906],[-99.9238,45.6905]]],[[[-99.8088,45.7081],[-99.8088,45.7057],[-99.8108,45.7057],[-99.8108,45.7081],[-99.8088,45.7081]]],[[[-99.7968,45.7033],[-99.8004,45.7012],[-99.8004,45.7021],[-99.816,45.7021],[-99.816,45.7057],[-99.8108,45.7057],[-99.8108,45.7032],[-99.8017,45.7032],[-99.8018,45.7094],[-99.7986,45.7094],[-99.7958,45.7083],[-99.7948,45.7072],[-99.7946,45.7055],[-99.7968,45.7033]]],[[[-99.8367,45.7165],[-99.8366,45.7093],[-99.8315,45.7093],[-99.8315,45.6949],[-99.8411,45.6948],[-99.8411,45.7094],[-99.8368,45.7093],[-99.8368,45.7126],[-99.8384,45.7128],[-99.8415,45.7142],[-99.8441,45.7131],[-99.8471,45.7135],[-99.8471,45.7147],[-99.8441,45.7151],[-99.8411,45.7166],[-99.8367,45.7165]]],[[[-99.9887,45.7238],[-99.9902,45.7226],[-99.9916,45.7222],[-99.996,45.7228],[-99.9964,45.7232],[-99.9964,45.7271],[-99.9886,45.727],[-99.9887,45.7238]]],[[[-99.9547,45.7601],[-99.9547,45.7567],[-99.9599,45.7567],[-99.9599,45.7603],[-99.9547,45.7603],[-99.9547,45.7601]]],[[[-99.7644,45.789],[-99.7644,45.7855],[-99.7747,45.7855],[-99.7747,45.7818],[-99.7798,45.7818],[-99.7799,45.7893],[-99.7644,45.7891],[-99.7644,45.789]]],[[[-100.1004,45.8554],[-100.1004,45.8547],[-100.1059,45.8548],[-100.1065,45.8541],[-100.1082,45.8541],[-100.1091,45.8548],[-100.1108,45.8548],[-100.1106,45.8637],[-100.1087,45.8631],[-100.1066,45.862],[-100.104,45.8599],[-100.1035,45.8573],[-100.1004,45.8572],[-100.1004,45.8554]]],[[[-100.1419,45.8692],[-100.1419,45.8648],[-100.1457,45.865],[-100.1457,45.8669],[-100.1468,45.8676],[-100.1478,45.8676],[-100.1485,45.8682],[-100.1498,45.8684],[-100.1498,45.8692],[-100.1419,45.8692]]]]},"properties":{"id":"usgs-pad-us-fee-managers:4597","name":"Campbell County Waterfowl Production Area","kind":"land","category":"public-land","sourceCategory":"public-land","sourceId":"usgs-pad-us-fee-managers","sourceUrl":"https://services.arcgis.com/v01gqwM5QqNysAAi/arcgis/rest/services/Fee_Managers_PADUS/FeatureServer/0","sourceUpdated":"2021-12-08T05:00:00.000Z","publicUse":"PAD-US reports restricted access; confirm permits and seasonal rules with the manager.","unit":"FWS","origin":"public-catalog"}},{"type":"Feature","id":"usgs-pad-us-fee-managers:4620","geometry":{"type":"MultiPolygon","coordinates":[[[[-98.1912,43.0016],[-98.191,42.9944],[-98.2009,42.9943],[-98.201,43.0016],[-98.1912,43.0016]]],[[[-98.2503,42.9975],[-98.2502,42.9939],[-98.2552,42.9938],[-98.2551,42.9902],[-98.2652,42.9901],[-98.2652,42.9937],[-98.2702,42.9937],[-98.2703,43.001],[-98.2603,43.0011],[-98.2602,42.9974],[-98.2503,42.9975]]],[[[-98.1083,43.1116],[-98.1083,43.108],[-98.1094,43.108],[-98.1094,43.1096],[-98.1148,43.1095],[-98.1148,43.1071],[-98.1159,43.107],[-98.1155,43.1049],[-98.1205,43.1042],[-98.1206,43.1103],[-98.1188,43.1103],[-98.1182,43.1116],[-98.1083,43.1116]]],[[[-98.4368,43.1694],[-98.4533,43.1695],[-98.4521,43.1705],[-98.4495,43.1708],[-98.4427,43.1748],[-98.4404,43.1767],[-98.4367,43.1767],[-98.4368,43.1694]]],[[[-98.392,43.2055],[-98.3921,43.1946],[-98.397,43.1946],[-98.397,43.1982],[-98.4069,43.1983],[-98.4069,43.1986],[-98.4059,43.1989],[-98.403,43.1989],[-98.4011,43.1986],[-98.4069,43.2013],[-98.4069,43.2056],[-98.392,43.2055]]],[[[-98.4256,43.2128],[-98.4245,43.2123],[-98.4227,43.2122],[-98.4252,43.2112],[-98.4257,43.2105],[-98.4261,43.2093],[-98.4266,43.2093],[-98.4269,43.2103],[-98.4268,43.2129],[-98.4256,43.2128]]],[[[-98.4152,43.2118],[-98.4153,43.2116],[-98.4167,43.2122],[-98.4166,43.213],[-98.4161,43.2135],[-98.4158,43.2142],[-98.4154,43.2145],[-98.4149,43.2139],[-98.4147,43.2139],[-98.4146,43.2122],[-98.4149,43.2122],[-98.4152,43.2118]]],[[[-98.4068,43.2273],[-98.402,43.2273],[-98.402,43.2201],[-98.4095,43.2201],[-98.4069,43.2237],[-98.4068,43.2273]]],[[[-98.4068,43.2273],[-98.4121,43.2247],[-98.4128,43.2237],[-98.4168,43.2239],[-98.4168,43.2273],[-98.4118,43.2273],[-98.4119,43.2346],[-98.4167,43.2346],[-98.4168,43.2418],[-98.4069,43.2418],[-98.4068,43.2273]]],[[[-98.7588,43.2592],[-98.7589,43.2553],[-98.7658,43.2552],[-98.7657,43.2591],[-98.7588,43.2592]]],[[[-98.3557,43.2711],[-98.3558,43.2637],[-98.3573,43.2637],[-98.3573,43.2626],[-98.3672,43.2628],[-98.3671,43.2711],[-98.3557,43.2711]]],[[[-98.5452,43.2803],[-98.5453,43.2785],[-98.5552,43.2786],[-98.5551,43.2858],[-98.5451,43.2858],[-98.5452,43.2803]]],[[[-98.5948,43.2789],[-98.6084,43.2788],[-98.6083,43.2861],[-98.5947,43.286],[-98.5948,43.2789]]],[[[-98.5586,43.3028],[-98.5587,43.3003],[-98.5549,43.3003],[-98.555,43.2931],[-98.558,43.2931],[-98.558,43.2908],[-98.5629,43.2908],[-98.5629,43.2931],[-98.565,43.2931],[-98.5649,43.3003],[-98.5641,43.3003],[-98.5641,43.3009],[-98.5649,43.3009],[-98.5648,43.3048],[-98.5586,43.3048],[-98.5586,43.3028]]],[[[-98.5399,43.3183],[-98.5399,43.3147],[-98.5548,43.3148],[-98.5547,43.322],[-98.5448,43.322],[-98.5448,43.3184],[-98.5399,43.3183]]],[[[-98.6044,43.3223],[-98.6045,43.3151],[-98.6143,43.3151],[-98.6143,43.3296],[-98.6044,43.3296],[-98.6044,43.3223]]],[[[-98.5598,43.3362],[-98.5598,43.3292],[-98.5647,43.3293],[-98.5648,43.3365],[-98.5696,43.3366],[-98.5696,43.3393],[-98.5598,43.3362]]],[[[-98.6342,43.3402],[-98.6342,43.3297],[-98.6392,43.3297],[-98.6392,43.3261],[-98.6442,43.3261],[-98.6442,43.3225],[-98.6486,43.3225],[-98.6485,43.3297],[-98.6442,43.3297],[-98.644,43.337],[-98.6391,43.3369],[-98.6391,43.3357],[-98.6372,43.3357],[-98.6372,43.3393],[-98.6357,43.3393],[-98.6357,43.3402],[-98.6342,43.3402]]],[[[-98.664,43.3369],[-98.6739,43.3368],[-98.6739,43.3413],[-98.6675,43.3413],[-98.6675,43.337],[-98.664,43.3369]]],[[[-98.6263,43.3443],[-98.6298,43.3442],[-98.6297,43.3514],[-98.6263,43.3514],[-98.6263,43.3443]]],[[[-98.7071,43.4502],[-98.7082,43.4502],[-98.7105,43.452],[-98.7121,43.4521],[-98.7121,43.4532],[-98.7144,43.4549],[-98.7167,43.455],[-98.7167,43.4568],[-98.7071,43.4569],[-98.7071,43.4502]]],[[[-98.7067,43.4712],[-98.7265,43.4713],[-98.7264,43.4928],[-98.7067,43.4927],[-98.7067,43.4712]]]]},"properties":{"id":"usgs-pad-us-fee-managers:4620","name":"Charles Mix County Waterfowl Production Area","kind":"land","category":"public-land","sourceCategory":"public-land","sourceId":"usgs-pad-us-fee-managers","sourceUrl":"https://services.arcgis.com/v01gqwM5QqNysAAi/arcgis/rest/services/Fee_Managers_PADUS/FeatureServer/0","sourceUpdated":"2021-12-08T05:00:00.000Z","publicUse":"PAD-US reports restricted access; confirm permits and seasonal rules with the manager.","unit":"FWS","origin":"public-catalog"}},{"type":"Feature","id":"usgs-pad-us-fee-managers:4634","geometry":{"type":"MultiPolygon","coordinates":[[[[-97.5731,44.5802],[-97.5731,44.5731],[-97.5833,44.5731],[-97.5833,44.5803],[-97.5731,44.5802]]],[[[-97.5529,44.5837],[-97.5529,44.5874],[-97.547,44.5874],[-97.547,44.5838],[-97.5529,44.5837]]],[[[-97.629,44.5839],[-97.6259,44.5823],[-97.6251,44.5814],[-97.624,44.5813],[-97.624,44.5803],[-97.6269,44.5803],[-97.6269,44.5807],[-97.6317,44.5828],[-97.6336,44.5828],[-97.6341,44.5825],[-97.6341,44.587],[-97.6333,44.587],[-97.6332,44.5864],[-97.6323,44.5864],[-97.6305,44.5858],[-97.6298,44.5843],[-97.629,44.5839]]],[[[-97.6947,44.5827],[-97.6947,44.5805],[-97.7043,44.5804],[-97.7032,44.5825],[-97.7028,44.5824],[-97.702,44.5838],[-97.7023,44.584],[-97.6966,44.5877],[-97.6948,44.5877],[-97.6947,44.5827]]],[[[-97.7015,44.5849],[-97.7025,44.5842],[-97.7028,44.5844],[-97.703,44.5842],[-97.7048,44.5808],[-97.7049,44.5877],[-97.6975,44.5877],[-97.7017,44.585],[-97.7015,44.5849]]],[[[-97.492,44.6776],[-97.492,44.674],[-97.5022,44.6741],[-97.5022,44.6777],[-97.492,44.6776]]],[[[-97.5668,44.6888],[-97.5668,44.6852],[-97.5731,44.6852],[-97.5731,44.6889],[-97.5668,44.6888]]],[[[-97.5528,44.6888],[-97.5526,44.6888],[-97.5526,44.6959],[-97.5427,44.6959],[-97.5427,44.6887],[-97.5529,44.6887],[-97.5529,44.6959],[-97.5528,44.6888]]],[[[-97.6951,44.7143],[-97.6951,44.7034],[-97.7054,44.7033],[-97.7053,44.7142],[-97.6951,44.7143]]],[[[-97.6141,44.7248],[-97.6142,44.7176],[-97.5983,44.7176],[-97.5984,44.7106],[-97.5881,44.7106],[-97.5879,44.7176],[-97.583,44.7176],[-97.5833,44.7033],[-97.6038,44.7033],[-97.6037,44.6996],[-97.6088,44.6995],[-97.6088,44.6959],[-97.6143,44.6959],[-97.6142,44.703],[-97.6242,44.703],[-97.6242,44.7102],[-97.6216,44.7102],[-97.6216,44.7176],[-97.6192,44.7176],[-97.6193,44.725],[-97.6141,44.7248]]],[[[-97.6033,44.7272],[-97.6033,44.7321],[-97.6033,44.7248],[-97.6141,44.7248],[-97.6141,44.7321],[-97.6033,44.7321],[-97.6033,44.7323],[-97.601,44.7323],[-97.6011,44.7272],[-97.6033,44.7272]]],[[[-97.6852,44.7394],[-97.6852,44.7322],[-97.6952,44.7323],[-97.6953,44.7395],[-97.6852,44.7394]]],[[[-97.5676,44.7647],[-97.5675,44.7611],[-97.5726,44.7611],[-97.5727,44.7647],[-97.5676,44.7647]]],[[[-97.5117,44.7936],[-97.5117,44.7899],[-97.5218,44.79],[-97.5218,44.7936],[-97.5117,44.7936]]],[[[-97.6803,44.7936],[-97.6804,44.7899],[-97.6954,44.7901],[-97.6951,44.8046],[-97.6849,44.8045],[-97.6851,44.7972],[-97.6802,44.7972],[-97.6803,44.7936]]],[[[-97.7053,44.8508],[-97.7054,44.8481],[-97.7155,44.848],[-97.7156,44.8507],[-97.7053,44.8508]]],[[[-97.5551,44.9312],[-97.5551,44.9275],[-97.5619,44.9276],[-97.5619,44.9263],[-97.5629,44.9263],[-97.5629,44.9204],[-97.583,44.9204],[-97.583,44.9258],[-97.5753,44.9258],[-97.5753,44.924],[-97.5735,44.924],[-97.5703,44.9254],[-97.5705,44.9264],[-97.573,44.9276],[-97.5753,44.9276],[-97.573,44.9277],[-97.573,44.9297],[-97.5692,44.9296],[-97.5675,44.9299],[-97.5652,44.9312],[-97.5551,44.9312]]],[[[-97.545,44.9618],[-97.5476,44.9618],[-97.5493,44.9612],[-97.5493,44.9602],[-97.5509,44.9602],[-97.5509,44.958],[-97.5481,44.9576],[-97.5481,44.9564],[-97.5551,44.9564],[-97.5551,44.9636],[-97.545,44.9637],[-97.545,44.9618]]],[[[-97.6774,44.9667],[-97.6774,44.9642],[-97.6877,44.9642],[-97.6877,44.966],[-97.6851,44.966],[-97.6851,44.9697],[-97.6822,44.9697],[-97.6774,44.9667]]],[[[-97.5784,44.9969],[-97.5785,44.9928],[-97.5847,44.9928],[-97.5876,44.9999],[-97.5766,45],[-97.5784,44.9969]]],[[[-97.5879,44.9997],[-97.5857,44.9944],[-97.5883,44.9945],[-97.5901,44.9956],[-97.59,44.9969],[-97.5927,44.9984],[-97.5927,45],[-97.5881,45],[-97.5879,44.9997]]],[[[-97.5653,45.0053],[-97.5653,44.9999],[-97.5755,44.9999],[-97.5755,45.0054],[-97.5653,45.0053]]],[[[-97.7079,45.0002],[-97.7181,45.0001],[-97.7182,45.0074],[-97.71,45.0074],[-97.71,45.0054],[-97.7092,45.0049],[-97.7084,45.0038],[-97.7079,45.0038],[-97.7079,45.0002]]],[[[-97.675,45.0192],[-97.6751,45.0176],[-97.6775,45.0148],[-97.6775,45.0156],[-97.6784,45.0156],[-97.6803,45.0165],[-97.6824,45.0165],[-97.6825,45.0183],[-97.6775,45.0183],[-97.6775,45.0192],[-97.675,45.0192]]],[[[-97.4941,45.0104],[-97.4941,45.0072],[-97.5041,45.0072],[-97.5042,45.0358],[-97.4992,45.0358],[-97.4992,45.0321],[-97.494,45.0321],[-97.4941,45.0104]]],[[[-97.5204,45.0424],[-97.5205,45.0385],[-97.5347,45.0386],[-97.5347,45.037],[-97.5356,45.0397],[-97.5347,45.0397],[-97.5347,45.0434],[-97.5204,45.0432],[-97.5204,45.0424]]],[[[-97.5858,45.0504],[-97.5858,45.047],[-97.596,45.047],[-97.596,45.0362],[-97.6011,45.0362],[-97.6011,45.0471],[-97.6062,45.0471],[-97.6062,45.0507],[-97.5858,45.0506],[-97.5858,45.0504]]],[[[-97.4941,45.0576],[-97.4942,45.0525],[-97.4968,45.0553],[-97.4967,45.0576],[-97.4941,45.0576]]],[[[-97.6469,45.0722],[-97.6468,45.0651],[-97.657,45.0651],[-97.6571,45.0723],[-97.6469,45.0722]]],[[[-97.5248,45.101],[-97.5248,45.0974],[-97.5324,45.0974],[-97.5324,45.094],[-97.533,45.094],[-97.533,45.0956],[-97.5349,45.0956],[-97.5349,45.1011],[-97.5248,45.101]]],[[[-97.5146,45.101],[-97.5146,45.0975],[-97.5197,45.0976],[-97.5197,45.1012],[-97.5248,45.1012],[-97.5248,45.1085],[-97.5146,45.1084],[-97.5146,45.101]]],[[[-97.5861,45.1011],[-97.5862,45.094],[-97.5945,45.094],[-97.5944,45.095],[-97.5964,45.095],[-97.5963,45.1084],[-97.5861,45.1085],[-97.5861,45.1011]]],[[[-97.5402,45.1409],[-97.5402,45.1372],[-97.5453,45.1373],[-97.5454,45.1445],[-97.5403,45.1445],[-97.5402,45.1409]]],[[[-97.6168,45.1444],[-97.6169,45.1409],[-97.6271,45.141],[-97.6271,45.1446],[-97.6168,45.1444]]]]},"properties":{"id":"usgs-pad-us-fee-managers:4634","name":"Clark County Waterfowl Production Area","kind":"land","category":"public-land","sourceCategory":"public-land","sourceId":"usgs-pad-us-fee-managers","sourceUrl":"https://services.arcgis.com/v01gqwM5QqNysAAi/arcgis/rest/services/Fee_Managers_PADUS/FeatureServer/0","sourceUpdated":"2021-12-08T05:00:00.000Z","publicUse":"PAD-US reports restricted access; confirm permits and seasonal rules with the manager.","unit":"FWS","origin":"public-catalog"}},{"type":"Feature","id":"usgs-pad-us-fee-managers:4639","geometry":{"type":"Polygon","coordinates":[[[-96.8799,42.8989],[-96.8799,42.8953],[-96.8848,42.8953],[-96.8848,42.8989],[-96.8799,42.8989]]]},"properties":{"id":"usgs-pad-us-fee-managers:4639","name":"Clay County Waterfowl Production Area Of Sd","kind":"land","category":"public-land","sourceCategory":"public-land","sourceId":"usgs-pad-us-fee-managers","sourceUrl":"https://services.arcgis.com/v01gqwM5QqNysAAi/arcgis/rest/services/Fee_Managers_PADUS/FeatureServer/0","sourceUpdated":"2021-12-08T05:00:00.000Z","publicUse":"PAD-US reports restricted access; confirm permits and seasonal rules with the manager.","unit":"FWS","origin":"public-catalog"}},{"type":"Feature","id":"usgs-pad-us-fee-managers:4643","geometry":{"type":"MultiPolygon","coordinates":[[[[-97.3098,44.9124],[-97.3098,44.9098],[-97.3138,44.9098],[-97.3139,44.9075],[-97.3099,44.9075],[-97.31,44.9053],[-97.32,44.9054],[-97.3199,44.9126],[-97.3098,44.9126],[-97.3098,44.9124]]],[[[-97.2797,44.9423],[-97.2797,44.9414],[-97.2897,44.9414],[-97.2898,44.9487],[-97.2797,44.9487],[-97.2797,44.9423]]],[[[-97.4837,44.9608],[-97.4835,44.949],[-97.4887,44.9491],[-97.4887,44.9578],[-97.4905,44.9582],[-97.4904,44.96],[-97.4893,44.96],[-97.4893,44.9609],[-97.4837,44.9608]]],[[[-97.3134,44.9633],[-97.3151,44.9632],[-97.3151,44.9634],[-97.3138,44.9639],[-97.3134,44.9637],[-97.3134,44.9633]]],[[[-97.2563,44.9639],[-97.2557,44.9636],[-97.2526,44.9633],[-97.2552,44.9631],[-97.2569,44.9638],[-97.258,44.9634],[-97.2582,44.9638],[-97.2573,44.964],[-97.2571,44.9646],[-97.2563,44.9639]]],[[[-97.4533,44.9706],[-97.4532,44.9633],[-97.4634,44.9633],[-97.4634,44.9638],[-97.4642,44.9638],[-97.4642,44.9633],[-97.4666,44.9633],[-97.4666,44.9642],[-97.4674,44.9642],[-97.4674,44.9646],[-97.4694,44.9663],[-97.4703,44.9663],[-97.4704,44.9693],[-97.4634,44.9693],[-97.4634,44.9684],[-97.4586,44.9683],[-97.4586,44.9705],[-97.4533,44.9706]]],[[[-97.3714,44.972],[-97.3714,44.9705],[-97.3816,44.9705],[-97.3816,44.9777],[-97.3671,44.9777],[-97.3707,44.9741],[-97.3714,44.972]]],[[[-97.3319,44.9784],[-97.3373,44.9776],[-97.3381,44.9759],[-97.3389,44.9755],[-97.3377,44.9735],[-97.3353,44.9729],[-97.3303,44.9747],[-97.3298,44.9752],[-97.3298,44.9743],[-97.3292,44.9738],[-97.33,44.9723],[-97.3301,44.9705],[-97.3296,44.9692],[-97.3255,44.9677],[-97.3258,44.9668],[-97.3454,44.9669],[-97.3452,44.9633],[-97.3605,44.9633],[-97.361,44.9704],[-97.3559,44.9704],[-97.356,44.9722],[-97.3458,44.9723],[-97.3461,44.9776],[-97.3411,44.9776],[-97.3411,44.9812],[-97.3307,44.9813],[-97.3308,44.9797],[-97.3319,44.9784]]],[[[-97.3461,45.003],[-97.3461,44.9957],[-97.3512,44.9957],[-97.3512,44.9993],[-97.3563,44.9993],[-97.3563,45.0029],[-97.3461,45.003]]],[[[-97.3917,44.9922],[-97.4174,44.9924],[-97.4173,45.0032],[-97.4019,45.0031],[-97.402,44.9959],[-97.3917,44.9958],[-97.3917,44.9922]]],[[[-97.4787,45.0036],[-97.4787,45.0034],[-97.479,45.0034],[-97.4787,45.0036]]],[[[-97.4787,45.0071],[-97.4787,45.0057],[-97.4796,45.0059],[-97.4789,45.0071],[-97.4787,45.0071]]],[[[-97.3461,45.003],[-97.3461,45.0065],[-97.3511,45.0065],[-97.3511,45.0116],[-97.3364,45.0116],[-97.3364,45.0096],[-97.335,45.0091],[-97.3346,45.008],[-97.3323,45.0075],[-97.3308,45.0074],[-97.3309,45.003],[-97.3461,45.003]]],[[[-97.4941,45.0104],[-97.4941,45.0124],[-97.4925,45.013],[-97.4934,45.012],[-97.4941,45.0104]]],[[[-97.4787,45.0071],[-97.4787,45.0106],[-97.4798,45.0103],[-97.48,45.0108],[-97.4804,45.0112],[-97.4824,45.012],[-97.4834,45.0122],[-97.4853,45.012],[-97.4881,45.0113],[-97.4892,45.0107],[-97.4903,45.0108],[-97.4905,45.0114],[-97.489,45.0113],[-97.4877,45.0117],[-97.4871,45.0122],[-97.4867,45.0131],[-97.4869,45.0134],[-97.4896,45.0148],[-97.4913,45.0148],[-97.4917,45.0152],[-97.4916,45.0156],[-97.4922,45.016],[-97.4929,45.0161],[-97.4941,45.0156],[-97.4941,45.0234],[-97.4919,45.0234],[-97.4916,45.023],[-97.4905,45.0229],[-97.4903,45.0226],[-97.4911,45.0219],[-97.491,45.021],[-97.4922,45.0197],[-97.492,45.0187],[-97.491,45.0181],[-97.4874,45.0169],[-97.4853,45.0174],[-97.4838,45.0174],[-97.4835,45.0178],[-97.4832,45.0192],[-97.4838,45.0197],[-97.4859,45.0197],[-97.4871,45.0214],[-97.4797,45.0214],[-97.4797,45.012],[-97.4772,45.0117],[-97.4736,45.0117],[-97.4736,45.0071],[-97.4787,45.0071]]],[[[-97.4224,45.0406],[-97.4224,45.0359],[-97.4326,45.036],[-97.4325,45.0387],[-97.4351,45.0387],[-97.4351,45.0432],[-97.4224,45.043],[-97.4224,45.0406]]],[[[-97.4429,45.0432],[-97.4429,45.036],[-97.4481,45.0361],[-97.4481,45.0288],[-97.4533,45.0288],[-97.4532,45.0215],[-97.4736,45.0215],[-97.4736,45.0358],[-97.4533,45.036],[-97.4532,45.0434],[-97.4429,45.0432]]],[[[-97.4836,45.047],[-97.4836,45.0435],[-97.494,45.0435],[-97.4939,45.0503],[-97.4889,45.0505],[-97.489,45.047],[-97.4836,45.047]]],[[[-97.4533,45.0437],[-97.4533,45.0433],[-97.4634,45.0433],[-97.4633,45.0508],[-97.4532,45.0506],[-97.4533,45.0437]]],[[[-97.4942,45.0525],[-97.4941,45.0576],[-97.4887,45.0576],[-97.4889,45.0526],[-97.4942,45.0525]]],[[[-97.4832,45.074],[-97.4832,45.0722],[-97.4775,45.0723],[-97.4775,45.065],[-97.4885,45.0648],[-97.4884,45.074],[-97.4832,45.074]]],[[[-97.4091,45.0796],[-97.4169,45.0795],[-97.417,45.0867],[-97.407,45.0866],[-97.4068,45.0805],[-97.4087,45.0796],[-97.4091,45.0796]]],[[[-97.3713,45.0876],[-97.362,45.0795],[-97.3514,45.0795],[-97.3515,45.0738],[-97.3546,45.0738],[-97.3517,45.0722],[-97.3616,45.0722],[-97.3615,45.0687],[-97.3565,45.0686],[-97.3564,45.065],[-97.3462,45.065],[-97.3462,45.0613],[-97.3513,45.0614],[-97.3512,45.0599],[-97.3532,45.0601],[-97.3566,45.0579],[-97.3572,45.0579],[-97.3615,45.0593],[-97.3631,45.0578],[-97.3665,45.0578],[-97.3666,45.0616],[-97.3635,45.0636],[-97.3648,45.0655],[-97.3641,45.0668],[-97.3614,45.0678],[-97.3614,45.0681],[-97.3652,45.0687],[-97.3638,45.0702],[-97.3646,45.0731],[-97.3667,45.0736],[-97.3701,45.0767],[-97.3714,45.0771],[-97.3714,45.0795],[-97.376,45.0795],[-97.3768,45.0837],[-97.3782,45.0847],[-97.3813,45.085],[-97.3828,45.0846],[-97.3843,45.085],[-97.3866,45.0849],[-97.3866,45.0864],[-97.3834,45.0862],[-97.3805,45.0857],[-97.3778,45.0848],[-97.3764,45.0841],[-97.3764,45.0844],[-97.3737,45.0831],[-97.3713,45.0831],[-97.3713,45.0876]]],[[[-97.3024,45.0883],[-97.3024,45.0865],[-97.3055,45.0865],[-97.306,45.0884],[-97.3061,45.0899],[-97.3098,45.0938],[-97.3105,45.0938],[-97.3105,45.098],[-97.306,45.0938],[-97.3046,45.0938],[-97.3047,45.0916],[-97.3024,45.0893],[-97.3024,45.0883]]],[[[-97.3811,45.0974],[-97.381,45.094],[-97.387,45.094],[-97.3872,45.0981],[-97.3811,45.0974]]],[[[-97.2697,45.0971],[-97.2697,45.0936],[-97.28,45.0937],[-97.2799,45.1009],[-97.2697,45.1008],[-97.2697,45.0971]]],[[[-97.1956,45.1323],[-97.1956,45.1227],[-97.2059,45.1228],[-97.2058,45.1336],[-97.2005,45.1337],[-97.2005,45.1324],[-97.1956,45.1323]]],[[[-97.2646,45.1332],[-97.2646,45.1298],[-97.2697,45.1298],[-97.2697,45.1371],[-97.2646,45.137],[-97.2646,45.1332]]],[[[-96.9147,45.1431],[-96.9139,45.1214],[-96.919,45.1212],[-96.9193,45.1284],[-96.9244,45.1282],[-96.9249,45.1427],[-96.9147,45.1431]]],[[[-96.9232,45.1357],[-96.9228,45.135],[-96.9208,45.1359],[-96.9209,45.1372],[-96.9234,45.1371],[-96.9235,45.1363],[-96.9232,45.1357]]]]},"properties":{"id":"usgs-pad-us-fee-managers:4643","name":"Codington County Waterfowl Production Area","kind":"land","category":"public-land","sourceCategory":"public-land","sourceId":"usgs-pad-us-fee-managers","sourceUrl":"https://services.arcgis.com/v01gqwM5QqNysAAi/arcgis/rest/services/Fee_Managers_PADUS/FeatureServer/0","sourceUpdated":"2021-12-08T05:00:00.000Z","publicUse":"PAD-US reports restricted access; confirm permits and seasonal rules with the manager.","unit":"FWS","origin":"public-catalog"}},{"type":"Feature","id":"usgs-pad-us-fee-managers:4675","geometry":{"type":"Polygon","coordinates":[[[-103.8626,44.4785],[-103.8621,44.4819],[-103.8599,44.4814],[-103.8599,44.4805],[-103.8626,44.4785]]]},"properties":{"id":"usgs-pad-us-fee-managers:4675","name":"D.c. Booth Historic National Fish Hatchery","kind":"land","category":"public-land","sourceCategory":"public-land","sourceId":"usgs-pad-us-fee-managers","sourceUrl":"https://services.arcgis.com/v01gqwM5QqNysAAi/arcgis/rest/services/Fee_Managers_PADUS/FeatureServer/0","sourceUpdated":"2021-12-08T05:00:00.000Z","publicUse":"PAD-US reports restricted access; confirm permits and seasonal rules with the manager.","unit":"FWS","origin":"public-catalog"}},{"type":"Feature","id":"usgs-pad-us-fee-managers:4681","geometry":{"type":"MultiPolygon","coordinates":[[[[-97.9695,43.501],[-97.9696,43.5037],[-97.9721,43.5037],[-97.9722,43.5062],[-97.9647,43.5062],[-97.9646,43.5011],[-97.9695,43.501]]],[[[-98.0045,43.5152],[-98.0045,43.5134],[-98.007,43.5133],[-98.007,43.5151],[-98.0045,43.5152]]],[[[-98.0047,43.5207],[-98.0046,43.517],[-98.007,43.5171],[-98.0072,43.5207],[-98.0047,43.5207]]],[[[-98.001,43.5389],[-98.0008,43.5344],[-98.005,43.5344],[-98.0052,43.5389],[-98.001,43.5389]]],[[[-97.9962,43.5934],[-97.9961,43.5898],[-97.9989,43.5898],[-98.0005,43.5893],[-98.0005,43.5897],[-98.0012,43.5897],[-98.0018,43.5886],[-98.0041,43.5899],[-98.0062,43.5899],[-98.0062,43.5935],[-97.9962,43.5934]]]]},"properties":{"id":"usgs-pad-us-fee-managers:4681","name":"Davison County Waterfowl Production Area","kind":"land","category":"public-land","sourceCategory":"public-land","sourceId":"usgs-pad-us-fee-managers","sourceUrl":"https://services.arcgis.com/v01gqwM5QqNysAAi/arcgis/rest/services/Fee_Managers_PADUS/FeatureServer/0","sourceUpdated":"2021-12-08T05:00:00.000Z","publicUse":"PAD-US reports restricted access; confirm permits and seasonal rules with the manager.","unit":"FWS","origin":"public-catalog"}},{"type":"Feature","id":"usgs-pad-us-fee-managers:4682","geometry":{"type":"MultiPolygon","coordinates":[[[[-97.3414,45.1783],[-97.3414,45.1736],[-97.3515,45.1736],[-97.3515,45.1809],[-97.3413,45.1809],[-97.3413,45.1792],[-97.3419,45.1792],[-97.3419,45.1783],[-97.3414,45.1783]]],[[[-97.7389,45.1884],[-97.7389,45.1826],[-97.7439,45.1826],[-97.744,45.1884],[-97.7389,45.1884]]],[[[-97.8621,45.1843],[-97.8621,45.1883],[-97.8566,45.1884],[-97.8569,45.1848],[-97.8621,45.1843]]],[[[-97.7951,45.1845],[-97.7951,45.1843],[-97.8002,45.1843],[-97.8001,45.1915],[-97.7951,45.1916],[-97.7951,45.1845]]],[[[-97.2463,45.2467],[-97.2463,45.243],[-97.249,45.243],[-97.2502,45.2421],[-97.2566,45.2421],[-97.2566,45.2467],[-97.2668,45.2467],[-97.2669,45.2539],[-97.2464,45.2539],[-97.2463,45.2467]]],[[[-97.6431,45.2559],[-97.643,45.2507],[-97.6444,45.2511],[-97.6443,45.256],[-97.6431,45.2559]]],[[[-97.4778,45.2806],[-97.4765,45.2793],[-97.479,45.2793],[-97.479,45.283],[-97.4784,45.283],[-97.4778,45.2806]]],[[[-97.3969,45.2974],[-97.3969,45.2903],[-97.4072,45.2902],[-97.4071,45.2974],[-97.3969,45.2974]]],[[[-97.4175,45.3011],[-97.4174,45.2939],[-97.4251,45.2939],[-97.4251,45.2884],[-97.4277,45.2884],[-97.4277,45.2975],[-97.4226,45.2975],[-97.4226,45.3011],[-97.4175,45.3011]]],[[[-97.546,45.2991],[-97.5459,45.2975],[-97.5336,45.2975],[-97.5336,45.2962],[-97.5387,45.2962],[-97.5387,45.292],[-97.5508,45.2921],[-97.5508,45.2975],[-97.5668,45.2975],[-97.5687,45.296],[-97.5713,45.2951],[-97.5724,45.2961],[-97.5732,45.2975],[-97.5713,45.2975],[-97.5713,45.3047],[-97.5509,45.3048],[-97.5508,45.2993],[-97.546,45.2993],[-97.546,45.2991]]],[[[-97.6296,45.299],[-97.6296,45.2983],[-97.6327,45.2983],[-97.6327,45.3049],[-97.6249,45.3048],[-97.6249,45.303],[-97.626,45.3022],[-97.6269,45.3009],[-97.629,45.2999],[-97.6296,45.299]]],[[[-97.8273,45.314],[-97.8273,45.3068],[-97.835,45.3068],[-97.835,45.3122],[-97.8324,45.3122],[-97.8324,45.314],[-97.8273,45.314]]],[[[-97.4724,45.3281],[-97.4726,45.3265],[-97.4783,45.3265],[-97.4783,45.3283],[-97.4793,45.3283],[-97.4793,45.3293],[-97.4731,45.3286],[-97.4724,45.3281]]],[[[-97.5404,45.3286],[-97.5404,45.3265],[-97.5507,45.3264],[-97.5507,45.3299],[-97.5404,45.3286]]],[[[-97.7786,45.3356],[-97.7787,45.3284],[-97.7761,45.3284],[-97.7761,45.3266],[-97.7864,45.3266],[-97.7863,45.3338],[-97.7838,45.3338],[-97.7838,45.3357],[-97.7786,45.3356]]],[[[-97.6122,45.3481],[-97.6122,45.3439],[-97.6137,45.3439],[-97.6175,45.3427],[-97.6194,45.3425],[-97.6211,45.3431],[-97.6224,45.3445],[-97.6225,45.3409],[-97.6275,45.3409],[-97.6275,45.3443],[-97.6235,45.3443],[-97.6235,45.3461],[-97.6224,45.3461],[-97.6224,45.3472],[-97.6209,45.3472],[-97.6194,45.3483],[-97.6173,45.349],[-97.6173,45.3482],[-97.6122,45.3481]]],[[[-97.592,45.3627],[-97.5919,45.3582],[-97.5937,45.3582],[-97.596,45.3604],[-97.5935,45.3627],[-97.592,45.3627]]],[[[-97.5096,45.3736],[-97.5147,45.3736],[-97.5148,45.3772],[-97.5196,45.3772],[-97.5096,45.3772],[-97.5096,45.3736]]],[[[-97.4433,45.38],[-97.4434,45.3736],[-97.4383,45.3736],[-97.4383,45.3628],[-97.4435,45.3628],[-97.4434,45.37],[-97.4486,45.37],[-97.4486,45.3788],[-97.4472,45.3789],[-97.4459,45.3795],[-97.4453,45.3802],[-97.4433,45.38]]],[[[-97.5857,45.3916],[-97.5857,45.3844],[-97.5869,45.3844],[-97.5921,45.3808],[-97.5947,45.3808],[-97.5947,45.3844],[-97.5921,45.3844],[-97.5921,45.388],[-97.5908,45.388],[-97.5908,45.3909],[-97.587,45.3909],[-97.587,45.3916],[-97.5857,45.3916]]],[[[-97.7454,45.39],[-97.7454,45.3863],[-97.7556,45.3863],[-97.7557,45.3899],[-97.7454,45.39]]],[[[-97.4074,45.3943],[-97.4074,45.3917],[-97.4126,45.3917],[-97.4125,45.3953],[-97.4074,45.3953],[-97.4074,45.3943]]],[[[-97.3161,45.4005],[-97.3157,45.399],[-97.3352,45.3988],[-97.3352,45.4025],[-97.3167,45.4025],[-97.3161,45.4005]]],[[[-97.6996,45.399],[-97.697,45.399],[-97.697,45.3917],[-97.6996,45.3917],[-97.6996,45.399]]],[[[-97.4973,45.4035],[-97.4972,45.4025],[-97.4995,45.4025],[-97.4995,45.3989],[-97.5046,45.3989],[-97.5046,45.3998],[-97.5054,45.3998],[-97.5086,45.4035],[-97.5086,45.4047],[-97.499,45.4046],[-97.499,45.4035],[-97.4973,45.4035]]],[[[-97.6075,45.4133],[-97.6075,45.4097],[-97.6123,45.4097],[-97.6123,45.4133],[-97.6075,45.4133]]],[[[-97.6996,45.399],[-97.7047,45.399],[-97.7049,45.4134],[-97.6895,45.4134],[-97.6895,45.4098],[-97.6946,45.4099],[-97.6946,45.4062],[-97.6997,45.4062],[-97.6996,45.399]]],[[[-97.6225,45.4241],[-97.6226,45.4169],[-97.6278,45.4169],[-97.6277,45.4205],[-97.6328,45.4205],[-97.6277,45.4206],[-97.6276,45.4241],[-97.6225,45.4241]]],[[[-97.5304,45.4422],[-97.5304,45.4386],[-97.551,45.4386],[-97.551,45.4422],[-97.5304,45.4422]]],[[[-97.5097,45.4424],[-97.5096,45.4424],[-97.5096,45.4441],[-97.4944,45.4441],[-97.4944,45.4405],[-97.4996,45.4405],[-97.4996,45.4423],[-97.5099,45.4423],[-97.5097,45.4441],[-97.5097,45.4424]]],[[[-97.462,45.447],[-97.4622,45.445],[-97.4585,45.4451],[-97.4585,45.4426],[-97.461,45.4425],[-97.4641,45.4413],[-97.4688,45.4419],[-97.4688,45.4461],[-97.4655,45.446],[-97.464,45.4471],[-97.462,45.447]]],[[[-97.6583,45.4423],[-97.6583,45.4421],[-97.6634,45.4422],[-97.6633,45.4494],[-97.6582,45.4494],[-97.6583,45.4423]]],[[[-97.3915,45.4576],[-97.3915,45.454],[-97.3967,45.454],[-97.3967,45.4576],[-97.3915,45.4576]]],[[[-97.5177,45.4641],[-97.5304,45.464],[-97.5304,45.4712],[-97.5202,45.4713],[-97.5203,45.4677],[-97.5177,45.4677],[-97.5177,45.4641]]],[[[-97.5202,45.4822],[-97.51,45.4822],[-97.5099,45.4786],[-97.5202,45.4786],[-97.5202,45.4822]]],[[[-97.5976,45.4821],[-97.5976,45.4785],[-97.6027,45.4785],[-97.6027,45.4821],[-97.5976,45.4821]]],[[[-97.5718,45.4929],[-97.5717,45.4713],[-97.5821,45.4714],[-97.582,45.4785],[-97.5872,45.4785],[-97.5872,45.4894],[-97.5821,45.4894],[-97.5821,45.493],[-97.5718,45.4929]]],[[[-97.5202,45.4822],[-97.5254,45.4822],[-97.5254,45.4785],[-97.5305,45.4785],[-97.5305,45.4858],[-97.5356,45.4858],[-97.5357,45.4821],[-97.5408,45.4822],[-97.5408,45.4858],[-97.546,45.4858],[-97.546,45.493],[-97.5257,45.493],[-97.5256,45.4968],[-97.5203,45.4967],[-97.5203,45.493],[-97.51,45.493],[-97.51,45.4858],[-97.5202,45.4858],[-97.5202,45.4822]]],[[[-97.4585,45.4953],[-97.4584,45.4935],[-97.4611,45.4953],[-97.4621,45.4953],[-97.4632,45.4959],[-97.4629,45.4975],[-97.4602,45.5004],[-97.4585,45.5004],[-97.4585,45.4953]]],[[[-97.4096,45.5045],[-97.4096,45.5006],[-97.4173,45.5005],[-97.4173,45.506],[-97.4157,45.506],[-97.4157,45.5045],[-97.4096,45.5045]]],[[[-97.3658,45.5044],[-97.3606,45.5043],[-97.3606,45.508],[-97.3555,45.5079],[-97.3555,45.503],[-97.3606,45.5031],[-97.3606,45.5007],[-97.3658,45.5008],[-97.3658,45.5044]]],[[[-97.3658,45.5044],[-97.3709,45.5044],[-97.3709,45.508],[-97.3658,45.508],[-97.3658,45.5044]]],[[[-97.5512,45.5076],[-97.5513,45.5004],[-97.5564,45.5003],[-97.5564,45.5076],[-97.5512,45.5076]]],[[[-97.4688,45.5256],[-97.4688,45.522],[-97.4752,45.522],[-97.4752,45.5274],[-97.4688,45.5274],[-97.4688,45.5256]]],[[[-97.6027,45.5293],[-97.5718,45.5294],[-97.5719,45.5222],[-97.6027,45.5221],[-97.6027,45.5293]]],[[[-97.6027,45.5293],[-97.6107,45.5293],[-97.6107,45.5329],[-97.6159,45.5329],[-97.6159,45.5365],[-97.6027,45.5365],[-97.6027,45.5293]]],[[[-97.5614,45.5366],[-97.5718,45.5366],[-97.5718,45.5402],[-97.5614,45.5402],[-97.5614,45.5366]]],[[[-97.3863,45.544],[-97.3864,45.5414],[-97.3902,45.5414],[-97.3903,45.5378],[-97.3864,45.5378],[-97.3864,45.5359],[-97.3923,45.5359],[-97.3923,45.5341],[-97.3954,45.5341],[-97.3954,45.5368],[-97.3993,45.5368],[-97.3993,45.5404],[-97.3967,45.5404],[-97.3967,45.544],[-97.3863,45.544]]],[[[-97.6,45.5596],[-97.5975,45.5592],[-97.5975,45.5547],[-97.5924,45.5547],[-97.5924,45.5511],[-97.6027,45.551],[-97.6027,45.5596],[-97.6,45.5596]]],[[[-97.6093,45.5594],[-97.6103,45.5593],[-97.6102,45.5655],[-97.6082,45.5655],[-97.6082,45.5637],[-97.6058,45.5618],[-97.6056,45.561],[-97.6059,45.5594],[-97.6093,45.5594]]],[[[-97.6257,45.5742],[-97.6257,45.5692],[-97.6361,45.5692],[-97.6361,45.5727],[-97.6333,45.5728],[-97.6257,45.5742]]],[[[-97.5924,45.5764],[-97.5924,45.5728],[-97.5976,45.5728],[-97.5975,45.5764],[-97.5924,45.5764]]],[[[-97.6256,45.58],[-97.6257,45.5744],[-97.6333,45.573],[-97.6361,45.5729],[-97.636,45.5764],[-97.6308,45.5764],[-97.6308,45.5801],[-97.6256,45.58]]],[[[-97.5406,45.5877],[-97.5406,45.5853],[-97.5564,45.5855],[-97.5563,45.5877],[-97.5406,45.5877]]]]},"properties":{"id":"usgs-pad-us-fee-managers:4682","name":"Day County Waterfowl Production Area","kind":"land","category":"public-land","sourceCategory":"public-land","sourceId":"usgs-pad-us-fee-managers","sourceUrl":"https://services.arcgis.com/v01gqwM5QqNysAAi/arcgis/rest/services/Fee_Managers_PADUS/FeatureServer/0","sourceUpdated":"2021-12-08T05:00:00.000Z","publicUse":"PAD-US reports restricted access; confirm permits and seasonal rules with the manager.","unit":"FWS","origin":"public-catalog"}},{"type":"Feature","id":"usgs-pad-us-fee-managers:4696","geometry":{"type":"MultiPolygon","coordinates":[[[[-96.5009,44.5473],[-96.5008,44.5437],[-96.504,44.5437],[-96.504,44.5451],[-96.5027,44.5451],[-96.5028,44.5473],[-96.5009,44.5473]]],[[[-96.4604,44.5472],[-96.4605,44.5436],[-96.4807,44.5436],[-96.4806,44.5509],[-96.4654,44.5509],[-96.4655,44.5472],[-96.4604,44.5472]]],[[[-96.5333,44.5581],[-96.5333,44.5535],[-96.5363,44.5535],[-96.5363,44.5516],[-96.5413,44.5516],[-96.5413,44.5546],[-96.5363,44.5546],[-96.5363,44.5597],[-96.5354,44.5593],[-96.5345,44.5584],[-96.5333,44.5581]]],[[[-96.4518,44.5599],[-96.4519,44.5509],[-96.4526,44.5509],[-96.4525,44.5532],[-96.4579,44.5532],[-96.458,44.5581],[-96.4602,44.5581],[-96.4602,44.5599],[-96.4531,44.5599],[-96.4543,44.5625],[-96.4518,44.5625],[-96.4518,44.5599]]],[[[-96.5565,44.5659],[-96.5565,44.5619],[-96.5615,44.5618],[-96.5602,44.5619],[-96.5603,44.5636],[-96.559,44.5654],[-96.559,44.5659],[-96.5565,44.5659]]],[[[-96.5173,44.5908],[-96.5173,44.5872],[-96.5211,44.5873],[-96.5212,44.5909],[-96.5173,44.5908]]],[[[-96.594,44.6056],[-96.5939,44.602],[-96.5953,44.602],[-96.5953,44.6029],[-96.5966,44.6029],[-96.6,44.6048],[-96.5999,44.6059],[-96.594,44.6056]]],[[[-96.5006,44.6233],[-96.5008,44.6308],[-96.4965,44.6307],[-96.4964,44.6233],[-96.5006,44.6233]]],[[[-96.5059,44.6417],[-96.5059,44.6308],[-96.5109,44.6308],[-96.5109,44.6417],[-96.5059,44.6417]]],[[[-96.549,44.6816],[-96.5488,44.6775],[-96.545,44.6755],[-96.5449,44.6743],[-96.5541,44.6743],[-96.5541,44.6761],[-96.5554,44.6761],[-96.5554,44.6779],[-96.5592,44.6779],[-96.5592,44.6816],[-96.549,44.6816]]],[[[-96.4907,44.718],[-96.4907,44.7105],[-96.4933,44.7105],[-96.4933,44.7109],[-96.5009,44.711],[-96.5009,44.718],[-96.4907,44.718]]],[[[-96.6123,44.7394],[-96.6123,44.7321],[-96.6243,44.7321],[-96.6244,44.7328],[-96.6287,44.7328],[-96.6299,44.7354],[-96.6275,44.7394],[-96.6262,44.743],[-96.6225,44.743],[-96.6174,44.7412],[-96.6148,44.7394],[-96.6123,44.7394]]],[[[-96.7626,44.7675],[-96.7626,44.7646],[-96.7615,44.7646],[-96.7616,44.761],[-96.7684,44.761],[-96.7684,44.7671],[-96.7661,44.7671],[-96.7661,44.7675],[-96.7626,44.7675]]],[[[-96.5514,44.7758],[-96.5514,44.7698],[-96.5498,44.7707],[-96.5465,44.7713],[-96.5441,44.7712],[-96.5452,44.7702],[-96.5471,44.7698],[-96.5471,44.7681],[-96.5491,44.7667],[-96.5522,44.7668],[-96.5522,44.7686],[-96.5516,44.7686],[-96.5514,44.7758]]],[[[-96.554,44.8015],[-96.554,44.7957],[-96.5616,44.7957],[-96.5616,44.8047],[-96.554,44.8048],[-96.554,44.8015]]],[[[-96.5667,44.8202],[-96.5667,44.8193],[-96.5719,44.8193],[-96.5718,44.8229],[-96.5693,44.8229],[-96.5693,44.822],[-96.5667,44.8202]]],[[[-96.6226,44.8481],[-96.6227,44.8517],[-96.6124,44.8518],[-96.6124,44.8482],[-96.6226,44.8481]]],[[[-96.6418,44.8624],[-96.6515,44.8624],[-96.6515,44.866],[-96.6557,44.866],[-96.6557,44.8697],[-96.6418,44.8695],[-96.6418,44.8624]]],[[[-96.6224,44.89],[-96.6224,44.888],[-96.6275,44.888],[-96.6275,44.89],[-96.6224,44.89]]],[[[-96.71,44.8975],[-96.7101,44.8901],[-96.72,44.8901],[-96.7199,44.9046],[-96.71,44.9046],[-96.71,44.8975]]],[[[-96.6269,44.9094],[-96.6269,44.9045],[-96.6301,44.9045],[-96.6302,44.9074],[-96.6317,44.9073],[-96.6325,44.9117],[-96.6387,44.9177],[-96.6387,44.9189],[-96.6285,44.9189],[-96.6285,44.9163],[-96.6244,44.9163],[-96.6244,44.9118],[-96.6269,44.9094]]],[[[-96.7102,44.919],[-96.7101,44.9119],[-96.7202,44.9119],[-96.7254,44.912],[-96.7254,44.9138],[-96.7267,44.9156],[-96.7279,44.9192],[-96.7203,44.9193],[-96.7102,44.919]]],[[[-96.4524,44.9628],[-96.4604,44.9628],[-96.4605,44.9659],[-96.462,44.9659],[-96.4621,44.9687],[-96.4649,44.9687],[-96.465,44.97],[-96.4555,44.9699],[-96.4574,44.9693],[-96.4578,44.9683],[-96.4576,44.9654],[-96.4553,44.9638],[-96.4523,44.9634],[-96.4524,44.9628]]],[[[-96.4787,44.9756],[-96.4786,44.975],[-96.481,44.975],[-96.4811,44.974],[-96.4836,44.9739],[-96.4849,44.9731],[-96.485,44.972],[-96.4861,44.971],[-96.4881,44.971],[-96.4902,44.9714],[-96.4904,44.9734],[-96.4901,44.9738],[-96.4881,44.9754],[-96.4882,44.9772],[-96.476,44.9774],[-96.476,44.9756],[-96.4787,44.9756]]],[[[-96.8418,44.9697],[-96.8417,44.9624],[-96.8462,44.9624],[-96.8481,44.9642],[-96.8492,44.9624],[-96.8517,44.9624],[-96.8518,44.9671],[-96.8492,44.9671],[-96.8493,44.9697],[-96.8468,44.9697],[-96.8469,44.977],[-96.8418,44.977],[-96.8418,44.9697]]]]},"properties":{"id":"usgs-pad-us-fee-managers:4696","name":"Deuel County Waterfowl Production Area","kind":"land","category":"public-land","sourceCategory":"public-land","sourceId":"usgs-pad-us-fee-managers","sourceUrl":"https://services.arcgis.com/v01gqwM5QqNysAAi/arcgis/rest/services/Fee_Managers_PADUS/FeatureServer/0","sourceUpdated":"2021-12-08T05:00:00.000Z","publicUse":"PAD-US reports restricted access; confirm permits and seasonal rules with the manager.","unit":"FWS","origin":"public-catalog"}},{"type":"Feature","id":"usgs-pad-us-fee-managers:4706","geometry":{"type":"MultiPolygon","coordinates":[[[[-98.4821,43.3264],[-98.4823,43.3188],[-98.4922,43.3188],[-98.4924,43.3264],[-98.4821,43.3264]]],[[[-98.4676,43.3482],[-98.467,43.3409],[-98.4718,43.3409],[-98.4719,43.3389],[-98.4663,43.3388],[-98.4656,43.3337],[-98.4721,43.3336],[-98.472,43.3409],[-98.4768,43.3409],[-98.477,43.3483],[-98.4676,43.3482]]],[[[-98.5296,43.3483],[-98.5295,43.3409],[-98.5391,43.3409],[-98.539,43.3481],[-98.5296,43.3483]]],[[[-98.4535,43.3558],[-98.4533,43.3542],[-98.4471,43.3544],[-98.4469,43.3486],[-98.453,43.3484],[-98.4535,43.3558]]],[[[-98.5176,43.3596],[-98.5177,43.3592],[-98.5152,43.3592],[-98.5152,43.3572],[-98.5202,43.3572],[-98.5201,43.3604],[-98.5176,43.3604],[-98.5176,43.3596]]],[[[-98.5716,43.3697],[-98.5716,43.3684],[-98.575,43.3675],[-98.5773,43.368],[-98.5776,43.3697],[-98.5716,43.3697]]],[[[-98.3381,43.3695],[-98.3378,43.3659],[-98.3407,43.3659],[-98.3411,43.3695],[-98.3469,43.3696],[-98.3475,43.3769],[-98.3387,43.3767],[-98.3381,43.3695]]],[[[-98.5716,43.3697],[-98.5719,43.3769],[-98.5589,43.3768],[-98.5589,43.3696],[-98.5716,43.3697]]],[[[-98.5735,43.3987],[-98.5732,43.3956],[-98.578,43.3956],[-98.5775,43.3894],[-98.5787,43.3886],[-98.5803,43.3886],[-98.5802,43.3877],[-98.5858,43.3875],[-98.5855,43.3844],[-98.5924,43.3844],[-98.5925,43.3878],[-98.5891,43.3893],[-98.5892,43.3915],[-98.5861,43.3915],[-98.5867,43.3988],[-98.5735,43.3987]]],[[[-98.4979,43.4061],[-98.4973,43.3991],[-98.5072,43.3993],[-98.5079,43.4061],[-98.4979,43.4061]]],[[[-98.5375,43.4024],[-98.5378,43.406],[-98.5278,43.4062],[-98.5275,43.4026],[-98.5375,43.4024]]],[[[-98.4937,43.4131],[-98.4936,43.4115],[-98.4984,43.4115],[-98.4987,43.415],[-98.4937,43.415],[-98.4937,43.4131]]],[[[-98.3714,43.4279],[-98.3707,43.4206],[-98.3781,43.4207],[-98.3783,43.4225],[-98.3758,43.4225],[-98.3763,43.4279],[-98.3714,43.4279]]],[[[-98.6073,43.4421],[-98.5891,43.442],[-98.5891,43.4397],[-98.5877,43.4397],[-98.5877,43.4375],[-98.5862,43.4375],[-98.5862,43.435],[-98.5891,43.435],[-98.5891,43.429],[-98.591,43.429],[-98.5919,43.4285],[-98.592,43.4279],[-98.6035,43.4278],[-98.6035,43.4287],[-98.604,43.4287],[-98.6039,43.4314],[-98.6077,43.4314],[-98.6077,43.4343],[-98.6039,43.4343],[-98.604,43.4361],[-98.609,43.4362],[-98.609,43.4421],[-98.6073,43.4421]]],[[[-98.4501,43.4778],[-98.4501,43.4706],[-98.4402,43.4707],[-98.4402,43.4636],[-98.4601,43.4635],[-98.46,43.4707],[-98.4652,43.4707],[-98.4652,43.4751],[-98.46,43.4751],[-98.4601,43.4779],[-98.4501,43.4778]]],[[[-98.668,43.4991],[-98.6681,43.4854],[-98.6878,43.4854],[-98.6878,43.4709],[-98.7067,43.4711],[-98.7067,43.4927],[-98.6977,43.4927],[-98.6976,43.4992],[-98.668,43.4991]]]]},"properties":{"id":"usgs-pad-us-fee-managers:4706","name":"Douglas County Waterfowl Production Area Of Sd","kind":"land","category":"public-land","sourceCategory":"public-land","sourceId":"usgs-pad-us-fee-managers","sourceUrl":"https://services.arcgis.com/v01gqwM5QqNysAAi/arcgis/rest/services/Fee_Managers_PADUS/FeatureServer/0","sourceUpdated":"2021-12-08T05:00:00.000Z","publicUse":"PAD-US reports restricted access; confirm permits and seasonal rules with the manager.","unit":"FWS","origin":"public-catalog"}},{"type":"Feature","id":"usgs-pad-us-fee-managers:4717","geometry":{"type":"MultiPolygon","coordinates":[[[[-98.7635,45.2694],[-98.7635,45.2657],[-98.7739,45.2658],[-98.7738,45.2731],[-98.7634,45.273],[-98.7635,45.2694]]],[[[-99.6431,45.2546],[-99.6432,45.253],[-99.6473,45.253],[-99.6474,45.2457],[-99.6571,45.2457],[-99.6569,45.2464],[-99.654,45.2475],[-99.6543,45.2486],[-99.6575,45.2482],[-99.6594,45.2482],[-99.6604,45.249],[-99.6626,45.2496],[-99.6641,45.2509],[-99.6679,45.2512],[-99.6679,45.253],[-99.6534,45.253],[-99.6535,45.2553],[-99.6544,45.2566],[-99.6544,45.2602],[-99.6575,45.2602],[-99.6576,45.2638],[-99.6473,45.2638],[-99.6473,45.2602],[-99.6462,45.2602],[-99.6464,45.2546],[-99.6431,45.2546]]],[[[-99.1954,45.2703],[-99.1954,45.2667],[-99.2057,45.2667],[-99.2057,45.2694],[-99.2062,45.2704],[-99.208,45.2709],[-99.2079,45.274],[-99.2134,45.274],[-99.2134,45.2762],[-99.2056,45.2762],[-99.2057,45.2704],[-99.1954,45.2703]]],[[[-98.7615,45.2801],[-98.7614,45.2793],[-98.7634,45.2793],[-98.7635,45.2869],[-98.763,45.2865],[-98.7615,45.2801]]],[[[-98.7572,45.2801],[-98.7572,45.2792],[-98.7612,45.2792],[-98.7614,45.2812],[-98.7627,45.2865],[-98.7611,45.2874],[-98.761,45.2847],[-98.7572,45.2847],[-98.7572,45.2801]]],[[[-98.7654,45.2887],[-98.7654,45.2874],[-98.7695,45.2875],[-98.7695,45.2888],[-98.7654,45.2887]]],[[[-98.7841,45.2877],[-98.7841,45.2866],[-98.7855,45.2866],[-98.7855,45.2855],[-98.7841,45.2855],[-98.7842,45.2805],[-98.8151,45.2807],[-98.8151,45.2879],[-98.7841,45.2877]]],[[[-99.2159,45.2806],[-99.2159,45.274],[-99.2211,45.274],[-99.221,45.2799],[-99.2223,45.2799],[-99.2242,45.2812],[-99.2159,45.2813],[-99.2159,45.2806]]],[[[-99.5909,45.2737],[-99.596,45.2687],[-99.596,45.2674],[-99.6165,45.2674],[-99.6165,45.2602],[-99.6269,45.2602],[-99.6268,45.2647],[-99.6319,45.2646],[-99.6319,45.2651],[-99.6302,45.2667],[-99.6303,45.2674],[-99.6371,45.2674],[-99.637,45.2711],[-99.6165,45.2711],[-99.6165,45.2695],[-99.6127,45.2695],[-99.6127,45.2728],[-99.6084,45.2746],[-99.5883,45.2746],[-99.5909,45.2737]]],[[[-99.1234,45.2884],[-99.1234,45.2812],[-99.1337,45.2812],[-99.1337,45.2884],[-99.1234,45.2884]]],[[[-99.4624,45.2815],[-99.4624,45.2743],[-99.4727,45.2743],[-99.4726,45.2816],[-99.4624,45.2815]]],[[[-99.2261,45.2885],[-99.2261,45.2812],[-99.2364,45.2812],[-99.2364,45.2957],[-99.2261,45.2957],[-99.2261,45.2885]]],[[[-99.5138,45.2925],[-99.5138,45.2897],[-99.5131,45.2897],[-99.5131,45.2888],[-99.5138,45.2888],[-99.5139,45.287],[-99.5164,45.287],[-99.5164,45.2879],[-99.5197,45.2879],[-99.5197,45.2898],[-99.5189,45.2898],[-99.5189,45.2925],[-99.5138,45.2925]]],[[[-99.4419,45.2897],[-99.4419,45.2888],[-99.4453,45.2888],[-99.4453,45.2815],[-99.4419,45.2815],[-99.4419,45.277],[-99.4316,45.277],[-99.4316,45.267],[-99.4445,45.267],[-99.4445,45.2779],[-99.4522,45.2779],[-99.4522,45.2888],[-99.4624,45.2888],[-99.4623,45.3033],[-99.4523,45.3033],[-99.4522,45.296],[-99.4419,45.296],[-99.4419,45.2897]]],[[[-99.0512,45.3103],[-99.0513,45.303],[-99.0615,45.303],[-99.0615,45.3175],[-99.0512,45.3175],[-99.0512,45.3103]]],[[[-99.4623,45.3154],[-99.4623,45.3105],[-99.4726,45.3106],[-99.4726,45.3178],[-99.4623,45.3178],[-99.4623,45.3154]]],[[[-99.5548,45.318],[-99.5549,45.3108],[-99.5651,45.3109],[-99.5651,45.3134],[-99.5663,45.3139],[-99.5674,45.3139],[-99.5674,45.3181],[-99.5548,45.318]]],[[[-99.2212,45.3265],[-99.2211,45.3248],[-99.2261,45.3247],[-99.2261,45.3175],[-99.2363,45.3174],[-99.2363,45.3321],[-99.2261,45.3321],[-99.2261,45.3303],[-99.2212,45.3271],[-99.2212,45.3265]]],[[[-98.7223,45.3436],[-98.7222,45.3379],[-98.7377,45.338],[-98.7377,45.3416],[-98.7286,45.3416],[-98.7286,45.3424],[-98.7252,45.3423],[-98.7252,45.3437],[-98.7223,45.3436]]],[[[-99.3083,45.3325],[-99.3081,45.3323],[-99.3083,45.3323],[-99.3083,45.3325]]],[[[-99.2568,45.3466],[-99.2568,45.3394],[-99.2629,45.3394],[-99.2629,45.3435],[-99.2643,45.3435],[-99.2668,45.3443],[-99.2676,45.3457],[-99.2689,45.3467],[-99.2568,45.3466]]],[[[-99.3019,45.3395],[-99.3016,45.3323],[-99.3075,45.3323],[-99.3083,45.3329],[-99.3083,45.3468],[-99.3015,45.3468],[-99.3033,45.3448],[-99.3033,45.3396],[-99.3019,45.3395]]],[[[-99.5004,45.355],[-99.4989,45.354],[-99.4825,45.3541],[-99.4826,45.3468],[-99.5031,45.3469],[-99.5031,45.354],[-99.502,45.354],[-99.5004,45.355]]],[[[-99.4928,45.3758],[-99.5238,45.3759],[-99.5238,45.383],[-99.4929,45.3829],[-99.4928,45.3758]]],[[[-99.5546,45.3832],[-99.5546,45.376],[-99.5855,45.3761],[-99.5855,45.3906],[-99.5648,45.3904],[-99.5648,45.3832],[-99.5546,45.3832]]],[[[-99.6677,45.3798],[-99.678,45.3798],[-99.678,45.3907],[-99.6677,45.3907],[-99.6677,45.3798]]],[[[-99.4721,45.4047],[-99.4722,45.3975],[-99.4773,45.3975],[-99.4773,45.4048],[-99.4721,45.4047]]],[[[-99.3186,45.4164],[-99.3186,45.4122],[-99.3246,45.4122],[-99.3248,45.4195],[-99.3186,45.4195],[-99.3186,45.4164]]],[[[-99.5441,45.4196],[-99.5441,45.4123],[-99.5544,45.4122],[-99.5543,45.4342],[-99.544,45.4342],[-99.5441,45.4196]]],[[[-99.6214,45.4499],[-99.6214,45.4486],[-99.6266,45.4485],[-99.6266,45.4506],[-99.6214,45.4499]]],[[[-98.8394,45.4765],[-98.8394,45.4694],[-98.8435,45.4693],[-98.8434,45.4766],[-98.8394,45.4765]]],[[[-99.6366,45.4755],[-99.6366,45.4739],[-99.6377,45.4739],[-99.6377,45.4721],[-99.6392,45.4721],[-99.6392,45.4702],[-99.6431,45.4702],[-99.6431,45.4679],[-99.6469,45.4679],[-99.6469,45.4775],[-99.6366,45.4775],[-99.6366,45.4755]]],[[[-99.4514,45.499],[-99.4515,45.4919],[-99.4614,45.4919],[-99.4613,45.499],[-99.4514,45.499]]],[[[-99.2668,45.509],[-99.2657,45.5064],[-99.2669,45.5064],[-99.2669,45.4991],[-99.2772,45.4991],[-99.2772,45.5113],[-99.2668,45.5113],[-99.2668,45.509]]],[[[-99.5283,45.5425],[-99.5283,45.5354],[-99.5334,45.5354],[-99.5334,45.5426],[-99.5283,45.5425]]],[[[-99.6366,45.5427],[-99.6366,45.5391],[-99.6465,45.5391],[-99.6466,45.55],[-99.6366,45.55],[-99.6366,45.5427]]],[[[-99.5231,45.5716],[-99.5231,45.568],[-99.5283,45.568],[-99.5283,45.5716],[-99.5231,45.5716]]],[[[-99.5231,45.5716],[-99.5231,45.5752],[-99.5128,45.5752],[-99.5127,45.5715],[-99.5231,45.5716]]],[[[-99.6367,45.5789],[-99.6366,45.5716],[-99.6469,45.5716],[-99.6469,45.579],[-99.6367,45.5789]]],[[[-99.6675,45.5789],[-99.6675,45.5717],[-99.6778,45.5716],[-99.6778,45.568],[-99.6882,45.5679],[-99.6881,45.5752],[-99.6779,45.5753],[-99.6779,45.5789],[-99.6675,45.5789]]]]},"properties":{"id":"usgs-pad-us-fee-managers:4717","name":"Edmunds County Waterfowl Production Area","kind":"land","category":"public-land","sourceCategory":"public-land","sourceId":"usgs-pad-us-fee-managers","sourceUrl":"https://services.arcgis.com/v01gqwM5QqNysAAi/arcgis/rest/services/Fee_Managers_PADUS/FeatureServer/0","sourceUpdated":"2021-12-08T05:00:00.000Z","publicUse":"PAD-US reports restricted access; confirm permits and seasonal rules with the manager.","unit":"FWS","origin":"public-catalog"}},{"type":"Feature","id":"usgs-pad-us-fee-managers:4759","geometry":{"type":"MultiPolygon","coordinates":[[[[-98.7829,44.9476],[-98.7828,44.9405],[-98.7878,44.9405],[-98.7879,44.9478],[-98.7929,44.9478],[-98.793,44.9514],[-98.7981,44.9514],[-98.7984,44.9586],[-98.7882,44.9586],[-98.788,44.9532],[-98.7829,44.9476]]],[[[-98.92,44.9736],[-98.92,44.955],[-98.9405,44.955],[-98.9405,44.9695],[-98.9232,44.9695],[-98.9232,44.9737],[-98.92,44.9736]]],[[[-98.7387,44.9767],[-98.7387,44.9756],[-98.7471,44.9757],[-98.7471,44.9769],[-98.7474,44.9769],[-98.7473,44.9839],[-98.7472,44.9819],[-98.7456,44.9805],[-98.7391,44.9794],[-98.7391,44.9767],[-98.7387,44.9767]]],[[[-99.2675,45.0675],[-99.2675,45.0639],[-99.288,45.0639],[-99.288,45.0716],[-99.2675,45.0716],[-99.2675,45.0675]]],[[[-99.512,45.2016],[-99.5119,45.1947],[-99.5222,45.1947],[-99.5222,45.2019],[-99.512,45.2019],[-99.512,45.2016]]],[[[-98.7381,45.2242],[-98.7382,45.2084],[-98.7494,45.2083],[-98.7486,45.209],[-98.7484,45.2099],[-98.7476,45.2112],[-98.7472,45.2125],[-98.7474,45.2136],[-98.7464,45.2194],[-98.7458,45.222],[-98.7454,45.2228],[-98.7458,45.2233],[-98.7466,45.2236],[-98.7466,45.2242],[-98.7381,45.2242]]],[[[-98.733,45.2273],[-98.7381,45.2272],[-98.7382,45.2316],[-98.7341,45.2316],[-98.7331,45.2302],[-98.733,45.2273]]],[[[-99.1545,45.2308],[-99.1545,45.2236],[-99.1623,45.2236],[-99.1623,45.2255],[-99.1602,45.2254],[-99.1602,45.2309],[-99.1545,45.2308]]],[[[-99.4455,45.2346],[-99.4455,45.231],[-99.4352,45.231],[-99.435,45.2237],[-99.471,45.2237],[-99.471,45.2239],[-99.4658,45.2239],[-99.4658,45.2309],[-99.4607,45.2309],[-99.4607,45.2348],[-99.4636,45.2348],[-99.4651,45.2382],[-99.4504,45.2382],[-99.4504,45.2346],[-99.4455,45.2346]]]]},"properties":{"id":"usgs-pad-us-fee-managers:4759","name":"Faulk County Waterfowl Production Area","kind":"land","category":"public-land","sourceCategory":"public-land","sourceId":"usgs-pad-us-fee-managers","sourceUrl":"https://services.arcgis.com/v01gqwM5QqNysAAi/arcgis/rest/services/Fee_Managers_PADUS/FeatureServer/0","sourceUpdated":"2021-12-08T05:00:00.000Z","publicUse":"PAD-US reports restricted access; confirm permits and seasonal rules with the manager.","unit":"FWS","origin":"public-catalog"}},{"type":"Feature","id":"usgs-pad-us-fee-managers:4794","geometry":{"type":"MultiPolygon","coordinates":[[[[-96.466,44.9847],[-96.466,44.9774],[-96.476,44.9775],[-96.4761,44.9846],[-96.466,44.9847]]],[[[-96.8085,45.0063],[-96.8084,44.999],[-96.8069,44.999],[-96.8068,44.9941],[-96.8114,44.9941],[-96.8114,44.9945],[-96.8177,44.999],[-96.8177,45.0018],[-96.8167,45.0018],[-96.8167,45.0074],[-96.8103,45.0074],[-96.8103,45.0063],[-96.8085,45.0063]]],[[[-96.8583,45.0033],[-96.8624,45.0053],[-96.8624,45.0059],[-96.8675,45.006],[-96.8673,45.013],[-96.8622,45.0131],[-96.862,45.0114],[-96.8596,45.0091],[-96.8583,45.0073],[-96.8576,45.0059],[-96.8576,45.0051],[-96.8583,45.0033]]],[[[-96.8524,45.0205],[-96.8529,45.0205],[-96.8564,45.0243],[-96.8422,45.0244],[-96.8422,45.0207],[-96.8524,45.0205]]],[[[-96.4662,45.0356],[-96.4662,45.0319],[-96.4724,45.0319],[-96.4725,45.0304],[-96.4764,45.0304],[-96.4764,45.0302],[-96.479,45.0302],[-96.4812,45.0313],[-96.4812,45.0326],[-96.4803,45.0332],[-96.4785,45.0332],[-96.4786,45.0355],[-96.4662,45.0356]]],[[[-96.844,45.0496],[-96.8438,45.0497],[-96.8437,45.0525],[-96.8388,45.0526],[-96.8384,45.0516],[-96.8386,45.0516],[-96.8379,45.0497],[-96.844,45.0496]]],[[[-96.5895,45.0927],[-96.5895,45.088],[-96.5959,45.088],[-96.5959,45.0927],[-96.5895,45.0927]]],[[[-96.4976,45.0964],[-96.4976,45.0932],[-96.5078,45.0932],[-96.5078,45.0964],[-96.4976,45.0964]]],[[[-96.4564,45.0896],[-96.4564,45.086],[-96.4666,45.086],[-96.4666,45.0896],[-96.4769,45.0895],[-96.477,45.1004],[-96.4667,45.1004],[-96.4666,45.0914],[-96.4615,45.0914],[-96.4615,45.0896],[-96.4564,45.0896]]],[[[-96.6102,45.1289],[-96.6102,45.1261],[-96.6179,45.1261],[-96.6179,45.1286],[-96.6205,45.1286],[-96.6205,45.1288],[-96.6102,45.1289]]],[[[-96.5487,45.1434],[-96.5488,45.1389],[-96.5447,45.1389],[-96.5447,45.1362],[-96.5529,45.1361],[-96.5528,45.1412],[-96.5564,45.1412],[-96.5564,45.1434],[-96.5487,45.1434]]],[[[-96.566,45.1435],[-96.5661,45.1362],[-96.5692,45.1362],[-96.5691,45.1435],[-96.566,45.1435]]],[[[-96.9143,45.1717],[-96.9143,45.1646],[-96.9319,45.1647],[-96.9318,45.1719],[-96.9143,45.1717]]],[[[-96.9243,45.1836],[-96.9243,45.1829],[-96.9319,45.183],[-96.9318,45.1793],[-96.9426,45.1794],[-96.9426,45.1808],[-96.9529,45.1809],[-96.9529,45.1795],[-96.9534,45.1795],[-96.9532,45.1869],[-96.9548,45.1869],[-96.955,45.2013],[-96.9247,45.201],[-96.9243,45.1836]]],[[[-96.9654,45.2304],[-96.9555,45.2303],[-96.9553,45.2266],[-96.9654,45.2267],[-96.9654,45.2304]]],[[[-96.5476,45.2242],[-96.5458,45.2232],[-96.5502,45.2232],[-96.5502,45.2286],[-96.5527,45.2286],[-96.5527,45.2355],[-96.5476,45.2355],[-96.5476,45.2242]]],[[[-96.9654,45.2304],[-97.0015,45.2302],[-97.0016,45.234],[-97.0051,45.234],[-97.0056,45.2404],[-97.0049,45.2404],[-97.0055,45.2514],[-97.0044,45.2514],[-97.0047,45.2511],[-97.0038,45.2507],[-97.0036,45.2512],[-97.0028,45.2513],[-97.0021,45.2516],[-97.0015,45.2512],[-97.0004,45.251],[-96.9996,45.2504],[-96.9985,45.2502],[-96.9978,45.2504],[-96.9961,45.25],[-96.9956,45.2497],[-96.9955,45.2477],[-96.9904,45.2477],[-96.9905,45.2402],[-96.9853,45.2403],[-96.9853,45.2547],[-96.9648,45.2545],[-96.9648,45.2473],[-96.975,45.2474],[-96.9751,45.2403],[-96.966,45.2401],[-96.9654,45.2304]]],[[[-97.2163,45.2464],[-97.2163,45.2429],[-97.2262,45.243],[-97.2261,45.2529],[-97.2163,45.2527],[-97.2163,45.2464]]],[[[-96.4838,45.2653],[-96.4838,45.2581],[-96.486,45.2581],[-96.4858,45.2593],[-96.4908,45.2617],[-96.4902,45.2638],[-96.4889,45.2652],[-96.4941,45.2652],[-96.4838,45.2653]]],[[[-96.6066,45.2977],[-96.6067,45.3051],[-96.5964,45.3051],[-96.5964,45.2978],[-96.6066,45.2977]]],[[[-96.8503,45.3117],[-96.8502,45.308],[-96.8546,45.308],[-96.8546,45.3117],[-96.8503,45.3117]]],[[[-96.7086,45.3118],[-96.7086,45.3138],[-96.7036,45.3138],[-96.7036,45.3118],[-96.7086,45.3118]]],[[[-96.5094,45.3267],[-96.5094,45.3231],[-96.5145,45.3231],[-96.5144,45.3267],[-96.5094,45.3267]]]]},"properties":{"id":"usgs-pad-us-fee-managers:4794","name":"Grant County Waterfowl Production Area","kind":"land","category":"public-land","sourceCategory":"public-land","sourceId":"usgs-pad-us-fee-managers","sourceUrl":"https://services.arcgis.com/v01gqwM5QqNysAAi/arcgis/rest/services/Fee_Managers_PADUS/FeatureServer/0","sourceUpdated":"2021-12-08T05:00:00.000Z","publicUse":"PAD-US reports restricted access; confirm permits and seasonal rules with the manager.","unit":"FWS","origin":"public-catalog"}},{"type":"Feature","id":"usgs-pad-us-fee-managers:4837","geometry":{"type":"MultiPolygon","coordinates":[[[[-97.0528,44.5435],[-97.059,44.5435],[-97.0575,44.5451],[-97.0546,44.5451],[-97.0528,44.5435]]],[[[-97.0172,44.5726],[-97.0171,44.5689],[-97.0272,44.5691],[-97.0273,44.5728],[-97.0172,44.5726]]],[[[-97.0367,44.5727],[-97.0367,44.5691],[-97.0416,44.5691],[-97.0417,44.5693],[-97.042,44.5727],[-97.0367,44.5727]]],[[[-97.4518,44.5693],[-97.4518,44.562],[-97.4417,44.562],[-97.4417,44.5656],[-97.4316,44.5655],[-97.4316,44.5583],[-97.4632,44.5584],[-97.4631,44.5656],[-97.4618,44.5656],[-97.4618,44.5729],[-97.4517,44.5728],[-97.4518,44.5693]]],[[[-97.361,44.5942],[-97.3611,44.587],[-97.3706,44.587],[-97.3706,44.5941],[-97.361,44.5942]]],[[[-97.2491,44.6374],[-97.2492,44.6337],[-97.2642,44.6338],[-97.2642,44.6447],[-97.2491,44.6448],[-97.2491,44.6374]]],[[[-97.4111,44.6597],[-97.4111,44.6593],[-97.4212,44.6593],[-97.4211,44.6666],[-97.4109,44.6666],[-97.4111,44.6597]]],[[[-97.4288,44.6739],[-97.4288,44.6703],[-97.4313,44.6703],[-97.4313,44.6739],[-97.4288,44.6739]]],[[[-97.1533,44.6774],[-97.1533,44.6736],[-97.1688,44.6736],[-97.1686,44.6881],[-97.1584,44.6881],[-97.1584,44.6845],[-97.1533,44.6845],[-97.1533,44.6774]]],[[[-97.1077,44.6981],[-97.1078,44.7027],[-97.0977,44.7029],[-97.0977,44.6983],[-97.1077,44.6981]]],[[[-97.2795,44.7097],[-97.2796,44.7024],[-97.2838,44.7024],[-97.2837,44.7079],[-97.2895,44.7079],[-97.2895,44.7097],[-97.2795,44.7097]]],[[[-97.1276,44.7094],[-97.1378,44.7096],[-97.1378,44.7166],[-97.1131,44.7167],[-97.1132,44.7161],[-97.111,44.7161],[-97.111,44.715],[-97.1079,44.715],[-97.1079,44.7099],[-97.1276,44.7094]]],[[[-97.4713,44.7327],[-97.4713,44.7318],[-97.4917,44.7319],[-97.4918,44.7354],[-97.4712,44.7355],[-97.4713,44.7327]]],[[[-97.4711,44.7463],[-97.4686,44.7463],[-97.4686,44.7427],[-97.4711,44.7427],[-97.4711,44.7463]]],[[[-97.4711,44.7463],[-97.4788,44.7463],[-97.4787,44.7481],[-97.4711,44.7481],[-97.4711,44.7463]]],[[[-97.2848,44.7772],[-97.2853,44.7749],[-97.2892,44.7749],[-97.2892,44.7792],[-97.2874,44.7793],[-97.2848,44.7772]]],[[[-97.4352,44.7774],[-97.4351,44.7753],[-97.451,44.7752],[-97.4512,44.7825],[-97.4309,44.7825],[-97.4309,44.7774],[-97.4352,44.7774]]],[[[-97.3902,44.7824],[-97.3975,44.7823],[-97.3977,44.7877],[-97.3947,44.7862],[-97.3936,44.786],[-97.3935,44.7824],[-97.3902,44.7824]]],[[[-97.4767,44.7926],[-97.4766,44.7918],[-97.4775,44.7919],[-97.4775,44.7897],[-97.4875,44.7897],[-97.4875,44.7929],[-97.4886,44.7933],[-97.4913,44.7935],[-97.4913,44.7968],[-97.477,44.7969],[-97.4767,44.7926]]],[[[-97.4105,44.7969],[-97.4206,44.7969],[-97.4206,44.7983],[-97.4188,44.7983],[-97.4188,44.8001],[-97.415,44.8],[-97.415,44.797],[-97.4105,44.7969]]],[[[-97.3199,44.8041],[-97.3199,44.8018],[-97.3301,44.8018],[-97.3301,44.803],[-97.3304,44.8033],[-97.3366,44.804],[-97.3199,44.8041]]],[[[-97.4773,44.8024],[-97.4757,44.8018],[-97.4713,44.8019],[-97.4714,44.8007],[-97.4874,44.8005],[-97.4874,44.8014],[-97.4836,44.8014],[-97.4835,44.8021],[-97.4796,44.802],[-97.4791,44.8024],[-97.4793,44.8041],[-97.4773,44.8041],[-97.4773,44.8024]]]]},"properties":{"id":"usgs-pad-us-fee-managers:4837","name":"Hamlin County Waterfowl Production Area","kind":"land","category":"public-land","sourceCategory":"public-land","sourceId":"usgs-pad-us-fee-managers","sourceUrl":"https://services.arcgis.com/v01gqwM5QqNysAAi/arcgis/rest/services/Fee_Managers_PADUS/FeatureServer/0","sourceUpdated":"2021-12-08T05:00:00.000Z","publicUse":"PAD-US reports restricted access; confirm permits and seasonal rules with the manager.","unit":"FWS","origin":"public-catalog"}},{"type":"Feature","id":"usgs-pad-us-fee-managers:4840","geometry":{"type":"MultiPolygon","coordinates":[[[[-98.7611,44.251],[-98.7612,44.2401],[-98.7713,44.2402],[-98.7713,44.2474],[-98.7674,44.2474],[-98.7673,44.2501],[-98.7624,44.2501],[-98.7624,44.251],[-98.7611,44.251]]],[[[-98.7663,44.2473],[-98.7713,44.2473],[-98.7613,44.2473],[-98.7663,44.2473]]],[[[-99.0088,44.2617],[-99.0088,44.2581],[-99.0139,44.2581],[-99.0139,44.2617],[-99.0088,44.2617]]],[[[-98.7835,44.2753],[-98.7834,44.2737],[-98.7845,44.2737],[-98.7844,44.2723],[-98.7915,44.2723],[-98.7915,44.2692],[-98.7917,44.2742],[-98.7901,44.2742],[-98.7902,44.2752],[-98.7835,44.2753]]],[[[-98.904,44.2763],[-98.9039,44.2704],[-98.9025,44.2691],[-98.892,44.269],[-98.8883,44.2726],[-98.8837,44.2726],[-98.8837,44.2684],[-98.8866,44.2683],[-98.8881,44.2671],[-98.8903,44.2662],[-98.8922,44.2669],[-98.893,44.2651],[-98.8937,44.2641],[-98.8961,44.2631],[-98.8983,44.2633],[-98.9012,44.2646],[-98.905,44.2651],[-98.9057,44.2658],[-98.9068,44.2657],[-98.9084,44.266],[-98.9115,44.2675],[-98.9133,44.2691],[-98.9089,44.2691],[-98.9089,44.2727],[-98.919,44.2727],[-98.9189,44.269],[-98.9239,44.269],[-98.924,44.2727],[-98.929,44.2727],[-98.929,44.2691],[-98.9332,44.2691],[-98.9332,44.2696],[-98.934,44.2696],[-98.9342,44.2763],[-98.904,44.2763]]],[[[-98.791,44.2979],[-98.791,44.296],[-98.7953,44.2959],[-98.7953,44.2979],[-98.791,44.2979]]],[[[-98.7789,44.3052],[-98.7801,44.298],[-98.7819,44.298],[-98.7819,44.3053],[-98.7789,44.3052]]],[[[-98.9118,44.3739],[-98.9098,44.3705],[-98.9147,44.3705],[-98.9146,44.3633],[-98.9248,44.3633],[-98.9248,44.3706],[-98.9278,44.3706],[-98.9171,44.378],[-98.9115,44.378],[-98.9089,44.3759],[-98.9118,44.3739]]],[[[-98.8641,44.3787],[-98.8641,44.3704],[-98.8843,44.3704],[-98.8843,44.3777],[-98.8742,44.3777],[-98.8742,44.3849],[-98.8641,44.3849],[-98.8641,44.3787]]],[[[-99.1452,44.3996],[-99.1452,44.3941],[-99.1553,44.3941],[-99.1553,44.3851],[-99.1654,44.385],[-99.1654,44.3996],[-99.1452,44.3996]]],[[[-99.1301,44.7217],[-99.1303,44.7072],[-99.1505,44.7072],[-99.1505,44.7144],[-99.1403,44.7144],[-99.1403,44.7217],[-99.1301,44.7217]]],[[[-99.0059,44.8106],[-99.0059,44.8088],[-99.0054,44.8088],[-99.0054,44.8049],[-99.0067,44.8049],[-99.0067,44.8013],[-99.0187,44.8013],[-99.0186,44.8088],[-99.0085,44.8088],[-99.0084,44.8106],[-99.0059,44.8106]]],[[[-99.2622,44.809],[-99.2623,44.8017],[-99.2725,44.8017],[-99.2725,44.7965],[-99.2749,44.7965],[-99.2749,44.7944],[-99.2828,44.7945],[-99.2827,44.809],[-99.2622,44.809]]],[[[-99.0888,44.8157],[-99.0888,44.8126],[-99.0919,44.8126],[-99.0919,44.8186],[-99.0888,44.8186],[-99.0888,44.8157]]],[[[-98.7258,44.83],[-98.7258,44.8235],[-98.7268,44.8235],[-98.7268,44.8228],[-98.7361,44.8229],[-98.7361,44.8301],[-98.7258,44.83]]],[[[-98.7513,44.8593],[-98.7564,44.8592],[-98.7563,44.8665],[-98.7512,44.8664],[-98.7513,44.8593]]],[[[-99.2215,44.8799],[-99.2214,44.8743],[-99.2418,44.8743],[-99.2418,44.8815],[-99.2317,44.8815],[-99.2317,44.8805],[-99.2241,44.8804],[-99.2241,44.8799],[-99.2215,44.8799]]],[[[-98.7997,44.8924],[-98.804,44.8924],[-98.804,44.8971],[-98.7992,44.8971],[-98.7992,44.8953],[-98.7997,44.8952],[-98.7997,44.8924]]]]},"properties":{"id":"usgs-pad-us-fee-managers:4840","name":"Hand County Waterfowl Production Area","kind":"land","category":"public-land","sourceCategory":"public-land","sourceId":"usgs-pad-us-fee-managers","sourceUrl":"https://services.arcgis.com/v01gqwM5QqNysAAi/arcgis/rest/services/Fee_Managers_PADUS/FeatureServer/0","sourceUpdated":"2021-12-08T05:00:00.000Z","publicUse":"PAD-US reports restricted access; confirm permits and seasonal rules with the manager.","unit":"FWS","origin":"public-catalog"}},{"type":"Feature","id":"usgs-pad-us-fee-managers:4842","geometry":{"type":"MultiPolygon","coordinates":[[[[-97.8013,43.6329],[-97.8001,43.6302],[-97.8048,43.6303],[-97.8047,43.632],[-97.8029,43.633],[-97.8013,43.6329]]],[[[-97.6667,43.6639],[-97.6667,43.6594],[-97.6673,43.6594],[-97.6673,43.6589],[-97.6798,43.659],[-97.6798,43.66],[-97.682,43.6606],[-97.682,43.6619],[-97.6777,43.665],[-97.6769,43.6652],[-97.6703,43.6651],[-97.6667,43.6639]]],[[[-97.6709,43.6662],[-97.6763,43.6661],[-97.6763,43.6662],[-97.6709,43.6662]]],[[[-97.608,43.7435],[-97.6076,43.7385],[-97.617,43.7385],[-97.6171,43.7421],[-97.6108,43.7421],[-97.6081,43.7442],[-97.608,43.7435]]],[[[-97.6302,43.8118],[-97.6302,43.8103],[-97.6309,43.8103],[-97.6309,43.8068],[-97.6337,43.8068],[-97.6337,43.8038],[-97.6387,43.8038],[-97.6387,43.8121],[-97.6302,43.8121],[-97.6302,43.8118]]],[[[-97.6387,43.8255],[-97.6387,43.8184],[-97.6687,43.8185],[-97.6687,43.8258],[-97.6387,43.8255]]],[[[-97.8119,43.8483],[-97.8119,43.8439],[-97.8129,43.8439],[-97.813,43.8403],[-97.828,43.8403],[-97.8279,43.8439],[-97.8179,43.8439],[-97.8179,43.8483],[-97.8119,43.8483]]]]},"properties":{"id":"usgs-pad-us-fee-managers:4842","name":"Hanson County Waterfowl Production Area","kind":"land","category":"public-land","sourceCategory":"public-land","sourceId":"usgs-pad-us-fee-managers","sourceUrl":"https://services.arcgis.com/v01gqwM5QqNysAAi/arcgis/rest/services/Fee_Managers_PADUS/FeatureServer/0","sourceUpdated":"2021-12-08T05:00:00.000Z","publicUse":"PAD-US reports restricted access; confirm permits and seasonal rules with the manager.","unit":"FWS","origin":"public-catalog"}},{"type":"Feature","id":"usgs-pad-us-fee-managers:4870","geometry":{"type":"MultiPolygon","coordinates":[[[[-99.9366,44.3882],[-99.9366,44.3821],[-99.9467,44.3821],[-99.9467,44.3883],[-99.9366,44.3882]]],[[[-100.3198,44.4401],[-100.3198,44.4328],[-100.3399,44.4328],[-100.3399,44.4401],[-100.3198,44.4401]]]]},"properties":{"id":"usgs-pad-us-fee-managers:4870","name":"Hughes County Waterfowl Production Area","kind":"land","category":"public-land","sourceCategory":"public-land","sourceId":"usgs-pad-us-fee-managers","sourceUrl":"https://services.arcgis.com/v01gqwM5QqNysAAi/arcgis/rest/services/Fee_Managers_PADUS/FeatureServer/0","sourceUpdated":"2021-12-08T05:00:00.000Z","publicUse":"PAD-US reports restricted access; confirm permits and seasonal rules with the manager.","unit":"FWS","origin":"public-catalog"}},{"type":"Feature","id":"usgs-pad-us-fee-managers:4874","geometry":{"type":"MultiPolygon","coordinates":[[[[-97.9051,43.3045],[-97.905,43.3018],[-97.9099,43.3016],[-97.9101,43.3043],[-97.9151,43.3042],[-97.9154,43.3096],[-97.9055,43.3099],[-97.9051,43.3045]]],[[[-97.9158,43.3172],[-97.9158,43.3157],[-97.912,43.3158],[-97.9119,43.3132],[-97.9139,43.3131],[-97.9154,43.3116],[-97.9155,43.3113],[-97.9163,43.3112],[-97.9163,43.3107],[-97.9155,43.3107],[-97.9154,43.3098],[-97.919,43.3098],[-97.9195,43.3131],[-97.9273,43.3131],[-97.9274,43.3157],[-97.9284,43.3157],[-97.9285,43.3203],[-97.9157,43.3203],[-97.9158,43.3172]]],[[[-97.6487,43.4003],[-97.6488,43.3931],[-97.6587,43.3933],[-97.6587,43.4004],[-97.6487,43.4003]]],[[[-97.8976,43.4348],[-97.8974,43.4298],[-97.8996,43.4298],[-97.8996,43.4293],[-97.8991,43.4288],[-97.8992,43.4276],[-97.9041,43.4275],[-97.9041,43.4296],[-97.9032,43.4297],[-97.9032,43.4312],[-97.9007,43.4312],[-97.9008,43.4348],[-97.8976,43.4348]]],[[[-98.0371,43.4634],[-98.0371,43.4562],[-98.0471,43.4561],[-98.047,43.4634],[-98.0371,43.4634]]]]},"properties":{"id":"usgs-pad-us-fee-managers:4874","name":"Hutchinson County Waterfowl Production Area","kind":"land","category":"public-land","sourceCategory":"public-land","sourceId":"usgs-pad-us-fee-managers","sourceUrl":"https://services.arcgis.com/v01gqwM5QqNysAAi/arcgis/rest/services/Fee_Managers_PADUS/FeatureServer/0","sourceUpdated":"2021-12-08T05:00:00.000Z","publicUse":"PAD-US reports restricted access; confirm permits and seasonal rules with the manager.","unit":"FWS","origin":"public-catalog"}},{"type":"Feature","id":"usgs-pad-us-fee-managers:4876","geometry":{"type":"Polygon","coordinates":[[[-99.4821,44.4257],[-99.482,44.4183],[-99.4921,44.4183],[-99.4921,44.411],[-99.5024,44.4109],[-99.5025,44.3966],[-99.5427,44.3964],[-99.5426,44.4035],[-99.5528,44.4035],[-99.5528,44.4107],[-99.5123,44.4109],[-99.5123,44.4182],[-99.5224,44.4182],[-99.5224,44.4254],[-99.4821,44.4257]]]},"properties":{"id":"usgs-pad-us-fee-managers:4876","name":"Hyde County Waterfowl Production Area","kind":"land","category":"public-land","sourceCategory":"public-land","sourceId":"usgs-pad-us-fee-managers","sourceUrl":"https://services.arcgis.com/v01gqwM5QqNysAAi/arcgis/rest/services/Fee_Managers_PADUS/FeatureServer/0","sourceUpdated":"2021-12-08T05:00:00.000Z","publicUse":"PAD-US reports restricted access; confirm permits and seasonal rules with the manager.","unit":"FWS","origin":"public-catalog"}},{"type":"Feature","id":"usgs-pad-us-fee-managers:4896","geometry":{"type":"MultiPolygon","coordinates":[[[[-98.392,44.017],[-98.392,43.9953],[-98.412,43.9952],[-98.4121,44.0025],[-98.4221,44.0023],[-98.4221,44.0096],[-98.402,44.0098],[-98.402,44.017],[-98.392,44.017]]],[[[-98.6055,44.0122],[-98.6056,44.0086],[-98.6156,44.0086],[-98.6142,44.0088],[-98.6125,44.0096],[-98.6119,44.0102],[-98.6106,44.0123],[-98.6105,44.0131],[-98.6105,44.0123],[-98.6055,44.0122]]],[[[-98.4124,44.1004],[-98.4124,44.0968],[-98.4143,44.0967],[-98.4156,44.0964],[-98.4164,44.0968],[-98.4174,44.0968],[-98.4172,44.1004],[-98.4124,44.1004]]],[[[-98.4675,44.1037],[-98.4675,44.0966],[-98.4819,44.0965],[-98.4819,44.1001],[-98.4718,44.1001],[-98.4718,44.1039],[-98.4675,44.1039],[-98.4675,44.1037]]],[[[-98.6706,44.1171],[-98.6706,44.1167],[-98.6732,44.1166],[-98.6732,44.1191],[-98.6708,44.1191],[-98.6706,44.1171]]],[[[-98.3761,44.1386],[-98.3761,44.1353],[-98.3799,44.1353],[-98.3799,44.1335],[-98.3824,44.1335],[-98.3824,44.1407],[-98.3796,44.1401],[-98.3761,44.1386]]],[[[-98.7194,44.1656],[-98.7195,44.1529],[-98.7172,44.1529],[-98.7172,44.1502],[-98.7195,44.1502],[-98.7195,44.1493],[-98.7232,44.1492],[-98.7233,44.1528],[-98.7245,44.1528],[-98.7245,44.1601],[-98.7235,44.1601],[-98.7235,44.1637],[-98.722,44.1638],[-98.7219,44.1656],[-98.7194,44.1656]]],[[[-98.7162,44.1819],[-98.7174,44.1805],[-98.7197,44.1802],[-98.7196,44.171],[-98.7247,44.1746],[-98.7246,44.1808],[-98.7197,44.1809],[-98.7197,44.182],[-98.7162,44.1819]]],[[[-98.868,44.1841],[-98.868,44.1805],[-98.878,44.1806],[-98.878,44.1842],[-98.8881,44.1842],[-98.8881,44.1878],[-98.8679,44.1878],[-98.868,44.1841]]]]},"properties":{"id":"usgs-pad-us-fee-managers:4896","name":"Jerauld County Waterfowl Production Area","kind":"land","category":"public-land","sourceCategory":"public-land","sourceId":"usgs-pad-us-fee-managers","sourceUrl":"https://services.arcgis.com/v01gqwM5QqNysAAi/arcgis/rest/services/Fee_Managers_PADUS/FeatureServer/0","sourceUpdated":"2021-12-08T05:00:00.000Z","publicUse":"PAD-US reports restricted access; confirm permits and seasonal rules with the manager.","unit":"FWS","origin":"public-catalog"}},{"type":"Feature","id":"usgs-pad-us-fee-managers:4912","geometry":{"type":"MultiPolygon","coordinates":[[[[-98.5097,43.0032],[-98.5098,43.004],[-98.5095,43.0054],[-98.5088,43.0049],[-98.5078,43.0037],[-98.5075,43.003],[-98.5076,43.0027],[-98.508,43.0027],[-98.5086,43.0021],[-98.5075,43.0009],[-98.5069,42.9996],[-98.5058,42.9985],[-98.5276,42.9986],[-98.5275,43.0026],[-98.5175,43.0026],[-98.5173,43.0059],[-98.5101,43.0059],[-98.5097,43.0032]]],[[[-98.5174,43.0285],[-98.5169,43.0277],[-98.5323,43.028],[-98.5323,43.0243],[-98.5421,43.0243],[-98.5422,43.0278],[-98.5471,43.0278],[-98.5471,43.0315],[-98.5521,43.0316],[-98.552,43.0388],[-98.5256,43.0387],[-98.5244,43.037],[-98.5223,43.0358],[-98.5209,43.0346],[-98.5181,43.0302],[-98.5174,43.0285]]]]},"properties":{"id":"usgs-pad-us-fee-managers:4912","name":"Karl E. Mundt National Wildlife Refuge","kind":"land","category":"public-land","sourceCategory":"public-land","sourceId":"usgs-pad-us-fee-managers","sourceUrl":"https://services.arcgis.com/v01gqwM5QqNysAAi/arcgis/rest/services/Fee_Managers_PADUS/FeatureServer/0","sourceUpdated":"2021-12-08T05:00:00.000Z","publicUse":"PAD-US reports restricted access; confirm permits and seasonal rules with the manager.","unit":"FWS","origin":"public-catalog"}},{"type":"Feature","id":"usgs-pad-us-fee-managers:4926","geometry":{"type":"MultiPolygon","coordinates":[[[[-97.3912,44.2021],[-97.3912,44.2018],[-97.4012,44.2018],[-97.4013,44.2057],[-97.3913,44.2057],[-97.3912,44.2021]]],[[[-97.3763,44.2093],[-97.3763,44.2057],[-97.3745,44.2057],[-97.3745,44.1988],[-97.3713,44.1988],[-97.3713,44.1985],[-97.3831,44.1984],[-97.3832,44.2048],[-97.3848,44.2048],[-97.3849,44.2074],[-97.3847,44.2074],[-97.3846,44.2079],[-97.3826,44.2093],[-97.3763,44.2093]]],[[[-97.5117,44.2155],[-97.5067,44.2095],[-97.5117,44.2095],[-97.5118,44.2076],[-97.5135,44.2089],[-97.5135,44.2095],[-97.516,44.2095],[-97.516,44.2109],[-97.5184,44.2124],[-97.5196,44.2124],[-97.5195,44.2143],[-97.5166,44.2144],[-97.5133,44.2155],[-97.5117,44.2155]]],[[[-97.2119,44.2201],[-97.2119,44.2176],[-97.2098,44.2175],[-97.2098,44.2157],[-97.2124,44.2157],[-97.2123,44.2103],[-97.2185,44.2103],[-97.2185,44.2176],[-97.2167,44.2176],[-97.2167,44.2201],[-97.2119,44.2201]]],[[[-97.3913,44.231],[-97.3913,44.2238],[-97.4014,44.2237],[-97.4014,44.231],[-97.3913,44.231]]],[[[-97.1494,44.2609],[-97.1654,44.2609],[-97.1654,44.2681],[-97.1494,44.2681],[-97.1494,44.2609]]],[[[-97.4399,44.2751],[-97.4213,44.2747],[-97.4214,44.2673],[-97.4316,44.2673],[-97.4317,44.2528],[-97.4416,44.2529],[-97.4416,44.2493],[-97.4516,44.2493],[-97.4516,44.2496],[-97.4442,44.2527],[-97.4371,44.2578],[-97.4364,44.2682],[-97.4384,44.2707],[-97.4399,44.2751]]],[[[-97.1895,44.2899],[-97.1895,44.2862],[-97.1996,44.2863],[-97.1996,44.2899],[-97.1895,44.2899]]],[[[-97.1895,44.2944],[-97.1895,44.2935],[-97.1996,44.2935],[-97.1996,44.2954],[-97.1968,44.2954],[-97.1968,44.2944],[-97.1895,44.2944]]],[[[-97.4936,44.3036],[-97.4976,44.2999],[-97.5032,44.2963],[-97.5056,44.2903],[-97.5115,44.2904],[-97.5115,44.2928],[-97.5064,44.2927],[-97.5064,44.2964],[-97.5114,44.2964],[-97.5114,44.3037],[-97.4936,44.3036]]],[[[-97.5001,44.3003],[-97.5001,44.2995],[-97.4998,44.2994],[-97.4985,44.3004],[-97.5001,44.3003]]],[[[-97.1693,44.3116],[-97.1693,44.2971],[-97.1591,44.297],[-97.1592,44.2897],[-97.1794,44.2898],[-97.1794,44.3043],[-97.1895,44.3044],[-97.1895,44.308],[-97.1844,44.308],[-97.1844,44.3116],[-97.1693,44.3116]]],[[[-97.495,44.3182],[-97.4943,44.318],[-97.5113,44.3181],[-97.5113,44.3254],[-97.5053,44.3253],[-97.5039,44.324],[-97.5023,44.3237],[-97.5021,44.3231],[-97.5004,44.321],[-97.495,44.3182]]],[[[-97.5229,44.3353],[-97.5231,44.3326],[-97.5215,44.3326],[-97.5215,44.33],[-97.5316,44.3298],[-97.5316,44.3254],[-97.538,44.3254],[-97.538,44.3336],[-97.5316,44.3335],[-97.5316,44.3356],[-97.5229,44.3353]]],[[[-97.2297,44.3478],[-97.2298,44.3456],[-97.2323,44.3455],[-97.2323,44.3441],[-97.2365,44.344],[-97.2365,44.3457],[-97.2381,44.3457],[-97.238,44.3478],[-97.2297,44.3478]]],[[[-97.2095,44.362],[-97.2096,44.3478],[-97.2229,44.3478],[-97.2228,44.3551],[-97.2195,44.3551],[-97.2195,44.362],[-97.2095,44.362]]],[[[-97.4912,44.3614],[-97.4912,44.3543],[-97.5013,44.3542],[-97.5013,44.3579],[-97.4975,44.3578],[-97.4975,44.3615],[-97.4912,44.3614]]],[[[-97.166,44.3797],[-97.166,44.3767],[-97.1692,44.3767],[-97.1693,44.3797],[-97.166,44.3797]]],[[[-97.5013,44.3832],[-97.5013,44.3825],[-97.507,44.3832],[-97.5013,44.3832]]],[[[-97.4681,44.3854],[-97.4681,44.3812],[-97.4696,44.3812],[-97.4696,44.3796],[-97.4714,44.3796],[-97.4714,44.3788],[-97.4815,44.38],[-97.4815,44.3831],[-97.4815,44.38],[-97.4815,44.3831],[-97.4714,44.3832],[-97.4714,44.3854],[-97.4681,44.3854]]],[[[-97.5214,44.3845],[-97.5013,44.3819],[-97.5012,44.3743],[-97.5034,44.3743],[-97.5034,44.3752],[-97.5113,44.3753],[-97.5113,44.3759],[-97.5163,44.3759],[-97.5163,44.3832],[-97.5214,44.3831],[-97.5214,44.3759],[-97.522,44.3759],[-97.5265,44.3787],[-97.5291,44.3791],[-97.5315,44.3791],[-97.5315,44.3797],[-97.5284,44.3796],[-97.5307,44.3831],[-97.5315,44.3836],[-97.5329,44.3831],[-97.5315,44.3837],[-97.5301,44.3837],[-97.5276,44.3853],[-97.5214,44.3845]]],[[[-97.4209,44.3829],[-97.4209,44.3793],[-97.431,44.3794],[-97.431,44.3903],[-97.4208,44.3903],[-97.4209,44.3829]]],[[[-97.5317,44.4044],[-97.5216,44.4044],[-97.5215,44.3905],[-97.5113,44.3905],[-97.5113,44.3839],[-97.5214,44.3851],[-97.5214,44.3879],[-97.5299,44.3879],[-97.5298,44.3858],[-97.5315,44.386],[-97.5317,44.3977],[-97.5397,44.3977],[-97.5397,44.4],[-97.5416,44.4],[-97.5417,44.405],[-97.5317,44.4049],[-97.5317,44.4044]]],[[[-97.4209,44.4083],[-97.4209,44.4048],[-97.431,44.4047],[-97.431,44.402],[-97.436,44.402],[-97.436,44.4048],[-97.441,44.4048],[-97.4364,44.4049],[-97.4364,44.4058],[-97.4332,44.4058],[-97.4332,44.4091],[-97.4309,44.4091],[-97.4309,44.4083],[-97.4209,44.4083]]],[[[-97.4006,44.4191],[-97.4158,44.4193],[-97.4158,44.4265],[-97.4006,44.4264],[-97.4006,44.4191]]],[[[-97.5115,44.4412],[-97.5015,44.4411],[-97.5014,44.4351],[-97.4984,44.4351],[-97.4984,44.4338],[-97.5014,44.4338],[-97.5014,44.4331],[-97.5072,44.4332],[-97.5073,44.4393],[-97.5115,44.4393],[-97.5115,44.4412]]],[[[-97.5115,44.4412],[-97.5216,44.441],[-97.5216,44.4439],[-97.5152,44.4439],[-97.5151,44.4484],[-97.5116,44.4484],[-97.5115,44.4412]]],[[[-97.3902,44.4773],[-97.3902,44.4669],[-97.3987,44.4668],[-97.3987,44.4699],[-97.4003,44.4699],[-97.4003,44.4773],[-97.3902,44.4773]]],[[[-97.1383,44.4852],[-97.1383,44.478],[-97.1462,44.478],[-97.1468,44.4785],[-97.1467,44.4801],[-97.1484,44.4805],[-97.1484,44.4839],[-97.147,44.4839],[-97.147,44.4844],[-97.1484,44.4844],[-97.1484,44.4852],[-97.1383,44.4852]]],[[[-97.4307,44.4917],[-97.4307,44.4873],[-97.4372,44.4873],[-97.4371,44.4855],[-97.4403,44.4855],[-97.4417,44.4912],[-97.4397,44.4912],[-97.4397,44.4918],[-97.4307,44.4917]]],[[[-97.4971,44.5033],[-97.4971,44.5002],[-97.4992,44.5002],[-97.4992,44.4989],[-97.5015,44.4989],[-97.5015,44.4917],[-97.5052,44.4917],[-97.5052,44.4955],[-97.504,44.4955],[-97.504,44.5026],[-97.5014,44.5026],[-97.5014,44.5033],[-97.4971,44.5033]]],[[[-97.4155,44.5027],[-97.4155,44.4991],[-97.4269,44.4991],[-97.4269,44.5027],[-97.4307,44.5027],[-97.4306,44.5064],[-97.4205,44.5063],[-97.4205,44.5038],[-97.4155,44.5038],[-97.4155,44.5027]]],[[[-97.5116,44.5202],[-97.5116,44.5135],[-97.5149,44.5135],[-97.5149,44.5144],[-97.5174,44.5144],[-97.5174,44.5135],[-97.5217,44.5135],[-97.5217,44.5207],[-97.5116,44.5208],[-97.5116,44.5202]]],[[[-97.4103,44.5207],[-97.4103,44.5175],[-97.4204,44.5176],[-97.4204,44.5281],[-97.4103,44.528],[-97.4103,44.5207]]],[[[-97.2669,44.5319],[-97.267,44.5283],[-97.2697,44.5283],[-97.2697,44.5319],[-97.2669,44.5319]]],[[[-97.4912,44.5386],[-97.4912,44.5133],[-97.5014,44.5134],[-97.5014,44.5171],[-97.5002,44.5171],[-97.4998,44.5165],[-97.4999,44.5154],[-97.5001,44.5152],[-97.4998,44.515],[-97.4984,44.5153],[-97.4977,44.5153],[-97.4961,44.5146],[-97.4958,44.514],[-97.4952,44.5139],[-97.4937,44.5143],[-97.4916,44.5155],[-97.4913,44.5161],[-97.4913,44.518],[-97.4939,44.5175],[-97.4944,44.5186],[-97.4951,44.5189],[-97.4954,44.5206],[-97.4952,44.5221],[-97.4941,44.5231],[-97.4937,44.524],[-97.4944,44.5249],[-97.4924,44.526],[-97.4921,44.5267],[-97.4922,44.5272],[-97.4928,44.528],[-97.4949,44.5297],[-97.4994,44.53],[-97.5014,44.5322],[-97.5031,44.5352],[-97.4963,44.5351],[-97.4963,44.5387],[-97.4912,44.5386]]]]},"properties":{"id":"usgs-pad-us-fee-managers:4926","name":"Kingsbury County Waterfowl Production Area","kind":"land","category":"public-land","sourceCategory":"public-land","sourceId":"usgs-pad-us-fee-managers","sourceUrl":"https://services.arcgis.com/v01gqwM5QqNysAAi/arcgis/rest/services/Fee_Managers_PADUS/FeatureServer/0","sourceUpdated":"2021-12-08T05:00:00.000Z","publicUse":"PAD-US reports restricted access; confirm permits and seasonal rules with the manager.","unit":"FWS","origin":"public-catalog"}},{"type":"Feature","id":"usgs-pad-us-fee-managers:4942","geometry":{"type":"Polygon","coordinates":[[[-101.633,43.0895],[-101.633,43.0786],[-101.628,43.0786],[-101.6281,43.0895],[-101.633,43.0895],[-101.633,43.0931],[-101.6281,43.0931],[-101.6281,43.0967],[-101.6429,43.0967],[-101.6429,43.104],[-101.6133,43.104],[-101.6132,43.075],[-101.6039,43.0749],[-101.6039,43.1039],[-101.5644,43.1038],[-101.5643,43.1283],[-101.5535,43.1283],[-101.5535,43.1573],[-101.5486,43.1573],[-101.5485,43.1717],[-101.5535,43.1717],[-101.5535,43.1772],[-101.5478,43.1735],[-101.5436,43.1735],[-101.5437,43.1573],[-101.5139,43.1573],[-101.5139,43.1283],[-101.5148,43.1283],[-101.5149,43.0964],[-101.5297,43.0964],[-101.5297,43.0892],[-101.5346,43.0892],[-101.5346,43.0856],[-101.5544,43.0856],[-101.5544,43.082],[-101.5742,43.0821],[-101.5742,43.0748],[-101.594,43.0749],[-101.594,43.0677],[-101.5841,43.0676],[-101.5841,43.064],[-101.5742,43.064],[-101.5742,43.0603],[-101.5841,43.0604],[-101.5841,43.0531],[-101.5939,43.0532],[-101.5939,43.0459],[-101.6132,43.046],[-101.6132,43.0641],[-101.6231,43.0641],[-101.6231,43.0605],[-101.7021,43.0607],[-101.7021,43.0751],[-101.6823,43.0751],[-101.6824,43.0822],[-101.6724,43.0822],[-101.6725,43.0896],[-101.6527,43.0895],[-101.6528,43.0823],[-101.6429,43.0823],[-101.6429,43.0859],[-101.6404,43.0859],[-101.6404,43.0895],[-101.633,43.0895]]]},"properties":{"id":"usgs-pad-us-fee-managers:4942","name":"Lacreek National Wildlife Refuge","kind":"land","category":"public-land","sourceCategory":"public-land","sourceId":"usgs-pad-us-fee-managers","sourceUrl":"https://services.arcgis.com/v01gqwM5QqNysAAi/arcgis/rest/services/Fee_Managers_PADUS/FeatureServer/0","sourceUpdated":"2021-12-08T05:00:00.000Z","publicUse":"PAD-US reports restricted access; confirm permits and seasonal rules with the manager.","unit":"FWS","origin":"public-catalog"}},{"type":"Feature","id":"usgs-pad-us-fee-managers:4947","geometry":{"type":"MultiPolygon","coordinates":[[[[-98.4474,43.1695],[-98.4269,43.1694],[-98.4268,43.1547],[-98.4367,43.1547],[-98.4367,43.1583],[-98.4417,43.1583],[-98.4417,43.1547],[-98.4467,43.1547],[-98.4467,43.1573],[-98.4487,43.1572],[-98.4496,43.1574],[-98.4504,43.1583],[-98.4552,43.1584],[-98.4564,43.1579],[-98.4564,43.1554],[-98.4555,43.1548],[-98.4566,43.1548],[-98.4566,43.1585],[-98.4551,43.1593],[-98.4539,43.1608],[-98.454,43.1621],[-98.4548,43.1628],[-98.4546,43.1629],[-98.4546,43.1633],[-98.4558,43.164],[-98.4565,43.1658],[-98.453,43.1695],[-98.4474,43.1695]]],[[[-98.5507,43.1698],[-98.5458,43.1698],[-98.5458,43.1671],[-98.5464,43.1671],[-98.5463,43.169],[-98.5466,43.1693],[-98.5502,43.1694],[-98.5507,43.1692],[-98.551,43.159],[-98.56,43.1631],[-98.5597,43.1633],[-98.5522,43.1599],[-98.5515,43.1599],[-98.5512,43.1626],[-98.5511,43.1697],[-98.5507,43.1698]]],[[[-98.4119,43.2273],[-98.4168,43.2273],[-98.4167,43.2345],[-98.4119,43.2345],[-98.4119,43.2273]]]]},"properties":{"id":"usgs-pad-us-fee-managers:4947","name":"Lake Andes National Wildlife Refuge","kind":"land","category":"public-land","sourceCategory":"public-land","sourceId":"usgs-pad-us-fee-managers","sourceUrl":"https://services.arcgis.com/v01gqwM5QqNysAAi/arcgis/rest/services/Fee_Managers_PADUS/FeatureServer/0","sourceUpdated":"2021-12-08T05:00:00.000Z","publicUse":"PAD-US reports restricted access; confirm permits and seasonal rules with the manager.","unit":"FWS","origin":"public-catalog"}},{"type":"Feature","id":"usgs-pad-us-fee-managers:4949","geometry":{"type":"MultiPolygon","coordinates":[[[[-97.3211,43.8533],[-97.3211,43.8521],[-97.3291,43.8521],[-97.3265,43.8522],[-97.3265,43.8532],[-97.3256,43.8538],[-97.3255,43.8543],[-97.3237,43.8543],[-97.3211,43.8533]]],[[[-97.3089,43.8847],[-97.309,43.8775],[-97.319,43.8775],[-97.319,43.8796],[-97.3197,43.8804],[-97.3198,43.8827],[-97.319,43.8832],[-97.319,43.8847],[-97.3089,43.8847]]],[[[-97.3191,43.928],[-97.319,43.9064],[-97.329,43.9066],[-97.3292,43.9354],[-97.3191,43.9354],[-97.3191,43.928]]],[[[-97.0465,43.9472],[-97.0391,43.9473],[-97.0391,43.9497],[-97.0381,43.9497],[-97.0381,43.9477],[-97.029,43.9477],[-97.0291,43.9424],[-97.0204,43.9424],[-97.0153,43.9397],[-97.009,43.9372],[-97.009,43.9362],[-97.0115,43.9366],[-97.0134,43.9361],[-97.014,43.9369],[-97.0152,43.9373],[-97.0165,43.9386],[-97.0204,43.9393],[-97.0211,43.9398],[-97.0256,43.9402],[-97.0258,43.9391],[-97.019,43.9369],[-97.0171,43.9355],[-97.017,43.9351],[-97.0391,43.9351],[-97.0391,43.9382],[-97.0397,43.9387],[-97.0419,43.9387],[-97.042,43.9408],[-97.0431,43.9417],[-97.0458,43.9438],[-97.0491,43.9438],[-97.0492,43.9496],[-97.0465,43.9496],[-97.0465,43.9472]]],[[[-96.899,43.953],[-96.899,43.9498],[-96.894,43.9498],[-96.894,43.9462],[-96.9091,43.9462],[-96.9091,43.9482],[-96.9069,43.9482],[-96.9069,43.9498],[-96.9062,43.9498],[-96.9062,43.9525],[-96.9041,43.9525],[-96.9041,43.953],[-96.899,43.953]]],[[[-97.0696,43.9715],[-97.0695,43.9641],[-97.0796,43.9641],[-97.0795,43.9616],[-97.0893,43.9614],[-97.0896,43.9714],[-97.0946,43.9714],[-97.0947,43.9751],[-97.0942,43.9751],[-97.0942,43.9755],[-97.0918,43.9755],[-97.0918,43.9732],[-97.0896,43.9732],[-97.0896,43.9734],[-97.0871,43.9735],[-97.0871,43.975],[-97.0821,43.9751],[-97.0821,43.9735],[-97.0816,43.9732],[-97.0796,43.9732],[-97.0796,43.9714],[-97.0746,43.9714],[-97.0746,43.975],[-97.0706,43.9714],[-97.0696,43.9715]]],[[[-97.0696,43.9715],[-97.0753,43.977],[-97.0743,43.9768],[-97.0744,43.9775],[-97.0748,43.9777],[-97.075,43.9787],[-97.0696,43.9788],[-97.0696,43.9715]]],[[[-97.3293,43.9854],[-97.3292,43.9808],[-97.3342,43.9808],[-97.3342,43.9827],[-97.3357,43.9827],[-97.3358,43.9854],[-97.3293,43.9854]]],[[[-97.0293,44.0293],[-97.0292,44.0184],[-97.0394,44.0187],[-97.0395,44.0151],[-97.0528,44.0151],[-97.0528,44.0187],[-97.052,44.0187],[-97.052,44.0223],[-97.0394,44.0223],[-97.0393,44.0294],[-97.0293,44.0293]]],[[[-96.8887,44.037],[-96.8887,44.0333],[-96.8962,44.0333],[-96.8962,44.0369],[-96.8887,44.037]]],[[[-97.0795,44.044],[-97.0796,44.0368],[-97.0896,44.0369],[-97.0846,44.0422],[-97.0846,44.044],[-97.0795,44.044]]],[[[-97.0896,44.044],[-97.0896,44.0416],[-97.095,44.0415],[-97.095,44.044],[-97.0896,44.044]]],[[[-97.249,44.0515],[-97.249,44.0474],[-97.2526,44.0473],[-97.2527,44.0515],[-97.249,44.0515]]],[[[-97.2843,44.0567],[-97.2843,44.0514],[-97.2893,44.0514],[-97.2894,44.0567],[-97.2843,44.0567]]],[[[-97.3559,44.0576],[-97.3558,44.0555],[-97.3596,44.0555],[-97.3597,44.0576],[-97.3559,44.0576]]],[[[-97.2979,44.0555],[-97.2979,44.0524],[-97.2961,44.0524],[-97.2961,44.0513],[-97.2994,44.0513],[-97.2994,44.0495],[-97.3032,44.0494],[-97.3032,44.0513],[-97.3096,44.0512],[-97.3095,44.0585],[-97.2995,44.0585],[-97.2994,44.0555],[-97.2979,44.0555]]],[[[-97.2001,44.0856],[-97.2,44.0802],[-97.2026,44.0802],[-97.2026,44.082],[-97.2076,44.0821],[-97.2076,44.0856],[-97.2001,44.0856]]],[[[-97.1426,44.095],[-97.1426,44.0945],[-97.1497,44.0945],[-97.1497,44.095],[-97.1492,44.0951],[-97.1483,44.097],[-97.1467,44.0981],[-97.1436,44.0981],[-97.1435,44.0953],[-97.1426,44.095]]],[[[-97.1732,44.0961],[-97.1719,44.0946],[-97.1764,44.0946],[-97.1762,44.0991],[-97.1733,44.0991],[-97.1732,44.0961]]],[[[-97.1803,44.0982],[-97.1803,44.0969],[-97.1902,44.0969],[-97.1902,44.1019],[-97.1864,44.1019],[-97.1864,44.0983],[-97.1803,44.0982]]],[[[-97.3603,44.1023],[-97.3353,44.1026],[-97.3351,44.0979],[-97.3418,44.0976],[-97.3421,44.096],[-97.3419,44.0951],[-97.35,44.095],[-97.3502,44.0986],[-97.3602,44.0987],[-97.3603,44.1023]]],[[[-97.3454,44.1168],[-97.3454,44.1133],[-97.3429,44.1133],[-97.3428,44.1097],[-97.3504,44.1096],[-97.3505,44.1169],[-97.3454,44.1168]]],[[[-97.28,44.1328],[-97.28,44.1314],[-97.29,44.1314],[-97.2901,44.1387],[-97.28,44.1387],[-97.28,44.1328]]],[[[-97.2624,44.1492],[-97.2624,44.146],[-97.2649,44.1424],[-97.27,44.1423],[-97.2699,44.146],[-97.2662,44.146],[-97.2662,44.1492],[-97.2624,44.1492]]],[[[-97.0566,44.1509],[-97.0566,44.1484],[-97.0596,44.1484],[-97.0596,44.1469],[-97.0656,44.1469],[-97.0656,44.146],[-97.0696,44.146],[-97.0696,44.1487],[-97.0646,44.1487],[-97.0647,44.1505],[-97.0672,44.1505],[-97.0672,44.1523],[-97.0597,44.1524],[-97.0597,44.1509],[-97.0566,44.1509]]],[[[-97.2624,44.1532],[-97.2624,44.1514],[-97.2649,44.1514],[-97.27,44.1532],[-97.2624,44.1532]]],[[[-97.0639,44.1634],[-97.0639,44.1598],[-97.0647,44.1598],[-97.0672,44.1562],[-97.0696,44.1561],[-97.0697,44.1634],[-97.0639,44.1634]]],[[[-96.9901,44.1818],[-96.9899,44.1673],[-96.9999,44.1672],[-96.9999,44.1744],[-97.0048,44.1744],[-97.0049,44.1816],[-96.9901,44.1818]]],[[[-97.0241,44.1816],[-97.0241,44.1745],[-97.0265,44.1745],[-97.0272,44.176],[-97.0296,44.1783],[-97.0296,44.1817],[-97.0241,44.1816]]],[[[-97.2202,44.1782],[-97.2123,44.1781],[-97.2112,44.1786],[-97.2099,44.1786],[-97.2098,44.1745],[-97.2301,44.1748],[-97.2301,44.1766],[-97.2387,44.1767],[-97.2389,44.1822],[-97.2229,44.1819],[-97.2217,44.1801],[-97.2214,44.179],[-97.2202,44.1782]]],[[[-97.3607,44.1785],[-97.3607,44.1771],[-97.3645,44.1771],[-97.3646,44.1822],[-97.3607,44.1822],[-97.3607,44.1785]]],[[[-97.0599,44.1888],[-97.0598,44.1816],[-97.0699,44.1815],[-97.0699,44.1888],[-97.0599,44.1888]]],[[[-97.0498,44.1898],[-97.0498,44.1889],[-97.0454,44.1889],[-97.0454,44.1817],[-97.0527,44.1817],[-97.0527,44.1841],[-97.0572,44.1841],[-97.0572,44.1889],[-97.0548,44.1889],[-97.0548,44.1898],[-97.0498,44.1898]]],[[[-96.9636,44.1957],[-96.9634,44.1904],[-96.9673,44.1904],[-96.9672,44.189],[-96.9645,44.189],[-96.9643,44.1817],[-96.9709,44.1818],[-96.971,44.1881],[-96.9695,44.1881],[-96.9696,44.1926],[-96.9747,44.1926],[-96.9745,44.1818],[-96.9796,44.1818],[-96.9796,44.18],[-96.9834,44.18],[-96.9834,44.1818],[-96.9889,44.1818],[-96.9889,44.1854],[-96.9867,44.1854],[-96.9861,44.1849],[-96.9819,44.1848],[-96.9819,44.1851],[-96.9797,44.1851],[-96.9798,44.189],[-96.9901,44.1891],[-96.9902,44.1958],[-96.9636,44.1957]]],[[[-97.3506,44.1951],[-97.3506,44.1894],[-97.3457,44.1894],[-97.3456,44.184],[-97.3506,44.184],[-97.3506,44.1866],[-97.3528,44.1868],[-97.3531,44.1913],[-97.3607,44.1913],[-97.3607,44.193],[-97.3548,44.193],[-97.3548,44.1951],[-97.3506,44.1951]]]]},"properties":{"id":"usgs-pad-us-fee-managers:4949","name":"Lake County Waterfowl Production Area Of Sd","kind":"land","category":"public-land","sourceCategory":"public-land","sourceId":"usgs-pad-us-fee-managers","sourceUrl":"https://services.arcgis.com/v01gqwM5QqNysAAi/arcgis/rest/services/Fee_Managers_PADUS/FeatureServer/0","sourceUpdated":"2021-12-08T05:00:00.000Z","publicUse":"PAD-US reports restricted access; confirm permits and seasonal rules with the manager.","unit":"FWS","origin":"public-catalog"}},{"type":"Feature","id":"usgs-pad-us-fee-managers:4973","geometry":{"type":"MultiPolygon","coordinates":[[[[-96.8462,43.461],[-96.8462,43.4538],[-96.8563,43.4538],[-96.8563,43.461],[-96.8462,43.461]]],[[[-96.8662,43.4683],[-96.8662,43.4665],[-96.8684,43.4665],[-96.8712,43.4674],[-96.8712,43.4683],[-96.8662,43.4683]]]]},"properties":{"id":"usgs-pad-us-fee-managers:4973","name":"Lincoln County Waterfowl Production Area","kind":"land","category":"public-land","sourceCategory":"public-land","sourceId":"usgs-pad-us-fee-managers","sourceUrl":"https://services.arcgis.com/v01gqwM5QqNysAAi/arcgis/rest/services/Fee_Managers_PADUS/FeatureServer/0","sourceUpdated":"2021-12-08T05:00:00.000Z","publicUse":"PAD-US reports restricted access; confirm permits and seasonal rules with the manager.","unit":"FWS","origin":"public-catalog"}},{"type":"Feature","id":"usgs-pad-us-fee-managers:5009","geometry":{"type":"MultiPolygon","coordinates":[[[[-97.2893,45.5622],[-97.2892,45.5586],[-97.3098,45.5586],[-97.3099,45.5624],[-97.2893,45.5622]]],[[[-97.3045,45.561],[-97.3039,45.5598],[-97.3018,45.5603],[-97.3024,45.5615],[-97.3045,45.561]]],[[[-97.515,45.5878],[-97.5204,45.5878],[-97.5203,45.591],[-97.515,45.5878]]],[[[-97.6441,45.5959],[-97.6431,45.595],[-97.6432,45.5926],[-97.6445,45.5914],[-97.6493,45.5914],[-97.6493,45.595],[-97.6441,45.595],[-97.6441,45.5959]]],[[[-97.4119,45.5948],[-97.4119,45.5912],[-97.4171,45.5912],[-97.4171,45.5935],[-97.4222,45.5935],[-97.4222,45.5984],[-97.4119,45.5985],[-97.4119,45.5948]]],[[[-97.5255,45.5986],[-97.5256,45.5949],[-97.5223,45.5949],[-97.5214,45.5922],[-97.5206,45.5913],[-97.5256,45.5914],[-97.5256,45.5877],[-97.5668,45.5877],[-97.5669,45.5949],[-97.5566,45.5949],[-97.5566,45.6022],[-97.5281,45.6022],[-97.5281,45.5986],[-97.5255,45.5986]]],[[[-97.6132,45.6021],[-97.608,45.6022],[-97.608,45.5986],[-97.6132,45.5986],[-97.6132,45.6021],[-97.6132,45.5986],[-97.608,45.5986],[-97.6082,45.5913],[-97.6133,45.5912],[-97.6134,45.5878],[-97.6237,45.5877],[-97.6236,45.5914],[-97.6287,45.5913],[-97.6287,45.6022],[-97.6132,45.6021]]],[[[-97.4377,45.6093],[-97.4377,45.6057],[-97.4428,45.6057],[-97.4428,45.6093],[-97.4377,45.6093]]],[[[-97.4738,45.6058],[-97.4789,45.6057],[-97.4789,45.6093],[-97.4738,45.6094],[-97.4738,45.6058]]],[[[-97.3253,45.606],[-97.3253,45.6025],[-97.3306,45.6025],[-97.3306,45.5988],[-97.3409,45.5989],[-97.3408,45.6025],[-97.3461,45.6026],[-97.3461,45.6171],[-97.3253,45.617],[-97.3253,45.6133],[-97.3305,45.6132],[-97.3305,45.606],[-97.3253,45.606]]],[[[-97.2427,45.6233],[-97.2427,45.6165],[-97.2509,45.6167],[-97.2521,45.6175],[-97.2523,45.6179],[-97.2522,45.6201],[-97.2529,45.6201],[-97.253,45.6237],[-97.2427,45.6236],[-97.2427,45.6233]]],[[[-97.4634,45.6239],[-97.4842,45.6238],[-97.4842,45.6311],[-97.4635,45.6311],[-97.4634,45.6239]]],[[[-97.5873,45.6384],[-97.5873,45.6348],[-97.5899,45.6347],[-97.5899,45.6384],[-97.5873,45.6384]]],[[[-97.5668,45.6429],[-97.5668,45.6419],[-97.5736,45.642],[-97.5746,45.6413],[-97.5769,45.6413],[-97.577,45.6456],[-97.5668,45.6456],[-97.5668,45.6429]]],[[[-97.2273,45.6885],[-97.2273,45.6857],[-97.2301,45.6878],[-97.2325,45.6871],[-97.2365,45.6853],[-97.2365,45.6838],[-97.2356,45.6821],[-97.2343,45.682],[-97.2334,45.6831],[-97.2328,45.6827],[-97.2288,45.6827],[-97.2274,45.6838],[-97.2275,45.6741],[-97.2272,45.6632],[-97.2299,45.6632],[-97.23,45.6596],[-97.2432,45.6599],[-97.243,45.6671],[-97.248,45.6671],[-97.2479,45.6744],[-97.2587,45.6746],[-97.2586,45.6775],[-97.2536,45.6774],[-97.2513,45.6787],[-97.2478,45.6786],[-97.2478,45.6816],[-97.2412,45.6815],[-97.2413,45.6834],[-97.2376,45.6833],[-97.2375,45.6872],[-97.2337,45.6872],[-97.2338,45.6887],[-97.2273,45.6885]]],[[[-97.589,45.6962],[-97.589,45.6926],[-97.5912,45.6926],[-97.5912,45.6962],[-97.589,45.6962]]],[[[-97.2272,45.6993],[-97.2273,45.6958],[-97.2377,45.6959],[-97.238,45.7031],[-97.2272,45.703],[-97.2272,45.6993]]],[[[-97.3104,45.6971],[-97.3006,45.697],[-97.3004,45.7038],[-97.2897,45.7035],[-97.2896,45.6933],[-97.3045,45.6932],[-97.3042,45.6917],[-97.3035,45.691],[-97.3034,45.6896],[-97.3028,45.6896],[-97.3028,45.6859],[-97.3106,45.6859],[-97.3105,45.6932],[-97.3156,45.6932],[-97.3157,45.6929],[-97.317,45.6929],[-97.3188,45.6937],[-97.3195,45.6934],[-97.3197,45.6929],[-97.3199,45.6928],[-97.3214,45.6937],[-97.322,45.6944],[-97.3219,45.6947],[-97.3216,45.6947],[-97.3217,45.695],[-97.3228,45.6957],[-97.3242,45.6955],[-97.325,45.6951],[-97.3246,45.6942],[-97.3247,45.6936],[-97.324,45.6935],[-97.3242,45.6932],[-97.3255,45.6923],[-97.3276,45.6921],[-97.3286,45.6917],[-97.3294,45.691],[-97.3298,45.6899],[-97.3314,45.69],[-97.3312,45.7041],[-97.3105,45.704],[-97.3104,45.6971]]],[[[-97.2378,45.7322],[-97.2378,45.7252],[-97.248,45.7253],[-97.248,45.718],[-97.2504,45.718],[-97.2508,45.7214],[-97.2521,45.7214],[-97.253,45.7197],[-97.2535,45.7197],[-97.2535,45.7204],[-97.2548,45.7228],[-97.2584,45.7227],[-97.2583,45.7278],[-97.258,45.7281],[-97.2592,45.7297],[-97.2584,45.7308],[-97.2563,45.7316],[-97.2556,45.7323],[-97.2378,45.7323],[-97.2378,45.7322]]],[[[-97.315,45.7363],[-97.3148,45.7328],[-97.32,45.7329],[-97.3202,45.7364],[-97.315,45.7363]]],[[[-97.3563,45.7476],[-97.3562,45.744],[-97.3614,45.744],[-97.3614,45.7404],[-97.3628,45.7405],[-97.3661,45.7415],[-97.3662,45.743],[-97.3629,45.7458],[-97.3615,45.7476],[-97.3563,45.7476]]],[[[-97.4083,45.7513],[-97.4082,45.7477],[-97.4134,45.7477],[-97.4135,45.7549],[-97.4083,45.755],[-97.4083,45.7513]]],[[[-97.4185,45.7549],[-97.4186,45.7406],[-97.4204,45.7406],[-97.4201,45.7396],[-97.4222,45.7396],[-97.4222,45.736],[-97.422,45.7324],[-97.4181,45.7323],[-97.4178,45.7313],[-97.421,45.732],[-97.4217,45.7319],[-97.4229,45.7327],[-97.4239,45.7353],[-97.4243,45.736],[-97.4246,45.736],[-97.4253,45.7374],[-97.4274,45.7377],[-97.4267,45.7376],[-97.4264,45.7372],[-97.4274,45.736],[-97.4304,45.7353],[-97.4327,45.7343],[-97.4326,45.7432],[-97.4532,45.7431],[-97.4533,45.754],[-97.4429,45.754],[-97.4433,45.7612],[-97.4269,45.7613],[-97.4272,45.7581],[-97.4327,45.7582],[-97.4326,45.7576],[-97.4256,45.7576],[-97.4248,45.755],[-97.4185,45.7549]]],[[[-97.3105,45.7609],[-97.3211,45.7611],[-97.3211,45.7648],[-97.3106,45.7646],[-97.3105,45.7609]]],[[[-97.4842,45.7612],[-97.4842,45.7577],[-97.4945,45.7577],[-97.4946,45.7504],[-97.5048,45.7505],[-97.5049,45.7649],[-97.4945,45.7649],[-97.4945,45.7613],[-97.4842,45.7612]]],[[[-97.4134,45.7622],[-97.4237,45.7622],[-97.4236,45.7696],[-97.4133,45.7694],[-97.4134,45.7622]]],[[[-97.3467,45.7628],[-97.3467,45.762],[-97.3513,45.7622],[-97.3514,45.7765],[-97.3472,45.7762],[-97.3467,45.7628]]],[[[-97.3516,45.7947],[-97.3515,45.7876],[-97.3618,45.7873],[-97.3619,45.791],[-97.3577,45.7911],[-97.3567,45.7947],[-97.3516,45.7947]]],[[[-97.3209,45.7939],[-97.321,45.7826],[-97.3262,45.7828],[-97.3267,45.7792],[-97.3213,45.779],[-97.3214,45.7765],[-97.3227,45.7772],[-97.3248,45.7778],[-97.3264,45.7772],[-97.3288,45.7769],[-97.33,45.7763],[-97.3304,45.7756],[-97.3303,45.7747],[-97.3314,45.7741],[-97.3329,45.774],[-97.3344,45.7744],[-97.3349,45.7742],[-97.335,45.774],[-97.3332,45.7721],[-97.3369,45.7722],[-97.3368,45.7831],[-97.3469,45.7838],[-97.347,45.7909],[-97.3367,45.7907],[-97.3365,45.798],[-97.326,45.7976],[-97.3261,45.7939],[-97.3209,45.7939]]],[[[-97.5173,45.8049],[-97.5173,45.8022],[-97.5432,45.8023],[-97.5432,45.8095],[-97.5367,45.8095],[-97.5367,45.8086],[-97.5173,45.8085],[-97.5173,45.8049]]],[[[-97.3421,45.8127],[-97.342,45.8055],[-97.3517,45.8057],[-97.3517,45.813],[-97.3421,45.8127]]],[[[-97.4345,45.8128],[-97.4343,45.8094],[-97.4395,45.8095],[-97.4388,45.8017],[-97.4551,45.8019],[-97.4551,45.8084],[-97.45,45.8084],[-97.45,45.812],[-97.4424,45.812],[-97.4436,45.8159],[-97.4347,45.8161],[-97.4345,45.8128]]],[[[-97.364,45.8126],[-97.3669,45.8102],[-97.3636,45.8085],[-97.3635,45.8093],[-97.3621,45.8093],[-97.362,45.8057],[-97.3689,45.8057],[-97.369,45.8067],[-97.3724,45.8067],[-97.3725,45.8109],[-97.3777,45.8108],[-97.3776,45.8093],[-97.3828,45.8093],[-97.383,45.8238],[-97.3727,45.8238],[-97.3726,45.8165],[-97.3697,45.8165],[-97.3658,45.8134],[-97.3638,45.8133],[-97.364,45.8126]]],[[[-97.5251,45.8266],[-97.5251,45.8194],[-97.5225,45.8194],[-97.5225,45.8158],[-97.5433,45.8159],[-97.5432,45.8231],[-97.5381,45.8231],[-97.538,45.8267],[-97.5251,45.8266]]],[[[-97.4452,45.8277],[-97.4452,45.8265],[-97.4501,45.8266],[-97.45,45.8337],[-97.4451,45.833],[-97.4452,45.8277]]],[[[-97.4603,45.8337],[-97.4603,45.8265],[-97.4654,45.8266],[-97.4653,45.8338],[-97.4603,45.8337]]],[[[-97.4808,45.8701],[-97.4809,45.8629],[-97.4912,45.8629],[-97.4912,45.8701],[-97.4808,45.8701]]],[[[-97.4911,45.8826],[-97.4911,45.8773],[-97.5015,45.8774],[-97.5015,45.8798],[-97.4956,45.8798],[-97.4956,45.8826],[-97.4911,45.8826]]]]},"properties":{"id":"usgs-pad-us-fee-managers:5009","name":"Marshall County Waterfowl Production Area","kind":"land","category":"public-land","sourceCategory":"public-land","sourceId":"usgs-pad-us-fee-managers","sourceUrl":"https://services.arcgis.com/v01gqwM5QqNysAAi/arcgis/rest/services/Fee_Managers_PADUS/FeatureServer/0","sourceUpdated":"2021-12-08T05:00:00.000Z","publicUse":"PAD-US reports restricted access; confirm permits and seasonal rules with the manager.","unit":"FWS","origin":"public-catalog"}},{"type":"Feature","id":"usgs-pad-us-fee-managers:5020","geometry":{"type":"MultiPolygon","coordinates":[[[[-97.408,43.5359],[-97.408,43.5314],[-97.4139,43.5314],[-97.4138,43.538],[-97.408,43.538],[-97.408,43.5359]]],[[[-97.2881,43.5363],[-97.2881,43.5361],[-97.2981,43.5362],[-97.2979,43.5405],[-97.2939,43.5405],[-97.2941,43.5363],[-97.2881,43.5363]]],[[[-97.3877,43.5683],[-97.3885,43.5683],[-97.3904,43.5709],[-97.3908,43.5725],[-97.3878,43.5724],[-97.3877,43.5683]]],[[[-97.1292,43.5826],[-97.1294,43.5759],[-97.1344,43.5761],[-97.1342,43.5797],[-97.1362,43.5797],[-97.1363,43.5814],[-97.1348,43.5814],[-97.1344,43.5827],[-97.1292,43.5826]]],[[[-97.4681,43.5941],[-97.468,43.5882],[-97.4735,43.5882],[-97.4735,43.5928],[-97.4755,43.5928],[-97.4755,43.5941],[-97.4681,43.5941]]],[[[-97.4681,43.5941],[-97.468,43.6014],[-97.4481,43.6012],[-97.4481,43.594],[-97.4681,43.5941]]],[[[-97.138,43.6086],[-97.138,43.6068],[-97.1391,43.6067],[-97.1391,43.6013],[-97.1441,43.6012],[-97.1441,43.6084],[-97.1474,43.6083],[-97.1473,43.6156],[-97.1354,43.6159],[-97.1354,43.6086],[-97.138,43.6086]]],[[[-97.2086,43.6157],[-97.2086,43.6229],[-97.1988,43.623],[-97.1988,43.6158],[-97.2086,43.6157]]],[[[-97.5008,43.6351],[-97.5008,43.6331],[-97.4968,43.6331],[-97.4967,43.6268],[-97.4987,43.6274],[-97.5002,43.6274],[-97.5002,43.6265],[-97.4988,43.6265],[-97.4988,43.6236],[-97.4979,43.6236],[-97.4979,43.6248],[-97.4979,43.6229],[-97.5058,43.6228],[-97.5058,43.6264],[-97.5052,43.6264],[-97.5047,43.6269],[-97.5048,43.6336],[-97.508,43.6337],[-97.503,43.6337],[-97.503,43.6351],[-97.5008,43.6351]]],[[[-97.5583,43.6554],[-97.5583,43.655],[-97.5484,43.6552],[-97.5484,43.6569],[-97.5408,43.657],[-97.5408,43.6534],[-97.5483,43.6534],[-97.5483,43.6515],[-97.5682,43.6513],[-97.5683,43.6585],[-97.5584,43.6587],[-97.5583,43.6554]]],[[[-97.4285,43.6618],[-97.4285,43.659],[-97.4384,43.6592],[-97.4384,43.6619],[-97.4285,43.6618]]],[[[-97.4783,43.6655],[-97.4784,43.6701],[-97.4684,43.67],[-97.4684,43.6659],[-97.4783,43.6655]]],[[[-97.2556,43.6792],[-97.2555,43.6771],[-97.2583,43.6771],[-97.2582,43.6735],[-97.262,43.6735],[-97.262,43.6771],[-97.2633,43.6771],[-97.2634,43.6781],[-97.2683,43.6781],[-97.2684,43.6808],[-97.2584,43.6808],[-97.2583,43.6792],[-97.2556,43.6792]]],[[[-97.5485,43.6879],[-97.5485,43.6807],[-97.5505,43.6807],[-97.5505,43.6798],[-97.5533,43.6794],[-97.5533,43.679],[-97.5585,43.6789],[-97.5585,43.6831],[-97.5517,43.6831],[-97.552,43.688],[-97.5485,43.6879]]],[[[-97.5188,43.6971],[-97.5188,43.6922],[-97.5268,43.6922],[-97.5267,43.688],[-97.5346,43.6881],[-97.5348,43.6938],[-97.5388,43.6938],[-97.5388,43.6952],[-97.5289,43.6952],[-97.5289,43.697],[-97.5188,43.6971]]],[[[-97.4889,43.7028],[-97.4902,43.7027],[-97.4918,43.7018],[-97.4937,43.7015],[-97.4944,43.7011],[-97.495,43.7012],[-97.4976,43.7027],[-97.4988,43.7027],[-97.4989,43.7065],[-97.489,43.7066],[-97.4889,43.7028]]],[[[-97.2736,43.7096],[-97.2736,43.7025],[-97.2785,43.7025],[-97.2786,43.7097],[-97.2736,43.7096]]],[[[-97.4583,43.708],[-97.458,43.7027],[-97.4688,43.7027],[-97.4689,43.7136],[-97.4639,43.7135],[-97.464,43.7099],[-97.4584,43.7099],[-97.4583,43.708]]],[[[-97.5443,43.7172],[-97.5393,43.7172],[-97.539,43.7062],[-97.5491,43.7062],[-97.5492,43.7098],[-97.5442,43.7098],[-97.5443,43.7172]]],[[[-97.4958,43.7226],[-97.4957,43.7193],[-97.4982,43.7194],[-97.4992,43.7197],[-97.4992,43.7175],[-97.4994,43.7199],[-97.5022,43.7198],[-97.5022,43.7225],[-97.4992,43.7226],[-97.4992,43.7238],[-97.4968,43.7238],[-97.4968,43.7232],[-97.4958,43.7226]]],[[[-97.459,43.7173],[-97.469,43.7173],[-97.4691,43.7246],[-97.459,43.7245],[-97.459,43.7173]]],[[[-97.5033,43.7477],[-97.5033,43.7465],[-97.5093,43.7464],[-97.5092,43.7537],[-97.5017,43.7538],[-97.5021,43.7487],[-97.5049,43.7487],[-97.5048,43.7477],[-97.5033,43.7477]]],[[[-97.1391,43.797],[-97.139,43.8042],[-97.1291,43.8045],[-97.129,43.7973],[-97.1391,43.797]]],[[[-97.149,43.8113],[-97.149,43.8066],[-97.1515,43.8066],[-97.1515,43.8113],[-97.149,43.8113]]],[[[-97.5994,43.8132],[-97.5994,43.8185],[-97.5894,43.8187],[-97.5894,43.8153],[-97.5916,43.8152],[-97.5941,43.8133],[-97.5994,43.8132]]],[[[-97.1391,43.8293],[-97.139,43.8259],[-97.1441,43.8259],[-97.144,43.8297],[-97.1392,43.8298],[-97.1392,43.8333],[-97.1391,43.8293]]],[[[-97.2779,43.8434],[-97.2779,43.8412],[-97.2745,43.8412],[-97.2733,43.8407],[-97.2729,43.8402],[-97.2839,43.8402],[-97.2839,43.8431],[-97.2849,43.8431],[-97.2849,43.8484],[-97.2788,43.8484],[-97.2789,43.8434],[-97.2779,43.8434]]]]},"properties":{"id":"usgs-pad-us-fee-managers:5020","name":"Mccook County Waterfowl Production Area","kind":"land","category":"public-land","sourceCategory":"public-land","sourceId":"usgs-pad-us-fee-managers","sourceUrl":"https://services.arcgis.com/v01gqwM5QqNysAAi/arcgis/rest/services/Fee_Managers_PADUS/FeatureServer/0","sourceUpdated":"2021-12-08T05:00:00.000Z","publicUse":"PAD-US reports restricted access; confirm permits and seasonal rules with the manager.","unit":"FWS","origin":"public-catalog"}},{"type":"Feature","id":"usgs-pad-us-fee-managers:5027","geometry":{"type":"Polygon","coordinates":[[[-99.4272,45.9402],[-99.4428,45.9402],[-99.4428,45.9403],[-99.4272,45.9402]]]},"properties":{"id":"usgs-pad-us-fee-managers:5027","name":"Mcintosh County Waterfowl Production Area","kind":"land","category":"public-land","sourceCategory":"public-land","sourceId":"usgs-pad-us-fee-managers","sourceUrl":"https://services.arcgis.com/v01gqwM5QqNysAAi/arcgis/rest/services/Fee_Managers_PADUS/FeatureServer/0","sourceUpdated":"2021-12-08T05:00:00.000Z","publicUse":"PAD-US reports restricted access; confirm permits and seasonal rules with the manager.","unit":"FWS","origin":"public-catalog"}},{"type":"Feature","id":"usgs-pad-us-fee-managers:5036","geometry":{"type":"MultiPolygon","coordinates":[[[[-99.2111,45.6106],[-99.2111,45.6071],[-99.2215,45.6071],[-99.2215,45.6108],[-99.2111,45.6106]]],[[[-99.3458,45.6109],[-99.3458,45.6073],[-99.3561,45.6073],[-99.3561,45.6109],[-99.3458,45.6109]]],[[[-99.1955,45.6215],[-99.1956,45.6179],[-99.2059,45.6179],[-99.2059,45.6252],[-99.1955,45.6252],[-99.1955,45.6215]]],[[[-99.5829,45.6211],[-99.5829,45.6186],[-99.5832,45.6186],[-99.5832,45.6077],[-99.5728,45.6077],[-99.5729,45.6004],[-99.5832,45.6005],[-99.5832,45.6011],[-99.5914,45.6077],[-99.5936,45.6077],[-99.5936,45.6186],[-99.5832,45.6188],[-99.5832,45.6222],[-99.5821,45.6222],[-99.5829,45.6211]]],[[[-99.5316,45.6583],[-99.5316,45.6511],[-99.5402,45.6511],[-99.5449,45.6562],[-99.5478,45.6584],[-99.5316,45.6583]]],[[[-99.6646,45.6525],[-99.6648,45.6512],[-99.6686,45.6512],[-99.6686,45.6571],[-99.6636,45.6567],[-99.6618,45.6548],[-99.6614,45.6548],[-99.6616,45.6527],[-99.6646,45.6525]]],[[[-99.4175,45.6654],[-99.4021,45.6653],[-99.4022,45.6508],[-99.4177,45.6509],[-99.4177,45.6545],[-99.428,45.6545],[-99.428,45.665],[-99.4269,45.665],[-99.4269,45.6654],[-99.4175,45.6654]]],[[[-99.2114,45.6673],[-99.2114,45.6651],[-99.211,45.6651],[-99.2111,45.6594],[-99.2126,45.6594],[-99.2126,45.6562],[-99.2111,45.6562],[-99.2111,45.655],[-99.2007,45.6549],[-99.2007,45.6651],[-99.1698,45.6651],[-99.1697,45.6325],[-99.1954,45.6325],[-99.1953,45.6434],[-99.2007,45.6434],[-99.2007,45.6506],[-99.2318,45.6507],[-99.2318,45.6471],[-99.2215,45.647],[-99.2215,45.6406],[-99.2267,45.6407],[-99.2267,45.6398],[-99.2318,45.6398],[-99.2318,45.6362],[-99.2421,45.6362],[-99.2422,45.6417],[-99.237,45.6416],[-99.237,45.6471],[-99.2422,45.6471],[-99.2422,45.6507],[-99.237,45.6507],[-99.237,45.6543],[-99.2318,45.6543],[-99.2318,45.6579],[-99.2267,45.6579],[-99.2266,45.6651],[-99.2215,45.6651],[-99.2215,45.6711],[-99.2165,45.6711],[-99.2165,45.6673],[-99.2114,45.6673]]],[[[-99.1702,45.6725],[-99.1723,45.6716],[-99.1824,45.6722],[-99.1827,45.6736],[-99.1801,45.6762],[-99.1801,45.6868],[-99.1698,45.6867],[-99.1697,45.6728],[-99.1702,45.6725]]],[[[-99.1698,45.6941],[-99.1802,45.694],[-99.1802,45.7013],[-99.1698,45.7013],[-99.1698,45.6941]]],[[[-99.2474,45.6986],[-99.2474,45.6959],[-99.2509,45.6959],[-99.2509,45.6941],[-99.263,45.6942],[-99.263,45.6962],[-99.2594,45.6962],[-99.2594,45.697],[-99.2578,45.6976],[-99.2578,45.7014],[-99.2487,45.7014],[-99.2487,45.6987],[-99.2474,45.6986]]],[[[-99.3503,45.6944],[-99.3504,45.6871],[-99.3555,45.6871],[-99.3555,45.6944],[-99.3659,45.6944],[-99.3658,45.7016],[-99.3503,45.7016],[-99.3503,45.6944]]],[[[-99.3969,45.6944],[-99.3866,45.6944],[-99.3866,45.6968],[-99.3861,45.6963],[-99.3838,45.6954],[-99.3834,45.6944],[-99.3835,45.6935],[-99.3852,45.6913],[-99.3865,45.6902],[-99.3867,45.6897],[-99.3995,45.6897],[-99.4072,45.6933],[-99.4087,45.6933],[-99.4099,45.6937],[-99.4109,45.6944],[-99.4165,45.6945],[-99.4167,45.6981],[-99.4165,45.6987],[-99.4159,45.6997],[-99.4158,45.7006],[-99.4072,45.7004],[-99.4072,45.6944],[-99.3969,45.6944]]],[[[-99.3916,45.7088],[-99.3916,45.7016],[-99.4071,45.7017],[-99.4071,45.7089],[-99.3916,45.7088]]],[[[-99.5937,45.708],[-99.5937,45.6947],[-99.604,45.6947],[-99.6041,45.7092],[-99.5937,45.7092],[-99.5937,45.708]]],[[[-99.4987,45.7126],[-99.4987,45.709],[-99.4902,45.709],[-99.4901,45.7017],[-99.5005,45.7018],[-99.5005,45.709],[-99.5059,45.709],[-99.5067,45.7081],[-99.5077,45.7076],[-99.5113,45.7066],[-99.5129,45.7091],[-99.5109,45.7091],[-99.5109,45.7163],[-99.5005,45.7163],[-99.5005,45.7126],[-99.4987,45.7126]]],[[[-99.635,45.7073],[-99.6389,45.7073],[-99.6389,45.7091],[-99.6402,45.7091],[-99.6402,45.7121],[-99.6364,45.7124],[-99.6365,45.7134],[-99.6351,45.7133],[-99.635,45.7073]]],[[[-99.5944,45.7173],[-99.5975,45.7172],[-99.598,45.7136],[-99.5973,45.7126],[-99.5984,45.7125],[-99.5986,45.7134],[-99.6021,45.7133],[-99.602,45.7164],[-99.6093,45.7164],[-99.6093,45.7091],[-99.6145,45.7091],[-99.6145,45.7161],[-99.6137,45.7192],[-99.6144,45.7213],[-99.6145,45.7236],[-99.5992,45.7237],[-99.5957,45.7206],[-99.595,45.7195],[-99.5944,45.7173]]],[[[-99.6453,45.7172],[-99.6482,45.717],[-99.6498,45.7184],[-99.6509,45.7186],[-99.6525,45.7196],[-99.6495,45.7211],[-99.6479,45.7216],[-99.6476,45.7226],[-99.6456,45.7231],[-99.6454,45.7236],[-99.6454,45.7218],[-99.6423,45.7218],[-99.6453,45.7172]]],[[[-99.2837,45.734],[-99.2838,45.7269],[-99.3042,45.7269],[-99.3043,45.7161],[-99.3249,45.7159],[-99.3249,45.7232],[-99.3197,45.7232],[-99.3197,45.7305],[-99.3042,45.7305],[-99.3042,45.7342],[-99.2837,45.734]]],[[[-99.6609,45.7236],[-99.6609,45.72],[-99.6661,45.72],[-99.6661,45.7164],[-99.6765,45.7164],[-99.6764,45.725],[-99.6653,45.725],[-99.6653,45.7237],[-99.6609,45.7236]]],[[[-99.1411,45.7456],[-99.1362,45.7459],[-99.1363,45.7429],[-99.139,45.7429],[-99.139,45.7411],[-99.1401,45.7411],[-99.1433,45.7388],[-99.1479,45.7368],[-99.1505,45.7389],[-99.1507,45.7396],[-99.1505,45.7406],[-99.1494,45.7411],[-99.1468,45.7447],[-99.1467,45.7469],[-99.1411,45.7469],[-99.1411,45.7456]]],[[[-99.3353,45.7451],[-99.3352,45.7378],[-99.3452,45.7378],[-99.3451,45.7304],[-99.3554,45.7304],[-99.3555,45.7416],[-99.3453,45.7414],[-99.3453,45.7451],[-99.3353,45.7451]]],[[[-99.3023,45.7481],[-99.3014,45.7481],[-99.3012,45.7477],[-99.3026,45.7458],[-99.3042,45.745],[-99.3094,45.7451],[-99.3095,45.7487],[-99.3036,45.7487],[-99.3023,45.7481]]],[[[-99.1803,45.7375],[-99.1907,45.7374],[-99.1907,45.7521],[-99.1803,45.7521],[-99.1803,45.7375]]],[[[-99.2526,45.7521],[-99.2526,45.7449],[-99.2578,45.7449],[-99.2578,45.7485],[-99.263,45.7485],[-99.263,45.7521],[-99.2526,45.7521]]],[[[-99.3762,45.7487],[-99.3762,45.7451],[-99.3814,45.7451],[-99.3814,45.7379],[-99.3866,45.7379],[-99.3866,45.7439],[-99.3887,45.7439],[-99.3887,45.7451],[-99.39,45.7451],[-99.39,45.7524],[-99.3762,45.7524],[-99.3762,45.7487]]],[[[-99.5108,45.7598],[-99.5263,45.7598],[-99.5263,45.7634],[-99.5108,45.7634],[-99.5108,45.7598]]],[[[-99.1285,45.7736],[-99.1285,45.7663],[-99.1389,45.7663],[-99.1389,45.7736],[-99.1285,45.7736]]],[[[-99.3147,45.7775],[-99.3147,45.774],[-99.3197,45.774],[-99.3195,45.7668],[-99.3224,45.7668],[-99.3224,45.7632],[-99.3248,45.7595],[-99.3288,45.7596],[-99.3289,45.7631],[-99.3299,45.7632],[-99.33,45.7668],[-99.3353,45.7668],[-99.3354,45.7704],[-99.3302,45.7704],[-99.3301,45.774],[-99.3354,45.774],[-99.3354,45.7814],[-99.325,45.7813],[-99.325,45.7777],[-99.3147,45.7775]]],[[[-99.3659,45.7723],[-99.3711,45.7723],[-99.3711,45.776],[-99.3763,45.776],[-99.3763,45.7814],[-99.3659,45.7814],[-99.3659,45.7723]]],[[[-99.3866,45.785],[-99.3866,45.7815],[-99.3918,45.7814],[-99.3918,45.7887],[-99.3866,45.7887],[-99.3866,45.785]]],[[[-99.0562,45.8014],[-99.0562,45.7953],[-99.0733,45.7953],[-99.0734,45.8025],[-99.0666,45.8025],[-99.0666,45.8014],[-99.0562,45.8014]]],[[[-99.2009,45.7936],[-99.2036,45.7954],[-99.2062,45.7954],[-99.2062,45.8025],[-99.1999,45.8025],[-99.1982,45.8002],[-99.1979,45.7994],[-99.1982,45.7981],[-99.2003,45.7949],[-99.2009,45.7936]]],[[[-99.6267,45.7895],[-99.6248,45.7847],[-99.6248,45.7817],[-99.6507,45.7817],[-99.6508,45.789],[-99.6456,45.789],[-99.6456,45.7926],[-99.6286,45.7925],[-99.6269,45.7903],[-99.6267,45.7895]]],[[[-99.2424,45.8244],[-99.2423,45.8172],[-99.2527,45.8172],[-99.2527,45.8139],[-99.254,45.8136],[-99.2546,45.8137],[-99.2568,45.8149],[-99.259,45.8147],[-99.2607,45.8132],[-99.2615,45.8117],[-99.2612,45.8109],[-99.2606,45.8104],[-99.2573,45.8101],[-99.2539,45.8088],[-99.2525,45.8085],[-99.2525,45.8078],[-99.2523,45.8077],[-99.252,45.8069],[-99.2502,45.8063],[-99.2477,45.8047],[-99.2465,45.8046],[-99.2425,45.8064],[-99.2425,45.804],[-99.2474,45.804],[-99.2537,45.8076],[-99.255,45.8086],[-99.2581,45.8092],[-99.263,45.8093],[-99.2631,45.8245],[-99.2424,45.8244]]],[[[-99.0305,45.835],[-99.0305,45.8314],[-99.0357,45.8314],[-99.0357,45.8309],[-99.0409,45.8309],[-99.0409,45.835],[-99.0305,45.835]]],[[[-99.3659,45.8285],[-99.3659,45.8249],[-99.3763,45.8249],[-99.3763,45.8213],[-99.3814,45.8213],[-99.3814,45.8104],[-99.3918,45.8104],[-99.3918,45.8176],[-99.397,45.8176],[-99.397,45.8249],[-99.3918,45.8249],[-99.3918,45.8321],[-99.3866,45.8321],[-99.3866,45.8285],[-99.3659,45.8285]]],[[[-99.1596,45.8242],[-99.1596,45.8207],[-99.17,45.8207],[-99.17,45.8243],[-99.1752,45.8243],[-99.1752,45.8315],[-99.1804,45.8315],[-99.1805,45.8358],[-99.1785,45.8361],[-99.1785,45.8388],[-99.1596,45.8388],[-99.1596,45.8242]]],[[[-99.6309,45.839],[-99.6301,45.839],[-99.6301,45.8397],[-99.6249,45.8397],[-99.6249,45.8391],[-99.6223,45.8391],[-99.6223,45.8396],[-99.6197,45.8396],[-99.6197,45.8251],[-99.6249,45.8251],[-99.6249,45.8288],[-99.6353,45.8288],[-99.6353,45.8324],[-99.6325,45.8324],[-99.6326,45.8397],[-99.631,45.8397],[-99.6309,45.839]]],[[[-99.2423,45.8533],[-99.2423,45.8498],[-99.2475,45.8499],[-99.2475,45.8426],[-99.2693,45.8427],[-99.2693,45.8434],[-99.2686,45.8438],[-99.2685,45.8446],[-99.2671,45.8452],[-99.2659,45.8464],[-99.2658,45.8468],[-99.2664,45.8474],[-99.2666,45.8481],[-99.2648,45.8482],[-99.2634,45.849],[-99.2631,45.8498],[-99.2631,45.8541],[-99.2617,45.8547],[-99.259,45.8555],[-99.2532,45.8559],[-99.2501,45.8553],[-99.2461,45.8536],[-99.2423,45.8533]]],[[[-99.0618,45.8641],[-99.0618,45.8605],[-99.067,45.8605],[-99.067,45.8538],[-99.0774,45.8538],[-99.0774,45.8532],[-99.0872,45.8532],[-99.0869,45.846],[-99.0876,45.846],[-99.0916,45.8441],[-99.0976,45.8441],[-99.0976,45.8533],[-99.0877,45.8532],[-99.0878,45.8618],[-99.0774,45.8618],[-99.0774,45.8641],[-99.0618,45.8641]]],[[[-99.6457,45.8542],[-99.6457,45.8469],[-99.656,45.8469],[-99.6561,45.8542],[-99.6457,45.8542]]],[[[-99.6665,45.8578],[-99.6665,45.8542],[-99.6716,45.8542],[-99.6716,45.8505],[-99.6768,45.8506],[-99.6768,45.8578],[-99.6665,45.8578]]],[[[-99.0256,45.8749],[-99.0255,45.8604],[-99.0307,45.8604],[-99.0307,45.8568],[-99.0359,45.8568],[-99.0359,45.8677],[-99.052,45.8677],[-99.052,45.8688],[-99.0515,45.8691],[-99.0515,45.8713],[-99.0484,45.8713],[-99.0463,45.8724],[-99.0462,45.8749],[-99.0256,45.8749]]],[[[-99.152,45.8677],[-99.1598,45.8677],[-99.1598,45.875],[-99.1521,45.875],[-99.152,45.8677]]],[[[-99.1339,45.8797],[-99.1355,45.8786],[-99.1355,45.875],[-99.1391,45.875],[-99.1391,45.8735],[-99.1427,45.8735],[-99.1428,45.8786],[-99.1391,45.8786],[-99.1391,45.8804],[-99.1438,45.8804],[-99.1438,45.8874],[-99.1391,45.8874],[-99.1391,45.8849],[-99.1313,45.8849],[-99.1313,45.8813],[-99.1339,45.8797]]],[[[-99.4074,45.8829],[-99.4074,45.8757],[-99.4177,45.8757],[-99.4177,45.8829],[-99.4074,45.8829]]],[[[-99.0977,45.8991],[-99.0976,45.8967],[-99.0962,45.8966],[-99.0955,45.8956],[-99.0953,45.8946],[-99.0957,45.8934],[-99.0973,45.8917],[-99.0977,45.8905],[-99.0976,45.8677],[-99.108,45.8677],[-99.108,45.8713],[-99.1132,45.8713],[-99.1132,45.8749],[-99.1184,45.8749],[-99.1184,45.8822],[-99.1108,45.8822],[-99.1107,45.8802],[-99.106,45.8802],[-99.1059,45.8822],[-99.108,45.8822],[-99.108,45.8967],[-99.1066,45.8967],[-99.1065,45.8986],[-99.104,45.9015],[-99.0997,45.9016],[-99.0997,45.8991],[-99.0977,45.8991]]],[[[-99.2014,45.9112],[-99.2014,45.9087],[-99.2092,45.9086],[-99.2092,45.9112],[-99.2014,45.9112]]],[[[-99.3047,45.9117],[-99.3047,45.9044],[-99.3151,45.9045],[-99.3152,45.9118],[-99.3047,45.9117]]],[[[-99.0152,45.9183],[-99.0152,45.9111],[-99.0308,45.9112],[-99.0308,45.9184],[-99.0152,45.9183]]],[[[-99.2118,45.9112],[-99.2118,45.9098],[-99.2217,45.9099],[-99.2217,45.9148],[-99.2118,45.9148],[-99.2118,45.9112]]],[[[-99.1235,45.9111],[-99.1235,45.9039],[-99.1287,45.9039],[-99.1287,45.9003],[-99.1392,45.9003],[-99.1392,45.9075],[-99.1495,45.9076],[-99.1496,45.9111],[-99.1549,45.9111],[-99.1548,45.9148],[-99.16,45.9148],[-99.16,45.9184],[-99.1339,45.9184],[-99.134,45.9112],[-99.1235,45.9111]]],[[[-99.1184,45.9185],[-99.1249,45.9184],[-99.1249,45.9211],[-99.1197,45.9211],[-99.1197,45.9185],[-99.1184,45.9185]]],[[[-99.0879,45.9256],[-99.0879,45.9185],[-99.09,45.9185],[-99.09,45.9124],[-99.0931,45.9123],[-99.0931,45.9115],[-99.0921,45.9107],[-99.09,45.9104],[-99.0889,45.9112],[-99.0885,45.9119],[-99.0846,45.9126],[-99.0846,45.9113],[-99.0879,45.9097],[-99.0879,45.9076],[-99.0977,45.9098],[-99.0977,45.9257],[-99.0879,45.9256]]],[[[-99.2015,45.9256],[-99.2015,45.9248],[-99.2066,45.9248],[-99.2083,45.9234],[-99.2097,45.9226],[-99.2097,45.9222],[-99.217,45.922],[-99.217,45.9256],[-99.2015,45.9256]]],[[[-99.3047,45.9117],[-99.3047,45.9189],[-99.2996,45.9189],[-99.2995,45.9224],[-99.2943,45.9225],[-99.2944,45.9261],[-99.2788,45.926],[-99.2786,45.9043],[-99.2944,45.9043],[-99.2944,45.9117],[-99.3047,45.9117]]],[[[-99.1496,45.9344],[-99.1496,45.9257],[-99.16,45.9257],[-99.16,45.94],[-99.1497,45.94],[-99.1496,45.9344]]],[[[-99.1839,45.94],[-99.1839,45.9384],[-99.1859,45.9384],[-99.1859,45.9374],[-99.1931,45.9373],[-99.1936,45.9377],[-99.1952,45.9375],[-99.1998,45.9388],[-99.1997,45.9392],[-99.1969,45.94],[-99.1839,45.94]]],[[[-99.2581,45.94],[-99.2581,45.9367],[-99.2633,45.9368],[-99.2633,45.9332],[-99.2682,45.9331],[-99.2682,45.94],[-99.2581,45.94]]]]},"properties":{"id":"usgs-pad-us-fee-managers:5036","name":"Mcpherson County Waterfowl Production Area","kind":"land","category":"public-land","sourceCategory":"public-land","sourceId":"usgs-pad-us-fee-managers","sourceUrl":"https://services.arcgis.com/v01gqwM5QqNysAAi/arcgis/rest/services/Fee_Managers_PADUS/FeatureServer/0","sourceUpdated":"2021-12-08T05:00:00.000Z","publicUse":"PAD-US reports restricted access; confirm permits and seasonal rules with the manager.","unit":"FWS","origin":"public-catalog"}},{"type":"Feature","id":"usgs-pad-us-fee-managers:5049","geometry":{"type":"MultiPolygon","coordinates":[[[[-97.806,43.8825],[-97.8061,43.8789],[-97.8112,43.8788],[-97.8111,43.8825],[-97.806,43.8825]]],[[[-97.7607,43.9149],[-97.7607,43.9076],[-97.7707,43.9077],[-97.7707,43.9149],[-97.7607,43.9149]]],[[[-97.7934,43.915],[-97.7934,43.9117],[-97.7984,43.9117],[-97.7984,43.9078],[-97.8008,43.9078],[-97.8008,43.915],[-97.7934,43.915]]],[[[-97.701,43.9555],[-97.7009,43.9506],[-97.7059,43.9506],[-97.7061,43.958],[-97.701,43.958],[-97.701,43.9555]]],[[[-97.781,43.9731],[-97.791,43.9729],[-97.791,43.9802],[-97.7811,43.9803],[-97.781,43.9731]]],[[[-97.7113,43.9907],[-97.7112,43.9798],[-97.7192,43.9797],[-97.7193,43.9899],[-97.7138,43.9898],[-97.7138,43.9925],[-97.7113,43.9925],[-97.7113,43.9907]]],[[[-97.6231,44.0158],[-97.6231,44.0087],[-97.6306,44.0087],[-97.6306,44.0065],[-97.6406,44.0078],[-97.6406,44.0119],[-97.6333,44.0118],[-97.6332,44.0129],[-97.6307,44.0129],[-97.6307,44.016],[-97.6231,44.0158]]],[[[-97.6709,44.009],[-97.681,44.009],[-97.681,44.0162],[-97.6709,44.0161],[-97.6709,44.009]]],[[[-97.4002,44.0234],[-97.4001,44.0188],[-97.4053,44.0189],[-97.4053,44.0235],[-97.4002,44.0234]]],[[[-97.7799,44.0401],[-97.7799,44.0383],[-97.7909,44.0383],[-97.7871,44.0384],[-97.7871,44.0401],[-97.7799,44.0401]]],[[[-97.4305,44.0733],[-97.4305,44.0711],[-97.4342,44.0711],[-97.4343,44.0769],[-97.4305,44.0769],[-97.4305,44.0733]]],[[[-97.4182,44.0907],[-97.4182,44.088],[-97.4157,44.088],[-97.4157,44.0843],[-97.4132,44.0844],[-97.4131,44.0808],[-97.4222,44.0807],[-97.4222,44.0879],[-97.4206,44.0879],[-97.4206,44.0907],[-97.4182,44.0907]]],[[[-97.6755,44.132],[-97.6757,44.1248],[-97.6808,44.1248],[-97.6806,44.132],[-97.6755,44.132]]],[[[-97.6904,44.1394],[-97.6905,44.1358],[-97.7003,44.1359],[-97.7015,44.1396],[-97.6904,44.1394]]],[[[-97.4309,44.164],[-97.4359,44.164],[-97.4359,44.1677],[-97.4309,44.1677],[-97.4309,44.164]]],[[[-97.5715,44.1752],[-97.575,44.1751],[-97.575,44.1726],[-97.5769,44.1726],[-97.5769,44.1734],[-97.579,44.1739],[-97.5798,44.1752],[-97.5715,44.1752]]]]},"properties":{"id":"usgs-pad-us-fee-managers:5049","name":"Miner County Waterfowl Production Area","kind":"land","category":"public-land","sourceCategory":"public-land","sourceId":"usgs-pad-us-fee-managers","sourceUrl":"https://services.arcgis.com/v01gqwM5QqNysAAi/arcgis/rest/services/Fee_Managers_PADUS/FeatureServer/0","sourceUpdated":"2021-12-08T05:00:00.000Z","publicUse":"PAD-US reports restricted access; confirm permits and seasonal rules with the manager.","unit":"FWS","origin":"public-catalog"}},{"type":"Feature","id":"usgs-pad-us-fee-managers:5052","geometry":{"type":"MultiPolygon","coordinates":[[[[-96.9899,43.5216],[-96.9899,43.5198],[-96.9922,43.5195],[-96.9923,43.5186],[-96.9915,43.5186],[-96.9915,43.5158],[-96.9899,43.5158],[-96.9899,43.5144],[-96.9999,43.5144],[-96.9999,43.5189],[-97.0098,43.5189],[-97.0098,43.5217],[-96.9899,43.5216]]],[[[-96.9963,43.5361],[-96.9962,43.5289],[-97.0098,43.5289],[-97.0098,43.5271],[-97.0128,43.5271],[-97.0128,43.5289],[-97.0133,43.5289],[-97.0133,43.5334],[-97.0098,43.5335],[-97.0098,43.5362],[-96.9963,43.5361]]],[[[-97,43.5628],[-96.9999,43.5543],[-97.0098,43.5544],[-97.0098,43.5589],[-97.0083,43.5589],[-97.0083,43.558],[-97.0062,43.558],[-97.0062,43.5583],[-97.0057,43.5583],[-97.0057,43.5629],[-97,43.5628]]],[[[-96.9541,43.57],[-96.9541,43.5669],[-96.9566,43.5669],[-96.9566,43.5651],[-96.9515,43.5651],[-96.9515,43.5644],[-96.9533,43.561],[-96.9566,43.5594],[-96.9566,43.559],[-96.9574,43.559],[-96.9574,43.5579],[-96.9603,43.5579],[-96.9603,43.5723],[-96.9602,43.57],[-96.9541,43.57]]],[[[-97.0594,43.5793],[-97.0593,43.572],[-97.0624,43.5721],[-97.0624,43.5748],[-97.0644,43.5748],[-97.0644,43.5793],[-97.0594,43.5793]]],[[[-97.0994,43.5794],[-97.0994,43.5758],[-97.1036,43.5758],[-97.1036,43.5794],[-97.1094,43.5794],[-97.1094,43.5869],[-97.0994,43.5869],[-97.0994,43.5794]]],[[[-97.0895,43.6053],[-97.0895,43.6029],[-97.0912,43.6029],[-97.0912,43.6016],[-97.0995,43.6017],[-97.0995,43.609],[-97.0895,43.6089],[-97.0895,43.6053]]],[[[-97.1169,43.627],[-97.1169,43.6234],[-97.1194,43.6234],[-97.1194,43.6088],[-97.1292,43.6088],[-97.1293,43.6306],[-97.1194,43.6306],[-97.1194,43.627],[-97.1169,43.627]]],[[[-97.0371,43.6426],[-97.0298,43.6404],[-97.0297,43.64],[-97.0376,43.6425],[-97.0353,43.638],[-97.0348,43.6379],[-97.0349,43.6347],[-97.0353,43.6347],[-97.0359,43.6353],[-97.0375,43.6355],[-97.0398,43.6367],[-97.0398,43.6393],[-97.0419,43.6427],[-97.0415,43.6436],[-97.0472,43.6449],[-97.047,43.6451],[-97.0371,43.6426]]],[[[-97.0696,43.667],[-97.0696,43.6742],[-97.0695,43.6742],[-97.0696,43.667]]],[[[-97.0763,43.6787],[-97.0763,43.6742],[-97.0697,43.6742],[-97.0697,43.667],[-97.0795,43.667],[-97.0795,43.6721],[-97.0895,43.6721],[-97.0895,43.6751],[-97.087,43.6751],[-97.087,43.6788],[-97.0763,43.6787]]],[[[-97.0497,43.6815],[-97.0496,43.6743],[-97.0596,43.6743],[-97.0596,43.6783],[-97.0559,43.679],[-97.0543,43.6802],[-97.0536,43.6815],[-97.0544,43.6831],[-97.0547,43.6832],[-97.0547,43.6851],[-97.0497,43.6851],[-97.0497,43.6815]]],[[[-97.0895,43.6833],[-97.0895,43.6815],[-97.092,43.6815],[-97.092,43.6779],[-97.0994,43.6779],[-97.0993,43.6887],[-97.0969,43.6887],[-97.0969,43.6833],[-97.0895,43.6833]]],[[[-97.0773,43.6923],[-97.0774,43.6887],[-97.0895,43.6887],[-97.0897,43.6968],[-97.0888,43.6968],[-97.0888,43.6959],[-97.0795,43.696],[-97.0795,43.6923],[-97.0773,43.6923]]],[[[-97.1097,43.7104],[-97.1095,43.7031],[-97.1195,43.7031],[-97.1197,43.7104],[-97.1097,43.7104]]],[[[-97.0049,43.7762],[-97.0048,43.7651],[-97.0007,43.7651],[-97.0007,43.7616],[-97.0067,43.7616],[-97.0082,43.7627],[-97.008,43.7634],[-97.0067,43.764],[-97.0062,43.7646],[-97.0068,43.7655],[-97.0067,43.7662],[-97.0074,43.7669],[-97.0067,43.7676],[-97.0075,43.7691],[-97.0061,43.7694],[-97.0053,43.7713],[-97.0064,43.7724],[-97.0082,43.7724],[-97.0096,43.7717],[-97.0096,43.7798],[-97.0049,43.7798],[-97.0049,43.7762]]],[[[-97.1195,43.7987],[-97.1198,43.7973],[-97.1245,43.7974],[-97.1245,43.7986],[-97.1267,43.7984],[-97.129,43.7988],[-97.1291,43.8045],[-97.1195,43.8046],[-97.1195,43.7987]]],[[[-97.0595,43.8052],[-97.0595,43.8016],[-97.0494,43.8016],[-97.0494,43.8009],[-97.0559,43.8009],[-97.0594,43.7985],[-97.0594,43.798],[-97.066,43.798],[-97.066,43.8007],[-97.0657,43.8007],[-97.0657,43.8018],[-97.0632,43.8018],[-97.0632,43.8039],[-97.0596,43.8039],[-97.0595,43.8052]]],[[[-96.8816,43.8106],[-96.8816,43.8047],[-96.8854,43.8047],[-96.8854,43.8107],[-96.8816,43.8106]]],[[[-97.0295,43.8124],[-97.0295,43.8116],[-97.036,43.8116],[-97.0369,43.8124],[-97.0395,43.8124],[-97.0395,43.8197],[-97.0314,43.8197],[-97.0315,43.8142],[-97.0295,43.8142],[-97.0295,43.8124]]],[[[-96.9206,43.8266],[-96.9207,43.8193],[-96.9275,43.8193],[-96.9275,43.8199],[-96.9291,43.8218],[-96.9291,43.8266],[-96.9206,43.8266]]],[[[-97.122,43.8263],[-97.1221,43.8298],[-97.1242,43.8319],[-97.1243,43.8335],[-97.1161,43.8336],[-97.1158,43.8291],[-97.1181,43.8282],[-97.1183,43.8264],[-97.122,43.8263]]],[[[-97.0396,43.8415],[-97.0396,43.8379],[-97.0431,43.8378],[-97.0432,43.8342],[-97.0296,43.8342],[-97.0295,43.8269],[-97.0345,43.8269],[-97.0345,43.8233],[-97.0445,43.8233],[-97.0445,43.8197],[-97.0506,43.8197],[-97.0506,43.8217],[-97.0528,43.8217],[-97.0528,43.8197],[-97.0697,43.8196],[-97.0697,43.8283],[-97.0651,43.8283],[-97.0651,43.8292],[-97.0625,43.8292],[-97.0625,43.8342],[-97.0467,43.8342],[-97.0467,43.8414],[-97.0396,43.8415]]],[[[-96.9806,43.8483],[-96.9806,43.8449],[-96.9907,43.845],[-96.9907,43.8483],[-96.9806,43.8483]]]]},"properties":{"id":"usgs-pad-us-fee-managers:5052","name":"Minnehaha County Waterfowl Production Area","kind":"land","category":"public-land","sourceCategory":"public-land","sourceId":"usgs-pad-us-fee-managers","sourceUrl":"https://services.arcgis.com/v01gqwM5QqNysAAi/arcgis/rest/services/Fee_Managers_PADUS/FeatureServer/0","sourceUpdated":"2021-12-08T05:00:00.000Z","publicUse":"PAD-US reports restricted access; confirm permits and seasonal rules with the manager.","unit":"FWS","origin":"public-catalog"}},{"type":"Feature","id":"usgs-pad-us-fee-managers:5061","geometry":{"type":"MultiPolygon","coordinates":[[[[-96.7891,44.0009],[-96.7891,43.9955],[-96.7905,43.9955],[-96.7905,43.9936],[-96.7945,43.9937],[-96.7956,43.9976],[-96.7931,43.9988],[-96.7962,44.001],[-96.7891,44.0009]]],[[[-96.7839,44.0044],[-96.7839,44.0008],[-96.7849,44.0008],[-96.7849,43.9972],[-96.7887,43.9972],[-96.7889,44.0045],[-96.7839,44.0044]]],[[[-96.8297,44],[-96.83,44.0017],[-96.8317,44.0042],[-96.8318,44.0069],[-96.8293,44.0069],[-96.8272,44.0061],[-96.8272,44.0053],[-96.8274,44.005],[-96.8275,44.0009],[-96.8294,44.0008],[-96.8294,44],[-96.8297,44]]],[[[-96.7888,44.019],[-96.7889,44.0081],[-96.7989,44.0083],[-96.7989,44.0189],[-96.7939,44.0189],[-96.7938,44.0223],[-96.7888,44.0222],[-96.7888,44.019]]],[[[-96.8351,44.0286],[-96.8349,44.0223],[-96.8389,44.0223],[-96.8391,44.0286],[-96.8351,44.0286]]],[[[-96.8342,44.0474],[-96.8343,44.0454],[-96.8377,44.0455],[-96.8377,44.0403],[-96.8345,44.0402],[-96.8345,44.0394],[-96.8336,44.0391],[-96.8336,44.0367],[-96.8333,44.0367],[-96.833,44.0295],[-96.8392,44.0295],[-96.8395,44.0439],[-96.8496,44.044],[-96.8494,44.0539],[-96.8395,44.0538],[-96.8395,44.0483],[-96.8346,44.0483],[-96.8346,44.0475],[-96.8342,44.0474]]],[[[-96.8596,44.0586],[-96.8596,44.0569],[-96.8636,44.0569],[-96.8636,44.0512],[-96.8661,44.0513],[-96.8663,44.0441],[-96.8599,44.0441],[-96.8601,44.0369],[-96.8615,44.0369],[-96.8614,44.0359],[-96.8652,44.0359],[-96.8652,44.037],[-96.8703,44.037],[-96.8701,44.0441],[-96.8801,44.0442],[-96.8798,44.0587],[-96.8596,44.0586]]],[[[-96.845,44.0781],[-96.8427,44.0761],[-96.8485,44.073],[-96.8392,44.073],[-96.8394,44.0635],[-96.8411,44.0635],[-96.8411,44.0657],[-96.8442,44.0657],[-96.8442,44.0633],[-96.8432,44.0633],[-96.8432,44.0608],[-96.8484,44.0609],[-96.8483,44.0585],[-96.8495,44.0585],[-96.8495,44.0658],[-96.8567,44.0659],[-96.8505,44.0658],[-96.8504,44.0691],[-96.8531,44.0691],[-96.853,44.0718],[-96.8548,44.0718],[-96.8547,44.0731],[-96.851,44.0731],[-96.8509,44.0767],[-96.8491,44.0767],[-96.8491,44.0782],[-96.845,44.0781]]],[[[-96.8391,44.1091],[-96.839,44.102],[-96.844,44.102],[-96.8439,44.0963],[-96.8406,44.0963],[-96.8406,44.0948],[-96.8379,44.0948],[-96.838,44.0875],[-96.8491,44.0876],[-96.849,44.0858],[-96.8592,44.0858],[-96.8592,44.0935],[-96.86,44.0935],[-96.8601,44.0948],[-96.8504,44.0949],[-96.8507,44.0987],[-96.8488,44.0987],[-96.8492,44.1091],[-96.8391,44.1091]]],[[[-96.7887,44.1126],[-96.7888,44.1163],[-96.7836,44.1162],[-96.7836,44.1127],[-96.7887,44.1126]]],[[[-96.8292,44.1138],[-96.829,44.1092],[-96.8391,44.1092],[-96.8393,44.1164],[-96.8318,44.1164],[-96.8317,44.1138],[-96.8292,44.1138]]],[[[-96.8395,44.1814],[-96.8395,44.174],[-96.8444,44.1742],[-96.8444,44.1815],[-96.8395,44.1814]]],[[[-96.8657,44.1875],[-96.8694,44.1842],[-96.8695,44.1833],[-96.8692,44.1841],[-96.8678,44.1854],[-96.8552,44.1853],[-96.8554,44.1816],[-96.8641,44.1818],[-96.864,44.1745],[-96.8697,44.1746],[-96.8698,44.1819],[-96.8747,44.1818],[-96.8748,44.1854],[-96.8694,44.1855],[-96.8688,44.1926],[-96.864,44.1926],[-96.8641,44.1908],[-96.8618,44.1908],[-96.8641,44.1891],[-96.8657,44.1875]]],[[[-96.8666,44.1832],[-96.8696,44.1824],[-96.8696,44.1822],[-96.8665,44.1831],[-96.8651,44.1829],[-96.8644,44.1821],[-96.8637,44.182],[-96.8641,44.1822],[-96.8649,44.1831],[-96.8666,44.1832]]]]},"properties":{"id":"usgs-pad-us-fee-managers:5061","name":"Moody County Waterfowl Production Area","kind":"land","category":"public-land","sourceCategory":"public-land","sourceId":"usgs-pad-us-fee-managers","sourceUrl":"https://services.arcgis.com/v01gqwM5QqNysAAi/arcgis/rest/services/Fee_Managers_PADUS/FeatureServer/0","sourceUpdated":"2021-12-08T05:00:00.000Z","publicUse":"PAD-US reports restricted access; confirm permits and seasonal rules with the manager.","unit":"FWS","origin":"public-catalog"}},{"type":"Feature","id":"usgs-pad-us-fee-managers:5176","geometry":{"type":"MultiPolygon","coordinates":[[[[-99.7411,45.1584],[-99.7412,45.1539],[-99.7463,45.154],[-99.7463,45.1576],[-99.7459,45.1576],[-99.7459,45.1585],[-99.7411,45.1584]]],[[[-99.6621,45.1517],[-99.6654,45.1516],[-99.6686,45.1535],[-99.6697,45.1536],[-99.6698,45.1571],[-99.6755,45.157],[-99.6755,45.1692],[-99.6653,45.1692],[-99.6653,45.1655],[-99.6551,45.1655],[-99.655,45.1532],[-99.6621,45.1517]]]]},"properties":{"id":"usgs-pad-us-fee-managers:5176","name":"Potter County Waterfowl Production Area","kind":"land","category":"public-land","sourceCategory":"public-land","sourceId":"usgs-pad-us-fee-managers","sourceUrl":"https://services.arcgis.com/v01gqwM5QqNysAAi/arcgis/rest/services/Fee_Managers_PADUS/FeatureServer/0","sourceUpdated":"2021-12-08T05:00:00.000Z","publicUse":"PAD-US reports restricted access; confirm permits and seasonal rules with the manager.","unit":"FWS","origin":"public-catalog"}},{"type":"Feature","id":"usgs-pad-us-fee-managers:5201","geometry":{"type":"Polygon","coordinates":[[[-97.0591,45.9358],[-97.0482,45.9357],[-97.0482,45.9355],[-97.0613,45.9354],[-97.0613,45.9358],[-97.0591,45.9358]]]},"properties":{"id":"usgs-pad-us-fee-managers:5201","name":"Richland County Waterfowl Production Area","kind":"land","category":"public-land","sourceCategory":"public-land","sourceId":"usgs-pad-us-fee-managers","sourceUrl":"https://services.arcgis.com/v01gqwM5QqNysAAi/arcgis/rest/services/Fee_Managers_PADUS/FeatureServer/0","sourceUpdated":"2021-12-08T05:00:00.000Z","publicUse":"PAD-US reports restricted access; confirm permits and seasonal rules with the manager.","unit":"FWS","origin":"public-catalog"}},{"type":"Feature","id":"usgs-pad-us-fee-managers:5205","geometry":{"type":"MultiPolygon","coordinates":[[[[-97.1787,45.3158],[-97.1787,45.312],[-97.1854,45.312],[-97.1854,45.3192],[-97.1828,45.3192],[-97.1829,45.3159],[-97.1787,45.3158]]],[[[-96.5144,45.3303],[-96.5144,45.3267],[-96.5247,45.3267],[-96.5247,45.3303],[-96.5144,45.3303]]],[[[-97.0212,45.3331],[-97.0211,45.3186],[-97.0417,45.3189],[-97.0415,45.3296],[-97.0314,45.3296],[-97.0314,45.3332],[-97.0212,45.3331]]],[[[-96.7398,45.4037],[-96.7398,45.4023],[-96.7449,45.4023],[-96.7449,45.4037],[-96.7398,45.4037]]],[[[-96.7141,45.406],[-96.7141,45.3988],[-96.7192,45.3988],[-96.7191,45.406],[-96.7141,45.406]]],[[[-96.7449,45.4096],[-96.7449,45.4084],[-96.7479,45.4083],[-96.7479,45.4096],[-96.7499,45.4096],[-96.7499,45.4132],[-96.7397,45.4132],[-96.7398,45.4097],[-96.7449,45.4096]]],[[[-96.8114,45.4438],[-96.8114,45.442],[-96.8157,45.442],[-96.8157,45.4398],[-96.8218,45.4398],[-96.8218,45.4438],[-96.8114,45.4438]]],[[[-96.7654,45.4493],[-96.7656,45.4388],[-96.7706,45.4389],[-96.7704,45.4493],[-96.7654,45.4493]]],[[[-97.1493,45.5084],[-97.1496,45.5079],[-97.1498,45.5079],[-97.1497,45.5082],[-97.1499,45.5083],[-97.1509,45.5078],[-97.1518,45.5089],[-97.1526,45.5093],[-97.1528,45.5097],[-97.1526,45.5099],[-97.1529,45.511],[-97.1523,45.5112],[-97.1516,45.5109],[-97.1503,45.5096],[-97.1495,45.5093],[-97.1496,45.5087],[-97.1493,45.5084]]],[[[-97.1737,45.5185],[-97.1696,45.5173],[-97.1678,45.5186],[-97.165,45.5178],[-97.1648,45.518],[-97.1615,45.518],[-97.1611,45.5179],[-97.1605,45.5172],[-97.1593,45.5168],[-97.1586,45.5158],[-97.1582,45.5156],[-97.1573,45.516],[-97.1566,45.5171],[-97.1568,45.5177],[-97.1574,45.5179],[-97.1583,45.5176],[-97.1591,45.5179],[-97.1601,45.5179],[-97.1606,45.5182],[-97.16,45.5183],[-97.1598,45.5189],[-97.1543,45.5189],[-97.1544,45.5154],[-97.1561,45.5153],[-97.1558,45.5156],[-97.1563,45.5161],[-97.1594,45.5152],[-97.1578,45.5138],[-97.1578,45.5133],[-97.1575,45.5128],[-97.1562,45.5129],[-97.1553,45.5135],[-97.1547,45.5135],[-97.1545,45.5128],[-97.1547,45.5119],[-97.1544,45.5112],[-97.155,45.5105],[-97.1548,45.5103],[-97.1555,45.5091],[-97.1543,45.5088],[-97.1537,45.5082],[-97.1536,45.5079],[-97.1599,45.5079],[-97.16,45.5006],[-97.178,45.5006],[-97.1778,45.5097],[-97.1701,45.5097],[-97.17,45.5108],[-97.168,45.5129],[-97.165,45.5129],[-97.165,45.5178],[-97.165,45.5151],[-97.1753,45.5151],[-97.1754,45.5188],[-97.1738,45.5188],[-97.1737,45.5185]]],[[[-97.1612,45.519],[-97.161,45.5186],[-97.1614,45.5184],[-97.1628,45.5186],[-97.164,45.5184],[-97.1649,45.5189],[-97.1658,45.5186],[-97.1659,45.5191],[-97.1665,45.5198],[-97.1651,45.5203],[-97.1648,45.5207],[-97.1647,45.519],[-97.1612,45.519]]],[[[-97.1647,45.5261],[-97.1648,45.5226],[-97.1651,45.524],[-97.1659,45.525],[-97.1675,45.5256],[-97.1699,45.5255],[-97.1699,45.5261],[-97.1647,45.5261]]],[[[-96.9994,45.5948],[-96.9994,45.5946],[-97.0046,45.5946],[-97.0045,45.5986],[-97.0009,45.5986],[-97.0009,45.5948],[-96.9994,45.5948]]],[[[-97.2172,45.6741],[-97.2171,45.6667],[-97.2123,45.6669],[-97.2118,45.6596],[-97.2169,45.6596],[-97.2171,45.6632],[-97.2222,45.6632],[-97.2221,45.6595],[-97.2272,45.6595],[-97.2272,45.6667],[-97.2274,45.674],[-97.2172,45.6741]]],[[[-97.2272,45.6813],[-97.2272,45.6838],[-97.2264,45.6845],[-97.2265,45.685],[-97.2273,45.6858],[-97.2272,45.6886],[-97.2223,45.6887],[-97.2223,45.6814],[-97.2272,45.6813]]],[[[-97.2224,45.6995],[-97.2224,45.7032],[-97.2019,45.7035],[-97.2016,45.7003],[-97.2224,45.6995]]],[[[-96.9474,45.7468],[-96.9474,45.7396],[-96.9476,45.7396],[-96.9476,45.736],[-96.9528,45.736],[-96.9528,45.7323],[-96.9553,45.7323],[-96.9554,45.7396],[-96.958,45.7396],[-96.958,45.7433],[-96.9528,45.7433],[-96.9528,45.7396],[-96.9513,45.7396],[-96.9513,45.7404],[-96.9507,45.7404],[-96.9508,45.7469],[-96.9474,45.7468]]],[[[-96.9477,45.7613],[-96.9476,45.7591],[-96.9425,45.7592],[-96.9424,45.7561],[-96.9477,45.7561],[-96.9478,45.7614],[-96.9477,45.7613]]],[[[-96.9829,45.7658],[-96.9826,45.7636],[-96.9817,45.7636],[-96.9817,45.7615],[-96.9896,45.7614],[-96.9896,45.7643],[-96.9929,45.7643],[-96.9929,45.7691],[-96.9896,45.7692],[-96.9896,45.7688],[-96.9854,45.7688],[-96.9853,45.7659],[-96.9829,45.7658]]],[[[-96.9428,45.7797],[-96.9428,45.776],[-96.9481,45.7761],[-96.9481,45.7797],[-96.9428,45.7797]]],[[[-96.922,45.7866],[-96.9219,45.783],[-96.9373,45.7832],[-96.9376,45.7868],[-96.922,45.7866]]],[[[-96.988,45.7957],[-96.988,45.7906],[-96.9899,45.7906],[-96.9899,45.791],[-96.9922,45.792],[-96.9922,45.7925],[-96.993,45.7937],[-96.9931,45.7956],[-96.988,45.7957]]],[[[-96.9747,45.8024],[-96.9747,45.8003],[-96.9793,45.8004],[-96.9794,45.805],[-96.9768,45.805],[-96.9769,45.8025],[-96.9747,45.8024]]],[[[-96.9654,45.8043],[-96.9659,45.8041],[-96.9674,45.8042],[-96.9704,45.804],[-96.9723,45.8044],[-96.9736,45.8051],[-96.9752,45.8052],[-96.9752,45.8079],[-96.9692,45.8079],[-96.9693,45.8074],[-96.9641,45.8072],[-96.9641,45.8049],[-96.9654,45.8043]]],[[[-97.0835,45.8266],[-97.0833,45.8194],[-97.09,45.8194],[-97.0901,45.8239],[-97.0857,45.8239],[-97.0858,45.8266],[-97.0835,45.8266]]],[[[-97.1037,45.8337],[-97.1036,45.8301],[-97.1093,45.8302],[-97.1093,45.8337],[-97.1037,45.8337]]],[[[-96.9121,45.8487],[-96.9121,45.8488],[-96.907,45.8489],[-96.9121,45.8487]]],[[[-97.0382,45.8541],[-97.037,45.8541],[-97.0367,45.8487],[-97.0421,45.8488],[-97.0422,45.8543],[-97.0382,45.8541]]],[[[-96.9071,45.8524],[-96.9071,45.849],[-96.9121,45.8489],[-96.9124,45.8557],[-96.9072,45.8558],[-96.9071,45.8524]]],[[[-96.9305,45.8557],[-96.9304,45.8542],[-96.9265,45.8542],[-96.9264,45.8487],[-96.9355,45.8487],[-96.9356,45.8541],[-96.9382,45.8541],[-96.9382,45.8554],[-96.9305,45.8557]]],[[[-96.9071,45.8778],[-96.9071,45.8706],[-96.9174,45.8706],[-96.9175,45.8776],[-96.9071,45.8778]]],[[[-96.9385,45.8728],[-96.9384,45.8704],[-96.9332,45.8704],[-96.933,45.8632],[-96.9538,45.8631],[-96.9538,45.8703],[-96.9489,45.8704],[-96.949,45.8777],[-96.9385,45.8776],[-96.9385,45.8728]]],[[[-97.1599,45.8922],[-97.1597,45.8849],[-97.1702,45.8849],[-97.1703,45.8813],[-97.1756,45.8813],[-97.1758,45.8923],[-97.1599,45.8922]]],[[[-97.0944,45.9013],[-97.0944,45.8995],[-97.1039,45.8994],[-97.1039,45.9012],[-97.0944,45.9013]]],[[[-96.9697,45.9031],[-96.9697,45.8996],[-96.9794,45.8996],[-96.9794,45.9066],[-96.9698,45.9066],[-96.9697,45.9031]]],[[[-97.0927,45.9079],[-97.0927,45.9065],[-97.0943,45.9065],[-97.0944,45.9038],[-97.0969,45.9038],[-97.0971,45.9079],[-97.0927,45.9079]]],[[[-97.0126,45.9239],[-97.0126,45.9212],[-97.0196,45.9212],[-97.0195,45.9239],[-97.0126,45.9239]]],[[[-96.9254,45.9285],[-96.9255,45.9248],[-96.9307,45.9249],[-96.9307,45.9212],[-96.9358,45.9212],[-96.9358,45.9284],[-96.9254,45.9285]]],[[[-96.9638,45.9322],[-96.9633,45.9296],[-96.9625,45.9296],[-96.9625,45.9282],[-96.9567,45.9282],[-96.9567,45.927],[-96.9585,45.927],[-96.9585,45.9257],[-96.9671,45.926],[-96.9671,45.9243],[-96.97,45.9243],[-96.97,45.9269],[-96.9682,45.9269],[-96.9682,45.9285],[-96.9671,45.9285],[-96.9671,45.93],[-96.9724,45.93],[-96.9724,45.9321],[-96.9638,45.9322]]],[[[-97.0484,45.9354],[-97.0484,45.9344],[-97.0509,45.9343],[-97.0509,45.9328],[-97.0495,45.9328],[-97.0495,45.9321],[-97.0458,45.9321],[-97.0458,45.9285],[-97.051,45.9285],[-97.051,45.9354],[-97.0484,45.9354]]]]},"properties":{"id":"usgs-pad-us-fee-managers:5205","name":"Roberts County Waterfowl Production Area","kind":"land","category":"public-land","sourceCategory":"public-land","sourceId":"usgs-pad-us-fee-managers","sourceUrl":"https://services.arcgis.com/v01gqwM5QqNysAAi/arcgis/rest/services/Fee_Managers_PADUS/FeatureServer/0","sourceUpdated":"2021-12-08T05:00:00.000Z","publicUse":"PAD-US reports restricted access; confirm permits and seasonal rules with the manager.","unit":"FWS","origin":"public-catalog"}},{"type":"Feature","id":"usgs-pad-us-fee-managers:5236","geometry":{"type":"MultiPolygon","coordinates":[[[[-98.2414,43.9382],[-98.2415,43.9293],[-98.2427,43.9293],[-98.2427,43.9311],[-98.2445,43.9311],[-98.2444,43.9382],[-98.2414,43.9382]]],[[[-97.8495,44.1905],[-97.8497,44.1833],[-97.8523,44.1833],[-97.8521,44.1905],[-97.8495,44.1905]]]]},"properties":{"id":"usgs-pad-us-fee-managers:5236","name":"Sanborn County Waterfowl Production Area","kind":"land","category":"public-land","sourceCategory":"public-land","sourceId":"usgs-pad-us-fee-managers","sourceUrl":"https://services.arcgis.com/v01gqwM5QqNysAAi/arcgis/rest/services/Fee_Managers_PADUS/FeatureServer/0","sourceUpdated":"2021-12-08T05:00:00.000Z","publicUse":"PAD-US reports restricted access; confirm permits and seasonal rules with the manager.","unit":"FWS","origin":"public-catalog"}},{"type":"Feature","id":"usgs-pad-us-fee-managers:5238","geometry":{"type":"Polygon","coordinates":[[[-98.1728,45.8899],[-98.1716,45.8897],[-98.1705,45.89],[-98.17,45.8904],[-98.1699,45.8909],[-98.1707,45.892],[-98.1703,45.8927],[-98.1703,45.8931],[-98.1654,45.8931],[-98.1655,45.8858],[-98.1758,45.8858],[-98.1758,45.8786],[-98.1862,45.8786],[-98.1864,45.8423],[-98.1968,45.8424],[-98.1972,45.8352],[-98.197,45.8063],[-98.2073,45.8063],[-98.2072,45.7918],[-98.2125,45.7918],[-98.2123,45.7773],[-98.2175,45.7773],[-98.2176,45.77],[-98.2281,45.7699],[-98.228,45.7664],[-98.2332,45.7663],[-98.2333,45.7628],[-98.2385,45.7628],[-98.2387,45.7519],[-98.236,45.7519],[-98.236,45.7447],[-98.2385,45.7447],[-98.2384,45.7354],[-98.2409,45.7354],[-98.2409,45.7301],[-98.2385,45.7301],[-98.2385,45.7192],[-98.2407,45.7192],[-98.2422,45.7174],[-98.2488,45.7175],[-98.2489,45.7048],[-98.2697,45.7049],[-98.2696,45.7092],[-98.28,45.7092],[-98.2801,45.7049],[-98.2902,45.7048],[-98.2903,45.6904],[-98.2954,45.6904],[-98.2954,45.6832],[-98.2945,45.6832],[-98.2943,45.6796],[-98.2921,45.6781],[-98.2903,45.6781],[-98.2903,45.676],[-98.3005,45.6759],[-98.3005,45.6706],[-98.2901,45.6706],[-98.2902,45.6613],[-98.3108,45.6614],[-98.3107,45.6726],[-98.3077,45.6726],[-98.3072,45.674],[-98.3055,45.676],[-98.3055,45.6809],[-98.308,45.6832],[-98.3094,45.6832],[-98.3096,45.6869],[-98.3109,45.6869],[-98.3108,45.7339],[-98.2889,45.7338],[-98.2899,45.7333],[-98.293,45.7329],[-98.2937,45.7324],[-98.2936,45.7316],[-98.2937,45.7307],[-98.2942,45.7299],[-98.2936,45.7296],[-98.2937,45.7291],[-98.2946,45.7282],[-98.2986,45.7265],[-98.2992,45.7255],[-98.3008,45.7238],[-98.3035,45.7215],[-98.3043,45.7215],[-98.3058,45.7221],[-98.3074,45.7218],[-98.3087,45.7212],[-98.3097,45.7203],[-98.3102,45.7175],[-98.3101,45.7161],[-98.3093,45.7152],[-98.3079,45.7128],[-98.308,45.7121],[-98.3085,45.7118],[-98.3086,45.7106],[-98.3079,45.71],[-98.308,45.7095],[-98.3086,45.709],[-98.3085,45.7084],[-98.3072,45.7068],[-98.3073,45.7063],[-98.3079,45.7062],[-98.3083,45.7057],[-98.308,45.705],[-98.3072,45.7043],[-98.3051,45.7032],[-98.2981,45.705],[-98.2976,45.7055],[-98.2975,45.7066],[-98.2967,45.707],[-98.2964,45.7081],[-98.2959,45.7083],[-98.2959,45.7087],[-98.2948,45.7098],[-98.2944,45.71],[-98.2938,45.7109],[-98.29,45.7135],[-98.29,45.7139],[-98.2874,45.7149],[-98.2874,45.7156],[-98.2863,45.7162],[-98.2854,45.7172],[-98.2836,45.7178],[-98.2832,45.7183],[-98.2816,45.7193],[-98.2768,45.722],[-98.2746,45.7226],[-98.273,45.7228],[-98.2719,45.7219],[-98.2711,45.7193],[-98.2695,45.7186],[-98.2685,45.7178],[-98.2655,45.717],[-98.2655,45.7174],[-98.2662,45.7179],[-98.2657,45.7189],[-98.2642,45.7202],[-98.2622,45.7209],[-98.2597,45.7198],[-98.26,45.7204],[-98.2618,45.7215],[-98.2652,45.7231],[-98.2653,45.7269],[-98.2694,45.7276],[-98.2762,45.7276],[-98.2803,45.7252],[-98.282,45.7247],[-98.283,45.7248],[-98.283,45.7253],[-98.282,45.7278],[-98.2807,45.7302],[-98.2797,45.7325],[-98.2802,45.7331],[-98.2823,45.7327],[-98.2842,45.7327],[-98.2849,45.7331],[-98.2849,45.7384],[-98.2808,45.7384],[-98.2784,45.7401],[-98.2785,45.7447],[-98.277,45.7446],[-98.2769,45.7483],[-98.2798,45.7483],[-98.2797,45.7593],[-98.2784,45.7593],[-98.2783,45.7629],[-98.2795,45.7629],[-98.2795,45.77],[-98.2747,45.7702],[-98.2729,45.7711],[-98.2719,45.7726],[-98.2711,45.7749],[-98.271,45.7828],[-98.2693,45.7828],[-98.2693,45.7873],[-98.2642,45.7873],[-98.2643,45.7946],[-98.2616,45.7947],[-98.2616,45.7963],[-98.2578,45.7964],[-98.2579,45.7991],[-98.2648,45.7991],[-98.2649,45.8137],[-98.2602,45.8135],[-98.2603,45.8064],[-98.2578,45.8064],[-98.2578,45.8135],[-98.2486,45.8134],[-98.2482,45.8208],[-98.2382,45.8207],[-98.2383,45.8279],[-98.2344,45.828],[-98.2345,45.8352],[-98.2383,45.8352],[-98.2384,45.8497],[-98.228,45.8496],[-98.228,45.8581],[-98.2262,45.8581],[-98.2261,45.8639],[-98.2224,45.8639],[-98.2224,45.8713],[-98.2173,45.8713],[-98.2171,45.8822],[-98.2068,45.8822],[-98.207,45.8903],[-98.1774,45.8904],[-98.1782,45.8899],[-98.1799,45.8894],[-98.181,45.8886],[-98.1815,45.8871],[-98.181,45.8851],[-98.1817,45.8844],[-98.1831,45.8839],[-98.1842,45.8838],[-98.1858,45.8843],[-98.1869,45.8841],[-98.1876,45.8837],[-98.188,45.8831],[-98.1883,45.881],[-98.1893,45.8799],[-98.1934,45.8782],[-98.1988,45.8778],[-98.2013,45.877],[-98.2034,45.8743],[-98.2041,45.874],[-98.2046,45.8734],[-98.2048,45.8725],[-98.2044,45.872],[-98.2039,45.8695],[-98.2049,45.8686],[-98.2067,45.8677],[-98.2069,45.8671],[-98.2094,45.866],[-98.2119,45.8633],[-98.2155,45.862],[-98.2156,45.8615],[-98.215,45.8605],[-98.2142,45.8601],[-98.2138,45.8597],[-98.2138,45.8594],[-98.2142,45.8589],[-98.217,45.8591],[-98.2185,45.8586],[-98.2185,45.8576],[-98.2154,45.854],[-98.217,45.8508],[-98.2171,45.8501],[-98.2162,45.8476],[-98.2153,45.8463],[-98.2137,45.8448],[-98.2132,45.8445],[-98.2132,45.8431],[-98.2172,45.8409],[-98.2209,45.8396],[-98.2245,45.8376],[-98.226,45.8371],[-98.228,45.8368],[-98.228,45.8363],[-98.226,45.8366],[-98.2235,45.8375],[-98.2207,45.8391],[-98.2168,45.8406],[-98.2126,45.843],[-98.2128,45.8446],[-98.2152,45.8475],[-98.2159,45.8496],[-98.2161,45.8509],[-98.2146,45.8534],[-98.2145,45.8539],[-98.2157,45.8556],[-98.2164,45.8559],[-98.2168,45.8571],[-98.2175,45.8575],[-98.2174,45.8578],[-98.2171,45.8582],[-98.214,45.8583],[-98.2137,45.8585],[-98.2131,45.8596],[-98.2137,45.8606],[-98.2143,45.861],[-98.2141,45.8614],[-98.2108,45.8626],[-98.2097,45.8634],[-98.2091,45.8646],[-98.2083,45.8648],[-98.205,45.867],[-98.2027,45.869],[-98.2031,45.8711],[-98.2037,45.8721],[-98.2044,45.8728],[-98.2043,45.8731],[-98.2042,45.8736],[-98.2026,45.8745],[-98.2017,45.8762],[-98.2,45.8771],[-98.1982,45.8775],[-98.1932,45.8779],[-98.1897,45.8793],[-98.1881,45.8804],[-98.1876,45.8815],[-98.1874,45.8833],[-98.1866,45.8838],[-98.1836,45.8835],[-98.1825,45.8837],[-98.1805,45.8845],[-98.1805,45.8853],[-98.1811,45.8875],[-98.1808,45.8881],[-98.18,45.8889],[-98.1773,45.8899],[-98.1766,45.8909],[-98.1768,45.8914],[-98.1798,45.8923],[-98.18,45.8928],[-98.1798,45.8934],[-98.1789,45.8939],[-98.1774,45.894],[-98.1743,45.8906],[-98.1728,45.8899]],[[-98.2197,45.8077],[-98.219,45.8063],[-98.2178,45.8063],[-98.2197,45.8086],[-98.2208,45.8095],[-98.2236,45.8106],[-98.2281,45.8112],[-98.2281,45.8107],[-98.2259,45.8104],[-98.2231,45.8097],[-98.2212,45.8088],[-98.2197,45.8077]],[[-98.2381,45.7918],[-98.2383,45.7845],[-98.2336,45.7845],[-98.2333,45.7918],[-98.2381,45.7918]]]},"properties":{"id":"usgs-pad-us-fee-managers:5238","name":"Sand Lake National Wildlife Refuge","kind":"land","category":"public-land","sourceCategory":"public-land","sourceId":"usgs-pad-us-fee-managers","sourceUrl":"https://services.arcgis.com/v01gqwM5QqNysAAi/arcgis/rest/services/Fee_Managers_PADUS/FeatureServer/0","sourceUpdated":"2021-12-08T05:00:00.000Z","publicUse":"PAD-US reports restricted access; confirm permits and seasonal rules with the manager.","unit":"FWS","origin":"public-catalog"}},{"type":"Feature","id":"usgs-pad-us-fee-managers:5280","geometry":{"type":"MultiPolygon","coordinates":[[[[-98.6509,44.7715],[-98.651,44.7643],[-98.6662,44.7644],[-98.6661,44.7861],[-98.6559,44.7861],[-98.6522,44.7788],[-98.6509,44.7788],[-98.6509,44.7715]]],[[[-98.5992,44.8908],[-98.5992,44.8872],[-98.6049,44.8872],[-98.605,44.8979],[-98.5999,44.8979],[-98.5999,44.8908],[-98.5992,44.8908]]],[[[-98.6148,44.9485],[-98.6147,44.9413],[-98.6249,44.9411],[-98.6249,44.9483],[-98.6148,44.9485]]],[[[-98.6495,45.1416],[-98.6495,45.138],[-98.6542,45.1379],[-98.6541,45.1412],[-98.6497,45.1413],[-98.6496,45.144],[-98.6495,45.1416]]],[[[-98.6669,45.1453],[-98.6669,45.151],[-98.6567,45.1512],[-98.6567,45.1478],[-98.6626,45.1476],[-98.6634,45.1454],[-98.6669,45.1453]]],[[[-98.6823,45.1546],[-98.6823,45.1526],[-98.6799,45.1521],[-98.6799,45.1508],[-98.6772,45.1509],[-98.6771,45.1436],[-98.682,45.1426],[-98.6848,45.1427],[-98.6873,45.1435],[-98.6899,45.1435],[-98.6899,45.1467],[-98.6874,45.1468],[-98.6874,45.1504],[-98.6891,45.1506],[-98.6891,45.1543],[-98.6823,45.1546]]],[[[-98.6873,45.1507],[-98.6869,45.1507],[-98.6868,45.1515],[-98.6873,45.1525],[-98.6868,45.1526],[-98.6864,45.1524],[-98.6856,45.15],[-98.6846,45.1501],[-98.6836,45.1513],[-98.6831,45.1513],[-98.6831,45.151],[-98.6839,45.15],[-98.6833,45.1482],[-98.6851,45.1437],[-98.683,45.1435],[-98.6827,45.1431],[-98.6819,45.1431],[-98.6809,45.1436],[-98.6787,45.1442],[-98.6795,45.1451],[-98.6776,45.1462],[-98.6776,45.148],[-98.6782,45.1486],[-98.6794,45.1489],[-98.6798,45.1482],[-98.6806,45.1483],[-98.6812,45.1491],[-98.6808,45.1502],[-98.6813,45.1508],[-98.6807,45.1516],[-98.6811,45.1521],[-98.6823,45.1519],[-98.683,45.154],[-98.6842,45.1543],[-98.6881,45.1533],[-98.6882,45.152],[-98.6889,45.1512],[-98.6885,45.1507],[-98.6873,45.1507]]],[[[-97.9919,45.1605],[-97.9919,45.1534],[-98.0022,45.1535],[-98.0021,45.168],[-97.997,45.1679],[-97.997,45.1643],[-97.9962,45.1643],[-97.9963,45.1605],[-97.9919,45.1605]]],[[[-98.6811,45.1912],[-98.681,45.1872],[-98.6854,45.1872],[-98.6853,45.1835],[-98.6906,45.1833],[-98.6907,45.1871],[-98.6894,45.1871],[-98.6894,45.1877],[-98.6885,45.1889],[-98.6883,45.1897],[-98.6877,45.1899],[-98.6877,45.1902],[-98.6857,45.191],[-98.6836,45.1914],[-98.6836,45.1912],[-98.6811,45.1912]]],[[[-98.54,45.1948],[-98.5401,45.1876],[-98.5443,45.1876],[-98.5444,45.1695],[-98.5547,45.1696],[-98.5545,45.2023],[-98.5477,45.2022],[-98.5476,45.1949],[-98.54,45.1948]]],[[[-98.5956,45.2389],[-98.5956,45.2317],[-98.6059,45.2317],[-98.606,45.2335],[-98.6036,45.2335],[-98.6017,45.2365],[-98.6011,45.2368],[-98.601,45.2389],[-98.5956,45.2389]]]]},"properties":{"id":"usgs-pad-us-fee-managers:5280","name":"Spink County Waterfowl Production Area","kind":"land","category":"public-land","sourceCategory":"public-land","sourceId":"usgs-pad-us-fee-managers","sourceUrl":"https://services.arcgis.com/v01gqwM5QqNysAAi/arcgis/rest/services/Fee_Managers_PADUS/FeatureServer/0","sourceUpdated":"2021-12-08T05:00:00.000Z","publicUse":"PAD-US reports restricted access; confirm permits and seasonal rules with the manager.","unit":"FWS","origin":"public-catalog"}},{"type":"Feature","id":"usgs-pad-us-fee-managers:5303","geometry":{"type":"Polygon","coordinates":[[[-99.7761,44.8709],[-99.7761,44.8673],[-99.7842,44.8674],[-99.7863,44.8659],[-99.7863,44.8638],[-99.7944,44.8639],[-99.7969,44.8621],[-99.7969,44.8657],[-99.7943,44.8675],[-99.7914,44.8674],[-99.7863,44.871],[-99.7863,44.8746],[-99.7761,44.8745],[-99.7761,44.8709]]]},"properties":{"id":"usgs-pad-us-fee-managers:5303","name":"Sully County Waterfowl Production Area","kind":"land","category":"public-land","sourceCategory":"public-land","sourceId":"usgs-pad-us-fee-managers","sourceUrl":"https://services.arcgis.com/v01gqwM5QqNysAAi/arcgis/rest/services/Fee_Managers_PADUS/FeatureServer/0","sourceUpdated":"2021-12-08T05:00:00.000Z","publicUse":"PAD-US reports restricted access; confirm permits and seasonal rules with the manager.","unit":"FWS","origin":"public-catalog"}},{"type":"Feature","id":"usgs-pad-us-fee-managers:5350","geometry":{"type":"MultiPolygon","coordinates":[[[[-97.0332,43.2319],[-97.0332,43.2281],[-97.0424,43.2284],[-97.0424,43.2356],[-97.0332,43.2356],[-97.0332,43.2319]]],[[[-97.241,43.3865],[-97.2409,43.3793],[-97.2459,43.3793],[-97.246,43.3865],[-97.241,43.3865]]],[[[-97.241,43.3865],[-97.2408,43.3902],[-97.2359,43.3902],[-97.2358,43.3939],[-97.2309,43.3939],[-97.231,43.3902],[-97.2211,43.3902],[-97.2212,43.3866],[-97.2194,43.3866],[-97.2193,43.383],[-97.227,43.383],[-97.2271,43.3866],[-97.241,43.3865]]],[[[-97.1899,43.4503],[-97.1899,43.4448],[-97.2014,43.4448],[-97.2015,43.4665],[-97.1916,43.4666],[-97.1915,43.4503],[-97.1899,43.4503]]]]},"properties":{"id":"usgs-pad-us-fee-managers:5350","name":"Turner County Waterfowl Production Area","kind":"land","category":"public-land","sourceCategory":"public-land","sourceId":"usgs-pad-us-fee-managers","sourceUrl":"https://services.arcgis.com/v01gqwM5QqNysAAi/arcgis/rest/services/Fee_Managers_PADUS/FeatureServer/0","sourceUpdated":"2021-12-08T05:00:00.000Z","publicUse":"PAD-US reports restricted access; confirm permits and seasonal rules with the manager.","unit":"FWS","origin":"public-catalog"}},{"type":"Feature","id":"usgs-pad-us-fee-managers:5358","geometry":{"type":"Polygon","coordinates":[[[-96.7725,42.7354],[-96.7727,42.7312],[-96.7763,42.7312],[-96.7762,42.7354],[-96.7769,42.7354],[-96.7798,42.739],[-96.7812,42.739],[-96.7812,42.7436],[-96.7802,42.7436],[-96.7802,42.7426],[-96.7762,42.7426],[-96.7762,42.7369],[-96.7748,42.7354],[-96.7725,42.7354]]]},"properties":{"id":"usgs-pad-us-fee-managers:5358","name":"Union County Waterfowl Production Area","kind":"land","category":"public-land","sourceCategory":"public-land","sourceId":"usgs-pad-us-fee-managers","sourceUrl":"https://services.arcgis.com/v01gqwM5QqNysAAi/arcgis/rest/services/Fee_Managers_PADUS/FeatureServer/0","sourceUpdated":"2021-12-08T05:00:00.000Z","publicUse":"PAD-US reports restricted access; confirm permits and seasonal rules with the manager.","unit":"FWS","origin":"public-catalog"}},{"type":"Feature","id":"usgs-pad-us-fee-managers:5383","geometry":{"type":"MultiPolygon","coordinates":[[[[-99.8888,45.3258],[-99.8888,45.3121],[-99.8922,45.3101],[-99.8944,45.308],[-99.902,45.308],[-99.902,45.3116],[-99.9033,45.3116],[-99.9033,45.3153],[-99.9065,45.3153],[-99.9066,45.3189],[-99.911,45.3189],[-99.911,45.3157],[-99.9142,45.3157],[-99.9142,45.3262],[-99.8887,45.3261],[-99.8888,45.3258]]],[[[-99.8214,45.4274],[-99.8213,45.4203],[-99.8296,45.4203],[-99.8296,45.423],[-99.8309,45.423],[-99.8309,45.4248],[-99.8322,45.4249],[-99.8321,45.4349],[-99.8424,45.4349],[-99.8425,45.4421],[-99.8477,45.4421],[-99.8477,45.4458],[-99.8529,45.4458],[-99.8529,45.4494],[-99.8323,45.4493],[-99.8322,45.4385],[-99.827,45.4385],[-99.827,45.4312],[-99.8214,45.4311],[-99.8214,45.4274]]],[[[-99.8161,45.5363],[-99.816,45.529],[-99.8212,45.5291],[-99.8213,45.5364],[-99.8161,45.5363]]]]},"properties":{"id":"usgs-pad-us-fee-managers:5383","name":"Walworth County Waterfowl Production Area","kind":"land","category":"public-land","sourceCategory":"public-land","sourceId":"usgs-pad-us-fee-managers","sourceUrl":"https://services.arcgis.com/v01gqwM5QqNysAAi/arcgis/rest/services/Fee_Managers_PADUS/FeatureServer/0","sourceUpdated":"2021-12-08T05:00:00.000Z","publicUse":"PAD-US reports restricted access; confirm permits and seasonal rules with the manager.","unit":"FWS","origin":"public-catalog"}},{"type":"Feature","id":"usgs-pad-us-fee-managers:5395","geometry":{"type":"Polygon","coordinates":[[[-97.2992,45.4342],[-97.2992,45.4326],[-97.2985,45.432],[-97.2977,45.4316],[-97.3042,45.4315],[-97.304,45.4133],[-97.3091,45.4132],[-97.3091,45.4097],[-97.3142,45.4097],[-97.3143,45.4061],[-97.3178,45.4061],[-97.3167,45.4025],[-97.3352,45.4025],[-97.3352,45.3988],[-97.3456,45.3988],[-97.3455,45.4024],[-97.3507,45.4025],[-97.3507,45.3988],[-97.366,45.3987],[-97.366,45.4142],[-97.3612,45.4155],[-97.3595,45.415],[-97.3544,45.4198],[-97.3544,45.4207],[-97.3578,45.4222],[-97.3649,45.4214],[-97.3648,45.4191],[-97.3631,45.4175],[-97.3609,45.418],[-97.3608,45.4175],[-97.3623,45.4168],[-97.366,45.4165],[-97.3699,45.4184],[-97.3711,45.4201],[-97.3684,45.4203],[-97.3682,45.4218],[-97.3711,45.4231],[-97.371,45.424],[-97.366,45.4243],[-97.3643,45.4254],[-97.363,45.4297],[-97.361,45.4322],[-97.363,45.4342],[-97.3598,45.4347],[-97.3575,45.433],[-97.3527,45.4354],[-97.3509,45.4382],[-97.352,45.4407],[-97.3531,45.4421],[-97.3525,45.4425],[-97.3401,45.4424],[-97.34,45.4387],[-97.3276,45.4387],[-97.3276,45.4384],[-97.3089,45.4385],[-97.309,45.435],[-97.2992,45.435],[-97.2992,45.4342]]]},"properties":{"id":"usgs-pad-us-fee-managers:5395","name":"Waubay National Wildlife Refuge","kind":"land","category":"public-land","sourceCategory":"public-land","sourceId":"usgs-pad-us-fee-managers","sourceUrl":"https://services.arcgis.com/v01gqwM5QqNysAAi/arcgis/rest/services/Fee_Managers_PADUS/FeatureServer/0","sourceUpdated":"2021-12-08T05:00:00.000Z","publicUse":"PAD-US reports restricted access; confirm permits and seasonal rules with the manager.","unit":"FWS","origin":"public-catalog"}},{"type":"Feature","id":"usgs-pad-us-fee-managers:5426","geometry":{"type":"MultiPolygon","coordinates":[[[[-97.5176,43.0587],[-97.5175,43.0534],[-97.5186,43.0534],[-97.5201,43.0554],[-97.5204,43.0563],[-97.5202,43.0571],[-97.5176,43.0587]]],[[[-97.2939,43.1551],[-97.294,43.146],[-97.2984,43.146],[-97.2984,43.1551],[-97.2939,43.1551]]],[[[-97.3876,43.1585],[-97.3876,43.1549],[-97.399,43.1549],[-97.3991,43.1621],[-97.3876,43.1622],[-97.3876,43.1585]]]]},"properties":{"id":"usgs-pad-us-fee-managers:5426","name":"Yankton County Waterfowl Production Area","kind":"land","category":"public-land","sourceCategory":"public-land","sourceId":"usgs-pad-us-fee-managers","sourceUrl":"https://services.arcgis.com/v01gqwM5QqNysAAi/arcgis/rest/services/Fee_Managers_PADUS/FeatureServer/0","sourceUpdated":"2021-12-08T05:00:00.000Z","publicUse":"PAD-US reports restricted access; confirm permits and seasonal rules with the manager.","unit":"FWS","origin":"public-catalog"}},{"type":"Feature","id":"usgs-pad-us-fee-managers:82398","geometry":{"type":"Polygon","coordinates":[[[-97.6649,42.9904],[-97.6648,42.9812],[-97.6746,42.9812],[-97.6747,42.9904],[-97.6649,42.9904]]]},"properties":{"id":"usgs-pad-us-fee-managers:82398","name":"South Dakota Game Fish and Parks - Wildlife Division","kind":"land","category":"public-land","sourceCategory":"public-land","sourceId":"usgs-pad-us-fee-managers","sourceUrl":"https://services.arcgis.com/v01gqwM5QqNysAAi/arcgis/rest/services/Fee_Managers_PADUS/FeatureServer/0","sourceUpdated":"2013-06-09T04:00:00.000Z","publicUse":"PAD-US reports open access; verify current manager conditions and restrictions.","unit":"SFW","origin":"public-catalog"}},{"type":"Feature","id":"usgs-pad-us-fee-managers:82399","geometry":{"type":"Polygon","coordinates":[[[-96.6096,45.1503],[-96.6101,45.1433],[-96.6201,45.1432],[-96.6198,45.1495],[-96.6182,45.1495],[-96.6182,45.1503],[-96.6096,45.1503]]]},"properties":{"id":"usgs-pad-us-fee-managers:82399","name":"South Dakota Game Fish and Parks - Wildlife Division","kind":"land","category":"public-land","sourceCategory":"public-land","sourceId":"usgs-pad-us-fee-managers","sourceUrl":"https://services.arcgis.com/v01gqwM5QqNysAAi/arcgis/rest/services/Fee_Managers_PADUS/FeatureServer/0","sourceUpdated":"2013-06-09T04:00:00.000Z","publicUse":"PAD-US reports open access; verify current manager conditions and restrictions.","unit":"SFW","origin":"public-catalog"}},{"type":"Feature","id":"usgs-pad-us-fee-managers:82400","geometry":{"type":"Polygon","coordinates":[[[-97.4583,45.5949],[-97.458,45.5857],[-97.4788,45.5858],[-97.4788,45.5877],[-97.4635,45.5877],[-97.4634,45.595],[-97.4583,45.5949]]]},"properties":{"id":"usgs-pad-us-fee-managers:82400","name":"South Dakota Game Fish and Parks - Wildlife Division","kind":"land","category":"public-land","sourceCategory":"public-land","sourceId":"usgs-pad-us-fee-managers","sourceUrl":"https://services.arcgis.com/v01gqwM5QqNysAAi/arcgis/rest/services/Fee_Managers_PADUS/FeatureServer/0","sourceUpdated":"2013-06-09T04:00:00.000Z","publicUse":"PAD-US reports open access; verify current manager conditions and restrictions.","unit":"SFW","origin":"public-catalog"}},{"type":"Feature","id":"usgs-pad-us-fee-managers:82401","geometry":{"type":"MultiPolygon","coordinates":[[[[-103.4712,43.3181],[-103.4462,43.3181],[-103.4462,43.3179],[-103.4444,43.3179],[-103.4443,43.3163],[-103.443,43.3163],[-103.4429,43.3091],[-103.4417,43.309],[-103.442,43.3034],[-103.4456,43.3035],[-103.445,43.3072],[-103.4466,43.3072],[-103.4478,43.3056],[-103.447,43.3017],[-103.4481,43.2993],[-103.4513,43.298],[-103.4525,43.2991],[-103.4548,43.2991],[-103.4561,43.2978],[-103.4588,43.2998],[-103.4585,43.2967],[-103.4573,43.2956],[-103.46,43.2954],[-103.4621,43.2931],[-103.4693,43.2927],[-103.4718,43.2915],[-103.4732,43.2916],[-103.4742,43.292],[-103.4761,43.2917],[-103.4761,43.2912],[-103.4769,43.2914],[-103.4778,43.291],[-103.4795,43.2909],[-103.48,43.2915],[-103.4805,43.2904],[-103.4812,43.2904],[-103.4839,43.2909],[-103.4855,43.2921],[-103.4871,43.2929],[-103.4885,43.2929],[-103.49,43.2929],[-103.4899,43.2923],[-103.4919,43.2919],[-103.4937,43.2904],[-103.4959,43.2908],[-103.4971,43.2928],[-103.4981,43.2927],[-103.4981,43.2922],[-103.499,43.2923],[-103.4988,43.2906],[-103.498,43.2898],[-103.5009,43.2884],[-103.501,43.2881],[-103.504,43.2863],[-103.5041,43.287],[-103.5076,43.2852],[-103.5095,43.2854],[-103.5095,43.2928],[-103.4997,43.2928],[-103.4995,43.3038],[-103.5009,43.3038],[-103.5009,43.3109],[-103.491,43.3109],[-103.4909,43.3145],[-103.4959,43.3145],[-103.4957,43.3217],[-103.4815,43.3217],[-103.4816,43.3181],[-103.4712,43.3181]]],[[[-103.4648,43.2964],[-103.4607,43.2964],[-103.4606,43.3],[-103.4647,43.3],[-103.4648,43.2964]]],[[[-103.4914,43.3545],[-103.4765,43.3544],[-103.4765,43.3578],[-103.4613,43.3575],[-103.4613,43.3358],[-103.4565,43.3358],[-103.4565,43.3339],[-103.458,43.3339],[-103.4614,43.3325],[-103.4662,43.3325],[-103.4663,43.3314],[-103.4683,43.3291],[-103.4683,43.3272],[-103.4671,43.3263],[-103.4674,43.3258],[-103.4638,43.3244],[-103.4626,43.3234],[-103.4623,43.3227],[-103.4651,43.3224],[-103.4694,43.3229],[-103.4719,43.3242],[-103.4741,43.3244],[-103.4812,43.3263],[-103.4813,43.3289],[-103.471,43.3288],[-103.4709,43.3361],[-103.4758,43.3361],[-103.4757,43.3434],[-103.4806,43.3435],[-103.4806,43.347],[-103.4954,43.347],[-103.4955,43.3433],[-103.4906,43.3433],[-103.4907,43.336],[-103.4955,43.3361],[-103.4956,43.3396],[-103.5007,43.3396],[-103.5007,43.3429],[-103.5031,43.3429],[-103.5032,43.3504],[-103.5007,43.3504],[-103.5008,43.3613],[-103.4916,43.3613],[-103.4914,43.3545]]]]},"properties":{"id":"usgs-pad-us-fee-managers:82401","name":"South Dakota Game Fish and Parks - Wildlife Division","kind":"land","category":"public-land","sourceCategory":"public-land","sourceId":"usgs-pad-us-fee-managers","sourceUrl":"https://services.arcgis.com/v01gqwM5QqNysAAi/arcgis/rest/services/Fee_Managers_PADUS/FeatureServer/0","sourceUpdated":"2013-06-09T04:00:00.000Z","publicUse":"PAD-US reports open access; verify current manager conditions and restrictions.","unit":"SFW","origin":"public-catalog"}},{"type":"Feature","id":"usgs-pad-us-fee-managers:82858","geometry":{"type":"Polygon","coordinates":[[[-96.5867,43.4858],[-96.5863,43.4858],[-96.5863,43.4856],[-96.5873,43.4847],[-96.5867,43.4838],[-96.5866,43.4832],[-96.5862,43.4828],[-96.5852,43.4825],[-96.5846,43.4825],[-96.5826,43.4833],[-96.5821,43.4832],[-96.5811,43.4814],[-96.5817,43.4807],[-96.5843,43.4798],[-96.5868,43.4782],[-96.5869,43.4775],[-96.5866,43.4771],[-96.5837,43.475],[-96.5836,43.4744],[-96.5853,43.4712],[-96.5891,43.4713],[-96.5891,43.4749],[-96.5925,43.4749],[-96.5925,43.4766],[-96.5912,43.4766],[-96.5912,43.4774],[-96.5937,43.4774],[-96.5937,43.4785],[-96.593,43.4785],[-96.5929,43.4793],[-96.5947,43.4793],[-96.5947,43.4802],[-96.5912,43.4816],[-96.5912,43.4858],[-96.5867,43.4858]]]},"properties":{"id":"usgs-pad-us-fee-managers:82858","name":"Blood Run National Historic Landmark Area Tcf Tract","kind":"land","category":"public-land","sourceCategory":"public-land","sourceId":"usgs-pad-us-fee-managers","sourceUrl":"https://services.arcgis.com/v01gqwM5QqNysAAi/arcgis/rest/services/Fee_Managers_PADUS/FeatureServer/0","sourceUpdated":"2017-09-14T04:00:00.000Z","publicUse":"PAD-US reports open access; verify current manager conditions and restrictions.","unit":"SDOL","origin":"public-catalog"}},{"type":"Feature","id":"usgs-pad-us-fee-managers:85209","geometry":{"type":"Polygon","coordinates":[[[-98.5039,45.4611],[-98.5039,45.4596],[-98.5055,45.4596],[-98.5054,45.4601],[-98.5047,45.4601],[-98.5047,45.4611],[-98.5039,45.4611]]]},"properties":{"id":"usgs-pad-us-fee-managers:85209","name":"Lincoln Recreation Area","kind":"land","category":"public-land","sourceCategory":"public-land","sourceId":"usgs-pad-us-fee-managers","sourceUrl":"https://services.arcgis.com/v01gqwM5QqNysAAi/arcgis/rest/services/Fee_Managers_PADUS/FeatureServer/0","sourceUpdated":"2019-09-18T04:00:00.000Z","publicUse":"PAD-US reports open access; verify current manager conditions and restrictions.","unit":"CITY","origin":"public-catalog"}},{"type":"Feature","id":"usgs-pad-us-fee-managers:85210","geometry":{"type":"Polygon","coordinates":[[[-96.7686,44.2726],[-96.7685,44.2685],[-96.7813,44.2686],[-96.7812,44.2717],[-96.7806,44.2725],[-96.7808,44.2753],[-96.7729,44.2752],[-96.7729,44.2726],[-96.7686,44.2726]]]},"properties":{"id":"usgs-pad-us-fee-managers:85210","name":"Dakota Nature Park","kind":"land","category":"public-land","sourceCategory":"public-land","sourceId":"usgs-pad-us-fee-managers","sourceUrl":"https://services.arcgis.com/v01gqwM5QqNysAAi/arcgis/rest/services/Fee_Managers_PADUS/FeatureServer/0","sourceUpdated":"2019-09-18T04:00:00.000Z","publicUse":"PAD-US reports open access; verify current manager conditions and restrictions.","unit":"CITY","origin":"public-catalog"}},{"type":"Feature","id":"usgs-pad-us-fee-managers:85211","geometry":{"type":"Polygon","coordinates":[[[-97.1263,44.0062],[-97.1277,44.0061],[-97.1277,44.0056],[-97.1284,44.0055],[-97.1284,44.0051],[-97.1293,44.0051],[-97.1293,44.0069],[-97.1289,44.0071],[-97.1263,44.0071],[-97.1263,44.0062]]]},"properties":{"id":"usgs-pad-us-fee-managers:85211","name":"Madison Aquatic Center & Park","kind":"land","category":"public-land","sourceCategory":"public-land","sourceId":"usgs-pad-us-fee-managers","sourceUrl":"https://services.arcgis.com/v01gqwM5QqNysAAi/arcgis/rest/services/Fee_Managers_PADUS/FeatureServer/0","sourceUpdated":"2019-09-18T04:00:00.000Z","publicUse":"PAD-US reports open access; verify current manager conditions and restrictions.","unit":"CITY","origin":"public-catalog"}},{"type":"Feature","id":"usgs-pad-us-fee-managers:85212","geometry":{"type":"Polygon","coordinates":[[[-98.0707,43.7584],[-98.0687,43.7582],[-98.068,43.7585],[-98.0673,43.7585],[-98.0674,43.7576],[-98.0687,43.7568],[-98.0707,43.7576],[-98.071,43.7581],[-98.0707,43.7584]]]},"properties":{"id":"usgs-pad-us-fee-managers:85212","name":"Lake Mitchell Park","kind":"land","category":"public-land","sourceCategory":"public-land","sourceId":"usgs-pad-us-fee-managers","sourceUrl":"https://services.arcgis.com/v01gqwM5QqNysAAi/arcgis/rest/services/Fee_Managers_PADUS/FeatureServer/0","sourceUpdated":"2019-09-18T04:00:00.000Z","publicUse":"PAD-US reports open access; verify current manager conditions and restrictions.","unit":"CITY","origin":"public-catalog"}},{"type":"Feature","id":"usgs-pad-us-fee-managers:85213","geometry":{"type":"Polygon","coordinates":[[[-97.1288,44.8945],[-97.1286,44.8938],[-97.1316,44.8938],[-97.1316,44.8974],[-97.1304,44.8973],[-97.1304,44.8962],[-97.1289,44.8962],[-97.1288,44.8945]]]},"properties":{"id":"usgs-pad-us-fee-managers:85213","name":"Mclaughlin Nature Area","kind":"land","category":"public-land","sourceCategory":"public-land","sourceId":"usgs-pad-us-fee-managers","sourceUrl":"https://services.arcgis.com/v01gqwM5QqNysAAi/arcgis/rest/services/Fee_Managers_PADUS/FeatureServer/0","sourceUpdated":"2019-09-18T04:00:00.000Z","publicUse":"PAD-US reports open access; verify current manager conditions and restrictions.","unit":"CITY","origin":"public-catalog"}},{"type":"Feature","id":"usgs-pad-us-fee-managers:85214","geometry":{"type":"Polygon","coordinates":[[[-97.3812,42.8735],[-97.3811,42.8732],[-97.3817,42.8724],[-97.3814,42.8718],[-97.382,42.8714],[-97.3821,42.8735],[-97.3822,42.8735],[-97.3822,42.874],[-97.3826,42.874],[-97.3826,42.8745],[-97.382,42.8747],[-97.3808,42.8744],[-97.3808,42.8741],[-97.3812,42.8735]]]},"properties":{"id":"usgs-pad-us-fee-managers:85214","name":"Rotary Nature Area","kind":"land","category":"public-land","sourceCategory":"public-land","sourceId":"usgs-pad-us-fee-managers","sourceUrl":"https://services.arcgis.com/v01gqwM5QqNysAAi/arcgis/rest/services/Fee_Managers_PADUS/FeatureServer/0","sourceUpdated":"2019-09-18T04:00:00.000Z","publicUse":"PAD-US reports open access; verify current manager conditions and restrictions.","unit":"CITY","origin":"public-catalog"}},{"type":"Feature","id":"usgs-pad-us-fee-managers:94055","geometry":{"type":"Polygon","coordinates":[[[-98.4867,45.4689],[-98.4879,45.4688],[-98.4879,45.4696],[-98.4868,45.4696],[-98.4867,45.4689]]]},"properties":{"id":"usgs-pad-us-fee-managers:94055","name":"Aldrich Park","kind":"land","category":"public-land","sourceCategory":"public-land","sourceId":"usgs-pad-us-fee-managers","sourceUrl":"https://services.arcgis.com/v01gqwM5QqNysAAi/arcgis/rest/services/Fee_Managers_PADUS/FeatureServer/0","sourceUpdated":"2023-05-15T04:00:00.000Z","publicUse":"PAD-US reports open access; verify current manager conditions and restrictions.","unit":"CITY","origin":"public-catalog"}},{"type":"Feature","id":"usgs-pad-us-fee-managers:94056","geometry":{"type":"Polygon","coordinates":[[[-98.466,45.4591],[-98.4695,45.4574],[-98.4695,45.4587],[-98.4701,45.4587],[-98.4701,45.4591],[-98.466,45.4591]]]},"properties":{"id":"usgs-pad-us-fee-managers:94056","name":"Anderson Park","kind":"land","category":"public-land","sourceCategory":"public-land","sourceId":"usgs-pad-us-fee-managers","sourceUrl":"https://services.arcgis.com/v01gqwM5QqNysAAi/arcgis/rest/services/Fee_Managers_PADUS/FeatureServer/0","sourceUpdated":"2023-05-15T04:00:00.000Z","publicUse":"PAD-US reports open access; verify current manager conditions and restrictions.","unit":"CITY","origin":"public-catalog"}},{"type":"Feature","id":"usgs-pad-us-fee-managers:94057","geometry":{"type":"Polygon","coordinates":[[[-98.4591,45.4923],[-98.4612,45.4884],[-98.4638,45.4884],[-98.4638,45.4895],[-98.4642,45.4898],[-98.4641,45.4923],[-98.4591,45.4923]]]},"properties":{"id":"usgs-pad-us-fee-managers:94057","name":"Baird Park","kind":"land","category":"public-land","sourceCategory":"public-land","sourceId":"usgs-pad-us-fee-managers","sourceUrl":"https://services.arcgis.com/v01gqwM5QqNysAAi/arcgis/rest/services/Fee_Managers_PADUS/FeatureServer/0","sourceUpdated":"2021-04-20T04:00:00.000Z","publicUse":"PAD-US reports open access; verify current manager conditions and restrictions.","unit":"CITY","origin":"public-catalog"}},{"type":"Feature","id":"usgs-pad-us-fee-managers:94058","geometry":{"type":"Polygon","coordinates":[[[-98.4717,45.4689],[-98.4721,45.4681],[-98.4731,45.4681],[-98.4731,45.4689],[-98.4717,45.4689]]]},"properties":{"id":"usgs-pad-us-fee-managers:94058","name":"Browne Park","kind":"land","category":"public-land","sourceCategory":"public-land","sourceId":"usgs-pad-us-fee-managers","sourceUrl":"https://services.arcgis.com/v01gqwM5QqNysAAi/arcgis/rest/services/Fee_Managers_PADUS/FeatureServer/0","sourceUpdated":"2023-05-15T04:00:00.000Z","publicUse":"PAD-US reports open access; verify current manager conditions and restrictions.","unit":"CITY","origin":"public-catalog"}},{"type":"Feature","id":"usgs-pad-us-fee-managers:94059","geometry":{"type":"Polygon","coordinates":[[[-98.4823,45.464],[-98.4823,45.4632],[-98.4835,45.4632],[-98.4835,45.464],[-98.4823,45.464]]]},"properties":{"id":"usgs-pad-us-fee-managers:94059","name":"Central Park","kind":"land","category":"public-land","sourceCategory":"public-land","sourceId":"usgs-pad-us-fee-managers","sourceUrl":"https://services.arcgis.com/v01gqwM5QqNysAAi/arcgis/rest/services/Fee_Managers_PADUS/FeatureServer/0","sourceUpdated":"2023-05-15T04:00:00.000Z","publicUse":"PAD-US reports open access; verify current manager conditions and restrictions.","unit":"CITY","origin":"public-catalog"}},{"type":"Feature","id":"usgs-pad-us-fee-managers:94061","geometry":{"type":"Polygon","coordinates":[[[-98.4925,45.4687],[-98.4925,45.4678],[-98.4937,45.4679],[-98.4937,45.4687],[-98.4925,45.4687]]]},"properties":{"id":"usgs-pad-us-fee-managers:94061","name":"Easton Park","kind":"land","category":"public-land","sourceCategory":"public-land","sourceId":"usgs-pad-us-fee-managers","sourceUrl":"https://services.arcgis.com/v01gqwM5QqNysAAi/arcgis/rest/services/Fee_Managers_PADUS/FeatureServer/0","sourceUpdated":"2023-05-15T04:00:00.000Z","publicUse":"PAD-US reports open access; verify current manager conditions and restrictions.","unit":"CITY","origin":"public-catalog"}},{"type":"Feature","id":"usgs-pad-us-fee-managers:94062","geometry":{"type":"Polygon","coordinates":[[[-98.5026,45.4621],[-98.5026,45.4612],[-98.5037,45.4612],[-98.5037,45.4621],[-98.5026,45.4621]]]},"properties":{"id":"usgs-pad-us-fee-managers:94062","name":"Frontier Park","kind":"land","category":"public-land","sourceCategory":"public-land","sourceId":"usgs-pad-us-fee-managers","sourceUrl":"https://services.arcgis.com/v01gqwM5QqNysAAi/arcgis/rest/services/Fee_Managers_PADUS/FeatureServer/0","sourceUpdated":"2023-05-15T04:00:00.000Z","publicUse":"PAD-US reports open access; verify current manager conditions and restrictions.","unit":"CITY","origin":"public-catalog"}},{"type":"Feature","id":"usgs-pad-us-fee-managers:94063","geometry":{"type":"Polygon","coordinates":[[[-98.48,45.4575],[-98.48,45.4571],[-98.4806,45.4571],[-98.4806,45.4575],[-98.48,45.4575]]]},"properties":{"id":"usgs-pad-us-fee-managers:94063","name":"Garfield Park","kind":"land","category":"public-land","sourceCategory":"public-land","sourceId":"usgs-pad-us-fee-managers","sourceUrl":"https://services.arcgis.com/v01gqwM5QqNysAAi/arcgis/rest/services/Fee_Managers_PADUS/FeatureServer/0","sourceUpdated":"2023-05-15T04:00:00.000Z","publicUse":"PAD-US reports open access; verify current manager conditions and restrictions.","unit":"CITY","origin":"public-catalog"}},{"type":"Feature","id":"usgs-pad-us-fee-managers:94065","geometry":{"type":"Polygon","coordinates":[[[-98.4749,45.4444],[-98.4749,45.4375],[-98.4758,45.4375],[-98.4758,45.4371],[-98.4749,45.4371],[-98.4749,45.4304],[-98.4783,45.4304],[-98.4783,45.4432],[-98.4773,45.4432],[-98.4765,45.4444],[-98.4749,45.4444]]]},"properties":{"id":"usgs-pad-us-fee-managers:94065","name":"Kuhnert Arboretum","kind":"land","category":"public-land","sourceCategory":"public-land","sourceId":"usgs-pad-us-fee-managers","sourceUrl":"https://services.arcgis.com/v01gqwM5QqNysAAi/arcgis/rest/services/Fee_Managers_PADUS/FeatureServer/0","sourceUpdated":"2023-05-15T04:00:00.000Z","publicUse":"PAD-US reports open access; verify current manager conditions and restrictions.","unit":"CITY","origin":"public-catalog"}},{"type":"Feature","id":"usgs-pad-us-fee-managers:94067","geometry":{"type":"Polygon","coordinates":[[[-98.4801,45.4777],[-98.4801,45.4749],[-98.4819,45.4749],[-98.4819,45.4768],[-98.4835,45.4769],[-98.4835,45.4777],[-98.4801,45.4777]]]},"properties":{"id":"usgs-pad-us-fee-managers:94067","name":"Manor Park","kind":"land","category":"public-land","sourceCategory":"public-land","sourceId":"usgs-pad-us-fee-managers","sourceUrl":"https://services.arcgis.com/v01gqwM5QqNysAAi/arcgis/rest/services/Fee_Managers_PADUS/FeatureServer/0","sourceUpdated":"2023-05-15T04:00:00.000Z","publicUse":"PAD-US reports open access; verify current manager conditions and restrictions.","unit":"CITY","origin":"public-catalog"}},{"type":"Feature","id":"usgs-pad-us-fee-managers:94068","geometry":{"type":"Polygon","coordinates":[[[-98.4778,45.4469],[-98.4779,45.4449],[-98.4838,45.4449],[-98.4826,45.447],[-98.4778,45.4469]]]},"properties":{"id":"usgs-pad-us-fee-managers:94068","name":"Melgaard Park","kind":"land","category":"public-land","sourceCategory":"public-land","sourceId":"usgs-pad-us-fee-managers","sourceUrl":"https://services.arcgis.com/v01gqwM5QqNysAAi/arcgis/rest/services/Fee_Managers_PADUS/FeatureServer/0","sourceUpdated":"2023-05-15T04:00:00.000Z","publicUse":"PAD-US reports open access; verify current manager conditions and restrictions.","unit":"CITY","origin":"public-catalog"}},{"type":"Feature","id":"usgs-pad-us-fee-managers:94069","geometry":{"type":"Polygon","coordinates":[[[-98.4733,45.459],[-98.4745,45.459],[-98.4733,45.4591],[-98.4733,45.459]]]},"properties":{"id":"usgs-pad-us-fee-managers:94069","name":"Nicollet Park","kind":"land","category":"public-land","sourceCategory":"public-land","sourceId":"usgs-pad-us-fee-managers","sourceUrl":"https://services.arcgis.com/v01gqwM5QqNysAAi/arcgis/rest/services/Fee_Managers_PADUS/FeatureServer/0","sourceUpdated":"2023-05-15T04:00:00.000Z","publicUse":"PAD-US reports open access; verify current manager conditions and restrictions.","unit":"CITY","origin":"public-catalog"}},{"type":"Feature","id":"usgs-pad-us-fee-managers:94071","geometry":{"type":"Polygon","coordinates":[[[-98.4535,45.4651],[-98.4535,45.4644],[-98.4539,45.4644],[-98.4539,45.4651],[-98.4535,45.4651]]]},"properties":{"id":"usgs-pad-us-fee-managers:94071","name":"Roosevelt Park","kind":"land","category":"public-land","sourceCategory":"public-land","sourceId":"usgs-pad-us-fee-managers","sourceUrl":"https://services.arcgis.com/v01gqwM5QqNysAAi/arcgis/rest/services/Fee_Managers_PADUS/FeatureServer/0","sourceUpdated":"2023-05-15T04:00:00.000Z","publicUse":"PAD-US reports open access; verify current manager conditions and restrictions.","unit":"CITY","origin":"public-catalog"}},{"type":"Feature","id":"usgs-pad-us-fee-managers:94073","geometry":{"type":"Polygon","coordinates":[[[-98.51,45.4577],[-98.5102,45.4572],[-98.5113,45.4572],[-98.5113,45.4578],[-98.51,45.4577]]]},"properties":{"id":"usgs-pad-us-fee-managers:94073","name":"Southwest Park","kind":"land","category":"public-land","sourceCategory":"public-land","sourceId":"usgs-pad-us-fee-managers","sourceUrl":"https://services.arcgis.com/v01gqwM5QqNysAAi/arcgis/rest/services/Fee_Managers_PADUS/FeatureServer/0","sourceUpdated":"2023-05-15T04:00:00.000Z","publicUse":"PAD-US reports open access; verify current manager conditions and restrictions.","unit":"CITY","origin":"public-catalog"}},{"type":"Feature","id":"usgs-pad-us-fee-managers:94074","geometry":{"type":"MultiPolygon","coordinates":[[[[-98.4621,45.4474],[-98.4607,45.4455],[-98.4635,45.4455],[-98.4635,45.446],[-98.4646,45.446],[-98.4646,45.447],[-98.4643,45.447],[-98.4629,45.447],[-98.4631,45.446],[-98.4628,45.446],[-98.4627,45.4468],[-98.4621,45.4474]]],[[[-98.4607,45.4466],[-98.4611,45.4465],[-98.4616,45.4472],[-98.4596,45.448],[-98.459,45.4473],[-98.4607,45.4466]]]]},"properties":{"id":"usgs-pad-us-fee-managers:94074","name":"Sunshine Park","kind":"land","category":"public-land","sourceCategory":"public-land","sourceId":"usgs-pad-us-fee-managers","sourceUrl":"https://services.arcgis.com/v01gqwM5QqNysAAi/arcgis/rest/services/Fee_Managers_PADUS/FeatureServer/0","sourceUpdated":"2023-05-15T04:00:00.000Z","publicUse":"PAD-US reports open access; verify current manager conditions and restrictions.","unit":"CITY","origin":"public-catalog"}},{"type":"Feature","id":"usgs-pad-us-fee-managers:94076","geometry":{"type":"Polygon","coordinates":[[[-98.5128,45.4872],[-98.5145,45.4876],[-98.5158,45.4886],[-98.5262,45.4887],[-98.5261,45.4959],[-98.5163,45.4958],[-98.5162,45.4947],[-98.5157,45.4936],[-98.5121,45.49],[-98.5114,45.489],[-98.5112,45.4881],[-98.5114,45.4879],[-98.5128,45.4872]]]},"properties":{"id":"usgs-pad-us-fee-managers:94076","name":"Wylie Park","kind":"land","category":"public-land","sourceCategory":"public-land","sourceId":"usgs-pad-us-fee-managers","sourceUrl":"https://services.arcgis.com/v01gqwM5QqNysAAi/arcgis/rest/services/Fee_Managers_PADUS/FeatureServer/0","sourceUpdated":"2023-05-15T04:00:00.000Z","publicUse":"PAD-US reports open access; verify current manager conditions and restrictions.","unit":"CITY","origin":"public-catalog"}},{"type":"Feature","id":"usgs-pad-us-fee-managers:94077","geometry":{"type":"Polygon","coordinates":[[[-98.4727,45.4523],[-98.4726,45.452],[-98.4746,45.452],[-98.4746,45.4546],[-98.4719,45.4546],[-98.4726,45.4533],[-98.4727,45.4523]]]},"properties":{"id":"usgs-pad-us-fee-managers:94077","name":"Aberdeen Aquatic Center","kind":"land","category":"public-land","sourceCategory":"public-land","sourceId":"usgs-pad-us-fee-managers","sourceUrl":"https://services.arcgis.com/v01gqwM5QqNysAAi/arcgis/rest/services/Fee_Managers_PADUS/FeatureServer/0","sourceUpdated":"2023-05-15T04:00:00.000Z","publicUse":"PAD-US reports open access; verify current manager conditions and restrictions.","unit":"CITY","origin":"public-catalog"}},{"type":"Feature","id":"usgs-pad-us-fee-managers:94078","geometry":{"type":"Polygon","coordinates":[[[-98.4337,45.4797],[-98.4337,45.4737],[-98.4386,45.4737],[-98.4386,45.4781],[-98.4337,45.4797]]]},"properties":{"id":"usgs-pad-us-fee-managers:94078","name":"Aberdeen Sports Complex","kind":"land","category":"public-land","sourceCategory":"public-land","sourceId":"usgs-pad-us-fee-managers","sourceUrl":"https://services.arcgis.com/v01gqwM5QqNysAAi/arcgis/rest/services/Fee_Managers_PADUS/FeatureServer/0","sourceUpdated":"2023-05-15T04:00:00.000Z","publicUse":"PAD-US reports open access; verify current manager conditions and restrictions.","unit":"CITY","origin":"public-catalog"}},{"type":"Feature","id":"usgs-pad-us-fee-managers:94082","geometry":{"type":"MultiPolygon","coordinates":[[[[-98.4691,45.4542],[-98.4692,45.4521],[-98.4697,45.451],[-98.4697,45.4448],[-98.4746,45.4449],[-98.4746,45.4459],[-98.4733,45.4475],[-98.4726,45.449],[-98.4722,45.4506],[-98.4723,45.452],[-98.4726,45.452],[-98.4727,45.4523],[-98.4724,45.4541],[-98.4719,45.4546],[-98.4697,45.4546],[-98.4697,45.4542],[-98.4691,45.4542]]],[[[-98.47,45.4565],[-98.4713,45.4548],[-98.473,45.4548],[-98.473,45.4566],[-98.4716,45.4566],[-98.4716,45.4562],[-98.4711,45.4562],[-98.4711,45.4558],[-98.4709,45.4569],[-98.4695,45.4569],[-98.47,45.4565]]]]},"properties":{"id":"usgs-pad-us-fee-managers:94082","name":"Moccasin Creek Complex","kind":"land","category":"public-land","sourceCategory":"public-land","sourceId":"usgs-pad-us-fee-managers","sourceUrl":"https://services.arcgis.com/v01gqwM5QqNysAAi/arcgis/rest/services/Fee_Managers_PADUS/FeatureServer/0","sourceUpdated":"2023-05-15T04:00:00.000Z","publicUse":"PAD-US reports open access; verify current manager conditions and restrictions.","unit":"CITY","origin":"public-catalog"}},{"type":"Feature","id":"usgs-pad-us-fee-managers:96991","geometry":{"type":"Polygon","coordinates":[[[-103.8497,44.68],[-103.8497,44.6792],[-103.8503,44.6792],[-103.8503,44.68],[-103.8497,44.68]]]},"properties":{"id":"usgs-pad-us-fee-managers:96991","name":"Gay Park","kind":"land","category":"public-land","sourceCategory":"public-land","sourceId":"usgs-pad-us-fee-managers","sourceUrl":"https://services.arcgis.com/v01gqwM5QqNysAAi/arcgis/rest/services/Fee_Managers_PADUS/FeatureServer/0","sourceUpdated":"2023-05-15T04:00:00.000Z","publicUse":"PAD-US reports open access; verify current manager conditions and restrictions.","unit":"CITY","origin":"public-catalog"}},{"type":"Feature","id":"usgs-pad-us-fee-managers:96992","geometry":{"type":"Polygon","coordinates":[[[-103.8486,44.6661],[-103.8486,44.6659],[-103.8492,44.6659],[-103.8491,44.6678],[-103.8479,44.6682],[-103.8468,44.6676],[-103.8466,44.6667],[-103.8486,44.6661]]]},"properties":{"id":"usgs-pad-us-fee-managers:96992","name":"Herrmann Park","kind":"land","category":"public-land","sourceCategory":"public-land","sourceId":"usgs-pad-us-fee-managers","sourceUrl":"https://services.arcgis.com/v01gqwM5QqNysAAi/arcgis/rest/services/Fee_Managers_PADUS/FeatureServer/0","sourceUpdated":"2023-05-15T04:00:00.000Z","publicUse":"PAD-US reports open access; verify current manager conditions and restrictions.","unit":"CITY","origin":"public-catalog"}},{"type":"Feature","id":"usgs-pad-us-fee-managers:96993","geometry":{"type":"Polygon","coordinates":[[[-103.8452,44.6635],[-103.8452,44.6627],[-103.8472,44.6627],[-103.8472,44.6635],[-103.8452,44.6635]]]},"properties":{"id":"usgs-pad-us-fee-managers:96993","name":"Highland Park","kind":"land","category":"public-land","sourceCategory":"public-land","sourceId":"usgs-pad-us-fee-managers","sourceUrl":"https://services.arcgis.com/v01gqwM5QqNysAAi/arcgis/rest/services/Fee_Managers_PADUS/FeatureServer/0","sourceUpdated":"2023-05-15T04:00:00.000Z","publicUse":"PAD-US reports open access; verify current manager conditions and restrictions.","unit":"CITY","origin":"public-catalog"}},{"type":"Feature","id":"usgs-pad-us-fee-managers:96994","geometry":{"type":"Polygon","coordinates":[[[-103.8433,44.6563],[-103.8432,44.6555],[-103.8444,44.6555],[-103.8444,44.6562],[-103.8433,44.6563]]]},"properties":{"id":"usgs-pad-us-fee-managers:96994","name":"Jones Park","kind":"land","category":"public-land","sourceCategory":"public-land","sourceId":"usgs-pad-us-fee-managers","sourceUrl":"https://services.arcgis.com/v01gqwM5QqNysAAi/arcgis/rest/services/Fee_Managers_PADUS/FeatureServer/0","sourceUpdated":"2023-05-15T04:00:00.000Z","publicUse":"PAD-US reports open access; verify current manager conditions and restrictions.","unit":"CITY","origin":"public-catalog"}},{"type":"Feature","id":"usgs-pad-us-fee-managers:96995","geometry":{"type":"Polygon","coordinates":[[[-103.8546,44.6623],[-103.855,44.6626],[-103.8546,44.6626],[-103.8546,44.6623]]]},"properties":{"id":"usgs-pad-us-fee-managers:96995","name":"Memorial Park","kind":"land","category":"public-land","sourceCategory":"public-land","sourceId":"usgs-pad-us-fee-managers","sourceUrl":"https://services.arcgis.com/v01gqwM5QqNysAAi/arcgis/rest/services/Fee_Managers_PADUS/FeatureServer/0","sourceUpdated":"2023-05-15T04:00:00.000Z","publicUse":"PAD-US reports open access; verify current manager conditions and restrictions.","unit":"CITY","origin":"public-catalog"}},{"type":"Feature","id":"usgs-pad-us-fee-managers:96996","geometry":{"type":"Polygon","coordinates":[[[-103.8508,44.6717],[-103.8508,44.6716],[-103.8511,44.6716],[-103.8508,44.6717]]]},"properties":{"id":"usgs-pad-us-fee-managers:96996","name":"Rail Park","kind":"land","category":"public-land","sourceCategory":"public-land","sourceId":"usgs-pad-us-fee-managers","sourceUrl":"https://services.arcgis.com/v01gqwM5QqNysAAi/arcgis/rest/services/Fee_Managers_PADUS/FeatureServer/0","sourceUpdated":"2023-05-15T04:00:00.000Z","publicUse":"PAD-US reports open access; verify current manager conditions and restrictions.","unit":"CITY","origin":"public-catalog"}},{"type":"Feature","id":"usgs-pad-us-fee-managers:96997","geometry":{"type":"Polygon","coordinates":[[[-103.8543,44.676],[-103.8537,44.6757],[-103.8538,44.6744],[-103.8552,44.6747],[-103.8595,44.6747],[-103.8595,44.6738],[-103.8607,44.6746],[-103.8614,44.6755],[-103.8611,44.6756],[-103.8581,44.6756],[-103.8559,44.6763],[-103.8543,44.676]]]},"properties":{"id":"usgs-pad-us-fee-managers:96997","name":"Frisbee Golf Park","kind":"land","category":"public-land","sourceCategory":"public-land","sourceId":"usgs-pad-us-fee-managers","sourceUrl":"https://services.arcgis.com/v01gqwM5QqNysAAi/arcgis/rest/services/Fee_Managers_PADUS/FeatureServer/0","sourceUpdated":"2023-05-15T04:00:00.000Z","publicUse":"PAD-US reports open access; verify current manager conditions and restrictions.","unit":"CITY","origin":"public-catalog"}},{"type":"Feature","id":"usgs-pad-us-fee-managers:96998","geometry":{"type":"Polygon","coordinates":[[[-103.8413,44.6721],[-103.841,44.6715],[-103.8418,44.6711],[-103.8415,44.6704],[-103.8429,44.6703],[-103.843,44.6719],[-103.8413,44.6721]]]},"properties":{"id":"usgs-pad-us-fee-managers:96998","name":"Helmer Park","kind":"land","category":"public-land","sourceCategory":"public-land","sourceId":"usgs-pad-us-fee-managers","sourceUrl":"https://services.arcgis.com/v01gqwM5QqNysAAi/arcgis/rest/services/Fee_Managers_PADUS/FeatureServer/0","sourceUpdated":"2023-05-15T04:00:00.000Z","publicUse":"PAD-US reports open access; verify current manager conditions and restrictions.","unit":"CITY","origin":"public-catalog"}},{"type":"Feature","id":"usgs-pad-us-fee-managers:96999","geometry":{"type":"Polygon","coordinates":[[[-103.8564,44.6658],[-103.857,44.6657],[-103.858,44.666],[-103.8584,44.6673],[-103.8591,44.6682],[-103.8579,44.6694],[-103.8579,44.67],[-103.8612,44.6714],[-103.8608,44.6722],[-103.8575,44.6714],[-103.8549,44.6694],[-103.8545,44.6689],[-103.8542,44.6671],[-103.855,44.6663],[-103.8564,44.6658]]]},"properties":{"id":"usgs-pad-us-fee-managers:96999","name":"Round Up Grounds Complex","kind":"land","category":"public-land","sourceCategory":"public-land","sourceId":"usgs-pad-us-fee-managers","sourceUrl":"https://services.arcgis.com/v01gqwM5QqNysAAi/arcgis/rest/services/Fee_Managers_PADUS/FeatureServer/0","sourceUpdated":"2023-05-15T04:00:00.000Z","publicUse":"PAD-US reports open access; verify current manager conditions and restrictions.","unit":"CITY","origin":"public-catalog"}},{"type":"Feature","id":"usgs-pad-us-fee-managers:97000","geometry":{"type":"Polygon","coordinates":[[[-103.8499,44.6615],[-103.8505,44.6608],[-103.8519,44.6607],[-103.8523,44.6597],[-103.8533,44.6594],[-103.854,44.6588],[-103.8558,44.6589],[-103.855,44.6608],[-103.8532,44.6609],[-103.8532,44.6614],[-103.8508,44.6614],[-103.8507,44.6619],[-103.8502,44.662],[-103.8502,44.6626],[-103.8495,44.6626],[-103.8494,44.6616],[-103.8499,44.6615]]]},"properties":{"id":"usgs-pad-us-fee-managers:97000","name":"Wyler Park","kind":"land","category":"public-land","sourceCategory":"public-land","sourceId":"usgs-pad-us-fee-managers","sourceUrl":"https://services.arcgis.com/v01gqwM5QqNysAAi/arcgis/rest/services/Fee_Managers_PADUS/FeatureServer/0","sourceUpdated":"2023-05-15T04:00:00.000Z","publicUse":"PAD-US reports open access; verify current manager conditions and restrictions.","unit":"CITY","origin":"public-catalog"}},{"type":"Feature","id":"usgs-pad-us-fee-managers:98481","geometry":{"type":"Polygon","coordinates":[[[-103.1388,44.0967],[-103.1394,44.0969],[-103.1396,44.0978],[-103.1387,44.0976],[-103.1381,44.0972],[-103.138,44.0969],[-103.1388,44.0967]]]},"properties":{"id":"usgs-pad-us-fee-managers:98481","name":"Elk Vale Park","kind":"land","category":"public-land","sourceCategory":"public-land","sourceId":"usgs-pad-us-fee-managers","sourceUrl":"https://services.arcgis.com/v01gqwM5QqNysAAi/arcgis/rest/services/Fee_Managers_PADUS/FeatureServer/0","sourceUpdated":"2023-05-15T04:00:00.000Z","publicUse":"PAD-US reports open access; verify current manager conditions and restrictions.","unit":"CITY","origin":"public-catalog"}},{"type":"Feature","id":"usgs-pad-us-fee-managers:98482","geometry":{"type":"MultiPolygon","coordinates":[[[[-103.104,44.1195],[-103.1041,44.1189],[-103.1056,44.1189],[-103.1056,44.1198],[-103.1042,44.1198],[-103.104,44.1195]]],[[[-103.0534,44.1365],[-103.0556,44.1376],[-103.0556,44.138],[-103.0548,44.1379],[-103.0531,44.1371],[-103.0534,44.1365]]]]},"properties":{"id":"usgs-pad-us-fee-managers:98482","name":"Unknown Park","kind":"land","category":"public-land","sourceCategory":"public-land","sourceId":"usgs-pad-us-fee-managers","sourceUrl":"https://services.arcgis.com/v01gqwM5QqNysAAi/arcgis/rest/services/Fee_Managers_PADUS/FeatureServer/0","sourceUpdated":"2023-05-15T04:00:00.000Z","publicUse":"PAD-US reports open access; verify current manager conditions and restrictions.","unit":"CITY","origin":"public-catalog"}},{"type":"Feature","id":"usgs-pad-us-fee-managers:98483","geometry":{"type":"Polygon","coordinates":[[[-103.0708,44.1128],[-103.0708,44.111],[-103.0741,44.111],[-103.074,44.1129],[-103.0708,44.1128]]]},"properties":{"id":"usgs-pad-us-fee-managers:98483","name":"Unknown Ball Park","kind":"land","category":"public-land","sourceCategory":"public-land","sourceId":"usgs-pad-us-fee-managers","sourceUrl":"https://services.arcgis.com/v01gqwM5QqNysAAi/arcgis/rest/services/Fee_Managers_PADUS/FeatureServer/0","sourceUpdated":"2021-04-21T04:00:00.000Z","publicUse":"PAD-US reports open access; verify current manager conditions and restrictions.","unit":"CITY","origin":"public-catalog"}},{"type":"Feature","id":"usgs-pad-us-fee-managers:98648","geometry":{"type":"Polygon","coordinates":[[[-96.5797,43.5828],[-96.5795,43.5799],[-96.5849,43.5799],[-96.5852,43.5811],[-96.5846,43.5811],[-96.5858,43.5863],[-96.5831,43.5841],[-96.5814,43.5833],[-96.5797,43.5828]]]},"properties":{"id":"usgs-pad-us-fee-managers:98648","name":"Aspen Park","kind":"land","category":"public-land","sourceCategory":"public-land","sourceId":"usgs-pad-us-fee-managers","sourceUrl":"https://services.arcgis.com/v01gqwM5QqNysAAi/arcgis/rest/services/Fee_Managers_PADUS/FeatureServer/0","sourceUpdated":"2023-05-15T04:00:00.000Z","publicUse":"PAD-US reports open access; verify current manager conditions and restrictions.","unit":"CITY","origin":"public-catalog"}},{"type":"Feature","id":"usgs-pad-us-fee-managers:98651","geometry":{"type":"MultiPolygon","coordinates":[[[[-96.5705,43.587],[-96.5688,43.5862],[-96.567,43.5857],[-96.5687,43.5827],[-96.5731,43.5827],[-96.5713,43.5841],[-96.5717,43.5847],[-96.5714,43.5851],[-96.5692,43.5858],[-96.5702,43.5865],[-96.5724,43.5869],[-96.5723,43.5876],[-96.5711,43.5883],[-96.5705,43.587]]],[[[-96.5686,43.5891],[-96.5672,43.5885],[-96.567,43.5861],[-96.5696,43.5868],[-96.5703,43.5875],[-96.5708,43.5884],[-96.5721,43.5882],[-96.5723,43.5887],[-96.57,43.5891],[-96.5686,43.5891]]]]},"properties":{"id":"usgs-pad-us-fee-managers:98651","name":"Mchardy Park","kind":"land","category":"public-land","sourceCategory":"public-land","sourceId":"usgs-pad-us-fee-managers","sourceUrl":"https://services.arcgis.com/v01gqwM5QqNysAAi/arcgis/rest/services/Fee_Managers_PADUS/FeatureServer/0","sourceUpdated":"2023-05-15T04:00:00.000Z","publicUse":"PAD-US reports open access; verify current manager conditions and restrictions.","unit":"CITY","origin":"public-catalog"}},{"type":"Feature","id":"usgs-pad-us-fee-managers:98652","geometry":{"type":"Polygon","coordinates":[[[-96.5623,43.5981],[-96.5624,43.5957],[-96.5629,43.5956],[-96.5637,43.5961],[-96.5656,43.596],[-96.5656,43.5964],[-96.5664,43.5964],[-96.5666,43.5973],[-96.5658,43.5974],[-96.5662,43.598],[-96.5623,43.5981]]]},"properties":{"id":"usgs-pad-us-fee-managers:98652","name":"Pioneer Park","kind":"land","category":"public-land","sourceCategory":"public-land","sourceId":"usgs-pad-us-fee-managers","sourceUrl":"https://services.arcgis.com/v01gqwM5QqNysAAi/arcgis/rest/services/Fee_Managers_PADUS/FeatureServer/0","sourceUpdated":"2023-05-15T04:00:00.000Z","publicUse":"PAD-US reports open access; verify current manager conditions and restrictions.","unit":"CITY","origin":"public-catalog"}},{"type":"Feature","id":"usgs-pad-us-fee-managers:98654","geometry":{"type":"Polygon","coordinates":[[[-96.5512,43.5929],[-96.5512,43.5919],[-96.5521,43.5919],[-96.5521,43.5928],[-96.5512,43.5929]]]},"properties":{"id":"usgs-pad-us-fee-managers:98654","name":"Sunrise Park","kind":"land","category":"public-land","sourceCategory":"public-land","sourceId":"usgs-pad-us-fee-managers","sourceUrl":"https://services.arcgis.com/v01gqwM5QqNysAAi/arcgis/rest/services/Fee_Managers_PADUS/FeatureServer/0","sourceUpdated":"2023-05-15T04:00:00.000Z","publicUse":"PAD-US reports open access; verify current manager conditions and restrictions.","unit":"CITY","origin":"public-catalog"}},{"type":"Feature","id":"usgs-pad-us-fee-managers:98655","geometry":{"type":"Polygon","coordinates":[[[-96.583,43.5973],[-96.5834,43.5973],[-96.5843,43.5982],[-96.5839,43.5991],[-96.5833,43.5987],[-96.5833,43.5977],[-96.5828,43.5977],[-96.583,43.5973]]]},"properties":{"id":"usgs-pad-us-fee-managers:98655","name":"Tallgrass Park","kind":"land","category":"public-land","sourceCategory":"public-land","sourceId":"usgs-pad-us-fee-managers","sourceUrl":"https://services.arcgis.com/v01gqwM5QqNysAAi/arcgis/rest/services/Fee_Managers_PADUS/FeatureServer/0","sourceUpdated":"2023-05-15T04:00:00.000Z","publicUse":"PAD-US reports open access; verify current manager conditions and restrictions.","unit":"CITY","origin":"public-catalog"}},{"type":"Feature","id":"usgs-pad-us-fee-managers:98656","geometry":{"type":"Polygon","coordinates":[[[-96.618,43.5926],[-96.6174,43.5922],[-96.6141,43.5922],[-96.6131,43.5914],[-96.6132,43.5908],[-96.6161,43.5916],[-96.617,43.5915],[-96.6185,43.5923],[-96.618,43.5926]]]},"properties":{"id":"usgs-pad-us-fee-managers:98656","name":"Van Buskirk Park","kind":"land","category":"public-land","sourceCategory":"public-land","sourceId":"usgs-pad-us-fee-managers","sourceUrl":"https://services.arcgis.com/v01gqwM5QqNysAAi/arcgis/rest/services/Fee_Managers_PADUS/FeatureServer/0","sourceUpdated":"2023-05-15T04:00:00.000Z","publicUse":"PAD-US reports open access; verify current manager conditions and restrictions.","unit":"CITY","origin":"public-catalog"}},{"type":"Feature","id":"usgs-pad-us-fee-managers:99018","geometry":{"type":"Polygon","coordinates":[[[-96.8083,44.2502],[-96.8133,44.2502],[-96.8134,44.2521],[-96.8141,44.2537],[-96.8084,44.2536],[-96.8083,44.2502]]]},"properties":{"id":"usgs-pad-us-fee-managers:99018","name":"Brookings Prairie","kind":"land","category":"public-land","sourceCategory":"public-land","sourceId":"usgs-pad-us-fee-managers","sourceUrl":"https://services.arcgis.com/v01gqwM5QqNysAAi/arcgis/rest/services/Fee_Managers_PADUS/FeatureServer/0","sourceUpdated":"2023-05-15T04:00:00.000Z","publicUse":"PAD-US reports open access; verify current manager conditions and restrictions.","unit":"CITY","origin":"public-catalog"}},{"type":"Feature","id":"usgs-pad-us-fee-managers:99019","geometry":{"type":"Polygon","coordinates":[[[-96.8034,44.2921],[-96.8027,44.2917],[-96.8027,44.2915],[-96.804,44.2915],[-96.804,44.2902],[-96.8046,44.2905],[-96.8048,44.2913],[-96.8055,44.2919],[-96.8062,44.292],[-96.8067,44.2916],[-96.8068,44.2913],[-96.8063,44.2908],[-96.8067,44.2908],[-96.807,44.2912],[-96.8069,44.2919],[-96.8051,44.2929],[-96.8041,44.2929],[-96.8038,44.2923],[-96.8034,44.2921]]]},"properties":{"id":"usgs-pad-us-fee-managers:99019","name":"Arrowhead Park","kind":"land","category":"public-land","sourceCategory":"public-land","sourceId":"usgs-pad-us-fee-managers","sourceUrl":"https://services.arcgis.com/v01gqwM5QqNysAAi/arcgis/rest/services/Fee_Managers_PADUS/FeatureServer/0","sourceUpdated":"2021-04-20T04:00:00.000Z","publicUse":"PAD-US reports open access; verify current manager conditions and restrictions.","unit":"CITY","origin":"public-catalog"}},{"type":"Feature","id":"usgs-pad-us-fee-managers:99022","geometry":{"type":"Polygon","coordinates":[[[-96.7815,44.291],[-96.7813,44.2905],[-96.781,44.2902],[-96.7816,44.2902],[-96.7818,44.2898],[-96.7839,44.2898],[-96.7839,44.2903],[-96.7835,44.2911],[-96.7815,44.291]]]},"properties":{"id":"usgs-pad-us-fee-managers:99022","name":"Camelot Park","kind":"land","category":"public-land","sourceCategory":"public-land","sourceId":"usgs-pad-us-fee-managers","sourceUrl":"https://services.arcgis.com/v01gqwM5QqNysAAi/arcgis/rest/services/Fee_Managers_PADUS/FeatureServer/0","sourceUpdated":"2023-05-15T04:00:00.000Z","publicUse":"PAD-US reports open access; verify current manager conditions and restrictions.","unit":"CITY","origin":"public-catalog"}},{"type":"Feature","id":"usgs-pad-us-fee-managers:99024","geometry":{"type":"Polygon","coordinates":[[[-96.7835,44.2981],[-96.7834,44.2971],[-96.7885,44.2972],[-96.7885,44.2997],[-96.7862,44.2996],[-96.7861,44.2988],[-96.7849,44.2988],[-96.7849,44.2982],[-96.7835,44.2981]]]},"properties":{"id":"usgs-pad-us-fee-managers:99024","name":"Dwiggins Park","kind":"land","category":"public-land","sourceCategory":"public-land","sourceId":"usgs-pad-us-fee-managers","sourceUrl":"https://services.arcgis.com/v01gqwM5QqNysAAi/arcgis/rest/services/Fee_Managers_PADUS/FeatureServer/0","sourceUpdated":"2023-05-15T04:00:00.000Z","publicUse":"PAD-US reports open access; verify current manager conditions and restrictions.","unit":"CITY","origin":"public-catalog"}},{"type":"Feature","id":"usgs-pad-us-fee-managers:99026","geometry":{"type":"Polygon","coordinates":[[[-96.7831,44.3333],[-96.7832,44.3284],[-96.7874,44.3284],[-96.7873,44.3308],[-96.7858,44.3315],[-96.7863,44.3319],[-96.7849,44.3328],[-96.7844,44.333],[-96.7837,44.3327],[-96.7831,44.3333]]]},"properties":{"id":"usgs-pad-us-fee-managers:99026","name":"Go Kart Track & Archery Range","kind":"land","category":"public-land","sourceCategory":"public-land","sourceId":"usgs-pad-us-fee-managers","sourceUrl":"https://services.arcgis.com/v01gqwM5QqNysAAi/arcgis/rest/services/Fee_Managers_PADUS/FeatureServer/0","sourceUpdated":"2023-05-15T04:00:00.000Z","publicUse":"PAD-US reports open access; verify current manager conditions and restrictions.","unit":"CITY","origin":"public-catalog"}},{"type":"Feature","id":"usgs-pad-us-fee-managers:99027","geometry":{"type":"Polygon","coordinates":[[[-96.8149,44.3172],[-96.8189,44.3172],[-96.8189,44.319],[-96.8166,44.3191],[-96.8149,44.3172]]]},"properties":{"id":"usgs-pad-us-fee-managers:99027","name":"Gustafson Pond","kind":"land","category":"public-land","sourceCategory":"public-land","sourceId":"usgs-pad-us-fee-managers","sourceUrl":"https://services.arcgis.com/v01gqwM5QqNysAAi/arcgis/rest/services/Fee_Managers_PADUS/FeatureServer/0","sourceUpdated":"2021-04-20T04:00:00.000Z","publicUse":"PAD-US reports open access; verify current manager conditions and restrictions.","unit":"CITY","origin":"public-catalog"}},{"type":"Feature","id":"usgs-pad-us-fee-managers:99028","geometry":{"type":"Polygon","coordinates":[[[-96.7765,44.3113],[-96.7765,44.3088],[-96.7786,44.3089],[-96.7786,44.3095],[-96.7796,44.3096],[-96.7796,44.3104],[-96.7788,44.3104],[-96.7788,44.311],[-96.7784,44.311],[-96.7784,44.3113],[-96.7765,44.3113]]]},"properties":{"id":"usgs-pad-us-fee-managers:99028","name":"Hillcrest Park","kind":"land","category":"public-land","sourceCategory":"public-land","sourceId":"usgs-pad-us-fee-managers","sourceUrl":"https://services.arcgis.com/v01gqwM5QqNysAAi/arcgis/rest/services/Fee_Managers_PADUS/FeatureServer/0","sourceUpdated":"2023-05-15T04:00:00.000Z","publicUse":"PAD-US reports open access; verify current manager conditions and restrictions.","unit":"CITY","origin":"public-catalog"}},{"type":"Feature","id":"usgs-pad-us-fee-managers:99029","geometry":{"type":"Polygon","coordinates":[[[-96.802,44.2845],[-96.8041,44.284],[-96.8045,44.2842],[-96.8033,44.2851],[-96.8028,44.2847],[-96.802,44.2845]]]},"properties":{"id":"usgs-pad-us-fee-managers:99029","name":"Indian Hills Park","kind":"land","category":"public-land","sourceCategory":"public-land","sourceId":"usgs-pad-us-fee-managers","sourceUrl":"https://services.arcgis.com/v01gqwM5QqNysAAi/arcgis/rest/services/Fee_Managers_PADUS/FeatureServer/0","sourceUpdated":"2021-04-20T04:00:00.000Z","publicUse":"PAD-US reports open access; verify current manager conditions and restrictions.","unit":"CITY","origin":"public-catalog"}},{"type":"Feature","id":"usgs-pad-us-fee-managers:99030","geometry":{"type":"Polygon","coordinates":[[[-96.7665,44.3056],[-96.7664,44.305],[-96.7621,44.305],[-96.7621,44.3034],[-96.7636,44.3035],[-96.7646,44.3038],[-96.7649,44.3042],[-96.768,44.3039],[-96.768,44.3055],[-96.7665,44.3056]]]},"properties":{"id":"usgs-pad-us-fee-managers:99030","name":"Larson Park","kind":"land","category":"public-land","sourceCategory":"public-land","sourceId":"usgs-pad-us-fee-managers","sourceUrl":"https://services.arcgis.com/v01gqwM5QqNysAAi/arcgis/rest/services/Fee_Managers_PADUS/FeatureServer/0","sourceUpdated":"2023-05-15T04:00:00.000Z","publicUse":"PAD-US reports open access; verify current manager conditions and restrictions.","unit":"CITY","origin":"public-catalog"}},{"type":"Feature","id":"usgs-pad-us-fee-managers:99031","geometry":{"type":"Polygon","coordinates":[[[-96.7861,44.3049],[-96.7861,44.3042],[-96.7884,44.3047],[-96.7884,44.305],[-96.7861,44.3049]]]},"properties":{"id":"usgs-pad-us-fee-managers:99031","name":"Lions Park","kind":"land","category":"public-land","sourceCategory":"public-land","sourceId":"usgs-pad-us-fee-managers","sourceUrl":"https://services.arcgis.com/v01gqwM5QqNysAAi/arcgis/rest/services/Fee_Managers_PADUS/FeatureServer/0","sourceUpdated":"2023-05-15T04:00:00.000Z","publicUse":"PAD-US reports open access; verify current manager conditions and restrictions.","unit":"CITY","origin":"public-catalog"}},{"type":"Feature","id":"usgs-pad-us-fee-managers:99032","geometry":{"type":"Polygon","coordinates":[[[-96.7921,44.289],[-96.7935,44.289],[-96.7936,44.2898],[-96.792,44.2898],[-96.7921,44.289]]]},"properties":{"id":"usgs-pad-us-fee-managers:99032","name":"Mcclemans Park","kind":"land","category":"public-land","sourceCategory":"public-land","sourceId":"usgs-pad-us-fee-managers","sourceUrl":"https://services.arcgis.com/v01gqwM5QqNysAAi/arcgis/rest/services/Fee_Managers_PADUS/FeatureServer/0","sourceUpdated":"2023-05-15T04:00:00.000Z","publicUse":"PAD-US reports open access; verify current manager conditions and restrictions.","unit":"CITY","origin":"public-catalog"}},{"type":"Feature","id":"usgs-pad-us-fee-managers:99033","geometry":{"type":"Polygon","coordinates":[[[-96.7764,44.2841],[-96.7777,44.2841],[-96.7777,44.2861],[-96.7756,44.286],[-96.7754,44.2854],[-96.7749,44.2849],[-96.7757,44.2843],[-96.7764,44.2841]]]},"properties":{"id":"usgs-pad-us-fee-managers:99033","name":"Moriarity Park","kind":"land","category":"public-land","sourceCategory":"public-land","sourceId":"usgs-pad-us-fee-managers","sourceUrl":"https://services.arcgis.com/v01gqwM5QqNysAAi/arcgis/rest/services/Fee_Managers_PADUS/FeatureServer/0","sourceUpdated":"2023-05-15T04:00:00.000Z","publicUse":"PAD-US reports open access; verify current manager conditions and restrictions.","unit":"CITY","origin":"public-catalog"}},{"type":"Feature","id":"usgs-pad-us-fee-managers:99034","geometry":{"type":"Polygon","coordinates":[[[-96.7709,44.2933],[-96.7709,44.2923],[-96.7721,44.2923],[-96.7721,44.2933],[-96.7709,44.2933]]]},"properties":{"id":"usgs-pad-us-fee-managers:99034","name":"Open Space","kind":"land","category":"public-land","sourceCategory":"public-land","sourceId":"usgs-pad-us-fee-managers","sourceUrl":"https://services.arcgis.com/v01gqwM5QqNysAAi/arcgis/rest/services/Fee_Managers_PADUS/FeatureServer/0","sourceUpdated":"2023-05-15T04:00:00.000Z","publicUse":"PAD-US reports open access; verify current manager conditions and restrictions.","unit":"CITY","origin":"public-catalog"}},{"type":"Feature","id":"usgs-pad-us-fee-managers:99035","geometry":{"type":"Polygon","coordinates":[[[-96.7921,44.2902],[-96.792,44.29],[-96.7937,44.2901],[-96.7937,44.2923],[-96.7926,44.2922],[-96.7925,44.2918],[-96.7921,44.2913],[-96.7924,44.291],[-96.7921,44.2902]]]},"properties":{"id":"usgs-pad-us-fee-managers:99035","name":"Pheasant Nest Park","kind":"land","category":"public-land","sourceCategory":"public-land","sourceId":"usgs-pad-us-fee-managers","sourceUrl":"https://services.arcgis.com/v01gqwM5QqNysAAi/arcgis/rest/services/Fee_Managers_PADUS/FeatureServer/0","sourceUpdated":"2023-05-15T04:00:00.000Z","publicUse":"PAD-US reports open access; verify current manager conditions and restrictions.","unit":"CITY","origin":"public-catalog"}},{"type":"Feature","id":"usgs-pad-us-fee-managers:99036","geometry":{"type":"Polygon","coordinates":[[[-96.805,44.3101],[-96.805,44.3099],[-96.8071,44.3099],[-96.8071,44.3102],[-96.8088,44.3103],[-96.8087,44.3118],[-96.8037,44.3116],[-96.8037,44.3101],[-96.805,44.3101]]]},"properties":{"id":"usgs-pad-us-fee-managers:99036","name":"Pioneer Park","kind":"land","category":"public-land","sourceCategory":"public-land","sourceId":"usgs-pad-us-fee-managers","sourceUrl":"https://services.arcgis.com/v01gqwM5QqNysAAi/arcgis/rest/services/Fee_Managers_PADUS/FeatureServer/0","sourceUpdated":"2023-05-15T04:00:00.000Z","publicUse":"PAD-US reports open access; verify current manager conditions and restrictions.","unit":"CITY","origin":"public-catalog"}},{"type":"Feature","id":"usgs-pad-us-fee-managers:99037","geometry":{"type":"MultiPolygon","coordinates":[[[[-96.7683,44.3097],[-96.7695,44.31],[-96.7697,44.3108],[-96.7719,44.3108],[-96.7719,44.3113],[-96.7685,44.3113],[-96.7683,44.3097]]],[[[-96.7722,44.3113],[-96.7722,44.3109],[-96.7736,44.3109],[-96.7736,44.3113],[-96.7722,44.3113]]]]},"properties":{"id":"usgs-pad-us-fee-managers:99037","name":"Rotary Park","kind":"land","category":"public-land","sourceCategory":"public-land","sourceId":"usgs-pad-us-fee-managers","sourceUrl":"https://services.arcgis.com/v01gqwM5QqNysAAi/arcgis/rest/services/Fee_Managers_PADUS/FeatureServer/0","sourceUpdated":"2023-05-15T04:00:00.000Z","publicUse":"PAD-US reports open access; verify current manager conditions and restrictions.","unit":"CITY","origin":"public-catalog"}},{"type":"Feature","id":"usgs-pad-us-fee-managers:99038","geometry":{"type":"Polygon","coordinates":[[[-96.8089,44.2961],[-96.809,44.2958],[-96.8096,44.2958],[-96.8099,44.2954],[-96.8112,44.2955],[-96.8112,44.2961],[-96.8089,44.2961]]]},"properties":{"id":"usgs-pad-us-fee-managers:99038","name":"Sarah Renae Park","kind":"land","category":"public-land","sourceCategory":"public-land","sourceId":"usgs-pad-us-fee-managers","sourceUrl":"https://services.arcgis.com/v01gqwM5QqNysAAi/arcgis/rest/services/Fee_Managers_PADUS/FeatureServer/0","sourceUpdated":"2023-05-15T04:00:00.000Z","publicUse":"PAD-US reports open access; verify current manager conditions and restrictions.","unit":"CITY","origin":"public-catalog"}},{"type":"Feature","id":"usgs-pad-us-fee-managers:99039","geometry":{"type":"Polygon","coordinates":[[[-96.8012,44.3189],[-96.8012,44.317],[-96.8059,44.3171],[-96.8059,44.319],[-96.8012,44.3189]]]},"properties":{"id":"usgs-pad-us-fee-managers:99039","name":"Sexauer Park & Campground","kind":"land","category":"public-land","sourceCategory":"public-land","sourceId":"usgs-pad-us-fee-managers","sourceUrl":"https://services.arcgis.com/v01gqwM5QqNysAAi/arcgis/rest/services/Fee_Managers_PADUS/FeatureServer/0","sourceUpdated":"2023-05-15T04:00:00.000Z","publicUse":"PAD-US reports open access; verify current manager conditions and restrictions.","unit":"CITY","origin":"public-catalog"}},{"type":"Feature","id":"usgs-pad-us-fee-managers:99040","geometry":{"type":"Polygon","coordinates":[[[-96.797,44.3043],[-96.7971,44.3033],[-96.7984,44.3033],[-96.7984,44.3043],[-96.797,44.3043]]]},"properties":{"id":"usgs-pad-us-fee-managers:99040","name":"Southside Park","kind":"land","category":"public-land","sourceCategory":"public-land","sourceId":"usgs-pad-us-fee-managers","sourceUrl":"https://services.arcgis.com/v01gqwM5QqNysAAi/arcgis/rest/services/Fee_Managers_PADUS/FeatureServer/0","sourceUpdated":"2023-05-15T04:00:00.000Z","publicUse":"PAD-US reports open access; verify current manager conditions and restrictions.","unit":"CITY","origin":"public-catalog"}},{"type":"Feature","id":"usgs-pad-us-fee-managers:99042","geometry":{"type":"Polygon","coordinates":[[[-96.7826,44.2823],[-96.7826,44.2769],[-96.7868,44.2769],[-96.7868,44.2824],[-96.7826,44.2823]]]},"properties":{"id":"usgs-pad-us-fee-managers:99042","name":"Fishback Soccer","kind":"land","category":"public-land","sourceCategory":"public-land","sourceId":"usgs-pad-us-fee-managers","sourceUrl":"https://services.arcgis.com/v01gqwM5QqNysAAi/arcgis/rest/services/Fee_Managers_PADUS/FeatureServer/0","sourceUpdated":"2023-05-15T04:00:00.000Z","publicUse":"PAD-US reports open access; verify current manager conditions and restrictions.","unit":"CITY","origin":"public-catalog"}},{"type":"Feature","id":"usgs-pad-us-fee-managers:99043","geometry":{"type":"Polygon","coordinates":[[[-96.7788,44.3104],[-96.7796,44.3104],[-96.7796,44.3108],[-96.7811,44.3108],[-96.7811,44.3114],[-96.7784,44.3113],[-96.7784,44.311],[-96.7788,44.311],[-96.7788,44.3104]]]},"properties":{"id":"usgs-pad-us-fee-managers:99043","name":"Hillcrest Aquatic Center","kind":"land","category":"public-land","sourceCategory":"public-land","sourceId":"usgs-pad-us-fee-managers","sourceUrl":"https://services.arcgis.com/v01gqwM5QqNysAAi/arcgis/rest/services/Fee_Managers_PADUS/FeatureServer/0","sourceUpdated":"2023-05-15T04:00:00.000Z","publicUse":"PAD-US reports open access; verify current manager conditions and restrictions.","unit":"CITY","origin":"public-catalog"}},{"type":"Feature","id":"usgs-pad-us-fee-managers:99044","geometry":{"type":"Polygon","coordinates":[[[-96.7686,44.274],[-96.7686,44.2726],[-96.7729,44.2726],[-96.7729,44.2751],[-96.7701,44.2751],[-96.7694,44.274],[-96.7686,44.274]]]},"properties":{"id":"usgs-pad-us-fee-managers:99044","name":"Softball Complex","kind":"land","category":"public-land","sourceCategory":"public-land","sourceId":"usgs-pad-us-fee-managers","sourceUrl":"https://services.arcgis.com/v01gqwM5QqNysAAi/arcgis/rest/services/Fee_Managers_PADUS/FeatureServer/0","sourceUpdated":"2023-05-15T04:00:00.000Z","publicUse":"PAD-US reports open access; verify current manager conditions and restrictions.","unit":"CITY","origin":"public-catalog"}},{"type":"Feature","id":"usgs-pad-us-fee-managers:99806","geometry":{"type":"Polygon","coordinates":[[[-96.5909,43.3011],[-96.591,43.301],[-96.591,43.3012],[-96.5909,43.3011]]]},"properties":{"id":"usgs-pad-us-fee-managers:99806","name":"Betty Ann Everhart Park","kind":"land","category":"public-land","sourceCategory":"public-land","sourceId":"usgs-pad-us-fee-managers","sourceUrl":"https://services.arcgis.com/v01gqwM5QqNysAAi/arcgis/rest/services/Fee_Managers_PADUS/FeatureServer/0","sourceUpdated":"2023-05-15T04:00:00.000Z","publicUse":"PAD-US reports open access; verify current manager conditions and restrictions.","unit":"CITY","origin":"public-catalog"}},{"type":"Feature","id":"usgs-pad-us-fee-managers:99807","geometry":{"type":"Polygon","coordinates":[[[-96.5902,43.2947],[-96.5898,43.2947],[-96.5892,43.2936],[-96.5915,43.2936],[-96.5915,43.296],[-96.5903,43.2961],[-96.5902,43.2947]]]},"properties":{"id":"usgs-pad-us-fee-managers:99807","name":"Chautauqua Park","kind":"land","category":"public-land","sourceCategory":"public-land","sourceId":"usgs-pad-us-fee-managers","sourceUrl":"https://services.arcgis.com/v01gqwM5QqNysAAi/arcgis/rest/services/Fee_Managers_PADUS/FeatureServer/0","sourceUpdated":"2023-05-15T04:00:00.000Z","publicUse":"PAD-US reports open access; verify current manager conditions and restrictions.","unit":"CITY","origin":"public-catalog"}},{"type":"Feature","id":"usgs-pad-us-fee-managers:99808","geometry":{"type":"Polygon","coordinates":[[[-96.5916,43.3023],[-96.5916,43.3019],[-96.5927,43.3019],[-96.5927,43.3024],[-96.5916,43.3023]]]},"properties":{"id":"usgs-pad-us-fee-managers:99808","name":"Jack Fox Park","kind":"land","category":"public-land","sourceCategory":"public-land","sourceId":"usgs-pad-us-fee-managers","sourceUrl":"https://services.arcgis.com/v01gqwM5QqNysAAi/arcgis/rest/services/Fee_Managers_PADUS/FeatureServer/0","sourceUpdated":"2023-05-15T04:00:00.000Z","publicUse":"PAD-US reports open access; verify current manager conditions and restrictions.","unit":"CITY","origin":"public-catalog"}},{"type":"Feature","id":"usgs-pad-us-fee-managers:99809","geometry":{"type":"Polygon","coordinates":[[[-96.5798,43.3051],[-96.5797,43.3046],[-96.5815,43.3046],[-96.5815,43.3037],[-96.5835,43.3037],[-96.5834,43.3055],[-96.5802,43.3055],[-96.5798,43.3051]]]},"properties":{"id":"usgs-pad-us-fee-managers:99809","name":"Kennedy Park","kind":"land","category":"public-land","sourceCategory":"public-land","sourceId":"usgs-pad-us-fee-managers","sourceUrl":"https://services.arcgis.com/v01gqwM5QqNysAAi/arcgis/rest/services/Fee_Managers_PADUS/FeatureServer/0","sourceUpdated":"2023-05-15T04:00:00.000Z","publicUse":"PAD-US reports open access; verify current manager conditions and restrictions.","unit":"CITY","origin":"public-catalog"}},{"type":"Feature","id":"usgs-pad-us-fee-managers:99810","geometry":{"type":"Polygon","coordinates":[[[-96.5935,43.2963],[-96.5935,43.296],[-96.5939,43.296],[-96.5939,43.2963],[-96.5935,43.2963]]]},"properties":{"id":"usgs-pad-us-fee-managers:99810","name":"South Mini Park","kind":"land","category":"public-land","sourceCategory":"public-land","sourceId":"usgs-pad-us-fee-managers","sourceUrl":"https://services.arcgis.com/v01gqwM5QqNysAAi/arcgis/rest/services/Fee_Managers_PADUS/FeatureServer/0","sourceUpdated":"2023-05-15T04:00:00.000Z","publicUse":"PAD-US reports open access; verify current manager conditions and restrictions.","unit":"CITY","origin":"public-catalog"}},{"type":"Feature","id":"usgs-pad-us-fee-managers:99811","geometry":{"type":"Polygon","coordinates":[[[-96.5836,43.3082],[-96.5848,43.3082],[-96.5848,43.309],[-96.5836,43.309],[-96.5836,43.3082]]]},"properties":{"id":"usgs-pad-us-fee-managers:99811","name":"Stand Pipe Park","kind":"land","category":"public-land","sourceCategory":"public-land","sourceId":"usgs-pad-us-fee-managers","sourceUrl":"https://services.arcgis.com/v01gqwM5QqNysAAi/arcgis/rest/services/Fee_Managers_PADUS/FeatureServer/0","sourceUpdated":"2023-05-15T04:00:00.000Z","publicUse":"PAD-US reports open access; verify current manager conditions and restrictions.","unit":"CITY","origin":"public-catalog"}},{"type":"Feature","id":"usgs-pad-us-fee-managers:99812","geometry":{"type":"Polygon","coordinates":[[[-96.6019,43.2993],[-96.6027,43.2993],[-96.6031,43.2996],[-96.603,43.3008],[-96.6018,43.3008],[-96.6019,43.2993]]]},"properties":{"id":"usgs-pad-us-fee-managers:99812","name":"West Ball Park","kind":"land","category":"public-land","sourceCategory":"public-land","sourceId":"usgs-pad-us-fee-managers","sourceUrl":"https://services.arcgis.com/v01gqwM5QqNysAAi/arcgis/rest/services/Fee_Managers_PADUS/FeatureServer/0","sourceUpdated":"2023-05-15T04:00:00.000Z","publicUse":"PAD-US reports open access; verify current manager conditions and restrictions.","unit":"CITY","origin":"public-catalog"}}]}
