{"type":"FeatureCollection","features":[{"type":"Feature","id":"usgs-pad-us-fee-managers:9688","geometry":{"type":"MultiPolygon","coordinates":[[[[-70.5307,41.5482],[-70.5307,41.5482],[-70.5307,41.5483],[-70.5307,41.5482]]],[[[-70.5457,41.5533],[-70.5431,41.5524],[-70.5436,41.5521],[-70.5441,41.5525],[-70.5474,41.553],[-70.5482,41.5533],[-70.5483,41.5536],[-70.5481,41.5537],[-70.5457,41.5533]]],[[[-70.5386,41.5527],[-70.5385,41.5528],[-70.5384,41.5528],[-70.5386,41.5527]]],[[[-70.5292,41.55],[-70.5291,41.5498],[-70.5298,41.5511],[-70.5292,41.55]]],[[[-70.5375,41.5528],[-70.5375,41.5528],[-70.5374,41.5528],[-70.5375,41.5528]]],[[[-70.5372,41.553],[-70.5372,41.553],[-70.5372,41.553],[-70.5372,41.553]]],[[[-70.5397,41.5534],[-70.5392,41.5534],[-70.5394,41.553],[-70.5397,41.5531],[-70.5397,41.5534]]],[[[-70.5323,41.5524],[-70.5315,41.5522],[-70.5309,41.5519],[-70.5323,41.5524]]],[[[-70.5388,41.5537],[-70.5387,41.5537],[-70.5386,41.5538],[-70.5388,41.5537]]],[[[-70.5397,41.5537],[-70.5398,41.5538],[-70.5398,41.554],[-70.5397,41.5537]]],[[[-70.5385,41.5538],[-70.5384,41.5539],[-70.5384,41.5539],[-70.5385,41.5538]]],[[[-70.538,41.5538],[-70.5381,41.5539],[-70.5371,41.554],[-70.538,41.5538]]],[[[-70.54,41.5546],[-70.54,41.5546],[-70.5398,41.5546],[-70.54,41.5546]]],[[[-70.5364,41.554],[-70.537,41.554],[-70.5364,41.5543],[-70.5364,41.554]]],[[[-70.5358,41.5539],[-70.5376,41.5535],[-70.5372,41.5531],[-70.538,41.5535],[-70.5379,41.5537],[-70.5363,41.5539],[-70.5361,41.5543],[-70.5364,41.5547],[-70.5355,41.5539],[-70.5358,41.5539]]],[[[-70.5359,41.5549],[-70.5361,41.5549],[-70.536,41.555],[-70.5359,41.5549]]],[[[-70.5426,41.5533],[-70.543,41.5526],[-70.5428,41.5536],[-70.5422,41.5538],[-70.5412,41.5551],[-70.5414,41.5558],[-70.541,41.5561],[-70.5411,41.5552],[-70.5426,41.5533]]],[[[-70.536,41.5554],[-70.536,41.5554],[-70.536,41.5554],[-70.536,41.5554]]],[[[-70.5343,41.5569],[-70.534,41.5575],[-70.5337,41.5577],[-70.5343,41.5569]]],[[[-70.5324,41.5586],[-70.5323,41.5588],[-70.5323,41.5586],[-70.5324,41.5586]]],[[[-70.5372,41.5598],[-70.5381,41.5592],[-70.5385,41.5592],[-70.5392,41.5574],[-70.5397,41.5567],[-70.5404,41.5564],[-70.5395,41.5573],[-70.5392,41.5586],[-70.5388,41.559],[-70.5386,41.5597],[-70.5377,41.5597],[-70.5371,41.5602],[-70.5372,41.5598]]],[[[-70.5368,41.561],[-70.5368,41.5614],[-70.5362,41.5615],[-70.5368,41.561]]],[[[-70.5321,41.5605],[-70.5319,41.5615],[-70.5317,41.5618],[-70.5321,41.5605]]],[[[-70.536,41.5617],[-70.5357,41.5624],[-70.5351,41.5627],[-70.536,41.5617]]],[[[-70.5346,41.5636],[-70.5345,41.5641],[-70.5338,41.5644],[-70.5346,41.5636]]],[[[-70.5278,41.5639],[-70.5278,41.5639],[-70.5278,41.5639],[-70.5278,41.5639]]],[[[-70.5324,41.5607],[-70.5328,41.5607],[-70.533,41.561],[-70.5328,41.562],[-70.5324,41.5628],[-70.5317,41.5635],[-70.5309,41.564],[-70.5298,41.5642],[-70.5288,41.5639],[-70.5299,41.5636],[-70.5315,41.5627],[-70.5324,41.5607]]],[[[-70.5271,41.5639],[-70.5271,41.5637],[-70.5275,41.5639],[-70.5271,41.5639]]],[[[-70.5328,41.5656],[-70.5331,41.5658],[-70.5329,41.5658],[-70.5328,41.5656]]],[[[-70.5281,41.5649],[-70.5282,41.5651],[-70.5281,41.5653],[-70.5281,41.5649]]],[[[-70.5324,41.5655],[-70.5332,41.5649],[-70.5331,41.5656],[-70.5319,41.5658],[-70.5305,41.5668],[-70.5324,41.5655]]],[[[-70.5304,41.567],[-70.5304,41.567],[-70.5304,41.567],[-70.5304,41.567]]],[[[-70.5305,41.5671],[-70.5305,41.5671],[-70.5305,41.5671],[-70.5305,41.5671]]],[[[-70.5281,41.5653],[-70.5282,41.5674],[-70.528,41.5663],[-70.5281,41.5653]]],[[[-70.529,41.5692],[-70.5291,41.5694],[-70.5291,41.5697],[-70.529,41.5692]]],[[[-70.5341,41.5672],[-70.5347,41.5669],[-70.535,41.5672],[-70.534,41.5673],[-70.532,41.5699],[-70.5307,41.5708],[-70.5302,41.5715],[-70.5288,41.5719],[-70.5287,41.5722],[-70.5287,41.572],[-70.53,41.5714],[-70.5307,41.5706],[-70.5321,41.5695],[-70.5324,41.5688],[-70.5341,41.5672]]],[[[-70.5273,41.5718],[-70.527,41.572],[-70.5271,41.5719],[-70.5273,41.5718]]],[[[-70.5271,41.5728],[-70.5286,41.5729],[-70.5287,41.5725],[-70.5288,41.5728],[-70.5287,41.5731],[-70.5283,41.5731],[-70.5273,41.5729],[-70.5264,41.573],[-70.5271,41.5728]]]]},"properties":{"id":"usgs-pad-us-fee-managers:9688","name":"Washburn Island","kind":"land","category":"public-land","sourceCategory":"public-land","sourceId":"usgs-pad-us-fee-managers","sourceUrl":"https://services.arcgis.com/v01gqwM5QqNysAAi/arcgis/rest/services/Fee_Managers_PADUS/FeatureServer/0","sourceUpdated":"2017-08-14T04:00:00.000Z","publicUse":"PAD-US reports open access; verify current manager conditions and restrictions.","unit":"SPR","origin":"public-catalog"}},{"type":"Feature","id":"usgs-pad-us-fee-managers:97336","geometry":{"type":"MultiPolygon","coordinates":[[[[-71.1945,42.398],[-71.1959,42.3983],[-71.1956,42.3989],[-71.1961,42.399],[-71.1957,42.3998],[-71.1949,42.3999],[-71.1945,42.398]]],[[[-71.1869,42.3981],[-71.1861,42.3982],[-71.1875,42.3961],[-71.1828,42.3946],[-71.1832,42.394],[-71.1816,42.3932],[-71.1852,42.3916],[-71.1869,42.3903],[-71.1895,42.3892],[-71.1929,42.389],[-71.1936,42.3893],[-71.1934,42.3896],[-71.1937,42.3901],[-71.196,42.3911],[-71.196,42.3912],[-71.1929,42.3903],[-71.1919,42.3897],[-71.1894,42.39],[-71.1895,42.3908],[-71.1898,42.3914],[-71.1867,42.3919],[-71.1862,42.3928],[-71.1863,42.3933],[-71.188,42.3949],[-71.1898,42.3953],[-71.1903,42.3958],[-71.191,42.396],[-71.191,42.3968],[-71.1906,42.397],[-71.1905,42.3979],[-71.1932,42.3986],[-71.1934,42.3984],[-71.1932,42.3972],[-71.1924,42.3968],[-71.1927,42.3964],[-71.1934,42.3968],[-71.1945,42.3971],[-71.1943,42.3982],[-71.1947,42.4001],[-71.1937,42.4016],[-71.1924,42.4008],[-71.188,42.3995],[-71.1881,42.3992],[-71.1869,42.3981]]]]},"properties":{"id":"usgs-pad-us-fee-managers:97336","name":"Mclean Hospital Open Space","kind":"land","category":"public-land","sourceCategory":"public-land","sourceId":"usgs-pad-us-fee-managers","sourceUrl":"https://services.arcgis.com/v01gqwM5QqNysAAi/arcgis/rest/services/Fee_Managers_PADUS/FeatureServer/0","sourceUpdated":"2023-05-15T04:00:00.000Z","publicUse":"PAD-US reports open access; verify current manager conditions and restrictions.","unit":"CITY","origin":"public-catalog"}},{"type":"Feature","id":"usgs-pad-us-fee-managers:9751","geometry":{"type":"MultiPolygon","coordinates":[[[[-73.497,42.0496],[-73.4873,42.0496],[-73.4874,42.0495],[-73.497,42.0496]]],[[[-73.497,42.0497],[-73.497,42.0497],[-73.507,42.0822],[-73.497,42.0497]]],[[[-73.4934,42.1268],[-73.4897,42.1371],[-73.4906,42.1345],[-73.4934,42.1268]]],[[[-73.4886,42.14],[-73.4834,42.1545],[-73.4804,42.1622],[-73.4886,42.14]]]]},"properties":{"id":"usgs-pad-us-fee-managers:9751","name":"Taconic State Park","kind":"land","category":"public-land","sourceCategory":"public-land","sourceId":"usgs-pad-us-fee-managers","sourceUrl":"https://services.arcgis.com/v01gqwM5QqNysAAi/arcgis/rest/services/Fee_Managers_PADUS/FeatureServer/0","sourceUpdated":"2017-08-14T04:00:00.000Z","publicUse":"PAD-US reports open access; verify current manager conditions and restrictions.","unit":"SPR","origin":"public-catalog"}},{"type":"Feature","id":"usgs-pad-us-fee-managers:9796","geometry":{"type":"Polygon","coordinates":[[[-70.3535,41.6857],[-70.3536,41.6854],[-70.3531,41.6854],[-70.3532,41.6852],[-70.3553,41.6851],[-70.3552,41.6854],[-70.3537,41.6854],[-70.3535,41.6857]]]},"properties":{"id":"usgs-pad-us-fee-managers:9796","name":"Barnstable Fire Tower","kind":"land","category":"public-land","sourceCategory":"public-land","sourceId":"usgs-pad-us-fee-managers","sourceUrl":"https://services.arcgis.com/v01gqwM5QqNysAAi/arcgis/rest/services/Fee_Managers_PADUS/FeatureServer/0","sourceUpdated":"2017-08-14T04:00:00.000Z","publicUse":"PAD-US reports open access; verify current manager conditions and restrictions.","unit":"SPR","origin":"public-catalog"}},{"type":"Feature","id":"usgs-pad-us-fee-managers:9797","geometry":{"type":"Polygon","coordinates":[[[-71.1476,42.379],[-71.143,42.383],[-71.144,42.3819],[-71.1476,42.379]]]},"properties":{"id":"usgs-pad-us-fee-managers:9797","name":"Fresh Pond Pathway","kind":"land","category":"public-land","sourceCategory":"public-land","sourceId":"usgs-pad-us-fee-managers","sourceUrl":"https://services.arcgis.com/v01gqwM5QqNysAAi/arcgis/rest/services/Fee_Managers_PADUS/FeatureServer/0","sourceUpdated":"2017-08-14T04:00:00.000Z","publicUse":"PAD-US does not report an access classification; verify with the land manager.","unit":"SPR","origin":"public-catalog"}},{"type":"Feature","id":"usgs-pad-us-fee-managers:9798","geometry":{"type":"Polygon","coordinates":[[[-72.6659,42.2406],[-72.6661,42.2406],[-72.6663,42.2416],[-72.6661,42.2416],[-72.6659,42.2406]]]},"properties":{"id":"usgs-pad-us-fee-managers:9798","name":"Conservation Area","kind":"land","category":"public-land","sourceCategory":"public-land","sourceId":"usgs-pad-us-fee-managers","sourceUrl":"https://services.arcgis.com/v01gqwM5QqNysAAi/arcgis/rest/services/Fee_Managers_PADUS/FeatureServer/0","sourceUpdated":"2017-08-14T04:00:00.000Z","publicUse":"PAD-US does not report an access classification; verify with the land manager.","unit":"PVT","origin":"public-catalog"}},{"type":"Feature","id":"usgs-pad-us-fee-managers:9799","geometry":{"type":"Polygon","coordinates":[[[-72.6971,42.2794],[-72.6976,42.2786],[-72.6987,42.2791],[-72.6982,42.2798],[-72.6971,42.2794]]]},"properties":{"id":"usgs-pad-us-fee-managers:9799","name":"Town Farm","kind":"land","category":"public-land","sourceCategory":"public-land","sourceId":"usgs-pad-us-fee-managers","sourceUrl":"https://services.arcgis.com/v01gqwM5QqNysAAi/arcgis/rest/services/Fee_Managers_PADUS/FeatureServer/0","sourceUpdated":"2017-08-14T04:00:00.000Z","publicUse":"PAD-US does not report an access classification; verify with the land manager.","unit":"OTHS","origin":"public-catalog"}},{"type":"Feature","id":"usgs-pad-us-fee-managers:9800","geometry":{"type":"Polygon","coordinates":[[[-70.9737,42.4588],[-70.9745,42.4589],[-70.9751,42.458],[-70.9758,42.4582],[-70.9751,42.4594],[-70.9753,42.4598],[-70.9737,42.4603],[-70.9738,42.46],[-70.9737,42.4588]]]},"properties":{"id":"usgs-pad-us-fee-managers:9800","name":"General Electric Employees Activities Association Field","kind":"land","category":"public-land","sourceCategory":"public-land","sourceId":"usgs-pad-us-fee-managers","sourceUrl":"https://services.arcgis.com/v01gqwM5QqNysAAi/arcgis/rest/services/Fee_Managers_PADUS/FeatureServer/0","sourceUpdated":"2017-08-14T04:00:00.000Z","publicUse":"PAD-US does not report an access classification; verify with the land manager.","unit":"PVT","origin":"public-catalog"}},{"type":"Feature","id":"usgs-pad-us-fee-managers:9801","geometry":{"type":"Polygon","coordinates":[[[-70.9933,42.2514],[-70.993,42.2511],[-70.9928,42.2512],[-70.9935,42.251],[-70.9937,42.2514],[-70.9933,42.2514]]]},"properties":{"id":"usgs-pad-us-fee-managers:9801","name":"Town Brook Flood Control","kind":"land","category":"public-land","sourceCategory":"public-land","sourceId":"usgs-pad-us-fee-managers","sourceUrl":"https://services.arcgis.com/v01gqwM5QqNysAAi/arcgis/rest/services/Fee_Managers_PADUS/FeatureServer/0","sourceUpdated":"2017-08-14T04:00:00.000Z","publicUse":"PAD-US does not report an access classification; verify with the land manager.","unit":"SPR","origin":"public-catalog"}},{"type":"Feature","id":"usgs-pad-us-fee-managers:9802","geometry":{"type":"Polygon","coordinates":[[[-71.1739,42.2565],[-71.1734,42.2554],[-71.1762,42.2558],[-71.1768,42.2566],[-71.1749,42.2565],[-71.174,42.2567],[-71.1739,42.2565]]]},"properties":{"id":"usgs-pad-us-fee-managers:9802","name":"Charles River Watershed","kind":"land","category":"public-land","sourceCategory":"public-land","sourceId":"usgs-pad-us-fee-managers","sourceUrl":"https://services.arcgis.com/v01gqwM5QqNysAAi/arcgis/rest/services/Fee_Managers_PADUS/FeatureServer/0","sourceUpdated":"2017-08-14T04:00:00.000Z","publicUse":"PAD-US does not report an access classification; verify with the land manager.","unit":"USACE","origin":"public-catalog"}},{"type":"Feature","id":"usgs-pad-us-fee-managers:9805","geometry":{"type":"Polygon","coordinates":[[[-70.586,41.5596],[-70.5863,41.5596],[-70.586,41.5607],[-70.5847,41.5619],[-70.5847,41.5625],[-70.5844,41.5625],[-70.584,41.562],[-70.5859,41.5605],[-70.586,41.5596]]]},"properties":{"id":"usgs-pad-us-fee-managers:9805","name":"Great Pond Boat Landing","kind":"land","category":"public-land","sourceCategory":"public-land","sourceId":"usgs-pad-us-fee-managers","sourceUrl":"https://services.arcgis.com/v01gqwM5QqNysAAi/arcgis/rest/services/Fee_Managers_PADUS/FeatureServer/0","sourceUpdated":"2017-08-14T04:00:00.000Z","publicUse":"PAD-US reports open access; verify current manager conditions and restrictions.","unit":"CITY","origin":"public-catalog"}},{"type":"Feature","id":"usgs-pad-us-fee-managers:9806","geometry":{"type":"MultiPolygon","coordinates":[[[[-70.5226,41.5822],[-70.5227,41.5823],[-70.5219,41.5825],[-70.5209,41.5824],[-70.5205,41.5827],[-70.5209,41.5824],[-70.5219,41.5824],[-70.5226,41.5822]]],[[[-70.5173,41.5835],[-70.5194,41.5835],[-70.5173,41.5837],[-70.5173,41.5835]]]]},"properties":{"id":"usgs-pad-us-fee-managers:9806","name":"Waquoit Bay National Estuarine Research Reserve","kind":"land","category":"public-land","sourceCategory":"public-land","sourceId":"usgs-pad-us-fee-managers","sourceUrl":"https://services.arcgis.com/v01gqwM5QqNysAAi/arcgis/rest/services/Fee_Managers_PADUS/FeatureServer/0","sourceUpdated":"2017-08-14T04:00:00.000Z","publicUse":"PAD-US does not report an access classification; verify with the land manager.","unit":"SPR","origin":"public-catalog"}},{"type":"Feature","id":"usgs-pad-us-fee-managers:9807","geometry":{"type":"Polygon","coordinates":[[[-71.4569,42.5149],[-71.4595,42.516],[-71.46,42.5175],[-71.4595,42.516],[-71.4569,42.5149]]]},"properties":{"id":"usgs-pad-us-fee-managers:9807","name":"Nagog Hill Orchard","kind":"land","category":"public-land","sourceCategory":"public-land","sourceId":"usgs-pad-us-fee-managers","sourceUrl":"https://services.arcgis.com/v01gqwM5QqNysAAi/arcgis/rest/services/Fee_Managers_PADUS/FeatureServer/0","sourceUpdated":"2017-08-14T04:00:00.000Z","publicUse":"PAD-US does not report an access classification; verify with the land manager.","unit":"PVT","origin":"public-catalog"}},{"type":"Feature","id":"usgs-pad-us-fee-managers:9808","geometry":{"type":"Polygon","coordinates":[[[-70.484,41.5726],[-70.4839,41.573],[-70.4838,41.573],[-70.484,41.5726]]]},"properties":{"id":"usgs-pad-us-fee-managers:9808","name":"Jehu Pond Conservation Area","kind":"land","category":"public-land","sourceCategory":"public-land","sourceId":"usgs-pad-us-fee-managers","sourceUrl":"https://services.arcgis.com/v01gqwM5QqNysAAi/arcgis/rest/services/Fee_Managers_PADUS/FeatureServer/0","sourceUpdated":"2017-08-14T04:00:00.000Z","publicUse":"PAD-US reports open access; verify current manager conditions and restrictions.","unit":"CITY","origin":"public-catalog"}},{"type":"Feature","id":"usgs-pad-us-fee-managers:9809","geometry":{"type":"Polygon","coordinates":[[[-70.706,41.9148],[-70.7043,41.9137],[-70.7011,41.9134],[-70.7012,41.9131],[-70.7045,41.9134],[-70.7062,41.9145],[-70.706,41.9148]]]},"properties":{"id":"usgs-pad-us-fee-managers:9809","name":"Myles Standish State Forest","kind":"land","category":"public-land","sourceCategory":"public-land","sourceId":"usgs-pad-us-fee-managers","sourceUrl":"https://services.arcgis.com/v01gqwM5QqNysAAi/arcgis/rest/services/Fee_Managers_PADUS/FeatureServer/0","sourceUpdated":"2017-08-14T04:00:00.000Z","publicUse":"PAD-US reports open access; verify current manager conditions and restrictions.","unit":"SPR","origin":"public-catalog"}},{"type":"Feature","id":"usgs-pad-us-fee-managers:9810","geometry":{"type":"Polygon","coordinates":[[[-71.8629,42.4638],[-71.8628,42.4624],[-71.8606,42.4625],[-71.8604,42.4612],[-71.8611,42.4616],[-71.8629,42.4602],[-71.864,42.4609],[-71.8646,42.4632],[-71.8629,42.4638]]]},"properties":{"id":"usgs-pad-us-fee-managers:9810","name":"Princeton Fields Watershed Preservation Restriction","kind":"land","category":"public-land","sourceCategory":"public-land","sourceId":"usgs-pad-us-fee-managers","sourceUrl":"https://services.arcgis.com/v01gqwM5QqNysAAi/arcgis/rest/services/Fee_Managers_PADUS/FeatureServer/0","sourceUpdated":"2017-08-14T04:00:00.000Z","publicUse":"PAD-US does not report an access classification; verify with the land manager.","unit":"SDC","origin":"public-catalog"}},{"type":"Feature","id":"usgs-pad-us-fee-managers:9811","geometry":{"type":"Polygon","coordinates":[[[-71.2136,41.8661],[-71.2124,41.8634],[-71.2137,41.8635],[-71.2147,41.866],[-71.2136,41.8661]]]},"properties":{"id":"usgs-pad-us-fee-managers:9811","name":"Anawan Rock","kind":"land","category":"public-land","sourceCategory":"public-land","sourceId":"usgs-pad-us-fee-managers","sourceUrl":"https://services.arcgis.com/v01gqwM5QqNysAAi/arcgis/rest/services/Fee_Managers_PADUS/FeatureServer/0","sourceUpdated":"2017-08-14T04:00:00.000Z","publicUse":"PAD-US reports open access; verify current manager conditions and restrictions.","unit":"CITY","origin":"public-catalog"}},{"type":"Feature","id":"usgs-pad-us-fee-managers:9812","geometry":{"type":"Polygon","coordinates":[[[-71.6234,42.2441],[-71.624,42.2441],[-71.6246,42.2451],[-71.6238,42.2451],[-71.6239,42.2456],[-71.6231,42.2456],[-71.6232,42.245],[-71.6224,42.2442],[-71.6234,42.2441]]]},"properties":{"id":"usgs-pad-us-fee-managers:9812","name":"Wayside Estates Homeowners Association 1","kind":"land","category":"public-land","sourceCategory":"public-land","sourceId":"usgs-pad-us-fee-managers","sourceUrl":"https://services.arcgis.com/v01gqwM5QqNysAAi/arcgis/rest/services/Fee_Managers_PADUS/FeatureServer/0","sourceUpdated":"2017-08-14T04:00:00.000Z","publicUse":"PAD-US does not report an access classification; verify with the land manager.","unit":"NGO","origin":"public-catalog"}},{"type":"Feature","id":"usgs-pad-us-fee-managers:9813","geometry":{"type":"Polygon","coordinates":[[[-71.6331,42.2636],[-71.6325,42.2623],[-71.6303,42.2598],[-71.6294,42.2604],[-71.6291,42.2602],[-71.6299,42.2595],[-71.6306,42.2598],[-71.6316,42.2593],[-71.631,42.2588],[-71.6314,42.2582],[-71.6347,42.2621],[-71.6345,42.2627],[-71.6347,42.2636],[-71.6341,42.2635],[-71.6335,42.2639],[-71.6331,42.2636]]]},"properties":{"id":"usgs-pad-us-fee-managers:9813","name":"Westboro Village","kind":"land","category":"public-land","sourceCategory":"public-land","sourceId":"usgs-pad-us-fee-managers","sourceUrl":"https://services.arcgis.com/v01gqwM5QqNysAAi/arcgis/rest/services/Fee_Managers_PADUS/FeatureServer/0","sourceUpdated":"2017-08-14T04:00:00.000Z","publicUse":"PAD-US does not report an access classification; verify with the land manager.","unit":"PVT","origin":"public-catalog"}},{"type":"Feature","id":"usgs-pad-us-fee-managers:9814","geometry":{"type":"Polygon","coordinates":[[[-71.2693,42.3889],[-71.2703,42.3888],[-71.2683,42.3893],[-71.2684,42.3891],[-71.2693,42.3889]]]},"properties":{"id":"usgs-pad-us-fee-managers:9814","name":"Legion Road Property","kind":"land","category":"public-land","sourceCategory":"public-land","sourceId":"usgs-pad-us-fee-managers","sourceUrl":"https://services.arcgis.com/v01gqwM5QqNysAAi/arcgis/rest/services/Fee_Managers_PADUS/FeatureServer/0","sourceUpdated":"2017-08-14T04:00:00.000Z","publicUse":"PAD-US reports open access; verify current manager conditions and restrictions.","unit":"CITY","origin":"public-catalog"}},{"type":"Feature","id":"usgs-pad-us-fee-managers:9815","geometry":{"type":"Polygon","coordinates":[[[-71.3007,42.3434],[-71.3003,42.3443],[-71.3002,42.3443],[-71.3007,42.3434]]]},"properties":{"id":"usgs-pad-us-fee-managers:9815","name":"Colonial Way Property Access","kind":"land","category":"public-land","sourceCategory":"public-land","sourceId":"usgs-pad-us-fee-managers","sourceUrl":"https://services.arcgis.com/v01gqwM5QqNysAAi/arcgis/rest/services/Fee_Managers_PADUS/FeatureServer/0","sourceUpdated":"2017-08-14T04:00:00.000Z","publicUse":"PAD-US does not report an access classification; verify with the land manager.","unit":"NGO","origin":"public-catalog"}},{"type":"Feature","id":"usgs-pad-us-fee-managers:9816","geometry":{"type":"Polygon","coordinates":[[[-71.1012,41.6293],[-71.1018,41.6293],[-71.102,41.6305],[-71.0972,41.6308],[-71.0969,41.6297],[-71.1012,41.6293]]]},"properties":{"id":"usgs-pad-us-fee-managers:9816","name":"Russell Davis Parcel","kind":"land","category":"public-land","sourceCategory":"public-land","sourceId":"usgs-pad-us-fee-managers","sourceUrl":"https://services.arcgis.com/v01gqwM5QqNysAAi/arcgis/rest/services/Fee_Managers_PADUS/FeatureServer/0","sourceUpdated":"2017-08-14T04:00:00.000Z","publicUse":"PAD-US does not report an access classification; verify with the land manager.","unit":"PVT","origin":"public-catalog"}},{"type":"Feature","id":"usgs-pad-us-fee-managers:9817","geometry":{"type":"MultiPolygon","coordinates":[[[[-72.4698,42.1108],[-72.4704,42.1117],[-72.4703,42.1122],[-72.4706,42.114],[-72.4655,42.1146],[-72.4656,42.1151],[-72.461,42.1151],[-72.4564,42.1157],[-72.4575,42.1123],[-72.4698,42.1108]]],[[[-72.4497,42.1195],[-72.452,42.1129],[-72.4563,42.1124],[-72.4563,42.1126],[-72.4571,42.1127],[-72.4562,42.1157],[-72.4549,42.1155],[-72.4543,42.1166],[-72.4551,42.1167],[-72.4542,42.1188],[-72.455,42.1189],[-72.4549,42.1191],[-72.4541,42.1189],[-72.4539,42.1195],[-72.4532,42.1193],[-72.4529,42.12],[-72.4513,42.1202],[-72.4514,42.121],[-72.4492,42.1213],[-72.4497,42.1195]]]]},"properties":{"id":"usgs-pad-us-fee-managers:9817","name":"Country Club Of Wilbraham","kind":"land","category":"public-land","sourceCategory":"public-land","sourceId":"usgs-pad-us-fee-managers","sourceUrl":"https://services.arcgis.com/v01gqwM5QqNysAAi/arcgis/rest/services/Fee_Managers_PADUS/FeatureServer/0","sourceUpdated":"2017-08-14T04:00:00.000Z","publicUse":"PAD-US does not report an access classification; verify with the land manager.","unit":"PVT","origin":"public-catalog"}},{"type":"Feature","id":"usgs-pad-us-fee-managers:98186","geometry":{"type":"Polygon","coordinates":[[[-71.0539,42.3675],[-71.0542,42.3674],[-71.0541,42.3676],[-71.0539,42.3675]]]},"properties":{"id":"usgs-pad-us-fee-managers:98186","name":"Foster Street Parking Lot","kind":"land","category":"public-land","sourceCategory":"public-land","sourceId":"usgs-pad-us-fee-managers","sourceUrl":"https://services.arcgis.com/v01gqwM5QqNysAAi/arcgis/rest/services/Fee_Managers_PADUS/FeatureServer/0","sourceUpdated":"2021-03-13T05:00:00.000Z","publicUse":"PAD-US does not report an access classification; verify with the land manager.","unit":"CITY","origin":"public-catalog"}},{"type":"Feature","id":"usgs-pad-us-fee-managers:98187","geometry":{"type":"Polygon","coordinates":[[[-71.0597,42.3581],[-71.0602,42.3582],[-71.0599,42.3585],[-71.0595,42.3583],[-71.0597,42.3581]]]},"properties":{"id":"usgs-pad-us-fee-managers:98187","name":"King's Chapel Burying Ground","kind":"land","category":"public-land","sourceCategory":"public-land","sourceId":"usgs-pad-us-fee-managers","sourceUrl":"https://services.arcgis.com/v01gqwM5QqNysAAi/arcgis/rest/services/Fee_Managers_PADUS/FeatureServer/0","sourceUpdated":"2023-05-15T04:00:00.000Z","publicUse":"PAD-US reports open access; verify current manager conditions and restrictions.","unit":"CITY","origin":"public-catalog"}},{"type":"Feature","id":"usgs-pad-us-fee-managers:98188","geometry":{"type":"Polygon","coordinates":[[[-71.0503,42.3762],[-71.0504,42.3764],[-71.0502,42.3764],[-71.0503,42.3762]]]},"properties":{"id":"usgs-pad-us-fee-managers:98188","name":"13Th Street Circle Garden","kind":"land","category":"public-land","sourceCategory":"public-land","sourceId":"usgs-pad-us-fee-managers","sourceUrl":"https://services.arcgis.com/v01gqwM5QqNysAAi/arcgis/rest/services/Fee_Managers_PADUS/FeatureServer/0","sourceUpdated":"2023-05-15T04:00:00.000Z","publicUse":"PAD-US reports open access; verify current manager conditions and restrictions.","unit":"CITY","origin":"public-catalog"}},{"type":"Feature","id":"usgs-pad-us-fee-managers:98189","geometry":{"type":"Polygon","coordinates":[[[-71.0513,42.3736],[-71.0514,42.3737],[-71.0512,42.3737],[-71.0513,42.3736]]]},"properties":{"id":"usgs-pad-us-fee-managers:98189","name":"8Th Street Circle Garden","kind":"land","category":"public-land","sourceCategory":"public-land","sourceId":"usgs-pad-us-fee-managers","sourceUrl":"https://services.arcgis.com/v01gqwM5QqNysAAi/arcgis/rest/services/Fee_Managers_PADUS/FeatureServer/0","sourceUpdated":"2023-05-15T04:00:00.000Z","publicUse":"PAD-US reports open access; verify current manager conditions and restrictions.","unit":"CITY","origin":"public-catalog"}},{"type":"Feature","id":"usgs-pad-us-fee-managers:98190","geometry":{"type":"Polygon","coordinates":[[[-71.0509,42.3749],[-71.051,42.375],[-71.0509,42.375],[-71.0509,42.3749]]]},"properties":{"id":"usgs-pad-us-fee-managers:98190","name":"9Th Street Circle Garden","kind":"land","category":"public-land","sourceCategory":"public-land","sourceId":"usgs-pad-us-fee-managers","sourceUrl":"https://services.arcgis.com/v01gqwM5QqNysAAi/arcgis/rest/services/Fee_Managers_PADUS/FeatureServer/0","sourceUpdated":"2023-05-15T04:00:00.000Z","publicUse":"PAD-US reports open access; verify current manager conditions and restrictions.","unit":"CITY","origin":"public-catalog"}},{"type":"Feature","id":"usgs-pad-us-fee-managers:98191","geometry":{"type":"Polygon","coordinates":[[[-71.0532,42.3433],[-71.0535,42.3434],[-71.0529,42.3442],[-71.0522,42.344],[-71.0532,42.3433]]]},"properties":{"id":"usgs-pad-us-fee-managers:98191","name":"A Street Park I","kind":"land","category":"public-land","sourceCategory":"public-land","sourceId":"usgs-pad-us-fee-managers","sourceUrl":"https://services.arcgis.com/v01gqwM5QqNysAAi/arcgis/rest/services/Fee_Managers_PADUS/FeatureServer/0","sourceUpdated":"2023-05-15T04:00:00.000Z","publicUse":"PAD-US reports open access; verify current manager conditions and restrictions.","unit":"CITY","origin":"public-catalog"}},{"type":"Feature","id":"usgs-pad-us-fee-managers:98192","geometry":{"type":"Polygon","coordinates":[[[-71.0571,42.2932],[-71.0569,42.2938],[-71.0566,42.2939],[-71.0564,42.2934],[-71.0571,42.2932]]]},"properties":{"id":"usgs-pad-us-fee-managers:98192","name":"Adams/King Playground","kind":"land","category":"public-land","sourceCategory":"public-land","sourceId":"usgs-pad-us-fee-managers","sourceUrl":"https://services.arcgis.com/v01gqwM5QqNysAAi/arcgis/rest/services/Fee_Managers_PADUS/FeatureServer/0","sourceUpdated":"2023-05-15T04:00:00.000Z","publicUse":"PAD-US reports open access; verify current manager conditions and restrictions.","unit":"CITY","origin":"public-catalog"}},{"type":"Feature","id":"usgs-pad-us-fee-managers:98193","geometry":{"type":"Polygon","coordinates":[[[-71.1147,42.307],[-71.1153,42.3071],[-71.1147,42.3072],[-71.1147,42.307]]]},"properties":{"id":"usgs-pad-us-fee-managers:98193","name":"Agassiz Community & School Garden","kind":"land","category":"public-land","sourceCategory":"public-land","sourceId":"usgs-pad-us-fee-managers","sourceUrl":"https://services.arcgis.com/v01gqwM5QqNysAAi/arcgis/rest/services/Fee_Managers_PADUS/FeatureServer/0","sourceUpdated":"2023-05-15T04:00:00.000Z","publicUse":"PAD-US reports open access; verify current manager conditions and restrictions.","unit":"CITY","origin":"public-catalog"}},{"type":"Feature","id":"usgs-pad-us-fee-managers:98194","geometry":{"type":"Polygon","coordinates":[[[-71.0731,42.2977],[-71.0731,42.2977],[-71.0728,42.2978],[-71.0731,42.2977]]]},"properties":{"id":"usgs-pad-us-fee-managers:98194","name":"Algonquin Square","kind":"land","category":"public-land","sourceCategory":"public-land","sourceId":"usgs-pad-us-fee-managers","sourceUrl":"https://services.arcgis.com/v01gqwM5QqNysAAi/arcgis/rest/services/Fee_Managers_PADUS/FeatureServer/0","sourceUpdated":"2023-05-15T04:00:00.000Z","publicUse":"PAD-US reports open access; verify current manager conditions and restrictions.","unit":"CITY","origin":"public-catalog"}},{"type":"Feature","id":"usgs-pad-us-fee-managers:98195","geometry":{"type":"MultiPolygon","coordinates":[[[[-71.0933,42.3273],[-71.0934,42.3271],[-71.0937,42.3272],[-71.0936,42.3274],[-71.0933,42.3273]]],[[[-71.0937,42.3274],[-71.0938,42.3272],[-71.0942,42.3273],[-71.094,42.3276],[-71.0937,42.3274]]]]},"properties":{"id":"usgs-pad-us-fee-managers:98195","name":"Allan Crite Garden I","kind":"land","category":"public-land","sourceCategory":"public-land","sourceId":"usgs-pad-us-fee-managers","sourceUrl":"https://services.arcgis.com/v01gqwM5QqNysAAi/arcgis/rest/services/Fee_Managers_PADUS/FeatureServer/0","sourceUpdated":"2023-05-15T04:00:00.000Z","publicUse":"PAD-US reports open access; verify current manager conditions and restrictions.","unit":"CITY","origin":"public-catalog"}},{"type":"Feature","id":"usgs-pad-us-fee-managers:98196","geometry":{"type":"Polygon","coordinates":[[[-71.0966,42.2757],[-71.0973,42.2758],[-71.0971,42.276],[-71.0966,42.2757]]]},"properties":{"id":"usgs-pad-us-fee-managers:98196","name":"Almont Park/Hunt Playground Ii","kind":"land","category":"public-land","sourceCategory":"public-land","sourceId":"usgs-pad-us-fee-managers","sourceUrl":"https://services.arcgis.com/v01gqwM5QqNysAAi/arcgis/rest/services/Fee_Managers_PADUS/FeatureServer/0","sourceUpdated":"2023-05-15T04:00:00.000Z","publicUse":"PAD-US reports open access; verify current manager conditions and restrictions.","unit":"CITY","origin":"public-catalog"}},{"type":"Feature","id":"usgs-pad-us-fee-managers:98197","geometry":{"type":"MultiPolygon","coordinates":[[[[-71.1162,42.2805],[-71.1162,42.2805],[-71.1167,42.2792],[-71.1162,42.2805]]],[[[-71.1161,42.2807],[-71.1158,42.2815],[-71.1152,42.2821],[-71.1161,42.2807]]],[[[-71.115,42.2823],[-71.1152,42.2821],[-71.1152,42.2821],[-71.115,42.2823]]],[[[-71.1127,42.284],[-71.1148,42.2825],[-71.1146,42.2827],[-71.1127,42.284]]],[[[-71.1112,42.285],[-71.1126,42.284],[-71.112,42.2845],[-71.1112,42.285]]],[[[-71.1101,42.2857],[-71.1101,42.2857],[-71.111,42.2851],[-71.1101,42.2857]]],[[[-71.107,42.2875],[-71.1071,42.2874],[-71.1098,42.2858],[-71.107,42.2875]]],[[[-71.1069,42.2876],[-71.1068,42.2876],[-71.1069,42.2876],[-71.1069,42.2876]]],[[[-71.1001,42.2904],[-71.1039,42.2891],[-71.1066,42.2878],[-71.1039,42.2891],[-71.1001,42.2904]]],[[[-71.0976,42.2912],[-71.0976,42.2911],[-71.1,42.2904],[-71.0976,42.2912]]],[[[-71.0972,42.2912],[-71.0971,42.291],[-71.0973,42.2911],[-71.0972,42.2912]]],[[[-71.0954,42.2908],[-71.098,42.2909],[-71.0958,42.2909],[-71.0954,42.2908]]],[[[-71.0973,42.2913],[-71.0972,42.2912],[-71.0974,42.2912],[-71.0973,42.2913]]],[[[-71.0956,42.2912],[-71.0955,42.291],[-71.0958,42.291],[-71.0956,42.2912]]],[[[-71.0965,42.291],[-71.0971,42.2912],[-71.0959,42.2918],[-71.0957,42.2912],[-71.0965,42.291]]],[[[-71.098,42.2912],[-71.0961,42.2921],[-71.096,42.292],[-71.098,42.2912]]],[[[-71.0948,42.2928],[-71.0959,42.2919],[-71.0971,42.2913],[-71.0957,42.292],[-71.0948,42.2928]]],[[[-71.0947,42.293],[-71.0947,42.2929],[-71.0948,42.2929],[-71.0947,42.293]]],[[[-71.0948,42.293],[-71.0949,42.293],[-71.095,42.293],[-71.0948,42.293]]],[[[-71.0944,42.2932],[-71.0944,42.2932],[-71.0946,42.2931],[-71.0944,42.2932]]],[[[-71.0916,42.2969],[-71.0936,42.2941],[-71.0943,42.2933],[-71.0916,42.2969]]],[[[-71.0898,42.2976],[-71.0897,42.2975],[-71.0913,42.297],[-71.0898,42.2976]]],[[[-71.0871,42.2982],[-71.0871,42.2982],[-71.0896,42.2976],[-71.0871,42.2982]]]]},"properties":{"id":"usgs-pad-us-fee-managers:98197","name":"American Legion Highway","kind":"land","category":"public-land","sourceCategory":"public-land","sourceId":"usgs-pad-us-fee-managers","sourceUrl":"https://services.arcgis.com/v01gqwM5QqNysAAi/arcgis/rest/services/Fee_Managers_PADUS/FeatureServer/0","sourceUpdated":"2023-05-15T04:00:00.000Z","publicUse":"PAD-US reports open access; verify current manager conditions and restrictions.","unit":"CITY","origin":"public-catalog"}},{"type":"Feature","id":"usgs-pad-us-fee-managers:98198","geometry":{"type":"Polygon","coordinates":[[[-71.0998,42.3195],[-71.1001,42.3196],[-71.0997,42.3197],[-71.0998,42.3195]]]},"properties":{"id":"usgs-pad-us-fee-managers:98198","name":"Amory Street Park","kind":"land","category":"public-land","sourceCategory":"public-land","sourceId":"usgs-pad-us-fee-managers","sourceUrl":"https://services.arcgis.com/v01gqwM5QqNysAAi/arcgis/rest/services/Fee_Managers_PADUS/FeatureServer/0","sourceUpdated":"2023-05-15T04:00:00.000Z","publicUse":"PAD-US reports open access; verify current manager conditions and restrictions.","unit":"CITY","origin":"public-catalog"}},{"type":"Feature","id":"usgs-pad-us-fee-managers:98199","geometry":{"type":"MultiPolygon","coordinates":[[[[-71.1008,42.3402],[-71.103,42.337],[-71.103,42.3373],[-71.1008,42.3402]]],[[[-71.1034,42.3373],[-71.1012,42.3405],[-71.101,42.3404],[-71.1034,42.3373]]]]},"properties":{"id":"usgs-pad-us-fee-managers:98199","name":"Avenue Louis Pasteur","kind":"land","category":"public-land","sourceCategory":"public-land","sourceId":"usgs-pad-us-fee-managers","sourceUrl":"https://services.arcgis.com/v01gqwM5QqNysAAi/arcgis/rest/services/Fee_Managers_PADUS/FeatureServer/0","sourceUpdated":"2023-05-15T04:00:00.000Z","publicUse":"PAD-US reports open access; verify current manager conditions and restrictions.","unit":"CITY","origin":"public-catalog"}},{"type":"Feature","id":"usgs-pad-us-fee-managers:9820","geometry":{"type":"Polygon","coordinates":[[[-71.5459,42.0185],[-71.5456,42.0184],[-71.5459,42.0185],[-71.5459,42.0185]]]},"properties":{"id":"usgs-pad-us-fee-managers:9820","name":"Southern New England Trunkline Trail","kind":"land","category":"public-land","sourceCategory":"public-land","sourceId":"usgs-pad-us-fee-managers","sourceUrl":"https://services.arcgis.com/v01gqwM5QqNysAAi/arcgis/rest/services/Fee_Managers_PADUS/FeatureServer/0","sourceUpdated":"2017-08-14T04:00:00.000Z","publicUse":"PAD-US reports access is not open to the public.","unit":"SPR","origin":"public-catalog"}},{"type":"Feature","id":"usgs-pad-us-fee-managers:98200","geometry":{"type":"Polygon","coordinates":[[[-71.0909,42.2725],[-71.0911,42.2723],[-71.0918,42.2727],[-71.0919,42.2733],[-71.0914,42.2733],[-71.0913,42.2737],[-71.0905,42.273],[-71.0909,42.2725]]]},"properties":{"id":"usgs-pad-us-fee-managers:98200","name":"Babson-Cookson Tract","kind":"land","category":"public-land","sourceCategory":"public-land","sourceId":"usgs-pad-us-fee-managers","sourceUrl":"https://services.arcgis.com/v01gqwM5QqNysAAi/arcgis/rest/services/Fee_Managers_PADUS/FeatureServer/0","sourceUpdated":"2023-05-15T04:00:00.000Z","publicUse":"PAD-US reports open access; verify current manager conditions and restrictions.","unit":"CITY","origin":"public-catalog"}},{"type":"Feature","id":"usgs-pad-us-fee-managers:98201","geometry":{"type":"Polygon","coordinates":[[[-71.1404,42.3423],[-71.1401,42.3421],[-71.1404,42.3418],[-71.1402,42.3421],[-71.1404,42.3423],[-71.1408,42.342],[-71.1406,42.3419],[-71.141,42.3418],[-71.1404,42.3423]]]},"properties":{"id":"usgs-pad-us-fee-managers:98201","name":"Baldwin Elementary","kind":"land","category":"public-land","sourceCategory":"public-land","sourceId":"usgs-pad-us-fee-managers","sourceUrl":"https://services.arcgis.com/v01gqwM5QqNysAAi/arcgis/rest/services/Fee_Managers_PADUS/FeatureServer/0","sourceUpdated":"2021-04-21T04:00:00.000Z","publicUse":"PAD-US reports open access; verify current manager conditions and restrictions.","unit":"CITY","origin":"public-catalog"}},{"type":"Feature","id":"usgs-pad-us-fee-managers:98202","geometry":{"type":"Polygon","coordinates":[[[-71.1404,42.3423],[-71.1401,42.3421],[-71.1404,42.3418],[-71.1402,42.3421],[-71.1404,42.3423],[-71.1408,42.342],[-71.1406,42.3419],[-71.141,42.3418],[-71.1404,42.3423]]]},"properties":{"id":"usgs-pad-us-fee-managers:98202","name":"Baldwin Elementary","kind":"land","category":"public-land","sourceCategory":"public-land","sourceId":"usgs-pad-us-fee-managers","sourceUrl":"https://services.arcgis.com/v01gqwM5QqNysAAi/arcgis/rest/services/Fee_Managers_PADUS/FeatureServer/0","sourceUpdated":"2021-06-28T04:00:00.000Z","publicUse":"PAD-US reports open access; verify current manager conditions and restrictions.","unit":"CITY","origin":"public-catalog"}},{"type":"Feature","id":"usgs-pad-us-fee-managers:98203","geometry":{"type":"Polygon","coordinates":[[[-71.1345,42.2777],[-71.1349,42.2773],[-71.1353,42.2777],[-71.135,42.2781],[-71.1345,42.2777]]]},"properties":{"id":"usgs-pad-us-fee-managers:98203","name":"Bates Elementary","kind":"land","category":"public-land","sourceCategory":"public-land","sourceId":"usgs-pad-us-fee-managers","sourceUrl":"https://services.arcgis.com/v01gqwM5QqNysAAi/arcgis/rest/services/Fee_Managers_PADUS/FeatureServer/0","sourceUpdated":"2021-04-21T04:00:00.000Z","publicUse":"PAD-US reports open access; verify current manager conditions and restrictions.","unit":"CITY","origin":"public-catalog"}},{"type":"Feature","id":"usgs-pad-us-fee-managers:98204","geometry":{"type":"Polygon","coordinates":[[[-71.0683,42.3491],[-71.0684,42.3492],[-71.0683,42.3492],[-71.0683,42.3491]]]},"properties":{"id":"usgs-pad-us-fee-managers:98204","name":"Bay Village Garden","kind":"land","category":"public-land","sourceCategory":"public-land","sourceId":"usgs-pad-us-fee-managers","sourceUrl":"https://services.arcgis.com/v01gqwM5QqNysAAi/arcgis/rest/services/Fee_Managers_PADUS/FeatureServer/0","sourceUpdated":"2023-05-15T04:00:00.000Z","publicUse":"PAD-US reports open access; verify current manager conditions and restrictions.","unit":"CITY","origin":"public-catalog"}},{"type":"Feature","id":"usgs-pad-us-fee-managers:98205","geometry":{"type":"Polygon","coordinates":[[[-71.0667,42.3494],[-71.067,42.3496],[-71.0667,42.3497],[-71.0667,42.3494]]]},"properties":{"id":"usgs-pad-us-fee-managers:98205","name":"Bay Village Neighborhood Park","kind":"land","category":"public-land","sourceCategory":"public-land","sourceId":"usgs-pad-us-fee-managers","sourceUrl":"https://services.arcgis.com/v01gqwM5QqNysAAi/arcgis/rest/services/Fee_Managers_PADUS/FeatureServer/0","sourceUpdated":"2023-05-15T04:00:00.000Z","publicUse":"PAD-US reports open access; verify current manager conditions and restrictions.","unit":"CITY","origin":"public-catalog"}},{"type":"Feature","id":"usgs-pad-us-fee-managers:98206","geometry":{"type":"Polygon","coordinates":[[[-71.0845,42.3465],[-71.0844,42.3462],[-71.0848,42.3467],[-71.0845,42.3465]]]},"properties":{"id":"usgs-pad-us-fee-managers:98206","name":"Belvidere/Dalton Plaza","kind":"land","category":"public-land","sourceCategory":"public-land","sourceId":"usgs-pad-us-fee-managers","sourceUrl":"https://services.arcgis.com/v01gqwM5QqNysAAi/arcgis/rest/services/Fee_Managers_PADUS/FeatureServer/0","sourceUpdated":"2023-05-15T04:00:00.000Z","publicUse":"PAD-US reports open access; verify current manager conditions and restrictions.","unit":"CITY","origin":"public-catalog"}},{"type":"Feature","id":"usgs-pad-us-fee-managers:98207","geometry":{"type":"Polygon","coordinates":[[[-70.999,42.3895],[-70.9992,42.3897],[-70.9989,42.3897],[-70.999,42.3895]]]},"properties":{"id":"usgs-pad-us-fee-managers:98207","name":"Bonito Square","kind":"land","category":"public-land","sourceCategory":"public-land","sourceId":"usgs-pad-us-fee-managers","sourceUrl":"https://services.arcgis.com/v01gqwM5QqNysAAi/arcgis/rest/services/Fee_Managers_PADUS/FeatureServer/0","sourceUpdated":"2023-05-15T04:00:00.000Z","publicUse":"PAD-US reports open access; verify current manager conditions and restrictions.","unit":"CITY","origin":"public-catalog"}},{"type":"Feature","id":"usgs-pad-us-fee-managers:98208","geometry":{"type":"Polygon","coordinates":[[[-71.0826,42.3269],[-71.0827,42.3271],[-71.0823,42.3271],[-71.0823,42.3268],[-71.0826,42.3269]]]},"properties":{"id":"usgs-pad-us-fee-managers:98208","name":"Boston Evening Academy Garden","kind":"land","category":"public-land","sourceCategory":"public-land","sourceId":"usgs-pad-us-fee-managers","sourceUrl":"https://services.arcgis.com/v01gqwM5QqNysAAi/arcgis/rest/services/Fee_Managers_PADUS/FeatureServer/0","sourceUpdated":"2023-05-15T04:00:00.000Z","publicUse":"PAD-US reports open access; verify current manager conditions and restrictions.","unit":"CITY","origin":"public-catalog"}},{"type":"Feature","id":"usgs-pad-us-fee-managers:98209","geometry":{"type":"Polygon","coordinates":[[[-71.1382,42.2684],[-71.1385,42.2681],[-71.1396,42.2687],[-71.1374,42.2705],[-71.1364,42.2699],[-71.1382,42.2684]]]},"properties":{"id":"usgs-pad-us-fee-managers:98209","name":"Boundary I","kind":"land","category":"public-land","sourceCategory":"public-land","sourceId":"usgs-pad-us-fee-managers","sourceUrl":"https://services.arcgis.com/v01gqwM5QqNysAAi/arcgis/rest/services/Fee_Managers_PADUS/FeatureServer/0","sourceUpdated":"2021-04-21T04:00:00.000Z","publicUse":"PAD-US reports open access; verify current manager conditions and restrictions.","unit":"CITY","origin":"public-catalog"}},{"type":"Feature","id":"usgs-pad-us-fee-managers:9821","geometry":{"type":"Polygon","coordinates":[[[-71.5456,42.0183],[-71.5459,42.0182],[-71.5459,42.0183],[-71.5456,42.0183]]]},"properties":{"id":"usgs-pad-us-fee-managers:9821","name":"Southern New England Trunkline Trail","kind":"land","category":"public-land","sourceCategory":"public-land","sourceId":"usgs-pad-us-fee-managers","sourceUrl":"https://services.arcgis.com/v01gqwM5QqNysAAi/arcgis/rest/services/Fee_Managers_PADUS/FeatureServer/0","sourceUpdated":"2017-08-14T04:00:00.000Z","publicUse":"PAD-US reports access is not open to the public.","unit":"SPR","origin":"public-catalog"}},{"type":"Feature","id":"usgs-pad-us-fee-managers:98210","geometry":{"type":"Polygon","coordinates":[[[-71.0613,42.3621],[-71.0617,42.3618],[-71.0611,42.3613],[-71.0617,42.3618],[-71.0621,42.3616],[-71.0618,42.3618],[-71.0622,42.3621],[-71.0617,42.3619],[-71.0613,42.3621]]]},"properties":{"id":"usgs-pad-us-fee-managers:98210","name":"Bowdoin Mall","kind":"land","category":"public-land","sourceCategory":"public-land","sourceId":"usgs-pad-us-fee-managers","sourceUrl":"https://services.arcgis.com/v01gqwM5QqNysAAi/arcgis/rest/services/Fee_Managers_PADUS/FeatureServer/0","sourceUpdated":"2023-05-15T04:00:00.000Z","publicUse":"PAD-US reports open access; verify current manager conditions and restrictions.","unit":"CITY","origin":"public-catalog"}},{"type":"Feature","id":"usgs-pad-us-fee-managers:98211","geometry":{"type":"MultiPolygon","coordinates":[[[[-71.0951,42.3452],[-71.0946,42.3453],[-71.0945,42.3453],[-71.0951,42.3452]]],[[[-71.0942,42.3454],[-71.0943,42.3455],[-71.0933,42.3463],[-71.0942,42.3454]]],[[[-71.0945,42.3455],[-71.0935,42.3464],[-71.0944,42.3456],[-71.0945,42.3455]]],[[[-71.095,42.3454],[-71.0953,42.3454],[-71.0936,42.3465],[-71.095,42.3454]]]]},"properties":{"id":"usgs-pad-us-fee-managers:98211","name":"Boylston Street I","kind":"land","category":"public-land","sourceCategory":"public-land","sourceId":"usgs-pad-us-fee-managers","sourceUrl":"https://services.arcgis.com/v01gqwM5QqNysAAi/arcgis/rest/services/Fee_Managers_PADUS/FeatureServer/0","sourceUpdated":"2023-05-15T04:00:00.000Z","publicUse":"PAD-US reports open access; verify current manager conditions and restrictions.","unit":"CITY","origin":"public-catalog"}},{"type":"Feature","id":"usgs-pad-us-fee-managers:98212","geometry":{"type":"Polygon","coordinates":[[[-71.0779,42.3495],[-71.0777,42.3493],[-71.078,42.3492],[-71.0781,42.3495],[-71.0779,42.3495]]]},"properties":{"id":"usgs-pad-us-fee-managers:98212","name":"Bpl Courtyard","kind":"land","category":"public-land","sourceCategory":"public-land","sourceId":"usgs-pad-us-fee-managers","sourceUrl":"https://services.arcgis.com/v01gqwM5QqNysAAi/arcgis/rest/services/Fee_Managers_PADUS/FeatureServer/0","sourceUpdated":"2021-04-21T04:00:00.000Z","publicUse":"PAD-US reports open access; verify current manager conditions and restrictions.","unit":"CITY","origin":"public-catalog"}},{"type":"Feature","id":"usgs-pad-us-fee-managers:98213","geometry":{"type":"Polygon","coordinates":[[[-71.069,42.3426],[-71.0691,42.3427],[-71.069,42.3428],[-71.069,42.3426]]]},"properties":{"id":"usgs-pad-us-fee-managers:98213","name":"Bradford Street Play Area","kind":"land","category":"public-land","sourceCategory":"public-land","sourceId":"usgs-pad-us-fee-managers","sourceUrl":"https://services.arcgis.com/v01gqwM5QqNysAAi/arcgis/rest/services/Fee_Managers_PADUS/FeatureServer/0","sourceUpdated":"2023-05-15T04:00:00.000Z","publicUse":"PAD-US reports open access; verify current manager conditions and restrictions.","unit":"CITY","origin":"public-catalog"}},{"type":"Feature","id":"usgs-pad-us-fee-managers:98214","geometry":{"type":"Polygon","coordinates":[[[-71.1441,42.3497],[-71.1443,42.3493],[-71.1463,42.3499],[-71.1441,42.3497]]]},"properties":{"id":"usgs-pad-us-fee-managers:98214","name":"Brighton Hs Hillside","kind":"land","category":"public-land","sourceCategory":"public-land","sourceId":"usgs-pad-us-fee-managers","sourceUrl":"https://services.arcgis.com/v01gqwM5QqNysAAi/arcgis/rest/services/Fee_Managers_PADUS/FeatureServer/0","sourceUpdated":"2023-05-15T04:00:00.000Z","publicUse":"PAD-US reports open access; verify current manager conditions and restrictions.","unit":"CITY","origin":"public-catalog"}},{"type":"Feature","id":"usgs-pad-us-fee-managers:98215","geometry":{"type":"Polygon","coordinates":[[[-71.1501,42.3495],[-71.15,42.3493],[-71.1509,42.3492],[-71.1508,42.3496],[-71.1501,42.3495]],[[-71.1508,42.3495],[-71.1507,42.3492],[-71.1503,42.3494],[-71.1508,42.3495]]]},"properties":{"id":"usgs-pad-us-fee-managers:98215","name":"Brighton Police Station Campus","kind":"land","category":"public-land","sourceCategory":"public-land","sourceId":"usgs-pad-us-fee-managers","sourceUrl":"https://services.arcgis.com/v01gqwM5QqNysAAi/arcgis/rest/services/Fee_Managers_PADUS/FeatureServer/0","sourceUpdated":"2023-05-15T04:00:00.000Z","publicUse":"PAD-US reports open access; verify current manager conditions and restrictions.","unit":"CITY","origin":"public-catalog"}},{"type":"Feature","id":"usgs-pad-us-fee-managers:98216","geometry":{"type":"Polygon","coordinates":[[[-71.1158,42.2949],[-71.1155,42.2946],[-71.1161,42.2943],[-71.1158,42.2946],[-71.1161,42.2948],[-71.1159,42.2949],[-71.1164,42.2948],[-71.1161,42.2947],[-71.1163,42.2946],[-71.1165,42.2948],[-71.1158,42.2949]]]},"properties":{"id":"usgs-pad-us-fee-managers:98216","name":"BTU K-8 Pilot School","kind":"land","category":"public-land","sourceCategory":"public-land","sourceId":"usgs-pad-us-fee-managers","sourceUrl":"https://services.arcgis.com/v01gqwM5QqNysAAi/arcgis/rest/services/Fee_Managers_PADUS/FeatureServer/0","sourceUpdated":"2021-04-21T04:00:00.000Z","publicUse":"PAD-US reports open access; verify current manager conditions and restrictions.","unit":"CITY","origin":"public-catalog"}},{"type":"Feature","id":"usgs-pad-us-fee-managers:98217","geometry":{"type":"Polygon","coordinates":[[[-71.1151,42.2998],[-71.1155,42.2992],[-71.1233,42.294],[-71.1232,42.2942],[-71.1223,42.2953],[-71.1203,42.2964],[-71.1204,42.298],[-71.1196,42.2998],[-71.1192,42.2999],[-71.1189,42.2996],[-71.1187,42.3],[-71.1172,42.3002],[-71.1168,42.2994],[-71.1163,42.299],[-71.1151,42.2998]]]},"properties":{"id":"usgs-pad-us-fee-managers:98217","name":"Bussey Brook Meadow I","kind":"land","category":"public-land","sourceCategory":"public-land","sourceId":"usgs-pad-us-fee-managers","sourceUrl":"https://services.arcgis.com/v01gqwM5QqNysAAi/arcgis/rest/services/Fee_Managers_PADUS/FeatureServer/0","sourceUpdated":"2023-05-15T04:00:00.000Z","publicUse":"PAD-US reports open access; verify current manager conditions and restrictions.","unit":"CITY","origin":"public-catalog"}},{"type":"Feature","id":"usgs-pad-us-fee-managers:98218","geometry":{"type":"Polygon","coordinates":[[[-71.0778,42.3853],[-71.078,42.3853],[-71.0779,42.3855],[-71.0777,42.3855],[-71.0778,42.3853]]]},"properties":{"id":"usgs-pad-us-fee-managers:98218","name":"Caldwell Street Play Area","kind":"land","category":"public-land","sourceCategory":"public-land","sourceId":"usgs-pad-us-fee-managers","sourceUrl":"https://services.arcgis.com/v01gqwM5QqNysAAi/arcgis/rest/services/Fee_Managers_PADUS/FeatureServer/0","sourceUpdated":"2023-05-15T04:00:00.000Z","publicUse":"PAD-US reports open access; verify current manager conditions and restrictions.","unit":"CITY","origin":"public-catalog"}},{"type":"Feature","id":"usgs-pad-us-fee-managers:98219","geometry":{"type":"Polygon","coordinates":[[[-71.037,42.3176],[-71.0366,42.3175],[-71.0367,42.3171],[-71.0385,42.3178],[-71.0391,42.3172],[-71.0388,42.317],[-71.0393,42.3169],[-71.0386,42.3181],[-71.037,42.3176]]]},"properties":{"id":"usgs-pad-us-fee-managers:98219","name":"Calf Pasture I","kind":"land","category":"public-land","sourceCategory":"public-land","sourceId":"usgs-pad-us-fee-managers","sourceUrl":"https://services.arcgis.com/v01gqwM5QqNysAAi/arcgis/rest/services/Fee_Managers_PADUS/FeatureServer/0","sourceUpdated":"2023-05-15T04:00:00.000Z","publicUse":"PAD-US reports open access; verify current manager conditions and restrictions.","unit":"CITY","origin":"public-catalog"}},{"type":"Feature","id":"usgs-pad-us-fee-managers:9822","geometry":{"type":"Polygon","coordinates":[[[-71.1085,42.3244],[-71.1088,42.3245],[-71.1087,42.3246],[-71.1085,42.3244]]]},"properties":{"id":"usgs-pad-us-fee-managers:9822","name":"Arcola St. Park","kind":"land","category":"public-land","sourceCategory":"public-land","sourceId":"usgs-pad-us-fee-managers","sourceUrl":"https://services.arcgis.com/v01gqwM5QqNysAAi/arcgis/rest/services/Fee_Managers_PADUS/FeatureServer/0","sourceUpdated":"2017-08-14T04:00:00.000Z","publicUse":"PAD-US reports open access; verify current manager conditions and restrictions.","unit":"CITY","origin":"public-catalog"}},{"type":"Feature","id":"usgs-pad-us-fee-managers:98220","geometry":{"type":"MultiPolygon","coordinates":[[[[-71.0843,42.3401],[-71.0843,42.3401],[-71.0843,42.3401],[-71.0843,42.3401]]],[[[-71.0843,42.3401],[-71.0846,42.3403],[-71.0843,42.3405],[-71.084,42.3403],[-71.0843,42.3401]]],[[[-71.0832,42.3407],[-71.0836,42.3405],[-71.0835,42.3407],[-71.0838,42.3409],[-71.0836,42.3411],[-71.0832,42.3407]]]]},"properties":{"id":"usgs-pad-us-fee-managers:98220","name":"Carter School Grounds","kind":"land","category":"public-land","sourceCategory":"public-land","sourceId":"usgs-pad-us-fee-managers","sourceUrl":"https://services.arcgis.com/v01gqwM5QqNysAAi/arcgis/rest/services/Fee_Managers_PADUS/FeatureServer/0","sourceUpdated":"2023-05-15T04:00:00.000Z","publicUse":"PAD-US reports open access; verify current manager conditions and restrictions.","unit":"CITY","origin":"public-catalog"}},{"type":"Feature","id":"usgs-pad-us-fee-managers:98221","geometry":{"type":"Polygon","coordinates":[[[-71.0942,42.3288],[-71.0943,42.3287],[-71.0946,42.3289],[-71.0942,42.3288]]]},"properties":{"id":"usgs-pad-us-fee-managers:98221","name":"Centre Place Garden","kind":"land","category":"public-land","sourceCategory":"public-land","sourceId":"usgs-pad-us-fee-managers","sourceUrl":"https://services.arcgis.com/v01gqwM5QqNysAAi/arcgis/rest/services/Fee_Managers_PADUS/FeatureServer/0","sourceUpdated":"2023-05-15T04:00:00.000Z","publicUse":"PAD-US reports open access; verify current manager conditions and restrictions.","unit":"CITY","origin":"public-catalog"}},{"type":"Feature","id":"usgs-pad-us-fee-managers:98222","geometry":{"type":"Polygon","coordinates":[[[-71.1237,42.3071],[-71.1239,42.3069],[-71.1239,42.3069],[-71.1237,42.3071]]]},"properties":{"id":"usgs-pad-us-fee-managers:98222","name":"Centre Street Iii","kind":"land","category":"public-land","sourceCategory":"public-land","sourceId":"usgs-pad-us-fee-managers","sourceUrl":"https://services.arcgis.com/v01gqwM5QqNysAAi/arcgis/rest/services/Fee_Managers_PADUS/FeatureServer/0","sourceUpdated":"2023-05-15T04:00:00.000Z","publicUse":"PAD-US reports open access; verify current manager conditions and restrictions.","unit":"CITY","origin":"public-catalog"}},{"type":"Feature","id":"usgs-pad-us-fee-managers:98223","geometry":{"type":"Polygon","coordinates":[[[-71.1355,42.2945],[-71.1341,42.2959],[-71.133,42.2966],[-71.1355,42.2945]]]},"properties":{"id":"usgs-pad-us-fee-managers:98223","name":"Centre Street V","kind":"land","category":"public-land","sourceCategory":"public-land","sourceId":"usgs-pad-us-fee-managers","sourceUrl":"https://services.arcgis.com/v01gqwM5QqNysAAi/arcgis/rest/services/Fee_Managers_PADUS/FeatureServer/0","sourceUpdated":"2023-05-15T04:00:00.000Z","publicUse":"PAD-US reports open access; verify current manager conditions and restrictions.","unit":"CITY","origin":"public-catalog"}},{"type":"Feature","id":"usgs-pad-us-fee-managers:98224","geometry":{"type":"Polygon","coordinates":[[[-71.0688,42.3474],[-71.069,42.3471],[-71.0691,42.3474],[-71.0696,42.3474],[-71.069,42.3474],[-71.0689,42.3476],[-71.0688,42.3474]]]},"properties":{"id":"usgs-pad-us-fee-managers:98224","name":"Chandler/Tremont Plaza","kind":"land","category":"public-land","sourceCategory":"public-land","sourceId":"usgs-pad-us-fee-managers","sourceUrl":"https://services.arcgis.com/v01gqwM5QqNysAAi/arcgis/rest/services/Fee_Managers_PADUS/FeatureServer/0","sourceUpdated":"2023-05-15T04:00:00.000Z","publicUse":"PAD-US reports open access; verify current manager conditions and restrictions.","unit":"CITY","origin":"public-catalog"}},{"type":"Feature","id":"usgs-pad-us-fee-managers:98225","geometry":{"type":"Polygon","coordinates":[[[-71.0534,42.3436],[-71.0531,42.3442],[-71.0529,42.3442],[-71.0534,42.3436]]]},"properties":{"id":"usgs-pad-us-fee-managers:98225","name":"Channel Center Park","kind":"land","category":"public-land","sourceCategory":"public-land","sourceId":"usgs-pad-us-fee-managers","sourceUrl":"https://services.arcgis.com/v01gqwM5QqNysAAi/arcgis/rest/services/Fee_Managers_PADUS/FeatureServer/0","sourceUpdated":"2023-05-15T04:00:00.000Z","publicUse":"PAD-US reports open access; verify current manager conditions and restrictions.","unit":"CITY","origin":"public-catalog"}},{"type":"Feature","id":"usgs-pad-us-fee-managers:98226","geometry":{"type":"Polygon","coordinates":[[[-71.1711,42.2651],[-71.1691,42.2636],[-71.1693,42.2629],[-71.171,42.261],[-71.1706,42.2608],[-71.1703,42.259],[-71.1701,42.259],[-71.1709,42.2565],[-71.1717,42.2566],[-71.1718,42.257],[-71.1722,42.2574],[-71.1723,42.2576],[-71.1716,42.2582],[-71.1727,42.2585],[-71.173,42.2579],[-71.1729,42.2569],[-71.1724,42.2564],[-71.1709,42.2563],[-71.1712,42.2556],[-71.1722,42.2551],[-71.1732,42.2565],[-71.1733,42.2569],[-71.173,42.2572],[-71.1732,42.2587],[-71.1731,42.2594],[-71.172,42.2617],[-71.1723,42.2636],[-71.172,42.2644],[-71.1711,42.2651]]]},"properties":{"id":"usgs-pad-us-fee-managers:98226","name":"Charles River Watershed","kind":"land","category":"public-land","sourceCategory":"public-land","sourceId":"usgs-pad-us-fee-managers","sourceUrl":"https://services.arcgis.com/v01gqwM5QqNysAAi/arcgis/rest/services/Fee_Managers_PADUS/FeatureServer/0","sourceUpdated":"2023-05-15T04:00:00.000Z","publicUse":"PAD-US reports open access; verify current manager conditions and restrictions.","unit":"CITY","origin":"public-catalog"}},{"type":"Feature","id":"usgs-pad-us-fee-managers:98227","geometry":{"type":"Polygon","coordinates":[[[-71.0576,42.3816],[-71.0585,42.3814],[-71.0584,42.3809],[-71.0568,42.3804],[-71.0542,42.38],[-71.0543,42.3798],[-71.0564,42.3801],[-71.0583,42.3808],[-71.0589,42.3797],[-71.0609,42.3806],[-71.0602,42.3814],[-71.0603,42.3817],[-71.0586,42.3821],[-71.0586,42.3818],[-71.0584,42.3817],[-71.0579,42.3818],[-71.058,42.382],[-71.0575,42.382],[-71.0576,42.3816]]]},"properties":{"id":"usgs-pad-us-fee-managers:98227","name":"Charlestown Hs Athletic Fields","kind":"land","category":"public-land","sourceCategory":"public-land","sourceId":"usgs-pad-us-fee-managers","sourceUrl":"https://services.arcgis.com/v01gqwM5QqNysAAi/arcgis/rest/services/Fee_Managers_PADUS/FeatureServer/0","sourceUpdated":"2023-05-15T04:00:00.000Z","publicUse":"PAD-US reports open access; verify current manager conditions and restrictions.","unit":"CITY","origin":"public-catalog"}},{"type":"Feature","id":"usgs-pad-us-fee-managers:98228","geometry":{"type":"Polygon","coordinates":[[[-71.058,42.3817],[-71.0586,42.3818],[-71.0586,42.3821],[-71.058,42.382],[-71.058,42.3817]]]},"properties":{"id":"usgs-pad-us-fee-managers:98228","name":"Charlestown Sprouts Garden","kind":"land","category":"public-land","sourceCategory":"public-land","sourceId":"usgs-pad-us-fee-managers","sourceUrl":"https://services.arcgis.com/v01gqwM5QqNysAAi/arcgis/rest/services/Fee_Managers_PADUS/FeatureServer/0","sourceUpdated":"2023-05-15T04:00:00.000Z","publicUse":"PAD-US reports open access; verify current manager conditions and restrictions.","unit":"CITY","origin":"public-catalog"}},{"type":"Feature","id":"usgs-pad-us-fee-managers:98229","geometry":{"type":"Polygon","coordinates":[[[-71.0617,42.3724],[-71.0619,42.3723],[-71.0619,42.3725],[-71.0617,42.3724]]]},"properties":{"id":"usgs-pad-us-fee-managers:98229","name":"Charlestown Veteran'S Memorial Park","kind":"land","category":"public-land","sourceCategory":"public-land","sourceId":"usgs-pad-us-fee-managers","sourceUrl":"https://services.arcgis.com/v01gqwM5QqNysAAi/arcgis/rest/services/Fee_Managers_PADUS/FeatureServer/0","sourceUpdated":"2023-05-15T04:00:00.000Z","publicUse":"PAD-US reports open access; verify current manager conditions and restrictions.","unit":"CITY","origin":"public-catalog"}},{"type":"Feature","id":"usgs-pad-us-fee-managers:9823","geometry":{"type":"Polygon","coordinates":[[[-71.0816,42.3017],[-71.0818,42.3019],[-71.0813,42.3021],[-71.0812,42.3019],[-71.0816,42.3017]]]},"properties":{"id":"usgs-pad-us-fee-managers:9823","name":"Erie Ellington Sts. Park","kind":"land","category":"public-land","sourceCategory":"public-land","sourceId":"usgs-pad-us-fee-managers","sourceUrl":"https://services.arcgis.com/v01gqwM5QqNysAAi/arcgis/rest/services/Fee_Managers_PADUS/FeatureServer/0","sourceUpdated":"2017-08-14T04:00:00.000Z","publicUse":"PAD-US reports open access; verify current manager conditions and restrictions.","unit":"CITY","origin":"public-catalog"}},{"type":"Feature","id":"usgs-pad-us-fee-managers:98230","geometry":{"type":"Polygon","coordinates":[[[-71.0594,42.3512],[-71.0595,42.351],[-71.0598,42.3511],[-71.0594,42.3512]]]},"properties":{"id":"usgs-pad-us-fee-managers:98230","name":"China Gate Plaza","kind":"land","category":"public-land","sourceCategory":"public-land","sourceId":"usgs-pad-us-fee-managers","sourceUrl":"https://services.arcgis.com/v01gqwM5QqNysAAi/arcgis/rest/services/Fee_Managers_PADUS/FeatureServer/0","sourceUpdated":"2023-05-15T04:00:00.000Z","publicUse":"PAD-US reports open access; verify current manager conditions and restrictions.","unit":"CITY","origin":"public-catalog"}},{"type":"Feature","id":"usgs-pad-us-fee-managers:98231","geometry":{"type":"Polygon","coordinates":[[[-71.1042,42.2677],[-71.1039,42.2674],[-71.1041,42.2675],[-71.1045,42.2671],[-71.1047,42.2673],[-71.1046,42.2674],[-71.1048,42.2675],[-71.1044,42.2679],[-71.1042,42.2677]]]},"properties":{"id":"usgs-pad-us-fee-managers:98231","name":"Chittick Elementary","kind":"land","category":"public-land","sourceCategory":"public-land","sourceId":"usgs-pad-us-fee-managers","sourceUrl":"https://services.arcgis.com/v01gqwM5QqNysAAi/arcgis/rest/services/Fee_Managers_PADUS/FeatureServer/0","sourceUpdated":"2021-04-21T04:00:00.000Z","publicUse":"PAD-US reports open access; verify current manager conditions and restrictions.","unit":"CITY","origin":"public-catalog"}},{"type":"Feature","id":"usgs-pad-us-fee-managers:98232","geometry":{"type":"Polygon","coordinates":[[[-71.0578,42.3233],[-71.058,42.323],[-71.058,42.3233],[-71.0583,42.3233],[-71.0578,42.3233]]]},"properties":{"id":"usgs-pad-us-fee-managers:98232","name":"Clap Elementary School","kind":"land","category":"public-land","sourceCategory":"public-land","sourceId":"usgs-pad-us-fee-managers","sourceUrl":"https://services.arcgis.com/v01gqwM5QqNysAAi/arcgis/rest/services/Fee_Managers_PADUS/FeatureServer/0","sourceUpdated":"2021-04-21T04:00:00.000Z","publicUse":"PAD-US reports open access; verify current manager conditions and restrictions.","unit":"CITY","origin":"public-catalog"}},{"type":"Feature","id":"usgs-pad-us-fee-managers:98233","geometry":{"type":"Polygon","coordinates":[[[-71.1243,42.2556],[-71.1246,42.2557],[-71.1243,42.2557],[-71.1243,42.2556]]]},"properties":{"id":"usgs-pad-us-fee-managers:98233","name":"Cleary Square Plaza","kind":"land","category":"public-land","sourceCategory":"public-land","sourceId":"usgs-pad-us-fee-managers","sourceUrl":"https://services.arcgis.com/v01gqwM5QqNysAAi/arcgis/rest/services/Fee_Managers_PADUS/FeatureServer/0","sourceUpdated":"2023-05-15T04:00:00.000Z","publicUse":"PAD-US reports open access; verify current manager conditions and restrictions.","unit":"CITY","origin":"public-catalog"}},{"type":"Feature","id":"usgs-pad-us-fee-managers:98234","geometry":{"type":"Polygon","coordinates":[[[-71.0654,42.2922],[-71.0654,42.2923],[-71.0652,42.2923],[-71.0654,42.2922]]]},"properties":{"id":"usgs-pad-us-fee-managers:98234","name":"Clementine Park","kind":"land","category":"public-land","sourceCategory":"public-land","sourceId":"usgs-pad-us-fee-managers","sourceUrl":"https://services.arcgis.com/v01gqwM5QqNysAAi/arcgis/rest/services/Fee_Managers_PADUS/FeatureServer/0","sourceUpdated":"2023-05-15T04:00:00.000Z","publicUse":"PAD-US reports open access; verify current manager conditions and restrictions.","unit":"CITY","origin":"public-catalog"}},{"type":"Feature","id":"usgs-pad-us-fee-managers:98235","geometry":{"type":"MultiPolygon","coordinates":[[[[-71.0607,42.3199],[-71.061,42.3201],[-71.0606,42.32],[-71.0607,42.3199]]],[[[-71.0601,42.3199],[-71.0609,42.3201],[-71.0599,42.3199],[-71.0601,42.3199]]],[[[-71.0596,42.3201],[-71.0612,42.3205],[-71.0599,42.3201],[-71.0587,42.3202],[-71.0596,42.3201]]],[[[-71.0594,42.3199],[-71.0576,42.3202],[-71.0585,42.32],[-71.0594,42.3199]]],[[[-71.0585,42.3202],[-71.0586,42.3202],[-71.0577,42.3204],[-71.0585,42.3202]]],[[[-71.0558,42.3212],[-71.0557,42.3212],[-71.0555,42.3213],[-71.0558,42.3212]]],[[[-71.0546,42.3213],[-71.0547,42.3212],[-71.0549,42.3212],[-71.0546,42.3213]]],[[[-71.0546,42.3213],[-71.055,42.3213],[-71.0547,42.3213],[-71.0546,42.3213]]],[[[-71.0553,42.3213],[-71.055,42.3214],[-71.0543,42.3215],[-71.0553,42.3213]]]]},"properties":{"id":"usgs-pad-us-fee-managers:98235","name":"Columbia Road","kind":"land","category":"public-land","sourceCategory":"public-land","sourceId":"usgs-pad-us-fee-managers","sourceUrl":"https://services.arcgis.com/v01gqwM5QqNysAAi/arcgis/rest/services/Fee_Managers_PADUS/FeatureServer/0","sourceUpdated":"2023-05-15T04:00:00.000Z","publicUse":"PAD-US reports open access; verify current manager conditions and restrictions.","unit":"CITY","origin":"public-catalog"}},{"type":"Feature","id":"usgs-pad-us-fee-managers:98236","geometry":{"type":"Polygon","coordinates":[[[-71.0715,42.3108],[-71.072,42.3107],[-71.0719,42.311],[-71.0715,42.3108]]]},"properties":{"id":"usgs-pad-us-fee-managers:98236","name":"Columbia Road Totlot","kind":"land","category":"public-land","sourceCategory":"public-land","sourceId":"usgs-pad-us-fee-managers","sourceUrl":"https://services.arcgis.com/v01gqwM5QqNysAAi/arcgis/rest/services/Fee_Managers_PADUS/FeatureServer/0","sourceUpdated":"2023-05-15T04:00:00.000Z","publicUse":"PAD-US reports open access; verify current manager conditions and restrictions.","unit":"CITY","origin":"public-catalog"}},{"type":"Feature","id":"usgs-pad-us-fee-managers:98237","geometry":{"type":"Polygon","coordinates":[[[-71.0405,42.3825],[-71.0408,42.3825],[-71.0407,42.3827],[-71.0402,42.3831],[-71.0402,42.3827],[-71.0405,42.3825]]]},"properties":{"id":"usgs-pad-us-fee-managers:98237","name":"Condor Street Overlook","kind":"land","category":"public-land","sourceCategory":"public-land","sourceId":"usgs-pad-us-fee-managers","sourceUrl":"https://services.arcgis.com/v01gqwM5QqNysAAi/arcgis/rest/services/Fee_Managers_PADUS/FeatureServer/0","sourceUpdated":"2023-05-15T04:00:00.000Z","publicUse":"PAD-US reports open access; verify current manager conditions and restrictions.","unit":"CITY","origin":"public-catalog"}},{"type":"Feature","id":"usgs-pad-us-fee-managers:98238","geometry":{"type":"Polygon","coordinates":[[[-71.1266,42.2749],[-71.1274,42.274],[-71.1276,42.2741],[-71.1273,42.2744],[-71.1275,42.2745],[-71.1281,42.2743],[-71.1274,42.2749],[-71.1268,42.2752],[-71.1266,42.2749]],[[-71.1269,42.2749],[-71.1273,42.2748],[-71.127,42.2746],[-71.1269,42.2749]]]},"properties":{"id":"usgs-pad-us-fee-managers:98238","name":"Conley School Play Yard","kind":"land","category":"public-land","sourceCategory":"public-land","sourceId":"usgs-pad-us-fee-managers","sourceUrl":"https://services.arcgis.com/v01gqwM5QqNysAAi/arcgis/rest/services/Fee_Managers_PADUS/FeatureServer/0","sourceUpdated":"2023-05-15T04:00:00.000Z","publicUse":"PAD-US reports open access; verify current manager conditions and restrictions.","unit":"CITY","origin":"public-catalog"}},{"type":"Feature","id":"usgs-pad-us-fee-managers:98239","geometry":{"type":"MultiPolygon","coordinates":[[[[-71.1163,42.2704],[-71.1166,42.2703],[-71.1167,42.2706],[-71.1164,42.2707],[-71.1163,42.2704]]],[[[-71.1168,42.2719],[-71.1165,42.2712],[-71.1167,42.2711],[-71.1171,42.2719],[-71.1174,42.2719],[-71.1174,42.2724],[-71.1169,42.2724],[-71.1168,42.2719]]],[[[-71.118,42.2724],[-71.1185,42.2725],[-71.118,42.2727],[-71.118,42.2724]]]]},"properties":{"id":"usgs-pad-us-fee-managers:98239","name":"Crane Ledge I","kind":"land","category":"public-land","sourceCategory":"public-land","sourceId":"usgs-pad-us-fee-managers","sourceUrl":"https://services.arcgis.com/v01gqwM5QqNysAAi/arcgis/rest/services/Fee_Managers_PADUS/FeatureServer/0","sourceUpdated":"2023-05-15T04:00:00.000Z","publicUse":"PAD-US reports open access; verify current manager conditions and restrictions.","unit":"CITY","origin":"public-catalog"}},{"type":"Feature","id":"usgs-pad-us-fee-managers:9824","geometry":{"type":"MultiPolygon","coordinates":[[[[-71.0708,42.3207],[-71.0711,42.3206],[-71.0713,42.3208],[-71.0711,42.321],[-71.0708,42.3207]]],[[[-71.0711,42.321],[-71.0715,42.321],[-71.0712,42.3211],[-71.0711,42.321]]]]},"properties":{"id":"usgs-pad-us-fee-managers:9824","name":"Leyland St. Park","kind":"land","category":"public-land","sourceCategory":"public-land","sourceId":"usgs-pad-us-fee-managers","sourceUrl":"https://services.arcgis.com/v01gqwM5QqNysAAi/arcgis/rest/services/Fee_Managers_PADUS/FeatureServer/0","sourceUpdated":"2017-08-14T04:00:00.000Z","publicUse":"PAD-US reports open access; verify current manager conditions and restrictions.","unit":"CITY","origin":"public-catalog"}},{"type":"Feature","id":"usgs-pad-us-fee-managers:98240","geometry":{"type":"Polygon","coordinates":[[[-71.1015,42.2777],[-71.1018,42.2775],[-71.1022,42.2776],[-71.1024,42.2775],[-71.102,42.2773],[-71.1021,42.2771],[-71.1029,42.2775],[-71.1022,42.2782],[-71.1015,42.2777]]]},"properties":{"id":"usgs-pad-us-fee-managers:98240","name":"Currier Woods I","kind":"land","category":"public-land","sourceCategory":"public-land","sourceId":"usgs-pad-us-fee-managers","sourceUrl":"https://services.arcgis.com/v01gqwM5QqNysAAi/arcgis/rest/services/Fee_Managers_PADUS/FeatureServer/0","sourceUpdated":"2023-05-15T04:00:00.000Z","publicUse":"PAD-US reports open access; verify current manager conditions and restrictions.","unit":"CITY","origin":"public-catalog"}},{"type":"Feature","id":"usgs-pad-us-fee-managers:98241","geometry":{"type":"MultiPolygon","coordinates":[[[[-71.1229,42.2517],[-71.1229,42.2516],[-71.123,42.2517],[-71.1229,42.2517]]],[[[-71.1231,42.252],[-71.1232,42.252],[-71.1231,42.252],[-71.1231,42.252]]],[[[-71.1229,42.252],[-71.1229,42.2521],[-71.1229,42.2521],[-71.1229,42.252]]]]},"properties":{"id":"usgs-pad-us-fee-managers:98241","name":"Dana Avenue Urban Wild Ii","kind":"land","category":"public-land","sourceCategory":"public-land","sourceId":"usgs-pad-us-fee-managers","sourceUrl":"https://services.arcgis.com/v01gqwM5QqNysAAi/arcgis/rest/services/Fee_Managers_PADUS/FeatureServer/0","sourceUpdated":"2023-05-15T04:00:00.000Z","publicUse":"PAD-US reports open access; verify current manager conditions and restrictions.","unit":"CITY","origin":"public-catalog"}},{"type":"Feature","id":"usgs-pad-us-fee-managers:98242","geometry":{"type":"MultiPolygon","coordinates":[[[[-71.1617,42.2637],[-71.1619,42.2636],[-71.1625,42.2643],[-71.1622,42.2643],[-71.1622,42.264],[-71.1617,42.2637]]],[[[-71.1615,42.2641],[-71.1617,42.2642],[-71.1615,42.2642],[-71.1615,42.2641]]],[[[-71.1618,42.264],[-71.1622,42.264],[-71.1621,42.2643],[-71.1617,42.2643],[-71.1618,42.264]]],[[[-71.1609,42.2643],[-71.1607,42.2642],[-71.1609,42.2634],[-71.1611,42.2632],[-71.1614,42.2635],[-71.1611,42.2645],[-71.1609,42.2643]]],[[[-71.1611,42.2647],[-71.1616,42.2648],[-71.1615,42.2654],[-71.161,42.2653],[-71.1611,42.2647]]]]},"properties":{"id":"usgs-pad-us-fee-managers:98242","name":"Dana Road I","kind":"land","category":"public-land","sourceCategory":"public-land","sourceId":"usgs-pad-us-fee-managers","sourceUrl":"https://services.arcgis.com/v01gqwM5QqNysAAi/arcgis/rest/services/Fee_Managers_PADUS/FeatureServer/0","sourceUpdated":"2023-05-15T04:00:00.000Z","publicUse":"PAD-US reports open access; verify current manager conditions and restrictions.","unit":"CITY","origin":"public-catalog"}},{"type":"Feature","id":"usgs-pad-us-fee-managers:98243","geometry":{"type":"Polygon","coordinates":[[[-71.0381,42.3715],[-71.0377,42.3712],[-71.0383,42.3714],[-71.0381,42.3715]]]},"properties":{"id":"usgs-pad-us-fee-managers:98243","name":"Dante Alighieri Elementary School","kind":"land","category":"public-land","sourceCategory":"public-land","sourceId":"usgs-pad-us-fee-managers","sourceUrl":"https://services.arcgis.com/v01gqwM5QqNysAAi/arcgis/rest/services/Fee_Managers_PADUS/FeatureServer/0","sourceUpdated":"2021-04-21T04:00:00.000Z","publicUse":"PAD-US reports open access; verify current manager conditions and restrictions.","unit":"CITY","origin":"public-catalog"}},{"type":"Feature","id":"usgs-pad-us-fee-managers:98244","geometry":{"type":"Polygon","coordinates":[[[-71.1298,42.2675],[-71.1301,42.2674],[-71.131,42.2686],[-71.1307,42.2687],[-71.1298,42.2675]]]},"properties":{"id":"usgs-pad-us-fee-managers:98244","name":"DeForest Urban Wild","kind":"land","category":"public-land","sourceCategory":"public-land","sourceId":"usgs-pad-us-fee-managers","sourceUrl":"https://services.arcgis.com/v01gqwM5QqNysAAi/arcgis/rest/services/Fee_Managers_PADUS/FeatureServer/0","sourceUpdated":"2023-02-12T05:00:00.000Z","publicUse":"PAD-US reports open access; verify current manager conditions and restrictions.","unit":"CITY","origin":"public-catalog"}},{"type":"Feature","id":"usgs-pad-us-fee-managers:98245","geometry":{"type":"Polygon","coordinates":[[[-71.1268,42.2793],[-71.1254,42.2806],[-71.1253,42.2807],[-71.1268,42.2793]]]},"properties":{"id":"usgs-pad-us-fee-managers:98245","name":"Delano Park","kind":"land","category":"public-land","sourceCategory":"public-land","sourceId":"usgs-pad-us-fee-managers","sourceUrl":"https://services.arcgis.com/v01gqwM5QqNysAAi/arcgis/rest/services/Fee_Managers_PADUS/FeatureServer/0","sourceUpdated":"2023-05-15T04:00:00.000Z","publicUse":"PAD-US reports open access; verify current manager conditions and restrictions.","unit":"CITY","origin":"public-catalog"}},{"type":"Feature","id":"usgs-pad-us-fee-managers:98246","geometry":{"type":"Polygon","coordinates":[[[-71.0722,42.3136],[-71.0723,42.3135],[-71.0726,42.3136],[-71.0722,42.3136]]]},"properties":{"id":"usgs-pad-us-fee-managers:98246","name":"Denton Square","kind":"land","category":"public-land","sourceCategory":"public-land","sourceId":"usgs-pad-us-fee-managers","sourceUrl":"https://services.arcgis.com/v01gqwM5QqNysAAi/arcgis/rest/services/Fee_Managers_PADUS/FeatureServer/0","sourceUpdated":"2023-05-15T04:00:00.000Z","publicUse":"PAD-US reports open access; verify current manager conditions and restrictions.","unit":"CITY","origin":"public-catalog"}},{"type":"Feature","id":"usgs-pad-us-fee-managers:98247","geometry":{"type":"MultiPolygon","coordinates":[[[[-71.0427,42.3174],[-71.0425,42.3172],[-71.0433,42.3167],[-71.0433,42.3173],[-71.0427,42.3174]]],[[[-71.0417,42.3175],[-71.0418,42.3174],[-71.042,42.3175],[-71.0417,42.3175]]],[[[-71.0421,42.3176],[-71.0426,42.3177],[-71.0424,42.3178],[-71.0421,42.3176]]]]},"properties":{"id":"usgs-pad-us-fee-managers:98247","name":"Dever School Schoolyard","kind":"land","category":"public-land","sourceCategory":"public-land","sourceId":"usgs-pad-us-fee-managers","sourceUrl":"https://services.arcgis.com/v01gqwM5QqNysAAi/arcgis/rest/services/Fee_Managers_PADUS/FeatureServer/0","sourceUpdated":"2023-05-15T04:00:00.000Z","publicUse":"PAD-US reports open access; verify current manager conditions and restrictions.","unit":"CITY","origin":"public-catalog"}},{"type":"Feature","id":"usgs-pad-us-fee-managers:98248","geometry":{"type":"Polygon","coordinates":[[[-71.0728,42.3113],[-71.073,42.3111],[-71.0727,42.311],[-71.0735,42.3111],[-71.0732,42.3115],[-71.0728,42.3113]]]},"properties":{"id":"usgs-pad-us-fee-managers:98248","name":"Dickerman School Yard","kind":"land","category":"public-land","sourceCategory":"public-land","sourceId":"usgs-pad-us-fee-managers","sourceUrl":"https://services.arcgis.com/v01gqwM5QqNysAAi/arcgis/rest/services/Fee_Managers_PADUS/FeatureServer/0","sourceUpdated":"2023-05-15T04:00:00.000Z","publicUse":"PAD-US reports open access; verify current manager conditions and restrictions.","unit":"CITY","origin":"public-catalog"}},{"type":"Feature","id":"usgs-pad-us-fee-managers:98249","geometry":{"type":"Polygon","coordinates":[[[-71.0977,42.3146],[-71.0981,42.3146],[-71.0979,42.3147],[-71.0977,42.3146]]]},"properties":{"id":"usgs-pad-us-fee-managers:98249","name":"Dixwell Street Playlot","kind":"land","category":"public-land","sourceCategory":"public-land","sourceId":"usgs-pad-us-fee-managers","sourceUrl":"https://services.arcgis.com/v01gqwM5QqNysAAi/arcgis/rest/services/Fee_Managers_PADUS/FeatureServer/0","sourceUpdated":"2023-05-15T04:00:00.000Z","publicUse":"PAD-US reports open access; verify current manager conditions and restrictions.","unit":"CITY","origin":"public-catalog"}},{"type":"Feature","id":"usgs-pad-us-fee-managers:9825","geometry":{"type":"Polygon","coordinates":[[[-71.1133,42.3126],[-71.1135,42.3126],[-71.1134,42.3128],[-71.1133,42.3126]]]},"properties":{"id":"usgs-pad-us-fee-managers:9825","name":"Starr Lane Park","kind":"land","category":"public-land","sourceCategory":"public-land","sourceId":"usgs-pad-us-fee-managers","sourceUrl":"https://services.arcgis.com/v01gqwM5QqNysAAi/arcgis/rest/services/Fee_Managers_PADUS/FeatureServer/0","sourceUpdated":"2017-08-14T04:00:00.000Z","publicUse":"PAD-US reports open access; verify current manager conditions and restrictions.","unit":"CITY","origin":"public-catalog"}},{"type":"Feature","id":"usgs-pad-us-fee-managers:98250","geometry":{"type":"Polygon","coordinates":[[[-71.0405,42.2884],[-71.0406,42.2886],[-71.0402,42.2886],[-71.0405,42.2884]]]},"properties":{"id":"usgs-pad-us-fee-managers:98250","name":"Doucette Square","kind":"land","category":"public-land","sourceCategory":"public-land","sourceId":"usgs-pad-us-fee-managers","sourceUrl":"https://services.arcgis.com/v01gqwM5QqNysAAi/arcgis/rest/services/Fee_Managers_PADUS/FeatureServer/0","sourceUpdated":"2023-05-15T04:00:00.000Z","publicUse":"PAD-US reports open access; verify current manager conditions and restrictions.","unit":"CITY","origin":"public-catalog"}},{"type":"Feature","id":"usgs-pad-us-fee-managers:98251","geometry":{"type":"Polygon","coordinates":[[[-71.1529,42.2849],[-71.1532,42.2851],[-71.1529,42.285],[-71.1529,42.2849]]]},"properties":{"id":"usgs-pad-us-fee-managers:98251","name":"Duffie Square","kind":"land","category":"public-land","sourceCategory":"public-land","sourceId":"usgs-pad-us-fee-managers","sourceUrl":"https://services.arcgis.com/v01gqwM5QqNysAAi/arcgis/rest/services/Fee_Managers_PADUS/FeatureServer/0","sourceUpdated":"2023-05-15T04:00:00.000Z","publicUse":"PAD-US reports open access; verify current manager conditions and restrictions.","unit":"CITY","origin":"public-catalog"}},{"type":"Feature","id":"usgs-pad-us-fee-managers:98252","geometry":{"type":"Polygon","coordinates":[[[-71.1542,42.2602],[-71.1549,42.2611],[-71.1547,42.2612],[-71.1539,42.2604],[-71.1542,42.2602]]]},"properties":{"id":"usgs-pad-us-fee-managers:98252","name":"Dunbarton Woods","kind":"land","category":"public-land","sourceCategory":"public-land","sourceId":"usgs-pad-us-fee-managers","sourceUrl":"https://services.arcgis.com/v01gqwM5QqNysAAi/arcgis/rest/services/Fee_Managers_PADUS/FeatureServer/0","sourceUpdated":"2021-04-21T04:00:00.000Z","publicUse":"PAD-US reports open access; verify current manager conditions and restrictions.","unit":"CITY","origin":"public-catalog"}},{"type":"Feature","id":"usgs-pad-us-fee-managers:98253","geometry":{"type":"MultiPolygon","coordinates":[[[[-71.0346,42.3693],[-71.0342,42.3688],[-71.0345,42.3686],[-71.0351,42.3689],[-71.0346,42.3693]]],[[[-71.0335,42.3695],[-71.0337,42.3694],[-71.0338,42.3695],[-71.0335,42.3695]]]]},"properties":{"id":"usgs-pad-us-fee-managers:98253","name":"East Boston EEC","kind":"land","category":"public-land","sourceCategory":"public-land","sourceId":"usgs-pad-us-fee-managers","sourceUrl":"https://services.arcgis.com/v01gqwM5QqNysAAi/arcgis/rest/services/Fee_Managers_PADUS/FeatureServer/0","sourceUpdated":"2021-04-21T04:00:00.000Z","publicUse":"PAD-US reports open access; verify current manager conditions and restrictions.","unit":"CITY","origin":"public-catalog"}},{"type":"Feature","id":"usgs-pad-us-fee-managers:98254","geometry":{"type":"Polygon","coordinates":[[[-71.1598,42.3455],[-71.1598,42.3453],[-71.1595,42.3454],[-71.1594,42.345],[-71.1602,42.3449],[-71.1601,42.3455],[-71.1598,42.3455]]]},"properties":{"id":"usgs-pad-us-fee-managers:98254","name":"Edison K-8","kind":"land","category":"public-land","sourceCategory":"public-land","sourceId":"usgs-pad-us-fee-managers","sourceUrl":"https://services.arcgis.com/v01gqwM5QqNysAAi/arcgis/rest/services/Fee_Managers_PADUS/FeatureServer/0","sourceUpdated":"2021-04-21T04:00:00.000Z","publicUse":"PAD-US reports open access; verify current manager conditions and restrictions.","unit":"CITY","origin":"public-catalog"}},{"type":"Feature","id":"usgs-pad-us-fee-managers:98255","geometry":{"type":"MultiPolygon","coordinates":[[[[-71.0612,42.3201],[-71.0613,42.3201],[-71.0612,42.3202],[-71.0612,42.3201]]],[[[-71.0617,42.3201],[-71.0615,42.3203],[-71.0613,42.3203],[-71.0617,42.3201]]]]},"properties":{"id":"usgs-pad-us-fee-managers:98255","name":"Edward Everett Square","kind":"land","category":"public-land","sourceCategory":"public-land","sourceId":"usgs-pad-us-fee-managers","sourceUrl":"https://services.arcgis.com/v01gqwM5QqNysAAi/arcgis/rest/services/Fee_Managers_PADUS/FeatureServer/0","sourceUpdated":"2023-05-15T04:00:00.000Z","publicUse":"PAD-US reports open access; verify current manager conditions and restrictions.","unit":"CITY","origin":"public-catalog"}},{"type":"Feature","id":"usgs-pad-us-fee-managers:98256","geometry":{"type":"Polygon","coordinates":[[[-71.0984,42.316],[-71.0985,42.3158],[-71.0986,42.3159],[-71.0984,42.316]]]},"properties":{"id":"usgs-pad-us-fee-managers:98256","name":"Egleston Plaza I","kind":"land","category":"public-land","sourceCategory":"public-land","sourceId":"usgs-pad-us-fee-managers","sourceUrl":"https://services.arcgis.com/v01gqwM5QqNysAAi/arcgis/rest/services/Fee_Managers_PADUS/FeatureServer/0","sourceUpdated":"2023-05-15T04:00:00.000Z","publicUse":"PAD-US reports open access; verify current manager conditions and restrictions.","unit":"CITY","origin":"public-catalog"}},{"type":"Feature","id":"usgs-pad-us-fee-managers:98257","geometry":{"type":"Polygon","coordinates":[[[-71.0985,42.3158],[-71.0984,42.316],[-71.0984,42.3159],[-71.0985,42.3158]]]},"properties":{"id":"usgs-pad-us-fee-managers:98257","name":"Egleston Plaza Ii","kind":"land","category":"public-land","sourceCategory":"public-land","sourceId":"usgs-pad-us-fee-managers","sourceUrl":"https://services.arcgis.com/v01gqwM5QqNysAAi/arcgis/rest/services/Fee_Managers_PADUS/FeatureServer/0","sourceUpdated":"2023-05-15T04:00:00.000Z","publicUse":"PAD-US reports open access; verify current manager conditions and restrictions.","unit":"CITY","origin":"public-catalog"}},{"type":"Feature","id":"usgs-pad-us-fee-managers:98258","geometry":{"type":"Polygon","coordinates":[[[-71.0791,42.3151],[-71.0796,42.3152],[-71.0793,42.3156],[-71.079,42.3154],[-71.0791,42.3151]]]},"properties":{"id":"usgs-pad-us-fee-managers:98258","name":"Elc Playlot","kind":"land","category":"public-land","sourceCategory":"public-land","sourceId":"usgs-pad-us-fee-managers","sourceUrl":"https://services.arcgis.com/v01gqwM5QqNysAAi/arcgis/rest/services/Fee_Managers_PADUS/FeatureServer/0","sourceUpdated":"2023-05-15T04:00:00.000Z","publicUse":"PAD-US reports open access; verify current manager conditions and restrictions.","unit":"CITY","origin":"public-catalog"}},{"type":"Feature","id":"usgs-pad-us-fee-managers:98259","geometry":{"type":"Polygon","coordinates":[[[-71.1172,42.2653],[-71.1169,42.2653],[-71.1167,42.265],[-71.1176,42.2649],[-71.1177,42.2653],[-71.1172,42.2653]]]},"properties":{"id":"usgs-pad-us-fee-managers:98259","name":"Elihu Greenwood School","kind":"land","category":"public-land","sourceCategory":"public-land","sourceId":"usgs-pad-us-fee-managers","sourceUrl":"https://services.arcgis.com/v01gqwM5QqNysAAi/arcgis/rest/services/Fee_Managers_PADUS/FeatureServer/0","sourceUpdated":"2021-04-21T04:00:00.000Z","publicUse":"PAD-US reports open access; verify current manager conditions and restrictions.","unit":"CITY","origin":"public-catalog"}},{"type":"Feature","id":"usgs-pad-us-fee-managers:9826","geometry":{"type":"Polygon","coordinates":[[[-71.0735,42.3019],[-71.0737,42.3021],[-71.0736,42.3022],[-71.0735,42.3019]]]},"properties":{"id":"usgs-pad-us-fee-managers:9826","name":"Audrey Jacobs Memorial Community Garden","kind":"land","category":"public-land","sourceCategory":"public-land","sourceId":"usgs-pad-us-fee-managers","sourceUrl":"https://services.arcgis.com/v01gqwM5QqNysAAi/arcgis/rest/services/Fee_Managers_PADUS/FeatureServer/0","sourceUpdated":"2017-08-14T04:00:00.000Z","publicUse":"PAD-US reports access is not open to the public.","unit":"CITY","origin":"public-catalog"}},{"type":"Feature","id":"usgs-pad-us-fee-managers:98260","geometry":{"type":"Polygon","coordinates":[[[-71.0914,42.2715],[-71.0909,42.2713],[-71.0912,42.271],[-71.0921,42.2715],[-71.092,42.2717],[-71.0914,42.2715]]]},"properties":{"id":"usgs-pad-us-fee-managers:98260","name":"Ellison/Parks ELC","kind":"land","category":"public-land","sourceCategory":"public-land","sourceId":"usgs-pad-us-fee-managers","sourceUrl":"https://services.arcgis.com/v01gqwM5QqNysAAi/arcgis/rest/services/Fee_Managers_PADUS/FeatureServer/0","sourceUpdated":"2021-04-21T04:00:00.000Z","publicUse":"PAD-US reports open access; verify current manager conditions and restrictions.","unit":"CITY","origin":"public-catalog"}},{"type":"Feature","id":"usgs-pad-us-fee-managers:98261","geometry":{"type":"Polygon","coordinates":[[[-71.0764,42.2896],[-71.0762,42.2893],[-71.0766,42.2892],[-71.0767,42.2895],[-71.0764,42.2896]]]},"properties":{"id":"usgs-pad-us-fee-managers:98261","name":"Elmhurst Street Park","kind":"land","category":"public-land","sourceCategory":"public-land","sourceId":"usgs-pad-us-fee-managers","sourceUrl":"https://services.arcgis.com/v01gqwM5QqNysAAi/arcgis/rest/services/Fee_Managers_PADUS/FeatureServer/0","sourceUpdated":"2023-05-15T04:00:00.000Z","publicUse":"PAD-US reports open access; verify current manager conditions and restrictions.","unit":"CITY","origin":"public-catalog"}},{"type":"Feature","id":"usgs-pad-us-fee-managers:98262","geometry":{"type":"Polygon","coordinates":[[[-71.0733,42.3238],[-71.073,42.3236],[-71.0733,42.3232],[-71.0738,42.3238],[-71.0733,42.3238]]]},"properties":{"id":"usgs-pad-us-fee-managers:98262","name":"Emerson Elementary","kind":"land","category":"public-land","sourceCategory":"public-land","sourceId":"usgs-pad-us-fee-managers","sourceUrl":"https://services.arcgis.com/v01gqwM5QqNysAAi/arcgis/rest/services/Fee_Managers_PADUS/FeatureServer/0","sourceUpdated":"2021-06-28T04:00:00.000Z","publicUse":"PAD-US reports open access; verify current manager conditions and restrictions.","unit":"CITY","origin":"public-catalog"}},{"type":"Feature","id":"usgs-pad-us-fee-managers:98263","geometry":{"type":"Polygon","coordinates":[[[-71.099,42.2741],[-71.0994,42.2742],[-71.0991,42.2745],[-71.0988,42.2743],[-71.099,42.2741]]]},"properties":{"id":"usgs-pad-us-fee-managers:98263","name":"Ernst Chery Jr. Playground","kind":"land","category":"public-land","sourceCategory":"public-land","sourceId":"usgs-pad-us-fee-managers","sourceUrl":"https://services.arcgis.com/v01gqwM5QqNysAAi/arcgis/rest/services/Fee_Managers_PADUS/FeatureServer/0","sourceUpdated":"2023-05-15T04:00:00.000Z","publicUse":"PAD-US reports open access; verify current manager conditions and restrictions.","unit":"CITY","origin":"public-catalog"}},{"type":"Feature","id":"usgs-pad-us-fee-managers:98264","geometry":{"type":"Polygon","coordinates":[[[-71.0599,42.3141],[-71.0596,42.3138],[-71.0601,42.3137],[-71.0598,42.3135],[-71.0601,42.3131],[-71.0606,42.3133],[-71.0599,42.3141]]]},"properties":{"id":"usgs-pad-us-fee-managers:98264","name":"Everett Elementary","kind":"land","category":"public-land","sourceCategory":"public-land","sourceId":"usgs-pad-us-fee-managers","sourceUrl":"https://services.arcgis.com/v01gqwM5QqNysAAi/arcgis/rest/services/Fee_Managers_PADUS/FeatureServer/0","sourceUpdated":"2021-04-21T04:00:00.000Z","publicUse":"PAD-US reports open access; verify current manager conditions and restrictions.","unit":"CITY","origin":"public-catalog"}},{"type":"Feature","id":"usgs-pad-us-fee-managers:98265","geometry":{"type":"Polygon","coordinates":[[[-71.0522,42.3522],[-71.0527,42.3515],[-71.0527,42.3515],[-71.0522,42.3522]]]},"properties":{"id":"usgs-pad-us-fee-managers:98265","name":"Federal Reserve Bank Harborwalk","kind":"land","category":"public-land","sourceCategory":"public-land","sourceId":"usgs-pad-us-fee-managers","sourceUrl":"https://services.arcgis.com/v01gqwM5QqNysAAi/arcgis/rest/services/Fee_Managers_PADUS/FeatureServer/0","sourceUpdated":"2023-05-15T04:00:00.000Z","publicUse":"PAD-US reports open access; verify current manager conditions and restrictions.","unit":"CITY","origin":"public-catalog"}},{"type":"Feature","id":"usgs-pad-us-fee-managers:98266","geometry":{"type":"Polygon","coordinates":[[[-71.0794,42.3031],[-71.0798,42.3032],[-71.0796,42.3034],[-71.0794,42.3031]]]},"properties":{"id":"usgs-pad-us-fee-managers:98266","name":"Fenelon Street Playground","kind":"land","category":"public-land","sourceCategory":"public-land","sourceId":"usgs-pad-us-fee-managers","sourceUrl":"https://services.arcgis.com/v01gqwM5QqNysAAi/arcgis/rest/services/Fee_Managers_PADUS/FeatureServer/0","sourceUpdated":"2023-05-15T04:00:00.000Z","publicUse":"PAD-US reports open access; verify current manager conditions and restrictions.","unit":"CITY","origin":"public-catalog"}},{"type":"Feature","id":"usgs-pad-us-fee-managers:98267","geometry":{"type":"Polygon","coordinates":[[[-71.0909,42.3443],[-71.0912,42.3437],[-71.0916,42.344],[-71.0912,42.3447],[-71.0909,42.3446],[-71.0909,42.3443]],[[-71.0915,42.3443],[-71.0915,42.3441],[-71.0911,42.344],[-71.091,42.3443],[-71.0915,42.3443]]]},"properties":{"id":"usgs-pad-us-fee-managers:98267","name":"Fire Alarm House Grounds","kind":"land","category":"public-land","sourceCategory":"public-land","sourceId":"usgs-pad-us-fee-managers","sourceUrl":"https://services.arcgis.com/v01gqwM5QqNysAAi/arcgis/rest/services/Fee_Managers_PADUS/FeatureServer/0","sourceUpdated":"2023-05-15T04:00:00.000Z","publicUse":"PAD-US reports open access; verify current manager conditions and restrictions.","unit":"CITY","origin":"public-catalog"}},{"type":"Feature","id":"usgs-pad-us-fee-managers:98268","geometry":{"type":"Polygon","coordinates":[[[-71.0528,42.3419],[-71.053,42.3417],[-71.0533,42.3419],[-71.0531,42.3421],[-71.0528,42.3419]]]},"properties":{"id":"usgs-pad-us-fee-managers:98268","name":"Flaherty Park","kind":"land","category":"public-land","sourceCategory":"public-land","sourceId":"usgs-pad-us-fee-managers","sourceUrl":"https://services.arcgis.com/v01gqwM5QqNysAAi/arcgis/rest/services/Fee_Managers_PADUS/FeatureServer/0","sourceUpdated":"2023-05-15T04:00:00.000Z","publicUse":"PAD-US reports open access; verify current manager conditions and restrictions.","unit":"CITY","origin":"public-catalog"}},{"type":"Feature","id":"usgs-pad-us-fee-managers:98269","geometry":{"type":"Polygon","coordinates":[[[-71.1059,42.3206],[-71.1062,42.3206],[-71.106,42.3207],[-71.1059,42.3206]]]},"properties":{"id":"usgs-pad-us-fee-managers:98269","name":"Forbes Street Playground","kind":"land","category":"public-land","sourceCategory":"public-land","sourceId":"usgs-pad-us-fee-managers","sourceUrl":"https://services.arcgis.com/v01gqwM5QqNysAAi/arcgis/rest/services/Fee_Managers_PADUS/FeatureServer/0","sourceUpdated":"2023-05-15T04:00:00.000Z","publicUse":"PAD-US reports open access; verify current manager conditions and restrictions.","unit":"CITY","origin":"public-catalog"}},{"type":"Feature","id":"usgs-pad-us-fee-managers:9827","geometry":{"type":"Polygon","coordinates":[[[-71.0765,42.3158],[-71.0764,42.3154],[-71.0771,42.3155],[-71.0769,42.3159],[-71.0765,42.3158]]]},"properties":{"id":"usgs-pad-us-fee-managers:9827","name":"Dacia Woodcliff Streets Community Garden","kind":"land","category":"public-land","sourceCategory":"public-land","sourceId":"usgs-pad-us-fee-managers","sourceUrl":"https://services.arcgis.com/v01gqwM5QqNysAAi/arcgis/rest/services/Fee_Managers_PADUS/FeatureServer/0","sourceUpdated":"2017-08-14T04:00:00.000Z","publicUse":"PAD-US reports access is not open to the public.","unit":"CITY","origin":"public-catalog"}},{"type":"Feature","id":"usgs-pad-us-fee-managers:98270","geometry":{"type":"Polygon","coordinates":[[[-71.0468,42.3372],[-71.047,42.3371],[-71.0471,42.3372],[-71.0468,42.3372]]]},"properties":{"id":"usgs-pad-us-fee-managers:98270","name":"Foster'S Nook Cg I","kind":"land","category":"public-land","sourceCategory":"public-land","sourceId":"usgs-pad-us-fee-managers","sourceUrl":"https://services.arcgis.com/v01gqwM5QqNysAAi/arcgis/rest/services/Fee_Managers_PADUS/FeatureServer/0","sourceUpdated":"2023-05-15T04:00:00.000Z","publicUse":"PAD-US reports open access; verify current manager conditions and restrictions.","unit":"CITY","origin":"public-catalog"}},{"type":"Feature","id":"usgs-pad-us-fee-managers:98271","geometry":{"type":"MultiPolygon","coordinates":[[[[-71.0854,42.2901],[-71.0855,42.2901],[-71.0855,42.2901],[-71.0854,42.2901]]],[[[-71.0855,42.2903],[-71.0857,42.2902],[-71.0856,42.2903],[-71.0855,42.2903]]],[[[-71.0845,42.2902],[-71.0847,42.29],[-71.0848,42.2901],[-71.0845,42.2902]]]]},"properties":{"id":"usgs-pad-us-fee-managers:98271","name":"Franklin Field Bha Garden","kind":"land","category":"public-land","sourceCategory":"public-land","sourceId":"usgs-pad-us-fee-managers","sourceUrl":"https://services.arcgis.com/v01gqwM5QqNysAAi/arcgis/rest/services/Fee_Managers_PADUS/FeatureServer/0","sourceUpdated":"2023-05-15T04:00:00.000Z","publicUse":"PAD-US reports open access; verify current manager conditions and restrictions.","unit":"CITY","origin":"public-catalog"}},{"type":"Feature","id":"usgs-pad-us-fee-managers:98272","geometry":{"type":"Polygon","coordinates":[[[-71.0845,42.2903],[-71.085,42.29],[-71.0856,42.2902],[-71.0845,42.2903]]]},"properties":{"id":"usgs-pad-us-fee-managers:98272","name":"Franklin Field Bha Green","kind":"land","category":"public-land","sourceCategory":"public-land","sourceId":"usgs-pad-us-fee-managers","sourceUrl":"https://services.arcgis.com/v01gqwM5QqNysAAi/arcgis/rest/services/Fee_Managers_PADUS/FeatureServer/0","sourceUpdated":"2023-05-15T04:00:00.000Z","publicUse":"PAD-US reports open access; verify current manager conditions and restrictions.","unit":"CITY","origin":"public-catalog"}},{"type":"Feature","id":"usgs-pad-us-fee-managers:98273","geometry":{"type":"Polygon","coordinates":[[[-71.0874,42.2905],[-71.087,42.2901],[-71.0876,42.2902],[-71.0877,42.2905],[-71.0874,42.2905]]]},"properties":{"id":"usgs-pad-us-fee-managers:98273","name":"Franklin Field Bha Playground","kind":"land","category":"public-land","sourceCategory":"public-land","sourceId":"usgs-pad-us-fee-managers","sourceUrl":"https://services.arcgis.com/v01gqwM5QqNysAAi/arcgis/rest/services/Fee_Managers_PADUS/FeatureServer/0","sourceUpdated":"2023-05-15T04:00:00.000Z","publicUse":"PAD-US reports open access; verify current manager conditions and restrictions.","unit":"CITY","origin":"public-catalog"}},{"type":"Feature","id":"usgs-pad-us-fee-managers:98274","geometry":{"type":"Polygon","coordinates":[[[-71.0768,42.31],[-71.0763,42.3101],[-71.0777,42.3087],[-71.0775,42.309],[-71.0792,42.3101],[-71.0787,42.3107],[-71.0768,42.31]]]},"properties":{"id":"usgs-pad-us-fee-managers:98274","name":"Fredericks Middle School Playground","kind":"land","category":"public-land","sourceCategory":"public-land","sourceId":"usgs-pad-us-fee-managers","sourceUrl":"https://services.arcgis.com/v01gqwM5QqNysAAi/arcgis/rest/services/Fee_Managers_PADUS/FeatureServer/0","sourceUpdated":"2023-05-15T04:00:00.000Z","publicUse":"PAD-US reports open access; verify current manager conditions and restrictions.","unit":"CITY","origin":"public-catalog"}},{"type":"Feature","id":"usgs-pad-us-fee-managers:98275","geometry":{"type":"Polygon","coordinates":[[[-71.1334,42.3609],[-71.1334,42.3603],[-71.1344,42.3606],[-71.1343,42.3611],[-71.1334,42.3609]],[[-71.1341,42.3609],[-71.1343,42.3607],[-71.1338,42.3606],[-71.1336,42.3609],[-71.1341,42.3609]]]},"properties":{"id":"usgs-pad-us-fee-managers:98275","name":"Gardner Elementary","kind":"land","category":"public-land","sourceCategory":"public-land","sourceId":"usgs-pad-us-fee-managers","sourceUrl":"https://services.arcgis.com/v01gqwM5QqNysAAi/arcgis/rest/services/Fee_Managers_PADUS/FeatureServer/0","sourceUpdated":"2021-06-28T04:00:00.000Z","publicUse":"PAD-US reports open access; verify current manager conditions and restrictions.","unit":"CITY","origin":"public-catalog"}},{"type":"Feature","id":"usgs-pad-us-fee-managers:98276","geometry":{"type":"Polygon","coordinates":[[[-71.083,42.3091],[-71.0831,42.309],[-71.0834,42.3092],[-71.083,42.3091]]]},"properties":{"id":"usgs-pad-us-fee-managers:98276","name":"Grove Hall Plaza","kind":"land","category":"public-land","sourceCategory":"public-land","sourceId":"usgs-pad-us-fee-managers","sourceUrl":"https://services.arcgis.com/v01gqwM5QqNysAAi/arcgis/rest/services/Fee_Managers_PADUS/FeatureServer/0","sourceUpdated":"2023-05-15T04:00:00.000Z","publicUse":"PAD-US reports open access; verify current manager conditions and restrictions.","unit":"CITY","origin":"public-catalog"}},{"type":"Feature","id":"usgs-pad-us-fee-managers:98277","geometry":{"type":"MultiPolygon","coordinates":[[[[-71.0043,42.3885],[-71.0043,42.3883],[-71.0047,42.3883],[-71.0046,42.3885],[-71.0043,42.3885]]],[[[-71.0038,42.3885],[-71.0038,42.3882],[-71.0041,42.3883],[-71.004,42.3886],[-71.0038,42.3885]]]]},"properties":{"id":"usgs-pad-us-fee-managers:98277","name":"Guild Elementary","kind":"land","category":"public-land","sourceCategory":"public-land","sourceId":"usgs-pad-us-fee-managers","sourceUrl":"https://services.arcgis.com/v01gqwM5QqNysAAi/arcgis/rest/services/Fee_Managers_PADUS/FeatureServer/0","sourceUpdated":"2021-04-21T04:00:00.000Z","publicUse":"PAD-US reports open access; verify current manager conditions and restrictions.","unit":"CITY","origin":"public-catalog"}},{"type":"Feature","id":"usgs-pad-us-fee-managers:98278","geometry":{"type":"Polygon","coordinates":[[[-71.1319,42.2874],[-71.132,42.2873],[-71.1321,42.2874],[-71.1319,42.2874]]]},"properties":{"id":"usgs-pad-us-fee-managers:98278","name":"Gustav Emmel Square","kind":"land","category":"public-land","sourceCategory":"public-land","sourceId":"usgs-pad-us-fee-managers","sourceUrl":"https://services.arcgis.com/v01gqwM5QqNysAAi/arcgis/rest/services/Fee_Managers_PADUS/FeatureServer/0","sourceUpdated":"2023-05-15T04:00:00.000Z","publicUse":"PAD-US reports open access; verify current manager conditions and restrictions.","unit":"CITY","origin":"public-catalog"}},{"type":"Feature","id":"usgs-pad-us-fee-managers:98279","geometry":{"type":"Polygon","coordinates":[[[-71.0914,42.3258],[-71.0917,42.326],[-71.0915,42.3261],[-71.0911,42.3259],[-71.0914,42.3258]]]},"properties":{"id":"usgs-pad-us-fee-managers:98279","name":"Hale Elementary","kind":"land","category":"public-land","sourceCategory":"public-land","sourceId":"usgs-pad-us-fee-managers","sourceUrl":"https://services.arcgis.com/v01gqwM5QqNysAAi/arcgis/rest/services/Fee_Managers_PADUS/FeatureServer/0","sourceUpdated":"2021-04-21T04:00:00.000Z","publicUse":"PAD-US reports open access; verify current manager conditions and restrictions.","unit":"CITY","origin":"public-catalog"}},{"type":"Feature","id":"usgs-pad-us-fee-managers:9828","geometry":{"type":"Polygon","coordinates":[[[-71.0397,42.3791],[-71.04,42.3791],[-71.04,42.3793],[-71.0397,42.3793],[-71.0397,42.3791]]]},"properties":{"id":"usgs-pad-us-fee-managers:9828","name":"Eagle Hill Memorial Community Garden","kind":"land","category":"public-land","sourceCategory":"public-land","sourceId":"usgs-pad-us-fee-managers","sourceUrl":"https://services.arcgis.com/v01gqwM5QqNysAAi/arcgis/rest/services/Fee_Managers_PADUS/FeatureServer/0","sourceUpdated":"2017-08-14T04:00:00.000Z","publicUse":"PAD-US reports access is not open to the public.","unit":"CITY","origin":"public-catalog"}},{"type":"Feature","id":"usgs-pad-us-fee-managers:98280","geometry":{"type":"Polygon","coordinates":[[[-71.1077,42.2863],[-71.1075,42.2861],[-71.1083,42.2857],[-71.1085,42.2862],[-71.1077,42.2863]]]},"properties":{"id":"usgs-pad-us-fee-managers:98280","name":"Haley Elementary","kind":"land","category":"public-land","sourceCategory":"public-land","sourceId":"usgs-pad-us-fee-managers","sourceUrl":"https://services.arcgis.com/v01gqwM5QqNysAAi/arcgis/rest/services/Fee_Managers_PADUS/FeatureServer/0","sourceUpdated":"2021-04-21T04:00:00.000Z","publicUse":"PAD-US reports open access; verify current manager conditions and restrictions.","unit":"CITY","origin":"public-catalog"}},{"type":"Feature","id":"usgs-pad-us-fee-managers:98281","geometry":{"type":"MultiPolygon","coordinates":[[[[-71.154,42.3399],[-71.1547,42.3395],[-71.1549,42.3397],[-71.1547,42.3397],[-71.1543,42.3401],[-71.154,42.3399]]],[[[-71.155,42.3401],[-71.1545,42.3399],[-71.155,42.3398],[-71.1552,42.3401],[-71.155,42.3403],[-71.155,42.3401]]]]},"properties":{"id":"usgs-pad-us-fee-managers:98281","name":"Hamilton Elementary","kind":"land","category":"public-land","sourceCategory":"public-land","sourceId":"usgs-pad-us-fee-managers","sourceUrl":"https://services.arcgis.com/v01gqwM5QqNysAAi/arcgis/rest/services/Fee_Managers_PADUS/FeatureServer/0","sourceUpdated":"2021-04-21T04:00:00.000Z","publicUse":"PAD-US reports open access; verify current manager conditions and restrictions.","unit":"CITY","origin":"public-catalog"}},{"type":"Feature","id":"usgs-pad-us-fee-managers:98282","geometry":{"type":"Polygon","coordinates":[[[-71.0869,42.3435],[-71.0873,42.3436],[-71.087,42.3437],[-71.0869,42.3435]]]},"properties":{"id":"usgs-pad-us-fee-managers:98282","name":"Harry Ellis Dickson Park","kind":"land","category":"public-land","sourceCategory":"public-land","sourceId":"usgs-pad-us-fee-managers","sourceUrl":"https://services.arcgis.com/v01gqwM5QqNysAAi/arcgis/rest/services/Fee_Managers_PADUS/FeatureServer/0","sourceUpdated":"2023-05-15T04:00:00.000Z","publicUse":"PAD-US reports open access; verify current manager conditions and restrictions.","unit":"CITY","origin":"public-catalog"}},{"type":"Feature","id":"usgs-pad-us-fee-managers:98283","geometry":{"type":"MultiPolygon","coordinates":[[[[-71.0568,42.3761],[-71.057,42.3759],[-71.0573,42.3761],[-71.0568,42.3764],[-71.0566,42.3761],[-71.0568,42.3761]]],[[[-71.0569,42.3764],[-71.0577,42.3768],[-71.0573,42.3771],[-71.0569,42.3764]]]]},"properties":{"id":"usgs-pad-us-fee-managers:98283","name":"Harvard-Kent School","kind":"land","category":"public-land","sourceCategory":"public-land","sourceId":"usgs-pad-us-fee-managers","sourceUrl":"https://services.arcgis.com/v01gqwM5QqNysAAi/arcgis/rest/services/Fee_Managers_PADUS/FeatureServer/0","sourceUpdated":"2021-04-21T04:00:00.000Z","publicUse":"PAD-US reports open access; verify current manager conditions and restrictions.","unit":"CITY","origin":"public-catalog"}},{"type":"Feature","id":"usgs-pad-us-fee-managers:98284","geometry":{"type":"Polygon","coordinates":[[[-71.0598,42.362],[-71.0601,42.362],[-71.06,42.3621],[-71.0598,42.362]]]},"properties":{"id":"usgs-pad-us-fee-managers:98284","name":"Hawkins-New Sudbury Mall Ii","kind":"land","category":"public-land","sourceCategory":"public-land","sourceId":"usgs-pad-us-fee-managers","sourceUrl":"https://services.arcgis.com/v01gqwM5QqNysAAi/arcgis/rest/services/Fee_Managers_PADUS/FeatureServer/0","sourceUpdated":"2023-05-15T04:00:00.000Z","publicUse":"PAD-US reports open access; verify current manager conditions and restrictions.","unit":"CITY","origin":"public-catalog"}},{"type":"Feature","id":"usgs-pad-us-fee-managers:98285","geometry":{"type":"MultiPolygon","coordinates":[[[[-71.1056,42.3261],[-71.1053,42.326],[-71.1056,42.3253],[-71.1064,42.3254],[-71.1061,42.3257],[-71.1058,42.3255],[-71.1057,42.3257],[-71.1063,42.3261],[-71.1062,42.3262],[-71.1056,42.3261]]],[[[-71.1074,42.3262],[-71.1071,42.3261],[-71.1079,42.3255],[-71.1078,42.3258],[-71.108,42.3259],[-71.1076,42.3263],[-71.1075,42.3265],[-71.1072,42.3264],[-71.1074,42.3262]]]]},"properties":{"id":"usgs-pad-us-fee-managers:98285","name":"Hennigan Schoolyard","kind":"land","category":"public-land","sourceCategory":"public-land","sourceId":"usgs-pad-us-fee-managers","sourceUrl":"https://services.arcgis.com/v01gqwM5QqNysAAi/arcgis/rest/services/Fee_Managers_PADUS/FeatureServer/0","sourceUpdated":"2023-05-15T04:00:00.000Z","publicUse":"PAD-US reports open access; verify current manager conditions and restrictions.","unit":"CITY","origin":"public-catalog"}},{"type":"Feature","id":"usgs-pad-us-fee-managers:98286","geometry":{"type":"Polygon","coordinates":[[[-71.1269,42.2564],[-71.1267,42.2562],[-71.1269,42.2561],[-71.1274,42.2566],[-71.1271,42.2565],[-71.1273,42.2567],[-71.127,42.2568],[-71.1268,42.2566],[-71.1269,42.2564]]]},"properties":{"id":"usgs-pad-us-fee-managers:98286","name":"Henry Grew School","kind":"land","category":"public-land","sourceCategory":"public-land","sourceId":"usgs-pad-us-fee-managers","sourceUrl":"https://services.arcgis.com/v01gqwM5QqNysAAi/arcgis/rest/services/Fee_Managers_PADUS/FeatureServer/0","sourceUpdated":"2021-04-21T04:00:00.000Z","publicUse":"PAD-US reports open access; verify current manager conditions and restrictions.","unit":"CITY","origin":"public-catalog"}},{"type":"Feature","id":"usgs-pad-us-fee-managers:98287","geometry":{"type":"Polygon","coordinates":[[[-71.0969,42.3145],[-71.0973,42.3142],[-71.0977,42.3143],[-71.0972,42.3147],[-71.0969,42.3145]]]},"properties":{"id":"usgs-pad-us-fee-managers:98287","name":"Hernandez Schoolyard","kind":"land","category":"public-land","sourceCategory":"public-land","sourceId":"usgs-pad-us-fee-managers","sourceUrl":"https://services.arcgis.com/v01gqwM5QqNysAAi/arcgis/rest/services/Fee_Managers_PADUS/FeatureServer/0","sourceUpdated":"2023-05-15T04:00:00.000Z","publicUse":"PAD-US reports open access; verify current manager conditions and restrictions.","unit":"CITY","origin":"public-catalog"}},{"type":"Feature","id":"usgs-pad-us-fee-managers:98288","geometry":{"type":"Polygon","coordinates":[[[-71.0916,42.3172],[-71.092,42.3174],[-71.0917,42.3177],[-71.0914,42.3176],[-71.0916,42.3172]]]},"properties":{"id":"usgs-pad-us-fee-managers:98288","name":"Higginson Schoolyard","kind":"land","category":"public-land","sourceCategory":"public-land","sourceId":"usgs-pad-us-fee-managers","sourceUrl":"https://services.arcgis.com/v01gqwM5QqNysAAi/arcgis/rest/services/Fee_Managers_PADUS/FeatureServer/0","sourceUpdated":"2023-05-15T04:00:00.000Z","publicUse":"PAD-US reports open access; verify current manager conditions and restrictions.","unit":"CITY","origin":"public-catalog"}},{"type":"Feature","id":"usgs-pad-us-fee-managers:98289","geometry":{"type":"Polygon","coordinates":[[[-71.0991,42.3287],[-71.0994,42.3286],[-71.0992,42.3285],[-71.0993,42.3283],[-71.0998,42.3284],[-71.101,42.3296],[-71.0991,42.3287]]]},"properties":{"id":"usgs-pad-us-fee-managers:98289","name":"Hillside/Calumet","kind":"land","category":"public-land","sourceCategory":"public-land","sourceId":"usgs-pad-us-fee-managers","sourceUrl":"https://services.arcgis.com/v01gqwM5QqNysAAi/arcgis/rest/services/Fee_Managers_PADUS/FeatureServer/0","sourceUpdated":"2023-05-15T04:00:00.000Z","publicUse":"PAD-US reports open access; verify current manager conditions and restrictions.","unit":"CITY","origin":"public-catalog"}},{"type":"Feature","id":"usgs-pad-us-fee-managers:9829","geometry":{"type":"Polygon","coordinates":[[[-71.1074,42.3216],[-71.1076,42.3214],[-71.1081,42.3217],[-71.1078,42.3219],[-71.1074,42.3216]]]},"properties":{"id":"usgs-pad-us-fee-managers:9829","name":"Forbes Street Community Garden","kind":"land","category":"public-land","sourceCategory":"public-land","sourceId":"usgs-pad-us-fee-managers","sourceUrl":"https://services.arcgis.com/v01gqwM5QqNysAAi/arcgis/rest/services/Fee_Managers_PADUS/FeatureServer/0","sourceUpdated":"2017-08-14T04:00:00.000Z","publicUse":"PAD-US reports access is not open to the public.","unit":"CITY","origin":"public-catalog"}},{"type":"Feature","id":"usgs-pad-us-fee-managers:98290","geometry":{"type":"Polygon","coordinates":[[[-71.0725,42.3062],[-71.0728,42.3059],[-71.0723,42.3058],[-71.0722,42.3056],[-71.0739,42.3051],[-71.0744,42.3052],[-71.0742,42.3053],[-71.0741,42.3058],[-71.0739,42.3054],[-71.0736,42.3056],[-71.0736,42.3058],[-71.0733,42.3058],[-71.0734,42.3061],[-71.0729,42.3061],[-71.0729,42.3063],[-71.0725,42.3062]]]},"properties":{"id":"usgs-pad-us-fee-managers:98290","name":"Holland Elementary","kind":"land","category":"public-land","sourceCategory":"public-land","sourceId":"usgs-pad-us-fee-managers","sourceUrl":"https://services.arcgis.com/v01gqwM5QqNysAAi/arcgis/rest/services/Fee_Managers_PADUS/FeatureServer/0","sourceUpdated":"2021-04-21T04:00:00.000Z","publicUse":"PAD-US reports open access; verify current manager conditions and restrictions.","unit":"CITY","origin":"public-catalog"}},{"type":"Feature","id":"usgs-pad-us-fee-managers:98291","geometry":{"type":"Polygon","coordinates":[[[-71.0761,42.2969],[-71.0754,42.2965],[-71.0752,42.2965],[-71.0752,42.2968],[-71.0749,42.2966],[-71.076,42.2963],[-71.0762,42.2971],[-71.0758,42.297],[-71.0761,42.2969]]]},"properties":{"id":"usgs-pad-us-fee-managers:98291","name":"Holmes Elementary","kind":"land","category":"public-land","sourceCategory":"public-land","sourceId":"usgs-pad-us-fee-managers","sourceUrl":"https://services.arcgis.com/v01gqwM5QqNysAAi/arcgis/rest/services/Fee_Managers_PADUS/FeatureServer/0","sourceUpdated":"2021-04-21T04:00:00.000Z","publicUse":"PAD-US reports open access; verify current manager conditions and restrictions.","unit":"CITY","origin":"public-catalog"}},{"type":"Feature","id":"usgs-pad-us-fee-managers:98292","geometry":{"type":"Polygon","coordinates":[[[-71.0922,42.3392],[-71.0921,42.3397],[-71.0918,42.3398],[-71.092,42.3395],[-71.0917,42.3394],[-71.0922,42.3392]]]},"properties":{"id":"usgs-pad-us-fee-managers:98292","name":"Huntington-Hemenway Mall","kind":"land","category":"public-land","sourceCategory":"public-land","sourceId":"usgs-pad-us-fee-managers","sourceUrl":"https://services.arcgis.com/v01gqwM5QqNysAAi/arcgis/rest/services/Fee_Managers_PADUS/FeatureServer/0","sourceUpdated":"2023-05-15T04:00:00.000Z","publicUse":"PAD-US reports open access; verify current manager conditions and restrictions.","unit":"CITY","origin":"public-catalog"}},{"type":"Feature","id":"usgs-pad-us-fee-managers:98293","geometry":{"type":"MultiPolygon","coordinates":[[[[-71.114,42.319],[-71.1147,42.3187],[-71.114,42.3184],[-71.1136,42.3186],[-71.1131,42.3184],[-71.1132,42.3182],[-71.1137,42.3183],[-71.1138,42.3181],[-71.115,42.3186],[-71.1147,42.3191],[-71.114,42.319]]],[[[-71.1131,42.319],[-71.1132,42.3188],[-71.1135,42.3189],[-71.1131,42.319]]]]},"properties":{"id":"usgs-pad-us-fee-managers:98293","name":"James M. Curley Elementary School","kind":"land","category":"public-land","sourceCategory":"public-land","sourceId":"usgs-pad-us-fee-managers","sourceUrl":"https://services.arcgis.com/v01gqwM5QqNysAAi/arcgis/rest/services/Fee_Managers_PADUS/FeatureServer/0","sourceUpdated":"2021-04-21T04:00:00.000Z","publicUse":"PAD-US reports open access; verify current manager conditions and restrictions.","unit":"CITY","origin":"public-catalog"}},{"type":"Feature","id":"usgs-pad-us-fee-managers:98294","geometry":{"type":"Polygon","coordinates":[[[-71.0906,42.3298],[-71.0911,42.33],[-71.0906,42.3301],[-71.0906,42.3298]]]},"properties":{"id":"usgs-pad-us-fee-managers:98294","name":"John Eliot Square","kind":"land","category":"public-land","sourceCategory":"public-land","sourceId":"usgs-pad-us-fee-managers","sourceUrl":"https://services.arcgis.com/v01gqwM5QqNysAAi/arcgis/rest/services/Fee_Managers_PADUS/FeatureServer/0","sourceUpdated":"2023-05-15T04:00:00.000Z","publicUse":"PAD-US reports open access; verify current manager conditions and restrictions.","unit":"CITY","origin":"public-catalog"}},{"type":"Feature","id":"usgs-pad-us-fee-managers:98295","geometry":{"type":"Polygon","coordinates":[[[-71.0936,42.3291],[-71.0938,42.3294],[-71.0933,42.3295],[-71.0936,42.3291]]]},"properties":{"id":"usgs-pad-us-fee-managers:98295","name":"John Eliot Square Urban Wild I","kind":"land","category":"public-land","sourceCategory":"public-land","sourceId":"usgs-pad-us-fee-managers","sourceUrl":"https://services.arcgis.com/v01gqwM5QqNysAAi/arcgis/rest/services/Fee_Managers_PADUS/FeatureServer/0","sourceUpdated":"2023-05-15T04:00:00.000Z","publicUse":"PAD-US reports open access; verify current manager conditions and restrictions.","unit":"CITY","origin":"public-catalog"}},{"type":"Feature","id":"usgs-pad-us-fee-managers:98296","geometry":{"type":"Polygon","coordinates":[[[-71.1048,42.3215],[-71.1054,42.3214],[-71.1056,42.3217],[-71.1048,42.3218],[-71.1048,42.3215]]]},"properties":{"id":"usgs-pad-us-fee-managers:98296","name":"John Kennedy Elementary","kind":"land","category":"public-land","sourceCategory":"public-land","sourceId":"usgs-pad-us-fee-managers","sourceUrl":"https://services.arcgis.com/v01gqwM5QqNysAAi/arcgis/rest/services/Fee_Managers_PADUS/FeatureServer/0","sourceUpdated":"2021-04-21T04:00:00.000Z","publicUse":"PAD-US reports open access; verify current manager conditions and restrictions.","unit":"CITY","origin":"public-catalog"}},{"type":"Feature","id":"usgs-pad-us-fee-managers:98297","geometry":{"type":"Polygon","coordinates":[[[-71.1072,42.3115],[-71.1077,42.3108],[-71.1077,42.3109],[-71.1072,42.3115]]]},"properties":{"id":"usgs-pad-us-fee-managers:98297","name":"Johnson Park Ii","kind":"land","category":"public-land","sourceCategory":"public-land","sourceId":"usgs-pad-us-fee-managers","sourceUrl":"https://services.arcgis.com/v01gqwM5QqNysAAi/arcgis/rest/services/Fee_Managers_PADUS/FeatureServer/0","sourceUpdated":"2023-05-15T04:00:00.000Z","publicUse":"PAD-US reports open access; verify current manager conditions and restrictions.","unit":"CITY","origin":"public-catalog"}},{"type":"Feature","id":"usgs-pad-us-fee-managers:98298","geometry":{"type":"Polygon","coordinates":[[[-71.0926,42.3303],[-71.093,42.3303],[-71.093,42.3304],[-71.0926,42.3303]]]},"properties":{"id":"usgs-pad-us-fee-managers:98298","name":"King Street Play Area","kind":"land","category":"public-land","sourceCategory":"public-land","sourceId":"usgs-pad-us-fee-managers","sourceUrl":"https://services.arcgis.com/v01gqwM5QqNysAAi/arcgis/rest/services/Fee_Managers_PADUS/FeatureServer/0","sourceUpdated":"2023-05-15T04:00:00.000Z","publicUse":"PAD-US reports open access; verify current manager conditions and restrictions.","unit":"CITY","origin":"public-catalog"}},{"type":"Feature","id":"usgs-pad-us-fee-managers:98299","geometry":{"type":"Polygon","coordinates":[[[-71.0855,42.3199],[-71.0858,42.3198],[-71.0859,42.32],[-71.0855,42.3199]]]},"properties":{"id":"usgs-pad-us-fee-managers:98299","name":"Laurel Street Green","kind":"land","category":"public-land","sourceCategory":"public-land","sourceId":"usgs-pad-us-fee-managers","sourceUrl":"https://services.arcgis.com/v01gqwM5QqNysAAi/arcgis/rest/services/Fee_Managers_PADUS/FeatureServer/0","sourceUpdated":"2023-05-15T04:00:00.000Z","publicUse":"PAD-US reports open access; verify current manager conditions and restrictions.","unit":"CITY","origin":"public-catalog"}},{"type":"Feature","id":"usgs-pad-us-fee-managers:9830","geometry":{"type":"Polygon","coordinates":[[[-71.0985,42.3129],[-71.0988,42.3125],[-71.099,42.3126],[-71.0988,42.313],[-71.0985,42.3129]]]},"properties":{"id":"usgs-pad-us-fee-managers:9830","name":"Granada Park Community Garden","kind":"land","category":"public-land","sourceCategory":"public-land","sourceId":"usgs-pad-us-fee-managers","sourceUrl":"https://services.arcgis.com/v01gqwM5QqNysAAi/arcgis/rest/services/Fee_Managers_PADUS/FeatureServer/0","sourceUpdated":"2017-08-14T04:00:00.000Z","publicUse":"PAD-US reports access is not open to the public.","unit":"CITY","origin":"public-catalog"}},{"type":"Feature","id":"usgs-pad-us-fee-managers:98300","geometry":{"type":"Polygon","coordinates":[[[-71.0628,42.3522],[-71.0633,42.3522],[-71.0627,42.3523],[-71.0628,42.3522]]]},"properties":{"id":"usgs-pad-us-fee-managers:98300","name":"Liberty Tree Park","kind":"land","category":"public-land","sourceCategory":"public-land","sourceId":"usgs-pad-us-fee-managers","sourceUrl":"https://services.arcgis.com/v01gqwM5QqNysAAi/arcgis/rest/services/Fee_Managers_PADUS/FeatureServer/0","sourceUpdated":"2023-05-15T04:00:00.000Z","publicUse":"PAD-US reports open access; verify current manager conditions and restrictions.","unit":"CITY","origin":"public-catalog"}},{"type":"Feature","id":"usgs-pad-us-fee-managers:98301","geometry":{"type":"Polygon","coordinates":[[[-70.9761,42.3103],[-70.977,42.3104],[-70.9769,42.3108],[-70.9741,42.3122],[-70.9719,42.3143],[-70.9695,42.3182],[-70.9684,42.3222],[-70.9653,42.3249],[-70.9653,42.3253],[-70.9634,42.3262],[-70.96,42.3283],[-70.9594,42.3289],[-70.9587,42.3303],[-70.9581,42.3306],[-70.9563,42.3309],[-70.9543,42.3303],[-70.9544,42.3295],[-70.9571,42.3281],[-70.9594,42.3261],[-70.9607,42.3236],[-70.9634,42.3202],[-70.9663,42.3143],[-70.9668,42.3139],[-70.9689,42.3136],[-70.9701,42.313],[-70.971,42.3116],[-70.974,42.3105],[-70.9761,42.3103]]]},"properties":{"id":"usgs-pad-us-fee-managers:98301","name":"Long Island","kind":"land","category":"public-land","sourceCategory":"public-land","sourceId":"usgs-pad-us-fee-managers","sourceUrl":"https://services.arcgis.com/v01gqwM5QqNysAAi/arcgis/rest/services/Fee_Managers_PADUS/FeatureServer/0","sourceUpdated":"2023-05-15T04:00:00.000Z","publicUse":"PAD-US reports open access; verify current manager conditions and restrictions.","unit":"CITY","origin":"public-catalog"}},{"type":"Feature","id":"usgs-pad-us-fee-managers:98302","geometry":{"type":"Polygon","coordinates":[[[-71.0705,42.2958],[-71.0704,42.2955],[-71.071,42.2953],[-71.0706,42.2956],[-71.0707,42.2957],[-71.0716,42.2952],[-71.0718,42.2955],[-71.0705,42.2958]]]},"properties":{"id":"usgs-pad-us-fee-managers:98302","name":"Lucy Stone Schoolyard","kind":"land","category":"public-land","sourceCategory":"public-land","sourceId":"usgs-pad-us-fee-managers","sourceUrl":"https://services.arcgis.com/v01gqwM5QqNysAAi/arcgis/rest/services/Fee_Managers_PADUS/FeatureServer/0","sourceUpdated":"2023-05-15T04:00:00.000Z","publicUse":"PAD-US reports open access; verify current manager conditions and restrictions.","unit":"CITY","origin":"public-catalog"}},{"type":"Feature","id":"usgs-pad-us-fee-managers:98303","geometry":{"type":"Polygon","coordinates":[[[-71.1589,42.2831],[-71.1587,42.2829],[-71.1588,42.2828],[-71.1592,42.2829],[-71.1587,42.2825],[-71.1586,42.2828],[-71.1583,42.2826],[-71.1588,42.2824],[-71.1594,42.283],[-71.159,42.2833],[-71.1589,42.2831]]]},"properties":{"id":"usgs-pad-us-fee-managers:98303","name":"Lyndon Pilot School","kind":"land","category":"public-land","sourceCategory":"public-land","sourceId":"usgs-pad-us-fee-managers","sourceUrl":"https://services.arcgis.com/v01gqwM5QqNysAAi/arcgis/rest/services/Fee_Managers_PADUS/FeatureServer/0","sourceUpdated":"2021-04-21T04:00:00.000Z","publicUse":"PAD-US reports open access; verify current manager conditions and restrictions.","unit":"CITY","origin":"public-catalog"}},{"type":"Feature","id":"usgs-pad-us-fee-managers:98304","geometry":{"type":"Polygon","coordinates":[[[-71.087,42.3308],[-71.0873,42.3304],[-71.0875,42.3305],[-71.0872,42.3309],[-71.087,42.3308]]]},"properties":{"id":"usgs-pad-us-fee-managers:98304","name":"Madison Park Village Cg","kind":"land","category":"public-land","sourceCategory":"public-land","sourceId":"usgs-pad-us-fee-managers","sourceUrl":"https://services.arcgis.com/v01gqwM5QqNysAAi/arcgis/rest/services/Fee_Managers_PADUS/FeatureServer/0","sourceUpdated":"2023-05-15T04:00:00.000Z","publicUse":"PAD-US reports open access; verify current manager conditions and restrictions.","unit":"CITY","origin":"public-catalog"}},{"type":"Feature","id":"usgs-pad-us-fee-managers:98305","geometry":{"type":"Polygon","coordinates":[[[-71.0701,42.3182],[-71.0705,42.3182],[-71.0703,42.3184],[-71.0701,42.3182]]]},"properties":{"id":"usgs-pad-us-fee-managers:98305","name":"Magnolia & Woodford Streets Garden","kind":"land","category":"public-land","sourceCategory":"public-land","sourceId":"usgs-pad-us-fee-managers","sourceUrl":"https://services.arcgis.com/v01gqwM5QqNysAAi/arcgis/rest/services/Fee_Managers_PADUS/FeatureServer/0","sourceUpdated":"2023-05-15T04:00:00.000Z","publicUse":"PAD-US reports open access; verify current manager conditions and restrictions.","unit":"CITY","origin":"public-catalog"}},{"type":"Feature","id":"usgs-pad-us-fee-managers:98306","geometry":{"type":"Polygon","coordinates":[[[-71.0513,42.3419],[-71.0515,42.3417],[-71.0518,42.3419],[-71.0512,42.3423],[-71.051,42.3422],[-71.0513,42.3419]]]},"properties":{"id":"usgs-pad-us-fee-managers:98306","name":"Mahoney Park","kind":"land","category":"public-land","sourceCategory":"public-land","sourceId":"usgs-pad-us-fee-managers","sourceUrl":"https://services.arcgis.com/v01gqwM5QqNysAAi/arcgis/rest/services/Fee_Managers_PADUS/FeatureServer/0","sourceUpdated":"2023-02-12T05:00:00.000Z","publicUse":"PAD-US reports open access; verify current manager conditions and restrictions.","unit":"CITY","origin":"public-catalog"}},{"type":"Feature","id":"usgs-pad-us-fee-managers:98307","geometry":{"type":"Polygon","coordinates":[[[-71.1099,42.3218],[-71.11,42.322],[-71.1098,42.322],[-71.1099,42.3218]]]},"properties":{"id":"usgs-pad-us-fee-managers:98307","name":"Mahoney Square","kind":"land","category":"public-land","sourceCategory":"public-land","sourceId":"usgs-pad-us-fee-managers","sourceUrl":"https://services.arcgis.com/v01gqwM5QqNysAAi/arcgis/rest/services/Fee_Managers_PADUS/FeatureServer/0","sourceUpdated":"2023-05-15T04:00:00.000Z","publicUse":"PAD-US reports open access; verify current manager conditions and restrictions.","unit":"CITY","origin":"public-catalog"}},{"type":"Feature","id":"usgs-pad-us-fee-managers:98308","geometry":{"type":"MultiPolygon","coordinates":[[[[-71.0044,42.3916],[-71.0043,42.3913],[-71.0049,42.3915],[-71.0044,42.3916]]],[[[-71.0049,42.3919],[-71.0048,42.3917],[-71.0054,42.3919],[-71.0049,42.3919]]]]},"properties":{"id":"usgs-pad-us-fee-managers:98308","name":"Manassah E. Bradley Elementary","kind":"land","category":"public-land","sourceCategory":"public-land","sourceId":"usgs-pad-us-fee-managers","sourceUrl":"https://services.arcgis.com/v01gqwM5QqNysAAi/arcgis/rest/services/Fee_Managers_PADUS/FeatureServer/0","sourceUpdated":"2021-04-21T04:00:00.000Z","publicUse":"PAD-US reports open access; verify current manager conditions and restrictions.","unit":"CITY","origin":"public-catalog"}},{"type":"Feature","id":"usgs-pad-us-fee-managers:98309","geometry":{"type":"Polygon","coordinates":[[[-71.1312,42.3059],[-71.1319,42.3057],[-71.1317,42.3059],[-71.1312,42.3059]]]},"properties":{"id":"usgs-pad-us-fee-managers:98309","name":"Manning Schoolyard","kind":"land","category":"public-land","sourceCategory":"public-land","sourceId":"usgs-pad-us-fee-managers","sourceUrl":"https://services.arcgis.com/v01gqwM5QqNysAAi/arcgis/rest/services/Fee_Managers_PADUS/FeatureServer/0","sourceUpdated":"2023-05-15T04:00:00.000Z","publicUse":"PAD-US reports open access; verify current manager conditions and restrictions.","unit":"CITY","origin":"public-catalog"}},{"type":"Feature","id":"usgs-pad-us-fee-managers:9831","geometry":{"type":"Polygon","coordinates":[[[-71.0792,42.2969],[-71.0795,42.2971],[-71.0791,42.2972],[-71.0791,42.2969],[-71.0792,42.2969]]]},"properties":{"id":"usgs-pad-us-fee-managers:9831","name":"Greenwood Street Community Garden","kind":"land","category":"public-land","sourceCategory":"public-land","sourceId":"usgs-pad-us-fee-managers","sourceUrl":"https://services.arcgis.com/v01gqwM5QqNysAAi/arcgis/rest/services/Fee_Managers_PADUS/FeatureServer/0","sourceUpdated":"2017-08-14T04:00:00.000Z","publicUse":"PAD-US reports access is not open to the public.","unit":"CITY","origin":"public-catalog"}},{"type":"Feature","id":"usgs-pad-us-fee-managers:98310","geometry":{"type":"Polygon","coordinates":[[[-71.0859,42.3078],[-71.0864,42.3079],[-71.0862,42.3081],[-71.0858,42.3079],[-71.0859,42.3078]]]},"properties":{"id":"usgs-pad-us-fee-managers:98310","name":"Maple-Sonoma Streets Community Park","kind":"land","category":"public-land","sourceCategory":"public-land","sourceId":"usgs-pad-us-fee-managers","sourceUrl":"https://services.arcgis.com/v01gqwM5QqNysAAi/arcgis/rest/services/Fee_Managers_PADUS/FeatureServer/0","sourceUpdated":"2023-05-15T04:00:00.000Z","publicUse":"PAD-US reports open access; verify current manager conditions and restrictions.","unit":"CITY","origin":"public-catalog"}},{"type":"Feature","id":"usgs-pad-us-fee-managers:98311","geometry":{"type":"Polygon","coordinates":[[[-71.0491,42.3532],[-71.0486,42.353],[-71.0491,42.3524],[-71.0497,42.3525],[-71.0491,42.3532]]]},"properties":{"id":"usgs-pad-us-fee-managers:98311","name":"Martin's Park","kind":"land","category":"public-land","sourceCategory":"public-land","sourceId":"usgs-pad-us-fee-managers","sourceUrl":"https://services.arcgis.com/v01gqwM5QqNysAAi/arcgis/rest/services/Fee_Managers_PADUS/FeatureServer/0","sourceUpdated":"2022-02-18T05:00:00.000Z","publicUse":"PAD-US reports open access; verify current manager conditions and restrictions.","unit":"CITY","origin":"public-catalog"}},{"type":"Feature","id":"usgs-pad-us-fee-managers:98312","geometry":{"type":"Polygon","coordinates":[[[-71.1612,42.3512],[-71.1616,42.3512],[-71.1615,42.3508],[-71.162,42.3508],[-71.162,42.3513],[-71.1612,42.3512]]]},"properties":{"id":"usgs-pad-us-fee-managers:98312","name":"Mary Lyon Elementary","kind":"land","category":"public-land","sourceCategory":"public-land","sourceId":"usgs-pad-us-fee-managers","sourceUrl":"https://services.arcgis.com/v01gqwM5QqNysAAi/arcgis/rest/services/Fee_Managers_PADUS/FeatureServer/0","sourceUpdated":"2021-04-21T04:00:00.000Z","publicUse":"PAD-US reports open access; verify current manager conditions and restrictions.","unit":"CITY","origin":"public-catalog"}},{"type":"Feature","id":"usgs-pad-us-fee-managers:98313","geometry":{"type":"MultiPolygon","coordinates":[[[[-71.0711,42.3259],[-71.0713,42.3257],[-71.0717,42.326],[-71.0715,42.3262],[-71.0711,42.3259]]],[[[-71.071,42.3261],[-71.0713,42.3263],[-71.0712,42.3264],[-71.071,42.3261]]]]},"properties":{"id":"usgs-pad-us-fee-managers:98313","name":"Mason Schoolyard","kind":"land","category":"public-land","sourceCategory":"public-land","sourceId":"usgs-pad-us-fee-managers","sourceUrl":"https://services.arcgis.com/v01gqwM5QqNysAAi/arcgis/rest/services/Fee_Managers_PADUS/FeatureServer/0","sourceUpdated":"2023-05-15T04:00:00.000Z","publicUse":"PAD-US reports open access; verify current manager conditions and restrictions.","unit":"CITY","origin":"public-catalog"}},{"type":"Feature","id":"usgs-pad-us-fee-managers:98314","geometry":{"type":"Polygon","coordinates":[[[-71.0982,42.3373],[-71.0978,42.337],[-71.0981,42.3369],[-71.0982,42.3373]]]},"properties":{"id":"usgs-pad-us-fee-managers:98314","name":"Mass Art Park","kind":"land","category":"public-land","sourceCategory":"public-land","sourceId":"usgs-pad-us-fee-managers","sourceUrl":"https://services.arcgis.com/v01gqwM5QqNysAAi/arcgis/rest/services/Fee_Managers_PADUS/FeatureServer/0","sourceUpdated":"2023-05-15T04:00:00.000Z","publicUse":"PAD-US reports open access; verify current manager conditions and restrictions.","unit":"CITY","origin":"public-catalog"}},{"type":"Feature","id":"usgs-pad-us-fee-managers:98315","geometry":{"type":"MultiPolygon","coordinates":[[[[-71.0752,42.335],[-71.0759,42.3356],[-71.0768,42.3364],[-71.0752,42.335]]],[[[-71.0771,42.3366],[-71.0778,42.3372],[-71.078,42.3373],[-71.0771,42.3366]]],[[[-71.0803,42.3392],[-71.0797,42.3387],[-71.0781,42.3374],[-71.0803,42.3392]]],[[[-71.0816,42.3405],[-71.0812,42.3401],[-71.0804,42.3394],[-71.0816,42.3405]]]]},"properties":{"id":"usgs-pad-us-fee-managers:98315","name":"Massachusetts Avenue Malls","kind":"land","category":"public-land","sourceCategory":"public-land","sourceId":"usgs-pad-us-fee-managers","sourceUrl":"https://services.arcgis.com/v01gqwM5QqNysAAi/arcgis/rest/services/Fee_Managers_PADUS/FeatureServer/0","sourceUpdated":"2023-05-15T04:00:00.000Z","publicUse":"PAD-US reports open access; verify current manager conditions and restrictions.","unit":"CITY","origin":"public-catalog"}},{"type":"Feature","id":"usgs-pad-us-fee-managers:98316","geometry":{"type":"Polygon","coordinates":[[[-71.0613,42.3087],[-71.0606,42.3085],[-71.0613,42.3085],[-71.0614,42.3081],[-71.0608,42.3083],[-71.0608,42.3081],[-71.0617,42.3081],[-71.0617,42.3086],[-71.0613,42.3087]]]},"properties":{"id":"usgs-pad-us-fee-managers:98316","name":"Mather Elementary","kind":"land","category":"public-land","sourceCategory":"public-land","sourceId":"usgs-pad-us-fee-managers","sourceUrl":"https://services.arcgis.com/v01gqwM5QqNysAAi/arcgis/rest/services/Fee_Managers_PADUS/FeatureServer/0","sourceUpdated":"2021-06-28T04:00:00.000Z","publicUse":"PAD-US reports open access; verify current manager conditions and restrictions.","unit":"CITY","origin":"public-catalog"}},{"type":"Feature","id":"usgs-pad-us-fee-managers:98317","geometry":{"type":"Polygon","coordinates":[[[-71.1035,42.2757],[-71.1041,42.2761],[-71.1035,42.2762],[-71.1037,42.2759],[-71.1035,42.2757]]]},"properties":{"id":"usgs-pad-us-fee-managers:98317","name":"Mattahunt School Entrance Plaza","kind":"land","category":"public-land","sourceCategory":"public-land","sourceId":"usgs-pad-us-fee-managers","sourceUrl":"https://services.arcgis.com/v01gqwM5QqNysAAi/arcgis/rest/services/Fee_Managers_PADUS/FeatureServer/0","sourceUpdated":"2023-05-15T04:00:00.000Z","publicUse":"PAD-US reports open access; verify current manager conditions and restrictions.","unit":"CITY","origin":"public-catalog"}},{"type":"Feature","id":"usgs-pad-us-fee-managers:98318","geometry":{"type":"MultiPolygon","coordinates":[[[[-71.1029,42.2754],[-71.1036,42.2746],[-71.104,42.2748],[-71.1042,42.2745],[-71.1046,42.2747],[-71.1036,42.2757],[-71.1029,42.2754]]],[[[-71.103,42.2768],[-71.1019,42.2766],[-71.1025,42.276],[-71.1025,42.2764],[-71.1034,42.277],[-71.1033,42.2771],[-71.103,42.2768]]]]},"properties":{"id":"usgs-pad-us-fee-managers:98318","name":"Mattahunt School Woods","kind":"land","category":"public-land","sourceCategory":"public-land","sourceId":"usgs-pad-us-fee-managers","sourceUrl":"https://services.arcgis.com/v01gqwM5QqNysAAi/arcgis/rest/services/Fee_Managers_PADUS/FeatureServer/0","sourceUpdated":"2023-05-15T04:00:00.000Z","publicUse":"PAD-US reports open access; verify current manager conditions and restrictions.","unit":"CITY","origin":"public-catalog"}},{"type":"Feature","id":"usgs-pad-us-fee-managers:98319","geometry":{"type":"MultiPolygon","coordinates":[[[[-71.1039,42.2754],[-71.1046,42.2747],[-71.106,42.2755],[-71.1055,42.2759],[-71.1039,42.2754]]],[[[-71.1034,42.2758],[-71.1025,42.2758],[-71.1029,42.2754],[-71.1036,42.2758],[-71.1035,42.2761],[-71.1033,42.2759],[-71.1034,42.2758]]]]},"properties":{"id":"usgs-pad-us-fee-managers:98319","name":"Mattahunt Schoolyard","kind":"land","category":"public-land","sourceCategory":"public-land","sourceId":"usgs-pad-us-fee-managers","sourceUrl":"https://services.arcgis.com/v01gqwM5QqNysAAi/arcgis/rest/services/Fee_Managers_PADUS/FeatureServer/0","sourceUpdated":"2023-05-15T04:00:00.000Z","publicUse":"PAD-US reports open access; verify current manager conditions and restrictions.","unit":"CITY","origin":"public-catalog"}},{"type":"Feature","id":"usgs-pad-us-fee-managers:9832","geometry":{"type":"Polygon","coordinates":[[[-71.0927,42.3283],[-71.0929,42.3284],[-71.0926,42.3285],[-71.0927,42.3283]]]},"properties":{"id":"usgs-pad-us-fee-managers:9832","name":"Highland Avenue Community Garden","kind":"land","category":"public-land","sourceCategory":"public-land","sourceId":"usgs-pad-us-fee-managers","sourceUrl":"https://services.arcgis.com/v01gqwM5QqNysAAi/arcgis/rest/services/Fee_Managers_PADUS/FeatureServer/0","sourceUpdated":"2017-08-14T04:00:00.000Z","publicUse":"PAD-US reports access is not open to the public.","unit":"CITY","origin":"public-catalog"}},{"type":"Feature","id":"usgs-pad-us-fee-managers:98320","geometry":{"type":"MultiPolygon","coordinates":[[[[-71.1049,42.2718],[-71.1053,42.2718],[-71.1049,42.2722],[-71.1046,42.2721],[-71.1049,42.2718]]],[[[-71.1052,42.2725],[-71.1052,42.2724],[-71.1056,42.2726],[-71.1052,42.2725]]],[[[-71.1052,42.2725],[-71.1054,42.2728],[-71.1047,42.2724],[-71.1049,42.2727],[-71.1045,42.2726],[-71.1061,42.2732],[-71.105,42.2743],[-71.1045,42.2742],[-71.1047,42.274],[-71.1033,42.2733],[-71.1035,42.273],[-71.1044,42.2733],[-71.1042,42.2734],[-71.1046,42.2736],[-71.1048,42.2733],[-71.1042,42.2729],[-71.104,42.273],[-71.1037,42.2729],[-71.1042,42.2723],[-71.104,42.272],[-71.1052,42.2725]]],[[[-71.1048,42.2729],[-71.1043,42.2728],[-71.1047,42.2729],[-71.1048,42.2729]]],[[[-71.105,42.2732],[-71.1049,42.2733],[-71.1053,42.2734],[-71.105,42.2732]]],[[[-71.1051,42.273],[-71.1055,42.2733],[-71.1052,42.273],[-71.1051,42.273]]]]},"properties":{"id":"usgs-pad-us-fee-managers:98320","name":"Mattahunt Woods I","kind":"land","category":"public-land","sourceCategory":"public-land","sourceId":"usgs-pad-us-fee-managers","sourceUrl":"https://services.arcgis.com/v01gqwM5QqNysAAi/arcgis/rest/services/Fee_Managers_PADUS/FeatureServer/0","sourceUpdated":"2023-05-15T04:00:00.000Z","publicUse":"PAD-US reports open access; verify current manager conditions and restrictions.","unit":"CITY","origin":"public-catalog"}},{"type":"Feature","id":"usgs-pad-us-fee-managers:98321","geometry":{"type":"MultiPolygon","coordinates":[[[[-71.1051,42.2747],[-71.1055,42.2744],[-71.106,42.2747],[-71.1053,42.2751],[-71.105,42.2749],[-71.1051,42.2747]]],[[[-71.1026,42.2745],[-71.103,42.2746],[-71.1034,42.2742],[-71.1027,42.2738],[-71.1031,42.2735],[-71.1034,42.2737],[-71.1036,42.2734],[-71.104,42.2736],[-71.1038,42.2738],[-71.104,42.2741],[-71.1048,42.2745],[-71.1039,42.2743],[-71.1033,42.2749],[-71.1026,42.2745]]],[[[-71.1056,42.2751],[-71.1061,42.2753],[-71.1059,42.2754],[-71.1055,42.2752],[-71.1056,42.2751]]]]},"properties":{"id":"usgs-pad-us-fee-managers:98321","name":"Mattahunt Woods Iii","kind":"land","category":"public-land","sourceCategory":"public-land","sourceId":"usgs-pad-us-fee-managers","sourceUrl":"https://services.arcgis.com/v01gqwM5QqNysAAi/arcgis/rest/services/Fee_Managers_PADUS/FeatureServer/0","sourceUpdated":"2023-05-15T04:00:00.000Z","publicUse":"PAD-US reports open access; verify current manager conditions and restrictions.","unit":"CITY","origin":"public-catalog"}},{"type":"Feature","id":"usgs-pad-us-fee-managers:98322","geometry":{"type":"Polygon","coordinates":[[[-71.1278,42.2638],[-71.1281,42.2643],[-71.1278,42.2647],[-71.1273,42.2644],[-71.1278,42.2638]]]},"properties":{"id":"usgs-pad-us-fee-managers:98322","name":"Mcgann Park","kind":"land","category":"public-land","sourceCategory":"public-land","sourceId":"usgs-pad-us-fee-managers","sourceUrl":"https://services.arcgis.com/v01gqwM5QqNysAAi/arcgis/rest/services/Fee_Managers_PADUS/FeatureServer/0","sourceUpdated":"2023-05-15T04:00:00.000Z","publicUse":"PAD-US reports open access; verify current manager conditions and restrictions.","unit":"CITY","origin":"public-catalog"}},{"type":"Feature","id":"usgs-pad-us-fee-managers:98323","geometry":{"type":"Polygon","coordinates":[[[-71.0604,42.3079],[-71.0602,42.3077],[-71.0613,42.3075],[-71.0604,42.3079]]]},"properties":{"id":"usgs-pad-us-fee-managers:98323","name":"Meetinghouse Hill Overlook","kind":"land","category":"public-land","sourceCategory":"public-land","sourceId":"usgs-pad-us-fee-managers","sourceUrl":"https://services.arcgis.com/v01gqwM5QqNysAAi/arcgis/rest/services/Fee_Managers_PADUS/FeatureServer/0","sourceUpdated":"2023-05-15T04:00:00.000Z","publicUse":"PAD-US reports open access; verify current manager conditions and restrictions.","unit":"CITY","origin":"public-catalog"}},{"type":"Feature","id":"usgs-pad-us-fee-managers:98324","geometry":{"type":"Polygon","coordinates":[[[-71.1016,42.3167],[-71.1019,42.3165],[-71.1018,42.3162],[-71.1022,42.3166],[-71.1014,42.317],[-71.1016,42.3167]]]},"properties":{"id":"usgs-pad-us-fee-managers:98324","name":"Mendell Elementary","kind":"land","category":"public-land","sourceCategory":"public-land","sourceId":"usgs-pad-us-fee-managers","sourceUrl":"https://services.arcgis.com/v01gqwM5QqNysAAi/arcgis/rest/services/Fee_Managers_PADUS/FeatureServer/0","sourceUpdated":"2021-06-28T04:00:00.000Z","publicUse":"PAD-US reports open access; verify current manager conditions and restrictions.","unit":"CITY","origin":"public-catalog"}},{"type":"Feature","id":"usgs-pad-us-fee-managers:98325","geometry":{"type":"Polygon","coordinates":[[[-71.0223,42.381],[-71.0225,42.3808],[-71.0225,42.3809],[-71.0223,42.381]]]},"properties":{"id":"usgs-pad-us-fee-managers:98325","name":"Mendoza Square","kind":"land","category":"public-land","sourceCategory":"public-land","sourceId":"usgs-pad-us-fee-managers","sourceUrl":"https://services.arcgis.com/v01gqwM5QqNysAAi/arcgis/rest/services/Fee_Managers_PADUS/FeatureServer/0","sourceUpdated":"2023-05-15T04:00:00.000Z","publicUse":"PAD-US reports open access; verify current manager conditions and restrictions.","unit":"CITY","origin":"public-catalog"}},{"type":"Feature","id":"usgs-pad-us-fee-managers:98326","geometry":{"type":"Polygon","coordinates":[[[-71.0482,42.3785],[-71.0478,42.3771],[-71.0489,42.3781],[-71.0482,42.3785]]]},"properties":{"id":"usgs-pad-us-fee-managers:98326","name":"Menino Park","kind":"land","category":"public-land","sourceCategory":"public-land","sourceId":"usgs-pad-us-fee-managers","sourceUrl":"https://services.arcgis.com/v01gqwM5QqNysAAi/arcgis/rest/services/Fee_Managers_PADUS/FeatureServer/0","sourceUpdated":"2021-04-21T04:00:00.000Z","publicUse":"PAD-US reports open access; verify current manager conditions and restrictions.","unit":"CITY","origin":"public-catalog"}},{"type":"Feature","id":"usgs-pad-us-fee-managers:98327","geometry":{"type":"MultiPolygon","coordinates":[[[[-71.1265,42.2706],[-71.1265,42.2696],[-71.1273,42.2694],[-71.1274,42.27],[-71.1276,42.2699],[-71.1274,42.2697],[-71.1278,42.2697],[-71.1277,42.2703],[-71.1275,42.2703],[-71.1277,42.2708],[-71.1275,42.2707],[-71.1272,42.2713],[-71.1265,42.2715],[-71.1265,42.2706]]],[[[-71.1275,42.2704],[-71.1274,42.2701],[-71.1274,42.2704],[-71.1275,42.2704]]],[[[-71.1262,42.2702],[-71.126,42.2697],[-71.1265,42.2696],[-71.1264,42.2715],[-71.1269,42.2719],[-71.1257,42.2725],[-71.1262,42.2714],[-71.1262,42.2702]]]]},"properties":{"id":"usgs-pad-us-fee-managers:98327","name":"Monterey Hilltop I","kind":"land","category":"public-land","sourceCategory":"public-land","sourceId":"usgs-pad-us-fee-managers","sourceUrl":"https://services.arcgis.com/v01gqwM5QqNysAAi/arcgis/rest/services/Fee_Managers_PADUS/FeatureServer/0","sourceUpdated":"2023-02-12T05:00:00.000Z","publicUse":"PAD-US reports open access; verify current manager conditions and restrictions.","unit":"CITY","origin":"public-catalog"}},{"type":"Feature","id":"usgs-pad-us-fee-managers:98328","geometry":{"type":"Polygon","coordinates":[[[-71.1186,42.2845],[-71.1188,42.2848],[-71.1185,42.2846],[-71.1186,42.2845]]]},"properties":{"id":"usgs-pad-us-fee-managers:98328","name":"Mount Hope Park","kind":"land","category":"public-land","sourceCategory":"public-land","sourceId":"usgs-pad-us-fee-managers","sourceUrl":"https://services.arcgis.com/v01gqwM5QqNysAAi/arcgis/rest/services/Fee_Managers_PADUS/FeatureServer/0","sourceUpdated":"2021-04-21T04:00:00.000Z","publicUse":"PAD-US reports open access; verify current manager conditions and restrictions.","unit":"CITY","origin":"public-catalog"}},{"type":"Feature","id":"usgs-pad-us-fee-managers:98329","geometry":{"type":"Polygon","coordinates":[[[-71.1411,42.2815],[-71.1406,42.2812],[-71.1411,42.2814],[-71.1413,42.2812],[-71.1415,42.2813],[-71.1411,42.2815]]]},"properties":{"id":"usgs-pad-us-fee-managers:98329","name":"Mozart Elementary","kind":"land","category":"public-land","sourceCategory":"public-land","sourceId":"usgs-pad-us-fee-managers","sourceUrl":"https://services.arcgis.com/v01gqwM5QqNysAAi/arcgis/rest/services/Fee_Managers_PADUS/FeatureServer/0","sourceUpdated":"2021-04-21T04:00:00.000Z","publicUse":"PAD-US reports open access; verify current manager conditions and restrictions.","unit":"CITY","origin":"public-catalog"}},{"type":"Feature","id":"usgs-pad-us-fee-managers:9833","geometry":{"type":"Polygon","coordinates":[[[-71.0362,42.3659],[-71.0364,42.3656],[-71.0367,42.3657],[-71.0365,42.366],[-71.0362,42.3659]]]},"properties":{"id":"usgs-pad-us-fee-managers:9833","name":"Joe Ciampa Memorial Community Garden","kind":"land","category":"public-land","sourceCategory":"public-land","sourceId":"usgs-pad-us-fee-managers","sourceUrl":"https://services.arcgis.com/v01gqwM5QqNysAAi/arcgis/rest/services/Fee_Managers_PADUS/FeatureServer/0","sourceUpdated":"2017-08-14T04:00:00.000Z","publicUse":"PAD-US reports access is not open to the public.","unit":"CITY","origin":"public-catalog"}},{"type":"Feature","id":"usgs-pad-us-fee-managers:98330","geometry":{"type":"Polygon","coordinates":[[[-71.0758,42.3391],[-71.0762,42.3391],[-71.0759,42.3393],[-71.0758,42.3391]]]},"properties":{"id":"usgs-pad-us-fee-managers:98330","name":"Newland Street Park","kind":"land","category":"public-land","sourceCategory":"public-land","sourceId":"usgs-pad-us-fee-managers","sourceUrl":"https://services.arcgis.com/v01gqwM5QqNysAAi/arcgis/rest/services/Fee_Managers_PADUS/FeatureServer/0","sourceUpdated":"2023-05-15T04:00:00.000Z","publicUse":"PAD-US reports open access; verify current manager conditions and restrictions.","unit":"CITY","origin":"public-catalog"}},{"type":"Feature","id":"usgs-pad-us-fee-managers:98331","geometry":{"type":"Polygon","coordinates":[[[-71.0688,42.3171],[-71.069,42.317],[-71.0689,42.3174],[-71.0688,42.3171]]]},"properties":{"id":"usgs-pad-us-fee-managers:98331","name":"Nonquit Street Garden","kind":"land","category":"public-land","sourceCategory":"public-land","sourceId":"usgs-pad-us-fee-managers","sourceUrl":"https://services.arcgis.com/v01gqwM5QqNysAAi/arcgis/rest/services/Fee_Managers_PADUS/FeatureServer/0","sourceUpdated":"2023-05-15T04:00:00.000Z","publicUse":"PAD-US reports open access; verify current manager conditions and restrictions.","unit":"CITY","origin":"public-catalog"}},{"type":"Feature","id":"usgs-pad-us-fee-managers:98332","geometry":{"type":"Polygon","coordinates":[[[-71.0376,42.3781],[-71.0374,42.3778],[-71.038,42.3776],[-71.0382,42.3779],[-71.0376,42.3781]]]},"properties":{"id":"usgs-pad-us-fee-managers:98332","name":"O'Donnell Elementary","kind":"land","category":"public-land","sourceCategory":"public-land","sourceId":"usgs-pad-us-fee-managers","sourceUrl":"https://services.arcgis.com/v01gqwM5QqNysAAi/arcgis/rest/services/Fee_Managers_PADUS/FeatureServer/0","sourceUpdated":"2021-04-21T04:00:00.000Z","publicUse":"PAD-US reports open access; verify current manager conditions and restrictions.","unit":"CITY","origin":"public-catalog"}},{"type":"Feature","id":"usgs-pad-us-fee-managers:98333","geometry":{"type":"MultiPolygon","coordinates":[[[[-71.0484,42.2903],[-71.0485,42.2904],[-71.0484,42.2904],[-71.0484,42.2903]]],[[[-71.0486,42.2905],[-71.0487,42.2905],[-71.0483,42.2906],[-71.0486,42.2905]]]]},"properties":{"id":"usgs-pad-us-fee-managers:98333","name":"O'Donnell Square I","kind":"land","category":"public-land","sourceCategory":"public-land","sourceId":"usgs-pad-us-fee-managers","sourceUrl":"https://services.arcgis.com/v01gqwM5QqNysAAi/arcgis/rest/services/Fee_Managers_PADUS/FeatureServer/0","sourceUpdated":"2023-05-15T04:00:00.000Z","publicUse":"PAD-US reports open access; verify current manager conditions and restrictions.","unit":"CITY","origin":"public-catalog"}},{"type":"Feature","id":"usgs-pad-us-fee-managers:98334","geometry":{"type":"MultiPolygon","coordinates":[[[[-71.1484,42.2605],[-71.1488,42.2604],[-71.1488,42.2607],[-71.1483,42.2607],[-71.1484,42.2605]]],[[[-71.1499,42.2606],[-71.1504,42.2607],[-71.1504,42.2611],[-71.15,42.2611],[-71.1499,42.2606]]],[[[-71.1481,42.261],[-71.1483,42.2607],[-71.1483,42.261],[-71.1481,42.261]]],[[[-71.1483,42.261],[-71.1483,42.2607],[-71.1488,42.2607],[-71.1487,42.261],[-71.1483,42.261]]],[[[-71.1482,42.2618],[-71.1475,42.2615],[-71.1474,42.2609],[-71.149,42.2612],[-71.1491,42.2618],[-71.1482,42.2618]]]]},"properties":{"id":"usgs-pad-us-fee-managers:98334","name":"Ohrenberger Recreation Complex","kind":"land","category":"public-land","sourceCategory":"public-land","sourceId":"usgs-pad-us-fee-managers","sourceUrl":"https://services.arcgis.com/v01gqwM5QqNysAAi/arcgis/rest/services/Fee_Managers_PADUS/FeatureServer/0","sourceUpdated":"2023-05-15T04:00:00.000Z","publicUse":"PAD-US reports open access; verify current manager conditions and restrictions.","unit":"CITY","origin":"public-catalog"}},{"type":"Feature","id":"usgs-pad-us-fee-managers:98335","geometry":{"type":"Polygon","coordinates":[[[-71.147,42.2619],[-71.1474,42.261],[-71.1474,42.2615],[-71.1482,42.2619],[-71.1501,42.2615],[-71.1486,42.2625],[-71.1478,42.2627],[-71.147,42.2619]]]},"properties":{"id":"usgs-pad-us-fee-managers:98335","name":"Ohrenberger Woodland","kind":"land","category":"public-land","sourceCategory":"public-land","sourceId":"usgs-pad-us-fee-managers","sourceUrl":"https://services.arcgis.com/v01gqwM5QqNysAAi/arcgis/rest/services/Fee_Managers_PADUS/FeatureServer/0","sourceUpdated":"2023-05-15T04:00:00.000Z","publicUse":"PAD-US reports open access; verify current manager conditions and restrictions.","unit":"CITY","origin":"public-catalog"}},{"type":"Feature","id":"usgs-pad-us-fee-managers:98336","geometry":{"type":"Polygon","coordinates":[[[-71.103,42.3371],[-71.1033,42.3372],[-71.1031,42.3372],[-71.103,42.3371]]]},"properties":{"id":"usgs-pad-us-fee-managers:98336","name":"Oscar Tugo Circle","kind":"land","category":"public-land","sourceCategory":"public-land","sourceId":"usgs-pad-us-fee-managers","sourceUrl":"https://services.arcgis.com/v01gqwM5QqNysAAi/arcgis/rest/services/Fee_Managers_PADUS/FeatureServer/0","sourceUpdated":"2023-05-15T04:00:00.000Z","publicUse":"PAD-US reports open access; verify current manager conditions and restrictions.","unit":"CITY","origin":"public-catalog"}},{"type":"Feature","id":"usgs-pad-us-fee-managers:98337","geometry":{"type":"Polygon","coordinates":[[[-71.0393,42.3776],[-71.0398,42.3776],[-71.0398,42.3777],[-71.0393,42.3777],[-71.0393,42.3776]]]},"properties":{"id":"usgs-pad-us-fee-managers:98337","name":"Our Garden","kind":"land","category":"public-land","sourceCategory":"public-land","sourceId":"usgs-pad-us-fee-managers","sourceUrl":"https://services.arcgis.com/v01gqwM5QqNysAAi/arcgis/rest/services/Fee_Managers_PADUS/FeatureServer/0","sourceUpdated":"2023-05-15T04:00:00.000Z","publicUse":"PAD-US reports open access; verify current manager conditions and restrictions.","unit":"CITY","origin":"public-catalog"}},{"type":"Feature","id":"usgs-pad-us-fee-managers:98338","geometry":{"type":"MultiPolygon","coordinates":[[[[-71.099,42.3407],[-71.0993,42.3407],[-71.0985,42.3408],[-71.099,42.3407]]],[[[-71.0996,42.3409],[-71.0986,42.341],[-71.0995,42.3407],[-71.1009,42.3418],[-71.0996,42.3409]]],[[[-71.101,42.3418],[-71.1017,42.3425],[-71.1017,42.3425],[-71.101,42.3418]]],[[[-71.0999,42.3406],[-71.1021,42.3426],[-71.1,42.3408],[-71.0999,42.3406]]],[[[-71.1018,42.3426],[-71.1019,42.3427],[-71.1019,42.3427],[-71.1018,42.3426]]],[[[-71.0984,42.3409],[-71.0977,42.3416],[-71.0966,42.3419],[-71.0984,42.3409]]],[[[-71.0984,42.341],[-71.0977,42.3417],[-71.0967,42.3421],[-71.0977,42.3417],[-71.0984,42.341]]],[[[-71.0944,42.3431],[-71.0947,42.3426],[-71.0954,42.3421],[-71.097,42.3416],[-71.0984,42.3407],[-71.099,42.3405],[-71.0998,42.3407],[-71.0999,42.3405],[-71.0998,42.3408],[-71.0985,42.3407],[-71.0972,42.3416],[-71.0953,42.3422],[-71.0944,42.3431]]],[[[-71.0956,42.3423],[-71.0965,42.3421],[-71.0953,42.3425],[-71.0948,42.3434],[-71.095,42.3428],[-71.0956,42.3423]]],[[[-71.0962,42.342],[-71.0951,42.3425],[-71.0946,42.3434],[-71.095,42.3425],[-71.0962,42.342]]],[[[-71.0949,42.3435],[-71.0953,42.3442],[-71.0949,42.3443],[-71.0949,42.3435]]],[[[-71.0947,42.3435],[-71.0948,42.344],[-71.0948,42.3444],[-71.0947,42.3435]]],[[[-71.0949,42.3444],[-71.0953,42.3443],[-71.095,42.3446],[-71.0952,42.3452],[-71.0945,42.3453],[-71.0949,42.3444]]],[[[-71.0943,42.3432],[-71.0947,42.3443],[-71.0944,42.3454],[-71.0946,42.3441],[-71.0943,42.3432]]]]},"properties":{"id":"usgs-pad-us-fee-managers:98338","name":"Park Drive I","kind":"land","category":"public-land","sourceCategory":"public-land","sourceId":"usgs-pad-us-fee-managers","sourceUrl":"https://services.arcgis.com/v01gqwM5QqNysAAi/arcgis/rest/services/Fee_Managers_PADUS/FeatureServer/0","sourceUpdated":"2023-05-15T04:00:00.000Z","publicUse":"PAD-US reports open access; verify current manager conditions and restrictions.","unit":"CITY","origin":"public-catalog"}},{"type":"Feature","id":"usgs-pad-us-fee-managers:98339","geometry":{"type":"Polygon","coordinates":[[[-71.0977,42.3295],[-71.0979,42.3292],[-71.0989,42.3289],[-71.0987,42.3297],[-71.0977,42.3295]]]},"properties":{"id":"usgs-pad-us-fee-managers:98339","name":"Parker/Terrace","kind":"land","category":"public-land","sourceCategory":"public-land","sourceId":"usgs-pad-us-fee-managers","sourceUrl":"https://services.arcgis.com/v01gqwM5QqNysAAi/arcgis/rest/services/Fee_Managers_PADUS/FeatureServer/0","sourceUpdated":"2023-05-15T04:00:00.000Z","publicUse":"PAD-US reports open access; verify current manager conditions and restrictions.","unit":"CITY","origin":"public-catalog"}},{"type":"Feature","id":"usgs-pad-us-fee-managers:9834","geometry":{"type":"Polygon","coordinates":[[[-71.1118,42.2967],[-71.112,42.2965],[-71.1123,42.2967],[-71.1121,42.2969],[-71.1118,42.2967]]]},"properties":{"id":"usgs-pad-us-fee-managers:9834","name":"Leland Street Herb Garden","kind":"land","category":"public-land","sourceCategory":"public-land","sourceId":"usgs-pad-us-fee-managers","sourceUrl":"https://services.arcgis.com/v01gqwM5QqNysAAi/arcgis/rest/services/Fee_Managers_PADUS/FeatureServer/0","sourceUpdated":"2017-08-14T04:00:00.000Z","publicUse":"PAD-US reports access is not open to the public.","unit":"CITY","origin":"public-catalog"}},{"type":"Feature","id":"usgs-pad-us-fee-managers:98340","geometry":{"type":"Polygon","coordinates":[[[-71.1074,42.3199],[-71.1076,42.3198],[-71.1083,42.3201],[-71.1081,42.3202],[-71.1074,42.3199]]]},"properties":{"id":"usgs-pad-us-fee-managers:98340","name":"Paul Gore Street Playground","kind":"land","category":"public-land","sourceCategory":"public-land","sourceId":"usgs-pad-us-fee-managers","sourceUrl":"https://services.arcgis.com/v01gqwM5QqNysAAi/arcgis/rest/services/Fee_Managers_PADUS/FeatureServer/0","sourceUpdated":"2023-05-15T04:00:00.000Z","publicUse":"PAD-US reports open access; verify current manager conditions and restrictions.","unit":"CITY","origin":"public-catalog"}},{"type":"Feature","id":"usgs-pad-us-fee-managers:98341","geometry":{"type":"Polygon","coordinates":[[[-71.0641,42.2859],[-71.0641,42.2861],[-71.0639,42.286],[-71.0641,42.2859]]]},"properties":{"id":"usgs-pad-us-fee-managers:98341","name":"Peabody Square","kind":"land","category":"public-land","sourceCategory":"public-land","sourceId":"usgs-pad-us-fee-managers","sourceUrl":"https://services.arcgis.com/v01gqwM5QqNysAAi/arcgis/rest/services/Fee_Managers_PADUS/FeatureServer/0","sourceUpdated":"2023-05-15T04:00:00.000Z","publicUse":"PAD-US reports open access; verify current manager conditions and restrictions.","unit":"CITY","origin":"public-catalog"}},{"type":"Feature","id":"usgs-pad-us-fee-managers:98342","geometry":{"type":"Polygon","coordinates":[[[-71.0606,42.3588],[-71.0614,42.3587],[-71.0614,42.3588],[-71.0606,42.3588]]]},"properties":{"id":"usgs-pad-us-fee-managers:98342","name":"Pemberton Square Access","kind":"land","category":"public-land","sourceCategory":"public-land","sourceId":"usgs-pad-us-fee-managers","sourceUrl":"https://services.arcgis.com/v01gqwM5QqNysAAi/arcgis/rest/services/Fee_Managers_PADUS/FeatureServer/0","sourceUpdated":"2023-05-15T04:00:00.000Z","publicUse":"PAD-US reports open access; verify current manager conditions and restrictions.","unit":"CITY","origin":"public-catalog"}},{"type":"Feature","id":"usgs-pad-us-fee-managers:98343","geometry":{"type":"Polygon","coordinates":[[[-71.0606,42.3601],[-71.0603,42.3591],[-71.0607,42.3591],[-71.0607,42.3588],[-71.0608,42.3601],[-71.0614,42.3601],[-71.0606,42.3601]]]},"properties":{"id":"usgs-pad-us-fee-managers:98343","name":"Pemberton Square Ii","kind":"land","category":"public-land","sourceCategory":"public-land","sourceId":"usgs-pad-us-fee-managers","sourceUrl":"https://services.arcgis.com/v01gqwM5QqNysAAi/arcgis/rest/services/Fee_Managers_PADUS/FeatureServer/0","sourceUpdated":"2023-05-15T04:00:00.000Z","publicUse":"PAD-US reports open access; verify current manager conditions and restrictions.","unit":"CITY","origin":"public-catalog"}},{"type":"Feature","id":"usgs-pad-us-fee-managers:98344","geometry":{"type":"Polygon","coordinates":[[[-71.0502,42.3314],[-71.05,42.3313],[-71.0505,42.331],[-71.0503,42.3314],[-71.0508,42.3315],[-71.0506,42.3317],[-71.0502,42.3314]]]},"properties":{"id":"usgs-pad-us-fee-managers:98344","name":"Perkins Elementary","kind":"land","category":"public-land","sourceCategory":"public-land","sourceId":"usgs-pad-us-fee-managers","sourceUrl":"https://services.arcgis.com/v01gqwM5QqNysAAi/arcgis/rest/services/Fee_Managers_PADUS/FeatureServer/0","sourceUpdated":"2021-04-21T04:00:00.000Z","publicUse":"PAD-US reports open access; verify current manager conditions and restrictions.","unit":"CITY","origin":"public-catalog"}},{"type":"Feature","id":"usgs-pad-us-fee-managers:98345","geometry":{"type":"Polygon","coordinates":[[[-71.1174,42.2857],[-71.1174,42.2853],[-71.1178,42.2856],[-71.118,42.2853],[-71.1179,42.2857],[-71.1174,42.2857]]]},"properties":{"id":"usgs-pad-us-fee-managers:98345","name":"Philbrick Schoolyard","kind":"land","category":"public-land","sourceCategory":"public-land","sourceId":"usgs-pad-us-fee-managers","sourceUrl":"https://services.arcgis.com/v01gqwM5QqNysAAi/arcgis/rest/services/Fee_Managers_PADUS/FeatureServer/0","sourceUpdated":"2023-05-15T04:00:00.000Z","publicUse":"PAD-US reports open access; verify current manager conditions and restrictions.","unit":"CITY","origin":"public-catalog"}},{"type":"Feature","id":"usgs-pad-us-fee-managers:98346","geometry":{"type":"Polygon","coordinates":[[[-71.0673,42.3604],[-71.0674,42.3606],[-71.0672,42.3607],[-71.0673,42.3604]]]},"properties":{"id":"usgs-pad-us-fee-managers:98346","name":"Phillips Street Park","kind":"land","category":"public-land","sourceCategory":"public-land","sourceId":"usgs-pad-us-fee-managers","sourceUrl":"https://services.arcgis.com/v01gqwM5QqNysAAi/arcgis/rest/services/Fee_Managers_PADUS/FeatureServer/0","sourceUpdated":"2023-05-15T04:00:00.000Z","publicUse":"PAD-US reports open access; verify current manager conditions and restrictions.","unit":"CITY","origin":"public-catalog"}},{"type":"Feature","id":"usgs-pad-us-fee-managers:98347","geometry":{"type":"Polygon","coordinates":[[[-71.0813,42.3274],[-71.0817,42.3274],[-71.0817,42.3276],[-71.0813,42.3274]]]},"properties":{"id":"usgs-pad-us-fee-managers:98347","name":"Phyllis Wheatley/Warren Place","kind":"land","category":"public-land","sourceCategory":"public-land","sourceId":"usgs-pad-us-fee-managers","sourceUrl":"https://services.arcgis.com/v01gqwM5QqNysAAi/arcgis/rest/services/Fee_Managers_PADUS/FeatureServer/0","sourceUpdated":"2023-05-15T04:00:00.000Z","publicUse":"PAD-US reports open access; verify current manager conditions and restrictions.","unit":"CITY","origin":"public-catalog"}},{"type":"Feature","id":"usgs-pad-us-fee-managers:98348","geometry":{"type":"Polygon","coordinates":[[[-71.1634,42.2912],[-71.1636,42.2909],[-71.1637,42.291],[-71.1634,42.2912]]]},"properties":{"id":"usgs-pad-us-fee-managers:98348","name":"Piemonte Park","kind":"land","category":"public-land","sourceCategory":"public-land","sourceId":"usgs-pad-us-fee-managers","sourceUrl":"https://services.arcgis.com/v01gqwM5QqNysAAi/arcgis/rest/services/Fee_Managers_PADUS/FeatureServer/0","sourceUpdated":"2023-05-15T04:00:00.000Z","publicUse":"PAD-US reports open access; verify current manager conditions and restrictions.","unit":"CITY","origin":"public-catalog"}},{"type":"Feature","id":"usgs-pad-us-fee-managers:98349","geometry":{"type":"Polygon","coordinates":[[[-71.1111,42.2739],[-71.1112,42.2738],[-71.1114,42.2739],[-71.1111,42.2739]]]},"properties":{"id":"usgs-pad-us-fee-managers:98349","name":"Pleasant View I","kind":"land","category":"public-land","sourceCategory":"public-land","sourceId":"usgs-pad-us-fee-managers","sourceUrl":"https://services.arcgis.com/v01gqwM5QqNysAAi/arcgis/rest/services/Fee_Managers_PADUS/FeatureServer/0","sourceUpdated":"2023-05-15T04:00:00.000Z","publicUse":"PAD-US reports open access; verify current manager conditions and restrictions.","unit":"CITY","origin":"public-catalog"}},{"type":"Feature","id":"usgs-pad-us-fee-managers:9835","geometry":{"type":"Polygon","coordinates":[[[-71.0704,42.321],[-71.0707,42.3208],[-71.071,42.3211],[-71.0707,42.3213],[-71.0704,42.321]]]},"properties":{"id":"usgs-pad-us-fee-managers:9835","name":"Leyland Street Community Garden","kind":"land","category":"public-land","sourceCategory":"public-land","sourceId":"usgs-pad-us-fee-managers","sourceUrl":"https://services.arcgis.com/v01gqwM5QqNysAAi/arcgis/rest/services/Fee_Managers_PADUS/FeatureServer/0","sourceUpdated":"2017-08-14T04:00:00.000Z","publicUse":"PAD-US reports access is not open to the public.","unit":"CITY","origin":"public-catalog"}},{"type":"Feature","id":"usgs-pad-us-fee-managers:98350","geometry":{"type":"Polygon","coordinates":[[[-71.1499,42.3493],[-71.15,42.3494],[-71.1498,42.3493],[-71.1499,42.3493]]]},"properties":{"id":"usgs-pad-us-fee-managers:98350","name":"Public Ground","kind":"land","category":"public-land","sourceCategory":"public-land","sourceId":"usgs-pad-us-fee-managers","sourceUrl":"https://services.arcgis.com/v01gqwM5QqNysAAi/arcgis/rest/services/Fee_Managers_PADUS/FeatureServer/0","sourceUpdated":"2023-05-15T04:00:00.000Z","publicUse":"PAD-US reports open access; verify current manager conditions and restrictions.","unit":"CITY","origin":"public-catalog"}},{"type":"Feature","id":"usgs-pad-us-fee-managers:98351","geometry":{"type":"Polygon","coordinates":[[[-71.1131,42.3676],[-71.1135,42.3676],[-71.1134,42.3679],[-71.1131,42.3677],[-71.1131,42.3676]]]},"properties":{"id":"usgs-pad-us-fee-managers:98351","name":"Putnam Park","kind":"land","category":"public-land","sourceCategory":"public-land","sourceId":"usgs-pad-us-fee-managers","sourceUrl":"https://services.arcgis.com/v01gqwM5QqNysAAi/arcgis/rest/services/Fee_Managers_PADUS/FeatureServer/0","sourceUpdated":"2023-05-15T04:00:00.000Z","publicUse":"PAD-US reports open access; verify current manager conditions and restrictions.","unit":"CITY","origin":"public-catalog"}},{"type":"Feature","id":"usgs-pad-us-fee-managers:98352","geometry":{"type":"MultiPolygon","coordinates":[[[[-71.0643,42.3483],[-71.0646,42.3475],[-71.0656,42.3478],[-71.0654,42.3485],[-71.0649,42.3484],[-71.0649,42.3482],[-71.0643,42.3483]]],[[[-71.0643,42.3483],[-71.0644,42.3484],[-71.0643,42.3483],[-71.0643,42.3483]]]]},"properties":{"id":"usgs-pad-us-fee-managers:98352","name":"Quincy Elementary","kind":"land","category":"public-land","sourceCategory":"public-land","sourceId":"usgs-pad-us-fee-managers","sourceUrl":"https://services.arcgis.com/v01gqwM5QqNysAAi/arcgis/rest/services/Fee_Managers_PADUS/FeatureServer/0","sourceUpdated":"2021-04-21T04:00:00.000Z","publicUse":"PAD-US reports open access; verify current manager conditions and restrictions.","unit":"CITY","origin":"public-catalog"}},{"type":"Feature","id":"usgs-pad-us-fee-managers:98353","geometry":{"type":"Polygon","coordinates":[[[-71.0534,42.3635],[-71.0537,42.3635],[-71.0535,42.3637],[-71.0534,42.3635]]]},"properties":{"id":"usgs-pad-us-fee-managers:98353","name":"Rachel Revere Square","kind":"land","category":"public-land","sourceCategory":"public-land","sourceId":"usgs-pad-us-fee-managers","sourceUrl":"https://services.arcgis.com/v01gqwM5QqNysAAi/arcgis/rest/services/Fee_Managers_PADUS/FeatureServer/0","sourceUpdated":"2023-05-15T04:00:00.000Z","publicUse":"PAD-US reports open access; verify current manager conditions and restrictions.","unit":"CITY","origin":"public-catalog"}},{"type":"Feature","id":"usgs-pad-us-fee-managers:98354","geometry":{"type":"Polygon","coordinates":[[[-70.9494,42.312],[-70.9512,42.3119],[-70.9526,42.3114],[-70.9522,42.3118],[-70.9524,42.3123],[-70.9529,42.3126],[-70.9535,42.3126],[-70.9549,42.3119],[-70.9546,42.3112],[-70.9548,42.3108],[-70.9552,42.3107],[-70.9556,42.3115],[-70.9564,42.312],[-70.9572,42.3121],[-70.9576,42.3116],[-70.9578,42.3117],[-70.9576,42.3124],[-70.9548,42.3123],[-70.9523,42.3137],[-70.951,42.3135],[-70.9494,42.3122],[-70.9494,42.312]]]},"properties":{"id":"usgs-pad-us-fee-managers:98354","name":"Rainsford Island","kind":"land","category":"public-land","sourceCategory":"public-land","sourceId":"usgs-pad-us-fee-managers","sourceUrl":"https://services.arcgis.com/v01gqwM5QqNysAAi/arcgis/rest/services/Fee_Managers_PADUS/FeatureServer/0","sourceUpdated":"2021-04-21T04:00:00.000Z","publicUse":"PAD-US reports open access; verify current manager conditions and restrictions.","unit":"CITY","origin":"public-catalog"}},{"type":"Feature","id":"usgs-pad-us-fee-managers:98355","geometry":{"type":"Polygon","coordinates":[[[-71.1269,42.3607],[-71.1272,42.3607],[-71.1271,42.3603],[-71.1279,42.3607],[-71.1271,42.3612],[-71.1269,42.3607]]]},"properties":{"id":"usgs-pad-us-fee-managers:98355","name":"Raymond V. Mellone Park I","kind":"land","category":"public-land","sourceCategory":"public-land","sourceId":"usgs-pad-us-fee-managers","sourceUrl":"https://services.arcgis.com/v01gqwM5QqNysAAi/arcgis/rest/services/Fee_Managers_PADUS/FeatureServer/0","sourceUpdated":"2023-05-15T04:00:00.000Z","publicUse":"PAD-US reports open access; verify current manager conditions and restrictions.","unit":"CITY","origin":"public-catalog"}},{"type":"Feature","id":"usgs-pad-us-fee-managers:98356","geometry":{"type":"Polygon","coordinates":[[[-71.1279,42.3607],[-71.1274,42.3601],[-71.1278,42.3599],[-71.1276,42.3601],[-71.1282,42.3605],[-71.1279,42.3607]]]},"properties":{"id":"usgs-pad-us-fee-managers:98356","name":"Raymond V. Mellone Park Ii","kind":"land","category":"public-land","sourceCategory":"public-land","sourceId":"usgs-pad-us-fee-managers","sourceUrl":"https://services.arcgis.com/v01gqwM5QqNysAAi/arcgis/rest/services/Fee_Managers_PADUS/FeatureServer/0","sourceUpdated":"2023-05-15T04:00:00.000Z","publicUse":"PAD-US reports open access; verify current manager conditions and restrictions.","unit":"CITY","origin":"public-catalog"}},{"type":"Feature","id":"usgs-pad-us-fee-managers:98357","geometry":{"type":"Polygon","coordinates":[[[-71.1276,42.2514],[-71.1291,42.2485],[-71.1293,42.2487],[-71.1289,42.2497],[-71.1296,42.2506],[-71.1283,42.2514],[-71.1278,42.2512],[-71.1276,42.2514]]]},"properties":{"id":"usgs-pad-us-fee-managers:98357","name":"Reservation Road Park","kind":"land","category":"public-land","sourceCategory":"public-land","sourceId":"usgs-pad-us-fee-managers","sourceUrl":"https://services.arcgis.com/v01gqwM5QqNysAAi/arcgis/rest/services/Fee_Managers_PADUS/FeatureServer/0","sourceUpdated":"2023-05-15T04:00:00.000Z","publicUse":"PAD-US reports open access; verify current manager conditions and restrictions.","unit":"CITY","origin":"public-catalog"}},{"type":"Feature","id":"usgs-pad-us-fee-managers:98358","geometry":{"type":"Polygon","coordinates":[[[-71.057,42.3528],[-71.0571,42.3532],[-71.0566,42.353],[-71.057,42.3528]]]},"properties":{"id":"usgs-pad-us-fee-managers:98358","name":"Rfk Greenway Ii","kind":"land","category":"public-land","sourceCategory":"public-land","sourceId":"usgs-pad-us-fee-managers","sourceUrl":"https://services.arcgis.com/v01gqwM5QqNysAAi/arcgis/rest/services/Fee_Managers_PADUS/FeatureServer/0","sourceUpdated":"2023-05-15T04:00:00.000Z","publicUse":"PAD-US reports open access; verify current manager conditions and restrictions.","unit":"CITY","origin":"public-catalog"}},{"type":"Feature","id":"usgs-pad-us-fee-managers:98359","geometry":{"type":"MultiPolygon","coordinates":[[[[-71.1125,42.3334],[-71.11,42.3361],[-71.1099,42.3355],[-71.1102,42.335],[-71.1125,42.3334]]],[[[-71.1103,42.3363],[-71.1109,42.3357],[-71.1111,42.3358],[-71.1106,42.3363],[-71.1114,42.3372],[-71.1108,42.3374],[-71.1103,42.3363]]]]},"properties":{"id":"usgs-pad-us-fee-managers:98359","name":"Riverway Iii","kind":"land","category":"public-land","sourceCategory":"public-land","sourceId":"usgs-pad-us-fee-managers","sourceUrl":"https://services.arcgis.com/v01gqwM5QqNysAAi/arcgis/rest/services/Fee_Managers_PADUS/FeatureServer/0","sourceUpdated":"2023-05-15T04:00:00.000Z","publicUse":"PAD-US reports open access; verify current manager conditions and restrictions.","unit":"CITY","origin":"public-catalog"}},{"type":"Feature","id":"usgs-pad-us-fee-managers:9836","geometry":{"type":"Polygon","coordinates":[[[-71.0704,42.3209],[-71.0706,42.3207],[-71.0707,42.3208],[-71.0704,42.3209]]]},"properties":{"id":"usgs-pad-us-fee-managers:9836","name":"Leyland Street Community Garden","kind":"land","category":"public-land","sourceCategory":"public-land","sourceId":"usgs-pad-us-fee-managers","sourceUrl":"https://services.arcgis.com/v01gqwM5QqNysAAi/arcgis/rest/services/Fee_Managers_PADUS/FeatureServer/0","sourceUpdated":"2017-08-14T04:00:00.000Z","publicUse":"PAD-US reports access is not open to the public.","unit":"CITY","origin":"public-catalog"}},{"type":"Feature","id":"usgs-pad-us-fee-managers:98360","geometry":{"type":"Polygon","coordinates":[[[-71.1105,42.3376],[-71.1102,42.339],[-71.1103,42.3384],[-71.1105,42.3376]]]},"properties":{"id":"usgs-pad-us-fee-managers:98360","name":"Riverway V","kind":"land","category":"public-land","sourceCategory":"public-land","sourceId":"usgs-pad-us-fee-managers","sourceUrl":"https://services.arcgis.com/v01gqwM5QqNysAAi/arcgis/rest/services/Fee_Managers_PADUS/FeatureServer/0","sourceUpdated":"2023-05-15T04:00:00.000Z","publicUse":"PAD-US reports open access; verify current manager conditions and restrictions.","unit":"CITY","origin":"public-catalog"}},{"type":"Feature","id":"usgs-pad-us-fee-managers:98361","geometry":{"type":"MultiPolygon","coordinates":[[[[-71.1326,42.2336],[-71.1332,42.2337],[-71.1331,42.2339],[-71.1326,42.2338],[-71.1326,42.2336]]],[[[-71.1328,42.2342],[-71.1329,42.234],[-71.1332,42.2341],[-71.1328,42.2342]]]]},"properties":{"id":"usgs-pad-us-fee-managers:98361","name":"Roosevelt K-8 Lower","kind":"land","category":"public-land","sourceCategory":"public-land","sourceId":"usgs-pad-us-fee-managers","sourceUrl":"https://services.arcgis.com/v01gqwM5QqNysAAi/arcgis/rest/services/Fee_Managers_PADUS/FeatureServer/0","sourceUpdated":"2021-06-28T04:00:00.000Z","publicUse":"PAD-US reports open access; verify current manager conditions and restrictions.","unit":"CITY","origin":"public-catalog"}},{"type":"Feature","id":"usgs-pad-us-fee-managers:98362","geometry":{"type":"Polygon","coordinates":[[[-71.1236,42.2427],[-71.1235,42.2425],[-71.1238,42.2423],[-71.124,42.2426],[-71.1236,42.2427]]]},"properties":{"id":"usgs-pad-us-fee-managers:98362","name":"Roosevelt K-8 Upper","kind":"land","category":"public-land","sourceCategory":"public-land","sourceId":"usgs-pad-us-fee-managers","sourceUrl":"https://services.arcgis.com/v01gqwM5QqNysAAi/arcgis/rest/services/Fee_Managers_PADUS/FeatureServer/0","sourceUpdated":"2021-06-28T04:00:00.000Z","publicUse":"PAD-US reports open access; verify current manager conditions and restrictions.","unit":"CITY","origin":"public-catalog"}},{"type":"Feature","id":"usgs-pad-us-fee-managers:98363","geometry":{"type":"Polygon","coordinates":[[[-71.059,42.3207],[-71.0592,42.3202],[-71.0592,42.3205],[-71.0597,42.3204],[-71.0601,42.3206],[-71.059,42.3207]]]},"properties":{"id":"usgs-pad-us-fee-managers:98363","name":"Russell Elementary","kind":"land","category":"public-land","sourceCategory":"public-land","sourceId":"usgs-pad-us-fee-managers","sourceUrl":"https://services.arcgis.com/v01gqwM5QqNysAAi/arcgis/rest/services/Fee_Managers_PADUS/FeatureServer/0","sourceUpdated":"2021-06-28T04:00:00.000Z","publicUse":"PAD-US reports open access; verify current manager conditions and restrictions.","unit":"CITY","origin":"public-catalog"}},{"type":"Feature","id":"usgs-pad-us-fee-managers:98364","geometry":{"type":"Polygon","coordinates":[[[-71.0653,42.3743],[-71.0652,42.3741],[-71.0655,42.374],[-71.0664,42.3745],[-71.0655,42.3745],[-71.0653,42.3743]]]},"properties":{"id":"usgs-pad-us-fee-managers:98364","name":"Rutherford Union Playground","kind":"land","category":"public-land","sourceCategory":"public-land","sourceId":"usgs-pad-us-fee-managers","sourceUrl":"https://services.arcgis.com/v01gqwM5QqNysAAi/arcgis/rest/services/Fee_Managers_PADUS/FeatureServer/0","sourceUpdated":"2023-05-15T04:00:00.000Z","publicUse":"PAD-US reports open access; verify current manager conditions and restrictions.","unit":"CITY","origin":"public-catalog"}},{"type":"Feature","id":"usgs-pad-us-fee-managers:98365","geometry":{"type":"Polygon","coordinates":[[[-71.0796,42.2968],[-71.0804,42.2965],[-71.0805,42.2967],[-71.0799,42.2968],[-71.08,42.2971],[-71.0796,42.2973],[-71.0796,42.2968]]]},"properties":{"id":"usgs-pad-us-fee-managers:98365","name":"Sarah Greenwood Elementary","kind":"land","category":"public-land","sourceCategory":"public-land","sourceId":"usgs-pad-us-fee-managers","sourceUrl":"https://services.arcgis.com/v01gqwM5QqNysAAi/arcgis/rest/services/Fee_Managers_PADUS/FeatureServer/0","sourceUpdated":"2021-06-28T04:00:00.000Z","publicUse":"PAD-US reports open access; verify current manager conditions and restrictions.","unit":"CITY","origin":"public-catalog"}},{"type":"Feature","id":"usgs-pad-us-fee-managers:98366","geometry":{"type":"MultiPolygon","coordinates":[[[[-71.0997,42.2751],[-71.0994,42.2748],[-71.1,42.2748],[-71.0996,42.2746],[-71.0998,42.2744],[-71.1002,42.2746],[-71.0999,42.2743],[-71.1007,42.2747],[-71.1001,42.2753],[-71.0997,42.2751]]],[[[-71.0997,42.2751],[-71.1,42.2754],[-71.0995,42.2753],[-71.0993,42.2754],[-71.0997,42.2757],[-71.0993,42.276],[-71.0984,42.2758],[-71.0993,42.2749],[-71.0997,42.2751]]]]},"properties":{"id":"usgs-pad-us-fee-managers:98366","name":"Savannah Woods I","kind":"land","category":"public-land","sourceCategory":"public-land","sourceId":"usgs-pad-us-fee-managers","sourceUrl":"https://services.arcgis.com/v01gqwM5QqNysAAi/arcgis/rest/services/Fee_Managers_PADUS/FeatureServer/0","sourceUpdated":"2023-05-15T04:00:00.000Z","publicUse":"PAD-US reports open access; verify current manager conditions and restrictions.","unit":"CITY","origin":"public-catalog"}},{"type":"Feature","id":"usgs-pad-us-fee-managers:98367","geometry":{"type":"Polygon","coordinates":[[[-71.0547,42.301],[-71.0548,42.3009],[-71.0548,42.301],[-71.0547,42.301]]]},"properties":{"id":"usgs-pad-us-fee-managers:98367","name":"Scalia Square","kind":"land","category":"public-land","sourceCategory":"public-land","sourceId":"usgs-pad-us-fee-managers","sourceUrl":"https://services.arcgis.com/v01gqwM5QqNysAAi/arcgis/rest/services/Fee_Managers_PADUS/FeatureServer/0","sourceUpdated":"2023-05-15T04:00:00.000Z","publicUse":"PAD-US reports open access; verify current manager conditions and restrictions.","unit":"CITY","origin":"public-catalog"}},{"type":"Feature","id":"usgs-pad-us-fee-managers:98368","geometry":{"type":"Polygon","coordinates":[[[-71.09,42.3349],[-71.0897,42.3346],[-71.0899,42.3345],[-71.0903,42.3346],[-71.09,42.3349]]]},"properties":{"id":"usgs-pad-us-fee-managers:98368","name":"Schroeder Plaza","kind":"land","category":"public-land","sourceCategory":"public-land","sourceId":"usgs-pad-us-fee-managers","sourceUrl":"https://services.arcgis.com/v01gqwM5QqNysAAi/arcgis/rest/services/Fee_Managers_PADUS/FeatureServer/0","sourceUpdated":"2023-05-15T04:00:00.000Z","publicUse":"PAD-US reports open access; verify current manager conditions and restrictions.","unit":"CITY","origin":"public-catalog"}},{"type":"Feature","id":"usgs-pad-us-fee-managers:98369","geometry":{"type":"Polygon","coordinates":[[[-71.0557,42.3214],[-71.0558,42.3216],[-71.0545,42.3216],[-71.0557,42.3214]]]},"properties":{"id":"usgs-pad-us-fee-managers:98369","name":"Sharon'S Park","kind":"land","category":"public-land","sourceCategory":"public-land","sourceId":"usgs-pad-us-fee-managers","sourceUrl":"https://services.arcgis.com/v01gqwM5QqNysAAi/arcgis/rest/services/Fee_Managers_PADUS/FeatureServer/0","sourceUpdated":"2023-05-15T04:00:00.000Z","publicUse":"PAD-US reports open access; verify current manager conditions and restrictions.","unit":"CITY","origin":"public-catalog"}},{"type":"Feature","id":"usgs-pad-us-fee-managers:9837","geometry":{"type":"Polygon","coordinates":[[[-71.0879,42.2868],[-71.088,42.2871],[-71.0876,42.287],[-71.0879,42.2868]]]},"properties":{"id":"usgs-pad-us-fee-managers:9837","name":"Lucerne Balsam Streets Community Garden","kind":"land","category":"public-land","sourceCategory":"public-land","sourceId":"usgs-pad-us-fee-managers","sourceUrl":"https://services.arcgis.com/v01gqwM5QqNysAAi/arcgis/rest/services/Fee_Managers_PADUS/FeatureServer/0","sourceUpdated":"2017-08-14T04:00:00.000Z","publicUse":"PAD-US reports access is not open to the public.","unit":"CITY","origin":"public-catalog"}},{"type":"Feature","id":"usgs-pad-us-fee-managers:98370","geometry":{"type":"MultiPolygon","coordinates":[[[[-71.1537,42.2683],[-71.1542,42.2683],[-71.1542,42.2685],[-71.154,42.2683],[-71.1536,42.2686],[-71.1534,42.2684],[-71.1537,42.2683]]],[[[-71.154,42.2694],[-71.1542,42.2691],[-71.1546,42.2693],[-71.1545,42.2698],[-71.154,42.2694]]]]},"properties":{"id":"usgs-pad-us-fee-managers:98370","name":"Shaw Woods I","kind":"land","category":"public-land","sourceCategory":"public-land","sourceId":"usgs-pad-us-fee-managers","sourceUrl":"https://services.arcgis.com/v01gqwM5QqNysAAi/arcgis/rest/services/Fee_Managers_PADUS/FeatureServer/0","sourceUpdated":"2021-04-21T04:00:00.000Z","publicUse":"PAD-US reports open access; verify current manager conditions and restrictions.","unit":"CITY","origin":"public-catalog"}},{"type":"Feature","id":"usgs-pad-us-fee-managers:98371","geometry":{"type":"Polygon","coordinates":[[[-71.0867,42.2828],[-71.0865,42.2823],[-71.0869,42.2822],[-71.0871,42.2826],[-71.0867,42.2828]]]},"properties":{"id":"usgs-pad-us-fee-managers:98371","name":"Shaw, P.A. Elementary","kind":"land","category":"public-land","sourceCategory":"public-land","sourceId":"usgs-pad-us-fee-managers","sourceUrl":"https://services.arcgis.com/v01gqwM5QqNysAAi/arcgis/rest/services/Fee_Managers_PADUS/FeatureServer/0","sourceUpdated":"2021-06-28T04:00:00.000Z","publicUse":"PAD-US reports open access; verify current manager conditions and restrictions.","unit":"CITY","origin":"public-catalog"}},{"type":"Feature","id":"usgs-pad-us-fee-managers:98372","geometry":{"type":"Polygon","coordinates":[[[-71.0257,42.38],[-71.0258,42.3801],[-71.0257,42.3801],[-71.0257,42.38]]]},"properties":{"id":"usgs-pad-us-fee-managers:98372","name":"Solari Square","kind":"land","category":"public-land","sourceCategory":"public-land","sourceId":"usgs-pad-us-fee-managers","sourceUrl":"https://services.arcgis.com/v01gqwM5QqNysAAi/arcgis/rest/services/Fee_Managers_PADUS/FeatureServer/0","sourceUpdated":"2023-05-15T04:00:00.000Z","publicUse":"PAD-US reports open access; verify current manager conditions and restrictions.","unit":"CITY","origin":"public-catalog"}},{"type":"Feature","id":"usgs-pad-us-fee-managers:98373","geometry":{"type":"Polygon","coordinates":[[[-71.1156,42.3047],[-71.1162,42.3051],[-71.116,42.3052],[-71.1156,42.3047]]]},"properties":{"id":"usgs-pad-us-fee-managers:98373","name":"South Street Bha Community Garden","kind":"land","category":"public-land","sourceCategory":"public-land","sourceId":"usgs-pad-us-fee-managers","sourceUrl":"https://services.arcgis.com/v01gqwM5QqNysAAi/arcgis/rest/services/Fee_Managers_PADUS/FeatureServer/0","sourceUpdated":"2023-05-15T04:00:00.000Z","publicUse":"PAD-US reports open access; verify current manager conditions and restrictions.","unit":"CITY","origin":"public-catalog"}},{"type":"Feature","id":"usgs-pad-us-fee-managers:98374","geometry":{"type":"Polygon","coordinates":[[[-71.0667,42.3401],[-71.0668,42.3399],[-71.0672,42.34],[-71.0671,42.3402],[-71.0667,42.3401]]]},"properties":{"id":"usgs-pad-us-fee-managers:98374","name":"St Helena'S Park","kind":"land","category":"public-land","sourceCategory":"public-land","sourceId":"usgs-pad-us-fee-managers","sourceUrl":"https://services.arcgis.com/v01gqwM5QqNysAAi/arcgis/rest/services/Fee_Managers_PADUS/FeatureServer/0","sourceUpdated":"2023-05-15T04:00:00.000Z","publicUse":"PAD-US reports open access; verify current manager conditions and restrictions.","unit":"CITY","origin":"public-catalog"}},{"type":"Feature","id":"usgs-pad-us-fee-managers:98375","geometry":{"type":"Polygon","coordinates":[[[-71.085,42.3269],[-71.0852,42.3266],[-71.0854,42.3267],[-71.0852,42.3272],[-71.0849,42.3271],[-71.085,42.3269]]]},"properties":{"id":"usgs-pad-us-fee-managers:98375","name":"St James Street Park","kind":"land","category":"public-land","sourceCategory":"public-land","sourceId":"usgs-pad-us-fee-managers","sourceUrl":"https://services.arcgis.com/v01gqwM5QqNysAAi/arcgis/rest/services/Fee_Managers_PADUS/FeatureServer/0","sourceUpdated":"2023-05-15T04:00:00.000Z","publicUse":"PAD-US reports open access; verify current manager conditions and restrictions.","unit":"CITY","origin":"public-catalog"}},{"type":"Feature","id":"usgs-pad-us-fee-managers:98376","geometry":{"type":"Polygon","coordinates":[[[-71.1408,42.2546],[-71.1412,42.2548],[-71.1413,42.2551],[-71.1407,42.2549],[-71.1408,42.2546]]]},"properties":{"id":"usgs-pad-us-fee-managers:98376","name":"Stonehill Park","kind":"land","category":"public-land","sourceCategory":"public-land","sourceId":"usgs-pad-us-fee-managers","sourceUrl":"https://services.arcgis.com/v01gqwM5QqNysAAi/arcgis/rest/services/Fee_Managers_PADUS/FeatureServer/0","sourceUpdated":"2023-05-15T04:00:00.000Z","publicUse":"PAD-US reports open access; verify current manager conditions and restrictions.","unit":"CITY","origin":"public-catalog"}},{"type":"Feature","id":"usgs-pad-us-fee-managers:98377","geometry":{"type":"MultiPolygon","coordinates":[[[[-71.0733,42.384],[-71.073,42.3851],[-71.0729,42.3845],[-71.0733,42.384]]],[[[-71.0732,42.3852],[-71.0736,42.3839],[-71.0739,42.3844],[-71.0735,42.3851],[-71.0732,42.3852]]]]},"properties":{"id":"usgs-pad-us-fee-managers:98377","name":"Sullivan Square","kind":"land","category":"public-land","sourceCategory":"public-land","sourceId":"usgs-pad-us-fee-managers","sourceUrl":"https://services.arcgis.com/v01gqwM5QqNysAAi/arcgis/rest/services/Fee_Managers_PADUS/FeatureServer/0","sourceUpdated":"2023-05-15T04:00:00.000Z","publicUse":"PAD-US reports open access; verify current manager conditions and restrictions.","unit":"CITY","origin":"public-catalog"}},{"type":"Feature","id":"usgs-pad-us-fee-managers:98378","geometry":{"type":"Polygon","coordinates":[[[-71.1263,42.2863],[-71.1267,42.286],[-71.1272,42.2864],[-71.1271,42.2865],[-71.1267,42.2862],[-71.1263,42.2863]]]},"properties":{"id":"usgs-pad-us-fee-managers:98378","name":"Sumner Elementary","kind":"land","category":"public-land","sourceCategory":"public-land","sourceId":"usgs-pad-us-fee-managers","sourceUrl":"https://services.arcgis.com/v01gqwM5QqNysAAi/arcgis/rest/services/Fee_Managers_PADUS/FeatureServer/0","sourceUpdated":"2021-06-28T04:00:00.000Z","publicUse":"PAD-US reports open access; verify current manager conditions and restrictions.","unit":"CITY","origin":"public-catalog"}},{"type":"Feature","id":"usgs-pad-us-fee-managers:98379","geometry":{"type":"Polygon","coordinates":[[[-71.0614,42.3483],[-71.0614,42.3482],[-71.0617,42.3483],[-71.0614,42.3483]]]},"properties":{"id":"usgs-pad-us-fee-managers:98379","name":"Tai Tung Park","kind":"land","category":"public-land","sourceCategory":"public-land","sourceId":"usgs-pad-us-fee-managers","sourceUrl":"https://services.arcgis.com/v01gqwM5QqNysAAi/arcgis/rest/services/Fee_Managers_PADUS/FeatureServer/0","sourceUpdated":"2023-05-15T04:00:00.000Z","publicUse":"PAD-US reports open access; verify current manager conditions and restrictions.","unit":"CITY","origin":"public-catalog"}},{"type":"Feature","id":"usgs-pad-us-fee-managers:9838","geometry":{"type":"Polygon","coordinates":[[[-71.06,42.2885],[-71.0602,42.2889],[-71.06,42.2889],[-71.06,42.2885]]]},"properties":{"id":"usgs-pad-us-fee-managers:9838","name":"Lydon Way Community Garden","kind":"land","category":"public-land","sourceCategory":"public-land","sourceId":"usgs-pad-us-fee-managers","sourceUrl":"https://services.arcgis.com/v01gqwM5QqNysAAi/arcgis/rest/services/Fee_Managers_PADUS/FeatureServer/0","sourceUpdated":"2017-08-14T04:00:00.000Z","publicUse":"PAD-US reports access is not open to the public.","unit":"CITY","origin":"public-catalog"}},{"type":"Feature","id":"usgs-pad-us-fee-managers:98380","geometry":{"type":"Polygon","coordinates":[[[-71.0767,42.2777],[-71.0776,42.2775],[-71.0782,42.2778],[-71.0779,42.278],[-71.0779,42.2778],[-71.0771,42.2777],[-71.0766,42.2779],[-71.0765,42.2779],[-71.0767,42.2777]]]},"properties":{"id":"usgs-pad-us-fee-managers:98380","name":"Taylor Elementary","kind":"land","category":"public-land","sourceCategory":"public-land","sourceId":"usgs-pad-us-fee-managers","sourceUrl":"https://services.arcgis.com/v01gqwM5QqNysAAi/arcgis/rest/services/Fee_Managers_PADUS/FeatureServer/0","sourceUpdated":"2021-06-28T04:00:00.000Z","publicUse":"PAD-US reports open access; verify current manager conditions and restrictions.","unit":"CITY","origin":"public-catalog"}},{"type":"Feature","id":"usgs-pad-us-fee-managers:98381","geometry":{"type":"Polygon","coordinates":[[[-71.0701,42.3036],[-71.0703,42.3036],[-71.0704,42.3038],[-71.0701,42.3036]]]},"properties":{"id":"usgs-pad-us-fee-managers:98381","name":"Tebroc Street Playlot","kind":"land","category":"public-land","sourceCategory":"public-land","sourceId":"usgs-pad-us-fee-managers","sourceUrl":"https://services.arcgis.com/v01gqwM5QqNysAAi/arcgis/rest/services/Fee_Managers_PADUS/FeatureServer/0","sourceUpdated":"2022-02-18T05:00:00.000Z","publicUse":"PAD-US reports open access; verify current manager conditions and restrictions.","unit":"CITY","origin":"public-catalog"}},{"type":"Feature","id":"usgs-pad-us-fee-managers:98382","geometry":{"type":"Polygon","coordinates":[[[-71.0634,42.36],[-71.0635,42.36],[-71.0636,42.3601],[-71.0634,42.36]]]},"properties":{"id":"usgs-pad-us-fee-managers:98382","name":"Temple Street Park","kind":"land","category":"public-land","sourceCategory":"public-land","sourceId":"usgs-pad-us-fee-managers","sourceUrl":"https://services.arcgis.com/v01gqwM5QqNysAAi/arcgis/rest/services/Fee_Managers_PADUS/FeatureServer/0","sourceUpdated":"2023-05-15T04:00:00.000Z","publicUse":"PAD-US reports open access; verify current manager conditions and restrictions.","unit":"CITY","origin":"public-catalog"}},{"type":"Feature","id":"usgs-pad-us-fee-managers:98383","geometry":{"type":"MultiPolygon","coordinates":[[[[-71.0989,42.339],[-71.0984,42.3388],[-71.0983,42.3386],[-71.0989,42.339]]],[[[-71.0973,42.3385],[-71.0975,42.3387],[-71.0971,42.3388],[-71.0973,42.3385]]],[[[-71.0971,42.3385],[-71.0969,42.3389],[-71.0968,42.3389],[-71.0971,42.3385]]],[[[-71.099,42.339],[-71.0999,42.3395],[-71.1008,42.3402],[-71.099,42.339]]],[[[-71.1002,42.3399],[-71.1007,42.3403],[-71.1004,42.3402],[-71.1002,42.3399]]],[[[-71.1002,42.3403],[-71.1002,42.3401],[-71.1008,42.3404],[-71.1002,42.3403]]],[[[-71.101,42.3404],[-71.1029,42.3422],[-71.1029,42.3423],[-71.101,42.3404]]],[[[-71.1007,42.3405],[-71.1,42.3405],[-71.1009,42.3406],[-71.1027,42.3423],[-71.1007,42.3405]]],[[[-71.0942,42.3405],[-71.0959,42.3398],[-71.0968,42.3391],[-71.0959,42.3399],[-71.0942,42.3405]]],[[[-71.0933,42.3408],[-71.0936,42.3408],[-71.0933,42.3408],[-71.0933,42.3408]]],[[[-71.0928,42.3409],[-71.0932,42.3409],[-71.0922,42.3413],[-71.0928,42.3409]]],[[[-71.0975,42.3387],[-71.0987,42.339],[-71.1,42.3399],[-71.1002,42.3402],[-71.0999,42.3405],[-71.1001,42.34],[-71.0995,42.3395],[-71.0982,42.3389],[-71.0975,42.3388],[-71.096,42.3401],[-71.0924,42.3414],[-71.0918,42.342],[-71.0914,42.3433],[-71.0917,42.342],[-71.0922,42.3414],[-71.0959,42.34],[-71.0975,42.3387]]],[[[-71.0914,42.3424],[-71.0914,42.3431],[-71.0911,42.3435],[-71.0914,42.3424]]],[[[-71.0918,42.3415],[-71.0927,42.3402],[-71.0913,42.3424],[-71.091,42.3436],[-71.0906,42.3441],[-71.0918,42.3415]]],[[[-71.0915,42.3433],[-71.0909,42.3441],[-71.0908,42.346],[-71.0908,42.3443],[-71.0915,42.3433]]],[[[-71.0905,42.3456],[-71.0906,42.346],[-71.0904,42.346],[-71.0905,42.3456]]],[[[-71.0905,42.3443],[-71.0907,42.3448],[-71.0903,42.346],[-71.0905,42.3443]]]]},"properties":{"id":"usgs-pad-us-fee-managers:98383","name":"The Fenway I","kind":"land","category":"public-land","sourceCategory":"public-land","sourceId":"usgs-pad-us-fee-managers","sourceUrl":"https://services.arcgis.com/v01gqwM5QqNysAAi/arcgis/rest/services/Fee_Managers_PADUS/FeatureServer/0","sourceUpdated":"2023-05-15T04:00:00.000Z","publicUse":"PAD-US reports open access; verify current manager conditions and restrictions.","unit":"CITY","origin":"public-catalog"}},{"type":"Feature","id":"usgs-pad-us-fee-managers:98384","geometry":{"type":"Polygon","coordinates":[[[-71.0741,42.3202],[-71.0739,42.3201],[-71.074,42.3197],[-71.0748,42.3199],[-71.0748,42.3206],[-71.0741,42.3207],[-71.0741,42.3202]]]},"properties":{"id":"usgs-pad-us-fee-managers:98384","name":"The Food Project Lot #2","kind":"land","category":"public-land","sourceCategory":"public-land","sourceId":"usgs-pad-us-fee-managers","sourceUrl":"https://services.arcgis.com/v01gqwM5QqNysAAi/arcgis/rest/services/Fee_Managers_PADUS/FeatureServer/0","sourceUpdated":"2023-05-15T04:00:00.000Z","publicUse":"PAD-US reports open access; verify current manager conditions and restrictions.","unit":"CITY","origin":"public-catalog"}},{"type":"Feature","id":"usgs-pad-us-fee-managers:98385","geometry":{"type":"Polygon","coordinates":[[[-71.0654,42.3107],[-71.065,42.3104],[-71.0656,42.3102],[-71.0659,42.3107],[-71.0663,42.3108],[-71.0659,42.3111],[-71.0654,42.3107]]]},"properties":{"id":"usgs-pad-us-fee-managers:98385","name":"The Humps","kind":"land","category":"public-land","sourceCategory":"public-land","sourceId":"usgs-pad-us-fee-managers","sourceUrl":"https://services.arcgis.com/v01gqwM5QqNysAAi/arcgis/rest/services/Fee_Managers_PADUS/FeatureServer/0","sourceUpdated":"2023-05-15T04:00:00.000Z","publicUse":"PAD-US reports open access; verify current manager conditions and restrictions.","unit":"CITY","origin":"public-catalog"}},{"type":"Feature","id":"usgs-pad-us-fee-managers:98386","geometry":{"type":"Polygon","coordinates":[[[-71.0341,42.3647],[-71.0358,42.3654],[-71.0357,42.3656],[-71.0341,42.3647]]]},"properties":{"id":"usgs-pad-us-fee-managers:98386","name":"The Rockies","kind":"land","category":"public-land","sourceCategory":"public-land","sourceId":"usgs-pad-us-fee-managers","sourceUrl":"https://services.arcgis.com/v01gqwM5QqNysAAi/arcgis/rest/services/Fee_Managers_PADUS/FeatureServer/0","sourceUpdated":"2023-05-15T04:00:00.000Z","publicUse":"PAD-US reports open access; verify current manager conditions and restrictions.","unit":"CITY","origin":"public-catalog"}},{"type":"Feature","id":"usgs-pad-us-fee-managers:98387","geometry":{"type":"MultiPolygon","coordinates":[[[[-71.0639,42.3751],[-71.0641,42.3753],[-71.0638,42.3751],[-71.0639,42.3751]]],[[[-71.0643,42.3753],[-71.0647,42.3752],[-71.0645,42.3755],[-71.0643,42.3753]]]]},"properties":{"id":"usgs-pad-us-fee-managers:98387","name":"Thompson Square","kind":"land","category":"public-land","sourceCategory":"public-land","sourceId":"usgs-pad-us-fee-managers","sourceUrl":"https://services.arcgis.com/v01gqwM5QqNysAAi/arcgis/rest/services/Fee_Managers_PADUS/FeatureServer/0","sourceUpdated":"2023-05-15T04:00:00.000Z","publicUse":"PAD-US reports open access; verify current manager conditions and restrictions.","unit":"CITY","origin":"public-catalog"}},{"type":"Feature","id":"usgs-pad-us-fee-managers:98388","geometry":{"type":"MultiPolygon","coordinates":[[[[-71.0683,42.2952],[-71.0683,42.2953],[-71.0678,42.2953],[-71.0683,42.2952]]],[[[-71.0678,42.2953],[-71.0678,42.2954],[-71.0672,42.2955],[-71.0678,42.2953]]]]},"properties":{"id":"usgs-pad-us-fee-managers:98388","name":"Tremlett Square","kind":"land","category":"public-land","sourceCategory":"public-land","sourceId":"usgs-pad-us-fee-managers","sourceUrl":"https://services.arcgis.com/v01gqwM5QqNysAAi/arcgis/rest/services/Fee_Managers_PADUS/FeatureServer/0","sourceUpdated":"2023-05-15T04:00:00.000Z","publicUse":"PAD-US reports open access; verify current manager conditions and restrictions.","unit":"CITY","origin":"public-catalog"}},{"type":"Feature","id":"usgs-pad-us-fee-managers:98389","geometry":{"type":"Polygon","coordinates":[[[-71.0385,42.3345],[-71.0389,42.3345],[-71.0389,42.3348],[-71.0385,42.3348],[-71.0385,42.3345]]]},"properties":{"id":"usgs-pad-us-fee-managers:98389","name":"Tynan Elementary","kind":"land","category":"public-land","sourceCategory":"public-land","sourceId":"usgs-pad-us-fee-managers","sourceUrl":"https://services.arcgis.com/v01gqwM5QqNysAAi/arcgis/rest/services/Fee_Managers_PADUS/FeatureServer/0","sourceUpdated":"2021-06-28T04:00:00.000Z","publicUse":"PAD-US reports open access; verify current manager conditions and restrictions.","unit":"CITY","origin":"public-catalog"}},{"type":"Feature","id":"usgs-pad-us-fee-managers:9839","geometry":{"type":"Polygon","coordinates":[[[-71.073,42.3255],[-71.0733,42.3256],[-71.0729,42.3258],[-71.073,42.3255]]]},"properties":{"id":"usgs-pad-us-fee-managers:9839","name":"Magazine Street Community Garden","kind":"land","category":"public-land","sourceCategory":"public-land","sourceId":"usgs-pad-us-fee-managers","sourceUrl":"https://services.arcgis.com/v01gqwM5QqNysAAi/arcgis/rest/services/Fee_Managers_PADUS/FeatureServer/0","sourceUpdated":"2017-08-14T04:00:00.000Z","publicUse":"PAD-US reports access is not open to the public.","unit":"CITY","origin":"public-catalog"}},{"type":"Feature","id":"usgs-pad-us-fee-managers:98390","geometry":{"type":"MultiPolygon","coordinates":[[[[-71.138,42.3532],[-71.1374,42.3535],[-71.1369,42.3534],[-71.138,42.3532]]],[[[-71.1366,42.3536],[-71.1367,42.3537],[-71.1366,42.3538],[-71.1366,42.3536]]]]},"properties":{"id":"usgs-pad-us-fee-managers:98390","name":"Union Square Plaza","kind":"land","category":"public-land","sourceCategory":"public-land","sourceId":"usgs-pad-us-fee-managers","sourceUrl":"https://services.arcgis.com/v01gqwM5QqNysAAi/arcgis/rest/services/Fee_Managers_PADUS/FeatureServer/0","sourceUpdated":"2023-05-15T04:00:00.000Z","publicUse":"PAD-US reports open access; verify current manager conditions and restrictions.","unit":"CITY","origin":"public-catalog"}},{"type":"Feature","id":"usgs-pad-us-fee-managers:98391","geometry":{"type":"Polygon","coordinates":[[[-71.0649,42.2682],[-71.0652,42.2681],[-71.0655,42.2684],[-71.0652,42.2685],[-71.0649,42.2682]]]},"properties":{"id":"usgs-pad-us-fee-managers:98391","name":"Unkown Park","kind":"land","category":"public-land","sourceCategory":"public-land","sourceId":"usgs-pad-us-fee-managers","sourceUrl":"https://services.arcgis.com/v01gqwM5QqNysAAi/arcgis/rest/services/Fee_Managers_PADUS/FeatureServer/0","sourceUpdated":"2021-04-21T04:00:00.000Z","publicUse":"PAD-US reports open access; verify current manager conditions and restrictions.","unit":"CITY","origin":"public-catalog"}},{"type":"Feature","id":"usgs-pad-us-fee-managers:98392","geometry":{"type":"Polygon","coordinates":[[[-71.1155,42.3693],[-71.1157,42.369],[-71.116,42.369],[-71.1158,42.3693],[-71.1163,42.3697],[-71.1155,42.3693]]]},"properties":{"id":"usgs-pad-us-fee-managers:98392","name":"Unkown Park","kind":"land","category":"public-land","sourceCategory":"public-land","sourceId":"usgs-pad-us-fee-managers","sourceUrl":"https://services.arcgis.com/v01gqwM5QqNysAAi/arcgis/rest/services/Fee_Managers_PADUS/FeatureServer/0","sourceUpdated":"2023-05-15T04:00:00.000Z","publicUse":"PAD-US reports open access; verify current manager conditions and restrictions.","unit":"CITY","origin":"public-catalog"}},{"type":"Feature","id":"usgs-pad-us-fee-managers:98393","geometry":{"type":"MultiPolygon","coordinates":[[[[-71.1534,42.2956],[-71.1536,42.2957],[-71.1507,42.2961],[-71.1534,42.2956]]],[[[-71.1484,42.2965],[-71.1487,42.2963],[-71.1504,42.2961],[-71.1484,42.2965]]]]},"properties":{"id":"usgs-pad-us-fee-managers:98393","name":"Vfw Parkway Median","kind":"land","category":"public-land","sourceCategory":"public-land","sourceId":"usgs-pad-us-fee-managers","sourceUrl":"https://services.arcgis.com/v01gqwM5QqNysAAi/arcgis/rest/services/Fee_Managers_PADUS/FeatureServer/0","sourceUpdated":"2023-05-15T04:00:00.000Z","publicUse":"PAD-US reports open access; verify current manager conditions and restrictions.","unit":"CITY","origin":"public-catalog"}},{"type":"Feature","id":"usgs-pad-us-fee-managers:98394","geometry":{"type":"Polygon","coordinates":[[[-71.0951,42.3157],[-71.0954,42.3157],[-71.0953,42.3159],[-71.0951,42.3157]]]},"properties":{"id":"usgs-pad-us-fee-managers:98394","name":"Waldren Road Garden","kind":"land","category":"public-land","sourceCategory":"public-land","sourceId":"usgs-pad-us-fee-managers","sourceUrl":"https://services.arcgis.com/v01gqwM5QqNysAAi/arcgis/rest/services/Fee_Managers_PADUS/FeatureServer/0","sourceUpdated":"2023-05-15T04:00:00.000Z","publicUse":"PAD-US reports open access; verify current manager conditions and restrictions.","unit":"CITY","origin":"public-catalog"}},{"type":"Feature","id":"usgs-pad-us-fee-managers:98395","geometry":{"type":"Polygon","coordinates":[[[-71.0957,42.3152],[-71.0961,42.3154],[-71.0957,42.3152],[-71.0957,42.3152]]]},"properties":{"id":"usgs-pad-us-fee-managers:98395","name":"Walnut Park","kind":"land","category":"public-land","sourceCategory":"public-land","sourceId":"usgs-pad-us-fee-managers","sourceUrl":"https://services.arcgis.com/v01gqwM5QqNysAAi/arcgis/rest/services/Fee_Managers_PADUS/FeatureServer/0","sourceUpdated":"2021-03-14T05:00:00.000Z","publicUse":"PAD-US reports open access; verify current manager conditions and restrictions.","unit":"CITY","origin":"public-catalog"}},{"type":"Feature","id":"usgs-pad-us-fee-managers:98396","geometry":{"type":"Polygon","coordinates":[[[-71.0675,42.3405],[-71.0679,42.3406],[-71.0677,42.3407],[-71.0675,42.3405]]]},"properties":{"id":"usgs-pad-us-fee-managers:98396","name":"Waltham Square","kind":"land","category":"public-land","sourceCategory":"public-land","sourceId":"usgs-pad-us-fee-managers","sourceUrl":"https://services.arcgis.com/v01gqwM5QqNysAAi/arcgis/rest/services/Fee_Managers_PADUS/FeatureServer/0","sourceUpdated":"2023-05-15T04:00:00.000Z","publicUse":"PAD-US reports open access; verify current manager conditions and restrictions.","unit":"CITY","origin":"public-catalog"}},{"type":"Feature","id":"usgs-pad-us-fee-managers:98397","geometry":{"type":"MultiPolygon","coordinates":[[[[-71.0644,42.3782],[-71.0649,42.3777],[-71.0652,42.3779],[-71.0644,42.3782]]],[[[-71.064,42.3786],[-71.0642,42.3784],[-71.0644,42.3785],[-71.0642,42.3787],[-71.064,42.3786]]]]},"properties":{"id":"usgs-pad-us-fee-managers:98397","name":"Warren-Prescott Elementary","kind":"land","category":"public-land","sourceCategory":"public-land","sourceId":"usgs-pad-us-fee-managers","sourceUrl":"https://services.arcgis.com/v01gqwM5QqNysAAi/arcgis/rest/services/Fee_Managers_PADUS/FeatureServer/0","sourceUpdated":"2021-06-28T04:00:00.000Z","publicUse":"PAD-US reports open access; verify current manager conditions and restrictions.","unit":"CITY","origin":"public-catalog"}},{"type":"Feature","id":"usgs-pad-us-fee-managers:98398","geometry":{"type":"MultiPolygon","coordinates":[[[[-71.0573,42.325],[-71.0574,42.325],[-71.0571,42.3254],[-71.0573,42.325]]],[[[-71.057,42.3254],[-71.057,42.3249],[-71.0572,42.325],[-71.0571,42.3255],[-71.057,42.3254]]]]},"properties":{"id":"usgs-pad-us-fee-managers:98398","name":"Washburn Street Green","kind":"land","category":"public-land","sourceCategory":"public-land","sourceId":"usgs-pad-us-fee-managers","sourceUrl":"https://services.arcgis.com/v01gqwM5QqNysAAi/arcgis/rest/services/Fee_Managers_PADUS/FeatureServer/0","sourceUpdated":"2023-05-15T04:00:00.000Z","publicUse":"PAD-US reports open access; verify current manager conditions and restrictions.","unit":"CITY","origin":"public-catalog"}},{"type":"Feature","id":"usgs-pad-us-fee-managers:98399","geometry":{"type":"Polygon","coordinates":[[[-71.0571,42.3256],[-71.0572,42.3256],[-71.0572,42.3256],[-71.0571,42.3256]]]},"properties":{"id":"usgs-pad-us-fee-managers:98399","name":"Washburn Street Green II","kind":"land","category":"public-land","sourceCategory":"public-land","sourceId":"usgs-pad-us-fee-managers","sourceUrl":"https://services.arcgis.com/v01gqwM5QqNysAAi/arcgis/rest/services/Fee_Managers_PADUS/FeatureServer/0","sourceUpdated":"2021-03-14T05:00:00.000Z","publicUse":"PAD-US reports open access; verify current manager conditions and restrictions.","unit":"CITY","origin":"public-catalog"}},{"type":"Feature","id":"usgs-pad-us-fee-managers:9840","geometry":{"type":"Polygon","coordinates":[[[-71.1051,42.3055],[-71.105,42.305],[-71.1055,42.3048],[-71.1058,42.305],[-71.1056,42.3051],[-71.1062,42.3054],[-71.1057,42.3054],[-71.105,42.3059],[-71.1051,42.3055]]]},"properties":{"id":"usgs-pad-us-fee-managers:9840","name":"Minton Stable Community Garden","kind":"land","category":"public-land","sourceCategory":"public-land","sourceId":"usgs-pad-us-fee-managers","sourceUrl":"https://services.arcgis.com/v01gqwM5QqNysAAi/arcgis/rest/services/Fee_Managers_PADUS/FeatureServer/0","sourceUpdated":"2017-08-14T04:00:00.000Z","publicUse":"PAD-US reports access is not open to the public.","unit":"CITY","origin":"public-catalog"}},{"type":"Feature","id":"usgs-pad-us-fee-managers:98400","geometry":{"type":"Polygon","coordinates":[[[-71.0541,42.3662],[-71.0542,42.3661],[-71.0544,42.3662],[-71.0541,42.3662]]]},"properties":{"id":"usgs-pad-us-fee-managers:98400","name":"Webster Avenue Playground","kind":"land","category":"public-land","sourceCategory":"public-land","sourceId":"usgs-pad-us-fee-managers","sourceUrl":"https://services.arcgis.com/v01gqwM5QqNysAAi/arcgis/rest/services/Fee_Managers_PADUS/FeatureServer/0","sourceUpdated":"2023-05-15T04:00:00.000Z","publicUse":"PAD-US reports open access; verify current manager conditions and restrictions.","unit":"CITY","origin":"public-catalog"}},{"type":"Feature","id":"usgs-pad-us-fee-managers:98401","geometry":{"type":"Polygon","coordinates":[[[-71.1257,42.263],[-71.1263,42.263],[-71.1259,42.2633],[-71.1257,42.263]]]},"properties":{"id":"usgs-pad-us-fee-managers:98401","name":"West Austin Rock","kind":"land","category":"public-land","sourceCategory":"public-land","sourceId":"usgs-pad-us-fee-managers","sourceUrl":"https://services.arcgis.com/v01gqwM5QqNysAAi/arcgis/rest/services/Fee_Managers_PADUS/FeatureServer/0","sourceUpdated":"2023-05-15T04:00:00.000Z","publicUse":"PAD-US reports open access; verify current manager conditions and restrictions.","unit":"CITY","origin":"public-catalog"}},{"type":"Feature","id":"usgs-pad-us-fee-managers:98402","geometry":{"type":"Polygon","coordinates":[[[-71.1164,42.2564],[-71.1166,42.2562],[-71.1172,42.2566],[-71.1161,42.2576],[-71.1155,42.2573],[-71.1156,42.2569],[-71.1164,42.2564]]]},"properties":{"id":"usgs-pad-us-fee-managers:98402","name":"West Street","kind":"land","category":"public-land","sourceCategory":"public-land","sourceId":"usgs-pad-us-fee-managers","sourceUrl":"https://services.arcgis.com/v01gqwM5QqNysAAi/arcgis/rest/services/Fee_Managers_PADUS/FeatureServer/0","sourceUpdated":"2023-05-15T04:00:00.000Z","publicUse":"PAD-US reports open access; verify current manager conditions and restrictions.","unit":"CITY","origin":"public-catalog"}},{"type":"Feature","id":"usgs-pad-us-fee-managers:98403","geometry":{"type":"Polygon","coordinates":[[[-71.1331,42.2518],[-71.1337,42.2513],[-71.1339,42.2515],[-71.1333,42.252],[-71.1331,42.2518]]]},"properties":{"id":"usgs-pad-us-fee-managers:98403","name":"William Ellery Channing School","kind":"land","category":"public-land","sourceCategory":"public-land","sourceId":"usgs-pad-us-fee-managers","sourceUrl":"https://services.arcgis.com/v01gqwM5QqNysAAi/arcgis/rest/services/Fee_Managers_PADUS/FeatureServer/0","sourceUpdated":"2021-06-28T04:00:00.000Z","publicUse":"PAD-US reports open access; verify current manager conditions and restrictions.","unit":"CITY","origin":"public-catalog"}},{"type":"Feature","id":"usgs-pad-us-fee-managers:98404","geometry":{"type":"Polygon","coordinates":[[[-71.0654,42.2991],[-71.0655,42.2992],[-71.0653,42.2992],[-71.0654,42.2991]]]},"properties":{"id":"usgs-pad-us-fee-managers:98404","name":"William S. Britton Square","kind":"land","category":"public-land","sourceCategory":"public-land","sourceId":"usgs-pad-us-fee-managers","sourceUrl":"https://services.arcgis.com/v01gqwM5QqNysAAi/arcgis/rest/services/Fee_Managers_PADUS/FeatureServer/0","sourceUpdated":"2023-05-15T04:00:00.000Z","publicUse":"PAD-US reports open access; verify current manager conditions and restrictions.","unit":"CITY","origin":"public-catalog"}},{"type":"Feature","id":"usgs-pad-us-fee-managers:98405","geometry":{"type":"MultiPolygon","coordinates":[[[[-71.1039,42.3043],[-71.104,42.304],[-71.1042,42.3043],[-71.1039,42.3043]]],[[[-71.1045,42.306],[-71.1046,42.3058],[-71.105,42.3059],[-71.1045,42.306]]]]},"properties":{"id":"usgs-pad-us-fee-managers:98405","name":"Williams Street Iii","kind":"land","category":"public-land","sourceCategory":"public-land","sourceId":"usgs-pad-us-fee-managers","sourceUrl":"https://services.arcgis.com/v01gqwM5QqNysAAi/arcgis/rest/services/Fee_Managers_PADUS/FeatureServer/0","sourceUpdated":"2023-05-15T04:00:00.000Z","publicUse":"PAD-US reports open access; verify current manager conditions and restrictions.","unit":"CITY","origin":"public-catalog"}},{"type":"Feature","id":"usgs-pad-us-fee-managers:98406","geometry":{"type":"Polygon","coordinates":[[[-71.146,42.3409],[-71.1461,42.341],[-71.1458,42.3411],[-71.146,42.3409]]]},"properties":{"id":"usgs-pad-us-fee-managers:98406","name":"Wilson Park","kind":"land","category":"public-land","sourceCategory":"public-land","sourceId":"usgs-pad-us-fee-managers","sourceUrl":"https://services.arcgis.com/v01gqwM5QqNysAAi/arcgis/rest/services/Fee_Managers_PADUS/FeatureServer/0","sourceUpdated":"2023-05-15T04:00:00.000Z","publicUse":"PAD-US reports open access; verify current manager conditions and restrictions.","unit":"CITY","origin":"public-catalog"}},{"type":"Feature","id":"usgs-pad-us-fee-managers:98407","geometry":{"type":"Polygon","coordinates":[[[-71.155,42.3477],[-71.1552,42.3472],[-71.1555,42.3472],[-71.1555,42.3475],[-71.1552,42.3474],[-71.155,42.3477]]]},"properties":{"id":"usgs-pad-us-fee-managers:98407","name":"Winship Elementary","kind":"land","category":"public-land","sourceCategory":"public-land","sourceId":"usgs-pad-us-fee-managers","sourceUrl":"https://services.arcgis.com/v01gqwM5QqNysAAi/arcgis/rest/services/Fee_Managers_PADUS/FeatureServer/0","sourceUpdated":"2021-06-28T04:00:00.000Z","publicUse":"PAD-US reports open access; verify current manager conditions and restrictions.","unit":"CITY","origin":"public-catalog"}},{"type":"Feature","id":"usgs-pad-us-fee-managers:98408","geometry":{"type":"Polygon","coordinates":[[[-70.9846,42.3945],[-70.9851,42.3945],[-70.985,42.3946],[-70.9846,42.3945]]]},"properties":{"id":"usgs-pad-us-fee-managers:98408","name":"Winthrop Street Mini Park","kind":"land","category":"public-land","sourceCategory":"public-land","sourceId":"usgs-pad-us-fee-managers","sourceUrl":"https://services.arcgis.com/v01gqwM5QqNysAAi/arcgis/rest/services/Fee_Managers_PADUS/FeatureServer/0","sourceUpdated":"2023-05-15T04:00:00.000Z","publicUse":"PAD-US reports open access; verify current manager conditions and restrictions.","unit":"CITY","origin":"public-catalog"}},{"type":"Feature","id":"usgs-pad-us-fee-managers:98409","geometry":{"type":"Polygon","coordinates":[[[-71.0913,42.3142],[-71.0914,42.3143],[-71.0914,42.3144],[-71.0913,42.3142]]]},"properties":{"id":"usgs-pad-us-fee-managers:98409","name":"Wolf Square","kind":"land","category":"public-land","sourceCategory":"public-land","sourceId":"usgs-pad-us-fee-managers","sourceUrl":"https://services.arcgis.com/v01gqwM5QqNysAAi/arcgis/rest/services/Fee_Managers_PADUS/FeatureServer/0","sourceUpdated":"2023-05-15T04:00:00.000Z","publicUse":"PAD-US reports open access; verify current manager conditions and restrictions.","unit":"CITY","origin":"public-catalog"}},{"type":"Feature","id":"usgs-pad-us-fee-managers:9841","geometry":{"type":"Polygon","coordinates":[[[-71.0975,42.3302],[-71.0976,42.33],[-71.0982,42.3302],[-71.0979,42.3304],[-71.0975,42.3302]]]},"properties":{"id":"usgs-pad-us-fee-managers:9841","name":"Mission Hill Community Garden","kind":"land","category":"public-land","sourceCategory":"public-land","sourceId":"usgs-pad-us-fee-managers","sourceUrl":"https://services.arcgis.com/v01gqwM5QqNysAAi/arcgis/rest/services/Fee_Managers_PADUS/FeatureServer/0","sourceUpdated":"2017-08-14T04:00:00.000Z","publicUse":"PAD-US reports access is not open to the public.","unit":"CITY","origin":"public-catalog"}},{"type":"Feature","id":"usgs-pad-us-fee-managers:98410","geometry":{"type":"Polygon","coordinates":[[[-71.0743,42.3159],[-71.0742,42.3151],[-71.075,42.3149],[-71.075,42.3151],[-71.0749,42.3151],[-71.0747,42.3154],[-71.0749,42.3156],[-71.0748,42.3158],[-71.0751,42.3157],[-71.075,42.3159],[-71.0745,42.3159],[-71.0746,42.3161],[-71.0743,42.3159]]]},"properties":{"id":"usgs-pad-us-fee-managers:98410","name":"Woodcliff","kind":"land","category":"public-land","sourceCategory":"public-land","sourceId":"usgs-pad-us-fee-managers","sourceUrl":"https://services.arcgis.com/v01gqwM5QqNysAAi/arcgis/rest/services/Fee_Managers_PADUS/FeatureServer/0","sourceUpdated":"2023-05-15T04:00:00.000Z","publicUse":"PAD-US reports open access; verify current manager conditions and restrictions.","unit":"CITY","origin":"public-catalog"}},{"type":"Feature","id":"usgs-pad-us-fee-managers:98411","geometry":{"type":"Polygon","coordinates":[[[-71.1125,42.2555],[-71.1126,42.2556],[-71.1125,42.2557],[-71.1125,42.2555]]]},"properties":{"id":"usgs-pad-us-fee-managers:98411","name":"Woodworth Square","kind":"land","category":"public-land","sourceCategory":"public-land","sourceId":"usgs-pad-us-fee-managers","sourceUrl":"https://services.arcgis.com/v01gqwM5QqNysAAi/arcgis/rest/services/Fee_Managers_PADUS/FeatureServer/0","sourceUpdated":"2023-05-15T04:00:00.000Z","publicUse":"PAD-US reports open access; verify current manager conditions and restrictions.","unit":"CITY","origin":"public-catalog"}},{"type":"Feature","id":"usgs-pad-us-fee-managers:98412","geometry":{"type":"MultiPolygon","coordinates":[[[[-71.0951,42.2822],[-71.0946,42.2817],[-71.0953,42.2817],[-71.0951,42.2822]]],[[[-71.0954,42.283],[-71.0952,42.2829],[-71.0956,42.2825],[-71.0958,42.2826],[-71.0954,42.283]]]]},"properties":{"id":"usgs-pad-us-fee-managers:98412","name":"Young Achievers K-8","kind":"land","category":"public-land","sourceCategory":"public-land","sourceId":"usgs-pad-us-fee-managers","sourceUrl":"https://services.arcgis.com/v01gqwM5QqNysAAi/arcgis/rest/services/Fee_Managers_PADUS/FeatureServer/0","sourceUpdated":"2021-06-28T04:00:00.000Z","publicUse":"PAD-US reports open access; verify current manager conditions and restrictions.","unit":"CITY","origin":"public-catalog"}},{"type":"Feature","id":"usgs-pad-us-fee-managers:98413","geometry":{"type":"Polygon","coordinates":[[[-71.0686,42.3397],[-71.069,42.3398],[-71.0687,42.34],[-71.0685,42.3398],[-71.0686,42.3397]]]},"properties":{"id":"usgs-pad-us-fee-managers:98413","name":"Harrison/Plympton Basketball Court","kind":"land","category":"public-land","sourceCategory":"public-land","sourceId":"usgs-pad-us-fee-managers","sourceUrl":"https://services.arcgis.com/v01gqwM5QqNysAAi/arcgis/rest/services/Fee_Managers_PADUS/FeatureServer/0","sourceUpdated":"2023-05-15T04:00:00.000Z","publicUse":"PAD-US reports open access; verify current manager conditions and restrictions.","unit":"CITY","origin":"public-catalog"}},{"type":"Feature","id":"usgs-pad-us-fee-managers:98414","geometry":{"type":"Polygon","coordinates":[[[-71.1232,42.2793],[-71.1237,42.2791],[-71.1239,42.2794],[-71.1234,42.2796],[-71.1235,42.2797],[-71.1228,42.2803],[-71.1231,42.28],[-71.1225,42.2796],[-71.1232,42.2793]]]},"properties":{"id":"usgs-pad-us-fee-managers:98414","name":"Canterbury I","kind":"land","category":"public-land","sourceCategory":"public-land","sourceId":"usgs-pad-us-fee-managers","sourceUrl":"https://services.arcgis.com/v01gqwM5QqNysAAi/arcgis/rest/services/Fee_Managers_PADUS/FeatureServer/0","sourceUpdated":"2023-05-15T04:00:00.000Z","publicUse":"PAD-US reports open access; verify current manager conditions and restrictions.","unit":"CITY","origin":"public-catalog"}},{"type":"Feature","id":"usgs-pad-us-fee-managers:98415","geometry":{"type":"Polygon","coordinates":[[[-71.0866,42.3253],[-71.0868,42.325],[-71.087,42.3251],[-71.0868,42.3254],[-71.0866,42.3253]]]},"properties":{"id":"usgs-pad-us-fee-managers:98415","name":"Tommy'S Rock (Alpine)","kind":"land","category":"public-land","sourceCategory":"public-land","sourceId":"usgs-pad-us-fee-managers","sourceUrl":"https://services.arcgis.com/v01gqwM5QqNysAAi/arcgis/rest/services/Fee_Managers_PADUS/FeatureServer/0","sourceUpdated":"2023-05-15T04:00:00.000Z","publicUse":"PAD-US reports open access; verify current manager conditions and restrictions.","unit":"CITY","origin":"public-catalog"}},{"type":"Feature","id":"usgs-pad-us-fee-managers:98416","geometry":{"type":"Polygon","coordinates":[[[-71.0856,42.2941],[-71.086,42.2934],[-71.0876,42.2939],[-71.0874,42.2946],[-71.0856,42.2941]]]},"properties":{"id":"usgs-pad-us-fee-managers:98416","name":"Blue Hill Club Recreation Center","kind":"land","category":"public-land","sourceCategory":"public-land","sourceId":"usgs-pad-us-fee-managers","sourceUrl":"https://services.arcgis.com/v01gqwM5QqNysAAi/arcgis/rest/services/Fee_Managers_PADUS/FeatureServer/0","sourceUpdated":"2023-05-15T04:00:00.000Z","publicUse":"PAD-US reports open access; verify current manager conditions and restrictions.","unit":"CITY","origin":"public-catalog"}},{"type":"Feature","id":"usgs-pad-us-fee-managers:9842","geometry":{"type":"Polygon","coordinates":[[[-71.0732,42.2953],[-71.0729,42.2946],[-71.0739,42.2944],[-71.0741,42.2949],[-71.0732,42.2953]]]},"properties":{"id":"usgs-pad-us-fee-managers:9842","name":"Nightingale Community Garden","kind":"land","category":"public-land","sourceCategory":"public-land","sourceId":"usgs-pad-us-fee-managers","sourceUrl":"https://services.arcgis.com/v01gqwM5QqNysAAi/arcgis/rest/services/Fee_Managers_PADUS/FeatureServer/0","sourceUpdated":"2017-08-14T04:00:00.000Z","publicUse":"PAD-US reports access is not open to the public.","unit":"CITY","origin":"public-catalog"}},{"type":"Feature","id":"usgs-pad-us-fee-managers:9843","geometry":{"type":"Polygon","coordinates":[[[-71.0672,42.305],[-71.0673,42.3051],[-71.0671,42.3053],[-71.0672,42.305]]]},"properties":{"id":"usgs-pad-us-fee-managers:9843","name":"Norton Stonehurst Streets Community Garden","kind":"land","category":"public-land","sourceCategory":"public-land","sourceId":"usgs-pad-us-fee-managers","sourceUrl":"https://services.arcgis.com/v01gqwM5QqNysAAi/arcgis/rest/services/Fee_Managers_PADUS/FeatureServer/0","sourceUpdated":"2017-08-14T04:00:00.000Z","publicUse":"PAD-US reports access is not open to the public.","unit":"CITY","origin":"public-catalog"}},{"type":"Feature","id":"usgs-pad-us-fee-managers:9844","geometry":{"type":"Polygon","coordinates":[[[-71.1066,42.3187],[-71.1062,42.3185],[-71.1067,42.3182],[-71.107,42.3184],[-71.1066,42.3187]]]},"properties":{"id":"usgs-pad-us-fee-managers:9844","name":"Paul Gore Beecher Streets Community Garden","kind":"land","category":"public-land","sourceCategory":"public-land","sourceId":"usgs-pad-us-fee-managers","sourceUrl":"https://services.arcgis.com/v01gqwM5QqNysAAi/arcgis/rest/services/Fee_Managers_PADUS/FeatureServer/0","sourceUpdated":"2017-08-14T04:00:00.000Z","publicUse":"PAD-US reports access is not open to the public.","unit":"CITY","origin":"public-catalog"}},{"type":"Feature","id":"usgs-pad-us-fee-managers:9845","geometry":{"type":"Polygon","coordinates":[[[-71.1075,42.3249],[-71.1077,42.3249],[-71.1077,42.325],[-71.1075,42.3249]]]},"properties":{"id":"usgs-pad-us-fee-managers:9845","name":"Roundhill Street Community Garden","kind":"land","category":"public-land","sourceCategory":"public-land","sourceId":"usgs-pad-us-fee-managers","sourceUrl":"https://services.arcgis.com/v01gqwM5QqNysAAi/arcgis/rest/services/Fee_Managers_PADUS/FeatureServer/0","sourceUpdated":"2017-08-14T04:00:00.000Z","publicUse":"PAD-US reports access is not open to the public.","unit":"CITY","origin":"public-catalog"}},{"type":"Feature","id":"usgs-pad-us-fee-managers:9846","geometry":{"type":"Polygon","coordinates":[[[-71.0792,42.316],[-71.0794,42.3158],[-71.0797,42.316],[-71.0792,42.3164],[-71.079,42.3162],[-71.0792,42.316]]]},"properties":{"id":"usgs-pad-us-fee-managers:9846","name":"Savin Maywood Streets Community Garden","kind":"land","category":"public-land","sourceCategory":"public-land","sourceId":"usgs-pad-us-fee-managers","sourceUrl":"https://services.arcgis.com/v01gqwM5QqNysAAi/arcgis/rest/services/Fee_Managers_PADUS/FeatureServer/0","sourceUpdated":"2017-08-14T04:00:00.000Z","publicUse":"PAD-US reports access is not open to the public.","unit":"CITY","origin":"public-catalog"}},{"type":"Feature","id":"usgs-pad-us-fee-managers:9847","geometry":{"type":"Polygon","coordinates":[[[-71.0757,42.2937],[-71.076,42.2937],[-71.076,42.2938],[-71.0757,42.2937]]]},"properties":{"id":"usgs-pad-us-fee-managers:9847","name":"Spencer Street Community Garden","kind":"land","category":"public-land","sourceCategory":"public-land","sourceId":"usgs-pad-us-fee-managers","sourceUrl":"https://services.arcgis.com/v01gqwM5QqNysAAi/arcgis/rest/services/Fee_Managers_PADUS/FeatureServer/0","sourceUpdated":"2017-08-14T04:00:00.000Z","publicUse":"PAD-US reports access is not open to the public.","unit":"CITY","origin":"public-catalog"}},{"type":"Feature","id":"usgs-pad-us-fee-managers:9848","geometry":{"type":"Polygon","coordinates":[[[-71.0762,42.2925],[-71.0763,42.2928],[-71.0761,42.2928],[-71.076,42.2926],[-71.0762,42.2925]]]},"properties":{"id":"usgs-pad-us-fee-managers:9848","name":"Wheatland Avenue Community Garden","kind":"land","category":"public-land","sourceCategory":"public-land","sourceId":"usgs-pad-us-fee-managers","sourceUrl":"https://services.arcgis.com/v01gqwM5QqNysAAi/arcgis/rest/services/Fee_Managers_PADUS/FeatureServer/0","sourceUpdated":"2017-08-14T04:00:00.000Z","publicUse":"PAD-US reports access is not open to the public.","unit":"CITY","origin":"public-catalog"}},{"type":"Feature","id":"usgs-pad-us-fee-managers:9849","geometry":{"type":"Polygon","coordinates":[[[-71.0817,42.3262],[-71.082,42.326],[-71.0819,42.3263],[-71.0817,42.3262]]]},"properties":{"id":"usgs-pad-us-fee-managers:9849","name":"Winthrop Street Community Garden","kind":"land","category":"public-land","sourceCategory":"public-land","sourceId":"usgs-pad-us-fee-managers","sourceUrl":"https://services.arcgis.com/v01gqwM5QqNysAAi/arcgis/rest/services/Fee_Managers_PADUS/FeatureServer/0","sourceUpdated":"2017-08-14T04:00:00.000Z","publicUse":"PAD-US reports access is not open to the public.","unit":"CITY","origin":"public-catalog"}},{"type":"Feature","id":"usgs-pad-us-fee-managers:9850","geometry":{"type":"Polygon","coordinates":[[[-71.1927,42.2621],[-71.1931,42.2612],[-71.1931,42.2608],[-71.1955,42.2603],[-71.1942,42.2619],[-71.1934,42.2614],[-71.1931,42.2619],[-71.1958,42.2623],[-71.1958,42.2629],[-71.1954,42.2635],[-71.1944,42.2633],[-71.1927,42.2621]]]},"properties":{"id":"usgs-pad-us-fee-managers:9850","name":"Charles River Watershed","kind":"land","category":"public-land","sourceCategory":"public-land","sourceId":"usgs-pad-us-fee-managers","sourceUrl":"https://services.arcgis.com/v01gqwM5QqNysAAi/arcgis/rest/services/Fee_Managers_PADUS/FeatureServer/0","sourceUpdated":"2017-08-14T04:00:00.000Z","publicUse":"PAD-US reports access is not open to the public.","unit":"USACE","origin":"public-catalog"}},{"type":"Feature","id":"usgs-pad-us-fee-managers:9851","geometry":{"type":"Polygon","coordinates":[[[-71.2926,42.2643],[-71.2921,42.2643],[-71.2918,42.2639],[-71.292,42.2636],[-71.2913,42.2632],[-71.2914,42.2627],[-71.2922,42.2624],[-71.2927,42.2618],[-71.2938,42.2615],[-71.2943,42.2618],[-71.2945,42.2636],[-71.2959,42.2624],[-71.2955,42.2641],[-71.2939,42.2641],[-71.2934,42.2646],[-71.2926,42.2643]]]},"properties":{"id":"usgs-pad-us-fee-managers:9851","name":"Bartlett Pines Conservation Area","kind":"land","category":"public-land","sourceCategory":"public-land","sourceId":"usgs-pad-us-fee-managers","sourceUrl":"https://services.arcgis.com/v01gqwM5QqNysAAi/arcgis/rest/services/Fee_Managers_PADUS/FeatureServer/0","sourceUpdated":"2017-08-14T04:00:00.000Z","publicUse":"PAD-US reports access is not open to the public.","unit":"USACE","origin":"public-catalog"}},{"type":"Feature","id":"usgs-pad-us-fee-managers:9856","geometry":{"type":"Polygon","coordinates":[[[-72.8239,42.3603],[-72.824,42.3603],[-72.8241,42.3608],[-72.8239,42.3603]]]},"properties":{"id":"usgs-pad-us-fee-managers:9856","name":"Krug Sugarbush","kind":"land","category":"public-land","sourceCategory":"public-land","sourceId":"usgs-pad-us-fee-managers","sourceUrl":"https://services.arcgis.com/v01gqwM5QqNysAAi/arcgis/rest/services/Fee_Managers_PADUS/FeatureServer/0","sourceUpdated":"2017-08-14T04:00:00.000Z","publicUse":"PAD-US reports access is not open to the public.","unit":"SPR","origin":"public-catalog"}},{"type":"Feature","id":"usgs-pad-us-fee-managers:9857","geometry":{"type":"Polygon","coordinates":[[[-71.2962,42.4353],[-71.2967,42.4346],[-71.298,42.4352],[-71.2975,42.436],[-71.2971,42.4356],[-71.2962,42.4353]]]},"properties":{"id":"usgs-pad-us-fee-managers:9857","name":"Wheeler Farm","kind":"land","category":"public-land","sourceCategory":"public-land","sourceId":"usgs-pad-us-fee-managers","sourceUrl":"https://services.arcgis.com/v01gqwM5QqNysAAi/arcgis/rest/services/Fee_Managers_PADUS/FeatureServer/0","sourceUpdated":"2017-08-14T04:00:00.000Z","publicUse":"PAD-US reports access is not open to the public.","unit":"CITY","origin":"public-catalog"}},{"type":"Feature","id":"usgs-pad-us-fee-managers:9859","geometry":{"type":"Polygon","coordinates":[[[-71.8786,42.3555],[-71.8801,42.3559],[-71.88,42.356],[-71.8786,42.3555]]]},"properties":{"id":"usgs-pad-us-fee-managers:9859","name":"Mas Eagle Lake Watershed Preservation Restriction","kind":"land","category":"public-land","sourceCategory":"public-land","sourceId":"usgs-pad-us-fee-managers","sourceUrl":"https://services.arcgis.com/v01gqwM5QqNysAAi/arcgis/rest/services/Fee_Managers_PADUS/FeatureServer/0","sourceUpdated":"2017-08-14T04:00:00.000Z","publicUse":"PAD-US reports access is not open to the public.","unit":"SDC","origin":"public-catalog"}},{"type":"Feature","id":"usgs-pad-us-fee-managers:9860","geometry":{"type":"Polygon","coordinates":[[[-71.1495,42.4306],[-71.1499,42.4303],[-71.1499,42.4306],[-71.1495,42.4306]]]},"properties":{"id":"usgs-pad-us-fee-managers:9860","name":"Medford Boat Club","kind":"land","category":"public-land","sourceCategory":"public-land","sourceId":"usgs-pad-us-fee-managers","sourceUrl":"https://services.arcgis.com/v01gqwM5QqNysAAi/arcgis/rest/services/Fee_Managers_PADUS/FeatureServer/0","sourceUpdated":"2017-08-14T04:00:00.000Z","publicUse":"PAD-US reports access is not open to the public.","unit":"SPR","origin":"public-catalog"}},{"type":"Feature","id":"usgs-pad-us-fee-managers:9862","geometry":{"type":"Polygon","coordinates":[[[-72.3448,42.5212],[-72.3452,42.5212],[-72.3454,42.524],[-72.3432,42.524],[-72.3432,42.5212],[-72.3448,42.5212]]]},"properties":{"id":"usgs-pad-us-fee-managers:9862","name":"Nelson/Mt Grace Watershed Preservation Restriction","kind":"land","category":"public-land","sourceCategory":"public-land","sourceId":"usgs-pad-us-fee-managers","sourceUrl":"https://services.arcgis.com/v01gqwM5QqNysAAi/arcgis/rest/services/Fee_Managers_PADUS/FeatureServer/0","sourceUpdated":"2017-08-14T04:00:00.000Z","publicUse":"PAD-US reports access is not open to the public.","unit":"SDC","origin":"public-catalog"}},{"type":"Feature","id":"usgs-pad-us-fee-managers:9863","geometry":{"type":"Polygon","coordinates":[[[-72.3302,42.5327],[-72.3304,42.5319],[-72.3358,42.533],[-72.3355,42.5337],[-72.3302,42.5327]]]},"properties":{"id":"usgs-pad-us-fee-managers:9863","name":"Nelson/Mt Grace Watershed Preservation Restriction","kind":"land","category":"public-land","sourceCategory":"public-land","sourceId":"usgs-pad-us-fee-managers","sourceUrl":"https://services.arcgis.com/v01gqwM5QqNysAAi/arcgis/rest/services/Fee_Managers_PADUS/FeatureServer/0","sourceUpdated":"2017-08-14T04:00:00.000Z","publicUse":"PAD-US reports access is not open to the public.","unit":"SDC","origin":"public-catalog"}},{"type":"Feature","id":"usgs-pad-us-fee-managers:9864","geometry":{"type":"Polygon","coordinates":[[[-71.0806,42.3123],[-71.081,42.3123],[-71.0808,42.3126],[-71.0806,42.3123]]]},"properties":{"id":"usgs-pad-us-fee-managers:9864","name":"Mt. Calvary Holy Church Garden","kind":"land","category":"public-land","sourceCategory":"public-land","sourceId":"usgs-pad-us-fee-managers","sourceUrl":"https://services.arcgis.com/v01gqwM5QqNysAAi/arcgis/rest/services/Fee_Managers_PADUS/FeatureServer/0","sourceUpdated":"2017-08-14T04:00:00.000Z","publicUse":"PAD-US reports access is not open to the public.","unit":"CITY","origin":"public-catalog"}},{"type":"Feature","id":"usgs-pad-us-fee-managers:9871","geometry":{"type":"Polygon","coordinates":[[[-70.9575,41.5973],[-70.9576,41.5975],[-70.957,41.5979],[-70.9568,41.5977],[-70.9575,41.5973]]]},"properties":{"id":"usgs-pad-us-fee-managers:9871","name":"Old Fort","kind":"land","category":"public-land","sourceCategory":"public-land","sourceId":"usgs-pad-us-fee-managers","sourceUrl":"https://services.arcgis.com/v01gqwM5QqNysAAi/arcgis/rest/services/Fee_Managers_PADUS/FeatureServer/0","sourceUpdated":"2017-08-14T04:00:00.000Z","publicUse":"PAD-US reports access is not open to the public.","unit":"CITY","origin":"public-catalog"}},{"type":"Feature","id":"usgs-pad-us-fee-managers:9872","geometry":{"type":"Polygon","coordinates":[[[-70.0186,41.7891],[-70.0165,41.7869],[-70.0159,41.7867],[-70.0158,41.7865],[-70.0163,41.7864],[-70.0158,41.786],[-70.0157,41.7856],[-70.0155,41.7855],[-70.0155,41.7859],[-70.0147,41.785],[-70.0141,41.7849],[-70.0112,41.782],[-70.0104,41.7825],[-70.0103,41.7842],[-70.0094,41.7844],[-70.0085,41.7837],[-70.0081,41.7822],[-70.0093,41.7815],[-70.0098,41.7817],[-70.0099,41.7814],[-70.0113,41.7811],[-70.0114,41.7817],[-70.0118,41.7816],[-70.012,41.7818],[-70.0118,41.7823],[-70.0124,41.7822],[-70.0125,41.7828],[-70.0131,41.7831],[-70.0131,41.7835],[-70.0135,41.7838],[-70.0139,41.7835],[-70.0146,41.7841],[-70.015,41.7839],[-70.0157,41.7844],[-70.0164,41.7841],[-70.0163,41.7846],[-70.0166,41.7847],[-70.017,41.7845],[-70.0173,41.7848],[-70.0177,41.7847],[-70.0173,41.7852],[-70.0179,41.7854],[-70.0194,41.7849],[-70.0189,41.7853],[-70.0187,41.786],[-70.0193,41.7866],[-70.02,41.7866],[-70.0197,41.7874],[-70.0202,41.7878],[-70.0202,41.7884],[-70.0208,41.7881],[-70.0221,41.7884],[-70.0216,41.7885],[-70.0208,41.7882],[-70.0202,41.7885],[-70.021,41.7888],[-70.0186,41.7891]],[[-70.018,41.7864],[-70.0174,41.7862],[-70.0172,41.7856],[-70.0168,41.7857],[-70.0171,41.7864],[-70.0177,41.7866],[-70.0172,41.7869],[-70.0173,41.7874],[-70.0184,41.7878],[-70.0183,41.7866],[-70.018,41.7864]],[[-70.0092,41.7837],[-70.0098,41.7836],[-70.0099,41.7832],[-70.0094,41.7832],[-70.0092,41.7837]]]},"properties":{"id":"usgs-pad-us-fee-managers:9872","name":"The George D. Hofe Memorial Conservation Area","kind":"land","category":"public-land","sourceCategory":"public-land","sourceId":"usgs-pad-us-fee-managers","sourceUrl":"https://services.arcgis.com/v01gqwM5QqNysAAi/arcgis/rest/services/Fee_Managers_PADUS/FeatureServer/0","sourceUpdated":"2017-08-14T04:00:00.000Z","publicUse":"PAD-US reports access is not open to the public.","unit":"SPR","origin":"public-catalog"}},{"type":"Feature","id":"usgs-pad-us-fee-managers:9875","geometry":{"type":"Polygon","coordinates":[[[-70.6333,41.5737],[-70.6335,41.5738],[-70.6329,41.5742],[-70.6326,41.5739],[-70.6333,41.5737]]]},"properties":{"id":"usgs-pad-us-fee-managers:9875","name":"Kroneneberg Property","kind":"land","category":"public-land","sourceCategory":"public-land","sourceId":"usgs-pad-us-fee-managers","sourceUrl":"https://services.arcgis.com/v01gqwM5QqNysAAi/arcgis/rest/services/Fee_Managers_PADUS/FeatureServer/0","sourceUpdated":"2017-08-14T04:00:00.000Z","publicUse":"PAD-US reports access is not open to the public.","unit":"CITY","origin":"public-catalog"}},{"type":"Feature","id":"usgs-pad-us-fee-managers:9876","geometry":{"type":"Polygon","coordinates":[[[-73.2097,42.25],[-73.2088,42.2494],[-73.2087,42.2495],[-73.208,42.2492],[-73.2073,42.2484],[-73.207,42.2477],[-73.2053,42.2468],[-73.2049,42.2463],[-73.2073,42.2445],[-73.2064,42.2441],[-73.2071,42.2432],[-73.2059,42.2426],[-73.2073,42.2409],[-73.2077,42.2411],[-73.2081,42.2405],[-73.2078,42.2403],[-73.2091,42.2386],[-73.2098,42.2403],[-73.2122,42.2427],[-73.2121,42.2448],[-73.2142,42.2475],[-73.2131,42.2488],[-73.2124,42.2485],[-73.2098,42.2517],[-73.2089,42.2508],[-73.2092,42.2507],[-73.209,42.2505],[-73.2098,42.2503],[-73.2097,42.25]]]},"properties":{"id":"usgs-pad-us-fee-managers:9876","name":"Tyringham Cobble","kind":"land","category":"public-land","sourceCategory":"public-land","sourceId":"usgs-pad-us-fee-managers","sourceUrl":"https://services.arcgis.com/v01gqwM5QqNysAAi/arcgis/rest/services/Fee_Managers_PADUS/FeatureServer/0","sourceUpdated":"2017-08-14T04:00:00.000Z","publicUse":"PAD-US reports access is not open to the public.","unit":"NPS","origin":"public-catalog"}},{"type":"Feature","id":"usgs-pad-us-fee-managers:9877","geometry":{"type":"Polygon","coordinates":[[[-73.2098,42.2383],[-73.2096,42.2379],[-73.2148,42.2404],[-73.2137,42.2418],[-73.2179,42.2441],[-73.2156,42.2469],[-73.2161,42.2479],[-73.2152,42.2489],[-73.2142,42.2486],[-73.2151,42.2475],[-73.2129,42.2446],[-73.213,42.2425],[-73.2105,42.24],[-73.2098,42.2383]]]},"properties":{"id":"usgs-pad-us-fee-managers:9877","name":"Tyringham Cobble","kind":"land","category":"public-land","sourceCategory":"public-land","sourceId":"usgs-pad-us-fee-managers","sourceUrl":"https://services.arcgis.com/v01gqwM5QqNysAAi/arcgis/rest/services/Fee_Managers_PADUS/FeatureServer/0","sourceUpdated":"2017-08-14T04:00:00.000Z","publicUse":"PAD-US reports access is not open to the public.","unit":"NPS","origin":"public-catalog"}},{"type":"Feature","id":"usgs-pad-us-fee-managers:9878","geometry":{"type":"Polygon","coordinates":[[[-73.2096,42.238],[-73.2105,42.24],[-73.213,42.2425],[-73.2129,42.2446],[-73.2151,42.2475],[-73.2137,42.2492],[-73.2131,42.2488],[-73.2142,42.2475],[-73.2121,42.2448],[-73.2122,42.2427],[-73.2098,42.2403],[-73.2091,42.2386],[-73.2096,42.238]]]},"properties":{"id":"usgs-pad-us-fee-managers:9878","name":"Tyringham Cobble","kind":"land","category":"public-land","sourceCategory":"public-land","sourceId":"usgs-pad-us-fee-managers","sourceUrl":"https://services.arcgis.com/v01gqwM5QqNysAAi/arcgis/rest/services/Fee_Managers_PADUS/FeatureServer/0","sourceUpdated":"2017-08-14T04:00:00.000Z","publicUse":"PAD-US reports access is not open to the public.","unit":"NPS","origin":"public-catalog"}},{"type":"Feature","id":"usgs-pad-us-fee-managers:9880","geometry":{"type":"Polygon","coordinates":[[[-70.9202,42.4802],[-70.9202,42.48],[-70.9232,42.4807],[-70.9226,42.4819],[-70.92,42.4806],[-70.9202,42.4802]]]},"properties":{"id":"usgs-pad-us-fee-managers:9880","name":"Upper Jackson Park","kind":"land","category":"public-land","sourceCategory":"public-land","sourceId":"usgs-pad-us-fee-managers","sourceUrl":"https://services.arcgis.com/v01gqwM5QqNysAAi/arcgis/rest/services/Fee_Managers_PADUS/FeatureServer/0","sourceUpdated":"2017-08-14T04:00:00.000Z","publicUse":"PAD-US reports open access; verify current manager conditions and restrictions.","unit":"CITY","origin":"public-catalog"}},{"type":"Feature","id":"usgs-pad-us-fee-managers:9881","geometry":{"type":"Polygon","coordinates":[[[-70.3561,41.6851],[-70.3565,41.6851],[-70.3566,41.6853],[-70.356,41.6854],[-70.3561,41.6851]],[[-70.3563,41.6851],[-70.3564,41.6851],[-70.3564,41.6851],[-70.3563,41.6851]]]},"properties":{"id":"usgs-pad-us-fee-managers:9881","name":"Barnstable Fire Tower","kind":"land","category":"public-land","sourceCategory":"public-land","sourceId":"usgs-pad-us-fee-managers","sourceUrl":"https://services.arcgis.com/v01gqwM5QqNysAAi/arcgis/rest/services/Fee_Managers_PADUS/FeatureServer/0","sourceUpdated":"2017-08-14T04:00:00.000Z","publicUse":"PAD-US reports access is not open to the public.","unit":"SPR","origin":"public-catalog"}},{"type":"Feature","id":"usgs-pad-us-fee-managers:9883","geometry":{"type":"Polygon","coordinates":[[[-72.4905,42.3513],[-72.4906,42.3507],[-72.4898,42.3503],[-72.4893,42.3505],[-72.4883,42.35],[-72.4881,42.349],[-72.4886,42.3486],[-72.4901,42.3483],[-72.4896,42.3475],[-72.4883,42.3479],[-72.4879,42.3476],[-72.4868,42.3481],[-72.486,42.3481],[-72.4861,42.3478],[-72.4868,42.3478],[-72.4873,42.3474],[-72.4872,42.3467],[-72.4867,42.3463],[-72.4871,42.3457],[-72.4872,42.3448],[-72.4882,42.3448],[-72.4932,42.3511],[-72.492,42.3516],[-72.4914,42.3511],[-72.4905,42.3513]]]},"properties":{"id":"usgs-pad-us-fee-managers:9883","name":"Town of Amherst 2","kind":"land","category":"public-land","sourceCategory":"public-land","sourceId":"usgs-pad-us-fee-managers","sourceUrl":"https://services.arcgis.com/v01gqwM5QqNysAAi/arcgis/rest/services/Fee_Managers_PADUS/FeatureServer/0","sourceUpdated":"2017-08-14T04:00:00.000Z","publicUse":"PAD-US reports access is not open to the public.","unit":"CITY","origin":"public-catalog"}},{"type":"Feature","id":"usgs-pad-us-fee-managers:9884","geometry":{"type":"Polygon","coordinates":[[[-71.1881,42.2668],[-71.1893,42.2669],[-71.1881,42.2672],[-71.1881,42.2668]]]},"properties":{"id":"usgs-pad-us-fee-managers:9884","name":"Charles River Watershed","kind":"land","category":"public-land","sourceCategory":"public-land","sourceId":"usgs-pad-us-fee-managers","sourceUrl":"https://services.arcgis.com/v01gqwM5QqNysAAi/arcgis/rest/services/Fee_Managers_PADUS/FeatureServer/0","sourceUpdated":"2017-08-14T04:00:00.000Z","publicUse":"PAD-US reports access is not open to the public.","unit":"USACE","origin":"public-catalog"}},{"type":"Feature","id":"usgs-pad-us-fee-managers:9888","geometry":{"type":"Polygon","coordinates":[[[-72.2095,42.4635],[-72.2109,42.4633],[-72.211,42.4661],[-72.2096,42.4663],[-72.2095,42.4635]]]},"properties":{"id":"usgs-pad-us-fee-managers:9888","name":"Anderson Watershed Preservation Restriction","kind":"land","category":"public-land","sourceCategory":"public-land","sourceId":"usgs-pad-us-fee-managers","sourceUrl":"https://services.arcgis.com/v01gqwM5QqNysAAi/arcgis/rest/services/Fee_Managers_PADUS/FeatureServer/0","sourceUpdated":"2017-08-14T04:00:00.000Z","publicUse":"PAD-US reports access is not open to the public.","unit":"SDC","origin":"public-catalog"}},{"type":"Feature","id":"usgs-pad-us-fee-managers:9889","geometry":{"type":"Polygon","coordinates":[[[-72.3388,42.5205],[-72.3384,42.5198],[-72.3373,42.5201],[-72.3368,42.5193],[-72.3411,42.5193],[-72.341,42.5213],[-72.3383,42.5216],[-72.3379,42.5208],[-72.3388,42.5205]]]},"properties":{"id":"usgs-pad-us-fee-managers:9889","name":"Madeiras/Mt Grace Watershed Preservation Restriction","kind":"land","category":"public-land","sourceCategory":"public-land","sourceId":"usgs-pad-us-fee-managers","sourceUrl":"https://services.arcgis.com/v01gqwM5QqNysAAi/arcgis/rest/services/Fee_Managers_PADUS/FeatureServer/0","sourceUpdated":"2017-08-14T04:00:00.000Z","publicUse":"PAD-US reports access is not open to the public.","unit":"SDC","origin":"public-catalog"}},{"type":"Feature","id":"usgs-pad-us-fee-managers:9891","geometry":{"type":"Polygon","coordinates":[[[-71.8313,42.4764],[-71.8312,42.4759],[-71.8303,42.4757],[-71.8278,42.4721],[-71.8278,42.4716],[-71.8341,42.4759],[-71.8321,42.4774],[-71.8314,42.4773],[-71.8313,42.4764]]]},"properties":{"id":"usgs-pad-us-fee-managers:9891","name":"Rex Baker Watershed Preservation Restriction","kind":"land","category":"public-land","sourceCategory":"public-land","sourceId":"usgs-pad-us-fee-managers","sourceUrl":"https://services.arcgis.com/v01gqwM5QqNysAAi/arcgis/rest/services/Fee_Managers_PADUS/FeatureServer/0","sourceUpdated":"2017-08-14T04:00:00.000Z","publicUse":"PAD-US reports access is not open to the public.","unit":"SDC","origin":"public-catalog"}},{"type":"Feature","id":"usgs-pad-us-fee-managers:9892","geometry":{"type":"Polygon","coordinates":[[[-71.8278,42.4722],[-71.8303,42.4757],[-71.8306,42.4773],[-71.8316,42.4779],[-71.8314,42.4781],[-71.8282,42.4759],[-71.8278,42.4722]]]},"properties":{"id":"usgs-pad-us-fee-managers:9892","name":"Rex Baker Watershed Preservation Restriction","kind":"land","category":"public-land","sourceCategory":"public-land","sourceId":"usgs-pad-us-fee-managers","sourceUrl":"https://services.arcgis.com/v01gqwM5QqNysAAi/arcgis/rest/services/Fee_Managers_PADUS/FeatureServer/0","sourceUpdated":"2017-08-14T04:00:00.000Z","publicUse":"PAD-US reports access is not open to the public.","unit":"SDC","origin":"public-catalog"}},{"type":"Feature","id":"usgs-pad-us-fee-managers:9893","geometry":{"type":"Polygon","coordinates":[[[-71.0698,42.2709],[-71.071,42.2705],[-71.0705,42.2708],[-71.0712,42.271],[-71.072,42.2709],[-71.0729,42.2706],[-71.0732,42.2706],[-71.0733,42.2708],[-71.0713,42.271],[-71.0698,42.2709]]]},"properties":{"id":"usgs-pad-us-fee-managers:9893","name":"Neponset River Reservation","kind":"land","category":"public-land","sourceCategory":"public-land","sourceId":"usgs-pad-us-fee-managers","sourceUrl":"https://services.arcgis.com/v01gqwM5QqNysAAi/arcgis/rest/services/Fee_Managers_PADUS/FeatureServer/0","sourceUpdated":"2017-08-14T04:00:00.000Z","publicUse":"PAD-US reports access is not open to the public.","unit":"SPR","origin":"public-catalog"}},{"type":"Feature","id":"usgs-pad-us-fee-managers:9895","geometry":{"type":"Polygon","coordinates":[[[-71.1545,42.1955],[-71.1561,42.1918],[-71.1564,42.1917],[-71.1548,42.1955],[-71.1556,42.1957],[-71.1562,42.1952],[-71.1572,42.195],[-71.1577,42.1946],[-71.1579,42.1935],[-71.1584,42.1936],[-71.158,42.195],[-71.1564,42.1956],[-71.1555,42.1969],[-71.155,42.1969],[-71.1544,42.1965],[-71.1543,42.1961],[-71.1545,42.1955]]]},"properties":{"id":"usgs-pad-us-fee-managers:9895","name":"Neponset River Reservation","kind":"land","category":"public-land","sourceCategory":"public-land","sourceId":"usgs-pad-us-fee-managers","sourceUrl":"https://services.arcgis.com/v01gqwM5QqNysAAi/arcgis/rest/services/Fee_Managers_PADUS/FeatureServer/0","sourceUpdated":"2017-08-14T04:00:00.000Z","publicUse":"PAD-US reports access is not open to the public.","unit":"SPR","origin":"public-catalog"}},{"type":"Feature","id":"usgs-pad-us-fee-managers:9896","geometry":{"type":"Polygon","coordinates":[[[-73.183,42.2741],[-73.1848,42.2718],[-73.1856,42.2721],[-73.1846,42.2733],[-73.1833,42.2742],[-73.183,42.2741]]]},"properties":{"id":"usgs-pad-us-fee-managers:9896","name":"Appalachian Trail Corridor","kind":"land","category":"public-land","sourceCategory":"public-land","sourceId":"usgs-pad-us-fee-managers","sourceUrl":"https://services.arcgis.com/v01gqwM5QqNysAAi/arcgis/rest/services/Fee_Managers_PADUS/FeatureServer/0","sourceUpdated":"2017-08-14T04:00:00.000Z","publicUse":"PAD-US reports access is not open to the public.","unit":"NPS","origin":"public-catalog"}},{"type":"Feature","id":"usgs-pad-us-fee-managers:9897","geometry":{"type":"Polygon","coordinates":[[[-73.1336,42.7021],[-73.1339,42.7021],[-73.1329,42.7027],[-73.1325,42.7038],[-73.1327,42.7045],[-73.1316,42.7045],[-73.132,42.704],[-73.1325,42.7026],[-73.1336,42.7021]]]},"properties":{"id":"usgs-pad-us-fee-managers:9897","name":"Clarksburg State Forest","kind":"land","category":"public-land","sourceCategory":"public-land","sourceId":"usgs-pad-us-fee-managers","sourceUrl":"https://services.arcgis.com/v01gqwM5QqNysAAi/arcgis/rest/services/Fee_Managers_PADUS/FeatureServer/0","sourceUpdated":"2017-08-14T04:00:00.000Z","publicUse":"PAD-US reports open access; verify current manager conditions and restrictions.","unit":"SPR","origin":"public-catalog"}},{"type":"Feature","id":"usgs-pad-us-fee-managers:9898","geometry":{"type":"Polygon","coordinates":[[[-72.5687,42.5435],[-72.5727,42.5431],[-72.5665,42.5438],[-72.5687,42.5435]]]},"properties":{"id":"usgs-pad-us-fee-managers:9898","name":"Connecticut River Greenway State Park","kind":"land","category":"public-land","sourceCategory":"public-land","sourceId":"usgs-pad-us-fee-managers","sourceUrl":"https://services.arcgis.com/v01gqwM5QqNysAAi/arcgis/rest/services/Fee_Managers_PADUS/FeatureServer/0","sourceUpdated":"2017-08-14T04:00:00.000Z","publicUse":"PAD-US reports access is not open to the public.","unit":"SPR","origin":"public-catalog"}},{"type":"Feature","id":"usgs-pad-us-fee-managers:9899","geometry":{"type":"Polygon","coordinates":[[[-72.1813,42.5249],[-72.1814,42.5268],[-72.1806,42.5274],[-72.1779,42.5305],[-72.1764,42.5327],[-72.1739,42.5331],[-72.1734,42.5293],[-72.1757,42.5292],[-72.1753,42.5253],[-72.1813,42.5249]]]},"properties":{"id":"usgs-pad-us-fee-managers:9899","name":"Bryant Conservation Restriction","kind":"land","category":"public-land","sourceCategory":"public-land","sourceId":"usgs-pad-us-fee-managers","sourceUrl":"https://services.arcgis.com/v01gqwM5QqNysAAi/arcgis/rest/services/Fee_Managers_PADUS/FeatureServer/0","sourceUpdated":"2017-08-14T04:00:00.000Z","publicUse":"PAD-US reports access is not open to the public.","unit":"SDC","origin":"public-catalog"}},{"type":"Feature","id":"usgs-pad-us-fee-managers:9900","geometry":{"type":"Polygon","coordinates":[[[-71.2953,42.3439],[-71.2958,42.3435],[-71.2961,42.3434],[-71.2953,42.3439]]]},"properties":{"id":"usgs-pad-us-fee-managers:9900","name":"Ash Street Conservation Area Access","kind":"land","category":"public-land","sourceCategory":"public-land","sourceId":"usgs-pad-us-fee-managers","sourceUrl":"https://services.arcgis.com/v01gqwM5QqNysAAi/arcgis/rest/services/Fee_Managers_PADUS/FeatureServer/0","sourceUpdated":"2017-08-14T04:00:00.000Z","publicUse":"PAD-US reports access is not open to the public.","unit":"CITY","origin":"public-catalog"}},{"type":"Feature","id":"usgs-pad-us-fee-managers:9901","geometry":{"type":"Polygon","coordinates":[[[-71.3617,42.1241],[-71.3621,42.1239],[-71.3623,42.1243],[-71.3614,42.1242],[-71.3617,42.1241]]]},"properties":{"id":"usgs-pad-us-fee-managers:9901","name":"Charles River Natural Valley Storage Area","kind":"land","category":"public-land","sourceCategory":"public-land","sourceId":"usgs-pad-us-fee-managers","sourceUrl":"https://services.arcgis.com/v01gqwM5QqNysAAi/arcgis/rest/services/Fee_Managers_PADUS/FeatureServer/0","sourceUpdated":"2017-08-14T04:00:00.000Z","publicUse":"PAD-US reports access is not open to the public.","unit":"USACE","origin":"public-catalog"}},{"type":"Feature","id":"usgs-pad-us-fee-managers:9902","geometry":{"type":"Polygon","coordinates":[[[-71.2935,42.3422],[-71.2936,42.3422],[-71.294,42.3426],[-71.2935,42.3422]]]},"properties":{"id":"usgs-pad-us-fee-managers:9902","name":"Ash Street Conservation Area Access","kind":"land","category":"public-land","sourceCategory":"public-land","sourceId":"usgs-pad-us-fee-managers","sourceUrl":"https://services.arcgis.com/v01gqwM5QqNysAAi/arcgis/rest/services/Fee_Managers_PADUS/FeatureServer/0","sourceUpdated":"2017-08-14T04:00:00.000Z","publicUse":"PAD-US reports access is not open to the public.","unit":"CITY","origin":"public-catalog"}},{"type":"Feature","id":"usgs-pad-us-fee-managers:9903","geometry":{"type":"Polygon","coordinates":[[[-73.23,42.4029],[-73.2322,42.4032],[-73.23,42.403],[-73.2292,42.405],[-73.23,42.4029]]]},"properties":{"id":"usgs-pad-us-fee-managers:9903","name":"October Mountain State Forest","kind":"land","category":"public-land","sourceCategory":"public-land","sourceId":"usgs-pad-us-fee-managers","sourceUrl":"https://services.arcgis.com/v01gqwM5QqNysAAi/arcgis/rest/services/Fee_Managers_PADUS/FeatureServer/0","sourceUpdated":"2017-08-14T04:00:00.000Z","publicUse":"PAD-US reports access is not open to the public.","unit":"SPR","origin":"public-catalog"}},{"type":"Feature","id":"usgs-pad-us-fee-managers:9904","geometry":{"type":"Polygon","coordinates":[[[-71.1989,42.6808],[-71.1987,42.6817],[-71.1989,42.6826],[-71.2011,42.6862],[-71.2008,42.689],[-71.2014,42.6911],[-71.2011,42.6911],[-71.1996,42.6875],[-71.198,42.6847],[-71.1988,42.6842],[-71.1976,42.6811],[-71.1989,42.6808]]]},"properties":{"id":"usgs-pad-us-fee-managers:9904","name":"Woodland Park","kind":"land","category":"public-land","sourceCategory":"public-land","sourceId":"usgs-pad-us-fee-managers","sourceUrl":"https://services.arcgis.com/v01gqwM5QqNysAAi/arcgis/rest/services/Fee_Managers_PADUS/FeatureServer/0","sourceUpdated":"2017-08-14T04:00:00.000Z","publicUse":"PAD-US reports open access; verify current manager conditions and restrictions.","unit":"CITY","origin":"public-catalog"}},{"type":"Feature","id":"usgs-pad-us-fee-managers:9905","geometry":{"type":"Polygon","coordinates":[[[-72.5226,42.416],[-72.5236,42.4156],[-72.5238,42.416],[-72.5227,42.4163],[-72.5229,42.4167],[-72.5223,42.417],[-72.5219,42.4164],[-72.5226,42.416]]]},"properties":{"id":"usgs-pad-us-fee-managers:9905","name":"Town of Amherst 3","kind":"land","category":"public-land","sourceCategory":"public-land","sourceId":"usgs-pad-us-fee-managers","sourceUrl":"https://services.arcgis.com/v01gqwM5QqNysAAi/arcgis/rest/services/Fee_Managers_PADUS/FeatureServer/0","sourceUpdated":"2017-08-14T04:00:00.000Z","publicUse":"PAD-US reports access is not open to the public.","unit":"CITY","origin":"public-catalog"}},{"type":"Feature","id":"usgs-pad-us-fee-managers:9907","geometry":{"type":"Polygon","coordinates":[[[-71.8789,42.4873],[-71.8751,42.4865],[-71.8753,42.4857],[-71.8732,42.4851],[-71.8712,42.4855],[-71.8709,42.4853],[-71.8709,42.4848],[-71.8702,42.4848],[-71.8696,42.4845],[-71.8697,42.4834],[-71.8706,42.4835],[-71.8706,42.4838],[-71.8714,42.4839],[-71.8715,42.4837],[-71.8723,42.4836],[-71.8722,42.4831],[-71.8731,42.4825],[-71.8732,42.482],[-71.8743,42.4814],[-71.8794,42.4852],[-71.8789,42.4873]]]},"properties":{"id":"usgs-pad-us-fee-managers:9907","name":"Carlson and Sweeney Watershed Preservation Restriction","kind":"land","category":"public-land","sourceCategory":"public-land","sourceId":"usgs-pad-us-fee-managers","sourceUrl":"https://services.arcgis.com/v01gqwM5QqNysAAi/arcgis/rest/services/Fee_Managers_PADUS/FeatureServer/0","sourceUpdated":"2017-08-14T04:00:00.000Z","publicUse":"PAD-US reports access is not open to the public.","unit":"SDC","origin":"public-catalog"}},{"type":"Feature","id":"usgs-pad-us-fee-managers:9908","geometry":{"type":"Polygon","coordinates":[[[-71.8698,42.4826],[-71.8698,42.4819],[-71.8712,42.4822],[-71.8721,42.482],[-71.8724,42.483],[-71.8722,42.4831],[-71.8721,42.4828],[-71.8709,42.4829],[-71.8698,42.4826]]]},"properties":{"id":"usgs-pad-us-fee-managers:9908","name":"Carlson and Sweeney Watershed Preservation Restriction","kind":"land","category":"public-land","sourceCategory":"public-land","sourceId":"usgs-pad-us-fee-managers","sourceUrl":"https://services.arcgis.com/v01gqwM5QqNysAAi/arcgis/rest/services/Fee_Managers_PADUS/FeatureServer/0","sourceUpdated":"2017-08-14T04:00:00.000Z","publicUse":"PAD-US reports access is not open to the public.","unit":"SDC","origin":"public-catalog"}},{"type":"Feature","id":"usgs-pad-us-fee-managers:9910","geometry":{"type":"Polygon","coordinates":[[[-71.8323,42.4789],[-71.8318,42.4788],[-71.832,42.4784],[-71.8315,42.4782],[-71.8318,42.4779],[-71.8323,42.4789]]]},"properties":{"id":"usgs-pad-us-fee-managers:9910","name":"Casale Watershed Preservation Restriction","kind":"land","category":"public-land","sourceCategory":"public-land","sourceId":"usgs-pad-us-fee-managers","sourceUrl":"https://services.arcgis.com/v01gqwM5QqNysAAi/arcgis/rest/services/Fee_Managers_PADUS/FeatureServer/0","sourceUpdated":"2017-08-14T04:00:00.000Z","publicUse":"PAD-US reports access is not open to the public.","unit":"SDC","origin":"public-catalog"}},{"type":"Feature","id":"usgs-pad-us-fee-managers:9911","geometry":{"type":"Polygon","coordinates":[[[-71.8318,42.4779],[-71.8322,42.4775],[-71.8338,42.4783],[-71.8337,42.4784],[-71.8346,42.4791],[-71.8335,42.4805],[-71.8318,42.4779]]]},"properties":{"id":"usgs-pad-us-fee-managers:9911","name":"Casale Watershed Preservation Restriction","kind":"land","category":"public-land","sourceCategory":"public-land","sourceId":"usgs-pad-us-fee-managers","sourceUrl":"https://services.arcgis.com/v01gqwM5QqNysAAi/arcgis/rest/services/Fee_Managers_PADUS/FeatureServer/0","sourceUpdated":"2017-08-14T04:00:00.000Z","publicUse":"PAD-US reports access is not open to the public.","unit":"SDC","origin":"public-catalog"}},{"type":"Feature","id":"usgs-pad-us-fee-managers:9913","geometry":{"type":"Polygon","coordinates":[[[-72.5267,42.4059],[-72.5269,42.4069],[-72.519,42.4094],[-72.5189,42.4083],[-72.5267,42.4059]]]},"properties":{"id":"usgs-pad-us-fee-managers:9913","name":"Town of Amherst 4","kind":"land","category":"public-land","sourceCategory":"public-land","sourceId":"usgs-pad-us-fee-managers","sourceUrl":"https://services.arcgis.com/v01gqwM5QqNysAAi/arcgis/rest/services/Fee_Managers_PADUS/FeatureServer/0","sourceUpdated":"2017-08-14T04:00:00.000Z","publicUse":"PAD-US reports access is not open to the public.","unit":"CITY","origin":"public-catalog"}},{"type":"Feature","id":"usgs-pad-us-fee-managers:9914","geometry":{"type":"Polygon","coordinates":[[[-72.8783,42.3196],[-72.8802,42.3195],[-72.8784,42.3197],[-72.8783,42.3196]]]},"properties":{"id":"usgs-pad-us-fee-managers:9914","name":"Hiram H. Fox Wildlife Management Area","kind":"land","category":"public-land","sourceCategory":"public-land","sourceId":"usgs-pad-us-fee-managers","sourceUrl":"https://services.arcgis.com/v01gqwM5QqNysAAi/arcgis/rest/services/Fee_Managers_PADUS/FeatureServer/0","sourceUpdated":"2017-08-14T04:00:00.000Z","publicUse":"PAD-US reports access is not open to the public.","unit":"SDNR","origin":"public-catalog"}},{"type":"Feature","id":"usgs-pad-us-fee-managers:9916","geometry":{"type":"Polygon","coordinates":[[[-71.9282,42.3435],[-71.9276,42.3426],[-71.9273,42.3427],[-71.9268,42.3419],[-71.9257,42.342],[-71.9255,42.3412],[-71.9264,42.3401],[-71.9277,42.3397],[-71.9281,42.3413],[-71.9275,42.3415],[-71.9286,42.3434],[-71.9282,42.3435]]]},"properties":{"id":"usgs-pad-us-fee-managers:9916","name":"Cournoyer Watershed Preservation Restriction","kind":"land","category":"public-land","sourceCategory":"public-land","sourceId":"usgs-pad-us-fee-managers","sourceUrl":"https://services.arcgis.com/v01gqwM5QqNysAAi/arcgis/rest/services/Fee_Managers_PADUS/FeatureServer/0","sourceUpdated":"2017-08-14T04:00:00.000Z","publicUse":"PAD-US reports access is not open to the public.","unit":"SDC","origin":"public-catalog"}},{"type":"Feature","id":"usgs-pad-us-fee-managers:9917","geometry":{"type":"Polygon","coordinates":[[[-71.9365,42.3396],[-71.9382,42.3391],[-71.9387,42.34],[-71.9344,42.3418],[-71.9341,42.3412],[-71.9342,42.3403],[-71.9365,42.3396]]]},"properties":{"id":"usgs-pad-us-fee-managers:9917","name":"Cournoyer Watershed Preservation Restriction","kind":"land","category":"public-land","sourceCategory":"public-land","sourceId":"usgs-pad-us-fee-managers","sourceUrl":"https://services.arcgis.com/v01gqwM5QqNysAAi/arcgis/rest/services/Fee_Managers_PADUS/FeatureServer/0","sourceUpdated":"2017-08-14T04:00:00.000Z","publicUse":"PAD-US reports access is not open to the public.","unit":"SDC","origin":"public-catalog"}},{"type":"Feature","id":"usgs-pad-us-fee-managers:9918","geometry":{"type":"Polygon","coordinates":[[[-71.9315,42.3419],[-71.9313,42.3411],[-71.9297,42.3414],[-71.9292,42.3386],[-71.9267,42.3354],[-71.9242,42.3354],[-71.9241,42.3337],[-71.9263,42.3334],[-71.9257,42.3307],[-71.9248,42.3297],[-71.9295,42.3294],[-71.9299,42.3317],[-71.9279,42.3338],[-71.928,42.3345],[-71.9287,42.3345],[-71.9288,42.3359],[-71.9295,42.336],[-71.9303,42.3351],[-71.9308,42.3352],[-71.9308,42.3361],[-71.9323,42.3361],[-71.9333,42.3352],[-71.9351,42.3385],[-71.9354,42.3399],[-71.9342,42.3403],[-71.9341,42.3412],[-71.9344,42.3418],[-71.9318,42.3429],[-71.9315,42.3419]]]},"properties":{"id":"usgs-pad-us-fee-managers:9918","name":"Cournoyer Watershed Preservation Restriction","kind":"land","category":"public-land","sourceCategory":"public-land","sourceId":"usgs-pad-us-fee-managers","sourceUrl":"https://services.arcgis.com/v01gqwM5QqNysAAi/arcgis/rest/services/Fee_Managers_PADUS/FeatureServer/0","sourceUpdated":"2017-08-14T04:00:00.000Z","publicUse":"PAD-US reports access is not open to the public.","unit":"SDC","origin":"public-catalog"}},{"type":"Feature","id":"usgs-pad-us-fee-managers:9919","geometry":{"type":"Polygon","coordinates":[[[-71.9264,42.3435],[-71.9257,42.342],[-71.9268,42.3419],[-71.9273,42.3427],[-71.9276,42.3426],[-71.9282,42.3435],[-71.9286,42.3434],[-71.9275,42.3415],[-71.9281,42.3413],[-71.9277,42.3397],[-71.9293,42.3395],[-71.9297,42.3414],[-71.9313,42.3411],[-71.9318,42.3429],[-71.927,42.3449],[-71.9264,42.3435]]]},"properties":{"id":"usgs-pad-us-fee-managers:9919","name":"Cournoyer Watershed Preservation Restriction","kind":"land","category":"public-land","sourceCategory":"public-land","sourceId":"usgs-pad-us-fee-managers","sourceUrl":"https://services.arcgis.com/v01gqwM5QqNysAAi/arcgis/rest/services/Fee_Managers_PADUS/FeatureServer/0","sourceUpdated":"2017-08-14T04:00:00.000Z","publicUse":"PAD-US reports access is not open to the public.","unit":"SDC","origin":"public-catalog"}},{"type":"Feature","id":"usgs-pad-us-fee-managers:9920","geometry":{"type":"Polygon","coordinates":[[[-71.9302,42.3468],[-71.9271,42.3448],[-71.9297,42.3438],[-71.93,42.3446],[-71.9323,42.3441],[-71.9318,42.3429],[-71.9345,42.3418],[-71.9344,42.3424],[-71.935,42.343],[-71.9351,42.3438],[-71.9355,42.3441],[-71.9347,42.3467],[-71.9354,42.3473],[-71.9321,42.3493],[-71.9302,42.3468]]]},"properties":{"id":"usgs-pad-us-fee-managers:9920","name":"Cournoyer Watershed Preservation Restriction","kind":"land","category":"public-land","sourceCategory":"public-land","sourceId":"usgs-pad-us-fee-managers","sourceUrl":"https://services.arcgis.com/v01gqwM5QqNysAAi/arcgis/rest/services/Fee_Managers_PADUS/FeatureServer/0","sourceUpdated":"2017-08-14T04:00:00.000Z","publicUse":"PAD-US reports access is not open to the public.","unit":"SDC","origin":"public-catalog"}},{"type":"Feature","id":"usgs-pad-us-fee-managers:9921","geometry":{"type":"MultiPolygon","coordinates":[[[[-71.935,42.3434],[-71.935,42.343],[-71.9344,42.3424],[-71.9346,42.3419],[-71.9344,42.3418],[-71.9387,42.34],[-71.9389,42.3426],[-71.9385,42.344],[-71.935,42.3434]]],[[[-71.9318,42.3429],[-71.9323,42.3441],[-71.93,42.3446],[-71.9297,42.3438],[-71.9318,42.3429]]]]},"properties":{"id":"usgs-pad-us-fee-managers:9921","name":"Cournoyer Watershed Preservation Restriction","kind":"land","category":"public-land","sourceCategory":"public-land","sourceId":"usgs-pad-us-fee-managers","sourceUrl":"https://services.arcgis.com/v01gqwM5QqNysAAi/arcgis/rest/services/Fee_Managers_PADUS/FeatureServer/0","sourceUpdated":"2017-08-14T04:00:00.000Z","publicUse":"PAD-US reports access is not open to the public.","unit":"SDC","origin":"public-catalog"}},{"type":"Feature","id":"usgs-pad-us-fee-managers:9923","geometry":{"type":"Polygon","coordinates":[[[-71.856,42.4834],[-71.8584,42.484],[-71.8576,42.4849],[-71.8563,42.4854],[-71.8554,42.4855],[-71.8548,42.4852],[-71.8552,42.4839],[-71.8559,42.4839],[-71.856,42.4834]]]},"properties":{"id":"usgs-pad-us-fee-managers:9923","name":"Cumming/Cummings Watershed Preservation Restriction","kind":"land","category":"public-land","sourceCategory":"public-land","sourceId":"usgs-pad-us-fee-managers","sourceUrl":"https://services.arcgis.com/v01gqwM5QqNysAAi/arcgis/rest/services/Fee_Managers_PADUS/FeatureServer/0","sourceUpdated":"2017-08-14T04:00:00.000Z","publicUse":"PAD-US reports access is not open to the public.","unit":"SDC","origin":"public-catalog"}},{"type":"Feature","id":"usgs-pad-us-fee-managers:9924","geometry":{"type":"Polygon","coordinates":[[[-71.5683,42.0154],[-71.5692,42.0154],[-71.5697,42.0159],[-71.5691,42.0155],[-71.5673,42.0155],[-71.5683,42.0154]]]},"properties":{"id":"usgs-pad-us-fee-managers:9924","name":"Blackstone River and Canal Heritage State Park","kind":"land","category":"public-land","sourceCategory":"public-land","sourceId":"usgs-pad-us-fee-managers","sourceUrl":"https://services.arcgis.com/v01gqwM5QqNysAAi/arcgis/rest/services/Fee_Managers_PADUS/FeatureServer/0","sourceUpdated":"2017-08-14T04:00:00.000Z","publicUse":"PAD-US reports access is not open to the public.","unit":"SPR","origin":"public-catalog"}},{"type":"Feature","id":"usgs-pad-us-fee-managers:9925","geometry":{"type":"Polygon","coordinates":[[[-72.5282,42.5114],[-72.5286,42.5111],[-72.5289,42.5114],[-72.5272,42.5128],[-72.5271,42.5123],[-72.5279,42.5121],[-72.5282,42.5114]]]},"properties":{"id":"usgs-pad-us-fee-managers:9925","name":"Mount Toby State Forest","kind":"land","category":"public-land","sourceCategory":"public-land","sourceId":"usgs-pad-us-fee-managers","sourceUrl":"https://services.arcgis.com/v01gqwM5QqNysAAi/arcgis/rest/services/Fee_Managers_PADUS/FeatureServer/0","sourceUpdated":"2017-08-14T04:00:00.000Z","publicUse":"PAD-US reports access is not open to the public.","unit":"SPR","origin":"public-catalog"}},{"type":"Feature","id":"usgs-pad-us-fee-managers:9926","geometry":{"type":"Polygon","coordinates":[[[-71.7685,42.415],[-71.7686,42.4136],[-71.7693,42.4124],[-71.7699,42.4126],[-71.7699,42.4137],[-71.7705,42.4137],[-71.7704,42.4148],[-71.7685,42.415]]]},"properties":{"id":"usgs-pad-us-fee-managers:9926","name":"Deiri Watershed Preservation Restriction","kind":"land","category":"public-land","sourceCategory":"public-land","sourceId":"usgs-pad-us-fee-managers","sourceUrl":"https://services.arcgis.com/v01gqwM5QqNysAAi/arcgis/rest/services/Fee_Managers_PADUS/FeatureServer/0","sourceUpdated":"2017-08-14T04:00:00.000Z","publicUse":"PAD-US reports access is not open to the public.","unit":"SDC","origin":"public-catalog"}},{"type":"Feature","id":"usgs-pad-us-fee-managers:9928","geometry":{"type":"Polygon","coordinates":[[[-71.8098,42.5054],[-71.8095,42.5052],[-71.8057,42.5054],[-71.8052,42.505],[-71.8051,42.5022],[-71.8062,42.5011],[-71.8077,42.5008],[-71.8076,42.5002],[-71.8088,42.5],[-71.809,42.5006],[-71.8097,42.5004],[-71.8095,42.4998],[-71.8099,42.4998],[-71.8101,42.5005],[-71.8114,42.5004],[-71.8112,42.5],[-71.8133,42.4996],[-71.8138,42.4999],[-71.813,42.502],[-71.8145,42.5024],[-71.8137,42.5041],[-71.8124,42.5038],[-71.8112,42.507],[-71.8099,42.5071],[-71.8094,42.5069],[-71.8098,42.5054]]]},"properties":{"id":"usgs-pad-us-fee-managers:9928","name":"Demeo Watershed Preservation Restriction","kind":"land","category":"public-land","sourceCategory":"public-land","sourceId":"usgs-pad-us-fee-managers","sourceUrl":"https://services.arcgis.com/v01gqwM5QqNysAAi/arcgis/rest/services/Fee_Managers_PADUS/FeatureServer/0","sourceUpdated":"2017-08-14T04:00:00.000Z","publicUse":"PAD-US reports access is not open to the public.","unit":"SDC","origin":"public-catalog"}},{"type":"Feature","id":"usgs-pad-us-fee-managers:9930","geometry":{"type":"Polygon","coordinates":[[[-71.0723,42.4001],[-71.074,42.3986],[-71.0744,42.3988],[-71.074,42.3997],[-71.0741,42.4002],[-71.0733,42.4012],[-71.0723,42.4034],[-71.0703,42.4029],[-71.0703,42.4018],[-71.0723,42.4001]]]},"properties":{"id":"usgs-pad-us-fee-managers:9930","name":"Mystic River Reservation","kind":"land","category":"public-land","sourceCategory":"public-land","sourceId":"usgs-pad-us-fee-managers","sourceUrl":"https://services.arcgis.com/v01gqwM5QqNysAAi/arcgis/rest/services/Fee_Managers_PADUS/FeatureServer/0","sourceUpdated":"2017-08-14T04:00:00.000Z","publicUse":"PAD-US reports access is not open to the public.","unit":"SPR","origin":"public-catalog"}},{"type":"Feature","id":"usgs-pad-us-fee-managers:9931","geometry":{"type":"Polygon","coordinates":[[[-70.3567,41.6854],[-70.3567,41.6851],[-70.3573,41.6851],[-70.3573,41.6853],[-70.3568,41.6853],[-70.3575,41.6854],[-70.3567,41.6854]]]},"properties":{"id":"usgs-pad-us-fee-managers:9931","name":"Barnstable Fire Tower","kind":"land","category":"public-land","sourceCategory":"public-land","sourceId":"usgs-pad-us-fee-managers","sourceUrl":"https://services.arcgis.com/v01gqwM5QqNysAAi/arcgis/rest/services/Fee_Managers_PADUS/FeatureServer/0","sourceUpdated":"2017-08-14T04:00:00.000Z","publicUse":"PAD-US reports access is not open to the public.","unit":"SPR","origin":"public-catalog"}},{"type":"Feature","id":"usgs-pad-us-fee-managers:9933","geometry":{"type":"Polygon","coordinates":[[[-71.3614,42.1164],[-71.3616,42.1159],[-71.3629,42.1157],[-71.3635,42.1164],[-71.3653,42.1166],[-71.3624,42.117],[-71.3614,42.1164]]]},"properties":{"id":"usgs-pad-us-fee-managers:9933","name":"Charles River Natural Valley Storage Area","kind":"land","category":"public-land","sourceCategory":"public-land","sourceId":"usgs-pad-us-fee-managers","sourceUrl":"https://services.arcgis.com/v01gqwM5QqNysAAi/arcgis/rest/services/Fee_Managers_PADUS/FeatureServer/0","sourceUpdated":"2017-08-14T04:00:00.000Z","publicUse":"PAD-US reports access is not open to the public.","unit":"USACE","origin":"public-catalog"}},{"type":"Feature","id":"usgs-pad-us-fee-managers:9934","geometry":{"type":"MultiPolygon","coordinates":[[[[-72.4785,42.3706],[-72.478,42.3701],[-72.4777,42.3704],[-72.4775,42.37],[-72.4767,42.37],[-72.4775,42.3699],[-72.4776,42.3689],[-72.4779,42.3686],[-72.4774,42.3681],[-72.478,42.3686],[-72.4785,42.3683],[-72.4786,42.3688],[-72.4792,42.3687],[-72.4786,42.3688],[-72.4785,42.3694],[-72.479,42.3697],[-72.4785,42.3694],[-72.4781,42.3701],[-72.4785,42.3706]]],[[[-72.4839,42.373],[-72.4839,42.3717],[-72.4818,42.3719],[-72.4808,42.3715],[-72.4811,42.368],[-72.481,42.3688],[-72.4828,42.3691],[-72.482,42.3685],[-72.4828,42.3691],[-72.4829,42.3681],[-72.482,42.3682],[-72.4822,42.3672],[-72.4822,42.3681],[-72.4842,42.3681],[-72.4839,42.3705],[-72.484,42.373],[-72.4807,42.373],[-72.4839,42.373]]]]},"properties":{"id":"usgs-pad-us-fee-managers:9934","name":"Town of Amherst 5","kind":"land","category":"public-land","sourceCategory":"public-land","sourceId":"usgs-pad-us-fee-managers","sourceUrl":"https://services.arcgis.com/v01gqwM5QqNysAAi/arcgis/rest/services/Fee_Managers_PADUS/FeatureServer/0","sourceUpdated":"2017-08-14T04:00:00.000Z","publicUse":"PAD-US reports access is not open to the public.","unit":"CITY","origin":"public-catalog"}},{"type":"Feature","id":"usgs-pad-us-fee-managers:9935","geometry":{"type":"MultiPolygon","coordinates":[[[[-72.4751,42.3656],[-72.4747,42.3639],[-72.4757,42.3639],[-72.4756,42.3635],[-72.4788,42.3635],[-72.4792,42.3624],[-72.4811,42.3607],[-72.483,42.3608],[-72.4821,42.3631],[-72.4816,42.3629],[-72.4819,42.363],[-72.4821,42.3615],[-72.4811,42.361],[-72.4807,42.3612],[-72.4802,42.3618],[-72.481,42.3622],[-72.481,42.3628],[-72.4814,42.3628],[-72.4814,42.3629],[-72.4805,42.3629],[-72.4808,42.3628],[-72.4807,42.3623],[-72.4803,42.3621],[-72.4795,42.3624],[-72.4791,42.3632],[-72.4796,42.3631],[-72.4788,42.3637],[-72.4769,42.3643],[-72.4772,42.364],[-72.4769,42.3637],[-72.476,42.3637],[-72.4753,42.3644],[-72.4757,42.3649],[-72.4762,42.3649],[-72.4766,42.3644],[-72.4762,42.3642],[-72.4765,42.3641],[-72.4769,42.3645],[-72.4767,42.365],[-72.4761,42.3655],[-72.4751,42.3656]]],[[[-72.4804,42.367],[-72.4812,42.3664],[-72.4807,42.3667],[-72.481,42.3671],[-72.4821,42.367],[-72.4822,42.3662],[-72.4815,42.3664],[-72.4824,42.3659],[-72.4823,42.3672],[-72.4802,42.3671],[-72.4804,42.367]]],[[[-72.4761,42.367],[-72.4761,42.3666],[-72.4753,42.3666],[-72.4751,42.3658],[-72.4766,42.3654],[-72.4763,42.3657],[-72.4762,42.3667],[-72.4763,42.3669],[-72.4769,42.3669],[-72.4771,42.3666],[-72.4769,42.3665],[-72.4771,42.3666],[-72.4773,42.3663],[-72.4773,42.3657],[-72.477,42.3651],[-72.4767,42.3653],[-72.4775,42.3642],[-72.4792,42.3637],[-72.4788,42.364],[-72.479,42.3643],[-72.4812,42.3643],[-72.4813,42.3641],[-72.4818,42.3644],[-72.4818,42.364],[-72.481,42.3638],[-72.481,42.3636],[-72.4796,42.3635],[-72.4794,42.3637],[-72.4799,42.3632],[-72.4801,42.3632],[-72.4797,42.3633],[-72.4799,42.3635],[-72.4808,42.3635],[-72.481,42.3631],[-72.4808,42.3631],[-72.4814,42.3631],[-72.4812,42.3631],[-72.4811,42.3634],[-72.4819,42.3637],[-72.4826,42.3635],[-72.4824,42.3634],[-72.483,42.3637],[-72.4826,42.3635],[-72.482,42.3639],[-72.482,42.3643],[-72.4826,42.3646],[-72.4832,42.3647],[-72.4833,42.3643],[-72.4835,42.3644],[-72.483,42.3652],[-72.4821,42.3658],[-72.4825,42.3655],[-72.4825,42.365],[-72.4815,42.365],[-72.4814,42.3658],[-72.4818,42.3659],[-72.4811,42.3663],[-72.4814,42.3661],[-72.4811,42.3652],[-72.4809,42.365],[-72.4807,42.3653],[-72.4808,42.365],[-72.4804,42.365],[-72.4802,42.3657],[-72.4806,42.3664],[-72.4809,42.3664],[-72.48,42.3669],[-72.4798,42.3655],[-72.4792,42.3649],[-72.4788,42.3651],[-72.4788,42.3648],[-72.4784,42.3648],[-72.478,42.3652],[-72.4781,42.3654],[-72.4789,42.3657],[-72.479,42.3662],[-72.4783,42.3658],[-72.4778,42.366],[-72.4778,42.3665],[-72.4788,42.3669],[-72.4792,42.3669],[-72.4792,42.3666],[-72.4793,42.3666],[-72.4799,42.3671],[-72.4761,42.367]]]]},"properties":{"id":"usgs-pad-us-fee-managers:9935","name":"Town of Amherst 6","kind":"land","category":"public-land","sourceCategory":"public-land","sourceId":"usgs-pad-us-fee-managers","sourceUrl":"https://services.arcgis.com/v01gqwM5QqNysAAi/arcgis/rest/services/Fee_Managers_PADUS/FeatureServer/0","sourceUpdated":"2017-08-14T04:00:00.000Z","publicUse":"PAD-US reports access is not open to the public.","unit":"CITY","origin":"public-catalog"}},{"type":"Feature","id":"usgs-pad-us-fee-managers:9936","geometry":{"type":"Polygon","coordinates":[[[-71.8442,42.4921],[-71.8443,42.4913],[-71.8435,42.4913],[-71.8437,42.4901],[-71.8452,42.4897],[-71.8457,42.4893],[-71.8463,42.4893],[-71.8461,42.4904],[-71.8456,42.4912],[-71.8461,42.4916],[-71.845,42.4924],[-71.8442,42.4921]]]},"properties":{"id":"usgs-pad-us-fee-managers:9936","name":"Wachusett Watershed","kind":"land","category":"public-land","sourceCategory":"public-land","sourceId":"usgs-pad-us-fee-managers","sourceUrl":"https://services.arcgis.com/v01gqwM5QqNysAAi/arcgis/rest/services/Fee_Managers_PADUS/FeatureServer/0","sourceUpdated":"2017-08-14T04:00:00.000Z","publicUse":"PAD-US reports access is not open to the public.","unit":"SDC","origin":"public-catalog"}},{"type":"Feature","id":"usgs-pad-us-fee-managers:9937","geometry":{"type":"Polygon","coordinates":[[[-71.8068,42.4536],[-71.8066,42.4505],[-71.8073,42.4505],[-71.8068,42.4506],[-71.8068,42.4515],[-71.8073,42.4515],[-71.8074,42.4528],[-71.8072,42.4534],[-71.8104,42.4532],[-71.8113,42.4519],[-71.8123,42.4535],[-71.8123,42.4561],[-71.8059,42.4558],[-71.8068,42.4536]]]},"properties":{"id":"usgs-pad-us-fee-managers:9937","name":"Eight Point Watershed Preservation Restriction","kind":"land","category":"public-land","sourceCategory":"public-land","sourceId":"usgs-pad-us-fee-managers","sourceUrl":"https://services.arcgis.com/v01gqwM5QqNysAAi/arcgis/rest/services/Fee_Managers_PADUS/FeatureServer/0","sourceUpdated":"2017-08-14T04:00:00.000Z","publicUse":"PAD-US reports access is not open to the public.","unit":"SDC","origin":"public-catalog"}},{"type":"Feature","id":"usgs-pad-us-fee-managers:9939","geometry":{"type":"Polygon","coordinates":[[[-70.3391,41.6419],[-70.3393,41.6416],[-70.3389,41.641],[-70.3392,41.6404],[-70.3397,41.6403],[-70.3394,41.6407],[-70.3403,41.6405],[-70.3405,41.6415],[-70.3398,41.641],[-70.339,41.6412],[-70.3395,41.642],[-70.3405,41.6418],[-70.3401,41.6421],[-70.3391,41.6419]]]},"properties":{"id":"usgs-pad-us-fee-managers:9939","name":"Epstein Deed Restriction","kind":"land","category":"public-land","sourceCategory":"public-land","sourceId":"usgs-pad-us-fee-managers","sourceUrl":"https://services.arcgis.com/v01gqwM5QqNysAAi/arcgis/rest/services/Fee_Managers_PADUS/FeatureServer/0","sourceUpdated":"2017-08-14T04:00:00.000Z","publicUse":"PAD-US reports access is not open to the public.","unit":"CITY","origin":"public-catalog"}},{"type":"Feature","id":"usgs-pad-us-fee-managers:9940","geometry":{"type":"Polygon","coordinates":[[[-71.8096,42.4229],[-71.8089,42.4229],[-71.8086,42.4222],[-71.8082,42.4222],[-71.8088,42.4221],[-71.809,42.4227],[-71.8093,42.4227],[-71.8092,42.4215],[-71.8082,42.4213],[-71.8092,42.4201],[-71.811,42.4235],[-71.8096,42.4229]]]},"properties":{"id":"usgs-pad-us-fee-managers:9940","name":"Erickson Watershed Preservation Restriction","kind":"land","category":"public-land","sourceCategory":"public-land","sourceId":"usgs-pad-us-fee-managers","sourceUrl":"https://services.arcgis.com/v01gqwM5QqNysAAi/arcgis/rest/services/Fee_Managers_PADUS/FeatureServer/0","sourceUpdated":"2017-08-14T04:00:00.000Z","publicUse":"PAD-US reports access is not open to the public.","unit":"SDC","origin":"public-catalog"}},{"type":"Feature","id":"usgs-pad-us-fee-managers:9942","geometry":{"type":"Polygon","coordinates":[[[-72.4833,42.3446],[-72.4833,42.3434],[-72.4844,42.3437],[-72.4846,42.3435],[-72.4853,42.3442],[-72.4864,42.344],[-72.4859,42.3424],[-72.4862,42.3423],[-72.4882,42.3448],[-72.4856,42.3446],[-72.4844,42.3447],[-72.4845,42.3449],[-72.4833,42.3446]]]},"properties":{"id":"usgs-pad-us-fee-managers:9942","name":"Town of Amherst 7","kind":"land","category":"public-land","sourceCategory":"public-land","sourceId":"usgs-pad-us-fee-managers","sourceUrl":"https://services.arcgis.com/v01gqwM5QqNysAAi/arcgis/rest/services/Fee_Managers_PADUS/FeatureServer/0","sourceUpdated":"2017-08-14T04:00:00.000Z","publicUse":"PAD-US reports access is not open to the public.","unit":"CITY","origin":"public-catalog"}},{"type":"Feature","id":"usgs-pad-us-fee-managers:9949","geometry":{"type":"Polygon","coordinates":[[[-71.8585,42.4008],[-71.859,42.4008],[-71.8585,42.4009],[-71.8572,42.4045],[-71.8549,42.4041],[-71.8561,42.4011],[-71.8585,42.4008]]]},"properties":{"id":"usgs-pad-us-fee-managers:9949","name":"Fleming Watershed Preservation Restriction","kind":"land","category":"public-land","sourceCategory":"public-land","sourceId":"usgs-pad-us-fee-managers","sourceUrl":"https://services.arcgis.com/v01gqwM5QqNysAAi/arcgis/rest/services/Fee_Managers_PADUS/FeatureServer/0","sourceUpdated":"2017-08-14T04:00:00.000Z","publicUse":"PAD-US reports access is not open to the public.","unit":"SDC","origin":"public-catalog"}},{"type":"Feature","id":"usgs-pad-us-fee-managers:9950","geometry":{"type":"Polygon","coordinates":[[[-71.8324,42.3624],[-71.8334,42.3641],[-71.833,42.3642],[-71.8321,42.3627],[-71.8324,42.3624]]]},"properties":{"id":"usgs-pad-us-fee-managers:9950","name":"Foley Watershed Preservation Restriction","kind":"land","category":"public-land","sourceCategory":"public-land","sourceId":"usgs-pad-us-fee-managers","sourceUrl":"https://services.arcgis.com/v01gqwM5QqNysAAi/arcgis/rest/services/Fee_Managers_PADUS/FeatureServer/0","sourceUpdated":"2017-08-14T04:00:00.000Z","publicUse":"PAD-US reports access is not open to the public.","unit":"SDC","origin":"public-catalog"}},{"type":"Feature","id":"usgs-pad-us-fee-managers:9951","geometry":{"type":"Polygon","coordinates":[[[-71.023,42.0796],[-71.023,42.08],[-71.0229,42.0797],[-71.023,42.0796]]]},"properties":{"id":"usgs-pad-us-fee-managers:9951","name":"Salisbury Brook Greenway","kind":"land","category":"public-land","sourceCategory":"public-land","sourceId":"usgs-pad-us-fee-managers","sourceUrl":"https://services.arcgis.com/v01gqwM5QqNysAAi/arcgis/rest/services/Fee_Managers_PADUS/FeatureServer/0","sourceUpdated":"2017-08-14T04:00:00.000Z","publicUse":"PAD-US reports access is not open to the public.","unit":"CITY","origin":"public-catalog"}},{"type":"Feature","id":"usgs-pad-us-fee-managers:9952","geometry":{"type":"MultiPolygon","coordinates":[[[[-73.0556,42.0956],[-73.0555,42.096],[-73.0553,42.0959],[-73.0556,42.0956]]],[[[-73.0565,42.0967],[-73.0565,42.0962],[-73.0557,42.096],[-73.0558,42.0954],[-73.0561,42.0954],[-73.0588,42.0973],[-73.0571,42.0962],[-73.0565,42.0967]]],[[[-73.0565,42.0967],[-73.0568,42.097],[-73.0568,42.097],[-73.0565,42.0967]]],[[[-73.0547,42.0958],[-73.0545,42.0967],[-73.0542,42.0968],[-73.0547,42.0958]]]]},"properties":{"id":"usgs-pad-us-fee-managers:9952","name":"Tolland State Forest","kind":"land","category":"public-land","sourceCategory":"public-land","sourceId":"usgs-pad-us-fee-managers","sourceUrl":"https://services.arcgis.com/v01gqwM5QqNysAAi/arcgis/rest/services/Fee_Managers_PADUS/FeatureServer/0","sourceUpdated":"2017-08-14T04:00:00.000Z","publicUse":"PAD-US reports access is not open to the public.","unit":"SPR","origin":"public-catalog"}},{"type":"Feature","id":"usgs-pad-us-fee-managers:9953","geometry":{"type":"Polygon","coordinates":[[[-71.8174,42.4295],[-71.8145,42.4277],[-71.819,42.4247],[-71.8204,42.426],[-71.8193,42.4275],[-71.8214,42.4282],[-71.8199,42.4278],[-71.8194,42.4285],[-71.818,42.4281],[-71.8176,42.4286],[-71.82,42.4302],[-71.8192,42.4296],[-71.8187,42.4303],[-71.8174,42.4295]]]},"properties":{"id":"usgs-pad-us-fee-managers:9953","name":"French Watershed Preservation Restriction","kind":"land","category":"public-land","sourceCategory":"public-land","sourceId":"usgs-pad-us-fee-managers","sourceUrl":"https://services.arcgis.com/v01gqwM5QqNysAAi/arcgis/rest/services/Fee_Managers_PADUS/FeatureServer/0","sourceUpdated":"2017-08-14T04:00:00.000Z","publicUse":"PAD-US reports access is not open to the public.","unit":"SDC","origin":"public-catalog"}},{"type":"Feature","id":"usgs-pad-us-fee-managers:9954","geometry":{"type":"Polygon","coordinates":[[[-70.0205,41.7918],[-70.0202,41.7916],[-70.0223,41.7897],[-70.0222,41.7892],[-70.0216,41.7885],[-70.0221,41.7884],[-70.0228,41.7893],[-70.0232,41.7895],[-70.0234,41.79],[-70.0231,41.7903],[-70.0227,41.7899],[-70.022,41.7906],[-70.0211,41.791],[-70.0213,41.7914],[-70.0208,41.7913],[-70.0205,41.7915],[-70.0207,41.7918],[-70.021,41.7917],[-70.0209,41.7919],[-70.0205,41.7918]]]},"properties":{"id":"usgs-pad-us-fee-managers:9954","name":"Namskaket Sea Path","kind":"land","category":"public-land","sourceCategory":"public-land","sourceId":"usgs-pad-us-fee-managers","sourceUrl":"https://services.arcgis.com/v01gqwM5QqNysAAi/arcgis/rest/services/Fee_Managers_PADUS/FeatureServer/0","sourceUpdated":"2017-08-14T04:00:00.000Z","publicUse":"PAD-US reports access is not open to the public.","unit":"SPR","origin":"public-catalog"}},{"type":"Feature","id":"usgs-pad-us-fee-managers:9955","geometry":{"type":"Polygon","coordinates":[[[-73.1988,42.6708],[-73.1984,42.6706],[-73.1978,42.6706],[-73.198,42.6694],[-73.1979,42.6706],[-73.1985,42.6705],[-73.199,42.6711],[-73.1961,42.6732],[-73.1958,42.6739],[-73.1962,42.6752],[-73.1962,42.6762],[-73.1973,42.6783],[-73.1973,42.6796],[-73.1979,42.6803],[-73.1994,42.6813],[-73.1993,42.6817],[-73.1993,42.6814],[-73.1979,42.6804],[-73.1973,42.6796],[-73.1972,42.6783],[-73.1961,42.6762],[-73.1961,42.6752],[-73.1957,42.6739],[-73.196,42.6732],[-73.199,42.6711],[-73.1988,42.6708]]]},"properties":{"id":"usgs-pad-us-fee-managers:9955","name":"Mount Greylock State Reservation","kind":"land","category":"public-land","sourceCategory":"public-land","sourceId":"usgs-pad-us-fee-managers","sourceUrl":"https://services.arcgis.com/v01gqwM5QqNysAAi/arcgis/rest/services/Fee_Managers_PADUS/FeatureServer/0","sourceUpdated":"2017-08-14T04:00:00.000Z","publicUse":"PAD-US reports access is not open to the public.","unit":"SPR","origin":"public-catalog"}},{"type":"Feature","id":"usgs-pad-us-fee-managers:9956","geometry":{"type":"Polygon","coordinates":[[[-71.7938,42.4561],[-71.7943,42.4559],[-71.796,42.4566],[-71.7959,42.4569],[-71.7936,42.4563],[-71.7938,42.4561]]]},"properties":{"id":"usgs-pad-us-fee-managers:9956","name":"George Watershed Preservation Restriction","kind":"land","category":"public-land","sourceCategory":"public-land","sourceId":"usgs-pad-us-fee-managers","sourceUrl":"https://services.arcgis.com/v01gqwM5QqNysAAi/arcgis/rest/services/Fee_Managers_PADUS/FeatureServer/0","sourceUpdated":"2017-08-14T04:00:00.000Z","publicUse":"PAD-US reports access is not open to the public.","unit":"SDC","origin":"public-catalog"}},{"type":"Feature","id":"usgs-pad-us-fee-managers:9957","geometry":{"type":"Polygon","coordinates":[[[-71.8087,42.3928],[-71.8084,42.3918],[-71.8108,42.3918],[-71.8112,42.3928],[-71.8121,42.3926],[-71.8124,42.3933],[-71.8104,42.3944],[-71.8101,42.395],[-71.8087,42.3928]]]},"properties":{"id":"usgs-pad-us-fee-managers:9957","name":"Goodale Watershed Preservation Restriction","kind":"land","category":"public-land","sourceCategory":"public-land","sourceId":"usgs-pad-us-fee-managers","sourceUrl":"https://services.arcgis.com/v01gqwM5QqNysAAi/arcgis/rest/services/Fee_Managers_PADUS/FeatureServer/0","sourceUpdated":"2017-08-14T04:00:00.000Z","publicUse":"PAD-US reports access is not open to the public.","unit":"SDC","origin":"public-catalog"}},{"type":"Feature","id":"usgs-pad-us-fee-managers:9958","geometry":{"type":"MultiPolygon","coordinates":[[[[-72.5142,42.3371],[-72.5147,42.3372],[-72.5139,42.3372],[-72.5142,42.3371]]],[[[-72.5125,42.3371],[-72.5135,42.3371],[-72.5135,42.3372],[-72.5126,42.3371],[-72.5125,42.3376],[-72.5125,42.3371]]],[[[-72.5123,42.3384],[-72.5124,42.3379],[-72.513,42.3377],[-72.5131,42.3383],[-72.5138,42.3383],[-72.5138,42.3385],[-72.5123,42.3384]]],[[[-72.515,42.3394],[-72.5151,42.339],[-72.5145,42.3389],[-72.5151,42.339],[-72.5152,42.3386],[-72.5156,42.3386],[-72.5155,42.3374],[-72.5148,42.3372],[-72.5157,42.3371],[-72.5156,42.3391],[-72.5158,42.3392],[-72.5156,42.3392],[-72.5154,42.3397],[-72.5149,42.3397],[-72.515,42.3394]]]]},"properties":{"id":"usgs-pad-us-fee-managers:9958","name":"Town of Amherst 8","kind":"land","category":"public-land","sourceCategory":"public-land","sourceId":"usgs-pad-us-fee-managers","sourceUrl":"https://services.arcgis.com/v01gqwM5QqNysAAi/arcgis/rest/services/Fee_Managers_PADUS/FeatureServer/0","sourceUpdated":"2017-08-14T04:00:00.000Z","publicUse":"PAD-US reports access is not open to the public.","unit":"CITY","origin":"public-catalog"}},{"type":"Feature","id":"usgs-pad-us-fee-managers:9959","geometry":{"type":"Polygon","coordinates":[[[-71.3659,42.1192],[-71.3655,42.1193],[-71.3656,42.1181],[-71.3689,42.1192],[-71.3682,42.1214],[-71.3659,42.1223],[-71.3655,42.122],[-71.3653,42.1214],[-71.3654,42.1211],[-71.3662,42.1208],[-71.3659,42.1204],[-71.3661,42.1198],[-71.3659,42.1192]]]},"properties":{"id":"usgs-pad-us-fee-managers:9959","name":"Charles River Natural Valley Storage Area","kind":"land","category":"public-land","sourceCategory":"public-land","sourceId":"usgs-pad-us-fee-managers","sourceUrl":"https://services.arcgis.com/v01gqwM5QqNysAAi/arcgis/rest/services/Fee_Managers_PADUS/FeatureServer/0","sourceUpdated":"2017-08-14T04:00:00.000Z","publicUse":"PAD-US reports access is not open to the public.","unit":"USACE","origin":"public-catalog"}},{"type":"Feature","id":"usgs-pad-us-fee-managers:9960","geometry":{"type":"Polygon","coordinates":[[[-71.6882,42.3831],[-71.6894,42.3836],[-71.6895,42.3842],[-71.6882,42.3847],[-71.6882,42.3831]]]},"properties":{"id":"usgs-pad-us-fee-managers:9960","name":"Hamilton Watershed Preservation Restriction","kind":"land","category":"public-land","sourceCategory":"public-land","sourceId":"usgs-pad-us-fee-managers","sourceUrl":"https://services.arcgis.com/v01gqwM5QqNysAAi/arcgis/rest/services/Fee_Managers_PADUS/FeatureServer/0","sourceUpdated":"2017-08-14T04:00:00.000Z","publicUse":"PAD-US reports access is not open to the public.","unit":"SDC","origin":"public-catalog"}},{"type":"Feature","id":"usgs-pad-us-fee-managers:9961","geometry":{"type":"Polygon","coordinates":[[[-72.5307,42.3174],[-72.5314,42.3173],[-72.5314,42.3179],[-72.5327,42.3186],[-72.5326,42.319],[-72.5319,42.3189],[-72.5308,42.3183],[-72.5307,42.3174]]]},"properties":{"id":"usgs-pad-us-fee-managers:9961","name":"Town of Amherst 9","kind":"land","category":"public-land","sourceCategory":"public-land","sourceId":"usgs-pad-us-fee-managers","sourceUrl":"https://services.arcgis.com/v01gqwM5QqNysAAi/arcgis/rest/services/Fee_Managers_PADUS/FeatureServer/0","sourceUpdated":"2017-08-14T04:00:00.000Z","publicUse":"PAD-US reports access is not open to the public.","unit":"CITY","origin":"public-catalog"}},{"type":"Feature","id":"usgs-pad-us-fee-managers:9962","geometry":{"type":"Polygon","coordinates":[[[-72.5319,42.3192],[-72.5307,42.3184],[-72.5304,42.3178],[-72.5297,42.3177],[-72.5311,42.3142],[-72.5324,42.3142],[-72.5322,42.3147],[-72.5316,42.3147],[-72.531,42.3165],[-72.5337,42.3163],[-72.5329,42.3172],[-72.5327,42.3186],[-72.5314,42.3179],[-72.5314,42.3173],[-72.5307,42.3174],[-72.5308,42.3183],[-72.5319,42.3189],[-72.5326,42.319],[-72.5325,42.3197],[-72.5319,42.3192]]]},"properties":{"id":"usgs-pad-us-fee-managers:9962","name":"Town of Amherst 10","kind":"land","category":"public-land","sourceCategory":"public-land","sourceId":"usgs-pad-us-fee-managers","sourceUrl":"https://services.arcgis.com/v01gqwM5QqNysAAi/arcgis/rest/services/Fee_Managers_PADUS/FeatureServer/0","sourceUpdated":"2017-08-14T04:00:00.000Z","publicUse":"PAD-US reports access is not open to the public.","unit":"CITY","origin":"public-catalog"}},{"type":"Feature","id":"usgs-pad-us-fee-managers:9963","geometry":{"type":"Polygon","coordinates":[[[-71.8356,42.4116],[-71.8358,42.4119],[-71.8353,42.4123],[-71.8369,42.4128],[-71.8367,42.4137],[-71.8358,42.4153],[-71.8329,42.4133],[-71.8356,42.4116]]]},"properties":{"id":"usgs-pad-us-fee-managers:9963","name":"Heath Watershed Preservation Restriction","kind":"land","category":"public-land","sourceCategory":"public-land","sourceId":"usgs-pad-us-fee-managers","sourceUrl":"https://services.arcgis.com/v01gqwM5QqNysAAi/arcgis/rest/services/Fee_Managers_PADUS/FeatureServer/0","sourceUpdated":"2017-08-14T04:00:00.000Z","publicUse":"PAD-US reports access is not open to the public.","unit":"SDC","origin":"public-catalog"}},{"type":"Feature","id":"usgs-pad-us-fee-managers:9964","geometry":{"type":"Polygon","coordinates":[[[-72.5031,42.3821],[-72.5014,42.3805],[-72.4998,42.3799],[-72.4999,42.3795],[-72.5003,42.3796],[-72.5001,42.3797],[-72.5011,42.3802],[-72.5014,42.3799],[-72.5012,42.3802],[-72.5019,42.3808],[-72.5022,42.3807],[-72.5021,42.3808],[-72.5028,42.3815],[-72.5036,42.3815],[-72.5037,42.3811],[-72.5031,42.3805],[-72.5031,42.3802],[-72.5016,42.3795],[-72.5014,42.3798],[-72.5015,42.3795],[-72.5009,42.3793],[-72.5011,42.3786],[-72.5051,42.379],[-72.5045,42.3799],[-72.5037,42.3819],[-72.5043,42.382],[-72.5042,42.3822],[-72.5031,42.3821]]]},"properties":{"id":"usgs-pad-us-fee-managers:9964","name":"Town of Amherst 11","kind":"land","category":"public-land","sourceCategory":"public-land","sourceId":"usgs-pad-us-fee-managers","sourceUrl":"https://services.arcgis.com/v01gqwM5QqNysAAi/arcgis/rest/services/Fee_Managers_PADUS/FeatureServer/0","sourceUpdated":"2017-08-14T04:00:00.000Z","publicUse":"PAD-US reports access is not open to the public.","unit":"CITY","origin":"public-catalog"}},{"type":"Feature","id":"usgs-pad-us-fee-managers:9965","geometry":{"type":"Polygon","coordinates":[[[-71.2953,42.2591],[-71.2949,42.2606],[-71.2938,42.2606],[-71.2943,42.2593],[-71.2953,42.2591]]]},"properties":{"id":"usgs-pad-us-fee-managers:9965","name":"Charles River Natural Valley Storage Area","kind":"land","category":"public-land","sourceCategory":"public-land","sourceId":"usgs-pad-us-fee-managers","sourceUrl":"https://services.arcgis.com/v01gqwM5QqNysAAi/arcgis/rest/services/Fee_Managers_PADUS/FeatureServer/0","sourceUpdated":"2017-08-14T04:00:00.000Z","publicUse":"PAD-US reports access is not open to the public.","unit":"USACE","origin":"public-catalog"}},{"type":"Feature","id":"usgs-pad-us-fee-managers:9966","geometry":{"type":"MultiPolygon","coordinates":[[[[-73.182,42.6706],[-73.182,42.6709],[-73.1825,42.6717],[-73.1819,42.6709],[-73.182,42.6706]]],[[[-73.183,42.6805],[-73.1827,42.68],[-73.1815,42.6795],[-73.1813,42.6789],[-73.1815,42.6774],[-73.1818,42.6771],[-73.1815,42.6764],[-73.1816,42.676],[-73.1795,42.6754],[-73.1816,42.676],[-73.1823,42.6742],[-73.1823,42.6749],[-73.1815,42.6764],[-73.1818,42.6769],[-73.1814,42.6789],[-73.1816,42.6796],[-73.1827,42.68],[-73.1831,42.6805],[-73.1909,42.6807],[-73.1932,42.6815],[-73.1909,42.6807],[-73.183,42.6805]]]]},"properties":{"id":"usgs-pad-us-fee-managers:9966","name":"Mount Greylock State Reservation","kind":"land","category":"public-land","sourceCategory":"public-land","sourceId":"usgs-pad-us-fee-managers","sourceUrl":"https://services.arcgis.com/v01gqwM5QqNysAAi/arcgis/rest/services/Fee_Managers_PADUS/FeatureServer/0","sourceUpdated":"2017-08-14T04:00:00.000Z","publicUse":"PAD-US reports access is not open to the public.","unit":"SPR","origin":"public-catalog"}},{"type":"Feature","id":"usgs-pad-us-fee-managers:9967","geometry":{"type":"MultiPolygon","coordinates":[[[[-70.5588,41.7771],[-70.5592,41.7768],[-70.5609,41.7769],[-70.5604,41.7782],[-70.5595,41.7789],[-70.5579,41.7782],[-70.5587,41.7778],[-70.5588,41.7771]]],[[[-70.5621,41.7773],[-70.5624,41.7773],[-70.5625,41.7785],[-70.5623,41.7796],[-70.5617,41.7802],[-70.5621,41.7786],[-70.5621,41.7773]]],[[[-70.5601,41.7797],[-70.5577,41.7783],[-70.5592,41.779],[-70.5597,41.779],[-70.5601,41.7787],[-70.5616,41.7796],[-70.5613,41.7805],[-70.5601,41.7797]]]]},"properties":{"id":"usgs-pad-us-fee-managers:9967","name":"Herring Run Condominium Subdivision Open Space","kind":"land","category":"public-land","sourceCategory":"public-land","sourceId":"usgs-pad-us-fee-managers","sourceUrl":"https://services.arcgis.com/v01gqwM5QqNysAAi/arcgis/rest/services/Fee_Managers_PADUS/FeatureServer/0","sourceUpdated":"2017-08-14T04:00:00.000Z","publicUse":"PAD-US reports access is not open to the public.","unit":"CITY","origin":"public-catalog"}},{"type":"Feature","id":"usgs-pad-us-fee-managers:9968","geometry":{"type":"Polygon","coordinates":[[[-71.7655,42.4354],[-71.7658,42.4349],[-71.7662,42.4357],[-71.766,42.4359],[-71.7655,42.4354]]]},"properties":{"id":"usgs-pad-us-fee-managers:9968","name":"Higgins Watershed Preservation Restriction","kind":"land","category":"public-land","sourceCategory":"public-land","sourceId":"usgs-pad-us-fee-managers","sourceUrl":"https://services.arcgis.com/v01gqwM5QqNysAAi/arcgis/rest/services/Fee_Managers_PADUS/FeatureServer/0","sourceUpdated":"2017-08-14T04:00:00.000Z","publicUse":"PAD-US reports access is not open to the public.","unit":"SDC","origin":"public-catalog"}},{"type":"Feature","id":"usgs-pad-us-fee-managers:9969","geometry":{"type":"Polygon","coordinates":[[[-73.2114,42.238],[-73.2115,42.2378],[-73.2152,42.2395],[-73.2146,42.2403],[-73.2111,42.2386],[-73.2114,42.238]]]},"properties":{"id":"usgs-pad-us-fee-managers:9969","name":"Appalachian Trail Corridor","kind":"land","category":"public-land","sourceCategory":"public-land","sourceId":"usgs-pad-us-fee-managers","sourceUrl":"https://services.arcgis.com/v01gqwM5QqNysAAi/arcgis/rest/services/Fee_Managers_PADUS/FeatureServer/0","sourceUpdated":"2017-08-14T04:00:00.000Z","publicUse":"PAD-US reports access is not open to the public.","unit":"NPS","origin":"public-catalog"}},{"type":"Feature","id":"usgs-pad-us-fee-managers:9970","geometry":{"type":"Polygon","coordinates":[[[-73.2096,42.2379],[-73.2102,42.2372],[-73.2115,42.2378],[-73.2111,42.2386],[-73.2096,42.2379]]]},"properties":{"id":"usgs-pad-us-fee-managers:9970","name":"Appalachian Trail Corridor","kind":"land","category":"public-land","sourceCategory":"public-land","sourceId":"usgs-pad-us-fee-managers","sourceUrl":"https://services.arcgis.com/v01gqwM5QqNysAAi/arcgis/rest/services/Fee_Managers_PADUS/FeatureServer/0","sourceUpdated":"2017-08-14T04:00:00.000Z","publicUse":"PAD-US reports access is not open to the public.","unit":"NPS","origin":"public-catalog"}},{"type":"Feature","id":"usgs-pad-us-fee-managers:99705","geometry":{"type":"Polygon","coordinates":[[[-71.0964,42.3704],[-71.0968,42.3705],[-71.0966,42.3708],[-71.0963,42.3707],[-71.0964,42.3704]]]},"properties":{"id":"usgs-pad-us-fee-managers:99705","name":"Elm-Hampshire Park","kind":"land","category":"public-land","sourceCategory":"public-land","sourceId":"usgs-pad-us-fee-managers","sourceUrl":"https://services.arcgis.com/v01gqwM5QqNysAAi/arcgis/rest/services/Fee_Managers_PADUS/FeatureServer/0","sourceUpdated":"2023-05-15T04:00:00.000Z","publicUse":"PAD-US reports open access; verify current manager conditions and restrictions.","unit":"CITY","origin":"public-catalog"}},{"type":"Feature","id":"usgs-pad-us-fee-managers:99706","geometry":{"type":"Polygon","coordinates":[[[-71.1268,42.3846],[-71.1268,42.3847],[-71.1267,42.3847],[-71.1268,42.3846]]]},"properties":{"id":"usgs-pad-us-fee-managers:99706","name":"Gray Garden East","kind":"land","category":"public-land","sourceCategory":"public-land","sourceId":"usgs-pad-us-fee-managers","sourceUrl":"https://services.arcgis.com/v01gqwM5QqNysAAi/arcgis/rest/services/Fee_Managers_PADUS/FeatureServer/0","sourceUpdated":"2023-05-15T04:00:00.000Z","publicUse":"PAD-US reports open access; verify current manager conditions and restrictions.","unit":"CITY","origin":"public-catalog"}},{"type":"Feature","id":"usgs-pad-us-fee-managers:99707","geometry":{"type":"MultiPolygon","coordinates":[[[[-71.1289,42.3831],[-71.1292,42.3832],[-71.1292,42.3833],[-71.1289,42.3831]]],[[[-71.1281,42.3832],[-71.1282,42.3831],[-71.1284,42.3833],[-71.1281,42.3832]]]]},"properties":{"id":"usgs-pad-us-fee-managers:99707","name":"Gray Garden West","kind":"land","category":"public-land","sourceCategory":"public-land","sourceId":"usgs-pad-us-fee-managers","sourceUrl":"https://services.arcgis.com/v01gqwM5QqNysAAi/arcgis/rest/services/Fee_Managers_PADUS/FeatureServer/0","sourceUpdated":"2023-05-15T04:00:00.000Z","publicUse":"PAD-US reports open access; verify current manager conditions and restrictions.","unit":"CITY","origin":"public-catalog"}},{"type":"Feature","id":"usgs-pad-us-fee-managers:9971","geometry":{"type":"Polygon","coordinates":[[[-72.5136,42.3385],[-72.5138,42.3385],[-72.5138,42.3389],[-72.5136,42.3389],[-72.5136,42.3385]]]},"properties":{"id":"usgs-pad-us-fee-managers:9971","name":"Town of Amherst 12","kind":"land","category":"public-land","sourceCategory":"public-land","sourceId":"usgs-pad-us-fee-managers","sourceUrl":"https://services.arcgis.com/v01gqwM5QqNysAAi/arcgis/rest/services/Fee_Managers_PADUS/FeatureServer/0","sourceUpdated":"2017-08-14T04:00:00.000Z","publicUse":"PAD-US reports access is not open to the public.","unit":"CITY","origin":"public-catalog"}},{"type":"Feature","id":"usgs-pad-us-fee-managers:99713","geometry":{"type":"Polygon","coordinates":[[[-71.1277,42.39],[-71.1292,42.3902],[-71.1291,42.3906],[-71.1272,42.3904],[-71.1272,42.3899],[-71.1277,42.39]]]},"properties":{"id":"usgs-pad-us-fee-managers:99713","name":"Pemberton Playground","kind":"land","category":"public-land","sourceCategory":"public-land","sourceId":"usgs-pad-us-fee-managers","sourceUrl":"https://services.arcgis.com/v01gqwM5QqNysAAi/arcgis/rest/services/Fee_Managers_PADUS/FeatureServer/0","sourceUpdated":"2023-05-15T04:00:00.000Z","publicUse":"PAD-US reports open access; verify current manager conditions and restrictions.","unit":"CITY","origin":"public-catalog"}},{"type":"Feature","id":"usgs-pad-us-fee-managers:99716","geometry":{"type":"Polygon","coordinates":[[[-71.0999,42.3636],[-71.0996,42.3633],[-71.0997,42.3631],[-71.1005,42.3636],[-71.0999,42.3636]]]},"properties":{"id":"usgs-pad-us-fee-managers:99716","name":"Plaza","kind":"land","category":"public-land","sourceCategory":"public-land","sourceId":"usgs-pad-us-fee-managers","sourceUrl":"https://services.arcgis.com/v01gqwM5QqNysAAi/arcgis/rest/services/Fee_Managers_PADUS/FeatureServer/0","sourceUpdated":"2023-05-15T04:00:00.000Z","publicUse":"PAD-US reports open access; verify current manager conditions and restrictions.","unit":"CITY","origin":"public-catalog"}},{"type":"Feature","id":"usgs-pad-us-fee-managers:99717","geometry":{"type":"Polygon","coordinates":[[[-71.1266,42.3744],[-71.1267,42.3735],[-71.128,42.3741],[-71.1295,42.3745],[-71.1323,42.3742],[-71.1322,42.3747],[-71.1266,42.3744]]]},"properties":{"id":"usgs-pad-us-fee-managers:99717","name":"Riverbend Park","kind":"land","category":"public-land","sourceCategory":"public-land","sourceId":"usgs-pad-us-fee-managers","sourceUrl":"https://services.arcgis.com/v01gqwM5QqNysAAi/arcgis/rest/services/Fee_Managers_PADUS/FeatureServer/0","sourceUpdated":"2023-04-16T04:00:00.000Z","publicUse":"PAD-US reports open access; verify current manager conditions and restrictions.","unit":"CITY","origin":"public-catalog"}},{"type":"Feature","id":"usgs-pad-us-fee-managers:99718","geometry":{"type":"Polygon","coordinates":[[[-71.1546,42.3923],[-71.1554,42.3926],[-71.1551,42.393],[-71.1543,42.3927],[-71.1546,42.3923]]]},"properties":{"id":"usgs-pad-us-fee-managers:99718","name":"Sancta Maria Plgd","kind":"land","category":"public-land","sourceCategory":"public-land","sourceId":"usgs-pad-us-fee-managers","sourceUrl":"https://services.arcgis.com/v01gqwM5QqNysAAi/arcgis/rest/services/Fee_Managers_PADUS/FeatureServer/0","sourceUpdated":"2021-04-21T04:00:00.000Z","publicUse":"PAD-US reports open access; verify current manager conditions and restrictions.","unit":"CITY","origin":"public-catalog"}},{"type":"Feature","id":"usgs-pad-us-fee-managers:99719","geometry":{"type":"Polygon","coordinates":[[[-71.1304,42.3946],[-71.1308,42.3945],[-71.1308,42.3947],[-71.1305,42.3948],[-71.1304,42.3946]]]},"properties":{"id":"usgs-pad-us-fee-managers:99719","name":"Sleeper Tot Lot","kind":"land","category":"public-land","sourceCategory":"public-land","sourceId":"usgs-pad-us-fee-managers","sourceUrl":"https://services.arcgis.com/v01gqwM5QqNysAAi/arcgis/rest/services/Fee_Managers_PADUS/FeatureServer/0","sourceUpdated":"2023-05-15T04:00:00.000Z","publicUse":"PAD-US reports open access; verify current manager conditions and restrictions.","unit":"CITY","origin":"public-catalog"}},{"type":"Feature","id":"usgs-pad-us-fee-managers:9972","geometry":{"type":"Polygon","coordinates":[[[-71.872,42.4598],[-71.8723,42.4596],[-71.8746,42.4611],[-71.8717,42.463],[-71.8713,42.4625],[-71.8731,42.4613],[-71.8727,42.4604],[-71.872,42.4598]]]},"properties":{"id":"usgs-pad-us-fee-managers:9972","name":"Huck Watershed Preservation Restriction","kind":"land","category":"public-land","sourceCategory":"public-land","sourceId":"usgs-pad-us-fee-managers","sourceUrl":"https://services.arcgis.com/v01gqwM5QqNysAAi/arcgis/rest/services/Fee_Managers_PADUS/FeatureServer/0","sourceUpdated":"2017-08-14T04:00:00.000Z","publicUse":"PAD-US reports access is not open to the public.","unit":"SDC","origin":"public-catalog"}},{"type":"Feature","id":"usgs-pad-us-fee-managers:99720","geometry":{"type":"Polygon","coordinates":[[[-71.2634,42.3544],[-71.2638,42.3538],[-71.2666,42.3548],[-71.265,42.3544],[-71.2644,42.3546],[-71.2636,42.3543],[-71.2634,42.3544]]]},"properties":{"id":"usgs-pad-us-fee-managers:99720","name":"Unknown Park","kind":"land","category":"public-land","sourceCategory":"public-land","sourceId":"usgs-pad-us-fee-managers","sourceUrl":"https://services.arcgis.com/v01gqwM5QqNysAAi/arcgis/rest/services/Fee_Managers_PADUS/FeatureServer/0","sourceUpdated":"2023-05-15T04:00:00.000Z","publicUse":"PAD-US reports open access; verify current manager conditions and restrictions.","unit":"CITY","origin":"public-catalog"}},{"type":"Feature","id":"usgs-pad-us-fee-managers:9974","geometry":{"type":"MultiPolygon","coordinates":[[[[-71.7995,42.4868],[-71.8013,42.4867],[-71.8056,42.4875],[-71.8072,42.4882],[-71.809,42.4877],[-71.8093,42.4887],[-71.7979,42.4868],[-71.7995,42.4868]]],[[[-71.7957,42.4838],[-71.7966,42.4831],[-71.7977,42.4841],[-71.8005,42.4838],[-71.8004,42.4836],[-71.8025,42.4818],[-71.7987,42.4818],[-71.7975,42.4799],[-71.7972,42.4792],[-71.7963,42.4794],[-71.7948,42.478],[-71.7946,42.4757],[-71.7943,42.4755],[-71.7945,42.4753],[-71.797,42.475],[-71.8026,42.4764],[-71.8047,42.4762],[-71.8069,42.4768],[-71.8096,42.4769],[-71.8108,42.4787],[-71.8115,42.4803],[-71.8127,42.4802],[-71.8133,42.4831],[-71.8121,42.4833],[-71.8133,42.4891],[-71.8121,42.4892],[-71.8105,42.4889],[-71.8125,42.4887],[-71.8107,42.4804],[-71.81,42.4788],[-71.809,42.4775],[-71.8078,42.4775],[-71.8045,42.4767],[-71.8024,42.477],[-71.8011,42.4764],[-71.7968,42.4755],[-71.7954,42.4757],[-71.7955,42.4778],[-71.7966,42.4787],[-71.7973,42.4786],[-71.7978,42.4788],[-71.7991,42.4812],[-71.8042,42.4813],[-71.8008,42.4843],[-71.7975,42.4846],[-71.7966,42.4839],[-71.7961,42.4843],[-71.7969,42.4861],[-71.7967,42.4866],[-71.795,42.4863],[-71.7961,42.4861],[-71.7952,42.4839],[-71.7957,42.4838]]]]},"properties":{"id":"usgs-pad-us-fee-managers:9974","name":"Hycrest Farm Watershed Preservation Restriction","kind":"land","category":"public-land","sourceCategory":"public-land","sourceId":"usgs-pad-us-fee-managers","sourceUrl":"https://services.arcgis.com/v01gqwM5QqNysAAi/arcgis/rest/services/Fee_Managers_PADUS/FeatureServer/0","sourceUpdated":"2017-08-14T04:00:00.000Z","publicUse":"PAD-US reports access is not open to the public.","unit":"SDC","origin":"public-catalog"}},{"type":"Feature","id":"usgs-pad-us-fee-managers:9975","geometry":{"type":"Polygon","coordinates":[[[-71.3069,42.3347],[-71.3089,42.3348],[-71.3073,42.3349],[-71.3069,42.3347]]]},"properties":{"id":"usgs-pad-us-fee-managers:9975","name":"Danforth Blaney Conservation Area Access","kind":"land","category":"public-land","sourceCategory":"public-land","sourceId":"usgs-pad-us-fee-managers","sourceUrl":"https://services.arcgis.com/v01gqwM5QqNysAAi/arcgis/rest/services/Fee_Managers_PADUS/FeatureServer/0","sourceUpdated":"2017-08-14T04:00:00.000Z","publicUse":"PAD-US reports access is not open to the public.","unit":"CITY","origin":"public-catalog"}},{"type":"Feature","id":"usgs-pad-us-fee-managers:9976","geometry":{"type":"Polygon","coordinates":[[[-71.8704,42.4321],[-71.8739,42.4313],[-71.8739,42.4338],[-71.872,42.4338],[-71.8718,42.4344],[-71.8713,42.4344],[-71.8712,42.4325],[-71.8704,42.4321]]]},"properties":{"id":"usgs-pad-us-fee-managers:9976","name":"Jacobson Watershed Preservation Restriction","kind":"land","category":"public-land","sourceCategory":"public-land","sourceId":"usgs-pad-us-fee-managers","sourceUrl":"https://services.arcgis.com/v01gqwM5QqNysAAi/arcgis/rest/services/Fee_Managers_PADUS/FeatureServer/0","sourceUpdated":"2017-08-14T04:00:00.000Z","publicUse":"PAD-US reports access is not open to the public.","unit":"SDC","origin":"public-catalog"}},{"type":"Feature","id":"usgs-pad-us-fee-managers:9977","geometry":{"type":"Polygon","coordinates":[[[-73.0612,42.1754],[-73.0635,42.1754],[-73.0655,42.176],[-73.0653,42.1762],[-73.0634,42.1756],[-73.0612,42.1756],[-73.0612,42.1754]]]},"properties":{"id":"usgs-pad-us-fee-managers:9977","name":"Otis State Forest","kind":"land","category":"public-land","sourceCategory":"public-land","sourceId":"usgs-pad-us-fee-managers","sourceUrl":"https://services.arcgis.com/v01gqwM5QqNysAAi/arcgis/rest/services/Fee_Managers_PADUS/FeatureServer/0","sourceUpdated":"2017-08-14T04:00:00.000Z","publicUse":"PAD-US reports access is not open to the public.","unit":"SPR","origin":"public-catalog"}},{"type":"Feature","id":"usgs-pad-us-fee-managers:9978","geometry":{"type":"Polygon","coordinates":[[[-71.2159,42.6997],[-71.2172,42.6993],[-71.2174,42.6994],[-71.2197,42.698],[-71.2207,42.6963],[-71.2234,42.6931],[-71.2237,42.6934],[-71.2216,42.6958],[-71.2197,42.6985],[-71.2173,42.6996],[-71.216,42.6999],[-71.2159,42.6997]]]},"properties":{"id":"usgs-pad-us-fee-managers:9978","name":"Merrimack River Frontage","kind":"land","category":"public-land","sourceCategory":"public-land","sourceId":"usgs-pad-us-fee-managers","sourceUrl":"https://services.arcgis.com/v01gqwM5QqNysAAi/arcgis/rest/services/Fee_Managers_PADUS/FeatureServer/0","sourceUpdated":"2017-08-14T04:00:00.000Z","publicUse":"PAD-US reports access is not open to the public.","unit":"CITY","origin":"public-catalog"}},{"type":"Feature","id":"usgs-pad-us-fee-managers:9980","geometry":{"type":"Polygon","coordinates":[[[-71.8763,42.4622],[-71.8819,42.4592],[-71.8822,42.4594],[-71.8818,42.4603],[-71.8829,42.4609],[-71.8834,42.4597],[-71.8856,42.46],[-71.8858,42.4606],[-71.8833,42.4605],[-71.8833,42.4611],[-71.884,42.4614],[-71.8796,42.4643],[-71.8763,42.4622]]]},"properties":{"id":"usgs-pad-us-fee-managers:9980","name":"Kelenian Watershed Preservation Restriction","kind":"land","category":"public-land","sourceCategory":"public-land","sourceId":"usgs-pad-us-fee-managers","sourceUrl":"https://services.arcgis.com/v01gqwM5QqNysAAi/arcgis/rest/services/Fee_Managers_PADUS/FeatureServer/0","sourceUpdated":"2017-08-14T04:00:00.000Z","publicUse":"PAD-US reports access is not open to the public.","unit":"SDC","origin":"public-catalog"}},{"type":"Feature","id":"usgs-pad-us-fee-managers:9982","geometry":{"type":"Polygon","coordinates":[[[-71.8216,42.361],[-71.821,42.3583],[-71.8223,42.358],[-71.824,42.3582],[-71.8247,42.3597],[-71.827,42.36],[-71.8271,42.3597],[-71.8277,42.3597],[-71.8278,42.3604],[-71.8216,42.361]]]},"properties":{"id":"usgs-pad-us-fee-managers:9982","name":"Keskula Watershed Preservation Restriction","kind":"land","category":"public-land","sourceCategory":"public-land","sourceId":"usgs-pad-us-fee-managers","sourceUrl":"https://services.arcgis.com/v01gqwM5QqNysAAi/arcgis/rest/services/Fee_Managers_PADUS/FeatureServer/0","sourceUpdated":"2017-08-14T04:00:00.000Z","publicUse":"PAD-US reports access is not open to the public.","unit":"SDC","origin":"public-catalog"}},{"type":"Feature","id":"usgs-pad-us-fee-managers:9983","geometry":{"type":"Polygon","coordinates":[[[-71.306,42.1783],[-71.3062,42.1778],[-71.3069,42.1784],[-71.3065,42.1786],[-71.306,42.1783]]]},"properties":{"id":"usgs-pad-us-fee-managers:9983","name":"Charles River Natural Valley Storage Area","kind":"land","category":"public-land","sourceCategory":"public-land","sourceId":"usgs-pad-us-fee-managers","sourceUrl":"https://services.arcgis.com/v01gqwM5QqNysAAi/arcgis/rest/services/Fee_Managers_PADUS/FeatureServer/0","sourceUpdated":"2017-08-14T04:00:00.000Z","publicUse":"PAD-US reports access is not open to the public.","unit":"USACE","origin":"public-catalog"}},{"type":"Feature","id":"usgs-pad-us-fee-managers:9984","geometry":{"type":"Polygon","coordinates":[[[-73.3104,42.1395],[-73.3122,42.1393],[-73.3123,42.1396],[-73.3097,42.1399],[-73.3104,42.1395]]]},"properties":{"id":"usgs-pad-us-fee-managers:9984","name":"Three Mile Pond Wildlife Management Area","kind":"land","category":"public-land","sourceCategory":"public-land","sourceId":"usgs-pad-us-fee-managers","sourceUrl":"https://services.arcgis.com/v01gqwM5QqNysAAi/arcgis/rest/services/Fee_Managers_PADUS/FeatureServer/0","sourceUpdated":"2017-08-14T04:00:00.000Z","publicUse":"PAD-US reports access is not open to the public.","unit":"SDNR","origin":"public-catalog"}},{"type":"Feature","id":"usgs-pad-us-fee-managers:9987","geometry":{"type":"MultiPolygon","coordinates":[[[[-71.4337,42.616],[-71.4335,42.6162],[-71.4334,42.616],[-71.4337,42.616]]],[[[-71.4353,42.6162],[-71.4366,42.6158],[-71.4368,42.6162],[-71.4358,42.6167],[-71.4353,42.6162]]]]},"properties":{"id":"usgs-pad-us-fee-managers:9987","name":"Lakeside Terrace Conservation Restriction","kind":"land","category":"public-land","sourceCategory":"public-land","sourceId":"usgs-pad-us-fee-managers","sourceUrl":"https://services.arcgis.com/v01gqwM5QqNysAAi/arcgis/rest/services/Fee_Managers_PADUS/FeatureServer/0","sourceUpdated":"2017-08-14T04:00:00.000Z","publicUse":"PAD-US reports access is not open to the public.","unit":"CITY","origin":"public-catalog"}},{"type":"Feature","id":"usgs-pad-us-fee-managers:9989","geometry":{"type":"Polygon","coordinates":[[[-71.0109,42.7554],[-71.0106,42.7551],[-71.011,42.7552],[-71.0109,42.7554]]]},"properties":{"id":"usgs-pad-us-fee-managers:9989","name":"Crane Pond Wildlife Management Area","kind":"land","category":"public-land","sourceCategory":"public-land","sourceId":"usgs-pad-us-fee-managers","sourceUrl":"https://services.arcgis.com/v01gqwM5QqNysAAi/arcgis/rest/services/Fee_Managers_PADUS/FeatureServer/0","sourceUpdated":"2017-08-14T04:00:00.000Z","publicUse":"PAD-US reports access is not open to the public.","unit":"SDNR","origin":"public-catalog"}},{"type":"Feature","id":"usgs-pad-us-fee-managers:9990","geometry":{"type":"Polygon","coordinates":[[[-72.2379,42.479],[-72.2417,42.4789],[-72.2417,42.481],[-72.238,42.4815],[-72.2381,42.4825],[-72.237,42.4828],[-72.237,42.4834],[-72.2353,42.4835],[-72.2354,42.4845],[-72.2358,42.4847],[-72.2346,42.4863],[-72.2343,42.4822],[-72.237,42.482],[-72.2375,42.4791],[-72.2379,42.479]]]},"properties":{"id":"usgs-pad-us-fee-managers:9990","name":"Levine/Palin Watershed Preservation Restriction","kind":"land","category":"public-land","sourceCategory":"public-land","sourceId":"usgs-pad-us-fee-managers","sourceUrl":"https://services.arcgis.com/v01gqwM5QqNysAAi/arcgis/rest/services/Fee_Managers_PADUS/FeatureServer/0","sourceUpdated":"2017-08-14T04:00:00.000Z","publicUse":"PAD-US reports access is not open to the public.","unit":"SDC","origin":"public-catalog"}},{"type":"Feature","id":"usgs-pad-us-fee-managers:9992","geometry":{"type":"Polygon","coordinates":[[[-73.1052,42.1331],[-73.105,42.1343],[-73.1055,42.1362],[-73.1035,42.1366],[-73.1034,42.1347],[-73.1043,42.1335],[-73.1052,42.1331]]]},"properties":{"id":"usgs-pad-us-fee-managers:9992","name":"Clam Lake Flood Control Site","kind":"land","category":"public-land","sourceCategory":"public-land","sourceId":"usgs-pad-us-fee-managers","sourceUrl":"https://services.arcgis.com/v01gqwM5QqNysAAi/arcgis/rest/services/Fee_Managers_PADUS/FeatureServer/0","sourceUpdated":"2017-08-14T04:00:00.000Z","publicUse":"PAD-US reports access is not open to the public.","unit":"SPR","origin":"public-catalog"}},{"type":"Feature","id":"usgs-pad-us-fee-managers:9993","geometry":{"type":"Polygon","coordinates":[[[-71.8838,42.4731],[-71.8837,42.4743],[-71.882,42.474],[-71.8822,42.4729],[-71.8838,42.4731]]]},"properties":{"id":"usgs-pad-us-fee-managers:9993","name":"Lindstrom/Guest Watershed Preservation Restriction","kind":"land","category":"public-land","sourceCategory":"public-land","sourceId":"usgs-pad-us-fee-managers","sourceUrl":"https://services.arcgis.com/v01gqwM5QqNysAAi/arcgis/rest/services/Fee_Managers_PADUS/FeatureServer/0","sourceUpdated":"2017-08-14T04:00:00.000Z","publicUse":"PAD-US reports access is not open to the public.","unit":"SDC","origin":"public-catalog"}},{"type":"Feature","id":"usgs-pad-us-fee-managers:9994","geometry":{"type":"Polygon","coordinates":[[[-71.818,42.4167],[-71.8222,42.4197],[-71.8181,42.4223],[-71.8161,42.418],[-71.818,42.4167]]]},"properties":{"id":"usgs-pad-us-fee-managers:9994","name":"Listowich Watershed Preservation Restriction","kind":"land","category":"public-land","sourceCategory":"public-land","sourceId":"usgs-pad-us-fee-managers","sourceUrl":"https://services.arcgis.com/v01gqwM5QqNysAAi/arcgis/rest/services/Fee_Managers_PADUS/FeatureServer/0","sourceUpdated":"2017-08-14T04:00:00.000Z","publicUse":"PAD-US reports access is not open to the public.","unit":"SDC","origin":"public-catalog"}},{"type":"Feature","id":"usgs-pad-us-fee-managers:9995","geometry":{"type":"Polygon","coordinates":[[[-71.8107,42.4261],[-71.8105,42.4256],[-71.8097,42.4258],[-71.8086,42.4229],[-71.8095,42.4229],[-71.811,42.4235],[-71.8156,42.4199],[-71.8147,42.4189],[-71.8161,42.418],[-71.8192,42.4246],[-71.8158,42.4269],[-71.8139,42.4253],[-71.8119,42.4267],[-71.8109,42.4268],[-71.8107,42.4261]]]},"properties":{"id":"usgs-pad-us-fee-managers:9995","name":"Listowich Watershed Preservation Restriction","kind":"land","category":"public-land","sourceCategory":"public-land","sourceId":"usgs-pad-us-fee-managers","sourceUrl":"https://services.arcgis.com/v01gqwM5QqNysAAi/arcgis/rest/services/Fee_Managers_PADUS/FeatureServer/0","sourceUpdated":"2017-08-14T04:00:00.000Z","publicUse":"PAD-US reports access is not open to the public.","unit":"SDC","origin":"public-catalog"}},{"type":"Feature","id":"usgs-pad-us-fee-managers:9996","geometry":{"type":"Polygon","coordinates":[[[-71.8222,42.4197],[-71.8248,42.418],[-71.8258,42.4199],[-71.8192,42.4246],[-71.8181,42.4223],[-71.8222,42.4197]]]},"properties":{"id":"usgs-pad-us-fee-managers:9996","name":"Listowich Watershed Preservation Restriction","kind":"land","category":"public-land","sourceCategory":"public-land","sourceId":"usgs-pad-us-fee-managers","sourceUrl":"https://services.arcgis.com/v01gqwM5QqNysAAi/arcgis/rest/services/Fee_Managers_PADUS/FeatureServer/0","sourceUpdated":"2017-08-14T04:00:00.000Z","publicUse":"PAD-US reports access is not open to the public.","unit":"SDC","origin":"public-catalog"}},{"type":"Feature","id":"usgs-pad-us-fee-managers:9997","geometry":{"type":"Polygon","coordinates":[[[-70.8215,42.1927],[-70.8217,42.1934],[-70.8212,42.1946],[-70.8217,42.1952],[-70.8215,42.1952],[-70.8211,42.1945],[-70.8216,42.1934],[-70.8215,42.1927]]]},"properties":{"id":"usgs-pad-us-fee-managers:9997","name":"Norwell Fire Tower","kind":"land","category":"public-land","sourceCategory":"public-land","sourceId":"usgs-pad-us-fee-managers","sourceUrl":"https://services.arcgis.com/v01gqwM5QqNysAAi/arcgis/rest/services/Fee_Managers_PADUS/FeatureServer/0","sourceUpdated":"2017-08-14T04:00:00.000Z","publicUse":"PAD-US reports access is not open to the public.","unit":"SPR","origin":"public-catalog"}},{"type":"Feature","id":"usgs-pad-us-fee-managers:9998","geometry":{"type":"Polygon","coordinates":[[[-70.8215,42.1952],[-70.822,42.1955],[-70.8222,42.1965],[-70.8219,42.1956],[-70.8215,42.1952]]]},"properties":{"id":"usgs-pad-us-fee-managers:9998","name":"Norwell Fire Tower","kind":"land","category":"public-land","sourceCategory":"public-land","sourceId":"usgs-pad-us-fee-managers","sourceUrl":"https://services.arcgis.com/v01gqwM5QqNysAAi/arcgis/rest/services/Fee_Managers_PADUS/FeatureServer/0","sourceUpdated":"2017-08-14T04:00:00.000Z","publicUse":"PAD-US reports access is not open to the public.","unit":"SPR","origin":"public-catalog"}},{"type":"Feature","id":"usgs-pad-us-fee-managers:9999","geometry":{"type":"Polygon","coordinates":[[[-72.1724,42.4653],[-72.1725,42.4631],[-72.1735,42.4617],[-72.173,42.4596],[-72.1768,42.4595],[-72.1767,42.4611],[-72.1795,42.4609],[-72.1796,42.4636],[-72.1802,42.4636],[-72.1803,42.464],[-72.1812,42.464],[-72.1801,42.4642],[-72.18,42.4638],[-72.1793,42.4638],[-72.1783,42.4645],[-72.1783,42.4666],[-72.1771,42.4668],[-72.1768,42.466],[-72.1728,42.4665],[-72.1724,42.4653]]]},"properties":{"id":"usgs-pad-us-fee-managers:9999","name":"Lockhart/Block Watershed Preservation Restriction","kind":"land","category":"public-land","sourceCategory":"public-land","sourceId":"usgs-pad-us-fee-managers","sourceUrl":"https://services.arcgis.com/v01gqwM5QqNysAAi/arcgis/rest/services/Fee_Managers_PADUS/FeatureServer/0","sourceUpdated":"2017-08-14T04:00:00.000Z","publicUse":"PAD-US reports access is not open to the public.","unit":"SDC","origin":"public-catalog"}}]}
