{"type":"FeatureCollection","features":[{"type":"Feature","id":"usgs-pad-us-fee-managers:61332","geometry":{"type":"MultiPolygon","coordinates":[[[[-81.9328,37.3878],[-81.9329,37.3878],[-81.933,37.3879],[-81.9328,37.3878]]],[[[-81.9331,37.388],[-81.9332,37.3881],[-81.9332,37.3883],[-81.9331,37.388]]],[[[-81.9334,37.3888],[-81.9337,37.3891],[-81.9336,37.3893],[-81.9334,37.3888]]],[[[-81.9339,37.3906],[-81.9339,37.3904],[-81.9339,37.3906],[-81.9339,37.3906]]],[[[-81.9332,37.3914],[-81.9339,37.3907],[-81.9336,37.3911],[-81.9332,37.3914]]],[[[-81.9323,37.3921],[-81.9326,37.3921],[-81.9319,37.3921],[-81.9323,37.3921]]],[[[-81.9317,37.3921],[-81.9308,37.3926],[-81.9302,37.3927],[-81.9317,37.3921]]],[[[-81.929,37.3935],[-81.9294,37.3934],[-81.9292,37.3935],[-81.929,37.3935]]],[[[-81.9288,37.3939],[-81.9288,37.3938],[-81.9288,37.3939],[-81.9288,37.3939]]],[[[-81.929,37.3942],[-81.9294,37.3946],[-81.9293,37.3948],[-81.929,37.3942]]],[[[-81.929,37.3957],[-81.929,37.3956],[-81.9291,37.3958],[-81.929,37.3957]]],[[[-81.9299,37.3967],[-81.93,37.3969],[-81.93,37.397],[-81.9299,37.3967]]],[[[-81.9297,37.3975],[-81.93,37.3972],[-81.9299,37.3975],[-81.9297,37.3975]]],[[[-81.9281,37.3993],[-81.9287,37.3996],[-81.9288,37.3999],[-81.9281,37.3993]]],[[[-81.9293,37.4006],[-81.9301,37.4007],[-81.9308,37.4015],[-81.9308,37.4018],[-81.93,37.4007],[-81.9293,37.4006]]],[[[-81.9301,37.4052],[-81.9302,37.4048],[-81.9302,37.4049],[-81.9301,37.4052]]],[[[-81.9296,37.4054],[-81.93,37.4053],[-81.9299,37.4054],[-81.9296,37.4054]]],[[[-81.9285,37.4062],[-81.9285,37.4062],[-81.9285,37.4062],[-81.9285,37.4062]]],[[[-81.9282,37.4065],[-81.9274,37.4069],[-81.9272,37.4069],[-81.9282,37.4065]]],[[[-81.9243,37.4073],[-81.9248,37.4073],[-81.9247,37.4073],[-81.9243,37.4073]]],[[[-81.9247,37.4083],[-81.9246,37.4081],[-81.9247,37.4082],[-81.9247,37.4083]]],[[[-81.9246,37.4085],[-81.9244,37.4089],[-81.9243,37.4088],[-81.9246,37.4085]]],[[[-81.9244,37.4093],[-81.9244,37.4093],[-81.9244,37.4094],[-81.9244,37.4093]]],[[[-81.9242,37.4102],[-81.9244,37.4101],[-81.9243,37.4102],[-81.9242,37.4102]]],[[[-81.9232,37.4108],[-81.9233,37.4106],[-81.9231,37.411],[-81.9232,37.4108]]],[[[-81.9235,37.4114],[-81.923,37.4114],[-81.925,37.4118],[-81.9235,37.4114]]],[[[-81.9252,37.4118],[-81.9256,37.4119],[-81.926,37.4123],[-81.9252,37.4118]]],[[[-81.9263,37.4126],[-81.927,37.413],[-81.9263,37.4127],[-81.9263,37.4126]]],[[[-81.9345,37.4184],[-81.9348,37.4195],[-81.9346,37.4189],[-81.9345,37.4184]]],[[[-81.9376,37.42],[-81.9378,37.4199],[-81.9379,37.4201],[-81.9376,37.42]]],[[[-81.9363,37.4199],[-81.9368,37.4199],[-81.9357,37.4201],[-81.9363,37.4199]]],[[[-81.935,37.42],[-81.9354,37.4201],[-81.9352,37.4201],[-81.935,37.42]]],[[[-81.9386,37.4219],[-81.9387,37.4219],[-81.9388,37.422],[-81.9386,37.4219]]],[[[-81.9389,37.4229],[-81.9389,37.4226],[-81.9389,37.4229],[-81.9389,37.4229]]],[[[-81.9391,37.4254],[-81.9391,37.4251],[-81.9391,37.4252],[-81.9391,37.4254]]],[[[-81.9405,37.429],[-81.9405,37.4289],[-81.9405,37.429],[-81.9405,37.429]]],[[[-81.9403,37.4293],[-81.9405,37.4291],[-81.9405,37.4292],[-81.9403,37.4293]]],[[[-81.9395,37.4302],[-81.9397,37.4301],[-81.9396,37.4302],[-81.9395,37.4302]]],[[[-81.9369,37.4322],[-81.9363,37.432],[-81.9376,37.4321],[-81.9369,37.4322]]],[[[-81.936,37.4328],[-81.9362,37.433],[-81.936,37.4329],[-81.936,37.4328]]],[[[-81.9368,37.4353],[-81.9369,37.4352],[-81.9368,37.4353],[-81.9368,37.4353]]],[[[-81.9355,37.4363],[-81.9353,37.4365],[-81.9353,37.4364],[-81.9355,37.4363]]]]},"properties":{"id":"usgs-pad-us-fee-managers:61332","name":"Panther Wildlife Management Area","kind":"land","category":"public-land","sourceCategory":"public-land","sourceId":"usgs-pad-us-fee-managers","sourceUrl":"https://services.arcgis.com/v01gqwM5QqNysAAi/arcgis/rest/services/Fee_Managers_PADUS/FeatureServer/0","sourceUpdated":"2023-04-18T04:00:00.000Z","publicUse":"PAD-US reports open access; verify current manager conditions and restrictions.","unit":"UNK","origin":"public-catalog"}},{"type":"Feature","id":"usgs-pad-us-fee-managers:61334","geometry":{"type":"MultiPolygon","coordinates":[[[[-80.9099,37.3111],[-80.9102,37.311],[-80.9104,37.3112],[-80.908,37.3116],[-80.9099,37.3111]]],[[[-80.9076,37.3117],[-80.9016,37.3149],[-80.9009,37.315],[-80.9076,37.3117]]],[[[-80.9004,37.3152],[-80.9004,37.3151],[-80.9004,37.3152],[-80.9004,37.3152]]],[[[-80.8966,37.3175],[-80.897,37.3175],[-80.8909,37.3214],[-80.8966,37.3175]]],[[[-80.8881,37.3236],[-80.8869,37.3246],[-80.8861,37.3249],[-80.8881,37.3236]]],[[[-80.8852,37.3257],[-80.8841,37.3265],[-80.884,37.3264],[-80.8852,37.3257]]]]},"properties":{"id":"usgs-pad-us-fee-managers:61334","name":"Tate Lohr Wildlife Management Area","kind":"land","category":"public-land","sourceCategory":"public-land","sourceId":"usgs-pad-us-fee-managers","sourceUrl":"https://services.arcgis.com/v01gqwM5QqNysAAi/arcgis/rest/services/Fee_Managers_PADUS/FeatureServer/0","sourceUpdated":"2023-04-18T04:00:00.000Z","publicUse":"PAD-US reports open access; verify current manager conditions and restrictions.","unit":"UNK","origin":"public-catalog"}},{"type":"Feature","id":"usgs-pad-us-fee-managers:6160","geometry":{"type":"MultiPolygon","coordinates":[[[[-76.2603,36.7199],[-76.2602,36.7198],[-76.2606,36.7201],[-76.2603,36.7199]]],[[[-76.2599,36.7198],[-76.2601,36.7199],[-76.2599,36.7201],[-76.2599,36.7198]]],[[[-76.2569,36.717],[-76.2551,36.7179],[-76.2544,36.719],[-76.2541,36.7191],[-76.2551,36.7179],[-76.2569,36.717]]],[[[-76.2551,36.7212],[-76.2554,36.7213],[-76.2552,36.7213],[-76.2551,36.7212]]],[[[-76.2539,36.721],[-76.2539,36.721],[-76.2539,36.7211],[-76.2539,36.721]]],[[[-76.2546,36.7216],[-76.2547,36.7215],[-76.2548,36.7216],[-76.2546,36.7216]]]]},"properties":{"id":"usgs-pad-us-fee-managers:6160","name":"Bells Mill Park","kind":"land","category":"public-land","sourceCategory":"public-land","sourceId":"usgs-pad-us-fee-managers","sourceUrl":"https://services.arcgis.com/v01gqwM5QqNysAAi/arcgis/rest/services/Fee_Managers_PADUS/FeatureServer/0","sourceUpdated":"2017-08-14T04:00:00.000Z","publicUse":"PAD-US reports open access; verify current manager conditions and restrictions.","unit":"CITY","origin":"public-catalog"}},{"type":"Feature","id":"usgs-pad-us-fee-managers:6161","geometry":{"type":"Polygon","coordinates":[[[-76.3262,36.7913],[-76.3269,36.7914],[-76.3267,36.7918],[-76.3262,36.7913]]]},"properties":{"id":"usgs-pad-us-fee-managers:6161","name":"Brentwood Park","kind":"land","category":"public-land","sourceCategory":"public-land","sourceId":"usgs-pad-us-fee-managers","sourceUrl":"https://services.arcgis.com/v01gqwM5QqNysAAi/arcgis/rest/services/Fee_Managers_PADUS/FeatureServer/0","sourceUpdated":"2017-08-14T04:00:00.000Z","publicUse":"PAD-US reports open access; verify current manager conditions and restrictions.","unit":"CITY","origin":"public-catalog"}},{"type":"Feature","id":"usgs-pad-us-fee-managers:6162","geometry":{"type":"Polygon","coordinates":[[[-76.2882,36.8088],[-76.2884,36.8106],[-76.2852,36.811],[-76.2872,36.8093],[-76.2882,36.8088]]]},"properties":{"id":"usgs-pad-us-fee-managers:6162","name":"Elizabeth River Boat Ramp","kind":"land","category":"public-land","sourceCategory":"public-land","sourceId":"usgs-pad-us-fee-managers","sourceUrl":"https://services.arcgis.com/v01gqwM5QqNysAAi/arcgis/rest/services/Fee_Managers_PADUS/FeatureServer/0","sourceUpdated":"2017-08-14T04:00:00.000Z","publicUse":"PAD-US reports open access; verify current manager conditions and restrictions.","unit":"CITY","origin":"public-catalog"}},{"type":"Feature","id":"usgs-pad-us-fee-managers:6163","geometry":{"type":"Polygon","coordinates":[[[-76.4317,36.8396],[-76.4319,36.8393],[-76.4322,36.8394],[-76.4324,36.8391],[-76.4321,36.8389],[-76.4323,36.8381],[-76.4326,36.8382],[-76.4327,36.8379],[-76.4326,36.8369],[-76.4331,36.8368],[-76.4332,36.84],[-76.4317,36.8396]]]},"properties":{"id":"usgs-pad-us-fee-managers:6163","name":"Hunters Cove","kind":"land","category":"public-land","sourceCategory":"public-land","sourceId":"usgs-pad-us-fee-managers","sourceUrl":"https://services.arcgis.com/v01gqwM5QqNysAAi/arcgis/rest/services/Fee_Managers_PADUS/FeatureServer/0","sourceUpdated":"2017-08-14T04:00:00.000Z","publicUse":"PAD-US reports open access; verify current manager conditions and restrictions.","unit":"CITY","origin":"public-catalog"}},{"type":"Feature","id":"usgs-pad-us-fee-managers:6164","geometry":{"type":"Polygon","coordinates":[[[-76.3449,36.7446],[-76.3454,36.7445],[-76.3458,36.7451],[-76.345,36.7454],[-76.3449,36.7446]]]},"properties":{"id":"usgs-pad-us-fee-managers:6164","name":"Old Deep Creek Community","kind":"land","category":"public-land","sourceCategory":"public-land","sourceId":"usgs-pad-us-fee-managers","sourceUrl":"https://services.arcgis.com/v01gqwM5QqNysAAi/arcgis/rest/services/Fee_Managers_PADUS/FeatureServer/0","sourceUpdated":"2017-08-14T04:00:00.000Z","publicUse":"PAD-US reports open access; verify current manager conditions and restrictions.","unit":"CITY","origin":"public-catalog"}},{"type":"Feature","id":"usgs-pad-us-fee-managers:6165","geometry":{"type":"Polygon","coordinates":[[[-76.2548,36.725],[-76.2537,36.7247],[-76.2542,36.7239],[-76.2538,36.7235],[-76.2538,36.7227],[-76.254,36.7226],[-76.2539,36.7224],[-76.2546,36.7224],[-76.2544,36.7222],[-76.2546,36.722],[-76.2551,36.722],[-76.2557,36.7225],[-76.2552,36.7219],[-76.2546,36.7218],[-76.2553,36.7213],[-76.255,36.7213],[-76.2548,36.7217],[-76.2546,36.7215],[-76.2542,36.7222],[-76.2535,36.7225],[-76.2525,36.7225],[-76.2523,36.7237],[-76.2477,36.7219],[-76.2479,36.7211],[-76.2486,36.7196],[-76.2528,36.7199],[-76.2529,36.7195],[-76.2535,36.7189],[-76.2535,36.7183],[-76.2551,36.7176],[-76.2553,36.7178],[-76.2569,36.717],[-76.2587,36.7191],[-76.2592,36.7201],[-76.2598,36.7201],[-76.2599,36.7197],[-76.2606,36.7201],[-76.2601,36.7198],[-76.2601,36.7205],[-76.2613,36.7214],[-76.2615,36.7218],[-76.2611,36.7221],[-76.2615,36.7225],[-76.2615,36.7232],[-76.2607,36.7235],[-76.261,36.7232],[-76.2603,36.7226],[-76.2593,36.7228],[-76.2579,36.7222],[-76.2575,36.7224],[-76.2565,36.7222],[-76.2579,36.7223],[-76.2584,36.7227],[-76.2587,36.7226],[-76.2586,36.7227],[-76.2591,36.7227],[-76.2593,36.723],[-76.2602,36.7228],[-76.2605,36.7233],[-76.2608,36.7233],[-76.2602,36.7237],[-76.2579,36.7235],[-76.2568,36.7239],[-76.2567,36.7244],[-76.2563,36.7248],[-76.2548,36.725]]]},"properties":{"id":"usgs-pad-us-fee-managers:6165","name":"Unnamed Chesapeake Park 20","kind":"land","category":"public-land","sourceCategory":"public-land","sourceId":"usgs-pad-us-fee-managers","sourceUrl":"https://services.arcgis.com/v01gqwM5QqNysAAi/arcgis/rest/services/Fee_Managers_PADUS/FeatureServer/0","sourceUpdated":"2017-08-14T04:00:00.000Z","publicUse":"PAD-US reports open access; verify current manager conditions and restrictions.","unit":"CITY","origin":"public-catalog"}},{"type":"Feature","id":"usgs-pad-us-fee-managers:61975","geometry":{"type":"Polygon","coordinates":[[[-78.096,39.189],[-78.0952,39.1886],[-78.0949,39.1888],[-78.0931,39.1885],[-78.0933,39.188],[-78.0946,39.1882],[-78.0949,39.188],[-78.0973,39.1886],[-78.097,39.1894],[-78.096,39.189]]]},"properties":{"id":"usgs-pad-us-fee-managers:61975","name":"Frederick Easement","kind":"land","category":"public-land","sourceCategory":"public-land","sourceId":"usgs-pad-us-fee-managers","sourceUrl":"https://services.arcgis.com/v01gqwM5QqNysAAi/arcgis/rest/services/Fee_Managers_PADUS/FeatureServer/0","sourceUpdated":"2010-10-29T04:00:00.000Z","publicUse":"PAD-US reports open access; verify current manager conditions and restrictions.","unit":"CNTY","origin":"public-catalog"}},{"type":"Feature","id":"usgs-pad-us-fee-managers:61976","geometry":{"type":"MultiPolygon","coordinates":[[[[-77.5482,39.2706],[-77.548,39.2713],[-77.5465,39.2721],[-77.5479,39.2712],[-77.5482,39.2706]]],[[[-77.5484,39.271],[-77.549,39.2711],[-77.5469,39.2725],[-77.5466,39.2723],[-77.548,39.2715],[-77.5484,39.271]]]]},"properties":{"id":"usgs-pad-us-fee-managers:61976","name":"McKimmey Boat Launch (Point of Rocks)","kind":"land","category":"public-land","sourceCategory":"public-land","sourceId":"usgs-pad-us-fee-managers","sourceUrl":"https://services.arcgis.com/v01gqwM5QqNysAAi/arcgis/rest/services/Fee_Managers_PADUS/FeatureServer/0","sourceUpdated":"2017-06-20T04:00:00.000Z","publicUse":"PAD-US reports open access; verify current manager conditions and restrictions.","unit":"UNK","origin":"public-catalog"}},{"type":"Feature","id":"usgs-pad-us-fee-managers:61977","geometry":{"type":"MultiPolygon","coordinates":[[[[-77.881,37.4436],[-77.8831,37.4416],[-77.8841,37.4435],[-77.885,37.4433],[-77.8875,37.449],[-77.8861,37.4492],[-77.8831,37.4522],[-77.8819,37.4532],[-77.8773,37.4475],[-77.878,37.4463],[-77.881,37.4436]]],[[[-77.9123,37.4744],[-77.9111,37.4742],[-77.9067,37.4743],[-77.9039,37.4747],[-77.901,37.4755],[-77.8995,37.4756],[-77.899,37.4755],[-77.8978,37.4745],[-77.8946,37.4715],[-77.894,37.4699],[-77.8939,37.4664],[-77.8951,37.4642],[-77.8969,37.4601],[-77.897,37.4582],[-77.8977,37.457],[-77.8969,37.4557],[-77.8965,37.4528],[-77.8951,37.4501],[-77.8956,37.4484],[-77.9158,37.4483],[-77.9162,37.4531],[-77.9213,37.4531],[-77.9214,37.449],[-77.924,37.4487],[-77.9239,37.4527],[-77.9243,37.4529],[-77.9242,37.4558],[-77.933,37.4555],[-77.9328,37.4593],[-77.9314,37.4631],[-77.9213,37.48],[-77.9177,37.4779],[-77.9142,37.4748],[-77.9123,37.4744]]]]},"properties":{"id":"usgs-pad-us-fee-managers:61977","name":"Amelia Wildlife Management Area","kind":"land","category":"public-land","sourceCategory":"public-land","sourceId":"usgs-pad-us-fee-managers","sourceUrl":"https://services.arcgis.com/v01gqwM5QqNysAAi/arcgis/rest/services/Fee_Managers_PADUS/FeatureServer/0","sourceUpdated":"2009-09-14T04:00:00.000Z","publicUse":"PAD-US reports open access; verify current manager conditions and restrictions.","unit":"UNK","origin":"public-catalog"}},{"type":"Feature","id":"usgs-pad-us-fee-managers:61978","geometry":{"type":"MultiPolygon","coordinates":[[[[-77.0737,36.9531],[-77.0738,36.9531],[-77.0738,36.9531],[-77.0737,36.9531]]],[[[-77.0737,36.9531],[-77.0699,36.9526],[-77.0678,36.9521],[-77.0644,36.952],[-77.0659,36.959],[-77.0503,36.9604],[-77.0507,36.9626],[-77.0518,36.9637],[-77.0486,36.9641],[-77.0468,36.9649],[-77.0452,36.9652],[-77.0456,36.963],[-77.0426,36.9593],[-77.0392,36.9595],[-77.0392,36.9587],[-77.0382,36.9583],[-77.0393,36.955],[-77.0387,36.9528],[-77.0378,36.9515],[-77.0377,36.9486],[-77.036,36.9487],[-77.0342,36.9462],[-77.0404,36.9426],[-77.0432,36.9424],[-77.0442,36.9397],[-77.0428,36.9391],[-77.0421,36.9381],[-77.0419,36.9367],[-77.0396,36.9363],[-77.0393,36.936],[-77.039,36.9327],[-77.0399,36.929],[-77.0399,36.928],[-77.052,36.9243],[-77.0567,36.9214],[-77.0569,36.9222],[-77.0566,36.9231],[-77.051,36.9319],[-77.0566,36.9335],[-77.067,36.932],[-77.0672,36.933],[-77.067,36.9336],[-77.0663,36.9346],[-77.0655,36.9351],[-77.0642,36.9379],[-77.0658,36.9384],[-77.0664,36.9389],[-77.0664,36.9396],[-77.0649,36.9437],[-77.0675,36.9446],[-77.0687,36.942],[-77.0687,36.9413],[-77.0704,36.9412],[-77.0727,36.946],[-77.0722,36.9486],[-77.0729,36.9496],[-77.073,36.9506],[-77.0737,36.9531]]]]},"properties":{"id":"usgs-pad-us-fee-managers:61978","name":"Big Woods Wildlife Management Area","kind":"land","category":"public-land","sourceCategory":"public-land","sourceId":"usgs-pad-us-fee-managers","sourceUrl":"https://services.arcgis.com/v01gqwM5QqNysAAi/arcgis/rest/services/Fee_Managers_PADUS/FeatureServer/0","sourceUpdated":"2011-12-06T05:00:00.000Z","publicUse":"PAD-US reports open access; verify current manager conditions and restrictions.","unit":"UNK","origin":"public-catalog"}},{"type":"Feature","id":"usgs-pad-us-fee-managers:61979","geometry":{"type":"Polygon","coordinates":[[[-77.1199,36.9585],[-77.12,36.9522],[-77.1204,36.9511],[-77.1205,36.9499],[-77.1189,36.9477],[-77.1181,36.947],[-77.1165,36.9462],[-77.1128,36.9453],[-77.1111,36.9437],[-77.1012,36.9429],[-77.1012,36.9406],[-77.1008,36.9391],[-77.1,36.9374],[-77.098,36.9355],[-77.0974,36.9339],[-77.1002,36.9329],[-77.1023,36.9331],[-77.104,36.9329],[-77.1051,36.9309],[-77.1076,36.9306],[-77.1083,36.9303],[-77.1082,36.9293],[-77.1086,36.9288],[-77.1101,36.9285],[-77.1102,36.9284],[-77.1092,36.9278],[-77.1088,36.9267],[-77.1097,36.9254],[-77.1139,36.9252],[-77.1149,36.9259],[-77.1175,36.9261],[-77.1183,36.9231],[-77.1207,36.9237],[-77.1222,36.9231],[-77.1231,36.9234],[-77.1234,36.9243],[-77.1232,36.9244],[-77.1241,36.9257],[-77.125,36.9265],[-77.1251,36.927],[-77.1263,36.9279],[-77.1298,36.9288],[-77.1302,36.9292],[-77.1303,36.9306],[-77.1297,36.9315],[-77.1301,36.9323],[-77.1301,36.9329],[-77.1306,36.9335],[-77.1303,36.9341],[-77.1308,36.9364],[-77.1313,36.9373],[-77.1316,36.9374],[-77.1318,36.9382],[-77.1339,36.9391],[-77.1339,36.9399],[-77.1343,36.9404],[-77.1348,36.9418],[-77.1351,36.9422],[-77.1351,36.9428],[-77.136,36.9433],[-77.1381,36.9435],[-77.1388,36.9448],[-77.1375,36.9455],[-77.1382,36.9461],[-77.1403,36.9467],[-77.1414,36.9476],[-77.1414,36.9488],[-77.1409,36.9494],[-77.1418,36.9504],[-77.142,36.9519],[-77.1419,36.9523],[-77.1407,36.9529],[-77.1395,36.9538],[-77.1396,36.9539],[-77.138,36.9546],[-77.1374,36.9555],[-77.1366,36.9558],[-77.1363,36.9563],[-77.1334,36.956],[-77.1322,36.9564],[-77.1318,36.9564],[-77.1309,36.957],[-77.1307,36.9569],[-77.1289,36.957],[-77.1281,36.9572],[-77.127,36.9583],[-77.1262,36.9585],[-77.1255,36.9584],[-77.1249,36.9588],[-77.1232,36.9583],[-77.1199,36.9585]]]},"properties":{"id":"usgs-pad-us-fee-managers:61979","name":"Big Woods Wildlife Management Area","kind":"land","category":"public-land","sourceCategory":"public-land","sourceId":"usgs-pad-us-fee-managers","sourceUrl":"https://services.arcgis.com/v01gqwM5QqNysAAi/arcgis/rest/services/Fee_Managers_PADUS/FeatureServer/0","sourceUpdated":"2017-11-06T05:00:00.000Z","publicUse":"PAD-US reports open access; verify current manager conditions and restrictions.","unit":"UNK","origin":"public-catalog"}},{"type":"Feature","id":"usgs-pad-us-fee-managers:61980","geometry":{"type":"Polygon","coordinates":[[[-78.4346,37.2015],[-78.4361,37.1947],[-78.4331,37.1954],[-78.4338,37.193],[-78.4401,37.1922],[-78.4403,37.1913],[-78.4417,37.1914],[-78.4419,37.1906],[-78.4425,37.1902],[-78.4421,37.1898],[-78.4412,37.1895],[-78.4375,37.1901],[-78.4376,37.1884],[-78.4364,37.1886],[-78.4351,37.1883],[-78.435,37.1848],[-78.4359,37.1845],[-78.4366,37.1811],[-78.44,37.1815],[-78.4393,37.1833],[-78.4442,37.1821],[-78.4445,37.1809],[-78.4478,37.183],[-78.447,37.184],[-78.4478,37.1853],[-78.4484,37.1856],[-78.4488,37.1855],[-78.4489,37.1848],[-78.4498,37.1839],[-78.4495,37.1825],[-78.4498,37.1811],[-78.4506,37.1812],[-78.4518,37.1827],[-78.4521,37.1824],[-78.452,37.1806],[-78.4486,37.1799],[-78.4461,37.1806],[-78.445,37.1803],[-78.4448,37.1801],[-78.4449,37.1793],[-78.4447,37.1785],[-78.4506,37.1752],[-78.4489,37.1733],[-78.4516,37.1718],[-78.4513,37.1691],[-78.4522,37.1694],[-78.4528,37.1699],[-78.4549,37.1694],[-78.4557,37.1719],[-78.4563,37.1722],[-78.4566,37.1721],[-78.4576,37.1712],[-78.4588,37.1712],[-78.4584,37.1697],[-78.4579,37.1689],[-78.4563,37.1682],[-78.4559,37.1669],[-78.4562,37.1651],[-78.4571,37.164],[-78.4576,37.1639],[-78.4578,37.1597],[-78.4538,37.1593],[-78.4536,37.1587],[-78.4586,37.1538],[-78.464,37.1556],[-78.4641,37.1546],[-78.4637,37.1534],[-78.4623,37.1527],[-78.463,37.1514],[-78.4633,37.1513],[-78.4651,37.1523],[-78.4662,37.1546],[-78.4805,37.1489],[-78.4805,37.1494],[-78.4794,37.1513],[-78.4795,37.152],[-78.482,37.1514],[-78.4823,37.1518],[-78.4795,37.1527],[-78.4798,37.1532],[-78.4827,37.1545],[-78.4828,37.155],[-78.4827,37.1554],[-78.4802,37.1549],[-78.4796,37.1587],[-78.4767,37.1579],[-78.4762,37.1598],[-78.4758,37.1603],[-78.477,37.1609],[-78.4767,37.1615],[-78.4756,37.1611],[-78.4754,37.1614],[-78.4754,37.1623],[-78.4746,37.1634],[-78.4747,37.1643],[-78.4735,37.1653],[-78.4743,37.1658],[-78.4788,37.1671],[-78.4774,37.1678],[-78.4781,37.1683],[-78.4777,37.1684],[-78.4755,37.1684],[-78.4751,37.1738],[-78.4773,37.1746],[-78.4778,37.1743],[-78.4788,37.1748],[-78.4789,37.1709],[-78.4852,37.1714],[-78.4857,37.1739],[-78.4847,37.1741],[-78.4851,37.1749],[-78.4887,37.1764],[-78.4892,37.1764],[-78.4893,37.1769],[-78.4867,37.1776],[-78.4823,37.1793],[-78.4827,37.1832],[-78.4808,37.1834],[-78.4805,37.1852],[-78.4806,37.1877],[-78.4802,37.1879],[-78.4799,37.1895],[-78.4788,37.1905],[-78.4766,37.1888],[-78.4763,37.1878],[-78.4765,37.1875],[-78.4731,37.1834],[-78.4733,37.1819],[-78.4695,37.181],[-78.4653,37.1815],[-78.4649,37.1823],[-78.4664,37.1849],[-78.462,37.186],[-78.4611,37.1851],[-78.4602,37.1851],[-78.46,37.1841],[-78.4585,37.1845],[-78.4599,37.186],[-78.4578,37.1865],[-78.4582,37.1883],[-78.4569,37.19],[-78.4606,37.1946],[-78.4601,37.1946],[-78.4593,37.1942],[-78.4583,37.1948],[-78.4552,37.2005],[-78.4539,37.2017],[-78.4533,37.2042],[-78.4472,37.205],[-78.447,37.2055],[-78.4472,37.2064],[-78.4468,37.2071],[-78.4448,37.2075],[-78.4441,37.2078],[-78.4437,37.2076],[-78.4425,37.2058],[-78.4413,37.2049],[-78.4346,37.2015]],[[-78.466,37.1785],[-78.4664,37.1777],[-78.4705,37.1789],[-78.4714,37.1765],[-78.4637,37.1743],[-78.4633,37.1745],[-78.4633,37.1749],[-78.4648,37.1755],[-78.4647,37.1764],[-78.4634,37.1769],[-78.4634,37.1773],[-78.4639,37.1775],[-78.4644,37.1782],[-78.465,37.1782],[-78.4658,37.1787],[-78.466,37.1785]]]},"properties":{"id":"usgs-pad-us-fee-managers:61980","name":"Briery Creek Wildlife Management Area","kind":"land","category":"public-land","sourceCategory":"public-land","sourceId":"usgs-pad-us-fee-managers","sourceUrl":"https://services.arcgis.com/v01gqwM5QqNysAAi/arcgis/rest/services/Fee_Managers_PADUS/FeatureServer/0","sourceUpdated":"2009-09-14T04:00:00.000Z","publicUse":"PAD-US reports open access; verify current manager conditions and restrictions.","unit":"UNK","origin":"public-catalog"}},{"type":"Feature","id":"usgs-pad-us-fee-managers:61981","geometry":{"type":"Polygon","coordinates":[[[-77.7875,38.4882],[-77.7859,38.4882],[-77.7841,38.489],[-77.7832,38.4891],[-77.7823,38.4891],[-77.7816,38.4887],[-77.7795,38.4912],[-77.7785,38.4892],[-77.7761,38.4796],[-77.7813,38.4773],[-77.7827,38.4773],[-77.7824,38.4781],[-77.7824,38.4793],[-77.784,38.4805],[-77.7914,38.4827],[-77.7999,38.4831],[-77.8011,38.4833],[-77.7894,38.4938],[-77.7884,38.4935],[-77.7874,38.4926],[-77.7872,38.4916],[-77.7884,38.4893],[-77.7882,38.4886],[-77.7875,38.4882]]]},"properties":{"id":"usgs-pad-us-fee-managers:61981","name":"C.F. Phelps Wildlife Management Area","kind":"land","category":"public-land","sourceCategory":"public-land","sourceId":"usgs-pad-us-fee-managers","sourceUrl":"https://services.arcgis.com/v01gqwM5QqNysAAi/arcgis/rest/services/Fee_Managers_PADUS/FeatureServer/0","sourceUpdated":"2010-06-23T04:00:00.000Z","publicUse":"PAD-US reports open access; verify current manager conditions and restrictions.","unit":"UNK","origin":"public-catalog"}},{"type":"Feature","id":"usgs-pad-us-fee-managers:61982","geometry":{"type":"Polygon","coordinates":[[[-77.7502,38.4804],[-77.7515,38.474],[-77.7502,38.4762],[-77.7497,38.476],[-77.741,38.4755],[-77.7399,38.4765],[-77.7399,38.4755],[-77.7395,38.4748],[-77.7377,38.4726],[-77.7372,38.4698],[-77.7366,38.4686],[-77.7341,38.4661],[-77.733,38.4636],[-77.7315,38.4623],[-77.7339,38.4587],[-77.732,38.4567],[-77.7343,38.4517],[-77.7287,38.4498],[-77.7302,38.4454],[-77.7303,38.4441],[-77.7302,38.443],[-77.729,38.4418],[-77.7286,38.4403],[-77.7299,38.4405],[-77.7313,38.4377],[-77.7289,38.437],[-77.7281,38.4325],[-77.7281,38.4314],[-77.727,38.4288],[-77.7306,38.4254],[-77.7323,38.4257],[-77.7336,38.4254],[-77.7334,38.4231],[-77.7323,38.4225],[-77.7338,38.4209],[-77.7366,38.4157],[-77.7369,38.4175],[-77.7377,38.4185],[-77.7384,38.42],[-77.7388,38.4233],[-77.7392,38.4234],[-77.74,38.4247],[-77.7417,38.4256],[-77.7436,38.4258],[-77.7469,38.4266],[-77.7497,38.4264],[-77.7515,38.4268],[-77.7528,38.4275],[-77.7547,38.4287],[-77.7555,38.4297],[-77.756,38.4307],[-77.7565,38.4324],[-77.7575,38.4339],[-77.76,38.436],[-77.7606,38.4369],[-77.7618,38.4402],[-77.7616,38.4423],[-77.7604,38.446],[-77.7606,38.4474],[-77.7619,38.4517],[-77.7613,38.4555],[-77.7613,38.4564],[-77.7609,38.4583],[-77.7622,38.4591],[-77.7698,38.4617],[-77.772,38.462],[-77.7731,38.4624],[-77.7759,38.4648],[-77.7775,38.4672],[-77.7782,38.4691],[-77.7776,38.4702],[-77.7753,38.4721],[-77.7751,38.4729],[-77.7756,38.4742],[-77.7748,38.4746],[-77.7737,38.4749],[-77.7726,38.4747],[-77.771,38.4735],[-77.7696,38.4732],[-77.7697,38.4725],[-77.7704,38.4725],[-77.7704,38.4722],[-77.7697,38.4722],[-77.7697,38.4717],[-77.7684,38.4716],[-77.7681,38.4738],[-77.7645,38.4776],[-77.7642,38.4775],[-77.7637,38.478],[-77.762,38.4778],[-77.7601,38.4793],[-77.7605,38.4803],[-77.7578,38.4809],[-77.7553,38.4804],[-77.7525,38.4808],[-77.7502,38.4804]]]},"properties":{"id":"usgs-pad-us-fee-managers:61982","name":"C.F. Phelps Wildlife Management Area","kind":"land","category":"public-land","sourceCategory":"public-land","sourceId":"usgs-pad-us-fee-managers","sourceUrl":"https://services.arcgis.com/v01gqwM5QqNysAAi/arcgis/rest/services/Fee_Managers_PADUS/FeatureServer/0","sourceUpdated":"2010-06-23T04:00:00.000Z","publicUse":"PAD-US reports open access; verify current manager conditions and restrictions.","unit":"UNK","origin":"public-catalog"}},{"type":"Feature","id":"usgs-pad-us-fee-managers:61983","geometry":{"type":"Polygon","coordinates":[[[-76.3641,36.6573],[-76.3672,36.6575],[-76.3593,36.6875],[-76.3484,36.688],[-76.3525,36.672],[-76.3536,36.6709],[-76.3547,36.6692],[-76.3552,36.6673],[-76.355,36.6629],[-76.356,36.6591],[-76.3637,36.659],[-76.3641,36.6573]]]},"properties":{"id":"usgs-pad-us-fee-managers:61983","name":"Cavalier Wildlife Management Area","kind":"land","category":"public-land","sourceCategory":"public-land","sourceId":"usgs-pad-us-fee-managers","sourceUrl":"https://services.arcgis.com/v01gqwM5QqNysAAi/arcgis/rest/services/Fee_Managers_PADUS/FeatureServer/0","sourceUpdated":"2016-02-05T05:00:00.000Z","publicUse":"PAD-US reports open access; verify current manager conditions and restrictions.","unit":"UNK","origin":"public-catalog"}},{"type":"Feature","id":"usgs-pad-us-fee-managers:61984","geometry":{"type":"Polygon","coordinates":[[[-76.9269,37.305],[-76.9232,37.304],[-76.9213,37.3039],[-76.921,37.3034],[-76.9205,37.3032],[-76.9206,37.3028],[-76.921,37.3026],[-76.921,37.3023],[-76.9231,37.3],[-76.9261,37.2873],[-76.933,37.2916],[-76.9331,37.2929],[-76.9337,37.2932],[-76.9326,37.2953],[-76.9319,37.2984],[-76.9286,37.2991],[-76.9287,37.3002],[-76.9308,37.3001],[-76.9311,37.3018],[-76.9317,37.3018],[-76.9317,37.3021],[-76.9324,37.3023],[-76.9275,37.3052],[-76.9269,37.305]]]},"properties":{"id":"usgs-pad-us-fee-managers:61984","name":"Chickahominy Wildlife Management Area","kind":"land","category":"public-land","sourceCategory":"public-land","sourceId":"usgs-pad-us-fee-managers","sourceUrl":"https://services.arcgis.com/v01gqwM5QqNysAAi/arcgis/rest/services/Fee_Managers_PADUS/FeatureServer/0","sourceUpdated":"2009-09-14T04:00:00.000Z","publicUse":"PAD-US reports open access; verify current manager conditions and restrictions.","unit":"UNK","origin":"public-catalog"}},{"type":"Feature","id":"usgs-pad-us-fee-managers:61985","geometry":{"type":"Polygon","coordinates":[[[-76.8947,37.3456],[-76.8942,37.3459],[-76.8941,37.3453],[-76.8945,37.3448],[-76.894,37.3445],[-76.8931,37.3448],[-76.8932,37.3441],[-76.8929,37.3438],[-76.8926,37.3439],[-76.8925,37.3434],[-76.892,37.3432],[-76.8936,37.3423],[-76.8938,37.342],[-76.8931,37.342],[-76.8921,37.3425],[-76.8915,37.3425],[-76.8913,37.3422],[-76.8914,37.3416],[-76.8907,37.3418],[-76.8897,37.3407],[-76.8897,37.3405],[-76.8913,37.3405],[-76.8896,37.34],[-76.8891,37.3394],[-76.8893,37.3392],[-76.8902,37.3395],[-76.8906,37.3392],[-76.8898,37.3388],[-76.8907,37.3371],[-76.8912,37.3367],[-76.8915,37.3368],[-76.892,37.3377],[-76.892,37.337],[-76.8922,37.3369],[-76.8934,37.3371],[-76.8942,37.3377],[-76.8948,37.3376],[-76.8958,37.3382],[-76.8964,37.338],[-76.8962,37.3376],[-76.8965,37.3373],[-76.8963,37.3371],[-76.8958,37.3375],[-76.8943,37.3371],[-76.8952,37.3363],[-76.8935,37.3367],[-76.8928,37.3365],[-76.8927,37.3362],[-76.8935,37.3356],[-76.8921,37.336],[-76.8917,37.3359],[-76.8921,37.335],[-76.8934,37.3342],[-76.8942,37.3334],[-76.8941,37.3332],[-76.8912,37.335],[-76.8903,37.3331],[-76.8906,37.3326],[-76.8902,37.3325],[-76.8895,37.3318],[-76.8897,37.3315],[-76.8892,37.3317],[-76.8889,37.3313],[-76.8887,37.3314],[-76.8884,37.3304],[-76.8879,37.331],[-76.8872,37.3307],[-76.887,37.33],[-76.8863,37.3301],[-76.8858,37.33],[-76.8856,37.3297],[-76.8847,37.3297],[-76.8843,37.3292],[-76.8834,37.3293],[-76.8832,37.3291],[-76.8834,37.3286],[-76.8832,37.3283],[-76.8824,37.3292],[-76.8808,37.3293],[-76.8806,37.3281],[-76.8796,37.3286],[-76.8797,37.3273],[-76.8799,37.327],[-76.881,37.3264],[-76.8812,37.3255],[-76.8795,37.3261],[-76.8783,37.3262],[-76.8783,37.3234],[-76.8779,37.3211],[-76.8782,37.3203],[-76.8795,37.3197],[-76.8794,37.3187],[-76.8797,37.3176],[-76.8802,37.3173],[-76.8809,37.3164],[-76.8817,37.316],[-76.8831,37.3157],[-76.8834,37.3155],[-76.8844,37.3156],[-76.8852,37.3154],[-76.8876,37.3146],[-76.8901,37.3122],[-76.8904,37.3112],[-76.8902,37.3097],[-76.8885,37.3075],[-76.8874,37.3072],[-76.887,37.3081],[-76.8867,37.3077],[-76.8865,37.3046],[-76.8858,37.3033],[-76.8814,37.3009],[-76.8792,37.3002],[-76.8782,37.2995],[-76.8776,37.2987],[-76.8771,37.2957],[-76.8771,37.2939],[-76.8791,37.2921],[-76.8819,37.2911],[-76.8847,37.291],[-76.886,37.29],[-76.8863,37.2895],[-76.8857,37.2876],[-76.8848,37.2866],[-76.884,37.2864],[-76.8838,37.2848],[-76.8839,37.2833],[-76.8831,37.2818],[-76.8831,37.2814],[-76.8836,37.2806],[-76.8855,37.2787],[-76.8857,37.2767],[-76.8875,37.277],[-76.8894,37.277],[-76.8905,37.2777],[-76.8907,37.2787],[-76.8904,37.2797],[-76.8893,37.2812],[-76.8894,37.2831],[-76.8908,37.2857],[-76.8926,37.2878],[-76.8937,37.2878],[-76.8961,37.287],[-76.8969,37.2871],[-76.8973,37.2893],[-76.8972,37.29],[-76.8965,37.2907],[-76.8943,37.2916],[-76.8931,37.2924],[-76.8935,37.2943],[-76.8944,37.296],[-76.8972,37.2976],[-76.8982,37.2991],[-76.9027,37.3016],[-76.9029,37.3039],[-76.9038,37.305],[-76.9043,37.3053],[-76.9051,37.3052],[-76.9068,37.3034],[-76.9085,37.3026],[-76.9092,37.3032],[-76.9093,37.3059],[-76.91,37.3061],[-76.9127,37.3046],[-76.9133,37.3036],[-76.9144,37.3024],[-76.9152,37.3021],[-76.9159,37.3021],[-76.9162,37.3022],[-76.9163,37.3026],[-76.916,37.3049],[-76.9167,37.3057],[-76.9166,37.3061],[-76.9172,37.3081],[-76.9181,37.3085],[-76.9193,37.3085],[-76.9191,37.3088],[-76.9195,37.3086],[-76.9199,37.3102],[-76.9203,37.3108],[-76.9217,37.3115],[-76.9222,37.3113],[-76.9225,37.3118],[-76.9238,37.3121],[-76.925,37.3109],[-76.926,37.3113],[-76.9267,37.3113],[-76.9273,37.311],[-76.9266,37.3106],[-76.9269,37.3103],[-76.9268,37.3099],[-76.9273,37.3096],[-76.9278,37.3097],[-76.9282,37.3093],[-76.9289,37.3091],[-76.9292,37.3079],[-76.9345,37.3047],[-76.9351,37.3052],[-76.9358,37.3049],[-76.9365,37.3057],[-76.9339,37.3059],[-76.9342,37.308],[-76.9373,37.3079],[-76.9375,37.3085],[-76.9368,37.3086],[-76.9368,37.3089],[-76.9378,37.3089],[-76.9367,37.3092],[-76.937,37.3097],[-76.938,37.3095],[-76.938,37.3101],[-76.9365,37.3145],[-76.9357,37.3144],[-76.9357,37.3159],[-76.9351,37.3156],[-76.9318,37.3165],[-76.9319,37.3167],[-76.9326,37.3168],[-76.9326,37.3171],[-76.9322,37.3172],[-76.9323,37.3176],[-76.9353,37.3178],[-76.9356,37.3184],[-76.9352,37.3198],[-76.9352,37.3215],[-76.933,37.3216],[-76.9332,37.3224],[-76.9336,37.3225],[-76.9335,37.323],[-76.9324,37.3238],[-76.933,37.3244],[-76.932,37.3251],[-76.9269,37.3274],[-76.9265,37.3271],[-76.9258,37.3274],[-76.9264,37.3279],[-76.9254,37.3294],[-76.9246,37.3314],[-76.9224,37.3345],[-76.922,37.3355],[-76.9223,37.3387],[-76.921,37.3419],[-76.9195,37.3472],[-76.9163,37.3462],[-76.9125,37.3459],[-76.9113,37.3461],[-76.9089,37.3458],[-76.9074,37.3461],[-76.905,37.3429],[-76.9038,37.3441],[-76.9032,37.3443],[-76.9029,37.3439],[-76.9025,37.344],[-76.9025,37.3437],[-76.9023,37.3437],[-76.9019,37.3439],[-76.9019,37.3444],[-76.9016,37.3442],[-76.9009,37.3445],[-76.9004,37.3441],[-76.9001,37.3444],[-76.8999,37.3434],[-76.9,37.3438],[-76.8997,37.3439],[-76.8994,37.3444],[-76.8984,37.3444],[-76.8983,37.345],[-76.8977,37.3454],[-76.8975,37.345],[-76.8967,37.345],[-76.8965,37.3452],[-76.8966,37.3456],[-76.896,37.3456],[-76.8956,37.3463],[-76.8947,37.3456]],[[-76.9069,37.3358],[-76.9086,37.3342],[-76.9095,37.3327],[-76.909,37.3324],[-76.9064,37.3322],[-76.9061,37.3327],[-76.9054,37.3325],[-76.9055,37.3333],[-76.9043,37.3352],[-76.9069,37.3358]],[[-76.9004,37.3319],[-76.9002,37.3307],[-76.9006,37.3305],[-76.9006,37.3303],[-76.9002,37.3303],[-76.9,37.3294],[-76.8989,37.3296],[-76.8987,37.328],[-76.8983,37.3276],[-76.8937,37.328],[-76.89,37.328],[-76.8899,37.3303],[-76.8904,37.3309],[-76.8928,37.3314],[-76.8942,37.3307],[-76.8943,37.3293],[-76.896,37.3293],[-76.8961,37.33],[-76.8968,37.3299],[-76.8971,37.3303],[-76.8965,37.331],[-76.8968,37.3319],[-76.8983,37.3337],[-76.8991,37.3337],[-76.899,37.3326],[-76.8996,37.3325],[-76.8994,37.3321],[-76.9004,37.3319]],[[-76.9183,37.3368],[-76.9189,37.3369],[-76.9201,37.3364],[-76.9219,37.3361],[-76.9215,37.3349],[-76.9182,37.3351],[-76.9183,37.3368]],[[-76.8945,37.3222],[-76.8961,37.3217],[-76.9001,37.3221],[-76.8997,37.3207],[-76.9001,37.3188],[-76.9,37.3185],[-76.8995,37.3183],[-76.8908,37.3165],[-76.8898,37.3178],[-76.8888,37.3196],[-76.8872,37.3207],[-76.8872,37.321],[-76.888,37.3212],[-76.8909,37.3232],[-76.8932,37.3227],[-76.8945,37.3222]],[[-76.9256,37.3258],[-76.9272,37.3249],[-76.9285,37.3232],[-76.9261,37.3239],[-76.9256,37.3243],[-76.9256,37.3258]],[[-76.8897,37.3154],[-76.8912,37.3149],[-76.8904,37.3139],[-76.8898,37.3139],[-76.8887,37.3145],[-76.8893,37.3153],[-76.8897,37.3154]]]},"properties":{"id":"usgs-pad-us-fee-managers:61985","name":"Chickahominy Wildlife Management Area","kind":"land","category":"public-land","sourceCategory":"public-land","sourceId":"usgs-pad-us-fee-managers","sourceUrl":"https://services.arcgis.com/v01gqwM5QqNysAAi/arcgis/rest/services/Fee_Managers_PADUS/FeatureServer/0","sourceUpdated":"2014-10-01T04:00:00.000Z","publicUse":"PAD-US reports open access; verify current manager conditions and restrictions.","unit":"UNK","origin":"public-catalog"}},{"type":"Feature","id":"usgs-pad-us-fee-managers:61986","geometry":{"type":"MultiPolygon","coordinates":[[[[-81.8327,36.8587],[-81.8326,36.8533],[-81.8354,36.8529],[-81.8353,36.8508],[-81.8348,36.8499],[-81.8385,36.8475],[-81.8373,36.8448],[-81.8382,36.8435],[-81.8418,36.8417],[-81.8431,36.8398],[-81.8648,36.8313],[-81.8641,36.8291],[-81.8618,36.8277],[-81.8638,36.8273],[-81.8664,36.8276],[-81.8672,36.8294],[-81.8748,36.8259],[-81.879,36.8281],[-81.8779,36.8326],[-81.8733,36.8374],[-81.8668,36.8369],[-81.8657,36.8378],[-81.8642,36.838],[-81.8616,36.8408],[-81.8593,36.8415],[-81.8585,36.8424],[-81.8585,36.8429],[-81.8568,36.8444],[-81.8583,36.8478],[-81.8574,36.8489],[-81.8534,36.8507],[-81.8514,36.8532],[-81.8509,36.8564],[-81.8495,36.8585],[-81.8489,36.8599],[-81.8469,36.8622],[-81.8462,36.8626],[-81.8438,36.8618],[-81.8429,36.8621],[-81.8421,36.862],[-81.8387,36.8584],[-81.8366,36.8593],[-81.8379,36.8639],[-81.8379,36.8644],[-81.8374,36.8648],[-81.8353,36.8632],[-81.8352,36.8614],[-81.8334,36.8601],[-81.8327,36.8587]]],[[[-81.7988,36.8673],[-81.7992,36.8669],[-81.8025,36.8672],[-81.8029,36.867],[-81.8038,36.8658],[-81.8054,36.8654],[-81.8096,36.8566],[-81.8101,36.858],[-81.8095,36.8595],[-81.8112,36.8603],[-81.8128,36.8602],[-81.8152,36.8618],[-81.8168,36.8616],[-81.8177,36.8618],[-81.8202,36.8651],[-81.8236,36.8677],[-81.8227,36.8683],[-81.8199,36.8674],[-81.818,36.8647],[-81.8152,36.8636],[-81.8146,36.8676],[-81.8151,36.8691],[-81.8182,36.8689],[-81.8184,36.8693],[-81.8178,36.8707],[-81.816,36.8721],[-81.8123,36.8724],[-81.8114,36.8727],[-81.8106,36.8731],[-81.8079,36.8756],[-81.8054,36.8764],[-81.8038,36.8754],[-81.8042,36.8746],[-81.8009,36.8741],[-81.8004,36.8736],[-81.7984,36.8702],[-81.7988,36.8673]]],[[[-81.8131,36.8732],[-81.8136,36.8731],[-81.8153,36.882],[-81.8138,36.8825],[-81.8114,36.8838],[-81.8099,36.884],[-81.8077,36.8766],[-81.8086,36.876],[-81.8104,36.8741],[-81.8117,36.8733],[-81.8131,36.8732]]],[[[-81.8023,36.8775],[-81.8048,36.8777],[-81.8051,36.8788],[-81.8028,36.8791],[-81.7974,36.8825],[-81.8,36.8867],[-81.7999,36.887],[-81.7943,36.8884],[-81.792,36.887],[-81.7902,36.8834],[-81.7906,36.8831],[-81.7923,36.8828],[-81.7975,36.8807],[-81.7995,36.8796],[-81.8023,36.8775]]],[[[-81.719,36.9237],[-81.717,36.9234],[-81.7162,36.9229],[-81.7171,36.9193],[-81.7153,36.9158],[-81.7146,36.9152],[-81.7126,36.9142],[-81.7138,36.9122],[-81.7174,36.9112],[-81.7192,36.911],[-81.7243,36.911],[-81.7256,36.9108],[-81.7261,36.9114],[-81.7263,36.9166],[-81.7226,36.9182],[-81.7203,36.9186],[-81.7196,36.9194],[-81.721,36.9217],[-81.7222,36.9222],[-81.7225,36.9231],[-81.7212,36.9238],[-81.7209,36.9234],[-81.719,36.9237]]]]},"properties":{"id":"usgs-pad-us-fee-managers:61986","name":"Clinch Mountain Wildlife Management Area","kind":"land","category":"public-land","sourceCategory":"public-land","sourceId":"usgs-pad-us-fee-managers","sourceUrl":"https://services.arcgis.com/v01gqwM5QqNysAAi/arcgis/rest/services/Fee_Managers_PADUS/FeatureServer/0","sourceUpdated":"2009-09-14T04:00:00.000Z","publicUse":"PAD-US reports open access; verify current manager conditions and restrictions.","unit":"UNK","origin":"public-catalog"}},{"type":"Feature","id":"usgs-pad-us-fee-managers:61987","geometry":{"type":"Polygon","coordinates":[[[-81.7837,36.8855],[-81.7849,36.885],[-81.7852,36.8856],[-81.7861,36.8854],[-81.7875,36.8902],[-81.7819,36.8915],[-81.7814,36.8903],[-81.7826,36.8892],[-81.7829,36.8879],[-81.7824,36.8865],[-81.7826,36.886],[-81.7837,36.8855]]]},"properties":{"id":"usgs-pad-us-fee-managers:61987","name":"Clinch Mountain Wildlife Management Area","kind":"land","category":"public-land","sourceCategory":"public-land","sourceId":"usgs-pad-us-fee-managers","sourceUrl":"https://services.arcgis.com/v01gqwM5QqNysAAi/arcgis/rest/services/Fee_Managers_PADUS/FeatureServer/0","sourceUpdated":"2010-12-22T05:00:00.000Z","publicUse":"PAD-US reports open access; verify current manager conditions and restrictions.","unit":"UNK","origin":"public-catalog"}},{"type":"Feature","id":"usgs-pad-us-fee-managers:61988","geometry":{"type":"Polygon","coordinates":[[[-81.7198,37.0007],[-81.7213,36.9995],[-81.7232,36.9989],[-81.724,36.998],[-81.7257,36.9977],[-81.7267,36.9968],[-81.732,36.9954],[-81.7333,36.9939],[-81.737,36.9925],[-81.7393,36.992],[-81.7415,36.9909],[-81.7432,36.9895],[-81.7478,36.9895],[-81.7483,36.9892],[-81.7486,36.9885],[-81.7505,36.9868],[-81.752,36.9868],[-81.7559,36.9849],[-81.7591,36.9845],[-81.7609,36.9827],[-81.7636,36.9808],[-81.765,36.9805],[-81.7667,36.9797],[-81.7712,36.9744],[-81.7739,36.9722],[-81.7751,36.9715],[-81.7776,36.9687],[-81.7795,36.9671],[-81.7811,36.9666],[-81.7819,36.9659],[-81.7827,36.9636],[-81.7806,36.9586],[-81.7783,36.9588],[-81.7734,36.9604],[-81.7719,36.9606],[-81.7709,36.9612],[-81.7694,36.9607],[-81.7664,36.9603],[-81.7624,36.9609],[-81.7609,36.9605],[-81.76,36.9605],[-81.7574,36.9623],[-81.7555,36.9627],[-81.7541,36.9625],[-81.7502,36.9636],[-81.7485,36.9636],[-81.7477,36.9645],[-81.7466,36.9653],[-81.7434,36.9661],[-81.7414,36.9661],[-81.7398,36.9671],[-81.7372,36.9679],[-81.7349,36.9678],[-81.7336,36.9686],[-81.7329,36.9694],[-81.7312,36.9703],[-81.7281,36.9698],[-81.7273,36.97],[-81.7254,36.971],[-81.7239,36.9714],[-81.7226,36.9722],[-81.7215,36.9727],[-81.7193,36.9731],[-81.717,36.9729],[-81.715,36.9748],[-81.7136,36.975],[-81.7119,36.9757],[-81.7107,36.9757],[-81.709,36.9768],[-81.7051,36.9776],[-81.703,36.9772],[-81.7022,36.9778],[-81.7002,36.9783],[-81.6989,36.9791],[-81.6947,36.9794],[-81.6902,36.9803],[-81.6887,36.9802],[-81.6868,36.9806],[-81.6829,36.9821],[-81.6794,36.9828],[-81.6767,36.9843],[-81.6731,36.9849],[-81.6702,36.9867],[-81.6685,36.9872],[-81.6639,36.9787],[-81.6651,36.9786],[-81.6664,36.9781],[-81.6641,36.9731],[-81.6569,36.9734],[-81.6588,36.9778],[-81.6564,36.979],[-81.6561,36.9786],[-81.6546,36.9788],[-81.65,36.98],[-81.649,36.9794],[-81.6483,36.98],[-81.6463,36.9796],[-81.6487,36.9783],[-81.6503,36.9783],[-81.6521,36.977],[-81.6522,36.9767],[-81.6492,36.9768],[-81.6463,36.974],[-81.6486,36.9726],[-81.6507,36.9724],[-81.6512,36.9713],[-81.652,36.971],[-81.6536,36.9715],[-81.6545,36.9714],[-81.656,36.9718],[-81.657,36.9717],[-81.6559,36.9683],[-81.6529,36.9644],[-81.6556,36.9628],[-81.6543,36.9609],[-81.6552,36.96],[-81.6572,36.962],[-81.6592,36.961],[-81.6608,36.961],[-81.665,36.9666],[-81.676,36.9639],[-81.6807,36.9613],[-81.6735,36.948],[-81.6731,36.9464],[-81.6793,36.9466],[-81.6818,36.9455],[-81.6827,36.9444],[-81.6831,36.9435],[-81.6961,36.955],[-81.7264,36.9438],[-81.7297,36.9491],[-81.7375,36.9463],[-81.7358,36.9433],[-81.7325,36.9443],[-81.7312,36.9419],[-81.7477,36.9371],[-81.7493,36.9371],[-81.7509,36.9386],[-81.752,36.9386],[-81.7543,36.938],[-81.7563,36.9382],[-81.7565,36.9376],[-81.7562,36.9362],[-81.7543,36.9321],[-81.7546,36.9305],[-81.7529,36.9283],[-81.7524,36.9268],[-81.7522,36.9234],[-81.7527,36.9211],[-81.7531,36.9206],[-81.7543,36.9201],[-81.758,36.9171],[-81.7624,36.9175],[-81.7629,36.9171],[-81.7639,36.9169],[-81.7661,36.9175],[-81.7686,36.9188],[-81.7692,36.9188],[-81.7709,36.9174],[-81.7708,36.9137],[-81.7719,36.9132],[-81.7741,36.9139],[-81.7754,36.9138],[-81.7815,36.9165],[-81.7819,36.9169],[-81.7828,36.92],[-81.7846,36.9228],[-81.7848,36.9236],[-81.7872,36.9254],[-81.7874,36.9259],[-81.7886,36.9268],[-81.7904,36.9275],[-81.7923,36.9277],[-81.7939,36.9292],[-81.7955,36.9291],[-81.797,36.9276],[-81.7998,36.9269],[-81.8013,36.9254],[-81.8018,36.9244],[-81.8036,36.9239],[-81.8052,36.9226],[-81.8068,36.922],[-81.8075,36.921],[-81.8078,36.9188],[-81.8083,36.9178],[-81.8089,36.917],[-81.8112,36.9154],[-81.812,36.914],[-81.8173,36.9111],[-81.8217,36.9092],[-81.8234,36.9081],[-81.8248,36.9047],[-81.826,36.9026],[-81.8259,36.901],[-81.8263,36.8993],[-81.8317,36.8981],[-81.8336,36.9009],[-81.8361,36.8985],[-81.8369,36.897],[-81.8386,36.8954],[-81.8496,36.8951],[-81.8525,36.8994],[-81.8534,36.9001],[-81.8548,36.9031],[-81.8563,36.9043],[-81.8569,36.9057],[-81.859,36.9087],[-81.8605,36.9094],[-81.8611,36.9101],[-81.8622,36.9108],[-81.864,36.9113],[-81.8648,36.912],[-81.8706,36.9117],[-81.8727,36.913],[-81.875,36.9154],[-81.8751,36.9162],[-81.8749,36.9167],[-81.8757,36.9194],[-81.8765,36.9204],[-81.876,36.9214],[-81.8764,36.9218],[-81.8817,36.9232],[-81.8835,36.9229],[-81.8857,36.9213],[-81.8877,36.9226],[-81.8883,36.9227],[-81.8899,36.9223],[-81.8935,36.922],[-81.8938,36.9222],[-81.8944,36.9246],[-81.895,36.9254],[-81.8959,36.926],[-81.8962,36.9268],[-81.8963,36.9273],[-81.8959,36.9283],[-81.8955,36.9289],[-81.8944,36.9294],[-81.8925,36.9297],[-81.8921,36.939],[-81.8898,36.9378],[-81.8769,36.9435],[-81.8785,36.9465],[-81.8749,36.9477],[-81.8749,36.9471],[-81.8742,36.945],[-81.8727,36.9455],[-81.8676,36.9455],[-81.8645,36.9449],[-81.8636,36.9444],[-81.8594,36.9455],[-81.8565,36.9457],[-81.8554,36.947],[-81.8536,36.948],[-81.85,36.9486],[-81.8457,36.9504],[-81.8445,36.9515],[-81.8423,36.9519],[-81.8397,36.953],[-81.8354,36.9555],[-81.8336,36.9575],[-81.8327,36.9581],[-81.8305,36.9584],[-81.8272,36.9599],[-81.8262,36.9607],[-81.8255,36.9618],[-81.8249,36.962],[-81.8235,36.9618],[-81.8226,36.9632],[-81.8205,36.9643],[-81.82,36.9655],[-81.818,36.9666],[-81.8174,36.9667],[-81.816,36.9666],[-81.8136,36.9675],[-81.8117,36.9676],[-81.8106,36.9691],[-81.8092,36.9694],[-81.8078,36.9693],[-81.8071,36.97],[-81.8052,36.9706],[-81.8046,36.9711],[-81.8,36.9723],[-81.7987,36.9737],[-81.7969,36.9739],[-81.7949,36.975],[-81.7947,36.9754],[-81.7931,36.9756],[-81.7916,36.9763],[-81.7908,36.9763],[-81.7879,36.9774],[-81.787,36.9774],[-81.7847,36.9788],[-81.7816,36.9797],[-81.7807,36.9805],[-81.7795,36.9805],[-81.7772,36.9814],[-81.7759,36.9813],[-81.7719,36.9834],[-81.7708,36.9847],[-81.7687,36.985],[-81.7667,36.9864],[-81.7645,36.9873],[-81.7633,36.9882],[-81.7597,36.9891],[-81.7539,36.9916],[-81.7529,36.9923],[-81.7473,36.9942],[-81.7464,36.9948],[-81.7431,36.9962],[-81.7414,36.9974],[-81.7399,36.9975],[-81.7377,36.9984],[-81.7361,36.9985],[-81.7337,36.9996],[-81.7326,36.9997],[-81.73,37.0007],[-81.7272,37.0015],[-81.725,37.001],[-81.7226,37.0017],[-81.7203,37.0017],[-81.7196,37.002],[-81.7193,37.002],[-81.7198,37.0007]]]},"properties":{"id":"usgs-pad-us-fee-managers:61988","name":"Clinch Mountain Wildlife Management Area","kind":"land","category":"public-land","sourceCategory":"public-land","sourceId":"usgs-pad-us-fee-managers","sourceUrl":"https://services.arcgis.com/v01gqwM5QqNysAAi/arcgis/rest/services/Fee_Managers_PADUS/FeatureServer/0","sourceUpdated":"2014-10-01T04:00:00.000Z","publicUse":"PAD-US reports open access; verify current manager conditions and restrictions.","unit":"UNK","origin":"public-catalog"}},{"type":"Feature","id":"usgs-pad-us-fee-managers:61989","geometry":{"type":"MultiPolygon","coordinates":[[[[-80.8005,36.6484],[-80.8009,36.6483],[-80.8012,36.6488],[-80.8011,36.6493],[-80.8005,36.6489],[-80.8005,36.6484]]],[[[-80.8213,36.672],[-80.8229,36.6704],[-80.8235,36.6712],[-80.822,36.6726],[-80.8213,36.672]]],[[[-80.8191,36.6753],[-80.8194,36.6753],[-80.8196,36.6758],[-80.8192,36.6758],[-80.8191,36.6753]]]]},"properties":{"id":"usgs-pad-us-fee-managers:61989","name":"Crooked Creek Wildlife Management Area","kind":"land","category":"public-land","sourceCategory":"public-land","sourceId":"usgs-pad-us-fee-managers","sourceUrl":"https://services.arcgis.com/v01gqwM5QqNysAAi/arcgis/rest/services/Fee_Managers_PADUS/FeatureServer/0","sourceUpdated":"2009-09-14T04:00:00.000Z","publicUse":"PAD-US reports open access; verify current manager conditions and restrictions.","unit":"UNK","origin":"public-catalog"}},{"type":"Feature","id":"usgs-pad-us-fee-managers:61990","geometry":{"type":"Polygon","coordinates":[[[-80.7911,36.686],[-80.7907,36.6857],[-80.7902,36.6857],[-80.7876,36.6862],[-80.788,36.6838],[-80.7884,36.6836],[-80.7885,36.6833],[-80.7883,36.6829],[-80.7869,36.6824],[-80.7869,36.682],[-80.7875,36.6817],[-80.7875,36.6807],[-80.7897,36.68],[-80.7909,36.6815],[-80.792,36.6822],[-80.7956,36.6816],[-80.7948,36.6755],[-80.799,36.6763],[-80.7996,36.6776],[-80.7997,36.6792],[-80.8017,36.6806],[-80.804,36.6807],[-80.8044,36.6813],[-80.8075,36.6797],[-80.8089,36.6799],[-80.8123,36.6796],[-80.8125,36.68],[-80.8116,36.6801],[-80.8117,36.6814],[-80.8114,36.6828],[-80.8118,36.6836],[-80.8097,36.684],[-80.81,36.6852],[-80.8057,36.6863],[-80.805,36.6848],[-80.801,36.6857],[-80.8007,36.6866],[-80.7997,36.6866],[-80.799,36.6861],[-80.7984,36.6866],[-80.7976,36.6861],[-80.797,36.6848],[-80.7957,36.6847],[-80.795,36.6852],[-80.7949,36.6858],[-80.7935,36.6878],[-80.7922,36.6883],[-80.7918,36.6882],[-80.7915,36.6877],[-80.7913,36.6873],[-80.7915,36.6867],[-80.7911,36.686]]]},"properties":{"id":"usgs-pad-us-fee-managers:61990","name":"Crooked Creek Wildlife Management Area","kind":"land","category":"public-land","sourceCategory":"public-land","sourceId":"usgs-pad-us-fee-managers","sourceUrl":"https://services.arcgis.com/v01gqwM5QqNysAAi/arcgis/rest/services/Fee_Managers_PADUS/FeatureServer/0","sourceUpdated":"2009-09-14T04:00:00.000Z","publicUse":"PAD-US reports open access; verify current manager conditions and restrictions.","unit":"UNK","origin":"public-catalog"}},{"type":"Feature","id":"usgs-pad-us-fee-managers:61991","geometry":{"type":"Polygon","coordinates":[[[-80.82,36.6804],[-80.819,36.6791],[-80.8189,36.6795],[-80.8179,36.6792],[-80.8132,36.6796],[-80.8133,36.6791],[-80.8129,36.6788],[-80.8111,36.6785],[-80.8102,36.6788],[-80.8096,36.6786],[-80.8096,36.6779],[-80.8106,36.6769],[-80.8108,36.6761],[-80.8107,36.6758],[-80.8092,36.6751],[-80.8077,36.6752],[-80.8066,36.6751],[-80.806,36.6755],[-80.806,36.6762],[-80.8051,36.6765],[-80.8035,36.6744],[-80.8078,36.673],[-80.8083,36.6728],[-80.8086,36.6722],[-80.8084,36.6717],[-80.807,36.6705],[-80.8065,36.6691],[-80.8008,36.6706],[-80.7991,36.6702],[-80.7989,36.6659],[-80.7977,36.6659],[-80.7975,36.6607],[-80.7982,36.6594],[-80.7971,36.6578],[-80.7973,36.6567],[-80.7965,36.654],[-80.7977,36.6513],[-80.7965,36.6502],[-80.7982,36.6479],[-80.8019,36.6482],[-80.8054,36.6488],[-80.8054,36.6491],[-80.8063,36.6492],[-80.8065,36.6521],[-80.8055,36.652],[-80.8052,36.6534],[-80.8042,36.6535],[-80.8029,36.6548],[-80.8036,36.6559],[-80.8031,36.6562],[-80.8044,36.6573],[-80.809,36.6544],[-80.8108,36.6558],[-80.8126,36.656],[-80.8133,36.6566],[-80.8142,36.6564],[-80.8148,36.6594],[-80.8184,36.6599],[-80.8204,36.6597],[-80.8209,36.6606],[-80.8197,36.6633],[-80.8215,36.6635],[-80.8224,36.664],[-80.8226,36.6638],[-80.8246,36.6649],[-80.8236,36.6663],[-80.8246,36.6671],[-80.8257,36.6675],[-80.8237,36.67],[-80.8263,36.6705],[-80.8247,36.6754],[-80.8246,36.6763],[-80.8259,36.6788],[-80.826,36.6793],[-80.8256,36.6795],[-80.8255,36.6798],[-80.8265,36.6812],[-80.8265,36.6826],[-80.8267,36.6834],[-80.8258,36.6854],[-80.8234,36.6839],[-80.8231,36.6836],[-80.8238,36.6833],[-80.82,36.6804]]]},"properties":{"id":"usgs-pad-us-fee-managers:61991","name":"Crooked Creek Wildlife Management Area","kind":"land","category":"public-land","sourceCategory":"public-land","sourceId":"usgs-pad-us-fee-managers","sourceUrl":"https://services.arcgis.com/v01gqwM5QqNysAAi/arcgis/rest/services/Fee_Managers_PADUS/FeatureServer/0","sourceUpdated":"2016-02-05T05:00:00.000Z","publicUse":"PAD-US reports open access; verify current manager conditions and restrictions.","unit":"UNK","origin":"public-catalog"}},{"type":"Feature","id":"usgs-pad-us-fee-managers:61992","geometry":{"type":"Polygon","coordinates":[[[-80.791,36.6545],[-80.789,36.653],[-80.7895,36.6524],[-80.7897,36.6515],[-80.7912,36.6506],[-80.7922,36.6504],[-80.7938,36.6508],[-80.7962,36.6509],[-80.7962,36.6502],[-80.7977,36.6513],[-80.7965,36.654],[-80.7971,36.6559],[-80.7966,36.6558],[-80.7958,36.6544],[-80.7911,36.6576],[-80.789,36.6558],[-80.791,36.6545]]]},"properties":{"id":"usgs-pad-us-fee-managers:61992","name":"Crooked Creek Wildlife Management Area","kind":"land","category":"public-land","sourceCategory":"public-land","sourceId":"usgs-pad-us-fee-managers","sourceUrl":"https://services.arcgis.com/v01gqwM5QqNysAAi/arcgis/rest/services/Fee_Managers_PADUS/FeatureServer/0","sourceUpdated":"2020-09-10T04:00:00.000Z","publicUse":"PAD-US reports open access; verify current manager conditions and restrictions.","unit":"UNK","origin":"public-catalog"}},{"type":"Feature","id":"usgs-pad-us-fee-managers:61993","geometry":{"type":"MultiPolygon","coordinates":[[[[-81.3186,36.5855],[-81.3217,36.5853],[-81.3224,36.5858],[-81.321,36.5864],[-81.3198,36.5864],[-81.3178,36.5857],[-81.3177,36.5855],[-81.3186,36.5855]]],[[[-81.3192,36.5865],[-81.3164,36.5857],[-81.3148,36.586],[-81.3142,36.5854],[-81.315,36.585],[-81.3162,36.5852],[-81.3181,36.5862],[-81.3205,36.5866],[-81.3226,36.5862],[-81.3264,36.586],[-81.3272,36.5859],[-81.3279,36.5855],[-81.3281,36.5857],[-81.327,36.586],[-81.3215,36.5867],[-81.3192,36.5865]]],[[[-81.3171,36.5936],[-81.3166,36.5927],[-81.3161,36.5924],[-81.3154,36.5929],[-81.3145,36.5929],[-81.3138,36.5914],[-81.3136,36.5903],[-81.3139,36.5875],[-81.3144,36.5865],[-81.3151,36.586],[-81.316,36.5858],[-81.3206,36.5869],[-81.3242,36.5865],[-81.3242,36.5868],[-81.3247,36.5875],[-81.3246,36.5884],[-81.3239,36.5882],[-81.3238,36.5889],[-81.3241,36.5897],[-81.3237,36.59],[-81.3228,36.5903],[-81.3218,36.5903],[-81.3222,36.5918],[-81.3222,36.5928],[-81.3218,36.5932],[-81.3219,36.5936],[-81.3205,36.5939],[-81.3199,36.5934],[-81.3184,36.5946],[-81.3171,36.5936]]],[[[-81.3226,36.5874],[-81.3226,36.5872],[-81.3224,36.5872],[-81.3226,36.5874]]],[[[-81.3135,36.5868],[-81.3136,36.5866],[-81.3139,36.5868],[-81.3135,36.5909],[-81.3154,36.595],[-81.3156,36.5981],[-81.3153,36.5958],[-81.3125,36.5905],[-81.3124,36.5889],[-81.3135,36.5868]]]]},"properties":{"id":"usgs-pad-us-fee-managers:61993","name":"DGIF Holding","kind":"land","category":"public-land","sourceCategory":"public-land","sourceId":"usgs-pad-us-fee-managers","sourceUrl":"https://services.arcgis.com/v01gqwM5QqNysAAi/arcgis/rest/services/Fee_Managers_PADUS/FeatureServer/0","sourceUpdated":"2020-09-10T04:00:00.000Z","publicUse":"PAD-US reports access is not open to the public.","unit":"UNK","origin":"public-catalog"}},{"type":"Feature","id":"usgs-pad-us-fee-managers:61994","geometry":{"type":"Polygon","coordinates":[[[-78.284,36.6257],[-78.2829,36.6241],[-78.2812,36.6236],[-78.2813,36.6233],[-78.2818,36.6232],[-78.2814,36.6224],[-78.2785,36.6232],[-78.2789,36.624],[-78.2777,36.6244],[-78.2778,36.6234],[-78.2772,36.6234],[-78.2779,36.6188],[-78.2777,36.6192],[-78.2756,36.6189],[-78.2752,36.6196],[-78.2751,36.6194],[-78.2753,36.619],[-78.2751,36.6187],[-78.2748,36.6188],[-78.2749,36.6184],[-78.2743,36.6177],[-78.274,36.6167],[-78.2717,36.618],[-78.2686,36.6186],[-78.2646,36.6184],[-78.2644,36.6182],[-78.2633,36.6181],[-78.2621,36.6171],[-78.262,36.6168],[-78.2626,36.6159],[-78.2623,36.6151],[-78.2615,36.6147],[-78.2598,36.6147],[-78.259,36.6144],[-78.2579,36.613],[-78.2579,36.6119],[-78.2627,36.6121],[-78.2654,36.6114],[-78.2712,36.6107],[-78.2744,36.61],[-78.2822,36.6099],[-78.2858,36.6094],[-78.2889,36.6088],[-78.2935,36.6072],[-78.2954,36.6059],[-78.2973,36.6038],[-78.3006,36.6048],[-78.3008,36.6073],[-78.3011,36.6083],[-78.3006,36.6084],[-78.3016,36.6098],[-78.3024,36.6101],[-78.3036,36.6118],[-78.3041,36.6119],[-78.306,36.6143],[-78.3059,36.6151],[-78.3062,36.6151],[-78.3062,36.6158],[-78.3069,36.6158],[-78.3092,36.6172],[-78.3091,36.6189],[-78.3095,36.6189],[-78.3094,36.6195],[-78.3082,36.623],[-78.3062,36.6246],[-78.3041,36.6254],[-78.3005,36.6255],[-78.2955,36.6252],[-78.2952,36.6254],[-78.2853,36.6267],[-78.2845,36.6263],[-78.284,36.6257]],[[-78.2779,36.6186],[-78.2779,36.6183],[-78.2769,36.6183],[-78.2766,36.6186],[-78.2779,36.6186]],[[-78.3043,36.615],[-78.3041,36.6139],[-78.3029,36.6141],[-78.303,36.6152],[-78.3043,36.615]]]},"properties":{"id":"usgs-pad-us-fee-managers:61994","name":"Dick Cross Wildlife Management Area","kind":"land","category":"public-land","sourceCategory":"public-land","sourceId":"usgs-pad-us-fee-managers","sourceUrl":"https://services.arcgis.com/v01gqwM5QqNysAAi/arcgis/rest/services/Fee_Managers_PADUS/FeatureServer/0","sourceUpdated":"2016-02-05T05:00:00.000Z","publicUse":"PAD-US reports open access; verify current manager conditions and restrictions.","unit":"UNK","origin":"public-catalog"}},{"type":"Feature","id":"usgs-pad-us-fee-managers:61995","geometry":{"type":"Polygon","coordinates":[[[-78.2629,36.6114],[-78.2636,36.6117],[-78.2626,36.6118],[-78.2625,36.6115],[-78.2629,36.6114]]]},"properties":{"id":"usgs-pad-us-fee-managers:61995","name":"Dick Cross Wildlife Management Area","kind":"land","category":"public-land","sourceCategory":"public-land","sourceId":"usgs-pad-us-fee-managers","sourceUrl":"https://services.arcgis.com/v01gqwM5QqNysAAi/arcgis/rest/services/Fee_Managers_PADUS/FeatureServer/0","sourceUpdated":"2016-02-05T05:00:00.000Z","publicUse":"PAD-US reports open access; verify current manager conditions and restrictions.","unit":"UNK","origin":"public-catalog"}},{"type":"Feature","id":"usgs-pad-us-fee-managers:61996","geometry":{"type":"Polygon","coordinates":[[[-75.7347,37.771],[-75.7325,37.7695],[-75.7309,37.7698],[-75.7306,37.7689],[-75.7298,37.7691],[-75.7301,37.77],[-75.7292,37.7702],[-75.729,37.7687],[-75.7285,37.7672],[-75.73,37.7669],[-75.7299,37.7666],[-75.7307,37.7663],[-75.732,37.7687],[-75.7406,37.7644],[-75.743,37.7691],[-75.7455,37.7676],[-75.7452,37.7681],[-75.7452,37.7696],[-75.747,37.7707],[-75.7364,37.7741],[-75.7351,37.7713],[-75.7347,37.771]]]},"properties":{"id":"usgs-pad-us-fee-managers:61996","name":"Doe Creek State Wildlife Management Area","kind":"land","category":"public-land","sourceCategory":"public-land","sourceId":"usgs-pad-us-fee-managers","sourceUrl":"https://services.arcgis.com/v01gqwM5QqNysAAi/arcgis/rest/services/Fee_Managers_PADUS/FeatureServer/0","sourceUpdated":"2015-03-09T04:00:00.000Z","publicUse":"PAD-US reports open access; verify current manager conditions and restrictions.","unit":"UNK","origin":"public-catalog"}},{"type":"Feature","id":"usgs-pad-us-fee-managers:61997","geometry":{"type":"Polygon","coordinates":[[[-75.7306,37.7689],[-75.7309,37.7698],[-75.7301,37.77],[-75.7298,37.7691],[-75.7306,37.7689]]]},"properties":{"id":"usgs-pad-us-fee-managers:61997","name":"Doe Creek State Wildlife Management Area","kind":"land","category":"public-land","sourceCategory":"public-land","sourceId":"usgs-pad-us-fee-managers","sourceUrl":"https://services.arcgis.com/v01gqwM5QqNysAAi/arcgis/rest/services/Fee_Managers_PADUS/FeatureServer/0","sourceUpdated":"2019-09-16T04:00:00.000Z","publicUse":"PAD-US reports open access; verify current manager conditions and restrictions.","unit":"UNK","origin":"public-catalog"}},{"type":"Feature","id":"usgs-pad-us-fee-managers:61998","geometry":{"type":"MultiPolygon","coordinates":[[[[-80.1202,36.7762],[-80.1193,36.7762],[-80.1174,36.7742],[-80.1157,36.7734],[-80.1158,36.7708],[-80.1163,36.7685],[-80.1196,36.7651],[-80.1128,36.7625],[-80.1057,36.7616],[-80.1051,36.7612],[-80.0998,36.7597],[-80.0947,36.7585],[-80.0934,36.7576],[-80.0985,36.7549],[-80.0997,36.7553],[-80.1018,36.7569],[-80.1022,36.757],[-80.1029,36.756],[-80.1042,36.7552],[-80.1049,36.7555],[-80.1076,36.7576],[-80.109,36.7579],[-80.1102,36.7575],[-80.1112,36.7563],[-80.1052,36.7491],[-80.1058,36.7491],[-80.1081,36.7478],[-80.1089,36.7463],[-80.1219,36.7434],[-80.1228,36.745],[-80.1286,36.7457],[-80.1311,36.7484],[-80.134,36.7483],[-80.1341,36.7502],[-80.1354,36.7512],[-80.1357,36.7529],[-80.1346,36.7552],[-80.1341,36.7551],[-80.1341,36.7557],[-80.1388,36.7556],[-80.1388,36.7548],[-80.1453,36.7506],[-80.1525,36.7564],[-80.1476,36.761],[-80.1447,36.7605],[-80.1444,36.7608],[-80.1444,36.7612],[-80.1433,36.7627],[-80.1443,36.7654],[-80.1324,36.7697],[-80.1292,36.7778],[-80.1292,36.7783],[-80.1283,36.7788],[-80.1271,36.7808],[-80.1261,36.7809],[-80.1253,36.7814],[-80.1238,36.7802],[-80.1216,36.7774],[-80.1202,36.7762]]],[[[-80.0837,36.7673],[-80.0809,36.7627],[-80.0778,36.7623],[-80.077,36.7606],[-80.0818,36.7579],[-80.0861,36.7596],[-80.0889,36.7592],[-80.089,36.7618],[-80.0915,36.7632],[-80.0921,36.7689],[-80.0932,36.7697],[-80.095,36.7781],[-80.0946,36.7787],[-80.0945,36.7796],[-80.0921,36.7809],[-80.0837,36.7673]]],[[[-80.0658,36.8027],[-80.0633,36.7992],[-80.0621,36.7987],[-80.0603,36.7987],[-80.0604,36.7979],[-80.0615,36.7977],[-80.0622,36.7949],[-80.0619,36.7946],[-80.0603,36.7945],[-80.0595,36.795],[-80.0588,36.7973],[-80.0567,36.7958],[-80.0577,36.794],[-80.0592,36.7944],[-80.0606,36.7939],[-80.064,36.7945],[-80.0643,36.794],[-80.0642,36.7901],[-80.0681,36.7897],[-80.0735,36.7911],[-80.0858,36.79],[-80.0863,36.7953],[-80.0874,36.7978],[-80.0857,36.7994],[-80.0857,36.8011],[-80.0852,36.8017],[-80.0836,36.8021],[-80.0799,36.8023],[-80.0821,36.7995],[-80.074,36.7964],[-80.0749,36.8014],[-80.0729,36.8018],[-80.0713,36.7967],[-80.0685,36.7971],[-80.0696,36.8027],[-80.0662,36.802],[-80.0658,36.8027]]],[[[-80.1177,36.8177],[-80.1164,36.8142],[-80.1171,36.8131],[-80.1168,36.8112],[-80.1196,36.8065],[-80.1212,36.8055],[-80.1224,36.8064],[-80.1246,36.807],[-80.1248,36.8068],[-80.1255,36.8069],[-80.1262,36.8073],[-80.1276,36.8065],[-80.1269,36.8053],[-80.1271,36.8046],[-80.1264,36.804],[-80.1247,36.8043],[-80.1237,36.8051],[-80.1226,36.8045],[-80.1247,36.8019],[-80.1259,36.801],[-80.1264,36.7999],[-80.1231,36.795],[-80.12,36.7931],[-80.1209,36.7918],[-80.1236,36.7908],[-80.1245,36.7897],[-80.1252,36.7906],[-80.1257,36.7906],[-80.1258,36.7904],[-80.1281,36.7908],[-80.1289,36.7912],[-80.1296,36.7901],[-80.1286,36.7894],[-80.1287,36.7885],[-80.1276,36.7872],[-80.1277,36.7869],[-80.1314,36.784],[-80.1319,36.7839],[-80.1326,36.7829],[-80.1337,36.7833],[-80.1356,36.7812],[-80.1363,36.78],[-80.1373,36.7798],[-80.1385,36.7802],[-80.139,36.7807],[-80.14,36.7823],[-80.1416,36.7801],[-80.1454,36.7794],[-80.1459,36.7795],[-80.1463,36.7803],[-80.1489,36.7823],[-80.148,36.783],[-80.1483,36.7835],[-80.1491,36.7841],[-80.1521,36.7854],[-80.1519,36.7864],[-80.1515,36.7869],[-80.1502,36.7871],[-80.1493,36.7875],[-80.1481,36.7893],[-80.1485,36.7916],[-80.1473,36.7934],[-80.1475,36.7941],[-80.1482,36.7952],[-80.1484,36.7963],[-80.1496,36.7959],[-80.1506,36.7969],[-80.1491,36.8023],[-80.1485,36.803],[-80.1487,36.8052],[-80.1447,36.808],[-80.1429,36.8074],[-80.1413,36.8059],[-80.1336,36.8115],[-80.1256,36.8141],[-80.122,36.8183],[-80.1215,36.8178],[-80.1179,36.8181],[-80.1177,36.8177]]]]},"properties":{"id":"usgs-pad-us-fee-managers:61998","name":"Fairystone Farms Wildlife Management Area","kind":"land","category":"public-land","sourceCategory":"public-land","sourceId":"usgs-pad-us-fee-managers","sourceUrl":"https://services.arcgis.com/v01gqwM5QqNysAAi/arcgis/rest/services/Fee_Managers_PADUS/FeatureServer/0","sourceUpdated":"2009-09-14T04:00:00.000Z","publicUse":"PAD-US reports open access; verify current manager conditions and restrictions.","unit":"UNK","origin":"public-catalog"}},{"type":"Feature","id":"usgs-pad-us-fee-managers:61999","geometry":{"type":"Polygon","coordinates":[[[-80.0871,36.7982],[-80.0874,36.7978],[-80.0893,36.7991],[-80.09,36.8021],[-80.0895,36.802],[-80.0885,36.8026],[-80.0875,36.8048],[-80.0832,36.8044],[-80.0808,36.8023],[-80.0836,36.8021],[-80.0852,36.8017],[-80.0857,36.8011],[-80.0857,36.7994],[-80.0871,36.7982]]]},"properties":{"id":"usgs-pad-us-fee-managers:61999","name":"Fairystone Farms Wildlife Management Area","kind":"land","category":"public-land","sourceCategory":"public-land","sourceId":"usgs-pad-us-fee-managers","sourceUrl":"https://services.arcgis.com/v01gqwM5QqNysAAi/arcgis/rest/services/Fee_Managers_PADUS/FeatureServer/0","sourceUpdated":"2018-07-26T04:00:00.000Z","publicUse":"PAD-US reports open access; verify current manager conditions and restrictions.","unit":"UNK","origin":"public-catalog"}},{"type":"Feature","id":"usgs-pad-us-fee-managers:62000","geometry":{"type":"MultiPolygon","coordinates":[[[[-78.5745,37.3544],[-78.5747,37.3543],[-78.5743,37.3584],[-78.5739,37.3582],[-78.574,37.3575],[-78.5734,37.3569],[-78.5735,37.3561],[-78.5745,37.3544]]],[[[-78.5564,37.3544],[-78.5578,37.3538],[-78.5592,37.3541],[-78.5595,37.3537],[-78.5591,37.3534],[-78.559,37.3527],[-78.5592,37.3522],[-78.5597,37.352],[-78.56,37.352],[-78.5597,37.3538],[-78.5593,37.3542],[-78.555,37.3559],[-78.5547,37.3564],[-78.5546,37.3584],[-78.5541,37.3581],[-78.5536,37.357],[-78.5538,37.356],[-78.5544,37.355],[-78.5564,37.3544]]],[[[-78.5538,37.3596],[-78.5541,37.3596],[-78.5537,37.3599],[-78.552,37.3608],[-78.5526,37.3601],[-78.5538,37.3596]]],[[[-78.5946,37.3981],[-78.5931,37.398],[-78.5924,37.3975],[-78.5952,37.3966],[-78.5962,37.3945],[-78.5974,37.3937],[-78.5976,37.3912],[-78.5969,37.3905],[-78.5983,37.3884],[-78.5933,37.3857],[-78.5957,37.3801],[-78.6003,37.381],[-78.6,37.3759],[-78.6005,37.3758],[-78.604,37.3786],[-78.6034,37.3796],[-78.6032,37.3812],[-78.6093,37.3828],[-78.61,37.3817],[-78.6147,37.3847],[-78.6177,37.387],[-78.6178,37.3879],[-78.6163,37.3884],[-78.616,37.3889],[-78.6164,37.3898],[-78.6159,37.3922],[-78.6162,37.3937],[-78.6158,37.394],[-78.6119,37.395],[-78.6093,37.394],[-78.6072,37.3936],[-78.6042,37.395],[-78.6034,37.395],[-78.6025,37.3955],[-78.6011,37.3955],[-78.5994,37.3972],[-78.5956,37.3993],[-78.5952,37.3994],[-78.5949,37.3991],[-78.5946,37.3981]]],[[[-78.6028,37.3864],[-78.6031,37.3826],[-78.6,37.3814],[-78.5988,37.384],[-78.602,37.3866],[-78.6028,37.3864]]],[[[-78.6075,37.3843],[-78.6087,37.3849],[-78.6102,37.3835],[-78.6095,37.3827],[-78.6075,37.3843]]]]},"properties":{"id":"usgs-pad-us-fee-managers:62000","name":"Featherfin Farm Wildlife Management Area","kind":"land","category":"public-land","sourceCategory":"public-land","sourceId":"usgs-pad-us-fee-managers","sourceUrl":"https://services.arcgis.com/v01gqwM5QqNysAAi/arcgis/rest/services/Fee_Managers_PADUS/FeatureServer/0","sourceUpdated":"2017-11-06T05:00:00.000Z","publicUse":"PAD-US reports open access; verify current manager conditions and restrictions.","unit":"UNK","origin":"public-catalog"}},{"type":"Feature","id":"usgs-pad-us-fee-managers:62001","geometry":{"type":"Polygon","coordinates":[[[-78.5873,37.3938],[-78.5846,37.3932],[-78.5834,37.3923],[-78.5815,37.3922],[-78.5807,37.3914],[-78.5809,37.391],[-78.5823,37.3901],[-78.5832,37.3898],[-78.5854,37.3884],[-78.5865,37.388],[-78.5878,37.3859],[-78.5887,37.3841],[-78.5899,37.3835],[-78.5901,37.3824],[-78.5917,37.3804],[-78.5892,37.3795],[-78.5884,37.3785],[-78.5872,37.3778],[-78.5852,37.3782],[-78.5842,37.3781],[-78.5834,37.3783],[-78.5818,37.3779],[-78.5793,37.3818],[-78.5752,37.3795],[-78.5732,37.3797],[-78.5714,37.3783],[-78.5688,37.3802],[-78.5681,37.3804],[-78.5677,37.3812],[-78.5674,37.3814],[-78.5662,37.3813],[-78.5649,37.382],[-78.5649,37.3825],[-78.5645,37.3828],[-78.559,37.3851],[-78.5578,37.3833],[-78.5571,37.3822],[-78.562,37.3797],[-78.5632,37.3778],[-78.5646,37.3765],[-78.5647,37.3745],[-78.564,37.3727],[-78.563,37.3723],[-78.5622,37.3722],[-78.5607,37.3731],[-78.5612,37.3738],[-78.5591,37.375],[-78.5588,37.3729],[-78.5601,37.3723],[-78.56,37.3704],[-78.5631,37.3669],[-78.5626,37.3646],[-78.5621,37.3641],[-78.5618,37.3641],[-78.5606,37.3648],[-78.5602,37.3657],[-78.5586,37.3671],[-78.558,37.3671],[-78.5573,37.3667],[-78.5558,37.3674],[-78.553,37.3674],[-78.55,37.3628],[-78.5513,37.3613],[-78.5553,37.3592],[-78.5548,37.3585],[-78.5548,37.3564],[-78.5552,37.3559],[-78.5594,37.3543],[-78.5598,37.3539],[-78.5599,37.3534],[-78.5607,37.3538],[-78.5599,37.3531],[-78.5601,37.3521],[-78.5609,37.3528],[-78.5618,37.353],[-78.5621,37.3535],[-78.5646,37.3559],[-78.5646,37.3564],[-78.5652,37.357],[-78.5654,37.3571],[-78.5661,37.3567],[-78.5662,37.3565],[-78.5661,37.3557],[-78.5665,37.3552],[-78.5673,37.3551],[-78.5676,37.3555],[-78.5683,37.3556],[-78.5698,37.3568],[-78.5699,37.3572],[-78.5695,37.3577],[-78.57,37.3579],[-78.5714,37.3593],[-78.5728,37.3599],[-78.5736,37.3599],[-78.5741,37.3596],[-78.5738,37.3589],[-78.5742,37.3589],[-78.5739,37.3618],[-78.5751,37.3624],[-78.5851,37.3618],[-78.5867,37.3647],[-78.586,37.365],[-78.5873,37.3655],[-78.5912,37.3718],[-78.593,37.3711],[-78.5953,37.3697],[-78.5964,37.3686],[-78.5984,37.3681],[-78.5985,37.3671],[-78.5994,37.3659],[-78.5991,37.3653],[-78.6041,37.3636],[-78.6016,37.3686],[-78.6009,37.3707],[-78.5999,37.3713],[-78.6003,37.381],[-78.5957,37.3801],[-78.5933,37.3857],[-78.5916,37.3887],[-78.589,37.3945],[-78.5873,37.3938]]]},"properties":{"id":"usgs-pad-us-fee-managers:62001","name":"Featherfin Farm Wildlife Management Area","kind":"land","category":"public-land","sourceCategory":"public-land","sourceId":"usgs-pad-us-fee-managers","sourceUrl":"https://services.arcgis.com/v01gqwM5QqNysAAi/arcgis/rest/services/Fee_Managers_PADUS/FeatureServer/0","sourceUpdated":"2017-11-06T05:00:00.000Z","publicUse":"PAD-US reports open access; verify current manager conditions and restrictions.","unit":"UNK","origin":"public-catalog"}},{"type":"Feature","id":"usgs-pad-us-fee-managers:62002","geometry":{"type":"Polygon","coordinates":[[[-78.6114,37.3949],[-78.6123,37.3949],[-78.6158,37.394],[-78.6162,37.3937],[-78.6159,37.3922],[-78.6164,37.3898],[-78.616,37.3889],[-78.6163,37.3884],[-78.6184,37.3876],[-78.6196,37.388],[-78.6199,37.3882],[-78.6198,37.3892],[-78.6201,37.3903],[-78.6194,37.3903],[-78.619,37.3918],[-78.6203,37.3915],[-78.6201,37.3922],[-78.6205,37.3939],[-78.619,37.3957],[-78.6188,37.3964],[-78.6198,37.3991],[-78.6211,37.3999],[-78.6162,37.4025],[-78.6152,37.4012],[-78.6152,37.4009],[-78.6114,37.3949]]]},"properties":{"id":"usgs-pad-us-fee-managers:62002","name":"Featherfin Farm Wildlife Management Area","kind":"land","category":"public-land","sourceCategory":"public-land","sourceId":"usgs-pad-us-fee-managers","sourceUrl":"https://services.arcgis.com/v01gqwM5QqNysAAi/arcgis/rest/services/Fee_Managers_PADUS/FeatureServer/0","sourceUpdated":"2017-11-06T05:00:00.000Z","publicUse":"PAD-US reports open access; verify current manager conditions and restrictions.","unit":"UNK","origin":"public-catalog"}},{"type":"Feature","id":"usgs-pad-us-fee-managers:62003","geometry":{"type":"MultiPolygon","coordinates":[[[[-78.5999,37.3713],[-78.6009,37.3707],[-78.6078,37.3726],[-78.6063,37.3747],[-78.6,37.3759],[-78.5999,37.3713]]],[[[-78.5925,37.3971],[-78.5916,37.3968],[-78.5902,37.3952],[-78.589,37.3945],[-78.5916,37.3887],[-78.5933,37.3857],[-78.5983,37.3884],[-78.5969,37.3905],[-78.5976,37.3912],[-78.5974,37.3937],[-78.5962,37.3945],[-78.5951,37.3967],[-78.593,37.3974],[-78.5926,37.3973],[-78.5925,37.3971]]]]},"properties":{"id":"usgs-pad-us-fee-managers:62003","name":"Featherfin Farm Wildlife Management Area","kind":"land","category":"public-land","sourceCategory":"public-land","sourceId":"usgs-pad-us-fee-managers","sourceUrl":"https://services.arcgis.com/v01gqwM5QqNysAAi/arcgis/rest/services/Fee_Managers_PADUS/FeatureServer/0","sourceUpdated":"2017-11-06T05:00:00.000Z","publicUse":"PAD-US reports open access; verify current manager conditions and restrictions.","unit":"UNK","origin":"public-catalog"}},{"type":"Feature","id":"usgs-pad-us-fee-managers:62004","geometry":{"type":"Polygon","coordinates":[[[-77.0006,37.4088],[-77.0008,37.4086],[-77.0012,37.4087],[-77.0022,37.4094],[-77.0019,37.4097],[-77.0018,37.4104],[-77.0013,37.4119],[-77.0022,37.413],[-77.0035,37.4139],[-77.0035,37.4144],[-77.0016,37.4152],[-76.9996,37.4167],[-76.9987,37.4176],[-76.9965,37.4177],[-76.9945,37.4168],[-76.9947,37.4157],[-76.9953,37.4151],[-76.9954,37.4144],[-76.9966,37.4134],[-76.9965,37.4127],[-76.9976,37.412],[-76.9975,37.4116],[-76.9986,37.4108],[-76.9986,37.4096],[-77.0006,37.4088]]]},"properties":{"id":"usgs-pad-us-fee-managers:62004","name":"Game Farm Marsh Wildlife Management Area","kind":"land","category":"public-land","sourceCategory":"public-land","sourceId":"usgs-pad-us-fee-managers","sourceUrl":"https://services.arcgis.com/v01gqwM5QqNysAAi/arcgis/rest/services/Fee_Managers_PADUS/FeatureServer/0","sourceUpdated":"2010-10-29T04:00:00.000Z","publicUse":"PAD-US reports open access; verify current manager conditions and restrictions.","unit":"UNK","origin":"public-catalog"}},{"type":"Feature","id":"usgs-pad-us-fee-managers:62005","geometry":{"type":"Polygon","coordinates":[[[-79.8943,38.022],[-79.8954,38.0199],[-79.8981,38.0181],[-79.8976,38.0158],[-79.8964,38.0141],[-79.8964,38.0126],[-79.8985,38.0098],[-79.8996,38.0095],[-79.9064,38.0047],[-79.9083,38.0028],[-79.9098,38.0022],[-79.91,38.0017],[-79.9142,37.9999],[-79.9153,37.9989],[-79.9169,37.9985],[-79.9191,37.997],[-79.9208,37.9963],[-79.9276,37.9909],[-79.9329,37.9881],[-79.9353,37.9808],[-79.9529,37.9551],[-79.954,37.9554],[-79.9557,37.9545],[-79.9592,37.9554],[-79.9577,37.9575],[-79.9562,37.9629],[-79.9578,37.9687],[-79.9598,37.9685],[-79.9601,37.9713],[-79.9552,37.9774],[-79.9531,37.9841],[-79.9461,37.9869],[-79.9428,37.9904],[-79.9399,37.9971],[-79.9276,38.0033],[-79.9215,38.0084],[-79.9132,38.0138],[-79.907,38.0207],[-79.9023,38.024],[-79.9015,38.0229],[-79.8993,38.0228],[-79.8994,38.0247],[-79.8985,38.0247],[-79.8987,38.025],[-79.8943,38.022]]]},"properties":{"id":"usgs-pad-us-fee-managers:62005","name":"Gathright Wildlife Management Area","kind":"land","category":"public-land","sourceCategory":"public-land","sourceId":"usgs-pad-us-fee-managers","sourceUrl":"https://services.arcgis.com/v01gqwM5QqNysAAi/arcgis/rest/services/Fee_Managers_PADUS/FeatureServer/0","sourceUpdated":"2010-06-23T04:00:00.000Z","publicUse":"PAD-US reports open access; verify current manager conditions and restrictions.","unit":"UNK","origin":"public-catalog"}},{"type":"Feature","id":"usgs-pad-us-fee-managers:62006","geometry":{"type":"Polygon","coordinates":[[[-79.913,38.0867],[-79.9088,38.0848],[-79.9052,38.0843],[-79.9161,38.0686],[-79.9211,38.0663],[-79.9211,38.0617],[-79.9145,38.0591],[-79.9276,38.0488],[-79.9299,38.0496],[-79.9286,38.0519],[-79.9312,38.0524],[-79.9354,38.0469],[-79.9356,38.0485],[-79.9379,38.0486],[-79.9388,38.0465],[-79.937,38.0455],[-79.937,38.0446],[-79.936,38.0444],[-79.9416,38.0412],[-79.9391,38.0387],[-79.9411,38.037],[-79.942,38.0357],[-79.9346,38.0322],[-79.9381,38.0274],[-79.9372,38.0269],[-79.9359,38.0269],[-79.9355,38.0274],[-79.9328,38.0267],[-79.9311,38.0267],[-79.9309,38.0263],[-79.9313,38.0258],[-79.9308,38.0258],[-79.9287,38.0209],[-79.9256,38.0205],[-79.9213,38.0195],[-79.9212,38.0199],[-79.9205,38.0204],[-79.9187,38.0195],[-79.9212,38.0165],[-79.9266,38.0135],[-79.9262,38.0129],[-79.9416,38.004],[-79.944,38.001],[-79.9523,37.9939],[-79.9561,37.9918],[-79.9579,37.9898],[-79.9606,37.9921],[-79.9585,37.998],[-79.9676,38.0009],[-79.9723,37.9998],[-79.9754,38.0012],[-79.9755,38.0005],[-79.9799,38],[-79.9883,37.9912],[-79.9874,37.9802],[-79.9898,37.9786],[-79.99,37.976],[-79.9925,37.9744],[-79.9927,37.974],[-79.9931,37.9742],[-79.9933,37.9734],[-79.9946,37.9739],[-79.9953,37.9734],[-79.9959,37.9748],[-79.9967,37.9757],[-79.9996,37.978],[-79.9992,37.9787],[-79.9982,37.9789],[-79.997,37.9794],[-79.9969,37.9796],[-79.9975,37.981],[-79.9965,37.9809],[-79.9956,37.9821],[-79.9947,37.9828],[-79.9946,37.9835],[-79.9958,37.9845],[-79.9955,37.9855],[-79.9957,37.9862],[-79.9953,37.9876],[-79.9959,37.9883],[-79.9964,37.9883],[-79.9971,37.9888],[-79.9976,37.9898],[-80.0001,37.9906],[-80.0026,37.9927],[-80.0016,37.9944],[-80.0007,37.9947],[-79.9997,37.9947],[-79.9993,37.9951],[-79.9994,37.9966],[-79.9992,37.9972],[-79.9986,37.9977],[-79.9989,37.9997],[-79.9971,38.0001],[-79.9962,38.0009],[-79.9953,38.0034],[-79.9949,38.0041],[-79.9957,38.0051],[-79.9958,38.0058],[-79.9955,38.007],[-79.9949,38.0079],[-79.9927,38.01],[-79.9917,38.0105],[-79.9899,38.0134],[-79.989,38.0138],[-79.9864,38.0139],[-79.9861,38.0142],[-79.9858,38.0158],[-79.985,38.0163],[-79.9848,38.0166],[-79.9856,38.0179],[-79.9854,38.0194],[-79.9851,38.0199],[-79.984,38.0206],[-79.9837,38.0219],[-79.9829,38.0233],[-79.9807,38.0258],[-79.9802,38.0275],[-79.9785,38.029],[-79.978,38.0291],[-79.9773,38.0287],[-79.977,38.0288],[-79.9765,38.0294],[-79.9753,38.03],[-79.975,38.0316],[-79.9736,38.0327],[-79.974,38.0345],[-79.9721,38.035],[-79.9714,38.0354],[-79.9727,38.037],[-79.9736,38.0386],[-79.9738,38.0394],[-79.9737,38.0401],[-79.9723,38.0427],[-79.9712,38.0437],[-79.9706,38.0451],[-79.9692,38.0469],[-79.968,38.0478],[-79.9676,38.0487],[-79.9661,38.0505],[-79.9655,38.0528],[-79.9643,38.0545],[-79.9632,38.0573],[-79.9624,38.0582],[-79.9622,38.0597],[-79.9602,38.0626],[-79.9598,38.0637],[-79.9596,38.0639],[-79.9595,38.0643],[-79.9598,38.0645],[-79.9595,38.0652],[-79.9597,38.0654],[-79.9552,38.0711],[-79.9548,38.0719],[-79.9554,38.0725],[-79.9422,38.0882],[-79.9389,38.09],[-79.9378,38.0903],[-79.9349,38.0932],[-79.9326,38.095],[-79.9325,38.0959],[-79.9226,38.0904],[-79.913,38.0867]]]},"properties":{"id":"usgs-pad-us-fee-managers:62006","name":"Gathright Wildlife Management Area","kind":"land","category":"public-land","sourceCategory":"public-land","sourceId":"usgs-pad-us-fee-managers","sourceUrl":"https://services.arcgis.com/v01gqwM5QqNysAAi/arcgis/rest/services/Fee_Managers_PADUS/FeatureServer/0","sourceUpdated":"2016-02-05T05:00:00.000Z","publicUse":"PAD-US reports open access; verify current manager conditions and restrictions.","unit":"UNK","origin":"public-catalog"}},{"type":"Feature","id":"usgs-pad-us-fee-managers:62007","geometry":{"type":"Polygon","coordinates":[[[-79.9595,38.0657],[-79.9597,38.0654],[-79.9605,38.0658],[-79.9611,38.0662],[-79.9608,38.0662],[-79.9611,38.0666],[-79.9607,38.0683],[-79.9597,38.069],[-79.9588,38.07],[-79.9593,38.0707],[-79.9587,38.0712],[-79.9553,38.071],[-79.9595,38.0657]]]},"properties":{"id":"usgs-pad-us-fee-managers:62007","name":"Gathright Wildlife Management Area","kind":"land","category":"public-land","sourceCategory":"public-land","sourceId":"usgs-pad-us-fee-managers","sourceUrl":"https://services.arcgis.com/v01gqwM5QqNysAAi/arcgis/rest/services/Fee_Managers_PADUS/FeatureServer/0","sourceUpdated":"2019-02-19T05:00:00.000Z","publicUse":"PAD-US reports open access; verify current manager conditions and restrictions.","unit":"UNK","origin":"public-catalog"}},{"type":"Feature","id":"usgs-pad-us-fee-managers:62010","geometry":{"type":"MultiPolygon","coordinates":[[[[-76.9461,36.5641],[-76.9463,36.5639],[-76.9469,36.5643],[-76.9463,36.5663],[-76.9453,36.5666],[-76.9454,36.5652],[-76.9461,36.5641]]],[[[-76.9429,36.5611],[-76.9443,36.561],[-76.946,36.5636],[-76.9449,36.5651],[-76.9449,36.5668],[-76.9418,36.5673],[-76.9374,36.5694],[-76.9365,36.5695],[-76.9361,36.5677],[-76.9363,36.5658],[-76.9357,36.5648],[-76.9341,36.5631],[-76.9336,36.5619],[-76.9429,36.5611]]]]},"properties":{"id":"usgs-pad-us-fee-managers:62010","name":"General Vaughns Bridge Wildlife Management Area","kind":"land","category":"public-land","sourceCategory":"public-land","sourceId":"usgs-pad-us-fee-managers","sourceUrl":"https://services.arcgis.com/v01gqwM5QqNysAAi/arcgis/rest/services/Fee_Managers_PADUS/FeatureServer/0","sourceUpdated":"2013-07-01T04:00:00.000Z","publicUse":"PAD-US reports open access; verify current manager conditions and restrictions.","unit":"UNK","origin":"public-catalog"}},{"type":"Feature","id":"usgs-pad-us-fee-managers:62011","geometry":{"type":"Polygon","coordinates":[[[-78.082,37.7678],[-78.0845,37.7633],[-78.0837,37.7631],[-78.0843,37.762],[-78.0862,37.7633],[-78.0898,37.7642],[-78.0893,37.765],[-78.0884,37.7652],[-78.088,37.7663],[-78.0873,37.7666],[-78.086,37.7666],[-78.0846,37.7672],[-78.0839,37.7679],[-78.0834,37.7677],[-78.0823,37.768],[-78.082,37.7678]]]},"properties":{"id":"usgs-pad-us-fee-managers:62011","name":"Goochland Marsh State Wildlife Management Area","kind":"land","category":"public-land","sourceCategory":"public-land","sourceId":"usgs-pad-us-fee-managers","sourceUrl":"https://services.arcgis.com/v01gqwM5QqNysAAi/arcgis/rest/services/Fee_Managers_PADUS/FeatureServer/0","sourceUpdated":"2016-02-05T05:00:00.000Z","publicUse":"PAD-US reports restricted access; confirm permits and seasonal rules with the manager.","unit":"UNK","origin":"public-catalog"}},{"type":"Feature","id":"usgs-pad-us-fee-managers:62012","geometry":{"type":"Polygon","coordinates":[[[-76.6035,37.1656],[-76.6041,37.1604],[-76.6045,37.1601],[-76.6049,37.1607],[-76.6047,37.1612],[-76.6062,37.1623],[-76.6078,37.1621],[-76.6089,37.1622],[-76.6094,37.1625],[-76.6097,37.1623],[-76.6092,37.1619],[-76.6094,37.1612],[-76.6101,37.1611],[-76.6104,37.1608],[-76.6084,37.1607],[-76.6057,37.1595],[-76.6055,37.1593],[-76.6057,37.1591],[-76.6084,37.1602],[-76.6125,37.1607],[-76.6143,37.1615],[-76.6151,37.1616],[-76.6126,37.1636],[-76.6114,37.1637],[-76.6104,37.1642],[-76.6084,37.1648],[-76.6065,37.1659],[-76.6035,37.1656]]]},"properties":{"id":"usgs-pad-us-fee-managers:62012","name":"Goose Island State Wildlife Management Area","kind":"land","category":"public-land","sourceCategory":"public-land","sourceId":"usgs-pad-us-fee-managers","sourceUrl":"https://services.arcgis.com/v01gqwM5QqNysAAi/arcgis/rest/services/Fee_Managers_PADUS/FeatureServer/0","sourceUpdated":"2016-02-05T05:00:00.000Z","publicUse":"PAD-US reports access is not open to the public.","unit":"UNK","origin":"public-catalog"}},{"type":"Feature","id":"usgs-pad-us-fee-managers:62013","geometry":{"type":"MultiPolygon","coordinates":[[[[-79.4359,37.9219],[-79.436,37.9218],[-79.436,37.922],[-79.4359,37.9219]]],[[[-79.3723,38.0145],[-79.3789,38.0096],[-79.3735,38.0063],[-79.3762,38.0035],[-79.3772,38.0017],[-79.3798,38],[-79.3829,37.9968],[-79.3826,37.9938],[-79.3857,37.9924],[-79.3859,37.9915],[-79.3892,37.9889],[-79.3844,37.9827],[-79.3863,37.9823],[-79.3829,37.9797],[-79.3833,37.9791],[-79.3857,37.9783],[-79.3886,37.976],[-79.3932,37.98],[-79.3922,37.9803],[-79.3908,37.9813],[-79.3922,37.9824],[-79.3956,37.9836],[-79.3964,37.9821],[-79.3992,37.9806],[-79.4002,37.9793],[-79.4032,37.9774],[-79.403,37.977],[-79.4063,37.9726],[-79.4127,37.9681],[-79.417,37.9706],[-79.4199,37.9679],[-79.4266,37.9611],[-79.4277,37.9572],[-79.4297,37.9537],[-79.4285,37.9529],[-79.4292,37.9505],[-79.4279,37.9471],[-79.427,37.9467],[-79.4182,37.9479],[-79.419,37.95],[-79.4153,37.9551],[-79.4151,37.9517],[-79.4166,37.9509],[-79.4124,37.9462],[-79.4145,37.9419],[-79.4156,37.9426],[-79.4176,37.9386],[-79.4259,37.9445],[-79.4348,37.9244],[-79.4355,37.9283],[-79.4333,37.9335],[-79.4337,37.9349],[-79.4347,37.9369],[-79.4348,37.9377],[-79.4343,37.9389],[-79.4324,37.9411],[-79.4308,37.9447],[-79.4362,37.9446],[-79.4457,37.95],[-79.4471,37.9505],[-79.4521,37.9477],[-79.4552,37.9479],[-79.457,37.9483],[-79.4569,37.9478],[-79.4591,37.9478],[-79.4576,37.9464],[-79.4577,37.9456],[-79.4569,37.9452],[-79.4519,37.9406],[-79.4514,37.9394],[-79.4514,37.9383],[-79.4523,37.9374],[-79.4538,37.9368],[-79.4554,37.9376],[-79.4563,37.9376],[-79.4573,37.9369],[-79.4574,37.9359],[-79.4569,37.934],[-79.4546,37.9299],[-79.4536,37.9291],[-79.4531,37.929],[-79.4508,37.9298],[-79.4506,37.9296],[-79.4517,37.929],[-79.4536,37.9288],[-79.4543,37.929],[-79.4559,37.9304],[-79.4568,37.9328],[-79.458,37.935],[-79.4582,37.9362],[-79.4578,37.9371],[-79.4563,37.938],[-79.4579,37.9371],[-79.4584,37.9362],[-79.4582,37.9351],[-79.457,37.9328],[-79.4561,37.9299],[-79.4542,37.9286],[-79.4521,37.9285],[-79.4506,37.9291],[-79.4492,37.9303],[-79.4433,37.9241],[-79.4363,37.9205],[-79.4374,37.9192],[-79.445,37.9152],[-79.4595,37.9042],[-79.4627,37.9051],[-79.4659,37.9015],[-79.4812,37.8945],[-79.4868,37.8966],[-79.4898,37.9],[-79.4944,37.8999],[-79.4967,37.9035],[-79.4928,37.9102],[-79.494,37.9114],[-79.496,37.911],[-79.4959,37.9102],[-79.4998,37.9077],[-79.507,37.9037],[-79.5094,37.9008],[-79.5208,37.894],[-79.5256,37.8945],[-79.5259,37.892],[-79.5242,37.8896],[-79.5247,37.8892],[-79.5219,37.8849],[-79.5396,37.8848],[-79.5431,37.8893],[-79.5439,37.8925],[-79.5424,37.8972],[-79.5406,37.8997],[-79.5402,37.9024],[-79.5441,37.903],[-79.5458,37.897],[-79.5494,37.8958],[-79.5504,37.895],[-79.5542,37.8965],[-79.5581,37.8963],[-79.5552,37.9002],[-79.5577,37.9009],[-79.5607,37.8992],[-79.5642,37.8995],[-79.5654,37.8989],[-79.569,37.8995],[-79.5697,37.9006],[-79.5715,37.8982],[-79.5741,37.8981],[-79.5745,37.8996],[-79.5792,37.8969],[-79.5798,37.8963],[-79.5799,37.8967],[-79.5684,37.9079],[-79.5749,37.9113],[-79.5744,37.9129],[-79.5839,37.9181],[-79.5827,37.9196],[-79.5746,37.9248],[-79.5685,37.928],[-79.5737,37.931],[-79.5709,37.9386],[-79.5695,37.9393],[-79.566,37.942],[-79.5651,37.9411],[-79.5628,37.9412],[-79.5604,37.9355],[-79.5589,37.9372],[-79.5565,37.937],[-79.5544,37.935],[-79.5525,37.9358],[-79.5506,37.9399],[-79.5505,37.9408],[-79.5272,37.9579],[-79.5261,37.9569],[-79.5199,37.961],[-79.5181,37.9609],[-79.5177,37.9621],[-79.5113,37.9656],[-79.5073,37.9658],[-79.5073,37.9664],[-79.5003,37.9668],[-79.4998,37.9671],[-79.4971,37.9673],[-79.4951,37.9667],[-79.4918,37.9666],[-79.4868,37.9656],[-79.4812,37.9637],[-79.4776,37.9601],[-79.4779,37.9596],[-79.4896,37.9545],[-79.4909,37.9518],[-79.484,37.9473],[-79.4872,37.9436],[-79.4771,37.9388],[-79.4717,37.9448],[-79.4771,37.9543],[-79.4746,37.9585],[-79.4721,37.9573],[-79.4678,37.9545],[-79.4655,37.9514],[-79.4646,37.9484],[-79.4632,37.9473],[-79.4604,37.9464],[-79.4592,37.9455],[-79.458,37.9451],[-79.4565,37.9442],[-79.4527,37.9405],[-79.4519,37.9389],[-79.4519,37.9382],[-79.4519,37.9392],[-79.4526,37.9407],[-79.456,37.9441],[-79.4576,37.9453],[-79.4597,37.9461],[-79.4607,37.947],[-79.4626,37.9475],[-79.4638,37.9482],[-79.4586,37.9484],[-79.4316,37.9686],[-79.4248,37.9758],[-79.4242,37.9826],[-79.4232,37.9828],[-79.4223,37.9842],[-79.4118,37.9888],[-79.4077,37.9958],[-79.403,38.0028],[-79.4102,38.0059],[-79.4122,38.0049],[-79.4149,38.0056],[-79.4136,38.0086],[-79.4113,38.0092],[-79.408,38.0132],[-79.4052,38.0125],[-79.4006,38.0189],[-79.3989,38.0181],[-79.3978,38.019],[-79.3993,38.0198],[-79.3975,38.0209],[-79.3861,38.0222],[-79.3869,38.0264],[-79.3866,38.0291],[-79.3881,38.0301],[-79.3677,38.018],[-79.3723,38.0145]]],[[[-79.4536,37.9373],[-79.4532,37.9372],[-79.4539,37.9374],[-79.4536,37.9373]]],[[[-79.3442,38.0581],[-79.3431,38.0585],[-79.3454,38.0576],[-79.3451,38.0583],[-79.3431,38.0589],[-79.3432,38.0609],[-79.3439,38.0608],[-79.3448,38.0628],[-79.3467,38.0625],[-79.3483,38.0663],[-79.3421,38.0692],[-79.3391,38.0713],[-79.3359,38.0678],[-79.3392,38.0656],[-79.3343,38.0624],[-79.3314,38.0682],[-79.33,38.0688],[-79.3297,38.0706],[-79.3244,38.0795],[-79.3195,38.0802],[-79.3157,38.0803],[-79.3197,38.0849],[-79.3126,38.091],[-79.3105,38.0911],[-79.3101,38.0909],[-79.3092,38.0916],[-79.3044,38.088],[-79.2978,38.0933],[-79.2935,38.0971],[-79.301,38.097],[-79.2947,38.0993],[-79.2963,38.1008],[-79.2973,38.1024],[-79.2947,38.1039],[-79.2844,38.111],[-79.2845,38.1119],[-79.2839,38.114],[-79.2827,38.114],[-79.2829,38.1232],[-79.2835,38.1235],[-79.2829,38.1263],[-79.2821,38.1272],[-79.2819,38.1279],[-79.2819,38.1284],[-79.2819,38.1282],[-79.2832,38.1283],[-79.2827,38.131],[-79.2821,38.1333],[-79.2813,38.1332],[-79.2813,38.1353],[-79.2809,38.1369],[-79.2779,38.1425],[-79.2764,38.1517],[-79.2755,38.1535],[-79.2743,38.1553],[-79.2687,38.1512],[-79.2605,38.159],[-79.2658,38.1626],[-79.2627,38.1651],[-79.2544,38.1747],[-79.2509,38.1784],[-79.2515,38.1788],[-79.2509,38.1796],[-79.2476,38.1813],[-79.2448,38.1843],[-79.2434,38.1854],[-79.2423,38.1857],[-79.2336,38.1823],[-79.2351,38.1814],[-79.2375,38.1695],[-79.2383,38.1696],[-79.2397,38.1662],[-79.2411,38.1608],[-79.2422,38.1604],[-79.2417,38.1554],[-79.2397,38.1535],[-79.2411,38.153],[-79.2435,38.1437],[-79.2436,38.1413],[-79.2396,38.1436],[-79.2381,38.1423],[-79.2382,38.1417],[-79.2379,38.1413],[-79.2391,38.1363],[-79.2406,38.1348],[-79.2407,38.1342],[-79.2594,38.1395],[-79.2602,38.1408],[-79.2641,38.1427],[-79.2673,38.1358],[-79.2617,38.1345],[-79.2648,38.1322],[-79.2541,38.1272],[-79.2536,38.1208],[-79.2469,38.1179],[-79.2509,38.1064],[-79.2522,38.1054],[-79.2516,38.1044],[-79.2535,38.1012],[-79.2506,38.1003],[-79.2514,38.0989],[-79.2532,38.0994],[-79.2536,38.0988],[-79.2566,38.096],[-79.2604,38.0935],[-79.2623,38.094],[-79.262,38.0962],[-79.2661,38.0983],[-79.2703,38.099],[-79.2706,38.0997],[-79.273,38.0957],[-79.2746,38.0968],[-79.2767,38.0953],[-79.2771,38.0942],[-79.2814,38.0901],[-79.2846,38.0859],[-79.2851,38.0833],[-79.2891,38.0789],[-79.2901,38.0782],[-79.2906,38.0773],[-79.2914,38.077],[-79.2918,38.0763],[-79.2968,38.071],[-79.2973,38.07],[-79.2985,38.0684],[-79.2995,38.0679],[-79.3004,38.0664],[-79.3007,38.0643],[-79.302,38.0623],[-79.3045,38.0592],[-79.3064,38.0575],[-79.3114,38.0538],[-79.3128,38.0534],[-79.3133,38.0527],[-79.3162,38.0509],[-79.3175,38.0497],[-79.3202,38.0477],[-79.3251,38.0461],[-79.3264,38.0447],[-79.3275,38.0443],[-79.3285,38.0435],[-79.3303,38.0431],[-79.3317,38.042],[-79.3331,38.0433],[-79.3398,38.0391],[-79.3463,38.0361],[-79.3495,38.0337],[-79.3551,38.0303],[-79.3566,38.0288],[-79.3589,38.0277],[-79.3631,38.0233],[-79.3644,38.0207],[-79.3674,38.0178],[-79.3919,38.0324],[-79.3893,38.0342],[-79.3862,38.0315],[-79.3797,38.0334],[-79.3794,38.0344],[-79.3763,38.037],[-79.3772,38.0382],[-79.3483,38.0509],[-79.3491,38.0546],[-79.3484,38.0553],[-79.3446,38.0574],[-79.3442,38.0581]]],[[[-79.3354,38.0501],[-79.3335,38.0496],[-79.333,38.0505],[-79.335,38.0511],[-79.3354,38.0501]]]]},"properties":{"id":"usgs-pad-us-fee-managers:62013","name":"Goshen and Little North Mountain Wildlife Management Area","kind":"land","category":"public-land","sourceCategory":"public-land","sourceId":"usgs-pad-us-fee-managers","sourceUrl":"https://services.arcgis.com/v01gqwM5QqNysAAi/arcgis/rest/services/Fee_Managers_PADUS/FeatureServer/0","sourceUpdated":"2016-02-05T05:00:00.000Z","publicUse":"PAD-US reports open access; verify current manager conditions and restrictions.","unit":"UNK","origin":"public-catalog"}},{"type":"Feature","id":"usgs-pad-us-fee-managers:62014","geometry":{"type":"Polygon","coordinates":[[[-76.7927,37.2517],[-76.7921,37.2504],[-76.79,37.2486],[-76.793,37.2474],[-76.7939,37.2487],[-76.7946,37.2492],[-76.7946,37.2498],[-76.7943,37.2502],[-76.795,37.2512],[-76.7949,37.2519],[-76.7951,37.2521],[-76.7953,37.2519],[-76.7951,37.2539],[-76.7927,37.254],[-76.7929,37.2531],[-76.7927,37.2517]]]},"properties":{"id":"usgs-pad-us-fee-managers:62014","name":"Greensprings Wildlife Management Area","kind":"land","category":"public-land","sourceCategory":"public-land","sourceId":"usgs-pad-us-fee-managers","sourceUrl":"https://services.arcgis.com/v01gqwM5QqNysAAi/arcgis/rest/services/Fee_Managers_PADUS/FeatureServer/0","sourceUpdated":"2017-11-06T05:00:00.000Z","publicUse":"PAD-US reports open access; verify current manager conditions and restrictions.","unit":"UNK","origin":"public-catalog"}},{"type":"Feature","id":"usgs-pad-us-fee-managers:62015","geometry":{"type":"Polygon","coordinates":[[[-78.389,37.7394],[-78.389,37.7389],[-78.3901,37.7391],[-78.389,37.7394]]]},"properties":{"id":"usgs-pad-us-fee-managers:62015","name":"Hardware River Wildlife Management Area","kind":"land","category":"public-land","sourceCategory":"public-land","sourceId":"usgs-pad-us-fee-managers","sourceUrl":"https://services.arcgis.com/v01gqwM5QqNysAAi/arcgis/rest/services/Fee_Managers_PADUS/FeatureServer/0","sourceUpdated":"2010-06-23T04:00:00.000Z","publicUse":"PAD-US reports open access; verify current manager conditions and restrictions.","unit":"UNK","origin":"public-catalog"}},{"type":"Feature","id":"usgs-pad-us-fee-managers:62016","geometry":{"type":"Polygon","coordinates":[[[-78.4294,37.7635],[-78.4284,37.7628],[-78.4259,37.7618],[-78.4233,37.7619],[-78.4219,37.7614],[-78.4209,37.7605],[-78.4193,37.7551],[-78.4181,37.7536],[-78.4176,37.754],[-78.4164,37.7561],[-78.4158,37.7582],[-78.4145,37.7594],[-78.4117,37.7603],[-78.4087,37.76],[-78.4079,37.756],[-78.4082,37.7495],[-78.4086,37.7489],[-78.4094,37.7486],[-78.412,37.7487],[-78.413,37.7484],[-78.4133,37.7477],[-78.4134,37.7464],[-78.413,37.7451],[-78.4117,37.7442],[-78.4082,37.7433],[-78.4052,37.7421],[-78.4037,37.7413],[-78.4039,37.7408],[-78.4035,37.7413],[-78.3937,37.7398],[-78.3941,37.739],[-78.3952,37.7389],[-78.3962,37.7379],[-78.3988,37.7384],[-78.4008,37.7382],[-78.4025,37.7389],[-78.4042,37.74],[-78.4041,37.7397],[-78.4031,37.7391],[-78.407,37.7399],[-78.4088,37.7408],[-78.4108,37.7414],[-78.4178,37.7421],[-78.4212,37.7428],[-78.4247,37.7445],[-78.4246,37.7457],[-78.4238,37.748],[-78.4243,37.7502],[-78.4235,37.7511],[-78.4259,37.7543],[-78.4294,37.753],[-78.4308,37.7523],[-78.4318,37.7524],[-78.432,37.7523],[-78.433,37.7508],[-78.4332,37.7495],[-78.4336,37.7495],[-78.4401,37.7518],[-78.4438,37.7535],[-78.442,37.7546],[-78.4411,37.756],[-78.4403,37.7564],[-78.438,37.7595],[-78.4359,37.7642],[-78.4326,37.7634],[-78.4317,37.7651],[-78.4309,37.7642],[-78.4294,37.7635]]]},"properties":{"id":"usgs-pad-us-fee-managers:62016","name":"Hardware River Wildlife Management Area","kind":"land","category":"public-land","sourceCategory":"public-land","sourceId":"usgs-pad-us-fee-managers","sourceUrl":"https://services.arcgis.com/v01gqwM5QqNysAAi/arcgis/rest/services/Fee_Managers_PADUS/FeatureServer/0","sourceUpdated":"2016-02-05T05:00:00.000Z","publicUse":"PAD-US reports open access; verify current manager conditions and restrictions.","unit":"UNK","origin":"public-catalog"}},{"type":"Feature","id":"usgs-pad-us-fee-managers:62017","geometry":{"type":"Polygon","coordinates":[[[-78.4438,37.7535],[-78.4452,37.7543],[-78.4476,37.7566],[-78.452,37.7587],[-78.4494,37.7599],[-78.4482,37.7612],[-78.4477,37.7621],[-78.4416,37.7608],[-78.4404,37.76],[-78.4382,37.7592],[-78.4403,37.7564],[-78.4411,37.756],[-78.442,37.7546],[-78.4438,37.7535]]]},"properties":{"id":"usgs-pad-us-fee-managers:62017","name":"Hardware River Wildlife Management Area","kind":"land","category":"public-land","sourceCategory":"public-land","sourceId":"usgs-pad-us-fee-managers","sourceUrl":"https://services.arcgis.com/v01gqwM5QqNysAAi/arcgis/rest/services/Fee_Managers_PADUS/FeatureServer/0","sourceUpdated":"2016-02-05T05:00:00.000Z","publicUse":"PAD-US reports open access; verify current manager conditions and restrictions.","unit":"UNK","origin":"public-catalog"}},{"type":"Feature","id":"usgs-pad-us-fee-managers:62018","geometry":{"type":"Polygon","coordinates":[[[-80.1222,37.3184],[-80.1087,37.3084],[-80.1129,37.3063],[-80.1159,37.3096],[-80.1202,37.3077],[-80.127,37.3158],[-80.1222,37.3184]]]},"properties":{"id":"usgs-pad-us-fee-managers:62018","name":"Havens Wildlife Management Area","kind":"land","category":"public-land","sourceCategory":"public-land","sourceId":"usgs-pad-us-fee-managers","sourceUrl":"https://services.arcgis.com/v01gqwM5QqNysAAi/arcgis/rest/services/Fee_Managers_PADUS/FeatureServer/0","sourceUpdated":"2016-06-06T04:00:00.000Z","publicUse":"PAD-US reports open access; verify current manager conditions and restrictions.","unit":"UNK","origin":"public-catalog"}},{"type":"Feature","id":"usgs-pad-us-fee-managers:62019","geometry":{"type":"Polygon","coordinates":[[[-80.1784,37.3169],[-80.1861,37.3137],[-80.1878,37.3175],[-80.1894,37.3169],[-80.1887,37.3168],[-80.1881,37.316],[-80.1902,37.3149],[-80.1909,37.3164],[-80.1915,37.3162],[-80.1919,37.3172],[-80.1847,37.3199],[-80.1817,37.3207],[-80.1802,37.3209],[-80.1784,37.3169]]]},"properties":{"id":"usgs-pad-us-fee-managers:62019","name":"Havens Wildlife Management Area","kind":"land","category":"public-land","sourceCategory":"public-land","sourceId":"usgs-pad-us-fee-managers","sourceUrl":"https://services.arcgis.com/v01gqwM5QqNysAAi/arcgis/rest/services/Fee_Managers_PADUS/FeatureServer/0","sourceUpdated":"2019-05-13T04:00:00.000Z","publicUse":"PAD-US reports open access; verify current manager conditions and restrictions.","unit":"UNK","origin":"public-catalog"}},{"type":"Feature","id":"usgs-pad-us-fee-managers:62020","geometry":{"type":"MultiPolygon","coordinates":[[[[-80.1705,37.3195],[-80.1704,37.319],[-80.169,37.3196],[-80.1615,37.3089],[-80.1622,37.3086],[-80.1618,37.3081],[-80.1631,37.3078],[-80.164,37.308],[-80.1642,37.3084],[-80.1648,37.3077],[-80.1655,37.3078],[-80.1676,37.307],[-80.1705,37.3057],[-80.1708,37.3054],[-80.1714,37.3038],[-80.1725,37.3027],[-80.1733,37.3022],[-80.174,37.302],[-80.1769,37.3027],[-80.1782,37.3027],[-80.1797,37.3022],[-80.1816,37.301],[-80.1819,37.3003],[-80.1828,37.2994],[-80.1841,37.2994],[-80.186,37.2988],[-80.1864,37.2983],[-80.1866,37.2974],[-80.1871,37.2971],[-80.188,37.2962],[-80.1888,37.294],[-80.1893,37.2935],[-80.1896,37.2924],[-80.1892,37.2917],[-80.1892,37.2913],[-80.1896,37.2907],[-80.1911,37.2897],[-80.1919,37.2889],[-80.1931,37.287],[-80.1929,37.2863],[-80.1939,37.2867],[-80.194,37.2876],[-80.1943,37.288],[-80.1968,37.2883],[-80.1976,37.289],[-80.1974,37.288],[-80.1979,37.2875],[-80.2045,37.3041],[-80.2038,37.312],[-80.2028,37.3124],[-80.2026,37.3119],[-80.2005,37.3127],[-80.2011,37.3138],[-80.2002,37.3141],[-80.1996,37.3131],[-80.1984,37.3136],[-80.196,37.3102],[-80.1956,37.3108],[-80.1955,37.3118],[-80.1946,37.3121],[-80.1958,37.3135],[-80.1967,37.315],[-80.194,37.3166],[-80.1935,37.3154],[-80.1923,37.3156],[-80.1911,37.3133],[-80.1911,37.313],[-80.1909,37.3127],[-80.1923,37.3123],[-80.192,37.3119],[-80.1906,37.3123],[-80.1901,37.3115],[-80.1915,37.3111],[-80.1913,37.3109],[-80.1898,37.3113],[-80.1907,37.3128],[-80.1881,37.3136],[-80.189,37.3155],[-80.1884,37.3157],[-80.1877,37.3145],[-80.1867,37.315],[-80.1861,37.3137],[-80.1715,37.3198],[-80.1723,37.3231],[-80.1728,37.324],[-80.1725,37.3242],[-80.1707,37.3218],[-80.1705,37.3195]]],[[[-80.1725,37.3243],[-80.1729,37.3241],[-80.1736,37.3249],[-80.173,37.3249],[-80.1725,37.3243]]]]},"properties":{"id":"usgs-pad-us-fee-managers:62020","name":"Havens Wildlife Management Area","kind":"land","category":"public-land","sourceCategory":"public-land","sourceId":"usgs-pad-us-fee-managers","sourceUrl":"https://services.arcgis.com/v01gqwM5QqNysAAi/arcgis/rest/services/Fee_Managers_PADUS/FeatureServer/0","sourceUpdated":"2020-01-29T05:00:00.000Z","publicUse":"PAD-US reports open access; verify current manager conditions and restrictions.","unit":"UNK","origin":"public-catalog"}},{"type":"Feature","id":"usgs-pad-us-fee-managers:62021","geometry":{"type":"Polygon","coordinates":[[[-82.0297,36.8655],[-82.0221,36.859],[-82.019,36.8552],[-82.0209,36.8496],[-82.0235,36.8449],[-82.0233,36.8438],[-82.0218,36.843],[-82.0223,36.8425],[-82.0205,36.8417],[-82.0199,36.8417],[-82.0181,36.8411],[-82.0165,36.8413],[-82.0158,36.8416],[-82.0151,36.8415],[-82.0141,36.8411],[-82.0134,36.8403],[-82.0124,36.84],[-82.0093,36.8402],[-82.0074,36.839],[-82.0034,36.8381],[-82.0009,36.8371],[-81.997,36.835],[-81.9944,36.8326],[-81.9932,36.831],[-81.9933,36.8305],[-81.992,36.8299],[-81.9896,36.8292],[-81.9892,36.8283],[-81.9884,36.8276],[-82.0145,36.8208],[-82.0158,36.8204],[-82.0166,36.8198],[-82.0197,36.8196],[-82.0216,36.8229],[-82.0204,36.8277],[-82.0225,36.8314],[-82.0252,36.8336],[-82.0257,36.8338],[-82.0267,36.8336],[-82.0272,36.8343],[-82.0292,36.8354],[-82.0298,36.8355],[-82.0308,36.835],[-82.0308,36.8345],[-82.032,36.8334],[-82.0323,36.8335],[-82.0331,36.836],[-82.0345,36.8374],[-82.0351,36.8377],[-82.0429,36.8375],[-82.0429,36.8371],[-82.046,36.8363],[-82.0475,36.8349],[-82.0485,36.8335],[-82.0488,36.8324],[-82.0479,36.8314],[-82.0479,36.8309],[-82.0498,36.8302],[-82.0517,36.8299],[-82.0532,36.8284],[-82.0541,36.829],[-82.0549,36.829],[-82.056,36.8295],[-82.0577,36.8306],[-82.0591,36.8309],[-82.0615,36.829],[-82.0629,36.8273],[-82.0675,36.8232],[-82.0741,36.8218],[-82.0743,36.8191],[-82.0761,36.8186],[-82.0781,36.8168],[-82.0787,36.8172],[-82.0788,36.8178],[-82.0785,36.8183],[-82.0802,36.8204],[-82.0798,36.8212],[-82.0802,36.8214],[-82.0807,36.822],[-82.08,36.8223],[-82.0807,36.8281],[-82.0806,36.8288],[-82.0815,36.8304],[-82.083,36.8312],[-82.0833,36.832],[-82.0838,36.8327],[-82.0837,36.8342],[-82.085,36.8353],[-82.0866,36.8354],[-82.088,36.8352],[-82.0886,36.8349],[-82.0886,36.8363],[-82.09,36.8353],[-82.091,36.8331],[-82.0931,36.8336],[-82.0939,36.8332],[-82.0946,36.8332],[-82.0965,36.8333],[-82.0992,36.8344],[-82.1014,36.8361],[-82.1025,36.8364],[-82.1046,36.8365],[-82.1025,36.8376],[-82.1013,36.8378],[-82.1011,36.8394],[-82.1004,36.8406],[-82.0988,36.8423],[-82.0963,36.8434],[-82.0954,36.8449],[-82.0945,36.8451],[-82.0918,36.8465],[-82.0903,36.8481],[-82.0891,36.8488],[-82.0881,36.849],[-82.0873,36.8498],[-82.0864,36.85],[-82.0856,36.851],[-82.0841,36.8511],[-82.0836,36.8519],[-82.0832,36.8521],[-82.0818,36.8518],[-82.0812,36.8519],[-82.0804,36.8527],[-82.0802,36.8533],[-82.0782,36.8548],[-82.0764,36.855],[-82.0755,36.8557],[-82.0747,36.856],[-82.0722,36.8558],[-82.07,36.857],[-82.0669,36.8568],[-82.0657,36.8577],[-82.0639,36.8583],[-82.0608,36.8582],[-82.0588,36.8594],[-82.0572,36.8592],[-82.0519,36.8612],[-82.0511,36.8619],[-82.0493,36.862],[-82.0484,36.8618],[-82.0475,36.8624],[-82.0453,36.8624],[-82.0424,36.8636],[-82.0419,36.8646],[-82.0406,36.8647],[-82.0378,36.8656],[-82.0361,36.8655],[-82.0344,36.8665],[-82.0326,36.8667],[-82.0317,36.8673],[-82.0297,36.8655]]]},"properties":{"id":"usgs-pad-us-fee-managers:62021","name":"Hidden Valley Wildlife Management Area","kind":"land","category":"public-land","sourceCategory":"public-land","sourceId":"usgs-pad-us-fee-managers","sourceUrl":"https://services.arcgis.com/v01gqwM5QqNysAAi/arcgis/rest/services/Fee_Managers_PADUS/FeatureServer/0","sourceUpdated":"2016-02-05T05:00:00.000Z","publicUse":"PAD-US reports open access; verify current manager conditions and restrictions.","unit":"UNK","origin":"public-catalog"}},{"type":"Feature","id":"usgs-pad-us-fee-managers:62022","geometry":{"type":"MultiPolygon","coordinates":[[[[-79.5197,38.2601],[-79.5208,38.2594],[-79.5218,38.2602],[-79.5242,38.2589],[-79.5231,38.2539],[-79.5246,38.2501],[-79.5261,38.247],[-79.5315,38.2424],[-79.53,38.2404],[-79.5242,38.2432],[-79.5208,38.2433],[-79.5199,38.2441],[-79.5184,38.2441],[-79.5169,38.2436],[-79.5286,38.2323],[-79.5314,38.2332],[-79.5345,38.2317],[-79.5331,38.2285],[-79.5357,38.2265],[-79.5366,38.2266],[-79.537,38.2263],[-79.5372,38.2259],[-79.5367,38.2253],[-79.546,38.2171],[-79.5482,38.2145],[-79.5492,38.2137],[-79.5511,38.213],[-79.5518,38.2116],[-79.554,38.2092],[-79.5553,38.2083],[-79.5563,38.2071],[-79.5587,38.2054],[-79.5605,38.2048],[-79.5619,38.2049],[-79.5621,38.2048],[-79.5621,38.2041],[-79.5631,38.2025],[-79.5633,38.2018],[-79.5687,38.1974],[-79.5719,38.2008],[-79.5732,38.2008],[-79.5749,38.202],[-79.577,38.2028],[-79.5794,38.2049],[-79.5836,38.2061],[-79.5845,38.2066],[-79.5852,38.2079],[-79.5853,38.2087],[-79.5843,38.2097],[-79.5832,38.2101],[-79.5828,38.2107],[-79.5826,38.2114],[-79.5832,38.2127],[-79.585,38.2139],[-79.5862,38.2144],[-79.5872,38.2142],[-79.5877,38.2134],[-79.5916,38.2113],[-79.5926,38.2066],[-79.6126,38.2058],[-79.6121,38.2084],[-79.6094,38.2077],[-79.6043,38.2103],[-79.6021,38.2109],[-79.5989,38.2172],[-79.5945,38.2156],[-79.5937,38.2171],[-79.5919,38.2172],[-79.5885,38.2259],[-79.5858,38.2244],[-79.5844,38.2244],[-79.5833,38.2251],[-79.5816,38.2269],[-79.5795,38.2274],[-79.5784,38.2283],[-79.573,38.2263],[-79.5675,38.2298],[-79.564,38.2326],[-79.5603,38.2364],[-79.5693,38.2403],[-79.5678,38.2413],[-79.5694,38.2423],[-79.564,38.2456],[-79.5634,38.2455],[-79.562,38.2466],[-79.5616,38.2476],[-79.5564,38.2522],[-79.5551,38.2521],[-79.5536,38.248],[-79.5398,38.2566],[-79.5386,38.2521],[-79.5362,38.2543],[-79.5326,38.2562],[-79.5292,38.2617],[-79.5311,38.2625],[-79.5279,38.265],[-79.5248,38.265],[-79.5237,38.263],[-79.5243,38.262],[-79.5204,38.2608],[-79.5197,38.2601]]],[[[-79.5603,38.3715],[-79.5681,38.3508],[-79.5661,38.349],[-79.566,38.3472],[-79.5614,38.3453],[-79.5608,38.3462],[-79.5539,38.3328],[-79.5433,38.3417],[-79.5416,38.3406],[-79.5459,38.3358],[-79.5527,38.327],[-79.5516,38.3247],[-79.5507,38.3242],[-79.5471,38.3242],[-79.5451,38.324],[-79.5442,38.3242],[-79.5414,38.3242],[-79.5407,38.3241],[-79.5407,38.3237],[-79.5417,38.3236],[-79.5419,38.3232],[-79.5427,38.3195],[-79.5427,38.3171],[-79.5435,38.3127],[-79.5467,38.3133],[-79.5512,38.3082],[-79.554,38.3074],[-79.5546,38.3058],[-79.5546,38.3022],[-79.55,38.297],[-79.552,38.2831],[-79.5604,38.2829],[-79.5617,38.2921],[-79.5556,38.2952],[-79.5554,38.3016],[-79.5592,38.3004],[-79.5666,38.2949],[-79.5697,38.2961],[-79.5688,38.2974],[-79.5709,38.2989],[-79.5716,38.3015],[-79.5733,38.303],[-79.5736,38.3027],[-79.5767,38.2973],[-79.5773,38.2979],[-79.5848,38.2867],[-79.5903,38.284],[-79.5881,38.2811],[-79.5907,38.2791],[-79.5964,38.2791],[-79.6031,38.2709],[-79.6107,38.2751],[-79.608,38.2804],[-79.6067,38.2806],[-79.606,38.2816],[-79.6056,38.2834],[-79.6044,38.2843],[-79.6039,38.2862],[-79.6043,38.2867],[-79.6042,38.2884],[-79.6014,38.2923],[-79.6004,38.2953],[-79.5982,38.2985],[-79.598,38.2995],[-79.5963,38.3027],[-79.5948,38.3045],[-79.5932,38.3055],[-79.5901,38.3113],[-79.5882,38.3129],[-79.5846,38.3187],[-79.5836,38.3282],[-79.5923,38.3416],[-79.6031,38.3405],[-79.6086,38.3383],[-79.6125,38.3364],[-79.6126,38.3361],[-79.614,38.3362],[-79.6148,38.3388],[-79.6104,38.3471],[-79.6097,38.3471],[-79.6069,38.3515],[-79.6055,38.3511],[-79.6052,38.3573],[-79.5992,38.3578],[-79.5942,38.3588],[-79.5907,38.3586],[-79.5866,38.3659],[-79.5825,38.3647],[-79.5798,38.3703],[-79.5788,38.3748],[-79.5603,38.3715]]],[[[-79.5771,38.3589],[-79.5764,38.3589],[-79.5764,38.359],[-79.5771,38.3589]]],[[[-79.5762,38.3583],[-79.5762,38.3585],[-79.5763,38.3586],[-79.5762,38.3583]]],[[[-79.5768,38.358],[-79.5769,38.3583],[-79.5768,38.3579],[-79.5768,38.358]]],[[[-79.576,38.3578],[-79.576,38.3566],[-79.5762,38.3564],[-79.576,38.3566],[-79.576,38.3578]]],[[[-79.5767,38.3565],[-79.5767,38.3565],[-79.5767,38.3565],[-79.5767,38.3565]]],[[[-79.5767,38.3576],[-79.5767,38.3577],[-79.5766,38.3574],[-79.5767,38.3576]]],[[[-79.5106,38.3673],[-79.511,38.3627],[-79.5135,38.3618],[-79.5163,38.3583],[-79.5191,38.3593],[-79.5294,38.3454],[-79.532,38.3454],[-79.5335,38.3458],[-79.5345,38.3451],[-79.5359,38.3468],[-79.5346,38.3475],[-79.536,38.35],[-79.5362,38.351],[-79.5347,38.3529],[-79.5215,38.3651],[-79.5177,38.3668],[-79.5151,38.3661],[-79.5106,38.3673]]]]},"properties":{"id":"usgs-pad-us-fee-managers:62022","name":"Highland Wildlife Management Area","kind":"land","category":"public-land","sourceCategory":"public-land","sourceId":"usgs-pad-us-fee-managers","sourceUrl":"https://services.arcgis.com/v01gqwM5QqNysAAi/arcgis/rest/services/Fee_Managers_PADUS/FeatureServer/0","sourceUpdated":"2019-01-03T05:00:00.000Z","publicUse":"PAD-US reports open access; verify current manager conditions and restrictions.","unit":"UNK","origin":"public-catalog"}},{"type":"Feature","id":"usgs-pad-us-fee-managers:62023","geometry":{"type":"MultiPolygon","coordinates":[[[[-79.5985,38.2323],[-79.5976,38.233],[-79.5973,38.2328],[-79.5985,38.2323]]],[[[-79.5926,38.2327],[-79.5941,38.2314],[-79.5932,38.2308],[-79.5945,38.2298],[-79.5885,38.2259],[-79.5919,38.2172],[-79.5971,38.22],[-79.5937,38.2239],[-79.5955,38.225],[-79.5988,38.2237],[-79.598,38.2266],[-79.5952,38.2302],[-79.5984,38.2323],[-79.5972,38.2327],[-79.5966,38.2322],[-79.5952,38.2336],[-79.5956,38.2339],[-79.5949,38.2343],[-79.5926,38.2327]]]]},"properties":{"id":"usgs-pad-us-fee-managers:62023","name":"Highland Wildlife Management Area","kind":"land","category":"public-land","sourceCategory":"public-land","sourceId":"usgs-pad-us-fee-managers","sourceUrl":"https://services.arcgis.com/v01gqwM5QqNysAAi/arcgis/rest/services/Fee_Managers_PADUS/FeatureServer/0","sourceUpdated":"2019-01-03T05:00:00.000Z","publicUse":"PAD-US reports open access; verify current manager conditions and restrictions.","unit":"UNK","origin":"public-catalog"}},{"type":"Feature","id":"usgs-pad-us-fee-managers:62024","geometry":{"type":"Polygon","coordinates":[[[-76.6688,37.1675],[-76.668,37.1662],[-76.6694,37.1638],[-76.671,37.1592],[-76.6713,37.1589],[-76.6711,37.1575],[-76.6721,37.1584],[-76.6724,37.1596],[-76.6741,37.1624],[-76.6747,37.163],[-76.6793,37.1664],[-76.6812,37.1676],[-76.6831,37.1682],[-76.6845,37.1684],[-76.6889,37.1696],[-76.6914,37.171],[-76.6958,37.1714],[-76.6976,37.1713],[-76.6999,37.1724],[-76.6988,37.1728],[-76.6972,37.1741],[-76.6968,37.1746],[-76.6967,37.1757],[-76.6963,37.1757],[-76.696,37.1759],[-76.6947,37.1809],[-76.6949,37.1817],[-76.6944,37.1837],[-76.6945,37.1844],[-76.694,37.1851],[-76.693,37.1859],[-76.6924,37.1882],[-76.692,37.1946],[-76.6908,37.1957],[-76.6897,37.196],[-76.6893,37.1966],[-76.6877,37.1973],[-76.687,37.1978],[-76.6862,37.1979],[-76.6856,37.1972],[-76.6831,37.1956],[-76.6817,37.1929],[-76.6809,37.1926],[-76.6803,37.1913],[-76.6788,37.1898],[-76.6766,37.188],[-76.6718,37.1852],[-76.6699,37.1838],[-76.6689,37.1821],[-76.6691,37.1814],[-76.6689,37.181],[-76.6674,37.1793],[-76.6655,37.1761],[-76.6639,37.1744],[-76.6634,37.1728],[-76.6636,37.172],[-76.6641,37.1712],[-76.6687,37.169],[-76.669,37.1681],[-76.6688,37.1675]]]},"properties":{"id":"usgs-pad-us-fee-managers:62024","name":"Hog Island Wildlife Management Area","kind":"land","category":"public-land","sourceCategory":"public-land","sourceId":"usgs-pad-us-fee-managers","sourceUrl":"https://services.arcgis.com/v01gqwM5QqNysAAi/arcgis/rest/services/Fee_Managers_PADUS/FeatureServer/0","sourceUpdated":"2009-09-14T04:00:00.000Z","publicUse":"PAD-US reports open access; verify current manager conditions and restrictions.","unit":"UNK","origin":"public-catalog"}},{"type":"Feature","id":"usgs-pad-us-fee-managers:62025","geometry":{"type":"Polygon","coordinates":[[[-76.6722,37.146],[-76.6722,37.1454],[-76.6713,37.1449],[-76.671,37.1439],[-76.6713,37.1433],[-76.6724,37.143],[-76.6731,37.1425],[-76.6753,37.1398],[-76.676,37.1384],[-76.6761,37.1372],[-76.6879,37.1387],[-76.6905,37.1362],[-76.696,37.1361],[-76.6967,37.1423],[-76.6996,37.1427],[-76.6987,37.1451],[-76.6992,37.1478],[-76.6963,37.1471],[-76.6964,37.1466],[-76.6962,37.1466],[-76.6957,37.1502],[-76.6918,37.1494],[-76.6886,37.1473],[-76.6862,37.1476],[-76.6831,37.1474],[-76.6814,37.1478],[-76.6804,37.1474],[-76.6779,37.1483],[-76.6774,37.148],[-76.6772,37.1466],[-76.6759,37.1464],[-76.6749,37.1468],[-76.6739,37.1479],[-76.6724,37.1479],[-76.6716,37.1473],[-76.6726,37.1463],[-76.6722,37.146]]]},"properties":{"id":"usgs-pad-us-fee-managers:62025","name":"Hog Island Wildlife Management Area","kind":"land","category":"public-land","sourceCategory":"public-land","sourceId":"usgs-pad-us-fee-managers","sourceUrl":"https://services.arcgis.com/v01gqwM5QqNysAAi/arcgis/rest/services/Fee_Managers_PADUS/FeatureServer/0","sourceUpdated":"2016-02-05T05:00:00.000Z","publicUse":"PAD-US reports open access; verify current manager conditions and restrictions.","unit":"UNK","origin":"public-catalog"}},{"type":"Feature","id":"usgs-pad-us-fee-managers:62026","geometry":{"type":"Polygon","coordinates":[[[-76.6706,37.1407],[-76.669,37.1406],[-76.6681,37.1402],[-76.6673,37.1404],[-76.6661,37.1372],[-76.6673,37.1366],[-76.6753,37.1359],[-76.6757,37.1366],[-76.6759,37.1376],[-76.6751,37.1396],[-76.6742,37.1406],[-76.6719,37.1413],[-76.6706,37.1407]]]},"properties":{"id":"usgs-pad-us-fee-managers:62026","name":"Hog Island Wildlife Management Area","kind":"land","category":"public-land","sourceCategory":"public-land","sourceId":"usgs-pad-us-fee-managers","sourceUrl":"https://services.arcgis.com/v01gqwM5QqNysAAi/arcgis/rest/services/Fee_Managers_PADUS/FeatureServer/0","sourceUpdated":"2016-02-05T05:00:00.000Z","publicUse":"PAD-US reports open access; verify current manager conditions and restrictions.","unit":"UNK","origin":"public-catalog"}},{"type":"Feature","id":"usgs-pad-us-fee-managers:62027","geometry":{"type":"Polygon","coordinates":[[[-78.5523,37.5272],[-78.5505,37.5242],[-78.549,37.5226],[-78.5489,37.5221],[-78.5498,37.5218],[-78.5521,37.5189],[-78.554,37.5181],[-78.5554,37.5206],[-78.5554,37.5217],[-78.556,37.5227],[-78.5586,37.5233],[-78.5581,37.5238],[-78.5569,37.5232],[-78.5547,37.5251],[-78.5559,37.5258],[-78.5548,37.5268],[-78.5535,37.5262],[-78.5523,37.5272]]]},"properties":{"id":"usgs-pad-us-fee-managers:62027","name":"Horsepen Lake Wildlife Management Area","kind":"land","category":"public-land","sourceCategory":"public-land","sourceId":"usgs-pad-us-fee-managers","sourceUrl":"https://services.arcgis.com/v01gqwM5QqNysAAi/arcgis/rest/services/Fee_Managers_PADUS/FeatureServer/0","sourceUpdated":"2016-02-05T05:00:00.000Z","publicUse":"PAD-US reports open access; verify current manager conditions and restrictions.","unit":"UNK","origin":"public-catalog"}},{"type":"Feature","id":"usgs-pad-us-fee-managers:62028","geometry":{"type":"Polygon","coordinates":[[[-78.5404,37.5271],[-78.5382,37.5243],[-78.5358,37.5242],[-78.5345,37.523],[-78.5325,37.5222],[-78.5328,37.5219],[-78.5344,37.522],[-78.5345,37.5224],[-78.5356,37.523],[-78.5353,37.5215],[-78.5314,37.517],[-78.5301,37.5142],[-78.5293,37.5134],[-78.5325,37.5117],[-78.5389,37.5107],[-78.5367,37.5094],[-78.5325,37.5034],[-78.5352,37.4972],[-78.536,37.4938],[-78.5377,37.4903],[-78.5392,37.4908],[-78.5409,37.4926],[-78.5468,37.4945],[-78.5512,37.4856],[-78.5576,37.4865],[-78.5568,37.4881],[-78.5716,37.4915],[-78.5726,37.4929],[-78.5727,37.4955],[-78.5716,37.4978],[-78.5762,37.4996],[-78.5767,37.5023],[-78.5771,37.5029],[-78.5771,37.5048],[-78.5799,37.5074],[-78.5779,37.5093],[-78.5791,37.51],[-78.576,37.5106],[-78.5768,37.5125],[-78.5761,37.5128],[-78.5756,37.5134],[-78.5741,37.5124],[-78.5727,37.5132],[-78.5719,37.5126],[-78.5733,37.5114],[-78.5729,37.5105],[-78.5754,37.5089],[-78.5728,37.5076],[-78.5698,37.5087],[-78.5649,37.5079],[-78.5645,37.509],[-78.5647,37.5101],[-78.569,37.5128],[-78.5702,37.5143],[-78.5709,37.5162],[-78.5704,37.5186],[-78.5738,37.5184],[-78.5747,37.519],[-78.5755,37.52],[-78.5786,37.5212],[-78.5796,37.5212],[-78.583,37.5243],[-78.5807,37.5263],[-78.5684,37.5285],[-78.5696,37.5259],[-78.5692,37.5247],[-78.5645,37.5255],[-78.5695,37.5235],[-78.5696,37.5214],[-78.5677,37.5217],[-78.5666,37.5221],[-78.5655,37.522],[-78.5638,37.5235],[-78.5619,37.5241],[-78.561,37.5236],[-78.5598,37.5211],[-78.559,37.5181],[-78.5599,37.5171],[-78.5596,37.5141],[-78.5568,37.5134],[-78.5558,37.5139],[-78.552,37.5145],[-78.5515,37.5133],[-78.5519,37.5121],[-78.5516,37.5117],[-78.552,37.5105],[-78.5515,37.5103],[-78.5514,37.5095],[-78.5505,37.5084],[-78.5544,37.5026],[-78.5492,37.4996],[-78.5481,37.4996],[-78.547,37.5009],[-78.5449,37.5003],[-78.5431,37.5002],[-78.5417,37.5013],[-78.541,37.503],[-78.5432,37.5034],[-78.545,37.5047],[-78.5459,37.5045],[-78.5483,37.5051],[-78.5481,37.5058],[-78.5489,37.5061],[-78.5491,37.5065],[-78.5479,37.5073],[-78.5458,37.5103],[-78.5507,37.5154],[-78.5496,37.516],[-78.5491,37.516],[-78.5473,37.5151],[-78.545,37.5176],[-78.5451,37.52],[-78.5462,37.5228],[-78.5469,37.5216],[-78.5487,37.5223],[-78.5466,37.5249],[-78.5443,37.5252],[-78.5441,37.5269],[-78.5427,37.531],[-78.5403,37.5316],[-78.5404,37.5271]],[[-78.5642,37.5058],[-78.5648,37.5066],[-78.5656,37.5059],[-78.567,37.505],[-78.5696,37.5028],[-78.5731,37.5012],[-78.5715,37.5004],[-78.57,37.5012],[-78.5684,37.5003],[-78.5643,37.5048],[-78.5642,37.5058]],[[-78.5611,37.5138],[-78.565,37.5146],[-78.5653,37.5138],[-78.5636,37.5133],[-78.5628,37.5115],[-78.5609,37.5125],[-78.5611,37.5138]]]},"properties":{"id":"usgs-pad-us-fee-managers:62028","name":"Horsepen Lake Wildlife Management Area","kind":"land","category":"public-land","sourceCategory":"public-land","sourceId":"usgs-pad-us-fee-managers","sourceUrl":"https://services.arcgis.com/v01gqwM5QqNysAAi/arcgis/rest/services/Fee_Managers_PADUS/FeatureServer/0","sourceUpdated":"2016-02-05T05:00:00.000Z","publicUse":"PAD-US reports open access; verify current manager conditions and restrictions.","unit":"UNK","origin":"public-catalog"}},{"type":"Feature","id":"usgs-pad-us-fee-managers:62029","geometry":{"type":"Polygon","coordinates":[[[-78.72,37.6695],[-78.7218,37.6658],[-78.7235,37.6665],[-78.7244,37.6673],[-78.7246,37.667],[-78.725,37.6672],[-78.726,37.667],[-78.726,37.6663],[-78.7272,37.6649],[-78.7239,37.663],[-78.7227,37.6634],[-78.7224,37.6589],[-78.7243,37.6593],[-78.727,37.6586],[-78.7277,37.6589],[-78.7282,37.6587],[-78.7309,37.6589],[-78.7312,37.6587],[-78.7329,37.6587],[-78.7345,37.6574],[-78.7344,37.6561],[-78.7347,37.6561],[-78.735,37.6565],[-78.7357,37.6567],[-78.7371,37.6582],[-78.7379,37.6584],[-78.7388,37.6591],[-78.7411,37.6602],[-78.7445,37.6628],[-78.7448,37.6641],[-78.7437,37.6643],[-78.7446,37.6666],[-78.7431,37.6679],[-78.7405,37.6691],[-78.7403,37.6688],[-78.7391,37.6694],[-78.7383,37.6694],[-78.7385,37.6699],[-78.7369,37.6703],[-78.7366,37.6698],[-78.7353,37.6707],[-78.7336,37.6715],[-78.7327,37.6712],[-78.7317,37.6706],[-78.7311,37.6697],[-78.7295,37.6698],[-78.7288,37.6691],[-78.7276,37.6689],[-78.727,37.6693],[-78.7304,37.6708],[-78.7316,37.6719],[-78.7325,37.6732],[-78.7333,37.675],[-78.7338,37.6771],[-78.7351,37.6785],[-78.7307,37.6806],[-78.7303,37.6819],[-78.7379,37.6873],[-78.7378,37.6894],[-78.7374,37.6896],[-78.7148,37.6738],[-78.719,37.6707],[-78.72,37.6695]]]},"properties":{"id":"usgs-pad-us-fee-managers:62029","name":"James River Wildlife Management Area","kind":"land","category":"public-land","sourceCategory":"public-land","sourceId":"usgs-pad-us-fee-managers","sourceUrl":"https://services.arcgis.com/v01gqwM5QqNysAAi/arcgis/rest/services/Fee_Managers_PADUS/FeatureServer/0","sourceUpdated":"2016-02-05T05:00:00.000Z","publicUse":"PAD-US reports open access; verify current manager conditions and restrictions.","unit":"UNK","origin":"public-catalog"}},{"type":"Feature","id":"usgs-pad-us-fee-managers:62030","geometry":{"type":"Polygon","coordinates":[[[-78.7182,37.6646],[-78.7196,37.6621],[-78.7197,37.6612],[-78.7206,37.6599],[-78.7208,37.6585],[-78.72,37.6566],[-78.7206,37.6564],[-78.7214,37.6577],[-78.7219,37.6594],[-78.7222,37.6639],[-78.7211,37.6622],[-78.7215,37.6645],[-78.7219,37.665],[-78.7203,37.6685],[-78.7191,37.6702],[-78.7145,37.6736],[-78.7121,37.6719],[-78.7146,37.6694],[-78.7182,37.6646]]]},"properties":{"id":"usgs-pad-us-fee-managers:62030","name":"James River Wildlife Management Area","kind":"land","category":"public-land","sourceCategory":"public-land","sourceId":"usgs-pad-us-fee-managers","sourceUrl":"https://services.arcgis.com/v01gqwM5QqNysAAi/arcgis/rest/services/Fee_Managers_PADUS/FeatureServer/0","sourceUpdated":"2017-11-06T05:00:00.000Z","publicUse":"PAD-US reports open access; verify current manager conditions and restrictions.","unit":"UNK","origin":"public-catalog"}},{"type":"Feature","id":"usgs-pad-us-fee-managers:62031","geometry":{"type":"Polygon","coordinates":[[[-78.8454,37.6441],[-78.8442,37.6437],[-78.8421,37.6427],[-78.8389,37.643],[-78.8377,37.6423],[-78.8365,37.6395],[-78.8381,37.6366],[-78.836,37.6346],[-78.8355,37.6336],[-78.8339,37.6328],[-78.8353,37.632],[-78.8337,37.6277],[-78.8329,37.6265],[-78.846,37.6226],[-78.8489,37.629],[-78.85,37.6288],[-78.8508,37.6283],[-78.8537,37.625],[-78.8541,37.6239],[-78.8537,37.6227],[-78.8539,37.622],[-78.8545,37.6217],[-78.8574,37.6214],[-78.8581,37.621],[-78.8587,37.6189],[-78.8597,37.6175],[-78.8601,37.6173],[-78.8624,37.622],[-78.8622,37.6221],[-78.8608,37.6262],[-78.8609,37.6266],[-78.8616,37.627],[-78.8611,37.6274],[-78.8609,37.6282],[-78.8611,37.6301],[-78.8617,37.6317],[-78.8634,37.6336],[-78.8637,37.6343],[-78.8629,37.635],[-78.862,37.6353],[-78.8572,37.6331],[-78.8546,37.6333],[-78.8536,37.6341],[-78.8529,37.6374],[-78.853,37.639],[-78.8538,37.6408],[-78.8537,37.6413],[-78.8525,37.6426],[-78.8503,37.6439],[-78.8487,37.6442],[-78.8454,37.6441]]]},"properties":{"id":"usgs-pad-us-fee-managers:62031","name":"James River Wildlife Management Area","kind":"land","category":"public-land","sourceCategory":"public-land","sourceId":"usgs-pad-us-fee-managers","sourceUrl":"https://services.arcgis.com/v01gqwM5QqNysAAi/arcgis/rest/services/Fee_Managers_PADUS/FeatureServer/0","sourceUpdated":"2020-09-11T04:00:00.000Z","publicUse":"PAD-US reports restricted access; confirm permits and seasonal rules with the manager.","unit":"UNK","origin":"public-catalog"}},{"type":"Feature","id":"usgs-pad-us-fee-managers:62032","geometry":{"type":"Polygon","coordinates":[[[-77.2926,37.3277],[-77.2901,37.3257],[-77.2916,37.3246],[-77.2913,37.3241],[-77.2906,37.3237],[-77.2921,37.3229],[-77.2934,37.3232],[-77.2955,37.323],[-77.2986,37.3234],[-77.3001,37.3218],[-77.3005,37.3202],[-77.3011,37.3215],[-77.3023,37.3216],[-77.3023,37.3226],[-77.303,37.3233],[-77.3041,37.3233],[-77.3046,37.3227],[-77.3047,37.3231],[-77.3062,37.3236],[-77.3058,37.325],[-77.3052,37.3242],[-77.304,37.3241],[-77.3037,37.3242],[-77.3037,37.3244],[-77.3033,37.3243],[-77.303,37.3237],[-77.3029,37.324],[-77.3022,37.3238],[-77.3008,37.3225],[-77.3002,37.3225],[-77.2985,37.3236],[-77.2973,37.3251],[-77.2969,37.3257],[-77.2973,37.3261],[-77.2958,37.326],[-77.2949,37.3265],[-77.2948,37.3268],[-77.294,37.3273],[-77.2941,37.3276],[-77.2936,37.3272],[-77.2926,37.3277]]]},"properties":{"id":"usgs-pad-us-fee-managers:62032","name":"Johnson Marsh State Wildlife Management Area","kind":"land","category":"public-land","sourceCategory":"public-land","sourceId":"usgs-pad-us-fee-managers","sourceUrl":"https://services.arcgis.com/v01gqwM5QqNysAAi/arcgis/rest/services/Fee_Managers_PADUS/FeatureServer/0","sourceUpdated":"2016-02-05T05:00:00.000Z","publicUse":"PAD-US reports restricted access; confirm permits and seasonal rules with the manager.","unit":"UNK","origin":"public-catalog"}},{"type":"Feature","id":"usgs-pad-us-fee-managers:62033","geometry":{"type":"Polygon","coordinates":[[[-77.0651,37.3022],[-77.0629,37.3016],[-77.0628,37.301],[-77.0632,37.3005],[-77.0627,37.2998],[-77.0623,37.2997],[-77.0613,37.3],[-77.0605,37.2999],[-77.0598,37.3005],[-77.0565,37.3004],[-77.0543,37.2997],[-77.0513,37.2996],[-77.0516,37.2979],[-77.0498,37.2951],[-77.0516,37.2943],[-77.0547,37.2938],[-77.0556,37.2941],[-77.056,37.2947],[-77.0567,37.295],[-77.057,37.2957],[-77.0576,37.2958],[-77.059,37.2955],[-77.0631,37.2939],[-77.0643,37.2931],[-77.0651,37.2931],[-77.066,37.2937],[-77.066,37.2949],[-77.0664,37.2958],[-77.0668,37.296],[-77.0686,37.2958],[-77.0693,37.2963],[-77.0696,37.2991],[-77.0702,37.3001],[-77.0715,37.3015],[-77.0708,37.3028],[-77.0677,37.303],[-77.0651,37.3022]]]},"properties":{"id":"usgs-pad-us-fee-managers:62033","name":"Kittewan Wildlife Management Area","kind":"land","category":"public-land","sourceCategory":"public-land","sourceId":"usgs-pad-us-fee-managers","sourceUrl":"https://services.arcgis.com/v01gqwM5QqNysAAi/arcgis/rest/services/Fee_Managers_PADUS/FeatureServer/0","sourceUpdated":"2009-09-14T04:00:00.000Z","publicUse":"PAD-US reports open access; verify current manager conditions and restrictions.","unit":"UNK","origin":"public-catalog"}},{"type":"Feature","id":"usgs-pad-us-fee-managers:62034","geometry":{"type":"Polygon","coordinates":[[[-79.6118,37.8162],[-79.6118,37.8157],[-79.6131,37.8154],[-79.6142,37.8144],[-79.6136,37.8131],[-79.6124,37.8135],[-79.6122,37.813],[-79.6113,37.8124],[-79.6107,37.8132],[-79.6095,37.8138],[-79.609,37.8134],[-79.6085,37.811],[-79.6086,37.8107],[-79.6094,37.8108],[-79.6095,37.81],[-79.6084,37.8094],[-79.6082,37.8096],[-79.6063,37.8084],[-79.6072,37.8084],[-79.6079,37.8081],[-79.6081,37.807],[-79.6037,37.8059],[-79.6029,37.8072],[-79.6018,37.8066],[-79.6016,37.8058],[-79.6015,37.8052],[-79.602,37.8036],[-79.6014,37.8026],[-79.603,37.8023],[-79.6047,37.8],[-79.6046,37.799],[-79.6054,37.7988],[-79.6058,37.7991],[-79.6074,37.7973],[-79.6099,37.7978],[-79.6088,37.7996],[-79.6124,37.8015],[-79.6149,37.8],[-79.6154,37.8004],[-79.6151,37.8007],[-79.6156,37.8011],[-79.6159,37.8009],[-79.6167,37.8012],[-79.618,37.8029],[-79.616,37.8043],[-79.6209,37.8082],[-79.6225,37.8084],[-79.6253,37.8098],[-79.6177,37.8168],[-79.617,37.817],[-79.6163,37.8167],[-79.6123,37.8173],[-79.6118,37.8162]]]},"properties":{"id":"usgs-pad-us-fee-managers:62034","name":"Lake Robinson State Wildlife Management Area","kind":"land","category":"public-land","sourceCategory":"public-land","sourceId":"usgs-pad-us-fee-managers","sourceUrl":"https://services.arcgis.com/v01gqwM5QqNysAAi/arcgis/rest/services/Fee_Managers_PADUS/FeatureServer/0","sourceUpdated":"2010-10-29T04:00:00.000Z","publicUse":"PAD-US reports open access; verify current manager conditions and restrictions.","unit":"UNK","origin":"public-catalog"}},{"type":"Feature","id":"usgs-pad-us-fee-managers:62035","geometry":{"type":"Polygon","coordinates":[[[-77.1248,38.1972],[-77.1253,38.1963],[-77.127,38.197],[-77.1281,38.1971],[-77.1283,38.2027],[-77.1267,38.203],[-77.1236,38.1997],[-77.1248,38.1972]]]},"properties":{"id":"usgs-pad-us-fee-managers:62035","name":"Lands End Wildlife Management Area","kind":"land","category":"public-land","sourceCategory":"public-land","sourceId":"usgs-pad-us-fee-managers","sourceUrl":"https://services.arcgis.com/v01gqwM5QqNysAAi/arcgis/rest/services/Fee_Managers_PADUS/FeatureServer/0","sourceUpdated":"2010-10-29T04:00:00.000Z","publicUse":"PAD-US reports open access; verify current manager conditions and restrictions.","unit":"UNK","origin":"public-catalog"}},{"type":"Feature","id":"usgs-pad-us-fee-managers:62036","geometry":{"type":"Polygon","coordinates":[[[-77.1122,38.1735],[-77.1132,38.1648],[-77.1119,38.1644],[-77.1096,38.1642],[-77.1072,38.1647],[-77.1072,38.1638],[-77.1069,38.1634],[-77.105,38.1634],[-77.1046,38.163],[-77.1044,38.1623],[-77.1037,38.1619],[-77.1028,38.1623],[-77.1032,38.1635],[-77.1031,38.1638],[-77.1021,38.1638],[-77.1023,38.1631],[-77.1021,38.1627],[-77.1011,38.1628],[-77.1026,38.1619],[-77.1044,38.1598],[-77.106,38.1593],[-77.1073,38.159],[-77.1129,38.159],[-77.1151,38.1576],[-77.1164,38.1573],[-77.1189,38.1572],[-77.1189,38.1577],[-77.1176,38.1614],[-77.1175,38.1633],[-77.1179,38.1644],[-77.1189,38.1664],[-77.1194,38.1681],[-77.1205,38.1693],[-77.1197,38.1699],[-77.1184,38.1721],[-77.1187,38.1725],[-77.1243,38.1763],[-77.1243,38.1765],[-77.1211,38.1741],[-77.1183,38.1723],[-77.111,38.1842],[-77.1095,38.1756],[-77.1122,38.1735]]]},"properties":{"id":"usgs-pad-us-fee-managers:62036","name":"Lands End Wildlife Management Area","kind":"land","category":"public-land","sourceCategory":"public-land","sourceId":"usgs-pad-us-fee-managers","sourceUrl":"https://services.arcgis.com/v01gqwM5QqNysAAi/arcgis/rest/services/Fee_Managers_PADUS/FeatureServer/0","sourceUpdated":"2016-02-05T05:00:00.000Z","publicUse":"PAD-US reports open access; verify current manager conditions and restrictions.","unit":"UNK","origin":"public-catalog"}},{"type":"Feature","id":"usgs-pad-us-fee-managers:62037","geometry":{"type":"Polygon","coordinates":[[[-77.3806,37.9965],[-77.3799,37.9967],[-77.3792,37.9953],[-77.3782,37.9948],[-77.3778,37.9949],[-77.3768,37.9942],[-77.375,37.9942],[-77.3744,37.9946],[-77.3733,37.9937],[-77.3737,37.993],[-77.3734,37.9925],[-77.3734,37.9918],[-77.3741,37.9883],[-77.3739,37.9868],[-77.3743,37.986],[-77.3757,37.9853],[-77.3769,37.985],[-77.377,37.9846],[-77.3783,37.984],[-77.379,37.983],[-77.3809,37.9819],[-77.3814,37.9819],[-77.3818,37.9823],[-77.3836,37.9827],[-77.3844,37.9835],[-77.3847,37.9853],[-77.3853,37.9863],[-77.3874,37.986],[-77.3913,37.985],[-77.3929,37.9858],[-77.3946,37.9855],[-77.3958,37.9853],[-77.3957,37.982],[-77.397,37.9821],[-77.3968,37.9826],[-77.3991,37.9865],[-77.3998,37.9862],[-77.3992,37.9843],[-77.4005,37.9826],[-77.4017,37.9819],[-77.4037,37.9815],[-77.4073,37.9792],[-77.4038,37.9816],[-77.4016,37.9821],[-77.4006,37.9827],[-77.3993,37.9844],[-77.3999,37.9859],[-77.3998,37.9864],[-77.3945,37.9873],[-77.3949,37.9898],[-77.3878,37.9916],[-77.382,37.9923],[-77.3844,37.9975],[-77.385,37.9977],[-77.3845,37.9992],[-77.3828,37.9991],[-77.3827,37.9975],[-77.3814,37.9967],[-77.3806,37.9965]]]},"properties":{"id":"usgs-pad-us-fee-managers:62037","name":"Mattaponi Bluffs Wildlife Management Area","kind":"land","category":"public-land","sourceCategory":"public-land","sourceId":"usgs-pad-us-fee-managers","sourceUrl":"https://services.arcgis.com/v01gqwM5QqNysAAi/arcgis/rest/services/Fee_Managers_PADUS/FeatureServer/0","sourceUpdated":"2019-06-04T04:00:00.000Z","publicUse":"PAD-US reports open access; verify current manager conditions and restrictions.","unit":"UNK","origin":"public-catalog"}},{"type":"Feature","id":"usgs-pad-us-fee-managers:62038","geometry":{"type":"MultiPolygon","coordinates":[[[[-77.3895,38.0609],[-77.3904,38.061],[-77.3908,38.0606],[-77.3911,38.0609],[-77.3902,38.0613],[-77.3894,38.0611],[-77.3895,38.0609]]],[[[-77.3882,38.0616],[-77.3875,38.062],[-77.387,38.062],[-77.3873,38.0617],[-77.3882,38.0616]]],[[[-77.3931,38.0649],[-77.3936,38.0658],[-77.3936,38.0662],[-77.393,38.0654],[-77.3931,38.0649]]],[[[-77.3921,38.0702],[-77.3918,38.0702],[-77.3915,38.0699],[-77.392,38.0694],[-77.392,38.0688],[-77.3925,38.0693],[-77.3927,38.0698],[-77.3924,38.0706],[-77.3925,38.0711],[-77.392,38.071],[-77.3921,38.0702]]],[[[-77.3909,38.0749],[-77.3911,38.0753],[-77.3911,38.0758],[-77.3901,38.0761],[-77.39,38.0755],[-77.3907,38.0752],[-77.3909,38.0749]]],[[[-77.394,38.0788],[-77.389,38.0771],[-77.3885,38.0766],[-77.3889,38.076],[-77.3905,38.0765],[-77.3906,38.0762],[-77.3912,38.0759],[-77.3912,38.0751],[-77.3915,38.0748],[-77.3928,38.0747],[-77.3936,38.0742],[-77.3935,38.0738],[-77.3928,38.0735],[-77.3922,38.0724],[-77.3916,38.0723],[-77.3919,38.0713],[-77.3926,38.0711],[-77.3929,38.0707],[-77.3929,38.0695],[-77.3926,38.069],[-77.3919,38.0686],[-77.392,38.0681],[-77.3925,38.0675],[-77.3937,38.0674],[-77.3939,38.0671],[-77.3937,38.0656],[-77.3932,38.0647],[-77.3925,38.0641],[-77.393,38.0627],[-77.394,38.061],[-77.3935,38.0605],[-77.3922,38.0603],[-77.3911,38.0607],[-77.3906,38.0605],[-77.3904,38.0609],[-77.3898,38.0606],[-77.3881,38.0615],[-77.3872,38.0616],[-77.3869,38.0619],[-77.3862,38.0618],[-77.3874,38.0604],[-77.3892,38.0595],[-77.3931,38.0603],[-77.3945,38.0602],[-77.3969,38.0604],[-77.4019,38.0598],[-77.4038,38.0599],[-77.4068,38.0608],[-77.4069,38.0609],[-77.4056,38.0614],[-77.4062,38.0636],[-77.405,38.0658],[-77.4035,38.0666],[-77.404,38.0671],[-77.405,38.0673],[-77.4061,38.0679],[-77.4078,38.0685],[-77.4089,38.0684],[-77.4096,38.0689],[-77.4112,38.0684],[-77.4133,38.0706],[-77.4118,38.0725],[-77.4128,38.0731],[-77.4075,38.0789],[-77.406,38.0798],[-77.4012,38.0795],[-77.3983,38.079],[-77.3952,38.0791],[-77.394,38.0788]]]]},"properties":{"id":"usgs-pad-us-fee-managers:62038","name":"Mattaponi Wildlife Management Area","kind":"land","category":"public-land","sourceCategory":"public-land","sourceId":"usgs-pad-us-fee-managers","sourceUrl":"https://services.arcgis.com/v01gqwM5QqNysAAi/arcgis/rest/services/Fee_Managers_PADUS/FeatureServer/0","sourceUpdated":"2011-06-06T04:00:00.000Z","publicUse":"PAD-US reports open access; verify current manager conditions and restrictions.","unit":"UNK","origin":"public-catalog"}},{"type":"Feature","id":"usgs-pad-us-fee-managers:62039","geometry":{"type":"Polygon","coordinates":[[[-77.3841,38.0604],[-77.3859,38.0618],[-77.3829,38.0607],[-77.3841,38.0604]]]},"properties":{"id":"usgs-pad-us-fee-managers:62039","name":"Mattaponi Wildlife Management Area","kind":"land","category":"public-land","sourceCategory":"public-land","sourceId":"usgs-pad-us-fee-managers","sourceUrl":"https://services.arcgis.com/v01gqwM5QqNysAAi/arcgis/rest/services/Fee_Managers_PADUS/FeatureServer/0","sourceUpdated":"2015-02-04T05:00:00.000Z","publicUse":"PAD-US reports open access; verify current manager conditions and restrictions.","unit":"UNK","origin":"public-catalog"}},{"type":"Feature","id":"usgs-pad-us-fee-managers:62040","geometry":{"type":"MultiPolygon","coordinates":[[[[-77.3835,38.0585],[-77.3833,38.0576],[-77.3837,38.0572],[-77.3839,38.0553],[-77.3843,38.055],[-77.3839,38.0526],[-77.3831,38.0518],[-77.3775,38.0486],[-77.377,38.0477],[-77.3769,38.0451],[-77.3773,38.0445],[-77.3792,38.044],[-77.3801,38.0436],[-77.3814,38.0411],[-77.3833,38.0398],[-77.3838,38.0391],[-77.3845,38.0387],[-77.3847,38.0379],[-77.384,38.0376],[-77.3839,38.037],[-77.3843,38.0366],[-77.385,38.0365],[-77.3852,38.0356],[-77.3861,38.0346],[-77.3867,38.0343],[-77.3872,38.0347],[-77.3872,38.0351],[-77.3877,38.0349],[-77.388,38.0356],[-77.3887,38.0354],[-77.3886,38.0362],[-77.3891,38.0379],[-77.389,38.0384],[-77.3894,38.0387],[-77.3892,38.039],[-77.3895,38.0391],[-77.3893,38.0394],[-77.3902,38.04],[-77.3908,38.0399],[-77.3913,38.0401],[-77.3918,38.0398],[-77.3921,38.0402],[-77.3926,38.0401],[-77.393,38.0398],[-77.3927,38.0396],[-77.3929,38.0392],[-77.3933,38.0392],[-77.3937,38.038],[-77.394,38.0378],[-77.3943,38.0379],[-77.3946,38.0386],[-77.3952,38.0381],[-77.3961,38.0383],[-77.3962,38.0379],[-77.3965,38.0378],[-77.3967,38.0379],[-77.3968,38.0384],[-77.3979,38.0384],[-77.3982,38.0383],[-77.3981,38.0377],[-77.3985,38.0376],[-77.3989,38.0377],[-77.3992,38.0381],[-77.3998,38.0382],[-77.401,38.0393],[-77.402,38.0388],[-77.4023,38.0393],[-77.4029,38.0395],[-77.403,38.0399],[-77.3992,38.0434],[-77.3982,38.0458],[-77.3982,38.0475],[-77.399,38.0498],[-77.3991,38.0521],[-77.4009,38.0518],[-77.4013,38.0525],[-77.4014,38.0534],[-77.4012,38.0552],[-77.4027,38.0597],[-77.3972,38.0602],[-77.3945,38.06],[-77.3931,38.0602],[-77.3887,38.0593],[-77.3842,38.0602],[-77.3836,38.0592],[-77.3835,38.0585]]],[[[-77.3977,38.0836],[-77.3929,38.0828],[-77.3901,38.0832],[-77.3894,38.083],[-77.3891,38.0819],[-77.3887,38.0813],[-77.3877,38.0807],[-77.3872,38.0794],[-77.3872,38.0773],[-77.3874,38.0766],[-77.3815,38.0776],[-77.3771,38.0657],[-77.3767,38.0635],[-77.377,38.0635],[-77.3767,38.0609],[-77.3777,38.0611],[-77.3776,38.0607],[-77.3806,38.061],[-77.3829,38.0607],[-77.3859,38.0618],[-77.3847,38.0611],[-77.3841,38.0604],[-77.3887,38.0594],[-77.3906,38.0599],[-77.389,38.0595],[-77.3874,38.0604],[-77.3862,38.0618],[-77.3865,38.0619],[-77.3869,38.0619],[-77.3873,38.0615],[-77.3881,38.0615],[-77.3898,38.0606],[-77.3903,38.0609],[-77.3906,38.0605],[-77.3911,38.0607],[-77.3922,38.0603],[-77.3936,38.0605],[-77.394,38.0612],[-77.3935,38.0616],[-77.3925,38.0641],[-77.3932,38.0647],[-77.3937,38.0656],[-77.3939,38.0671],[-77.3937,38.0674],[-77.3925,38.0675],[-77.392,38.0681],[-77.3919,38.0686],[-77.3926,38.069],[-77.3929,38.0695],[-77.3929,38.0707],[-77.3926,38.0711],[-77.3919,38.0713],[-77.3916,38.0723],[-77.3922,38.0724],[-77.3928,38.0735],[-77.3935,38.0738],[-77.3936,38.0742],[-77.3928,38.0747],[-77.3915,38.0748],[-77.3912,38.0751],[-77.3912,38.0759],[-77.3906,38.0762],[-77.3905,38.0765],[-77.3889,38.076],[-77.3885,38.0766],[-77.389,38.0771],[-77.3952,38.0791],[-77.3983,38.079],[-77.4008,38.0795],[-77.4033,38.0795],[-77.4049,38.0798],[-77.406,38.0798],[-77.4072,38.0791],[-77.4064,38.0801],[-77.4068,38.084],[-77.4044,38.0848],[-77.4009,38.0852],[-77.3995,38.0848],[-77.3996,38.0843],[-77.3977,38.0836]]],[[[-77.3909,38.0749],[-77.39,38.0755],[-77.3901,38.0761],[-77.3911,38.0758],[-77.3909,38.0749]]],[[[-77.392,38.0688],[-77.392,38.0694],[-77.3915,38.0699],[-77.3921,38.0702],[-77.392,38.071],[-77.3924,38.0711],[-77.3927,38.0698],[-77.3925,38.0693],[-77.392,38.0688]]],[[[-77.3932,38.0649],[-77.393,38.0654],[-77.3936,38.0662],[-77.3936,38.0658],[-77.3932,38.0649]]],[[[-77.3882,38.0616],[-77.3873,38.0617],[-77.387,38.062],[-77.3875,38.062],[-77.3882,38.0616]]],[[[-77.3909,38.0607],[-77.3904,38.061],[-77.3897,38.0608],[-77.3894,38.0611],[-77.3904,38.0613],[-77.391,38.061],[-77.3909,38.0607]]]]},"properties":{"id":"usgs-pad-us-fee-managers:62040","name":"Mattaponi Wildlife Management Area","kind":"land","category":"public-land","sourceCategory":"public-land","sourceId":"usgs-pad-us-fee-managers","sourceUrl":"https://services.arcgis.com/v01gqwM5QqNysAAi/arcgis/rest/services/Fee_Managers_PADUS/FeatureServer/0","sourceUpdated":"2016-02-05T05:00:00.000Z","publicUse":"PAD-US reports open access; verify current manager conditions and restrictions.","unit":"UNK","origin":"public-catalog"}},{"type":"Feature","id":"usgs-pad-us-fee-managers:62041","geometry":{"type":"Polygon","coordinates":[[[-77.5408,38.6336],[-77.5408,38.6334],[-77.5397,38.6334],[-77.5403,38.6275],[-77.5378,38.6275],[-77.5378,38.6265],[-77.5325,38.6267],[-77.5323,38.6214],[-77.534,38.621],[-77.5354,38.6217],[-77.5364,38.6218],[-77.5392,38.6194],[-77.5402,38.619],[-77.5417,38.6175],[-77.542,38.6175],[-77.5426,38.619],[-77.5437,38.6189],[-77.5449,38.6181],[-77.5469,38.6177],[-77.5451,38.6239],[-77.543,38.6239],[-77.5421,38.6285],[-77.5484,38.6279],[-77.5472,38.6302],[-77.5467,38.63],[-77.5438,38.634],[-77.5406,38.636],[-77.5415,38.6354],[-77.5408,38.6336]]]},"properties":{"id":"usgs-pad-us-fee-managers:62041","name":"Merrimac Farm Wildlife Management Area","kind":"land","category":"public-land","sourceCategory":"public-land","sourceId":"usgs-pad-us-fee-managers","sourceUrl":"https://services.arcgis.com/v01gqwM5QqNysAAi/arcgis/rest/services/Fee_Managers_PADUS/FeatureServer/0","sourceUpdated":"2009-03-23T04:00:00.000Z","publicUse":"PAD-US reports open access; verify current manager conditions and restrictions.","unit":"UNK","origin":"public-catalog"}},{"type":"Feature","id":"usgs-pad-us-fee-managers:62042","geometry":{"type":"MultiPolygon","coordinates":[[[[-75.8741,37.2913],[-75.8737,37.2911],[-75.8736,37.2914],[-75.8722,37.2913],[-75.8713,37.2918],[-75.8706,37.2919],[-75.8691,37.2913],[-75.8684,37.2914],[-75.8682,37.2911],[-75.8663,37.291],[-75.8657,37.2907],[-75.8656,37.2896],[-75.8662,37.2885],[-75.8666,37.2882],[-75.8687,37.288],[-75.8707,37.2873],[-75.8718,37.2874],[-75.8724,37.2879],[-75.873,37.2872],[-75.8743,37.2871],[-75.8761,37.2875],[-75.8768,37.2871],[-75.8772,37.2863],[-75.877,37.2837],[-75.8773,37.2823],[-75.8769,37.2819],[-75.8768,37.2801],[-75.876,37.2796],[-75.8747,37.2796],[-75.8733,37.28],[-75.8705,37.2803],[-75.8696,37.2809],[-75.8691,37.2803],[-75.8678,37.28],[-75.866,37.2808],[-75.8648,37.2804],[-75.8636,37.281],[-75.8634,37.2814],[-75.8639,37.2818],[-75.8637,37.2822],[-75.8627,37.2826],[-75.8628,37.2833],[-75.8623,37.2839],[-75.8622,37.2844],[-75.8587,37.2846],[-75.8578,37.2844],[-75.8572,37.2836],[-75.856,37.2802],[-75.8543,37.278],[-75.8526,37.2751],[-75.8525,37.2743],[-75.8514,37.2714],[-75.8499,37.2694],[-75.8497,37.2686],[-75.85,37.2665],[-75.851,37.2636],[-75.8508,37.263],[-75.8498,37.2621],[-75.8499,37.2617],[-75.8503,37.262],[-75.8511,37.2621],[-75.8521,37.2607],[-75.8529,37.2602],[-75.8561,37.2597],[-75.8607,37.2583],[-75.861,37.2581],[-75.861,37.2569],[-75.8619,37.2556],[-75.8626,37.2557],[-75.8648,37.2582],[-75.8657,37.2581],[-75.866,37.2584],[-75.8668,37.2582],[-75.868,37.2561],[-75.8699,37.2535],[-75.8707,37.2516],[-75.8715,37.2511],[-75.8714,37.2505],[-75.8717,37.2496],[-75.8725,37.2487],[-75.873,37.2474],[-75.8729,37.247],[-75.8722,37.2468],[-75.8721,37.2465],[-75.8734,37.2454],[-75.8731,37.2442],[-75.8739,37.2426],[-75.8739,37.2419],[-75.8759,37.2393],[-75.8763,37.2392],[-75.8767,37.2374],[-75.8778,37.236],[-75.8777,37.2351],[-75.8785,37.2342],[-75.8788,37.2331],[-75.8807,37.2317],[-75.8809,37.2314],[-75.8812,37.2316],[-75.8816,37.2315],[-75.8831,37.2303],[-75.8831,37.2297],[-75.8827,37.2295],[-75.8816,37.2279],[-75.8824,37.2271],[-75.8834,37.227],[-75.8835,37.2255],[-75.8846,37.2247],[-75.8841,37.2238],[-75.8843,37.2219],[-75.884,37.2201],[-75.8848,37.2189],[-75.8848,37.2174],[-75.8853,37.2159],[-75.8861,37.2148],[-75.8865,37.2135],[-75.884,37.2109],[-75.8851,37.2104],[-75.8873,37.2075],[-75.8868,37.2063],[-75.8872,37.2054],[-75.8867,37.2041],[-75.8859,37.2032],[-75.8854,37.2023],[-75.8852,37.2008],[-75.8845,37.2],[-75.8845,37.1985],[-75.8841,37.1978],[-75.8841,37.1974],[-75.886,37.1938],[-75.8863,37.1937],[-75.8879,37.1943],[-75.889,37.1944],[-75.8897,37.1941],[-75.8904,37.1937],[-75.8911,37.1923],[-75.892,37.19],[-75.8937,37.1892],[-75.8949,37.188],[-75.8945,37.1877],[-75.8957,37.188],[-75.8966,37.1878],[-75.897,37.1861],[-75.8985,37.1844],[-75.8985,37.1834],[-75.899,37.1822],[-75.8992,37.1808],[-75.9004,37.1798],[-75.9005,37.1788],[-75.8998,37.177],[-75.9014,37.1769],[-75.9012,37.1765],[-75.9013,37.176],[-75.9024,37.1752],[-75.9029,37.1742],[-75.9027,37.174],[-75.9037,37.173],[-75.9053,37.1736],[-75.9059,37.1731],[-75.9061,37.1724],[-75.9054,37.1703],[-75.9058,37.1696],[-75.9059,37.1679],[-75.9062,37.1671],[-75.9058,37.1662],[-75.9066,37.1647],[-75.9064,37.1626],[-75.9066,37.1604],[-75.9071,37.1599],[-75.9073,37.1592],[-75.908,37.1586],[-75.9088,37.1567],[-75.9087,37.1557],[-75.9093,37.155],[-75.9092,37.1538],[-75.9097,37.1534],[-75.91,37.1525],[-75.9106,37.1521],[-75.9108,37.1515],[-75.9113,37.1514],[-75.9118,37.1518],[-75.9118,37.1524],[-75.9113,37.154],[-75.9109,37.1545],[-75.9106,37.1556],[-75.9108,37.1576],[-75.9111,37.1576],[-75.9107,37.1582],[-75.9109,37.1588],[-75.9115,37.1594],[-75.9115,37.1598],[-75.9112,37.1599],[-75.9107,37.1595],[-75.9102,37.1611],[-75.9096,37.1641],[-75.9096,37.1658],[-75.91,37.1668],[-75.9097,37.1697],[-75.9104,37.1714],[-75.9098,37.1753],[-75.91,37.1764],[-75.9092,37.1799],[-75.9085,37.1807],[-75.908,37.1816],[-75.9079,37.183],[-75.9075,37.1837],[-75.9075,37.1843],[-75.9067,37.1857],[-75.9066,37.1869],[-75.9068,37.1874],[-75.9077,37.1878],[-75.9075,37.1881],[-75.9071,37.1879],[-75.9064,37.1884],[-75.9063,37.189],[-75.9057,37.1899],[-75.9055,37.1957],[-75.9058,37.197],[-75.905,37.1986],[-75.9048,37.2019],[-75.9057,37.2022],[-75.9056,37.2027],[-75.9049,37.2032],[-75.9046,37.2038],[-75.905,37.2045],[-75.9048,37.2051],[-75.905,37.2059],[-75.9048,37.2071],[-75.9053,37.2076],[-75.9048,37.2085],[-75.9046,37.2095],[-75.905,37.21],[-75.9048,37.2116],[-75.9052,37.2135],[-75.9047,37.2136],[-75.9047,37.2138],[-75.9055,37.2154],[-75.9051,37.2164],[-75.905,37.2191],[-75.9053,37.22],[-75.9057,37.2199],[-75.9053,37.2206],[-75.9054,37.2227],[-75.905,37.224],[-75.9044,37.2243],[-75.9048,37.2245],[-75.9047,37.2253],[-75.9051,37.2258],[-75.9066,37.2265],[-75.907,37.2274],[-75.9076,37.2278],[-75.9102,37.2286],[-75.9105,37.2289],[-75.91,37.2297],[-75.9086,37.23],[-75.9081,37.2304],[-75.9076,37.2311],[-75.9081,37.2322],[-75.9094,37.2328],[-75.9098,37.2334],[-75.9083,37.2357],[-75.9082,37.2371],[-75.9079,37.2376],[-75.9064,37.2385],[-75.9052,37.2389],[-75.9044,37.2396],[-75.9041,37.2413],[-75.9046,37.2427],[-75.9045,37.243],[-75.9037,37.2421],[-75.9033,37.2422],[-75.9023,37.243],[-75.9024,37.2433],[-75.9033,37.2435],[-75.9035,37.2437],[-75.9021,37.2441],[-75.9018,37.2445],[-75.9002,37.2445],[-75.9002,37.2449],[-75.901,37.2455],[-75.8994,37.2463],[-75.8972,37.2465],[-75.8976,37.2469],[-75.8973,37.2472],[-75.897,37.2466],[-75.8962,37.2468],[-75.8963,37.2472],[-75.8955,37.2485],[-75.8955,37.2491],[-75.8958,37.2496],[-75.8949,37.2504],[-75.8962,37.2532],[-75.8971,37.2598],[-75.8965,37.2648],[-75.8969,37.2732],[-75.8967,37.2769],[-75.8963,37.2805],[-75.8955,37.2824],[-75.8944,37.284],[-75.8931,37.2853],[-75.8894,37.2878],[-75.886,37.2892],[-75.8838,37.2897],[-75.8832,37.2902],[-75.8806,37.2908],[-75.8797,37.2914],[-75.8753,37.2928],[-75.8748,37.2928],[-75.8746,37.2915],[-75.8741,37.2913]]],[[[-75.8654,37.2916],[-75.8657,37.2913],[-75.8661,37.2915],[-75.8662,37.2921],[-75.8655,37.2923],[-75.8654,37.2916]]],[[[-75.858,37.2868],[-75.8582,37.2867],[-75.8597,37.2868],[-75.8615,37.2872],[-75.8615,37.2876],[-75.8618,37.2882],[-75.8613,37.2888],[-75.8615,37.2897],[-75.8585,37.2913],[-75.8575,37.2912],[-75.8574,37.2908],[-75.8579,37.2893],[-75.858,37.2868]]]]},"properties":{"id":"usgs-pad-us-fee-managers:62042","name":"Mockhorn Wildlife Management Area","kind":"land","category":"public-land","sourceCategory":"public-land","sourceId":"usgs-pad-us-fee-managers","sourceUrl":"https://services.arcgis.com/v01gqwM5QqNysAAi/arcgis/rest/services/Fee_Managers_PADUS/FeatureServer/0","sourceUpdated":"2009-09-14T04:00:00.000Z","publicUse":"PAD-US reports open access; verify current manager conditions and restrictions.","unit":"UNK","origin":"public-catalog"}},{"type":"Feature","id":"usgs-pad-us-fee-managers:62043","geometry":{"type":"MultiPolygon","coordinates":[[[[-75.9529,37.1641],[-75.9529,37.1641],[-75.9529,37.1641],[-75.9529,37.1641]]],[[[-75.9529,37.1641],[-75.951,37.1642],[-75.9509,37.1637],[-75.9493,37.1638],[-75.9498,37.1703],[-75.9448,37.1691],[-75.9454,37.1665],[-75.9402,37.1653],[-75.9402,37.1639],[-75.9406,37.1627],[-75.9411,37.1635],[-75.9417,37.1635],[-75.942,37.1627],[-75.9424,37.1629],[-75.9425,37.1633],[-75.9428,37.1634],[-75.9435,37.162],[-75.9434,37.1618],[-75.9436,37.1616],[-75.9433,37.1608],[-75.9435,37.1591],[-75.9416,37.1572],[-75.9413,37.1556],[-75.9408,37.1546],[-75.9409,37.1539],[-75.9403,37.1532],[-75.9403,37.1528],[-75.941,37.1517],[-75.9492,37.1568],[-75.951,37.1565],[-75.9549,37.1589],[-75.9548,37.1614],[-75.9529,37.1615],[-75.9529,37.1641]]],[[[-75.946,37.1674],[-75.9458,37.1685],[-75.9486,37.1687],[-75.9487,37.1676],[-75.946,37.1674]]]]},"properties":{"id":"usgs-pad-us-fee-managers:62043","name":"Mockhorn Wildlife Management Area","kind":"land","category":"public-land","sourceCategory":"public-land","sourceId":"usgs-pad-us-fee-managers","sourceUrl":"https://services.arcgis.com/v01gqwM5QqNysAAi/arcgis/rest/services/Fee_Managers_PADUS/FeatureServer/0","sourceUpdated":"2010-06-10T04:00:00.000Z","publicUse":"PAD-US reports open access; verify current manager conditions and restrictions.","unit":"UNK","origin":"public-catalog"}},{"type":"Feature","id":"usgs-pad-us-fee-managers:62044","geometry":{"type":"MultiPolygon","coordinates":[[[[-77.7189,38.2206],[-77.7157,38.2203],[-77.7164,38.2186],[-77.7179,38.2179],[-77.72,38.2162],[-77.7184,38.2149],[-77.7159,38.2093],[-77.7186,38.2107],[-77.7226,38.2105],[-77.728,38.2043],[-77.7302,38.2047],[-77.7314,38.2007],[-77.7369,38.2028],[-77.7385,38.2036],[-77.7369,38.2048],[-77.736,38.206],[-77.7376,38.2065],[-77.7364,38.2226],[-77.7304,38.2225],[-77.7255,38.2233],[-77.72,38.2209],[-77.7189,38.2206]]],[[[-77.6901,38.2545],[-77.6942,38.2521],[-77.6887,38.2496],[-77.6894,38.2468],[-77.6896,38.245],[-77.6929,38.2446],[-77.6929,38.2442],[-77.6966,38.2439],[-77.6966,38.2419],[-77.6992,38.2417],[-77.6979,38.2409],[-77.6955,38.2403],[-77.6965,38.2385],[-77.6992,38.2355],[-77.7013,38.236],[-77.7015,38.2396],[-77.702,38.2417],[-77.703,38.2423],[-77.7035,38.2423],[-77.704,38.2418],[-77.7055,38.2389],[-77.7074,38.2414],[-77.7083,38.2419],[-77.7111,38.2384],[-77.7102,38.2376],[-77.7118,38.2352],[-77.7097,38.2346],[-77.7091,38.2327],[-77.7103,38.2313],[-77.7051,38.2295],[-77.7029,38.229],[-77.7019,38.2292],[-77.7022,38.2283],[-77.7028,38.2275],[-77.7055,38.2256],[-77.7067,38.2244],[-77.7101,38.2233],[-77.7112,38.2219],[-77.7155,38.2213],[-77.7154,38.222],[-77.7166,38.2222],[-77.7162,38.2228],[-77.7177,38.2234],[-77.718,38.2233],[-77.7183,38.2207],[-77.7185,38.2207],[-77.7197,38.221],[-77.7242,38.223],[-77.7239,38.2235],[-77.7246,38.2235],[-77.7255,38.2239],[-77.7256,38.2241],[-77.726,38.224],[-77.7268,38.2242],[-77.7272,38.2245],[-77.7268,38.2249],[-77.7273,38.2254],[-77.7284,38.2265],[-77.7291,38.2265],[-77.7294,38.2271],[-77.7305,38.2278],[-77.7288,38.2304],[-77.7262,38.2329],[-77.7242,38.2333],[-77.7253,38.2351],[-77.7291,38.2386],[-77.7256,38.2423],[-77.7235,38.2422],[-77.72,38.2479],[-77.7183,38.2572],[-77.7129,38.2562],[-77.7091,38.2575],[-77.7069,38.2598],[-77.7052,38.2606],[-77.7023,38.2637],[-77.6901,38.2545]]],[[[-77.6963,38.2459],[-77.6964,38.2447],[-77.6929,38.2447],[-77.6928,38.2458],[-77.6963,38.2459]]]]},"properties":{"id":"usgs-pad-us-fee-managers:62044","name":"Oakley Forest Wildlife Management Area","kind":"land","category":"public-land","sourceCategory":"public-land","sourceId":"usgs-pad-us-fee-managers","sourceUrl":"https://services.arcgis.com/v01gqwM5QqNysAAi/arcgis/rest/services/Fee_Managers_PADUS/FeatureServer/0","sourceUpdated":"2017-11-06T05:00:00.000Z","publicUse":"PAD-US reports open access; verify current manager conditions and restrictions.","unit":"UNK","origin":"public-catalog"}},{"type":"Feature","id":"usgs-pad-us-fee-managers:62045","geometry":{"type":"MultiPolygon","coordinates":[[[[-77.7413,38.2015],[-77.7497,38.2032],[-77.7499,38.2048],[-77.7513,38.2081],[-77.7556,38.2161],[-77.7538,38.2179],[-77.7537,38.2185],[-77.7514,38.2188],[-77.7482,38.2201],[-77.743,38.2217],[-77.7406,38.2222],[-77.7364,38.2226],[-77.7376,38.2065],[-77.736,38.206],[-77.7371,38.2046],[-77.7413,38.2015]]],[[[-77.7439,38.2513],[-77.7378,38.2426],[-77.7359,38.2424],[-77.7341,38.2419],[-77.7306,38.2397],[-77.7288,38.2384],[-77.7247,38.2343],[-77.7242,38.2333],[-77.7262,38.2329],[-77.7288,38.2304],[-77.7305,38.2278],[-77.7294,38.2271],[-77.7291,38.2265],[-77.7284,38.2265],[-77.7273,38.2254],[-77.7268,38.2249],[-77.7272,38.2245],[-77.7268,38.2242],[-77.726,38.224],[-77.7256,38.2241],[-77.7255,38.2239],[-77.7246,38.2235],[-77.7239,38.2235],[-77.7242,38.223],[-77.7257,38.2235],[-77.7298,38.2226],[-77.7367,38.2227],[-77.7405,38.2223],[-77.7438,38.2216],[-77.7486,38.2201],[-77.7522,38.2251],[-77.7529,38.2245],[-77.7531,38.2271],[-77.7494,38.2263],[-77.7485,38.2269],[-77.7483,38.2267],[-77.748,38.2269],[-77.7469,38.2263],[-77.7466,38.2264],[-77.7461,38.2261],[-77.7459,38.2264],[-77.7448,38.2263],[-77.7442,38.2271],[-77.7434,38.2274],[-77.7429,38.2283],[-77.7423,38.2288],[-77.742,38.2295],[-77.7412,38.2299],[-77.7415,38.2303],[-77.741,38.2309],[-77.7413,38.2312],[-77.7411,38.2316],[-77.7415,38.2319],[-77.7418,38.2328],[-77.7414,38.2328],[-77.7413,38.2332],[-77.7415,38.2333],[-77.7416,38.234],[-77.7421,38.2343],[-77.742,38.2351],[-77.7452,38.2503],[-77.7439,38.2513]]]]},"properties":{"id":"usgs-pad-us-fee-managers:62045","name":"Oakley Forest Wildlife Management Area","kind":"land","category":"public-land","sourceCategory":"public-land","sourceId":"usgs-pad-us-fee-managers","sourceUrl":"https://services.arcgis.com/v01gqwM5QqNysAAi/arcgis/rest/services/Fee_Managers_PADUS/FeatureServer/0","sourceUpdated":"2020-09-11T04:00:00.000Z","publicUse":"PAD-US reports open access; verify current manager conditions and restrictions.","unit":"UNK","origin":"public-catalog"}},{"type":"Feature","id":"usgs-pad-us-fee-managers:62046","geometry":{"type":"Polygon","coordinates":[[[-77.2766,38.1824],[-77.277,38.1821],[-77.276,38.1875],[-77.2765,38.1898],[-77.2788,38.1944],[-77.2841,38.2001],[-77.2844,38.2013],[-77.2847,38.2048],[-77.285,38.206],[-77.2916,38.2094],[-77.2999,38.2203],[-77.2987,38.2215],[-77.2967,38.2214],[-77.2941,38.2206],[-77.2905,38.2182],[-77.2812,38.2139],[-77.2784,38.2122],[-77.2765,38.2117],[-77.2725,38.2091],[-77.2722,38.2081],[-77.2722,38.2064],[-77.271,38.201],[-77.2704,38.2004],[-77.2701,38.1996],[-77.2706,38.1989],[-77.2713,38.1984],[-77.2724,38.1955],[-77.2719,38.1947],[-77.2708,38.1899],[-77.2739,38.1847],[-77.2766,38.1824]]]},"properties":{"id":"usgs-pad-us-fee-managers:62046","name":"Pettigrew Wildlife Management Area","kind":"land","category":"public-land","sourceCategory":"public-land","sourceId":"usgs-pad-us-fee-managers","sourceUrl":"https://services.arcgis.com/v01gqwM5QqNysAAi/arcgis/rest/services/Fee_Managers_PADUS/FeatureServer/0","sourceUpdated":"2010-06-23T04:00:00.000Z","publicUse":"PAD-US reports open access; verify current manager conditions and restrictions.","unit":"UNK","origin":"public-catalog"}},{"type":"Feature","id":"usgs-pad-us-fee-managers:62047","geometry":{"type":"Polygon","coordinates":[[[-78.0209,37.5648],[-78.022,37.5649],[-78.0237,37.5656],[-78.0217,37.5663],[-78.0183,37.5662],[-78.0194,37.5657],[-78.0194,37.5649],[-78.0209,37.5648]]]},"properties":{"id":"usgs-pad-us-fee-managers:62047","name":"Powhatan Wildlife Management Area","kind":"land","category":"public-land","sourceCategory":"public-land","sourceId":"usgs-pad-us-fee-managers","sourceUrl":"https://services.arcgis.com/v01gqwM5QqNysAAi/arcgis/rest/services/Fee_Managers_PADUS/FeatureServer/0","sourceUpdated":"2016-02-05T05:00:00.000Z","publicUse":"PAD-US reports open access; verify current manager conditions and restrictions.","unit":"UNK","origin":"public-catalog"}},{"type":"Feature","id":"usgs-pad-us-fee-managers:62048","geometry":{"type":"Polygon","coordinates":[[[-77.984,37.5793],[-77.9838,37.5793],[-77.9839,37.5792],[-77.9837,37.5787],[-77.9841,37.5785],[-77.9843,37.5788],[-77.9846,37.5788],[-77.9846,37.5783],[-77.983,37.578],[-77.9831,37.5773],[-77.9841,37.5772],[-77.9855,37.5757],[-77.9861,37.5758],[-77.9851,37.5671],[-77.9856,37.567],[-77.9853,37.5658],[-77.9844,37.5658],[-77.9838,37.5632],[-77.9821,37.5637],[-77.9774,37.5624],[-77.9766,37.5615],[-77.9811,37.5603],[-77.9817,37.5556],[-77.9784,37.5561],[-77.9752,37.5619],[-77.9664,37.5618],[-77.9664,37.5613],[-77.9643,37.5612],[-77.963,37.5606],[-77.9604,37.56],[-77.9584,37.5587],[-77.9616,37.5537],[-77.9622,37.5536],[-77.9628,37.5529],[-77.9667,37.5382],[-77.9644,37.5352],[-77.9643,37.5343],[-77.9687,37.5349],[-77.9743,37.5339],[-77.9806,37.5323],[-77.9779,37.5271],[-77.979,37.5269],[-77.9786,37.5235],[-77.9862,37.524],[-77.9936,37.524],[-77.9941,37.5262],[-77.9937,37.5276],[-77.993,37.5282],[-77.9933,37.5293],[-77.9931,37.5302],[-78.0093,37.5294],[-78.0093,37.5301],[-78.0108,37.5302],[-78.0111,37.5316],[-78.0132,37.5364],[-78.0138,37.5405],[-78.0134,37.5427],[-78.0117,37.5427],[-78.0119,37.5441],[-78.0136,37.5441],[-78.0143,37.5485],[-78.0148,37.5502],[-78.0147,37.5527],[-78.0145,37.5531],[-78.0127,37.5541],[-78.011,37.5565],[-78.0037,37.5562],[-78.0034,37.5552],[-78.0049,37.5536],[-78.0073,37.5524],[-78.0071,37.5492],[-78.0008,37.55],[-78.0021,37.5527],[-78.0018,37.5543],[-78.0002,37.5539],[-78,37.5532],[-77.9997,37.5529],[-77.9986,37.5532],[-77.9991,37.5542],[-77.9998,37.5577],[-78.0005,37.5577],[-78.0006,37.5589],[-78.0018,37.5613],[-78.0012,37.563],[-78.0015,37.5639],[-78.0058,37.5638],[-78.0059,37.5624],[-78.0086,37.5621],[-78.0107,37.5622],[-78.0122,37.5628],[-78.012,37.5632],[-78.0124,37.5633],[-78.0123,37.5652],[-78.0112,37.5652],[-78.0109,37.5661],[-78.0074,37.566],[-78.0092,37.5787],[-78.0057,37.5793],[-78.0024,37.5783],[-78.0021,37.5785],[-77.9997,37.5778],[-77.9923,37.5783],[-77.9926,37.5769],[-77.992,37.5768],[-77.9911,37.5769],[-77.9904,37.5776],[-77.9887,37.5776],[-77.9887,37.5771],[-77.987,37.5775],[-77.9863,37.5771],[-77.9853,37.5781],[-77.9851,37.5792],[-77.9844,37.5795],[-77.9846,37.5801],[-77.9841,37.5808],[-77.9832,37.5806],[-77.9832,37.5802],[-77.9835,37.5801],[-77.9833,37.5796],[-77.984,37.5795],[-77.984,37.5793]],[[-77.9931,37.5759],[-77.9932,37.5754],[-77.9917,37.5754],[-77.9921,37.5758],[-77.9931,37.5759]],[[-77.997,37.5708],[-77.9978,37.566],[-77.9928,37.5659],[-77.9925,37.5675],[-77.9928,37.5675],[-77.9923,37.5705],[-77.997,37.5708]]]},"properties":{"id":"usgs-pad-us-fee-managers:62048","name":"Powhatan Wildlife Management Area","kind":"land","category":"public-land","sourceCategory":"public-land","sourceId":"usgs-pad-us-fee-managers","sourceUrl":"https://services.arcgis.com/v01gqwM5QqNysAAi/arcgis/rest/services/Fee_Managers_PADUS/FeatureServer/0","sourceUpdated":"2016-02-05T05:00:00.000Z","publicUse":"PAD-US reports open access; verify current manager conditions and restrictions.","unit":"UNK","origin":"public-catalog"}},{"type":"Feature","id":"usgs-pad-us-fee-managers:62049","geometry":{"type":"MultiPolygon","coordinates":[[[[-75.9774,36.5558],[-75.9778,36.5558],[-75.9779,36.5568],[-75.9771,36.5564],[-75.9774,36.5558]]],[[[-75.9687,36.5552],[-75.9676,36.5555],[-75.9673,36.5549],[-75.9668,36.5546],[-75.9669,36.5534],[-75.968,36.5523],[-75.9693,36.5528],[-75.9694,36.5532],[-75.9691,36.5535],[-75.9699,36.5558],[-75.9695,36.5558],[-75.9687,36.5552]]],[[[-75.9615,36.5655],[-75.9614,36.5651],[-75.9618,36.5651],[-75.9615,36.5655]]],[[[-75.9571,36.5648],[-75.9588,36.5634],[-75.9592,36.5637],[-75.9598,36.5646],[-75.9588,36.5644],[-75.9571,36.5648]]],[[[-75.9774,36.5691],[-75.9775,36.5686],[-75.9783,36.5684],[-75.9774,36.5691]]],[[[-75.9774,36.5691],[-75.9776,36.5693],[-75.9775,36.5697],[-75.9762,36.5692],[-75.974,36.5696],[-75.9729,36.5706],[-75.9712,36.5713],[-75.9702,36.5723],[-75.9694,36.5726],[-75.9679,36.5722],[-75.9674,36.5708],[-75.9665,36.57],[-75.9659,36.568],[-75.9642,36.568],[-75.9636,36.5686],[-75.9634,36.5678],[-75.9642,36.5673],[-75.9643,36.5666],[-75.9638,36.5653],[-75.9623,36.5652],[-75.9622,36.5645],[-75.9627,36.5641],[-75.9635,36.5643],[-75.965,36.564],[-75.9657,36.5633],[-75.9662,36.5633],[-75.9661,36.564],[-75.9677,36.564],[-75.9682,36.5652],[-75.9686,36.5651],[-75.9682,36.5643],[-75.9684,36.5637],[-75.9679,36.5637],[-75.968,36.5633],[-75.9676,36.5627],[-75.9671,36.5627],[-75.967,36.5625],[-75.9684,36.5614],[-75.9684,36.5604],[-75.9677,36.5592],[-75.969,36.5585],[-75.9692,36.5574],[-75.9699,36.556],[-75.9707,36.5567],[-75.9712,36.5568],[-75.9746,36.5564],[-75.9759,36.5571],[-75.977,36.557],[-75.9771,36.5576],[-75.9768,36.5583],[-75.977,36.5585],[-75.9781,36.5592],[-75.979,36.5612],[-75.9794,36.5617],[-75.9803,36.562],[-75.9811,36.5627],[-75.9806,36.5617],[-75.9799,36.5614],[-75.9796,36.5602],[-75.9799,36.5598],[-75.9819,36.5591],[-75.9823,36.5591],[-75.9826,36.5594],[-75.9831,36.5626],[-75.9822,36.565],[-75.9809,36.5664],[-75.9806,36.5658],[-75.9798,36.5657],[-75.9792,36.564],[-75.9788,36.5632],[-75.9783,36.563],[-75.9776,36.563],[-75.977,36.5638],[-75.9765,36.564],[-75.9755,36.5637],[-75.9751,36.5644],[-75.9749,36.5645],[-75.9747,36.5642],[-75.9743,36.5644],[-75.9748,36.565],[-75.9752,36.5662],[-75.9752,36.567],[-75.9757,36.5675],[-75.9763,36.5688],[-75.9774,36.5691]]],[[[-75.963,36.5726],[-75.9635,36.5719],[-75.9639,36.5718],[-75.9643,36.5722],[-75.9643,36.5727],[-75.963,36.5726]]],[[[-75.963,36.5726],[-75.9609,36.5727],[-75.9599,36.5731],[-75.9582,36.5747],[-75.9559,36.5748],[-75.9553,36.5757],[-75.9537,36.5752],[-75.9513,36.5757],[-75.9506,36.5753],[-75.9503,36.5743],[-75.9503,36.5734],[-75.9493,36.5734],[-75.9488,36.5729],[-75.9491,36.5724],[-75.9486,36.5718],[-75.9486,36.5716],[-75.9493,36.5714],[-75.9509,36.5727],[-75.9515,36.5728],[-75.9517,36.573],[-75.9516,36.5739],[-75.9512,36.5741],[-75.9512,36.5746],[-75.9516,36.5746],[-75.9521,36.5752],[-75.9532,36.5741],[-75.9524,36.5744],[-75.9521,36.5742],[-75.9527,36.5729],[-75.9525,36.5721],[-75.9532,36.5714],[-75.9534,36.5708],[-75.9539,36.5708],[-75.9539,36.5713],[-75.9538,36.5717],[-75.9531,36.5719],[-75.9531,36.5723],[-75.9536,36.5729],[-75.9535,36.5737],[-75.9544,36.5741],[-75.9563,36.5732],[-75.9575,36.5724],[-75.958,36.5726],[-75.9575,36.5733],[-75.9576,36.5739],[-75.9599,36.5721],[-75.9603,36.5712],[-75.9609,36.5713],[-75.961,36.5718],[-75.9613,36.5715],[-75.9611,36.5705],[-75.9605,36.5701],[-75.9604,36.5698],[-75.9604,36.5687],[-75.9599,36.5684],[-75.9595,36.5685],[-75.9592,36.5692],[-75.9588,36.5691],[-75.9587,36.5686],[-75.9589,36.5682],[-75.9597,36.5677],[-75.9604,36.5679],[-75.961,36.5678],[-75.9618,36.5671],[-75.9616,36.5663],[-75.9619,36.566],[-75.963,36.568],[-75.9631,36.5685],[-75.9625,36.5691],[-75.9624,36.57],[-75.9628,36.5705],[-75.9634,36.5706],[-75.9636,36.571],[-75.9627,36.5714],[-75.9625,36.5718],[-75.9625,36.5722],[-75.963,36.5726]]]]},"properties":{"id":"usgs-pad-us-fee-managers:62049","name":"Princess Anne Wildlife Management Area","kind":"land","category":"public-land","sourceCategory":"public-land","sourceId":"usgs-pad-us-fee-managers","sourceUrl":"https://services.arcgis.com/v01gqwM5QqNysAAi/arcgis/rest/services/Fee_Managers_PADUS/FeatureServer/0","sourceUpdated":"2009-09-14T04:00:00.000Z","publicUse":"PAD-US reports open access; verify current manager conditions and restrictions.","unit":"UNK","origin":"public-catalog"}},{"type":"Feature","id":"usgs-pad-us-fee-managers:62050","geometry":{"type":"Polygon","coordinates":[[[-75.9957,36.6202],[-75.9891,36.6187],[-75.9885,36.6168],[-75.9878,36.6158],[-75.9865,36.6145],[-75.9859,36.6145],[-75.986,36.6127],[-75.9893,36.6114],[-75.9903,36.6106],[-75.9959,36.6104],[-75.9967,36.6132],[-75.9992,36.6134],[-76.0016,36.6126],[-76.0054,36.6125],[-76.0053,36.6156],[-76.005,36.6156],[-76.005,36.6192],[-76.0058,36.6192],[-76.0048,36.6224],[-76.0021,36.6222],[-75.9957,36.6202]]]},"properties":{"id":"usgs-pad-us-fee-managers:62050","name":"Princess Anne Wildlife Management Area","kind":"land","category":"public-land","sourceCategory":"public-land","sourceId":"usgs-pad-us-fee-managers","sourceUrl":"https://services.arcgis.com/v01gqwM5QqNysAAi/arcgis/rest/services/Fee_Managers_PADUS/FeatureServer/0","sourceUpdated":"2010-06-10T04:00:00.000Z","publicUse":"PAD-US reports open access; verify current manager conditions and restrictions.","unit":"UNK","origin":"public-catalog"}},{"type":"Feature","id":"usgs-pad-us-fee-managers:62051","geometry":{"type":"Polygon","coordinates":[[[-75.9881,36.6048],[-75.9867,36.604],[-75.9863,36.6029],[-75.9867,36.6023],[-75.9873,36.6021],[-75.9885,36.6006],[-75.9886,36.5992],[-75.9879,36.5972],[-75.9855,36.5944],[-75.9859,36.5938],[-75.9859,36.5932],[-75.9868,36.5924],[-75.9868,36.5917],[-75.9862,36.5908],[-75.9845,36.5891],[-75.9836,36.5885],[-75.9837,36.5877],[-75.9821,36.5857],[-75.9826,36.5846],[-75.984,36.5832],[-75.9842,36.5825],[-75.9864,36.5808],[-75.9868,36.5799],[-75.9875,36.5793],[-75.9875,36.579],[-75.9887,36.5783],[-75.9891,36.5773],[-75.9895,36.5772],[-75.9899,36.5762],[-75.9903,36.576],[-75.9905,36.5754],[-75.9943,36.5761],[-75.9951,36.5767],[-75.9908,36.58],[-75.9899,36.5798],[-75.991,36.5807],[-75.9909,36.5824],[-75.9901,36.5851],[-75.9916,36.5881],[-75.9921,36.5898],[-75.9931,36.59],[-75.993,36.5904],[-75.9947,36.5908],[-75.9939,36.5906],[-75.9937,36.5913],[-75.9919,36.591],[-75.9912,36.5933],[-75.9907,36.5934],[-75.9903,36.5951],[-75.9908,36.5965],[-75.9901,36.5971],[-75.991,36.597],[-75.9886,36.6045],[-75.9881,36.6048]]]},"properties":{"id":"usgs-pad-us-fee-managers:62051","name":"Princess Anne Wildlife Management Area","kind":"land","category":"public-land","sourceCategory":"public-land","sourceId":"usgs-pad-us-fee-managers","sourceUrl":"https://services.arcgis.com/v01gqwM5QqNysAAi/arcgis/rest/services/Fee_Managers_PADUS/FeatureServer/0","sourceUpdated":"2010-06-10T04:00:00.000Z","publicUse":"PAD-US reports open access; verify current manager conditions and restrictions.","unit":"UNK","origin":"public-catalog"}},{"type":"Feature","id":"usgs-pad-us-fee-managers:62052","geometry":{"type":"Polygon","coordinates":[[[-75.9874,36.6255],[-75.9869,36.6254],[-75.9868,36.6251],[-75.9883,36.6242],[-75.9891,36.6225],[-75.9888,36.6219],[-75.9893,36.6208],[-75.9893,36.6188],[-75.9945,36.6198],[-75.9943,36.6206],[-75.9949,36.6207],[-75.9951,36.6201],[-75.9956,36.6202],[-75.9946,36.6236],[-75.9938,36.6234],[-75.9939,36.6229],[-75.9933,36.6228],[-75.9931,36.6233],[-75.9946,36.6237],[-75.9928,36.6234],[-75.9931,36.6235],[-75.9931,36.6239],[-75.9951,36.6242],[-75.9952,36.6237],[-75.9947,36.6237],[-75.9957,36.6203],[-76.002,36.6223],[-76.0049,36.6225],[-76.0044,36.6263],[-76.0006,36.6279],[-76.0007,36.6273],[-75.9875,36.6263],[-75.9874,36.6255]]]},"properties":{"id":"usgs-pad-us-fee-managers:62052","name":"Princess Anne Wildlife Management Area","kind":"land","category":"public-land","sourceCategory":"public-land","sourceId":"usgs-pad-us-fee-managers","sourceUrl":"https://services.arcgis.com/v01gqwM5QqNysAAi/arcgis/rest/services/Fee_Managers_PADUS/FeatureServer/0","sourceUpdated":"2010-06-10T04:00:00.000Z","publicUse":"PAD-US reports open access; verify current manager conditions and restrictions.","unit":"UNK","origin":"public-catalog"}},{"type":"Feature","id":"usgs-pad-us-fee-managers:62053","geometry":{"type":"Polygon","coordinates":[[[-76.5246,36.9781],[-76.5243,36.9778],[-76.5243,36.977],[-76.524,36.9765],[-76.5233,36.9756],[-76.5217,36.9746],[-76.5208,36.9733],[-76.5196,36.9733],[-76.5182,36.9725],[-76.5153,36.9715],[-76.5153,36.9707],[-76.515,36.9707],[-76.5148,36.97],[-76.5153,36.9697],[-76.5179,36.972],[-76.5189,36.9712],[-76.5163,36.969],[-76.5172,36.9682],[-76.5159,36.9671],[-76.5168,36.9664],[-76.5152,36.9649],[-76.5134,36.9663],[-76.5123,36.9654],[-76.5114,36.9663],[-76.51,36.9651],[-76.5095,36.9655],[-76.5122,36.9676],[-76.512,36.9678],[-76.5067,36.9664],[-76.501,36.9658],[-76.4996,36.965],[-76.4973,36.9648],[-76.4964,36.965],[-76.4935,36.964],[-76.4926,36.9626],[-76.4926,36.9619],[-76.491,36.9611],[-76.4897,36.9598],[-76.4884,36.9594],[-76.4883,36.959],[-76.4897,36.9588],[-76.4896,36.9586],[-76.4882,36.9575],[-76.487,36.9574],[-76.4861,36.956],[-76.4861,36.9549],[-76.4865,36.9539],[-76.4875,36.9524],[-76.4879,36.9502],[-76.4874,36.9495],[-76.4876,36.9488],[-76.4873,36.9477],[-76.4876,36.947],[-76.4858,36.9443],[-76.485,36.9423],[-76.4855,36.9413],[-76.4852,36.941],[-76.4854,36.9398],[-76.485,36.9385],[-76.4858,36.9383],[-76.4874,36.9386],[-76.4901,36.9406],[-76.4951,36.9416],[-76.4953,36.9418],[-76.495,36.9421],[-76.495,36.943],[-76.4959,36.9439],[-76.4949,36.9444],[-76.4944,36.946],[-76.4962,36.9466],[-76.4971,36.9465],[-76.4976,36.9468],[-76.4978,36.949],[-76.498,36.9495],[-76.4988,36.9501],[-76.5001,36.9507],[-76.5008,36.9507],[-76.5013,36.9511],[-76.5016,36.9506],[-76.5014,36.9489],[-76.5021,36.9487],[-76.503,36.9489],[-76.5033,36.9491],[-76.5034,36.9501],[-76.5048,36.9513],[-76.5076,36.9519],[-76.5091,36.9518],[-76.5098,36.9521],[-76.5099,36.9527],[-76.509,36.954],[-76.509,36.9545],[-76.5104,36.9551],[-76.5109,36.9556],[-76.512,36.9558],[-76.5127,36.9556],[-76.5129,36.954],[-76.5131,36.9535],[-76.5137,36.9533],[-76.5152,36.955],[-76.5149,36.9561],[-76.5153,36.9567],[-76.5159,36.9568],[-76.5167,36.9561],[-76.5172,36.956],[-76.518,36.9562],[-76.5188,36.956],[-76.519,36.9562],[-76.5187,36.9565],[-76.5177,36.9567],[-76.5175,36.9571],[-76.5179,36.9575],[-76.5187,36.9574],[-76.5196,36.9579],[-76.5194,36.9586],[-76.52,36.9597],[-76.5203,36.9598],[-76.5206,36.9588],[-76.521,36.9589],[-76.5211,36.9593],[-76.5218,36.9589],[-76.5222,36.9599],[-76.518,36.9635],[-76.5192,36.9644],[-76.5205,36.9646],[-76.5209,36.9643],[-76.5224,36.9664],[-76.5232,36.9664],[-76.5236,36.9659],[-76.524,36.9661],[-76.5236,36.9671],[-76.5246,36.9678],[-76.5257,36.9675],[-76.5261,36.9677],[-76.5278,36.9703],[-76.5276,36.9731],[-76.5274,36.9734],[-76.5266,36.9734],[-76.5255,36.9729],[-76.525,36.973],[-76.525,36.9733],[-76.5256,36.9747],[-76.5262,36.9747],[-76.5279,36.9742],[-76.5284,36.9744],[-76.5284,36.975],[-76.5273,36.976],[-76.5282,36.9767],[-76.5282,36.9774],[-76.5269,36.9776],[-76.526,36.9782],[-76.5246,36.9781]]]},"properties":{"id":"usgs-pad-us-fee-managers:62053","name":"Ragged Island Wildlife Management Area","kind":"land","category":"public-land","sourceCategory":"public-land","sourceId":"usgs-pad-us-fee-managers","sourceUrl":"https://services.arcgis.com/v01gqwM5QqNysAAi/arcgis/rest/services/Fee_Managers_PADUS/FeatureServer/0","sourceUpdated":"2009-09-14T04:00:00.000Z","publicUse":"PAD-US reports open access; verify current manager conditions and restrictions.","unit":"UNK","origin":"public-catalog"}},{"type":"Feature","id":"usgs-pad-us-fee-managers:62054","geometry":{"type":"Polygon","coordinates":[[[-78.4053,38.5067],[-78.4051,38.5064],[-78.4026,38.5062],[-78.4034,38.5041],[-78.4008,38.5009],[-78.3933,38.5048],[-78.3852,38.5047],[-78.3869,38.5013],[-78.388,38.5013],[-78.3904,38.4994],[-78.3824,38.4918],[-78.376,38.4878],[-78.3795,38.4853],[-78.377,38.4817],[-78.3675,38.4822],[-78.3613,38.4819],[-78.3612,38.4841],[-78.3547,38.4836],[-78.3504,38.4843],[-78.3504,38.4831],[-78.3442,38.4831],[-78.3477,38.4819],[-78.3486,38.4811],[-78.3474,38.4801],[-78.3478,38.4802],[-78.3579,38.4712],[-78.3633,38.4714],[-78.3639,38.4749],[-78.3678,38.4762],[-78.3708,38.4766],[-78.3728,38.4741],[-78.3764,38.4776],[-78.3853,38.4797],[-78.3867,38.475],[-78.385,38.4744],[-78.3837,38.4737],[-78.3835,38.4733],[-78.3838,38.4726],[-78.3824,38.4713],[-78.3823,38.471],[-78.3838,38.47],[-78.3844,38.4683],[-78.3844,38.4679],[-78.3837,38.4677],[-78.3858,38.4652],[-78.3881,38.4621],[-78.3922,38.4639],[-78.3954,38.4613],[-78.4095,38.4661],[-78.4147,38.4768],[-78.4208,38.4787],[-78.4164,38.4822],[-78.4064,38.4873],[-78.4064,38.4883],[-78.4036,38.4924],[-78.4061,38.4999],[-78.4053,38.5015],[-78.4082,38.5023],[-78.408,38.5107],[-78.4053,38.5067]],[[-78.4024,38.4834],[-78.4011,38.483],[-78.4006,38.4825],[-78.3995,38.4825],[-78.3991,38.4833],[-78.3998,38.4831],[-78.4013,38.4833],[-78.4036,38.4846],[-78.4038,38.4845],[-78.4024,38.4834]]]},"properties":{"id":"usgs-pad-us-fee-managers:62054","name":"Rapidan Wildlife Management Area","kind":"land","category":"public-land","sourceCategory":"public-land","sourceId":"usgs-pad-us-fee-managers","sourceUrl":"https://services.arcgis.com/v01gqwM5QqNysAAi/arcgis/rest/services/Fee_Managers_PADUS/FeatureServer/0","sourceUpdated":"2023-04-18T04:00:00.000Z","publicUse":"PAD-US reports open access; verify current manager conditions and restrictions.","unit":"UNK","origin":"public-catalog"}},{"type":"Feature","id":"usgs-pad-us-fee-managers:62055","geometry":{"type":"MultiPolygon","coordinates":[[[[-78.401,38.369],[-78.4022,38.368],[-78.4038,38.3693],[-78.4061,38.3698],[-78.4067,38.3706],[-78.4059,38.3722],[-78.41,38.3772],[-78.4102,38.3796],[-78.4041,38.3781],[-78.404,38.3773],[-78.4006,38.3763],[-78.4006,38.3759],[-78.3978,38.375],[-78.3969,38.3724],[-78.401,38.369]]],[[[-78.4182,38.4103],[-78.4168,38.4077],[-78.4151,38.4052],[-78.4173,38.4051],[-78.4138,38.4011],[-78.4273,38.4011],[-78.4264,38.4068],[-78.427,38.4068],[-78.4271,38.4103],[-78.4266,38.4103],[-78.4262,38.4095],[-78.4235,38.4112],[-78.4259,38.4137],[-78.4236,38.4155],[-78.4206,38.4132],[-78.42,38.4111],[-78.4192,38.4105],[-78.4182,38.4103]]],[[[-78.3436,38.4257],[-78.3464,38.4247],[-78.3475,38.4255],[-78.3451,38.4259],[-78.3421,38.4291],[-78.3381,38.4276],[-78.3436,38.4257]]]]},"properties":{"id":"usgs-pad-us-fee-managers:62055","name":"Rapidan Wildlife Management Area","kind":"land","category":"public-land","sourceCategory":"public-land","sourceId":"usgs-pad-us-fee-managers","sourceUrl":"https://services.arcgis.com/v01gqwM5QqNysAAi/arcgis/rest/services/Fee_Managers_PADUS/FeatureServer/0","sourceUpdated":"2010-06-23T04:00:00.000Z","publicUse":"PAD-US reports open access; verify current manager conditions and restrictions.","unit":"UNK","origin":"public-catalog"}},{"type":"Feature","id":"usgs-pad-us-fee-managers:62056","geometry":{"type":"MultiPolygon","coordinates":[[[[-78.4928,38.3904],[-78.4859,38.38],[-78.4837,38.3791],[-78.4815,38.384],[-78.482,38.3869],[-78.4799,38.3839],[-78.4786,38.3832],[-78.4794,38.3825],[-78.4784,38.3762],[-78.4744,38.3751],[-78.4737,38.3724],[-78.4715,38.371],[-78.4737,38.3713],[-78.4737,38.3718],[-78.4784,38.3731],[-78.4779,38.371],[-78.4763,38.3706],[-78.4767,38.3691],[-78.4779,38.3677],[-78.482,38.3657],[-78.4866,38.3674],[-78.4975,38.3655],[-78.4975,38.3624],[-78.4991,38.3596],[-78.5026,38.3586],[-78.5051,38.3648],[-78.5055,38.3667],[-78.5044,38.3688],[-78.5039,38.3691],[-78.5034,38.369],[-78.5033,38.3694],[-78.4957,38.3736],[-78.4941,38.3746],[-78.4941,38.3749],[-78.4931,38.3756],[-78.4951,38.3784],[-78.4949,38.3808],[-78.4943,38.3824],[-78.4967,38.3844],[-78.4975,38.3854],[-78.5008,38.3865],[-78.5017,38.3855],[-78.5027,38.3881],[-78.5036,38.3886],[-78.504,38.3912],[-78.4998,38.3971],[-78.4928,38.3904]]],[[[-78.3897,38.4175],[-78.3863,38.415],[-78.387,38.414],[-78.3885,38.4155],[-78.3896,38.4136],[-78.3879,38.4134],[-78.3876,38.4131],[-78.3894,38.4099],[-78.3894,38.4081],[-78.3896,38.4073],[-78.3916,38.4057],[-78.3917,38.4053],[-78.3848,38.404],[-78.3804,38.4084],[-78.3794,38.4079],[-78.3786,38.4063],[-78.3777,38.4058],[-78.3747,38.4078],[-78.3747,38.4033],[-78.3769,38.405],[-78.3808,38.4016],[-78.3972,38.4013],[-78.3977,38.3979],[-78.401,38.387],[-78.4092,38.3902],[-78.4099,38.3884],[-78.4098,38.3866],[-78.4103,38.3861],[-78.4096,38.3842],[-78.4145,38.3846],[-78.4149,38.3887],[-78.4139,38.3901],[-78.4139,38.3913],[-78.4126,38.3928],[-78.4101,38.3932],[-78.4056,38.4023],[-78.4034,38.4042],[-78.402,38.408],[-78.4037,38.4079],[-78.404,38.4111],[-78.4045,38.4121],[-78.3946,38.4141],[-78.3939,38.4146],[-78.3921,38.4175],[-78.3897,38.4175]]]]},"properties":{"id":"usgs-pad-us-fee-managers:62056","name":"Rapidan Wildlife Management Area","kind":"land","category":"public-land","sourceCategory":"public-land","sourceId":"usgs-pad-us-fee-managers","sourceUrl":"https://services.arcgis.com/v01gqwM5QqNysAAi/arcgis/rest/services/Fee_Managers_PADUS/FeatureServer/0","sourceUpdated":"2010-06-23T04:00:00.000Z","publicUse":"PAD-US reports open access; verify current manager conditions and restrictions.","unit":"UNK","origin":"public-catalog"}},{"type":"Feature","id":"usgs-pad-us-fee-managers:62057","geometry":{"type":"MultiPolygon","coordinates":[[[[-78.4307,38.4722],[-78.4123,38.4477],[-78.4114,38.4462],[-78.4122,38.4476],[-78.4103,38.4483],[-78.41,38.4478],[-78.4082,38.4482],[-78.3947,38.4326],[-78.3969,38.4317],[-78.3958,38.4266],[-78.3945,38.4246],[-78.3954,38.4231],[-78.3952,38.4233],[-78.3939,38.4211],[-78.3972,38.4197],[-78.4003,38.4226],[-78.4028,38.4232],[-78.4051,38.4194],[-78.4047,38.4191],[-78.4044,38.418],[-78.4037,38.4177],[-78.4058,38.4146],[-78.4084,38.4137],[-78.4085,38.4127],[-78.4096,38.4122],[-78.4121,38.4172],[-78.4136,38.4185],[-78.4173,38.4185],[-78.4169,38.4248],[-78.4183,38.4251],[-78.4191,38.4243],[-78.4194,38.4243],[-78.4203,38.4244],[-78.4227,38.4256],[-78.4241,38.4241],[-78.4266,38.4244],[-78.4273,38.4241],[-78.4275,38.4224],[-78.4268,38.4218],[-78.4274,38.4155],[-78.428,38.4154],[-78.4304,38.4206],[-78.433,38.4144],[-78.4346,38.4157],[-78.4349,38.4164],[-78.4366,38.4179],[-78.4359,38.4187],[-78.4346,38.419],[-78.4342,38.4197],[-78.4342,38.4215],[-78.4347,38.4217],[-78.4347,38.4229],[-78.4337,38.4253],[-78.4336,38.4274],[-78.4332,38.4289],[-78.4338,38.4296],[-78.4338,38.4307],[-78.4342,38.4317],[-78.4339,38.4331],[-78.4345,38.4341],[-78.4345,38.4348],[-78.434,38.4359],[-78.4343,38.4364],[-78.4349,38.4368],[-78.437,38.4359],[-78.4378,38.435],[-78.4372,38.4346],[-78.4373,38.4335],[-78.4383,38.4321],[-78.4383,38.4317],[-78.4376,38.4309],[-78.4377,38.43],[-78.4338,38.429],[-78.4344,38.4288],[-78.4442,38.4265],[-78.4478,38.4266],[-78.4485,38.426],[-78.449,38.4263],[-78.4498,38.4262],[-78.4498,38.4254],[-78.4514,38.4247],[-78.4522,38.4248],[-78.4523,38.4252],[-78.4535,38.4259],[-78.4544,38.4257],[-78.4537,38.4264],[-78.456,38.4273],[-78.4575,38.4269],[-78.4584,38.4273],[-78.4596,38.4293],[-78.4619,38.4293],[-78.4618,38.4297],[-78.4575,38.4314],[-78.4559,38.4317],[-78.4534,38.433],[-78.4518,38.4331],[-78.4512,38.4335],[-78.4501,38.4336],[-78.4495,38.4327],[-78.4441,38.4334],[-78.4447,38.4348],[-78.443,38.4349],[-78.4442,38.4376],[-78.4367,38.4393],[-78.4369,38.4401],[-78.4361,38.4418],[-78.4365,38.4433],[-78.4363,38.4439],[-78.4367,38.4443],[-78.4368,38.4449],[-78.4371,38.4453],[-78.4382,38.4456],[-78.438,38.4464],[-78.4393,38.4482],[-78.442,38.4502],[-78.4442,38.4512],[-78.4435,38.4545],[-78.4421,38.4589],[-78.4429,38.459],[-78.4431,38.4596],[-78.4436,38.4658],[-78.4397,38.4627],[-78.4345,38.47],[-78.4307,38.4722]]],[[[-78.3731,38.5112],[-78.3663,38.5081],[-78.3658,38.5081],[-78.3654,38.5051],[-78.3718,38.4993],[-78.3733,38.5064],[-78.3713,38.5075],[-78.3744,38.5119],[-78.3731,38.5112]]]]},"properties":{"id":"usgs-pad-us-fee-managers:62057","name":"Rapidan Wildlife Management Area","kind":"land","category":"public-land","sourceCategory":"public-land","sourceId":"usgs-pad-us-fee-managers","sourceUrl":"https://services.arcgis.com/v01gqwM5QqNysAAi/arcgis/rest/services/Fee_Managers_PADUS/FeatureServer/0","sourceUpdated":"2016-02-05T05:00:00.000Z","publicUse":"PAD-US reports open access; verify current manager conditions and restrictions.","unit":"UNK","origin":"public-catalog"}},{"type":"Feature","id":"usgs-pad-us-fee-managers:62058","geometry":{"type":"MultiPolygon","coordinates":[[[[-77.2703,37.8944],[-77.2706,37.8945],[-77.2703,37.8948],[-77.2701,37.8946],[-77.2703,37.8944]]],[[[-77.2689,37.8952],[-77.2689,37.8949],[-77.2696,37.8944],[-77.2702,37.8944],[-77.2697,37.8953],[-77.2689,37.8952]]],[[[-77.269,37.8955],[-77.2689,37.8953],[-77.2694,37.8954],[-77.269,37.8955]]],[[[-77.2694,37.8954],[-77.2696,37.8955],[-77.2695,37.8956],[-77.2694,37.8954]]],[[[-77.2497,37.905],[-77.2498,37.9047],[-77.25,37.9056],[-77.2497,37.905]]],[[[-77.2506,37.9062],[-77.25,37.9054],[-77.2495,37.9036],[-77.2492,37.9032],[-77.2462,37.9012],[-77.2449,37.9],[-77.2437,37.8997],[-77.2432,37.9002],[-77.243,37.8997],[-77.2433,37.8988],[-77.2435,37.8967],[-77.2471,37.8889],[-77.2479,37.8883],[-77.2493,37.8868],[-77.2511,37.8863],[-77.2554,37.8882],[-77.2564,37.8883],[-77.2571,37.8881],[-77.2566,37.885],[-77.2535,37.8761],[-77.2555,37.8764],[-77.2584,37.8775],[-77.2613,37.8793],[-77.2652,37.8801],[-77.2688,37.8812],[-77.2701,37.8811],[-77.2713,37.8803],[-77.2705,37.8823],[-77.2811,37.8815],[-77.2808,37.8819],[-77.2804,37.8819],[-77.2806,37.8823],[-77.2802,37.8823],[-77.28,37.8826],[-77.2803,37.8827],[-77.2799,37.8834],[-77.2802,37.8835],[-77.2801,37.8841],[-77.2804,37.8842],[-77.2799,37.8846],[-77.2802,37.8853],[-77.2799,37.8853],[-77.2796,37.8856],[-77.2797,37.8857],[-77.2793,37.8857],[-77.2796,37.8863],[-77.2796,37.8865],[-77.2793,37.8866],[-77.2795,37.8867],[-77.2793,37.8868],[-77.2795,37.8871],[-77.2791,37.8873],[-77.2789,37.8872],[-77.2789,37.8875],[-77.2792,37.8874],[-77.2789,37.8878],[-77.2792,37.888],[-77.279,37.8883],[-77.2792,37.8884],[-77.279,37.8887],[-77.2792,37.8888],[-77.2783,37.8887],[-77.2757,37.8887],[-77.2739,37.8898],[-77.2722,37.8904],[-77.2705,37.8913],[-77.2691,37.8913],[-77.2684,37.8923],[-77.2691,37.8945],[-77.2686,37.895],[-77.269,37.8955],[-77.2694,37.8956],[-77.2682,37.8969],[-77.2638,37.8982],[-77.2634,37.8987],[-77.263,37.9004],[-77.2613,37.9022],[-77.26,37.9031],[-77.2585,37.9045],[-77.2569,37.9046],[-77.2567,37.9051],[-77.255,37.9066],[-77.2517,37.9068],[-77.2506,37.9062]]]]},"properties":{"id":"usgs-pad-us-fee-managers:62058","name":"Robert W. Duncan Wildlife Management Area","kind":"land","category":"public-land","sourceCategory":"public-land","sourceId":"usgs-pad-us-fee-managers","sourceUrl":"https://services.arcgis.com/v01gqwM5QqNysAAi/arcgis/rest/services/Fee_Managers_PADUS/FeatureServer/0","sourceUpdated":"2019-01-09T05:00:00.000Z","publicUse":"PAD-US reports open access; verify current manager conditions and restrictions.","unit":"UNK","origin":"public-catalog"}},{"type":"Feature","id":"usgs-pad-us-fee-managers:62059","geometry":{"type":"Polygon","coordinates":[[[-75.7153,37.9367],[-75.7158,37.9323],[-75.7165,37.9321],[-75.7173,37.9314],[-75.718,37.9318],[-75.7184,37.9313],[-75.7188,37.9315],[-75.7179,37.9335],[-75.7176,37.9352],[-75.7186,37.9355],[-75.7173,37.9367],[-75.7163,37.9371],[-75.7159,37.9367],[-75.7156,37.9367],[-75.7134,37.9375],[-75.7153,37.9367]]]},"properties":{"id":"usgs-pad-us-fee-managers:62059","name":"Saxis Wildlife Management Area","kind":"land","category":"public-land","sourceCategory":"public-land","sourceId":"usgs-pad-us-fee-managers","sourceUrl":"https://services.arcgis.com/v01gqwM5QqNysAAi/arcgis/rest/services/Fee_Managers_PADUS/FeatureServer/0","sourceUpdated":"2010-01-08T05:00:00.000Z","publicUse":"PAD-US reports open access; verify current manager conditions and restrictions.","unit":"UNK","origin":"public-catalog"}},{"type":"Feature","id":"usgs-pad-us-fee-managers:62060","geometry":{"type":"Polygon","coordinates":[[[-75.6745,37.8756],[-75.6742,37.8755],[-75.6738,37.8762],[-75.6731,37.8759],[-75.6709,37.8763],[-75.6712,37.876],[-75.6712,37.8757],[-75.6705,37.8753],[-75.6691,37.8755],[-75.6672,37.8748],[-75.6665,37.8741],[-75.6663,37.874],[-75.6663,37.8744],[-75.6654,37.8744],[-75.6643,37.8739],[-75.6639,37.8733],[-75.6632,37.8731],[-75.6628,37.8728],[-75.6618,37.8726],[-75.6614,37.8721],[-75.6647,37.867],[-75.669,37.8663],[-75.6858,37.8658],[-75.6889,37.8655],[-75.6915,37.8657],[-75.6917,37.8659],[-75.6914,37.8662],[-75.691,37.8661],[-75.6905,37.8668],[-75.6907,37.8675],[-75.6911,37.8675],[-75.6914,37.8672],[-75.6924,37.8671],[-75.6933,37.868],[-75.6929,37.8685],[-75.6924,37.8684],[-75.6923,37.8681],[-75.6919,37.868],[-75.691,37.8684],[-75.6903,37.8685],[-75.6896,37.869],[-75.6895,37.8693],[-75.689,37.8695],[-75.6889,37.8692],[-75.6884,37.8694],[-75.6883,37.8699],[-75.6878,37.8699],[-75.6863,37.8688],[-75.6859,37.8691],[-75.6851,37.8692],[-75.6849,37.869],[-75.685,37.8677],[-75.6837,37.8672],[-75.6838,37.8675],[-75.6845,37.8677],[-75.6842,37.8688],[-75.6836,37.8695],[-75.6838,37.8699],[-75.6826,37.8696],[-75.682,37.8699],[-75.6818,37.8703],[-75.6822,37.8704],[-75.6825,37.8701],[-75.6829,37.8704],[-75.6843,37.8705],[-75.6841,37.8715],[-75.6844,37.8724],[-75.6857,37.8729],[-75.6867,37.8729],[-75.6864,37.8732],[-75.686,37.8735],[-75.6852,37.8736],[-75.6847,37.8732],[-75.6837,37.873],[-75.6823,37.8735],[-75.6822,37.8731],[-75.6817,37.8729],[-75.6812,37.8735],[-75.6802,37.8737],[-75.6801,37.874],[-75.6812,37.8749],[-75.6785,37.8757],[-75.6781,37.8756],[-75.6782,37.8753],[-75.6777,37.8754],[-75.6763,37.8766],[-75.6748,37.8775],[-75.6747,37.8767],[-75.6744,37.8765],[-75.6745,37.8756]]]},"properties":{"id":"usgs-pad-us-fee-managers:62060","name":"Saxis Wildlife Management Area","kind":"land","category":"public-land","sourceCategory":"public-land","sourceId":"usgs-pad-us-fee-managers","sourceUrl":"https://services.arcgis.com/v01gqwM5QqNysAAi/arcgis/rest/services/Fee_Managers_PADUS/FeatureServer/0","sourceUpdated":"2010-06-23T04:00:00.000Z","publicUse":"PAD-US reports open access; verify current manager conditions and restrictions.","unit":"UNK","origin":"public-catalog"}},{"type":"Feature","id":"usgs-pad-us-fee-managers:62061","geometry":{"type":"Polygon","coordinates":[[[-75.6767,37.8465],[-75.6746,37.8458],[-75.6729,37.8468],[-75.672,37.8468],[-75.6689,37.8461],[-75.6686,37.8459],[-75.6692,37.8456],[-75.6687,37.845],[-75.6693,37.8447],[-75.6703,37.8433],[-75.6732,37.8424],[-75.6755,37.8431],[-75.6771,37.8417],[-75.6782,37.8423],[-75.6786,37.8423],[-75.6788,37.8418],[-75.6801,37.8424],[-75.6808,37.8425],[-75.6814,37.8422],[-75.682,37.8433],[-75.6818,37.8438],[-75.6785,37.8465],[-75.6773,37.8483],[-75.6767,37.8483],[-75.6761,37.8479],[-75.6761,37.8476],[-75.6768,37.8466],[-75.6767,37.8465]]]},"properties":{"id":"usgs-pad-us-fee-managers:62061","name":"Saxis Wildlife Management Area","kind":"land","category":"public-land","sourceCategory":"public-land","sourceId":"usgs-pad-us-fee-managers","sourceUrl":"https://services.arcgis.com/v01gqwM5QqNysAAi/arcgis/rest/services/Fee_Managers_PADUS/FeatureServer/0","sourceUpdated":"2015-06-15T04:00:00.000Z","publicUse":"PAD-US reports open access; verify current manager conditions and restrictions.","unit":"UNK","origin":"public-catalog"}},{"type":"Feature","id":"usgs-pad-us-fee-managers:62062","geometry":{"type":"MultiPolygon","coordinates":[[[[-75.6561,37.9008],[-75.6564,37.9005],[-75.6554,37.8991],[-75.6547,37.8986],[-75.6539,37.8986],[-75.6532,37.8983],[-75.6517,37.8969],[-75.6505,37.8966],[-75.6497,37.896],[-75.6488,37.8958],[-75.6467,37.8965],[-75.645,37.8953],[-75.645,37.8948],[-75.6453,37.8945],[-75.6458,37.8945],[-75.6467,37.8939],[-75.6467,37.8933],[-75.6461,37.8925],[-75.6452,37.8926],[-75.6442,37.8931],[-75.6435,37.8943],[-75.6425,37.8943],[-75.6421,37.8936],[-75.6424,37.8929],[-75.6432,37.8926],[-75.6432,37.8922],[-75.6423,37.8909],[-75.6421,37.8901],[-75.6424,37.8898],[-75.6424,37.8892],[-75.6432,37.8886],[-75.6462,37.8873],[-75.6473,37.8865],[-75.6464,37.8872],[-75.6463,37.8867],[-75.6433,37.8842],[-75.6434,37.883],[-75.6457,37.8838],[-75.6461,37.8831],[-75.6484,37.8838],[-75.648,37.8842],[-75.6495,37.885],[-75.6532,37.8798],[-75.6576,37.8766],[-75.6563,37.8715],[-75.6578,37.8721],[-75.6581,37.8717],[-75.6603,37.8729],[-75.6623,37.8735],[-75.6633,37.8741],[-75.6636,37.8749],[-75.6644,37.8756],[-75.6664,37.8755],[-75.6671,37.8758],[-75.6675,37.8756],[-75.6682,37.8765],[-75.6692,37.8767],[-75.6695,37.8774],[-75.6705,37.8776],[-75.671,37.8781],[-75.672,37.8782],[-75.6729,37.8787],[-75.6733,37.8799],[-75.6741,37.8802],[-75.6745,37.8802],[-75.6748,37.8798],[-75.6756,37.8796],[-75.6761,37.8796],[-75.6764,37.8789],[-75.6768,37.8787],[-75.6781,37.8792],[-75.6786,37.8791],[-75.6803,37.8802],[-75.6809,37.8801],[-75.6814,37.8796],[-75.6815,37.8799],[-75.6824,37.8801],[-75.6826,37.8803],[-75.6811,37.8814],[-75.6813,37.8818],[-75.6811,37.8824],[-75.6791,37.8827],[-75.6789,37.8841],[-75.6796,37.8859],[-75.6789,37.8868],[-75.679,37.8875],[-75.6806,37.8889],[-75.6815,37.8886],[-75.6832,37.8888],[-75.6843,37.8885],[-75.6863,37.8888],[-75.6867,37.8886],[-75.6867,37.888],[-75.6871,37.8874],[-75.6873,37.8867],[-75.6879,37.8872],[-75.6893,37.8875],[-75.6884,37.8895],[-75.6894,37.8904],[-75.6906,37.8905],[-75.6918,37.8893],[-75.6923,37.8893],[-75.6931,37.8898],[-75.695,37.8899],[-75.6974,37.891],[-75.6989,37.8911],[-75.7023,37.8908],[-75.7037,37.8914],[-75.7037,37.8916],[-75.7034,37.8917],[-75.7024,37.8914],[-75.6999,37.8916],[-75.6971,37.8928],[-75.6967,37.8929],[-75.696,37.8925],[-75.695,37.8926],[-75.6937,37.8937],[-75.6933,37.8935],[-75.6906,37.8944],[-75.6891,37.896],[-75.6885,37.8987],[-75.6878,37.8994],[-75.6867,37.8989],[-75.6863,37.8983],[-75.6854,37.8986],[-75.6846,37.8985],[-75.6838,37.8977],[-75.6827,37.8971],[-75.6796,37.8972],[-75.6777,37.8965],[-75.6767,37.8965],[-75.6749,37.898],[-75.6739,37.8997],[-75.6718,37.9007],[-75.6706,37.9029],[-75.671,37.9031],[-75.6715,37.903],[-75.6717,37.9041],[-75.6715,37.9045],[-75.6712,37.9046],[-75.671,37.9037],[-75.6694,37.9019],[-75.6677,37.9027],[-75.667,37.9023],[-75.6668,37.9017],[-75.6655,37.9013],[-75.6649,37.9016],[-75.6634,37.9015],[-75.6615,37.9018],[-75.6598,37.9016],[-75.6584,37.902],[-75.6563,37.9032],[-75.6552,37.9025],[-75.6551,37.9021],[-75.6561,37.9008]]],[[[-75.7265,37.9198],[-75.7276,37.9191],[-75.7274,37.9194],[-75.728,37.9197],[-75.7285,37.9195],[-75.7284,37.9198],[-75.7279,37.9199],[-75.7265,37.9198]]],[[[-75.6763,37.9393],[-75.6754,37.939],[-75.6748,37.9385],[-75.6722,37.9393],[-75.6713,37.9391],[-75.671,37.9352],[-75.6691,37.9347],[-75.6683,37.9338],[-75.6687,37.9336],[-75.6684,37.9331],[-75.668,37.9334],[-75.6667,37.9318],[-75.668,37.9311],[-75.6675,37.9304],[-75.6708,37.9303],[-75.6706,37.9257],[-75.6736,37.9264],[-75.6736,37.9267],[-75.6741,37.9266],[-75.6746,37.9258],[-75.6749,37.9214],[-75.6752,37.9206],[-75.6751,37.9172],[-75.6763,37.9102],[-75.6763,37.9087],[-75.6766,37.907],[-75.6764,37.9067],[-75.6772,37.9055],[-75.6776,37.9038],[-75.6778,37.9036],[-75.6795,37.9049],[-75.6807,37.9054],[-75.6814,37.9054],[-75.6827,37.905],[-75.683,37.9037],[-75.6839,37.9045],[-75.6841,37.9051],[-75.684,37.9045],[-75.6832,37.9036],[-75.6839,37.9041],[-75.6847,37.9041],[-75.6856,37.9044],[-75.6864,37.9043],[-75.6874,37.9045],[-75.6887,37.9052],[-75.6909,37.9052],[-75.6922,37.9048],[-75.6933,37.904],[-75.6939,37.9033],[-75.6942,37.9019],[-75.6952,37.902],[-75.6963,37.9015],[-75.6971,37.9016],[-75.6979,37.9014],[-75.6987,37.9007],[-75.7006,37.9],[-75.7019,37.9],[-75.7038,37.9007],[-75.7063,37.9006],[-75.7078,37.9002],[-75.708,37.8998],[-75.7091,37.9],[-75.7098,37.9004],[-75.7101,37.9009],[-75.7112,37.9015],[-75.711,37.9024],[-75.7105,37.903],[-75.7102,37.9039],[-75.7077,37.9026],[-75.7068,37.9024],[-75.7063,37.9026],[-75.7071,37.9043],[-75.7092,37.9051],[-75.71,37.905],[-75.7115,37.9052],[-75.7121,37.9048],[-75.712,37.904],[-75.7123,37.9033],[-75.7132,37.9033],[-75.7139,37.9038],[-75.7142,37.9048],[-75.7154,37.9053],[-75.7157,37.9057],[-75.7156,37.9061],[-75.7145,37.9072],[-75.7144,37.9081],[-75.7149,37.9086],[-75.7165,37.9092],[-75.7176,37.9104],[-75.719,37.9106],[-75.7209,37.9102],[-75.7226,37.9111],[-75.7232,37.9104],[-75.7249,37.9106],[-75.7257,37.9108],[-75.7261,37.9118],[-75.7288,37.9114],[-75.7296,37.9118],[-75.7303,37.9129],[-75.7311,37.9134],[-75.7312,37.914],[-75.7304,37.9146],[-75.7299,37.9146],[-75.7292,37.9135],[-75.7281,37.9135],[-75.7273,37.9139],[-75.7267,37.9147],[-75.7265,37.9158],[-75.7258,37.9166],[-75.7259,37.917],[-75.727,37.9182],[-75.727,37.9185],[-75.7265,37.9188],[-75.7272,37.9192],[-75.726,37.9198],[-75.7256,37.9193],[-75.7262,37.9189],[-75.7247,37.9197],[-75.7254,37.9193],[-75.7258,37.9197],[-75.7235,37.9204],[-75.7201,37.9238],[-75.7195,37.9248],[-75.7194,37.9258],[-75.7191,37.9257],[-75.7194,37.926],[-75.7192,37.927],[-75.7185,37.9285],[-75.7185,37.9293],[-75.716,37.9315],[-75.7157,37.9321],[-75.7152,37.932],[-75.7156,37.9316],[-75.7152,37.932],[-75.7101,37.9311],[-75.7078,37.929],[-75.7065,37.9297],[-75.7058,37.9293],[-75.7033,37.9288],[-75.7007,37.929],[-75.6964,37.93],[-75.6956,37.9297],[-75.6934,37.9306],[-75.6921,37.9322],[-75.688,37.935],[-75.6872,37.9358],[-75.6856,37.9367],[-75.6828,37.9396],[-75.6823,37.9396],[-75.6809,37.941],[-75.68,37.9415],[-75.679,37.9428],[-75.678,37.9429],[-75.6768,37.9417],[-75.6772,37.9408],[-75.6763,37.9393]]],[[[-75.6864,37.9156],[-75.6879,37.9158],[-75.6877,37.9145],[-75.6843,37.9146],[-75.6847,37.9126],[-75.683,37.9126],[-75.6833,37.9096],[-75.6814,37.9095],[-75.6813,37.9103],[-75.6796,37.9103],[-75.6804,37.9131],[-75.6828,37.9131],[-75.6825,37.9152],[-75.6821,37.9152],[-75.6821,37.9155],[-75.6798,37.9155],[-75.6798,37.9141],[-75.6766,37.9141],[-75.6764,37.9156],[-75.6864,37.9156]]]]},"properties":{"id":"usgs-pad-us-fee-managers:62062","name":"Saxis Wildlife Management Area","kind":"land","category":"public-land","sourceCategory":"public-land","sourceId":"usgs-pad-us-fee-managers","sourceUrl":"https://services.arcgis.com/v01gqwM5QqNysAAi/arcgis/rest/services/Fee_Managers_PADUS/FeatureServer/0","sourceUpdated":"2016-02-05T05:00:00.000Z","publicUse":"PAD-US reports open access; verify current manager conditions and restrictions.","unit":"UNK","origin":"public-catalog"}},{"type":"Feature","id":"usgs-pad-us-fee-managers:62063","geometry":{"type":"Polygon","coordinates":[[[-79.5596,37.7398],[-79.5592,37.7393],[-79.5591,37.7395],[-79.5581,37.7379],[-79.5574,37.7346],[-79.5521,37.7328],[-79.5496,37.7311],[-79.5494,37.7293],[-79.5478,37.7286],[-79.5519,37.7187],[-79.5549,37.715],[-79.5567,37.7117],[-79.5533,37.7118],[-79.5542,37.7097],[-79.5435,37.7011],[-79.5451,37.6998],[-79.547,37.6974],[-79.5514,37.7008],[-79.5557,37.7063],[-79.5623,37.6984],[-79.5649,37.6996],[-79.5658,37.6969],[-79.5682,37.6977],[-79.5684,37.6964],[-79.5691,37.6964],[-79.5697,37.6952],[-79.5688,37.6938],[-79.5672,37.6929],[-79.5703,37.6837],[-79.5729,37.6828],[-79.5783,37.6791],[-79.5802,37.6785],[-79.5857,37.6735],[-79.5862,37.6739],[-79.5906,37.6736],[-79.5931,37.6726],[-79.5958,37.672],[-79.5976,37.6711],[-79.5983,37.6704],[-79.5988,37.6685],[-79.6,37.6678],[-79.6008,37.6677],[-79.6017,37.6665],[-79.6035,37.6651],[-79.6042,37.6649],[-79.6049,37.6641],[-79.6046,37.6637],[-79.605,37.6631],[-79.6059,37.6623],[-79.6062,37.6608],[-79.6073,37.6598],[-79.6075,37.6591],[-79.5983,37.654],[-79.5914,37.6561],[-79.5884,37.6544],[-79.5872,37.6549],[-79.5844,37.649],[-79.5871,37.6459],[-79.5873,37.6448],[-79.5887,37.6433],[-79.5903,37.64],[-79.5958,37.6442],[-79.596,37.6451],[-79.5971,37.6455],[-79.5985,37.6454],[-79.602,37.6458],[-79.6051,37.6471],[-79.6099,37.6478],[-79.6158,37.6508],[-79.6182,37.6475],[-79.6158,37.6452],[-79.6165,37.6442],[-79.6153,37.6437],[-79.619,37.6405],[-79.6182,37.6394],[-79.6189,37.6374],[-79.617,37.6368],[-79.6165,37.6373],[-79.6139,37.6359],[-79.6164,37.6313],[-79.6207,37.6334],[-79.6302,37.6241],[-79.6319,37.6251],[-79.6336,37.6225],[-79.6372,37.6203],[-79.6381,37.6218],[-79.6416,37.6206],[-79.6451,37.6214],[-79.6459,37.6298],[-79.6443,37.6319],[-79.6436,37.6333],[-79.6451,37.6347],[-79.6433,37.6365],[-79.6423,37.6362],[-79.6408,37.6377],[-79.6412,37.638],[-79.6363,37.6444],[-79.6374,37.6448],[-79.6333,37.6499],[-79.6335,37.6501],[-79.6298,37.6551],[-79.6276,37.6523],[-79.6296,37.6495],[-79.6318,37.6469],[-79.633,37.6441],[-79.6339,37.6425],[-79.6358,37.6402],[-79.6389,37.6338],[-79.6389,37.6328],[-79.6342,37.6309],[-79.6309,37.6349],[-79.6288,37.6389],[-79.6281,37.6391],[-79.6248,37.642],[-79.622,37.6463],[-79.622,37.6469],[-79.6196,37.6494],[-79.6187,37.6515],[-79.6133,37.659],[-79.6116,37.6607],[-79.6098,37.6617],[-79.6138,37.6644],[-79.617,37.6611],[-79.6228,37.657],[-79.6232,37.6574],[-79.6093,37.6702],[-79.5952,37.6816],[-79.5947,37.6816],[-79.593,37.6826],[-79.5917,37.6838],[-79.5909,37.6834],[-79.5896,37.6839],[-79.5878,37.6855],[-79.5818,37.6804],[-79.5812,37.688],[-79.5799,37.6874],[-79.5784,37.6896],[-79.5779,37.6909],[-79.5797,37.6918],[-79.5769,37.6983],[-79.5737,37.7024],[-79.5699,37.7081],[-79.571,37.7096],[-79.5764,37.7118],[-79.5725,37.7145],[-79.5639,37.7111],[-79.5627,37.7115],[-79.5616,37.7127],[-79.5608,37.7142],[-79.5603,37.7164],[-79.5565,37.721],[-79.5589,37.7297],[-79.5611,37.7296],[-79.5597,37.7343],[-79.5609,37.7354],[-79.5613,37.7377],[-79.5596,37.7398]]]},"properties":{"id":"usgs-pad-us-fee-managers:62063","name":"Short Hills Wildlife Management Area","kind":"land","category":"public-land","sourceCategory":"public-land","sourceId":"usgs-pad-us-fee-managers","sourceUrl":"https://services.arcgis.com/v01gqwM5QqNysAAi/arcgis/rest/services/Fee_Managers_PADUS/FeatureServer/0","sourceUpdated":"2010-10-29T04:00:00.000Z","publicUse":"PAD-US reports open access; verify current manager conditions and restrictions.","unit":"UNK","origin":"public-catalog"}},{"type":"Feature","id":"usgs-pad-us-fee-managers:62064","geometry":{"type":"Polygon","coordinates":[[[-79.5812,37.688],[-79.5818,37.6804],[-79.5886,37.6862],[-79.5839,37.6891],[-79.5812,37.688]]]},"properties":{"id":"usgs-pad-us-fee-managers:62064","name":"Short Hills Wildlife Management Area","kind":"land","category":"public-land","sourceCategory":"public-land","sourceId":"usgs-pad-us-fee-managers","sourceUrl":"https://services.arcgis.com/v01gqwM5QqNysAAi/arcgis/rest/services/Fee_Managers_PADUS/FeatureServer/0","sourceUpdated":"2018-08-29T04:00:00.000Z","publicUse":"PAD-US reports open access; verify current manager conditions and restrictions.","unit":"UNK","origin":"public-catalog"}},{"type":"Feature","id":"usgs-pad-us-fee-managers:62065","geometry":{"type":"Polygon","coordinates":[[[-78.5323,38.6836],[-78.5284,38.6764],[-78.5289,38.6761],[-78.5305,38.6783],[-78.5339,38.6782],[-78.5346,38.6798],[-78.5417,38.6835],[-78.5409,38.6856],[-78.5414,38.6859],[-78.5392,38.6882],[-78.5323,38.6836]]]},"properties":{"id":"usgs-pad-us-fee-managers:62065","name":"Smoot State Wildlife Management Area","kind":"land","category":"public-land","sourceCategory":"public-land","sourceId":"usgs-pad-us-fee-managers","sourceUrl":"https://services.arcgis.com/v01gqwM5QqNysAAi/arcgis/rest/services/Fee_Managers_PADUS/FeatureServer/0","sourceUpdated":"2016-02-05T05:00:00.000Z","publicUse":"PAD-US reports access is not open to the public.","unit":"UNK","origin":"public-catalog"}},{"type":"Feature","id":"usgs-pad-us-fee-managers:62066","geometry":{"type":"Polygon","coordinates":[[[-80.7779,36.6078],[-80.779,36.6052],[-80.7797,36.6008],[-80.7756,36.6004],[-80.7768,36.5986],[-80.7757,36.5977],[-80.7761,36.5975],[-80.7753,36.5955],[-80.7788,36.5946],[-80.7794,36.5959],[-80.7807,36.596],[-80.7823,36.597],[-80.7829,36.5967],[-80.7834,36.5956],[-80.7842,36.5958],[-80.7853,36.5955],[-80.7871,36.5931],[-80.7874,36.592],[-80.7884,36.5911],[-80.7895,36.5907],[-80.7917,36.5909],[-80.7908,36.5905],[-80.7908,36.5892],[-80.7921,36.5857],[-80.7929,36.5855],[-80.794,36.5863],[-80.7945,36.5875],[-80.7919,36.5904],[-80.7918,36.5909],[-80.7966,36.5912],[-80.7961,36.5898],[-80.7983,36.5898],[-80.8013,36.5885],[-80.8039,36.589],[-80.8062,36.5901],[-80.8089,36.5888],[-80.8116,36.5896],[-80.8106,36.5924],[-80.8085,36.5952],[-80.8088,36.5956],[-80.8096,36.5959],[-80.81,36.5959],[-80.8106,36.5952],[-80.8123,36.5942],[-80.8129,36.5941],[-80.8132,36.5937],[-80.8143,36.5937],[-80.8149,36.5929],[-80.8165,36.592],[-80.8167,36.5914],[-80.8186,36.591],[-80.8181,36.5969],[-80.8166,36.5973],[-80.8165,36.5975],[-80.8163,36.5999],[-80.8158,36.6004],[-80.8123,36.5995],[-80.812,36.6001],[-80.8119,36.6012],[-80.81,36.6009],[-80.8089,36.6003],[-80.8085,36.5998],[-80.8076,36.6005],[-80.8084,36.6031],[-80.8073,36.6034],[-80.805,36.6036],[-80.8041,36.6034],[-80.8022,36.6032],[-80.8019,36.6026],[-80.8011,36.6022],[-80.8011,36.6018],[-80.8016,36.6013],[-80.802,36.6006],[-80.8019,36.6],[-80.8007,36.6009],[-80.7988,36.6014],[-80.7964,36.6015],[-80.7943,36.6],[-80.7952,36.6017],[-80.7928,36.6024],[-80.7915,36.6035],[-80.7887,36.6022],[-80.784,36.6052],[-80.7838,36.6049],[-80.7821,36.6051],[-80.7824,36.6058],[-80.7821,36.6065],[-80.7808,36.6064],[-80.7785,36.6081],[-80.7795,36.6086],[-80.7785,36.6099],[-80.7771,36.6098],[-80.7765,36.6092],[-80.7769,36.6086],[-80.7772,36.6086],[-80.7779,36.6078]]]},"properties":{"id":"usgs-pad-us-fee-managers:62066","name":"Stewarts Creek Wildlife Management Area","kind":"land","category":"public-land","sourceCategory":"public-land","sourceId":"usgs-pad-us-fee-managers","sourceUrl":"https://services.arcgis.com/v01gqwM5QqNysAAi/arcgis/rest/services/Fee_Managers_PADUS/FeatureServer/0","sourceUpdated":"2009-09-14T04:00:00.000Z","publicUse":"PAD-US reports open access; verify current manager conditions and restrictions.","unit":"UNK","origin":"public-catalog"}},{"type":"Feature","id":"usgs-pad-us-fee-managers:62067","geometry":{"type":"Polygon","coordinates":[[[-80.8192,36.601],[-80.8186,36.5996],[-80.8163,36.5994],[-80.8166,36.5973],[-80.8185,36.5968],[-80.8206,36.5967],[-80.8223,36.5959],[-80.8229,36.5959],[-80.824,36.5977],[-80.8211,36.5992],[-80.8192,36.601]]]},"properties":{"id":"usgs-pad-us-fee-managers:62067","name":"Stewarts Creek Wildlife Management Area","kind":"land","category":"public-land","sourceCategory":"public-land","sourceId":"usgs-pad-us-fee-managers","sourceUrl":"https://services.arcgis.com/v01gqwM5QqNysAAi/arcgis/rest/services/Fee_Managers_PADUS/FeatureServer/0","sourceUpdated":"2018-05-04T04:00:00.000Z","publicUse":"PAD-US reports open access; verify current manager conditions and restrictions.","unit":"UNK","origin":"public-catalog"}},{"type":"Feature","id":"usgs-pad-us-fee-managers:62068","geometry":{"type":"Polygon","coordinates":[[[-81.1298,36.8918],[-81.1292,36.8896],[-81.1307,36.8886],[-81.1331,36.888],[-81.1326,36.8895],[-81.1329,36.89],[-81.1325,36.89],[-81.1326,36.8903],[-81.133,36.8902],[-81.133,36.8904],[-81.1327,36.8913],[-81.1324,36.8916],[-81.1317,36.8916],[-81.1309,36.8913],[-81.1308,36.8917],[-81.1298,36.8918]]]},"properties":{"id":"usgs-pad-us-fee-managers:62068","name":"The Big Survey Wildlife Management Area","kind":"land","category":"public-land","sourceCategory":"public-land","sourceId":"usgs-pad-us-fee-managers","sourceUrl":"https://services.arcgis.com/v01gqwM5QqNysAAi/arcgis/rest/services/Fee_Managers_PADUS/FeatureServer/0","sourceUpdated":"2011-06-09T04:00:00.000Z","publicUse":"PAD-US reports open access; verify current manager conditions and restrictions.","unit":"UNK","origin":"public-catalog"}},{"type":"Feature","id":"usgs-pad-us-fee-managers:62069","geometry":{"type":"MultiPolygon","coordinates":[[[[-81.0917,36.8951],[-81.0922,36.8935],[-81.0916,36.8921],[-81.0918,36.8903],[-81.0926,36.8886],[-81.0937,36.8877],[-81.0942,36.8864],[-81.0935,36.8853],[-81.0936,36.884],[-81.0964,36.8821],[-81.1009,36.8834],[-81.1057,36.8831],[-81.1068,36.8827],[-81.1093,36.8828],[-81.1136,36.8819],[-81.1211,36.8797],[-81.1231,36.8796],[-81.1242,36.879],[-81.1262,36.8787],[-81.1263,36.8789],[-81.1281,36.8788],[-81.1309,36.8833],[-81.1337,36.8823],[-81.1346,36.8825],[-81.1349,36.8833],[-81.1353,36.8832],[-81.1356,36.8841],[-81.136,36.8839],[-81.1364,36.8842],[-81.1361,36.8845],[-81.1349,36.8846],[-81.1351,36.8855],[-81.1342,36.8862],[-81.13,36.8875],[-81.1307,36.8886],[-81.1202,36.8954],[-81.1202,36.8957],[-81.1169,36.8962],[-81.1169,36.8954],[-81.1164,36.8942],[-81.1086,36.8916],[-81.1079,36.8958],[-81.1067,36.8971],[-81.1065,36.8978],[-81.0984,36.8958],[-81.095,36.8978],[-81.0903,36.8978],[-81.0904,36.896],[-81.0911,36.8957],[-81.0917,36.8951]]],[[[-80.9984,36.9197],[-80.9943,36.9175],[-80.9916,36.9184],[-80.9892,36.9181],[-80.9872,36.9124],[-80.9934,36.9105],[-80.9947,36.9093],[-80.9965,36.9086],[-80.9967,36.9081],[-80.9968,36.9064],[-80.9957,36.9057],[-80.995,36.9056],[-80.9927,36.9061],[-80.9916,36.9057],[-80.9935,36.9045],[-80.9975,36.9008],[-80.9977,36.9025],[-81.0052,36.9001],[-81.0108,36.8986],[-81.0113,36.9019],[-81.0116,36.9018],[-81.0143,36.9023],[-81.0171,36.9042],[-81.0178,36.9038],[-81.0218,36.9037],[-81.0224,36.9032],[-81.0222,36.9023],[-81.0221,36.8982],[-81.023,36.8978],[-81.0229,36.8967],[-81.0249,36.8968],[-81.0248,36.8959],[-81.0227,36.8958],[-81.0219,36.8899],[-81.024,36.8889],[-81.026,36.8853],[-81.0278,36.8844],[-81.0328,36.8841],[-81.0384,36.8842],[-81.0413,36.8832],[-81.0424,36.8832],[-81.0425,36.8814],[-81.0418,36.8767],[-81.0384,36.8772],[-81.0371,36.8771],[-81.0359,36.8767],[-81.0426,36.8756],[-81.0565,36.8756],[-81.0565,36.8758],[-81.0589,36.8751],[-81.0631,36.8748],[-81.0685,36.8734],[-81.071,36.8722],[-81.0731,36.8716],[-81.0733,36.8712],[-81.0739,36.8714],[-81.0743,36.872],[-81.0752,36.8743],[-81.0762,36.8744],[-81.0768,36.8751],[-81.0769,36.8781],[-81.0776,36.8784],[-81.0776,36.879],[-81.0792,36.8793],[-81.0799,36.8803],[-81.0811,36.8802],[-81.0825,36.881],[-81.0837,36.8805],[-81.0843,36.8808],[-81.0834,36.8812],[-81.0828,36.8818],[-81.0812,36.8822],[-81.0809,36.8825],[-81.0808,36.8832],[-81.0756,36.8878],[-81.075,36.8875],[-81.0728,36.8888],[-81.0721,36.889],[-81.0708,36.8899],[-81.0702,36.89],[-81.0674,36.8898],[-81.065,36.889],[-81.0637,36.8897],[-81.0629,36.8876],[-81.0608,36.8872],[-81.0595,36.8876],[-81.0594,36.8889],[-81.0563,36.8901],[-81.0544,36.8913],[-81.0509,36.8917],[-81.0492,36.8939],[-81.0488,36.8961],[-81.0473,36.8969],[-81.0472,36.8977],[-81.0468,36.8984],[-81.0471,36.899],[-81.0473,36.901],[-81.0546,36.9042],[-81.0552,36.9049],[-81.0559,36.9053],[-81.058,36.9062],[-81.0591,36.9074],[-81.0597,36.9073],[-81.0613,36.9078],[-81.0633,36.9073],[-81.0658,36.9078],[-81.0729,36.9073],[-81.075,36.9064],[-81.0755,36.9053],[-81.0791,36.9054],[-81.082,36.9049],[-81.0842,36.9048],[-81.0865,36.9051],[-81.0876,36.9038],[-81.0889,36.9033],[-81.0887,36.8995],[-81.0912,36.8999],[-81.0933,36.9006],[-81.0976,36.9013],[-81.0994,36.9022],[-81.1013,36.9025],[-81.1021,36.9031],[-81.098,36.9089],[-81.0976,36.91],[-81.0963,36.9113],[-81.0957,36.9129],[-81.0946,36.9131],[-81.0944,36.9137],[-81.0939,36.914],[-81.0921,36.9138],[-81.0908,36.9146],[-81.0899,36.9145],[-81.0899,36.9158],[-81.0891,36.9166],[-81.0889,36.917],[-81.0852,36.9139],[-81.0782,36.9192],[-81.0761,36.9226],[-81.0738,36.9227],[-81.0727,36.9222],[-81.0722,36.9215],[-81.0708,36.9215],[-81.0697,36.9212],[-81.0678,36.9212],[-81.0672,36.9218],[-81.0657,36.9216],[-81.0631,36.9228],[-81.0596,36.9199],[-81.0567,36.9263],[-81.0563,36.9257],[-81.0565,36.9251],[-81.0565,36.924],[-81.0563,36.924],[-81.0557,36.9245],[-81.0549,36.9245],[-81.0576,36.9183],[-81.055,36.9162],[-81.052,36.9155],[-81.0526,36.9151],[-81.053,36.913],[-81.0492,36.9096],[-81.0159,36.9204],[-80.9985,36.9243],[-80.9984,36.9197]]]]},"properties":{"id":"usgs-pad-us-fee-managers:62069","name":"The Big Survey Wildlife Management Area","kind":"land","category":"public-land","sourceCategory":"public-land","sourceId":"usgs-pad-us-fee-managers","sourceUrl":"https://services.arcgis.com/v01gqwM5QqNysAAi/arcgis/rest/services/Fee_Managers_PADUS/FeatureServer/0","sourceUpdated":"2020-09-10T04:00:00.000Z","publicUse":"PAD-US reports open access; verify current manager conditions and restrictions.","unit":"UNK","origin":"public-catalog"}},{"type":"Feature","id":"usgs-pad-us-fee-managers:62070","geometry":{"type":"Polygon","coordinates":[[[-78.0076,38.949],[-78.0094,38.9488],[-78.0096,38.9498],[-78.0079,38.9501],[-78.0076,38.949]]]},"properties":{"id":"usgs-pad-us-fee-managers:62070","name":"Thompson Wildlife Management Area","kind":"land","category":"public-land","sourceCategory":"public-land","sourceId":"usgs-pad-us-fee-managers","sourceUrl":"https://services.arcgis.com/v01gqwM5QqNysAAi/arcgis/rest/services/Fee_Managers_PADUS/FeatureServer/0","sourceUpdated":"2016-02-05T05:00:00.000Z","publicUse":"PAD-US reports open access; verify current manager conditions and restrictions.","unit":"UNK","origin":"public-catalog"}},{"type":"Feature","id":"usgs-pad-us-fee-managers:62071","geometry":{"type":"Polygon","coordinates":[[[-77.9983,38.9685],[-77.9944,38.9661],[-77.9912,38.9653],[-77.9918,38.9614],[-77.9884,38.9575],[-77.9914,38.9563],[-77.9922,38.9556],[-77.9942,38.9545],[-77.9946,38.9539],[-77.9961,38.9538],[-77.9977,38.9526],[-77.9988,38.9526],[-78.0006,38.9519],[-78.0013,38.9524],[-78.0022,38.9523],[-78.0024,38.9526],[-78.0065,38.9447],[-78.0075,38.9447],[-78.0075,38.944],[-78.007,38.944],[-78.0069,38.9432],[-78.0094,38.9382],[-78.0124,38.9356],[-78.0119,38.9333],[-78.0155,38.9329],[-78.0169,38.9321],[-78.0095,38.9277],[-78.0083,38.9277],[-78.0087,38.9274],[-78.0072,38.9271],[-78.005,38.9244],[-78.0042,38.9242],[-78.0034,38.9233],[-78.0022,38.9228],[-78.0007,38.9212],[-78.003,38.9196],[-78.013,38.9255],[-78.0213,38.9259],[-78.0228,38.9264],[-78.0251,38.9264],[-78.0334,38.9246],[-78.04,38.9245],[-78.0425,38.9288],[-78.0444,38.9298],[-78.0442,38.9303],[-78.0446,38.9306],[-78.0491,38.9302],[-78.0448,38.9374],[-78.0445,38.9374],[-78.044,38.9382],[-78.0401,38.9393],[-78.0395,38.9399],[-78.0382,38.9438],[-78.0368,38.9465],[-78.0361,38.9474],[-78.0371,38.9477],[-78.0362,38.9495],[-78.0366,38.9501],[-78.0362,38.9508],[-78.0307,38.9507],[-78.0308,38.9518],[-78.0282,38.9518],[-78.0285,38.9574],[-78.023,38.9571],[-78.02,38.9639],[-78.0197,38.9683],[-78.0194,38.9687],[-78.0196,38.9698],[-78.0179,38.972],[-78.0122,38.9694],[-78.008,38.9693],[-78.0043,38.9724],[-77.9983,38.9685]]]},"properties":{"id":"usgs-pad-us-fee-managers:62071","name":"Thompson Wildlife Management Area","kind":"land","category":"public-land","sourceCategory":"public-land","sourceId":"usgs-pad-us-fee-managers","sourceUrl":"https://services.arcgis.com/v01gqwM5QqNysAAi/arcgis/rest/services/Fee_Managers_PADUS/FeatureServer/0","sourceUpdated":"2017-11-06T05:00:00.000Z","publicUse":"PAD-US reports open access; verify current manager conditions and restrictions.","unit":"UNK","origin":"public-catalog"}},{"type":"Feature","id":"usgs-pad-us-fee-managers:62072","geometry":{"type":"Polygon","coordinates":[[[-77.9831,38.9844],[-77.9916,38.9728],[-77.9925,38.9732],[-77.9939,38.9744],[-77.9976,38.9763],[-77.9997,38.9767],[-78.0033,38.9784],[-78.0038,38.9787],[-78.0039,38.9795],[-78.0047,38.9804],[-78.0022,38.9821],[-78.0014,38.983],[-77.9982,38.9877],[-77.9964,38.9895],[-77.9939,38.9935],[-77.9872,38.9895],[-77.9875,38.9889],[-77.9835,38.9866],[-77.9825,38.9851],[-77.9831,38.9844]]]},"properties":{"id":"usgs-pad-us-fee-managers:62072","name":"Thompson Wildlife Management Area","kind":"land","category":"public-land","sourceCategory":"public-land","sourceId":"usgs-pad-us-fee-managers","sourceUrl":"https://services.arcgis.com/v01gqwM5QqNysAAi/arcgis/rest/services/Fee_Managers_PADUS/FeatureServer/0","sourceUpdated":"2020-02-24T05:00:00.000Z","publicUse":"PAD-US reports open access; verify current manager conditions and restrictions.","unit":"UNK","origin":"public-catalog"}},{"type":"Feature","id":"usgs-pad-us-fee-managers:62073","geometry":{"type":"Polygon","coordinates":[[[-79.6713,36.8339],[-79.6738,36.8296],[-79.6681,36.8291],[-79.6671,36.8311],[-79.6661,36.8314],[-79.6616,36.8293],[-79.6632,36.8281],[-79.6681,36.8218],[-79.6714,36.8197],[-79.6735,36.8169],[-79.6804,36.8192],[-79.6817,36.8153],[-79.6856,36.8148],[-79.6859,36.8143],[-79.685,36.8125],[-79.6889,36.8153],[-79.6995,36.8172],[-79.7014,36.814],[-79.7023,36.8139],[-79.7042,36.8095],[-79.7035,36.8089],[-79.7034,36.8077],[-79.7047,36.8067],[-79.7084,36.8109],[-79.7073,36.813],[-79.7081,36.8153],[-79.7198,36.8108],[-79.7218,36.8135],[-79.7274,36.8106],[-79.7311,36.8059],[-79.7411,36.802],[-79.7412,36.8035],[-79.741,36.805],[-79.7414,36.806],[-79.7414,36.8069],[-79.742,36.8075],[-79.7428,36.8091],[-79.7442,36.8094],[-79.744,36.8107],[-79.7426,36.8128],[-79.7371,36.8162],[-79.724,36.8227],[-79.7238,36.8221],[-79.7096,36.8276],[-79.7086,36.8268],[-79.706,36.8283],[-79.7052,36.8272],[-79.6904,36.8318],[-79.6892,36.8315],[-79.6868,36.8335],[-79.6829,36.8338],[-79.6818,36.8344],[-79.6738,36.8371],[-79.6713,36.8339]]]},"properties":{"id":"usgs-pad-us-fee-managers:62073","name":"Turkeycock Wildlife Management Area","kind":"land","category":"public-land","sourceCategory":"public-land","sourceId":"usgs-pad-us-fee-managers","sourceUrl":"https://services.arcgis.com/v01gqwM5QqNysAAi/arcgis/rest/services/Fee_Managers_PADUS/FeatureServer/0","sourceUpdated":"2009-09-14T04:00:00.000Z","publicUse":"PAD-US reports open access; verify current manager conditions and restrictions.","unit":"UNK","origin":"public-catalog"}},{"type":"Feature","id":"usgs-pad-us-fee-managers:62074","geometry":{"type":"Polygon","coordinates":[[[-76.777,37.4874],[-76.7775,37.4868],[-76.7757,37.4871],[-76.7739,37.4872],[-76.7733,37.4869],[-76.7731,37.4872],[-76.7726,37.4868],[-76.7733,37.4862],[-76.773,37.4856],[-76.7717,37.4854],[-76.7721,37.4859],[-76.7712,37.4858],[-76.7702,37.4863],[-76.7693,37.4861],[-76.7692,37.4856],[-76.7676,37.4841],[-76.7677,37.4837],[-76.7655,37.4827],[-76.7657,37.4825],[-76.7654,37.4824],[-76.7645,37.4827],[-76.7636,37.4825],[-76.7626,37.4814],[-76.7631,37.4809],[-76.7624,37.481],[-76.7619,37.48],[-76.7616,37.4771],[-76.7617,37.4739],[-76.7624,37.4735],[-76.762,37.4728],[-76.7609,37.4726],[-76.762,37.4679],[-76.7609,37.4676],[-76.7596,37.4653],[-76.76,37.4626],[-76.7595,37.4599],[-76.7565,37.4574],[-76.7563,37.4564],[-76.7566,37.4562],[-76.7583,37.4564],[-76.7605,37.4587],[-76.761,37.4544],[-76.7606,37.4522],[-76.7628,37.4532],[-76.7637,37.4542],[-76.7645,37.4523],[-76.7659,37.4516],[-76.7623,37.4504],[-76.7624,37.4493],[-76.7581,37.446],[-76.7581,37.4455],[-76.7593,37.4448],[-76.7603,37.4452],[-76.7609,37.4466],[-76.7614,37.4466],[-76.7627,37.4448],[-76.7626,37.4445],[-76.762,37.4443],[-76.7603,37.4448],[-76.7594,37.4445],[-76.7594,37.444],[-76.7604,37.4436],[-76.7606,37.4428],[-76.7629,37.4427],[-76.7641,37.4431],[-76.7642,37.4427],[-76.7637,37.4419],[-76.764,37.4416],[-76.7649,37.4415],[-76.766,37.4401],[-76.7649,37.4401],[-76.7637,37.4384],[-76.7644,37.4372],[-76.765,37.4376],[-76.7658,37.437],[-76.7666,37.4374],[-76.7655,37.4382],[-76.7659,37.4387],[-76.7667,37.4386],[-76.768,37.4393],[-76.7684,37.4391],[-76.7687,37.4385],[-76.7675,37.4383],[-76.7683,37.4367],[-76.7691,37.4367],[-76.7697,37.4354],[-76.7705,37.435],[-76.7713,37.435],[-76.7715,37.4355],[-76.771,37.4361],[-76.7714,37.4369],[-76.7705,37.4372],[-76.7702,37.4388],[-76.7706,37.4391],[-76.7717,37.4384],[-76.7728,37.4384],[-76.7743,37.4366],[-76.7743,37.4349],[-76.7756,37.4347],[-76.777,37.4338],[-76.7774,37.4342],[-76.7767,37.4348],[-76.7772,37.4358],[-76.7783,37.4356],[-76.7784,37.4359],[-76.7803,37.436],[-76.7808,37.4366],[-76.7814,37.4367],[-76.7826,37.4375],[-76.7831,37.4376],[-76.7833,37.4395],[-76.7839,37.4411],[-76.7843,37.442],[-76.7852,37.4429],[-76.7846,37.4447],[-76.7838,37.4444],[-76.7811,37.4457],[-76.7796,37.446],[-76.7794,37.4483],[-76.7777,37.4497],[-76.7802,37.4511],[-76.7813,37.4521],[-76.7824,37.4524],[-76.7847,37.4543],[-76.7841,37.4555],[-76.7845,37.4568],[-76.7834,37.459],[-76.7847,37.4595],[-76.782,37.4627],[-76.7795,37.46],[-76.7779,37.4588],[-76.7753,37.458],[-76.7742,37.4584],[-76.7733,37.4583],[-76.7705,37.4625],[-76.7732,37.4644],[-76.7782,37.4669],[-76.7761,37.466],[-76.7753,37.467],[-76.776,37.4674],[-76.7759,37.4677],[-76.7737,37.4698],[-76.7769,37.4688],[-76.7812,37.4718],[-76.7827,37.4698],[-76.7848,37.4688],[-76.7868,37.47],[-76.7887,37.4707],[-76.7906,37.4722],[-76.7918,37.4725],[-76.7925,37.4731],[-76.7932,37.4737],[-76.7932,37.4741],[-76.7918,37.4744],[-76.7907,37.476],[-76.7904,37.4758],[-76.79,37.4764],[-76.7912,37.4778],[-76.7908,37.478],[-76.7915,37.4788],[-76.7928,37.4781],[-76.7932,37.4785],[-76.7939,37.4795],[-76.7941,37.4804],[-76.7939,37.4812],[-76.7935,37.481],[-76.793,37.4816],[-76.793,37.4818],[-76.7941,37.4831],[-76.7933,37.4835],[-76.7917,37.4828],[-76.7911,37.4832],[-76.7912,37.4839],[-76.7906,37.4842],[-76.7905,37.4836],[-76.79,37.4838],[-76.7903,37.4846],[-76.7895,37.4849],[-76.7894,37.4843],[-76.7888,37.4847],[-76.7881,37.4842],[-76.7873,37.4842],[-76.7867,37.4863],[-76.7848,37.4857],[-76.7838,37.4864],[-76.785,37.4871],[-76.7833,37.4876],[-76.7845,37.488],[-76.7845,37.4889],[-76.7852,37.4895],[-76.7842,37.4901],[-76.7832,37.4902],[-76.7814,37.4898],[-76.7784,37.4879],[-76.777,37.4874]]]},"properties":{"id":"usgs-pad-us-fee-managers:62074","name":"Ware Creek Wildlife Management Area","kind":"land","category":"public-land","sourceCategory":"public-land","sourceId":"usgs-pad-us-fee-managers","sourceUrl":"https://services.arcgis.com/v01gqwM5QqNysAAi/arcgis/rest/services/Fee_Managers_PADUS/FeatureServer/0","sourceUpdated":"2021-05-21T04:00:00.000Z","publicUse":"PAD-US reports open access; verify current manager conditions and restrictions.","unit":"UNK","origin":"public-catalog"}},{"type":"Feature","id":"usgs-pad-us-fee-managers:62075","geometry":{"type":"Polygon","coordinates":[[[-77.6921,38.6685],[-77.69,38.6681],[-77.6894,38.6677],[-77.69,38.6667],[-77.6887,38.6655],[-77.6888,38.6651],[-77.6892,38.665],[-77.6892,38.6646],[-77.6885,38.6638],[-77.6874,38.6635],[-77.6874,38.663],[-77.6866,38.6614],[-77.686,38.6613],[-77.686,38.6607],[-77.6856,38.6605],[-77.6858,38.6598],[-77.6856,38.659],[-77.6859,38.6585],[-77.6976,38.6606],[-77.6976,38.659],[-77.7009,38.6592],[-77.7035,38.6591],[-77.7038,38.6625],[-77.7015,38.6624],[-77.7,38.6628],[-77.7,38.6614],[-77.699,38.6613],[-77.6988,38.6625],[-77.698,38.6624],[-77.6977,38.6634],[-77.698,38.6642],[-77.6994,38.6639],[-77.6998,38.6629],[-77.7022,38.6625],[-77.7039,38.6626],[-77.6935,38.6693],[-77.6921,38.6685]]]},"properties":{"id":"usgs-pad-us-fee-managers:62075","name":"Weston Wildlife Management Area","kind":"land","category":"public-land","sourceCategory":"public-land","sourceId":"usgs-pad-us-fee-managers","sourceUrl":"https://services.arcgis.com/v01gqwM5QqNysAAi/arcgis/rest/services/Fee_Managers_PADUS/FeatureServer/0","sourceUpdated":"2016-02-05T05:00:00.000Z","publicUse":"PAD-US reports open access; verify current manager conditions and restrictions.","unit":"UNK","origin":"public-catalog"}},{"type":"Feature","id":"usgs-pad-us-fee-managers:62076","geometry":{"type":"Polygon","coordinates":[[[-79.3051,36.8186],[-79.2924,36.8152],[-79.294,36.814],[-79.2949,36.8121],[-79.2966,36.8122],[-79.3019,36.813],[-79.3005,36.8074],[-79.301,36.8067],[-79.3027,36.8051],[-79.3082,36.8016],[-79.3094,36.7998],[-79.3105,36.7993],[-79.3109,36.7987],[-79.3119,36.7979],[-79.3131,36.7952],[-79.3149,36.7952],[-79.3168,36.7956],[-79.3178,36.7959],[-79.3182,36.7963],[-79.3196,36.795],[-79.3199,36.7942],[-79.3205,36.7937],[-79.3219,36.793],[-79.3225,36.7923],[-79.3244,36.7916],[-79.3243,36.7912],[-79.3214,36.7914],[-79.3203,36.7912],[-79.3202,36.7914],[-79.3182,36.7913],[-79.3167,36.7911],[-79.314,36.7868],[-79.3118,36.7861],[-79.3126,36.7833],[-79.3123,36.783],[-79.3117,36.7829],[-79.3153,36.7791],[-79.3162,36.7798],[-79.3187,36.7776],[-79.3239,36.7723],[-79.3244,36.7731],[-79.3255,36.7735],[-79.3259,36.7736],[-79.3267,36.7732],[-79.3283,36.7739],[-79.3314,36.7736],[-79.3314,36.7743],[-79.3327,36.7742],[-79.3334,36.7744],[-79.3369,36.7758],[-79.3333,36.7778],[-79.3334,36.7783],[-79.3368,36.7822],[-79.3405,36.7772],[-79.3433,36.7786],[-79.3438,36.7821],[-79.3427,36.7851],[-79.344,36.785],[-79.3448,36.7861],[-79.3448,36.7867],[-79.3436,36.786],[-79.3427,36.7859],[-79.3419,36.7863],[-79.3415,36.7872],[-79.3421,36.7883],[-79.344,36.7902],[-79.3443,36.7909],[-79.3444,36.7918],[-79.3433,36.7925],[-79.3387,36.7937],[-79.3378,36.7941],[-79.3369,36.795],[-79.3367,36.7956],[-79.337,36.7963],[-79.3378,36.7972],[-79.3378,36.7981],[-79.3369,36.7985],[-79.3346,36.7987],[-79.3328,36.801],[-79.3335,36.8021],[-79.3344,36.8025],[-79.3374,36.8022],[-79.3382,36.8027],[-79.3393,36.8038],[-79.3408,36.8058],[-79.3407,36.8062],[-79.3398,36.8073],[-79.339,36.8071],[-79.3349,36.8043],[-79.3332,36.8041],[-79.3323,36.8043],[-79.3315,36.8053],[-79.3311,36.8079],[-79.3312,36.8088],[-79.3322,36.8106],[-79.3321,36.811],[-79.3313,36.811],[-79.3293,36.8103],[-79.3268,36.8076],[-79.3258,36.8081],[-79.3254,36.8089],[-79.324,36.8098],[-79.3237,36.8102],[-79.3237,36.8113],[-79.325,36.8123],[-79.3248,36.8128],[-79.3234,36.813],[-79.3195,36.812],[-79.3184,36.812],[-79.3173,36.8144],[-79.3174,36.815],[-79.3183,36.8164],[-79.3183,36.8168],[-79.3177,36.8168],[-79.3155,36.8158],[-79.3142,36.8137],[-79.3135,36.8131],[-79.312,36.8128],[-79.3108,36.813],[-79.3101,36.8138],[-79.3101,36.8146],[-79.3126,36.8186],[-79.3109,36.8191],[-79.3114,36.8207],[-79.31,36.8207],[-79.31,36.8217],[-79.3091,36.8219],[-79.3069,36.8214],[-79.3061,36.8207],[-79.3053,36.8186],[-79.3051,36.8186]],[[-79.3059,36.808],[-79.3043,36.8075],[-79.3045,36.8081],[-79.3043,36.8082],[-79.3049,36.8089],[-79.3052,36.8088],[-79.3059,36.808]]]},"properties":{"id":"usgs-pad-us-fee-managers:62076","name":"White Oak Mountain Wildlife Management Area","kind":"land","category":"public-land","sourceCategory":"public-land","sourceId":"usgs-pad-us-fee-managers","sourceUrl":"https://services.arcgis.com/v01gqwM5QqNysAAi/arcgis/rest/services/Fee_Managers_PADUS/FeatureServer/0","sourceUpdated":"2016-02-05T05:00:00.000Z","publicUse":"PAD-US reports open access; verify current manager conditions and restrictions.","unit":"UNK","origin":"public-catalog"}},{"type":"Feature","id":"usgs-pad-us-fee-managers:62077","geometry":{"type":"MultiPolygon","coordinates":[[[[-81.5336,36.7561],[-81.5336,36.7544],[-81.5352,36.7539],[-81.5361,36.7557],[-81.5347,36.756],[-81.5339,36.7557],[-81.5336,36.7561]]],[[[-81.5391,36.7577],[-81.5389,36.7561],[-81.5394,36.7558],[-81.5398,36.7563],[-81.54,36.7578],[-81.5391,36.7577]]],[[[-81.5339,36.7558],[-81.5347,36.7561],[-81.5345,36.7573],[-81.5336,36.7569],[-81.5336,36.7562],[-81.5339,36.7558]]],[[[-81.5387,36.7616],[-81.5336,36.7623],[-81.5331,36.7614],[-81.5362,36.7608],[-81.5387,36.7611],[-81.5426,36.7601],[-81.5448,36.7603],[-81.5446,36.7608],[-81.5415,36.7608],[-81.5401,36.7612],[-81.5401,36.7648],[-81.5385,36.7652],[-81.5387,36.7616]]]]},"properties":{"id":"usgs-pad-us-fee-managers:62077","name":"Buller Fish Hatchery","kind":"land","category":"public-land","sourceCategory":"public-land","sourceId":"usgs-pad-us-fee-managers","sourceUrl":"https://services.arcgis.com/v01gqwM5QqNysAAi/arcgis/rest/services/Fee_Managers_PADUS/FeatureServer/0","sourceUpdated":"2010-07-23T04:00:00.000Z","publicUse":"PAD-US reports restricted access; confirm permits and seasonal rules with the manager.","unit":"UNK","origin":"public-catalog"}},{"type":"Feature","id":"usgs-pad-us-fee-managers:62078","geometry":{"type":"MultiPolygon","coordinates":[[[[-81.5435,36.7578],[-81.5437,36.7575],[-81.5441,36.7579],[-81.5425,36.7587],[-81.5408,36.7587],[-81.543,36.7583],[-81.5435,36.7578]]],[[[-81.5297,36.7601],[-81.5297,36.7597],[-81.5326,36.7595],[-81.5326,36.7599],[-81.5336,36.7598],[-81.5336,36.757],[-81.5345,36.7574],[-81.5342,36.7586],[-81.5346,36.7589],[-81.5348,36.7596],[-81.5392,36.7587],[-81.5391,36.7578],[-81.5399,36.7578],[-81.54,36.7587],[-81.5424,36.7588],[-81.5369,36.7592],[-81.5329,36.7603],[-81.5313,36.76],[-81.5297,36.7601]]],[[[-81.5318,36.7612],[-81.5274,36.7602],[-81.5258,36.7596],[-81.5258,36.7593],[-81.5285,36.7603],[-81.5297,36.7604],[-81.5297,36.7602],[-81.5311,36.7601],[-81.5329,36.7603],[-81.5369,36.7593],[-81.5422,36.7589],[-81.5442,36.7579],[-81.5448,36.7582],[-81.5448,36.76],[-81.5429,36.7599],[-81.5412,36.7603],[-81.5403,36.7602],[-81.5386,36.761],[-81.5362,36.7607],[-81.5338,36.7612],[-81.5318,36.7612]]]]},"properties":{"id":"usgs-pad-us-fee-managers:62078","name":"Buller Fish Hatchery","kind":"land","category":"public-land","sourceCategory":"public-land","sourceId":"usgs-pad-us-fee-managers","sourceUrl":"https://services.arcgis.com/v01gqwM5QqNysAAi/arcgis/rest/services/Fee_Managers_PADUS/FeatureServer/0","sourceUpdated":"2010-07-23T04:00:00.000Z","publicUse":"PAD-US reports restricted access; confirm permits and seasonal rules with the manager.","unit":"UNK","origin":"public-catalog"}},{"type":"Feature","id":"usgs-pad-us-fee-managers:62079","geometry":{"type":"Polygon","coordinates":[[[-79.5787,38.179],[-79.5813,38.1774],[-79.5818,38.1778],[-79.5812,38.1786],[-79.5824,38.1793],[-79.5819,38.1797],[-79.5807,38.179],[-79.5797,38.1797],[-79.5788,38.18],[-79.577,38.1815],[-79.5763,38.1809],[-79.5766,38.1802],[-79.5787,38.179]]]},"properties":{"id":"usgs-pad-us-fee-managers:62079","name":"Coursey Springs Fish Hatchery","kind":"land","category":"public-land","sourceCategory":"public-land","sourceId":"usgs-pad-us-fee-managers","sourceUrl":"https://services.arcgis.com/v01gqwM5QqNysAAi/arcgis/rest/services/Fee_Managers_PADUS/FeatureServer/0","sourceUpdated":"2009-09-14T04:00:00.000Z","publicUse":"PAD-US reports restricted access; confirm permits and seasonal rules with the manager.","unit":"UNK","origin":"public-catalog"}},{"type":"Feature","id":"usgs-pad-us-fee-managers:62080","geometry":{"type":"Polygon","coordinates":[[[-79.5755,38.1815],[-79.574,38.18],[-79.5748,38.1794],[-79.577,38.1815],[-79.5788,38.18],[-79.5797,38.1797],[-79.5807,38.179],[-79.5815,38.1795],[-79.5769,38.1827],[-79.5755,38.1815]]]},"properties":{"id":"usgs-pad-us-fee-managers:62080","name":"Coursey Springs Fish Hatchery","kind":"land","category":"public-land","sourceCategory":"public-land","sourceId":"usgs-pad-us-fee-managers","sourceUrl":"https://services.arcgis.com/v01gqwM5QqNysAAi/arcgis/rest/services/Fee_Managers_PADUS/FeatureServer/0","sourceUpdated":"2010-07-23T04:00:00.000Z","publicUse":"PAD-US reports restricted access; confirm permits and seasonal rules with the manager.","unit":"UNK","origin":"public-catalog"}},{"type":"Feature","id":"usgs-pad-us-fee-managers:62081","geometry":{"type":"MultiPolygon","coordinates":[[[[-75.7575,37.5795],[-75.7593,37.5752],[-75.7608,37.576],[-75.7602,37.5767],[-75.762,37.5777],[-75.7574,37.5819],[-75.7573,37.583],[-75.7567,37.5817],[-75.7575,37.5795]]],[[[-75.7971,37.6854],[-75.7938,37.6824],[-75.7972,37.6853],[-75.8001,37.683],[-75.8019,37.6841],[-75.7965,37.689],[-75.7944,37.6876],[-75.7971,37.6854]]],[[[-75.7089,37.7742],[-75.7045,37.769],[-75.7075,37.7662],[-75.709,37.7687],[-75.7102,37.7698],[-75.7116,37.7682],[-75.7121,37.7679],[-75.7126,37.7671],[-75.7129,37.767],[-75.7132,37.7663],[-75.7123,37.7652],[-75.712,37.7641],[-75.7111,37.7629],[-75.7174,37.7592],[-75.7229,37.7562],[-75.7232,37.7557],[-75.7256,37.7544],[-75.7335,37.7593],[-75.7347,37.7587],[-75.7361,37.7619],[-75.7383,37.7631],[-75.7388,37.7633],[-75.74,37.7613],[-75.742,37.7618],[-75.7406,37.7644],[-75.7387,37.7635],[-75.7314,37.764],[-75.7301,37.7637],[-75.7291,37.765],[-75.7275,37.7637],[-75.7233,37.7639],[-75.7203,37.7684],[-75.7145,37.7707],[-75.7147,37.772],[-75.7145,37.7725],[-75.715,37.7736],[-75.7153,37.7737],[-75.7153,37.7742],[-75.7164,37.7744],[-75.7171,37.7752],[-75.7181,37.7757],[-75.7193,37.7754],[-75.7181,37.7787],[-75.7172,37.7787],[-75.7156,37.7793],[-75.7121,37.7769],[-75.7089,37.7742]]],[[[-75.7315,37.7618],[-75.7324,37.7606],[-75.7305,37.7603],[-75.7301,37.7609],[-75.7258,37.7601],[-75.7254,37.7604],[-75.7259,37.7609],[-75.7315,37.7618]]],[[[-75.6766,37.7901],[-75.6762,37.7898],[-75.6752,37.7908],[-75.6739,37.7899],[-75.6765,37.7877],[-75.6767,37.7878],[-75.677,37.7876],[-75.6769,37.7874],[-75.6777,37.7867],[-75.6853,37.7907],[-75.6821,37.7928],[-75.6796,37.7918],[-75.6766,37.7901]]],[[[-75.631,37.8401],[-75.633,37.837],[-75.6353,37.8376],[-75.633,37.8414],[-75.631,37.8401]]],[[[-75.6388,37.9068],[-75.6371,37.9056],[-75.6387,37.904],[-75.6405,37.9049],[-75.6393,37.9068],[-75.639,37.9066],[-75.6388,37.9068]]],[[[-75.5786,37.8962],[-75.5789,37.8957],[-75.5819,37.897],[-75.5816,37.8976],[-75.5786,37.8962]]],[[[-75.5558,37.8979],[-75.554,37.8967],[-75.5551,37.8957],[-75.5549,37.8955],[-75.556,37.8949],[-75.5605,37.8931],[-75.5634,37.8943],[-75.5606,37.898],[-75.558,37.896],[-75.5558,37.8979]]],[[[-75.6481,37.9099],[-75.6482,37.9096],[-75.6508,37.91],[-75.6491,37.9135],[-75.6454,37.9134],[-75.6475,37.9098],[-75.6481,37.9099]]],[[[-75.6353,37.9262],[-75.6354,37.9256],[-75.635,37.9255],[-75.6362,37.9208],[-75.6365,37.92],[-75.6398,37.9202],[-75.6397,37.9206],[-75.641,37.9208],[-75.6406,37.9226],[-75.6393,37.9224],[-75.6386,37.9252],[-75.6385,37.9265],[-75.6372,37.9262],[-75.637,37.9266],[-75.6353,37.9262]]],[[[-75.4949,37.9957],[-75.4965,37.9943],[-75.4978,37.9951],[-75.4988,37.9963],[-75.4993,37.9959],[-75.4999,37.9961],[-75.5002,37.9963],[-75.5,37.9974],[-75.501,37.9991],[-75.501,37.9997],[-75.502,38.0007],[-75.5006,38.0006],[-75.4998,38.0014],[-75.4978,38.002],[-75.4928,37.9982],[-75.4949,37.9957]]]]},"properties":{"id":"usgs-pad-us-fee-managers:62081","name":"DWR Holding","kind":"land","category":"public-land","sourceCategory":"public-land","sourceId":"usgs-pad-us-fee-managers","sourceUrl":"https://services.arcgis.com/v01gqwM5QqNysAAi/arcgis/rest/services/Fee_Managers_PADUS/FeatureServer/0","sourceUpdated":"2023-04-18T04:00:00.000Z","publicUse":"PAD-US reports restricted access; confirm permits and seasonal rules with the manager.","unit":"UNK","origin":"public-catalog"}},{"type":"Feature","id":"usgs-pad-us-fee-managers:62082","geometry":{"type":"MultiPolygon","coordinates":[[[[-77.3479,37.3732],[-77.3496,37.3781],[-77.3465,37.3784],[-77.3462,37.3737],[-77.3479,37.3732]]],[[[-77.3314,37.378],[-77.3314,37.3776],[-77.33,37.3777],[-77.3301,37.3774],[-77.3307,37.3769],[-77.333,37.3765],[-77.333,37.3752],[-77.3407,37.3747],[-77.3456,37.3737],[-77.3459,37.3784],[-77.3454,37.3782],[-77.3443,37.3784],[-77.3413,37.378],[-77.341,37.3782],[-77.3392,37.3781],[-77.3383,37.3783],[-77.3378,37.3779],[-77.3369,37.3783],[-77.3366,37.378],[-77.3359,37.378],[-77.3351,37.3784],[-77.335,37.3776],[-77.3343,37.3783],[-77.3337,37.3782],[-77.3333,37.3783],[-77.3333,37.3777],[-77.3324,37.3775],[-77.3314,37.378]]]]},"properties":{"id":"usgs-pad-us-fee-managers:62082","name":"DWR Meadowview","kind":"land","category":"public-land","sourceCategory":"public-land","sourceId":"usgs-pad-us-fee-managers","sourceUrl":"https://services.arcgis.com/v01gqwM5QqNysAAi/arcgis/rest/services/Fee_Managers_PADUS/FeatureServer/0","sourceUpdated":"2021-08-19T04:00:00.000Z","publicUse":"PAD-US reports restricted access; confirm permits and seasonal rules with the manager.","unit":"UNK","origin":"public-catalog"}},{"type":"Feature","id":"usgs-pad-us-fee-managers:62083","geometry":{"type":"Polygon","coordinates":[[[-78.2881,38.9547],[-78.2894,38.953],[-78.2924,38.948],[-78.2928,38.9478],[-78.2953,38.9473],[-78.2976,38.9462],[-78.2973,38.952],[-78.2967,38.9517],[-78.2941,38.9531],[-78.2914,38.954],[-78.2903,38.9531],[-78.2893,38.9534],[-78.2881,38.9547]]]},"properties":{"id":"usgs-pad-us-fee-managers:62083","name":"Front Royal Fish Hatchery","kind":"land","category":"public-land","sourceCategory":"public-land","sourceId":"usgs-pad-us-fee-managers","sourceUrl":"https://services.arcgis.com/v01gqwM5QqNysAAi/arcgis/rest/services/Fee_Managers_PADUS/FeatureServer/0","sourceUpdated":"2009-09-14T04:00:00.000Z","publicUse":"PAD-US reports restricted access; confirm permits and seasonal rules with the manager.","unit":"UNK","origin":"public-catalog"}},{"type":"Feature","id":"usgs-pad-us-fee-managers:62084","geometry":{"type":"Polygon","coordinates":[[[-76.9338,37.743],[-76.9339,37.7425],[-76.9335,37.742],[-76.9328,37.7414],[-76.9325,37.7414],[-76.9326,37.7416],[-76.9316,37.741],[-76.9323,37.7408],[-76.9331,37.7398],[-76.9334,37.7398],[-76.9341,37.7409],[-76.9365,37.7416],[-76.9389,37.7418],[-76.9429,37.7417],[-76.9444,37.7423],[-76.9459,37.7424],[-76.9453,37.7434],[-76.945,37.7435],[-76.9422,37.743],[-76.9417,37.7427],[-76.94,37.7426],[-76.9388,37.7429],[-76.936,37.7428],[-76.9354,37.7433],[-76.935,37.7432],[-76.9346,37.7434],[-76.9337,37.7434],[-76.9338,37.743]]]},"properties":{"id":"usgs-pad-us-fee-managers:62084","name":"King and Queen Fish Hatchery","kind":"land","category":"public-land","sourceCategory":"public-land","sourceId":"usgs-pad-us-fee-managers","sourceUrl":"https://services.arcgis.com/v01gqwM5QqNysAAi/arcgis/rest/services/Fee_Managers_PADUS/FeatureServer/0","sourceUpdated":"2009-09-14T04:00:00.000Z","publicUse":"PAD-US reports restricted access; confirm permits and seasonal rules with the manager.","unit":"UNK","origin":"public-catalog"}},{"type":"Feature","id":"usgs-pad-us-fee-managers:62085","geometry":{"type":"Polygon","coordinates":[[[-81.4736,36.8243],[-81.4743,36.8235],[-81.4763,36.8236],[-81.4771,36.8243],[-81.4785,36.8248],[-81.4796,36.8242],[-81.4807,36.8241],[-81.4817,36.8236],[-81.4823,36.8238],[-81.4832,36.8235],[-81.4817,36.8274],[-81.476,36.8281],[-81.4733,36.8245],[-81.4736,36.8243]]]},"properties":{"id":"usgs-pad-us-fee-managers:62085","name":"Marion Fish Hatchery","kind":"land","category":"public-land","sourceCategory":"public-land","sourceId":"usgs-pad-us-fee-managers","sourceUrl":"https://services.arcgis.com/v01gqwM5QqNysAAi/arcgis/rest/services/Fee_Managers_PADUS/FeatureServer/0","sourceUpdated":"2010-07-23T04:00:00.000Z","publicUse":"PAD-US reports restricted access; confirm permits and seasonal rules with the manager.","unit":"UNK","origin":"public-catalog"}},{"type":"Feature","id":"usgs-pad-us-fee-managers:62086","geometry":{"type":"MultiPolygon","coordinates":[[[[-81.4724,36.8174],[-81.4748,36.8175],[-81.4778,36.8169],[-81.4793,36.8235],[-81.4755,36.8234],[-81.4744,36.8231],[-81.4736,36.8225],[-81.4721,36.8211],[-81.4707,36.819],[-81.4724,36.8174]]],[[[-81.4764,36.8236],[-81.4746,36.8236],[-81.4744,36.8235],[-81.4746,36.8232],[-81.4783,36.8236],[-81.4833,36.8233],[-81.4822,36.8238],[-81.4817,36.8235],[-81.4807,36.824],[-81.4796,36.8242],[-81.4783,36.8248],[-81.4768,36.8241],[-81.4764,36.8236]]]]},"properties":{"id":"usgs-pad-us-fee-managers:62086","name":"Marion Fish Hatchery","kind":"land","category":"public-land","sourceCategory":"public-land","sourceId":"usgs-pad-us-fee-managers","sourceUrl":"https://services.arcgis.com/v01gqwM5QqNysAAi/arcgis/rest/services/Fee_Managers_PADUS/FeatureServer/0","sourceUpdated":"2010-07-23T04:00:00.000Z","publicUse":"PAD-US reports restricted access; confirm permits and seasonal rules with the manager.","unit":"UNK","origin":"public-catalog"}},{"type":"Feature","id":"usgs-pad-us-fee-managers:62087","geometry":{"type":"Polygon","coordinates":[[[-79.1302,37.8411],[-79.1311,37.841],[-79.1314,37.8414],[-79.1313,37.8432],[-79.1321,37.8441],[-79.1323,37.8451],[-79.1302,37.8456],[-79.1293,37.8462],[-79.1283,37.8451],[-79.1292,37.8448],[-79.1301,37.8438],[-79.1297,37.8435],[-79.1304,37.8427],[-79.1302,37.8411]]]},"properties":{"id":"usgs-pad-us-fee-managers:62087","name":"Montebello State Fish Hatchery","kind":"land","category":"public-land","sourceCategory":"public-land","sourceId":"usgs-pad-us-fee-managers","sourceUrl":"https://services.arcgis.com/v01gqwM5QqNysAAi/arcgis/rest/services/Fee_Managers_PADUS/FeatureServer/0","sourceUpdated":"2009-09-14T04:00:00.000Z","publicUse":"PAD-US reports restricted access; confirm permits and seasonal rules with the manager.","unit":"UNK","origin":"public-catalog"}},{"type":"Feature","id":"usgs-pad-us-fee-managers:62088","geometry":{"type":"Polygon","coordinates":[[[-80.2431,37.5535],[-80.2433,37.5528],[-80.2447,37.551],[-80.2443,37.5525],[-80.2453,37.5535],[-80.2465,37.5537],[-80.2477,37.5552],[-80.2468,37.5554],[-80.2436,37.5541],[-80.2431,37.5535]]]},"properties":{"id":"usgs-pad-us-fee-managers:62088","name":"Paint Bank Fish Hatchery","kind":"land","category":"public-land","sourceCategory":"public-land","sourceId":"usgs-pad-us-fee-managers","sourceUrl":"https://services.arcgis.com/v01gqwM5QqNysAAi/arcgis/rest/services/Fee_Managers_PADUS/FeatureServer/0","sourceUpdated":"2009-09-14T04:00:00.000Z","publicUse":"PAD-US reports restricted access; confirm permits and seasonal rules with the manager.","unit":"UNK","origin":"public-catalog"}},{"type":"Feature","id":"usgs-pad-us-fee-managers:62089","geometry":{"type":"Polygon","coordinates":[[[-78.936,37.0376],[-78.9338,37.0362],[-78.9305,37.0334],[-78.929,37.0327],[-78.9185,37.0303],[-78.9165,37.0301],[-78.9123,37.0303],[-78.9112,37.0302],[-78.9105,37.0293],[-78.9101,37.0261],[-78.9122,37.0264],[-78.9171,37.0259],[-78.9221,37.0268],[-78.9257,37.0288],[-78.9323,37.0335],[-78.9358,37.0354],[-78.9416,37.0376],[-78.9456,37.0388],[-78.9455,37.0399],[-78.9448,37.0399],[-78.9395,37.039],[-78.936,37.0376]]]},"properties":{"id":"usgs-pad-us-fee-managers:62089","name":"Vic Thomas Fish Hatchery","kind":"land","category":"public-land","sourceCategory":"public-land","sourceId":"usgs-pad-us-fee-managers","sourceUrl":"https://services.arcgis.com/v01gqwM5QqNysAAi/arcgis/rest/services/Fee_Managers_PADUS/FeatureServer/0","sourceUpdated":"2009-09-14T04:00:00.000Z","publicUse":"PAD-US reports open access; verify current manager conditions and restrictions.","unit":"UNK","origin":"public-catalog"}},{"type":"Feature","id":"usgs-pad-us-fee-managers:62090","geometry":{"type":"Polygon","coordinates":[[[-80.9002,36.9309],[-80.9008,36.9307],[-80.9011,36.9311],[-80.8996,36.9319],[-80.8986,36.9351],[-80.8981,36.9358],[-80.8977,36.9357],[-80.8974,36.9349],[-80.898,36.9348],[-80.8984,36.9326],[-80.8979,36.9325],[-80.8993,36.9312],[-80.9002,36.9309]]]},"properties":{"id":"usgs-pad-us-fee-managers:62090","name":"Wytheville Fish Hatchery","kind":"land","category":"public-land","sourceCategory":"public-land","sourceId":"usgs-pad-us-fee-managers","sourceUrl":"https://services.arcgis.com/v01gqwM5QqNysAAi/arcgis/rest/services/Fee_Managers_PADUS/FeatureServer/0","sourceUpdated":"2009-09-14T04:00:00.000Z","publicUse":"PAD-US reports open access; verify current manager conditions and restrictions.","unit":"UNK","origin":"public-catalog"}},{"type":"Feature","id":"usgs-pad-us-fee-managers:62091","geometry":{"type":"Polygon","coordinates":[[[-76.7001,37.6416],[-76.6998,37.6412],[-76.6989,37.641],[-76.6979,37.6404],[-76.697,37.6403],[-76.6966,37.6395],[-76.6958,37.639],[-76.6954,37.6377],[-76.6961,37.6374],[-76.6974,37.6372],[-76.6994,37.6341],[-76.6986,37.6326],[-76.6997,37.631],[-76.7019,37.6338],[-76.7041,37.6331],[-76.7053,37.6335],[-76.7058,37.6332],[-76.7073,37.6362],[-76.7057,37.6357],[-76.7057,37.6366],[-76.7052,37.6365],[-76.7052,37.6367],[-76.6996,37.639],[-76.6998,37.6399],[-76.7006,37.6408],[-76.7016,37.6412],[-76.7009,37.6417],[-76.7001,37.6416]]]},"properties":{"id":"usgs-pad-us-fee-managers:62091","name":"Dragon Run VIMS Tract","kind":"land","category":"public-land","sourceCategory":"public-land","sourceId":"usgs-pad-us-fee-managers","sourceUrl":"https://services.arcgis.com/v01gqwM5QqNysAAi/arcgis/rest/services/Fee_Managers_PADUS/FeatureServer/0","sourceUpdated":"2011-10-24T04:00:00.000Z","publicUse":"PAD-US reports restricted access; confirm permits and seasonal rules with the manager.","unit":"UNK","origin":"public-catalog"}},{"type":"Feature","id":"usgs-pad-us-fee-managers:6216","geometry":{"type":"Polygon","coordinates":[[[-80.001,37.4345],[-80.0026,37.4388],[-80.0017,37.4384],[-80.001,37.4345]]]},"properties":{"id":"usgs-pad-us-fee-managers:6216","name":"Buckroe","kind":"land","category":"public-land","sourceCategory":"public-land","sourceId":"usgs-pad-us-fee-managers","sourceUrl":"https://services.arcgis.com/v01gqwM5QqNysAAi/arcgis/rest/services/Fee_Managers_PADUS/FeatureServer/0","sourceUpdated":"2017-08-14T04:00:00.000Z","publicUse":"PAD-US reports open access; verify current manager conditions and restrictions.","unit":"CITY","origin":"public-catalog"}},{"type":"Feature","id":"usgs-pad-us-fee-managers:6271","geometry":{"type":"Polygon","coordinates":[[[-77.971,38.3331],[-77.9692,38.3357],[-77.9677,38.3373],[-77.9557,38.3354],[-77.9558,38.3337],[-77.971,38.3331]]]},"properties":{"id":"usgs-pad-us-fee-managers:6271","name":"Nicewood","kind":"land","category":"public-land","sourceCategory":"public-land","sourceId":"usgs-pad-us-fee-managers","sourceUrl":"https://services.arcgis.com/v01gqwM5QqNysAAi/arcgis/rest/services/Fee_Managers_PADUS/FeatureServer/0","sourceUpdated":"2017-08-14T04:00:00.000Z","publicUse":"PAD-US reports open access; verify current manager conditions and restrictions.","unit":"CITY","origin":"public-catalog"}},{"type":"Feature","id":"usgs-pad-us-fee-managers:6319","geometry":{"type":"MultiPolygon","coordinates":[[[[-77.4775,37.525],[-77.4781,37.5245],[-77.4789,37.5249],[-77.4785,37.5256],[-77.4775,37.525]]],[[[-77.4857,37.5289],[-77.4861,37.5282],[-77.4865,37.5283],[-77.4861,37.5288],[-77.4864,37.5293],[-77.4854,37.5306],[-77.4849,37.5303],[-77.4857,37.5289]]],[[[-77.4612,37.5233],[-77.4621,37.523],[-77.4639,37.5236],[-77.466,37.5235],[-77.4678,37.5228],[-77.4707,37.5231],[-77.4727,37.5236],[-77.4737,37.5241],[-77.4749,37.5239],[-77.4785,37.5258],[-77.4797,37.526],[-77.4801,37.5265],[-77.4815,37.5271],[-77.483,37.5267],[-77.4831,37.5276],[-77.4839,37.5283],[-77.4841,37.5291],[-77.4852,37.5295],[-77.4847,37.5302],[-77.4829,37.5282],[-77.4819,37.5274],[-77.4793,37.5263],[-77.4754,37.5254],[-77.4721,37.5239],[-77.4706,37.5236],[-77.4582,37.524],[-77.4536,37.5259],[-77.4535,37.5257],[-77.4543,37.5253],[-77.4571,37.5241],[-77.4572,37.5237],[-77.4591,37.5238],[-77.4612,37.5233]]],[[[-77.495,37.5318],[-77.4947,37.5325],[-77.4946,37.5318],[-77.495,37.5318]]],[[[-77.4568,37.5248],[-77.4596,37.5241],[-77.4696,37.5238],[-77.4711,37.5239],[-77.4751,37.5256],[-77.479,37.5264],[-77.4817,37.5276],[-77.4827,37.5283],[-77.4844,37.5303],[-77.486,37.531],[-77.4849,37.5307],[-77.4831,37.5298],[-77.4812,37.5277],[-77.4792,37.5265],[-77.4772,37.5261],[-77.4745,37.5261],[-77.4719,37.5246],[-77.4718,37.5248],[-77.4709,37.5248],[-77.4694,37.5246],[-77.4696,37.5243],[-77.469,37.5245],[-77.4645,37.5245],[-77.4609,37.5241],[-77.4587,37.5249],[-77.4573,37.5248],[-77.4538,37.5262],[-77.4568,37.5248]]],[[[-77.453,37.526],[-77.4534,37.5258],[-77.4535,37.526],[-77.453,37.526]]],[[[-77.491,37.5302],[-77.4899,37.5301],[-77.4897,37.5298],[-77.4907,37.5298],[-77.4917,37.5295],[-77.4923,37.5299],[-77.4936,37.5299],[-77.4934,37.5304],[-77.4943,37.5319],[-77.4946,37.5331],[-77.4952,37.5338],[-77.4951,37.5339],[-77.4933,37.5312],[-77.4923,37.5305],[-77.491,37.5302]]],[[[-77.4908,37.5305],[-77.49,37.5304],[-77.4874,37.531],[-77.4862,37.531],[-77.4875,37.531],[-77.4899,37.5303],[-77.4917,37.5306],[-77.4934,37.5317],[-77.4949,37.5342],[-77.4939,37.533],[-77.4908,37.5305]]],[[[-77.4654,37.5294],[-77.4654,37.5292],[-77.467,37.5289],[-77.4693,37.5291],[-77.4692,37.5297],[-77.4661,37.5302],[-77.4654,37.5301],[-77.4654,37.5294]]],[[[-77.4885,37.5325],[-77.49,37.5327],[-77.4904,37.5324],[-77.4912,37.5327],[-77.4919,37.5334],[-77.4919,37.5343],[-77.491,37.5343],[-77.4899,37.5332],[-77.4885,37.5325]]],[[[-77.4943,37.5363],[-77.4947,37.5364],[-77.4949,37.5369],[-77.4945,37.5368],[-77.4943,37.5363]]],[[[-77.4683,37.5323],[-77.4686,37.531],[-77.4672,37.5309],[-77.4667,37.5305],[-77.4699,37.5301],[-77.4696,37.5313],[-77.4695,37.531],[-77.4687,37.5309],[-77.4686,37.5315],[-77.4688,37.5319],[-77.4691,37.5318],[-77.4689,37.5324],[-77.4683,37.5325],[-77.4682,37.5329],[-77.4683,37.5323]]],[[[-77.4484,37.5279],[-77.4475,37.5287],[-77.4459,37.5298],[-77.4474,37.5281],[-77.4484,37.5279]]],[[[-77.4467,37.53],[-77.4464,37.5299],[-77.4476,37.5292],[-77.4467,37.5295],[-77.4482,37.5283],[-77.4489,37.5284],[-77.4488,37.5286],[-77.4484,37.5286],[-77.4485,37.5289],[-77.4484,37.5293],[-77.4467,37.53]]],[[[-77.4207,37.5257],[-77.4215,37.5267],[-77.4202,37.526],[-77.4207,37.5257]]],[[[-77.4884,37.5374],[-77.4865,37.5369],[-77.485,37.5357],[-77.4852,37.5354],[-77.4902,37.5376],[-77.4884,37.5374]]],[[[-77.5408,37.5601],[-77.5387,37.5596],[-77.5385,37.559],[-77.5403,37.5589],[-77.5428,37.5584],[-77.5466,37.5584],[-77.5463,37.5604],[-77.5408,37.5601]]],[[[-77.5428,37.5604],[-77.5434,37.5603],[-77.5445,37.5605],[-77.5428,37.5604]]]]},"properties":{"id":"usgs-pad-us-fee-managers:6319","name":"Manchester Park","kind":"land","category":"public-land","sourceCategory":"public-land","sourceId":"usgs-pad-us-fee-managers","sourceUrl":"https://services.arcgis.com/v01gqwM5QqNysAAi/arcgis/rest/services/Fee_Managers_PADUS/FeatureServer/0","sourceUpdated":"2017-08-14T04:00:00.000Z","publicUse":"PAD-US reports open access; verify current manager conditions and restrictions.","unit":"CITY","origin":"public-catalog"}},{"type":"Feature","id":"usgs-pad-us-fee-managers:6320","geometry":{"type":"Polygon","coordinates":[[[-79.9138,37.2565],[-79.9141,37.2564],[-79.9134,37.2589],[-79.9133,37.2599],[-79.9142,37.2627],[-79.9136,37.2616],[-79.9132,37.2602],[-79.9138,37.2565]]]},"properties":{"id":"usgs-pad-us-fee-managers:6320","name":"Bennington Park","kind":"land","category":"public-land","sourceCategory":"public-land","sourceId":"usgs-pad-us-fee-managers","sourceUrl":"https://services.arcgis.com/v01gqwM5QqNysAAi/arcgis/rest/services/Fee_Managers_PADUS/FeatureServer/0","sourceUpdated":"2017-08-14T04:00:00.000Z","publicUse":"PAD-US reports open access; verify current manager conditions and restrictions.","unit":"CITY","origin":"public-catalog"}},{"type":"Feature","id":"usgs-pad-us-fee-managers:6451","geometry":{"type":"Polygon","coordinates":[[[-76.2107,36.8338],[-76.2113,36.8337],[-76.2117,36.8332],[-76.2118,36.8365],[-76.2106,36.8365],[-76.2107,36.8338]]]},"properties":{"id":"usgs-pad-us-fee-managers:6451","name":"Wayside Park","kind":"land","category":"public-land","sourceCategory":"public-land","sourceId":"usgs-pad-us-fee-managers","sourceUrl":"https://services.arcgis.com/v01gqwM5QqNysAAi/arcgis/rest/services/Fee_Managers_PADUS/FeatureServer/0","sourceUpdated":"2017-08-14T04:00:00.000Z","publicUse":"PAD-US reports open access; verify current manager conditions and restrictions.","unit":"CITY","origin":"public-catalog"}},{"type":"Feature","id":"usgs-pad-us-fee-managers:7093","geometry":{"type":"Polygon","coordinates":[[[-78.2808,38.2503],[-78.2821,38.2495],[-78.2813,38.2487],[-78.28,38.2496],[-78.279,38.2486],[-78.2868,38.2455],[-78.2873,38.246],[-78.288,38.2458],[-78.287,38.2476],[-78.2881,38.2498],[-78.2863,38.2508],[-78.2858,38.2503],[-78.2846,38.2509],[-78.2852,38.2514],[-78.2831,38.2525],[-78.2808,38.2503]]]},"properties":{"id":"usgs-pad-us-fee-managers:7093","name":"Clontz","kind":"land","category":"public-land","sourceCategory":"public-land","sourceId":"usgs-pad-us-fee-managers","sourceUrl":"https://services.arcgis.com/v01gqwM5QqNysAAi/arcgis/rest/services/Fee_Managers_PADUS/FeatureServer/0","sourceUpdated":"2017-08-14T04:00:00.000Z","publicUse":"PAD-US reports open access; verify current manager conditions and restrictions.","unit":"CITY","origin":"public-catalog"}},{"type":"Feature","id":"usgs-pad-us-fee-managers:7350","geometry":{"type":"Polygon","coordinates":[[[-77.34,38.8706],[-77.3402,38.8703],[-77.3414,38.8707],[-77.3425,38.8707],[-77.3434,38.87],[-77.3439,38.8702],[-77.342,38.8713],[-77.34,38.8706]]]},"properties":{"id":"usgs-pad-us-fee-managers:7350","name":"Quail Creek","kind":"land","category":"public-land","sourceCategory":"public-land","sourceId":"usgs-pad-us-fee-managers","sourceUrl":"https://services.arcgis.com/v01gqwM5QqNysAAi/arcgis/rest/services/Fee_Managers_PADUS/FeatureServer/0","sourceUpdated":"2017-08-14T04:00:00.000Z","publicUse":"PAD-US does not report an access classification; verify with the land manager.","unit":"CNTY","origin":"public-catalog"}},{"type":"Feature","id":"usgs-pad-us-fee-managers:7351","geometry":{"type":"MultiPolygon","coordinates":[[[[-77.1427,38.7994],[-77.1464,38.7985],[-77.1468,38.7994],[-77.1431,38.8003],[-77.1427,38.7994]]],[[[-77.1475,38.8082],[-77.1468,38.8075],[-77.1465,38.8077],[-77.1463,38.807],[-77.1452,38.8059],[-77.1469,38.8048],[-77.1468,38.8047],[-77.1475,38.8044],[-77.1472,38.8039],[-77.1466,38.8041],[-77.146,38.8035],[-77.147,38.8032],[-77.1472,38.8038],[-77.1492,38.8035],[-77.1492,38.8032],[-77.1498,38.8035],[-77.1482,38.8042],[-77.1502,38.8059],[-77.1477,38.8062],[-77.1485,38.8069],[-77.1492,38.807],[-77.1493,38.8072],[-77.1489,38.8074],[-77.1507,38.8092],[-77.1499,38.8096],[-77.1492,38.8104],[-77.1485,38.8091],[-77.1475,38.8082]]]]},"properties":{"id":"usgs-pad-us-fee-managers:7351","name":"Bren Mar Park","kind":"land","category":"public-land","sourceCategory":"public-land","sourceId":"usgs-pad-us-fee-managers","sourceUrl":"https://services.arcgis.com/v01gqwM5QqNysAAi/arcgis/rest/services/Fee_Managers_PADUS/FeatureServer/0","sourceUpdated":"2017-08-14T04:00:00.000Z","publicUse":"PAD-US reports open access; verify current manager conditions and restrictions.","unit":"CNTY","origin":"public-catalog"}},{"type":"Feature","id":"usgs-pad-us-fee-managers:7352","geometry":{"type":"MultiPolygon","coordinates":[[[[-77.1064,38.7177],[-77.1069,38.7171],[-77.1066,38.7174],[-77.1064,38.7177]]],[[[-77.1066,38.7198],[-77.1069,38.7198],[-77.1066,38.72],[-77.1069,38.7198],[-77.1066,38.7198]]],[[[-77.1049,38.7204],[-77.1049,38.7203],[-77.1049,38.7203],[-77.1049,38.7204]]],[[[-77.1061,38.7206],[-77.1063,38.7204],[-77.1062,38.7207],[-77.1061,38.7206]]],[[[-77.1048,38.7205],[-77.1049,38.7204],[-77.1048,38.7205],[-77.1048,38.7205]]],[[[-77.106,38.7207],[-77.1061,38.7207],[-77.1061,38.7207],[-77.106,38.7207]]],[[[-77.1064,38.7208],[-77.1064,38.7208],[-77.1064,38.7208],[-77.1064,38.7208]]],[[[-77.1048,38.7205],[-77.1048,38.7206],[-77.1048,38.7206],[-77.1048,38.7205]]],[[[-77.1048,38.7206],[-77.1048,38.7207],[-77.1047,38.7207],[-77.1048,38.7206]]],[[[-77.1043,38.7216],[-77.1043,38.7216],[-77.1043,38.7216],[-77.1043,38.7216]]],[[[-77.1043,38.7216],[-77.1043,38.7216],[-77.1043,38.7216],[-77.1043,38.7216]]],[[[-77.1043,38.7216],[-77.1043,38.7216],[-77.1043,38.7217],[-77.1043,38.7216]]],[[[-77.1043,38.7217],[-77.1043,38.7217],[-77.1043,38.7217],[-77.1043,38.7217]]],[[[-77.1043,38.7217],[-77.1043,38.7217],[-77.1043,38.7217],[-77.1043,38.7217]]],[[[-77.1043,38.7217],[-77.1043,38.7217],[-77.1042,38.7217],[-77.1043,38.7217]]],[[[-77.1042,38.7217],[-77.1042,38.7217],[-77.1042,38.7217],[-77.1042,38.7217]]],[[[-77.1042,38.7217],[-77.1042,38.7218],[-77.1042,38.7218],[-77.1042,38.7217]]],[[[-77.1042,38.7218],[-77.1042,38.7218],[-77.1042,38.7218],[-77.1042,38.7218]]],[[[-77.1042,38.7218],[-77.1042,38.7218],[-77.1041,38.7218],[-77.1042,38.7218]]],[[[-77.1057,38.721],[-77.1053,38.7215],[-77.1052,38.7222],[-77.1053,38.7215],[-77.1057,38.721]]],[[[-77.1052,38.7223],[-77.1053,38.7229],[-77.1051,38.7226],[-77.1052,38.7223]]],[[[-77.1051,38.7235],[-77.1041,38.7231],[-77.1051,38.7234],[-77.1053,38.723],[-77.1051,38.7235]]]]},"properties":{"id":"usgs-pad-us-fee-managers:7352","name":"Dogue Creek Stream Valley Park","kind":"land","category":"public-land","sourceCategory":"public-land","sourceId":"usgs-pad-us-fee-managers","sourceUrl":"https://services.arcgis.com/v01gqwM5QqNysAAi/arcgis/rest/services/Fee_Managers_PADUS/FeatureServer/0","sourceUpdated":"2017-08-14T04:00:00.000Z","publicUse":"PAD-US reports open access; verify current manager conditions and restrictions.","unit":"CNTY","origin":"public-catalog"}},{"type":"Feature","id":"usgs-pad-us-fee-managers:7353","geometry":{"type":"Polygon","coordinates":[[[-77.4291,38.9491],[-77.4291,38.9494],[-77.429,38.9492],[-77.4291,38.9491]]]},"properties":{"id":"usgs-pad-us-fee-managers:7353","name":"Dulles Corner","kind":"land","category":"public-land","sourceCategory":"public-land","sourceId":"usgs-pad-us-fee-managers","sourceUrl":"https://services.arcgis.com/v01gqwM5QqNysAAi/arcgis/rest/services/Fee_Managers_PADUS/FeatureServer/0","sourceUpdated":"2017-08-14T04:00:00.000Z","publicUse":"PAD-US reports open access; verify current manager conditions and restrictions.","unit":"CNTY","origin":"public-catalog"}},{"type":"Feature","id":"usgs-pad-us-fee-managers:7354","geometry":{"type":"Polygon","coordinates":[[[-77.1722,38.8369],[-77.172,38.8365],[-77.1707,38.8364],[-77.1708,38.8353],[-77.1705,38.835],[-77.1709,38.8349],[-77.1713,38.8315],[-77.1696,38.8315],[-77.1678,38.8298],[-77.1689,38.8305],[-77.1697,38.8307],[-77.1697,38.8298],[-77.1726,38.8277],[-77.1749,38.8286],[-77.1753,38.828],[-77.1755,38.828],[-77.1743,38.8296],[-77.1775,38.8307],[-77.1769,38.8315],[-77.1774,38.8317],[-77.1772,38.8362],[-77.1738,38.8364],[-77.1722,38.8369]]]},"properties":{"id":"usgs-pad-us-fee-managers:7354","name":"Mason District Park","kind":"land","category":"public-land","sourceCategory":"public-land","sourceId":"usgs-pad-us-fee-managers","sourceUrl":"https://services.arcgis.com/v01gqwM5QqNysAAi/arcgis/rest/services/Fee_Managers_PADUS/FeatureServer/0","sourceUpdated":"2017-08-14T04:00:00.000Z","publicUse":"PAD-US reports open access; verify current manager conditions and restrictions.","unit":"CNTY","origin":"public-catalog"}},{"type":"Feature","id":"usgs-pad-us-fee-managers:7356","geometry":{"type":"Polygon","coordinates":[[[-77.28,38.8443],[-77.2807,38.8444],[-77.2804,38.8505],[-77.2726,38.8512],[-77.2727,38.8509],[-77.2797,38.8503],[-77.28,38.8443]]]},"properties":{"id":"usgs-pad-us-fee-managers:7356","name":"Unnamed Park - City of Fairfax","kind":"land","category":"public-land","sourceCategory":"public-land","sourceId":"usgs-pad-us-fee-managers","sourceUrl":"https://services.arcgis.com/v01gqwM5QqNysAAi/arcgis/rest/services/Fee_Managers_PADUS/FeatureServer/0","sourceUpdated":"2017-08-14T04:00:00.000Z","publicUse":"PAD-US reports open access; verify current manager conditions and restrictions.","unit":"CNTY","origin":"public-catalog"}},{"type":"Feature","id":"usgs-pad-us-fee-managers:7357","geometry":{"type":"Polygon","coordinates":[[[-77.806,38.8236],[-77.8066,38.8226],[-77.8103,38.823],[-77.8136,38.8195],[-77.8141,38.8197],[-77.8156,38.8229],[-77.8165,38.825],[-77.8165,38.8256],[-77.8157,38.8279],[-77.811,38.8318],[-77.808,38.8303],[-77.8053,38.8285],[-77.8057,38.8282],[-77.8058,38.8274],[-77.8052,38.8262],[-77.8052,38.8253],[-77.806,38.8236]]]},"properties":{"id":"usgs-pad-us-fee-managers:7357","name":"Great Meadows","kind":"land","category":"public-land","sourceCategory":"public-land","sourceId":"usgs-pad-us-fee-managers","sourceUrl":"https://services.arcgis.com/v01gqwM5QqNysAAi/arcgis/rest/services/Fee_Managers_PADUS/FeatureServer/0","sourceUpdated":"2017-08-14T04:00:00.000Z","publicUse":"PAD-US reports open access; verify current manager conditions and restrictions.","unit":"CNTY","origin":"public-catalog"}},{"type":"Feature","id":"usgs-pad-us-fee-managers:7358","geometry":{"type":"Polygon","coordinates":[[[-78.0417,38.8289],[-78.0416,38.8276],[-78.0411,38.8256],[-78.0414,38.8252],[-78.0472,38.8248],[-78.0477,38.8249],[-78.0478,38.8251],[-78.0474,38.8251],[-78.0472,38.8256],[-78.0484,38.8265],[-78.0485,38.8269],[-78.0479,38.8288],[-78.0491,38.8288],[-78.0501,38.8292],[-78.0505,38.8309],[-78.052,38.8321],[-78.052,38.8326],[-78.0528,38.8337],[-78.0533,38.8352],[-78.0544,38.836],[-78.0555,38.8364],[-78.0549,38.8376],[-78.0422,38.8364],[-78.0429,38.8363],[-78.0423,38.8345],[-78.0414,38.8338],[-78.0406,38.8327],[-78.0419,38.8296],[-78.0417,38.8289]]]},"properties":{"id":"usgs-pad-us-fee-managers:7358","name":"Marriott Ranches","kind":"land","category":"public-land","sourceCategory":"public-land","sourceId":"usgs-pad-us-fee-managers","sourceUrl":"https://services.arcgis.com/v01gqwM5QqNysAAi/arcgis/rest/services/Fee_Managers_PADUS/FeatureServer/0","sourceUpdated":"2017-08-14T04:00:00.000Z","publicUse":"PAD-US reports open access; verify current manager conditions and restrictions.","unit":"CNTY","origin":"public-catalog"}},{"type":"Feature","id":"usgs-pad-us-fee-managers:7371","geometry":{"type":"MultiPolygon","coordinates":[[[[-79.4747,38.3228],[-79.4751,38.3228],[-79.4756,38.3242],[-79.4747,38.3228]]],[[[-79.478,38.3304],[-79.4763,38.3299],[-79.4757,38.3294],[-79.4747,38.329],[-79.4746,38.3286],[-79.4742,38.3284],[-79.4746,38.325],[-79.4751,38.3249],[-79.4761,38.3253],[-79.476,38.3248],[-79.4814,38.3239],[-79.4862,38.3254],[-79.4855,38.3265],[-79.4856,38.3292],[-79.485,38.3307],[-79.478,38.3304]]]]},"properties":{"id":"usgs-pad-us-fee-managers:7371","name":"Mcdowell Battlefield Park","kind":"land","category":"public-land","sourceCategory":"public-land","sourceId":"usgs-pad-us-fee-managers","sourceUrl":"https://services.arcgis.com/v01gqwM5QqNysAAi/arcgis/rest/services/Fee_Managers_PADUS/FeatureServer/0","sourceUpdated":"2017-08-14T04:00:00.000Z","publicUse":"PAD-US reports open access; verify current manager conditions and restrictions.","unit":"CNTY","origin":"public-catalog"}},{"type":"Feature","id":"usgs-pad-us-fee-managers:7386","geometry":{"type":"Polygon","coordinates":[[[-76.6346,36.8532],[-76.6344,36.853],[-76.6332,36.8531],[-76.6329,36.8529],[-76.6345,36.8524],[-76.6346,36.8517],[-76.6342,36.851],[-76.6348,36.85],[-76.6335,36.8498],[-76.634,36.8492],[-76.6337,36.8487],[-76.6323,36.8492],[-76.6323,36.8488],[-76.6329,36.8487],[-76.6328,36.8483],[-76.6332,36.848],[-76.6338,36.848],[-76.6343,36.8475],[-76.6331,36.8471],[-76.632,36.8471],[-76.6317,36.8475],[-76.6307,36.848],[-76.6315,36.847],[-76.6327,36.8466],[-76.6332,36.8461],[-76.6331,36.8455],[-76.6329,36.8451],[-76.6321,36.8449],[-76.6315,36.845],[-76.6312,36.8454],[-76.631,36.8452],[-76.6311,36.8448],[-76.6304,36.8447],[-76.6304,36.845],[-76.6297,36.8451],[-76.6298,36.8456],[-76.6303,36.8459],[-76.63,36.8462],[-76.6301,36.8472],[-76.6297,36.8475],[-76.6297,36.8467],[-76.6293,36.8457],[-76.629,36.8458],[-76.629,36.8462],[-76.6287,36.8462],[-76.628,36.847],[-76.6282,36.8461],[-76.6286,36.8458],[-76.6281,36.8455],[-76.6292,36.8454],[-76.6291,36.845],[-76.6286,36.8449],[-76.6285,36.8444],[-76.6292,36.8445],[-76.6298,36.8441],[-76.629,36.8439],[-76.6344,36.8398],[-76.6348,36.84],[-76.6348,36.8405],[-76.6353,36.8412],[-76.6356,36.8409],[-76.6354,36.8407],[-76.6352,36.8396],[-76.6355,36.8395],[-76.6355,36.8404],[-76.6359,36.8407],[-76.6367,36.8407],[-76.6369,36.8405],[-76.6367,36.84],[-76.637,36.8399],[-76.6369,36.8394],[-76.6372,36.8392],[-76.6374,36.8399],[-76.637,36.8403],[-76.6374,36.8403],[-76.6384,36.839],[-76.6382,36.8383],[-76.6385,36.8383],[-76.6385,36.8379],[-76.6383,36.8373],[-76.639,36.838],[-76.6389,36.8382],[-76.6389,36.8389],[-76.64,36.8387],[-76.6407,36.839],[-76.6409,36.8398],[-76.6408,36.8408],[-76.6413,36.8407],[-76.6419,36.8414],[-76.6422,36.8415],[-76.6419,36.8419],[-76.6419,36.8423],[-76.6431,36.843],[-76.6442,36.8429],[-76.6438,36.8423],[-76.6432,36.8419],[-76.6433,36.8418],[-76.6433,36.8408],[-76.6425,36.8399],[-76.6425,36.8395],[-76.6434,36.8405],[-76.6438,36.8421],[-76.6443,36.8423],[-76.645,36.8417],[-76.6451,36.8412],[-76.6459,36.841],[-76.6461,36.8406],[-76.6462,36.8399],[-76.6458,36.8393],[-76.6458,36.8388],[-76.6464,36.8374],[-76.6461,36.8392],[-76.6465,36.8397],[-76.6463,36.8401],[-76.6467,36.8401],[-76.6462,36.8414],[-76.6453,36.842],[-76.6455,36.8422],[-76.6448,36.8426],[-76.6447,36.8429],[-76.645,36.8431],[-76.6439,36.8437],[-76.6443,36.8442],[-76.6449,36.8439],[-76.6461,36.8439],[-76.6468,36.8426],[-76.6477,36.8423],[-76.6478,36.8417],[-76.648,36.8421],[-76.6483,36.8419],[-76.6492,36.8418],[-76.6506,36.8409],[-76.6509,36.8403],[-76.651,36.8406],[-76.6513,36.8407],[-76.6509,36.8412],[-76.6483,36.8424],[-76.6485,36.8426],[-76.6473,36.8429],[-76.6467,36.8439],[-76.6475,36.8435],[-76.6481,36.8437],[-76.6484,36.8448],[-76.6491,36.8446],[-76.6489,36.845],[-76.6491,36.8453],[-76.6494,36.8451],[-76.6501,36.8458],[-76.6508,36.8456],[-76.6509,36.8463],[-76.6514,36.8468],[-76.6515,36.8479],[-76.6521,36.8477],[-76.6522,36.8469],[-76.6528,36.8465],[-76.6529,36.8461],[-76.6532,36.8459],[-76.6529,36.8455],[-76.653,36.8449],[-76.6533,36.8459],[-76.654,36.8458],[-76.6531,36.8464],[-76.6531,36.8467],[-76.6527,36.847],[-76.6527,36.8479],[-76.6534,36.8475],[-76.654,36.8475],[-76.6547,36.8471],[-76.6546,36.8475],[-76.6548,36.8476],[-76.6558,36.8471],[-76.6556,36.8473],[-76.6558,36.8476],[-76.6566,36.8476],[-76.6576,36.8473],[-76.6563,36.8479],[-76.6554,36.8477],[-76.6544,36.848],[-76.6546,36.8482],[-76.6544,36.8482],[-76.6534,36.848],[-76.6534,36.8483],[-76.654,36.8483],[-76.6542,36.8486],[-76.6531,36.8486],[-76.6531,36.8496],[-76.6527,36.8496],[-76.6529,36.8493],[-76.6526,36.8486],[-76.6522,36.8485],[-76.6517,36.849],[-76.6512,36.8484],[-76.6511,36.8492],[-76.6508,36.8494],[-76.6512,36.8498],[-76.6507,36.8502],[-76.6512,36.8504],[-76.651,36.8512],[-76.6517,36.8517],[-76.6526,36.8509],[-76.6528,36.8511],[-76.6523,36.8514],[-76.6531,36.8515],[-76.654,36.851],[-76.6547,36.8511],[-76.6555,36.8514],[-76.6559,36.8517],[-76.6563,36.8513],[-76.657,36.8515],[-76.6576,36.8511],[-76.6576,36.8513],[-76.6586,36.8516],[-76.6584,36.8519],[-76.6573,36.8517],[-76.6567,36.8519],[-76.6574,36.8532],[-76.6584,36.8532],[-76.6586,36.8535],[-76.6596,36.8531],[-76.6604,36.8531],[-76.6617,36.8536],[-76.662,36.853],[-76.6622,36.8534],[-76.6629,36.8537],[-76.6634,36.8534],[-76.6637,36.8541],[-76.6647,36.8544],[-76.6653,36.8541],[-76.6654,36.8537],[-76.6651,36.8529],[-76.6657,36.8522],[-76.6655,36.853],[-76.6658,36.8535],[-76.6674,36.8538],[-76.666,36.8539],[-76.6654,36.8545],[-76.6652,36.8548],[-76.6659,36.8558],[-76.6656,36.8561],[-76.6654,36.8555],[-76.6647,36.8551],[-76.6638,36.8552],[-76.6639,36.8547],[-76.6628,36.8553],[-76.6628,36.8549],[-76.6634,36.8546],[-76.6626,36.8541],[-76.6619,36.8541],[-76.661,36.8546],[-76.661,36.8542],[-76.6605,36.8537],[-76.6601,36.8539],[-76.6594,36.8538],[-76.6594,36.8543],[-76.6577,36.8541],[-76.6572,36.8549],[-76.6576,36.8558],[-76.6589,36.8563],[-76.6563,36.8562],[-76.6556,36.8556],[-76.6555,36.8549],[-76.6565,36.8539],[-76.656,36.8531],[-76.6541,36.8525],[-76.6538,36.8527],[-76.6541,36.853],[-76.6546,36.8528],[-76.655,36.8531],[-76.6539,36.8532],[-76.6543,36.8536],[-76.654,36.8537],[-76.6542,36.8542],[-76.653,36.8553],[-76.6525,36.8555],[-76.6524,36.8553],[-76.6533,36.8549],[-76.6537,36.8543],[-76.6534,36.8538],[-76.6527,36.8539],[-76.6533,36.8535],[-76.6535,36.8529],[-76.652,36.8535],[-76.6514,36.8534],[-76.6511,36.8531],[-76.6506,36.8533],[-76.6504,36.8532],[-76.6496,36.8541],[-76.6496,36.8534],[-76.6492,36.8539],[-76.6489,36.8538],[-76.6493,36.853],[-76.6501,36.853],[-76.6497,36.8526],[-76.6503,36.8528],[-76.6505,36.8527],[-76.6501,36.8516],[-76.6499,36.8518],[-76.6491,36.8516],[-76.6483,36.852],[-76.6483,36.8518],[-76.6476,36.8518],[-76.649,36.8512],[-76.6492,36.8514],[-76.6498,36.8513],[-76.6499,36.851],[-76.6495,36.8509],[-76.6493,36.8505],[-76.6496,36.8497],[-76.6492,36.8497],[-76.65,36.8495],[-76.6503,36.8489],[-76.6491,36.8491],[-76.6493,36.8488],[-76.649,36.8487],[-76.6482,36.8492],[-76.6485,36.8488],[-76.6483,36.8486],[-76.6487,36.8486],[-76.6489,36.8483],[-76.6498,36.8486],[-76.65,36.8478],[-76.6502,36.848],[-76.6501,36.8473],[-76.6495,36.8471],[-76.6495,36.8468],[-76.6487,36.8462],[-76.6483,36.8464],[-76.6486,36.8479],[-76.6476,36.8476],[-76.6461,36.848],[-76.6459,36.849],[-76.6455,36.8487],[-76.6447,36.849],[-76.6447,36.8494],[-76.644,36.8504],[-76.6443,36.849],[-76.6431,36.8486],[-76.6427,36.848],[-76.6426,36.8489],[-76.6423,36.8491],[-76.6424,36.8498],[-76.642,36.8494],[-76.6413,36.8498],[-76.6421,36.8492],[-76.6422,36.8482],[-76.6419,36.8479],[-76.6409,36.8482],[-76.64,36.8488],[-76.6399,36.8485],[-76.6406,36.8479],[-76.641,36.8478],[-76.6402,36.8463],[-76.6403,36.8457],[-76.6396,36.8454],[-76.638,36.8463],[-76.6378,36.846],[-76.6373,36.846],[-76.6362,36.8456],[-76.6347,36.8464],[-76.6348,36.8467],[-76.6362,36.8471],[-76.6362,36.8474],[-76.6358,36.8471],[-76.6349,36.8472],[-76.635,36.8482],[-76.6344,36.8484],[-76.6349,36.849],[-76.6359,36.8492],[-76.6356,36.8498],[-76.6358,36.8502],[-76.6356,36.8507],[-76.6352,36.8508],[-76.6358,36.8514],[-76.635,36.8512],[-76.6351,36.8517],[-76.6349,36.8522],[-76.6355,36.8534],[-76.6366,36.8543],[-76.6358,36.8543],[-76.6346,36.8532]]]},"properties":{"id":"usgs-pad-us-fee-managers:7386","name":"Burnt Mills Lake Park","kind":"land","category":"public-land","sourceCategory":"public-land","sourceId":"usgs-pad-us-fee-managers","sourceUrl":"https://services.arcgis.com/v01gqwM5QqNysAAi/arcgis/rest/services/Fee_Managers_PADUS/FeatureServer/0","sourceUpdated":"2017-08-14T04:00:00.000Z","publicUse":"PAD-US reports open access; verify current manager conditions and restrictions.","unit":"CNTY","origin":"public-catalog"}},{"type":"Feature","id":"usgs-pad-us-fee-managers:7455","geometry":{"type":"Polygon","coordinates":[[[-77.9754,37.1682],[-77.9753,37.1678],[-77.9746,37.168],[-77.9744,37.1676],[-77.9722,37.1676],[-77.9701,37.1626],[-77.9721,37.1619],[-77.9724,37.1606],[-77.9717,37.1597],[-77.9717,37.1594],[-77.9724,37.1594],[-77.9728,37.159],[-77.9733,37.1593],[-77.975,37.1593],[-77.9753,37.1587],[-77.9764,37.1593],[-77.9769,37.1598],[-77.9767,37.1606],[-77.978,37.1608],[-77.9786,37.1613],[-77.9787,37.1619],[-77.9786,37.1622],[-77.9791,37.163],[-77.9791,37.1634],[-77.9799,37.1642],[-77.9802,37.165],[-77.9807,37.1649],[-77.9816,37.1654],[-77.9812,37.1658],[-77.9801,37.1656],[-77.9785,37.1663],[-77.9784,37.1669],[-77.9776,37.1672],[-77.9774,37.1677],[-77.9761,37.1681],[-77.9759,37.1685],[-77.9753,37.1687],[-77.9754,37.1682]]]},"properties":{"id":"usgs-pad-us-fee-managers:7455","name":"Lake Nottoway Boat Access Area","kind":"land","category":"public-land","sourceCategory":"public-land","sourceId":"usgs-pad-us-fee-managers","sourceUrl":"https://services.arcgis.com/v01gqwM5QqNysAAi/arcgis/rest/services/Fee_Managers_PADUS/FeatureServer/0","sourceUpdated":"2017-08-14T04:00:00.000Z","publicUse":"PAD-US reports open access; verify current manager conditions and restrictions.","unit":"CNTY","origin":"public-catalog"}},{"type":"Feature","id":"usgs-pad-us-fee-managers:7474","geometry":{"type":"Polygon","coordinates":[[[-77.2878,38.5207],[-77.2884,38.5209],[-77.2874,38.5228],[-77.2867,38.5222],[-77.2877,38.5214],[-77.2878,38.5207]]]},"properties":{"id":"usgs-pad-us-fee-managers:7474","name":"Quantico MCCDC","kind":"land","category":"public-land","sourceCategory":"public-land","sourceId":"usgs-pad-us-fee-managers","sourceUrl":"https://services.arcgis.com/v01gqwM5QqNysAAi/arcgis/rest/services/Fee_Managers_PADUS/FeatureServer/0","sourceUpdated":"2017-08-14T04:00:00.000Z","publicUse":"PAD-US does not report an access classification; verify with the land manager.","unit":"CNTY","origin":"public-catalog"}},{"type":"Feature","id":"usgs-pad-us-fee-managers:7475","geometry":{"type":"Polygon","coordinates":[[[-77.3467,38.6053],[-77.3457,38.605],[-77.3462,38.6039],[-77.3498,38.6047],[-77.3486,38.6072],[-77.3467,38.6053]]]},"properties":{"id":"usgs-pad-us-fee-managers:7475","name":"Anne Moncure Wall Community Park","kind":"land","category":"public-land","sourceCategory":"public-land","sourceId":"usgs-pad-us-fee-managers","sourceUrl":"https://services.arcgis.com/v01gqwM5QqNysAAi/arcgis/rest/services/Fee_Managers_PADUS/FeatureServer/0","sourceUpdated":"2017-08-14T04:00:00.000Z","publicUse":"PAD-US reports open access; verify current manager conditions and restrictions.","unit":"CNTY","origin":"public-catalog"}},{"type":"Feature","id":"usgs-pad-us-fee-managers:7476","geometry":{"type":"MultiPolygon","coordinates":[[[[-77.3606,38.6598],[-77.3611,38.6598],[-77.3611,38.6599],[-77.3606,38.6598]]],[[[-77.3625,38.6614],[-77.3623,38.6612],[-77.3627,38.6616],[-77.3625,38.6614]]],[[[-77.3189,38.6891],[-77.3187,38.6892],[-77.3182,38.6891],[-77.3189,38.6891]]],[[[-77.4825,38.7869],[-77.4832,38.7863],[-77.4835,38.7866],[-77.4827,38.7871],[-77.4825,38.7869]]]]},"properties":{"id":"usgs-pad-us-fee-managers:7476","name":"Unnamed Prince William County Park","kind":"land","category":"public-land","sourceCategory":"public-land","sourceId":"usgs-pad-us-fee-managers","sourceUrl":"https://services.arcgis.com/v01gqwM5QqNysAAi/arcgis/rest/services/Fee_Managers_PADUS/FeatureServer/0","sourceUpdated":"2017-08-14T04:00:00.000Z","publicUse":"PAD-US reports open access; verify current manager conditions and restrictions.","unit":"CNTY","origin":"public-catalog"}},{"type":"Feature","id":"usgs-pad-us-fee-managers:7633","geometry":{"type":"Polygon","coordinates":[[[-76.3534,37.6238],[-76.3524,37.6239],[-76.3523,37.6214],[-76.3533,37.6212],[-76.3542,37.6215],[-76.3542,37.6207],[-76.3538,37.6205],[-76.353,37.6207],[-76.3538,37.6203],[-76.3558,37.6202],[-76.3568,37.6196],[-76.3595,37.6194],[-76.3598,37.6196],[-76.3592,37.6201],[-76.3591,37.6208],[-76.3595,37.6218],[-76.357,37.6242],[-76.3567,37.6241],[-76.3565,37.6247],[-76.3531,37.6247],[-76.3534,37.6238]]]},"properties":{"id":"usgs-pad-us-fee-managers:7633","name":"Lively Hunt Club","kind":"land","category":"public-land","sourceCategory":"public-land","sourceId":"usgs-pad-us-fee-managers","sourceUrl":"https://services.arcgis.com/v01gqwM5QqNysAAi/arcgis/rest/services/Fee_Managers_PADUS/FeatureServer/0","sourceUpdated":"2017-08-14T04:00:00.000Z","publicUse":"PAD-US reports open access; verify current manager conditions and restrictions.","unit":"UNKL","origin":"public-catalog"}},{"type":"Feature","id":"usgs-pad-us-fee-managers:7669","geometry":{"type":"Polygon","coordinates":[[[-77.2936,38.9298],[-77.293,38.9297],[-77.2927,38.9288],[-77.2938,38.9294],[-77.2936,38.9298]]]},"properties":{"id":"usgs-pad-us-fee-managers:7669","name":"Clarks Crossing Park","kind":"land","category":"public-land","sourceCategory":"public-land","sourceId":"usgs-pad-us-fee-managers","sourceUrl":"https://services.arcgis.com/v01gqwM5QqNysAAi/arcgis/rest/services/Fee_Managers_PADUS/FeatureServer/0","sourceUpdated":"2017-08-14T04:00:00.000Z","publicUse":"PAD-US reports open access; verify current manager conditions and restrictions.","unit":"UNKL","origin":"public-catalog"}},{"type":"Feature","id":"usgs-pad-us-fee-managers:7671","geometry":{"type":"MultiPolygon","coordinates":[[[[-77.1923,38.6193],[-77.197,38.6195],[-77.2002,38.6189],[-77.2015,38.6182],[-77.2019,38.6177],[-77.2028,38.6177],[-77.2037,38.6182],[-77.2043,38.6179],[-77.2049,38.6184],[-77.2055,38.6198],[-77.2048,38.6228],[-77.2053,38.6255],[-77.207,38.6273],[-77.2098,38.6292],[-77.1964,38.6345],[-77.1849,38.6217],[-77.1893,38.6207],[-77.1899,38.6204],[-77.1902,38.6198],[-77.1923,38.6193]]],[[[-77.1767,38.6376],[-77.172,38.6248],[-77.1772,38.6238],[-77.1806,38.6316],[-77.1838,38.6312],[-77.1855,38.6348],[-77.1853,38.6349],[-77.1851,38.6346],[-77.1767,38.6376]]],[[[-77.1621,38.6548],[-77.1618,38.6582],[-77.1617,38.6581],[-77.1616,38.6572],[-77.1621,38.6548]]]]},"properties":{"id":"usgs-pad-us-fee-managers:7671","name":"Mason Neck Regional Park","kind":"land","category":"public-land","sourceCategory":"public-land","sourceId":"usgs-pad-us-fee-managers","sourceUrl":"https://services.arcgis.com/v01gqwM5QqNysAAi/arcgis/rest/services/Fee_Managers_PADUS/FeatureServer/0","sourceUpdated":"2017-08-14T04:00:00.000Z","publicUse":"PAD-US reports open access; verify current manager conditions and restrictions.","unit":"UNKL","origin":"public-catalog"}},{"type":"Feature","id":"usgs-pad-us-fee-managers:82473","geometry":{"type":"Polygon","coordinates":[[[-77.2869,38.8464],[-77.2873,38.8463],[-77.2867,38.8474],[-77.2869,38.8483],[-77.2859,38.8485],[-77.2857,38.8481],[-77.2851,38.8479],[-77.2862,38.8474],[-77.2869,38.8464]]]},"properties":{"id":"usgs-pad-us-fee-managers:82473","name":"Conrad Property, 9817 Ashby Road","kind":"land","category":"public-land","sourceCategory":"public-land","sourceId":"usgs-pad-us-fee-managers","sourceUrl":"https://services.arcgis.com/v01gqwM5QqNysAAi/arcgis/rest/services/Fee_Managers_PADUS/FeatureServer/0","sourceUpdated":"2017-09-14T04:00:00.000Z","publicUse":"PAD-US reports open access; verify current manager conditions and restrictions.","unit":"CITY","origin":"public-catalog"}},{"type":"Feature","id":"usgs-pad-us-fee-managers:82474","geometry":{"type":"MultiPolygon","coordinates":[[[[-77.2906,38.8365],[-77.2913,38.8366],[-77.2912,38.8372],[-77.2906,38.8371],[-77.2906,38.8365]]],[[[-77.2906,38.8372],[-77.2912,38.8373],[-77.2912,38.838],[-77.2905,38.838],[-77.2906,38.8372]]]]},"properties":{"id":"usgs-pad-us-fee-managers:82474","name":"Grefe Property, 9980 Mosby Road","kind":"land","category":"public-land","sourceCategory":"public-land","sourceId":"usgs-pad-us-fee-managers","sourceUrl":"https://services.arcgis.com/v01gqwM5QqNysAAi/arcgis/rest/services/Fee_Managers_PADUS/FeatureServer/0","sourceUpdated":"2017-09-14T04:00:00.000Z","publicUse":"PAD-US reports open access; verify current manager conditions and restrictions.","unit":"CITY","origin":"public-catalog"}},{"type":"Feature","id":"usgs-pad-us-fee-managers:82475","geometry":{"type":"Polygon","coordinates":[[[-77.3183,38.8386],[-77.3187,38.8386],[-77.3187,38.8405],[-77.3178,38.8403],[-77.3183,38.8386]]]},"properties":{"id":"usgs-pad-us-fee-managers:82475","name":"Jester Property, 10735 West Drive","kind":"land","category":"public-land","sourceCategory":"public-land","sourceId":"usgs-pad-us-fee-managers","sourceUrl":"https://services.arcgis.com/v01gqwM5QqNysAAi/arcgis/rest/services/Fee_Managers_PADUS/FeatureServer/0","sourceUpdated":"2017-09-14T04:00:00.000Z","publicUse":"PAD-US reports open access; verify current manager conditions and restrictions.","unit":"CITY","origin":"public-catalog"}},{"type":"Feature","id":"usgs-pad-us-fee-managers:82527","geometry":{"type":"Polygon","coordinates":[[[-76.7735,37.2497],[-76.7729,37.2494],[-76.7736,37.2494],[-76.7794,37.2498],[-76.7804,37.2503],[-76.7822,37.2519],[-76.779,37.2545],[-76.7783,37.2543],[-76.7758,37.2516],[-76.7735,37.2497]]]},"properties":{"id":"usgs-pad-us-fee-managers:82527","name":"Luna and Zamora Property","kind":"land","category":"public-land","sourceCategory":"public-land","sourceId":"usgs-pad-us-fee-managers","sourceUrl":"https://services.arcgis.com/v01gqwM5QqNysAAi/arcgis/rest/services/Fee_Managers_PADUS/FeatureServer/0","sourceUpdated":"2017-09-14T04:00:00.000Z","publicUse":"PAD-US does not report an access classification; verify with the land manager.","unit":"CNTY","origin":"public-catalog"}},{"type":"Feature","id":"usgs-pad-us-fee-managers:82630","geometry":{"type":"Polygon","coordinates":[[[-77.4678,38.3584],[-77.4686,38.3581],[-77.4689,38.3576],[-77.4699,38.3575],[-77.4701,38.3572],[-77.4721,38.3564],[-77.4727,38.357],[-77.4704,38.3602],[-77.468,38.3645],[-77.4678,38.361],[-77.4662,38.3602],[-77.4663,38.3595],[-77.4677,38.3591],[-77.4678,38.3584]]]},"properties":{"id":"usgs-pad-us-fee-managers:82630","name":"Chichester Park","kind":"land","category":"public-land","sourceCategory":"public-land","sourceId":"usgs-pad-us-fee-managers","sourceUrl":"https://services.arcgis.com/v01gqwM5QqNysAAi/arcgis/rest/services/Fee_Managers_PADUS/FeatureServer/0","sourceUpdated":"2017-09-14T04:00:00.000Z","publicUse":"PAD-US reports open access; verify current manager conditions and restrictions.","unit":"CNTY","origin":"public-catalog"}},{"type":"Feature","id":"usgs-pad-us-fee-managers:82631","geometry":{"type":"Polygon","coordinates":[[[-77.4797,38.3637],[-77.4808,38.3637],[-77.4813,38.3642],[-77.4815,38.3663],[-77.4793,38.3659],[-77.4791,38.3641],[-77.4797,38.3637]]]},"properties":{"id":"usgs-pad-us-fee-managers:82631","name":"Musselman Park 1","kind":"land","category":"public-land","sourceCategory":"public-land","sourceId":"usgs-pad-us-fee-managers","sourceUrl":"https://services.arcgis.com/v01gqwM5QqNysAAi/arcgis/rest/services/Fee_Managers_PADUS/FeatureServer/0","sourceUpdated":"2017-09-14T04:00:00.000Z","publicUse":"PAD-US reports open access; verify current manager conditions and restrictions.","unit":"CNTY","origin":"public-catalog"}},{"type":"Feature","id":"usgs-pad-us-fee-managers:82632","geometry":{"type":"Polygon","coordinates":[[[-77.4836,38.3662],[-77.4835,38.3655],[-77.4814,38.3657],[-77.4813,38.3642],[-77.4808,38.3637],[-77.4797,38.3637],[-77.4802,38.3625],[-77.4831,38.3638],[-77.4849,38.363],[-77.4854,38.3638],[-77.4859,38.366],[-77.4836,38.3662]]]},"properties":{"id":"usgs-pad-us-fee-managers:82632","name":"Musselman Park 2","kind":"land","category":"public-land","sourceCategory":"public-land","sourceId":"usgs-pad-us-fee-managers","sourceUrl":"https://services.arcgis.com/v01gqwM5QqNysAAi/arcgis/rest/services/Fee_Managers_PADUS/FeatureServer/0","sourceUpdated":"2017-09-14T04:00:00.000Z","publicUse":"PAD-US reports open access; verify current manager conditions and restrictions.","unit":"CNTY","origin":"public-catalog"}},{"type":"Feature","id":"usgs-pad-us-fee-managers:83708","geometry":{"type":"Polygon","coordinates":[[[-79.5344,37.3296],[-79.5346,37.3285],[-79.533,37.3276],[-79.5334,37.3268],[-79.5345,37.3277],[-79.5351,37.3277],[-79.5368,37.3269],[-79.5385,37.327],[-79.539,37.3279],[-79.5387,37.3287],[-79.539,37.3291],[-79.5403,37.3288],[-79.5403,37.329],[-79.54,37.33],[-79.5394,37.3297],[-79.5381,37.3301],[-79.538,37.3307],[-79.5368,37.3315],[-79.536,37.3317],[-79.535,37.3316],[-79.5344,37.331],[-79.5344,37.3296]]]},"properties":{"id":"usgs-pad-us-fee-managers:83708","name":"The National D-Day Memorial","kind":"land","category":"public-land","sourceCategory":"public-land","sourceId":"usgs-pad-us-fee-managers","sourceUrl":"https://services.arcgis.com/v01gqwM5QqNysAAi/arcgis/rest/services/Fee_Managers_PADUS/FeatureServer/0","sourceUpdated":"2019-09-18T04:00:00.000Z","publicUse":"PAD-US reports open access; verify current manager conditions and restrictions.","unit":"OTHF","origin":"public-catalog"}},{"type":"Feature","id":"usgs-pad-us-fee-managers:83770","geometry":{"type":"Polygon","coordinates":[[[-77.3378,37.2411],[-77.3379,37.2404],[-77.339,37.2406],[-77.3397,37.2385],[-77.3388,37.2382],[-77.3394,37.2374],[-77.34,37.2371],[-77.3442,37.2393],[-77.3384,37.2419],[-77.3378,37.2411]]]},"properties":{"id":"usgs-pad-us-fee-managers:83770","name":"Maclaughlin Fitness Center","kind":"land","category":"public-land","sourceCategory":"public-land","sourceId":"usgs-pad-us-fee-managers","sourceUrl":"https://services.arcgis.com/v01gqwM5QqNysAAi/arcgis/rest/services/Fee_Managers_PADUS/FeatureServer/0","sourceUpdated":"2019-09-18T04:00:00.000Z","publicUse":"PAD-US reports restricted access; confirm permits and seasonal rules with the manager.","unit":"OTHF","origin":"public-catalog"}},{"type":"Feature","id":"usgs-pad-us-fee-managers:83771","geometry":{"type":"Polygon","coordinates":[[[-77.3192,37.2268],[-77.3197,37.2267],[-77.32,37.2273],[-77.3195,37.2275],[-77.3192,37.2268]]]},"properties":{"id":"usgs-pad-us-fee-managers:83771","name":"Park","kind":"land","category":"public-land","sourceCategory":"public-land","sourceId":"usgs-pad-us-fee-managers","sourceUrl":"https://services.arcgis.com/v01gqwM5QqNysAAi/arcgis/rest/services/Fee_Managers_PADUS/FeatureServer/0","sourceUpdated":"2019-09-18T04:00:00.000Z","publicUse":"PAD-US reports restricted access; confirm permits and seasonal rules with the manager.","unit":"OTHF","origin":"public-catalog"}},{"type":"Feature","id":"usgs-pad-us-fee-managers:83772","geometry":{"type":"MultiPolygon","coordinates":[[[[-77.3332,37.2307],[-77.3326,37.2303],[-77.3324,37.2306],[-77.3319,37.2301],[-77.3322,37.2298],[-77.3312,37.2293],[-77.3315,37.2288],[-77.3327,37.2284],[-77.3339,37.2289],[-77.3339,37.2292],[-77.3342,37.2294],[-77.3332,37.2307]]],[[[-77.3158,37.2294],[-77.3153,37.2288],[-77.315,37.2289],[-77.3152,37.2288],[-77.3148,37.2284],[-77.3154,37.2284],[-77.3158,37.2294]]],[[[-77.3137,37.229],[-77.3148,37.23],[-77.3128,37.2303],[-77.3128,37.23],[-77.3135,37.2297],[-77.3137,37.229]]],[[[-77.3286,37.232],[-77.3295,37.2311],[-77.3305,37.2322],[-77.3303,37.2325],[-77.3294,37.2321],[-77.3289,37.2324],[-77.3293,37.233],[-77.3291,37.2335],[-77.3281,37.2325],[-77.3286,37.232]]],[[[-77.3224,37.2308],[-77.3227,37.2308],[-77.3229,37.2316],[-77.3235,37.2323],[-77.3231,37.2326],[-77.3224,37.2322],[-77.3225,37.2316],[-77.3224,37.2308]]],[[[-77.3195,37.2319],[-77.3196,37.2316],[-77.3197,37.2319],[-77.3204,37.2315],[-77.3204,37.2317],[-77.3195,37.2323],[-77.3192,37.232],[-77.3195,37.2319]]],[[[-77.3221,37.2329],[-77.3225,37.233],[-77.322,37.2334],[-77.3213,37.2336],[-77.3211,37.2334],[-77.3221,37.2329]]],[[[-77.3171,37.2325],[-77.3174,37.2328],[-77.3166,37.2335],[-77.3163,37.2331],[-77.3171,37.2325]]],[[[-77.3226,37.234],[-77.3233,37.2334],[-77.3232,37.2331],[-77.3234,37.2333],[-77.3242,37.233],[-77.3242,37.2327],[-77.3248,37.233],[-77.3246,37.2334],[-77.3253,37.2335],[-77.3256,37.2331],[-77.3259,37.2333],[-77.3257,37.2338],[-77.3242,37.2336],[-77.3234,37.2339],[-77.3234,37.2342],[-77.3233,37.2339],[-77.3219,37.2345],[-77.3226,37.234]]],[[[-77.3241,37.2344],[-77.3245,37.2344],[-77.3241,37.2356],[-77.3241,37.2344]]],[[[-77.3221,37.2354],[-77.3224,37.2352],[-77.3222,37.2349],[-77.3233,37.2348],[-77.3231,37.2355],[-77.3235,37.2355],[-77.3224,37.2355],[-77.3219,37.2358],[-77.3215,37.2354],[-77.3221,37.2354]]],[[[-77.3157,37.2338],[-77.3162,37.2341],[-77.3148,37.2349],[-77.3145,37.2346],[-77.3157,37.2338]]],[[[-77.3512,37.2473],[-77.3515,37.2471],[-77.3512,37.2468],[-77.3493,37.2478],[-77.349,37.2476],[-77.3501,37.2467],[-77.3522,37.2456],[-77.3523,37.2458],[-77.3512,37.2468],[-77.3518,37.2474],[-77.3524,37.2467],[-77.3527,37.2471],[-77.3533,37.2472],[-77.3511,37.2488],[-77.3503,37.2491],[-77.3496,37.2489],[-77.3495,37.2486],[-77.3514,37.2476],[-77.3512,37.2473]]]]},"properties":{"id":"usgs-pad-us-fee-managers:83772","name":"Unknown Park","kind":"land","category":"public-land","sourceCategory":"public-land","sourceId":"usgs-pad-us-fee-managers","sourceUrl":"https://services.arcgis.com/v01gqwM5QqNysAAi/arcgis/rest/services/Fee_Managers_PADUS/FeatureServer/0","sourceUpdated":"2019-09-18T04:00:00.000Z","publicUse":"PAD-US reports restricted access; confirm permits and seasonal rules with the manager.","unit":"OTHF","origin":"public-catalog"}},{"type":"Feature","id":"usgs-pad-us-fee-managers:83780","geometry":{"type":"Polygon","coordinates":[[[-76.428,37.0918],[-76.4278,37.0899],[-76.4274,37.0922],[-76.4266,37.0918],[-76.4258,37.0919],[-76.4256,37.0911],[-76.4253,37.0909],[-76.4273,37.0917],[-76.4275,37.0893],[-76.4292,37.0896],[-76.429,37.0918],[-76.4323,37.0914],[-76.4335,37.0893],[-76.4342,37.0895],[-76.4336,37.0898],[-76.4326,37.0913],[-76.4326,37.0919],[-76.431,37.0927],[-76.431,37.0942],[-76.4293,37.0944],[-76.4286,37.0931],[-76.4281,37.0925],[-76.428,37.0918]]]},"properties":{"id":"usgs-pad-us-fee-managers:83780","name":"Big Bethel Recreation Area","kind":"land","category":"public-land","sourceCategory":"public-land","sourceId":"usgs-pad-us-fee-managers","sourceUrl":"https://services.arcgis.com/v01gqwM5QqNysAAi/arcgis/rest/services/Fee_Managers_PADUS/FeatureServer/0","sourceUpdated":"2019-09-18T04:00:00.000Z","publicUse":"PAD-US reports open access; verify current manager conditions and restrictions.","unit":"OTHF","origin":"public-catalog"}},{"type":"Feature","id":"usgs-pad-us-fee-managers:84456","geometry":{"type":"Polygon","coordinates":[[[-75.9781,36.8593],[-75.9781,36.8594],[-75.9776,36.8595],[-75.9776,36.8594],[-75.9781,36.8593]]]},"properties":{"id":"usgs-pad-us-fee-managers:84456","name":"31st Street Park","kind":"land","category":"public-land","sourceCategory":"public-land","sourceId":"usgs-pad-us-fee-managers","sourceUrl":"https://services.arcgis.com/v01gqwM5QqNysAAi/arcgis/rest/services/Fee_Managers_PADUS/FeatureServer/0","sourceUpdated":"2019-09-18T04:00:00.000Z","publicUse":"PAD-US reports open access; verify current manager conditions and restrictions.","unit":"CITY","origin":"public-catalog"}},{"type":"Feature","id":"usgs-pad-us-fee-managers:84457","geometry":{"type":"Polygon","coordinates":[[[-75.9981,36.8747],[-75.9983,36.8752],[-75.9977,36.8754],[-75.9971,36.875],[-75.9973,36.8747],[-75.9981,36.8747]]]},"properties":{"id":"usgs-pad-us-fee-managers:84457","name":"Bay Colony Park","kind":"land","category":"public-land","sourceCategory":"public-land","sourceId":"usgs-pad-us-fee-managers","sourceUrl":"https://services.arcgis.com/v01gqwM5QqNysAAi/arcgis/rest/services/Fee_Managers_PADUS/FeatureServer/0","sourceUpdated":"2019-09-18T04:00:00.000Z","publicUse":"PAD-US reports open access; verify current manager conditions and restrictions.","unit":"CITY","origin":"public-catalog"}},{"type":"Feature","id":"usgs-pad-us-fee-managers:84458","geometry":{"type":"Polygon","coordinates":[[[-76.1363,36.7989],[-76.1373,36.7993],[-76.1366,36.8003],[-76.1357,36.7997],[-76.1363,36.7989]]]},"properties":{"id":"usgs-pad-us-fee-managers:84458","name":"Bellamy Woods Park","kind":"land","category":"public-land","sourceCategory":"public-land","sourceId":"usgs-pad-us-fee-managers","sourceUrl":"https://services.arcgis.com/v01gqwM5QqNysAAi/arcgis/rest/services/Fee_Managers_PADUS/FeatureServer/0","sourceUpdated":"2019-09-18T04:00:00.000Z","publicUse":"PAD-US reports open access; verify current manager conditions and restrictions.","unit":"CITY","origin":"public-catalog"}},{"type":"Feature","id":"usgs-pad-us-fee-managers:84459","geometry":{"type":"Polygon","coordinates":[[[-76.0976,36.8502],[-76.0981,36.8497],[-76.0989,36.8495],[-76.0992,36.8497],[-76.099,36.85],[-76.0996,36.8501],[-76.0997,36.8503],[-76.1009,36.8503],[-76.101,36.8499],[-76.101,36.8504],[-76.1019,36.8506],[-76.1008,36.8528],[-76.0993,36.852],[-76.0987,36.8511],[-76.0976,36.8506],[-76.0976,36.8502]]]},"properties":{"id":"usgs-pad-us-fee-managers:84459","name":"Birchwood/Malibu Park","kind":"land","category":"public-land","sourceCategory":"public-land","sourceId":"usgs-pad-us-fee-managers","sourceUrl":"https://services.arcgis.com/v01gqwM5QqNysAAi/arcgis/rest/services/Fee_Managers_PADUS/FeatureServer/0","sourceUpdated":"2019-09-18T04:00:00.000Z","publicUse":"PAD-US reports open access; verify current manager conditions and restrictions.","unit":"CITY","origin":"public-catalog"}},{"type":"Feature","id":"usgs-pad-us-fee-managers:84460","geometry":{"type":"Polygon","coordinates":[[[-76.0833,36.5841],[-76.0847,36.5852],[-76.0834,36.586],[-76.0826,36.5842],[-76.0833,36.5841]]]},"properties":{"id":"usgs-pad-us-fee-managers:84460","name":"Blackwater Fire Station Park","kind":"land","category":"public-land","sourceCategory":"public-land","sourceId":"usgs-pad-us-fee-managers","sourceUrl":"https://services.arcgis.com/v01gqwM5QqNysAAi/arcgis/rest/services/Fee_Managers_PADUS/FeatureServer/0","sourceUpdated":"2019-09-18T04:00:00.000Z","publicUse":"PAD-US reports open access; verify current manager conditions and restrictions.","unit":"CITY","origin":"public-catalog"}},{"type":"Feature","id":"usgs-pad-us-fee-managers:84461","geometry":{"type":"Polygon","coordinates":[[[-76.1092,36.6197],[-76.1093,36.6186],[-76.1103,36.6188],[-76.1102,36.6198],[-76.1108,36.6199],[-76.1107,36.6211],[-76.1092,36.6209],[-76.1092,36.6197]]]},"properties":{"id":"usgs-pad-us-fee-managers:84461","name":"Blackwater Park","kind":"land","category":"public-land","sourceCategory":"public-land","sourceId":"usgs-pad-us-fee-managers","sourceUrl":"https://services.arcgis.com/v01gqwM5QqNysAAi/arcgis/rest/services/Fee_Managers_PADUS/FeatureServer/0","sourceUpdated":"2019-09-18T04:00:00.000Z","publicUse":"PAD-US reports open access; verify current manager conditions and restrictions.","unit":"CITY","origin":"public-catalog"}},{"type":"Feature","id":"usgs-pad-us-fee-managers:84462","geometry":{"type":"Polygon","coordinates":[[[-76.1725,36.7817],[-76.1736,36.7829],[-76.1729,36.7833],[-76.1712,36.7824],[-76.1725,36.7817]]]},"properties":{"id":"usgs-pad-us-fee-managers:84462","name":"Brigadoon Park","kind":"land","category":"public-land","sourceCategory":"public-land","sourceId":"usgs-pad-us-fee-managers","sourceUrl":"https://services.arcgis.com/v01gqwM5QqNysAAi/arcgis/rest/services/Fee_Managers_PADUS/FeatureServer/0","sourceUpdated":"2019-09-18T04:00:00.000Z","publicUse":"PAD-US reports open access; verify current manager conditions and restrictions.","unit":"CITY","origin":"public-catalog"}},{"type":"Feature","id":"usgs-pad-us-fee-managers:84463","geometry":{"type":"Polygon","coordinates":[[[-76.178,36.7786],[-76.1785,36.7778],[-76.1789,36.778],[-76.1783,36.7787],[-76.178,36.7786]]]},"properties":{"id":"usgs-pad-us-fee-managers:84463","name":"Brigadoon Woods","kind":"land","category":"public-land","sourceCategory":"public-land","sourceId":"usgs-pad-us-fee-managers","sourceUrl":"https://services.arcgis.com/v01gqwM5QqNysAAi/arcgis/rest/services/Fee_Managers_PADUS/FeatureServer/0","sourceUpdated":"2019-09-18T04:00:00.000Z","publicUse":"PAD-US reports open access; verify current manager conditions and restrictions.","unit":"CITY","origin":"public-catalog"}},{"type":"Feature","id":"usgs-pad-us-fee-managers:84464","geometry":{"type":"Polygon","coordinates":[[[-76.1789,36.778],[-76.1802,36.779],[-76.1791,36.7802],[-76.1777,36.7793],[-76.1789,36.778]]]},"properties":{"id":"usgs-pad-us-fee-managers:84464","name":"Brigadoon Woods Park","kind":"land","category":"public-land","sourceCategory":"public-land","sourceId":"usgs-pad-us-fee-managers","sourceUrl":"https://services.arcgis.com/v01gqwM5QqNysAAi/arcgis/rest/services/Fee_Managers_PADUS/FeatureServer/0","sourceUpdated":"2019-09-18T04:00:00.000Z","publicUse":"PAD-US reports open access; verify current manager conditions and restrictions.","unit":"CITY","origin":"public-catalog"}},{"type":"Feature","id":"usgs-pad-us-fee-managers:84465","geometry":{"type":"Polygon","coordinates":[[[-76.0937,36.8613],[-76.0938,36.8632],[-76.0914,36.8629],[-76.0914,36.862],[-76.0919,36.8614],[-76.0937,36.8613]]]},"properties":{"id":"usgs-pad-us-fee-managers:84465","name":"Brill Field Park","kind":"land","category":"public-land","sourceCategory":"public-land","sourceId":"usgs-pad-us-fee-managers","sourceUrl":"https://services.arcgis.com/v01gqwM5QqNysAAi/arcgis/rest/services/Fee_Managers_PADUS/FeatureServer/0","sourceUpdated":"2019-09-18T04:00:00.000Z","publicUse":"PAD-US reports open access; verify current manager conditions and restrictions.","unit":"CITY","origin":"public-catalog"}},{"type":"Feature","id":"usgs-pad-us-fee-managers:84466","geometry":{"type":"Polygon","coordinates":[[[-76.0574,36.7671],[-76.0577,36.7673],[-76.0574,36.7677],[-76.058,36.7682],[-76.058,36.7692],[-76.0558,36.7692],[-76.0568,36.7692],[-76.0567,36.7679],[-76.0574,36.7671]]]},"properties":{"id":"usgs-pad-us-fee-managers:84466","name":"Buyrn Farms Park","kind":"land","category":"public-land","sourceCategory":"public-land","sourceId":"usgs-pad-us-fee-managers","sourceUrl":"https://services.arcgis.com/v01gqwM5QqNysAAi/arcgis/rest/services/Fee_Managers_PADUS/FeatureServer/0","sourceUpdated":"2019-09-18T04:00:00.000Z","publicUse":"PAD-US reports open access; verify current manager conditions and restrictions.","unit":"CITY","origin":"public-catalog"}},{"type":"Feature","id":"usgs-pad-us-fee-managers:84467","geometry":{"type":"MultiPolygon","coordinates":[[[[-76.0702,36.9105],[-76.0703,36.9106],[-76.0682,36.911],[-76.0702,36.9105]]],[[[-76.0659,36.9114],[-76.0678,36.9111],[-76.0656,36.9116],[-76.0659,36.9114]]],[[[-76.0646,36.9117],[-76.0654,36.9116],[-76.0647,36.9118],[-76.0646,36.9117]]],[[[-76.0644,36.9117],[-76.0645,36.9118],[-76.0637,36.9119],[-76.0644,36.9117]]],[[[-76.0628,36.9121],[-76.0636,36.912],[-76.0628,36.9122],[-76.0628,36.9121]]],[[[-76.0617,36.9123],[-76.061,36.9126],[-76.0609,36.9125],[-76.0617,36.9123]]],[[[-76.0608,36.9125],[-76.0608,36.9126],[-76.056,36.9141],[-76.0608,36.9125]]]]},"properties":{"id":"usgs-pad-us-fee-managers:84467","name":"Cape Henry Trail","kind":"land","category":"public-land","sourceCategory":"public-land","sourceId":"usgs-pad-us-fee-managers","sourceUrl":"https://services.arcgis.com/v01gqwM5QqNysAAi/arcgis/rest/services/Fee_Managers_PADUS/FeatureServer/0","sourceUpdated":"2019-09-18T04:00:00.000Z","publicUse":"PAD-US reports open access; verify current manager conditions and restrictions.","unit":"CITY","origin":"public-catalog"}},{"type":"Feature","id":"usgs-pad-us-fee-managers:84468","geometry":{"type":"Polygon","coordinates":[[[-76.1699,36.8271],[-76.1703,36.8268],[-76.1708,36.8269],[-76.1701,36.8273],[-76.1699,36.8271]]]},"properties":{"id":"usgs-pad-us-fee-managers:84468","name":"Carolanne Neighborhood Park","kind":"land","category":"public-land","sourceCategory":"public-land","sourceId":"usgs-pad-us-fee-managers","sourceUrl":"https://services.arcgis.com/v01gqwM5QqNysAAi/arcgis/rest/services/Fee_Managers_PADUS/FeatureServer/0","sourceUpdated":"2019-09-18T04:00:00.000Z","publicUse":"PAD-US reports open access; verify current manager conditions and restrictions.","unit":"CITY","origin":"public-catalog"}},{"type":"Feature","id":"usgs-pad-us-fee-managers:84469","geometry":{"type":"Polygon","coordinates":[[[-76.1224,36.7713],[-76.1225,36.7715],[-76.1222,36.7716],[-76.1221,36.7713],[-76.1224,36.7713]]]},"properties":{"id":"usgs-pad-us-fee-managers:84469","name":"Champion Oaks Park","kind":"land","category":"public-land","sourceCategory":"public-land","sourceId":"usgs-pad-us-fee-managers","sourceUrl":"https://services.arcgis.com/v01gqwM5QqNysAAi/arcgis/rest/services/Fee_Managers_PADUS/FeatureServer/0","sourceUpdated":"2019-09-18T04:00:00.000Z","publicUse":"PAD-US reports open access; verify current manager conditions and restrictions.","unit":"CITY","origin":"public-catalog"}},{"type":"Feature","id":"usgs-pad-us-fee-managers:84470","geometry":{"type":"Polygon","coordinates":[[[-76.1805,36.7798],[-76.1808,36.7796],[-76.1803,36.7801],[-76.18,36.781],[-76.1796,36.7808],[-76.1805,36.7798]]]},"properties":{"id":"usgs-pad-us-fee-managers:84470","name":"Charlestowne East Park","kind":"land","category":"public-land","sourceCategory":"public-land","sourceId":"usgs-pad-us-fee-managers","sourceUrl":"https://services.arcgis.com/v01gqwM5QqNysAAi/arcgis/rest/services/Fee_Managers_PADUS/FeatureServer/0","sourceUpdated":"2019-09-18T04:00:00.000Z","publicUse":"PAD-US reports open access; verify current manager conditions and restrictions.","unit":"CITY","origin":"public-catalog"}},{"type":"Feature","id":"usgs-pad-us-fee-managers:84471","geometry":{"type":"Polygon","coordinates":[[[-76.1792,36.765],[-76.179,36.7646],[-76.1787,36.7646],[-76.1787,36.7643],[-76.1804,36.7646],[-76.1805,36.7653],[-76.1799,36.7651],[-76.1794,36.7653],[-76.1792,36.765]]]},"properties":{"id":"usgs-pad-us-fee-managers:84471","name":"Charlestowne Lakes South West Park","kind":"land","category":"public-land","sourceCategory":"public-land","sourceId":"usgs-pad-us-fee-managers","sourceUrl":"https://services.arcgis.com/v01gqwM5QqNysAAi/arcgis/rest/services/Fee_Managers_PADUS/FeatureServer/0","sourceUpdated":"2019-09-18T04:00:00.000Z","publicUse":"PAD-US reports open access; verify current manager conditions and restrictions.","unit":"CITY","origin":"public-catalog"}},{"type":"Feature","id":"usgs-pad-us-fee-managers:84472","geometry":{"type":"Polygon","coordinates":[[[-76.1727,36.808],[-76.174,36.8114],[-76.1733,36.8116],[-76.1714,36.8096],[-76.1717,36.8094],[-76.1712,36.8084],[-76.1727,36.808]]]},"properties":{"id":"usgs-pad-us-fee-managers:84472","name":"Chatham Hall Park","kind":"land","category":"public-land","sourceCategory":"public-land","sourceId":"usgs-pad-us-fee-managers","sourceUrl":"https://services.arcgis.com/v01gqwM5QqNysAAi/arcgis/rest/services/Fee_Managers_PADUS/FeatureServer/0","sourceUpdated":"2019-09-18T04:00:00.000Z","publicUse":"PAD-US reports open access; verify current manager conditions and restrictions.","unit":"CITY","origin":"public-catalog"}},{"type":"Feature","id":"usgs-pad-us-fee-managers:84473","geometry":{"type":"Polygon","coordinates":[[[-76.0016,36.608],[-76.0019,36.6066],[-75.9978,36.6063],[-75.9986,36.6029],[-75.9984,36.6029],[-75.998,36.6001],[-76.0051,36.5991],[-76.0126,36.6022],[-76.0111,36.604],[-76.0114,36.6042],[-76.0108,36.6066],[-76.0137,36.6069],[-76.0113,36.6092],[-76.0016,36.608]]]},"properties":{"id":"usgs-pad-us-fee-managers:84473","name":"Creeds Ath. Airfield Park","kind":"land","category":"public-land","sourceCategory":"public-land","sourceId":"usgs-pad-us-fee-managers","sourceUrl":"https://services.arcgis.com/v01gqwM5QqNysAAi/arcgis/rest/services/Fee_Managers_PADUS/FeatureServer/0","sourceUpdated":"2019-09-18T04:00:00.000Z","publicUse":"PAD-US reports open access; verify current manager conditions and restrictions.","unit":"CITY","origin":"public-catalog"}},{"type":"Feature","id":"usgs-pad-us-fee-managers:84474","geometry":{"type":"Polygon","coordinates":[[[-75.967,36.8186],[-75.9695,36.8295],[-75.9693,36.8297],[-75.9689,36.8296],[-75.9684,36.8291],[-75.9681,36.8261],[-75.9666,36.8187],[-75.967,36.8186]]]},"properties":{"id":"usgs-pad-us-fee-managers:84474","name":"Croatan Beach Park","kind":"land","category":"public-land","sourceCategory":"public-land","sourceId":"usgs-pad-us-fee-managers","sourceUrl":"https://services.arcgis.com/v01gqwM5QqNysAAi/arcgis/rest/services/Fee_Managers_PADUS/FeatureServer/0","sourceUpdated":"2019-09-18T04:00:00.000Z","publicUse":"PAD-US reports open access; verify current manager conditions and restrictions.","unit":"CITY","origin":"public-catalog"}},{"type":"Feature","id":"usgs-pad-us-fee-managers:84475","geometry":{"type":"Polygon","coordinates":[[[-76.1688,36.8734],[-76.1686,36.8722],[-76.1698,36.8725],[-76.1697,36.8732],[-76.1688,36.8734]]]},"properties":{"id":"usgs-pad-us-fee-managers:84475","name":"Cypress Point North Park","kind":"land","category":"public-land","sourceCategory":"public-land","sourceId":"usgs-pad-us-fee-managers","sourceUrl":"https://services.arcgis.com/v01gqwM5QqNysAAi/arcgis/rest/services/Fee_Managers_PADUS/FeatureServer/0","sourceUpdated":"2019-09-18T04:00:00.000Z","publicUse":"PAD-US reports open access; verify current manager conditions and restrictions.","unit":"CITY","origin":"public-catalog"}},{"type":"Feature","id":"usgs-pad-us-fee-managers:84476","geometry":{"type":"Polygon","coordinates":[[[-76.0539,36.8504],[-76.0547,36.8498],[-76.0545,36.8495],[-76.0553,36.85],[-76.0557,36.8497],[-76.0561,36.8499],[-76.0552,36.8507],[-76.0548,36.8504],[-76.0546,36.8507],[-76.0544,36.8505],[-76.054,36.8506],[-76.0539,36.8504]]]},"properties":{"id":"usgs-pad-us-fee-managers:84476","name":"Deerwood Trace","kind":"land","category":"public-land","sourceCategory":"public-land","sourceId":"usgs-pad-us-fee-managers","sourceUrl":"https://services.arcgis.com/v01gqwM5QqNysAAi/arcgis/rest/services/Fee_Managers_PADUS/FeatureServer/0","sourceUpdated":"2019-09-18T04:00:00.000Z","publicUse":"PAD-US reports open access; verify current manager conditions and restrictions.","unit":"CITY","origin":"public-catalog"}},{"type":"Feature","id":"usgs-pad-us-fee-managers:84477","geometry":{"type":"Polygon","coordinates":[[[-76.0734,36.8363],[-76.0736,36.8365],[-76.0734,36.8366],[-76.073,36.8365],[-76.0734,36.8363]]]},"properties":{"id":"usgs-pad-us-fee-managers:84477","name":"Doyle Way Park","kind":"land","category":"public-land","sourceCategory":"public-land","sourceId":"usgs-pad-us-fee-managers","sourceUrl":"https://services.arcgis.com/v01gqwM5QqNysAAi/arcgis/rest/services/Fee_Managers_PADUS/FeatureServer/0","sourceUpdated":"2019-09-18T04:00:00.000Z","publicUse":"PAD-US reports open access; verify current manager conditions and restrictions.","unit":"CITY","origin":"public-catalog"}},{"type":"Feature","id":"usgs-pad-us-fee-managers:84478","geometry":{"type":"Polygon","coordinates":[[[-76.181,36.8217],[-76.1808,36.8226],[-76.18,36.8224],[-76.1803,36.8216],[-76.181,36.8217]]]},"properties":{"id":"usgs-pad-us-fee-managers:84478","name":"Fairfield Forest Park","kind":"land","category":"public-land","sourceCategory":"public-land","sourceId":"usgs-pad-us-fee-managers","sourceUrl":"https://services.arcgis.com/v01gqwM5QqNysAAi/arcgis/rest/services/Fee_Managers_PADUS/FeatureServer/0","sourceUpdated":"2019-09-18T04:00:00.000Z","publicUse":"PAD-US reports open access; verify current manager conditions and restrictions.","unit":"CITY","origin":"public-catalog"}},{"type":"Feature","id":"usgs-pad-us-fee-managers:84479","geometry":{"type":"MultiPolygon","coordinates":[[[[-76.0785,36.8401],[-76.0791,36.8406],[-76.0793,36.8411],[-76.0792,36.8412],[-76.0785,36.8411],[-76.0785,36.8401]]],[[[-76.0781,36.8404],[-76.0783,36.8413],[-76.077,36.8411],[-76.0769,36.8408],[-76.0781,36.8404]]]]},"properties":{"id":"usgs-pad-us-fee-managers:84479","name":"Francis Land Park","kind":"land","category":"public-land","sourceCategory":"public-land","sourceId":"usgs-pad-us-fee-managers","sourceUrl":"https://services.arcgis.com/v01gqwM5QqNysAAi/arcgis/rest/services/Fee_Managers_PADUS/FeatureServer/0","sourceUpdated":"2019-09-18T04:00:00.000Z","publicUse":"PAD-US reports open access; verify current manager conditions and restrictions.","unit":"CITY","origin":"public-catalog"}},{"type":"Feature","id":"usgs-pad-us-fee-managers:84480","geometry":{"type":"Polygon","coordinates":[[[-76.163,36.8531],[-76.1631,36.8526],[-76.1639,36.8527],[-76.1637,36.8532],[-76.163,36.8531]]]},"properties":{"id":"usgs-pad-us-fee-managers:84480","name":"Grand Lakes Park","kind":"land","category":"public-land","sourceCategory":"public-land","sourceId":"usgs-pad-us-fee-managers","sourceUrl":"https://services.arcgis.com/v01gqwM5QqNysAAi/arcgis/rest/services/Fee_Managers_PADUS/FeatureServer/0","sourceUpdated":"2019-09-18T04:00:00.000Z","publicUse":"PAD-US reports open access; verify current manager conditions and restrictions.","unit":"CITY","origin":"public-catalog"}},{"type":"Feature","id":"usgs-pad-us-fee-managers:84481","geometry":{"type":"Polygon","coordinates":[[[-76.0395,36.8708],[-76.0396,36.8705],[-76.04,36.8707],[-76.0402,36.8705],[-76.0406,36.8708],[-76.0401,36.8716],[-76.0392,36.8714],[-76.0395,36.8708]]]},"properties":{"id":"usgs-pad-us-fee-managers:84481","name":"Great Neck Farms Park","kind":"land","category":"public-land","sourceCategory":"public-land","sourceId":"usgs-pad-us-fee-managers","sourceUrl":"https://services.arcgis.com/v01gqwM5QqNysAAi/arcgis/rest/services/Fee_Managers_PADUS/FeatureServer/0","sourceUpdated":"2019-09-18T04:00:00.000Z","publicUse":"PAD-US reports open access; verify current manager conditions and restrictions.","unit":"CITY","origin":"public-catalog"}},{"type":"Feature","id":"usgs-pad-us-fee-managers:84482","geometry":{"type":"Polygon","coordinates":[[[-76.1148,36.7963],[-76.1152,36.7972],[-76.1138,36.7977],[-76.1118,36.7974],[-76.1137,36.7969],[-76.1138,36.7963],[-76.1148,36.7963]]]},"properties":{"id":"usgs-pad-us-fee-managers:84482","name":"Green Run Park","kind":"land","category":"public-land","sourceCategory":"public-land","sourceId":"usgs-pad-us-fee-managers","sourceUrl":"https://services.arcgis.com/v01gqwM5QqNysAAi/arcgis/rest/services/Fee_Managers_PADUS/FeatureServer/0","sourceUpdated":"2019-09-18T04:00:00.000Z","publicUse":"PAD-US reports open access; verify current manager conditions and restrictions.","unit":"CITY","origin":"public-catalog"}},{"type":"Feature","id":"usgs-pad-us-fee-managers:84483","geometry":{"type":"Polygon","coordinates":[[[-76.0679,36.776],[-76.0683,36.7754],[-76.0686,36.7754],[-76.0687,36.7758],[-76.0679,36.776]]]},"properties":{"id":"usgs-pad-us-fee-managers:84483","name":"Holland Oaks Park","kind":"land","category":"public-land","sourceCategory":"public-land","sourceId":"usgs-pad-us-fee-managers","sourceUrl":"https://services.arcgis.com/v01gqwM5QqNysAAi/arcgis/rest/services/Fee_Managers_PADUS/FeatureServer/0","sourceUpdated":"2019-09-18T04:00:00.000Z","publicUse":"PAD-US reports open access; verify current manager conditions and restrictions.","unit":"CITY","origin":"public-catalog"}},{"type":"Feature","id":"usgs-pad-us-fee-managers:84484","geometry":{"type":"Polygon","coordinates":[[[-76.0532,36.7654],[-76.0531,36.7651],[-76.0535,36.7653],[-76.054,36.7653],[-76.0541,36.7658],[-76.0532,36.7654]]]},"properties":{"id":"usgs-pad-us-fee-managers:84484","name":"Holland Woods Park","kind":"land","category":"public-land","sourceCategory":"public-land","sourceId":"usgs-pad-us-fee-managers","sourceUrl":"https://services.arcgis.com/v01gqwM5QqNysAAi/arcgis/rest/services/Fee_Managers_PADUS/FeatureServer/0","sourceUpdated":"2019-09-18T04:00:00.000Z","publicUse":"PAD-US reports open access; verify current manager conditions and restrictions.","unit":"CITY","origin":"public-catalog"}},{"type":"Feature","id":"usgs-pad-us-fee-managers:84485","geometry":{"type":"Polygon","coordinates":[[[-76.0195,36.7666],[-76.0193,36.7661],[-76.0205,36.7656],[-76.0209,36.7659],[-76.0204,36.7665],[-76.0195,36.7666]]]},"properties":{"id":"usgs-pad-us-fee-managers:84485","name":"Hunt Club Forest Park","kind":"land","category":"public-land","sourceCategory":"public-land","sourceId":"usgs-pad-us-fee-managers","sourceUrl":"https://services.arcgis.com/v01gqwM5QqNysAAi/arcgis/rest/services/Fee_Managers_PADUS/FeatureServer/0","sourceUpdated":"2019-09-18T04:00:00.000Z","publicUse":"PAD-US reports open access; verify current manager conditions and restrictions.","unit":"CITY","origin":"public-catalog"}},{"type":"Feature","id":"usgs-pad-us-fee-managers:84486","geometry":{"type":"Polygon","coordinates":[[[-76.0282,36.7637],[-76.0283,36.7646],[-76.0277,36.7647],[-76.0273,36.7637],[-76.0282,36.7637]]]},"properties":{"id":"usgs-pad-us-fee-managers:84486","name":"Hunters Run Park","kind":"land","category":"public-land","sourceCategory":"public-land","sourceId":"usgs-pad-us-fee-managers","sourceUrl":"https://services.arcgis.com/v01gqwM5QqNysAAi/arcgis/rest/services/Fee_Managers_PADUS/FeatureServer/0","sourceUpdated":"2019-09-18T04:00:00.000Z","publicUse":"PAD-US reports open access; verify current manager conditions and restrictions.","unit":"CITY","origin":"public-catalog"}},{"type":"Feature","id":"usgs-pad-us-fee-managers:84487","geometry":{"type":"Polygon","coordinates":[[[-75.9839,36.7421],[-75.9845,36.7425],[-75.9843,36.7428],[-75.9846,36.743],[-75.9839,36.7433],[-75.9835,36.7432],[-75.9839,36.7421]]]},"properties":{"id":"usgs-pad-us-fee-managers:84487","name":"Lago Mar Park","kind":"land","category":"public-land","sourceCategory":"public-land","sourceId":"usgs-pad-us-fee-managers","sourceUrl":"https://services.arcgis.com/v01gqwM5QqNysAAi/arcgis/rest/services/Fee_Managers_PADUS/FeatureServer/0","sourceUpdated":"2019-09-18T04:00:00.000Z","publicUse":"PAD-US reports open access; verify current manager conditions and restrictions.","unit":"CITY","origin":"public-catalog"}},{"type":"Feature","id":"usgs-pad-us-fee-managers:84488","geometry":{"type":"Polygon","coordinates":[[[-75.9837,36.7598],[-75.984,36.7612],[-75.9826,36.7613],[-75.983,36.761],[-75.9828,36.7604],[-75.9831,36.7602],[-75.9831,36.7599],[-75.9837,36.7598]]]},"properties":{"id":"usgs-pad-us-fee-managers:84488","name":"Lagomar North Park","kind":"land","category":"public-land","sourceCategory":"public-land","sourceId":"usgs-pad-us-fee-managers","sourceUrl":"https://services.arcgis.com/v01gqwM5QqNysAAi/arcgis/rest/services/Fee_Managers_PADUS/FeatureServer/0","sourceUpdated":"2019-09-18T04:00:00.000Z","publicUse":"PAD-US reports open access; verify current manager conditions and restrictions.","unit":"CITY","origin":"public-catalog"}},{"type":"Feature","id":"usgs-pad-us-fee-managers:84489","geometry":{"type":"Polygon","coordinates":[[[-76.1711,36.8891],[-76.1709,36.8887],[-76.1698,36.8883],[-76.1721,36.8878],[-76.1722,36.8893],[-76.1715,36.8895],[-76.1711,36.8891]]]},"properties":{"id":"usgs-pad-us-fee-managers:84489","name":"Lake Lawson Parcel \"A\"","kind":"land","category":"public-land","sourceCategory":"public-land","sourceId":"usgs-pad-us-fee-managers","sourceUrl":"https://services.arcgis.com/v01gqwM5QqNysAAi/arcgis/rest/services/Fee_Managers_PADUS/FeatureServer/0","sourceUpdated":"2019-09-18T04:00:00.000Z","publicUse":"PAD-US reports open access; verify current manager conditions and restrictions.","unit":"CITY","origin":"public-catalog"}},{"type":"Feature","id":"usgs-pad-us-fee-managers:84490","geometry":{"type":"Polygon","coordinates":[[[-76.1711,36.8876],[-76.1711,36.8874],[-76.1717,36.8876],[-76.1717,36.8872],[-76.172,36.8873],[-76.1721,36.8877],[-76.1703,36.8881],[-76.1704,36.8879],[-76.1703,36.8877],[-76.1705,36.8876],[-76.1711,36.8876]]]},"properties":{"id":"usgs-pad-us-fee-managers:84490","name":"Lake Lawson Parcel \"B\"","kind":"land","category":"public-land","sourceCategory":"public-land","sourceId":"usgs-pad-us-fee-managers","sourceUrl":"https://services.arcgis.com/v01gqwM5QqNysAAi/arcgis/rest/services/Fee_Managers_PADUS/FeatureServer/0","sourceUpdated":"2019-09-18T04:00:00.000Z","publicUse":"PAD-US reports open access; verify current manager conditions and restrictions.","unit":"CITY","origin":"public-catalog"}},{"type":"Feature","id":"usgs-pad-us-fee-managers:84491","geometry":{"type":"Polygon","coordinates":[[[-76.167,36.8881],[-76.1673,36.8879],[-76.1665,36.8879],[-76.1665,36.8874],[-76.1656,36.8878],[-76.1675,36.8858],[-76.1686,36.8851],[-76.1698,36.8867],[-76.1698,36.887],[-76.1695,36.8867],[-76.1684,36.8872],[-76.1684,36.8875],[-76.1688,36.8875],[-76.1679,36.8883],[-76.1666,36.8883],[-76.167,36.8881]]]},"properties":{"id":"usgs-pad-us-fee-managers:84491","name":"Lake Lawson Phase","kind":"land","category":"public-land","sourceCategory":"public-land","sourceId":"usgs-pad-us-fee-managers","sourceUrl":"https://services.arcgis.com/v01gqwM5QqNysAAi/arcgis/rest/services/Fee_Managers_PADUS/FeatureServer/0","sourceUpdated":"2019-09-18T04:00:00.000Z","publicUse":"PAD-US reports open access; verify current manager conditions and restrictions.","unit":"CITY","origin":"public-catalog"}},{"type":"Feature","id":"usgs-pad-us-fee-managers:84492","geometry":{"type":"Polygon","coordinates":[[[-76.1664,36.8862],[-76.1675,36.8858],[-76.1661,36.8873],[-76.1655,36.8873],[-76.1652,36.8869],[-76.1664,36.8862]]]},"properties":{"id":"usgs-pad-us-fee-managers:84492","name":"Lake Lawson Phase 2-Hodgman","kind":"land","category":"public-land","sourceCategory":"public-land","sourceId":"usgs-pad-us-fee-managers","sourceUrl":"https://services.arcgis.com/v01gqwM5QqNysAAi/arcgis/rest/services/Fee_Managers_PADUS/FeatureServer/0","sourceUpdated":"2019-09-18T04:00:00.000Z","publicUse":"PAD-US reports open access; verify current manager conditions and restrictions.","unit":"CITY","origin":"public-catalog"}},{"type":"Feature","id":"usgs-pad-us-fee-managers:84493","geometry":{"type":"MultiPolygon","coordinates":[[[[-76.165,36.891],[-76.1648,36.8913],[-76.1648,36.8912],[-76.165,36.891]]],[[[-76.1656,36.8914],[-76.1659,36.8913],[-76.1656,36.8915],[-76.1656,36.8914]]]]},"properties":{"id":"usgs-pad-us-fee-managers:84493","name":"Lake Smith","kind":"land","category":"public-land","sourceCategory":"public-land","sourceId":"usgs-pad-us-fee-managers","sourceUrl":"https://services.arcgis.com/v01gqwM5QqNysAAi/arcgis/rest/services/Fee_Managers_PADUS/FeatureServer/0","sourceUpdated":"2019-09-18T04:00:00.000Z","publicUse":"PAD-US reports open access; verify current manager conditions and restrictions.","unit":"CITY","origin":"public-catalog"}},{"type":"Feature","id":"usgs-pad-us-fee-managers:84494","geometry":{"type":"MultiPolygon","coordinates":[[[[-76.1655,36.8905],[-76.1657,36.8903],[-76.1668,36.891],[-76.1663,36.8914],[-76.1653,36.8907],[-76.1655,36.8905]]],[[[-76.1641,36.8906],[-76.1637,36.8904],[-76.1627,36.8907],[-76.1632,36.8906],[-76.163,36.8902],[-76.1631,36.89],[-76.1643,36.8903],[-76.1645,36.8899],[-76.1637,36.8895],[-76.1642,36.8896],[-76.1643,36.8892],[-76.1648,36.8895],[-76.1652,36.8892],[-76.1656,36.8895],[-76.166,36.8894],[-76.1659,36.89],[-76.1662,36.8905],[-76.1669,36.8893],[-76.1673,36.8896],[-76.1671,36.8901],[-76.1677,36.8901],[-76.1669,36.8909],[-76.1657,36.8901],[-76.1646,36.8912],[-76.164,36.8908],[-76.1641,36.8906]]],[[[-76.1656,36.8915],[-76.166,36.8913],[-76.1658,36.8916],[-76.1656,36.8915]]],[[[-76.1656,36.8915],[-76.1654,36.8917],[-76.1652,36.8912],[-76.1648,36.8913],[-76.1652,36.8908],[-76.1658,36.8912],[-76.1656,36.8915]]],[[[-76.164,36.8925],[-76.164,36.8921],[-76.1634,36.8922],[-76.1632,36.8918],[-76.1634,36.8915],[-76.1632,36.8914],[-76.1635,36.8913],[-76.1644,36.8914],[-76.1646,36.8913],[-76.1649,36.8915],[-76.1647,36.8917],[-76.165,36.8919],[-76.1652,36.8917],[-76.165,36.8919],[-76.1656,36.8922],[-76.1652,36.8925],[-76.164,36.8925]]]]},"properties":{"id":"usgs-pad-us-fee-managers:84494","name":"Lake Smith Fishing Station","kind":"land","category":"public-land","sourceCategory":"public-land","sourceId":"usgs-pad-us-fee-managers","sourceUrl":"https://services.arcgis.com/v01gqwM5QqNysAAi/arcgis/rest/services/Fee_Managers_PADUS/FeatureServer/0","sourceUpdated":"2019-09-18T04:00:00.000Z","publicUse":"PAD-US reports open access; verify current manager conditions and restrictions.","unit":"CITY","origin":"public-catalog"}},{"type":"Feature","id":"usgs-pad-us-fee-managers:84495","geometry":{"type":"Polygon","coordinates":[[[-76.1493,36.8168],[-76.1489,36.8163],[-76.1509,36.8145],[-76.1515,36.8147],[-76.1514,36.8154],[-76.1526,36.8156],[-76.1521,36.8172],[-76.1509,36.817],[-76.1497,36.8172],[-76.1493,36.8168]]]},"properties":{"id":"usgs-pad-us-fee-managers:84495","name":"Larkdowns Park","kind":"land","category":"public-land","sourceCategory":"public-land","sourceId":"usgs-pad-us-fee-managers","sourceUrl":"https://services.arcgis.com/v01gqwM5QqNysAAi/arcgis/rest/services/Fee_Managers_PADUS/FeatureServer/0","sourceUpdated":"2019-09-18T04:00:00.000Z","publicUse":"PAD-US reports open access; verify current manager conditions and restrictions.","unit":"CITY","origin":"public-catalog"}},{"type":"Feature","id":"usgs-pad-us-fee-managers:84496","geometry":{"type":"Polygon","coordinates":[[[-76.1063,36.8187],[-76.1062,36.8184],[-76.1073,36.8186],[-76.1072,36.8183],[-76.1076,36.8183],[-76.1076,36.8186],[-76.108,36.8186],[-76.1076,36.8187],[-76.1081,36.8191],[-76.1075,36.8193],[-76.1076,36.8199],[-76.1064,36.82],[-76.1063,36.8187]]]},"properties":{"id":"usgs-pad-us-fee-managers:84496","name":"Liberty Ridge Park","kind":"land","category":"public-land","sourceCategory":"public-land","sourceId":"usgs-pad-us-fee-managers","sourceUrl":"https://services.arcgis.com/v01gqwM5QqNysAAi/arcgis/rest/services/Fee_Managers_PADUS/FeatureServer/0","sourceUpdated":"2019-09-18T04:00:00.000Z","publicUse":"PAD-US reports open access; verify current manager conditions and restrictions.","unit":"CITY","origin":"public-catalog"}},{"type":"Feature","id":"usgs-pad-us-fee-managers:84497","geometry":{"type":"Polygon","coordinates":[[[-76.0265,36.8722],[-76.0266,36.8732],[-76.026,36.8732],[-76.0255,36.8728],[-76.0255,36.8722],[-76.0265,36.8722]]]},"properties":{"id":"usgs-pad-us-fee-managers:84497","name":"Linkhorn Cove Park","kind":"land","category":"public-land","sourceCategory":"public-land","sourceId":"usgs-pad-us-fee-managers","sourceUrl":"https://services.arcgis.com/v01gqwM5QqNysAAi/arcgis/rest/services/Fee_Managers_PADUS/FeatureServer/0","sourceUpdated":"2019-09-18T04:00:00.000Z","publicUse":"PAD-US reports open access; verify current manager conditions and restrictions.","unit":"CITY","origin":"public-catalog"}},{"type":"Feature","id":"usgs-pad-us-fee-managers:84498","geometry":{"type":"Polygon","coordinates":[[[-76.0483,36.76],[-76.049,36.7598],[-76.0485,36.7604],[-76.049,36.7609],[-76.0502,36.7611],[-76.0492,36.762],[-76.045,36.7624],[-76.0441,36.7621],[-76.0475,36.7606],[-76.0483,36.76]]]},"properties":{"id":"usgs-pad-us-fee-managers:84498","name":"Litchfield Manor Park","kind":"land","category":"public-land","sourceCategory":"public-land","sourceId":"usgs-pad-us-fee-managers","sourceUrl":"https://services.arcgis.com/v01gqwM5QqNysAAi/arcgis/rest/services/Fee_Managers_PADUS/FeatureServer/0","sourceUpdated":"2019-09-18T04:00:00.000Z","publicUse":"PAD-US reports open access; verify current manager conditions and restrictions.","unit":"CITY","origin":"public-catalog"}},{"type":"Feature","id":"usgs-pad-us-fee-managers:84499","geometry":{"type":"Polygon","coordinates":[[[-76.0977,36.8764],[-76.0977,36.8759],[-76.0988,36.8756],[-76.0989,36.8758],[-76.0986,36.8765],[-76.0998,36.8764],[-76.1005,36.877],[-76.0992,36.8772],[-76.0987,36.8776],[-76.0976,36.8769],[-76.0977,36.8764]]]},"properties":{"id":"usgs-pad-us-fee-managers:84499","name":"Little Neck Park","kind":"land","category":"public-land","sourceCategory":"public-land","sourceId":"usgs-pad-us-fee-managers","sourceUrl":"https://services.arcgis.com/v01gqwM5QqNysAAi/arcgis/rest/services/Fee_Managers_PADUS/FeatureServer/0","sourceUpdated":"2019-09-18T04:00:00.000Z","publicUse":"PAD-US reports open access; verify current manager conditions and restrictions.","unit":"CITY","origin":"public-catalog"}},{"type":"Feature","id":"usgs-pad-us-fee-managers:84500","geometry":{"type":"Polygon","coordinates":[[[-76.1592,36.8592],[-76.1603,36.86],[-76.1597,36.8606],[-76.1586,36.8598],[-76.1592,36.8592]]]},"properties":{"id":"usgs-pad-us-fee-managers:84500","name":"Lynnbrook Landing Park","kind":"land","category":"public-land","sourceCategory":"public-land","sourceId":"usgs-pad-us-fee-managers","sourceUrl":"https://services.arcgis.com/v01gqwM5QqNysAAi/arcgis/rest/services/Fee_Managers_PADUS/FeatureServer/0","sourceUpdated":"2019-09-18T04:00:00.000Z","publicUse":"PAD-US reports open access; verify current manager conditions and restrictions.","unit":"CITY","origin":"public-catalog"}},{"type":"Feature","id":"usgs-pad-us-fee-managers:84501","geometry":{"type":"Polygon","coordinates":[[[-76.0802,36.9085],[-76.0806,36.9097],[-76.08,36.9098],[-76.0797,36.9086],[-76.0802,36.9085]]]},"properties":{"id":"usgs-pad-us-fee-managers:84501","name":"Lynnhaven Colony Park","kind":"land","category":"public-land","sourceCategory":"public-land","sourceId":"usgs-pad-us-fee-managers","sourceUrl":"https://services.arcgis.com/v01gqwM5QqNysAAi/arcgis/rest/services/Fee_Managers_PADUS/FeatureServer/0","sourceUpdated":"2019-09-18T04:00:00.000Z","publicUse":"PAD-US reports open access; verify current manager conditions and restrictions.","unit":"CITY","origin":"public-catalog"}},{"type":"Feature","id":"usgs-pad-us-fee-managers:84502","geometry":{"type":"Polygon","coordinates":[[[-76.0778,36.8369],[-76.0773,36.8366],[-76.0778,36.8362],[-76.0786,36.8366],[-76.0802,36.8367],[-76.0801,36.8374],[-76.0779,36.8372],[-76.0778,36.8369]]]},"properties":{"id":"usgs-pad-us-fee-managers:84502","name":"Lynnhaven Woods Park","kind":"land","category":"public-land","sourceCategory":"public-land","sourceId":"usgs-pad-us-fee-managers","sourceUrl":"https://services.arcgis.com/v01gqwM5QqNysAAi/arcgis/rest/services/Fee_Managers_PADUS/FeatureServer/0","sourceUpdated":"2019-09-18T04:00:00.000Z","publicUse":"PAD-US reports open access; verify current manager conditions and restrictions.","unit":"CITY","origin":"public-catalog"}},{"type":"Feature","id":"usgs-pad-us-fee-managers:84503","geometry":{"type":"Polygon","coordinates":[[[-76.1855,36.8611],[-76.1857,36.861],[-76.186,36.8617],[-76.1855,36.8611]]]},"properties":{"id":"usgs-pad-us-fee-managers:84503","name":"Margate Ave. Park","kind":"land","category":"public-land","sourceCategory":"public-land","sourceId":"usgs-pad-us-fee-managers","sourceUrl":"https://services.arcgis.com/v01gqwM5QqNysAAi/arcgis/rest/services/Fee_Managers_PADUS/FeatureServer/0","sourceUpdated":"2019-09-18T04:00:00.000Z","publicUse":"PAD-US reports open access; verify current manager conditions and restrictions.","unit":"CITY","origin":"public-catalog"}},{"type":"Feature","id":"usgs-pad-us-fee-managers:84504","geometry":{"type":"Polygon","coordinates":[[[-76.014,36.7588],[-76.0145,36.7585],[-76.0156,36.7589],[-76.0154,36.7594],[-76.014,36.7588]]]},"properties":{"id":"usgs-pad-us-fee-managers:84504","name":"Matthews Green Park","kind":"land","category":"public-land","sourceCategory":"public-land","sourceId":"usgs-pad-us-fee-managers","sourceUrl":"https://services.arcgis.com/v01gqwM5QqNysAAi/arcgis/rest/services/Fee_Managers_PADUS/FeatureServer/0","sourceUpdated":"2019-09-18T04:00:00.000Z","publicUse":"PAD-US reports open access; verify current manager conditions and restrictions.","unit":"CITY","origin":"public-catalog"}},{"type":"Feature","id":"usgs-pad-us-fee-managers:84505","geometry":{"type":"Polygon","coordinates":[[[-76.1665,36.8593],[-76.1673,36.8597],[-76.1672,36.8599],[-76.1663,36.8595],[-76.1665,36.8593]]]},"properties":{"id":"usgs-pad-us-fee-managers:84505","name":"Newsome Farms  Park","kind":"land","category":"public-land","sourceCategory":"public-land","sourceId":"usgs-pad-us-fee-managers","sourceUrl":"https://services.arcgis.com/v01gqwM5QqNysAAi/arcgis/rest/services/Fee_Managers_PADUS/FeatureServer/0","sourceUpdated":"2019-09-18T04:00:00.000Z","publicUse":"PAD-US reports open access; verify current manager conditions and restrictions.","unit":"CITY","origin":"public-catalog"}},{"type":"Feature","id":"usgs-pad-us-fee-managers:84506","geometry":{"type":"MultiPolygon","coordinates":[[[[-75.9814,36.8378],[-75.9985,36.838],[-75.9984,36.8382],[-75.9852,36.838],[-75.9853,36.8382],[-75.9835,36.8383],[-75.9835,36.838],[-75.9815,36.8381],[-75.9814,36.8378]]],[[[-75.9812,36.8378],[-75.9813,36.8379],[-75.9795,36.8379],[-75.9795,36.8378],[-75.9812,36.8378]]],[[[-75.9793,36.8378],[-75.9793,36.8379],[-75.978,36.8379],[-75.978,36.8377],[-75.9793,36.8378]]]]},"properties":{"id":"usgs-pad-us-fee-managers:84506","name":"Norfolk Ave Trail","kind":"land","category":"public-land","sourceCategory":"public-land","sourceId":"usgs-pad-us-fee-managers","sourceUrl":"https://services.arcgis.com/v01gqwM5QqNysAAi/arcgis/rest/services/Fee_Managers_PADUS/FeatureServer/0","sourceUpdated":"2019-09-18T04:00:00.000Z","publicUse":"PAD-US reports open access; verify current manager conditions and restrictions.","unit":"CITY","origin":"public-catalog"}},{"type":"Feature","id":"usgs-pad-us-fee-managers:84507","geometry":{"type":"Polygon","coordinates":[[[-76.1595,36.8513],[-76.1592,36.8512],[-76.1596,36.8512],[-76.1597,36.8504],[-76.1597,36.8507],[-76.1603,36.8508],[-76.1603,36.8513],[-76.1606,36.8513],[-76.1603,36.8513],[-76.1602,36.8516],[-76.1596,36.8516],[-76.1596,36.8519],[-76.1595,36.8513]]]},"properties":{"id":"usgs-pad-us-fee-managers:84507","name":"Northridge Park","kind":"land","category":"public-land","sourceCategory":"public-land","sourceId":"usgs-pad-us-fee-managers","sourceUrl":"https://services.arcgis.com/v01gqwM5QqNysAAi/arcgis/rest/services/Fee_Managers_PADUS/FeatureServer/0","sourceUpdated":"2019-09-18T04:00:00.000Z","publicUse":"PAD-US reports open access; verify current manager conditions and restrictions.","unit":"CITY","origin":"public-catalog"}},{"type":"Feature","id":"usgs-pad-us-fee-managers:84508","geometry":{"type":"Polygon","coordinates":[[[-76.0985,36.8063],[-76.0979,36.8073],[-76.0962,36.8079],[-76.0953,36.8065],[-76.0958,36.8062],[-76.0985,36.8063]]]},"properties":{"id":"usgs-pad-us-fee-managers:84508","name":"Oak Springs Park","kind":"land","category":"public-land","sourceCategory":"public-land","sourceId":"usgs-pad-us-fee-managers","sourceUrl":"https://services.arcgis.com/v01gqwM5QqNysAAi/arcgis/rest/services/Fee_Managers_PADUS/FeatureServer/0","sourceUpdated":"2019-09-18T04:00:00.000Z","publicUse":"PAD-US reports open access; verify current manager conditions and restrictions.","unit":"CITY","origin":"public-catalog"}},{"type":"Feature","id":"usgs-pad-us-fee-managers:84509","geometry":{"type":"Polygon","coordinates":[[[-75.9977,36.772],[-75.9971,36.7718],[-75.9975,36.7713],[-75.9985,36.7714],[-75.9986,36.7722],[-75.9977,36.772]]]},"properties":{"id":"usgs-pad-us-fee-managers:84509","name":"Ocean Lakes North","kind":"land","category":"public-land","sourceCategory":"public-land","sourceId":"usgs-pad-us-fee-managers","sourceUrl":"https://services.arcgis.com/v01gqwM5QqNysAAi/arcgis/rest/services/Fee_Managers_PADUS/FeatureServer/0","sourceUpdated":"2019-09-18T04:00:00.000Z","publicUse":"PAD-US reports open access; verify current manager conditions and restrictions.","unit":"CITY","origin":"public-catalog"}},{"type":"Feature","id":"usgs-pad-us-fee-managers:84510","geometry":{"type":"Polygon","coordinates":[[[-76.0141,36.8405],[-76.014,36.8408],[-76.0133,36.8408],[-76.0133,36.8405],[-76.0141,36.8405]]]},"properties":{"id":"usgs-pad-us-fee-managers:84510","name":"Oceana Gardens East","kind":"land","category":"public-land","sourceCategory":"public-land","sourceId":"usgs-pad-us-fee-managers","sourceUrl":"https://services.arcgis.com/v01gqwM5QqNysAAi/arcgis/rest/services/Fee_Managers_PADUS/FeatureServer/0","sourceUpdated":"2019-09-18T04:00:00.000Z","publicUse":"PAD-US reports open access; verify current manager conditions and restrictions.","unit":"CITY","origin":"public-catalog"}},{"type":"Feature","id":"usgs-pad-us-fee-managers:84511","geometry":{"type":"Polygon","coordinates":[[[-76.0439,36.6167],[-76.0444,36.6166],[-76.0444,36.6184],[-76.044,36.6185],[-76.0439,36.6167]]]},"properties":{"id":"usgs-pad-us-fee-managers:84511","name":"Open Space 2","kind":"land","category":"public-land","sourceCategory":"public-land","sourceId":"usgs-pad-us-fee-managers","sourceUrl":"https://services.arcgis.com/v01gqwM5QqNysAAi/arcgis/rest/services/Fee_Managers_PADUS/FeatureServer/0","sourceUpdated":"2019-09-18T04:00:00.000Z","publicUse":"PAD-US reports open access; verify current manager conditions and restrictions.","unit":"CITY","origin":"public-catalog"}},{"type":"Feature","id":"usgs-pad-us-fee-managers:84512","geometry":{"type":"Polygon","coordinates":[[[-76.1696,36.8346],[-76.1698,36.8344],[-76.1689,36.834],[-76.169,36.8335],[-76.1687,36.8334],[-76.1688,36.8333],[-76.1715,36.8346],[-76.1699,36.8344],[-76.1696,36.8346]]]},"properties":{"id":"usgs-pad-us-fee-managers:84512","name":"Parliament Village Park","kind":"land","category":"public-land","sourceCategory":"public-land","sourceId":"usgs-pad-us-fee-managers","sourceUrl":"https://services.arcgis.com/v01gqwM5QqNysAAi/arcgis/rest/services/Fee_Managers_PADUS/FeatureServer/0","sourceUpdated":"2019-09-18T04:00:00.000Z","publicUse":"PAD-US reports open access; verify current manager conditions and restrictions.","unit":"CITY","origin":"public-catalog"}},{"type":"Feature","id":"usgs-pad-us-fee-managers:84513","geometry":{"type":"Polygon","coordinates":[[[-76.1265,36.8654],[-76.1284,36.8666],[-76.1277,36.8668],[-76.1273,36.8666],[-76.1262,36.8658],[-76.1265,36.8654]]]},"properties":{"id":"usgs-pad-us-fee-managers:84513","name":"Pembroke Meadows Park","kind":"land","category":"public-land","sourceCategory":"public-land","sourceId":"usgs-pad-us-fee-managers","sourceUrl":"https://services.arcgis.com/v01gqwM5QqNysAAi/arcgis/rest/services/Fee_Managers_PADUS/FeatureServer/0","sourceUpdated":"2019-09-18T04:00:00.000Z","publicUse":"PAD-US reports open access; verify current manager conditions and restrictions.","unit":"CITY","origin":"public-catalog"}},{"type":"Feature","id":"usgs-pad-us-fee-managers:84514","geometry":{"type":"Polygon","coordinates":[[[-76.0723,36.8373],[-76.0722,36.8387],[-76.0708,36.8372],[-76.0723,36.8373]]]},"properties":{"id":"usgs-pad-us-fee-managers:84514","name":"Pine Wood Gardens Park","kind":"land","category":"public-land","sourceCategory":"public-land","sourceId":"usgs-pad-us-fee-managers","sourceUrl":"https://services.arcgis.com/v01gqwM5QqNysAAi/arcgis/rest/services/Fee_Managers_PADUS/FeatureServer/0","sourceUpdated":"2019-09-18T04:00:00.000Z","publicUse":"PAD-US reports open access; verify current manager conditions and restrictions.","unit":"CITY","origin":"public-catalog"}},{"type":"Feature","id":"usgs-pad-us-fee-managers:84515","geometry":{"type":"Polygon","coordinates":[[[-76.0881,36.8342],[-76.0884,36.8348],[-76.0864,36.8352],[-76.0861,36.8347],[-76.0881,36.8342]]]},"properties":{"id":"usgs-pad-us-fee-managers:84515","name":"Plaza Methodist Park","kind":"land","category":"public-land","sourceCategory":"public-land","sourceId":"usgs-pad-us-fee-managers","sourceUrl":"https://services.arcgis.com/v01gqwM5QqNysAAi/arcgis/rest/services/Fee_Managers_PADUS/FeatureServer/0","sourceUpdated":"2019-09-18T04:00:00.000Z","publicUse":"PAD-US reports open access; verify current manager conditions and restrictions.","unit":"CITY","origin":"public-catalog"}},{"type":"Feature","id":"usgs-pad-us-fee-managers:84516","geometry":{"type":"MultiPolygon","coordinates":[[[[-76.0038,36.7614],[-76.0047,36.7616],[-76.0037,36.7634],[-76.003,36.7642],[-76.0026,36.7634],[-76.0036,36.7623],[-76.0038,36.7614]]],[[[-76.1033,36.7949],[-76.1036,36.7949],[-76.1119,36.8021],[-76.1033,36.7949]]]]},"properties":{"id":"usgs-pad-us-fee-managers:84516","name":"Red Mill Farms North","kind":"land","category":"public-land","sourceCategory":"public-land","sourceId":"usgs-pad-us-fee-managers","sourceUrl":"https://services.arcgis.com/v01gqwM5QqNysAAi/arcgis/rest/services/Fee_Managers_PADUS/FeatureServer/0","sourceUpdated":"2019-09-18T04:00:00.000Z","publicUse":"PAD-US reports open access; verify current manager conditions and restrictions.","unit":"CITY","origin":"public-catalog"}},{"type":"Feature","id":"usgs-pad-us-fee-managers:84517","geometry":{"type":"Polygon","coordinates":[[[-76.0466,36.7656],[-76.0445,36.7627],[-76.046,36.7626],[-76.0491,36.7634],[-76.049,36.7638],[-76.0493,36.7642],[-76.0496,36.7639],[-76.0497,36.7643],[-76.0502,36.7648],[-76.0506,36.7648],[-76.0513,36.7641],[-76.0531,36.7651],[-76.0512,36.7679],[-76.05,36.7681],[-76.0484,36.7681],[-76.0466,36.7656]]]},"properties":{"id":"usgs-pad-us-fee-managers:84517","name":"Rolling Woods Park","kind":"land","category":"public-land","sourceCategory":"public-land","sourceId":"usgs-pad-us-fee-managers","sourceUrl":"https://services.arcgis.com/v01gqwM5QqNysAAi/arcgis/rest/services/Fee_Managers_PADUS/FeatureServer/0","sourceUpdated":"2019-09-18T04:00:00.000Z","publicUse":"PAD-US reports open access; verify current manager conditions and restrictions.","unit":"CITY","origin":"public-catalog"}},{"type":"Feature","id":"usgs-pad-us-fee-managers:84518","geometry":{"type":"Polygon","coordinates":[[[-76.1427,36.8641],[-76.143,36.8642],[-76.1427,36.8645],[-76.1425,36.8643],[-76.1427,36.8641]]]},"properties":{"id":"usgs-pad-us-fee-managers:84518","name":"Romney Lane Park","kind":"land","category":"public-land","sourceCategory":"public-land","sourceId":"usgs-pad-us-fee-managers","sourceUrl":"https://services.arcgis.com/v01gqwM5QqNysAAi/arcgis/rest/services/Fee_Managers_PADUS/FeatureServer/0","sourceUpdated":"2019-09-18T04:00:00.000Z","publicUse":"PAD-US reports open access; verify current manager conditions and restrictions.","unit":"CITY","origin":"public-catalog"}},{"type":"Feature","id":"usgs-pad-us-fee-managers:84519","geometry":{"type":"Polygon","coordinates":[[[-76.1491,36.7905],[-76.1494,36.7901],[-76.1492,36.7898],[-76.1495,36.7897],[-76.1496,36.7904],[-76.1506,36.7904],[-76.1504,36.7916],[-76.1489,36.7909],[-76.1491,36.7905]]]},"properties":{"id":"usgs-pad-us-fee-managers:84519","name":"Rosemont Forest Park","kind":"land","category":"public-land","sourceCategory":"public-land","sourceId":"usgs-pad-us-fee-managers","sourceUrl":"https://services.arcgis.com/v01gqwM5QqNysAAi/arcgis/rest/services/Fee_Managers_PADUS/FeatureServer/0","sourceUpdated":"2019-09-18T04:00:00.000Z","publicUse":"PAD-US reports open access; verify current manager conditions and restrictions.","unit":"CITY","origin":"public-catalog"}},{"type":"Feature","id":"usgs-pad-us-fee-managers:84520","geometry":{"type":"Polygon","coordinates":[[[-76.1167,36.7731],[-76.1172,36.7738],[-76.117,36.7746],[-76.1155,36.7739],[-76.1167,36.7731]]]},"properties":{"id":"usgs-pad-us-fee-managers:84520","name":"Salem Lakes Park","kind":"land","category":"public-land","sourceCategory":"public-land","sourceId":"usgs-pad-us-fee-managers","sourceUrl":"https://services.arcgis.com/v01gqwM5QqNysAAi/arcgis/rest/services/Fee_Managers_PADUS/FeatureServer/0","sourceUpdated":"2019-09-18T04:00:00.000Z","publicUse":"PAD-US reports open access; verify current manager conditions and restrictions.","unit":"CITY","origin":"public-catalog"}},{"type":"Feature","id":"usgs-pad-us-fee-managers:84521","geometry":{"type":"Polygon","coordinates":[[[-76.1117,36.7772],[-76.1118,36.7766],[-76.113,36.7767],[-76.1129,36.7774],[-76.1117,36.7772]]]},"properties":{"id":"usgs-pad-us-fee-managers:84521","name":"Salem Park","kind":"land","category":"public-land","sourceCategory":"public-land","sourceId":"usgs-pad-us-fee-managers","sourceUrl":"https://services.arcgis.com/v01gqwM5QqNysAAi/arcgis/rest/services/Fee_Managers_PADUS/FeatureServer/0","sourceUpdated":"2019-09-18T04:00:00.000Z","publicUse":"PAD-US reports open access; verify current manager conditions and restrictions.","unit":"CITY","origin":"public-catalog"}},{"type":"Feature","id":"usgs-pad-us-fee-managers:84522","geometry":{"type":"Polygon","coordinates":[[[-76.1133,36.7824],[-76.1133,36.7826],[-76.1137,36.7827],[-76.1136,36.783],[-76.1122,36.7831],[-76.1121,36.7826],[-76.1133,36.7824]]]},"properties":{"id":"usgs-pad-us-fee-managers:84522","name":"Salem Village Park","kind":"land","category":"public-land","sourceCategory":"public-land","sourceId":"usgs-pad-us-fee-managers","sourceUrl":"https://services.arcgis.com/v01gqwM5QqNysAAi/arcgis/rest/services/Fee_Managers_PADUS/FeatureServer/0","sourceUpdated":"2019-09-18T04:00:00.000Z","publicUse":"PAD-US reports open access; verify current manager conditions and restrictions.","unit":"CITY","origin":"public-catalog"}},{"type":"Feature","id":"usgs-pad-us-fee-managers:84523","geometry":{"type":"Polygon","coordinates":[[[-76.1263,36.795],[-76.1256,36.7917],[-76.1278,36.7915],[-76.1275,36.7928],[-76.1291,36.7955],[-76.1298,36.7954],[-76.1292,36.7955],[-76.1298,36.7963],[-76.1286,36.7967],[-76.1269,36.7957],[-76.1263,36.795]]]},"properties":{"id":"usgs-pad-us-fee-managers:84523","name":"Salem Woods Park","kind":"land","category":"public-land","sourceCategory":"public-land","sourceId":"usgs-pad-us-fee-managers","sourceUrl":"https://services.arcgis.com/v01gqwM5QqNysAAi/arcgis/rest/services/Fee_Managers_PADUS/FeatureServer/0","sourceUpdated":"2019-09-18T04:00:00.000Z","publicUse":"PAD-US reports open access; verify current manager conditions and restrictions.","unit":"CITY","origin":"public-catalog"}},{"type":"Feature","id":"usgs-pad-us-fee-managers:84524","geometry":{"type":"Polygon","coordinates":[[[-75.9938,36.7626],[-75.994,36.7624],[-75.9948,36.7627],[-75.9947,36.7631],[-75.9933,36.763],[-75.9938,36.7626]]]},"properties":{"id":"usgs-pad-us-fee-managers:84524","name":"Sawyer Lakes Estates Park","kind":"land","category":"public-land","sourceCategory":"public-land","sourceId":"usgs-pad-us-fee-managers","sourceUrl":"https://services.arcgis.com/v01gqwM5QqNysAAi/arcgis/rest/services/Fee_Managers_PADUS/FeatureServer/0","sourceUpdated":"2019-09-18T04:00:00.000Z","publicUse":"PAD-US reports open access; verify current manager conditions and restrictions.","unit":"CITY","origin":"public-catalog"}},{"type":"Feature","id":"usgs-pad-us-fee-managers:84525","geometry":{"type":"Polygon","coordinates":[[[-75.9906,36.8402],[-75.9905,36.84],[-75.9912,36.8395],[-75.9914,36.8397],[-75.9906,36.8402]]]},"properties":{"id":"usgs-pad-us-fee-managers:84525","name":"Seabridge Square Park","kind":"land","category":"public-land","sourceCategory":"public-land","sourceId":"usgs-pad-us-fee-managers","sourceUrl":"https://services.arcgis.com/v01gqwM5QqNysAAi/arcgis/rest/services/Fee_Managers_PADUS/FeatureServer/0","sourceUpdated":"2019-09-18T04:00:00.000Z","publicUse":"PAD-US reports open access; verify current manager conditions and restrictions.","unit":"CITY","origin":"public-catalog"}},{"type":"Feature","id":"usgs-pad-us-fee-managers:84526","geometry":{"type":"Polygon","coordinates":[[[-76.0254,36.7595],[-76.0256,36.7603],[-76.0254,36.7603],[-76.0255,36.7606],[-76.0249,36.7608],[-76.0246,36.7605],[-76.0247,36.7601],[-76.0254,36.7595]]]},"properties":{"id":"usgs-pad-us-fee-managers:84526","name":"Southgate Park","kind":"land","category":"public-land","sourceCategory":"public-land","sourceId":"usgs-pad-us-fee-managers","sourceUrl":"https://services.arcgis.com/v01gqwM5QqNysAAi/arcgis/rest/services/Fee_Managers_PADUS/FeatureServer/0","sourceUpdated":"2019-09-18T04:00:00.000Z","publicUse":"PAD-US reports open access; verify current manager conditions and restrictions.","unit":"CITY","origin":"public-catalog"}},{"type":"Feature","id":"usgs-pad-us-fee-managers:84527","geometry":{"type":"Polygon","coordinates":[[[-76.1863,36.8128],[-76.1869,36.813],[-76.187,36.8136],[-76.1866,36.8137],[-76.1861,36.8134],[-76.1863,36.8128]]]},"properties":{"id":"usgs-pad-us-fee-managers:84527","name":"Stoneybrook Park","kind":"land","category":"public-land","sourceCategory":"public-land","sourceId":"usgs-pad-us-fee-managers","sourceUrl":"https://services.arcgis.com/v01gqwM5QqNysAAi/arcgis/rest/services/Fee_Managers_PADUS/FeatureServer/0","sourceUpdated":"2019-09-18T04:00:00.000Z","publicUse":"PAD-US reports open access; verify current manager conditions and restrictions.","unit":"CITY","origin":"public-catalog"}},{"type":"Feature","id":"usgs-pad-us-fee-managers:84528","geometry":{"type":"Polygon","coordinates":[[[-76.1636,36.8118],[-76.1641,36.8109],[-76.1661,36.8117],[-76.1658,36.8123],[-76.1651,36.8121],[-76.1649,36.8125],[-76.1635,36.812],[-76.1636,36.8118]]]},"properties":{"id":"usgs-pad-us-fee-managers:84528","name":"Stratford Chase Park","kind":"land","category":"public-land","sourceCategory":"public-land","sourceId":"usgs-pad-us-fee-managers","sourceUrl":"https://services.arcgis.com/v01gqwM5QqNysAAi/arcgis/rest/services/Fee_Managers_PADUS/FeatureServer/0","sourceUpdated":"2019-09-18T04:00:00.000Z","publicUse":"PAD-US reports open access; verify current manager conditions and restrictions.","unit":"CITY","origin":"public-catalog"}},{"type":"Feature","id":"usgs-pad-us-fee-managers:84529","geometry":{"type":"Polygon","coordinates":[[[-76.1207,36.8464],[-76.1207,36.8474],[-76.1183,36.8473],[-76.1184,36.8462],[-76.1207,36.8464]]]},"properties":{"id":"usgs-pad-us-fee-managers:84529","name":"Thalia Park","kind":"land","category":"public-land","sourceCategory":"public-land","sourceId":"usgs-pad-us-fee-managers","sourceUrl":"https://services.arcgis.com/v01gqwM5QqNysAAi/arcgis/rest/services/Fee_Managers_PADUS/FeatureServer/0","sourceUpdated":"2019-09-18T04:00:00.000Z","publicUse":"PAD-US reports open access; verify current manager conditions and restrictions.","unit":"CITY","origin":"public-catalog"}},{"type":"Feature","id":"usgs-pad-us-fee-managers:84530","geometry":{"type":"Polygon","coordinates":[[[-76.1114,36.836],[-76.1114,36.8364],[-76.1109,36.8364],[-76.1108,36.836],[-76.1114,36.836]]]},"properties":{"id":"usgs-pad-us-fee-managers:84530","name":"Thalia Trace Park","kind":"land","category":"public-land","sourceCategory":"public-land","sourceId":"usgs-pad-us-fee-managers","sourceUrl":"https://services.arcgis.com/v01gqwM5QqNysAAi/arcgis/rest/services/Fee_Managers_PADUS/FeatureServer/0","sourceUpdated":"2019-09-18T04:00:00.000Z","publicUse":"PAD-US reports open access; verify current manager conditions and restrictions.","unit":"CITY","origin":"public-catalog"}},{"type":"Feature","id":"usgs-pad-us-fee-managers:84531","geometry":{"type":"Polygon","coordinates":[[[-76.0912,36.8121],[-76.0909,36.812],[-76.0903,36.8112],[-76.0906,36.811],[-76.091,36.8114],[-76.0917,36.8116],[-76.0919,36.8114],[-76.092,36.8118],[-76.0912,36.8121]],[[-76.0911,36.8115],[-76.0909,36.8115],[-76.091,36.8116],[-76.0911,36.8115]]]},"properties":{"id":"usgs-pad-us-fee-managers:84531","name":"The Lakes Park","kind":"land","category":"public-land","sourceCategory":"public-land","sourceId":"usgs-pad-us-fee-managers","sourceUrl":"https://services.arcgis.com/v01gqwM5QqNysAAi/arcgis/rest/services/Fee_Managers_PADUS/FeatureServer/0","sourceUpdated":"2019-09-18T04:00:00.000Z","publicUse":"PAD-US reports open access; verify current manager conditions and restrictions.","unit":"CITY","origin":"public-catalog"}},{"type":"Feature","id":"usgs-pad-us-fee-managers:84532","geometry":{"type":"Polygon","coordinates":[[[-76.0139,36.7518],[-76.0113,36.7506],[-76.0134,36.7483],[-76.0144,36.7489],[-76.0149,36.7483],[-76.0139,36.7477],[-76.014,36.7475],[-76.0173,36.7493],[-76.0161,36.7516],[-76.0156,36.7518],[-76.0153,36.7524],[-76.0139,36.7518]]]},"properties":{"id":"usgs-pad-us-fee-managers:84532","name":"Three Oaks Park","kind":"land","category":"public-land","sourceCategory":"public-land","sourceId":"usgs-pad-us-fee-managers","sourceUrl":"https://services.arcgis.com/v01gqwM5QqNysAAi/arcgis/rest/services/Fee_Managers_PADUS/FeatureServer/0","sourceUpdated":"2019-09-18T04:00:00.000Z","publicUse":"PAD-US reports open access; verify current manager conditions and restrictions.","unit":"CITY","origin":"public-catalog"}},{"type":"Feature","id":"usgs-pad-us-fee-managers:84533","geometry":{"type":"Polygon","coordinates":[[[-76.0144,36.7478],[-76.0148,36.7473],[-76.017,36.7485],[-76.0173,36.7493],[-76.0144,36.7478]]]},"properties":{"id":"usgs-pad-us-fee-managers:84533","name":"Three Oaks Park Addition","kind":"land","category":"public-land","sourceCategory":"public-land","sourceId":"usgs-pad-us-fee-managers","sourceUrl":"https://services.arcgis.com/v01gqwM5QqNysAAi/arcgis/rest/services/Fee_Managers_PADUS/FeatureServer/0","sourceUpdated":"2019-09-18T04:00:00.000Z","publicUse":"PAD-US reports open access; verify current manager conditions and restrictions.","unit":"CITY","origin":"public-catalog"}},{"type":"Feature","id":"usgs-pad-us-fee-managers:84534","geometry":{"type":"Polygon","coordinates":[[[-76.0847,36.7589],[-76.0864,36.7586],[-76.092,36.7599],[-76.093,36.7654],[-76.0849,36.7659],[-76.0838,36.7597],[-76.0852,36.7591],[-76.0847,36.7589]]]},"properties":{"id":"usgs-pad-us-fee-managers:84534","name":"Us. Field Hockey Complex","kind":"land","category":"public-land","sourceCategory":"public-land","sourceId":"usgs-pad-us-fee-managers","sourceUrl":"https://services.arcgis.com/v01gqwM5QqNysAAi/arcgis/rest/services/Fee_Managers_PADUS/FeatureServer/0","sourceUpdated":"2019-09-18T04:00:00.000Z","publicUse":"PAD-US reports open access; verify current manager conditions and restrictions.","unit":"CITY","origin":"public-catalog"}},{"type":"Feature","id":"usgs-pad-us-fee-managers:84535","geometry":{"type":"Polygon","coordinates":[[[-76.1776,36.8794],[-76.1778,36.8799],[-76.1762,36.8806],[-76.1756,36.8801],[-76.1776,36.8794]]]},"properties":{"id":"usgs-pad-us-fee-managers:84535","name":"Wesleyan Park","kind":"land","category":"public-land","sourceCategory":"public-land","sourceId":"usgs-pad-us-fee-managers","sourceUrl":"https://services.arcgis.com/v01gqwM5QqNysAAi/arcgis/rest/services/Fee_Managers_PADUS/FeatureServer/0","sourceUpdated":"2019-09-18T04:00:00.000Z","publicUse":"PAD-US reports open access; verify current manager conditions and restrictions.","unit":"CITY","origin":"public-catalog"}},{"type":"Feature","id":"usgs-pad-us-fee-managers:84536","geometry":{"type":"Polygon","coordinates":[[[-76.1551,36.8632],[-76.1563,36.8611],[-76.1558,36.8609],[-76.1566,36.8585],[-76.1581,36.8584],[-76.1584,36.8597],[-76.1597,36.8606],[-76.1583,36.8623],[-76.1591,36.8627],[-76.1587,36.8637],[-76.1598,36.8639],[-76.1598,36.8654],[-76.1562,36.8654],[-76.1543,36.8647],[-76.1551,36.8632]]]},"properties":{"id":"usgs-pad-us-fee-managers:84536","name":"Williams Farm Park","kind":"land","category":"public-land","sourceCategory":"public-land","sourceId":"usgs-pad-us-fee-managers","sourceUrl":"https://services.arcgis.com/v01gqwM5QqNysAAi/arcgis/rest/services/Fee_Managers_PADUS/FeatureServer/0","sourceUpdated":"2019-09-18T04:00:00.000Z","publicUse":"PAD-US reports open access; verify current manager conditions and restrictions.","unit":"CITY","origin":"public-catalog"}},{"type":"Feature","id":"usgs-pad-us-fee-managers:84537","geometry":{"type":"Polygon","coordinates":[[[-76.0532,36.8575],[-76.0526,36.8573],[-76.0526,36.857],[-76.0534,36.8569],[-76.0532,36.8575]]]},"properties":{"id":"usgs-pad-us-fee-managers:84537","name":"Wolfsnare Park","kind":"land","category":"public-land","sourceCategory":"public-land","sourceId":"usgs-pad-us-fee-managers","sourceUrl":"https://services.arcgis.com/v01gqwM5QqNysAAi/arcgis/rest/services/Fee_Managers_PADUS/FeatureServer/0","sourceUpdated":"2019-09-18T04:00:00.000Z","publicUse":"PAD-US reports open access; verify current manager conditions and restrictions.","unit":"CITY","origin":"public-catalog"}},{"type":"Feature","id":"usgs-pad-us-fee-managers:84538","geometry":{"type":"Polygon","coordinates":[[[-76.0689,36.7703],[-76.0712,36.7702],[-76.0706,36.7708],[-76.0697,36.7704],[-76.069,36.7709],[-76.0687,36.7707],[-76.0689,36.7703]]]},"properties":{"id":"usgs-pad-us-fee-managers:84538","name":"Woods Of Piney Grove Park","kind":"land","category":"public-land","sourceCategory":"public-land","sourceId":"usgs-pad-us-fee-managers","sourceUrl":"https://services.arcgis.com/v01gqwM5QqNysAAi/arcgis/rest/services/Fee_Managers_PADUS/FeatureServer/0","sourceUpdated":"2019-09-18T04:00:00.000Z","publicUse":"PAD-US reports open access; verify current manager conditions and restrictions.","unit":"CITY","origin":"public-catalog"}},{"type":"Feature","id":"usgs-pad-us-fee-managers:84539","geometry":{"type":"Polygon","coordinates":[[[-76.1981,36.8215],[-76.2005,36.8215],[-76.2004,36.8211],[-76.1992,36.8211],[-76.1992,36.8203],[-76.2016,36.8202],[-76.2019,36.822],[-76.2008,36.8216],[-76.1981,36.8217],[-76.1981,36.8215]]]},"properties":{"id":"usgs-pad-us-fee-managers:84539","name":"Woodstock Cove Park","kind":"land","category":"public-land","sourceCategory":"public-land","sourceId":"usgs-pad-us-fee-managers","sourceUrl":"https://services.arcgis.com/v01gqwM5QqNysAAi/arcgis/rest/services/Fee_Managers_PADUS/FeatureServer/0","sourceUpdated":"2019-09-18T04:00:00.000Z","publicUse":"PAD-US reports open access; verify current manager conditions and restrictions.","unit":"CITY","origin":"public-catalog"}},{"type":"Feature","id":"usgs-pad-us-fee-managers:84540","geometry":{"type":"Polygon","coordinates":[[[-76.2027,36.8142],[-76.2027,36.816],[-76.201,36.816],[-76.201,36.8141],[-76.2027,36.8142]]]},"properties":{"id":"usgs-pad-us-fee-managers:84540","name":"Woodstock School Park","kind":"land","category":"public-land","sourceCategory":"public-land","sourceId":"usgs-pad-us-fee-managers","sourceUrl":"https://services.arcgis.com/v01gqwM5QqNysAAi/arcgis/rest/services/Fee_Managers_PADUS/FeatureServer/0","sourceUpdated":"2019-09-18T04:00:00.000Z","publicUse":"PAD-US reports open access; verify current manager conditions and restrictions.","unit":"CITY","origin":"public-catalog"}},{"type":"Feature","id":"usgs-pad-us-fee-managers:84541","geometry":{"type":"Polygon","coordinates":[[[-76.1255,36.7724],[-76.1256,36.7712],[-76.1293,36.7711],[-76.1282,36.773],[-76.1277,36.7728],[-76.1231,36.7729],[-76.1254,36.7728],[-76.1255,36.7724]]]},"properties":{"id":"usgs-pad-us-fee-managers:84541","name":"Wyndamere Park","kind":"land","category":"public-land","sourceCategory":"public-land","sourceId":"usgs-pad-us-fee-managers","sourceUrl":"https://services.arcgis.com/v01gqwM5QqNysAAi/arcgis/rest/services/Fee_Managers_PADUS/FeatureServer/0","sourceUpdated":"2019-09-18T04:00:00.000Z","publicUse":"PAD-US reports open access; verify current manager conditions and restrictions.","unit":"CITY","origin":"public-catalog"}},{"type":"Feature","id":"usgs-pad-us-fee-managers:84542","geometry":{"type":"Polygon","coordinates":[[[-76.0898,36.8225],[-76.0911,36.8227],[-76.0908,36.8231],[-76.0907,36.8236],[-76.0895,36.8235],[-76.0898,36.8225]]]},"properties":{"id":"usgs-pad-us-fee-managers:84542","name":"Bow Creek Rec-Center","kind":"land","category":"public-land","sourceCategory":"public-land","sourceId":"usgs-pad-us-fee-managers","sourceUrl":"https://services.arcgis.com/v01gqwM5QqNysAAi/arcgis/rest/services/Fee_Managers_PADUS/FeatureServer/0","sourceUpdated":"2019-09-18T04:00:00.000Z","publicUse":"PAD-US reports open access; verify current manager conditions and restrictions.","unit":"CITY","origin":"public-catalog"}},{"type":"Feature","id":"usgs-pad-us-fee-managers:84543","geometry":{"type":"Polygon","coordinates":[[[-76.0937,36.7681],[-76.0923,36.76],[-76.0941,36.7602],[-76.0977,36.7591],[-76.0989,36.7598],[-76.1004,36.7595],[-76.1031,36.7595],[-76.1052,36.76],[-76.1074,36.7595],[-76.1069,36.7617],[-76.1093,36.7623],[-76.1099,36.7615],[-76.1103,36.7603],[-76.1135,36.7613],[-76.1115,36.7654],[-76.1065,36.7642],[-76.1064,36.7645],[-76.1088,36.765],[-76.106,36.7702],[-76.1049,36.77],[-76.1055,36.7674],[-76.1031,36.7677],[-76.1034,36.7652],[-76.1017,36.7661],[-76.1004,36.7673],[-76.0996,36.7669],[-76.0984,36.7683],[-76.0967,36.7711],[-76.0957,36.7709],[-76.0946,36.7702],[-76.094,36.7693],[-76.0937,36.7681]]]},"properties":{"id":"usgs-pad-us-fee-managers:84543","name":"Princess Anne Athletic Complex","kind":"land","category":"public-land","sourceCategory":"public-land","sourceId":"usgs-pad-us-fee-managers","sourceUrl":"https://services.arcgis.com/v01gqwM5QqNysAAi/arcgis/rest/services/Fee_Managers_PADUS/FeatureServer/0","sourceUpdated":"2019-09-18T04:00:00.000Z","publicUse":"PAD-US reports open access; verify current manager conditions and restrictions.","unit":"CITY","origin":"public-catalog"}},{"type":"Feature","id":"usgs-pad-us-fee-managers:84544","geometry":{"type":"Polygon","coordinates":[[[-76.0814,36.7673],[-76.0816,36.7655],[-76.0847,36.7644],[-76.0849,36.7659],[-76.093,36.7654],[-76.0934,36.7687],[-76.0938,36.7698],[-76.0876,36.7705],[-76.0837,36.7706],[-76.0812,36.769],[-76.0814,36.7673]]]},"properties":{"id":"usgs-pad-us-fee-managers:84544","name":"Sportsplex","kind":"land","category":"public-land","sourceCategory":"public-land","sourceId":"usgs-pad-us-fee-managers","sourceUrl":"https://services.arcgis.com/v01gqwM5QqNysAAi/arcgis/rest/services/Fee_Managers_PADUS/FeatureServer/0","sourceUpdated":"2019-09-18T04:00:00.000Z","publicUse":"PAD-US reports open access; verify current manager conditions and restrictions.","unit":"CITY","origin":"public-catalog"}},{"type":"Feature","id":"usgs-pad-us-fee-managers:84615","geometry":{"type":"Polygon","coordinates":[[[-79.3713,37.1208],[-79.3741,37.1213],[-79.3741,37.1215],[-79.3714,37.1216],[-79.3713,37.1208]]]},"properties":{"id":"usgs-pad-us-fee-managers:84615","name":"Dalton's Landing","kind":"land","category":"public-land","sourceCategory":"public-land","sourceId":"usgs-pad-us-fee-managers","sourceUrl":"https://services.arcgis.com/v01gqwM5QqNysAAi/arcgis/rest/services/Fee_Managers_PADUS/FeatureServer/0","sourceUpdated":"2019-09-18T04:00:00.000Z","publicUse":"PAD-US reports restricted access; confirm permits and seasonal rules with the manager.","unit":"CITY","origin":"public-catalog"}},{"type":"Feature","id":"usgs-pad-us-fee-managers:84652","geometry":{"type":"MultiPolygon","coordinates":[[[[-77.0849,38.8481],[-77.0852,38.8481],[-77.0852,38.8484],[-77.0849,38.8484],[-77.0849,38.8481]]],[[[-77.0868,38.8492],[-77.0864,38.8491],[-77.0862,38.8483],[-77.0876,38.8484],[-77.0879,38.8489],[-77.0868,38.8492]]],[[[-77.0853,38.8487],[-77.0853,38.8491],[-77.0851,38.8487],[-77.0853,38.8487]]]]},"properties":{"id":"usgs-pad-us-fee-managers:84652","name":"Drew Park","kind":"land","category":"public-land","sourceCategory":"public-land","sourceId":"usgs-pad-us-fee-managers","sourceUrl":"https://services.arcgis.com/v01gqwM5QqNysAAi/arcgis/rest/services/Fee_Managers_PADUS/FeatureServer/0","sourceUpdated":"2019-09-18T04:00:00.000Z","publicUse":"PAD-US reports open access; verify current manager conditions and restrictions.","unit":"CNTY","origin":"public-catalog"}},{"type":"Feature","id":"usgs-pad-us-fee-managers:84790","geometry":{"type":"MultiPolygon","coordinates":[[[[-75.9686,36.555],[-75.968,36.5549],[-75.9676,36.5553],[-75.9673,36.5547],[-75.9669,36.5545],[-75.9668,36.5537],[-75.9679,36.5526],[-75.969,36.5531],[-75.9687,36.5534],[-75.9686,36.554],[-75.9691,36.5544],[-75.9697,36.5557],[-75.9694,36.5557],[-75.9686,36.555]]],[[[-75.9774,36.5606],[-75.9777,36.5604],[-75.978,36.5604],[-75.9778,36.5603],[-75.9768,36.5603],[-75.9773,36.5601],[-75.977,36.5602],[-75.9769,36.5599],[-75.9774,36.5599],[-75.9774,36.5595],[-75.9772,36.5597],[-75.9775,36.5592],[-75.9785,36.5606],[-75.9774,36.5608],[-75.9774,36.5606]]],[[[-75.9658,36.5676],[-75.9653,36.5675],[-75.9639,36.5677],[-75.9634,36.5683],[-75.9633,36.5675],[-75.9642,36.5669],[-75.9643,36.5662],[-75.9638,36.565],[-75.9623,36.5648],[-75.9628,36.5641],[-75.9639,36.5643],[-75.9649,36.5642],[-75.9655,36.5637],[-75.9655,36.5634],[-75.9662,36.5634],[-75.9658,36.564],[-75.9661,36.5642],[-75.9673,36.564],[-75.9673,36.5642],[-75.9677,36.5643],[-75.9679,36.5649],[-75.9685,36.5652],[-75.9686,36.5656],[-75.9693,36.5664],[-75.97,36.5665],[-75.9699,36.5668],[-75.9704,36.5669],[-75.9705,36.5664],[-75.9712,36.5666],[-75.972,36.5661],[-75.9715,36.5659],[-75.9712,36.5661],[-75.9714,36.5663],[-75.9708,36.5664],[-75.9701,36.566],[-75.9699,36.5663],[-75.9693,36.5664],[-75.9689,36.5658],[-75.9693,36.5656],[-75.9695,36.5658],[-75.9698,36.5658],[-75.9697,36.5649],[-75.9694,36.5655],[-75.9688,36.5657],[-75.9682,36.5644],[-75.9693,36.5643],[-75.9682,36.5642],[-75.9685,36.5638],[-75.9699,36.5635],[-75.9697,36.5638],[-75.97,36.5636],[-75.9697,36.5639],[-75.9703,36.5641],[-75.9707,36.5639],[-75.9707,36.5635],[-75.9703,36.5633],[-75.9701,36.5636],[-75.9696,36.5633],[-75.9696,36.5636],[-75.969,36.5638],[-75.9684,36.5635],[-75.9679,36.5637],[-75.9682,36.563],[-75.9688,36.5627],[-75.9685,36.5624],[-75.9679,36.563],[-75.9675,36.5624],[-75.9671,36.5623],[-75.9683,36.5616],[-75.9685,36.5612],[-75.9676,36.5597],[-75.9678,36.559],[-75.9691,36.5584],[-75.9709,36.5587],[-75.9707,36.5582],[-75.9701,36.5583],[-75.97,36.558],[-75.9694,36.5584],[-75.969,36.5582],[-75.9698,36.5562],[-75.971,36.5571],[-75.9734,36.557],[-75.9741,36.5566],[-75.975,36.557],[-75.9745,36.5574],[-75.9743,36.5572],[-75.9735,36.5573],[-75.9734,36.5575],[-75.9738,36.5577],[-75.9736,36.5581],[-75.9732,36.5577],[-75.9728,36.5579],[-75.9726,36.5583],[-75.9723,36.5579],[-75.9718,36.558],[-75.9717,36.5576],[-75.9712,36.5577],[-75.9722,36.5585],[-75.9726,36.5585],[-75.9724,36.5583],[-75.973,36.5585],[-75.9737,36.558],[-75.9744,36.5585],[-75.9745,36.5583],[-75.9748,36.5585],[-75.9752,36.5582],[-75.9754,36.5585],[-75.9758,36.5584],[-75.9757,36.558],[-75.9755,36.5582],[-75.9752,36.5579],[-75.9748,36.5579],[-75.9749,36.5576],[-75.9747,36.5573],[-75.975,36.5571],[-75.9759,36.5574],[-75.9766,36.5573],[-75.976,36.5584],[-75.976,36.5591],[-75.975,36.5588],[-75.9741,36.559],[-75.974,36.5586],[-75.974,36.5589],[-75.9736,36.5589],[-75.9743,36.5591],[-75.9743,36.5594],[-75.9737,36.5596],[-75.9733,36.56],[-75.9728,36.5596],[-75.9726,36.5598],[-75.9721,36.5598],[-75.9721,36.5596],[-75.9723,36.5597],[-75.9726,36.5592],[-75.9725,36.5589],[-75.9722,36.5589],[-75.9719,36.5585],[-75.9716,36.5584],[-75.9716,36.5606],[-75.9718,36.5603],[-75.9726,36.5604],[-75.9729,36.5601],[-75.9733,36.5601],[-75.9737,36.5597],[-75.9743,36.5595],[-75.975,36.5595],[-75.9749,36.5591],[-75.9764,36.5593],[-75.9766,36.5584],[-75.9772,36.5593],[-75.977,36.5598],[-75.9767,36.5598],[-75.9765,36.5605],[-75.976,36.5604],[-75.9752,36.5609],[-75.9748,36.5604],[-75.9744,36.5604],[-75.9741,36.5605],[-75.9742,36.5609],[-75.9744,36.5611],[-75.9756,36.5607],[-75.9756,36.5612],[-75.9765,36.5618],[-75.9766,36.5611],[-75.9764,36.5609],[-75.9766,36.5605],[-75.9772,36.5608],[-75.9773,36.5606],[-75.9774,36.5608],[-75.9786,36.5608],[-75.9788,36.5613],[-75.9784,36.5616],[-75.9788,36.5614],[-75.9802,36.5617],[-75.9806,36.5625],[-75.981,36.5628],[-75.9802,36.5615],[-75.9806,36.5612],[-75.9801,36.5613],[-75.98,36.5615],[-75.9797,36.5614],[-75.9796,36.561],[-75.9798,36.5603],[-75.9805,36.5604],[-75.9808,36.5602],[-75.9805,36.5602],[-75.9802,36.5599],[-75.9802,36.5604],[-75.9798,36.5601],[-75.9822,36.5592],[-75.9825,36.5596],[-75.9826,36.5629],[-75.9822,36.5636],[-75.9822,36.5643],[-75.9819,36.5646],[-75.9812,36.5646],[-75.981,36.5642],[-75.9806,36.5643],[-75.9804,36.564],[-75.9803,36.5642],[-75.9804,36.5648],[-75.9807,36.5649],[-75.9814,36.5646],[-75.9817,36.5648],[-75.9815,36.5648],[-75.9814,36.5653],[-75.9809,36.5657],[-75.9797,36.565],[-75.9798,36.5645],[-75.9791,36.5635],[-75.9789,36.5629],[-75.9784,36.5627],[-75.9775,36.5627],[-75.9771,36.5629],[-75.9766,36.5637],[-75.9752,36.5634],[-75.975,36.5635],[-75.975,36.564],[-75.9746,36.5642],[-75.9745,36.5638],[-75.9741,36.5637],[-75.9733,36.5639],[-75.9735,36.5626],[-75.9732,36.5622],[-75.9729,36.5622],[-75.9727,36.5619],[-75.9729,36.5614],[-75.9725,36.5611],[-75.9721,36.5617],[-75.9731,36.5623],[-75.9729,36.563],[-75.9731,36.5632],[-75.9732,36.5628],[-75.9734,36.5629],[-75.9731,36.5636],[-75.9723,36.5634],[-75.9726,36.5632],[-75.9723,36.5629],[-75.9726,36.563],[-75.9729,36.5628],[-75.9728,36.5625],[-75.9725,36.5622],[-75.9721,36.5625],[-75.9724,36.5628],[-75.9715,36.5626],[-75.9717,36.5624],[-75.9715,36.5618],[-75.9712,36.5619],[-75.9716,36.5622],[-75.971,36.5628],[-75.9705,36.5627],[-75.9705,36.5617],[-75.9697,36.5613],[-75.9694,36.5615],[-75.9693,36.5618],[-75.9701,36.5618],[-75.9702,36.5622],[-75.9694,36.5625],[-75.9695,36.563],[-75.9705,36.5629],[-75.9704,36.5631],[-75.9708,36.5634],[-75.9709,36.5632],[-75.9706,36.5631],[-75.971,36.563],[-75.9708,36.563],[-75.9714,36.5623],[-75.9717,36.5633],[-75.9715,36.5635],[-75.9714,36.5631],[-75.9713,36.5637],[-75.9719,36.5641],[-75.9722,36.564],[-75.9723,36.5642],[-75.9719,36.5642],[-75.9722,36.5644],[-75.9725,36.5644],[-75.9726,36.5636],[-75.9732,36.564],[-75.9738,36.5638],[-75.9743,36.564],[-75.974,36.5648],[-75.9742,36.5647],[-75.9746,36.5652],[-75.9744,36.5655],[-75.9747,36.5661],[-75.9745,36.5662],[-75.9749,36.5662],[-75.9747,36.5665],[-75.9747,36.5671],[-75.9754,36.5676],[-75.9752,36.5679],[-75.9756,36.5677],[-75.976,36.5687],[-75.9752,36.5685],[-75.9734,36.569],[-75.9732,36.5689],[-75.9735,36.5686],[-75.9732,36.5683],[-75.9719,36.569],[-75.9716,36.5689],[-75.9715,36.5686],[-75.971,36.5686],[-75.9711,36.5675],[-75.9708,36.5674],[-75.9705,36.5677],[-75.9703,36.5676],[-75.9706,36.5673],[-75.9702,36.5672],[-75.97,36.5676],[-75.9704,36.5683],[-75.9702,36.5683],[-75.9701,36.5679],[-75.9697,36.5679],[-75.9695,36.5681],[-75.9698,36.5686],[-75.9695,36.5691],[-75.9682,36.5692],[-75.9665,36.5686],[-75.9658,36.5676]]],[[[-75.9603,36.5681],[-75.9613,36.5681],[-75.962,36.5673],[-75.9621,36.5666],[-75.9626,36.5675],[-75.9631,36.5676],[-75.9631,36.5682],[-75.9623,36.5687],[-75.9611,36.5686],[-75.9603,36.5681]]],[[[-75.9677,36.5717],[-75.9674,36.5714],[-75.9676,36.5707],[-75.969,36.5702],[-75.9691,36.5697],[-75.9695,36.5695],[-75.9703,36.5699],[-75.9707,36.5698],[-75.9706,36.5691],[-75.9711,36.5691],[-75.9707,36.5689],[-75.9711,36.5687],[-75.9717,36.5691],[-75.9724,36.5691],[-75.9731,36.5687],[-75.9727,36.5701],[-75.9721,36.5699],[-75.9719,36.5703],[-75.9716,36.5702],[-75.971,36.5705],[-75.9697,36.5718],[-75.9677,36.5717]]]]},"properties":{"id":"usgs-pad-us-fee-managers:84790","name":"Pocahontas Waterfowl","kind":"land","category":"public-land","sourceCategory":"public-land","sourceId":"usgs-pad-us-fee-managers","sourceUrl":"https://services.arcgis.com/v01gqwM5QqNysAAi/arcgis/rest/services/Fee_Managers_PADUS/FeatureServer/0","sourceUpdated":"2019-09-18T04:00:00.000Z","publicUse":"PAD-US reports open access; verify current manager conditions and restrictions.","unit":"OTHS","origin":"public-catalog"}},{"type":"Feature","id":"usgs-pad-us-fee-managers:84791","geometry":{"type":"MultiPolygon","coordinates":[[[[-75.9535,36.5712],[-75.9538,36.5709],[-75.9537,36.5712],[-75.9535,36.5712]]],[[[-75.9523,36.5735],[-75.9528,36.5728],[-75.9525,36.5721],[-75.9527,36.5719],[-75.9528,36.5726],[-75.9532,36.5729],[-75.9529,36.5734],[-75.953,36.5736],[-75.9523,36.5737],[-75.9523,36.5735]]],[[[-75.9532,36.5745],[-75.9535,36.5742],[-75.9533,36.574],[-75.9545,36.5742],[-75.9564,36.5735],[-75.957,36.5729],[-75.9583,36.5734],[-75.9582,36.5739],[-75.9574,36.5742],[-75.9551,36.5742],[-75.9549,36.5743],[-75.955,36.5747],[-75.9532,36.5745]]],[[[-75.9502,36.573],[-75.9492,36.5728],[-75.9496,36.5722],[-75.9493,36.5717],[-75.9508,36.5727],[-75.9516,36.5729],[-75.951,36.5743],[-75.9506,36.5739],[-75.9509,36.5737],[-75.9507,36.5733],[-75.9502,36.573]]],[[[-75.951,36.5746],[-75.9515,36.5747],[-75.9513,36.5751],[-75.951,36.5746]]]]},"properties":{"id":"usgs-pad-us-fee-managers:84791","name":"Pocahontas Waterfowl Area State Park","kind":"land","category":"public-land","sourceCategory":"public-land","sourceId":"usgs-pad-us-fee-managers","sourceUrl":"https://services.arcgis.com/v01gqwM5QqNysAAi/arcgis/rest/services/Fee_Managers_PADUS/FeatureServer/0","sourceUpdated":"2019-09-18T04:00:00.000Z","publicUse":"PAD-US reports open access; verify current manager conditions and restrictions.","unit":"OTHS","origin":"public-catalog"}},{"type":"Feature","id":"usgs-pad-us-fee-managers:86116","geometry":{"type":"Polygon","coordinates":[[[-76.1283,36.8641],[-76.1287,36.864],[-76.13,36.8655],[-76.1284,36.8666],[-76.1265,36.8654],[-76.1276,36.8643],[-76.1283,36.8641]]]},"properties":{"id":"usgs-pad-us-fee-managers:86116","name":"Pembroke Meadows Es","kind":"land","category":"public-land","sourceCategory":"public-land","sourceId":"usgs-pad-us-fee-managers","sourceUrl":"https://services.arcgis.com/v01gqwM5QqNysAAi/arcgis/rest/services/Fee_Managers_PADUS/FeatureServer/0","sourceUpdated":"2019-09-18T04:00:00.000Z","publicUse":"PAD-US reports open access; verify current manager conditions and restrictions.","unit":"REG","origin":"public-catalog"}},{"type":"Feature","id":"usgs-pad-us-fee-managers:86117","geometry":{"type":"Polygon","coordinates":[[[-78.4646,38.047],[-78.4623,38.0458],[-78.4625,38.0456],[-78.4621,38.0452],[-78.4631,38.0446],[-78.4636,38.045],[-78.4631,38.0453],[-78.4636,38.045],[-78.4645,38.0457],[-78.4647,38.0463],[-78.4655,38.0469],[-78.4654,38.0471],[-78.4647,38.0468],[-78.4653,38.0471],[-78.4651,38.0475],[-78.4642,38.0474],[-78.4646,38.047]],[[-78.4646,38.0467],[-78.4646,38.0467],[-78.4646,38.0467],[-78.4646,38.0467]],[[-78.4644,38.0462],[-78.4644,38.0462],[-78.4644,38.0463],[-78.4644,38.0462]],[[-78.4642,38.0461],[-78.4642,38.0461],[-78.4642,38.0461],[-78.4642,38.0461]],[[-78.464,38.046],[-78.4641,38.046],[-78.4641,38.046],[-78.464,38.046]],[[-78.4633,38.0456],[-78.4633,38.0456],[-78.4633,38.0456],[-78.4633,38.0456]],[[-78.4636,38.0458],[-78.4635,38.0457],[-78.464,38.046],[-78.4636,38.0458]]]},"properties":{"id":"usgs-pad-us-fee-managers:86117","name":"Unknown Park","kind":"land","category":"public-land","sourceCategory":"public-land","sourceId":"usgs-pad-us-fee-managers","sourceUrl":"https://services.arcgis.com/v01gqwM5QqNysAAi/arcgis/rest/services/Fee_Managers_PADUS/FeatureServer/0","sourceUpdated":"2019-09-18T04:00:00.000Z","publicUse":"PAD-US reports open access; verify current manager conditions and restrictions.","unit":"CITY","origin":"public-catalog"}},{"type":"Feature","id":"usgs-pad-us-fee-managers:86118","geometry":{"type":"Polygon","coordinates":[[[-77.2698,38.8617],[-77.2699,38.8617],[-77.27,38.8641],[-77.2692,38.8642],[-77.2692,38.8648],[-77.2671,38.8648],[-77.2667,38.8622],[-77.2698,38.8617]]]},"properties":{"id":"usgs-pad-us-fee-managers:86118","name":"Mantua Park","kind":"land","category":"public-land","sourceCategory":"public-land","sourceId":"usgs-pad-us-fee-managers","sourceUrl":"https://services.arcgis.com/v01gqwM5QqNysAAi/arcgis/rest/services/Fee_Managers_PADUS/FeatureServer/0","sourceUpdated":"2019-09-18T04:00:00.000Z","publicUse":"PAD-US reports open access; verify current manager conditions and restrictions.","unit":"CITY","origin":"public-catalog"}},{"type":"Feature","id":"usgs-pad-us-fee-managers:86119","geometry":{"type":"Polygon","coordinates":[[[-76.2196,36.8283],[-76.22,36.8287],[-76.2193,36.8287],[-76.2196,36.8283]]]},"properties":{"id":"usgs-pad-us-fee-managers:86119","name":"Lecove Park","kind":"land","category":"public-land","sourceCategory":"public-land","sourceId":"usgs-pad-us-fee-managers","sourceUrl":"https://services.arcgis.com/v01gqwM5QqNysAAi/arcgis/rest/services/Fee_Managers_PADUS/FeatureServer/0","sourceUpdated":"2019-09-18T04:00:00.000Z","publicUse":"PAD-US reports open access; verify current manager conditions and restrictions.","unit":"CITY","origin":"public-catalog"}},{"type":"Feature","id":"usgs-pad-us-fee-managers:86120","geometry":{"type":"Polygon","coordinates":[[[-76.1103,36.7603],[-76.1106,36.7588],[-76.1119,36.7592],[-76.1114,36.7602],[-76.1123,36.7605],[-76.1132,36.7587],[-76.1136,36.7589],[-76.1139,36.7584],[-76.1149,36.7588],[-76.1135,36.7613],[-76.1103,36.7603]]]},"properties":{"id":"usgs-pad-us-fee-managers:86120","name":"Princess Anne Athletic Complex Addition","kind":"land","category":"public-land","sourceCategory":"public-land","sourceId":"usgs-pad-us-fee-managers","sourceUrl":"https://services.arcgis.com/v01gqwM5QqNysAAi/arcgis/rest/services/Fee_Managers_PADUS/FeatureServer/0","sourceUpdated":"2019-09-18T04:00:00.000Z","publicUse":"PAD-US reports open access; verify current manager conditions and restrictions.","unit":"CITY","origin":"public-catalog"}},{"type":"Feature","id":"usgs-pad-us-fee-managers:86121","geometry":{"type":"MultiPolygon","coordinates":[[[[-76.6832,37.2538],[-76.6842,37.2532],[-76.686,37.253],[-76.6862,37.2537],[-76.6858,37.2548],[-76.684,37.2562],[-76.683,37.2583],[-76.682,37.2579],[-76.6834,37.2554],[-76.6832,37.2538]]],[[[-76.6828,37.2585],[-76.6829,37.2585],[-76.6829,37.2586],[-76.6828,37.2585]]]]},"properties":{"id":"usgs-pad-us-fee-managers:86121","name":"Redoubt Park","kind":"land","category":"public-land","sourceCategory":"public-land","sourceId":"usgs-pad-us-fee-managers","sourceUrl":"https://services.arcgis.com/v01gqwM5QqNysAAi/arcgis/rest/services/Fee_Managers_PADUS/FeatureServer/0","sourceUpdated":"2019-09-18T04:00:00.000Z","publicUse":"PAD-US reports open access; verify current manager conditions and restrictions.","unit":"CITY","origin":"public-catalog"}},{"type":"Feature","id":"usgs-pad-us-fee-managers:86122","geometry":{"type":"Polygon","coordinates":[[[-77.3256,38.5598],[-77.3263,38.5587],[-77.3271,38.5592],[-77.3263,38.5602],[-77.3256,38.5598]]]},"properties":{"id":"usgs-pad-us-fee-managers:86122","name":"Ginn Memorial Park","kind":"land","category":"public-land","sourceCategory":"public-land","sourceId":"usgs-pad-us-fee-managers","sourceUrl":"https://services.arcgis.com/v01gqwM5QqNysAAi/arcgis/rest/services/Fee_Managers_PADUS/FeatureServer/0","sourceUpdated":"2019-09-18T04:00:00.000Z","publicUse":"PAD-US reports open access; verify current manager conditions and restrictions.","unit":"CITY","origin":"public-catalog"}},{"type":"Feature","id":"usgs-pad-us-fee-managers:86123","geometry":{"type":"Polygon","coordinates":[[[-77.2591,38.6836],[-77.2594,38.6834],[-77.2596,38.6836],[-77.2593,38.6838],[-77.2591,38.6836]]]},"properties":{"id":"usgs-pad-us-fee-managers:86123","name":"Mamie Davis Park","kind":"land","category":"public-land","sourceCategory":"public-land","sourceId":"usgs-pad-us-fee-managers","sourceUrl":"https://services.arcgis.com/v01gqwM5QqNysAAi/arcgis/rest/services/Fee_Managers_PADUS/FeatureServer/0","sourceUpdated":"2019-09-18T04:00:00.000Z","publicUse":"PAD-US reports open access; verify current manager conditions and restrictions.","unit":"CITY","origin":"public-catalog"}},{"type":"Feature","id":"usgs-pad-us-fee-managers:86124","geometry":{"type":"Polygon","coordinates":[[[-80.502,37.1272],[-80.5039,37.127],[-80.5042,37.1287],[-80.5023,37.129],[-80.502,37.1272]]]},"properties":{"id":"usgs-pad-us-fee-managers:86124","name":"Plum Creek Park","kind":"land","category":"public-land","sourceCategory":"public-land","sourceId":"usgs-pad-us-fee-managers","sourceUrl":"https://services.arcgis.com/v01gqwM5QqNysAAi/arcgis/rest/services/Fee_Managers_PADUS/FeatureServer/0","sourceUpdated":"2019-09-18T04:00:00.000Z","publicUse":"PAD-US reports open access; verify current manager conditions and restrictions.","unit":"CNTY","origin":"public-catalog"}},{"type":"Feature","id":"usgs-pad-us-fee-managers:86125","geometry":{"type":"Polygon","coordinates":[[[-80.0405,37.3277],[-80.0407,37.3281],[-80.04,37.3283],[-80.0405,37.3277]]]},"properties":{"id":"usgs-pad-us-fee-managers:86125","name":"Hanging Rock Memorial Battlefield Park","kind":"land","category":"public-land","sourceCategory":"public-land","sourceId":"usgs-pad-us-fee-managers","sourceUrl":"https://services.arcgis.com/v01gqwM5QqNysAAi/arcgis/rest/services/Fee_Managers_PADUS/FeatureServer/0","sourceUpdated":"2019-09-18T04:00:00.000Z","publicUse":"PAD-US reports open access; verify current manager conditions and restrictions.","unit":"CNTY","origin":"public-catalog"}},{"type":"Feature","id":"usgs-pad-us-fee-managers:86126","geometry":{"type":"Polygon","coordinates":[[[-76.5025,37.2489],[-76.5026,37.2488],[-76.5037,37.2498],[-76.5032,37.2504],[-76.5021,37.2507],[-76.5015,37.2502],[-76.5025,37.2489]]]},"properties":{"id":"usgs-pad-us-fee-managers:86126","name":"Tyndall Park","kind":"land","category":"public-land","sourceCategory":"public-land","sourceId":"usgs-pad-us-fee-managers","sourceUrl":"https://services.arcgis.com/v01gqwM5QqNysAAi/arcgis/rest/services/Fee_Managers_PADUS/FeatureServer/0","sourceUpdated":"2019-09-18T04:00:00.000Z","publicUse":"PAD-US reports open access; verify current manager conditions and restrictions.","unit":"CNTY","origin":"public-catalog"}},{"type":"Feature","id":"usgs-pad-us-fee-managers:86127","geometry":{"type":"Polygon","coordinates":[[[-77.5286,39.1246],[-77.5291,39.1242],[-77.5299,39.1249],[-77.5299,39.1255],[-77.5287,39.1263],[-77.527,39.1249],[-77.5275,39.1245],[-77.5286,39.1246]]]},"properties":{"id":"usgs-pad-us-fee-managers:86127","name":"Potomac Crossing Park","kind":"land","category":"public-land","sourceCategory":"public-land","sourceId":"usgs-pad-us-fee-managers","sourceUrl":"https://services.arcgis.com/v01gqwM5QqNysAAi/arcgis/rest/services/Fee_Managers_PADUS/FeatureServer/0","sourceUpdated":"2019-09-18T04:00:00.000Z","publicUse":"PAD-US reports open access; verify current manager conditions and restrictions.","unit":"CITY","origin":"public-catalog"}},{"type":"Feature","id":"usgs-pad-us-fee-managers:86778","geometry":{"type":"Polygon","coordinates":[[[-76.062,36.743],[-76.0623,36.7426],[-76.063,36.7426],[-76.0635,36.7432],[-76.0631,36.7432],[-76.0627,36.7428],[-76.0622,36.7431],[-76.062,36.743]]]},"properties":{"id":"usgs-pad-us-fee-managers:86778","name":"Kellam High School Eco-Garden","kind":"land","category":"public-land","sourceCategory":"public-land","sourceId":"usgs-pad-us-fee-managers","sourceUrl":"https://services.arcgis.com/v01gqwM5QqNysAAi/arcgis/rest/services/Fee_Managers_PADUS/FeatureServer/0","sourceUpdated":"2023-04-05T04:00:00.000Z","publicUse":"PAD-US reports open access; verify current manager conditions and restrictions.","unit":"REG","origin":"public-catalog"}},{"type":"Feature","id":"usgs-pad-us-fee-managers:87930","geometry":{"type":"Polygon","coordinates":[[[-76.3137,37.0297],[-76.3124,37.0286],[-76.3128,37.0284],[-76.3132,37.0286],[-76.3135,37.0282],[-76.3136,37.0286],[-76.3138,37.0286],[-76.314,37.028],[-76.3143,37.0277],[-76.3141,37.0275],[-76.3144,37.0273],[-76.3147,37.0275],[-76.3152,37.0271],[-76.316,37.0278],[-76.3155,37.0282],[-76.3158,37.0285],[-76.3149,37.0291],[-76.3145,37.029],[-76.3137,37.0297]]]},"properties":{"id":"usgs-pad-us-fee-managers:87930","name":"Jane Bryan Neighborhood Park","kind":"land","category":"public-land","sourceCategory":"public-land","sourceId":"usgs-pad-us-fee-managers","sourceUrl":"https://services.arcgis.com/v01gqwM5QqNysAAi/arcgis/rest/services/Fee_Managers_PADUS/FeatureServer/0","sourceUpdated":"2020-12-08T05:00:00.000Z","publicUse":"PAD-US reports open access; verify current manager conditions and restrictions.","unit":"REG","origin":"public-catalog"}},{"type":"Feature","id":"usgs-pad-us-fee-managers:8878","geometry":{"type":"Polygon","coordinates":[[[-77.2148,37.8684],[-77.2174,37.8681],[-77.2187,37.8674],[-77.2193,37.8675],[-77.2214,37.8668],[-77.2244,37.8663],[-77.2244,37.866],[-77.2255,37.8656],[-77.2278,37.8641],[-77.2297,37.8635],[-77.23,37.8628],[-77.231,37.8617],[-77.2367,37.8636],[-77.2355,37.8659],[-77.2367,37.867],[-77.2355,37.8687],[-77.2342,37.8691],[-77.2331,37.8699],[-77.2327,37.871],[-77.2321,37.8716],[-77.224,37.8697],[-77.2212,37.876],[-77.2241,37.8769],[-77.2218,37.8788],[-77.2198,37.8797],[-77.218,37.8798],[-77.2157,37.8796],[-77.2148,37.8792],[-77.2131,37.8779],[-77.2105,37.8773],[-77.2146,37.8684],[-77.2148,37.8684]]]},"properties":{"id":"usgs-pad-us-fee-managers:8878","name":"Virginia Outdoors Foundation Land Holding","kind":"land","category":"public-land","sourceCategory":"public-land","sourceId":"usgs-pad-us-fee-managers","sourceUrl":"https://services.arcgis.com/v01gqwM5QqNysAAi/arcgis/rest/services/Fee_Managers_PADUS/FeatureServer/0","sourceUpdated":"2017-08-14T04:00:00.000Z","publicUse":"PAD-US reports open access; verify current manager conditions and restrictions.","unit":"OTHS","origin":"public-catalog"}},{"type":"Feature","id":"usgs-pad-us-fee-managers:89609","geometry":{"type":"Polygon","coordinates":[[[-77.6086,38.9636],[-77.6125,38.9621],[-77.6101,38.9643],[-77.6086,38.9636]]]},"properties":{"id":"usgs-pad-us-fee-managers:89609","name":"Mt Zion Historic Park","kind":"land","category":"public-land","sourceCategory":"public-land","sourceId":"usgs-pad-us-fee-managers","sourceUrl":"https://services.arcgis.com/v01gqwM5QqNysAAi/arcgis/rest/services/Fee_Managers_PADUS/FeatureServer/0","sourceUpdated":"2023-05-15T04:00:00.000Z","publicUse":"PAD-US reports open access; verify current manager conditions and restrictions.","unit":"REG","origin":"public-catalog"}},{"type":"Feature","id":"usgs-pad-us-fee-managers:89631","geometry":{"type":"Polygon","coordinates":[[[-77.0969,38.8056],[-77.0971,38.8042],[-77.0977,38.8043],[-77.0999,38.8056],[-77.1019,38.8056],[-77.1013,38.806],[-77.0969,38.8056]]]},"properties":{"id":"usgs-pad-us-fee-managers:89631","name":"Cook Lake","kind":"land","category":"public-land","sourceCategory":"public-land","sourceId":"usgs-pad-us-fee-managers","sourceUrl":"https://services.arcgis.com/v01gqwM5QqNysAAi/arcgis/rest/services/Fee_Managers_PADUS/FeatureServer/0","sourceUpdated":"2018-07-27T04:00:00.000Z","publicUse":"PAD-US reports open access; verify current manager conditions and restrictions.","unit":"REG","origin":"public-catalog"}},{"type":"Feature","id":"usgs-pad-us-fee-managers:90611","geometry":{"type":"Polygon","coordinates":[[[-76.2968,37.0456],[-76.2971,37.0451],[-76.2976,37.0453],[-76.298,37.0447],[-76.299,37.045],[-76.2988,37.0458],[-76.2983,37.0459],[-76.2987,37.0462],[-76.2979,37.0471],[-76.2967,37.0468],[-76.2971,37.0458],[-76.2968,37.0456]]]},"properties":{"id":"usgs-pad-us-fee-managers:90611","name":"Buckroe Community Garden","kind":"land","category":"public-land","sourceCategory":"public-land","sourceId":"usgs-pad-us-fee-managers","sourceUrl":"https://services.arcgis.com/v01gqwM5QqNysAAi/arcgis/rest/services/Fee_Managers_PADUS/FeatureServer/0","sourceUpdated":"2020-12-08T05:00:00.000Z","publicUse":"PAD-US reports open access; verify current manager conditions and restrictions.","unit":"CITY","origin":"public-catalog"}},{"type":"Feature","id":"usgs-pad-us-fee-managers:90612","geometry":{"type":"MultiPolygon","coordinates":[[[[-76.3961,37.0201],[-76.3955,37.018],[-76.3991,37.0173],[-76.3992,37.0186],[-76.3989,37.0187],[-76.3991,37.0192],[-76.3974,37.0195],[-76.3961,37.0201]]],[[[-76.3961,37.0201],[-76.3961,37.0201],[-76.3961,37.0201],[-76.3961,37.0201]]]]},"properties":{"id":"usgs-pad-us-fee-managers:90612","name":"West Hampton Community Center - Park","kind":"land","category":"public-land","sourceCategory":"public-land","sourceId":"usgs-pad-us-fee-managers","sourceUrl":"https://services.arcgis.com/v01gqwM5QqNysAAi/arcgis/rest/services/Fee_Managers_PADUS/FeatureServer/0","sourceUpdated":"2020-12-08T05:00:00.000Z","publicUse":"PAD-US reports open access; verify current manager conditions and restrictions.","unit":"CITY","origin":"public-catalog"}},{"type":"Feature","id":"usgs-pad-us-fee-managers:91685","geometry":{"type":"Polygon","coordinates":[[[-76.1117,36.7231],[-76.1004,36.7176],[-76.1014,36.7158],[-76.1118,36.7209],[-76.186,36.7215],[-76.2097,36.7192],[-76.2098,36.7214],[-76.2099,36.7214],[-76.1862,36.7234],[-76.1117,36.7231]]]},"properties":{"id":"usgs-pad-us-fee-managers:91685","name":"US Government","kind":"land","category":"public-land","sourceCategory":"public-land","sourceId":"usgs-pad-us-fee-managers","sourceUrl":"https://services.arcgis.com/v01gqwM5QqNysAAi/arcgis/rest/services/Fee_Managers_PADUS/FeatureServer/0","sourceUpdated":"2022-02-17T05:00:00.000Z","publicUse":"PAD-US reports open access; verify current manager conditions and restrictions.","unit":"OTHF","origin":"public-catalog"}},{"type":"Feature","id":"usgs-pad-us-fee-managers:91686","geometry":{"type":"Polygon","coordinates":[[[-76.2622,36.5786],[-76.2556,36.5746],[-76.2541,36.5752],[-76.2515,36.5777],[-76.2511,36.577],[-76.2518,36.5752],[-76.2432,36.5684],[-76.2444,36.5674],[-76.2432,36.567],[-76.2454,36.5639],[-76.2438,36.5629],[-76.2454,36.5615],[-76.2438,36.5575],[-76.2445,36.5573],[-76.2427,36.5535],[-76.2457,36.5505],[-76.2876,36.5506],[-76.2919,36.5593],[-76.2886,36.5682],[-76.2844,36.5717],[-76.2816,36.5755],[-76.2789,36.5785],[-76.2761,36.5765],[-76.2747,36.579],[-76.2711,36.5771],[-76.2705,36.579],[-76.2668,36.5777],[-76.2647,36.5802],[-76.2622,36.5786]]]},"properties":{"id":"usgs-pad-us-fee-managers:91686","name":"US Government NW Radio Station","kind":"land","category":"public-land","sourceCategory":"public-land","sourceId":"usgs-pad-us-fee-managers","sourceUrl":"https://services.arcgis.com/v01gqwM5QqNysAAi/arcgis/rest/services/Fee_Managers_PADUS/FeatureServer/0","sourceUpdated":"2022-02-17T05:00:00.000Z","publicUse":"PAD-US reports open access; verify current manager conditions and restrictions.","unit":"OTHF","origin":"public-catalog"}},{"type":"Feature","id":"usgs-pad-us-fee-managers:91687","geometry":{"type":"Polygon","coordinates":[[[-76.1106,36.7255],[-76.0997,36.718],[-76.1115,36.7239],[-76.1859,36.7243],[-76.186,36.7258],[-76.1112,36.7259],[-76.1106,36.7255]]]},"properties":{"id":"usgs-pad-us-fee-managers:91687","name":"wetlands","kind":"land","category":"public-land","sourceCategory":"public-land","sourceId":"usgs-pad-us-fee-managers","sourceUrl":"https://services.arcgis.com/v01gqwM5QqNysAAi/arcgis/rest/services/Fee_Managers_PADUS/FeatureServer/0","sourceUpdated":"2022-02-17T05:00:00.000Z","publicUse":"PAD-US reports open access; verify current manager conditions and restrictions.","unit":"OTHF","origin":"public-catalog"}},{"type":"Feature","id":"usgs-pad-us-fee-managers:92177","geometry":{"type":"Polygon","coordinates":[[[-77.4192,37.5545],[-77.4199,37.5544],[-77.4203,37.5562],[-77.419,37.5567],[-77.4186,37.5565],[-77.4185,37.5563],[-77.419,37.5562],[-77.419,37.5559],[-77.4195,37.5559],[-77.4192,37.5545]]]},"properties":{"id":"usgs-pad-us-fee-managers:92177","name":"Whitcomb Court Community Center And Playground","kind":"land","category":"public-land","sourceCategory":"public-land","sourceId":"usgs-pad-us-fee-managers","sourceUrl":"https://services.arcgis.com/v01gqwM5QqNysAAi/arcgis/rest/services/Fee_Managers_PADUS/FeatureServer/0","sourceUpdated":"2023-05-15T04:00:00.000Z","publicUse":"PAD-US reports open access; verify current manager conditions and restrictions.","unit":"CITY","origin":"public-catalog"}},{"type":"Feature","id":"usgs-pad-us-fee-managers:92304","geometry":{"type":"Polygon","coordinates":[[[-80.4091,37.2585],[-80.409,37.2571],[-80.4096,37.2572],[-80.4105,37.2565],[-80.4105,37.2576],[-80.4091,37.2585]]]},"properties":{"id":"usgs-pad-us-fee-managers:92304","name":"Undeveloped Park","kind":"land","category":"public-land","sourceCategory":"public-land","sourceId":"usgs-pad-us-fee-managers","sourceUrl":"https://services.arcgis.com/v01gqwM5QqNysAAi/arcgis/rest/services/Fee_Managers_PADUS/FeatureServer/0","sourceUpdated":"2023-05-15T04:00:00.000Z","publicUse":"PAD-US reports open access; verify current manager conditions and restrictions.","unit":"CITY","origin":"public-catalog"}},{"type":"Feature","id":"usgs-pad-us-fee-managers:92313","geometry":{"type":"Polygon","coordinates":[[[-81.9853,36.7104],[-81.9878,36.7104],[-81.988,36.7112],[-81.9848,36.7112],[-81.9853,36.7104]]]},"properties":{"id":"usgs-pad-us-fee-managers:92313","name":"Abingdon Little League Fields","kind":"land","category":"public-land","sourceCategory":"public-land","sourceId":"usgs-pad-us-fee-managers","sourceUrl":"https://services.arcgis.com/v01gqwM5QqNysAAi/arcgis/rest/services/Fee_Managers_PADUS/FeatureServer/0","sourceUpdated":"2023-05-15T04:00:00.000Z","publicUse":"PAD-US reports open access; verify current manager conditions and restrictions.","unit":"CITY","origin":"public-catalog"}},{"type":"Feature","id":"usgs-pad-us-fee-managers:92721","geometry":{"type":"Polygon","coordinates":[[[-78.0077,37.0789],[-78.0082,37.0791],[-78.0082,37.0798],[-78.0075,37.0797],[-78.0077,37.0789]]]},"properties":{"id":"usgs-pad-us-fee-managers:92721","name":"Ball Field","kind":"land","category":"public-land","sourceCategory":"public-land","sourceId":"usgs-pad-us-fee-managers","sourceUrl":"https://services.arcgis.com/v01gqwM5QqNysAAi/arcgis/rest/services/Fee_Managers_PADUS/FeatureServer/0","sourceUpdated":"2023-05-15T04:00:00.000Z","publicUse":"PAD-US reports open access; verify current manager conditions and restrictions.","unit":"CITY","origin":"public-catalog"}},{"type":"Feature","id":"usgs-pad-us-fee-managers:92776","geometry":{"type":"Polygon","coordinates":[[[-79.805,37.3755],[-79.8064,37.3751],[-79.8052,37.3774],[-79.8046,37.3771],[-79.8042,37.3761],[-79.8041,37.3758],[-79.805,37.3755]]]},"properties":{"id":"usgs-pad-us-fee-managers:92776","name":"Boxley Fields","kind":"land","category":"public-land","sourceCategory":"public-land","sourceId":"usgs-pad-us-fee-managers","sourceUrl":"https://services.arcgis.com/v01gqwM5QqNysAAi/arcgis/rest/services/Fee_Managers_PADUS/FeatureServer/0","sourceUpdated":"2023-05-15T04:00:00.000Z","publicUse":"PAD-US reports open access; verify current manager conditions and restrictions.","unit":"CITY","origin":"public-catalog"}},{"type":"Feature","id":"usgs-pad-us-fee-managers:93625","geometry":{"type":"Polygon","coordinates":[[[-78.4486,36.8033],[-78.4489,36.8027],[-78.4517,36.8035],[-78.4514,36.8041],[-78.4486,36.8033]]]},"properties":{"id":"usgs-pad-us-fee-managers:93625","name":"Chase City Comm Park","kind":"land","category":"public-land","sourceCategory":"public-land","sourceId":"usgs-pad-us-fee-managers","sourceUrl":"https://services.arcgis.com/v01gqwM5QqNysAAi/arcgis/rest/services/Fee_Managers_PADUS/FeatureServer/0","sourceUpdated":"2023-05-15T04:00:00.000Z","publicUse":"PAD-US reports open access; verify current manager conditions and restrictions.","unit":"CITY","origin":"public-catalog"}},{"type":"Feature","id":"usgs-pad-us-fee-managers:93659","geometry":{"type":"Polygon","coordinates":[[[-76.4103,36.7817],[-76.4103,36.7815],[-76.4109,36.7817],[-76.4104,36.7829],[-76.4095,36.7826],[-76.4103,36.7817]]]},"properties":{"id":"usgs-pad-us-fee-managers:93659","name":"Sunray Ceramic Center","kind":"land","category":"public-land","sourceCategory":"public-land","sourceId":"usgs-pad-us-fee-managers","sourceUrl":"https://services.arcgis.com/v01gqwM5QqNysAAi/arcgis/rest/services/Fee_Managers_PADUS/FeatureServer/0","sourceUpdated":"2022-02-17T05:00:00.000Z","publicUse":"PAD-US reports open access; verify current manager conditions and restrictions.","unit":"CITY","origin":"public-catalog"}},{"type":"Feature","id":"usgs-pad-us-fee-managers:93660","geometry":{"type":"MultiPolygon","coordinates":[[[[-76.2698,36.7131],[-76.2692,36.713],[-76.2689,36.7123],[-76.2698,36.712],[-76.2698,36.7131]]],[[[-76.2698,36.7131],[-76.2698,36.7131],[-76.2698,36.7131],[-76.2698,36.7131]]]]},"properties":{"id":"usgs-pad-us-fee-managers:93660","name":"Future Chesapeake City Park","kind":"land","category":"public-land","sourceCategory":"public-land","sourceId":"usgs-pad-us-fee-managers","sourceUrl":"https://services.arcgis.com/v01gqwM5QqNysAAi/arcgis/rest/services/Fee_Managers_PADUS/FeatureServer/0","sourceUpdated":"2022-02-17T05:00:00.000Z","publicUse":"PAD-US reports open access; verify current manager conditions and restrictions.","unit":"CITY","origin":"public-catalog"}},{"type":"Feature","id":"usgs-pad-us-fee-managers:93662","geometry":{"type":"Polygon","coordinates":[[[-76.2984,36.5507],[-76.2986,36.5507],[-76.2941,36.5688],[-76.2884,36.5681],[-76.2919,36.5593],[-76.2877,36.5505],[-76.2984,36.5507]]]},"properties":{"id":"usgs-pad-us-fee-managers:93662","name":"Gertie Tract","kind":"land","category":"public-land","sourceCategory":"public-land","sourceId":"usgs-pad-us-fee-managers","sourceUrl":"https://services.arcgis.com/v01gqwM5QqNysAAi/arcgis/rest/services/Fee_Managers_PADUS/FeatureServer/0","sourceUpdated":"2022-02-17T05:00:00.000Z","publicUse":"PAD-US reports open access; verify current manager conditions and restrictions.","unit":"CITY","origin":"public-catalog"}},{"type":"Feature","id":"usgs-pad-us-fee-managers:93663","geometry":{"type":"Polygon","coordinates":[[[-76.28,36.7539],[-76.2789,36.7539],[-76.2789,36.7535],[-76.2799,36.7533],[-76.2805,36.7534],[-76.2805,36.7544],[-76.28,36.7544],[-76.28,36.7539]]]},"properties":{"id":"usgs-pad-us-fee-managers:93663","name":"Mains Creek Park (FEMA wetlands)","kind":"land","category":"public-land","sourceCategory":"public-land","sourceId":"usgs-pad-us-fee-managers","sourceUrl":"https://services.arcgis.com/v01gqwM5QqNysAAi/arcgis/rest/services/Fee_Managers_PADUS/FeatureServer/0","sourceUpdated":"2022-02-17T05:00:00.000Z","publicUse":"PAD-US reports open access; verify current manager conditions and restrictions.","unit":"CITY","origin":"public-catalog"}},{"type":"Feature","id":"usgs-pad-us-fee-managers:93664","geometry":{"type":"Polygon","coordinates":[[[-76.2808,36.7866],[-76.2816,36.7866],[-76.2812,36.7877],[-76.2804,36.7877],[-76.2808,36.7866]]]},"properties":{"id":"usgs-pad-us-fee-managers:93664","name":"Portlock Galleries","kind":"land","category":"public-land","sourceCategory":"public-land","sourceId":"usgs-pad-us-fee-managers","sourceUrl":"https://services.arcgis.com/v01gqwM5QqNysAAi/arcgis/rest/services/Fee_Managers_PADUS/FeatureServer/0","sourceUpdated":"2022-02-17T05:00:00.000Z","publicUse":"PAD-US reports open access; verify current manager conditions and restrictions.","unit":"CITY","origin":"public-catalog"}},{"type":"Feature","id":"usgs-pad-us-fee-managers:93665","geometry":{"type":"Polygon","coordinates":[[[-76.2792,36.7861],[-76.2804,36.7861],[-76.2804,36.7865],[-76.2792,36.7865],[-76.2792,36.7861]]]},"properties":{"id":"usgs-pad-us-fee-managers:93665","name":"Portlock Senior Center","kind":"land","category":"public-land","sourceCategory":"public-land","sourceId":"usgs-pad-us-fee-managers","sourceUrl":"https://services.arcgis.com/v01gqwM5QqNysAAi/arcgis/rest/services/Fee_Managers_PADUS/FeatureServer/0","sourceUpdated":"2022-02-17T05:00:00.000Z","publicUse":"PAD-US reports open access; verify current manager conditions and restrictions.","unit":"CITY","origin":"public-catalog"}},{"type":"Feature","id":"usgs-pad-us-fee-managers:94623","geometry":{"type":"Polygon","coordinates":[[[-77.0454,38.8094],[-77.0459,38.8093],[-77.0457,38.8095],[-77.0454,38.8094]],[[-77.0455,38.8094],[-77.0455,38.8093],[-77.0454,38.8093],[-77.0455,38.8094]]]},"properties":{"id":"usgs-pad-us-fee-managers:94623","name":"Lee-Fendall House","kind":"land","category":"public-land","sourceCategory":"public-land","sourceId":"usgs-pad-us-fee-managers","sourceUrl":"https://services.arcgis.com/v01gqwM5QqNysAAi/arcgis/rest/services/Fee_Managers_PADUS/FeatureServer/0","sourceUpdated":"2018-07-27T04:00:00.000Z","publicUse":"PAD-US reports open access; verify current manager conditions and restrictions.","unit":"CITY","origin":"public-catalog"}},{"type":"Feature","id":"usgs-pad-us-fee-managers:94624","geometry":{"type":"Polygon","coordinates":[[[-77.0468,38.807],[-77.0473,38.807],[-77.0472,38.8073],[-77.0467,38.8073],[-77.0468,38.807]]]},"properties":{"id":"usgs-pad-us-fee-managers:94624","name":"Lloyd House","kind":"land","category":"public-land","sourceCategory":"public-land","sourceId":"usgs-pad-us-fee-managers","sourceUrl":"https://services.arcgis.com/v01gqwM5QqNysAAi/arcgis/rest/services/Fee_Managers_PADUS/FeatureServer/0","sourceUpdated":"2018-07-27T04:00:00.000Z","publicUse":"PAD-US reports open access; verify current manager conditions and restrictions.","unit":"CITY","origin":"public-catalog"}},{"type":"Feature","id":"usgs-pad-us-fee-managers:94625","geometry":{"type":"Polygon","coordinates":[[[-77.0387,38.8059],[-77.0389,38.8058],[-77.0399,38.806],[-77.0387,38.8059]]]},"properties":{"id":"usgs-pad-us-fee-managers:94625","name":"Thomspons Alley","kind":"land","category":"public-land","sourceCategory":"public-land","sourceId":"usgs-pad-us-fee-managers","sourceUrl":"https://services.arcgis.com/v01gqwM5QqNysAAi/arcgis/rest/services/Fee_Managers_PADUS/FeatureServer/0","sourceUpdated":"2018-07-27T04:00:00.000Z","publicUse":"PAD-US reports open access; verify current manager conditions and restrictions.","unit":"CITY","origin":"public-catalog"}},{"type":"Feature","id":"usgs-pad-us-fee-managers:94626","geometry":{"type":"Polygon","coordinates":[[[-77.0574,38.8366],[-77.0576,38.8362],[-77.0582,38.8362],[-77.0582,38.8366],[-77.0574,38.8366]]]},"properties":{"id":"usgs-pad-us-fee-managers:94626","name":"3550 Commonwealth Ave","kind":"land","category":"public-land","sourceCategory":"public-land","sourceId":"usgs-pad-us-fee-managers","sourceUrl":"https://services.arcgis.com/v01gqwM5QqNysAAi/arcgis/rest/services/Fee_Managers_PADUS/FeatureServer/0","sourceUpdated":"2018-07-27T04:00:00.000Z","publicUse":"PAD-US reports open access; verify current manager conditions and restrictions.","unit":"CITY","origin":"public-catalog"}},{"type":"Feature","id":"usgs-pad-us-fee-managers:94629","geometry":{"type":"Polygon","coordinates":[[[-77.1181,38.8132],[-77.1164,38.8129],[-77.1165,38.8126],[-77.1179,38.8127],[-77.1185,38.8131],[-77.1194,38.8132],[-77.1181,38.8132]]]},"properties":{"id":"usgs-pad-us-fee-managers:94629","name":"Beatley","kind":"land","category":"public-land","sourceCategory":"public-land","sourceId":"usgs-pad-us-fee-managers","sourceUrl":"https://services.arcgis.com/v01gqwM5QqNysAAi/arcgis/rest/services/Fee_Managers_PADUS/FeatureServer/0","sourceUpdated":"2018-07-27T04:00:00.000Z","publicUse":"PAD-US reports open access; verify current manager conditions and restrictions.","unit":"CITY","origin":"public-catalog"}},{"type":"Feature","id":"usgs-pad-us-fee-managers:94637","geometry":{"type":"Polygon","coordinates":[[[-77.0603,38.8276],[-77.061,38.8275],[-77.0606,38.8283],[-77.0604,38.8283],[-77.0603,38.8276]]]},"properties":{"id":"usgs-pad-us-fee-managers:94637","name":"Duncan Library","kind":"land","category":"public-land","sourceCategory":"public-land","sourceId":"usgs-pad-us-fee-managers","sourceUrl":"https://services.arcgis.com/v01gqwM5QqNysAAi/arcgis/rest/services/Fee_Managers_PADUS/FeatureServer/0","sourceUpdated":"2018-07-27T04:00:00.000Z","publicUse":"PAD-US reports open access; verify current manager conditions and restrictions.","unit":"CITY","origin":"public-catalog"}},{"type":"Feature","id":"usgs-pad-us-fee-managers:94646","geometry":{"type":"Polygon","coordinates":[[[-77.1271,38.8188],[-77.1252,38.8181],[-77.1219,38.816],[-77.1189,38.8148],[-77.1188,38.8149],[-77.1188,38.8147],[-77.1143,38.8128],[-77.1136,38.8118],[-77.114,38.8118],[-77.1143,38.8123],[-77.1149,38.8127],[-77.1192,38.8134],[-77.119,38.8146],[-77.1245,38.8169],[-77.1258,38.8179],[-77.1281,38.8191],[-77.1279,38.8198],[-77.1271,38.8188]]]},"properties":{"id":"usgs-pad-us-fee-managers:94646","name":"James Marx All Veterans Park","kind":"land","category":"public-land","sourceCategory":"public-land","sourceId":"usgs-pad-us-fee-managers","sourceUrl":"https://services.arcgis.com/v01gqwM5QqNysAAi/arcgis/rest/services/Fee_Managers_PADUS/FeatureServer/0","sourceUpdated":"2023-05-15T04:00:00.000Z","publicUse":"PAD-US reports open access; verify current manager conditions and restrictions.","unit":"CITY","origin":"public-catalog"}},{"type":"Feature","id":"usgs-pad-us-fee-managers:94653","geometry":{"type":"Polygon","coordinates":[[[-77.0425,38.8051],[-77.0426,38.8046],[-77.0435,38.8047],[-77.0434,38.8052],[-77.0425,38.8051]],[[-77.0434,38.805],[-77.0434,38.805],[-77.0434,38.805],[-77.0434,38.805]]]},"properties":{"id":"usgs-pad-us-fee-managers:94653","name":"Market Square","kind":"land","category":"public-land","sourceCategory":"public-land","sourceId":"usgs-pad-us-fee-managers","sourceUrl":"https://services.arcgis.com/v01gqwM5QqNysAAi/arcgis/rest/services/Fee_Managers_PADUS/FeatureServer/0","sourceUpdated":"2023-05-15T04:00:00.000Z","publicUse":"PAD-US reports open access; verify current manager conditions and restrictions.","unit":"CITY","origin":"public-catalog"}},{"type":"Feature","id":"usgs-pad-us-fee-managers:94665","geometry":{"type":"Polygon","coordinates":[[[-77.038,38.8066],[-77.0381,38.8064],[-77.0385,38.8065],[-77.0389,38.8061],[-77.0382,38.806],[-77.0389,38.8061],[-77.0385,38.8057],[-77.0386,38.8053],[-77.0383,38.8053],[-77.0383,38.805],[-77.0391,38.8052],[-77.0394,38.8049],[-77.0384,38.8047],[-77.0393,38.8048],[-77.0397,38.8043],[-77.0395,38.8054],[-77.0386,38.8052],[-77.0387,38.8059],[-77.0391,38.8059],[-77.039,38.8062],[-77.0393,38.8063],[-77.038,38.8066]]]},"properties":{"id":"usgs-pad-us-fee-managers:94665","name":"Waterfront","kind":"land","category":"public-land","sourceCategory":"public-land","sourceId":"usgs-pad-us-fee-managers","sourceUrl":"https://services.arcgis.com/v01gqwM5QqNysAAi/arcgis/rest/services/Fee_Managers_PADUS/FeatureServer/0","sourceUpdated":"2023-05-15T04:00:00.000Z","publicUse":"PAD-US reports open access; verify current manager conditions and restrictions.","unit":"CITY","origin":"public-catalog"}},{"type":"Feature","id":"usgs-pad-us-fee-managers:94670","geometry":{"type":"Polygon","coordinates":[[[-77.038,38.8135],[-77.0376,38.8134],[-77.0376,38.8122],[-77.0387,38.8123],[-77.0385,38.8134],[-77.038,38.8135]]]},"properties":{"id":"usgs-pad-us-fee-managers:94670","name":"Rivergate City Park","kind":"land","category":"public-land","sourceCategory":"public-land","sourceId":"usgs-pad-us-fee-managers","sourceUrl":"https://services.arcgis.com/v01gqwM5QqNysAAi/arcgis/rest/services/Fee_Managers_PADUS/FeatureServer/0","sourceUpdated":"2023-05-15T04:00:00.000Z","publicUse":"PAD-US reports open access; verify current manager conditions and restrictions.","unit":"CITY","origin":"public-catalog"}},{"type":"Feature","id":"usgs-pad-us-fee-managers:94671","geometry":{"type":"MultiPolygon","coordinates":[[[[-77.0645,38.799],[-77.0635,38.7984],[-77.0631,38.7977],[-77.0634,38.7977],[-77.0644,38.7988],[-77.066,38.7995],[-77.0673,38.8002],[-77.0672,38.8004],[-77.0645,38.799]]],[[[-77.1189,38.8242],[-77.1191,38.8237],[-77.1199,38.824],[-77.1194,38.8249],[-77.1184,38.8246],[-77.1189,38.8242]]]]},"properties":{"id":"usgs-pad-us-fee-managers:94671","name":"Unknown Park","kind":"land","category":"public-land","sourceCategory":"public-land","sourceId":"usgs-pad-us-fee-managers","sourceUrl":"https://services.arcgis.com/v01gqwM5QqNysAAi/arcgis/rest/services/Fee_Managers_PADUS/FeatureServer/0","sourceUpdated":"2023-05-15T04:00:00.000Z","publicUse":"PAD-US reports open access; verify current manager conditions and restrictions.","unit":"CITY","origin":"public-catalog"}},{"type":"Feature","id":"usgs-pad-us-fee-managers:94672","geometry":{"type":"Polygon","coordinates":[[[-77.0584,38.8029],[-77.0597,38.8007],[-77.06,38.7996],[-77.0603,38.7997],[-77.0604,38.8005],[-77.0597,38.803],[-77.0584,38.8029]]]},"properties":{"id":"usgs-pad-us-fee-managers:94672","name":"Alexandria African American Heritage Park","kind":"land","category":"public-land","sourceCategory":"public-land","sourceId":"usgs-pad-us-fee-managers","sourceUrl":"https://services.arcgis.com/v01gqwM5QqNysAAi/arcgis/rest/services/Fee_Managers_PADUS/FeatureServer/0","sourceUpdated":"2023-05-15T04:00:00.000Z","publicUse":"PAD-US reports open access; verify current manager conditions and restrictions.","unit":"CITY","origin":"public-catalog"}},{"type":"Feature","id":"usgs-pad-us-fee-managers:94673","geometry":{"type":"Polygon","coordinates":[[[-77.0477,38.8141],[-77.0478,38.8144],[-77.0474,38.8144],[-77.0474,38.8141],[-77.0477,38.8141]]]},"properties":{"id":"usgs-pad-us-fee-managers:94673","name":"Alfred Street Park","kind":"land","category":"public-land","sourceCategory":"public-land","sourceId":"usgs-pad-us-fee-managers","sourceUrl":"https://services.arcgis.com/v01gqwM5QqNysAAi/arcgis/rest/services/Fee_Managers_PADUS/FeatureServer/0","sourceUpdated":"2023-05-15T04:00:00.000Z","publicUse":"PAD-US reports open access; verify current manager conditions and restrictions.","unit":"CITY","origin":"public-catalog"}},{"type":"Feature","id":"usgs-pad-us-fee-managers:94674","geometry":{"type":"Polygon","coordinates":[[[-77.0679,38.813],[-77.068,38.8133],[-77.0662,38.8135],[-77.0661,38.8131],[-77.0679,38.813]]]},"properties":{"id":"usgs-pad-us-fee-managers:94674","name":"Beach Park","kind":"land","category":"public-land","sourceCategory":"public-land","sourceId":"usgs-pad-us-fee-managers","sourceUrl":"https://services.arcgis.com/v01gqwM5QqNysAAi/arcgis/rest/services/Fee_Managers_PADUS/FeatureServer/0","sourceUpdated":"2023-05-15T04:00:00.000Z","publicUse":"PAD-US reports open access; verify current manager conditions and restrictions.","unit":"CITY","origin":"public-catalog"}},{"type":"Feature","id":"usgs-pad-us-fee-managers:94675","geometry":{"type":"Polygon","coordinates":[[[-77.1133,38.8112],[-77.1119,38.8081],[-77.1103,38.8067],[-77.117,38.806],[-77.117,38.8067],[-77.1159,38.8114],[-77.1135,38.8116],[-77.1133,38.8112]]]},"properties":{"id":"usgs-pad-us-fee-managers:94675","name":"Ben Brenman Park","kind":"land","category":"public-land","sourceCategory":"public-land","sourceId":"usgs-pad-us-fee-managers","sourceUrl":"https://services.arcgis.com/v01gqwM5QqNysAAi/arcgis/rest/services/Fee_Managers_PADUS/FeatureServer/0","sourceUpdated":"2023-05-15T04:00:00.000Z","publicUse":"PAD-US reports open access; verify current manager conditions and restrictions.","unit":"CITY","origin":"public-catalog"}},{"type":"Feature","id":"usgs-pad-us-fee-managers:94676","geometry":{"type":"Polygon","coordinates":[[[-77.0715,38.8378],[-77.071,38.8375],[-77.0716,38.8378],[-77.0721,38.8376],[-77.0727,38.8377],[-77.0728,38.8382],[-77.0717,38.8384],[-77.0715,38.8378]]]},"properties":{"id":"usgs-pad-us-fee-managers:94676","name":"Beverly Park","kind":"land","category":"public-land","sourceCategory":"public-land","sourceId":"usgs-pad-us-fee-managers","sourceUrl":"https://services.arcgis.com/v01gqwM5QqNysAAi/arcgis/rest/services/Fee_Managers_PADUS/FeatureServer/0","sourceUpdated":"2023-05-15T04:00:00.000Z","publicUse":"PAD-US reports open access; verify current manager conditions and restrictions.","unit":"CITY","origin":"public-catalog"}},{"type":"Feature","id":"usgs-pad-us-fee-managers:94677","geometry":{"type":"Polygon","coordinates":[[[-77.051,38.8115],[-77.0511,38.8118],[-77.0502,38.8117],[-77.0502,38.8114],[-77.051,38.8115]]]},"properties":{"id":"usgs-pad-us-fee-managers:94677","name":"Broddock Neighborhood Interim Open Space","kind":"land","category":"public-land","sourceCategory":"public-land","sourceId":"usgs-pad-us-fee-managers","sourceUrl":"https://services.arcgis.com/v01gqwM5QqNysAAi/arcgis/rest/services/Fee_Managers_PADUS/FeatureServer/0","sourceUpdated":"2023-05-15T04:00:00.000Z","publicUse":"PAD-US reports open access; verify current manager conditions and restrictions.","unit":"CITY","origin":"public-catalog"}},{"type":"Feature","id":"usgs-pad-us-fee-managers:94678","geometry":{"type":"Polygon","coordinates":[[[-77.0557,38.8272],[-77.0565,38.8271],[-77.0565,38.8274],[-77.0557,38.8272]]]},"properties":{"id":"usgs-pad-us-fee-managers:94678","name":"Charles W. Hill Park","kind":"land","category":"public-land","sourceCategory":"public-land","sourceId":"usgs-pad-us-fee-managers","sourceUrl":"https://services.arcgis.com/v01gqwM5QqNysAAi/arcgis/rest/services/Fee_Managers_PADUS/FeatureServer/0","sourceUpdated":"2023-05-15T04:00:00.000Z","publicUse":"PAD-US reports open access; verify current manager conditions and restrictions.","unit":"CITY","origin":"public-catalog"}},{"type":"Feature","id":"usgs-pad-us-fee-managers:94679","geometry":{"type":"Polygon","coordinates":[[[-77.0822,38.8233],[-77.0802,38.8218],[-77.0806,38.8199],[-77.0847,38.8207],[-77.0845,38.8224],[-77.0839,38.8224],[-77.0841,38.8231],[-77.0839,38.8237],[-77.0835,38.8241],[-77.0822,38.8233]],[[-77.0833,38.8234],[-77.0837,38.8232],[-77.0832,38.8229],[-77.083,38.8233],[-77.0833,38.8234]]]},"properties":{"id":"usgs-pad-us-fee-managers:94679","name":"Chinquapin Park","kind":"land","category":"public-land","sourceCategory":"public-land","sourceId":"usgs-pad-us-fee-managers","sourceUrl":"https://services.arcgis.com/v01gqwM5QqNysAAi/arcgis/rest/services/Fee_Managers_PADUS/FeatureServer/0","sourceUpdated":"2023-05-15T04:00:00.000Z","publicUse":"PAD-US reports open access; verify current manager conditions and restrictions.","unit":"CITY","origin":"public-catalog"}},{"type":"Feature","id":"usgs-pad-us-fee-managers:94680","geometry":{"type":"Polygon","coordinates":[[[-77.0594,38.8297],[-77.059,38.8276],[-77.0602,38.8276],[-77.06,38.8277],[-77.0602,38.8277],[-77.0603,38.8283],[-77.0601,38.8278],[-77.0595,38.8278],[-77.0595,38.8281],[-77.0592,38.8282],[-77.0593,38.8287],[-77.0597,38.8286],[-77.0597,38.8288],[-77.0603,38.8286],[-77.0602,38.8284],[-77.0605,38.8284],[-77.0596,38.8306],[-77.0594,38.8297]],[[-77.0595,38.8297],[-77.0597,38.8297],[-77.0597,38.8296],[-77.0595,38.8297]]]},"properties":{"id":"usgs-pad-us-fee-managers:94680","name":"Colesanto Park","kind":"land","category":"public-land","sourceCategory":"public-land","sourceId":"usgs-pad-us-fee-managers","sourceUrl":"https://services.arcgis.com/v01gqwM5QqNysAAi/arcgis/rest/services/Fee_Managers_PADUS/FeatureServer/0","sourceUpdated":"2023-05-15T04:00:00.000Z","publicUse":"PAD-US reports open access; verify current manager conditions and restrictions.","unit":"CITY","origin":"public-catalog"}},{"type":"Feature","id":"usgs-pad-us-fee-managers:94681","geometry":{"type":"Polygon","coordinates":[[[-77.062,38.8255],[-77.0618,38.8258],[-77.0614,38.8258],[-77.0614,38.8255],[-77.062,38.8255]]]},"properties":{"id":"usgs-pad-us-fee-managers:94681","name":"Del Ray Avenue Park","kind":"land","category":"public-land","sourceCategory":"public-land","sourceId":"usgs-pad-us-fee-managers","sourceUrl":"https://services.arcgis.com/v01gqwM5QqNysAAi/arcgis/rest/services/Fee_Managers_PADUS/FeatureServer/0","sourceUpdated":"2023-05-15T04:00:00.000Z","publicUse":"PAD-US reports open access; verify current manager conditions and restrictions.","unit":"CITY","origin":"public-catalog"}},{"type":"Feature","id":"usgs-pad-us-fee-managers:94682","geometry":{"type":"Polygon","coordinates":[[[-77.0502,38.8222],[-77.0501,38.8216],[-77.0503,38.8212],[-77.0539,38.821],[-77.0541,38.8226],[-77.0523,38.8228],[-77.0522,38.8225],[-77.0517,38.8225],[-77.0513,38.8227],[-77.0508,38.8238],[-77.0504,38.8238],[-77.0502,38.8222]]]},"properties":{"id":"usgs-pad-us-fee-managers:94682","name":"Eugene Simpson Stadium Park","kind":"land","category":"public-land","sourceCategory":"public-land","sourceId":"usgs-pad-us-fee-managers","sourceUrl":"https://services.arcgis.com/v01gqwM5QqNysAAi/arcgis/rest/services/Fee_Managers_PADUS/FeatureServer/0","sourceUpdated":"2023-05-15T04:00:00.000Z","publicUse":"PAD-US reports open access; verify current manager conditions and restrictions.","unit":"CITY","origin":"public-catalog"}},{"type":"Feature","id":"usgs-pad-us-fee-managers:94683","geometry":{"type":"Polygon","coordinates":[[[-77.1075,38.8119],[-77.1076,38.8111],[-77.1088,38.811],[-77.1088,38.8113],[-77.1093,38.8113],[-77.1093,38.812],[-77.1075,38.8121],[-77.1075,38.8119]],[[-77.1088,38.8116],[-77.1086,38.8116],[-77.1087,38.8117],[-77.1088,38.8116]]]},"properties":{"id":"usgs-pad-us-fee-managers:94683","name":"Ewald Park","kind":"land","category":"public-land","sourceCategory":"public-land","sourceId":"usgs-pad-us-fee-managers","sourceUrl":"https://services.arcgis.com/v01gqwM5QqNysAAi/arcgis/rest/services/Fee_Managers_PADUS/FeatureServer/0","sourceUpdated":"2023-05-15T04:00:00.000Z","publicUse":"PAD-US reports open access; verify current manager conditions and restrictions.","unit":"CITY","origin":"public-catalog"}},{"type":"Feature","id":"usgs-pad-us-fee-managers:94684","geometry":{"type":"Polygon","coordinates":[[[-77.0385,38.8086],[-77.0383,38.8086],[-77.0384,38.8081],[-77.0388,38.8067],[-77.0392,38.8063],[-77.0397,38.8064],[-77.0392,38.8087],[-77.0385,38.8086]]]},"properties":{"id":"usgs-pad-us-fee-managers:94684","name":"Founders Park","kind":"land","category":"public-land","sourceCategory":"public-land","sourceId":"usgs-pad-us-fee-managers","sourceUrl":"https://services.arcgis.com/v01gqwM5QqNysAAi/arcgis/rest/services/Fee_Managers_PADUS/FeatureServer/0","sourceUpdated":"2023-05-15T04:00:00.000Z","publicUse":"PAD-US reports open access; verify current manager conditions and restrictions.","unit":"CITY","origin":"public-catalog"}},{"type":"Feature","id":"usgs-pad-us-fee-managers:94685","geometry":{"type":"Polygon","coordinates":[[[-77.061,38.8429],[-77.0558,38.8406],[-77.0547,38.8404],[-77.0525,38.8404],[-77.0525,38.8401],[-77.0542,38.84],[-77.0556,38.8402],[-77.0566,38.8379],[-77.0557,38.8401],[-77.0558,38.8402],[-77.0563,38.8392],[-77.0566,38.8393],[-77.0573,38.8383],[-77.0584,38.8385],[-77.0584,38.8383],[-77.0608,38.8381],[-77.0609,38.8382],[-77.0597,38.8386],[-77.0595,38.8392],[-77.0603,38.8404],[-77.0613,38.8408],[-77.0614,38.8406],[-77.0619,38.8415],[-77.0615,38.8416],[-77.0613,38.842],[-77.0618,38.8427],[-77.0639,38.843],[-77.0645,38.8444],[-77.0631,38.8444],[-77.061,38.8429]],[[-77.0638,38.8432],[-77.0635,38.8432],[-77.0636,38.8433],[-77.0638,38.8432]]]},"properties":{"id":"usgs-pad-us-fee-managers:94685","name":"Four Mile Run Park","kind":"land","category":"public-land","sourceCategory":"public-land","sourceId":"usgs-pad-us-fee-managers","sourceUrl":"https://services.arcgis.com/v01gqwM5QqNysAAi/arcgis/rest/services/Fee_Managers_PADUS/FeatureServer/0","sourceUpdated":"2023-05-15T04:00:00.000Z","publicUse":"PAD-US reports open access; verify current manager conditions and restrictions.","unit":"CITY","origin":"public-catalog"}},{"type":"Feature","id":"usgs-pad-us-fee-managers:94686","geometry":{"type":"MultiPolygon","coordinates":[[[[-77.061,38.8126],[-77.0604,38.8115],[-77.0594,38.8108],[-77.0592,38.8097],[-77.0588,38.8098],[-77.0596,38.8093],[-77.0598,38.8084],[-77.0595,38.8083],[-77.0601,38.8076],[-77.0603,38.8086],[-77.0599,38.8087],[-77.0602,38.8096],[-77.0597,38.8097],[-77.0596,38.8107],[-77.0616,38.8125],[-77.0617,38.8128],[-77.061,38.8128],[-77.061,38.8126]]],[[[-77.0618,38.8129],[-77.062,38.8135],[-77.0616,38.8136],[-77.0616,38.8129],[-77.0618,38.8129]]]]},"properties":{"id":"usgs-pad-us-fee-managers:94686","name":"Hooff'S Run Park And Greenway","kind":"land","category":"public-land","sourceCategory":"public-land","sourceId":"usgs-pad-us-fee-managers","sourceUrl":"https://services.arcgis.com/v01gqwM5QqNysAAi/arcgis/rest/services/Fee_Managers_PADUS/FeatureServer/0","sourceUpdated":"2023-05-15T04:00:00.000Z","publicUse":"PAD-US reports open access; verify current manager conditions and restrictions.","unit":"CITY","origin":"public-catalog"}},{"type":"Feature","id":"usgs-pad-us-fee-managers:94687","geometry":{"type":"Polygon","coordinates":[[[-77.1071,38.838],[-77.1072,38.8377],[-77.1088,38.8374],[-77.1087,38.8382],[-77.1084,38.8382],[-77.1084,38.8385],[-77.1069,38.8388],[-77.1071,38.838]]]},"properties":{"id":"usgs-pad-us-fee-managers:94687","name":"James Mulligan Park","kind":"land","category":"public-land","sourceCategory":"public-land","sourceId":"usgs-pad-us-fee-managers","sourceUrl":"https://services.arcgis.com/v01gqwM5QqNysAAi/arcgis/rest/services/Fee_Managers_PADUS/FeatureServer/0","sourceUpdated":"2023-05-15T04:00:00.000Z","publicUse":"PAD-US reports open access; verify current manager conditions and restrictions.","unit":"CITY","origin":"public-catalog"}},{"type":"Feature","id":"usgs-pad-us-fee-managers:94688","geometry":{"type":"MultiPolygon","coordinates":[[[[-77.0416,38.7986],[-77.0426,38.7988],[-77.0424,38.7999],[-77.0418,38.8],[-77.0411,38.8004],[-77.0416,38.7986]]],[[[-77.0395,38.8009],[-77.0396,38.7993],[-77.0407,38.7995],[-77.0409,38.7994],[-77.041,38.7988],[-77.0404,38.7986],[-77.0406,38.7981],[-77.0403,38.7979],[-77.0415,38.798],[-77.0412,38.7998],[-77.0398,38.7996],[-77.04,38.8006],[-77.0395,38.8009]]]]},"properties":{"id":"usgs-pad-us-fee-managers:94688","name":"Marina Park","kind":"land","category":"public-land","sourceCategory":"public-land","sourceId":"usgs-pad-us-fee-managers","sourceUrl":"https://services.arcgis.com/v01gqwM5QqNysAAi/arcgis/rest/services/Fee_Managers_PADUS/FeatureServer/0","sourceUpdated":"2023-05-15T04:00:00.000Z","publicUse":"PAD-US reports open access; verify current manager conditions and restrictions.","unit":"CITY","origin":"public-catalog"}},{"type":"Feature","id":"usgs-pad-us-fee-managers:94689","geometry":{"type":"Polygon","coordinates":[[[-77.0622,38.821],[-77.0621,38.8202],[-77.0623,38.8202],[-77.0624,38.821],[-77.0622,38.821]]]},"properties":{"id":"usgs-pad-us-fee-managers:94689","name":"Mason Avenue Park","kind":"land","category":"public-land","sourceCategory":"public-land","sourceId":"usgs-pad-us-fee-managers","sourceUrl":"https://services.arcgis.com/v01gqwM5QqNysAAi/arcgis/rest/services/Fee_Managers_PADUS/FeatureServer/0","sourceUpdated":"2023-05-15T04:00:00.000Z","publicUse":"PAD-US reports open access; verify current manager conditions and restrictions.","unit":"CITY","origin":"public-catalog"}},{"type":"Feature","id":"usgs-pad-us-fee-managers:94690","geometry":{"type":"Polygon","coordinates":[[[-77.0566,38.8315],[-77.0558,38.8311],[-77.0555,38.8305],[-77.0506,38.8265],[-77.0506,38.8261],[-77.0588,38.8329],[-77.0587,38.8332],[-77.0566,38.8315]]]},"properties":{"id":"usgs-pad-us-fee-managers:94690","name":"Mount Jefferson Park","kind":"land","category":"public-land","sourceCategory":"public-land","sourceId":"usgs-pad-us-fee-managers","sourceUrl":"https://services.arcgis.com/v01gqwM5QqNysAAi/arcgis/rest/services/Fee_Managers_PADUS/FeatureServer/0","sourceUpdated":"2023-05-15T04:00:00.000Z","publicUse":"PAD-US reports open access; verify current manager conditions and restrictions.","unit":"CITY","origin":"public-catalog"}},{"type":"Feature","id":"usgs-pad-us-fee-managers:94691","geometry":{"type":"MultiPolygon","coordinates":[[[[-77.0547,38.8139],[-77.0537,38.8163],[-77.0531,38.8164],[-77.0537,38.8155],[-77.054,38.8154],[-77.0539,38.8151],[-77.0547,38.8139]]],[[[-77.0499,38.8209],[-77.0503,38.8211],[-77.0496,38.8221],[-77.0497,38.8224],[-77.049,38.8226],[-77.049,38.8221],[-77.0499,38.8209]]],[[[-77.0474,38.8242],[-77.0482,38.8227],[-77.0551,38.8133],[-77.0488,38.822],[-77.0487,38.8227],[-77.0483,38.823],[-77.0476,38.8247],[-77.0474,38.8265],[-77.0479,38.8296],[-77.0476,38.8329],[-77.0482,38.834],[-77.0472,38.8341],[-77.047,38.8364],[-77.0474,38.8381],[-77.0485,38.8401],[-77.0473,38.8379],[-77.0469,38.8364],[-77.0473,38.8322],[-77.0471,38.8264],[-77.0474,38.8242]]],[[[-77.0478,38.8239],[-77.0476,38.8238],[-77.0476,38.824],[-77.0478,38.8239]]]]},"properties":{"id":"usgs-pad-us-fee-managers:94691","name":"Potomac Yard Park","kind":"land","category":"public-land","sourceCategory":"public-land","sourceId":"usgs-pad-us-fee-managers","sourceUrl":"https://services.arcgis.com/v01gqwM5QqNysAAi/arcgis/rest/services/Fee_Managers_PADUS/FeatureServer/0","sourceUpdated":"2023-05-15T04:00:00.000Z","publicUse":"PAD-US reports open access; verify current manager conditions and restrictions.","unit":"CITY","origin":"public-catalog"}},{"type":"Feature","id":"usgs-pad-us-fee-managers:94692","geometry":{"type":"Polygon","coordinates":[[[-77.052,38.8363],[-77.0523,38.8363],[-77.0522,38.8366],[-77.0519,38.8367],[-77.052,38.8363]]]},"properties":{"id":"usgs-pad-us-fee-managers:94692","name":"Ruby Tucker Park","kind":"land","category":"public-land","sourceCategory":"public-land","sourceId":"usgs-pad-us-fee-managers","sourceUrl":"https://services.arcgis.com/v01gqwM5QqNysAAi/arcgis/rest/services/Fee_Managers_PADUS/FeatureServer/0","sourceUpdated":"2023-05-15T04:00:00.000Z","publicUse":"PAD-US reports open access; verify current manager conditions and restrictions.","unit":"CITY","origin":"public-catalog"}},{"type":"Feature","id":"usgs-pad-us-fee-managers:94693","geometry":{"type":"Polygon","coordinates":[[[-77.0574,38.8273],[-77.0573,38.827],[-77.0576,38.8276],[-77.057,38.8275],[-77.0574,38.8273]]]},"properties":{"id":"usgs-pad-us-fee-managers:94693","name":"St. Asaph Park","kind":"land","category":"public-land","sourceCategory":"public-land","sourceId":"usgs-pad-us-fee-managers","sourceUrl":"https://services.arcgis.com/v01gqwM5QqNysAAi/arcgis/rest/services/Fee_Managers_PADUS/FeatureServer/0","sourceUpdated":"2023-05-15T04:00:00.000Z","publicUse":"PAD-US reports open access; verify current manager conditions and restrictions.","unit":"CITY","origin":"public-catalog"}},{"type":"Feature","id":"usgs-pad-us-fee-managers:94694","geometry":{"type":"Polygon","coordinates":[[[-77.1409,38.8122],[-77.141,38.8107],[-77.1437,38.8108],[-77.1436,38.8117],[-77.1423,38.8117],[-77.1423,38.8124],[-77.1409,38.8122]]]},"properties":{"id":"usgs-pad-us-fee-managers:94694","name":"Stevensen Square Recreation Center","kind":"land","category":"public-land","sourceCategory":"public-land","sourceId":"usgs-pad-us-fee-managers","sourceUrl":"https://services.arcgis.com/v01gqwM5QqNysAAi/arcgis/rest/services/Fee_Managers_PADUS/FeatureServer/0","sourceUpdated":"2023-05-15T04:00:00.000Z","publicUse":"PAD-US reports open access; verify current manager conditions and restrictions.","unit":"CITY","origin":"public-catalog"}},{"type":"Feature","id":"usgs-pad-us-fee-managers:94695","geometry":{"type":"MultiPolygon","coordinates":[[[[-77.0398,38.8082],[-77.0398,38.8081],[-77.0399,38.8082],[-77.0398,38.8082]]],[[[-77.0529,38.811],[-77.0531,38.811],[-77.053,38.8112],[-77.0529,38.811]]],[[[-77.0526,38.8124],[-77.0527,38.812],[-77.0529,38.812],[-77.0528,38.8124],[-77.0526,38.8124]]]]},"properties":{"id":"usgs-pad-us-fee-managers:94695","name":"Unknown Park","kind":"land","category":"public-land","sourceCategory":"public-land","sourceId":"usgs-pad-us-fee-managers","sourceUrl":"https://services.arcgis.com/v01gqwM5QqNysAAi/arcgis/rest/services/Fee_Managers_PADUS/FeatureServer/0","sourceUpdated":"2021-04-21T04:00:00.000Z","publicUse":"PAD-US reports open access; verify current manager conditions and restrictions.","unit":"CITY","origin":"public-catalog"}},{"type":"Feature","id":"usgs-pad-us-fee-managers:94696","geometry":{"type":"Polygon","coordinates":[[[-77.0389,38.8037],[-77.0391,38.803],[-77.0399,38.8031],[-77.0398,38.8038],[-77.0389,38.8037]]]},"properties":{"id":"usgs-pad-us-fee-managers:94696","name":"Waterfront Park","kind":"land","category":"public-land","sourceCategory":"public-land","sourceId":"usgs-pad-us-fee-managers","sourceUrl":"https://services.arcgis.com/v01gqwM5QqNysAAi/arcgis/rest/services/Fee_Managers_PADUS/FeatureServer/0","sourceUpdated":"2023-05-15T04:00:00.000Z","publicUse":"PAD-US reports open access; verify current manager conditions and restrictions.","unit":"CITY","origin":"public-catalog"}},{"type":"Feature","id":"usgs-pad-us-fee-managers:94697","geometry":{"type":"Polygon","coordinates":[[[-77.074,38.8058],[-77.0744,38.8051],[-77.0798,38.8054],[-77.0797,38.8063],[-77.074,38.8058]]]},"properties":{"id":"usgs-pad-us-fee-managers:94697","name":"Witter Recreation Fields","kind":"land","category":"public-land","sourceCategory":"public-land","sourceId":"usgs-pad-us-fee-managers","sourceUrl":"https://services.arcgis.com/v01gqwM5QqNysAAi/arcgis/rest/services/Fee_Managers_PADUS/FeatureServer/0","sourceUpdated":"2023-05-15T04:00:00.000Z","publicUse":"PAD-US reports open access; verify current manager conditions and restrictions.","unit":"CITY","origin":"public-catalog"}},{"type":"Feature","id":"usgs-pad-us-fee-managers:94698","geometry":{"type":"Polygon","coordinates":[[[-77.0376,38.8122],[-77.0379,38.8113],[-77.038,38.8117],[-77.0384,38.8119],[-77.039,38.8116],[-77.0395,38.8103],[-77.039,38.8099],[-77.0403,38.8101],[-77.0399,38.8122],[-77.038,38.8122],[-77.0381,38.812],[-77.0378,38.8119],[-77.0376,38.8122]],[[-77.0381,38.8119],[-77.0388,38.8119],[-77.038,38.8117],[-77.0381,38.8119]]]},"properties":{"id":"usgs-pad-us-fee-managers:94698","name":"Oronoco Bay Park","kind":"land","category":"public-land","sourceCategory":"public-land","sourceId":"usgs-pad-us-fee-managers","sourceUrl":"https://services.arcgis.com/v01gqwM5QqNysAAi/arcgis/rest/services/Fee_Managers_PADUS/FeatureServer/0","sourceUpdated":"2023-05-15T04:00:00.000Z","publicUse":"PAD-US reports open access; verify current manager conditions and restrictions.","unit":"UNKL","origin":"public-catalog"}},{"type":"Feature","id":"usgs-pad-us-fee-managers:94699","geometry":{"type":"Polygon","coordinates":[[[-77.0434,38.8031],[-77.0435,38.8029],[-77.0439,38.803],[-77.0438,38.8032],[-77.0434,38.8031]]]},"properties":{"id":"usgs-pad-us-fee-managers:94699","name":"Armory Tot Lot","kind":"land","category":"public-land","sourceCategory":"public-land","sourceId":"usgs-pad-us-fee-managers","sourceUrl":"https://services.arcgis.com/v01gqwM5QqNysAAi/arcgis/rest/services/Fee_Managers_PADUS/FeatureServer/0","sourceUpdated":"2018-07-27T04:00:00.000Z","publicUse":"PAD-US reports open access; verify current manager conditions and restrictions.","unit":"CITY","origin":"public-catalog"}},{"type":"Feature","id":"usgs-pad-us-fee-managers:94700","geometry":{"type":"Polygon","coordinates":[[[-77.0391,38.8028],[-77.0391,38.8027],[-77.0398,38.8028],[-77.0391,38.8028]]]},"properties":{"id":"usgs-pad-us-fee-managers:94700","name":"Beachcomber","kind":"land","category":"public-land","sourceCategory":"public-land","sourceId":"usgs-pad-us-fee-managers","sourceUrl":"https://services.arcgis.com/v01gqwM5QqNysAAi/arcgis/rest/services/Fee_Managers_PADUS/FeatureServer/0","sourceUpdated":"2018-07-27T04:00:00.000Z","publicUse":"PAD-US reports open access; verify current manager conditions and restrictions.","unit":"CITY","origin":"public-catalog"}},{"type":"Feature","id":"usgs-pad-us-fee-managers:94701","geometry":{"type":"Polygon","coordinates":[[[-77.0394,38.8044],[-77.0391,38.8044],[-77.0392,38.804],[-77.0389,38.8039],[-77.0389,38.8037],[-77.0398,38.8038],[-77.0397,38.8045],[-77.0394,38.8044]]]},"properties":{"id":"usgs-pad-us-fee-managers:94701","name":"King Street Park at the Waterfront","kind":"land","category":"public-land","sourceCategory":"public-land","sourceId":"usgs-pad-us-fee-managers","sourceUrl":"https://services.arcgis.com/v01gqwM5QqNysAAi/arcgis/rest/services/Fee_Managers_PADUS/FeatureServer/0","sourceUpdated":"2018-07-27T04:00:00.000Z","publicUse":"PAD-US reports open access; verify current manager conditions and restrictions.","unit":"CITY","origin":"public-catalog"}},{"type":"Feature","id":"usgs-pad-us-fee-managers:94702","geometry":{"type":"Polygon","coordinates":[[[-77.0565,38.8087],[-77.0567,38.8076],[-77.0576,38.8077],[-77.0575,38.8079],[-77.0578,38.808],[-77.0573,38.8088],[-77.0565,38.8087]]]},"properties":{"id":"usgs-pad-us-fee-managers:94702","name":"Old Town Pool","kind":"land","category":"public-land","sourceCategory":"public-land","sourceId":"usgs-pad-us-fee-managers","sourceUrl":"https://services.arcgis.com/v01gqwM5QqNysAAi/arcgis/rest/services/Fee_Managers_PADUS/FeatureServer/0","sourceUpdated":"2018-07-27T04:00:00.000Z","publicUse":"PAD-US reports open access; verify current manager conditions and restrictions.","unit":"CITY","origin":"public-catalog"}},{"type":"Feature","id":"usgs-pad-us-fee-managers:94703","geometry":{"type":"Polygon","coordinates":[[[-77.097,38.8085],[-77.0971,38.8087],[-77.0964,38.8089],[-77.0963,38.8086],[-77.097,38.8085]]]},"properties":{"id":"usgs-pad-us-fee-managers:94703","name":"48 South Early Street","kind":"land","category":"public-land","sourceCategory":"public-land","sourceId":"usgs-pad-us-fee-managers","sourceUrl":"https://services.arcgis.com/v01gqwM5QqNysAAi/arcgis/rest/services/Fee_Managers_PADUS/FeatureServer/0","sourceUpdated":"2018-07-27T04:00:00.000Z","publicUse":"PAD-US reports open access; verify current manager conditions and restrictions.","unit":"CITY","origin":"public-catalog"}},{"type":"Feature","id":"usgs-pad-us-fee-managers:94704","geometry":{"type":"Polygon","coordinates":[[[-77.0506,38.8239],[-77.0508,38.8242],[-77.0505,38.8242],[-77.0506,38.8239]]]},"properties":{"id":"usgs-pad-us-fee-managers:94704","name":"518 E. Bellefonte Street","kind":"land","category":"public-land","sourceCategory":"public-land","sourceId":"usgs-pad-us-fee-managers","sourceUrl":"https://services.arcgis.com/v01gqwM5QqNysAAi/arcgis/rest/services/Fee_Managers_PADUS/FeatureServer/0","sourceUpdated":"2018-07-27T04:00:00.000Z","publicUse":"PAD-US reports open access; verify current manager conditions and restrictions.","unit":"CITY","origin":"public-catalog"}},{"type":"Feature","id":"usgs-pad-us-fee-managers:94705","geometry":{"type":"Polygon","coordinates":[[[-77.0607,38.7974],[-77.0609,38.7966],[-77.0615,38.7968],[-77.0626,38.7972],[-77.0627,38.798],[-77.0607,38.7974]]]},"properties":{"id":"usgs-pad-us-fee-managers:94705","name":"AlexRenew Field","kind":"land","category":"public-land","sourceCategory":"public-land","sourceId":"usgs-pad-us-fee-managers","sourceUrl":"https://services.arcgis.com/v01gqwM5QqNysAAi/arcgis/rest/services/Fee_Managers_PADUS/FeatureServer/0","sourceUpdated":"2018-07-27T04:00:00.000Z","publicUse":"PAD-US reports open access; verify current manager conditions and restrictions.","unit":"CITY","origin":"public-catalog"}},{"type":"Feature","id":"usgs-pad-us-fee-managers:94706","geometry":{"type":"Polygon","coordinates":[[[-77.0544,38.8147],[-77.0549,38.8137],[-77.0554,38.8134],[-77.0563,38.8139],[-77.0564,38.8147],[-77.0544,38.8149],[-77.0544,38.8147]]]},"properties":{"id":"usgs-pad-us-fee-managers:94706","name":"Braddock Field","kind":"land","category":"public-land","sourceCategory":"public-land","sourceId":"usgs-pad-us-fee-managers","sourceUrl":"https://services.arcgis.com/v01gqwM5QqNysAAi/arcgis/rest/services/Fee_Managers_PADUS/FeatureServer/0","sourceUpdated":"2018-07-27T04:00:00.000Z","publicUse":"PAD-US reports open access; verify current manager conditions and restrictions.","unit":"CITY","origin":"public-catalog"}},{"type":"Feature","id":"usgs-pad-us-fee-managers:94707","geometry":{"type":"Polygon","coordinates":[[[-77.0563,38.808],[-77.0566,38.8081],[-77.0565,38.8087],[-77.056,38.8087],[-77.0561,38.808],[-77.0563,38.808]]]},"properties":{"id":"usgs-pad-us-fee-managers:94707","name":"Buchanan Park","kind":"land","category":"public-land","sourceCategory":"public-land","sourceId":"usgs-pad-us-fee-managers","sourceUrl":"https://services.arcgis.com/v01gqwM5QqNysAAi/arcgis/rest/services/Fee_Managers_PADUS/FeatureServer/0","sourceUpdated":"2018-07-27T04:00:00.000Z","publicUse":"PAD-US reports open access; verify current manager conditions and restrictions.","unit":"CITY","origin":"public-catalog"}},{"type":"Feature","id":"usgs-pad-us-fee-managers:94708","geometry":{"type":"Polygon","coordinates":[[[-77.0478,38.8123],[-77.0487,38.8124],[-77.0485,38.8133],[-77.0476,38.8132],[-77.0478,38.8123]]]},"properties":{"id":"usgs-pad-us-fee-managers:94708","name":"Charles Houston Rec Center","kind":"land","category":"public-land","sourceCategory":"public-land","sourceId":"usgs-pad-us-fee-managers","sourceUrl":"https://services.arcgis.com/v01gqwM5QqNysAAi/arcgis/rest/services/Fee_Managers_PADUS/FeatureServer/0","sourceUpdated":"2018-07-27T04:00:00.000Z","publicUse":"PAD-US reports open access; verify current manager conditions and restrictions.","unit":"CITY","origin":"public-catalog"}},{"type":"Feature","id":"usgs-pad-us-fee-managers:94709","geometry":{"type":"Polygon","coordinates":[[[-77.0504,38.8244],[-77.0503,38.8239],[-77.0506,38.8239],[-77.0506,38.8245],[-77.0504,38.8244]]]},"properties":{"id":"usgs-pad-us-fee-managers:94709","name":"Dorn","kind":"land","category":"public-land","sourceCategory":"public-land","sourceId":"usgs-pad-us-fee-managers","sourceUrl":"https://services.arcgis.com/v01gqwM5QqNysAAi/arcgis/rest/services/Fee_Managers_PADUS/FeatureServer/0","sourceUpdated":"2018-07-27T04:00:00.000Z","publicUse":"PAD-US reports open access; verify current manager conditions and restrictions.","unit":"CITY","origin":"public-catalog"}},{"type":"Feature","id":"usgs-pad-us-fee-managers:94710","geometry":{"type":"Polygon","coordinates":[[[-77.0644,38.8337],[-77.0641,38.8338],[-77.0647,38.8336],[-77.0647,38.8339],[-77.0644,38.8337]]]},"properties":{"id":"usgs-pad-us-fee-managers:94710","name":"Gentry Park","kind":"land","category":"public-land","sourceCategory":"public-land","sourceId":"usgs-pad-us-fee-managers","sourceUrl":"https://services.arcgis.com/v01gqwM5QqNysAAi/arcgis/rest/services/Fee_Managers_PADUS/FeatureServer/0","sourceUpdated":"2018-07-27T04:00:00.000Z","publicUse":"PAD-US reports open access; verify current manager conditions and restrictions.","unit":"CITY","origin":"public-catalog"}},{"type":"Feature","id":"usgs-pad-us-fee-managers:94711","geometry":{"type":"Polygon","coordinates":[[[-77.0639,38.8366],[-77.0641,38.8368],[-77.0639,38.8372],[-77.0637,38.8371],[-77.0639,38.8366]]]},"properties":{"id":"usgs-pad-us-fee-managers:94711","name":"Hillside Park","kind":"land","category":"public-land","sourceCategory":"public-land","sourceId":"usgs-pad-us-fee-managers","sourceUrl":"https://services.arcgis.com/v01gqwM5QqNysAAi/arcgis/rest/services/Fee_Managers_PADUS/FeatureServer/0","sourceUpdated":"2018-07-27T04:00:00.000Z","publicUse":"PAD-US reports open access; verify current manager conditions and restrictions.","unit":"CITY","origin":"public-catalog"}},{"type":"Feature","id":"usgs-pad-us-fee-managers:94712","geometry":{"type":"Polygon","coordinates":[[[-77.0788,38.8143],[-77.0792,38.8143],[-77.079,38.8147],[-77.0786,38.8144],[-77.0788,38.8143]]]},"properties":{"id":"usgs-pad-us-fee-managers:94712","name":"Janney's Lane and Francis Hammond","kind":"land","category":"public-land","sourceCategory":"public-land","sourceId":"usgs-pad-us-fee-managers","sourceUrl":"https://services.arcgis.com/v01gqwM5QqNysAAi/arcgis/rest/services/Fee_Managers_PADUS/FeatureServer/0","sourceUpdated":"2018-07-27T04:00:00.000Z","publicUse":"PAD-US reports open access; verify current manager conditions and restrictions.","unit":"CITY","origin":"public-catalog"}},{"type":"Feature","id":"usgs-pad-us-fee-managers:94713","geometry":{"type":"Polygon","coordinates":[[[-77.054,38.8269],[-77.0536,38.8267],[-77.0545,38.8269],[-77.054,38.8269]]]},"properties":{"id":"usgs-pad-us-fee-managers:94713","name":"Mt. Ida Greenway","kind":"land","category":"public-land","sourceCategory":"public-land","sourceId":"usgs-pad-us-fee-managers","sourceUrl":"https://services.arcgis.com/v01gqwM5QqNysAAi/arcgis/rest/services/Fee_Managers_PADUS/FeatureServer/0","sourceUpdated":"2018-07-27T04:00:00.000Z","publicUse":"PAD-US reports open access; verify current manager conditions and restrictions.","unit":"CITY","origin":"public-catalog"}},{"type":"Feature","id":"usgs-pad-us-fee-managers:94714","geometry":{"type":"Polygon","coordinates":[[[-77.0599,38.8297],[-77.0594,38.8296],[-77.059,38.8276],[-77.0603,38.8276],[-77.0604,38.8283],[-77.0606,38.8283],[-77.0599,38.8297]]]},"properties":{"id":"usgs-pad-us-fee-managers:94714","name":"Mt. Vernon Rec Center","kind":"land","category":"public-land","sourceCategory":"public-land","sourceId":"usgs-pad-us-fee-managers","sourceUrl":"https://services.arcgis.com/v01gqwM5QqNysAAi/arcgis/rest/services/Fee_Managers_PADUS/FeatureServer/0","sourceUpdated":"2018-07-27T04:00:00.000Z","publicUse":"PAD-US reports open access; verify current manager conditions and restrictions.","unit":"CITY","origin":"public-catalog"}},{"type":"Feature","id":"usgs-pad-us-fee-managers:94715","geometry":{"type":"Polygon","coordinates":[[[-77.0523,38.7976],[-77.053,38.7963],[-77.0547,38.7959],[-77.0543,38.7976],[-77.0528,38.7974],[-77.0527,38.7976],[-77.0533,38.7977],[-77.0531,38.7987],[-77.0521,38.7985],[-77.0523,38.7976]]]},"properties":{"id":"usgs-pad-us-fee-managers:94715","name":"Nannie J Lee Center","kind":"land","category":"public-land","sourceCategory":"public-land","sourceId":"usgs-pad-us-fee-managers","sourceUrl":"https://services.arcgis.com/v01gqwM5QqNysAAi/arcgis/rest/services/Fee_Managers_PADUS/FeatureServer/0","sourceUpdated":"2018-07-27T04:00:00.000Z","publicUse":"PAD-US reports open access; verify current manager conditions and restrictions.","unit":"CITY","origin":"public-catalog"}},{"type":"Feature","id":"usgs-pad-us-fee-managers:94716","geometry":{"type":"MultiPolygon","coordinates":[[[[-77.05,38.8294],[-77.0501,38.8295],[-77.0498,38.8294],[-77.05,38.8294]]],[[[-77.0495,38.8294],[-77.0497,38.8295],[-77.0482,38.8296],[-77.0495,38.8294]]]]},"properties":{"id":"usgs-pad-us-fee-managers:94716","name":"Swann FInger Park","kind":"land","category":"public-land","sourceCategory":"public-land","sourceId":"usgs-pad-us-fee-managers","sourceUrl":"https://services.arcgis.com/v01gqwM5QqNysAAi/arcgis/rest/services/Fee_Managers_PADUS/FeatureServer/0","sourceUpdated":"2018-07-27T04:00:00.000Z","publicUse":"PAD-US reports open access; verify current manager conditions and restrictions.","unit":"CITY","origin":"public-catalog"}},{"type":"Feature","id":"usgs-pad-us-fee-managers:94717","geometry":{"type":"Polygon","coordinates":[[[-77.0699,38.8093],[-77.0705,38.8091],[-77.0706,38.8094],[-77.0699,38.8093]]]},"properties":{"id":"usgs-pad-us-fee-managers:94717","name":"Upland Street Right of Way","kind":"land","category":"public-land","sourceCategory":"public-land","sourceId":"usgs-pad-us-fee-managers","sourceUrl":"https://services.arcgis.com/v01gqwM5QqNysAAi/arcgis/rest/services/Fee_Managers_PADUS/FeatureServer/0","sourceUpdated":"2018-07-27T04:00:00.000Z","publicUse":"PAD-US reports open access; verify current manager conditions and restrictions.","unit":"CITY","origin":"public-catalog"}},{"type":"Feature","id":"usgs-pad-us-fee-managers:94718","geometry":{"type":"Polygon","coordinates":[[[-77.1385,38.8079],[-77.1387,38.8081],[-77.139,38.809],[-77.1383,38.809],[-77.1383,38.8079],[-77.1385,38.8079]]]},"properties":{"id":"usgs-pad-us-fee-managers:94718","name":"Yoakum Parkway Easement","kind":"land","category":"public-land","sourceCategory":"public-land","sourceId":"usgs-pad-us-fee-managers","sourceUrl":"https://services.arcgis.com/v01gqwM5QqNysAAi/arcgis/rest/services/Fee_Managers_PADUS/FeatureServer/0","sourceUpdated":"2018-07-27T04:00:00.000Z","publicUse":"PAD-US reports open access; verify current manager conditions and restrictions.","unit":"CITY","origin":"public-catalog"}},{"type":"Feature","id":"usgs-pad-us-fee-managers:94719","geometry":{"type":"Polygon","coordinates":[[[-77.068,38.8345],[-77.0679,38.8342],[-77.0681,38.8342],[-77.0682,38.8345],[-77.068,38.8345]],[[-77.0681,38.8344],[-77.068,38.8343],[-77.068,38.8344],[-77.0681,38.8344]]]},"properties":{"id":"usgs-pad-us-fee-managers:94719","name":"302 Beverley Drive","kind":"land","category":"public-land","sourceCategory":"public-land","sourceId":"usgs-pad-us-fee-managers","sourceUrl":"https://services.arcgis.com/v01gqwM5QqNysAAi/arcgis/rest/services/Fee_Managers_PADUS/FeatureServer/0","sourceUpdated":"2018-07-27T04:00:00.000Z","publicUse":"PAD-US reports open access; verify current manager conditions and restrictions.","unit":"CITY","origin":"public-catalog"}},{"type":"Feature","id":"usgs-pad-us-fee-managers:94720","geometry":{"type":"Polygon","coordinates":[[[-77.1363,38.8044],[-77.1364,38.8055],[-77.1362,38.8055],[-77.1363,38.8044]]]},"properties":{"id":"usgs-pad-us-fee-managers:94720","name":"731 South Pickett Street","kind":"land","category":"public-land","sourceCategory":"public-land","sourceId":"usgs-pad-us-fee-managers","sourceUrl":"https://services.arcgis.com/v01gqwM5QqNysAAi/arcgis/rest/services/Fee_Managers_PADUS/FeatureServer/0","sourceUpdated":"2018-07-27T04:00:00.000Z","publicUse":"PAD-US reports open access; verify current manager conditions and restrictions.","unit":"CITY","origin":"public-catalog"}},{"type":"Feature","id":"usgs-pad-us-fee-managers:94721","geometry":{"type":"Polygon","coordinates":[[[-77.0602,38.798],[-77.0605,38.7987],[-77.0604,38.7996],[-77.06,38.7996],[-77.0602,38.798]]]},"properties":{"id":"usgs-pad-us-fee-managers:94721","name":"Holland Lane","kind":"land","category":"public-land","sourceCategory":"public-land","sourceId":"usgs-pad-us-fee-managers","sourceUrl":"https://services.arcgis.com/v01gqwM5QqNysAAi/arcgis/rest/services/Fee_Managers_PADUS/FeatureServer/0","sourceUpdated":"2018-07-27T04:00:00.000Z","publicUse":"PAD-US reports open access; verify current manager conditions and restrictions.","unit":"CITY","origin":"public-catalog"}},{"type":"Feature","id":"usgs-pad-us-fee-managers:94722","geometry":{"type":"Polygon","coordinates":[[[-77.107,38.8271],[-77.107,38.8269],[-77.1082,38.8271],[-77.1077,38.8273],[-77.1079,38.8275],[-77.1072,38.8286],[-77.1071,38.8301],[-77.1067,38.8301],[-77.1066,38.8299],[-77.107,38.8271]]]},"properties":{"id":"usgs-pad-us-fee-managers:94722","name":"Seminary Forest","kind":"land","category":"public-land","sourceCategory":"public-land","sourceId":"usgs-pad-us-fee-managers","sourceUrl":"https://services.arcgis.com/v01gqwM5QqNysAAi/arcgis/rest/services/Fee_Managers_PADUS/FeatureServer/0","sourceUpdated":"2018-07-27T04:00:00.000Z","publicUse":"PAD-US reports open access; verify current manager conditions and restrictions.","unit":"CITY","origin":"public-catalog"}},{"type":"Feature","id":"usgs-pad-us-fee-managers:94723","geometry":{"type":"Polygon","coordinates":[[[-77.1285,38.8093],[-77.1297,38.8086],[-77.1288,38.8096],[-77.1285,38.8093]]]},"properties":{"id":"usgs-pad-us-fee-managers:94723","name":"South Reynolds Park","kind":"land","category":"public-land","sourceCategory":"public-land","sourceId":"usgs-pad-us-fee-managers","sourceUrl":"https://services.arcgis.com/v01gqwM5QqNysAAi/arcgis/rest/services/Fee_Managers_PADUS/FeatureServer/0","sourceUpdated":"2018-07-27T04:00:00.000Z","publicUse":"PAD-US reports open access; verify current manager conditions and restrictions.","unit":"CITY","origin":"public-catalog"}},{"type":"Feature","id":"usgs-pad-us-fee-managers:9516","geometry":{"type":"Polygon","coordinates":[[[-78.7336,36.6728],[-78.7331,36.6712],[-78.7339,36.6694],[-78.7342,36.6697],[-78.7341,36.6705],[-78.7336,36.6711],[-78.7336,36.6726],[-78.7337,36.6728],[-78.7346,36.672],[-78.735,36.6719],[-78.7353,36.6728],[-78.7348,36.6729],[-78.7343,36.6735],[-78.7337,36.6737],[-78.7336,36.6728]]]},"properties":{"id":"usgs-pad-us-fee-managers:9516","name":"Balthrope Marsh Wildlife Management Area","kind":"land","category":"public-land","sourceCategory":"public-land","sourceId":"usgs-pad-us-fee-managers","sourceUrl":"https://services.arcgis.com/v01gqwM5QqNysAAi/arcgis/rest/services/Fee_Managers_PADUS/FeatureServer/0","sourceUpdated":"2017-08-14T04:00:00.000Z","publicUse":"PAD-US reports restricted access; confirm permits and seasonal rules with the manager.","unit":"SFW","origin":"public-catalog"}},{"type":"Feature","id":"usgs-pad-us-fee-managers:9517","geometry":{"type":"Polygon","coordinates":[[[-78.3031,36.6141],[-78.3041,36.6139],[-78.3043,36.615],[-78.303,36.6152],[-78.3029,36.6141],[-78.3031,36.6141]]]},"properties":{"id":"usgs-pad-us-fee-managers:9517","name":"Dick Cross Wildlife Management Area","kind":"land","category":"public-land","sourceCategory":"public-land","sourceId":"usgs-pad-us-fee-managers","sourceUrl":"https://services.arcgis.com/v01gqwM5QqNysAAi/arcgis/rest/services/Fee_Managers_PADUS/FeatureServer/0","sourceUpdated":"2017-08-14T04:00:00.000Z","publicUse":"PAD-US reports restricted access; confirm permits and seasonal rules with the manager.","unit":"SFW","origin":"public-catalog"}},{"type":"Feature","id":"usgs-pad-us-fee-managers:9518","geometry":{"type":"MultiPolygon","coordinates":[[[[-78.0102,37.5417],[-78.0103,37.5418],[-78.0101,37.5418],[-78.0102,37.5417]]],[[[-77.981,37.5805],[-77.9773,37.579],[-77.9772,37.5784],[-77.9783,37.5785],[-77.9797,37.5796],[-77.9807,37.5797],[-77.9822,37.579],[-77.9831,37.577],[-77.9841,37.5772],[-77.9855,37.5757],[-77.9861,37.5758],[-77.9851,37.5671],[-77.9856,37.567],[-77.9853,37.5658],[-77.9844,37.5658],[-77.9838,37.5632],[-77.9821,37.5637],[-77.9774,37.5624],[-77.9766,37.5615],[-77.9811,37.5603],[-77.9817,37.5556],[-77.9786,37.556],[-77.9752,37.562],[-77.9648,37.5615],[-77.9631,37.5606],[-77.9594,37.5597],[-77.9579,37.5581],[-77.9628,37.5529],[-77.9667,37.5382],[-77.9644,37.5352],[-77.9643,37.5343],[-77.9687,37.5349],[-77.9743,37.5339],[-77.9806,37.5323],[-77.9779,37.5271],[-77.979,37.5269],[-77.9786,37.5235],[-77.9862,37.524],[-77.9936,37.524],[-77.9941,37.5262],[-77.9937,37.5276],[-77.993,37.5282],[-77.9933,37.5293],[-77.9931,37.5302],[-78.0093,37.5294],[-78.0093,37.5301],[-78.0108,37.5302],[-78.0111,37.5316],[-78.0132,37.5364],[-78.0138,37.5405],[-78.0137,37.5417],[-78.0134,37.5427],[-78.0117,37.5427],[-78.0119,37.5441],[-78.0136,37.5441],[-78.0143,37.5485],[-78.0148,37.5502],[-78.0148,37.552],[-78.0145,37.5531],[-78.0127,37.5541],[-78.011,37.5565],[-78.0037,37.5562],[-78.0034,37.5552],[-78.0049,37.5536],[-78.0073,37.5524],[-78.0071,37.5492],[-78.0008,37.55],[-78.002,37.5527],[-78.0018,37.5543],[-78.0002,37.5539],[-78,37.5532],[-77.9997,37.5529],[-77.9986,37.5532],[-77.9991,37.5542],[-77.9998,37.5577],[-78.0005,37.5577],[-78.0006,37.5589],[-78.0018,37.5613],[-78.0012,37.5629],[-78.0015,37.5639],[-78.0058,37.5638],[-78.0059,37.5624],[-78.0086,37.5621],[-78.0107,37.5622],[-78.0122,37.5628],[-78.012,37.5632],[-78.0124,37.5633],[-78.0123,37.5652],[-78.0112,37.5652],[-78.0109,37.5661],[-78.0074,37.566],[-78.0092,37.5787],[-78.0057,37.5793],[-78.0024,37.5783],[-78.0021,37.5785],[-77.9997,37.5778],[-77.9923,37.5783],[-77.9926,37.5769],[-77.992,37.5768],[-77.9911,37.5769],[-77.9905,37.5776],[-77.9887,37.5776],[-77.9886,37.5771],[-77.987,37.5775],[-77.9863,37.5771],[-77.9853,37.5781],[-77.9851,37.5792],[-77.9844,37.5795],[-77.9846,37.5801],[-77.9841,37.5808],[-77.981,37.5805]]],[[[-78.0109,37.5418],[-78.01,37.5414],[-78.0092,37.5419],[-78.0084,37.5418],[-78.0081,37.5429],[-78.0093,37.5429],[-78.0108,37.5435],[-78.0099,37.5425],[-78.0109,37.5418]]]]},"properties":{"id":"usgs-pad-us-fee-managers:9518","name":"Powhatan Wildlife Management Area","kind":"land","category":"public-land","sourceCategory":"public-land","sourceId":"usgs-pad-us-fee-managers","sourceUrl":"https://services.arcgis.com/v01gqwM5QqNysAAi/arcgis/rest/services/Fee_Managers_PADUS/FeatureServer/0","sourceUpdated":"2017-08-14T04:00:00.000Z","publicUse":"PAD-US reports restricted access; confirm permits and seasonal rules with the manager.","unit":"SFW","origin":"public-catalog"}},{"type":"Feature","id":"usgs-pad-us-fee-managers:95864","geometry":{"type":"Polygon","coordinates":[[[-77.1154,38.8801],[-77.1153,38.8798],[-77.1156,38.8803],[-77.1154,38.8801]]]},"properties":{"id":"usgs-pad-us-fee-managers:95864","name":"Ellen's Trace","kind":"land","category":"public-land","sourceCategory":"public-land","sourceId":"usgs-pad-us-fee-managers","sourceUrl":"https://services.arcgis.com/v01gqwM5QqNysAAi/arcgis/rest/services/Fee_Managers_PADUS/FeatureServer/0","sourceUpdated":"2021-03-14T05:00:00.000Z","publicUse":"PAD-US reports open access; verify current manager conditions and restrictions.","unit":"CITY","origin":"public-catalog"}},{"type":"Feature","id":"usgs-pad-us-fee-managers:95887","geometry":{"type":"Polygon","coordinates":[[[-77.0788,38.8898],[-77.079,38.8897],[-77.0791,38.8899],[-77.0788,38.8898]]]},"properties":{"id":"usgs-pad-us-fee-managers:95887","name":"Three Oaks Park","kind":"land","category":"public-land","sourceCategory":"public-land","sourceId":"usgs-pad-us-fee-managers","sourceUrl":"https://services.arcgis.com/v01gqwM5QqNysAAi/arcgis/rest/services/Fee_Managers_PADUS/FeatureServer/0","sourceUpdated":"2021-03-14T05:00:00.000Z","publicUse":"PAD-US reports open access; verify current manager conditions and restrictions.","unit":"CITY","origin":"public-catalog"}},{"type":"Feature","id":"usgs-pad-us-fee-managers:9773","geometry":{"type":"MultiPolygon","coordinates":[[[[-78.3494,39.4617],[-78.3496,39.4617],[-78.3498,39.4618],[-78.3494,39.4617]]],[[[-78.3448,39.4646],[-78.3449,39.4644],[-78.3451,39.4645],[-78.3472,39.4658],[-78.3471,39.466],[-78.3448,39.4646]]]]},"properties":{"id":"usgs-pad-us-fee-managers:9773","name":"Cacapon State Park","kind":"land","category":"public-land","sourceCategory":"public-land","sourceId":"usgs-pad-us-fee-managers","sourceUrl":"https://services.arcgis.com/v01gqwM5QqNysAAi/arcgis/rest/services/Fee_Managers_PADUS/FeatureServer/0","sourceUpdated":"2017-08-14T04:00:00.000Z","publicUse":"PAD-US reports open access; verify current manager conditions and restrictions.","unit":"SPR","origin":"public-catalog"}},{"type":"Feature","id":"usgs-pad-us-fee-managers:98891","geometry":{"type":"Polygon","coordinates":[[[-82.1818,36.5966],[-82.1829,36.5968],[-82.1825,36.5979],[-82.1814,36.5975],[-82.1818,36.5966]]]},"properties":{"id":"usgs-pad-us-fee-managers:98891","name":"Cumberland Square Park","kind":"land","category":"public-land","sourceCategory":"public-land","sourceId":"usgs-pad-us-fee-managers","sourceUrl":"https://services.arcgis.com/v01gqwM5QqNysAAi/arcgis/rest/services/Fee_Managers_PADUS/FeatureServer/0","sourceUpdated":"2023-05-15T04:00:00.000Z","publicUse":"PAD-US reports open access; verify current manager conditions and restrictions.","unit":"CITY","origin":"public-catalog"}},{"type":"Feature","id":"usgs-pad-us-fee-managers:98893","geometry":{"type":"Polygon","coordinates":[[[-82.165,36.611],[-82.1653,36.6108],[-82.1655,36.6119],[-82.1655,36.6124],[-82.1652,36.6126],[-82.1644,36.6121],[-82.165,36.611]]]},"properties":{"id":"usgs-pad-us-fee-managers:98893","name":"Eastern Park","kind":"land","category":"public-land","sourceCategory":"public-land","sourceId":"usgs-pad-us-fee-managers","sourceUrl":"https://services.arcgis.com/v01gqwM5QqNysAAi/arcgis/rest/services/Fee_Managers_PADUS/FeatureServer/0","sourceUpdated":"2023-05-15T04:00:00.000Z","publicUse":"PAD-US reports open access; verify current manager conditions and restrictions.","unit":"CITY","origin":"public-catalog"}},{"type":"Feature","id":"usgs-pad-us-fee-managers:98900","geometry":{"type":"Polygon","coordinates":[[[-82.2024,36.6069],[-82.202,36.6068],[-82.2017,36.6064],[-82.2032,36.6052],[-82.2044,36.6062],[-82.2035,36.6071],[-82.2027,36.6072],[-82.2024,36.6069]]]},"properties":{"id":"usgs-pad-us-fee-managers:98900","name":"Montrose Park","kind":"land","category":"public-land","sourceCategory":"public-land","sourceId":"usgs-pad-us-fee-managers","sourceUrl":"https://services.arcgis.com/v01gqwM5QqNysAAi/arcgis/rest/services/Fee_Managers_PADUS/FeatureServer/0","sourceUpdated":"2023-05-15T04:00:00.000Z","publicUse":"PAD-US reports open access; verify current manager conditions and restrictions.","unit":"CITY","origin":"public-catalog"}},{"type":"Feature","id":"usgs-pad-us-fee-managers:98902","geometry":{"type":"Polygon","coordinates":[[[-82.1705,36.606],[-82.1705,36.6053],[-82.1719,36.6054],[-82.1714,36.6067],[-82.1715,36.6081],[-82.1712,36.6089],[-82.1704,36.6088],[-82.171,36.6061],[-82.1705,36.606]]]},"properties":{"id":"usgs-pad-us-fee-managers:98902","name":"Mumpower Park","kind":"land","category":"public-land","sourceCategory":"public-land","sourceId":"usgs-pad-us-fee-managers","sourceUrl":"https://services.arcgis.com/v01gqwM5QqNysAAi/arcgis/rest/services/Fee_Managers_PADUS/FeatureServer/0","sourceUpdated":"2023-05-15T04:00:00.000Z","publicUse":"PAD-US reports open access; verify current manager conditions and restrictions.","unit":"CITY","origin":"public-catalog"}},{"type":"Feature","id":"usgs-pad-us-fee-managers:98909","geometry":{"type":"Polygon","coordinates":[[[-82.177,36.6071],[-82.1773,36.607],[-82.1774,36.6072],[-82.1771,36.6073],[-82.177,36.6071]]]},"properties":{"id":"usgs-pad-us-fee-managers:98909","name":"Saint Anne Community Playground","kind":"land","category":"public-land","sourceCategory":"public-land","sourceId":"usgs-pad-us-fee-managers","sourceUrl":"https://services.arcgis.com/v01gqwM5QqNysAAi/arcgis/rest/services/Fee_Managers_PADUS/FeatureServer/0","sourceUpdated":"2023-05-15T04:00:00.000Z","publicUse":"PAD-US reports open access; verify current manager conditions and restrictions.","unit":"CITY","origin":"public-catalog"}},{"type":"Feature","id":"usgs-pad-us-fee-managers:98918","geometry":{"type":"Polygon","coordinates":[[[-82.1966,36.6012],[-82.1984,36.6005],[-82.1992,36.6016],[-82.2015,36.6028],[-82.2004,36.6039],[-82.1992,36.6034],[-82.1988,36.6028],[-82.1972,36.6022],[-82.1966,36.6012]]]},"properties":{"id":"usgs-pad-us-fee-managers:98918","name":"Randolph Baseball Fields","kind":"land","category":"public-land","sourceCategory":"public-land","sourceId":"usgs-pad-us-fee-managers","sourceUrl":"https://services.arcgis.com/v01gqwM5QqNysAAi/arcgis/rest/services/Fee_Managers_PADUS/FeatureServer/0","sourceUpdated":"2023-05-15T04:00:00.000Z","publicUse":"PAD-US reports open access; verify current manager conditions and restrictions.","unit":"CITY","origin":"public-catalog"}},{"type":"Feature","id":"usgs-pad-us-fee-managers:99181","geometry":{"type":"Polygon","coordinates":[[[-79.3597,37.7313],[-79.3607,37.7299],[-79.3624,37.7291],[-79.3639,37.7276],[-79.3653,37.7267],[-79.3661,37.7276],[-79.3664,37.7274],[-79.3672,37.728],[-79.3697,37.7278],[-79.3713,37.7293],[-79.3697,37.7319],[-79.3687,37.7317],[-79.3682,37.7333],[-79.3673,37.7351],[-79.3657,37.7364],[-79.3651,37.7373],[-79.3651,37.7392],[-79.3668,37.74],[-79.3656,37.7431],[-79.3623,37.7418],[-79.3603,37.7405],[-79.3597,37.7398],[-79.3596,37.7361],[-79.3589,37.7351],[-79.3587,37.7339],[-79.3589,37.733],[-79.3597,37.7313]]]},"properties":{"id":"usgs-pad-us-fee-managers:99181","name":"Glen Maury Park","kind":"land","category":"public-land","sourceCategory":"public-land","sourceId":"usgs-pad-us-fee-managers","sourceUrl":"https://services.arcgis.com/v01gqwM5QqNysAAi/arcgis/rest/services/Fee_Managers_PADUS/FeatureServer/0","sourceUpdated":"2023-05-15T04:00:00.000Z","publicUse":"PAD-US reports open access; verify current manager conditions and restrictions.","unit":"CITY","origin":"public-catalog"}}]}
