{"type":"FeatureCollection","features":[{"type":"Feature","id":"usgs-pad-us-fee-managers:3764","geometry":{"type":"MultiPolygon","coordinates":[[[[-121.9772,37.4289],[-121.9771,37.4284],[-121.9773,37.4284],[-121.9773,37.4289],[-121.9772,37.4289]]],[[[-121.9637,37.4317],[-121.964,37.4315],[-121.9642,37.4318],[-121.964,37.432],[-121.9637,37.4317]]],[[[-121.9627,37.4323],[-121.9614,37.4312],[-121.9641,37.4314],[-121.9627,37.4323]]],[[[-121.9637,37.4321],[-121.9638,37.4321],[-121.9641,37.4323],[-121.9637,37.4321]]],[[[-121.9636,37.4322],[-121.964,37.4324],[-121.9639,37.4325],[-121.9636,37.4322]]],[[[-121.9737,37.4301],[-121.9738,37.43],[-121.974,37.4303],[-121.9737,37.4301]]],[[[-121.9635,37.4324],[-121.9638,37.4326],[-121.9638,37.4326],[-121.9635,37.4324]]],[[[-121.9653,37.4321],[-121.9655,37.4319],[-121.9658,37.4322],[-121.9656,37.4323],[-121.9653,37.4321]]],[[[-121.9733,37.4308],[-121.9737,37.4305],[-121.974,37.4308],[-121.9735,37.4311],[-121.9733,37.4308]]],[[[-121.9731,37.431],[-121.9734,37.4312],[-121.9733,37.4312],[-121.9731,37.431]]],[[[-121.9588,37.4311],[-121.9604,37.4311],[-121.9622,37.4327],[-121.9602,37.4341],[-121.9579,37.4319],[-121.9582,37.4313],[-121.9588,37.4311]]],[[[-121.9653,37.4327],[-121.9658,37.4329],[-121.9656,37.4329],[-121.9653,37.4327]]],[[[-121.9725,37.4313],[-121.9727,37.4311],[-121.973,37.4314],[-121.9728,37.4315],[-121.9725,37.4313]]],[[[-121.972,37.4317],[-121.972,37.4316],[-121.9723,37.4319],[-121.972,37.4317]]],[[[-121.973,37.4315],[-121.9732,37.4314],[-121.9735,37.4316],[-121.9733,37.4318],[-121.973,37.4315]]],[[[-121.9607,37.434],[-121.9623,37.4328],[-121.9628,37.4333],[-121.9612,37.4345],[-121.9607,37.434]]],[[[-121.9713,37.4322],[-121.9715,37.432],[-121.9717,37.4323],[-121.9716,37.4324],[-121.9713,37.4322]]],[[[-121.9733,37.432],[-121.974,37.4315],[-121.974,37.432],[-121.9736,37.4322],[-121.9733,37.432]]],[[[-121.9619,37.435],[-121.9613,37.4346],[-121.963,37.4334],[-121.9636,37.4339],[-121.9619,37.435]]],[[[-121.9602,37.4343],[-121.9605,37.4341],[-121.9611,37.4346],[-121.9595,37.4357],[-121.9592,37.4359],[-121.9586,37.4355],[-121.9602,37.4343]]],[[[-121.9712,37.4333],[-121.9715,37.4331],[-121.9718,37.4334],[-121.9715,37.4336],[-121.9712,37.4333]]],[[[-121.962,37.4352],[-121.9637,37.434],[-121.9643,37.4344],[-121.9626,37.4356],[-121.962,37.4352]]],[[[-121.9593,37.436],[-121.9612,37.4347],[-121.9618,37.4351],[-121.9598,37.4365],[-121.9593,37.436]]],[[[-121.9567,37.437],[-121.9585,37.4355],[-121.959,37.436],[-121.9577,37.4369],[-121.9575,37.4367],[-121.9576,37.437],[-121.9567,37.437]]],[[[-121.9585,37.4366],[-121.9592,37.4361],[-121.9597,37.4366],[-121.9591,37.4371],[-121.9585,37.4366]]],[[[-121.9568,37.4376],[-121.9568,37.4375],[-121.957,37.4375],[-121.9568,37.4376]]],[[[-121.9627,37.4357],[-121.9644,37.4345],[-121.9651,37.4349],[-121.9633,37.4362],[-121.9627,37.4357]]],[[[-121.9672,37.4351],[-121.9668,37.4353],[-121.9666,37.4351],[-121.9675,37.4344],[-121.9678,37.4347],[-121.9674,37.435],[-121.9677,37.4352],[-121.9672,37.4351]]],[[[-121.958,37.437],[-121.9584,37.4366],[-121.959,37.4371],[-121.9588,37.4373],[-121.958,37.437]]],[[[-121.96,37.4366],[-121.9619,37.4352],[-121.9625,37.4357],[-121.9605,37.4371],[-121.96,37.4366]]],[[[-121.9765,37.4333],[-121.9766,37.4332],[-121.9769,37.4335],[-121.9765,37.4333]]],[[[-121.9756,37.4334],[-121.9759,37.4336],[-121.9756,37.4339],[-121.9753,37.4336],[-121.9756,37.4334]]],[[[-121.9667,37.4359],[-121.9663,37.4355],[-121.9669,37.4358],[-121.9667,37.4359]]],[[[-121.9579,37.4379],[-121.9573,37.4375],[-121.958,37.4373],[-121.9585,37.4375],[-121.9582,37.4377],[-121.9579,37.4375],[-121.9581,37.4377],[-121.9579,37.4379]]],[[[-121.9761,37.4337],[-121.9763,37.4335],[-121.9765,37.4338],[-121.9763,37.4339],[-121.9761,37.4337]]],[[[-121.9592,37.4372],[-121.9598,37.4367],[-121.9604,37.4372],[-121.9598,37.4376],[-121.9592,37.4372]]],[[[-121.9634,37.4363],[-121.9653,37.435],[-121.9659,37.4354],[-121.964,37.4368],[-121.9634,37.4363]]],[[[-121.9569,37.4377],[-121.9572,37.4375],[-121.9577,37.438],[-121.9574,37.4383],[-121.9569,37.4377]]],[[[-121.9589,37.4374],[-121.9591,37.4372],[-121.9597,37.4377],[-121.9594,37.4379],[-121.9589,37.4374]]],[[[-121.9607,37.4372],[-121.9626,37.4358],[-121.9632,37.4363],[-121.9612,37.4377],[-121.9607,37.4372]]],[[[-121.9583,37.4378],[-121.9586,37.4376],[-121.9591,37.4381],[-121.9589,37.4383],[-121.9583,37.4378]]],[[[-121.958,37.438],[-121.9582,37.4378],[-121.9588,37.4383],[-121.9585,37.4385],[-121.958,37.438]]],[[[-121.9602,37.4376],[-121.9605,37.4373],[-121.9611,37.4378],[-121.9607,37.4381],[-121.9602,37.4376]]],[[[-121.9668,37.436],[-121.967,37.4359],[-121.9679,37.4362],[-121.9674,37.4366],[-121.9668,37.436]]],[[[-121.9736,37.4353],[-121.973,37.4348],[-121.9733,37.4346],[-121.9736,37.4348],[-121.9743,37.4344],[-121.9745,37.4346],[-121.9736,37.4353]]],[[[-121.9596,37.438],[-121.9601,37.4376],[-121.9607,37.4381],[-121.9596,37.438]]],[[[-121.9641,37.4369],[-121.966,37.4355],[-121.9666,37.436],[-121.9647,37.4374],[-121.9641,37.4369]]],[[[-121.9575,37.4384],[-121.9578,37.4381],[-121.9584,37.4386],[-121.9579,37.4389],[-121.9575,37.4384]]],[[[-121.9592,37.4383],[-121.9601,37.4385],[-121.9598,37.4387],[-121.9592,37.4383]]],[[[-121.9614,37.4378],[-121.9633,37.4364],[-121.9639,37.4369],[-121.9619,37.4383],[-121.9614,37.4378]]],[[[-121.9675,37.4366],[-121.968,37.4363],[-121.9688,37.4366],[-121.9681,37.4371],[-121.9675,37.4366]]],[[[-121.9607,37.4383],[-121.9612,37.4379],[-121.9618,37.4384],[-121.9615,37.4386],[-121.9607,37.4383]]],[[[-121.9587,37.4386],[-121.9591,37.4383],[-121.9597,37.4388],[-121.9593,37.4391],[-121.9587,37.4386]]],[[[-121.9629,37.4377],[-121.964,37.437],[-121.9645,37.4375],[-121.9635,37.4382],[-121.9629,37.4377]]],[[[-121.9757,37.435],[-121.9759,37.4349],[-121.9765,37.4354],[-121.9763,37.4355],[-121.9757,37.435]]],[[[-121.9625,37.438],[-121.9629,37.4378],[-121.9635,37.4382],[-121.9631,37.4384],[-121.9625,37.438]]],[[[-121.9648,37.4375],[-121.9667,37.4361],[-121.9673,37.4366],[-121.9654,37.438],[-121.9648,37.4375]]],[[[-121.9608,37.439],[-121.9603,37.4386],[-121.9612,37.4388],[-121.9608,37.439]]],[[[-121.9732,37.4357],[-121.9735,37.4355],[-121.9741,37.436],[-121.9738,37.4362],[-121.9732,37.4357]]],[[[-121.958,37.4391],[-121.9586,37.4387],[-121.9591,37.4392],[-121.9585,37.4396],[-121.958,37.4391]]],[[[-121.9767,37.4354],[-121.9771,37.4355],[-121.977,37.4356],[-121.9767,37.4354]]],[[[-121.9746,37.4359],[-121.9747,37.4357],[-121.975,37.436],[-121.9748,37.4361],[-121.9746,37.4359]]],[[[-121.9729,37.4364],[-121.9732,37.4362],[-121.9735,37.4364],[-121.9732,37.4367],[-121.9729,37.4364]]],[[[-121.9682,37.4372],[-121.969,37.4366],[-121.9698,37.4369],[-121.9688,37.4377],[-121.9682,37.4372]]],[[[-121.9778,37.4357],[-121.9779,37.4356],[-121.9779,37.4357],[-121.9778,37.4357]]],[[[-121.9594,37.4392],[-121.9602,37.4386],[-121.9608,37.4391],[-121.9599,37.4397],[-121.9594,37.4392]]],[[[-121.9635,37.4384],[-121.9647,37.4376],[-121.9652,37.4381],[-121.9641,37.4389],[-121.9635,37.4384]]],[[[-121.9672,37.4368],[-121.9674,37.4367],[-121.968,37.4372],[-121.966,37.4385],[-121.9655,37.4381],[-121.9672,37.4368]]],[[[-121.9615,37.4396],[-121.961,37.4391],[-121.9613,37.4389],[-121.9616,37.4392],[-121.9624,37.4386],[-121.9629,37.4386],[-121.9615,37.4396]]],[[[-121.9628,37.4389],[-121.9631,37.4387],[-121.9636,37.4392],[-121.9634,37.4394],[-121.9628,37.4389]]],[[[-121.9689,37.4378],[-121.97,37.437],[-121.9708,37.4373],[-121.9695,37.4382],[-121.9689,37.4378]]],[[[-121.9766,37.4365],[-121.9771,37.4361],[-121.9769,37.4369],[-121.9766,37.4365]]],[[[-121.9619,37.4396],[-121.9628,37.4389],[-121.9633,37.4394],[-121.9624,37.44],[-121.9619,37.4396]]],[[[-121.9662,37.4386],[-121.9681,37.4373],[-121.9687,37.4378],[-121.9667,37.4391],[-121.9662,37.4386]]],[[[-121.9647,37.4386],[-121.9653,37.4382],[-121.9659,37.4386],[-121.9646,37.4396],[-121.9641,37.439],[-121.9647,37.4386]]],[[[-121.9592,37.4408],[-121.9586,37.4397],[-121.9593,37.4393],[-121.9598,37.4398],[-121.9592,37.4402],[-121.9596,37.4404],[-121.9592,37.4408]]],[[[-121.9774,37.4366],[-121.9777,37.4358],[-121.9782,37.4363],[-121.9772,37.437],[-121.9774,37.4366]]],[[[-121.9779,37.4362],[-121.978,37.4362],[-121.9779,37.4362],[-121.9779,37.4362]]],[[[-121.9729,37.4379],[-121.9728,37.4378],[-121.973,37.4379],[-121.9729,37.4379]]],[[[-121.9635,37.4395],[-121.9637,37.4393],[-121.9642,37.4399],[-121.9635,37.4395]]],[[[-121.9696,37.4383],[-121.971,37.4373],[-121.9719,37.4376],[-121.9702,37.4388],[-121.9696,37.4383]]],[[[-121.9675,37.4387],[-121.9688,37.4379],[-121.9693,37.4383],[-121.9674,37.4397],[-121.9668,37.4392],[-121.9675,37.4387]]],[[[-121.9686,37.4383],[-121.9682,37.4383],[-121.9687,37.4384],[-121.9686,37.4383]]],[[[-121.973,37.438],[-121.9742,37.4381],[-121.9736,37.4385],[-121.973,37.438]]],[[[-121.9692,37.4392],[-121.9683,37.4392],[-121.9695,37.4384],[-121.9696,37.4388],[-121.97,37.4389],[-121.9691,37.4396],[-121.9692,37.4392]]],[[[-121.9717,37.4379],[-121.9721,37.4377],[-121.9728,37.438],[-121.9708,37.4394],[-121.9703,37.4389],[-121.9717,37.4379]]],[[[-121.9767,37.4384],[-121.9768,37.4382],[-121.9769,37.4383],[-121.9767,37.4384]]],[[[-121.9737,37.4386],[-121.9744,37.4381],[-121.9754,37.4383],[-121.9743,37.4391],[-121.9737,37.4386]]],[[[-121.971,37.4395],[-121.9729,37.4381],[-121.9734,37.4386],[-121.9715,37.44],[-121.971,37.4395]]],[[[-121.9738,37.4392],[-121.9741,37.4392],[-121.9736,37.4395],[-121.9738,37.4392]]],[[[-121.9744,37.4392],[-121.9756,37.4383],[-121.9765,37.4381],[-121.9763,37.4387],[-121.9749,37.4397],[-121.9744,37.4392]]],[[[-121.9766,37.4386],[-121.977,37.4384],[-121.9776,37.4389],[-121.9765,37.4397],[-121.9766,37.4386]]],[[[-121.9613,37.4434],[-121.9593,37.441],[-121.9613,37.4432],[-121.9613,37.4434]]],[[[-121.9618,37.444],[-121.9629,37.4445],[-121.9631,37.4448],[-121.964,37.4453],[-121.9665,37.4451],[-121.9671,37.4453],[-121.9655,37.4466],[-121.9618,37.444]]],[[[-121.9655,37.4472],[-121.9666,37.4479],[-121.965,37.4476],[-121.9655,37.4472]]],[[[-121.9674,37.446],[-121.9686,37.4454],[-121.9681,37.4448],[-121.9676,37.445],[-121.9665,37.4447],[-121.9645,37.4451],[-121.9621,37.444],[-121.9596,37.441],[-121.9595,37.4407],[-121.96,37.4403],[-121.9594,37.4402],[-121.9599,37.4399],[-121.9606,37.4402],[-121.9601,37.4398],[-121.9609,37.4392],[-121.9615,37.4397],[-121.9607,37.4402],[-121.9618,37.4396],[-121.9624,37.4401],[-121.9622,37.4402],[-121.9625,37.4402],[-121.9635,37.4395],[-121.964,37.44],[-121.9637,37.4402],[-121.964,37.4402],[-121.966,37.4387],[-121.9666,37.4392],[-121.9652,37.4402],[-121.9667,37.4393],[-121.9673,37.4398],[-121.9668,37.4402],[-121.9674,37.4399],[-121.968,37.4402],[-121.9675,37.4398],[-121.9682,37.4393],[-121.969,37.4394],[-121.9683,37.4402],[-121.9685,37.4402],[-121.9701,37.439],[-121.9707,37.4395],[-121.9698,37.4401],[-121.9708,37.4396],[-121.9717,37.4401],[-121.9736,37.4387],[-121.9739,37.439],[-121.9735,37.4396],[-121.9728,37.4401],[-121.9743,37.4393],[-121.9754,37.4401],[-121.9751,37.4398],[-121.9762,37.439],[-121.9761,37.4399],[-121.9759,37.4401],[-121.9761,37.4401],[-121.975,37.4536],[-121.968,37.448],[-121.9659,37.4469],[-121.9674,37.446]]],[[[-121.9513,37.4585],[-121.95,37.4572],[-121.9483,37.4566],[-121.946,37.4552],[-121.9426,37.4551],[-121.9443,37.4535],[-121.9464,37.4535],[-121.948,37.4549],[-121.9495,37.4565],[-121.9507,37.4573],[-121.9517,37.4574],[-121.9528,37.4566],[-121.9524,37.4574],[-121.9526,37.4582],[-121.9531,37.4586],[-121.9544,37.4591],[-121.957,37.4618],[-121.9526,37.4613],[-121.953,37.4606],[-121.9513,37.4585]]],[[[-121.9681,37.4603],[-121.9668,37.4606],[-121.9648,37.4603],[-121.9654,37.4593],[-121.9677,37.4584],[-121.9678,37.4582],[-121.968,37.4568],[-121.9678,37.4545],[-121.9662,37.4529],[-121.9682,37.451],[-121.9683,37.45],[-121.968,37.4494],[-121.9682,37.4488],[-121.9743,37.4537],[-121.975,37.454],[-121.9746,37.4597],[-121.9715,37.4598],[-121.9686,37.4604],[-121.9681,37.4603]]],[[[-121.9642,37.462],[-121.9629,37.4624],[-121.9595,37.4621],[-121.9577,37.4616],[-121.954,37.4581],[-121.9533,37.4581],[-121.9533,37.4565],[-121.953,37.4562],[-121.9525,37.4561],[-121.9514,37.4569],[-121.9504,37.4566],[-121.9485,37.4547],[-121.9464,37.4531],[-121.9439,37.4531],[-121.944,37.4533],[-121.9427,37.4548],[-121.9424,37.455],[-121.9421,37.4548],[-121.9439,37.4528],[-121.946,37.4527],[-121.9481,37.4539],[-121.9501,37.4559],[-121.9508,37.4562],[-121.9518,37.4563],[-121.9524,37.4559],[-121.9532,37.4559],[-121.9536,37.4563],[-121.9537,37.4573],[-121.9576,37.4612],[-121.9593,37.4617],[-121.9615,37.4619],[-121.9631,37.4611],[-121.9629,37.4595],[-121.9667,37.4575],[-121.9668,37.4548],[-121.9652,37.4535],[-121.9648,37.4528],[-121.9657,37.4518],[-121.967,37.4511],[-121.967,37.4507],[-121.9661,37.4495],[-121.966,37.4488],[-121.9642,37.4482],[-121.964,37.4477],[-121.9642,37.4468],[-121.9606,37.4442],[-121.9579,37.4408],[-121.9581,37.4403],[-121.9613,37.4443],[-121.965,37.4469],[-121.9644,37.4474],[-121.9644,37.448],[-121.9651,37.4484],[-121.9674,37.4486],[-121.9673,37.4492],[-121.9677,37.4503],[-121.9675,37.4508],[-121.9669,37.4516],[-121.9661,37.4518],[-121.9652,37.4528],[-121.9655,37.4534],[-121.9671,37.4546],[-121.9671,37.4577],[-121.964,37.4592],[-121.9634,37.46],[-121.9634,37.4606],[-121.964,37.4613],[-121.9668,37.4616],[-121.9642,37.462]]],[[[-121.9609,37.4633],[-121.9558,37.4625],[-121.9533,37.4616],[-121.9552,37.4616],[-121.9572,37.462],[-121.959,37.4626],[-121.9618,37.4631],[-121.9609,37.4633]]],[[[-121.9445,37.4662],[-121.9463,37.4655],[-121.9469,37.4669],[-121.9464,37.4683],[-121.9453,37.469],[-121.9444,37.4682],[-121.9445,37.4662]]],[[[-122.0357,37.4516],[-122.0333,37.4515],[-122.0312,37.4506],[-122.0307,37.45],[-122.0303,37.4489],[-122.0306,37.4476],[-122.0311,37.4469],[-122.0308,37.4467],[-122.0315,37.4462],[-122.0327,37.446],[-122.0366,37.4476],[-122.0388,37.4474],[-122.0396,37.4468],[-122.0403,37.4459],[-122.0406,37.4445],[-122.0401,37.4429],[-122.0384,37.4409],[-122.0361,37.44],[-122.0336,37.4404],[-122.0316,37.4414],[-122.0306,37.4413],[-122.0296,37.4404],[-122.0284,37.4367],[-122.0272,37.4353],[-122.0282,37.4347],[-122.031,37.4314],[-122.0306,37.4313],[-122.0333,37.4281],[-122.0338,37.4269],[-122.0275,37.4255],[-122.0263,37.4245],[-122.0265,37.4238],[-122.0194,37.4214],[-122.0168,37.4209],[-122.0173,37.4223],[-122.016,37.4238],[-122.0154,37.4234],[-122.0166,37.4221],[-122.0157,37.4205],[-122.0159,37.4202],[-122.0181,37.4205],[-122.0262,37.4232],[-122.0268,37.4236],[-122.027,37.4247],[-122.0276,37.4251],[-122.0353,37.4268],[-122.0434,37.4275],[-122.047,37.4268],[-122.0493,37.4266],[-122.0496,37.4275],[-122.0513,37.4294],[-122.0516,37.431],[-122.0542,37.4359],[-122.0617,37.4334],[-122.0677,37.435],[-122.0682,37.4417],[-122.064,37.4457],[-122.0597,37.4467],[-122.0585,37.4466],[-122.0528,37.4482],[-122.0506,37.4481],[-122.0494,37.4492],[-122.0461,37.449],[-122.0421,37.4502],[-122.0412,37.4511],[-122.0402,37.4515],[-122.0357,37.4516]]],[[[-121.978,37.4595],[-121.9771,37.4593],[-121.9749,37.4597],[-121.9754,37.454],[-121.9844,37.4606],[-121.9923,37.4624],[-121.9929,37.4627],[-121.9876,37.4616],[-121.9799,37.4596],[-121.978,37.4595]]],[[[-121.9719,37.4676],[-121.9698,37.4673],[-121.9676,37.4674],[-121.9673,37.4667],[-121.968,37.4641],[-121.9684,37.4629],[-121.9687,37.4628],[-121.9738,37.4615],[-121.9738,37.4618],[-121.9744,37.4618],[-121.9741,37.4656],[-121.9734,37.4657],[-121.9741,37.4658],[-121.974,37.4666],[-121.9737,37.4666],[-121.974,37.4668],[-121.9738,37.4669],[-121.974,37.4669],[-121.9739,37.4685],[-121.9719,37.4676]]],[[[-121.9751,37.4614],[-121.9752,37.4616],[-121.9751,37.4614],[-121.9753,37.4613],[-121.9789,37.4615],[-121.9843,37.4624],[-121.9868,37.4632],[-121.988,37.464],[-121.9883,37.4645],[-121.9859,37.4647],[-121.9836,37.4659],[-121.9812,37.4682],[-121.9793,37.4696],[-121.9772,37.4698],[-121.975,37.4692],[-121.9742,37.4687],[-121.9743,37.4682],[-121.9746,37.4682],[-121.9743,37.4682],[-121.9743,37.4674],[-121.9747,37.4674],[-121.9743,37.4673],[-121.9744,37.4665],[-121.9747,37.4664],[-121.9744,37.4664],[-121.9744,37.4658],[-121.9748,37.4658],[-121.9745,37.4658],[-121.9748,37.4619],[-121.9752,37.4618],[-121.9748,37.4615],[-121.9751,37.4614]]],[[[-121.9524,37.4722],[-121.9511,37.4727],[-121.9512,37.4621],[-121.9535,37.4621],[-121.9578,37.4633],[-121.9601,37.4636],[-121.9666,37.463],[-121.9678,37.4631],[-121.968,37.4633],[-121.9676,37.464],[-121.9669,37.4667],[-121.967,37.4676],[-121.9641,37.4683],[-121.9581,37.4706],[-121.957,37.4716],[-121.9567,37.4722],[-121.9565,37.4743],[-121.9558,37.475],[-121.9548,37.4753],[-121.9542,37.4749],[-121.9542,37.4726],[-121.9524,37.4722]]],[[[-121.9539,37.4756],[-121.9535,37.4746],[-121.9536,37.4731],[-121.9527,37.4727],[-121.9511,37.4731],[-121.9511,37.4728],[-121.9524,37.4724],[-121.9539,37.4727],[-121.9541,37.4736],[-121.9537,37.4745],[-121.9543,37.4753],[-121.9539,37.4756]]],[[[-122.0182,37.4614],[-122.0154,37.4622],[-122.0111,37.4625],[-122.005,37.4634],[-122.0024,37.4634],[-121.9959,37.4644],[-121.9948,37.4628],[-121.9937,37.4628],[-121.9927,37.462],[-121.9847,37.4602],[-121.978,37.4552],[-121.9754,37.4536],[-121.9765,37.4399],[-121.9772,37.4393],[-121.9782,37.4401],[-121.9773,37.4393],[-121.9777,37.439],[-121.9787,37.4399],[-121.9782,37.4392],[-121.9787,37.4387],[-121.9781,37.4391],[-121.9778,37.4389],[-121.9787,37.438],[-121.9777,37.4388],[-121.9771,37.4383],[-121.9787,37.437],[-121.977,37.4382],[-121.9768,37.4381],[-121.9772,37.4372],[-121.9784,37.4364],[-121.9787,37.4367],[-121.9785,37.4363],[-121.9787,37.4359],[-121.9784,37.4362],[-121.9779,37.4358],[-121.9787,37.4349],[-121.9776,37.4355],[-121.9777,37.4347],[-121.9781,37.4344],[-121.9785,37.4347],[-121.9781,37.4344],[-121.9787,37.434],[-121.9787,37.4338],[-121.9777,37.4345],[-121.9777,37.4336],[-121.9787,37.4329],[-121.9777,37.4329],[-121.9777,37.4312],[-121.9811,37.4312],[-121.9821,37.4303],[-121.9817,37.4299],[-121.9826,37.4298],[-121.9868,37.4307],[-121.9875,37.4312],[-121.9882,37.4324],[-121.9901,37.4331],[-121.9911,37.4342],[-121.9915,37.4355],[-121.9912,37.437],[-121.9916,37.4383],[-121.9928,37.4389],[-121.9953,37.4393],[-121.9986,37.4405],[-122.0025,37.4414],[-122.004,37.4427],[-122.0043,37.4434],[-122.0059,37.4456],[-122.0058,37.4461],[-122.0065,37.4466],[-122.007,37.4466],[-122.0085,37.4476],[-122.0102,37.448],[-122.0121,37.448],[-122.0147,37.4472],[-122.0161,37.4471],[-122.0175,37.4476],[-122.0187,37.4488],[-122.0188,37.4504],[-122.0179,37.4534],[-122.018,37.4553],[-122.0182,37.456],[-122.0192,37.4576],[-122.0209,37.4597],[-122.0209,37.4612],[-122.0207,37.4614],[-122.0182,37.4614]]],[[[-121.9783,37.4339],[-121.9782,37.4336],[-121.9787,37.4335],[-121.9782,37.4336],[-121.978,37.434],[-121.9783,37.4339]]],[[[-122.0739,37.449],[-122.0714,37.4505],[-122.0702,37.4505],[-122.0686,37.4509],[-122.0676,37.4506],[-122.0665,37.4494],[-122.0657,37.4491],[-122.0653,37.4484],[-122.0654,37.4466],[-122.0651,37.4456],[-122.0685,37.4425],[-122.069,37.4417],[-122.0683,37.4351],[-122.0724,37.4361],[-122.084,37.4349],[-122.085,37.4351],[-122.0835,37.4382],[-122.0843,37.4397],[-122.0843,37.4414],[-122.0837,37.4422],[-122.0808,37.4429],[-122.0792,37.4443],[-122.0777,37.4472],[-122.0775,37.4502],[-122.0747,37.4499],[-122.0739,37.449]]],[[[-122.0212,37.4569],[-122.0202,37.4556],[-122.0199,37.4545],[-122.0199,37.4538],[-122.0208,37.451],[-122.0209,37.4497],[-122.0201,37.4478],[-122.0197,37.4473],[-122.0177,37.4461],[-122.016,37.4458],[-122.0141,37.4461],[-122.0111,37.4469],[-122.0097,37.4468],[-122.0076,37.4454],[-122.0057,37.4424],[-122.0043,37.4409],[-122.0017,37.4399],[-121.9989,37.4395],[-121.9924,37.4377],[-121.9921,37.437],[-121.9923,37.4357],[-121.9918,37.4341],[-121.991,37.4331],[-121.9886,37.4321],[-121.9876,37.4304],[-121.9824,37.4291],[-121.9828,37.4287],[-121.9807,37.4258],[-121.9807,37.4228],[-121.981,37.4228],[-121.981,37.4203],[-121.9854,37.4186],[-121.9853,37.4184],[-121.9869,37.418],[-121.9869,37.4177],[-121.9945,37.4177],[-121.9947,37.4183],[-121.9952,37.4188],[-121.9969,37.4194],[-121.9969,37.4207],[-121.9989,37.4209],[-121.9994,37.4215],[-121.9988,37.4218],[-121.9989,37.4223],[-121.9996,37.4221],[-122.0006,37.4226],[-122.0005,37.4233],[-122.0001,37.4238],[-122.0002,37.4249],[-122.0022,37.4263],[-122.0025,37.4271],[-122.0035,37.4284],[-122.005,37.4291],[-122.0059,37.4292],[-122.0085,37.4282],[-122.0092,37.4286],[-122.0094,37.4292],[-122.0071,37.4301],[-122.006,37.4316],[-122.006,37.4329],[-122.0071,37.4339],[-122.0106,37.4348],[-122.0122,37.435],[-122.0133,37.4348],[-122.0173,37.4334],[-122.0203,37.4328],[-122.0217,37.4329],[-122.0241,37.4341],[-122.0268,37.4366],[-122.0279,37.4386],[-122.0282,37.44],[-122.0299,37.4418],[-122.0315,37.4423],[-122.0322,37.4422],[-122.0349,37.4409],[-122.0357,37.4409],[-122.0372,37.4412],[-122.0386,37.4422],[-122.0394,37.4434],[-122.0396,37.4446],[-122.0394,37.4458],[-122.0386,37.4467],[-122.0376,37.4469],[-122.0334,37.445],[-122.0322,37.4452],[-122.0309,37.4456],[-122.0294,37.4467],[-122.0289,37.4481],[-122.0288,37.4495],[-122.0294,37.4506],[-122.0301,37.4517],[-122.0315,37.4527],[-122.0343,37.4534],[-122.0392,37.4539],[-122.0398,37.4556],[-122.0358,37.4579],[-122.0338,37.4611],[-122.0252,37.4623],[-122.0251,37.4614],[-122.0241,37.4608],[-122.0212,37.4569]]],[[[-121.9486,37.4805],[-121.948,37.4807],[-121.9481,37.4802],[-121.9491,37.4797],[-121.9497,37.48],[-121.951,37.48],[-121.9505,37.4802],[-121.9502,37.4809],[-121.9494,37.481],[-121.9486,37.4805]]],[[[-122.0803,37.4521],[-122.08,37.4504],[-122.0794,37.45],[-122.0777,37.4502],[-122.0779,37.4473],[-122.0788,37.4452],[-122.0804,37.4434],[-122.0814,37.4429],[-122.0834,37.4424],[-122.0841,37.4419],[-122.0846,37.4404],[-122.0845,37.4397],[-122.0836,37.4382],[-122.0851,37.4351],[-122.0929,37.4357],[-122.0953,37.4356],[-122.0962,37.4351],[-122.0977,37.4357],[-122.0928,37.4388],[-122.0909,37.4396],[-122.0888,37.4428],[-122.0885,37.4446],[-122.0891,37.4446],[-122.0896,37.445],[-122.0894,37.446],[-122.0887,37.4467],[-122.0895,37.4485],[-122.0896,37.4493],[-122.0846,37.4508],[-122.0839,37.4504],[-122.0826,37.4506],[-122.0832,37.4524],[-122.0803,37.4521]]],[[[-121.9568,37.4984],[-121.9544,37.4965],[-121.9545,37.496],[-121.9566,37.4958],[-121.958,37.4895],[-121.9603,37.4896],[-121.9629,37.4903],[-121.9678,37.4938],[-121.9661,37.4953],[-121.9656,37.4949],[-121.9647,37.4956],[-121.9645,37.4962],[-121.9637,37.4964],[-121.9597,37.4999],[-121.9589,37.4993],[-121.9583,37.4993],[-121.9568,37.4984]]],[[[-121.9875,37.4944],[-121.9837,37.4909],[-121.9876,37.4945],[-121.987,37.4948],[-121.9866,37.4947],[-121.985,37.4932],[-121.9839,37.493],[-121.9829,37.4932],[-121.9801,37.4949],[-121.9786,37.4944],[-121.9783,37.4946],[-121.9768,37.4939],[-121.9762,37.4947],[-121.9752,37.4949],[-121.9745,37.4945],[-121.9743,37.4939],[-121.9701,37.492],[-121.9681,37.4936],[-121.9633,37.4902],[-121.9606,37.4893],[-121.9582,37.4892],[-121.9596,37.4877],[-121.9592,37.4879],[-121.959,37.4879],[-121.9592,37.4877],[-121.9545,37.488],[-121.9513,37.4869],[-121.9486,37.4839],[-121.9485,37.4834],[-121.9515,37.4812],[-121.9517,37.4806],[-121.9512,37.4795],[-121.9514,37.479],[-121.9535,37.4781],[-121.9539,37.4759],[-121.9542,37.4756],[-121.9557,37.4753],[-121.9566,37.4747],[-121.957,37.4736],[-121.9572,37.4721],[-121.958,37.4711],[-121.9612,37.4699],[-121.9663,37.4685],[-121.97,37.4682],[-121.9714,37.4685],[-121.9738,37.4699],[-121.9732,37.478],[-121.9735,37.4796],[-121.9742,37.4812],[-121.9755,37.4828],[-121.9888,37.4952],[-121.9886,37.4954],[-121.9875,37.4944]]],[[[-122.0536,37.4913],[-122.0513,37.4913],[-122.0513,37.4916],[-122.0402,37.4919],[-122.037,37.4913],[-122.0352,37.49],[-122.0339,37.4883],[-122.0334,37.4867],[-122.0329,37.4837],[-122.0323,37.4819],[-122.0316,37.4805],[-122.0299,37.4784],[-122.029,37.4777],[-122.028,37.4773],[-122.0263,37.4773],[-122.0249,37.4784],[-122.0243,37.4805],[-122.0242,37.4822],[-122.0235,37.4832],[-122.0228,37.4836],[-122.0207,37.4837],[-122.0184,37.483],[-122.0174,37.4823],[-122.0155,37.4803],[-122.0145,37.4801],[-122.0133,37.4805],[-122.0119,37.4823],[-122.0112,37.4849],[-122.0104,37.4865],[-122.0089,37.488],[-122.0089,37.4893],[-122.0092,37.4903],[-122.0102,37.492],[-122.0102,37.4928],[-122.0093,37.4934],[-122.0066,37.4937],[-122.0058,37.4945],[-122.005,37.4947],[-122.0034,37.4945],[-121.9997,37.4935],[-121.9965,37.4889],[-121.9933,37.4851],[-121.9784,37.485],[-121.9783,37.4844],[-121.9777,37.4844],[-121.975,37.4817],[-121.9738,37.4793],[-121.9736,37.4775],[-121.9741,37.47],[-121.9757,37.4707],[-121.9776,37.471],[-121.9799,37.4707],[-121.9821,37.4695],[-121.9853,37.4663],[-121.9874,37.4658],[-121.9884,37.466],[-121.9921,37.468],[-121.9938,37.4687],[-121.9972,37.4694],[-121.9996,37.4694],[-122.0003,37.4708],[-122.0013,37.4718],[-122.0029,37.4727],[-122.0055,37.4732],[-122.0062,37.4738],[-122.0065,37.4745],[-122.0065,37.4756],[-122.006,37.4766],[-122.0042,37.4781],[-122.0012,37.479],[-121.9993,37.4791],[-121.9969,37.4788],[-121.9962,37.4792],[-121.9961,37.4798],[-121.9963,37.4802],[-121.9971,37.4806],[-121.9992,37.481],[-121.9998,37.4816],[-122.0001,37.4823],[-121.9999,37.4817],[-121.9991,37.4809],[-121.9972,37.4806],[-121.9964,37.4802],[-121.9962,37.4795],[-121.9963,37.4792],[-121.9969,37.4789],[-122.0002,37.4792],[-122.0034,37.4787],[-122.0047,37.478],[-122.0059,37.4771],[-122.0065,37.4762],[-122.0068,37.4751],[-122.0066,37.4739],[-122.006,37.4732],[-122.0024,37.4722],[-122.001,37.4711],[-122.0005,37.4705],[-122.0003,37.4696],[-122.0011,37.4692],[-122.0026,37.4689],[-122.0106,37.4686],[-122.0158,37.4679],[-122.0254,37.469],[-122.036,37.4694],[-122.0395,37.4689],[-122.0418,37.4693],[-122.0489,37.4666],[-122.0502,37.4665],[-122.0508,37.467],[-122.0516,37.4694],[-122.0518,37.4694],[-122.0514,37.4701],[-122.0521,37.4718],[-122.0506,37.4784],[-122.0536,37.4913]]],[[[-121.9967,37.5055],[-121.9964,37.5058],[-121.9961,37.5055],[-121.9956,37.5059],[-121.9925,37.5031],[-121.9931,37.5032],[-121.9933,37.5028],[-121.9921,37.5027],[-121.9906,37.5013],[-121.9913,37.4999],[-121.9919,37.5002],[-121.9919,37.4989],[-121.9921,37.4985],[-121.9978,37.5038],[-121.9956,37.5034],[-121.994,37.5026],[-121.9939,37.5028],[-121.9937,37.5033],[-121.9977,37.5041],[-121.9971,37.5058],[-121.9967,37.5055]]],[[[-122.1428,37.4871],[-122.1422,37.4868],[-122.1434,37.4868],[-122.1428,37.4871]]],[[[-122.13,37.4971],[-122.1398,37.4886],[-122.1396,37.4885],[-122.1297,37.4974],[-122.129,37.4969],[-122.1285,37.4973],[-122.1275,37.4937],[-122.1274,37.4938],[-122.1271,37.4911],[-122.1263,37.4916],[-122.1259,37.4904],[-122.1326,37.4865],[-122.1337,37.4865],[-122.1365,37.4843],[-122.138,37.4826],[-122.1398,37.4822],[-122.1418,37.4867],[-122.1311,37.4962],[-122.1312,37.4963],[-122.1299,37.4975],[-122.13,37.4971]]],[[[-122.0862,37.5045],[-122.0863,37.5043],[-122.0878,37.504],[-122.0878,37.4985],[-122.0919,37.4985],[-122.0919,37.5002],[-122.094,37.4996],[-122.0961,37.4996],[-122.0985,37.4991],[-122.1023,37.499],[-122.1032,37.4988],[-122.1037,37.4991],[-122.104,37.4988],[-122.1041,37.499],[-122.105,37.4988],[-122.1066,37.4995],[-122.0926,37.5088],[-122.0881,37.511],[-122.0824,37.5131],[-122.0831,37.5122],[-122.0852,37.51],[-122.0863,37.5082],[-122.0865,37.5065],[-122.086,37.5052],[-122.0862,37.5045]]],[[[-122.111,37.4992],[-122.1169,37.5053],[-122.1157,37.5061],[-122.1099,37.4998],[-122.111,37.4992]]],[[[-122.1164,37.5057],[-122.1169,37.5053],[-122.1175,37.506],[-122.1163,37.5068],[-122.1157,37.5061],[-122.1164,37.5057]]],[[[-122.0646,37.513],[-122.061,37.5141],[-122.0607,37.5144],[-122.0609,37.5149],[-122.0558,37.5143],[-122.0551,37.51],[-122.0544,37.5102],[-122.0546,37.5087],[-122.0573,37.5019],[-122.0578,37.5011],[-122.0579,37.5003],[-122.0514,37.4985],[-122.0514,37.4975],[-122.0406,37.4947],[-122.0354,37.494],[-122.0323,37.4899],[-122.0309,37.4901],[-122.0299,37.4889],[-122.0307,37.4882],[-122.0309,37.4841],[-122.0308,37.4831],[-122.0303,37.482],[-122.0282,37.4794],[-122.027,37.4785],[-122.0264,37.4785],[-122.0259,37.4793],[-122.0256,37.4819],[-122.0251,37.4831],[-122.0236,37.484],[-122.0223,37.4844],[-122.0204,37.4844],[-122.0182,37.4838],[-122.0149,37.4812],[-122.0141,37.4813],[-122.0133,37.4823],[-122.0127,37.4848],[-122.0117,37.4866],[-122.0098,37.4882],[-122.0101,37.4898],[-122.011,37.4928],[-122.0108,37.4933],[-122.0097,37.4939],[-122.0073,37.4943],[-122.0068,37.4946],[-122.006,37.4946],[-122.0067,37.4939],[-122.0093,37.4937],[-122.0103,37.4932],[-122.0105,37.4924],[-122.0091,37.4894],[-122.009,37.4884],[-122.0092,37.488],[-122.011,37.4862],[-122.0124,37.4822],[-122.0133,37.4808],[-122.0143,37.4804],[-122.0152,37.4806],[-122.0167,37.4823],[-122.0182,37.4834],[-122.0197,37.4839],[-122.0213,37.4841],[-122.0227,37.4839],[-122.0238,37.4834],[-122.0247,37.4822],[-122.0249,37.4797],[-122.0256,37.4782],[-122.0267,37.4777],[-122.0277,37.4778],[-122.0293,37.4789],[-122.0308,37.4809],[-122.0316,37.4823],[-122.0324,37.4873],[-122.0334,37.4896],[-122.0352,37.4913],[-122.0376,37.4926],[-122.0422,37.4933],[-122.0474,37.493],[-122.0512,37.4931],[-122.0513,37.4928],[-122.0581,37.4934],[-122.0619,37.4932],[-122.0649,37.4937],[-122.0668,37.4942],[-122.0662,37.4944],[-122.0668,37.4945],[-122.0736,37.494],[-122.077,37.4942],[-122.0783,37.4944],[-122.0801,37.4951],[-122.081,37.4963],[-122.0811,37.4968],[-122.0783,37.5031],[-122.078,37.5047],[-122.0776,37.5055],[-122.0787,37.5058],[-122.0841,37.5047],[-122.0843,37.5055],[-122.084,37.5061],[-122.0831,37.5071],[-122.0819,37.508],[-122.0788,37.5086],[-122.0771,37.5093],[-122.0745,37.5095],[-122.0708,37.5081],[-122.0691,37.5082],[-122.067,37.5075],[-122.0627,37.506],[-122.0614,37.5049],[-122.0554,37.5069],[-122.0546,37.5088],[-122.0545,37.5102],[-122.0548,37.5101],[-122.0548,37.509],[-122.0556,37.5071],[-122.0613,37.5052],[-122.0629,37.5064],[-122.0683,37.5084],[-122.0695,37.5088],[-122.0702,37.5087],[-122.0712,37.509],[-122.0734,37.5099],[-122.0752,37.5102],[-122.077,37.51],[-122.0794,37.5091],[-122.0824,37.5084],[-122.0834,37.5077],[-122.0847,37.5061],[-122.0853,37.5063],[-122.0854,37.5069],[-122.0851,37.5083],[-122.0843,37.5096],[-122.0819,37.5123],[-122.0815,37.5134],[-122.0673,37.5182],[-122.0646,37.513]]],[[[-122.0709,37.5188],[-122.0703,37.5175],[-122.0814,37.5138],[-122.0825,37.5146],[-122.0837,37.515],[-122.0855,37.5146],[-122.0876,37.5137],[-122.0887,37.5135],[-122.0892,37.5139],[-122.0887,37.5152],[-122.071,37.519],[-122.0709,37.5188]]],[[[-122.0885,37.5128],[-122.0871,37.5131],[-122.0842,37.5142],[-122.0828,37.5141],[-122.0826,37.5137],[-122.0879,37.5116],[-122.0921,37.5096],[-122.107,37.4999],[-122.1068,37.5001],[-122.107,37.5002],[-122.0979,37.5085],[-122.0969,37.5098],[-122.0955,37.5122],[-122.0942,37.5134],[-122.0926,37.5143],[-122.0896,37.515],[-122.0899,37.5134],[-122.0885,37.5128]]],[[[-122.1612,37.4983],[-122.1595,37.4983],[-122.1573,37.4988],[-122.1547,37.4981],[-122.1538,37.4972],[-122.1541,37.4957],[-122.1547,37.4947],[-122.1547,37.4933],[-122.1545,37.4926],[-122.1538,37.4917],[-122.1518,37.4904],[-122.1503,37.4901],[-122.1494,37.4908],[-122.1476,37.4912],[-122.1461,37.4913],[-122.1441,37.491],[-122.1427,37.49],[-122.1421,37.4884],[-122.1424,37.4878],[-122.1439,37.4868],[-122.1512,37.4868],[-122.1512,37.4823],[-122.1577,37.4823],[-122.1651,37.4831],[-122.17,37.4848],[-122.1776,37.4865],[-122.17,37.4849],[-122.1644,37.4831],[-122.1583,37.4824],[-122.1521,37.4825],[-122.1518,37.4826],[-122.1517,37.483],[-122.152,37.4847],[-122.1519,37.4862],[-122.1519,37.487],[-122.1515,37.4874],[-122.1442,37.4873],[-122.1434,37.4875],[-122.1427,37.4884],[-122.1427,37.4889],[-122.1428,37.4882],[-122.1438,37.4874],[-122.1515,37.4874],[-122.1519,37.4868],[-122.152,37.4847],[-122.1517,37.4832],[-122.1518,37.4826],[-122.1521,37.4825],[-122.1583,37.4824],[-122.1644,37.4831],[-122.17,37.4849],[-122.1776,37.4866],[-122.1775,37.4868],[-122.1739,37.4868],[-122.1739,37.4894],[-122.1681,37.4894],[-122.1681,37.4961],[-122.165,37.4989],[-122.164,37.4985],[-122.1612,37.4983]]],[[[-122.0561,37.5257],[-122.0563,37.5261],[-122.0559,37.5262],[-122.0561,37.5257]]],[[[-122.1389,37.5079],[-122.1385,37.5075],[-122.1381,37.5078],[-122.1369,37.5079],[-122.1348,37.5069],[-122.1329,37.5055],[-122.1329,37.4961],[-122.1358,37.4935],[-122.1379,37.4954],[-122.1413,37.4931],[-122.1387,37.4908],[-122.1414,37.4883],[-122.1418,37.4892],[-122.1418,37.4894],[-122.1414,37.4895],[-122.1437,37.4916],[-122.1465,37.4921],[-122.151,37.4919],[-122.1522,37.4921],[-122.153,37.4926],[-122.1532,37.4928],[-122.1533,37.4942],[-122.1526,37.4965],[-122.1532,37.4985],[-122.1549,37.4998],[-122.155,37.5001],[-122.1554,37.5001],[-122.1578,37.501],[-122.1517,37.503],[-122.1508,37.5026],[-122.149,37.5029],[-122.1484,37.5047],[-122.1465,37.5054],[-122.1446,37.5058],[-122.1418,37.507],[-122.1414,37.507],[-122.1413,37.5073],[-122.1403,37.5077],[-122.1389,37.5079]]],[[[-122.057,37.5265],[-122.0573,37.5264],[-122.0577,37.5269],[-122.057,37.5265]]],[[[-122.1389,37.511],[-122.1374,37.5104],[-122.1359,37.5092],[-122.1324,37.5073],[-122.1292,37.5046],[-122.1274,37.5027],[-122.1266,37.5011],[-122.129,37.4995],[-122.1294,37.501],[-122.1308,37.5036],[-122.1329,37.506],[-122.1385,37.509],[-122.1388,37.5106],[-122.1397,37.5105],[-122.1421,37.5092],[-122.1481,37.5057],[-122.1486,37.505],[-122.1512,37.505],[-122.1512,37.5038],[-122.1542,37.5026],[-122.1568,37.5016],[-122.1581,37.5016],[-122.159,37.5021],[-122.1598,37.5029],[-122.1599,37.5035],[-122.1594,37.5045],[-122.1578,37.506],[-122.1566,37.5078],[-122.1548,37.5091],[-122.1522,37.5098],[-122.1478,37.5105],[-122.1402,37.5112],[-122.1389,37.511]]],[[[-122.2236,37.498],[-122.2242,37.497],[-122.2272,37.4952],[-122.2273,37.4953],[-122.2244,37.4971],[-122.2238,37.498],[-122.2236,37.498]]],[[[-122.2236,37.498],[-122.2235,37.4982],[-122.2216,37.4982],[-122.2216,37.498],[-122.2236,37.498]]],[[[-122.057,37.534],[-122.0554,37.5331],[-122.0527,37.5291],[-122.0571,37.5281],[-122.0584,37.5274],[-122.0628,37.5291],[-122.0616,37.5327],[-122.0607,37.5325],[-122.0586,37.5348],[-122.057,37.534]]],[[[-122.0802,37.5297],[-122.0788,37.5303],[-122.0772,37.5325],[-122.0768,37.5326],[-122.0761,37.5325],[-122.0743,37.5304],[-122.0707,37.5286],[-122.0706,37.528],[-122.071,37.526],[-122.0708,37.5254],[-122.0701,37.525],[-122.0684,37.5253],[-122.0662,37.5267],[-122.0658,37.5278],[-122.065,37.5283],[-122.0632,37.5285],[-122.0637,37.5278],[-122.0604,37.5215],[-122.0697,37.5195],[-122.0697,37.5201],[-122.0884,37.516],[-122.0877,37.5172],[-122.0857,37.5196],[-122.0836,37.523],[-122.0838,37.5243],[-122.0843,37.5248],[-122.0852,37.5252],[-122.0884,37.5253],[-122.0896,37.526],[-122.0904,37.5268],[-122.0913,37.5288],[-122.0912,37.5299],[-122.0907,37.5304],[-122.089,37.5309],[-122.0839,37.5305],[-122.0802,37.5297]]],[[[-122.0783,37.5337],[-122.0767,37.5337],[-122.0751,37.5333],[-122.0727,37.5325],[-122.0685,37.5299],[-122.0631,37.5287],[-122.0632,37.5286],[-122.0645,37.5286],[-122.0651,37.5284],[-122.0659,37.5279],[-122.0663,37.527],[-122.0667,37.5266],[-122.0684,37.5255],[-122.0697,37.5251],[-122.0705,37.5253],[-122.0708,37.526],[-122.0704,37.528],[-122.0705,37.5287],[-122.0737,37.5304],[-122.0745,37.531],[-122.0754,37.5324],[-122.0763,37.5329],[-122.0775,37.5326],[-122.0789,37.5306],[-122.08,37.53],[-122.0872,37.5313],[-122.0896,37.5312],[-122.0906,37.5309],[-122.0915,37.53],[-122.0918,37.5293],[-122.0914,37.5279],[-122.0902,37.5261],[-122.089,37.5251],[-122.0882,37.5249],[-122.0856,37.5248],[-122.0846,37.5244],[-122.0841,37.5236],[-122.0842,37.523],[-122.0861,37.5199],[-122.0885,37.5171],[-122.0893,37.5158],[-122.0931,37.5149],[-122.0955,37.5136],[-122.0967,37.5124],[-122.098,37.51],[-122.099,37.5089],[-122.1073,37.5013],[-122.108,37.5017],[-122.109,37.5027],[-122.1106,37.5056],[-122.1106,37.5082],[-122.1109,37.51],[-122.1111,37.5102],[-122.1096,37.5114],[-122.1097,37.5115],[-122.1022,37.5219],[-122.0941,37.5289],[-122.091,37.5309],[-122.0888,37.5318],[-122.0859,37.5326],[-122.0783,37.5337]]],[[[-122.0645,37.5297],[-122.0653,37.5297],[-122.0668,37.5302],[-122.0688,37.5304],[-122.0717,37.5324],[-122.0749,37.5336],[-122.0747,37.5338],[-122.0753,37.534],[-122.072,37.5356],[-122.0724,37.5362],[-122.0694,37.5383],[-122.0685,37.5385],[-122.067,37.5384],[-122.0666,37.5381],[-122.0647,37.5341],[-122.064,37.5299],[-122.0645,37.5297]]],[[[-122.2387,37.5074],[-122.238,37.5081],[-122.2368,37.508],[-122.2302,37.5055],[-122.2293,37.5049],[-122.2286,37.5041],[-122.2279,37.5022],[-122.2273,37.5014],[-122.2251,37.5001],[-122.2244,37.5005],[-122.2237,37.498],[-122.2318,37.4982],[-122.2313,37.4989],[-122.2319,37.4993],[-122.2326,37.4982],[-122.2369,37.4982],[-122.2389,37.4996],[-122.2387,37.4997],[-122.239,37.5],[-122.2392,37.4999],[-122.2431,37.5033],[-122.2434,37.5031],[-122.244,37.5037],[-122.2439,37.5038],[-122.2445,37.5041],[-122.2443,37.5042],[-122.2445,37.5044],[-122.2447,37.5043],[-122.2462,37.5056],[-122.246,37.5057],[-122.2463,37.506],[-122.2457,37.5064],[-122.2427,37.5038],[-122.2402,37.5057],[-122.2426,37.5078],[-122.2405,37.5079],[-122.2393,37.5078],[-122.2387,37.5074]]],[[[-122.2117,37.5204],[-122.2093,37.5189],[-122.2112,37.5165],[-122.2117,37.5144],[-122.2128,37.5118],[-122.2134,37.5094],[-122.2148,37.5086],[-122.2152,37.5077],[-122.2222,37.5052],[-122.2228,37.5046],[-122.2238,37.5018],[-122.2245,37.5017],[-122.2245,37.5022],[-122.2233,37.5052],[-122.2203,37.5178],[-122.2189,37.5179],[-122.2183,37.5192],[-122.2168,37.5183],[-122.2148,37.5199],[-122.2133,37.5206],[-122.2117,37.5204]]],[[[-122.1904,37.5285],[-122.1874,37.5266],[-122.1804,37.5205],[-122.1772,37.5171],[-122.1741,37.5143],[-122.1671,37.5096],[-122.1658,37.5082],[-122.1654,37.507],[-122.1653,37.5055],[-122.1658,37.5039],[-122.1668,37.5026],[-122.1664,37.5024],[-122.166,37.5003],[-122.1664,37.4999],[-122.1661,37.4993],[-122.1662,37.4987],[-122.1683,37.4969],[-122.1699,37.4964],[-122.173,37.4968],[-122.1749,37.4974],[-122.1769,37.4989],[-122.1776,37.5012],[-122.1775,37.5019],[-122.1765,37.5027],[-122.1765,37.5032],[-122.1771,37.5045],[-122.1776,37.5048],[-122.1833,37.5063],[-122.185,37.5063],[-122.1875,37.5054],[-122.1883,37.5036],[-122.1887,37.5034],[-122.1892,37.5032],[-122.1906,37.5035],[-122.1918,37.5049],[-122.1917,37.5051],[-122.1925,37.5071],[-122.1923,37.5075],[-122.1913,37.5075],[-122.19,37.5083],[-122.1885,37.5098],[-122.1879,37.5108],[-122.1878,37.5125],[-122.1886,37.5144],[-122.1903,37.5157],[-122.1917,37.5161],[-122.1973,37.5164],[-122.2002,37.5169],[-122.2018,37.5179],[-122.2033,37.5196],[-122.1935,37.5196],[-122.1967,37.5236],[-122.1968,37.5263],[-122.1944,37.5263],[-122.1945,37.528],[-122.1922,37.528],[-122.1922,37.5289],[-122.1904,37.5285]]],[[[-122.2226,37.5217],[-122.2231,37.5206],[-122.2273,37.5205],[-122.226,37.5218],[-122.2242,37.5226],[-122.2229,37.5226],[-122.2226,37.5223],[-122.2226,37.5217]]],[[[-122.2307,37.5187],[-122.235,37.5184],[-122.2348,37.5192],[-122.2343,37.52],[-122.2327,37.5209],[-122.2317,37.5207],[-122.2307,37.5187]]],[[[-122.2388,37.5199],[-122.2387,37.5195],[-122.2393,37.5195],[-122.2386,37.5087],[-122.2433,37.5089],[-122.2443,37.5097],[-122.2464,37.5131],[-122.2466,37.5148],[-122.2464,37.5193],[-122.2454,37.5216],[-122.2445,37.5232],[-122.2397,37.5216],[-122.2392,37.5212],[-122.2388,37.5199]]],[[[-122.1986,37.5304],[-122.1962,37.5346],[-122.1973,37.5353],[-122.1973,37.5385],[-122.1969,37.5385],[-122.1963,37.5381],[-122.1953,37.537],[-122.1952,37.5379],[-122.1952,37.5382],[-122.195,37.5381],[-122.1949,37.537],[-122.1951,37.5368],[-122.1944,37.5356],[-122.1943,37.5349],[-122.1945,37.5337],[-122.1948,37.5337],[-122.1949,37.5317],[-122.1958,37.5303],[-122.1966,37.5295],[-122.1964,37.5294],[-122.2009,37.5263],[-122.2017,37.5266],[-122.2026,37.5256],[-122.2064,37.5239],[-122.1982,37.5316],[-122.2025,37.5344],[-122.2013,37.5355],[-122.2061,37.5388],[-122.2046,37.5402],[-122.1963,37.5346],[-122.1986,37.5304]]],[[[-122.1177,37.5692],[-122.1125,37.5672],[-122.1084,37.5659],[-122.109,37.5632],[-122.1085,37.5615],[-122.1079,37.5609],[-122.1074,37.5608],[-122.1052,37.5617],[-122.1025,37.5637],[-122.1007,37.5625],[-122.0993,37.562],[-122.0996,37.5615],[-122.1,37.5592],[-122.0989,37.5579],[-122.0977,37.5547],[-122.0977,37.5511],[-122.0981,37.5507],[-122.0927,37.5464],[-122.0913,37.5464],[-122.0903,37.5446],[-122.0882,37.5438],[-122.0879,37.5411],[-122.0883,37.5396],[-122.0881,37.5394],[-122.0862,37.5394],[-122.0861,37.5388],[-122.0866,37.5378],[-122.0856,37.5365],[-122.0849,37.5372],[-122.0818,37.5361],[-122.0802,37.5367],[-122.0795,37.5367],[-122.079,37.5359],[-122.0779,37.5361],[-122.0775,37.5358],[-122.0771,37.5351],[-122.0799,37.5343],[-122.0875,37.533],[-122.0902,37.5322],[-122.0939,37.5302],[-122.0997,37.5253],[-122.1012,37.5284],[-122.1036,37.5277],[-122.1016,37.5236],[-122.1035,37.5217],[-122.1079,37.5157],[-122.1102,37.5129],[-122.11,37.5167],[-122.1108,37.5249],[-122.1119,37.5286],[-122.1122,37.5288],[-122.112,37.5288],[-122.112,37.5291],[-122.1124,37.5296],[-122.1133,37.5302],[-122.1139,37.5335],[-122.1297,37.5336],[-122.1363,37.5419],[-122.1404,37.548],[-122.1289,37.5617],[-122.1295,37.5625],[-122.1256,37.5672],[-122.1237,37.5686],[-122.1219,37.5693],[-122.1199,37.5695],[-122.1177,37.5692]]],[[[-122.2255,37.5446],[-122.2259,37.5459],[-122.2291,37.5483],[-122.2317,37.5485],[-122.2259,37.5484],[-122.2244,37.5469],[-122.2246,37.5456],[-122.2255,37.5446]]],[[[-122.085,37.5878],[-122.0823,37.5831],[-122.084,37.5825],[-122.0841,37.5828],[-122.0842,37.5824],[-122.0849,37.5822],[-122.0865,37.5822],[-122.0882,37.5844],[-122.0861,37.5875],[-122.085,37.5878]]],[[[-122.1392,37.6583],[-122.1401,37.6578],[-122.1415,37.6594],[-122.1416,37.6609],[-122.1392,37.6583]]]]},"properties":{"id":"usgs-pad-us-fee-managers:3764","name":"Don Edwards San Francisco Bay National Wildlife Refuge","kind":"land","category":"public-land","sourceCategory":"public-land","sourceId":"usgs-pad-us-fee-managers","sourceUrl":"https://services.arcgis.com/v01gqwM5QqNysAAi/arcgis/rest/services/Fee_Managers_PADUS/FeatureServer/0","sourceUpdated":"2021-01-28T05:00:00.000Z","publicUse":"PAD-US reports restricted access; confirm permits and seasonal rules with the manager.","unit":"FWS","origin":"public-catalog"}},{"type":"Feature","id":"usgs-pad-us-fee-managers:3783","geometry":{"type":"MultiPolygon","coordinates":[[[[-121.8359,36.9232],[-121.8345,36.9231],[-121.8333,36.9235],[-121.8326,36.9215],[-121.8354,36.9209],[-121.8332,36.9184],[-121.8346,36.9187],[-121.8373,36.9217],[-121.8389,36.9224],[-121.8378,36.9233],[-121.8359,36.9232]]],[[[-121.8374,36.9214],[-121.8378,36.9212],[-121.8428,36.9227],[-121.8422,36.9232],[-121.8386,36.9221],[-121.8374,36.9214]]],[[[-121.8406,36.9299],[-121.8384,36.9301],[-121.8355,36.9266],[-121.8338,36.927],[-121.8333,36.9258],[-121.8351,36.925],[-121.8343,36.9245],[-121.8376,36.9238],[-121.8398,36.9259],[-121.8405,36.9252],[-121.8446,36.9276],[-121.8431,36.9293],[-121.8406,36.9299]]],[[[-121.8464,36.9592],[-121.8459,36.9578],[-121.8446,36.9566],[-121.8446,36.9562],[-121.8467,36.9556],[-121.8479,36.957],[-121.8486,36.957],[-121.8494,36.9575],[-121.8486,36.9585],[-121.8478,36.9586],[-121.8475,36.959],[-121.8476,36.9599],[-121.847,36.9609],[-121.8475,36.9631],[-121.8462,36.9631],[-121.8464,36.9592]]]]},"properties":{"id":"usgs-pad-us-fee-managers:3783","name":"Ellicott Slough National Wildlife Refuge","kind":"land","category":"public-land","sourceCategory":"public-land","sourceId":"usgs-pad-us-fee-managers","sourceUrl":"https://services.arcgis.com/v01gqwM5QqNysAAi/arcgis/rest/services/Fee_Managers_PADUS/FeatureServer/0","sourceUpdated":"2021-01-28T05:00:00.000Z","publicUse":"PAD-US reports restricted access; confirm permits and seasonal rules with the manager.","unit":"FWS","origin":"public-catalog"}},{"type":"Feature","id":"usgs-pad-us-fee-managers:3795","geometry":{"type":"MultiPolygon","coordinates":[[[[-123.0324,37.728],[-123.032,37.7278],[-123.032,37.7275],[-123.0326,37.7279],[-123.0324,37.728]]],[[[-123.0949,37.7647],[-123.0951,37.7646],[-123.0953,37.7647],[-123.0949,37.7647]]],[[[-123.0945,37.7656],[-123.0947,37.7656],[-123.0945,37.7657],[-123.0945,37.7656]]],[[[-123.0986,37.7647],[-123.0985,37.7645],[-123.0989,37.7645],[-123.0983,37.7645],[-123.0979,37.7641],[-123.0985,37.7641],[-123.0993,37.7644],[-123.0994,37.7646],[-123.0986,37.7647]]],[[[-123.0982,37.7656],[-123.0984,37.7653],[-123.0987,37.7653],[-123.0985,37.7656],[-123.0982,37.7656]]],[[[-123.0981,37.7658],[-123.0983,37.7659],[-123.0982,37.766],[-123.0981,37.7658]]],[[[-123.0983,37.7661],[-123.0984,37.7661],[-123.0985,37.7661],[-123.0983,37.7661]]],[[[-123.0981,37.7662],[-123.0982,37.7662],[-123.0983,37.7663],[-123.0981,37.7662]]],[[[-123.099,37.7663],[-123.0992,37.7663],[-123.0991,37.7664],[-123.099,37.7663]]],[[[-123.0983,37.7665],[-123.0985,37.7667],[-123.0984,37.7668],[-123.0982,37.7667],[-123.0983,37.7665]]],[[[-123.1004,37.7674],[-123.0997,37.7671],[-123.1006,37.7668],[-123.1012,37.7673],[-123.1009,37.7676],[-123.1004,37.7674]]],[[[-123.0989,37.7679],[-123.0987,37.7676],[-123.0989,37.7672],[-123.0992,37.7671],[-123.0996,37.7678],[-123.0993,37.768],[-123.099,37.7679],[-123.0991,37.7681],[-123.0989,37.7679]]],[[[-123.1081,37.771],[-123.1078,37.7709],[-123.1082,37.7708],[-123.1081,37.771]]],[[[-123.108,37.7721],[-123.1082,37.772],[-123.108,37.7721],[-123.108,37.7721]]],[[[-123.1073,37.7722],[-123.1068,37.7719],[-123.1068,37.7713],[-123.1078,37.7708],[-123.1072,37.7718],[-123.1077,37.7721],[-123.1073,37.7722]]],[[[-123.1068,37.7728],[-123.107,37.7728],[-123.1069,37.7729],[-123.1068,37.7728]]],[[[-123.1068,37.7729],[-123.1068,37.7729],[-123.1068,37.773],[-123.1068,37.7729]]],[[[-123.1651,37.7925],[-123.1653,37.7922],[-123.1658,37.7921],[-123.1661,37.7924],[-123.1655,37.793],[-123.1651,37.7929],[-123.1651,37.7925]]]]},"properties":{"id":"usgs-pad-us-fee-managers:3795","name":"Farallon Islands National Wildlife Refuge","kind":"land","category":"public-land","sourceCategory":"public-land","sourceId":"usgs-pad-us-fee-managers","sourceUrl":"https://services.arcgis.com/v01gqwM5QqNysAAi/arcgis/rest/services/Fee_Managers_PADUS/FeatureServer/0","sourceUpdated":"2021-01-28T05:00:00.000Z","publicUse":"PAD-US reports restricted access; confirm permits and seasonal rules with the manager.","unit":"FWS","origin":"public-catalog"}},{"type":"Feature","id":"usgs-pad-us-fee-managers:3852","geometry":{"type":"MultiPolygon","coordinates":[[[[-120.6099,37.157],[-120.6173,37.157],[-120.6196,37.1586],[-120.6313,37.1633],[-120.6365,37.168],[-120.6188,37.1679],[-120.6189,37.1643],[-120.6098,37.1642],[-120.6099,37.157]]],[[[-120.6369,37.1716],[-120.6369,37.1684],[-120.64,37.1712],[-120.6412,37.1716],[-120.6369,37.1716]]],[[[-120.5983,37.2077],[-120.5986,37.186],[-120.6348,37.1862],[-120.6346,37.2007],[-120.6165,37.2004],[-120.6164,37.2077],[-120.5983,37.2077]]],[[[-120.8473,37.2081],[-120.8457,37.2053],[-120.8393,37.1906],[-120.8416,37.1906],[-120.8439,37.1926],[-120.8466,37.2012],[-120.8498,37.2039],[-120.8557,37.2055],[-120.8608,37.2038],[-120.8619,37.2053],[-120.8622,37.2081],[-120.8639,37.2103],[-120.8654,37.2117],[-120.863,37.2138],[-120.8647,37.2165],[-120.8596,37.219],[-120.8516,37.215],[-120.8473,37.2081]]],[[[-120.7427,37.2736],[-120.738,37.2878],[-120.738,37.2935],[-120.7241,37.2926],[-120.7241,37.2879],[-120.7151,37.2879],[-120.7152,37.2805],[-120.7061,37.2805],[-120.7064,37.2443],[-120.7067,37.2443],[-120.7073,37.2453],[-120.7193,37.2547],[-120.7308,37.2645],[-120.7359,37.2676],[-120.7427,37.2736]]],[[[-120.9262,37.2674],[-120.9308,37.2674],[-120.9308,37.2714],[-120.9304,37.2714],[-120.9305,37.2681],[-120.9298,37.2677],[-120.9262,37.2677],[-120.9262,37.2674]]],[[[-120.7427,37.2736],[-120.7427,37.2299],[-120.7608,37.2298],[-120.7608,37.2444],[-120.7792,37.2444],[-120.7792,37.2143],[-120.7813,37.2134],[-120.782,37.2136],[-120.7824,37.2143],[-120.7827,37.2171],[-120.7823,37.2182],[-120.7825,37.2212],[-120.7843,37.2232],[-120.7849,37.2234],[-120.7891,37.2228],[-120.7902,37.2231],[-120.7913,37.2225],[-120.7931,37.2225],[-120.794,37.2229],[-120.7953,37.222],[-120.799,37.2231],[-120.7996,37.2235],[-120.7999,37.2253],[-120.8005,37.2259],[-120.8024,37.2266],[-120.8041,37.2261],[-120.8045,37.2263],[-120.8049,37.2288],[-120.8056,37.2301],[-120.8066,37.2303],[-120.8083,37.2288],[-120.8091,37.2291],[-120.8094,37.2295],[-120.8097,37.2308],[-120.8093,37.2333],[-120.8346,37.2197],[-120.8347,37.2208],[-120.8366,37.2225],[-120.8364,37.2232],[-120.8353,37.2241],[-120.8356,37.2247],[-120.837,37.2247],[-120.8376,37.2242],[-120.8394,37.2238],[-120.8401,37.2239],[-120.8406,37.2243],[-120.8424,37.2245],[-120.8429,37.2249],[-120.8429,37.226],[-120.8425,37.2277],[-120.8421,37.2281],[-120.8406,37.2286],[-120.8404,37.2295],[-120.8409,37.23],[-120.8423,37.2301],[-120.8428,37.2303],[-120.843,37.2307],[-120.8431,37.2318],[-120.8443,37.2327],[-120.8443,37.2339],[-120.8438,37.2357],[-120.844,37.2364],[-120.8452,37.2366],[-120.8469,37.2359],[-120.8477,37.2364],[-120.8485,37.2375],[-120.8479,37.2386],[-120.8479,37.2398],[-120.8467,37.2404],[-120.845,37.2401],[-120.8445,37.2409],[-120.8442,37.2428],[-120.8452,37.2438],[-120.8467,37.2436],[-120.8487,37.2449],[-120.8491,37.2455],[-120.8485,37.246],[-120.8487,37.2464],[-120.85,37.2464],[-120.8505,37.2461],[-120.8506,37.2456],[-120.851,37.2456],[-120.8515,37.2465],[-120.8512,37.2469],[-120.8513,37.2473],[-120.8519,37.2476],[-120.8519,37.2519],[-120.8512,37.2563],[-120.8512,37.2948],[-120.8489,37.2945],[-120.8468,37.2938],[-120.8455,37.2944],[-120.8425,37.2948],[-120.8422,37.2947],[-120.8408,37.2932],[-120.8407,37.2927],[-120.8411,37.2921],[-120.8415,37.2919],[-120.8419,37.2919],[-120.8421,37.2922],[-120.8426,37.2921],[-120.8433,37.2918],[-120.8444,37.2899],[-120.8447,37.2885],[-120.8443,37.2871],[-120.8437,37.2865],[-120.8427,37.2848],[-120.8429,37.2843],[-120.8432,37.2849],[-120.8435,37.2851],[-120.8441,37.2833],[-120.844,37.282],[-120.8432,37.2812],[-120.8421,37.2815],[-120.8398,37.283],[-120.8383,37.2835],[-120.8377,37.2835],[-120.8358,37.2827],[-120.8335,37.2815],[-120.8332,37.2817],[-120.8327,37.2815],[-120.8312,37.2796],[-120.8311,37.28],[-120.8283,37.281],[-120.8275,37.2809],[-120.828,37.2793],[-120.8318,37.2787],[-120.8322,37.2779],[-120.8314,37.2765],[-120.8276,37.2743],[-120.8269,37.273],[-120.8271,37.2712],[-120.8278,37.2703],[-120.829,37.2695],[-120.8295,37.2697],[-120.8296,37.271],[-120.83,37.2716],[-120.8307,37.2718],[-120.8316,37.2716],[-120.8322,37.2706],[-120.8324,37.2694],[-120.8332,37.2675],[-120.8327,37.266],[-120.8313,37.2661],[-120.829,37.267],[-120.8281,37.2669],[-120.828,37.2666],[-120.8284,37.2659],[-120.8302,37.2644],[-120.8302,37.2635],[-120.8308,37.2631],[-120.831,37.2626],[-120.8309,37.2623],[-120.8292,37.2607],[-120.8291,37.2602],[-120.8298,37.2595],[-120.8295,37.2592],[-120.8295,37.2588],[-120.8156,37.2587],[-120.8154,37.2735],[-120.8147,37.273],[-120.8127,37.2723],[-120.8113,37.2703],[-120.8094,37.2697],[-120.807,37.2674],[-120.8045,37.2655],[-120.803,37.2641],[-120.8023,37.2623],[-120.8017,37.2617],[-120.7955,37.259],[-120.7916,37.2563],[-120.7906,37.2561],[-120.7881,37.2566],[-120.7802,37.2572],[-120.7796,37.257],[-120.7759,37.2546],[-120.7697,37.2563],[-120.7671,37.2577],[-120.7653,37.2578],[-120.7649,37.2581],[-120.7646,37.2589],[-120.7609,37.2588],[-120.7608,37.2661],[-120.7563,37.2661],[-120.7565,37.2778],[-120.7427,37.2736]]],[[[-120.949,37.2711],[-120.9583,37.2711],[-120.9582,37.2724],[-120.9531,37.2793],[-120.949,37.2792],[-120.949,37.2711]]]]},"properties":{"id":"usgs-pad-us-fee-managers:3852","name":"Grasslands Wildlife Management Area","kind":"land","category":"public-land","sourceCategory":"public-land","sourceId":"usgs-pad-us-fee-managers","sourceUrl":"https://services.arcgis.com/v01gqwM5QqNysAAi/arcgis/rest/services/Fee_Managers_PADUS/FeatureServer/0","sourceUpdated":"2021-01-28T05:00:00.000Z","publicUse":"PAD-US reports restricted access; confirm permits and seasonal rules with the manager.","unit":"FWS","origin":"public-catalog"}},{"type":"Feature","id":"usgs-pad-us-fee-managers:3877","geometry":{"type":"Polygon","coordinates":[[[-120.6002,35.0089],[-120.6122,35.0169],[-120.6084,35.0222],[-120.6081,35.0221],[-120.6118,35.017],[-120.592,35.0038],[-120.5909,34.9918],[-120.6435,34.992],[-120.6415,34.9988],[-120.6415,34.9998],[-120.6402,35.0018],[-120.6401,35.0031],[-120.6376,35.0147],[-120.6365,35.0178],[-120.6002,35.0089]]]},"properties":{"id":"usgs-pad-us-fee-managers:3877","name":"Guadalupe-Nipomo Dunes National Wildlife Refuge","kind":"land","category":"public-land","sourceCategory":"public-land","sourceId":"usgs-pad-us-fee-managers","sourceUrl":"https://services.arcgis.com/v01gqwM5QqNysAAi/arcgis/rest/services/Fee_Managers_PADUS/FeatureServer/0","sourceUpdated":"2021-01-28T05:00:00.000Z","publicUse":"PAD-US reports restricted access; confirm permits and seasonal rules with the manager.","unit":"FWS","origin":"public-catalog"}},{"type":"Feature","id":"usgs-pad-us-fee-managers:3904","geometry":{"type":"Polygon","coordinates":[[[-114.6193,34.8358],[-114.6215,34.8358],[-114.6216,34.8377],[-114.6194,34.8376],[-114.6193,34.8358]]]},"properties":{"id":"usgs-pad-us-fee-managers:3904","name":"Havasu National Wildlife Refuge","kind":"land","category":"public-land","sourceCategory":"public-land","sourceId":"usgs-pad-us-fee-managers","sourceUrl":"https://services.arcgis.com/v01gqwM5QqNysAAi/arcgis/rest/services/Fee_Managers_PADUS/FeatureServer/0","sourceUpdated":"2021-01-28T05:00:00.000Z","publicUse":"PAD-US reports restricted access; confirm permits and seasonal rules with the manager.","unit":"FWS","origin":"public-catalog"}},{"type":"Feature","id":"usgs-pad-us-fee-managers:3906","geometry":{"type":"MultiPolygon","coordinates":[[[[-114.3782,34.5157],[-114.3786,34.5185],[-114.3782,34.5165],[-114.3782,34.5157]]],[[[-114.4507,34.651],[-114.4494,34.651],[-114.4522,34.6532],[-114.4572,34.6563],[-114.458,34.6571],[-114.457,34.6563],[-114.4496,34.6514],[-114.4457,34.6475],[-114.4443,34.6465],[-114.4424,34.6442],[-114.4415,34.6425],[-114.4405,34.6401],[-114.4403,34.6382],[-114.4407,34.6347],[-114.4415,34.6315],[-114.4414,34.6302],[-114.4395,34.6259],[-114.4388,34.6215],[-114.4287,34.6146],[-114.4242,34.6105],[-114.4243,34.6023],[-114.4253,34.6008],[-114.4275,34.5992],[-114.4364,34.5968],[-114.4368,34.5961],[-114.4357,34.5938],[-114.4224,34.5807],[-114.4052,34.5696],[-114.3989,34.5592],[-114.3896,34.543],[-114.3808,34.5297],[-114.3803,34.5271],[-114.3912,34.5297],[-114.3912,34.5347],[-114.392,34.5347],[-114.3929,34.541],[-114.3963,34.5419],[-114.3992,34.5463],[-114.4017,34.5455],[-114.4076,34.5524],[-114.4028,34.5537],[-114.4041,34.5562],[-114.4062,34.5542],[-114.4087,34.5614],[-114.4131,34.5614],[-114.4131,34.5641],[-114.4124,34.5641],[-114.4124,34.5677],[-114.4168,34.5677],[-114.4168,34.5696],[-114.4216,34.5732],[-114.4237,34.5761],[-114.4258,34.5754],[-114.4283,34.5776],[-114.4282,34.5788],[-114.4299,34.5788],[-114.4299,34.5807],[-114.4315,34.5819],[-114.4299,34.5838],[-114.4314,34.5851],[-114.4336,34.5837],[-114.4345,34.5848],[-114.4345,34.5891],[-114.4379,34.5923],[-114.4394,34.5916],[-114.4396,34.5928],[-114.4437,34.5928],[-114.4438,34.6111],[-114.4394,34.6111],[-114.4394,34.6147],[-114.4482,34.6147],[-114.4483,34.6364],[-114.4571,34.6364],[-114.457,34.6509],[-114.4659,34.6509],[-114.466,34.6562],[-114.4638,34.6562],[-114.4606,34.6537],[-114.4584,34.6534],[-114.4573,34.6519],[-114.4526,34.651],[-114.4507,34.651]]],[[[-114.4582,34.6579],[-114.458,34.6571],[-114.4582,34.6583],[-114.4582,34.6579]]],[[[-114.4564,34.6605],[-114.4566,34.6604],[-114.4559,34.6608],[-114.4564,34.6605]]],[[[-114.453,34.6628],[-114.4532,34.6627],[-114.4523,34.6635],[-114.453,34.6628]]],[[[-114.4521,34.6636],[-114.451,34.6651],[-114.4518,34.6639],[-114.4521,34.6636]]],[[[-114.4884,34.7185],[-114.4885,34.7185],[-114.4889,34.7194],[-114.4884,34.7185]]],[[[-114.4881,34.7179],[-114.4875,34.7166],[-114.4848,34.7152],[-114.4828,34.7145],[-114.4787,34.7146],[-114.475,34.7142],[-114.4726,34.7136],[-114.4716,34.713],[-114.471,34.7122],[-114.4697,34.71],[-114.4686,34.7076],[-114.4681,34.7045],[-114.4681,34.7018],[-114.4653,34.6912],[-114.4636,34.6879],[-114.4622,34.6858],[-114.4582,34.6812],[-114.4555,34.6773],[-114.4549,34.6756],[-114.4548,34.6723],[-114.4543,34.6712],[-114.4509,34.6678],[-114.4505,34.6668],[-114.4509,34.6652],[-114.4599,34.6654],[-114.4604,34.6638],[-114.4617,34.6638],[-114.4623,34.6633],[-114.4662,34.6626],[-114.4673,34.6957],[-114.4679,34.6978],[-114.4718,34.697],[-114.4718,34.6978],[-114.469,34.6994],[-114.472,34.7011],[-114.4721,34.7029],[-114.4731,34.7044],[-114.4749,34.7045],[-114.473,34.7067],[-114.4746,34.7067],[-114.4746,34.7103],[-114.4768,34.7103],[-114.4768,34.7121],[-114.4815,34.7119],[-114.4816,34.7135],[-114.486,34.7135],[-114.4857,34.7064],[-114.5034,34.7061],[-114.5037,34.7193],[-114.4962,34.7182],[-114.4881,34.7179]]],[[[-114.4947,34.7099],[-114.4903,34.7099],[-114.4904,34.7153],[-114.4926,34.7152],[-114.4926,34.7161],[-114.4948,34.7161],[-114.4947,34.7099]]],[[[-114.4906,34.724],[-114.4902,34.7229],[-114.491,34.7247],[-114.4914,34.7252],[-114.491,34.7249],[-114.4906,34.724]]],[[[-114.494,34.7269],[-114.4967,34.7283],[-114.4959,34.728],[-114.494,34.7269]]],[[[-114.5008,34.7304],[-114.501,34.7305],[-114.5008,34.7304],[-114.5008,34.7304]]],[[[-114.5113,34.7341],[-114.5118,34.7342],[-114.5126,34.7346],[-114.5113,34.7341]]],[[[-114.5225,34.7435],[-114.5234,34.7445],[-114.5226,34.7437],[-114.5225,34.7435]]],[[[-114.5296,34.7508],[-114.5294,34.7504],[-114.5318,34.752],[-114.5304,34.7514],[-114.5296,34.7508]]],[[[-114.5321,34.7521],[-114.5327,34.7524],[-114.5335,34.7529],[-114.5321,34.7521]]],[[[-114.5396,34.7566],[-114.5364,34.7546],[-114.5371,34.755],[-114.5396,34.7566]]],[[[-114.5417,34.7581],[-114.5425,34.7585],[-114.5458,34.761],[-114.5417,34.7581]]],[[[-114.5501,34.7647],[-114.5495,34.7642],[-114.5524,34.7666],[-114.5501,34.7647]]],[[[-114.5544,34.7689],[-114.5529,34.7671],[-114.5536,34.7678],[-114.5544,34.7689]]],[[[-114.5563,34.771],[-114.5549,34.7694],[-114.5558,34.7703],[-114.5563,34.771]]],[[[-114.5583,34.7734],[-114.5572,34.7721],[-114.5576,34.7726],[-114.5583,34.7734]]],[[[-114.5595,34.7752],[-114.5608,34.7772],[-114.5615,34.7785],[-114.5595,34.7752]]],[[[-114.5627,34.7804],[-114.5644,34.7833],[-114.5649,34.7849],[-114.564,34.7826],[-114.5627,34.7804]]],[[[-114.5654,34.7863],[-114.5666,34.7881],[-114.5663,34.7877],[-114.5654,34.7863]]],[[[-114.5674,34.7891],[-114.5678,34.7895],[-114.5691,34.7913],[-114.5674,34.7891]]],[[[-114.5695,34.7918],[-114.5714,34.795],[-114.5746,34.8046],[-114.5733,34.8012],[-114.5719,34.7963],[-114.571,34.7943],[-114.5695,34.7918]]],[[[-114.5746,34.8056],[-114.5746,34.8062],[-114.5746,34.8058],[-114.5746,34.8056]]],[[[-114.5747,34.8074],[-114.5747,34.8072],[-114.5749,34.8081],[-114.5747,34.8074]]]]},"properties":{"id":"usgs-pad-us-fee-managers:3906","name":"Havasu National Wildlife Refuge","kind":"land","category":"public-land","sourceCategory":"public-land","sourceId":"usgs-pad-us-fee-managers","sourceUrl":"https://services.arcgis.com/v01gqwM5QqNysAAi/arcgis/rest/services/Fee_Managers_PADUS/FeatureServer/0","sourceUpdated":"2021-01-28T05:00:00.000Z","publicUse":"PAD-US reports restricted access; confirm permits and seasonal rules with the manager.","unit":"FWS","origin":"public-catalog"}},{"type":"Feature","id":"usgs-pad-us-fee-managers:3918","geometry":{"type":"MultiPolygon","coordinates":[[[[-120.3701,40.2895],[-120.3706,40.289],[-120.3761,40.2876],[-120.3802,40.2869],[-120.3848,40.2866],[-120.3849,40.2893],[-120.3701,40.2895]]],[[[-120.3371,40.2971],[-120.3372,40.3035],[-120.3356,40.3022],[-120.3337,40.304],[-120.3304,40.3018],[-120.335,40.2989],[-120.3371,40.2971]]],[[[-120.389,40.2894],[-120.3938,40.2893],[-120.3939,40.2929],[-120.3889,40.2929],[-120.389,40.2894]]],[[[-120.3371,40.2971],[-120.3418,40.2945],[-120.3443,40.2941],[-120.3459,40.2933],[-120.365,40.2911],[-120.3693,40.2901],[-120.3701,40.2895],[-120.37,40.3004],[-120.3608,40.3006],[-120.3607,40.2934],[-120.3513,40.2933],[-120.3513,40.3007],[-120.3419,40.3007],[-120.3418,40.2971],[-120.3371,40.2971]]],[[[-120.3984,40.3001],[-120.3984,40.2929],[-120.4079,40.2929],[-120.4079,40.2964],[-120.4035,40.2964],[-120.4035,40.3001],[-120.3984,40.3001]]],[[[-120.3893,40.3147],[-120.3891,40.3075],[-120.4033,40.3073],[-120.4034,40.311],[-120.3986,40.311],[-120.3988,40.3218],[-120.3895,40.322],[-120.3893,40.3147]]]]},"properties":{"id":"usgs-pad-us-fee-managers:3918","name":"Honey Lake Waterfowl Management Area","kind":"land","category":"public-land","sourceCategory":"public-land","sourceId":"usgs-pad-us-fee-managers","sourceUrl":"https://services.arcgis.com/v01gqwM5QqNysAAi/arcgis/rest/services/Fee_Managers_PADUS/FeatureServer/0","sourceUpdated":"2021-01-28T05:00:00.000Z","publicUse":"PAD-US reports restricted access; confirm permits and seasonal rules with the manager.","unit":"FWS","origin":"public-catalog"}},{"type":"Feature","id":"usgs-pad-us-fee-managers:3919","geometry":{"type":"Polygon","coordinates":[[[-118.8434,34.4678],[-118.8323,34.4678],[-118.8323,34.4488],[-118.8496,34.4488],[-118.8505,34.4374],[-118.867,34.4377],[-118.8671,34.4436],[-118.8628,34.4435],[-118.8627,34.4464],[-118.8671,34.4466],[-118.8672,34.4496],[-118.8582,34.4488],[-118.8582,34.4524],[-118.8626,34.4526],[-118.8626,34.456],[-118.867,34.4561],[-118.8671,34.4528],[-118.8716,34.4533],[-118.8715,34.4566],[-118.8805,34.4578],[-118.8803,34.4615],[-118.8759,34.4611],[-118.8757,34.468],[-118.8434,34.4678]]]},"properties":{"id":"usgs-pad-us-fee-managers:3919","name":"Hopper Mountain National Wildlife Refuge","kind":"land","category":"public-land","sourceCategory":"public-land","sourceId":"usgs-pad-us-fee-managers","sourceUrl":"https://services.arcgis.com/v01gqwM5QqNysAAi/arcgis/rest/services/Fee_Managers_PADUS/FeatureServer/0","sourceUpdated":"2021-01-28T05:00:00.000Z","publicUse":"PAD-US reports restricted access; confirm permits and seasonal rules with the manager.","unit":"FWS","origin":"public-catalog"}},{"type":"Feature","id":"usgs-pad-us-fee-managers:3925","geometry":{"type":"MultiPolygon","coordinates":[[[[-124.2279,40.6902],[-124.2276,40.6903],[-124.2274,40.6896],[-124.2279,40.6896],[-124.2284,40.689],[-124.2288,40.6893],[-124.2289,40.6897],[-124.2279,40.6902]]],[[[-124.2292,40.6895],[-124.2285,40.6889],[-124.2287,40.688],[-124.229,40.6892],[-124.2296,40.6897],[-124.2296,40.6899],[-124.2292,40.6899],[-124.2292,40.6895]]],[[[-124.2278,40.6909],[-124.2277,40.6907],[-124.228,40.6909],[-124.2279,40.6916],[-124.2277,40.6915],[-124.2278,40.6909]]],[[[-124.2272,40.6926],[-124.2278,40.6928],[-124.2272,40.6935],[-124.2271,40.6928],[-124.2272,40.6926]]],[[[-124.2266,40.6942],[-124.2267,40.6941],[-124.2267,40.6942],[-124.2266,40.6942]]],[[[-124.2043,40.6996],[-124.2046,40.6995],[-124.2057,40.7007],[-124.2084,40.7027],[-124.209,40.7038],[-124.2092,40.7048],[-124.2043,40.6996]]],[[[-124.2068,40.703],[-124.2054,40.7012],[-124.2091,40.7052],[-124.2079,40.7048],[-124.2068,40.703]]],[[[-124.2082,40.6993],[-124.2072,40.6998],[-124.2066,40.6998],[-124.2047,40.6985],[-124.2013,40.6828],[-124.2012,40.6794],[-124.202,40.6722],[-124.2028,40.6717],[-124.203,40.6707],[-124.2033,40.6708],[-124.2033,40.6711],[-124.2022,40.6728],[-124.2017,40.6757],[-124.2118,40.6757],[-124.2118,40.6716],[-124.2126,40.6719],[-124.2142,40.6719],[-124.2169,40.6727],[-124.2177,40.6733],[-124.2196,40.6739],[-124.2205,40.6746],[-124.2235,40.6754],[-124.224,40.676],[-124.2254,40.6764],[-124.2279,40.6781],[-124.2291,40.6795],[-124.2316,40.6796],[-124.23,40.6813],[-124.2308,40.6808],[-124.2318,40.6816],[-124.2305,40.6822],[-124.2331,40.6868],[-124.2328,40.6885],[-124.2352,40.6885],[-124.2352,40.6898],[-124.2339,40.6906],[-124.2339,40.6909],[-124.2321,40.6901],[-124.2316,40.6898],[-124.2312,40.6887],[-124.2303,40.6873],[-124.226,40.6856],[-124.2259,40.6868],[-124.2267,40.6872],[-124.2267,40.689],[-124.2276,40.6911],[-124.2266,40.6925],[-124.227,40.6932],[-124.2259,40.6951],[-124.2259,40.6954],[-124.2264,40.6946],[-124.2265,40.6947],[-124.2259,40.6957],[-124.226,40.6977],[-124.224,40.6977],[-124.2221,40.6958],[-124.2213,40.6961],[-124.2235,40.698],[-124.2265,40.7],[-124.2267,40.701],[-124.2248,40.7028],[-124.222,40.7051],[-124.2213,40.7047],[-124.2196,40.7028],[-124.2183,40.7025],[-124.2156,40.7029],[-124.2103,40.7008],[-124.2092,40.6996],[-124.2082,40.6993]]],[[[-124.2104,40.7066],[-124.2159,40.7136],[-124.215,40.714],[-124.2115,40.7092],[-124.2115,40.708],[-124.2104,40.7066]]],[[[-124.2612,40.7067],[-124.2624,40.7059],[-124.2634,40.7058],[-124.2637,40.7054],[-124.2663,40.7037],[-124.2668,40.703],[-124.2673,40.7009],[-124.2661,40.7008],[-124.2654,40.7001],[-124.2643,40.7],[-124.2618,40.6993],[-124.2618,40.6984],[-124.2611,40.6975],[-124.259,40.697],[-124.2581,40.6965],[-124.2548,40.6961],[-124.2577,40.6959],[-124.2587,40.6965],[-124.2644,40.697],[-124.271,40.6982],[-124.2748,40.6979],[-124.2719,40.7015],[-124.2706,40.7016],[-124.2706,40.7027],[-124.267,40.7052],[-124.2645,40.7086],[-124.2627,40.7086],[-124.2624,40.7082],[-124.2605,40.7074],[-124.2605,40.7072],[-124.2612,40.7067]]],[[[-124.2122,40.7085],[-124.2104,40.7061],[-124.2102,40.7043],[-124.2096,40.7031],[-124.2086,40.702],[-124.2058,40.6999],[-124.2081,40.7007],[-124.2094,40.7006],[-124.2098,40.7014],[-124.2107,40.702],[-124.2136,40.7024],[-124.2155,40.7033],[-124.219,40.7029],[-124.22,40.7036],[-124.2213,40.7051],[-124.2219,40.7054],[-124.2225,40.7051],[-124.2269,40.7014],[-124.2274,40.7024],[-124.2259,40.7043],[-124.2255,40.7055],[-124.2254,40.7067],[-124.2256,40.708],[-124.226,40.7092],[-124.2258,40.7094],[-124.2265,40.7099],[-124.2284,40.7139],[-124.2284,40.7153],[-124.2278,40.7168],[-124.2271,40.718],[-124.2214,40.718],[-124.2171,40.7154],[-124.2171,40.7149],[-124.2161,40.7128],[-124.2149,40.7115],[-124.2142,40.7101],[-124.2128,40.7092],[-124.2122,40.7085]]],[[[-124.2358,40.7026],[-124.2371,40.7011],[-124.2358,40.7024],[-124.2357,40.6941],[-124.2405,40.6941],[-124.2406,40.6977],[-124.2453,40.6977],[-124.2452,40.7014],[-124.2406,40.7013],[-124.2406,40.705],[-124.244,40.705],[-124.2441,40.7065],[-124.2434,40.7081],[-124.2402,40.712],[-124.2394,40.7139],[-124.2392,40.7158],[-124.236,40.7158],[-124.2358,40.7026]]],[[[-124.1407,40.8067],[-124.1366,40.806],[-124.1395,40.8058],[-124.1397,40.806],[-124.1394,40.8063],[-124.1402,40.8061],[-124.1406,40.8067],[-124.1408,40.8065],[-124.1411,40.8067],[-124.1407,40.8067]]],[[[-124.1386,40.8081],[-124.1382,40.8081],[-124.1371,40.8075],[-124.1345,40.8069],[-124.133,40.8059],[-124.131,40.8054],[-124.1269,40.8066],[-124.1247,40.8057],[-124.1232,40.8062],[-124.1222,40.8071],[-124.1223,40.8079],[-124.122,40.8083],[-124.1216,40.8083],[-124.1222,40.8087],[-124.1214,40.8093],[-124.1208,40.8093],[-124.1199,40.8085],[-124.1197,40.809],[-124.1195,40.8085],[-124.1187,40.8079],[-124.1216,40.8064],[-124.1244,40.8055],[-124.1276,40.8051],[-124.1307,40.8052],[-124.1418,40.8069],[-124.1424,40.8076],[-124.1436,40.8083],[-124.1455,40.8105],[-124.1465,40.8112],[-124.145,40.8113],[-124.1436,40.8111],[-124.1386,40.8081]]],[[[-124.1698,40.8095],[-124.1701,40.8094],[-124.1711,40.8102],[-124.1708,40.8104],[-124.1698,40.8095]]],[[[-124.1693,40.8099],[-124.1696,40.8096],[-124.1706,40.8105],[-124.1702,40.8107],[-124.1693,40.8099]]],[[[-124.0825,40.8462],[-124.0825,40.8449],[-124.083,40.845],[-124.083,40.846],[-124.0825,40.8462]]],[[[-124.0825,40.843],[-124.0825,40.8423],[-124.0827,40.8423],[-124.0828,40.8331],[-124.084,40.8355],[-124.0836,40.8366],[-124.0837,40.8387],[-124.0852,40.8417],[-124.085,40.8442],[-124.0842,40.8447],[-124.0839,40.8463],[-124.0835,40.8461],[-124.0835,40.8452],[-124.0832,40.8448],[-124.0825,40.8447],[-124.0825,40.843]]],[[[-124.0825,40.8467],[-124.0825,40.8464],[-124.0829,40.8464],[-124.0838,40.8468],[-124.0853,40.8469],[-124.0844,40.8484],[-124.0844,40.8488],[-124.0849,40.8494],[-124.0856,40.8495],[-124.0828,40.8497],[-124.0825,40.8467]]],[[[-124.1487,40.87],[-124.1497,40.8698],[-124.1497,40.8712],[-124.151,40.8712],[-124.151,40.8721],[-124.1494,40.8717],[-124.1486,40.8706],[-124.1487,40.87]]],[[[-124.1461,40.8746],[-124.1455,40.8746],[-124.1458,40.874],[-124.149,40.8736],[-124.1498,40.8727],[-124.1511,40.8727],[-124.1508,40.8738],[-124.1498,40.8748],[-124.1461,40.8746]]],[[[-124.1422,40.8799],[-124.1431,40.8796],[-124.1421,40.8797],[-124.1417,40.88],[-124.142,40.88],[-124.1419,40.8803],[-124.1411,40.8805],[-124.1413,40.8802],[-124.141,40.8803],[-124.1401,40.8795],[-124.1436,40.8795],[-124.1432,40.88],[-124.1425,40.8804],[-124.1423,40.8803],[-124.1422,40.8799]]],[[[-124.1402,40.881],[-124.1402,40.8797],[-124.1405,40.8799],[-124.1409,40.8805],[-124.1402,40.881]]],[[[-124.1402,40.8818],[-124.1402,40.8812],[-124.1417,40.8806],[-124.1422,40.8806],[-124.1407,40.8812],[-124.1404,40.8823],[-124.1402,40.8823],[-124.1402,40.8818]]],[[[-124.1401,40.8856],[-124.1398,40.8859],[-124.1396,40.8858],[-124.1391,40.8851],[-124.1392,40.8847],[-124.1396,40.8845],[-124.1394,40.8845],[-124.1396,40.8842],[-124.1402,40.8841],[-124.1404,40.8845],[-124.1402,40.8861],[-124.1399,40.8859],[-124.1401,40.8856]]],[[[-124.1336,40.9087],[-124.1338,40.908],[-124.1349,40.9082],[-124.1355,40.9079],[-124.1368,40.9066],[-124.1369,40.905],[-124.1421,40.9049],[-124.1421,40.9034],[-124.1415,40.9023],[-124.1401,40.9014],[-124.1382,40.9014],[-124.1382,40.8995],[-124.1392,40.9],[-124.1388,40.8996],[-124.1392,40.8991],[-124.1392,40.8964],[-124.1404,40.8959],[-124.1435,40.8959],[-124.1435,40.8927],[-124.1416,40.8927],[-124.1411,40.892],[-124.1414,40.8908],[-124.1415,40.8915],[-124.1421,40.8915],[-124.1421,40.8911],[-124.1428,40.8908],[-124.1426,40.8894],[-124.1423,40.8886],[-124.1421,40.8868],[-124.1413,40.8868],[-124.1411,40.8866],[-124.141,40.8868],[-124.1411,40.8863],[-124.1409,40.8863],[-124.1409,40.8868],[-124.1406,40.8868],[-124.1404,40.8853],[-124.1406,40.8843],[-124.14,40.8838],[-124.1415,40.8825],[-124.1414,40.8818],[-124.1417,40.8817],[-124.1416,40.8815],[-124.1429,40.881],[-124.1442,40.8801],[-124.1445,40.8795],[-124.1442,40.8776],[-124.1456,40.8762],[-124.1461,40.8752],[-124.1466,40.8751],[-124.1484,40.8755],[-124.1496,40.8755],[-124.151,40.8746],[-124.1519,40.8737],[-124.152,40.8729],[-124.1513,40.8722],[-124.1527,40.8722],[-124.1577,40.8629],[-124.1579,40.863],[-124.1529,40.8722],[-124.1546,40.8722],[-124.1546,40.8758],[-124.1578,40.8758],[-124.1592,40.8763],[-124.1551,40.8838],[-124.1541,40.8867],[-124.1509,40.8926],[-124.1484,40.8988],[-124.1473,40.9006],[-124.1469,40.9022],[-124.1455,40.9045],[-124.1451,40.9068],[-124.144,40.9086],[-124.1427,40.9122],[-124.1411,40.9159],[-124.1394,40.9158],[-124.1394,40.9122],[-124.1346,40.9124],[-124.1348,40.9087],[-124.1336,40.9087]]]]},"properties":{"id":"usgs-pad-us-fee-managers:3925","name":"Humboldt Bay National Wildlife Refuge","kind":"land","category":"public-land","sourceCategory":"public-land","sourceId":"usgs-pad-us-fee-managers","sourceUrl":"https://services.arcgis.com/v01gqwM5QqNysAAi/arcgis/rest/services/Fee_Managers_PADUS/FeatureServer/0","sourceUpdated":"2021-01-28T05:00:00.000Z","publicUse":"PAD-US reports restricted access; confirm permits and seasonal rules with the manager.","unit":"FWS","origin":"public-catalog"}},{"type":"Feature","id":"usgs-pad-us-fee-managers:3931","geometry":{"type":"Polygon","coordinates":[[[-114.6918,33.1415],[-114.6918,33.14],[-114.7048,33.1398],[-114.7046,33.1472],[-114.6916,33.1473],[-114.6918,33.1415]]]},"properties":{"id":"usgs-pad-us-fee-managers:3931","name":"Imperial National Wildlife Refuge","kind":"land","category":"public-land","sourceCategory":"public-land","sourceId":"usgs-pad-us-fee-managers","sourceUrl":"https://services.arcgis.com/v01gqwM5QqNysAAi/arcgis/rest/services/Fee_Managers_PADUS/FeatureServer/0","sourceUpdated":"2021-01-28T05:00:00.000Z","publicUse":"PAD-US reports restricted access; confirm permits and seasonal rules with the manager.","unit":"FWS","origin":"public-catalog"}},{"type":"Feature","id":"usgs-pad-us-fee-managers:3970","geometry":{"type":"Polygon","coordinates":[[[-119.6168,35.783],[-119.6168,35.7757],[-119.5896,35.7757],[-119.5795,35.7753],[-119.5795,35.7174],[-119.6531,35.7176],[-119.653,35.7758],[-119.6349,35.7757],[-119.6349,35.7896],[-119.6169,35.7897],[-119.6168,35.783]]]},"properties":{"id":"usgs-pad-us-fee-managers:3970","name":"Kern National Wildlife Refuge","kind":"land","category":"public-land","sourceCategory":"public-land","sourceId":"usgs-pad-us-fee-managers","sourceUrl":"https://services.arcgis.com/v01gqwM5QqNysAAi/arcgis/rest/services/Fee_Managers_PADUS/FeatureServer/0","sourceUpdated":"2021-01-28T05:00:00.000Z","publicUse":"PAD-US reports restricted access; confirm permits and seasonal rules with the manager.","unit":"FWS","origin":"public-catalog"}},{"type":"Feature","id":"usgs-pad-us-fee-managers:4032","geometry":{"type":"MultiPolygon","coordinates":[[[[-121.5991,41.9356],[-121.5991,41.932],[-121.604,41.932],[-121.6039,41.9429],[-121.5991,41.9429],[-121.5991,41.9356]]],[[[-121.6419,41.9865],[-121.6419,41.9848],[-121.6441,41.9854],[-121.6453,41.9852],[-121.6467,41.9855],[-121.6467,41.9865],[-121.6419,41.9865]]],[[[-121.833,42.0019],[-121.8331,41.9994],[-121.8428,41.9994],[-121.843,41.9958],[-121.8271,41.9958],[-121.8271,41.9976],[-121.8288,42.0006],[-121.828,42.0025],[-121.681,42.0004],[-121.6806,42.0004],[-121.6806,42.0002],[-121.6543,41.9997],[-121.6545,42],[-121.6231,41.9996],[-121.6234,41.9996],[-121.6224,41.9986],[-121.6182,41.996],[-121.6169,41.9942],[-121.6158,41.9895],[-121.6132,41.9829],[-121.6138,41.9829],[-121.6128,41.981],[-121.6127,41.9865],[-121.6079,41.9866],[-121.6079,41.9829],[-121.6031,41.9829],[-121.6031,41.9756],[-121.5983,41.9756],[-121.5984,41.972],[-121.5937,41.972],[-121.594,41.9647],[-121.5941,41.9502],[-121.604,41.9501],[-121.604,41.9465],[-121.6137,41.9465],[-121.6137,41.9484],[-121.6228,41.9503],[-121.6313,41.9502],[-121.6354,41.9387],[-121.6355,41.9319],[-121.6283,41.9211],[-121.6283,41.9247],[-121.6088,41.9247],[-121.6088,41.921],[-121.6136,41.921],[-121.6138,41.91],[-121.6186,41.9101],[-121.6187,41.9064],[-121.648,41.9066],[-121.648,41.903],[-121.6521,41.903],[-121.6561,41.9021],[-121.6616,41.9019],[-121.6628,41.9007],[-121.663,41.9002],[-121.6695,41.8965],[-121.6715,41.8951],[-121.6806,41.8924],[-121.6826,41.8924],[-121.6831,41.8918],[-121.6837,41.8917],[-121.6849,41.8909],[-121.6891,41.89],[-121.6904,41.889],[-121.6915,41.8888],[-121.6922,41.8894],[-121.6926,41.8894],[-121.6947,41.8862],[-121.6948,41.8855],[-121.6953,41.8848],[-121.6959,41.8813],[-121.6968,41.8794],[-121.6994,41.8749],[-121.701,41.8745],[-121.7026,41.8761],[-121.7048,41.8759],[-121.7078,41.8746],[-121.709,41.8735],[-121.7151,41.8703],[-121.7215,41.8718],[-121.7243,41.8729],[-121.7253,41.874],[-121.7271,41.8749],[-121.7269,41.8767],[-121.7261,41.8781],[-121.7264,41.8791],[-121.7261,41.8802],[-121.7263,41.881],[-121.7263,41.8838],[-121.7276,41.8891],[-121.7309,41.8937],[-121.7319,41.8947],[-121.734,41.8988],[-121.7349,41.8996],[-121.7353,41.9004],[-121.736,41.9008],[-121.7362,41.9023],[-121.7371,41.9037],[-121.737,41.9043],[-121.738,41.9044],[-121.7384,41.9048],[-121.7407,41.9054],[-121.743,41.9069],[-121.744,41.9084],[-121.7454,41.9091],[-121.7455,41.9106],[-121.7448,41.9115],[-121.7433,41.9115],[-121.7428,41.9122],[-121.7404,41.9127],[-121.7399,41.9136],[-121.7389,41.9146],[-121.7389,41.9153],[-121.7382,41.9176],[-121.7393,41.9186],[-121.7413,41.9192],[-121.7428,41.9203],[-121.7428,41.9232],[-121.7526,41.9232],[-121.7526,41.9305],[-121.7964,41.9304],[-121.7964,41.9528],[-121.8,41.9527],[-121.8,41.9673],[-121.8042,41.9673],[-121.8041,41.9709],[-121.809,41.9708],[-121.809,41.9744],[-121.8431,41.9743],[-121.8431,41.9816],[-121.8566,41.9815],[-121.859,41.9828],[-121.863,41.9869],[-121.863,41.9874],[-121.864,41.9879],[-121.8651,41.9878],[-121.8663,41.9881],[-121.8671,41.9879],[-121.8677,41.9881],[-121.868,41.9898],[-121.8658,41.9899],[-121.8658,41.9902],[-121.8669,41.9908],[-121.8669,41.9913],[-121.8657,41.9923],[-121.8651,41.9941],[-121.8656,41.996],[-121.8669,41.9981],[-121.8685,41.9984],[-121.87,41.9997],[-121.8715,42.0005],[-121.8724,42.0018],[-121.8737,42.0027],[-121.8742,42.0031],[-121.8748,42.0031],[-121.833,42.0026],[-121.833,42.0019]]],[[[-121.6757,41.9939],[-121.6757,41.9982],[-121.6796,41.9982],[-121.6757,41.9939]]],[[[-121.6419,41.9865],[-121.6416,41.991],[-121.643,41.992],[-121.6463,41.9935],[-121.6485,41.9938],[-121.6513,41.9938],[-121.6514,41.9875],[-121.6526,41.9887],[-121.6549,41.99],[-121.6572,41.9921],[-121.6578,41.9932],[-121.6611,41.9958],[-121.6662,41.9981],[-121.667,41.9981],[-121.6646,41.9969],[-121.6626,41.9962],[-121.6589,41.9937],[-121.6581,41.9929],[-121.6575,41.9918],[-121.6551,41.9897],[-121.6529,41.9885],[-121.6514,41.9871],[-121.6514,41.9865],[-121.6501,41.9865],[-121.6474,41.9853],[-121.6455,41.9849],[-121.6441,41.9851],[-121.6423,41.9845],[-121.637,41.9837],[-121.637,41.9865],[-121.6419,41.9865]]],[[[-121.6321,41.9865],[-121.6321,41.9843],[-121.63,41.9845],[-121.6288,41.9848],[-121.6273,41.986],[-121.6273,41.9865],[-121.6321,41.9865]]],[[[-121.6514,41.9709],[-121.6489,41.9684],[-121.6519,41.9714],[-121.6514,41.9709]]],[[[-121.6081,41.9747],[-121.608,41.9756],[-121.609,41.9756],[-121.6081,41.9747]]],[[[-121.6325,41.9683],[-121.6278,41.9683],[-121.6327,41.9684],[-121.6325,41.9683]]],[[[-121.6033,41.9702],[-121.6031,41.9719],[-121.6052,41.9719],[-121.6033,41.9702]]],[[[-121.6365,41.9356],[-121.6381,41.9318],[-121.6395,41.9283],[-121.6365,41.9356]]]]},"properties":{"id":"usgs-pad-us-fee-managers:4032","name":"Lower Klamath National Wildlife Refuge","kind":"land","category":"public-land","sourceCategory":"public-land","sourceId":"usgs-pad-us-fee-managers","sourceUrl":"https://services.arcgis.com/v01gqwM5QqNysAAi/arcgis/rest/services/Fee_Managers_PADUS/FeatureServer/0","sourceUpdated":"2021-01-28T05:00:00.000Z","publicUse":"PAD-US reports restricted access; confirm permits and seasonal rules with the manager.","unit":"FWS","origin":"public-catalog"}},{"type":"Feature","id":"usgs-pad-us-fee-managers:4051","geometry":{"type":"MultiPolygon","coordinates":[[[[-122.4665,37.9652],[-122.4659,37.9647],[-122.4661,37.9644],[-122.4684,37.9637],[-122.4688,37.9637],[-122.4684,37.9649],[-122.4672,37.965],[-122.4668,37.9654],[-122.4665,37.9652]]],[[[-122.4764,37.965],[-122.4741,37.964],[-122.4739,37.9572],[-122.4751,37.9572],[-122.4752,37.9608],[-122.4786,37.9608],[-122.4787,37.9644],[-122.4764,37.9644],[-122.4764,37.965]]],[[[-122.4698,37.974],[-122.4697,37.9681],[-122.4765,37.968],[-122.4766,37.9714],[-122.472,37.9715],[-122.4721,37.9749],[-122.4698,37.9749],[-122.4698,37.974]]]]},"properties":{"id":"usgs-pad-us-fee-managers:4051","name":"Marin Islands National Wildlife Refuge","kind":"land","category":"public-land","sourceCategory":"public-land","sourceId":"usgs-pad-us-fee-managers","sourceUrl":"https://services.arcgis.com/v01gqwM5QqNysAAi/arcgis/rest/services/Fee_Managers_PADUS/FeatureServer/0","sourceUpdated":"2021-01-28T05:00:00.000Z","publicUse":"PAD-US reports restricted access; confirm permits and seasonal rules with the manager.","unit":"FWS","origin":"public-catalog"}},{"type":"Feature","id":"usgs-pad-us-fee-managers:4082","geometry":{"type":"MultiPolygon","coordinates":[[[[-120.5825,37.1565],[-120.5825,37.1497],[-120.5849,37.1497],[-120.5851,37.1279],[-120.5909,37.1279],[-120.5923,37.1313],[-120.5966,37.1361],[-120.6002,37.1417],[-120.6084,37.1505],[-120.6173,37.157],[-120.5826,37.157],[-120.5825,37.1565]]],[[[-120.6006,37.186],[-120.6006,37.186],[-120.6006,37.186],[-120.6006,37.186]]],[[[-120.6006,37.186],[-120.6007,37.1678],[-120.637,37.168],[-120.6369,37.1716],[-120.6646,37.1716],[-120.6646,37.1861],[-120.6167,37.186],[-120.6155,37.1858],[-120.6098,37.1861],[-120.6006,37.186]]]]},"properties":{"id":"usgs-pad-us-fee-managers:4082","name":"Merced National Wildlife Refuge","kind":"land","category":"public-land","sourceCategory":"public-land","sourceId":"usgs-pad-us-fee-managers","sourceUrl":"https://services.arcgis.com/v01gqwM5QqNysAAi/arcgis/rest/services/Fee_Managers_PADUS/FeatureServer/0","sourceUpdated":"2021-01-28T05:00:00.000Z","publicUse":"PAD-US reports restricted access; confirm permits and seasonal rules with the manager.","unit":"FWS","origin":"public-catalog"}},{"type":"Feature","id":"usgs-pad-us-fee-managers:4101","geometry":{"type":"MultiPolygon","coordinates":[[[[-120.5257,41.4438],[-120.5255,41.4444],[-120.5255,41.4489],[-120.5257,41.4511],[-120.5257,41.4256],[-120.5305,41.4256],[-120.5305,41.419],[-120.5312,41.4183],[-120.5353,41.4183],[-120.5353,41.4117],[-120.5357,41.411],[-120.5353,41.411],[-120.5353,41.4072],[-120.542,41.407],[-120.5425,41.4109],[-120.5432,41.4122],[-120.5446,41.422],[-120.545,41.422],[-120.545,41.4255],[-120.5489,41.4545],[-120.5497,41.4545],[-120.5497,41.4655],[-120.5513,41.4655],[-120.5516,41.4677],[-120.5532,41.4681],[-120.5536,41.4694],[-120.554,41.47],[-120.5543,41.4758],[-120.5534,41.4763],[-120.5514,41.4761],[-120.5509,41.4766],[-120.5381,41.4764],[-120.5364,41.4758],[-120.5357,41.4751],[-120.5361,41.4728],[-120.5363,41.4728],[-120.5363,41.4684],[-120.5356,41.4684],[-120.5356,41.4639],[-120.5345,41.4616],[-120.535,41.4614],[-120.534,41.4608],[-120.5324,41.4587],[-120.5297,41.4562],[-120.5316,41.4583],[-120.5312,41.4583],[-120.5325,41.4598],[-120.5342,41.468],[-120.5339,41.4693],[-120.5329,41.4701],[-120.5314,41.4703],[-120.5314,41.4692],[-120.5306,41.4692],[-120.5306,41.4707],[-120.5328,41.4704],[-120.5339,41.4708],[-120.5346,41.4716],[-120.5352,41.4733],[-120.5351,41.4782],[-120.5341,41.4781],[-120.5336,41.4785],[-120.5336,41.4799],[-120.5341,41.48],[-120.5316,41.48],[-120.5308,41.4796],[-120.5303,41.479],[-120.5303,41.48],[-120.5255,41.4799],[-120.5256,41.4759],[-120.5234,41.4759],[-120.5233,41.4799],[-120.5279,41.4801],[-120.5279,41.4819],[-120.5255,41.4818],[-120.5255,41.4874],[-120.5059,41.4873],[-120.506,41.4799],[-120.5095,41.4797],[-120.51,41.4793],[-120.5115,41.479],[-120.5116,41.4726],[-120.5156,41.4727],[-120.5156,41.4695],[-120.506,41.4694],[-120.506,41.4654],[-120.5062,41.4654],[-120.5063,41.4615],[-120.5056,41.4611],[-120.504,41.4614],[-120.5029,41.4613],[-120.5017,41.4607],[-120.5012,41.4599],[-120.5013,41.4585],[-120.503,41.4545],[-120.4866,41.4545],[-120.4866,41.4509],[-120.4817,41.4508],[-120.4817,41.4418],[-120.4841,41.4418],[-120.4841,41.44],[-120.5011,41.4401],[-120.5011,41.4437],[-120.5058,41.4437],[-120.5059,41.4401],[-120.5155,41.4401],[-120.5155,41.4438],[-120.5257,41.4438]]],[[[-120.5255,41.4444],[-120.5246,41.4473],[-120.5255,41.4444],[-120.5255,41.4444]]],[[[-120.5305,41.4583],[-120.5306,41.4583],[-120.5305,41.458],[-120.5305,41.4583]]],[[[-120.4716,41.4986],[-120.4714,41.4869],[-120.4665,41.4868],[-120.4666,41.4796],[-120.4715,41.4797],[-120.4716,41.4723],[-120.4765,41.4724],[-120.4764,41.4834],[-120.4863,41.4836],[-120.4863,41.4799],[-120.4956,41.4799],[-120.491,41.4819],[-120.4894,41.483],[-120.489,41.4836],[-120.4912,41.4836],[-120.4912,41.4906],[-120.4917,41.4919],[-120.4912,41.4928],[-120.4912,41.4945],[-120.4883,41.4945],[-120.4755,41.4967],[-120.4716,41.4986]]],[[[-120.5689,41.4751],[-120.5641,41.4751],[-120.5642,41.4765],[-120.5593,41.4765],[-120.5593,41.4737],[-120.5601,41.4732],[-120.5604,41.471],[-120.5593,41.4709],[-120.5593,41.467],[-120.5607,41.4664],[-120.569,41.4645],[-120.569,41.4691],[-120.5738,41.4691],[-120.5738,41.4727],[-120.5834,41.4726],[-120.5834,41.4801],[-120.5718,41.4801],[-120.5689,41.4751]]]]},"properties":{"id":"usgs-pad-us-fee-managers:4101","name":"Modoc National Wildlife Refuge","kind":"land","category":"public-land","sourceCategory":"public-land","sourceId":"usgs-pad-us-fee-managers","sourceUrl":"https://services.arcgis.com/v01gqwM5QqNysAAi/arcgis/rest/services/Fee_Managers_PADUS/FeatureServer/0","sourceUpdated":"2021-01-28T05:00:00.000Z","publicUse":"PAD-US reports restricted access; confirm permits and seasonal rules with the manager.","unit":"FWS","origin":"public-catalog"}},{"type":"Feature","id":"usgs-pad-us-fee-managers:4142","geometry":{"type":"MultiPolygon","coordinates":[[[[-122.0365,39.1197],[-122.0411,39.1226],[-122.0411,39.1264],[-122.0364,39.1264],[-122.0365,39.1197]]],[[[-122.0187,39.1151],[-122.0271,39.1151],[-122.027,39.1373],[-122.0317,39.1373],[-122.0317,39.1447],[-122.0221,39.1447],[-122.0233,39.1363],[-122.0232,39.1215],[-122.019,39.1159],[-122.0187,39.1151]]],[[[-122.041,39.1338],[-122.0411,39.1301],[-122.0552,39.1303],[-122.0551,39.1376],[-122.0598,39.1376],[-122.0597,39.1449],[-122.0409,39.1447],[-122.041,39.1338]]],[[[-122.0602,39.1951],[-122.0603,39.1904],[-122.0608,39.1904],[-122.0615,39.1926],[-122.0626,39.1946],[-122.0626,39.1952],[-122.0628,39.1953],[-122.0602,39.1953],[-122.0602,39.1951]]],[[[-121.9347,39.5855],[-121.9342,39.5761],[-121.941,39.5759],[-121.9412,39.5763],[-121.9573,39.5762],[-121.9559,39.5845],[-121.9542,39.5881],[-121.9527,39.5898],[-121.9516,39.5902],[-121.9459,39.5954],[-121.9444,39.5983],[-121.9426,39.5993],[-121.9341,39.5985],[-121.9347,39.5855]]],[[[-121.9092,39.5928],[-121.9091,39.5833],[-121.9164,39.5838],[-121.9186,39.5884],[-121.9194,39.5883],[-121.9208,39.5926],[-121.9223,39.601],[-121.9221,39.6028],[-121.9229,39.6029],[-121.923,39.611],[-121.9095,39.6113],[-121.9092,39.5928]]]]},"properties":{"id":"usgs-pad-us-fee-managers:4142","name":"North Central Valley Wildlife Management Area","kind":"land","category":"public-land","sourceCategory":"public-land","sourceId":"usgs-pad-us-fee-managers","sourceUrl":"https://services.arcgis.com/v01gqwM5QqNysAAi/arcgis/rest/services/Fee_Managers_PADUS/FeatureServer/0","sourceUpdated":"2021-01-28T05:00:00.000Z","publicUse":"PAD-US reports restricted access; confirm permits and seasonal rules with the manager.","unit":"FWS","origin":"public-catalog"}},{"type":"Feature","id":"usgs-pad-us-fee-managers:4205","geometry":{"type":"MultiPolygon","coordinates":[[[[-119.3276,35.8937],[-119.3287,35.8937],[-119.3287,35.8946],[-119.3276,35.8946],[-119.3276,35.8937]]],[[[-119.331,35.8955],[-119.331,35.8919],[-119.3343,35.8919],[-119.3343,35.8937],[-119.3332,35.8937],[-119.3332,35.8946],[-119.3343,35.8946],[-119.3343,35.895],[-119.3332,35.895],[-119.3332,35.8955],[-119.331,35.8955]]],[[[-119.331,35.8964],[-119.331,35.8959],[-119.3321,35.8959],[-119.3321,35.8964],[-119.331,35.8964]]],[[[-119.3287,35.8973],[-119.3287,35.8968],[-119.3302,35.8968],[-119.3302,35.8973],[-119.3287,35.8973]]],[[[-119.3365,35.895],[-119.3365,35.8946],[-119.3377,35.8946],[-119.3377,35.8937],[-119.3399,35.8937],[-119.3399,35.8955],[-119.3377,35.8955],[-119.3377,35.895],[-119.3365,35.895]]],[[[-119.3243,35.8968],[-119.3243,35.8964],[-119.3254,35.8964],[-119.3254,35.8955],[-119.3243,35.8955],[-119.3243,35.8919],[-119.3265,35.8919],[-119.3265,35.895],[-119.3276,35.895],[-119.3276,35.8955],[-119.3265,35.8955],[-119.3265,35.8987],[-119.3254,35.8987],[-119.3254,35.8968],[-119.3243,35.8968]]],[[[-119.3343,35.8973],[-119.3343,35.8955],[-119.3365,35.8955],[-119.3365,35.8973],[-119.3343,35.8973]]],[[[-119.322,35.9005],[-119.322,35.8996],[-119.3231,35.8996],[-119.3231,35.8991],[-119.322,35.8991],[-119.322,35.8969],[-119.3231,35.8969],[-119.3231,35.8973],[-119.3243,35.8973],[-119.3243,35.9005],[-119.322,35.9005]]],[[[-119.3276,35.9],[-119.3265,35.9],[-119.3265,35.8996],[-119.3276,35.8996],[-119.3276,35.9]]],[[[-119.3343,35.8991],[-119.3309,35.8991],[-119.3309,35.8973],[-119.3332,35.8973],[-119.3332,35.8986],[-119.3343,35.8986],[-119.3343,35.8991]]],[[[-119.3354,35.8986],[-119.3354,35.8982],[-119.3365,35.8982],[-119.3365,35.8977],[-119.3376,35.8977],[-119.3376,35.8991],[-119.3365,35.8991],[-119.3365,35.8986],[-119.3354,35.8986]]],[[[-119.3343,35.8991],[-119.3354,35.8991],[-119.3354,35.8995],[-119.3343,35.8996],[-119.3343,35.8991]]],[[[-119.3276,35.9],[-119.3287,35.9],[-119.3287,35.9009],[-119.3265,35.9009],[-119.3265,35.9005],[-119.3276,35.9005],[-119.3276,35.9]]],[[[-119.3309,35.9005],[-119.3309,35.9],[-119.3321,35.9],[-119.3321,35.9005],[-119.3309,35.9005]]],[[[-119.3332,35.9005],[-119.3332,35.9],[-119.3343,35.9],[-119.3343,35.9005],[-119.3332,35.9005]]],[[[-119.3242,35.9027],[-119.322,35.9027],[-119.322,35.9009],[-119.3242,35.9009],[-119.3242,35.9014],[-119.3254,35.9014],[-119.3254,35.9018],[-119.3242,35.9018],[-119.3242,35.9027]]],[[[-119.3399,35.8991],[-119.3399,35.896],[-119.3444,35.8959],[-119.3444,35.8989],[-119.3399,35.8991]]],[[[-119.3365,35.9005],[-119.3365,35.9],[-119.3376,35.9],[-119.3376,35.9005],[-119.3365,35.9005]]],[[[-119.3365,35.9014],[-119.3354,35.9014],[-119.3354,35.9009],[-119.3365,35.9009],[-119.3365,35.9014]]],[[[-119.322,35.9041],[-119.322,35.9036],[-119.3231,35.9036],[-119.3231,35.9041],[-119.322,35.9041]]],[[[-119.3343,35.9023],[-119.3343,35.9018],[-119.3354,35.9018],[-119.3354,35.9023],[-119.3343,35.9023]]],[[[-119.3376,35.9014],[-119.3376,35.9009],[-119.3399,35.9009],[-119.3399,35.9018],[-119.3387,35.9018],[-119.3387,35.9014],[-119.3376,35.9014]]],[[[-119.3332,35.9032],[-119.3309,35.9032],[-119.3309,35.9027],[-119.3298,35.9027],[-119.3298,35.9018],[-119.3309,35.9018],[-119.3309,35.901],[-119.3332,35.9009],[-119.3332,35.9032]]],[[[-119.3242,35.9027],[-119.3254,35.9027],[-119.3254,35.9032],[-119.3265,35.9032],[-119.3265,35.9041],[-119.3276,35.9041],[-119.3276,35.9036],[-119.3287,35.9036],[-119.3287,35.9041],[-119.3276,35.9041],[-119.3276,35.9045],[-119.3254,35.9045],[-119.3254,35.9036],[-119.3242,35.9036],[-119.3242,35.9027]]],[[[-119.3231,35.9054],[-119.322,35.9054],[-119.322,35.905],[-119.3231,35.905],[-119.3231,35.9054]]],[[[-119.3365,35.9027],[-119.3365,35.9014],[-119.3376,35.9014],[-119.3376,35.9027],[-119.3365,35.9027]]],[[[-119.3365,35.9027],[-119.3365,35.9032],[-119.3354,35.9032],[-119.3354,35.9027],[-119.3365,35.9027]]],[[[-119.3309,35.9045],[-119.3309,35.9036],[-119.332,35.9036],[-119.332,35.9045],[-119.3309,35.9045]]],[[[-119.3365,35.9032],[-119.3376,35.9032],[-119.3376,35.9036],[-119.3365,35.9036],[-119.3365,35.9032]]],[[[-119.3231,35.9054],[-119.3242,35.9054],[-119.3242,35.9063],[-119.3231,35.9063],[-119.3231,35.9054]]],[[[-119.3332,35.9032],[-119.3343,35.9032],[-119.3343,35.9036],[-119.3354,35.9036],[-119.3354,35.9041],[-119.3343,35.9041],[-119.3343,35.9045],[-119.3332,35.9045],[-119.3332,35.9032]]],[[[-119.3265,35.9059],[-119.3265,35.9054],[-119.3276,35.9054],[-119.3276,35.9059],[-119.3265,35.9059]]],[[[-119.2903,35.9099],[-119.2904,35.9063],[-119.2992,35.9063],[-119.2993,35.9118],[-119.2948,35.9117],[-119.2948,35.9099],[-119.2903,35.9099]]],[[[-119.332,35.9059],[-119.3309,35.9059],[-119.3309,35.9054],[-119.332,35.9054],[-119.332,35.9059]]],[[[-119.3387,35.9045],[-119.3387,35.9041],[-119.3399,35.9041],[-119.3398,35.9045],[-119.3387,35.9045]]],[[[-119.332,35.9059],[-119.3332,35.9059],[-119.3332,35.9061],[-119.332,35.9061],[-119.332,35.9059]]],[[[-119.3365,35.905],[-119.3365,35.9045],[-119.3377,35.9045],[-119.3377,35.9054],[-119.3365,35.9054],[-119.3365,35.905]]],[[[-119.3343,35.9061],[-119.3343,35.9054],[-119.3354,35.9054],[-119.3354,35.9061],[-119.3343,35.9061]]],[[[-119.3387,35.9059],[-119.3387,35.9054],[-119.3398,35.9054],[-119.3398,35.906],[-119.3387,35.906],[-119.3387,35.9059]]],[[[-119.4001,35.9288],[-119.4001,35.9284],[-119.4012,35.9284],[-119.4012,35.9292],[-119.4001,35.9292],[-119.4001,35.9288]]],[[[-119.3623,35.9371],[-119.3624,35.9366],[-119.3635,35.9366],[-119.3635,35.9371],[-119.3623,35.9371]]],[[[-119.3623,35.938],[-119.3623,35.9375],[-119.3635,35.9375],[-119.3635,35.938],[-119.3623,35.938]]],[[[-119.3579,35.9398],[-119.3579,35.9393],[-119.359,35.9393],[-119.359,35.9398],[-119.3579,35.9398]]],[[[-119.3994,35.9061],[-119.4025,35.9105],[-119.3994,35.9061],[-119.4158,35.9058],[-119.4264,35.9203],[-119.4248,35.9203],[-119.4248,35.9239],[-119.4203,35.924],[-119.4204,35.9203],[-119.4044,35.9205],[-119.4045,35.9222],[-119.4024,35.9223],[-119.4024,35.9278],[-119.3935,35.9279],[-119.3936,35.9353],[-119.3668,35.9352],[-119.3668,35.9389],[-119.3646,35.9389],[-119.3646,35.938],[-119.3657,35.938],[-119.3657,35.9375],[-119.3646,35.9375],[-119.3646,35.9352],[-119.3601,35.9352],[-119.3601,35.9357],[-119.3612,35.9357],[-119.3612,35.9384],[-119.3623,35.9384],[-119.3623,35.9389],[-119.3646,35.9389],[-119.3646,35.9393],[-119.3668,35.9393],[-119.3668,35.9398],[-119.3657,35.9398],[-119.3657,35.9407],[-119.3623,35.9407],[-119.3623,35.9411],[-119.3645,35.9411],[-119.3645,35.9416],[-119.3623,35.9416],[-119.3623,35.942],[-119.3634,35.942],[-119.3634,35.9425],[-119.3579,35.9425],[-119.3579,35.9407],[-119.3601,35.9407],[-119.3601,35.9389],[-119.359,35.9389],[-119.359,35.938],[-119.3601,35.938],[-119.3601,35.9362],[-119.359,35.9362],[-119.359,35.9352],[-119.3533,35.9352],[-119.3534,35.9208],[-119.34,35.9208],[-119.3398,35.9063],[-119.3994,35.9061]]],[[[-119.3845,35.957],[-119.3845,35.9516],[-119.3933,35.9515],[-119.3934,35.9498],[-119.4155,35.9495],[-119.4156,35.964],[-119.3934,35.9641],[-119.3934,35.957],[-119.3845,35.957]]],[[[-119.4735,36.0437],[-119.4736,36.0256],[-119.4646,36.0256],[-119.4646,36.0365],[-119.4557,36.0365],[-119.4556,36.0438],[-119.4467,36.0437],[-119.4468,36.0219],[-119.4586,36.022],[-119.4586,36.0184],[-119.4616,36.0183],[-119.4616,36.022],[-119.4788,36.0219],[-119.4827,36.0273],[-119.4845,36.0365],[-119.4825,36.0365],[-119.4824,36.0509],[-119.4734,36.0509],[-119.4735,36.0437]]],[[[-119.4834,36.0319],[-119.4843,36.0365],[-119.4834,36.032],[-119.4834,36.0319]]],[[[-119.4825,36.0272],[-119.4824,36.0271],[-119.4825,36.0273],[-119.4825,36.0272]]]]},"properties":{"id":"usgs-pad-us-fee-managers:4205","name":"Pixley National Wildlife Refuge","kind":"land","category":"public-land","sourceCategory":"public-land","sourceId":"usgs-pad-us-fee-managers","sourceUrl":"https://services.arcgis.com/v01gqwM5QqNysAAi/arcgis/rest/services/Fee_Managers_PADUS/FeatureServer/0","sourceUpdated":"2021-01-28T05:00:00.000Z","publicUse":"PAD-US reports restricted access; confirm permits and seasonal rules with the manager.","unit":"FWS","origin":"public-catalog"}},{"type":"Feature","id":"usgs-pad-us-fee-managers:4261","geometry":{"type":"MultiPolygon","coordinates":[[[[-122.193,39.4073],[-122.1935,39.4073],[-122.1945,39.4083],[-122.195,39.4097],[-122.1931,39.4189],[-122.1928,39.4189],[-122.193,39.4073]]],[[[-122.1366,39.4501],[-122.1361,39.3711],[-122.1546,39.371],[-122.1547,39.3637],[-122.1734,39.3635],[-122.1733,39.371],[-122.1917,39.3708],[-122.1922,39.4375],[-122.1918,39.4375],[-122.1919,39.4394],[-122.1922,39.4394],[-122.1923,39.4511],[-122.1366,39.4512],[-122.1366,39.4501]]]]},"properties":{"id":"usgs-pad-us-fee-managers:4261","name":"Sacramento National Wildlife Refuge","kind":"land","category":"public-land","sourceCategory":"public-land","sourceId":"usgs-pad-us-fee-managers","sourceUrl":"https://services.arcgis.com/v01gqwM5QqNysAAi/arcgis/rest/services/Fee_Managers_PADUS/FeatureServer/0","sourceUpdated":"2021-01-28T05:00:00.000Z","publicUse":"PAD-US reports restricted access; confirm permits and seasonal rules with the manager.","unit":"FWS","origin":"public-catalog"}},{"type":"Feature","id":"usgs-pad-us-fee-managers:4262","geometry":{"type":"MultiPolygon","coordinates":[[[[-121.9965,39.3698],[-121.9967,39.3696],[-122.0013,39.3699],[-122.0099,39.3706],[-122.0091,39.3728],[-122.009,39.3736],[-122.0097,39.3756],[-122.0055,39.3759],[-122.0024,39.3752],[-122.0001,39.375],[-122.0012,39.3736],[-122.0013,39.3716],[-121.9955,39.3715],[-121.9959,39.3705],[-121.9965,39.3698]]],[[[-121.9948,39.4252],[-121.9935,39.4249],[-121.9922,39.424],[-121.9915,39.4239],[-121.9918,39.4231],[-121.9923,39.4191],[-121.9923,39.4126],[-121.9909,39.4126],[-121.99,39.41],[-121.9923,39.41],[-121.9923,39.4119],[-122.0078,39.4118],[-122.0091,39.4166],[-122.0089,39.4178],[-122.0073,39.4193],[-122.0076,39.4193],[-122.0031,39.4212],[-122.002,39.4229],[-122.0019,39.4234],[-122.0015,39.4237],[-121.9994,39.4242],[-121.997,39.4257],[-121.9948,39.4252]]],[[[-122.0077,39.4338],[-122.0079,39.4332],[-122.008,39.4332],[-122.0077,39.4338]]],[[[-122.0065,39.435],[-122.0066,39.4349],[-122.0065,39.4354],[-122.0065,39.435]]],[[[-122.0062,39.4356],[-122.0065,39.4355],[-122.0064,39.4361],[-122.0058,39.4369],[-122.0062,39.4356]]],[[[-121.996,39.4376],[-121.9953,39.4364],[-121.9966,39.4358],[-121.9882,39.4359],[-121.9876,39.4333],[-121.9871,39.4324],[-121.9872,39.4308],[-121.995,39.4306],[-121.995,39.4323],[-121.998,39.4308],[-122.0016,39.4299],[-122.0028,39.4294],[-122.0034,39.4297],[-122.0033,39.4331],[-122.0053,39.4331],[-122.0044,39.4342],[-122.0037,39.4349],[-122,39.4363],[-122.0008,39.4364],[-122.0018,39.4363],[-122.0017,39.4365],[-121.9985,39.4379],[-121.9972,39.439],[-121.996,39.4376]]],[[[-122.0113,39.4562],[-122.0095,39.4562],[-122.0095,39.4567],[-122.0061,39.4565],[-121.9986,39.457],[-121.9991,39.4564],[-121.9977,39.4545],[-121.9974,39.4534],[-121.9957,39.4507],[-121.9952,39.4505],[-121.9951,39.4489],[-121.9952,39.4459],[-121.9959,39.4433],[-121.9976,39.4409],[-121.9991,39.4399],[-122.0006,39.4393],[-122.0034,39.4389],[-122.0034,39.4373],[-122.0118,39.4374],[-122.0127,39.4413],[-122.0142,39.4428],[-122.0173,39.4488],[-122.0172,39.453],[-122.015,39.4543],[-122.0136,39.4557],[-122.0125,39.4562],[-122.0113,39.4562]]],[[[-122.0071,39.4748],[-122.0017,39.4756],[-121.9984,39.4757],[-121.9984,39.4739],[-121.998,39.473],[-121.9954,39.469],[-121.995,39.4672],[-121.9957,39.4654],[-121.996,39.4656],[-121.9961,39.4653],[-121.9963,39.4644],[-121.9963,39.4622],[-121.9957,39.4602],[-121.9986,39.4572],[-122.0061,39.4568],[-122.0095,39.4569],[-122.0096,39.4585],[-122.0109,39.4599],[-122.0105,39.4599],[-122.0111,39.4616],[-122.0112,39.4635],[-122.0101,39.4675],[-122.0092,39.4687],[-122.0076,39.47],[-122.0083,39.4705],[-122.0096,39.4706],[-122.0106,39.4711],[-122.0114,39.4762],[-122.009,39.4753],[-122.0071,39.4748]]],[[[-121.9791,39.5154],[-121.9794,39.5149],[-121.9816,39.5148],[-121.9831,39.5176],[-121.9837,39.5195],[-121.9831,39.521],[-121.982,39.5225],[-121.9799,39.5233],[-121.9793,39.5232],[-121.9793,39.5222],[-121.9784,39.5206],[-121.9794,39.5165],[-121.9791,39.5154]]],[[[-121.9926,39.5568],[-121.9909,39.5573],[-121.9895,39.5582],[-121.9887,39.5593],[-121.9901,39.5463],[-121.9886,39.5402],[-121.9848,39.5385],[-121.9855,39.5367],[-121.9839,39.5349],[-121.9805,39.5338],[-121.9784,39.5339],[-121.9766,39.5337],[-121.9748,39.5329],[-121.9721,39.5305],[-121.9729,39.5292],[-121.9779,39.5279],[-121.9796,39.5314],[-121.9812,39.5323],[-121.985,39.5311],[-121.9872,39.5259],[-121.987,39.5248],[-121.9893,39.5242],[-121.9889,39.5247],[-121.9888,39.5255],[-121.9894,39.5274],[-121.9902,39.5283],[-121.9916,39.5287],[-121.9933,39.5307],[-121.9927,39.5324],[-121.9931,39.5345],[-121.995,39.5373],[-121.9969,39.5417],[-121.9989,39.5483],[-122.0023,39.5571],[-122.0007,39.5574],[-121.9962,39.5571],[-121.9948,39.5567],[-121.9926,39.5568]]],[[[-121.9931,39.562],[-121.993,39.5625],[-121.9925,39.5626],[-121.9922,39.562],[-121.9922,39.5629],[-121.9911,39.563],[-121.9903,39.5626],[-121.9899,39.5616],[-121.9902,39.5599],[-121.9911,39.5587],[-121.9922,39.558],[-121.9932,39.5577],[-121.9957,39.5578],[-121.9966,39.5581],[-121.9966,39.5585],[-121.9976,39.5587],[-121.9979,39.559],[-122.0017,39.5595],[-122.0021,39.5594],[-122.0013,39.5603],[-121.9991,39.5606],[-121.9977,39.5618],[-121.9968,39.5639],[-121.9953,39.5636],[-121.994,39.5628],[-121.9931,39.562]]],[[[-122.003,39.5794],[-122.0009,39.5801],[-121.9982,39.5805],[-121.998,39.5798],[-121.9981,39.578],[-121.9985,39.5767],[-121.9996,39.5751],[-122.0006,39.5744],[-122.0005,39.5751],[-122.0023,39.5743],[-122.0025,39.5746],[-122.0022,39.5764],[-122.0042,39.5796],[-122.003,39.5794]]],[[[-121.9913,39.6087],[-121.9925,39.6082],[-121.9938,39.6087],[-121.9941,39.6124],[-121.9947,39.6146],[-121.9945,39.616],[-121.9827,39.616],[-121.983,39.6153],[-121.9861,39.6131],[-121.988,39.6124],[-121.9913,39.6087]]],[[[-122.0029,39.6306],[-121.9952,39.6305],[-122.0009,39.6305],[-121.9991,39.6302],[-121.9963,39.629],[-121.9939,39.629],[-121.9942,39.6289],[-121.9939,39.6285],[-121.994,39.6255],[-122.0047,39.6255],[-122.0047,39.6269],[-122.0065,39.6269],[-122.0053,39.6286],[-122.0042,39.6306],[-122.0029,39.6306]]],[[[-122.0006,39.6282],[-122.0006,39.6304],[-122.0021,39.6304],[-122.0016,39.6284],[-122.0006,39.6282]]],[[[-121.9922,39.6388],[-121.992,39.6386],[-121.9982,39.6387],[-121.9997,39.6407],[-121.9934,39.6407],[-121.9934,39.6396],[-121.9922,39.6388]]],[[[-121.9772,39.6464],[-121.974,39.6465],[-121.9711,39.6461],[-121.9702,39.6464],[-121.9693,39.6464],[-121.9596,39.636],[-121.9459,39.6373],[-121.9661,39.6352],[-121.9891,39.6346],[-121.9875,39.6358],[-121.9873,39.6367],[-121.9863,39.6382],[-121.9859,39.6399],[-121.9863,39.6418],[-121.9861,39.644],[-121.9865,39.644],[-121.9869,39.6436],[-121.9876,39.6435],[-121.9888,39.6443],[-121.9893,39.6452],[-121.9889,39.6467],[-121.9883,39.6472],[-121.987,39.6478],[-121.9854,39.648],[-121.984,39.6478],[-121.9833,39.6473],[-121.9791,39.6463],[-121.9772,39.6464]]],[[[-121.9702,39.6517],[-121.9709,39.6489],[-121.9715,39.6479],[-121.9726,39.6472],[-121.9732,39.6471],[-121.9767,39.648],[-121.9787,39.6494],[-121.9787,39.6499],[-121.9779,39.6499],[-121.9734,39.6523],[-121.97,39.6524],[-121.9702,39.6517]]],[[[-121.9671,39.6906],[-121.959,39.6906],[-121.9619,39.6909],[-121.9438,39.6909],[-121.9433,39.6911],[-121.9429,39.6911],[-121.9428,39.6904],[-121.9437,39.6896],[-121.9488,39.6884],[-121.9503,39.6884],[-121.9517,39.6892],[-121.953,39.6895],[-121.9543,39.6894],[-121.9565,39.6887],[-121.9624,39.6857],[-121.9636,39.6841],[-121.9641,39.683],[-121.9641,39.6823],[-121.966,39.6824],[-121.9681,39.6821],[-121.9682,39.6789],[-121.9703,39.6777],[-121.9719,39.6776],[-121.9723,39.6784],[-121.9743,39.6802],[-121.9754,39.6807],[-121.9767,39.6817],[-121.9767,39.682],[-121.975,39.6805],[-121.9741,39.6801],[-121.9705,39.68],[-121.9717,39.6821],[-121.9719,39.6837],[-121.9716,39.6864],[-121.9714,39.6866],[-121.9701,39.6892],[-121.9688,39.6902],[-121.9671,39.6906]]],[[[-121.9448,39.6984],[-121.9447,39.6981],[-121.9472,39.6982],[-121.9482,39.6995],[-121.9521,39.6994],[-121.956,39.7],[-121.958,39.7005],[-121.9587,39.7011],[-121.9613,39.7014],[-121.9631,39.7023],[-121.9653,39.704],[-121.9662,39.705],[-121.9665,39.7063],[-121.9663,39.7077],[-121.9702,39.7077],[-121.9702,39.7119],[-121.9916,39.7125],[-121.9929,39.7128],[-121.9588,39.7127],[-121.957,39.7131],[-121.9547,39.7127],[-121.9482,39.7128],[-121.946,39.7101],[-121.9451,39.7075],[-121.9453,39.7063],[-121.9462,39.7045],[-121.9451,39.7013],[-121.9448,39.6984]]],[[[-121.9912,39.7523],[-121.9838,39.7523],[-121.9712,39.7531],[-121.9706,39.7526],[-121.9704,39.7511],[-121.9693,39.7497],[-121.968,39.7471],[-121.9668,39.746],[-121.9665,39.7453],[-121.965,39.7441],[-121.9646,39.7434],[-121.965,39.7433],[-121.9656,39.7441],[-121.9671,39.7452],[-121.9673,39.7459],[-121.9691,39.7474],[-121.9721,39.7468],[-121.97,39.7439],[-121.9718,39.7431],[-121.97,39.7405],[-121.9702,39.7402],[-121.973,39.7388],[-121.9746,39.7413],[-121.975,39.7406],[-121.9781,39.7388],[-121.9816,39.7383],[-121.9839,39.7386],[-121.9868,39.7419],[-121.9859,39.7422],[-121.9889,39.7467],[-121.9886,39.7468],[-121.9912,39.7523]]],[[[-122.0211,39.7646],[-122.0203,39.7636],[-122.0216,39.7643],[-122.0197,39.7617],[-122.0217,39.7627],[-122.0238,39.7628],[-122.0257,39.7636],[-122.0282,39.765],[-122.03,39.7654],[-122.0346,39.7709],[-122.0312,39.7718],[-122.0319,39.7728],[-122.033,39.7755],[-122.0317,39.7755],[-122.0313,39.7743],[-122.0305,39.7742],[-122.0298,39.7727],[-122.026,39.7701],[-122.0262,39.7694],[-122.0297,39.7685],[-122.0294,39.7682],[-122.0278,39.7671],[-122.0241,39.7659],[-122.0221,39.7655],[-122.0211,39.7646]]],[[[-122.0288,39.7788],[-122.0292,39.7787],[-122.0297,39.7776],[-122.0321,39.7775],[-122.0335,39.7788],[-122.0354,39.7795],[-122.036,39.781],[-122.0382,39.7824],[-122.0315,39.7824],[-122.0292,39.7805],[-122.0289,39.7798],[-122.0288,39.7788]]],[[[-122.0701,39.842],[-122.0701,39.8416],[-122.071,39.8419],[-122.0718,39.8434],[-122.0718,39.8458],[-122.0716,39.8465],[-122.0695,39.8489],[-122.0682,39.852],[-122.0663,39.8543],[-122.0654,39.8546],[-122.0636,39.8561],[-122.0581,39.8597],[-122.0574,39.8561],[-122.058,39.8529],[-122.0619,39.8494],[-122.064,39.8484],[-122.0682,39.8458],[-122.0698,39.8433],[-122.0701,39.842]]],[[[-122.0796,39.9103],[-122.0767,39.9112],[-122.0758,39.91],[-122.0751,39.9095],[-122.0748,39.9096],[-122.0722,39.908],[-122.0721,39.9071],[-122.0716,39.9064],[-122.0751,39.9052],[-122.0739,39.9039],[-122.0731,39.9035],[-122.0654,39.9063],[-122.0645,39.9045],[-122.0644,39.9056],[-122.064,39.9061],[-122.0629,39.9057],[-122.0602,39.9043],[-122.0567,39.9036],[-122.055,39.9029],[-122.0537,39.9007],[-122.0535,39.8996],[-122.0536,39.8972],[-122.0521,39.8975],[-122.0492,39.8963],[-122.0466,39.8945],[-122.0462,39.894],[-122.0449,39.8912],[-122.0443,39.8913],[-122.0426,39.8907],[-122.042,39.8901],[-122.0391,39.8848],[-122.0388,39.8838],[-122.0424,39.8838],[-122.0486,39.8852],[-122.049,39.8844],[-122.0501,39.8844],[-122.052,39.8838],[-122.0558,39.8839],[-122.0583,39.8823],[-122.0615,39.8815],[-122.0638,39.8811],[-122.0643,39.8813],[-122.0644,39.8816],[-122.0634,39.8829],[-122.0625,39.885],[-122.062,39.8865],[-122.0617,39.889],[-122.0621,39.8909],[-122.0637,39.8941],[-122.0639,39.8941],[-122.0669,39.8972],[-122.0701,39.8999],[-122.0719,39.9011],[-122.0768,39.9032],[-122.0816,39.9047],[-122.0842,39.9057],[-122.0838,39.9064],[-122.0856,39.9071],[-122.0866,39.9079],[-122.0891,39.9107],[-122.084,39.9127],[-122.0815,39.9116],[-122.0796,39.9103]]],[[[-122.1036,40.0069],[-122.1062,40.0062],[-122.1066,40.0074],[-122.1074,40.0085],[-122.1146,40.0147],[-122.1074,40.0149],[-122.1059,40.0145],[-122.1046,40.0136],[-122.1028,40.0105],[-122.1024,40.0087],[-122.103,40.0073],[-122.1036,40.0069]]],[[[-122.1274,40.0734],[-122.1246,40.0735],[-122.1242,40.0725],[-122.1236,40.0722],[-122.123,40.0715],[-122.1227,40.0707],[-122.1206,40.0675],[-122.1201,40.0662],[-122.1191,40.0647],[-122.1174,40.0648],[-122.1164,40.0645],[-122.116,40.0641],[-122.1146,40.0638],[-122.1126,40.063],[-122.1118,40.0624],[-122.1113,40.0617],[-122.1115,40.0605],[-122.1112,40.0582],[-122.1114,40.0569],[-122.113,40.0546],[-122.1147,40.0536],[-122.1149,40.0532],[-122.1142,40.0512],[-122.1141,40.0496],[-122.1136,40.0479],[-122.1137,40.047],[-122.1156,40.0428],[-122.1172,40.0441],[-122.1198,40.0441],[-122.1204,40.0444],[-122.1191,40.0476],[-122.119,40.0501],[-122.1206,40.0514],[-122.122,40.0532],[-122.1241,40.0534],[-122.1239,40.0537],[-122.1244,40.0579],[-122.1254,40.0591],[-122.1271,40.0621],[-122.1274,40.0641],[-122.1272,40.0654],[-122.1269,40.0655],[-122.1292,40.0672],[-122.1294,40.0676],[-122.1295,40.0696],[-122.1304,40.0697],[-122.1304,40.0739],[-122.1288,40.074],[-122.1274,40.0734]]],[[[-122.1355,40.1109],[-122.1349,40.1109],[-122.1347,40.1123],[-122.1331,40.1131],[-122.1312,40.1119],[-122.1323,40.1111],[-122.1319,40.1095],[-122.1318,40.1073],[-122.1313,40.1061],[-122.1288,40.1026],[-122.1293,40.1026],[-122.1315,40.1038],[-122.1343,40.1066],[-122.1376,40.1088],[-122.1397,40.112],[-122.1395,40.1121],[-122.1372,40.1109],[-122.1355,40.1109]]],[[[-122.1402,40.1408],[-122.1406,40.1406],[-122.1411,40.1388],[-122.1414,40.1386],[-122.141,40.137],[-122.1418,40.1367],[-122.1428,40.1384],[-122.143,40.1398],[-122.1438,40.1413],[-122.1465,40.1439],[-122.1491,40.145],[-122.1445,40.145],[-122.142,40.1434],[-122.1409,40.1422],[-122.1409,40.1418],[-122.1401,40.141],[-122.1402,40.1408]]],[[[-122.1546,40.146],[-122.153,40.1455],[-122.1482,40.1426],[-122.1473,40.1425],[-122.1464,40.1408],[-122.1481,40.1417],[-122.1482,40.1415],[-122.1447,40.1389],[-122.1423,40.1366],[-122.1413,40.1351],[-122.1411,40.1335],[-122.1412,40.1333],[-122.1412,40.1293],[-122.1393,40.1258],[-122.1376,40.1244],[-122.1359,40.1225],[-122.1367,40.1211],[-122.1379,40.1203],[-122.1379,40.1199],[-122.1399,40.1192],[-122.1415,40.1182],[-122.1445,40.1157],[-122.1448,40.1152],[-122.1449,40.1137],[-122.1441,40.1122],[-122.1426,40.1111],[-122.1416,40.1097],[-122.139,40.1083],[-122.1386,40.1087],[-122.1381,40.108],[-122.1386,40.1079],[-122.1367,40.1051],[-122.1343,40.1028],[-122.1336,40.1023],[-122.1334,40.1027],[-122.1344,40.1039],[-122.1345,40.1043],[-122.1341,40.1047],[-122.1302,40.1026],[-122.1297,40.1018],[-122.1296,40.1008],[-122.1301,40.0992],[-122.1302,40.0991],[-122.1308,40.0996],[-122.1306,40.0993],[-122.131,40.0992],[-122.1306,40.0982],[-122.1307,40.0955],[-122.1308,40.0945],[-122.1311,40.0944],[-122.1309,40.0937],[-122.132,40.0932],[-122.1311,40.0913],[-122.1305,40.091],[-122.1299,40.091],[-122.1286,40.0901],[-122.1282,40.0906],[-122.1234,40.0909],[-122.122,40.0912],[-122.1213,40.0934],[-122.1194,40.0949],[-122.1182,40.0951],[-122.1166,40.0947],[-122.1152,40.0931],[-122.1139,40.091],[-122.1136,40.09],[-122.1123,40.0891],[-122.1119,40.0876],[-122.1129,40.0857],[-122.1148,40.0857],[-122.1159,40.0864],[-122.1179,40.0835],[-122.1167,40.0824],[-122.1167,40.0814],[-122.117,40.0805],[-122.1193,40.081],[-122.1204,40.0798],[-122.1212,40.0793],[-122.1208,40.0802],[-122.123,40.0775],[-122.124,40.0754],[-122.1241,40.0744],[-122.1246,40.074],[-122.1258,40.0738],[-122.1273,40.074],[-122.1286,40.0744],[-122.1309,40.0743],[-122.1319,40.0745],[-122.133,40.0753],[-122.1357,40.0759],[-122.1363,40.0782],[-122.1359,40.0791],[-122.1353,40.0796],[-122.1355,40.0814],[-122.1349,40.0819],[-122.135,40.0826],[-122.1342,40.0839],[-122.1368,40.0843],[-122.1362,40.0903],[-122.1384,40.0917],[-122.1356,40.0928],[-122.1363,40.0927],[-122.1393,40.0938],[-122.1396,40.0965],[-122.1412,40.0975],[-122.1413,40.0989],[-122.1426,40.1008],[-122.1433,40.1014],[-122.1443,40.1018],[-122.1456,40.103],[-122.1461,40.104],[-122.1455,40.1064],[-122.1473,40.106],[-122.1474,40.1073],[-122.1458,40.11],[-122.1462,40.1111],[-122.1465,40.1115],[-122.1472,40.1117],[-122.1475,40.1125],[-122.147,40.1136],[-122.1488,40.1142],[-122.1507,40.1154],[-122.152,40.1165],[-122.153,40.1179],[-122.153,40.1194],[-122.1525,40.1203],[-122.1489,40.1229],[-122.1567,40.1332],[-122.1555,40.1348],[-122.1652,40.1391],[-122.1611,40.1447],[-122.1566,40.1461],[-122.1546,40.146]]],[[[-122.1232,40.0817],[-122.1199,40.0812],[-122.1322,40.0832],[-122.1232,40.0817]]]]},"properties":{"id":"usgs-pad-us-fee-managers:4262","name":"Sacramento River National Wildlife Refuge","kind":"land","category":"public-land","sourceCategory":"public-land","sourceId":"usgs-pad-us-fee-managers","sourceUrl":"https://services.arcgis.com/v01gqwM5QqNysAAi/arcgis/rest/services/Fee_Managers_PADUS/FeatureServer/0","sourceUpdated":"2021-01-28T05:00:00.000Z","publicUse":"PAD-US reports restricted access; confirm permits and seasonal rules with the manager.","unit":"FWS","origin":"public-catalog"}},{"type":"Feature","id":"usgs-pad-us-fee-managers:4263","geometry":{"type":"Polygon","coordinates":[[[-121.8025,36.7473],[-121.794,36.74],[-121.7924,36.7406],[-121.7898,36.7389],[-121.79,36.735],[-121.8063,36.7329],[-121.806,36.7392],[-121.8055,36.7443],[-121.8059,36.7449],[-121.8061,36.7445],[-121.8063,36.7446],[-121.8059,36.7451],[-121.8048,36.7492],[-121.8046,36.7492],[-121.8025,36.7473]]]},"properties":{"id":"usgs-pad-us-fee-managers:4263","name":"Salinas River National Wildlife Refuge","kind":"land","category":"public-land","sourceCategory":"public-land","sourceId":"usgs-pad-us-fee-managers","sourceUrl":"https://services.arcgis.com/v01gqwM5QqNysAAi/arcgis/rest/services/Fee_Managers_PADUS/FeatureServer/0","sourceUpdated":"2021-01-28T05:00:00.000Z","publicUse":"PAD-US reports restricted access; confirm permits and seasonal rules with the manager.","unit":"FWS","origin":"public-catalog"}},{"type":"Feature","id":"usgs-pad-us-fee-managers:4271","geometry":{"type":"MultiPolygon","coordinates":[[[[-117.0905,32.5912],[-117.0905,32.5893],[-117.0925,32.5894],[-117.0925,32.5912],[-117.0905,32.5912]]],[[[-117.0887,32.592],[-117.0886,32.5913],[-117.0904,32.5913],[-117.0904,32.592],[-117.0887,32.592]]],[[[-117.0905,32.592],[-117.0905,32.5913],[-117.0925,32.5913],[-117.0925,32.592],[-117.0905,32.592]]],[[[-117.0888,32.5928],[-117.0887,32.5921],[-117.0904,32.5921],[-117.0904,32.5928],[-117.0888,32.5928]]],[[[-117.0905,32.5928],[-117.0905,32.5921],[-117.0925,32.5921],[-117.0922,32.5928],[-117.0905,32.5928]]],[[[-117.089,32.5938],[-117.0889,32.5929],[-117.0926,32.5929],[-117.0926,32.5948],[-117.0908,32.5948],[-117.0906,32.5939],[-117.089,32.5938]]],[[[-117.0927,32.5948],[-117.0927,32.5894],[-117.0948,32.5894],[-117.0948,32.5912],[-117.0949,32.5894],[-117.097,32.5894],[-117.0969,32.5936],[-117.095,32.5949],[-117.0927,32.5948]]],[[[-117.1014,32.6324],[-117.1039,32.6317],[-117.1046,32.6318],[-117.1048,32.6323],[-117.1041,32.6335],[-117.1044,32.6343],[-117.1024,32.6349],[-117.1014,32.6324]]],[[[-117.1065,32.6495],[-117.1063,32.6496],[-117.1034,32.6421],[-117.1066,32.6421],[-117.1065,32.6408],[-117.1071,32.6396],[-117.1067,32.6381],[-117.1069,32.6374],[-117.1075,32.6371],[-117.1078,32.6364],[-117.1084,32.636],[-117.1092,32.6367],[-117.1133,32.6377],[-117.115,32.6397],[-117.1153,32.6412],[-117.114,32.643],[-117.1149,32.646],[-117.1141,32.6459],[-117.1137,32.6461],[-117.1135,32.6469],[-117.113,32.6471],[-117.1104,32.6468],[-117.1097,32.6469],[-117.1089,32.6479],[-117.1084,32.6491],[-117.1065,32.6495]]],[[[-117.1027,32.6426],[-117.1029,32.6425],[-117.1057,32.6497],[-117.1046,32.6501],[-117.1041,32.6486],[-117.1044,32.6483],[-117.103,32.6449],[-117.102,32.6429],[-117.1027,32.6426]]],[[[-117.1071,32.6568],[-117.1054,32.6518],[-117.105,32.6513],[-117.1062,32.651],[-117.1072,32.6534],[-117.1087,32.6546],[-117.1094,32.6555],[-117.1101,32.6577],[-117.1091,32.658],[-117.1093,32.6585],[-117.1083,32.6587],[-117.1077,32.658],[-117.1071,32.6568]]]]},"properties":{"id":"usgs-pad-us-fee-managers:4271","name":"San Diego Bay National Wildlife Refuge","kind":"land","category":"public-land","sourceCategory":"public-land","sourceId":"usgs-pad-us-fee-managers","sourceUrl":"https://services.arcgis.com/v01gqwM5QqNysAAi/arcgis/rest/services/Fee_Managers_PADUS/FeatureServer/0","sourceUpdated":"2021-01-28T05:00:00.000Z","publicUse":"PAD-US reports restricted access; confirm permits and seasonal rules with the manager.","unit":"FWS","origin":"public-catalog"}},{"type":"Feature","id":"usgs-pad-us-fee-managers:4272","geometry":{"type":"MultiPolygon","coordinates":[[[[-116.8664,32.6416],[-116.8663,32.6376],[-116.8707,32.6376],[-116.8707,32.6303],[-116.8757,32.6304],[-116.8757,32.6227],[-116.8801,32.6227],[-116.88,32.6379],[-116.8742,32.6394],[-116.8664,32.6451],[-116.8664,32.6416]]],[[[-116.8891,32.6448],[-116.8848,32.6448],[-116.8849,32.6485],[-116.8746,32.6485],[-116.8747,32.647],[-116.8903,32.6409],[-116.8933,32.641],[-116.8934,32.6557],[-116.8892,32.6557],[-116.8891,32.6448]]],[[[-116.9322,32.667],[-116.9322,32.6651],[-116.9344,32.6651],[-116.9344,32.667],[-116.9322,32.667]]],[[[-116.9257,32.6794],[-116.9234,32.6793],[-116.9235,32.6775],[-116.9257,32.6776],[-116.9257,32.6794]]],[[[-116.9626,32.671],[-116.9626,32.6674],[-116.967,32.6674],[-116.9669,32.6627],[-116.9689,32.6626],[-116.9704,32.6647],[-116.9696,32.6651],[-116.9693,32.6659],[-116.9686,32.6664],[-116.9686,32.6686],[-116.9692,32.669],[-116.9691,32.6698],[-116.9685,32.6702],[-116.9685,32.6708],[-116.968,32.6715],[-116.9681,32.672],[-116.9686,32.6723],[-116.9626,32.6721],[-116.9626,32.671]]],[[[-116.9899,32.664],[-116.9892,32.6639],[-116.9856,32.6647],[-116.9844,32.6653],[-116.9842,32.6642],[-116.9838,32.6637],[-116.9804,32.6611],[-116.9817,32.6603],[-116.9925,32.6603],[-116.9936,32.6624],[-116.9946,32.6658],[-116.9952,32.6666],[-116.9953,32.6676],[-116.9939,32.6659],[-116.9926,32.665],[-116.9899,32.664]]],[[[-116.9474,32.6781],[-116.9485,32.6781],[-116.9485,32.6785],[-116.9474,32.6785],[-116.9474,32.6781]]],[[[-116.9015,32.6856],[-116.9023,32.6855],[-116.9024,32.688],[-116.9001,32.688],[-116.9005,32.6875],[-116.9008,32.6861],[-116.9015,32.6856]]],[[[-116.9875,32.6705],[-116.9867,32.6707],[-116.9859,32.6705],[-116.9866,32.6696],[-116.986,32.6681],[-116.9853,32.6678],[-116.9853,32.6674],[-116.9847,32.6666],[-116.9845,32.6654],[-116.9852,32.6651],[-116.9852,32.6659],[-116.9859,32.6664],[-116.988,32.6643],[-116.9894,32.6641],[-116.9917,32.6649],[-116.994,32.6662],[-116.9942,32.6666],[-116.9938,32.667],[-116.9932,32.6662],[-116.9917,32.6652],[-116.99,32.6655],[-116.9895,32.6659],[-116.9892,32.6672],[-116.9885,32.6675],[-116.9886,32.6688],[-116.9901,32.6699],[-116.9897,32.672],[-116.9882,32.6714],[-116.9884,32.6711],[-116.9883,32.6708],[-116.9875,32.6705]]],[[[-116.9901,32.6652],[-116.9901,32.6652],[-116.9901,32.6652],[-116.9901,32.6652]]],[[[-116.894,32.6881],[-116.894,32.6867],[-116.8961,32.6866],[-116.8961,32.688],[-116.8981,32.688],[-116.8982,32.6917],[-116.894,32.6917],[-116.894,32.6881]]],[[[-116.98,32.6723],[-116.9809,32.6714],[-116.9818,32.6716],[-116.9838,32.671],[-116.9839,32.6714],[-116.9837,32.673],[-116.985,32.6746],[-116.9851,32.6755],[-116.9834,32.6743],[-116.9816,32.6738],[-116.98,32.6723]]],[[[-116.9962,32.6609],[-116.9962,32.6619],[-116.9967,32.6635],[-116.9967,32.6644],[-116.9983,32.6664],[-116.9987,32.6673],[-116.9989,32.6687],[-117.0001,32.6695],[-117.0004,32.6701],[-117.0004,32.6715],[-117.0016,32.6746],[-116.9986,32.6754],[-116.9958,32.6686],[-116.9956,32.6664],[-116.9947,32.665],[-116.994,32.6622],[-116.9936,32.6616],[-116.9962,32.6609]]],[[[-116.8661,32.7336],[-116.866,32.73],[-116.8669,32.7299],[-116.8681,32.7291],[-116.8695,32.7293],[-116.8694,32.7297],[-116.8716,32.7291],[-116.8724,32.7292],[-116.8738,32.7301],[-116.8746,32.7337],[-116.8661,32.7336]]],[[[-116.868,32.7292],[-116.8679,32.7292],[-116.8679,32.7293],[-116.868,32.7292]]],[[[-116.8652,32.7434],[-116.865,32.7438],[-116.864,32.7437],[-116.8631,32.7434],[-116.8634,32.7427],[-116.8617,32.742],[-116.8624,32.7408],[-116.8616,32.7408],[-116.8614,32.7371],[-116.8569,32.737],[-116.8567,32.7334],[-116.8655,32.7335],[-116.8662,32.7415],[-116.866,32.7419],[-116.8662,32.742],[-116.8663,32.7426],[-116.8657,32.7437],[-116.8652,32.7434]]],[[[-116.8633,32.7408],[-116.8643,32.7412],[-116.8645,32.7408],[-116.8633,32.7408]]],[[[-116.836,32.7551],[-116.8353,32.7479],[-116.8442,32.7479],[-116.8444,32.7514],[-116.84,32.7514],[-116.8403,32.755],[-116.836,32.7551]]],[[[-116.9107,32.7178],[-116.9129,32.7178],[-116.9107,32.7178],[-116.9114,32.7137],[-116.9114,32.7101],[-116.9072,32.71],[-116.9072,32.7137],[-116.903,32.7137],[-116.903,32.71],[-116.8943,32.71],[-116.8941,32.7063],[-116.8919,32.7063],[-116.8927,32.7039],[-116.8935,32.7039],[-116.8946,32.7042],[-116.8985,32.7034],[-116.8985,32.7063],[-116.9071,32.7064],[-116.907,32.6991],[-116.9155,32.6991],[-116.915,32.6882],[-116.9192,32.6884],[-116.9191,32.6809],[-116.9279,32.6814],[-116.9279,32.6851],[-116.945,32.6852],[-116.9451,32.6817],[-116.9257,32.6813],[-116.9257,32.6794],[-116.9279,32.6796],[-116.9279,32.6768],[-116.9257,32.6767],[-116.9257,32.674],[-116.9279,32.6741],[-116.9278,32.6669],[-116.9322,32.667],[-116.9322,32.6688],[-116.9344,32.6688],[-116.9344,32.6706],[-116.9322,32.6706],[-116.9322,32.6792],[-116.9327,32.6792],[-116.9335,32.6797],[-116.9346,32.6789],[-116.9348,32.6778],[-116.9358,32.6768],[-116.9365,32.6756],[-116.9365,32.678],[-116.9473,32.6781],[-116.9473,32.6785],[-116.9451,32.6784],[-116.9451,32.6795],[-116.9495,32.6795],[-116.9494,32.6854],[-116.9581,32.6855],[-116.9581,32.6782],[-116.9602,32.6782],[-116.9603,32.6764],[-116.9624,32.6764],[-116.9625,32.6739],[-116.971,32.6743],[-116.9713,32.6745],[-116.9713,32.6763],[-116.9757,32.6762],[-116.9757,32.6798],[-116.9801,32.6797],[-116.9801,32.6816],[-116.9844,32.6815],[-116.9844,32.6852],[-116.9888,32.6851],[-116.9887,32.6828],[-116.9897,32.6824],[-116.9918,32.683],[-116.9918,32.6851],[-116.9898,32.6851],[-116.9898,32.6867],[-116.9885,32.6867],[-116.9886,32.6888],[-116.9861,32.69],[-116.9791,32.69],[-116.9778,32.6927],[-116.9775,32.6998],[-116.9754,32.702],[-116.9684,32.702],[-116.9685,32.7012],[-116.9674,32.7012],[-116.9652,32.7023],[-116.9627,32.7014],[-116.9581,32.7013],[-116.956,32.7083],[-116.9568,32.7116],[-116.9562,32.7121],[-116.9579,32.7124],[-116.9581,32.7113],[-116.958,32.7103],[-116.9611,32.7065],[-116.9624,32.7071],[-116.9623,32.7251],[-116.9605,32.7248],[-116.959,32.7257],[-116.9578,32.7255],[-116.9573,32.7258],[-116.9571,32.7271],[-116.9555,32.7289],[-116.9549,32.7309],[-116.9556,32.7313],[-116.9565,32.7323],[-116.9562,32.7326],[-116.9577,32.7339],[-116.9566,32.7362],[-116.9544,32.7384],[-116.9535,32.7389],[-116.9517,32.7396],[-116.9483,32.7384],[-116.9483,32.738],[-116.9489,32.7367],[-116.9495,32.7372],[-116.9519,32.7351],[-116.947,32.7301],[-116.9479,32.7295],[-116.9484,32.7288],[-116.949,32.7288],[-116.9489,32.7266],[-116.9466,32.7266],[-116.946,32.7298],[-116.9448,32.7315],[-116.943,32.7327],[-116.9433,32.7329],[-116.9428,32.7331],[-116.9431,32.7333],[-116.9425,32.7337],[-116.9407,32.7324],[-116.9404,32.7325],[-116.939,32.7312],[-116.9363,32.7302],[-116.9334,32.7293],[-116.9333,32.7295],[-116.9249,32.7276],[-116.9278,32.7247],[-116.9294,32.7241],[-116.9311,32.7224],[-116.9302,32.7213],[-116.9294,32.7212],[-116.9293,32.7204],[-116.9286,32.7197],[-116.9279,32.7181],[-116.9372,32.7176],[-116.9371,32.7135],[-116.9304,32.7143],[-116.9302,32.7166],[-116.9302,32.7142],[-116.9279,32.7145],[-116.9279,32.7182],[-116.9235,32.718],[-116.9234,32.7194],[-116.9226,32.7194],[-116.9225,32.7202],[-116.9234,32.7202],[-116.9234,32.7219],[-116.9123,32.7219],[-116.9123,32.7241],[-116.9115,32.7242],[-116.9115,32.7236],[-116.9102,32.7238],[-116.9102,32.7248],[-116.9066,32.7248],[-116.9066,32.7286],[-116.9039,32.7281],[-116.904,32.7293],[-116.9018,32.7293],[-116.9017,32.7365],[-116.8975,32.7365],[-116.8964,32.7373],[-116.8965,32.7378],[-116.8959,32.7389],[-116.8943,32.7381],[-116.8934,32.737],[-116.8931,32.7329],[-116.8823,32.7334],[-116.8823,32.7331],[-116.8819,32.7329],[-116.8807,32.7328],[-116.8809,32.7317],[-116.8796,32.732],[-116.8793,32.7313],[-116.8787,32.7314],[-116.8785,32.73],[-116.8834,32.7298],[-116.8842,32.7221],[-116.8875,32.7223],[-116.8915,32.7236],[-116.8926,32.7246],[-116.8941,32.7278],[-116.895,32.7289],[-116.896,32.7294],[-116.8978,32.7295],[-116.9012,32.7282],[-116.9034,32.7282],[-116.9034,32.7279],[-116.9016,32.7278],[-116.8988,32.7288],[-116.8987,32.7286],[-116.8984,32.7287],[-116.8985,32.7289],[-116.8975,32.7292],[-116.8975,32.729],[-116.8963,32.7289],[-116.895,32.728],[-116.8941,32.7267],[-116.8938,32.7256],[-116.8935,32.7258],[-116.8926,32.7241],[-116.8939,32.7233],[-116.8931,32.7225],[-116.892,32.7233],[-116.8917,32.723],[-116.892,32.7224],[-116.8918,32.7219],[-116.8906,32.7211],[-116.8887,32.7208],[-116.8893,32.7174],[-116.8938,32.7172],[-116.8946,32.7137],[-116.9029,32.7137],[-116.9027,32.7172],[-116.9108,32.7172],[-116.9107,32.7178]]],[[[-116.9114,32.7206],[-116.9113,32.7219],[-116.9114,32.7206],[-116.9114,32.7206]]],[[[-116.9379,32.7298],[-116.9391,32.7301],[-116.9399,32.7306],[-116.9379,32.7298]]],[[[-116.9425,32.73],[-116.9415,32.7314],[-116.942,32.7316],[-116.9428,32.7301],[-116.9425,32.73]]],[[[-116.9408,32.6982],[-116.9407,32.694],[-116.9408,32.6989],[-116.9396,32.6989],[-116.9391,32.6993],[-116.9408,32.699],[-116.9408,32.6982]]],[[[-116.9377,32.6946],[-116.9361,32.6948],[-116.9354,32.6958],[-116.9353,32.6967],[-116.9327,32.6967],[-116.9328,32.6991],[-116.9343,32.6989],[-116.9343,32.6994],[-116.9375,32.6993],[-116.9372,32.6989],[-116.938,32.6985],[-116.9388,32.6978],[-116.9385,32.6971],[-116.9391,32.6965],[-116.9389,32.6957],[-116.9377,32.6946]]],[[[-116.9316,32.6996],[-116.9309,32.6996],[-116.932,32.6995],[-116.9316,32.6996]]],[[[-116.945,32.6925],[-116.9493,32.6925],[-116.9493,32.692],[-116.945,32.692],[-116.945,32.6915],[-116.9407,32.6916],[-116.9407,32.6925],[-116.9365,32.6925],[-116.945,32.6925]]],[[[-116.945,32.6888],[-116.945,32.6852],[-116.945,32.6905],[-116.9452,32.6905],[-116.9452,32.6888],[-116.945,32.6888]]],[[[-116.9322,32.6905],[-116.9321,32.6889],[-116.9321,32.6925],[-116.9322,32.6905]]],[[[-116.9235,32.6923],[-116.9235,32.6901],[-116.9235,32.6886],[-116.9235,32.6923]]],[[[-116.9291,32.7435],[-116.9286,32.7435],[-116.9286,32.7432],[-116.9278,32.7428],[-116.9278,32.7412],[-116.9311,32.7402],[-116.9309,32.7399],[-116.9311,32.7388],[-116.9297,32.7387],[-116.9275,32.7401],[-116.9242,32.7393],[-116.9219,32.7394],[-116.9211,32.7397],[-116.9191,32.739],[-116.9187,32.7338],[-116.9246,32.7279],[-116.9255,32.7282],[-116.9225,32.7311],[-116.9233,32.7321],[-116.9239,32.7321],[-116.9246,32.7317],[-116.9253,32.7322],[-116.9273,32.7324],[-116.9281,32.7313],[-116.9291,32.7308],[-116.9293,32.7302],[-116.9309,32.7305],[-116.9316,32.73],[-116.9342,32.7305],[-116.937,32.7318],[-116.938,32.7319],[-116.9383,32.7314],[-116.9396,32.7323],[-116.9404,32.7339],[-116.9403,32.7344],[-116.9397,32.7347],[-116.9385,32.7348],[-116.9376,32.7354],[-116.937,32.7372],[-116.9371,32.738],[-116.9362,32.7393],[-116.9359,32.7404],[-116.9358,32.7411],[-116.9362,32.7418],[-116.9357,32.7415],[-116.9353,32.7424],[-116.9297,32.7445],[-116.9297,32.744],[-116.9291,32.7435]]],[[[-116.9347,32.7357],[-116.9349,32.7354],[-116.9343,32.7352],[-116.9342,32.7356],[-116.9347,32.7357]]],[[[-116.9296,32.7344],[-116.9295,32.7333],[-116.9282,32.7334],[-116.9283,32.7345],[-116.9296,32.7344]]],[[[-116.9582,32.7448],[-116.958,32.7447],[-116.9583,32.7445],[-116.9553,32.7421],[-116.9544,32.741],[-116.9521,32.7398],[-116.9538,32.7392],[-116.9548,32.7385],[-116.957,32.7362],[-116.9579,32.7342],[-116.9592,32.7347],[-116.959,32.7355],[-116.9572,32.7381],[-116.957,32.7395],[-116.9561,32.7403],[-116.956,32.7408],[-116.9571,32.7424],[-116.9583,32.7431],[-116.9602,32.7439],[-116.9606,32.7445],[-116.9621,32.7447],[-116.9621,32.7451],[-116.9598,32.7454],[-116.9591,32.7454],[-116.9582,32.7448]]],[[[-116.956,32.7409],[-116.956,32.7408],[-116.956,32.7409],[-116.956,32.7409]]],[[[-116.9557,32.7405],[-116.9557,32.7405],[-116.9557,32.7406],[-116.9557,32.7405]]],[[[-116.9554,32.7402],[-116.9554,32.7402],[-116.9554,32.7402],[-116.9554,32.7402]]],[[[-116.9551,32.7399],[-116.9551,32.7399],[-116.9552,32.74],[-116.9551,32.7399]]],[[[-116.9546,32.7389],[-116.9546,32.7389],[-116.9544,32.739],[-116.9546,32.7389]]],[[[-116.9547,32.7388],[-116.9547,32.7388],[-116.9546,32.7388],[-116.9547,32.7388]]],[[[-116.9548,32.7387],[-116.9549,32.7386],[-116.9548,32.7387],[-116.9548,32.7387]]],[[[-116.9549,32.7386],[-116.955,32.7385],[-116.9549,32.7386],[-116.9549,32.7386]]],[[[-116.9552,32.7384],[-116.955,32.7385],[-116.955,32.7385],[-116.9552,32.7384]]],[[[-116.937,32.7506],[-116.938,32.7505],[-116.9389,32.7508],[-116.9404,32.752],[-116.9381,32.7545],[-116.9367,32.7534],[-116.9363,32.7529],[-116.9363,32.7513],[-116.937,32.7506]]],[[[-116.861,32.7729],[-116.8608,32.7754],[-116.8562,32.7751],[-116.8562,32.7743],[-116.8551,32.7742],[-116.8549,32.769],[-116.8581,32.7692],[-116.8578,32.7656],[-116.8494,32.7655],[-116.849,32.7585],[-116.8495,32.7585],[-116.8495,32.755],[-116.8489,32.755],[-116.8488,32.7514],[-116.853,32.7514],[-116.8531,32.7585],[-116.8573,32.7585],[-116.8571,32.7514],[-116.8619,32.7514],[-116.862,32.7585],[-116.8667,32.7585],[-116.8666,32.7465],[-116.8688,32.7469],[-116.8693,32.7475],[-116.8692,32.7479],[-116.8881,32.7476],[-116.8882,32.7482],[-116.888,32.7485],[-116.8887,32.7491],[-116.8901,32.7476],[-116.8929,32.7476],[-116.8925,32.7485],[-116.8928,32.7489],[-116.8933,32.749],[-116.8934,32.7546],[-116.8891,32.7547],[-116.8891,32.7583],[-116.8847,32.7584],[-116.8848,32.7621],[-116.882,32.7637],[-116.8802,32.7659],[-116.8803,32.7695],[-116.8759,32.7696],[-116.8761,32.7756],[-116.8717,32.7754],[-116.8717,32.7745],[-116.8702,32.7745],[-116.8702,32.7732],[-116.861,32.7729]]],[[[-116.8761,32.7586],[-116.8761,32.755],[-116.8714,32.755],[-116.8714,32.7586],[-116.8761,32.7586]]],[[[-116.8762,32.7846],[-116.8762,32.7824],[-116.8831,32.7855],[-116.8856,32.787],[-116.8873,32.7883],[-116.8847,32.7884],[-116.8847,32.7878],[-116.8763,32.7878],[-116.8762,32.7846]]],[[[-117.1664,32.9451],[-117.1675,32.945],[-117.1675,32.9454],[-117.1664,32.9451]]],[[[-117.1655,32.9456],[-117.1655,32.9453],[-117.1668,32.9456],[-117.1676,32.9462],[-117.1676,32.9468],[-117.1655,32.9468],[-117.1655,32.9456]]],[[[-117.153,32.9526],[-117.1531,32.9496],[-117.1558,32.9494],[-117.1572,32.949],[-117.1572,32.9525],[-117.153,32.9526]]],[[[-117.1656,32.9504],[-117.1656,32.9486],[-117.1698,32.9486],[-117.1698,32.9504],[-117.1656,32.9504]]]]},"properties":{"id":"usgs-pad-us-fee-managers:4272","name":"San Diego National Wildlife Refuge","kind":"land","category":"public-land","sourceCategory":"public-land","sourceId":"usgs-pad-us-fee-managers","sourceUrl":"https://services.arcgis.com/v01gqwM5QqNysAAi/arcgis/rest/services/Fee_Managers_PADUS/FeatureServer/0","sourceUpdated":"2021-01-28T05:00:00.000Z","publicUse":"PAD-US reports restricted access; confirm permits and seasonal rules with the manager.","unit":"FWS","origin":"public-catalog"}},{"type":"Feature","id":"usgs-pad-us-fee-managers:4273","geometry":{"type":"MultiPolygon","coordinates":[[[[-120.9867,37.3865],[-120.984,37.3867],[-120.9833,37.3865],[-120.9829,37.3859],[-120.9944,37.375],[-120.9961,37.378],[-120.9873,37.3864],[-120.9867,37.3865]]],[[[-121.1738,37.6262],[-121.1735,37.6233],[-121.1736,37.6223],[-121.1729,37.6204],[-121.1726,37.6201],[-121.1716,37.6196],[-121.1712,37.6197],[-121.1704,37.6203],[-121.1695,37.6203],[-121.1689,37.62],[-121.1687,37.6193],[-121.1679,37.6183],[-121.1657,37.6167],[-121.1629,37.6169],[-121.162,37.6167],[-121.1608,37.6163],[-121.1608,37.6158],[-121.1596,37.6159],[-121.1592,37.6153],[-121.1613,37.6144],[-121.165,37.6146],[-121.1673,37.6137],[-121.1688,37.6121],[-121.1688,37.611],[-121.1679,37.6103],[-121.1678,37.6097],[-121.1682,37.6086],[-121.1709,37.6064],[-121.1717,37.6056],[-121.1717,37.6047],[-121.1722,37.6046],[-121.1731,37.6052],[-121.1734,37.6061],[-121.1723,37.6072],[-121.1718,37.6091],[-121.1719,37.6103],[-121.1726,37.6114],[-121.1739,37.6124],[-121.1789,37.6134],[-121.1812,37.6147],[-121.1817,37.6156],[-121.1817,37.6162],[-121.1828,37.6177],[-121.1829,37.6182],[-121.1827,37.6193],[-121.1835,37.6213],[-121.1858,37.6228],[-121.1855,37.6233],[-121.185,37.6236],[-121.1843,37.6234],[-121.1831,37.6243],[-121.183,37.6249],[-121.1834,37.6259],[-121.1846,37.6266],[-121.1876,37.6269],[-121.191,37.6286],[-121.1912,37.6292],[-121.1911,37.6294],[-121.1899,37.6299],[-121.1894,37.6306],[-121.1894,37.6312],[-121.1857,37.6305],[-121.1837,37.6297],[-121.1822,37.6288],[-121.1775,37.627],[-121.1738,37.6262]]],[[[-121.1926,37.6328],[-121.1922,37.6321],[-121.1902,37.6312],[-121.1901,37.6308],[-121.1904,37.6303],[-121.1919,37.6297],[-121.1923,37.6292],[-121.1924,37.6287],[-121.1917,37.6281],[-121.1898,37.6274],[-121.1896,37.6271],[-121.19,37.6271],[-121.1888,37.6264],[-121.1873,37.626],[-121.1849,37.626],[-121.1839,37.6252],[-121.1839,37.6246],[-121.1845,37.6243],[-121.1874,37.6242],[-121.1878,37.6238],[-121.1879,37.6233],[-121.1872,37.6222],[-121.1844,37.6211],[-121.1838,37.6202],[-121.1837,37.6194],[-121.1841,37.6184],[-121.184,37.6169],[-121.1845,37.6166],[-121.1846,37.6155],[-121.1851,37.6143],[-121.1859,37.6133],[-121.188,37.6122],[-121.1911,37.6119],[-121.1926,37.6114],[-121.1935,37.6101],[-121.1936,37.6079],[-121.1943,37.6078],[-121.1946,37.6079],[-121.1946,37.6087],[-121.1941,37.6105],[-121.1927,37.6133],[-121.19,37.6164],[-121.1897,37.6188],[-121.19,37.6198],[-121.1917,37.6217],[-121.1934,37.6228],[-121.1958,37.6231],[-121.1978,37.6225],[-121.1987,37.6211],[-121.1987,37.6201],[-121.1972,37.6154],[-121.1977,37.6144],[-121.1984,37.6145],[-121.2017,37.6187],[-121.2018,37.6203],[-121.201,37.6237],[-121.2016,37.6249],[-121.2033,37.6259],[-121.208,37.6266],[-121.2085,37.6269],[-121.2086,37.6277],[-121.2076,37.6289],[-121.2052,37.6297],[-121.2048,37.6302],[-121.2036,37.6331],[-121.2034,37.6343],[-121.2038,37.6354],[-121.2051,37.6365],[-121.2036,37.6374],[-121.1948,37.6376],[-121.1941,37.6372],[-121.1927,37.6357],[-121.1919,37.6339],[-121.1919,37.6335],[-121.1926,37.6328]]],[[[-121.2163,37.6347],[-121.2157,37.6318],[-121.2148,37.63],[-121.2146,37.6281],[-121.2129,37.6266],[-121.212,37.6266],[-121.2099,37.6272],[-121.2087,37.6291],[-121.2093,37.633],[-121.2091,37.634],[-121.2087,37.6343],[-121.2065,37.6348],[-121.2053,37.6355],[-121.2049,37.6339],[-121.2051,37.6308],[-121.2059,37.63],[-121.2084,37.6289],[-121.2088,37.6286],[-121.2091,37.6273],[-121.2087,37.6265],[-121.2079,37.6259],[-121.2042,37.6257],[-121.2029,37.6253],[-121.2019,37.6245],[-121.2015,37.6234],[-121.2023,37.6218],[-121.2023,37.6183],[-121.2007,37.6163],[-121.199,37.6147],[-121.1987,37.6141],[-121.1988,37.6136],[-121.1985,37.614],[-121.1977,37.614],[-121.1968,37.6147],[-121.197,37.6163],[-121.1968,37.6167],[-121.1982,37.6197],[-121.1982,37.6201],[-121.1982,37.6207],[-121.1973,37.6217],[-121.1955,37.6223],[-121.194,37.6221],[-121.1924,37.6213],[-121.1913,37.6203],[-121.1909,37.6197],[-121.1907,37.6186],[-121.1909,37.6174],[-121.1913,37.6165],[-121.1926,37.6149],[-121.1947,37.6109],[-121.195,37.6087],[-121.1947,37.6077],[-121.1933,37.6075],[-121.1929,37.608],[-121.193,37.6095],[-121.1927,37.61],[-121.1907,37.6115],[-121.1877,37.6116],[-121.1869,37.6119],[-121.1855,37.6128],[-121.185,37.6133],[-121.1846,37.6146],[-121.1839,37.6149],[-121.1828,37.6135],[-121.1816,37.6127],[-121.1767,37.6122],[-121.1746,37.6116],[-121.1737,37.6111],[-121.173,37.6101],[-121.173,37.6093],[-121.1734,37.6078],[-121.1743,37.6066],[-121.175,37.6063],[-121.1775,37.6067],[-121.1781,37.6066],[-121.1785,37.6063],[-121.1785,37.6058],[-121.1793,37.6057],[-121.1811,37.6044],[-121.1816,37.6039],[-121.1819,37.6026],[-121.1814,37.6024],[-121.1812,37.6032],[-121.1805,37.6032],[-121.1796,37.6036],[-121.1788,37.6041],[-121.1782,37.605],[-121.1773,37.6044],[-121.1769,37.6037],[-121.177,37.6025],[-121.1778,37.6013],[-121.1792,37.6005],[-121.1796,37.6],[-121.1794,37.5989],[-121.1783,37.5976],[-121.1769,37.5976],[-121.1762,37.5978],[-121.174,37.5995],[-121.1733,37.5998],[-121.1716,37.5997],[-121.1703,37.5988],[-121.1701,37.5982],[-121.1702,37.5978],[-121.1707,37.5975],[-121.1724,37.5976],[-121.1755,37.5972],[-121.1764,37.5968],[-121.177,37.5963],[-121.1774,37.5951],[-121.1769,37.5937],[-121.1758,37.5929],[-121.1729,37.593],[-121.1724,37.5928],[-121.1718,37.5906],[-121.1721,37.5883],[-121.1718,37.5875],[-121.171,37.5865],[-121.1688,37.5865],[-121.1677,37.5858],[-121.1774,37.5782],[-121.1778,37.5787],[-121.1787,37.578],[-121.1835,37.5824],[-121.184,37.5821],[-121.1849,37.5832],[-121.1855,37.5831],[-121.1856,37.5833],[-121.1892,37.5814],[-121.191,37.5808],[-121.1921,37.5807],[-121.193,37.5809],[-121.1935,37.5806],[-121.1976,37.582],[-121.1991,37.5832],[-121.2009,37.5842],[-121.2004,37.5848],[-121.2013,37.5848],[-121.203,37.5853],[-121.2047,37.5866],[-121.2048,37.5873],[-121.2052,37.5879],[-121.2066,37.588],[-121.211,37.5934],[-121.2113,37.5943],[-121.2106,37.5953],[-121.2105,37.5966],[-121.2126,37.5974],[-121.2132,37.6003],[-121.2131,37.6025],[-121.2124,37.6038],[-121.2107,37.6054],[-121.2095,37.6073],[-121.2074,37.6086],[-121.2071,37.6093],[-121.21,37.6123],[-121.2096,37.6125],[-121.2108,37.6136],[-121.2109,37.614],[-121.2118,37.6131],[-121.2138,37.6128],[-121.2147,37.6122],[-121.218,37.6138],[-121.2144,37.6147],[-121.2119,37.6169],[-121.2155,37.6207],[-121.2163,37.6213],[-121.218,37.6241],[-121.2202,37.6261],[-121.2205,37.6279],[-121.2203,37.6294],[-121.2236,37.6323],[-121.2255,37.6327],[-121.2258,37.6325],[-121.2261,37.6328],[-121.2166,37.6357],[-121.2163,37.6347]]],[[[-121.1948,37.6401],[-121.1947,37.6386],[-121.195,37.6385],[-121.2002,37.6384],[-121.2002,37.6393],[-121.1948,37.6401]]],[[[-121.205,37.6375],[-121.2042,37.6377],[-121.2051,37.6375],[-121.2066,37.6362],[-121.2091,37.6358],[-121.2108,37.6338],[-121.2109,37.6333],[-121.2101,37.632],[-121.2104,37.6283],[-121.2106,37.6279],[-121.2115,37.6275],[-121.2122,37.6274],[-121.213,37.6275],[-121.2137,37.628],[-121.214,37.6288],[-121.2137,37.6311],[-121.2138,37.6324],[-121.2156,37.636],[-121.2107,37.6375],[-121.205,37.6375]]],[[[-121.2226,37.6371],[-121.2193,37.6376],[-121.2178,37.6371],[-121.2168,37.636],[-121.2264,37.6331],[-121.2296,37.636],[-121.23,37.6371],[-121.2295,37.6382],[-121.2277,37.6382],[-121.2254,37.6371],[-121.2226,37.6371]]],[[[-121.2282,37.6407],[-121.2243,37.6413],[-121.2236,37.6404],[-121.2177,37.6397],[-121.2153,37.6388],[-121.2137,37.6378],[-121.2118,37.6376],[-121.2158,37.6364],[-121.2167,37.6376],[-121.218,37.6386],[-121.2199,37.6388],[-121.222,37.6386],[-121.2249,37.639],[-121.2268,37.6389],[-121.2266,37.639],[-121.2281,37.6403],[-121.2282,37.6407]]],[[[-121.1592,37.6571],[-121.1591,37.6523],[-121.1682,37.6523],[-121.1682,37.657],[-121.1592,37.6571]]],[[[-121.2217,37.6482],[-121.2214,37.6483],[-121.221,37.6476],[-121.2206,37.6461],[-121.2208,37.6451],[-121.2215,37.644],[-121.224,37.642],[-121.2282,37.6417],[-121.2279,37.6425],[-121.2263,37.6448],[-121.2231,37.6469],[-121.2226,37.6474],[-121.2224,37.6482],[-121.2217,37.6482]]],[[[-121.206,37.6634],[-121.2062,37.663],[-121.2084,37.6628],[-121.2087,37.6618],[-121.2056,37.661],[-121.2043,37.6598],[-121.2041,37.66],[-121.203,37.6586],[-121.2029,37.6581],[-121.2032,37.6576],[-121.2028,37.6544],[-121.2025,37.654],[-121.1992,37.652],[-121.1983,37.6505],[-121.1974,37.6488],[-121.1971,37.6461],[-121.1969,37.6455],[-121.1969,37.6444],[-121.195,37.6411],[-121.1949,37.6404],[-121.2,37.6397],[-121.1997,37.6405],[-121.2005,37.6422],[-121.1995,37.6429],[-121.2004,37.6462],[-121.2002,37.6469],[-121.2015,37.6481],[-121.2017,37.649],[-121.2016,37.6523],[-121.2136,37.6523],[-121.2141,37.6667],[-121.2066,37.6667],[-121.2057,37.6665],[-121.2057,37.6637],[-121.206,37.6634]]],[[[-121.2206,37.6791],[-121.2185,37.6794],[-121.2185,37.6779],[-121.222,37.6781],[-121.2227,37.6776],[-121.2226,37.6799],[-121.2215,37.6793],[-121.2206,37.6791]]],[[[-121.1997,37.6946],[-121.2,37.6941],[-121.201,37.6935],[-121.2015,37.6929],[-121.2014,37.6921],[-121.1998,37.6903],[-121.1988,37.6901],[-121.199,37.6884],[-121.1984,37.6884],[-121.1983,37.6812],[-121.18,37.6813],[-121.18,37.6785],[-121.1781,37.6786],[-121.178,37.6813],[-121.1732,37.6813],[-121.1729,37.6669],[-121.1775,37.6669],[-121.1775,37.6674],[-121.183,37.6674],[-121.1834,37.6674],[-121.1834,37.6669],[-121.2049,37.6668],[-121.2051,37.6813],[-121.2068,37.6815],[-121.2072,37.6851],[-121.2078,37.6852],[-121.2079,37.686],[-121.2085,37.6855],[-121.21,37.685],[-121.2118,37.6849],[-121.2176,37.6793],[-121.2188,37.6796],[-121.2211,37.6794],[-121.2223,37.6798],[-121.2231,37.6836],[-121.2221,37.6828],[-121.2211,37.6827],[-121.2204,37.6831],[-121.219,37.6856],[-121.2185,37.6855],[-121.2173,37.6861],[-121.2162,37.6877],[-121.2153,37.6868],[-121.2125,37.6864],[-121.2118,37.6855],[-121.2113,37.6854],[-121.2085,37.6863],[-121.2081,37.6866],[-121.2077,37.6875],[-121.2075,37.6888],[-121.2061,37.6907],[-121.2054,37.6911],[-121.2052,37.6915],[-121.2054,37.6923],[-121.2064,37.6937],[-121.2064,37.6942],[-121.2061,37.6947],[-121.2058,37.6946],[-121.2057,37.6949],[-121.2054,37.6949],[-121.205,37.6939],[-121.2046,37.6937],[-121.2038,37.6936],[-121.2029,37.6941],[-121.2022,37.6956],[-121.2017,37.6958],[-121.1999,37.6956],[-121.1997,37.6946]]],[[[-121.1473,37.718],[-121.1486,37.7183],[-121.1498,37.7193],[-121.1511,37.7197],[-121.151,37.7223],[-121.1501,37.7226],[-121.1472,37.7228],[-121.1473,37.718]]]]},"properties":{"id":"usgs-pad-us-fee-managers:4273","name":"San Joaquin River National Wildlife Refuge","kind":"land","category":"public-land","sourceCategory":"public-land","sourceId":"usgs-pad-us-fee-managers","sourceUrl":"https://services.arcgis.com/v01gqwM5QqNysAAi/arcgis/rest/services/Fee_Managers_PADUS/FeatureServer/0","sourceUpdated":"2021-01-28T05:00:00.000Z","publicUse":"PAD-US reports restricted access; confirm permits and seasonal rules with the manager.","unit":"FWS","origin":"public-catalog"}},{"type":"Feature","id":"usgs-pad-us-fee-managers:4275","geometry":{"type":"MultiPolygon","coordinates":[[[[-120.8675,37.2204],[-120.8623,37.2203],[-120.8596,37.219],[-120.8647,37.2165],[-120.8631,37.2138],[-120.8654,37.2117],[-120.8674,37.2135],[-120.8674,37.2166],[-120.8791,37.2168],[-120.8791,37.216],[-120.8827,37.2219],[-120.8854,37.2241],[-120.8764,37.2241],[-120.8764,37.2204],[-120.8675,37.2204]]],[[[-120.8508,37.2455],[-120.85,37.2464],[-120.8487,37.2464],[-120.8485,37.246],[-120.8491,37.2455],[-120.8487,37.2449],[-120.8467,37.2436],[-120.8452,37.2438],[-120.8442,37.2428],[-120.8445,37.2409],[-120.845,37.2401],[-120.8467,37.2404],[-120.8479,37.2398],[-120.8479,37.2386],[-120.8485,37.2375],[-120.8477,37.2364],[-120.8469,37.2359],[-120.8452,37.2366],[-120.844,37.2364],[-120.8438,37.2357],[-120.8443,37.2339],[-120.8443,37.2327],[-120.8431,37.2318],[-120.843,37.2307],[-120.8428,37.2303],[-120.8423,37.2301],[-120.8409,37.23],[-120.8404,37.2295],[-120.8406,37.2286],[-120.8421,37.2281],[-120.8425,37.2277],[-120.8429,37.226],[-120.8429,37.2249],[-120.8424,37.2245],[-120.8406,37.2243],[-120.8401,37.2239],[-120.8394,37.2238],[-120.8376,37.2242],[-120.837,37.2247],[-120.8356,37.2247],[-120.8353,37.2241],[-120.8364,37.2232],[-120.8366,37.2225],[-120.8347,37.2208],[-120.8346,37.2197],[-120.8093,37.2333],[-120.8097,37.2308],[-120.8094,37.2295],[-120.8091,37.2291],[-120.8083,37.2288],[-120.8066,37.2303],[-120.8056,37.2301],[-120.8049,37.2288],[-120.8045,37.2263],[-120.8041,37.2261],[-120.8024,37.2266],[-120.8005,37.2259],[-120.7999,37.2253],[-120.7996,37.2235],[-120.799,37.2231],[-120.7953,37.222],[-120.794,37.2229],[-120.7931,37.2225],[-120.7913,37.2225],[-120.7902,37.2231],[-120.7891,37.2228],[-120.7849,37.2234],[-120.7841,37.2231],[-120.7838,37.2225],[-120.7825,37.2212],[-120.7823,37.2182],[-120.7827,37.2171],[-120.7823,37.2139],[-120.7813,37.2134],[-120.7766,37.2153],[-120.7755,37.2153],[-120.775,37.2149],[-120.7758,37.2127],[-120.7753,37.2098],[-120.7764,37.2088],[-120.7765,37.2083],[-120.7764,37.2076],[-120.776,37.2069],[-120.7748,37.2067],[-120.7738,37.2072],[-120.7736,37.2078],[-120.7744,37.2093],[-120.7745,37.2101],[-120.7743,37.2109],[-120.7734,37.2122],[-120.7722,37.2128],[-120.7708,37.2131],[-120.7703,37.2129],[-120.7701,37.2124],[-120.7706,37.211],[-120.7714,37.2096],[-120.7701,37.206],[-120.7687,37.2054],[-120.7674,37.2044],[-120.7643,37.2044],[-120.7635,37.204],[-120.7631,37.2035],[-120.765,37.2026],[-120.7656,37.2026],[-120.7661,37.2031],[-120.7672,37.203],[-120.7671,37.2026],[-120.7664,37.2016],[-120.7662,37.2008],[-120.7665,37.2001],[-120.7678,37.1998],[-120.768,37.1985],[-120.7672,37.1979],[-120.7651,37.197],[-120.7635,37.1954],[-120.7614,37.1948],[-120.7609,37.1944],[-120.7611,37.1936],[-120.7629,37.1931],[-120.7636,37.1925],[-120.764,37.1911],[-120.7641,37.1879],[-120.7663,37.1865],[-120.7666,37.186],[-120.7655,37.1848],[-120.7659,37.1831],[-120.7656,37.1817],[-120.7637,37.1808],[-120.763,37.1801],[-120.763,37.1795],[-120.7636,37.1784],[-120.7632,37.1775],[-120.7627,37.1774],[-120.7615,37.1782],[-120.7607,37.1784],[-120.76,37.1783],[-120.7583,37.1772],[-120.7583,37.1768],[-120.7594,37.1761],[-120.7598,37.1754],[-120.7598,37.1751],[-120.7595,37.1751],[-120.7584,37.1757],[-120.7578,37.1753],[-120.7581,37.1745],[-120.7598,37.1732],[-120.7596,37.1721],[-120.8141,37.1725],[-120.8134,37.1762],[-120.8136,37.1767],[-120.8129,37.1777],[-120.8128,37.179],[-120.8131,37.1796],[-120.8135,37.1799],[-120.8144,37.1799],[-120.8165,37.1784],[-120.8183,37.1786],[-120.8194,37.1794],[-120.82,37.1811],[-120.8212,37.1819],[-120.8227,37.1839],[-120.8255,37.1849],[-120.8268,37.1865],[-120.8268,37.187],[-120.8263,37.188],[-120.8263,37.19],[-120.8249,37.192],[-120.8258,37.1928],[-120.8262,37.194],[-120.8257,37.1957],[-120.8256,37.197],[-120.8261,37.1996],[-120.8274,37.2008],[-120.8291,37.2012],[-120.8298,37.2018],[-120.8311,37.2042],[-120.8326,37.2058],[-120.8324,37.2074],[-120.832,37.2084],[-120.831,37.2096],[-120.8307,37.2106],[-120.8316,37.211],[-120.8329,37.2112],[-120.8339,37.2105],[-120.8352,37.2087],[-120.8359,37.2087],[-120.8363,37.2093],[-120.8361,37.2113],[-120.8346,37.2126],[-120.8342,37.2133],[-120.8342,37.214],[-120.8347,37.215],[-120.8345,37.2157],[-120.8337,37.2158],[-120.832,37.2148],[-120.831,37.2145],[-120.8304,37.215],[-120.8304,37.2164],[-120.852,37.2166],[-120.8521,37.2478],[-120.8513,37.2473],[-120.8512,37.2469],[-120.8515,37.2465],[-120.8508,37.2455]]],[[[-120.9278,37.3062],[-120.9276,37.3036],[-120.9287,37.3029],[-120.9278,37.3007],[-120.9287,37.2997],[-120.9284,37.2989],[-120.9275,37.2982],[-120.9262,37.2977],[-120.9241,37.2974],[-120.9237,37.2962],[-120.9223,37.2954],[-120.9194,37.2954],[-120.9174,37.2943],[-120.9165,37.2943],[-120.9152,37.2949],[-120.9141,37.296],[-120.9126,37.2982],[-120.9116,37.2981],[-120.9114,37.2994],[-120.9108,37.3006],[-120.9099,37.3015],[-120.9091,37.3017],[-120.9077,37.3015],[-120.9069,37.3009],[-120.906,37.2994],[-120.9056,37.2991],[-120.9048,37.2996],[-120.9037,37.2991],[-120.9037,37.298],[-120.9026,37.2967],[-120.9015,37.2965],[-120.9007,37.2969],[-120.9012,37.2991],[-120.9023,37.3004],[-120.9023,37.3009],[-120.9017,37.3017],[-120.9011,37.3016],[-120.8993,37.3008],[-120.8997,37.2989],[-120.8987,37.2983],[-120.8971,37.2985],[-120.8958,37.2996],[-120.8949,37.2996],[-120.8936,37.2987],[-120.8922,37.2988],[-120.8901,37.3013],[-120.889,37.3012],[-120.8881,37.3006],[-120.8868,37.2985],[-120.8865,37.2972],[-120.8855,37.2974],[-120.8833,37.297],[-120.8808,37.2972],[-120.8809,37.2816],[-120.8718,37.2816],[-120.8718,37.2764],[-120.8697,37.2738],[-120.8697,37.2732],[-120.8691,37.2733],[-120.8681,37.2723],[-120.8683,37.2714],[-120.8697,37.2702],[-120.8685,37.2704],[-120.8682,37.2701],[-120.8677,37.2691],[-120.8677,37.2679],[-120.8671,37.2675],[-120.8664,37.2674],[-120.8654,37.2662],[-120.8643,37.2643],[-120.8644,37.2636],[-120.8657,37.263],[-120.8658,37.2625],[-120.8632,37.2606],[-120.8623,37.2604],[-120.8614,37.2591],[-120.8612,37.2577],[-120.8621,37.2576],[-120.8627,37.2573],[-120.8629,37.2563],[-120.8625,37.2548],[-120.86,37.2541],[-120.8592,37.2533],[-120.8582,37.2527],[-120.8578,37.2522],[-120.8574,37.2502],[-120.8568,37.2494],[-120.8527,37.2482],[-120.8525,37.2479],[-120.8524,37.2166],[-120.8532,37.2166],[-120.8721,37.2257],[-120.873,37.2269],[-120.8779,37.2372],[-120.9058,37.2614],[-120.906,37.2614],[-120.906,37.2607],[-120.9056,37.2596],[-120.9067,37.2585],[-120.9066,37.2581],[-120.9056,37.2569],[-120.9058,37.2558],[-120.907,37.2552],[-120.9093,37.255],[-120.9106,37.2546],[-120.9114,37.254],[-120.9121,37.253],[-120.9286,37.2529],[-120.9286,37.2566],[-120.9217,37.2566],[-120.9217,37.2674],[-120.9262,37.2674],[-120.9262,37.2745],[-120.9308,37.2745],[-120.9308,37.2709],[-120.949,37.2711],[-120.949,37.2792],[-120.9531,37.2793],[-120.9439,37.2916],[-120.9435,37.2914],[-120.9344,37.3037],[-120.932,37.3081],[-120.9312,37.3087],[-120.9279,37.3065],[-120.9278,37.3062]]]]},"properties":{"id":"usgs-pad-us-fee-managers:4275","name":"San Luis National Wildlife Refuge","kind":"land","category":"public-land","sourceCategory":"public-land","sourceId":"usgs-pad-us-fee-managers","sourceUrl":"https://services.arcgis.com/v01gqwM5QqNysAAi/arcgis/rest/services/Fee_Managers_PADUS/FeatureServer/0","sourceUpdated":"2021-01-28T05:00:00.000Z","publicUse":"PAD-US reports restricted access; confirm permits and seasonal rules with the manager.","unit":"FWS","origin":"public-catalog"}},{"type":"Feature","id":"usgs-pad-us-fee-managers:4278","geometry":{"type":"MultiPolygon","coordinates":[[[[-122.2946,38.1121],[-122.2963,38.1104],[-122.3022,38.1137],[-122.3057,38.1161],[-122.3175,38.1223],[-122.3167,38.1234],[-122.3035,38.1173],[-122.2935,38.1172],[-122.2935,38.1131],[-122.2946,38.1121]]],[[[-122.441,38.1242],[-122.4393,38.1241],[-122.4369,38.1259],[-122.4343,38.1215],[-122.4378,38.1204],[-122.4402,38.1177],[-122.4455,38.1166],[-122.4481,38.1173],[-122.4491,38.1178],[-122.4506,38.1192],[-122.4509,38.1203],[-122.4496,38.1234],[-122.4489,38.126],[-122.4483,38.1264],[-122.4477,38.1265],[-122.4453,38.1256],[-122.4433,38.1244],[-122.441,38.1242]]],[[[-122.3643,38.1418],[-122.3643,38.1409],[-122.3808,38.1474],[-122.3808,38.1486],[-122.3748,38.1456],[-122.3691,38.1438],[-122.3643,38.1418]]],[[[-122.3342,38.1563],[-122.336,38.1551],[-122.3372,38.1538],[-122.3376,38.1525],[-122.3373,38.1505],[-122.337,38.1499],[-122.3345,38.1482],[-122.3343,38.1474],[-122.3347,38.148],[-122.3351,38.1481],[-122.3343,38.1472],[-122.334,38.1455],[-122.3335,38.1446],[-122.3325,38.1436],[-122.331,38.1428],[-122.3309,38.1422],[-122.3296,38.1411],[-122.3286,38.1388],[-122.3288,38.1365],[-122.3281,38.1355],[-122.3275,38.1351],[-122.3269,38.135],[-122.3256,38.1355],[-122.3244,38.1353],[-122.3231,38.1355],[-122.3224,38.1362],[-122.3211,38.1368],[-122.3208,38.1379],[-122.3197,38.1394],[-122.3187,38.1389],[-122.3178,38.139],[-122.3163,38.1371],[-122.3154,38.1365],[-122.3103,38.1353],[-122.3082,38.133],[-122.3072,38.1301],[-122.3062,38.1288],[-122.3049,38.128],[-122.3005,38.1278],[-122.2998,38.1275],[-122.3007,38.1257],[-122.3019,38.1257],[-122.3019,38.1246],[-122.3006,38.1246],[-122.3001,38.124],[-122.2988,38.1234],[-122.2948,38.1226],[-122.2952,38.1177],[-122.3012,38.1178],[-122.3058,38.1189],[-122.3127,38.1222],[-122.3256,38.1277],[-122.3325,38.1304],[-122.3386,38.1331],[-122.3443,38.135],[-122.3443,38.1538],[-122.3429,38.1538],[-122.3429,38.1546],[-122.3415,38.1547],[-122.34,38.1554],[-122.3394,38.1559],[-122.3388,38.1572],[-122.3386,38.159],[-122.3379,38.1596],[-122.3365,38.1594],[-122.3355,38.1589],[-122.3342,38.157],[-122.3342,38.1563]]],[[[-122.3713,38.1575],[-122.3692,38.1581],[-122.3672,38.159],[-122.3665,38.1589],[-122.3659,38.1583],[-122.3658,38.1568],[-122.3669,38.1548],[-122.3672,38.1537],[-122.3668,38.1528],[-122.3661,38.1523],[-122.3645,38.1525],[-122.3643,38.1435],[-122.3681,38.1452],[-122.3739,38.1469],[-122.3805,38.1502],[-122.3804,38.1606],[-122.3745,38.1579],[-122.3728,38.1575],[-122.3713,38.1575]]],[[[-122.4644,38.1315],[-122.4705,38.1291],[-122.4697,38.1296],[-122.4723,38.1288],[-122.475,38.1326],[-122.4741,38.1346],[-122.47,38.1375],[-122.4576,38.1451],[-122.4552,38.1463],[-122.4543,38.1465],[-122.4511,38.1367],[-122.4644,38.1315]]],[[[-122.4396,38.1475],[-122.4343,38.1451],[-122.4333,38.144],[-122.4332,38.1432],[-122.4341,38.1428],[-122.4386,38.1421],[-122.4401,38.1412],[-122.4427,38.1388],[-122.4435,38.1385],[-122.4428,38.1364],[-122.4416,38.1348],[-122.4478,38.1285],[-122.45,38.1279],[-122.4528,38.1262],[-122.4541,38.1244],[-122.4548,38.1224],[-122.456,38.1204],[-122.4586,38.1182],[-122.4594,38.1179],[-122.4643,38.1175],[-122.4661,38.1177],[-122.467,38.1181],[-122.4675,38.1181],[-122.47,38.1166],[-122.4706,38.1165],[-122.4716,38.1171],[-122.4716,38.1167],[-122.4742,38.1166],[-122.4802,38.1158],[-122.488,38.1142],[-122.4925,38.1125],[-122.4955,38.1125],[-122.5001,38.1133],[-122.492,38.1196],[-122.4883,38.1217],[-122.4464,38.1383],[-122.4452,38.1392],[-122.4445,38.1407],[-122.4437,38.1469],[-122.4441,38.1484],[-122.4453,38.1496],[-122.4447,38.1498],[-122.4423,38.1491],[-122.4396,38.1475]]],[[[-122.4813,38.1316],[-122.4891,38.1268],[-122.4883,38.13],[-122.4892,38.1339],[-122.4903,38.1366],[-122.4904,38.1381],[-122.4914,38.1394],[-122.4914,38.1401],[-122.4812,38.1402],[-122.4785,38.1366],[-122.4785,38.1361],[-122.478,38.1352],[-122.4789,38.1334],[-122.4813,38.1316]]],[[[-122.3672,38.2039],[-122.3672,38.2045],[-122.3658,38.2037],[-122.3637,38.2016],[-122.3622,38.2009],[-122.3628,38.2007],[-122.3627,38.2006],[-122.3599,38.1999],[-122.3587,38.1999],[-122.3619,38.2005],[-122.3623,38.2007],[-122.3622,38.2008],[-122.3587,38.2001],[-122.3587,38.1982],[-122.36,38.1976],[-122.3609,38.1968],[-122.3612,38.196],[-122.3612,38.1953],[-122.3586,38.1919],[-122.358,38.1905],[-122.3578,38.189],[-122.3582,38.1841],[-122.3577,38.1881],[-122.3579,38.1905],[-122.359,38.1927],[-122.3606,38.1945],[-122.3611,38.1953],[-122.3603,38.1944],[-122.3581,38.1928],[-122.3574,38.1915],[-122.357,38.1897],[-122.3575,38.1837],[-122.3578,38.1827],[-122.3588,38.1819],[-122.3603,38.182],[-122.3626,38.1835],[-122.3652,38.184],[-122.3676,38.1838],[-122.3686,38.1832],[-122.3691,38.1824],[-122.3698,38.1764],[-122.3698,38.1753],[-122.369,38.1733],[-122.3663,38.1694],[-122.3655,38.1655],[-122.3656,38.1632],[-122.366,38.1613],[-122.3671,38.1592],[-122.3694,38.1581],[-122.3724,38.1576],[-122.375,38.1582],[-122.38,38.1605],[-122.3835,38.1612],[-122.3946,38.1617],[-122.4018,38.1612],[-122.4041,38.1607],[-122.4062,38.1599],[-122.407,38.1594],[-122.4085,38.1614],[-122.4103,38.1625],[-122.4123,38.1631],[-122.4145,38.1631],[-122.4168,38.1625],[-122.4187,38.1616],[-122.4196,38.1614],[-122.4204,38.1616],[-122.421,38.1623],[-122.4208,38.163],[-122.4202,38.1637],[-122.4164,38.166],[-122.4151,38.1673],[-122.4145,38.1688],[-122.4143,38.17],[-122.4144,38.172],[-122.4151,38.1745],[-122.4171,38.1791],[-122.4209,38.1859],[-122.421,38.1868],[-122.4207,38.1875],[-122.4195,38.188],[-122.417,38.1882],[-122.4019,38.1883],[-122.4018,38.1879],[-122.4018,38.1883],[-122.3938,38.1908],[-122.3912,38.1925],[-122.3904,38.1941],[-122.3904,38.1947],[-122.3907,38.1954],[-122.3923,38.1983],[-122.3921,38.1988],[-122.3904,38.2002],[-122.3888,38.2007],[-122.3864,38.2006],[-122.385,38.2003],[-122.385,38.1999],[-122.3849,38.2002],[-122.3827,38.2005],[-122.3813,38.2012],[-122.3804,38.2023],[-122.3799,38.2035],[-122.3803,38.2069],[-122.3801,38.2073],[-122.3795,38.2077],[-122.3781,38.2078],[-122.377,38.2075],[-122.3762,38.2068],[-122.3754,38.2054],[-122.3738,38.2045],[-122.372,38.2043],[-122.3677,38.2046],[-122.3674,38.2045],[-122.3672,38.2039]]],[[[-122.3848,38.1996],[-122.3855,38.1993],[-122.3866,38.1982],[-122.3871,38.196],[-122.387,38.1942],[-122.3858,38.1926],[-122.3845,38.1916],[-122.3831,38.1912],[-122.3791,38.1913],[-122.3762,38.1906],[-122.374,38.1895],[-122.373,38.1881],[-122.3729,38.1873],[-122.3733,38.1866],[-122.3762,38.1859],[-122.3773,38.1853],[-122.3784,38.1843],[-122.3798,38.1821],[-122.3798,38.1814],[-122.3794,38.1809],[-122.3778,38.1805],[-122.3746,38.1817],[-122.37,38.1824],[-122.3746,38.1819],[-122.3782,38.1806],[-122.379,38.1808],[-122.3796,38.1812],[-122.3797,38.182],[-122.3784,38.1842],[-122.3766,38.1857],[-122.3751,38.1862],[-122.3732,38.1865],[-122.3728,38.1871],[-122.3729,38.1882],[-122.3738,38.1895],[-122.3762,38.1907],[-122.379,38.1914],[-122.3835,38.1914],[-122.3856,38.1925],[-122.3866,38.1938],[-122.387,38.1945],[-122.387,38.1964],[-122.3865,38.1982],[-122.3853,38.1993],[-122.384,38.1997],[-122.3848,38.1996]]],[[[-122.3743,38.2054],[-122.3746,38.2052],[-122.3749,38.2054],[-122.3739,38.2062],[-122.3707,38.2078],[-122.3693,38.2108],[-122.373,38.2174],[-122.3726,38.2172],[-122.369,38.2108],[-122.3704,38.2076],[-122.3737,38.206],[-122.3743,38.2054]]],[[[-122.3738,38.2235],[-122.3726,38.2174],[-122.373,38.2176],[-122.3741,38.2235],[-122.3738,38.2235]]]]},"properties":{"id":"usgs-pad-us-fee-managers:4278","name":"San Pablo Bay National Wildlife Refuge","kind":"land","category":"public-land","sourceCategory":"public-land","sourceId":"usgs-pad-us-fee-managers","sourceUrl":"https://services.arcgis.com/v01gqwM5QqNysAAi/arcgis/rest/services/Fee_Managers_PADUS/FeatureServer/0","sourceUpdated":"2021-01-28T05:00:00.000Z","publicUse":"PAD-US reports restricted access; confirm permits and seasonal rules with the manager.","unit":"FWS","origin":"public-catalog"}},{"type":"Feature","id":"usgs-pad-us-fee-managers:4321","geometry":{"type":"MultiPolygon","coordinates":[[[[-115.6925,33.0859],[-115.6925,33.075],[-115.7009,33.075],[-115.699,33.0737],[-115.6991,33.0671],[-115.7122,33.0671],[-115.7123,33.0632],[-115.7144,33.0632],[-115.7144,33.0671],[-115.7166,33.0671],[-115.7164,33.0745],[-115.7166,33.0747],[-115.7177,33.0747],[-115.7182,33.075],[-115.7181,33.0823],[-115.7095,33.0822],[-115.7096,33.075],[-115.7009,33.075],[-115.7009,33.0859],[-115.6925,33.0859]]],[[[-115.7354,33.1475],[-115.7354,33.1331],[-115.7524,33.1331],[-115.7524,33.1474],[-115.7354,33.1475]]],[[[-115.7009,33.162],[-115.6836,33.162],[-115.6836,33.1547],[-115.6922,33.1547],[-115.6922,33.1474],[-115.7008,33.1474],[-115.7009,33.162]]],[[[-115.6145,33.1694],[-115.6231,33.1695],[-115.623,33.1767],[-115.6144,33.1766],[-115.6145,33.1694]]],[[[-115.6148,33.1783],[-115.6148,33.1769],[-115.6158,33.1769],[-115.6157,33.1783],[-115.6148,33.1783]]],[[[-115.7523,33.162],[-115.7524,33.1474],[-115.7701,33.1475],[-115.7701,33.162],[-115.7523,33.162]]],[[[-115.822,33.1911],[-115.822,33.1766],[-115.8307,33.1766],[-115.8306,33.1911],[-115.822,33.1911]]],[[[-115.7356,33.2346],[-115.7355,33.2202],[-115.7524,33.2203],[-115.7525,33.2347],[-115.7356,33.2346]]],[[[-115.7009,33.162],[-115.7182,33.162],[-115.7181,33.1475],[-115.7354,33.1475],[-115.7354,33.1621],[-115.7523,33.162],[-115.7524,33.1765],[-115.8048,33.1765],[-115.8047,33.1912],[-115.822,33.1911],[-115.822,33.2057],[-115.8047,33.2057],[-115.8047,33.2201],[-115.7873,33.2201],[-115.7874,33.2057],[-115.7701,33.2057],[-115.7701,33.2202],[-115.7524,33.2203],[-115.7524,33.2057],[-115.7355,33.2056],[-115.7355,33.2202],[-115.7183,33.2201],[-115.7183,33.2346],[-115.7011,33.2347],[-115.701,33.2492],[-115.6143,33.2492],[-115.6144,33.2347],[-115.6318,33.2346],[-115.6318,33.2201],[-115.6489,33.2201],[-115.6489,33.2057],[-115.6665,33.2056],[-115.6665,33.191],[-115.6837,33.191],[-115.6836,33.1765],[-115.7008,33.1766],[-115.7009,33.162]]],[[[-115.77,33.2347],[-115.7701,33.2202],[-115.7873,33.2201],[-115.7874,33.2347],[-115.77,33.2347]]],[[[-115.7183,33.2346],[-115.7356,33.2346],[-115.7356,33.2492],[-115.7182,33.2492],[-115.7183,33.2346]]],[[[-115.8046,33.2347],[-115.8047,33.2201],[-115.822,33.2202],[-115.8219,33.2347],[-115.8046,33.2347]]],[[[-115.8392,33.2347],[-115.8392,33.2202],[-115.8564,33.2201],[-115.8564,33.2347],[-115.8392,33.2347]]],[[[-115.7525,33.2347],[-115.77,33.2347],[-115.77,33.2501],[-115.7629,33.2501],[-115.7524,33.2493],[-115.7525,33.2347]]],[[[-115.7874,33.2347],[-115.8046,33.2347],[-115.8046,33.2501],[-115.7873,33.2501],[-115.7874,33.2347]]],[[[-115.8219,33.2347],[-115.8392,33.2347],[-115.8392,33.25],[-115.8218,33.2501],[-115.8219,33.2347]]]]},"properties":{"id":"usgs-pad-us-fee-managers:4321","name":"Sonny Bono Salton Sea National Wildlife Refuge","kind":"land","category":"public-land","sourceCategory":"public-land","sourceId":"usgs-pad-us-fee-managers","sourceUrl":"https://services.arcgis.com/v01gqwM5QqNysAAi/arcgis/rest/services/Fee_Managers_PADUS/FeatureServer/0","sourceUpdated":"2021-01-28T05:00:00.000Z","publicUse":"PAD-US reports restricted access; confirm permits and seasonal rules with the manager.","unit":"FWS","origin":"public-catalog"}},{"type":"Feature","id":"usgs-pad-us-fee-managers:4339","geometry":{"type":"MultiPolygon","coordinates":[[[[-121.5019,38.3204],[-121.4984,38.2995],[-121.4989,38.2994],[-121.4957,38.2803],[-121.4968,38.2803],[-121.5029,38.3176],[-121.5024,38.3176],[-121.5028,38.3204],[-121.5019,38.3204]]],[[[-121.4641,38.3429],[-121.464,38.3394],[-121.4688,38.3391],[-121.4711,38.3501],[-121.4639,38.3502],[-121.4641,38.3429]]],[[[-121.4888,38.3686],[-121.4889,38.366],[-121.4887,38.3647],[-121.489,38.3619],[-121.491,38.3582],[-121.4931,38.357],[-121.5011,38.3571],[-121.5002,38.3498],[-121.4977,38.3498],[-121.4978,38.3486],[-121.4989,38.3477],[-121.4993,38.3461],[-121.491,38.3461],[-121.4907,38.321],[-121.4958,38.321],[-121.4959,38.3206],[-121.5015,38.3206],[-121.5026,38.3279],[-121.5037,38.3279],[-121.5098,38.3647],[-121.5093,38.365],[-121.5083,38.3578],[-121.5011,38.3576],[-121.5009,38.3648],[-121.4962,38.3647],[-121.4961,38.3712],[-121.4895,38.373],[-121.4892,38.3699],[-121.4888,38.3686]]],[[[-121.4935,38.4378],[-121.4903,38.4378],[-121.4889,38.4308],[-121.4897,38.4283],[-121.4896,38.4276],[-121.4892,38.4269],[-121.4878,38.4258],[-121.4858,38.416],[-121.5009,38.416],[-121.5007,38.4313],[-121.4967,38.4346],[-121.4961,38.4344],[-121.4961,38.4371],[-121.4935,38.4378]]]]},"properties":{"id":"usgs-pad-us-fee-managers:4339","name":"Stone Lakes National Wildlife Refuge","kind":"land","category":"public-land","sourceCategory":"public-land","sourceId":"usgs-pad-us-fee-managers","sourceUrl":"https://services.arcgis.com/v01gqwM5QqNysAAi/arcgis/rest/services/Fee_Managers_PADUS/FeatureServer/0","sourceUpdated":"2021-01-28T05:00:00.000Z","publicUse":"PAD-US reports restricted access; confirm permits and seasonal rules with the manager.","unit":"FWS","origin":"public-catalog"}},{"type":"Feature","id":"usgs-pad-us-fee-managers:4353","geometry":{"type":"MultiPolygon","coordinates":[[[[-121.7363,39.0184],[-121.7364,39.0119],[-121.7383,39.0184],[-121.7363,39.0184]]],[[[-121.7403,39.0275],[-121.7428,39.0249],[-121.7443,39.0256],[-121.7456,39.0258],[-121.7456,39.0269],[-121.7429,39.027],[-121.7421,39.0272],[-121.7414,39.0278],[-121.7411,39.0287],[-121.7416,39.0308],[-121.7405,39.031],[-121.7399,39.0288],[-121.7403,39.0275]]],[[[-121.7271,39.0547],[-121.7271,39.0328],[-121.7281,39.0329],[-121.7287,39.0351],[-121.7339,39.0475],[-121.7271,39.0474],[-121.7339,39.0475],[-121.74,39.0622],[-121.7271,39.0619],[-121.7271,39.0547]]],[[[-121.7609,39.1031],[-121.7604,39.1024],[-121.7606,39.1023],[-121.7592,39.1001],[-121.7592,39.1006],[-121.7578,39.098],[-121.7547,39.0907],[-121.7547,39.0914],[-121.7539,39.0914],[-121.7304,39.0347],[-121.7299,39.033],[-121.7422,39.0332],[-121.7675,39.093],[-121.7704,39.0983],[-121.7723,39.1007],[-121.7742,39.1025],[-121.764,39.1024],[-121.7639,39.1069],[-121.7609,39.1031]]],[[[-121.7641,39.0988],[-121.7636,39.0988],[-121.7641,39.0988],[-121.7641,39.0988]]],[[[-121.7429,39.0622],[-121.7418,39.0622],[-121.7457,39.0623],[-121.7429,39.0622]]]]},"properties":{"id":"usgs-pad-us-fee-managers:4353","name":"Sutter National Wildlife Refuge","kind":"land","category":"public-land","sourceCategory":"public-land","sourceId":"usgs-pad-us-fee-managers","sourceUrl":"https://services.arcgis.com/v01gqwM5QqNysAAi/arcgis/rest/services/Fee_Managers_PADUS/FeatureServer/0","sourceUpdated":"2021-01-28T05:00:00.000Z","publicUse":"PAD-US reports restricted access; confirm permits and seasonal rules with the manager.","unit":"FWS","origin":"public-catalog"}},{"type":"Feature","id":"usgs-pad-us-fee-managers:4371","geometry":{"type":"MultiPolygon","coordinates":[[[[-117.1243,32.5509],[-117.1253,32.5509],[-117.125,32.5511],[-117.1243,32.5509]]],[[[-117.1193,32.5509],[-117.1239,32.5509],[-117.124,32.5513],[-117.1215,32.5524],[-117.1204,32.5518],[-117.1193,32.5509]]],[[[-117.1268,32.5555],[-117.1273,32.5555],[-117.127,32.5557],[-117.1268,32.5555]]],[[[-117.1264,32.5522],[-117.1263,32.5516],[-117.1266,32.552],[-117.1266,32.5517],[-117.1255,32.5509],[-117.1277,32.5509],[-117.1286,32.5531],[-117.1308,32.5572],[-117.1283,32.5563],[-117.1272,32.5548],[-117.1272,32.5533],[-117.1264,32.5522]]],[[[-117.1303,32.562],[-117.1307,32.5627],[-117.1305,32.5632],[-117.1302,32.5625],[-117.1303,32.562]]],[[[-117.1308,32.5629],[-117.1313,32.5631],[-117.1316,32.5634],[-117.1314,32.5641],[-117.1307,32.5634],[-117.1308,32.5629]]],[[[-117.1274,32.5765],[-117.1274,32.5756],[-117.1253,32.5755],[-117.1253,32.5741],[-117.1241,32.5741],[-117.1239,32.5738],[-117.1231,32.5737],[-117.1231,32.5591],[-117.1196,32.5593],[-117.1194,32.5588],[-117.1191,32.5589],[-117.1094,32.5624],[-117.1092,32.5628],[-117.1082,32.5635],[-117.105,32.5636],[-117.1044,32.5643],[-117.1015,32.5643],[-117.1015,32.5583],[-117.1057,32.5584],[-117.1057,32.5586],[-117.1061,32.5586],[-117.1061,32.5583],[-117.0993,32.5583],[-117.0993,32.5546],[-117.1058,32.5546],[-117.1059,32.5509],[-117.1188,32.5509],[-117.1196,32.5516],[-117.1197,32.552],[-117.1207,32.5525],[-117.1202,32.5531],[-117.1209,32.5526],[-117.1224,32.5526],[-117.1226,32.5523],[-117.1221,32.5524],[-117.1227,32.5521],[-117.1236,32.5519],[-117.1233,32.553],[-117.1235,32.5536],[-117.1223,32.5541],[-117.1227,32.5541],[-117.1236,32.5537],[-117.1234,32.5529],[-117.1238,32.5517],[-117.1254,32.5512],[-117.1258,32.5513],[-117.127,32.5534],[-117.1268,32.5546],[-117.1271,32.5552],[-117.1266,32.5555],[-117.1265,32.5567],[-117.1256,32.5567],[-117.1267,32.5567],[-117.1269,32.5558],[-117.1277,32.556],[-117.1285,32.5573],[-117.1298,32.5588],[-117.1306,32.5604],[-117.1306,32.561],[-117.13,32.5624],[-117.1302,32.5634],[-117.13,32.5639],[-117.1291,32.5639],[-117.1291,32.564],[-117.13,32.564],[-117.1305,32.5635],[-117.1311,32.5645],[-117.131,32.5656],[-117.1314,32.5666],[-117.1314,32.5677],[-117.1318,32.5677],[-117.1319,32.5664],[-117.1316,32.5653],[-117.1318,32.5637],[-117.1308,32.562],[-117.1311,32.5612],[-117.1309,32.56],[-117.1302,32.5593],[-117.1302,32.5586],[-117.1288,32.5572],[-117.1293,32.5571],[-117.1311,32.5578],[-117.1319,32.5594],[-117.1325,32.5618],[-117.1331,32.5666],[-117.1324,32.5666],[-117.1321,32.571],[-117.1317,32.571],[-117.1317,32.5758],[-117.1308,32.5758],[-117.1308,32.5765],[-117.1274,32.5765]]],[[[-117.1295,32.5717],[-117.1294,32.5723],[-117.1286,32.5728],[-117.1286,32.5731],[-117.1296,32.5725],[-117.1303,32.5729],[-117.1304,32.5736],[-117.1313,32.5748],[-117.131,32.5751],[-117.1304,32.575],[-117.13,32.5754],[-117.1305,32.575],[-117.1311,32.5752],[-117.1314,32.5745],[-117.1304,32.5735],[-117.1305,32.5729],[-117.1298,32.5723],[-117.1297,32.5717],[-117.1295,32.5717]]]]},"properties":{"id":"usgs-pad-us-fee-managers:4371","name":"Tijuana Slough National Wildlife Refuge","kind":"land","category":"public-land","sourceCategory":"public-land","sourceId":"usgs-pad-us-fee-managers","sourceUrl":"https://services.arcgis.com/v01gqwM5QqNysAAi/arcgis/rest/services/Fee_Managers_PADUS/FeatureServer/0","sourceUpdated":"2021-01-28T05:00:00.000Z","publicUse":"PAD-US reports restricted access; confirm permits and seasonal rules with the manager.","unit":"FWS","origin":"public-catalog"}},{"type":"Feature","id":"usgs-pad-us-fee-managers:4378","geometry":{"type":"MultiPolygon","coordinates":[[[[-119.5362,38.6555],[-119.5364,38.6519],[-119.5413,38.652],[-119.5404,38.6628],[-119.5359,38.6627],[-119.5362,38.6555]]],[[[-119.545,38.6702],[-119.545,38.6666],[-119.5496,38.6667],[-119.5497,38.6739],[-119.5451,38.674],[-119.545,38.6702]]]]},"properties":{"id":"usgs-pad-us-fee-managers:4378","name":"Topaz Lake Public Fishing Area","kind":"land","category":"public-land","sourceCategory":"public-land","sourceId":"usgs-pad-us-fee-managers","sourceUrl":"https://services.arcgis.com/v01gqwM5QqNysAAi/arcgis/rest/services/Fee_Managers_PADUS/FeatureServer/0","sourceUpdated":"2021-01-28T05:00:00.000Z","publicUse":"PAD-US reports restricted access; confirm permits and seasonal rules with the manager.","unit":"FWS","origin":"public-catalog"}},{"type":"Feature","id":"usgs-pad-us-fee-managers:4390","geometry":{"type":"MultiPolygon","coordinates":[[[[-119.5897,35.7772],[-119.5896,35.7758],[-119.6078,35.7758],[-119.6078,35.7794],[-119.5897,35.7793],[-119.5897,35.7772]]],[[[-119.6123,35.7827],[-119.6122,35.7758],[-119.6167,35.7758],[-119.6167,35.7827],[-119.6123,35.7827]]]]},"properties":{"id":"usgs-pad-us-fee-managers:4390","name":"Tulare Basin Wildlife Management Area","kind":"land","category":"public-land","sourceCategory":"public-land","sourceId":"usgs-pad-us-fee-managers","sourceUrl":"https://services.arcgis.com/v01gqwM5QqNysAAi/arcgis/rest/services/Fee_Managers_PADUS/FeatureServer/0","sourceUpdated":"2021-01-28T05:00:00.000Z","publicUse":"PAD-US reports restricted access; confirm permits and seasonal rules with the manager.","unit":"FWS","origin":"public-catalog"}},{"type":"Feature","id":"usgs-pad-us-fee-managers:4391","geometry":{"type":"MultiPolygon","coordinates":[[[[-121.3994,41.8375],[-121.4001,41.8361],[-121.4016,41.8362],[-121.4025,41.8351],[-121.4046,41.8395],[-121.4004,41.8395],[-121.4011,41.8388],[-121.3994,41.8375]]],[[[-121.3793,41.8822],[-121.3793,41.8811],[-121.3804,41.8811],[-121.3804,41.8797],[-121.3793,41.8797],[-121.3793,41.8708],[-121.3841,41.8653],[-121.3848,41.8641],[-121.3874,41.8641],[-121.3879,41.861],[-121.3987,41.861],[-121.3987,41.8641],[-121.4035,41.8641],[-121.4035,41.8677],[-121.4083,41.8677],[-121.4083,41.8713],[-121.4035,41.8713],[-121.4035,41.8749],[-121.4076,41.8749],[-121.4071,41.8757],[-121.4039,41.8769],[-121.3987,41.8764],[-121.3987,41.8784],[-121.4035,41.8784],[-121.4018,41.8794],[-121.3974,41.8839],[-121.3922,41.8874],[-121.3877,41.8894],[-121.3837,41.8904],[-121.3793,41.8877],[-121.3793,41.8822]]],[[[-121.5705,41.8912],[-121.5708,41.8767],[-121.5854,41.877],[-121.5851,41.8843],[-121.5803,41.8842],[-121.5802,41.8878],[-121.5754,41.8877],[-121.5753,41.8914],[-121.5705,41.8912]]],[[[-121.5701,41.9172],[-121.5701,41.9135],[-121.5749,41.9135],[-121.5749,41.9172],[-121.5701,41.9172]]],[[[-121.5755,41.9318],[-121.5751,41.9245],[-121.5844,41.9245],[-121.5843,41.9319],[-121.5755,41.9318]]],[[[-121.5755,41.9318],[-121.567,41.9318],[-121.5755,41.9319],[-121.5757,41.9355],[-121.58,41.9355],[-121.5798,41.9501],[-121.5672,41.9499],[-121.5672,41.9473],[-121.5344,41.9473],[-121.5067,41.9413],[-121.5067,41.95],[-121.5034,41.95],[-121.5034,41.9404],[-121.4616,41.9295],[-121.418,41.9004],[-121.418,41.8641],[-121.4171,41.8641],[-121.3996,41.8271],[-121.4043,41.8239],[-121.4065,41.8249],[-121.4071,41.8268],[-121.4375,41.8268],[-121.4375,41.8335],[-121.4378,41.834],[-121.4378,41.8346],[-121.4401,41.8354],[-121.4484,41.8345],[-121.4637,41.8395],[-121.4695,41.8389],[-121.4704,41.8375],[-121.4744,41.8334],[-121.4759,41.8332],[-121.4803,41.8355],[-121.4825,41.8361],[-121.4843,41.8357],[-121.4874,41.8354],[-121.4882,41.837],[-121.4899,41.8377],[-121.4907,41.8374],[-121.4913,41.8351],[-121.4929,41.8328],[-121.4976,41.8315],[-121.4966,41.8295],[-121.499,41.8288],[-121.5002,41.8266],[-121.5002,41.8256],[-121.5037,41.8257],[-121.5043,41.8254],[-121.5055,41.8253],[-121.5071,41.8256],[-121.5082,41.8264],[-121.5094,41.8281],[-121.5115,41.8277],[-121.5122,41.828],[-121.5127,41.8279],[-121.5143,41.8291],[-121.5147,41.83],[-121.5148,41.8312],[-121.511,41.8336],[-121.5116,41.8366],[-121.5137,41.8367],[-121.5143,41.8373],[-121.5166,41.838],[-121.5195,41.8359],[-121.5203,41.8327],[-121.5226,41.83],[-121.5244,41.8256],[-121.5279,41.8198],[-121.5293,41.8165],[-121.53,41.8158],[-121.5314,41.8153],[-121.5328,41.8153],[-121.5355,41.8167],[-121.537,41.8169],[-121.5405,41.818],[-121.5397,41.8209],[-121.5401,41.8219],[-121.5398,41.8227],[-121.5411,41.8236],[-121.5412,41.8242],[-121.5418,41.8246],[-121.5422,41.8261],[-121.5429,41.8263],[-121.5442,41.8258],[-121.547,41.8265],[-121.5491,41.8265],[-121.5491,41.8284],[-121.5495,41.8291],[-121.5508,41.8293],[-121.5537,41.8285],[-121.555,41.8285],[-121.5556,41.8291],[-121.5559,41.8304],[-121.5562,41.8305],[-121.5561,41.834],[-121.569,41.834],[-121.569,41.8621],[-121.5662,41.862],[-121.5654,41.9012],[-121.5657,41.9049],[-121.5656,41.9099],[-121.5658,41.9114],[-121.565,41.9135],[-121.5654,41.9168],[-121.5665,41.9192],[-121.567,41.9209],[-121.5665,41.9209],[-121.5667,41.9257],[-121.5665,41.9286],[-121.567,41.9318],[-121.5755,41.9318]]],[[[-121.5638,41.922],[-121.5638,41.9148],[-121.5541,41.9148],[-121.5541,41.9184],[-121.5517,41.9184],[-121.5517,41.922],[-121.5444,41.922],[-121.5445,41.9437],[-121.5652,41.9437],[-121.5651,41.9256],[-121.5638,41.9256],[-121.5638,41.922]]],[[[-121.5648,41.9761],[-121.5658,41.9645],[-121.5694,41.9645],[-121.5691,41.969],[-121.5678,41.9706],[-121.5659,41.9712],[-121.5669,41.9733],[-121.5647,41.9766],[-121.5648,41.9761]]],[[[-121.5749,41.9646],[-121.5842,41.9647],[-121.5841,41.9684],[-121.5889,41.9684],[-121.5885,41.9793],[-121.5934,41.9793],[-121.5933,41.9866],[-121.5837,41.9865],[-121.5836,41.9793],[-121.5739,41.9791],[-121.5749,41.9646]]]]},"properties":{"id":"usgs-pad-us-fee-managers:4391","name":"Tule Lake National Wildlife Refuge","kind":"land","category":"public-land","sourceCategory":"public-land","sourceId":"usgs-pad-us-fee-managers","sourceUrl":"https://services.arcgis.com/v01gqwM5QqNysAAi/arcgis/rest/services/Fee_Managers_PADUS/FeatureServer/0","sourceUpdated":"2021-01-28T05:00:00.000Z","publicUse":"PAD-US reports restricted access; confirm permits and seasonal rules with the manager.","unit":"FWS","origin":"public-catalog"}},{"type":"Feature","id":"usgs-pad-us-fee-managers:4489","geometry":{"type":"MultiPolygon","coordinates":[[[[-121.7842,38.0148],[-121.7829,38.0148],[-121.7822,38.015],[-121.7812,38.0148],[-121.7812,38.0124],[-121.786,38.0124],[-121.7855,38.014],[-121.7854,38.0152],[-121.7842,38.0148]]],[[[-121.8001,38.0169],[-121.7973,38.0169],[-121.7916,38.0157],[-121.7916,38.0136],[-121.7918,38.0135],[-121.7917,38.0133],[-121.795,38.014],[-121.7951,38.0155],[-121.799,38.0157],[-121.7991,38.0151],[-121.7993,38.015],[-121.8004,38.0159],[-121.8003,38.0168],[-121.8001,38.0169]]]]},"properties":{"id":"usgs-pad-us-fee-managers:4489","name":"Antioch Dunes National Wildlife Refuge","kind":"land","category":"public-land","sourceCategory":"public-land","sourceId":"usgs-pad-us-fee-managers","sourceUrl":"https://services.arcgis.com/v01gqwM5QqNysAAi/arcgis/rest/services/Fee_Managers_PADUS/FeatureServer/0","sourceUpdated":"2021-12-08T05:00:00.000Z","publicUse":"PAD-US reports restricted access; confirm permits and seasonal rules with the manager.","unit":"FWS","origin":"public-catalog"}},{"type":"Feature","id":"usgs-pad-us-fee-managers:4544","geometry":{"type":"Polygon","coordinates":[[[-119.4336,34.9676],[-119.4336,34.964],[-119.4203,34.964],[-119.4201,34.9531],[-119.3891,34.9532],[-119.3892,34.9568],[-119.3847,34.9569],[-119.3847,34.9532],[-119.3759,34.9532],[-119.3759,34.9569],[-119.3716,34.9569],[-119.3716,34.9605],[-119.3622,34.9603],[-119.3621,34.9638],[-119.3573,34.9636],[-119.3572,34.9744],[-119.3301,34.9741],[-119.33,34.9704],[-119.3213,34.9705],[-119.3212,34.9632],[-119.3299,34.9632],[-119.3299,34.9596],[-119.3126,34.9597],[-119.3126,34.956],[-119.3298,34.956],[-119.3296,34.9453],[-119.3208,34.9454],[-119.3125,34.9451],[-119.3125,34.9412],[-119.3209,34.9414],[-119.3211,34.9374],[-119.3386,34.9373],[-119.3388,34.9294],[-119.3521,34.9294],[-119.352,34.915],[-119.3564,34.915],[-119.3564,34.9186],[-119.3698,34.9188],[-119.3698,34.9152],[-119.3745,34.9152],[-119.3747,34.9266],[-119.3795,34.927],[-119.3789,34.9079],[-119.3742,34.9079],[-119.374,34.9041],[-119.3788,34.9043],[-119.3787,34.9005],[-119.3829,34.9008],[-119.3829,34.8971],[-119.3976,34.8973],[-119.3976,34.9009],[-119.4461,34.9013],[-119.4462,34.9168],[-119.4417,34.9168],[-119.4417,34.909],[-119.4373,34.909],[-119.4373,34.9169],[-119.4329,34.9167],[-119.4329,34.9204],[-119.4373,34.9205],[-119.4374,34.9348],[-119.4309,34.9349],[-119.4309,34.9385],[-119.4375,34.9384],[-119.4377,34.9456],[-119.4555,34.9455],[-119.4557,34.9603],[-119.4445,34.9604],[-119.4445,34.9599],[-119.4423,34.9599],[-119.4424,34.9676],[-119.4336,34.9676]],[[-119.429,34.9531],[-119.4334,34.9547],[-119.4334,34.9544],[-119.4323,34.9539],[-119.4297,34.9531],[-119.429,34.9531]],[[-119.4155,34.9423],[-119.4155,34.935],[-119.411,34.935],[-119.4111,34.9423],[-119.4155,34.9423]],[[-119.3844,34.9316],[-119.3796,34.9311],[-119.3801,34.9385],[-119.3845,34.9386],[-119.3844,34.9316]],[[-119.4056,34.9197],[-119.4052,34.9197],[-119.4053,34.9205],[-119.4059,34.9205],[-119.4059,34.92],[-119.4056,34.92],[-119.4056,34.9197]],[[-119.3496,34.9706],[-119.3525,34.9707],[-119.3525,34.967],[-119.3478,34.9669],[-119.3479,34.9705],[-119.3496,34.9706]]]},"properties":{"id":"usgs-pad-us-fee-managers:4544","name":"Bitter Creek National Wildlife Refuge","kind":"land","category":"public-land","sourceCategory":"public-land","sourceId":"usgs-pad-us-fee-managers","sourceUrl":"https://services.arcgis.com/v01gqwM5QqNysAAi/arcgis/rest/services/Fee_Managers_PADUS/FeatureServer/0","sourceUpdated":"2021-12-08T05:00:00.000Z","publicUse":"PAD-US reports restricted access; confirm permits and seasonal rules with the manager.","unit":"FWS","origin":"public-catalog"}},{"type":"Feature","id":"usgs-pad-us-fee-managers:4554","geometry":{"type":"MultiPolygon","coordinates":[[[[-118.85,36.2665],[-118.85,36.2593],[-118.8622,36.2593],[-118.8622,36.2666],[-118.85,36.2665]]],[[[-118.8666,36.2848],[-118.8666,36.2812],[-118.8711,36.2812],[-118.8711,36.2849],[-118.8666,36.2848]]],[[[-118.85,36.2665],[-118.8498,36.295],[-118.8409,36.295],[-118.8409,36.2932],[-118.8364,36.2932],[-118.8364,36.2914],[-118.8409,36.2913],[-118.8411,36.2662],[-118.85,36.2665]]]]},"properties":{"id":"usgs-pad-us-fee-managers:4554","name":"Blue Ridge National Wildlife Refuge","kind":"land","category":"public-land","sourceCategory":"public-land","sourceId":"usgs-pad-us-fee-managers","sourceUrl":"https://services.arcgis.com/v01gqwM5QqNysAAi/arcgis/rest/services/Fee_Managers_PADUS/FeatureServer/0","sourceUpdated":"2021-12-08T05:00:00.000Z","publicUse":"PAD-US reports restricted access; confirm permits and seasonal rules with the manager.","unit":"FWS","origin":"public-catalog"}},{"type":"Feature","id":"usgs-pad-us-fee-managers:4585","geometry":{"type":"Polygon","coordinates":[[[-121.9265,39.2403],[-121.9272,39.2381],[-121.946,39.2382],[-121.9468,39.2392],[-121.9478,39.24],[-121.9481,39.2408],[-121.9481,39.242],[-121.9478,39.2429],[-121.9473,39.2434],[-121.9473,39.2449],[-121.9467,39.2469],[-121.9467,39.2499],[-121.9462,39.2506],[-121.9454,39.2529],[-121.9453,39.2531],[-121.9316,39.2529],[-121.9301,39.2526],[-121.9281,39.2518],[-121.9272,39.251],[-121.9262,39.2494],[-121.9261,39.2487],[-121.9241,39.2463],[-121.9239,39.2436],[-121.9254,39.2422],[-121.9256,39.2416],[-121.927,39.2408],[-121.9259,39.2407],[-121.9265,39.2403]]]},"properties":{"id":"usgs-pad-us-fee-managers:4585","name":"Butte Sink Wildlife Management Area","kind":"land","category":"public-land","sourceCategory":"public-land","sourceId":"usgs-pad-us-fee-managers","sourceUrl":"https://services.arcgis.com/v01gqwM5QqNysAAi/arcgis/rest/services/Fee_Managers_PADUS/FeatureServer/0","sourceUpdated":"2021-12-08T05:00:00.000Z","publicUse":"PAD-US reports restricted access; confirm permits and seasonal rules with the manager.","unit":"FWS","origin":"public-catalog"}},{"type":"Feature","id":"usgs-pad-us-fee-managers:4610","geometry":{"type":"Polygon","coordinates":[[[-124.2488,41.7629],[-124.2489,41.7626],[-124.2483,41.7624],[-124.2474,41.7622],[-124.2471,41.7625],[-124.2469,41.7624],[-124.2473,41.7617],[-124.2479,41.7617],[-124.2477,41.7612],[-124.2481,41.7609],[-124.2484,41.761],[-124.2489,41.7603],[-124.2493,41.7603],[-124.2489,41.7611],[-124.2493,41.7613],[-124.2501,41.7612],[-124.2502,41.7606],[-124.2516,41.7612],[-124.2516,41.7618],[-124.2508,41.7621],[-124.2507,41.7624],[-124.2501,41.7625],[-124.2498,41.762],[-124.2497,41.7626],[-124.249,41.7626],[-124.2492,41.7628],[-124.2488,41.7629]]]},"properties":{"id":"usgs-pad-us-fee-managers:4610","name":"Castle Rock National Wildlife Refuge","kind":"land","category":"public-land","sourceCategory":"public-land","sourceId":"usgs-pad-us-fee-managers","sourceUrl":"https://services.arcgis.com/v01gqwM5QqNysAAi/arcgis/rest/services/Fee_Managers_PADUS/FeatureServer/0","sourceUpdated":"2021-12-08T05:00:00.000Z","publicUse":"PAD-US reports restricted access; confirm permits and seasonal rules with the manager.","unit":"FWS","origin":"public-catalog"}},{"type":"Feature","id":"usgs-pad-us-fee-managers:4631","geometry":{"type":"MultiPolygon","coordinates":[[[[-114.6787,33.2028],[-114.6785,33.2016],[-114.6786,33.2016],[-114.6787,33.2028]]],[[[-114.6786,33.2039],[-114.6786,33.2043],[-114.678,33.206],[-114.6786,33.2039]]],[[[-114.6769,33.2089],[-114.6737,33.2198],[-114.6761,33.2108],[-114.6769,33.2089]]],[[[-114.6877,33.2423],[-114.6886,33.2434],[-114.6891,33.2447],[-114.6877,33.2423]]],[[[-114.6833,33.25],[-114.6841,33.2497],[-114.6828,33.2504],[-114.6833,33.25]]],[[[-114.6797,33.253],[-114.6776,33.2545],[-114.6743,33.2558],[-114.6777,33.2544],[-114.6797,33.253]]],[[[-114.6724,33.2579],[-114.6723,33.26],[-114.6721,33.2585],[-114.6724,33.2579]]],[[[-114.6724,33.2602],[-114.6725,33.2606],[-114.6724,33.2605],[-114.6724,33.2602]]],[[[-114.6742,33.2645],[-114.6759,33.2672],[-114.6767,33.2695],[-114.6775,33.2707],[-114.677,33.2702],[-114.6742,33.2645]]],[[[-114.6805,33.2735],[-114.6869,33.2771],[-114.6844,33.276],[-114.6805,33.2735]]],[[[-114.6886,33.2779],[-114.6879,33.2775],[-114.6911,33.2787],[-114.6886,33.2779]]],[[[-114.6928,33.2793],[-114.6912,33.2787],[-114.692,33.2789],[-114.6928,33.2793]]],[[[-114.6945,33.2798],[-114.6929,33.2793],[-114.6939,33.2796],[-114.6945,33.2798]]],[[[-114.6948,33.2799],[-114.6955,33.28],[-114.6979,33.2807],[-114.6948,33.2799]]],[[[-114.7029,33.2819],[-114.7068,33.2825],[-114.7101,33.2832],[-114.7029,33.2819]]],[[[-114.7179,33.2852],[-114.7113,33.2834],[-114.7174,33.2848],[-114.7226,33.2874],[-114.7233,33.2881],[-114.7253,33.2915],[-114.7233,33.2881],[-114.7217,33.287],[-114.7179,33.2852]]],[[[-114.7187,33.2847],[-114.7136,33.2832],[-114.6989,33.2804],[-114.6891,33.2773],[-114.6822,33.274],[-114.6797,33.2722],[-114.6773,33.2692],[-114.6766,33.2671],[-114.6746,33.2638],[-114.6733,33.2611],[-114.673,33.2591],[-114.6734,33.2573],[-114.6743,33.2565],[-114.6792,33.2543],[-114.6823,33.2516],[-114.684,33.2505],[-114.6887,33.2481],[-114.6903,33.2465],[-114.6901,33.2459],[-114.7045,33.2459],[-114.7046,33.257],[-114.7221,33.2569],[-114.7222,33.2859],[-114.7265,33.2861],[-114.7264,33.2923],[-114.7259,33.2918],[-114.7252,33.29],[-114.724,33.2877],[-114.7229,33.2868],[-114.7214,33.2862],[-114.7187,33.2847]]],[[[-114.7273,33.294],[-114.7307,33.294],[-114.7305,33.3003],[-114.7294,33.2977],[-114.728,33.2956],[-114.7273,33.294]]],[[[-114.7305,33.3009],[-114.7305,33.3009],[-114.7305,33.3009],[-114.7305,33.3009]]],[[[-114.731,33.3019],[-114.7313,33.3026],[-114.7312,33.3034],[-114.7312,33.3024],[-114.731,33.3019]]],[[[-114.731,33.3043],[-114.731,33.3044],[-114.7304,33.3051],[-114.731,33.3043]]],[[[-114.7298,33.3058],[-114.7282,33.3071],[-114.7279,33.3072],[-114.7298,33.3058]]],[[[-114.7217,33.3136],[-114.7212,33.314],[-114.7204,33.3145],[-114.7217,33.3136]]],[[[-114.7348,33.3164],[-114.7348,33.3165],[-114.7347,33.3165],[-114.7348,33.3164]]],[[[-114.7306,33.3257],[-114.7306,33.3274],[-114.728,33.3274],[-114.7286,33.3267],[-114.7306,33.3257]]],[[[-114.7133,33.3383],[-114.7127,33.3344],[-114.7131,33.3296],[-114.7136,33.329],[-114.7139,33.3282],[-114.7165,33.3259],[-114.7168,33.324],[-114.7164,33.3212],[-114.7175,33.3185],[-114.7185,33.317],[-114.7219,33.3151],[-114.7225,33.3139],[-114.7246,33.3111],[-114.7303,33.3065],[-114.7305,33.3057],[-114.7315,33.3046],[-114.7318,33.303],[-114.7316,33.3019],[-114.7348,33.3019],[-114.7348,33.3144],[-114.7326,33.3172],[-114.7322,33.3182],[-114.7318,33.3225],[-114.7315,33.3232],[-114.7307,33.3241],[-114.7277,33.3259],[-114.727,33.3267],[-114.725,33.331],[-114.7219,33.3311],[-114.7219,33.3347],[-114.7176,33.3347],[-114.7176,33.3383],[-114.7133,33.3383]]],[[[-114.7001,33.3468],[-114.7018,33.3456],[-114.7026,33.3455],[-114.7033,33.3423],[-114.7037,33.3383],[-114.7009,33.3425],[-114.7002,33.3422],[-114.704,33.3364],[-114.7035,33.3334],[-114.7051,33.3297],[-114.7069,33.3271],[-114.7067,33.3264],[-114.708,33.3239],[-114.7078,33.3234],[-114.7084,33.3228],[-114.7088,33.3236],[-114.7101,33.3219],[-114.7115,33.3206],[-114.7127,33.3197],[-114.7153,33.3184],[-114.7152,33.3177],[-114.7167,33.3169],[-114.7163,33.3175],[-114.716,33.3193],[-114.715,33.3205],[-114.7147,33.3214],[-114.7148,33.3226],[-114.7137,33.3242],[-114.7137,33.3255],[-114.7135,33.3261],[-114.7122,33.3274],[-114.7117,33.3296],[-114.7117,33.3322],[-114.7126,33.3381],[-114.7141,33.3448],[-114.714,33.3453],[-114.7132,33.346],[-114.7124,33.3463],[-114.7109,33.3459],[-114.7096,33.346],[-114.7072,33.3452],[-114.7047,33.3453],[-114.7018,33.3464],[-114.6992,33.3489],[-114.6992,33.3477],[-114.7001,33.3468]]],[[[-114.6985,33.3511],[-114.6983,33.3543],[-114.6988,33.3598],[-114.6982,33.3566],[-114.698,33.3524],[-114.6985,33.3511]]],[[[-114.701,33.365],[-114.7064,33.3745],[-114.7042,33.3712],[-114.701,33.365]]],[[[-114.7068,33.3753],[-114.7072,33.3758],[-114.7071,33.3758],[-114.7068,33.3753]]]]},"properties":{"id":"usgs-pad-us-fee-managers:4631","name":"Cibola National Wildlife Refuge","kind":"land","category":"public-land","sourceCategory":"public-land","sourceId":"usgs-pad-us-fee-managers","sourceUrl":"https://services.arcgis.com/v01gqwM5QqNysAAi/arcgis/rest/services/Fee_Managers_PADUS/FeatureServer/0","sourceUpdated":"2021-12-08T05:00:00.000Z","publicUse":"PAD-US reports restricted access; confirm permits and seasonal rules with the manager.","unit":"FWS","origin":"public-catalog"}},{"type":"Feature","id":"usgs-pad-us-fee-managers:4640","geometry":{"type":"MultiPolygon","coordinates":[[[[-121.17,41.9102],[-121.17,41.9065],[-121.1797,41.9065],[-121.1797,41.9102],[-121.17,41.9102]]],[[[-121.0734,41.8918],[-121.0733,41.8954],[-121.0782,41.8954],[-121.0782,41.8918],[-121.0734,41.8918],[-121.0738,41.8555],[-121.0787,41.8555],[-121.0787,41.8482],[-121.0739,41.8482],[-121.0739,41.8446],[-121.069,41.8446],[-121.069,41.8483],[-121.0642,41.8482],[-121.0643,41.8338],[-121.0595,41.8337],[-121.0596,41.8229],[-121.0693,41.8229],[-121.0692,41.8301],[-121.0741,41.8301],[-121.0739,41.841],[-121.0837,41.841],[-121.0836,41.8554],[-121.0932,41.8554],[-121.0932,41.8591],[-121.098,41.8591],[-121.0979,41.8664],[-121.1027,41.8664],[-121.1027,41.87],[-121.1078,41.87],[-121.1077,41.8736],[-121.1221,41.8736],[-121.1221,41.8772],[-121.1317,41.8772],[-121.1316,41.8809],[-121.146,41.8809],[-121.146,41.8845],[-121.1508,41.8845],[-121.1509,41.8736],[-121.146,41.8736],[-121.1461,41.8627],[-121.151,41.8627],[-121.151,41.859],[-121.1461,41.859],[-121.1462,41.8482],[-121.1414,41.8482],[-121.1415,41.8446],[-121.1367,41.8446],[-121.1368,41.8373],[-121.1273,41.8373],[-121.1274,41.8337],[-121.1226,41.8337],[-121.1226,41.8301],[-121.1275,41.8301],[-121.1276,41.8229],[-121.1227,41.8229],[-121.1228,41.8193],[-121.1277,41.8193],[-121.1278,41.812],[-121.1326,41.8119],[-121.1326,41.8083],[-121.152,41.8082],[-121.1521,41.801],[-121.1569,41.801],[-121.1569,41.8046],[-121.1617,41.8046],[-121.1617,41.8082],[-121.1665,41.8082],[-121.1665,41.8118],[-121.1713,41.8119],[-121.1713,41.8191],[-121.1857,41.8191],[-121.1857,41.8301],[-121.2005,41.8304],[-121.2005,41.8377],[-121.2101,41.8378],[-121.21,41.8452],[-121.2147,41.8452],[-121.2142,41.8707],[-121.2094,41.8707],[-121.2093,41.8779],[-121.2141,41.8779],[-121.214,41.8815],[-121.2189,41.8815],[-121.2188,41.8851],[-121.2236,41.8851],[-121.2236,41.8887],[-121.2284,41.8887],[-121.2283,41.8959],[-121.2235,41.8959],[-121.2235,41.8995],[-121.204,41.8995],[-121.204,41.9031],[-121.1943,41.903],[-121.1942,41.9103],[-121.1894,41.9103],[-121.1894,41.903],[-121.1507,41.9027],[-121.1507,41.8991],[-121.1411,41.899],[-121.141,41.9026],[-121.1362,41.9026],[-121.1362,41.9063],[-121.1313,41.9063],[-121.1311,41.9245],[-121.1263,41.9244],[-121.1264,41.9208],[-121.1215,41.9208],[-121.1215,41.9172],[-121.1119,41.9171],[-121.1119,41.9208],[-121.107,41.9207],[-121.1071,41.9171],[-121.0974,41.9171],[-121.0974,41.9135],[-121.0878,41.9135],[-121.0877,41.9172],[-121.0828,41.9172],[-121.083,41.9027],[-121.0733,41.9027],[-121.0733,41.899],[-121.0684,41.899],[-121.0686,41.8918],[-121.0734,41.8918]]],[[[-121.1728,41.8918],[-121.1742,41.8939],[-121.1753,41.8944],[-121.1846,41.8966],[-121.1896,41.8958],[-121.204,41.8959],[-121.204,41.8954],[-121.2059,41.8959],[-121.2081,41.8957],[-121.2094,41.8961],[-121.2143,41.8963],[-121.2186,41.8947],[-121.2191,41.8946],[-121.2199,41.8951],[-121.2235,41.8945],[-121.2251,41.8917],[-121.2251,41.8908],[-121.2232,41.8899],[-121.2224,41.8884],[-121.2199,41.8889],[-121.2194,41.8866],[-121.2168,41.8838],[-121.2152,41.8828],[-121.2132,41.8825],[-121.2128,41.8819],[-121.2102,41.881],[-121.2067,41.8825],[-121.2061,41.8794],[-121.2081,41.8743],[-121.2079,41.8729],[-121.2089,41.8712],[-121.2094,41.8697],[-121.2099,41.8662],[-121.2108,41.8651],[-121.2107,41.8635],[-121.2083,41.8611],[-121.2087,41.8585],[-121.2119,41.8551],[-121.2132,41.853],[-121.2133,41.8513],[-121.2126,41.85],[-121.2107,41.8479],[-121.209,41.8456],[-121.2029,41.8433],[-121.1991,41.8416],[-121.199,41.8412],[-121.1961,41.8393],[-121.1932,41.8377],[-121.1932,41.8371],[-121.1883,41.8341],[-121.1839,41.8319],[-121.1815,41.8315],[-121.1796,41.8303],[-121.1755,41.826],[-121.1716,41.8246],[-121.1665,41.8232],[-121.1663,41.8222],[-121.1626,41.8207],[-121.1597,41.8191],[-121.1532,41.8182],[-121.148,41.8195],[-121.1471,41.8191],[-121.1456,41.819],[-121.1435,41.8184],[-121.1397,41.8158],[-121.1362,41.8166],[-121.1335,41.8126],[-121.1305,41.8163],[-121.1316,41.8178],[-121.1289,41.8259],[-121.1285,41.8259],[-121.1282,41.8268],[-121.1289,41.8282],[-121.1288,41.8316],[-121.1312,41.8337],[-121.132,41.8342],[-121.1327,41.8342],[-121.1333,41.8333],[-121.1349,41.834],[-121.1359,41.8354],[-121.1369,41.8358],[-121.1377,41.8379],[-121.1404,41.8414],[-121.1415,41.8437],[-121.1437,41.8452],[-121.1462,41.8462],[-121.1506,41.847],[-121.1516,41.8482],[-121.1578,41.8496],[-121.157,41.8531],[-121.1585,41.8533],[-121.1579,41.8542],[-121.1569,41.8549],[-121.1556,41.8548],[-121.1523,41.8596],[-121.1526,41.861],[-121.1519,41.8627],[-121.1515,41.866],[-121.1504,41.8682],[-121.1511,41.8716],[-121.153,41.8727],[-121.1534,41.8744],[-121.1553,41.8763],[-121.155,41.8772],[-121.1567,41.8787],[-121.1561,41.8809],[-121.171,41.8893],[-121.1728,41.8918]]]]},"properties":{"id":"usgs-pad-us-fee-managers:4640","name":"Clear Lake National Wildlife Refuge","kind":"land","category":"public-land","sourceCategory":"public-land","sourceId":"usgs-pad-us-fee-managers","sourceUrl":"https://services.arcgis.com/v01gqwM5QqNysAAi/arcgis/rest/services/Fee_Managers_PADUS/FeatureServer/0","sourceUpdated":"2021-12-08T05:00:00.000Z","publicUse":"PAD-US reports restricted access; confirm permits and seasonal rules with the manager.","unit":"FWS","origin":"public-catalog"}},{"type":"Feature","id":"usgs-pad-us-fee-managers:4642","geometry":{"type":"Polygon","coordinates":[[[-116.315,33.8162],[-116.3131,33.8155],[-116.3028,33.8099],[-116.3016,33.8087],[-116.3014,33.8079],[-116.3012,33.8001],[-116.3013,33.7966],[-116.3033,33.7965],[-116.3033,33.7956],[-116.3013,33.7956],[-116.3011,33.7874],[-116.3142,33.7874],[-116.3142,33.7819],[-116.3164,33.7819],[-116.3164,33.7802],[-116.3186,33.7802],[-116.3186,33.7783],[-116.3196,33.7783],[-116.3196,33.7765],[-116.3207,33.7765],[-116.3207,33.7747],[-116.3185,33.7747],[-116.3185,33.7765],[-116.3164,33.7765],[-116.3164,33.7747],[-116.3142,33.7747],[-116.3142,33.7765],[-116.3098,33.7765],[-116.3098,33.7729],[-116.3211,33.7731],[-116.3294,33.773],[-116.3294,33.7746],[-116.3316,33.7746],[-116.3316,33.7801],[-116.3399,33.7886],[-116.3427,33.791],[-116.3447,33.7909],[-116.3447,33.7946],[-116.3491,33.7946],[-116.3491,33.7997],[-116.3514,33.8019],[-116.3535,33.8019],[-116.3534,33.8093],[-116.3357,33.8093],[-116.3353,33.8166],[-116.3182,33.8165],[-116.315,33.8162]],[[-116.3224,33.8144],[-116.3203,33.8134],[-116.3203,33.8148],[-116.3224,33.8148],[-116.3224,33.8144]],[[-116.3247,33.8116],[-116.3248,33.8111],[-116.3226,33.8111],[-116.3226,33.8116],[-116.3247,33.8116],[-116.3247,33.812],[-116.3225,33.8121],[-116.3225,33.8128],[-116.327,33.8129],[-116.327,33.8116],[-116.3247,33.8116]],[[-116.3185,33.8093],[-116.3186,33.8056],[-116.3205,33.8056],[-116.3206,33.8037],[-116.3186,33.8037],[-116.3186,33.802],[-116.3142,33.802],[-116.314,33.8093],[-116.3185,33.8093]],[[-116.3056,33.8066],[-116.3055,33.8092],[-116.3115,33.8093],[-116.3056,33.8066]],[[-116.323,33.8037],[-116.325,33.8037],[-116.3251,33.8019],[-116.323,33.8019],[-116.323,33.8037]],[[-116.3295,33.8019],[-116.3293,33.8056],[-116.3316,33.8056],[-116.3317,33.8037],[-116.3338,33.8038],[-116.3339,33.8019],[-116.3295,33.8019]],[[-116.3197,33.791],[-116.3189,33.791],[-116.3186,33.7918],[-116.3197,33.7918],[-116.3197,33.791]]]},"properties":{"id":"usgs-pad-us-fee-managers:4642","name":"Coachella Valley National Wildlife Refuge","kind":"land","category":"public-land","sourceCategory":"public-land","sourceId":"usgs-pad-us-fee-managers","sourceUrl":"https://services.arcgis.com/v01gqwM5QqNysAAi/arcgis/rest/services/Fee_Managers_PADUS/FeatureServer/0","sourceUpdated":"2021-12-08T05:00:00.000Z","publicUse":"PAD-US reports restricted access; confirm permits and seasonal rules with the manager.","unit":"FWS","origin":"public-catalog"}},{"type":"Feature","id":"usgs-pad-us-fee-managers:4648","geometry":{"type":"MultiPolygon","coordinates":[[[[-122.1433,40.4026],[-122.1435,40.4028],[-122.1432,40.4028],[-122.1433,40.4026]]],[[[-122.1459,40.4022],[-122.1455,40.4019],[-122.1453,40.402],[-122.1434,40.4015],[-122.1406,40.4014],[-122.1406,40.3979],[-122.1431,40.3982],[-122.1497,40.3981],[-122.1498,40.4016],[-122.1469,40.4016],[-122.1469,40.4025],[-122.1459,40.4022]]]]},"properties":{"id":"usgs-pad-us-fee-managers:4648","name":"Coleman National Fish Hatchery","kind":"land","category":"public-land","sourceCategory":"public-land","sourceId":"usgs-pad-us-fee-managers","sourceUrl":"https://services.arcgis.com/v01gqwM5QqNysAAi/arcgis/rest/services/Fee_Managers_PADUS/FeatureServer/0","sourceUpdated":"2021-12-08T05:00:00.000Z","publicUse":"PAD-US reports restricted access; confirm permits and seasonal rules with the manager.","unit":"FWS","origin":"public-catalog"}},{"type":"Feature","id":"usgs-pad-us-fee-managers:4653","geometry":{"type":"Polygon","coordinates":[[[-122.051,39.1955],[-122.0416,39.1953],[-122.0408,39.1955],[-122.0403,39.1881],[-122.0361,39.1881],[-122.0362,39.1742],[-122.0409,39.1741],[-122.0409,39.1627],[-122.0392,39.1613],[-122.0384,39.1613],[-122.0371,39.1574],[-122.0315,39.1534],[-122.0273,39.1448],[-122.0316,39.1447],[-122.0316,39.1373],[-122.027,39.1373],[-122.0271,39.1152],[-122.0365,39.1153],[-122.0364,39.1264],[-122.0411,39.1264],[-122.0411,39.1227],[-122.0506,39.1228],[-122.0506,39.1154],[-122.0601,39.1155],[-122.0598,39.1376],[-122.0551,39.1375],[-122.0552,39.1303],[-122.0411,39.1301],[-122.041,39.1447],[-122.0598,39.1449],[-122.0594,39.1883],[-122.0603,39.1883],[-122.0603,39.1956],[-122.051,39.1955]]]},"properties":{"id":"usgs-pad-us-fee-managers:4653","name":"Colusa National Wildlife Refuge","kind":"land","category":"public-land","sourceCategory":"public-land","sourceId":"usgs-pad-us-fee-managers","sourceUrl":"https://services.arcgis.com/v01gqwM5QqNysAAi/arcgis/rest/services/Fee_Managers_PADUS/FeatureServer/0","sourceUpdated":"2021-12-08T05:00:00.000Z","publicUse":"PAD-US reports restricted access; confirm permits and seasonal rules with the manager.","unit":"FWS","origin":"public-catalog"}},{"type":"Feature","id":"usgs-pad-us-fee-managers:4687","geometry":{"type":"Polygon","coordinates":[[[-122.0752,39.288],[-122.0757,39.2866],[-122.0792,39.2862],[-122.0792,39.2756],[-122.1167,39.2755],[-122.1167,39.3419],[-122.0844,39.3416],[-122.0848,39.3377],[-122.0844,39.3364],[-122.0841,39.3252],[-122.0838,39.3231],[-122.0835,39.3226],[-122.0809,39.3212],[-122.0799,39.3186],[-122.0793,39.3144],[-122.0784,39.314],[-122.076,39.3117],[-122.076,39.3],[-122.0752,39.288]]]},"properties":{"id":"usgs-pad-us-fee-managers:4687","name":"Delevan National Wildlife Refuge","kind":"land","category":"public-land","sourceCategory":"public-land","sourceId":"usgs-pad-us-fee-managers","sourceUrl":"https://services.arcgis.com/v01gqwM5QqNysAAi/arcgis/rest/services/Fee_Managers_PADUS/FeatureServer/0","sourceUpdated":"2021-12-08T05:00:00.000Z","publicUse":"PAD-US reports restricted access; confirm permits and seasonal rules with the manager.","unit":"FWS","origin":"public-catalog"}},{"type":"Feature","id":"usgs-pad-us-fee-managers:4704","geometry":{"type":"MultiPolygon","coordinates":[[[[-121.9772,37.4289],[-121.9772,37.4284],[-121.9773,37.4284],[-121.9773,37.4289],[-121.9772,37.4289]]],[[[-121.964,37.4315],[-121.9643,37.4318],[-121.964,37.432],[-121.9637,37.4317],[-121.964,37.4315]]],[[[-121.9627,37.4323],[-121.9614,37.4312],[-121.9641,37.4314],[-121.9627,37.4323]]],[[[-121.9638,37.4321],[-121.9641,37.4323],[-121.9637,37.4321],[-121.9638,37.4321]]],[[[-121.9637,37.4322],[-121.964,37.4324],[-121.9639,37.4325],[-121.9637,37.4322]]],[[[-121.9738,37.43],[-121.974,37.4303],[-121.9737,37.4301],[-121.9738,37.43]]],[[[-121.9636,37.4324],[-121.9638,37.4326],[-121.9638,37.4326],[-121.9636,37.4324]]],[[[-121.9655,37.432],[-121.9658,37.4322],[-121.9656,37.4323],[-121.9653,37.4321],[-121.9655,37.432]]],[[[-121.9737,37.4305],[-121.974,37.4308],[-121.9735,37.4311],[-121.9733,37.4308],[-121.9737,37.4305]]],[[[-121.9731,37.4309],[-121.9734,37.4312],[-121.9734,37.4312],[-121.9731,37.4309]]],[[[-121.9588,37.4311],[-121.9604,37.4311],[-121.9622,37.4327],[-121.9602,37.4341],[-121.9579,37.4319],[-121.9582,37.4313],[-121.9588,37.4311]]],[[[-121.9655,37.4326],[-121.9658,37.4329],[-121.9657,37.433],[-121.9655,37.4326]]],[[[-121.9727,37.4312],[-121.973,37.4314],[-121.9728,37.4315],[-121.9725,37.4313],[-121.9727,37.4312]]],[[[-121.9721,37.4316],[-121.9723,37.4319],[-121.9723,37.4319],[-121.9721,37.4316]]],[[[-121.9732,37.4314],[-121.9735,37.4316],[-121.9733,37.4318],[-121.973,37.4315],[-121.9732,37.4314]]],[[[-121.9623,37.4328],[-121.9629,37.4333],[-121.9623,37.4337],[-121.9612,37.4345],[-121.9607,37.434],[-121.9623,37.4328]]],[[[-121.9715,37.432],[-121.9718,37.4323],[-121.9716,37.4324],[-121.9713,37.4322],[-121.9715,37.432]]],[[[-121.974,37.4315],[-121.974,37.432],[-121.9736,37.4322],[-121.9733,37.432],[-121.974,37.4315]]],[[[-121.9619,37.435],[-121.9613,37.4346],[-121.963,37.4334],[-121.9636,37.4339],[-121.9619,37.435]]],[[[-121.9605,37.4341],[-121.9611,37.4346],[-121.9602,37.4352],[-121.9592,37.4359],[-121.9586,37.4355],[-121.9605,37.4341]]],[[[-121.9715,37.4331],[-121.9718,37.4334],[-121.9715,37.4336],[-121.9712,37.4333],[-121.9715,37.4331]]],[[[-121.9637,37.434],[-121.9643,37.4344],[-121.9626,37.4356],[-121.962,37.4352],[-121.9637,37.434]]],[[[-121.9612,37.4347],[-121.9618,37.4351],[-121.9599,37.4365],[-121.9593,37.436],[-121.9612,37.4347]]],[[[-121.9567,37.437],[-121.9585,37.4355],[-121.959,37.436],[-121.9578,37.4369],[-121.9575,37.4367],[-121.9577,37.437],[-121.9567,37.437]]],[[[-121.9592,37.4361],[-121.9597,37.4366],[-121.9591,37.4371],[-121.9585,37.4366],[-121.9592,37.4361]]],[[[-121.9569,37.4376],[-121.9568,37.4375],[-121.957,37.4375],[-121.9569,37.4376]]],[[[-121.9645,37.4345],[-121.9651,37.4349],[-121.9633,37.4362],[-121.9627,37.4357],[-121.9645,37.4345]]],[[[-121.9675,37.4353],[-121.9673,37.4351],[-121.9669,37.4353],[-121.9666,37.4351],[-121.9675,37.4344],[-121.9678,37.4347],[-121.9674,37.435],[-121.9675,37.4353]]],[[[-121.9585,37.4366],[-121.959,37.4371],[-121.9588,37.4373],[-121.958,37.437],[-121.9585,37.4366]]],[[[-121.9619,37.4352],[-121.9625,37.4357],[-121.9605,37.4371],[-121.96,37.4366],[-121.9619,37.4352]]],[[[-121.9767,37.4333],[-121.9769,37.4335],[-121.9768,37.4336],[-121.9767,37.4333]]],[[[-121.9756,37.4334],[-121.9759,37.4336],[-121.9756,37.4339],[-121.9753,37.4336],[-121.9756,37.4334]]],[[[-121.9663,37.4355],[-121.9669,37.4358],[-121.9667,37.4359],[-121.9663,37.4355]]],[[[-121.9579,37.4379],[-121.9574,37.4374],[-121.9585,37.4375],[-121.9582,37.4377],[-121.9579,37.4375],[-121.9581,37.4378],[-121.9579,37.4379]]],[[[-121.9763,37.4335],[-121.9765,37.4338],[-121.9764,37.4339],[-121.9761,37.4337],[-121.9763,37.4335]]],[[[-121.9598,37.4367],[-121.9604,37.4372],[-121.9598,37.4376],[-121.9592,37.4372],[-121.9598,37.4367]]],[[[-121.9653,37.435],[-121.9659,37.4354],[-121.964,37.4368],[-121.9634,37.4363],[-121.9653,37.435]]],[[[-121.9572,37.4375],[-121.9577,37.438],[-121.9574,37.4383],[-121.957,37.4377],[-121.9572,37.4375]]],[[[-121.9591,37.4372],[-121.9597,37.4377],[-121.9595,37.4379],[-121.9591,37.4376],[-121.9589,37.4374],[-121.9591,37.4372]]],[[[-121.9626,37.4358],[-121.9632,37.4363],[-121.9613,37.4377],[-121.9607,37.4372],[-121.9626,37.4358]]],[[[-121.9586,37.4376],[-121.9591,37.4381],[-121.9589,37.4383],[-121.9583,37.4378],[-121.9586,37.4376]]],[[[-121.9582,37.4379],[-121.9588,37.4383],[-121.9586,37.4385],[-121.958,37.438],[-121.9582,37.4379]]],[[[-121.9606,37.4373],[-121.9611,37.4378],[-121.9607,37.4381],[-121.9602,37.4376],[-121.9606,37.4373]]],[[[-121.9669,37.436],[-121.967,37.4359],[-121.9679,37.4362],[-121.9674,37.4366],[-121.9669,37.436]]],[[[-121.9736,37.4353],[-121.973,37.4348],[-121.9733,37.4346],[-121.9736,37.4348],[-121.9743,37.4344],[-121.9746,37.4346],[-121.9736,37.4353]]],[[[-121.9601,37.4376],[-121.9607,37.4381],[-121.9596,37.438],[-121.9601,37.4376]]],[[[-121.966,37.4355],[-121.9666,37.436],[-121.9647,37.4374],[-121.9641,37.4369],[-121.966,37.4355]]],[[[-121.9579,37.4381],[-121.9584,37.4386],[-121.9579,37.4389],[-121.9575,37.4384],[-121.9579,37.4381]]],[[[-121.9593,37.4382],[-121.9601,37.4385],[-121.9598,37.4387],[-121.9593,37.4382]]],[[[-121.9633,37.4364],[-121.9639,37.4369],[-121.9619,37.4383],[-121.9614,37.4378],[-121.9633,37.4364]]],[[[-121.9675,37.4366],[-121.968,37.4363],[-121.9688,37.4366],[-121.9681,37.4371],[-121.9675,37.4366]]],[[[-121.9612,37.4379],[-121.9618,37.4384],[-121.9615,37.4386],[-121.9607,37.4383],[-121.9612,37.4379]]],[[[-121.9591,37.4383],[-121.9597,37.4388],[-121.9593,37.4391],[-121.9587,37.4386],[-121.9591,37.4383]]],[[[-121.964,37.437],[-121.9646,37.4375],[-121.9635,37.4382],[-121.963,37.4377],[-121.964,37.437]]],[[[-121.9759,37.4349],[-121.9765,37.4354],[-121.9763,37.4355],[-121.9757,37.435],[-121.9759,37.4349]]],[[[-121.9629,37.4378],[-121.9635,37.4383],[-121.9632,37.4384],[-121.9625,37.438],[-121.9629,37.4378]]],[[[-121.9667,37.4361],[-121.9673,37.4366],[-121.9654,37.438],[-121.9648,37.4375],[-121.9667,37.4361]]],[[[-121.9609,37.439],[-121.9603,37.4386],[-121.9612,37.4388],[-121.9609,37.439]]],[[[-121.9735,37.4355],[-121.9741,37.436],[-121.9738,37.4362],[-121.9732,37.4357],[-121.9735,37.4355]]],[[[-121.9586,37.4387],[-121.9591,37.4392],[-121.9585,37.4396],[-121.9581,37.4391],[-121.9586,37.4387]]],[[[-121.9768,37.4353],[-121.9771,37.4355],[-121.977,37.4356],[-121.9767,37.4354],[-121.9768,37.4353]]],[[[-121.9748,37.4357],[-121.975,37.436],[-121.9748,37.4361],[-121.9746,37.4359],[-121.9748,37.4357]]],[[[-121.9732,37.4362],[-121.9735,37.4364],[-121.9732,37.4367],[-121.9729,37.4364],[-121.9732,37.4362]]],[[[-121.9682,37.4372],[-121.969,37.4366],[-121.9698,37.4369],[-121.9688,37.4377],[-121.9682,37.4372]]],[[[-121.9779,37.4357],[-121.9779,37.4357],[-121.9778,37.4357],[-121.9779,37.4357]]],[[[-121.9602,37.4386],[-121.9608,37.4391],[-121.96,37.4397],[-121.9594,37.4392],[-121.9602,37.4386]]],[[[-121.9647,37.4376],[-121.9652,37.4381],[-121.9641,37.4389],[-121.9635,37.4384],[-121.9647,37.4376]]],[[[-121.9674,37.4367],[-121.968,37.4372],[-121.9661,37.4386],[-121.9655,37.4381],[-121.9674,37.4367]]],[[[-121.9615,37.4396],[-121.961,37.4391],[-121.9613,37.4389],[-121.9617,37.4392],[-121.9624,37.4386],[-121.9629,37.4387],[-121.9615,37.4396]]],[[[-121.9631,37.4387],[-121.9636,37.439],[-121.9634,37.4394],[-121.9628,37.4389],[-121.9631,37.4387]]],[[[-121.9689,37.4378],[-121.97,37.437],[-121.9708,37.4373],[-121.9695,37.4382],[-121.9689,37.4378]]],[[[-121.9771,37.4361],[-121.9769,37.4369],[-121.9766,37.4365],[-121.9771,37.4361]]],[[[-121.9628,37.4389],[-121.9633,37.4394],[-121.9624,37.44],[-121.9619,37.4396],[-121.9628,37.4389]]],[[[-121.9681,37.4373],[-121.9687,37.4378],[-121.9667,37.4391],[-121.9662,37.4387],[-121.9681,37.4373]]],[[[-121.9654,37.4382],[-121.9659,37.4386],[-121.9646,37.4396],[-121.9641,37.439],[-121.9654,37.4382]]],[[[-121.9592,37.4408],[-121.9586,37.4398],[-121.9593,37.4393],[-121.9598,37.4398],[-121.9592,37.4403],[-121.9596,37.4404],[-121.9592,37.4408]]],[[[-121.9774,37.4366],[-121.9777,37.4358],[-121.9783,37.4363],[-121.9772,37.437],[-121.9774,37.4366]]],[[[-121.9779,37.4363],[-121.978,37.4361],[-121.9779,37.4362],[-121.9779,37.4363]]],[[[-121.9729,37.4379],[-121.9728,37.4378],[-121.973,37.4379],[-121.9729,37.4379]]],[[[-121.9637,37.4394],[-121.9642,37.4399],[-121.9635,37.4395],[-121.9637,37.4394]]],[[[-121.9696,37.4383],[-121.971,37.4373],[-121.9719,37.4376],[-121.9702,37.4388],[-121.9696,37.4383]]],[[[-121.9675,37.4387],[-121.9688,37.4379],[-121.9693,37.4383],[-121.9674,37.4397],[-121.9669,37.4392],[-121.9675,37.4387]]],[[[-121.9686,37.4383],[-121.9682,37.4383],[-121.9687,37.4384],[-121.9686,37.4383]]],[[[-121.973,37.438],[-121.9742,37.4381],[-121.9736,37.4385],[-121.973,37.438]]],[[[-121.9694,37.4392],[-121.9683,37.4392],[-121.9695,37.4384],[-121.9696,37.4388],[-121.97,37.4389],[-121.9691,37.4396],[-121.9694,37.4392]]],[[[-121.9717,37.4379],[-121.9721,37.4377],[-121.9728,37.438],[-121.9708,37.4394],[-121.9703,37.4389],[-121.9717,37.4379]]],[[[-121.9768,37.4382],[-121.9769,37.4383],[-121.9767,37.4384],[-121.9768,37.4382]]],[[[-121.9737,37.4386],[-121.9744,37.4381],[-121.9754,37.4383],[-121.9743,37.4391],[-121.9737,37.4386]]],[[[-121.9729,37.4381],[-121.9735,37.4386],[-121.9715,37.44],[-121.971,37.4395],[-121.9729,37.4381]]],[[[-121.9738,37.4392],[-121.9741,37.4392],[-121.9737,37.4395],[-121.9738,37.4392]]],[[[-121.9744,37.4392],[-121.9756,37.4383],[-121.9765,37.4381],[-121.9763,37.4387],[-121.975,37.4397],[-121.9744,37.4392]]],[[[-121.977,37.4384],[-121.9776,37.4389],[-121.9765,37.4397],[-121.9767,37.4387],[-121.977,37.4384]]],[[[-121.9613,37.4434],[-121.9593,37.441],[-121.9613,37.4432],[-121.9613,37.4434]]],[[[-121.9618,37.444],[-121.9629,37.4445],[-121.9631,37.4448],[-121.964,37.4453],[-121.9666,37.4451],[-121.9671,37.4453],[-121.9655,37.4466],[-121.9618,37.444]]],[[[-121.9655,37.4472],[-121.9666,37.4479],[-121.965,37.4476],[-121.9655,37.4472]]],[[[-121.9674,37.446],[-121.9686,37.4454],[-121.9681,37.4448],[-121.9676,37.445],[-121.9665,37.4447],[-121.9646,37.4451],[-121.9621,37.444],[-121.9596,37.441],[-121.9595,37.4407],[-121.96,37.4403],[-121.9594,37.4402],[-121.96,37.4399],[-121.9606,37.4402],[-121.9601,37.4398],[-121.9609,37.4392],[-121.9615,37.4397],[-121.9607,37.4402],[-121.9618,37.4396],[-121.9624,37.4401],[-121.9622,37.4402],[-121.9625,37.4402],[-121.9635,37.4395],[-121.964,37.44],[-121.9637,37.4402],[-121.964,37.4402],[-121.966,37.4387],[-121.9666,37.4392],[-121.9653,37.4402],[-121.9667,37.4393],[-121.9673,37.4398],[-121.9668,37.4402],[-121.9674,37.4399],[-121.968,37.4402],[-121.9675,37.4398],[-121.9682,37.4394],[-121.969,37.4394],[-121.9683,37.4402],[-121.9685,37.4402],[-121.9702,37.439],[-121.9707,37.4395],[-121.9698,37.4401],[-121.9708,37.4396],[-121.9717,37.4401],[-121.9736,37.4387],[-121.9739,37.439],[-121.9735,37.4396],[-121.9728,37.4401],[-121.9743,37.4393],[-121.9755,37.4401],[-121.9751,37.4398],[-121.9762,37.439],[-121.9761,37.4399],[-121.9759,37.4401],[-121.9761,37.4401],[-121.9751,37.4536],[-121.968,37.448],[-121.9659,37.4469],[-121.9674,37.446]]],[[[-121.9513,37.4585],[-121.95,37.4572],[-121.9483,37.4566],[-121.946,37.4552],[-121.9427,37.4551],[-121.9443,37.4535],[-121.9464,37.4535],[-121.948,37.4549],[-121.9495,37.4565],[-121.9507,37.4573],[-121.9517,37.4574],[-121.9528,37.4566],[-121.9525,37.4574],[-121.9527,37.4582],[-121.9531,37.4586],[-121.9545,37.4591],[-121.9571,37.4618],[-121.9526,37.4613],[-121.953,37.4606],[-121.9513,37.4585]]],[[[-121.9681,37.4603],[-121.9668,37.4606],[-121.9648,37.4603],[-121.9655,37.4593],[-121.9677,37.4584],[-121.9678,37.4582],[-121.968,37.4568],[-121.9678,37.4545],[-121.9662,37.4529],[-121.9682,37.451],[-121.9683,37.45],[-121.968,37.4494],[-121.9682,37.4488],[-121.9743,37.4537],[-121.975,37.454],[-121.9746,37.4597],[-121.9715,37.4598],[-121.9686,37.4604],[-121.9681,37.4603]]],[[[-121.9642,37.462],[-121.9629,37.4624],[-121.9595,37.4621],[-121.9578,37.4616],[-121.954,37.4581],[-121.9533,37.4581],[-121.9533,37.4565],[-121.953,37.4562],[-121.9525,37.4561],[-121.9514,37.4569],[-121.9504,37.4566],[-121.9485,37.4547],[-121.9464,37.4532],[-121.9439,37.4531],[-121.9441,37.4533],[-121.9427,37.4548],[-121.9424,37.455],[-121.9421,37.4548],[-121.944,37.4528],[-121.946,37.4527],[-121.9481,37.4539],[-121.9501,37.4559],[-121.9508,37.4562],[-121.9518,37.4563],[-121.9524,37.4559],[-121.9532,37.456],[-121.9536,37.4563],[-121.9538,37.4573],[-121.9576,37.4612],[-121.9593,37.4617],[-121.9616,37.4619],[-121.9631,37.4611],[-121.963,37.4595],[-121.9667,37.4575],[-121.9668,37.4548],[-121.9652,37.4535],[-121.9648,37.4528],[-121.9657,37.4519],[-121.967,37.4511],[-121.967,37.4507],[-121.9661,37.4495],[-121.966,37.4488],[-121.9642,37.4482],[-121.964,37.4477],[-121.9642,37.4468],[-121.9606,37.4442],[-121.9579,37.4408],[-121.9581,37.4403],[-121.9613,37.4443],[-121.9651,37.4469],[-121.9644,37.4474],[-121.9644,37.448],[-121.9651,37.4484],[-121.9674,37.4486],[-121.9673,37.4492],[-121.9677,37.4503],[-121.9675,37.4508],[-121.9669,37.4516],[-121.9661,37.4518],[-121.9653,37.4528],[-121.9655,37.4534],[-121.9671,37.4546],[-121.9671,37.4577],[-121.9641,37.4592],[-121.9634,37.46],[-121.9635,37.4606],[-121.9641,37.4613],[-121.9668,37.4617],[-121.9642,37.462]]],[[[-121.9609,37.4633],[-121.9559,37.4625],[-121.9533,37.4616],[-121.9553,37.4616],[-121.9572,37.462],[-121.959,37.4626],[-121.9618,37.4631],[-121.9609,37.4633]]],[[[-121.9464,37.4655],[-121.9469,37.4669],[-121.9465,37.4683],[-121.9453,37.469],[-121.9444,37.4682],[-121.9445,37.4662],[-121.9464,37.4655]]],[[[-122.0357,37.4516],[-122.0333,37.4515],[-122.0312,37.4506],[-122.0307,37.45],[-122.0303,37.4489],[-122.0306,37.4476],[-122.0311,37.4469],[-122.0308,37.4467],[-122.0315,37.4462],[-122.0327,37.446],[-122.0366,37.4476],[-122.0388,37.4474],[-122.0396,37.4468],[-122.0403,37.4459],[-122.0406,37.4445],[-122.0402,37.4429],[-122.0384,37.441],[-122.0361,37.44],[-122.0336,37.4404],[-122.0316,37.4414],[-122.0306,37.4413],[-122.0296,37.4404],[-122.0284,37.4367],[-122.0272,37.4353],[-122.0282,37.4347],[-122.031,37.4315],[-122.0306,37.4313],[-122.0333,37.4281],[-122.0338,37.4269],[-122.0275,37.4255],[-122.0263,37.4245],[-122.0265,37.4238],[-122.0194,37.4214],[-122.0168,37.4209],[-122.0174,37.4223],[-122.016,37.4238],[-122.0154,37.4234],[-122.0166,37.4221],[-122.0157,37.4205],[-122.0159,37.4202],[-122.0181,37.4205],[-122.0262,37.4232],[-122.0268,37.4236],[-122.027,37.4247],[-122.0276,37.4251],[-122.0353,37.4268],[-122.0434,37.4275],[-122.047,37.4268],[-122.0493,37.4266],[-122.0496,37.4275],[-122.0513,37.4294],[-122.0516,37.431],[-122.0542,37.4359],[-122.0617,37.4334],[-122.0677,37.435],[-122.0682,37.4417],[-122.064,37.4457],[-122.0597,37.4467],[-122.0585,37.4466],[-122.0528,37.4482],[-122.0506,37.4481],[-122.0494,37.4492],[-122.0461,37.449],[-122.0421,37.4502],[-122.0412,37.4511],[-122.0402,37.4515],[-122.0357,37.4516]]],[[[-121.978,37.4595],[-121.9771,37.4593],[-121.9749,37.4597],[-121.9754,37.454],[-121.9844,37.4606],[-121.9924,37.4624],[-121.9929,37.4627],[-121.9876,37.4616],[-121.9799,37.4596],[-121.978,37.4595]]],[[[-121.9719,37.4676],[-121.9698,37.4673],[-121.9677,37.4674],[-121.9673,37.4668],[-121.968,37.4641],[-121.9684,37.4629],[-121.9687,37.4628],[-121.9738,37.4615],[-121.9738,37.4618],[-121.9744,37.4618],[-121.9741,37.4656],[-121.9734,37.4656],[-121.9741,37.4658],[-121.9741,37.4666],[-121.9737,37.4666],[-121.974,37.4668],[-121.9738,37.4669],[-121.974,37.4669],[-121.9739,37.4685],[-121.9719,37.4676]]],[[[-121.9751,37.4614],[-121.9752,37.4616],[-121.9751,37.4614],[-121.9754,37.4613],[-121.979,37.4615],[-121.9843,37.4624],[-121.9868,37.4632],[-121.988,37.464],[-121.9883,37.4645],[-121.9859,37.4647],[-121.9836,37.4659],[-121.9813,37.4682],[-121.9793,37.4696],[-121.9772,37.4699],[-121.975,37.4692],[-121.9742,37.4687],[-121.9743,37.4682],[-121.9746,37.4683],[-121.9743,37.4682],[-121.9743,37.4674],[-121.9747,37.4674],[-121.9743,37.4673],[-121.9744,37.4665],[-121.9748,37.4664],[-121.9744,37.4664],[-121.9745,37.4658],[-121.9748,37.4658],[-121.9745,37.4658],[-121.9748,37.4619],[-121.9752,37.4618],[-121.9748,37.4616],[-121.9751,37.4614]]],[[[-121.9525,37.4722],[-121.9511,37.4727],[-121.9512,37.4621],[-121.9535,37.4621],[-121.9578,37.4633],[-121.9601,37.4637],[-121.9666,37.463],[-121.9678,37.4631],[-121.968,37.4633],[-121.9676,37.464],[-121.9669,37.4667],[-121.967,37.4676],[-121.9641,37.4683],[-121.9581,37.4706],[-121.957,37.4716],[-121.9567,37.4722],[-121.9565,37.4743],[-121.9558,37.475],[-121.9548,37.4753],[-121.9542,37.4749],[-121.9542,37.4726],[-121.9525,37.4722]]],[[[-121.9539,37.4756],[-121.9535,37.4746],[-121.9536,37.4731],[-121.9527,37.4727],[-121.9511,37.4731],[-121.9511,37.4728],[-121.9524,37.4724],[-121.954,37.4727],[-121.9541,37.4736],[-121.9538,37.4745],[-121.9543,37.4753],[-121.9539,37.4756]]],[[[-122.0183,37.4614],[-122.0154,37.4622],[-122.0112,37.4626],[-122.005,37.4634],[-122.0024,37.4634],[-121.9959,37.4644],[-121.9948,37.4629],[-121.9937,37.4628],[-121.9928,37.462],[-121.9847,37.4602],[-121.978,37.4552],[-121.9754,37.4536],[-121.9765,37.4399],[-121.9772,37.4393],[-121.9782,37.4401],[-121.9773,37.4393],[-121.9777,37.439],[-121.9787,37.4399],[-121.9782,37.4392],[-121.9787,37.4387],[-121.9781,37.4391],[-121.9778,37.4389],[-121.9787,37.4381],[-121.9777,37.4388],[-121.9771,37.4383],[-121.9787,37.437],[-121.977,37.4382],[-121.9768,37.4381],[-121.9772,37.4372],[-121.9784,37.4364],[-121.9787,37.4367],[-121.9785,37.4363],[-121.9787,37.4359],[-121.9784,37.4362],[-121.9779,37.4358],[-121.9787,37.4349],[-121.9776,37.4355],[-121.9777,37.4347],[-121.9781,37.4344],[-121.9786,37.4347],[-121.9781,37.4344],[-121.9787,37.434],[-121.9787,37.4338],[-121.9777,37.4345],[-121.9777,37.4336],[-121.9787,37.4329],[-121.9777,37.4329],[-121.9778,37.4312],[-121.9811,37.4312],[-121.9821,37.4303],[-121.9817,37.4299],[-121.9826,37.4298],[-121.9869,37.4307],[-121.9875,37.4312],[-121.9882,37.4324],[-121.9901,37.4331],[-121.9911,37.4342],[-121.9915,37.4355],[-121.9912,37.437],[-121.9916,37.4383],[-121.9928,37.4389],[-121.9954,37.4393],[-121.9986,37.4405],[-122.0026,37.4414],[-122.004,37.4427],[-122.0043,37.4434],[-122.0059,37.4456],[-122.0058,37.4461],[-122.0065,37.4466],[-122.007,37.4466],[-122.0085,37.4476],[-122.0102,37.448],[-122.0121,37.448],[-122.0147,37.4472],[-122.0161,37.4471],[-122.0175,37.4476],[-122.0187,37.4488],[-122.0188,37.4505],[-122.0179,37.4534],[-122.018,37.4553],[-122.0182,37.456],[-122.0192,37.4576],[-122.0209,37.4597],[-122.021,37.4612],[-122.0207,37.4614],[-122.0183,37.4614]]],[[[-121.9783,37.4339],[-121.9782,37.4336],[-121.9787,37.4335],[-121.9782,37.4336],[-121.978,37.434],[-121.9783,37.4339]]],[[[-122.0747,37.4499],[-122.074,37.449],[-122.0714,37.4505],[-122.0703,37.4505],[-122.0686,37.4509],[-122.0676,37.4506],[-122.0665,37.4494],[-122.0657,37.4491],[-122.0653,37.4484],[-122.0654,37.4466],[-122.0651,37.4457],[-122.0685,37.4425],[-122.069,37.4417],[-122.0683,37.4351],[-122.0725,37.4361],[-122.0841,37.4349],[-122.085,37.4351],[-122.0835,37.4382],[-122.0843,37.4397],[-122.0845,37.4404],[-122.084,37.4418],[-122.0833,37.4423],[-122.0808,37.4429],[-122.0792,37.4443],[-122.0777,37.4472],[-122.0775,37.4502],[-122.0747,37.4499]]],[[[-122.0212,37.4569],[-122.0202,37.4556],[-122.0199,37.4545],[-122.0199,37.4538],[-122.0208,37.451],[-122.0209,37.4497],[-122.0202,37.4478],[-122.0197,37.4473],[-122.0177,37.4462],[-122.016,37.4458],[-122.0141,37.4461],[-122.0111,37.4469],[-122.0097,37.4468],[-122.0077,37.4454],[-122.0057,37.4424],[-122.0043,37.4409],[-122.0017,37.4399],[-121.9989,37.4395],[-121.9924,37.4377],[-121.9921,37.437],[-121.9923,37.4357],[-121.9918,37.4341],[-121.991,37.4331],[-121.9886,37.4321],[-121.9877,37.4304],[-121.9824,37.4291],[-121.9828,37.4287],[-121.9807,37.4258],[-121.9807,37.4228],[-121.981,37.4228],[-121.981,37.4203],[-121.9854,37.4186],[-121.9853,37.4184],[-121.9869,37.418],[-121.9869,37.4177],[-121.9945,37.4177],[-121.9947,37.4183],[-121.9952,37.4188],[-121.9969,37.4194],[-121.9969,37.4207],[-121.9989,37.421],[-121.9994,37.4215],[-121.9988,37.4218],[-121.9989,37.4223],[-121.9997,37.4221],[-122.0006,37.4226],[-122.0005,37.4233],[-122.0001,37.4238],[-122.0003,37.4249],[-122.0022,37.4263],[-122.0025,37.4271],[-122.0036,37.4284],[-122.005,37.4291],[-122.0059,37.4292],[-122.0085,37.4282],[-122.0093,37.4286],[-122.0094,37.4292],[-122.0071,37.4301],[-122.006,37.4316],[-122.006,37.4329],[-122.0071,37.4339],[-122.0106,37.4348],[-122.0122,37.435],[-122.0133,37.4348],[-122.0173,37.4334],[-122.0203,37.4328],[-122.0217,37.4329],[-122.0241,37.4341],[-122.0268,37.4366],[-122.0279,37.4386],[-122.0283,37.44],[-122.03,37.4418],[-122.0315,37.4423],[-122.0323,37.4422],[-122.0349,37.4409],[-122.0357,37.4409],[-122.0372,37.4412],[-122.0386,37.4422],[-122.0394,37.4434],[-122.0397,37.4446],[-122.0395,37.4458],[-122.0386,37.4467],[-122.0376,37.4469],[-122.0334,37.445],[-122.0322,37.4452],[-122.0309,37.4456],[-122.0294,37.4467],[-122.0289,37.4481],[-122.0288,37.4495],[-122.0294,37.4506],[-122.0301,37.4517],[-122.0315,37.4527],[-122.0343,37.4534],[-122.0392,37.4539],[-122.0398,37.4556],[-122.0358,37.4579],[-122.0339,37.4611],[-122.0252,37.4623],[-122.0251,37.4614],[-122.0241,37.4608],[-122.0212,37.4569]]],[[[-121.9486,37.4805],[-121.948,37.4807],[-121.9481,37.4803],[-121.9491,37.4797],[-121.9497,37.48],[-121.951,37.48],[-121.9505,37.4802],[-121.9502,37.4809],[-121.9494,37.481],[-121.9486,37.4805]]],[[[-122.0803,37.4521],[-122.08,37.4505],[-122.0794,37.45],[-122.0777,37.4502],[-122.0779,37.4473],[-122.0788,37.4452],[-122.0804,37.4434],[-122.0814,37.4429],[-122.0834,37.4424],[-122.0842,37.4419],[-122.0846,37.4404],[-122.0845,37.4397],[-122.0837,37.4382],[-122.0851,37.4351],[-122.0929,37.4357],[-122.0953,37.4356],[-122.0962,37.4351],[-122.0977,37.4357],[-122.0928,37.4388],[-122.0909,37.4396],[-122.0888,37.4428],[-122.0886,37.4446],[-122.0891,37.4446],[-122.0896,37.445],[-122.0894,37.446],[-122.0887,37.4468],[-122.0895,37.4485],[-122.0896,37.4493],[-122.0846,37.4508],[-122.0839,37.4504],[-122.0826,37.4506],[-122.0832,37.4524],[-122.0803,37.4521]]],[[[-121.9567,37.4984],[-121.9543,37.4965],[-121.9544,37.496],[-121.9565,37.4958],[-121.9579,37.4895],[-121.9595,37.4896],[-121.9623,37.4904],[-121.9677,37.4939],[-121.966,37.4953],[-121.9655,37.4949],[-121.9646,37.4956],[-121.9644,37.4963],[-121.9636,37.4965],[-121.9596,37.4999],[-121.9588,37.4993],[-121.9582,37.4993],[-121.9567,37.4984]]],[[[-121.9867,37.4946],[-121.9851,37.4932],[-121.9839,37.4929],[-121.9829,37.4931],[-121.9801,37.4949],[-121.9768,37.4936],[-121.9761,37.4947],[-121.9751,37.4949],[-121.9744,37.4946],[-121.9742,37.4939],[-121.97,37.492],[-121.968,37.4937],[-121.9624,37.4902],[-121.9594,37.4893],[-121.9581,37.4892],[-121.9593,37.4879],[-121.959,37.4879],[-121.9592,37.4878],[-121.9546,37.488],[-121.9513,37.4869],[-121.9486,37.4839],[-121.9485,37.4834],[-121.9515,37.4812],[-121.9517,37.4807],[-121.9512,37.4795],[-121.9514,37.479],[-121.9535,37.4781],[-121.9539,37.4759],[-121.9542,37.4756],[-121.9557,37.4753],[-121.9566,37.4747],[-121.957,37.4736],[-121.9572,37.4721],[-121.958,37.4711],[-121.9612,37.4699],[-121.9663,37.4685],[-121.97,37.4682],[-121.9714,37.4685],[-121.9738,37.4699],[-121.9732,37.4777],[-121.9734,37.4794],[-121.9741,37.481],[-121.9753,37.4826],[-121.9877,37.4943],[-121.9871,37.4947],[-121.9867,37.4946]]],[[[-122.0536,37.4913],[-122.0513,37.4913],[-122.0513,37.4916],[-122.0403,37.4919],[-122.037,37.4913],[-122.0352,37.49],[-122.0339,37.4883],[-122.0334,37.4867],[-122.0329,37.4837],[-122.0324,37.4819],[-122.0316,37.4805],[-122.0299,37.4784],[-122.029,37.4777],[-122.028,37.4773],[-122.0263,37.4773],[-122.0249,37.4784],[-122.0243,37.4805],[-122.0242,37.4822],[-122.0235,37.4832],[-122.0228,37.4836],[-122.0207,37.4837],[-122.0184,37.483],[-122.0174,37.4823],[-122.0155,37.4803],[-122.0145,37.4801],[-122.0133,37.4805],[-122.0119,37.4823],[-122.0112,37.4849],[-122.0104,37.4865],[-122.0089,37.488],[-122.0089,37.4893],[-122.0092,37.4903],[-122.0102,37.492],[-122.0103,37.4928],[-122.0093,37.4934],[-122.0066,37.4937],[-122.0058,37.4946],[-122.005,37.4947],[-122.0034,37.4945],[-121.9997,37.4935],[-121.9965,37.4889],[-121.9933,37.4851],[-121.9784,37.4851],[-121.9783,37.4844],[-121.9777,37.4844],[-121.975,37.4817],[-121.9738,37.4793],[-121.9736,37.4775],[-121.9741,37.47],[-121.9758,37.4707],[-121.9776,37.471],[-121.9799,37.4707],[-121.9821,37.4695],[-121.9853,37.4663],[-121.9874,37.4658],[-121.9884,37.466],[-121.9921,37.468],[-121.9938,37.4687],[-121.9972,37.4694],[-121.9996,37.4694],[-122.0003,37.4708],[-122.0013,37.4718],[-122.0029,37.4727],[-122.0056,37.4732],[-122.0063,37.4738],[-122.0065,37.4745],[-122.0065,37.4756],[-122.006,37.4766],[-122.0042,37.4781],[-122.0012,37.479],[-121.9993,37.4791],[-121.9969,37.4788],[-121.9962,37.4792],[-121.9961,37.4798],[-121.9963,37.4802],[-121.9971,37.4806],[-121.9992,37.481],[-121.9998,37.4816],[-122.0001,37.4824],[-121.9999,37.4817],[-121.9991,37.4809],[-121.9972,37.4806],[-121.9964,37.4802],[-121.9962,37.4795],[-121.9963,37.4792],[-121.9969,37.4789],[-122.0003,37.4792],[-122.0034,37.4787],[-122.0048,37.478],[-122.0059,37.4771],[-122.0066,37.4762],[-122.0068,37.4751],[-122.0066,37.4739],[-122.006,37.4732],[-122.0024,37.4722],[-122.001,37.4711],[-122.0005,37.4705],[-122.0003,37.4696],[-122.0011,37.4692],[-122.0026,37.4689],[-122.0106,37.4686],[-122.0158,37.4679],[-122.0255,37.469],[-122.036,37.4694],[-122.0395,37.4689],[-122.0418,37.4693],[-122.0489,37.4666],[-122.0502,37.4665],[-122.0508,37.467],[-122.0516,37.4694],[-122.0518,37.4694],[-122.0514,37.4701],[-122.0521,37.4718],[-122.0506,37.4784],[-122.0536,37.4913]]],[[[-121.9971,37.5058],[-121.9967,37.5055],[-121.9964,37.5058],[-121.9961,37.5056],[-121.9956,37.5059],[-121.9925,37.5031],[-121.9931,37.5032],[-121.9933,37.5028],[-121.9921,37.5027],[-121.9906,37.5013],[-121.9913,37.4999],[-121.9919,37.5002],[-121.9919,37.4989],[-121.9922,37.4985],[-121.9978,37.5038],[-121.9956,37.5034],[-121.994,37.5026],[-121.9937,37.5033],[-121.9977,37.5041],[-121.9971,37.5058]]],[[[-122.1428,37.4871],[-122.1422,37.4868],[-122.1434,37.4868],[-122.1428,37.4871]]],[[[-122.13,37.4971],[-122.1398,37.4886],[-122.1396,37.4886],[-122.1297,37.4974],[-122.129,37.4969],[-122.1285,37.4973],[-122.1275,37.4937],[-122.1274,37.4938],[-122.1271,37.4911],[-122.1263,37.4916],[-122.126,37.4904],[-122.1326,37.4865],[-122.1338,37.4865],[-122.1365,37.4843],[-122.1381,37.4826],[-122.1398,37.4822],[-122.1419,37.4867],[-122.1311,37.4962],[-122.1312,37.4963],[-122.1299,37.4975],[-122.13,37.4971]]],[[[-122.0862,37.5045],[-122.0863,37.5043],[-122.0878,37.504],[-122.0878,37.4985],[-122.0919,37.4985],[-122.0919,37.5002],[-122.094,37.4996],[-122.0961,37.4996],[-122.0985,37.4991],[-122.1023,37.499],[-122.1032,37.4988],[-122.1037,37.4991],[-122.104,37.4988],[-122.1041,37.499],[-122.105,37.4988],[-122.1066,37.4995],[-122.0926,37.5088],[-122.0882,37.5111],[-122.0824,37.5131],[-122.0831,37.5122],[-122.0852,37.51],[-122.0863,37.5082],[-122.0866,37.5065],[-122.086,37.5052],[-122.0862,37.5045]]],[[[-122.1111,37.4991],[-122.1169,37.5053],[-122.1157,37.5061],[-122.1099,37.4998],[-122.1111,37.4991]]],[[[-122.1169,37.5054],[-122.1175,37.506],[-122.1163,37.5068],[-122.1157,37.5061],[-122.1169,37.5054]]],[[[-122.0646,37.513],[-122.061,37.5141],[-122.0608,37.5144],[-122.0609,37.5149],[-122.0558,37.5143],[-122.0551,37.51],[-122.0544,37.5102],[-122.0546,37.5087],[-122.0573,37.5019],[-122.0578,37.5011],[-122.0579,37.5003],[-122.0514,37.4986],[-122.0514,37.4975],[-122.0406,37.4947],[-122.0355,37.494],[-122.0323,37.4899],[-122.0309,37.4902],[-122.0299,37.4889],[-122.0307,37.4882],[-122.0309,37.4841],[-122.0308,37.4831],[-122.0303,37.482],[-122.0282,37.4794],[-122.027,37.4785],[-122.0264,37.4785],[-122.0259,37.4793],[-122.0256,37.4819],[-122.0251,37.4831],[-122.0236,37.484],[-122.0223,37.4844],[-122.0204,37.4844],[-122.0182,37.4838],[-122.0149,37.4812],[-122.0141,37.4813],[-122.0133,37.4823],[-122.0127,37.4848],[-122.0117,37.4866],[-122.0099,37.4882],[-122.0101,37.4898],[-122.011,37.4928],[-122.0108,37.4933],[-122.0098,37.4939],[-122.0074,37.4943],[-122.0068,37.4946],[-122.006,37.4946],[-122.0067,37.4939],[-122.0093,37.4937],[-122.0103,37.4932],[-122.0105,37.4924],[-122.0091,37.4894],[-122.009,37.4884],[-122.0092,37.488],[-122.011,37.4862],[-122.0124,37.4822],[-122.0134,37.4808],[-122.0143,37.4804],[-122.0152,37.4806],[-122.0167,37.4823],[-122.0182,37.4835],[-122.0197,37.484],[-122.0213,37.4841],[-122.0227,37.4839],[-122.0238,37.4834],[-122.0247,37.4822],[-122.0249,37.4797],[-122.0256,37.4782],[-122.0267,37.4777],[-122.0277,37.4778],[-122.0293,37.4789],[-122.0309,37.4809],[-122.0316,37.4823],[-122.0324,37.4873],[-122.0334,37.4896],[-122.0352,37.4913],[-122.0376,37.4926],[-122.0422,37.4933],[-122.0474,37.493],[-122.0512,37.4931],[-122.0513,37.4928],[-122.0581,37.4934],[-122.0619,37.4932],[-122.0649,37.4937],[-122.0668,37.4942],[-122.0662,37.4944],[-122.0668,37.4945],[-122.0736,37.494],[-122.077,37.4942],[-122.0783,37.4944],[-122.0801,37.4951],[-122.081,37.4963],[-122.0811,37.4968],[-122.0783,37.5031],[-122.078,37.5047],[-122.0776,37.5055],[-122.0787,37.5058],[-122.0842,37.5047],[-122.0843,37.5055],[-122.084,37.5061],[-122.0832,37.5071],[-122.0819,37.508],[-122.0788,37.5086],[-122.0771,37.5093],[-122.0745,37.5095],[-122.0708,37.5081],[-122.0691,37.5082],[-122.067,37.5075],[-122.0628,37.506],[-122.0614,37.5049],[-122.0554,37.5069],[-122.0547,37.5088],[-122.0545,37.5102],[-122.0548,37.5101],[-122.0548,37.509],[-122.0556,37.5071],[-122.0613,37.5052],[-122.0629,37.5064],[-122.0683,37.5084],[-122.0695,37.5088],[-122.0702,37.5087],[-122.0712,37.509],[-122.0735,37.51],[-122.0752,37.5102],[-122.077,37.51],[-122.0794,37.5091],[-122.0824,37.5084],[-122.0834,37.5077],[-122.0847,37.5061],[-122.0853,37.5063],[-122.0854,37.5069],[-122.0851,37.5083],[-122.0843,37.5096],[-122.0819,37.5123],[-122.0815,37.5134],[-122.0673,37.5182],[-122.0646,37.513]]],[[[-122.071,37.5188],[-122.0703,37.5175],[-122.0814,37.5138],[-122.0825,37.5146],[-122.0837,37.515],[-122.0855,37.5146],[-122.0877,37.5137],[-122.0887,37.5136],[-122.0893,37.5139],[-122.0887,37.5152],[-122.0711,37.519],[-122.071,37.5188]]],[[[-122.0885,37.5128],[-122.0871,37.5131],[-122.0842,37.5142],[-122.0828,37.5141],[-122.0826,37.5137],[-122.0879,37.5116],[-122.0921,37.5096],[-122.107,37.4999],[-122.1068,37.5001],[-122.107,37.5002],[-122.0979,37.5085],[-122.0969,37.5098],[-122.0955,37.5122],[-122.0942,37.5134],[-122.0926,37.5143],[-122.0897,37.515],[-122.0899,37.5134],[-122.0885,37.5128]]],[[[-122.1612,37.4983],[-122.1595,37.4983],[-122.1574,37.4988],[-122.1547,37.4981],[-122.1538,37.4972],[-122.1541,37.4957],[-122.1547,37.4947],[-122.1548,37.4933],[-122.1545,37.4926],[-122.1538,37.4917],[-122.1518,37.4904],[-122.1503,37.4901],[-122.1494,37.4908],[-122.1477,37.4912],[-122.1461,37.4913],[-122.1441,37.491],[-122.1427,37.49],[-122.1421,37.4884],[-122.1424,37.4878],[-122.1439,37.4868],[-122.1512,37.4868],[-122.1512,37.4824],[-122.1577,37.4823],[-122.1651,37.4831],[-122.17,37.4848],[-122.1776,37.4865],[-122.17,37.4849],[-122.1644,37.4831],[-122.1583,37.4824],[-122.1521,37.4825],[-122.1518,37.4826],[-122.1517,37.4831],[-122.152,37.4847],[-122.152,37.4862],[-122.1519,37.487],[-122.1515,37.4874],[-122.1442,37.4874],[-122.1434,37.4875],[-122.1427,37.4884],[-122.1428,37.4889],[-122.1428,37.4882],[-122.1438,37.4874],[-122.1515,37.4874],[-122.1519,37.4869],[-122.152,37.4847],[-122.1517,37.4832],[-122.1518,37.4826],[-122.1521,37.4825],[-122.1583,37.4824],[-122.1644,37.4831],[-122.17,37.4849],[-122.1776,37.4866],[-122.1775,37.4868],[-122.1739,37.4868],[-122.1739,37.4894],[-122.1681,37.4894],[-122.1681,37.4962],[-122.165,37.4989],[-122.164,37.4985],[-122.1612,37.4983]]],[[[-122.0561,37.5257],[-122.0563,37.5261],[-122.0559,37.5262],[-122.0561,37.5257]]],[[[-122.1389,37.5079],[-122.1385,37.5075],[-122.1381,37.5078],[-122.1369,37.5079],[-122.1348,37.5069],[-122.133,37.5055],[-122.133,37.4961],[-122.1358,37.4935],[-122.1379,37.4954],[-122.1413,37.4931],[-122.1388,37.4908],[-122.1414,37.4883],[-122.1418,37.4892],[-122.1418,37.4894],[-122.1414,37.4895],[-122.1437,37.4916],[-122.1466,37.4921],[-122.151,37.4919],[-122.1522,37.4921],[-122.153,37.4926],[-122.1532,37.4928],[-122.1533,37.4942],[-122.1526,37.4965],[-122.1532,37.4985],[-122.1549,37.4999],[-122.155,37.5001],[-122.1554,37.5001],[-122.1578,37.501],[-122.1518,37.503],[-122.1508,37.5026],[-122.149,37.5029],[-122.1484,37.5047],[-122.1465,37.5054],[-122.1446,37.5058],[-122.1419,37.507],[-122.1414,37.507],[-122.1413,37.5073],[-122.1403,37.5077],[-122.1389,37.5079]]],[[[-122.057,37.5265],[-122.0573,37.5264],[-122.0577,37.5269],[-122.057,37.5265]]],[[[-122.1389,37.511],[-122.1374,37.5104],[-122.136,37.5092],[-122.1324,37.5073],[-122.1292,37.5047],[-122.1275,37.5027],[-122.1266,37.5011],[-122.129,37.4995],[-122.1295,37.501],[-122.1308,37.5036],[-122.133,37.506],[-122.1385,37.509],[-122.1388,37.5106],[-122.1397,37.5105],[-122.1421,37.5092],[-122.1481,37.5057],[-122.1487,37.505],[-122.1512,37.505],[-122.1512,37.5038],[-122.1542,37.5026],[-122.1568,37.5016],[-122.1581,37.5016],[-122.159,37.5021],[-122.1598,37.5029],[-122.16,37.5035],[-122.1594,37.5045],[-122.1578,37.506],[-122.1566,37.5078],[-122.1549,37.5091],[-122.1522,37.5098],[-122.1479,37.5105],[-122.1402,37.5112],[-122.1389,37.511]]],[[[-122.2236,37.498],[-122.2242,37.497],[-122.2272,37.4952],[-122.2273,37.4953],[-122.2244,37.4971],[-122.2238,37.498],[-122.2236,37.498]]],[[[-122.2236,37.498],[-122.2235,37.4982],[-122.2216,37.4982],[-122.2216,37.498],[-122.2236,37.498]]],[[[-122.057,37.534],[-122.0555,37.5331],[-122.0527,37.5291],[-122.0571,37.5281],[-122.0584,37.5274],[-122.0628,37.5291],[-122.0616,37.5327],[-122.0607,37.5326],[-122.0586,37.5348],[-122.057,37.534]]],[[[-122.0802,37.5297],[-122.0788,37.5303],[-122.0772,37.5325],[-122.0769,37.5327],[-122.0761,37.5325],[-122.0743,37.5304],[-122.0708,37.5286],[-122.0706,37.5281],[-122.0711,37.526],[-122.0708,37.5254],[-122.0701,37.525],[-122.0684,37.5253],[-122.0662,37.5267],[-122.0658,37.5278],[-122.0651,37.5283],[-122.0632,37.5285],[-122.0637,37.5278],[-122.0605,37.5215],[-122.0697,37.5195],[-122.0697,37.5201],[-122.0884,37.516],[-122.0878,37.5172],[-122.0857,37.5196],[-122.0836,37.523],[-122.0838,37.5243],[-122.0843,37.5248],[-122.0853,37.5252],[-122.0884,37.5253],[-122.0896,37.526],[-122.0904,37.5268],[-122.0913,37.5288],[-122.0912,37.5299],[-122.0907,37.5304],[-122.089,37.531],[-122.0839,37.5305],[-122.0802,37.5297]]],[[[-122.0783,37.5337],[-122.0767,37.5337],[-122.0752,37.5333],[-122.0728,37.5325],[-122.0685,37.5299],[-122.0631,37.5288],[-122.0632,37.5286],[-122.0645,37.5286],[-122.0651,37.5284],[-122.0659,37.5279],[-122.0663,37.527],[-122.0668,37.5266],[-122.0684,37.5255],[-122.0698,37.5251],[-122.0705,37.5253],[-122.0708,37.526],[-122.0704,37.528],[-122.0705,37.5287],[-122.0737,37.5304],[-122.0745,37.531],[-122.0754,37.5324],[-122.0763,37.5329],[-122.0776,37.5326],[-122.0789,37.5306],[-122.08,37.53],[-122.0872,37.5313],[-122.0896,37.5312],[-122.0906,37.5309],[-122.0915,37.53],[-122.0918,37.5293],[-122.0914,37.5279],[-122.0903,37.5261],[-122.089,37.5251],[-122.0882,37.5249],[-122.0856,37.5248],[-122.0846,37.5244],[-122.0841,37.5236],[-122.0842,37.523],[-122.0861,37.5199],[-122.0885,37.5171],[-122.0893,37.5158],[-122.0931,37.5149],[-122.0952,37.5139],[-122.0967,37.5124],[-122.0988,37.5091],[-122.1075,37.5011],[-122.1086,37.5016],[-122.1096,37.5026],[-122.1112,37.5055],[-122.1112,37.5081],[-122.1115,37.5099],[-122.1096,37.5114],[-122.1097,37.5115],[-122.1023,37.5219],[-122.0942,37.5289],[-122.091,37.5309],[-122.0888,37.5318],[-122.0859,37.5326],[-122.0783,37.5337]]],[[[-122.0645,37.5297],[-122.0653,37.5297],[-122.0669,37.5302],[-122.0688,37.5305],[-122.0717,37.5324],[-122.0749,37.5336],[-122.0747,37.5338],[-122.0753,37.534],[-122.072,37.5356],[-122.0724,37.5362],[-122.0694,37.5383],[-122.0685,37.5385],[-122.067,37.5384],[-122.0666,37.5381],[-122.0647,37.5341],[-122.064,37.5299],[-122.0645,37.5297]]],[[[-122.2391,37.5077],[-122.2387,37.5074],[-122.238,37.5081],[-122.2363,37.5079],[-122.2355,37.5074],[-122.2302,37.5055],[-122.2293,37.5049],[-122.2286,37.5041],[-122.2279,37.5022],[-122.2273,37.5014],[-122.2251,37.5002],[-122.2244,37.5005],[-122.2237,37.498],[-122.2319,37.4982],[-122.2313,37.4989],[-122.2319,37.4993],[-122.2326,37.4982],[-122.2369,37.4982],[-122.2389,37.4996],[-122.2387,37.4997],[-122.239,37.5],[-122.2392,37.4999],[-122.2431,37.5033],[-122.2434,37.5031],[-122.2441,37.504],[-122.2445,37.5041],[-122.2443,37.5042],[-122.2446,37.5044],[-122.2447,37.5043],[-122.2462,37.5056],[-122.246,37.5057],[-122.2463,37.506],[-122.2457,37.5064],[-122.2427,37.5039],[-122.2402,37.5057],[-122.2426,37.5078],[-122.2414,37.5079],[-122.2391,37.5077]]],[[[-122.2117,37.5204],[-122.2093,37.5189],[-122.2112,37.5165],[-122.2117,37.5145],[-122.2128,37.5118],[-122.2134,37.5094],[-122.2148,37.5086],[-122.2153,37.5078],[-122.2222,37.5052],[-122.2228,37.5046],[-122.2238,37.5018],[-122.2245,37.5017],[-122.2245,37.5022],[-122.2234,37.5052],[-122.2203,37.5178],[-122.2189,37.5179],[-122.2183,37.5192],[-122.2168,37.5183],[-122.2148,37.52],[-122.2133,37.5207],[-122.2117,37.5204]]],[[[-122.1904,37.5285],[-122.1874,37.5266],[-122.1804,37.5205],[-122.1772,37.5171],[-122.1741,37.5143],[-122.1671,37.5096],[-122.1658,37.5082],[-122.1654,37.507],[-122.1653,37.5055],[-122.1658,37.5039],[-122.1668,37.5026],[-122.1665,37.5024],[-122.166,37.5003],[-122.1664,37.4999],[-122.1661,37.4993],[-122.1662,37.4987],[-122.1684,37.4969],[-122.1699,37.4964],[-122.173,37.4968],[-122.1749,37.4975],[-122.1769,37.4989],[-122.1776,37.5012],[-122.1775,37.5019],[-122.1765,37.5027],[-122.1765,37.5032],[-122.1771,37.5045],[-122.1776,37.5048],[-122.1833,37.5063],[-122.185,37.5063],[-122.1875,37.5054],[-122.1884,37.5037],[-122.1887,37.5034],[-122.1892,37.5032],[-122.1906,37.5035],[-122.1918,37.5049],[-122.1917,37.5051],[-122.1925,37.5071],[-122.1923,37.5075],[-122.1913,37.5075],[-122.19,37.5084],[-122.1885,37.5098],[-122.1879,37.5108],[-122.1878,37.5125],[-122.1886,37.5144],[-122.1903,37.5157],[-122.1917,37.5161],[-122.1973,37.5164],[-122.2002,37.5169],[-122.2019,37.5179],[-122.2033,37.5196],[-122.1935,37.5196],[-122.1967,37.5236],[-122.1968,37.5263],[-122.1945,37.5263],[-122.1945,37.528],[-122.1922,37.528],[-122.1922,37.5289],[-122.1904,37.5285]]],[[[-122.2226,37.5217],[-122.2231,37.5206],[-122.2273,37.5205],[-122.226,37.5218],[-122.2242,37.5226],[-122.223,37.5226],[-122.2226,37.5223],[-122.2226,37.5217]]],[[[-122.2307,37.5187],[-122.235,37.5184],[-122.2348,37.5192],[-122.2344,37.52],[-122.2327,37.5209],[-122.2317,37.5207],[-122.2307,37.5187]]],[[[-122.2388,37.5199],[-122.2387,37.5196],[-122.2393,37.5195],[-122.2386,37.5087],[-122.2433,37.5089],[-122.2443,37.5097],[-122.2464,37.5131],[-122.2466,37.5148],[-122.2464,37.5193],[-122.2455,37.5216],[-122.2445,37.5232],[-122.2397,37.5216],[-122.2393,37.5212],[-122.2388,37.5199]]],[[[-122.1987,37.5305],[-122.1962,37.5346],[-122.1973,37.5353],[-122.1973,37.5385],[-122.1969,37.5385],[-122.1963,37.5381],[-122.1953,37.537],[-122.1952,37.5379],[-122.1952,37.5382],[-122.195,37.5381],[-122.1949,37.537],[-122.1952,37.5368],[-122.1944,37.5356],[-122.1943,37.5349],[-122.1945,37.5337],[-122.1948,37.5337],[-122.1949,37.5317],[-122.1958,37.5303],[-122.1966,37.5295],[-122.1964,37.5294],[-122.2009,37.5263],[-122.2017,37.5266],[-122.2026,37.5256],[-122.2064,37.5239],[-122.1982,37.5316],[-122.2025,37.5344],[-122.2013,37.5355],[-122.2061,37.5388],[-122.2046,37.5402],[-122.1963,37.5346],[-122.1987,37.5305]]],[[[-122.1177,37.5692],[-122.1125,37.5672],[-122.1084,37.5659],[-122.109,37.5632],[-122.1085,37.5615],[-122.1079,37.5609],[-122.1074,37.5608],[-122.1052,37.5617],[-122.1025,37.5637],[-122.1007,37.5625],[-122.0993,37.562],[-122.0997,37.5615],[-122.1,37.5592],[-122.0989,37.5579],[-122.0978,37.5547],[-122.0977,37.5511],[-122.0981,37.5507],[-122.0927,37.5464],[-122.0914,37.5464],[-122.0903,37.5446],[-122.0882,37.5438],[-122.0879,37.5411],[-122.0883,37.5396],[-122.0882,37.5394],[-122.0862,37.5394],[-122.0861,37.5388],[-122.0866,37.5378],[-122.0856,37.5365],[-122.0849,37.5372],[-122.0818,37.5361],[-122.0802,37.5367],[-122.0795,37.5367],[-122.079,37.5359],[-122.0779,37.5361],[-122.0775,37.5358],[-122.0771,37.5351],[-122.0799,37.5343],[-122.0876,37.5331],[-122.0902,37.5322],[-122.0939,37.5302],[-122.0997,37.5253],[-122.1012,37.5284],[-122.1036,37.5277],[-122.1017,37.5236],[-122.1035,37.5217],[-122.1079,37.5157],[-122.1102,37.5129],[-122.11,37.5167],[-122.1109,37.5249],[-122.1119,37.5286],[-122.1122,37.5288],[-122.112,37.5288],[-122.112,37.5291],[-122.1124,37.5296],[-122.1133,37.5302],[-122.1139,37.5335],[-122.1297,37.5336],[-122.1363,37.542],[-122.1404,37.548],[-122.1289,37.5617],[-122.1295,37.5625],[-122.1256,37.5672],[-122.1237,37.5686],[-122.1219,37.5693],[-122.1199,37.5695],[-122.1177,37.5692]]],[[[-122.2256,37.5445],[-122.2259,37.5459],[-122.2291,37.5483],[-122.2317,37.5485],[-122.2259,37.5484],[-122.2245,37.5469],[-122.2244,37.5463],[-122.2248,37.5453],[-122.2256,37.5445]]],[[[-122.0824,37.5831],[-122.084,37.5825],[-122.0841,37.5829],[-122.0842,37.5824],[-122.0849,37.5822],[-122.0865,37.5822],[-122.0882,37.5844],[-122.0861,37.5875],[-122.0852,37.5878],[-122.0824,37.5831]]],[[[-122.0824,37.5831],[-122.0852,37.5878],[-122.0851,37.5879],[-122.0824,37.5831]]],[[[-122.1394,37.6585],[-122.1403,37.6581],[-122.1417,37.6596],[-122.1418,37.6611],[-122.1394,37.6585]]]]},"properties":{"id":"usgs-pad-us-fee-managers:4704","name":"Don Edwards San Francisco Bay National Wildlife Refuge","kind":"land","category":"public-land","sourceCategory":"public-land","sourceId":"usgs-pad-us-fee-managers","sourceUrl":"https://services.arcgis.com/v01gqwM5QqNysAAi/arcgis/rest/services/Fee_Managers_PADUS/FeatureServer/0","sourceUpdated":"2021-12-08T05:00:00.000Z","publicUse":"PAD-US reports restricted access; confirm permits and seasonal rules with the manager.","unit":"FWS","origin":"public-catalog"}},{"type":"Feature","id":"usgs-pad-us-fee-managers:4723","geometry":{"type":"MultiPolygon","coordinates":[[[[-121.8359,36.9232],[-121.8345,36.9231],[-121.8333,36.9235],[-121.8326,36.9215],[-121.8354,36.9209],[-121.8332,36.9184],[-121.8346,36.9187],[-121.8373,36.9217],[-121.8389,36.9224],[-121.8378,36.9233],[-121.8359,36.9232]]],[[[-121.8378,36.9212],[-121.8428,36.9227],[-121.8422,36.9232],[-121.8389,36.9222],[-121.8374,36.9214],[-121.8378,36.9212]]],[[[-121.8406,36.9299],[-121.8384,36.9301],[-121.8355,36.9266],[-121.8338,36.927],[-121.8333,36.9259],[-121.8351,36.925],[-121.8343,36.9246],[-121.8376,36.9238],[-121.8398,36.9259],[-121.8405,36.9252],[-121.8447,36.9276],[-121.8431,36.9293],[-121.8406,36.9299]]],[[[-121.8464,36.9592],[-121.8459,36.9578],[-121.8446,36.9566],[-121.8446,36.9562],[-121.8467,36.9557],[-121.8479,36.957],[-121.8486,36.957],[-121.8494,36.9575],[-121.8486,36.9585],[-121.8478,36.9586],[-121.8475,36.959],[-121.8476,36.9599],[-121.847,36.9609],[-121.8476,36.9631],[-121.8462,36.9632],[-121.8464,36.9592]]]]},"properties":{"id":"usgs-pad-us-fee-managers:4723","name":"Ellicott Slough National Wildlife Refuge","kind":"land","category":"public-land","sourceCategory":"public-land","sourceId":"usgs-pad-us-fee-managers","sourceUrl":"https://services.arcgis.com/v01gqwM5QqNysAAi/arcgis/rest/services/Fee_Managers_PADUS/FeatureServer/0","sourceUpdated":"2021-12-08T05:00:00.000Z","publicUse":"PAD-US reports restricted access; confirm permits and seasonal rules with the manager.","unit":"FWS","origin":"public-catalog"}},{"type":"Feature","id":"usgs-pad-us-fee-managers:4737","geometry":{"type":"MultiPolygon","coordinates":[[[[-123.0324,37.728],[-123.032,37.7278],[-123.032,37.7275],[-123.0326,37.7279],[-123.0324,37.728]]],[[[-123.0949,37.7647],[-123.0951,37.7646],[-123.0953,37.7647],[-123.0949,37.7647]]],[[[-123.0945,37.7655],[-123.0947,37.7656],[-123.0945,37.7657],[-123.0945,37.7655]]],[[[-123.0986,37.7647],[-123.0985,37.7645],[-123.0989,37.7645],[-123.0983,37.7645],[-123.0979,37.7641],[-123.0986,37.7641],[-123.0993,37.7644],[-123.0994,37.7646],[-123.0986,37.7647]]],[[[-123.0982,37.7656],[-123.0985,37.7653],[-123.0988,37.7653],[-123.0985,37.7656],[-123.0982,37.7656]]],[[[-123.0982,37.7658],[-123.0983,37.7659],[-123.0981,37.7659],[-123.0982,37.7658]]],[[[-123.0983,37.7661],[-123.0985,37.7661],[-123.0985,37.7661],[-123.0983,37.7661]]],[[[-123.0982,37.7662],[-123.0983,37.7663],[-123.0982,37.7662],[-123.0982,37.7662]]],[[[-123.0991,37.7662],[-123.0992,37.7663],[-123.099,37.7664],[-123.0991,37.7662]]],[[[-123.0983,37.7665],[-123.0985,37.7667],[-123.0984,37.7668],[-123.0982,37.7667],[-123.0983,37.7665]]],[[[-123.1005,37.7674],[-123.0997,37.7671],[-123.1007,37.7668],[-123.1012,37.7673],[-123.1009,37.7676],[-123.1005,37.7674]]],[[[-123.0989,37.7679],[-123.0987,37.7676],[-123.0989,37.7672],[-123.0992,37.7672],[-123.0996,37.7678],[-123.0994,37.768],[-123.099,37.7679],[-123.0991,37.7681],[-123.0989,37.7679]]],[[[-123.1081,37.771],[-123.1078,37.7709],[-123.1082,37.7708],[-123.1081,37.771]]],[[[-123.108,37.7721],[-123.1082,37.772],[-123.108,37.7721],[-123.108,37.7721]]],[[[-123.1073,37.7722],[-123.1069,37.7719],[-123.1068,37.7713],[-123.1078,37.7708],[-123.1072,37.7718],[-123.1077,37.7721],[-123.1073,37.7722]]],[[[-123.1069,37.7728],[-123.107,37.7728],[-123.1069,37.7729],[-123.1069,37.7728]]],[[[-123.1068,37.7729],[-123.1068,37.773],[-123.1068,37.773],[-123.1068,37.7729]]],[[[-123.1651,37.7925],[-123.1653,37.7922],[-123.1658,37.7921],[-123.1661,37.7924],[-123.1655,37.793],[-123.1652,37.7929],[-123.1651,37.7925]]]]},"properties":{"id":"usgs-pad-us-fee-managers:4737","name":"Farallon Islands National Wildlife Refuge","kind":"land","category":"public-land","sourceCategory":"public-land","sourceId":"usgs-pad-us-fee-managers","sourceUrl":"https://services.arcgis.com/v01gqwM5QqNysAAi/arcgis/rest/services/Fee_Managers_PADUS/FeatureServer/0","sourceUpdated":"2021-12-08T05:00:00.000Z","publicUse":"PAD-US reports restricted access; confirm permits and seasonal rules with the manager.","unit":"FWS","origin":"public-catalog"}},{"type":"Feature","id":"usgs-pad-us-fee-managers:4741","geometry":{"type":"MultiPolygon","coordinates":[[[[-121.8018,36.9223],[-121.8027,36.9115],[-121.8049,36.9117],[-121.806,36.9137],[-121.8075,36.9148],[-121.8074,36.9208],[-121.8053,36.9208],[-121.8052,36.9225],[-121.8018,36.9223]]],[[[-122.1821,39.3017],[-122.1859,39.3016],[-122.1869,39.3059],[-122.1888,39.3092],[-122.1872,39.309],[-122.1861,39.3092],[-122.1851,39.3087],[-122.1837,39.3087],[-122.1821,39.3082],[-122.1821,39.3017]]]]},"properties":{"id":"usgs-pad-us-fee-managers:4741","name":"Farm Service Agency Interest Of Ca","kind":"land","category":"public-land","sourceCategory":"public-land","sourceId":"usgs-pad-us-fee-managers","sourceUrl":"https://services.arcgis.com/v01gqwM5QqNysAAi/arcgis/rest/services/Fee_Managers_PADUS/FeatureServer/0","sourceUpdated":"2021-12-08T05:00:00.000Z","publicUse":"PAD-US reports restricted access; confirm permits and seasonal rules with the manager.","unit":"FWS","origin":"public-catalog"}},{"type":"Feature","id":"usgs-pad-us-fee-managers:4796","geometry":{"type":"MultiPolygon","coordinates":[[[[-120.6098,37.1642],[-120.6099,37.157],[-120.6173,37.157],[-120.6196,37.1586],[-120.6313,37.1633],[-120.6365,37.168],[-120.6098,37.1679],[-120.6098,37.1642]]],[[[-120.637,37.1684],[-120.64,37.1712],[-120.6412,37.1716],[-120.6369,37.1716],[-120.637,37.1684]]],[[[-120.5983,37.2077],[-120.5986,37.186],[-120.6348,37.1862],[-120.6346,37.2007],[-120.6165,37.2004],[-120.6164,37.2077],[-120.5983,37.2077]]],[[[-120.8473,37.2082],[-120.846,37.2062],[-120.8393,37.1907],[-120.8416,37.1907],[-120.8439,37.1927],[-120.846,37.2002],[-120.8468,37.2017],[-120.8502,37.2042],[-120.8556,37.2055],[-120.8606,37.2038],[-120.8618,37.2053],[-120.862,37.2081],[-120.8636,37.2103],[-120.8652,37.2116],[-120.8629,37.2137],[-120.8645,37.2165],[-120.8594,37.2189],[-120.8524,37.2155],[-120.8473,37.2082]]],[[[-120.7426,37.2733],[-120.7427,37.2299],[-120.7608,37.2298],[-120.7609,37.2588],[-120.7608,37.2444],[-120.779,37.2444],[-120.7789,37.2145],[-120.7795,37.2144],[-120.7806,37.2136],[-120.7818,37.2135],[-120.7826,37.2143],[-120.7822,37.2146],[-120.7821,37.2151],[-120.7823,37.2169],[-120.7828,37.2176],[-120.7826,37.2186],[-120.7828,37.2196],[-120.7821,37.2203],[-120.782,37.221],[-120.7825,37.222],[-120.7831,37.2223],[-120.7835,37.2222],[-120.7839,37.2227],[-120.7841,37.2235],[-120.7835,37.2239],[-120.7836,37.2241],[-120.7843,37.2236],[-120.7884,37.2233],[-120.789,37.2229],[-120.79,37.2232],[-120.7911,37.2226],[-120.7929,37.2224],[-120.794,37.2229],[-120.7955,37.2221],[-120.7971,37.223],[-120.7985,37.2228],[-120.7992,37.2233],[-120.7996,37.2243],[-120.7994,37.225],[-120.8004,37.2263],[-120.8026,37.227],[-120.8041,37.2264],[-120.8044,37.2267],[-120.8042,37.2274],[-120.8044,37.2289],[-120.8046,37.2293],[-120.8053,37.2296],[-120.8052,37.2301],[-120.8056,37.2307],[-120.806,37.2308],[-120.8063,37.2305],[-120.8068,37.2304],[-120.8082,37.2294],[-120.8089,37.2296],[-120.8095,37.231],[-120.8095,37.2319],[-120.8091,37.2323],[-120.8092,37.2335],[-120.8088,37.2339],[-120.8078,37.2341],[-120.8078,37.2343],[-120.808,37.2347],[-120.8103,37.2362],[-120.8115,37.2362],[-120.812,37.2367],[-120.8131,37.2369],[-120.8137,37.2365],[-120.8145,37.2365],[-120.8151,37.2359],[-120.8157,37.2359],[-120.8161,37.2368],[-120.816,37.2376],[-120.8179,37.2397],[-120.8174,37.2403],[-120.8174,37.2407],[-120.8188,37.2415],[-120.8196,37.2423],[-120.8196,37.2438],[-120.8189,37.2444],[-120.8187,37.2451],[-120.8193,37.2465],[-120.8198,37.2467],[-120.82,37.2473],[-120.8196,37.2477],[-120.82,37.2482],[-120.8187,37.2486],[-120.8179,37.2491],[-120.8181,37.2509],[-120.8178,37.2513],[-120.8167,37.2515],[-120.8166,37.2521],[-120.8177,37.2531],[-120.8198,37.2529],[-120.8206,37.2531],[-120.8217,37.2542],[-120.8211,37.2545],[-120.8215,37.2549],[-120.8244,37.2547],[-120.8246,37.2559],[-120.825,37.2562],[-120.8249,37.2567],[-120.8257,37.2571],[-120.8274,37.257],[-120.8285,37.2581],[-120.8293,37.2583],[-120.8295,37.2586],[-120.8294,37.2588],[-120.8156,37.2587],[-120.8154,37.2735],[-120.8147,37.273],[-120.8127,37.2723],[-120.8113,37.2703],[-120.8094,37.2697],[-120.807,37.2674],[-120.8046,37.2655],[-120.803,37.2641],[-120.8023,37.2623],[-120.8017,37.2617],[-120.7956,37.259],[-120.7916,37.2563],[-120.7906,37.2561],[-120.7881,37.2566],[-120.7802,37.2572],[-120.7796,37.257],[-120.7759,37.2546],[-120.7697,37.2563],[-120.7671,37.2577],[-120.7653,37.2578],[-120.7649,37.2581],[-120.7646,37.2589],[-120.7609,37.2588],[-120.7608,37.2661],[-120.7563,37.2661],[-120.7565,37.2778],[-120.7426,37.2733]]],[[[-120.7426,37.2733],[-120.7379,37.2877],[-120.7379,37.2936],[-120.7242,37.2926],[-120.7242,37.2879],[-120.7152,37.2879],[-120.7153,37.2806],[-120.7063,37.2806],[-120.7063,37.2444],[-120.7069,37.2444],[-120.7076,37.2453],[-120.7159,37.252],[-120.7288,37.2628],[-120.7364,37.2676],[-120.7426,37.2733]]],[[[-120.9262,37.2674],[-120.9308,37.2674],[-120.9308,37.2714],[-120.9304,37.2714],[-120.9305,37.2681],[-120.9299,37.2677],[-120.9262,37.2677],[-120.9262,37.2674]]],[[[-120.8465,37.2938],[-120.8458,37.2947],[-120.8447,37.2945],[-120.8429,37.2948],[-120.8417,37.2942],[-120.8404,37.293],[-120.8405,37.2922],[-120.8408,37.2919],[-120.8426,37.2921],[-120.8433,37.2918],[-120.8445,37.2898],[-120.8443,37.2884],[-120.8424,37.2844],[-120.8425,37.2841],[-120.8433,37.2841],[-120.8432,37.2845],[-120.8435,37.2847],[-120.844,37.284],[-120.8441,37.2832],[-120.8438,37.2821],[-120.843,37.2818],[-120.8422,37.2819],[-120.8412,37.2823],[-120.8396,37.2835],[-120.8384,37.2838],[-120.8374,37.2835],[-120.8348,37.2822],[-120.8326,37.2818],[-120.8322,37.2815],[-120.8326,37.2812],[-120.8322,37.2805],[-120.8314,37.2798],[-120.8288,37.2811],[-120.828,37.2811],[-120.8277,37.2798],[-120.8282,37.2789],[-120.8287,37.2788],[-120.8295,37.279],[-120.8304,37.2785],[-120.8319,37.2783],[-120.8322,37.2777],[-120.8317,37.2769],[-120.8307,37.2763],[-120.8298,37.2754],[-120.8285,37.275],[-120.8272,37.2743],[-120.8269,37.2735],[-120.8269,37.2714],[-120.8275,37.2704],[-120.8287,37.2695],[-120.8293,37.2693],[-120.8298,37.2695],[-120.8295,37.27],[-120.8295,37.2709],[-120.8298,37.2715],[-120.8307,37.2717],[-120.8314,37.2716],[-120.8321,37.2708],[-120.8322,37.2695],[-120.8332,37.2675],[-120.833,37.2667],[-120.8319,37.2663],[-120.8315,37.2664],[-120.8309,37.2662],[-120.8296,37.2669],[-120.8286,37.267],[-120.8279,37.2669],[-120.8275,37.2666],[-120.8275,37.2663],[-120.828,37.2657],[-120.8289,37.2653],[-120.83,37.2645],[-120.8302,37.2634],[-120.8308,37.263],[-120.8311,37.2625],[-120.8309,37.2621],[-120.8292,37.2607],[-120.8295,37.2599],[-120.83,37.2596],[-120.8294,37.2591],[-120.8296,37.2584],[-120.8275,37.2569],[-120.8257,37.2569],[-120.8251,37.2566],[-120.8252,37.2561],[-120.8247,37.2559],[-120.8248,37.2551],[-120.8243,37.2544],[-120.8237,37.2547],[-120.823,37.2545],[-120.8215,37.2547],[-120.8212,37.2545],[-120.8218,37.2542],[-120.8207,37.2529],[-120.8199,37.2527],[-120.8181,37.253],[-120.8174,37.2528],[-120.8168,37.2518],[-120.817,37.2515],[-120.8179,37.2514],[-120.8183,37.251],[-120.8183,37.25],[-120.818,37.2492],[-120.8189,37.2486],[-120.8197,37.2486],[-120.8201,37.2482],[-120.8197,37.2476],[-120.8202,37.2474],[-120.8202,37.2471],[-120.8195,37.2462],[-120.819,37.245],[-120.8191,37.2444],[-120.82,37.2435],[-120.8201,37.2426],[-120.8191,37.2415],[-120.8176,37.2407],[-120.8181,37.2399],[-120.818,37.2392],[-120.8169,37.238],[-120.8165,37.2367],[-120.8159,37.2358],[-120.8151,37.2357],[-120.8131,37.2368],[-120.8123,37.2366],[-120.8115,37.2361],[-120.8104,37.2359],[-120.808,37.2343],[-120.8083,37.234],[-120.809,37.234],[-120.8094,37.2333],[-120.8347,37.2196],[-120.8347,37.2208],[-120.8366,37.2225],[-120.8364,37.2232],[-120.8353,37.2241],[-120.8357,37.2247],[-120.837,37.2247],[-120.8376,37.2242],[-120.8394,37.2238],[-120.8401,37.2239],[-120.8406,37.2243],[-120.8424,37.2245],[-120.8429,37.2249],[-120.8429,37.226],[-120.8425,37.2277],[-120.8421,37.2281],[-120.8407,37.2287],[-120.8404,37.2295],[-120.8409,37.23],[-120.8423,37.2301],[-120.8428,37.2303],[-120.843,37.2307],[-120.8431,37.2318],[-120.8443,37.2327],[-120.8443,37.2339],[-120.8438,37.2357],[-120.844,37.2364],[-120.8452,37.2366],[-120.8469,37.236],[-120.8477,37.2364],[-120.8485,37.2375],[-120.8479,37.2386],[-120.8479,37.2398],[-120.8467,37.2404],[-120.845,37.2401],[-120.8446,37.2409],[-120.8442,37.2428],[-120.8452,37.2438],[-120.8467,37.2436],[-120.8487,37.2449],[-120.8491,37.2455],[-120.8485,37.246],[-120.8487,37.2464],[-120.85,37.2464],[-120.8505,37.2461],[-120.8506,37.2456],[-120.851,37.2456],[-120.8515,37.2465],[-120.8512,37.2469],[-120.8513,37.2473],[-120.8519,37.2476],[-120.8519,37.2519],[-120.8512,37.2563],[-120.8512,37.2949],[-120.8497,37.2947],[-120.8465,37.2938]]],[[[-120.9491,37.2792],[-120.949,37.2711],[-120.9583,37.2711],[-120.9582,37.2723],[-120.9531,37.2793],[-120.9491,37.2792]]]]},"properties":{"id":"usgs-pad-us-fee-managers:4796","name":"Grasslands Wildlife Management Area","kind":"land","category":"public-land","sourceCategory":"public-land","sourceId":"usgs-pad-us-fee-managers","sourceUrl":"https://services.arcgis.com/v01gqwM5QqNysAAi/arcgis/rest/services/Fee_Managers_PADUS/FeatureServer/0","sourceUpdated":"2021-12-08T05:00:00.000Z","publicUse":"PAD-US reports restricted access; confirm permits and seasonal rules with the manager.","unit":"FWS","origin":"public-catalog"}},{"type":"Feature","id":"usgs-pad-us-fee-managers:4822","geometry":{"type":"Polygon","coordinates":[[[-120.6002,35.0089],[-120.6123,35.0169],[-120.6085,35.0222],[-120.6081,35.0221],[-120.6118,35.017],[-120.592,35.0038],[-120.591,34.9918],[-120.6435,34.992],[-120.6415,34.9988],[-120.6415,34.9998],[-120.6402,35.0018],[-120.6401,35.0031],[-120.6376,35.0147],[-120.6365,35.0178],[-120.6002,35.0089]]]},"properties":{"id":"usgs-pad-us-fee-managers:4822","name":"Guadalupe-Nipomo Dunes National Wildlife Refuge","kind":"land","category":"public-land","sourceCategory":"public-land","sourceId":"usgs-pad-us-fee-managers","sourceUrl":"https://services.arcgis.com/v01gqwM5QqNysAAi/arcgis/rest/services/Fee_Managers_PADUS/FeatureServer/0","sourceUpdated":"2021-12-08T05:00:00.000Z","publicUse":"PAD-US reports restricted access; confirm permits and seasonal rules with the manager.","unit":"FWS","origin":"public-catalog"}},{"type":"Feature","id":"usgs-pad-us-fee-managers:4849","geometry":{"type":"Polygon","coordinates":[[[-114.6194,34.8359],[-114.6215,34.8358],[-114.6216,34.8377],[-114.6194,34.8377],[-114.6194,34.8359]]]},"properties":{"id":"usgs-pad-us-fee-managers:4849","name":"Havasu National Wildlife Refuge","kind":"land","category":"public-land","sourceCategory":"public-land","sourceId":"usgs-pad-us-fee-managers","sourceUrl":"https://services.arcgis.com/v01gqwM5QqNysAAi/arcgis/rest/services/Fee_Managers_PADUS/FeatureServer/0","sourceUpdated":"2021-12-08T05:00:00.000Z","publicUse":"PAD-US reports restricted access; confirm permits and seasonal rules with the manager.","unit":"FWS","origin":"public-catalog"}},{"type":"Feature","id":"usgs-pad-us-fee-managers:4851","geometry":{"type":"MultiPolygon","coordinates":[[[[-114.3782,34.5157],[-114.3787,34.5187],[-114.3782,34.5165],[-114.3782,34.5157]]],[[[-114.4493,34.6511],[-114.4457,34.6475],[-114.4443,34.6465],[-114.4433,34.6453],[-114.4415,34.6425],[-114.4405,34.6401],[-114.4403,34.6382],[-114.4407,34.6347],[-114.4415,34.6315],[-114.4414,34.6302],[-114.4395,34.6259],[-114.4388,34.6215],[-114.4287,34.6146],[-114.4242,34.6105],[-114.4243,34.6023],[-114.4253,34.6008],[-114.4275,34.5992],[-114.4364,34.5968],[-114.4368,34.5961],[-114.4357,34.5938],[-114.4224,34.5807],[-114.4052,34.5696],[-114.3989,34.5592],[-114.3896,34.543],[-114.3808,34.5297],[-114.3803,34.5271],[-114.3912,34.5297],[-114.3912,34.5347],[-114.3921,34.5347],[-114.3929,34.541],[-114.3963,34.5419],[-114.3992,34.5463],[-114.4017,34.5455],[-114.4076,34.5524],[-114.4028,34.5537],[-114.4041,34.5562],[-114.4062,34.5542],[-114.4087,34.5614],[-114.4131,34.5614],[-114.4131,34.5641],[-114.4124,34.5641],[-114.4124,34.5677],[-114.4168,34.5678],[-114.4168,34.5696],[-114.4216,34.5732],[-114.4237,34.5761],[-114.4258,34.5755],[-114.4283,34.5776],[-114.4282,34.5788],[-114.4299,34.5788],[-114.4299,34.5807],[-114.4315,34.5819],[-114.4299,34.5838],[-114.4315,34.5851],[-114.4336,34.5837],[-114.4345,34.5848],[-114.4345,34.5891],[-114.4379,34.5923],[-114.4394,34.5916],[-114.4397,34.5928],[-114.4437,34.5928],[-114.4438,34.6111],[-114.4394,34.6111],[-114.4394,34.6147],[-114.4483,34.6147],[-114.4484,34.6364],[-114.4571,34.6364],[-114.457,34.6509],[-114.4659,34.6509],[-114.466,34.6562],[-114.4638,34.6562],[-114.4606,34.6537],[-114.4585,34.6534],[-114.4573,34.6519],[-114.4526,34.651],[-114.4493,34.651],[-114.4522,34.6532],[-114.4577,34.6567],[-114.4581,34.6574],[-114.4582,34.6584],[-114.458,34.6571],[-114.457,34.6563],[-114.4526,34.6535],[-114.4493,34.6511]]],[[[-114.4568,34.6602],[-114.4558,34.6609],[-114.4564,34.6605],[-114.4568,34.6602]]],[[[-114.4885,34.7186],[-114.4885,34.7185],[-114.4889,34.7194],[-114.4885,34.7186]]],[[[-114.4881,34.7179],[-114.4875,34.7166],[-114.4848,34.7152],[-114.4828,34.7145],[-114.4787,34.7146],[-114.475,34.7142],[-114.4726,34.7136],[-114.4716,34.713],[-114.471,34.7122],[-114.4697,34.71],[-114.4686,34.7076],[-114.4681,34.7045],[-114.4681,34.7018],[-114.4653,34.6912],[-114.4636,34.6879],[-114.4622,34.6858],[-114.4582,34.6812],[-114.4555,34.6773],[-114.4549,34.6756],[-114.4549,34.6731],[-114.4543,34.6712],[-114.4515,34.6686],[-114.4509,34.6678],[-114.4505,34.6668],[-114.4506,34.6658],[-114.451,34.6649],[-114.4518,34.6639],[-114.4533,34.6627],[-114.4518,34.664],[-114.4508,34.6654],[-114.4599,34.6654],[-114.4604,34.6638],[-114.4618,34.6639],[-114.4623,34.6633],[-114.4662,34.6626],[-114.4673,34.6957],[-114.468,34.6978],[-114.4718,34.697],[-114.4718,34.6978],[-114.469,34.6994],[-114.472,34.7011],[-114.4722,34.7029],[-114.4731,34.7044],[-114.4749,34.7046],[-114.473,34.7067],[-114.4747,34.7067],[-114.4747,34.7103],[-114.4769,34.7103],[-114.4769,34.7121],[-114.4816,34.7119],[-114.4816,34.7135],[-114.486,34.7135],[-114.4857,34.7064],[-114.5034,34.7061],[-114.5037,34.7193],[-114.4962,34.7182],[-114.4881,34.7179]]],[[[-114.4927,34.7099],[-114.4903,34.7099],[-114.4904,34.7153],[-114.4926,34.7152],[-114.4926,34.7161],[-114.4948,34.7162],[-114.4947,34.7099],[-114.4927,34.7099]]],[[[-114.4902,34.7229],[-114.491,34.7247],[-114.4914,34.7252],[-114.491,34.7249],[-114.4902,34.7229]]],[[[-114.4946,34.7272],[-114.4967,34.7283],[-114.4959,34.728],[-114.4946,34.7272]]],[[[-114.5008,34.7304],[-114.5008,34.7304],[-114.501,34.7305],[-114.5008,34.7304]]],[[[-114.5121,34.7344],[-114.5113,34.7341],[-114.5118,34.7342],[-114.5121,34.7344]]],[[[-114.5225,34.7434],[-114.5234,34.7446],[-114.5226,34.7437],[-114.5225,34.7434]]],[[[-114.5294,34.7504],[-114.5318,34.752],[-114.5304,34.7514],[-114.5294,34.7504]]],[[[-114.533,34.7526],[-114.5321,34.7521],[-114.5327,34.7524],[-114.533,34.7526]]],[[[-114.5364,34.7546],[-114.5371,34.755],[-114.5396,34.7567],[-114.5364,34.7546]]],[[[-114.5417,34.7581],[-114.5425,34.7586],[-114.5459,34.7611],[-114.5417,34.7581]]],[[[-114.5495,34.7642],[-114.5525,34.7667],[-114.5501,34.7647],[-114.5495,34.7642]]],[[[-114.5529,34.7671],[-114.5536,34.7678],[-114.5546,34.7691],[-114.5529,34.7671]]],[[[-114.5549,34.7694],[-114.5558,34.7703],[-114.5563,34.771],[-114.5549,34.7694]]],[[[-114.5572,34.7721],[-114.5576,34.7726],[-114.5586,34.7738],[-114.5572,34.7721]]],[[[-114.5595,34.7752],[-114.5608,34.7772],[-114.5616,34.7786],[-114.5595,34.7752]]],[[[-114.5626,34.7802],[-114.5644,34.7833],[-114.5649,34.7849],[-114.564,34.7826],[-114.5626,34.7802]]],[[[-114.5652,34.786],[-114.5652,34.7859],[-114.5652,34.786],[-114.5652,34.786]]],[[[-114.5654,34.7862],[-114.5692,34.7914],[-114.5663,34.7877],[-114.5654,34.7862]]],[[[-114.5695,34.7918],[-114.5714,34.795],[-114.5746,34.8046],[-114.5719,34.7963],[-114.571,34.7943],[-114.5695,34.7918]]],[[[-114.5746,34.8056],[-114.5746,34.8054],[-114.5747,34.8069],[-114.5746,34.8056]]],[[[-114.5747,34.8072],[-114.5749,34.8081],[-114.5747,34.8075],[-114.5747,34.8072]]]]},"properties":{"id":"usgs-pad-us-fee-managers:4851","name":"Havasu National Wildlife Refuge","kind":"land","category":"public-land","sourceCategory":"public-land","sourceId":"usgs-pad-us-fee-managers","sourceUrl":"https://services.arcgis.com/v01gqwM5QqNysAAi/arcgis/rest/services/Fee_Managers_PADUS/FeatureServer/0","sourceUpdated":"2021-12-08T05:00:00.000Z","publicUse":"PAD-US reports restricted access; confirm permits and seasonal rules with the manager.","unit":"FWS","origin":"public-catalog"}},{"type":"Feature","id":"usgs-pad-us-fee-managers:4865","geometry":{"type":"MultiPolygon","coordinates":[[[[-120.3701,40.2895],[-120.3707,40.289],[-120.3761,40.2876],[-120.3802,40.287],[-120.3848,40.2866],[-120.3849,40.2893],[-120.3701,40.2895]]],[[[-120.3371,40.2971],[-120.3372,40.3035],[-120.3356,40.3022],[-120.3337,40.304],[-120.3304,40.3018],[-120.335,40.2989],[-120.3371,40.2971]]],[[[-120.389,40.2894],[-120.3939,40.2893],[-120.3939,40.2929],[-120.389,40.2929],[-120.389,40.2894]]],[[[-120.3371,40.2971],[-120.3418,40.2945],[-120.3443,40.2941],[-120.3459,40.2934],[-120.365,40.2911],[-120.3693,40.2901],[-120.3701,40.2895],[-120.37,40.3004],[-120.3608,40.3006],[-120.3608,40.2934],[-120.3513,40.2933],[-120.3514,40.3007],[-120.3419,40.3007],[-120.3418,40.2971],[-120.3371,40.2971]]],[[[-120.3985,40.3001],[-120.3984,40.2929],[-120.4079,40.2929],[-120.408,40.2964],[-120.4035,40.2964],[-120.4035,40.3001],[-120.3985,40.3001]]],[[[-120.3893,40.3147],[-120.3892,40.3075],[-120.4033,40.3074],[-120.4034,40.311],[-120.3987,40.311],[-120.3988,40.3219],[-120.3895,40.322],[-120.3893,40.3147]]]]},"properties":{"id":"usgs-pad-us-fee-managers:4865","name":"Honey Lake Waterfowl Management Area","kind":"land","category":"public-land","sourceCategory":"public-land","sourceId":"usgs-pad-us-fee-managers","sourceUrl":"https://services.arcgis.com/v01gqwM5QqNysAAi/arcgis/rest/services/Fee_Managers_PADUS/FeatureServer/0","sourceUpdated":"2021-12-08T05:00:00.000Z","publicUse":"PAD-US reports restricted access; confirm permits and seasonal rules with the manager.","unit":"FWS","origin":"public-catalog"}},{"type":"Feature","id":"usgs-pad-us-fee-managers:4866","geometry":{"type":"Polygon","coordinates":[[[-118.8451,34.4679],[-118.8324,34.4678],[-118.8323,34.4488],[-118.8496,34.4488],[-118.8505,34.4374],[-118.867,34.4377],[-118.8671,34.4436],[-118.8628,34.4435],[-118.8627,34.4464],[-118.8671,34.4466],[-118.8672,34.4496],[-118.8582,34.4489],[-118.8582,34.4525],[-118.8627,34.4526],[-118.8626,34.4561],[-118.867,34.4561],[-118.8671,34.4528],[-118.8716,34.4533],[-118.8715,34.4566],[-118.8805,34.4578],[-118.8803,34.4615],[-118.8759,34.4611],[-118.8757,34.468],[-118.8451,34.4679]]]},"properties":{"id":"usgs-pad-us-fee-managers:4866","name":"Hopper Mountain National Wildlife Refuge","kind":"land","category":"public-land","sourceCategory":"public-land","sourceId":"usgs-pad-us-fee-managers","sourceUrl":"https://services.arcgis.com/v01gqwM5QqNysAAi/arcgis/rest/services/Fee_Managers_PADUS/FeatureServer/0","sourceUpdated":"2021-12-08T05:00:00.000Z","publicUse":"PAD-US reports restricted access; confirm permits and seasonal rules with the manager.","unit":"FWS","origin":"public-catalog"}},{"type":"Feature","id":"usgs-pad-us-fee-managers:4872","geometry":{"type":"MultiPolygon","coordinates":[[[[-124.2281,40.6902],[-124.2277,40.6903],[-124.2274,40.6896],[-124.228,40.6896],[-124.2284,40.689],[-124.229,40.6894],[-124.2281,40.6902]]],[[[-124.2292,40.6895],[-124.2285,40.6889],[-124.2288,40.688],[-124.229,40.6892],[-124.2296,40.6897],[-124.2296,40.6899],[-124.2292,40.6899],[-124.2292,40.6895]]],[[[-124.2278,40.6907],[-124.228,40.6909],[-124.2279,40.6916],[-124.2277,40.6915],[-124.2278,40.6907]]],[[[-124.2273,40.6926],[-124.2279,40.6928],[-124.2272,40.6935],[-124.2271,40.6928],[-124.2273,40.6926]]],[[[-124.2267,40.6941],[-124.2268,40.6941],[-124.2266,40.6943],[-124.2267,40.6941]]],[[[-124.2046,40.6995],[-124.2057,40.7007],[-124.2084,40.7027],[-124.2091,40.7038],[-124.2092,40.7048],[-124.205,40.7005],[-124.2044,40.6996],[-124.2046,40.6995]]],[[[-124.2053,40.7012],[-124.2091,40.7052],[-124.2079,40.7048],[-124.2068,40.703],[-124.2053,40.7012]]],[[[-124.2084,40.6993],[-124.2069,40.6998],[-124.2062,40.6996],[-124.2047,40.6985],[-124.2013,40.6828],[-124.2012,40.6794],[-124.2021,40.6722],[-124.2028,40.6717],[-124.203,40.6707],[-124.2033,40.6708],[-124.2033,40.6711],[-124.2022,40.6728],[-124.2018,40.6757],[-124.2118,40.6757],[-124.2118,40.6716],[-124.2126,40.6719],[-124.2143,40.6719],[-124.2169,40.6727],[-124.2177,40.6733],[-124.2197,40.6739],[-124.2205,40.6746],[-124.2235,40.6754],[-124.224,40.676],[-124.2254,40.6764],[-124.2279,40.6781],[-124.2291,40.6795],[-124.2316,40.6796],[-124.23,40.6813],[-124.2308,40.6808],[-124.2318,40.6816],[-124.2305,40.6822],[-124.2331,40.6868],[-124.2328,40.6885],[-124.2352,40.6885],[-124.2352,40.6898],[-124.2339,40.6906],[-124.234,40.6909],[-124.2321,40.6901],[-124.2316,40.6898],[-124.2312,40.6887],[-124.2303,40.6873],[-124.226,40.6856],[-124.2259,40.6868],[-124.2268,40.6872],[-124.2267,40.689],[-124.2276,40.691],[-124.2266,40.6925],[-124.227,40.6932],[-124.2259,40.6951],[-124.2259,40.6954],[-124.2264,40.6946],[-124.2265,40.6947],[-124.2259,40.6957],[-124.226,40.6977],[-124.224,40.6977],[-124.2221,40.6958],[-124.2213,40.6961],[-124.2236,40.698],[-124.2265,40.7],[-124.2267,40.701],[-124.2249,40.7028],[-124.222,40.7051],[-124.2213,40.7047],[-124.2197,40.7028],[-124.2184,40.7025],[-124.2157,40.7029],[-124.2104,40.7008],[-124.2092,40.6996],[-124.2084,40.6993]]],[[[-124.2104,40.7065],[-124.2159,40.7136],[-124.215,40.714],[-124.2116,40.7092],[-124.2115,40.708],[-124.2104,40.7065]]],[[[-124.2612,40.7067],[-124.2625,40.7059],[-124.2634,40.7058],[-124.2637,40.7054],[-124.2664,40.7037],[-124.2669,40.703],[-124.2673,40.7009],[-124.2661,40.7008],[-124.2654,40.7001],[-124.2643,40.7],[-124.2618,40.6993],[-124.2618,40.6984],[-124.2611,40.6975],[-124.259,40.697],[-124.2581,40.6965],[-124.2548,40.6961],[-124.2577,40.6959],[-124.2587,40.6965],[-124.2644,40.697],[-124.2711,40.6982],[-124.2749,40.6979],[-124.2719,40.7015],[-124.2706,40.7016],[-124.2706,40.7027],[-124.267,40.7051],[-124.2645,40.7086],[-124.2628,40.7086],[-124.2625,40.7082],[-124.2605,40.7074],[-124.2605,40.7072],[-124.2612,40.7067]]],[[[-124.2122,40.7085],[-124.2104,40.7061],[-124.2102,40.7043],[-124.2097,40.7031],[-124.2087,40.702],[-124.2059,40.6999],[-124.2082,40.7007],[-124.2095,40.7006],[-124.2098,40.7014],[-124.2107,40.702],[-124.2136,40.7024],[-124.2155,40.7033],[-124.219,40.7029],[-124.2201,40.7036],[-124.2213,40.7051],[-124.222,40.7054],[-124.2225,40.7051],[-124.2269,40.7014],[-124.2275,40.7024],[-124.2259,40.7043],[-124.2255,40.7055],[-124.2254,40.7067],[-124.2256,40.708],[-124.2261,40.7092],[-124.2258,40.7094],[-124.2265,40.7099],[-124.2284,40.7139],[-124.2284,40.7153],[-124.2278,40.7168],[-124.2271,40.718],[-124.2214,40.718],[-124.2171,40.7154],[-124.2171,40.7149],[-124.2162,40.7128],[-124.2149,40.7115],[-124.2143,40.7101],[-124.2128,40.7092],[-124.2122,40.7085]]],[[[-124.2359,40.7026],[-124.2372,40.7011],[-124.2359,40.7024],[-124.2358,40.6941],[-124.2405,40.6941],[-124.2406,40.6977],[-124.2453,40.6977],[-124.2452,40.7013],[-124.2406,40.7013],[-124.2406,40.705],[-124.244,40.705],[-124.2441,40.7065],[-124.2434,40.7081],[-124.2402,40.712],[-124.2394,40.7139],[-124.2392,40.7158],[-124.236,40.7158],[-124.2359,40.7026]]],[[[-124.1407,40.8067],[-124.1366,40.806],[-124.1395,40.8058],[-124.1397,40.806],[-124.1394,40.8063],[-124.1403,40.8061],[-124.1406,40.8067],[-124.1408,40.8065],[-124.1411,40.8067],[-124.1407,40.8067]]],[[[-124.1389,40.8082],[-124.1383,40.8081],[-124.1371,40.8075],[-124.1345,40.8069],[-124.133,40.8059],[-124.131,40.8054],[-124.1269,40.8066],[-124.1247,40.8057],[-124.1232,40.8062],[-124.1222,40.8071],[-124.1224,40.8079],[-124.122,40.8083],[-124.1216,40.8083],[-124.1222,40.8087],[-124.1214,40.8093],[-124.1208,40.8093],[-124.1199,40.8085],[-124.1198,40.809],[-124.1195,40.8085],[-124.1187,40.8079],[-124.1216,40.8064],[-124.1244,40.8055],[-124.1276,40.8051],[-124.1308,40.8052],[-124.1419,40.8069],[-124.1424,40.8075],[-124.1437,40.8083],[-124.1456,40.8105],[-124.1465,40.8112],[-124.145,40.8113],[-124.1437,40.8111],[-124.1389,40.8082]]],[[[-124.1698,40.8096],[-124.1701,40.8094],[-124.171,40.8102],[-124.1707,40.8103],[-124.1698,40.8096]]],[[[-124.1697,40.8097],[-124.1705,40.8104],[-124.1701,40.8106],[-124.1694,40.8099],[-124.1697,40.8097]]],[[[-124.0825,40.8462],[-124.0825,40.8449],[-124.083,40.845],[-124.083,40.846],[-124.0825,40.8462]]],[[[-124.0825,40.843],[-124.0825,40.8423],[-124.0828,40.8423],[-124.0828,40.8331],[-124.084,40.8355],[-124.0836,40.8366],[-124.0837,40.8387],[-124.0852,40.8417],[-124.085,40.8442],[-124.0842,40.8447],[-124.0839,40.8463],[-124.0835,40.8461],[-124.0835,40.8452],[-124.0832,40.8448],[-124.0825,40.8447],[-124.0825,40.843]]],[[[-124.0825,40.8464],[-124.0853,40.8469],[-124.0844,40.8484],[-124.0844,40.8488],[-124.0849,40.8494],[-124.0856,40.8495],[-124.0828,40.8497],[-124.0825,40.8464]]],[[[-124.1487,40.87],[-124.1497,40.8698],[-124.1497,40.8712],[-124.151,40.8712],[-124.1511,40.8721],[-124.1494,40.8717],[-124.1486,40.8706],[-124.1487,40.87]]],[[[-124.1463,40.8746],[-124.1456,40.8747],[-124.1455,40.8742],[-124.1458,40.874],[-124.1491,40.8736],[-124.1498,40.8727],[-124.1511,40.8727],[-124.1508,40.8738],[-124.1498,40.8748],[-124.1463,40.8746]]],[[[-124.1337,40.9087],[-124.1338,40.908],[-124.1349,40.9082],[-124.1355,40.9079],[-124.1368,40.9066],[-124.1369,40.905],[-124.1421,40.905],[-124.1421,40.9035],[-124.1418,40.9027],[-124.14,40.9014],[-124.1381,40.9014],[-124.1381,40.8995],[-124.1385,40.8995],[-124.1368,40.8981],[-124.1353,40.8979],[-124.1357,40.8977],[-124.1357,40.8962],[-124.1371,40.8927],[-124.1416,40.8927],[-124.1412,40.892],[-124.1414,40.8908],[-124.1415,40.8915],[-124.1421,40.8915],[-124.1422,40.8911],[-124.1428,40.8908],[-124.1426,40.8894],[-124.1423,40.8886],[-124.1422,40.8868],[-124.1413,40.8868],[-124.1412,40.8866],[-124.141,40.8868],[-124.1411,40.8863],[-124.1409,40.8863],[-124.1409,40.8868],[-124.1406,40.8868],[-124.1404,40.8853],[-124.1406,40.8843],[-124.1401,40.8838],[-124.1415,40.8825],[-124.1414,40.8818],[-124.1417,40.8817],[-124.1416,40.8815],[-124.1429,40.881],[-124.1443,40.8801],[-124.1445,40.8795],[-124.1442,40.8776],[-124.1456,40.8762],[-124.1461,40.8752],[-124.1466,40.8751],[-124.1485,40.8755],[-124.1497,40.8755],[-124.151,40.8746],[-124.1519,40.8737],[-124.152,40.8729],[-124.1513,40.8722],[-124.1527,40.8722],[-124.1577,40.8629],[-124.1579,40.863],[-124.1529,40.8722],[-124.1546,40.8722],[-124.1546,40.8758],[-124.1579,40.8758],[-124.1592,40.8763],[-124.1551,40.8838],[-124.1541,40.8867],[-124.1509,40.8926],[-124.1484,40.8988],[-124.1473,40.9006],[-124.1469,40.9022],[-124.1456,40.9045],[-124.1451,40.9068],[-124.144,40.9086],[-124.1428,40.9122],[-124.1411,40.9159],[-124.1394,40.9158],[-124.1394,40.9122],[-124.1346,40.9124],[-124.1348,40.9087],[-124.1337,40.9087]]],[[[-124.1392,40.8991],[-124.1392,40.8976],[-124.1392,40.8977],[-124.1392,40.8991]]]]},"properties":{"id":"usgs-pad-us-fee-managers:4872","name":"Humboldt Bay National Wildlife Refuge","kind":"land","category":"public-land","sourceCategory":"public-land","sourceId":"usgs-pad-us-fee-managers","sourceUrl":"https://services.arcgis.com/v01gqwM5QqNysAAi/arcgis/rest/services/Fee_Managers_PADUS/FeatureServer/0","sourceUpdated":"2021-12-08T05:00:00.000Z","publicUse":"PAD-US reports restricted access; confirm permits and seasonal rules with the manager.","unit":"FWS","origin":"public-catalog"}},{"type":"Feature","id":"usgs-pad-us-fee-managers:4878","geometry":{"type":"Polygon","coordinates":[[[-114.6918,33.1415],[-114.6919,33.14],[-114.7048,33.1398],[-114.7046,33.1472],[-114.6917,33.1473],[-114.6918,33.1415]]]},"properties":{"id":"usgs-pad-us-fee-managers:4878","name":"Imperial National Wildlife Refuge","kind":"land","category":"public-land","sourceCategory":"public-land","sourceId":"usgs-pad-us-fee-managers","sourceUrl":"https://services.arcgis.com/v01gqwM5QqNysAAi/arcgis/rest/services/Fee_Managers_PADUS/FeatureServer/0","sourceUpdated":"2021-12-08T05:00:00.000Z","publicUse":"PAD-US reports restricted access; confirm permits and seasonal rules with the manager.","unit":"FWS","origin":"public-catalog"}},{"type":"Feature","id":"usgs-pad-us-fee-managers:4918","geometry":{"type":"Polygon","coordinates":[[[-119.6168,35.783],[-119.6168,35.7757],[-119.5897,35.7757],[-119.5795,35.7753],[-119.5795,35.7174],[-119.6531,35.7176],[-119.653,35.7758],[-119.6349,35.7757],[-119.6349,35.7896],[-119.6169,35.7897],[-119.6168,35.783]]]},"properties":{"id":"usgs-pad-us-fee-managers:4918","name":"Kern National Wildlife Refuge","kind":"land","category":"public-land","sourceCategory":"public-land","sourceId":"usgs-pad-us-fee-managers","sourceUrl":"https://services.arcgis.com/v01gqwM5QqNysAAi/arcgis/rest/services/Fee_Managers_PADUS/FeatureServer/0","sourceUpdated":"2021-12-08T05:00:00.000Z","publicUse":"PAD-US reports restricted access; confirm permits and seasonal rules with the manager.","unit":"FWS","origin":"public-catalog"}},{"type":"Feature","id":"usgs-pad-us-fee-managers:4987","geometry":{"type":"MultiPolygon","coordinates":[[[[-121.5991,41.9357],[-121.5991,41.932],[-121.604,41.932],[-121.604,41.9429],[-121.5991,41.9429],[-121.5991,41.9357]]],[[[-121.6419,41.9865],[-121.6419,41.9848],[-121.6441,41.9855],[-121.6453,41.9852],[-121.6467,41.9855],[-121.6467,41.9865],[-121.6419,41.9865]]],[[[-121.833,42.0019],[-121.8331,41.9994],[-121.8429,41.9994],[-121.843,41.9958],[-121.8271,41.9958],[-121.8271,41.9976],[-121.8288,42.0006],[-121.8281,42.0025],[-121.6817,42.0004],[-121.6806,42.0004],[-121.6806,42.0002],[-121.6543,41.9997],[-121.6545,42],[-121.6234,41.9996],[-121.6224,41.9986],[-121.6182,41.996],[-121.6169,41.9942],[-121.6158,41.9895],[-121.6133,41.9829],[-121.6138,41.9829],[-121.6128,41.981],[-121.6127,41.9865],[-121.6079,41.9866],[-121.6079,41.9829],[-121.6031,41.9829],[-121.6031,41.9756],[-121.5983,41.9756],[-121.5984,41.972],[-121.5937,41.972],[-121.594,41.9648],[-121.5942,41.9502],[-121.604,41.9502],[-121.604,41.9465],[-121.6137,41.9465],[-121.6137,41.9484],[-121.6228,41.9503],[-121.6314,41.9502],[-121.6354,41.9387],[-121.6355,41.9319],[-121.6283,41.9211],[-121.6283,41.9247],[-121.6088,41.9247],[-121.6088,41.921],[-121.6136,41.921],[-121.6138,41.9101],[-121.6186,41.9101],[-121.6187,41.9064],[-121.648,41.9066],[-121.648,41.903],[-121.6522,41.903],[-121.6561,41.9021],[-121.6616,41.9019],[-121.6628,41.9007],[-121.663,41.9003],[-121.6695,41.8965],[-121.6715,41.8951],[-121.6806,41.8924],[-121.6826,41.8924],[-121.6831,41.8918],[-121.6837,41.8917],[-121.6849,41.8909],[-121.6891,41.89],[-121.6904,41.889],[-121.6915,41.8888],[-121.6922,41.8894],[-121.6926,41.8894],[-121.6948,41.8862],[-121.6949,41.8856],[-121.6953,41.8848],[-121.696,41.8813],[-121.6968,41.8794],[-121.6994,41.8749],[-121.701,41.8745],[-121.7026,41.8761],[-121.7048,41.8759],[-121.7078,41.8747],[-121.709,41.8735],[-121.7151,41.8703],[-121.7215,41.8718],[-121.7243,41.8729],[-121.7253,41.874],[-121.7271,41.8749],[-121.7269,41.8767],[-121.7262,41.8781],[-121.7264,41.8791],[-121.7261,41.8802],[-121.7263,41.8811],[-121.7263,41.8838],[-121.7277,41.8891],[-121.7309,41.8937],[-121.7319,41.8947],[-121.734,41.8988],[-121.7349,41.8996],[-121.7353,41.9004],[-121.736,41.9008],[-121.7362,41.9023],[-121.7371,41.9037],[-121.737,41.9043],[-121.7381,41.9044],[-121.7384,41.9048],[-121.7407,41.9054],[-121.743,41.9069],[-121.744,41.9084],[-121.7454,41.9091],[-121.7455,41.9106],[-121.7449,41.9115],[-121.7433,41.9115],[-121.7428,41.9122],[-121.7404,41.9127],[-121.7399,41.9136],[-121.7389,41.9146],[-121.7389,41.9153],[-121.7382,41.9176],[-121.7393,41.9186],[-121.7414,41.9192],[-121.7428,41.9203],[-121.7428,41.9232],[-121.7526,41.9232],[-121.7526,41.9305],[-121.7964,41.9304],[-121.7964,41.9528],[-121.8001,41.9528],[-121.8001,41.9673],[-121.8042,41.9673],[-121.8041,41.9709],[-121.809,41.9708],[-121.809,41.9744],[-121.8431,41.9744],[-121.8431,41.9816],[-121.8567,41.9815],[-121.859,41.9828],[-121.863,41.9869],[-121.863,41.9874],[-121.864,41.9879],[-121.8651,41.9878],[-121.8664,41.9881],[-121.8671,41.9879],[-121.8677,41.9881],[-121.868,41.9898],[-121.8658,41.9899],[-121.8658,41.9902],[-121.8669,41.9908],[-121.8669,41.9913],[-121.8657,41.9924],[-121.8651,41.9941],[-121.8656,41.996],[-121.8669,41.9981],[-121.8685,41.9985],[-121.87,41.9997],[-121.8715,42.0005],[-121.8725,42.0018],[-121.8742,42.0031],[-121.833,42.0026],[-121.833,42.0019]]],[[[-121.6796,41.9982],[-121.6757,41.9938],[-121.6758,41.9982],[-121.6796,41.9982]]],[[[-121.6419,41.9865],[-121.6416,41.991],[-121.643,41.992],[-121.6464,41.9935],[-121.6485,41.9938],[-121.6513,41.9938],[-121.6514,41.9876],[-121.6526,41.9887],[-121.6549,41.99],[-121.6572,41.9921],[-121.6578,41.9932],[-121.6611,41.9958],[-121.6663,41.9982],[-121.6671,41.9982],[-121.6646,41.9969],[-121.6626,41.9962],[-121.6589,41.9937],[-121.6581,41.9929],[-121.6575,41.9918],[-121.6551,41.9897],[-121.6529,41.9885],[-121.6515,41.9871],[-121.6515,41.9865],[-121.6501,41.9865],[-121.6475,41.9854],[-121.6455,41.9849],[-121.6442,41.9851],[-121.6423,41.9845],[-121.637,41.9838],[-121.637,41.9865],[-121.6419,41.9865]]],[[[-121.6321,41.9865],[-121.6322,41.9843],[-121.63,41.9845],[-121.6289,41.9848],[-121.6273,41.986],[-121.6273,41.9865],[-121.6321,41.9865]]],[[[-121.652,41.9715],[-121.6489,41.9684],[-121.6519,41.9714],[-121.652,41.9715]]],[[[-121.6091,41.9756],[-121.6081,41.9747],[-121.608,41.9756],[-121.6091,41.9756]]],[[[-121.6302,41.9683],[-121.6327,41.9684],[-121.6327,41.9683],[-121.6302,41.9683]]],[[[-121.6034,41.9703],[-121.6033,41.9702],[-121.6031,41.9719],[-121.6052,41.9719],[-121.6034,41.9703]]],[[[-121.6366,41.9356],[-121.6381,41.9318],[-121.6395,41.9283],[-121.6366,41.9356]]]]},"properties":{"id":"usgs-pad-us-fee-managers:4987","name":"Lower Klamath National Wildlife Refuge","kind":"land","category":"public-land","sourceCategory":"public-land","sourceId":"usgs-pad-us-fee-managers","sourceUrl":"https://services.arcgis.com/v01gqwM5QqNysAAi/arcgis/rest/services/Fee_Managers_PADUS/FeatureServer/0","sourceUpdated":"2021-12-08T05:00:00.000Z","publicUse":"PAD-US reports restricted access; confirm permits and seasonal rules with the manager.","unit":"FWS","origin":"public-catalog"}},{"type":"Feature","id":"usgs-pad-us-fee-managers:5005","geometry":{"type":"MultiPolygon","coordinates":[[[[-122.4665,37.9652],[-122.4659,37.9647],[-122.4661,37.9644],[-122.4684,37.9637],[-122.4688,37.9637],[-122.4684,37.9649],[-122.4672,37.965],[-122.4669,37.9654],[-122.4665,37.9652]]],[[[-122.4764,37.9649],[-122.4741,37.964],[-122.474,37.9572],[-122.4751,37.9572],[-122.4752,37.9608],[-122.4786,37.9608],[-122.4787,37.9644],[-122.4764,37.9644],[-122.4764,37.9649]]],[[[-122.4698,37.9737],[-122.4697,37.9681],[-122.4765,37.968],[-122.4766,37.9714],[-122.472,37.9715],[-122.4721,37.9749],[-122.4698,37.9749],[-122.4698,37.9737]]]]},"properties":{"id":"usgs-pad-us-fee-managers:5005","name":"Marin Islands National Wildlife Refuge","kind":"land","category":"public-land","sourceCategory":"public-land","sourceId":"usgs-pad-us-fee-managers","sourceUrl":"https://services.arcgis.com/v01gqwM5QqNysAAi/arcgis/rest/services/Fee_Managers_PADUS/FeatureServer/0","sourceUpdated":"2021-12-08T05:00:00.000Z","publicUse":"PAD-US reports restricted access; confirm permits and seasonal rules with the manager.","unit":"FWS","origin":"public-catalog"}},{"type":"Feature","id":"usgs-pad-us-fee-managers:5039","geometry":{"type":"MultiPolygon","coordinates":[[[[-120.5825,37.1565],[-120.5826,37.1497],[-120.585,37.1497],[-120.5851,37.1279],[-120.5909,37.1279],[-120.5923,37.1313],[-120.5966,37.1361],[-120.6002,37.1417],[-120.6084,37.1505],[-120.6173,37.157],[-120.5826,37.157],[-120.5825,37.1565]]],[[[-120.6006,37.186],[-120.6006,37.186],[-120.6006,37.186],[-120.6006,37.186]]],[[[-120.6006,37.186],[-120.6008,37.1678],[-120.637,37.168],[-120.6369,37.1716],[-120.6646,37.1716],[-120.6646,37.1861],[-120.6167,37.186],[-120.6155,37.1859],[-120.6098,37.1861],[-120.6006,37.186]]]]},"properties":{"id":"usgs-pad-us-fee-managers:5039","name":"Merced National Wildlife Refuge","kind":"land","category":"public-land","sourceCategory":"public-land","sourceId":"usgs-pad-us-fee-managers","sourceUrl":"https://services.arcgis.com/v01gqwM5QqNysAAi/arcgis/rest/services/Fee_Managers_PADUS/FeatureServer/0","sourceUpdated":"2021-12-08T05:00:00.000Z","publicUse":"PAD-US reports restricted access; confirm permits and seasonal rules with the manager.","unit":"FWS","origin":"public-catalog"}},{"type":"Feature","id":"usgs-pad-us-fee-managers:5057","geometry":{"type":"MultiPolygon","coordinates":[[[[-120.5257,41.4438],[-120.5255,41.4444],[-120.5255,41.4489],[-120.5257,41.4511],[-120.5257,41.4256],[-120.5305,41.4256],[-120.5305,41.419],[-120.5312,41.4183],[-120.5353,41.4183],[-120.5353,41.4117],[-120.5357,41.411],[-120.5353,41.411],[-120.5353,41.4073],[-120.542,41.407],[-120.5425,41.4109],[-120.5433,41.4122],[-120.5446,41.422],[-120.545,41.422],[-120.5451,41.4255],[-120.549,41.4545],[-120.5497,41.4545],[-120.5497,41.4655],[-120.5514,41.4655],[-120.5516,41.4678],[-120.5532,41.4681],[-120.5536,41.4694],[-120.554,41.47],[-120.5543,41.4758],[-120.5534,41.4763],[-120.5514,41.4762],[-120.551,41.4766],[-120.5382,41.4764],[-120.5363,41.4758],[-120.5357,41.4751],[-120.5362,41.4728],[-120.5363,41.4728],[-120.5363,41.4684],[-120.5356,41.4684],[-120.5356,41.4639],[-120.5345,41.4616],[-120.535,41.4614],[-120.534,41.4608],[-120.5324,41.4587],[-120.5297,41.4562],[-120.5316,41.4583],[-120.5312,41.4583],[-120.5325,41.4598],[-120.5342,41.4681],[-120.534,41.4693],[-120.533,41.47],[-120.5314,41.4703],[-120.5314,41.4692],[-120.5306,41.4692],[-120.5306,41.4707],[-120.5328,41.4705],[-120.5339,41.4708],[-120.5346,41.4716],[-120.5352,41.4733],[-120.5351,41.4782],[-120.5341,41.4781],[-120.5336,41.4785],[-120.5336,41.4799],[-120.5341,41.48],[-120.5316,41.48],[-120.5308,41.4796],[-120.5303,41.479],[-120.5303,41.48],[-120.5255,41.48],[-120.5256,41.4759],[-120.5234,41.4759],[-120.5233,41.4799],[-120.5279,41.4801],[-120.5279,41.4819],[-120.5255,41.4818],[-120.5255,41.4874],[-120.5059,41.4873],[-120.506,41.4799],[-120.5096,41.4799],[-120.51,41.4793],[-120.5116,41.479],[-120.5116,41.4726],[-120.5156,41.4727],[-120.5157,41.4695],[-120.506,41.4694],[-120.506,41.4654],[-120.5062,41.4654],[-120.5063,41.4615],[-120.5056,41.4612],[-120.504,41.4614],[-120.5029,41.4613],[-120.5017,41.4607],[-120.5012,41.4599],[-120.5013,41.4585],[-120.503,41.4545],[-120.4866,41.4545],[-120.4866,41.4509],[-120.4817,41.4508],[-120.4817,41.4418],[-120.4841,41.4418],[-120.4842,41.44],[-120.5011,41.4401],[-120.5011,41.4437],[-120.5059,41.4438],[-120.5059,41.4401],[-120.5156,41.4402],[-120.5155,41.4438],[-120.5257,41.4438]]],[[[-120.5305,41.4584],[-120.5306,41.4584],[-120.5305,41.458],[-120.5305,41.4584]]],[[[-120.4716,41.4986],[-120.4715,41.4869],[-120.4665,41.4868],[-120.4666,41.4796],[-120.4715,41.4797],[-120.4716,41.4723],[-120.4765,41.4724],[-120.4764,41.4834],[-120.4863,41.4836],[-120.4863,41.4799],[-120.4956,41.4799],[-120.491,41.4819],[-120.4894,41.483],[-120.489,41.4836],[-120.4912,41.4836],[-120.4912,41.4906],[-120.4917,41.4919],[-120.4912,41.4928],[-120.4912,41.4945],[-120.4883,41.4945],[-120.4755,41.4967],[-120.4716,41.4986]]],[[[-120.5689,41.4751],[-120.5642,41.4751],[-120.5642,41.4765],[-120.5593,41.4765],[-120.5593,41.4737],[-120.5601,41.4732],[-120.5604,41.471],[-120.5593,41.4709],[-120.5593,41.4669],[-120.5607,41.4663],[-120.569,41.4644],[-120.569,41.4692],[-120.5738,41.4691],[-120.5738,41.4727],[-120.5834,41.4726],[-120.5834,41.4801],[-120.5719,41.4801],[-120.5689,41.4751]]]]},"properties":{"id":"usgs-pad-us-fee-managers:5057","name":"Modoc National Wildlife Refuge","kind":"land","category":"public-land","sourceCategory":"public-land","sourceId":"usgs-pad-us-fee-managers","sourceUrl":"https://services.arcgis.com/v01gqwM5QqNysAAi/arcgis/rest/services/Fee_Managers_PADUS/FeatureServer/0","sourceUpdated":"2021-12-08T05:00:00.000Z","publicUse":"PAD-US reports restricted access; confirm permits and seasonal rules with the manager.","unit":"FWS","origin":"public-catalog"}},{"type":"Feature","id":"usgs-pad-us-fee-managers:5161","geometry":{"type":"MultiPolygon","coordinates":[[[[-119.3276,35.8937],[-119.3287,35.8937],[-119.3287,35.8946],[-119.3276,35.8946],[-119.3276,35.8937]]],[[[-119.331,35.8955],[-119.331,35.8919],[-119.3343,35.8919],[-119.3343,35.8937],[-119.3332,35.8937],[-119.3332,35.8946],[-119.3343,35.8946],[-119.3343,35.895],[-119.3332,35.895],[-119.3332,35.8955],[-119.331,35.8955]]],[[[-119.331,35.8959],[-119.3321,35.8959],[-119.3321,35.8964],[-119.331,35.8964],[-119.331,35.8959]]],[[[-119.3287,35.8968],[-119.3302,35.8968],[-119.3302,35.8973],[-119.3287,35.8973],[-119.3287,35.8968]]],[[[-119.3399,35.8955],[-119.3377,35.8955],[-119.3377,35.895],[-119.3365,35.895],[-119.3366,35.8946],[-119.3377,35.8946],[-119.3377,35.8937],[-119.3399,35.8937],[-119.3399,35.8955]]],[[[-119.3243,35.8968],[-119.3243,35.8964],[-119.3254,35.8964],[-119.3254,35.8955],[-119.3243,35.8955],[-119.3243,35.8919],[-119.3265,35.8919],[-119.3265,35.895],[-119.3276,35.895],[-119.3276,35.8955],[-119.3265,35.8955],[-119.3265,35.8987],[-119.3254,35.8987],[-119.3254,35.8968],[-119.3243,35.8968]]],[[[-119.3343,35.8955],[-119.3365,35.8955],[-119.3365,35.8973],[-119.3343,35.8973],[-119.3343,35.8955]]],[[[-119.322,35.9005],[-119.322,35.8996],[-119.3232,35.8996],[-119.3232,35.8991],[-119.322,35.8991],[-119.322,35.8969],[-119.3232,35.8969],[-119.3232,35.8973],[-119.3243,35.8973],[-119.3243,35.9005],[-119.322,35.9005]]],[[[-119.3276,35.9],[-119.3265,35.9],[-119.3265,35.8996],[-119.3276,35.8996],[-119.3276,35.9]]],[[[-119.3343,35.8991],[-119.331,35.8991],[-119.331,35.8973],[-119.3332,35.8973],[-119.3332,35.8986],[-119.3343,35.8986],[-119.3343,35.8991]]],[[[-119.3354,35.8986],[-119.3354,35.8982],[-119.3365,35.8982],[-119.3365,35.8977],[-119.3377,35.8977],[-119.3377,35.8991],[-119.3365,35.8991],[-119.3365,35.8986],[-119.3354,35.8986]]],[[[-119.3343,35.8991],[-119.3354,35.8991],[-119.3354,35.8995],[-119.3343,35.8995],[-119.3343,35.8991]]],[[[-119.3276,35.9],[-119.3287,35.9],[-119.3287,35.9009],[-119.3265,35.9009],[-119.3265,35.9005],[-119.3276,35.9005],[-119.3276,35.9]]],[[[-119.331,35.9],[-119.3321,35.9],[-119.3321,35.9005],[-119.331,35.9005],[-119.331,35.9]]],[[[-119.3399,35.8955],[-119.3444,35.8955],[-119.3444,35.8982],[-119.3399,35.8982],[-119.3399,35.8955]]],[[[-119.3332,35.9],[-119.3343,35.9],[-119.3343,35.9005],[-119.3332,35.9005],[-119.3332,35.9]]],[[[-119.3243,35.9027],[-119.322,35.9027],[-119.322,35.9009],[-119.3243,35.9009],[-119.3243,35.9014],[-119.3254,35.9014],[-119.3254,35.9018],[-119.3243,35.9018],[-119.3243,35.9027]]],[[[-119.3365,35.9],[-119.3376,35.9],[-119.3376,35.9005],[-119.3365,35.9005],[-119.3365,35.9]]],[[[-119.3365,35.9014],[-119.3354,35.9014],[-119.3354,35.9009],[-119.3365,35.9009],[-119.3365,35.9014]]],[[[-119.322,35.9036],[-119.3231,35.9036],[-119.3231,35.9041],[-119.322,35.9041],[-119.322,35.9036]]],[[[-119.3343,35.9018],[-119.3354,35.9018],[-119.3354,35.9023],[-119.3343,35.9023],[-119.3343,35.9018]]],[[[-119.3376,35.9014],[-119.3376,35.9009],[-119.3399,35.9009],[-119.3399,35.9018],[-119.3388,35.9018],[-119.3388,35.9014],[-119.3376,35.9014]]],[[[-119.3332,35.9032],[-119.3309,35.9032],[-119.3309,35.9027],[-119.3298,35.9027],[-119.3298,35.9018],[-119.3309,35.9018],[-119.331,35.9009],[-119.3332,35.9009],[-119.3332,35.9032]]],[[[-119.3243,35.9027],[-119.3254,35.9027],[-119.3254,35.9032],[-119.3265,35.9032],[-119.3265,35.9041],[-119.3276,35.9041],[-119.3276,35.9036],[-119.3287,35.9036],[-119.3287,35.9041],[-119.3276,35.9041],[-119.3276,35.9045],[-119.3254,35.9045],[-119.3254,35.9036],[-119.3243,35.9036],[-119.3243,35.9027]]],[[[-119.3231,35.9054],[-119.322,35.9054],[-119.322,35.905],[-119.3231,35.905],[-119.3231,35.9054]]],[[[-119.3365,35.9027],[-119.3365,35.9014],[-119.3376,35.9014],[-119.3376,35.9027],[-119.3365,35.9027]]],[[[-119.3365,35.9027],[-119.3365,35.9032],[-119.3354,35.9032],[-119.3354,35.9027],[-119.3365,35.9027]]],[[[-119.3309,35.9036],[-119.3321,35.9036],[-119.3321,35.9045],[-119.3309,35.9045],[-119.3309,35.9036]]],[[[-119.3365,35.9032],[-119.3376,35.9032],[-119.3376,35.9036],[-119.3365,35.9036],[-119.3365,35.9032]]],[[[-119.3231,35.9054],[-119.3242,35.9054],[-119.3242,35.9063],[-119.3231,35.9063],[-119.3231,35.9054]]],[[[-119.3332,35.9032],[-119.3343,35.9032],[-119.3343,35.9036],[-119.3354,35.9036],[-119.3354,35.9041],[-119.3343,35.9041],[-119.3343,35.9045],[-119.3332,35.9045],[-119.3332,35.9032]]],[[[-119.3265,35.9054],[-119.3276,35.9054],[-119.3276,35.9059],[-119.3265,35.9059],[-119.3265,35.9054]]],[[[-119.2904,35.9063],[-119.2993,35.9063],[-119.2993,35.9118],[-119.2948,35.9117],[-119.2948,35.9099],[-119.2903,35.9099],[-119.2904,35.9063]]],[[[-119.3321,35.9059],[-119.3309,35.9059],[-119.3309,35.9054],[-119.3321,35.9054],[-119.3321,35.9059]]],[[[-119.3387,35.9041],[-119.3399,35.9041],[-119.3399,35.9045],[-119.3387,35.9045],[-119.3387,35.9041]]],[[[-119.3321,35.9059],[-119.3332,35.9059],[-119.3332,35.906],[-119.3321,35.9061],[-119.3321,35.9059]]],[[[-119.3366,35.9045],[-119.3377,35.9045],[-119.3377,35.9054],[-119.3365,35.9054],[-119.3366,35.9045]]],[[[-119.3343,35.9054],[-119.3354,35.9054],[-119.3354,35.9061],[-119.3343,35.9061],[-119.3343,35.9054]]],[[[-119.3387,35.9054],[-119.3398,35.9054],[-119.3398,35.906],[-119.3387,35.906],[-119.3387,35.9054]]],[[[-119.3956,35.9061],[-119.4158,35.9058],[-119.4262,35.92],[-119.4152,35.9201],[-119.3956,35.9061]]],[[[-119.4203,35.924],[-119.4204,35.9203],[-119.4248,35.9203],[-119.4248,35.9239],[-119.4203,35.924]]],[[[-119.4001,35.9289],[-119.4001,35.9285],[-119.4013,35.9285],[-119.4013,35.9292],[-119.4001,35.9293],[-119.4001,35.9289]]],[[[-119.3626,35.9371],[-119.3626,35.9367],[-119.3637,35.9367],[-119.3637,35.9371],[-119.3626,35.9371]]],[[[-119.3626,35.938],[-119.3626,35.9376],[-119.3637,35.9376],[-119.3637,35.938],[-119.3626,35.938]]],[[[-119.3581,35.9398],[-119.3581,35.9394],[-119.3592,35.9394],[-119.3592,35.9399],[-119.3581,35.9398]]],[[[-119.3647,35.9389],[-119.3647,35.938],[-119.3658,35.938],[-119.3659,35.9376],[-119.3648,35.9376],[-119.3648,35.9353],[-119.3604,35.9353],[-119.3604,35.9358],[-119.3615,35.9358],[-119.3614,35.9385],[-119.3625,35.9385],[-119.3625,35.9389],[-119.3647,35.9389],[-119.3647,35.9394],[-119.3669,35.9394],[-119.3669,35.9398],[-119.3658,35.9398],[-119.3658,35.9407],[-119.3625,35.9408],[-119.3625,35.9412],[-119.3647,35.9412],[-119.3647,35.9417],[-119.3625,35.9417],[-119.3625,35.9421],[-119.3636,35.9421],[-119.3636,35.9426],[-119.358,35.9426],[-119.3581,35.9408],[-119.3603,35.9408],[-119.3603,35.939],[-119.3592,35.939],[-119.3593,35.9381],[-119.3603,35.9381],[-119.3604,35.9362],[-119.3593,35.9363],[-119.3593,35.9353],[-119.3537,35.9354],[-119.3534,35.9208],[-119.34,35.9208],[-119.3399,35.9063],[-119.3951,35.9061],[-119.4151,35.9204],[-119.4044,35.9205],[-119.4045,35.9222],[-119.4024,35.9223],[-119.4024,35.9278],[-119.3935,35.9279],[-119.3934,35.9352],[-119.367,35.9353],[-119.3669,35.9389],[-119.3647,35.9389]]],[[[-119.3845,35.9569],[-119.3845,35.9516],[-119.3934,35.9516],[-119.3934,35.9498],[-119.4155,35.9495],[-119.4157,35.964],[-119.3934,35.9641],[-119.3934,35.9569],[-119.3845,35.9569]]],[[[-119.4735,36.0437],[-119.4736,36.0256],[-119.4646,36.0256],[-119.4646,36.0365],[-119.4557,36.0365],[-119.4556,36.0438],[-119.4467,36.0437],[-119.4468,36.0219],[-119.4586,36.022],[-119.4557,36.022],[-119.4557,36.0183],[-119.4616,36.0184],[-119.4617,36.0147],[-119.4646,36.0147],[-119.4645,36.022],[-119.4788,36.0219],[-119.4828,36.0273],[-119.4845,36.0365],[-119.4825,36.0365],[-119.4824,36.0509],[-119.4735,36.0509],[-119.4735,36.0437]]]]},"properties":{"id":"usgs-pad-us-fee-managers:5161","name":"Pixley National Wildlife Refuge","kind":"land","category":"public-land","sourceCategory":"public-land","sourceId":"usgs-pad-us-fee-managers","sourceUrl":"https://services.arcgis.com/v01gqwM5QqNysAAi/arcgis/rest/services/Fee_Managers_PADUS/FeatureServer/0","sourceUpdated":"2021-12-08T05:00:00.000Z","publicUse":"PAD-US reports restricted access; confirm permits and seasonal rules with the manager.","unit":"FWS","origin":"public-catalog"}},{"type":"Feature","id":"usgs-pad-us-fee-managers:5218","geometry":{"type":"MultiPolygon","coordinates":[[[[-122.1934,39.4061],[-122.1929,39.4061],[-122.1934,39.406],[-122.1934,39.4057],[-122.1929,39.4057],[-122.1927,39.4032],[-122.1926,39.3951],[-122.1929,39.3951],[-122.1947,39.4029],[-122.1949,39.4045],[-122.1947,39.4056],[-122.194,39.4065],[-122.194,39.4062],[-122.1934,39.4061]]],[[[-122.193,39.4073],[-122.1935,39.4073],[-122.1945,39.4083],[-122.195,39.4097],[-122.1931,39.4189],[-122.1927,39.4189],[-122.1927,39.413],[-122.193,39.4073]]],[[[-122.1365,39.4499],[-122.136,39.3712],[-122.1548,39.371],[-122.1547,39.3638],[-122.1734,39.3636],[-122.1735,39.3709],[-122.1917,39.3708],[-122.1922,39.4375],[-122.1919,39.4375],[-122.1919,39.4394],[-122.1922,39.4394],[-122.1923,39.4511],[-122.1365,39.4511],[-122.1365,39.4499]]]]},"properties":{"id":"usgs-pad-us-fee-managers:5218","name":"Sacramento National Wildlife Refuge","kind":"land","category":"public-land","sourceCategory":"public-land","sourceId":"usgs-pad-us-fee-managers","sourceUrl":"https://services.arcgis.com/v01gqwM5QqNysAAi/arcgis/rest/services/Fee_Managers_PADUS/FeatureServer/0","sourceUpdated":"2021-12-08T05:00:00.000Z","publicUse":"PAD-US reports restricted access; confirm permits and seasonal rules with the manager.","unit":"FWS","origin":"public-catalog"}},{"type":"Feature","id":"usgs-pad-us-fee-managers:5219","geometry":{"type":"MultiPolygon","coordinates":[[[[-121.9965,39.3698],[-121.9967,39.3696],[-122.0014,39.3699],[-122.0099,39.3706],[-122.0091,39.3728],[-122.009,39.3736],[-122.0098,39.3756],[-122.0055,39.3759],[-122.0024,39.3752],[-122.0001,39.375],[-122.0012,39.3736],[-122.0013,39.3716],[-121.9956,39.3715],[-121.9959,39.3705],[-121.9965,39.3698]]],[[[-121.9948,39.4252],[-121.9935,39.4249],[-121.9922,39.424],[-121.9915,39.4239],[-121.9919,39.4231],[-121.9923,39.4191],[-121.9923,39.4126],[-121.9909,39.4126],[-121.99,39.41],[-121.9924,39.41],[-121.9923,39.4119],[-122.0078,39.4118],[-122.0091,39.4166],[-122.0089,39.4178],[-122.0073,39.4193],[-122.0076,39.4193],[-122.0031,39.4212],[-122.002,39.4229],[-122.0019,39.4234],[-122.0015,39.4237],[-121.9994,39.4242],[-121.997,39.4257],[-121.9948,39.4252]]],[[[-122.0077,39.4338],[-122.0079,39.4332],[-122.0081,39.4332],[-122.0077,39.4338]]],[[[-122.0066,39.4349],[-122.0065,39.4354],[-122.0065,39.435],[-122.0066,39.4349]]],[[[-122.0065,39.4355],[-122.0063,39.4364],[-122.0058,39.437],[-122.0063,39.4356],[-122.0065,39.4355]]],[[[-121.996,39.4376],[-121.9953,39.4364],[-121.9966,39.4358],[-121.9883,39.4359],[-121.9876,39.4333],[-121.9872,39.4324],[-121.9872,39.4308],[-121.995,39.4306],[-121.995,39.4323],[-121.998,39.4308],[-122.0017,39.4299],[-122.0028,39.4294],[-122.0034,39.4297],[-122.0033,39.4331],[-122.0053,39.4331],[-122.0044,39.4343],[-122.0037,39.4349],[-122,39.4363],[-122.0008,39.4364],[-122.0019,39.4363],[-122.0017,39.4365],[-121.9985,39.4379],[-121.9972,39.439],[-121.996,39.4376]]],[[[-122.0113,39.4562],[-122.0095,39.4562],[-122.0095,39.4567],[-122.006,39.4565],[-121.9986,39.457],[-121.9991,39.4564],[-121.9977,39.4545],[-121.9974,39.4534],[-121.9957,39.4507],[-121.9953,39.4505],[-121.9952,39.4489],[-121.9952,39.4459],[-121.9959,39.4433],[-121.9976,39.4409],[-121.9991,39.4399],[-122.0006,39.4393],[-122.0034,39.4389],[-122.0034,39.4373],[-122.0118,39.4374],[-122.0127,39.4413],[-122.0142,39.4428],[-122.0173,39.4488],[-122.0172,39.453],[-122.015,39.4543],[-122.0136,39.4557],[-122.0126,39.4562],[-122.0113,39.4562]]],[[[-122.0071,39.4748],[-122.0017,39.4756],[-121.9984,39.4757],[-121.9984,39.4739],[-121.9981,39.473],[-121.9954,39.469],[-121.995,39.4672],[-121.9957,39.4654],[-121.996,39.4656],[-121.9961,39.4653],[-121.9963,39.4644],[-121.9963,39.4622],[-121.9957,39.4602],[-121.9986,39.4572],[-122.006,39.4568],[-122.0095,39.4569],[-122.0096,39.4585],[-122.0109,39.4599],[-122.0105,39.4599],[-122.0111,39.4616],[-122.0112,39.4635],[-122.0101,39.4675],[-122.0092,39.4687],[-122.0076,39.47],[-122.0083,39.4705],[-122.0096,39.4706],[-122.0106,39.4711],[-122.0114,39.4762],[-122.009,39.4753],[-122.0071,39.4748]]],[[[-121.9791,39.5153],[-121.9795,39.5149],[-121.9816,39.515],[-121.9833,39.5173],[-121.9838,39.5189],[-121.9831,39.5212],[-121.9824,39.5218],[-121.9819,39.5226],[-121.9798,39.5234],[-121.9792,39.5231],[-121.9792,39.5224],[-121.9783,39.5207],[-121.9784,39.5195],[-121.9793,39.5169],[-121.9791,39.5153]]],[[[-121.9926,39.5569],[-121.9909,39.5573],[-121.9895,39.5582],[-121.9887,39.5593],[-121.9902,39.5463],[-121.9886,39.5402],[-121.9848,39.5385],[-121.9856,39.5367],[-121.9839,39.5349],[-121.9805,39.5338],[-121.9784,39.5339],[-121.9767,39.5337],[-121.9748,39.5329],[-121.9722,39.5305],[-121.9729,39.5292],[-121.9779,39.5279],[-121.9796,39.5314],[-121.9813,39.5323],[-121.9851,39.5311],[-121.9873,39.5259],[-121.9871,39.5251],[-121.9889,39.5247],[-121.9888,39.5255],[-121.9891,39.5266],[-121.9898,39.5279],[-121.9912,39.5287],[-121.9916,39.5287],[-121.9933,39.5307],[-121.9927,39.5324],[-121.9931,39.5345],[-121.995,39.5373],[-121.9969,39.5417],[-121.9989,39.5483],[-122.0023,39.5571],[-122.0007,39.5574],[-121.9962,39.5571],[-121.9948,39.5567],[-121.9926,39.5569]]],[[[-121.994,39.5628],[-121.9931,39.562],[-121.993,39.5625],[-121.9926,39.5626],[-121.9923,39.562],[-121.9923,39.5629],[-121.9911,39.563],[-121.9903,39.5626],[-121.99,39.5622],[-121.9898,39.5611],[-121.9902,39.5599],[-121.9911,39.5587],[-121.9923,39.558],[-121.9932,39.5577],[-121.9957,39.5578],[-121.9966,39.5581],[-121.9966,39.5585],[-121.9977,39.5587],[-121.9979,39.559],[-122.0017,39.5595],[-122.0021,39.5594],[-122.0013,39.5603],[-121.9991,39.5606],[-121.9977,39.5618],[-121.9968,39.5639],[-121.9953,39.5636],[-121.994,39.5628]]],[[[-122.0041,39.5798],[-122.003,39.5794],[-122.0009,39.5802],[-121.9982,39.5805],[-121.998,39.5798],[-121.9982,39.578],[-121.9985,39.5767],[-121.9996,39.5751],[-122.0006,39.5744],[-122.0005,39.5751],[-122.0024,39.5743],[-122.0025,39.5746],[-122.0022,39.5764],[-122.0042,39.5797],[-122.0041,39.5798]]],[[[-121.9925,39.6082],[-121.9938,39.6087],[-121.9941,39.6124],[-121.9947,39.6146],[-121.9945,39.616],[-121.9827,39.616],[-121.983,39.6153],[-121.9861,39.6131],[-121.988,39.6124],[-121.9913,39.6087],[-121.9925,39.6082]]],[[[-122.0029,39.6306],[-121.9952,39.6305],[-122.0009,39.6305],[-121.9991,39.6302],[-121.9963,39.629],[-121.9939,39.629],[-121.9942,39.6289],[-121.994,39.6285],[-121.994,39.6255],[-122.0047,39.6255],[-122.0047,39.6269],[-122.0065,39.627],[-122.0053,39.6286],[-122.0042,39.6306],[-122.0029,39.6306]]],[[[-122.0016,39.6284],[-122.0006,39.6282],[-122.0006,39.6304],[-122.0021,39.6304],[-122.0016,39.6284]]],[[[-121.9922,39.6388],[-121.992,39.6386],[-121.9982,39.6387],[-121.9997,39.6407],[-121.9934,39.6407],[-121.9934,39.6396],[-121.9922,39.6388]]],[[[-121.9772,39.6464],[-121.974,39.6465],[-121.9711,39.6461],[-121.9702,39.6464],[-121.9693,39.6464],[-121.9596,39.636],[-121.946,39.6373],[-121.9662,39.6352],[-121.9892,39.6346],[-121.9875,39.6358],[-121.9874,39.6367],[-121.9863,39.6382],[-121.9859,39.6399],[-121.9863,39.6418],[-121.9861,39.644],[-121.9865,39.644],[-121.9869,39.6436],[-121.9876,39.6435],[-121.9888,39.6443],[-121.9893,39.6452],[-121.9889,39.6467],[-121.9884,39.6472],[-121.987,39.6478],[-121.9854,39.648],[-121.9841,39.6478],[-121.9833,39.6473],[-121.9791,39.6463],[-121.9772,39.6464]]],[[[-121.9703,39.6517],[-121.9709,39.6489],[-121.9715,39.6479],[-121.9726,39.6472],[-121.9732,39.6471],[-121.9767,39.648],[-121.9787,39.6494],[-121.9787,39.6499],[-121.9779,39.6499],[-121.9734,39.6524],[-121.97,39.6524],[-121.9703,39.6517]]],[[[-121.9671,39.6906],[-121.959,39.6906],[-121.9619,39.6909],[-121.9439,39.6909],[-121.9433,39.6911],[-121.9429,39.6911],[-121.9429,39.6905],[-121.9437,39.6896],[-121.9488,39.6884],[-121.9503,39.6884],[-121.9518,39.6892],[-121.953,39.6895],[-121.9543,39.6894],[-121.9565,39.6887],[-121.9624,39.6857],[-121.9636,39.6841],[-121.9641,39.683],[-121.9641,39.6823],[-121.966,39.6824],[-121.9681,39.6821],[-121.9682,39.6789],[-121.9703,39.6777],[-121.9719,39.6776],[-121.9724,39.6784],[-121.9744,39.6802],[-121.9754,39.6807],[-121.9767,39.6817],[-121.9767,39.682],[-121.975,39.6805],[-121.9741,39.6801],[-121.9705,39.68],[-121.9717,39.6821],[-121.9719,39.6837],[-121.9716,39.6864],[-121.9714,39.6866],[-121.9701,39.6892],[-121.9688,39.6902],[-121.9671,39.6906]]],[[[-121.9448,39.6984],[-121.9447,39.6981],[-121.9472,39.6982],[-121.9483,39.6995],[-121.9521,39.6994],[-121.956,39.7],[-121.958,39.7005],[-121.9587,39.7011],[-121.9614,39.7014],[-121.9631,39.7023],[-121.9653,39.7041],[-121.9662,39.705],[-121.9665,39.7063],[-121.9664,39.7077],[-121.9702,39.7077],[-121.9702,39.7119],[-121.9916,39.7125],[-121.993,39.7128],[-121.9588,39.7127],[-121.9571,39.7131],[-121.9547,39.7127],[-121.9482,39.7128],[-121.946,39.7101],[-121.9451,39.7075],[-121.9453,39.7063],[-121.9462,39.7045],[-121.9451,39.7013],[-121.9448,39.6984]]],[[[-121.9912,39.7523],[-121.9838,39.7523],[-121.9712,39.7531],[-121.9706,39.7526],[-121.9705,39.7511],[-121.9693,39.7497],[-121.968,39.7471],[-121.9668,39.7461],[-121.9665,39.7453],[-121.965,39.7441],[-121.9646,39.7434],[-121.965,39.7433],[-121.9656,39.7441],[-121.9671,39.7452],[-121.9673,39.7459],[-121.9691,39.7474],[-121.9721,39.7468],[-121.9701,39.7439],[-121.9719,39.7431],[-121.97,39.7405],[-121.9703,39.7402],[-121.973,39.7388],[-121.9746,39.7413],[-121.975,39.7406],[-121.9781,39.7388],[-121.9816,39.7383],[-121.9839,39.7386],[-121.9869,39.7419],[-121.9859,39.7422],[-121.9889,39.7467],[-121.9886,39.7468],[-121.9912,39.7523]]],[[[-122.0211,39.7646],[-122.0203,39.7636],[-122.0216,39.7643],[-122.0197,39.7617],[-122.0217,39.7627],[-122.0238,39.7628],[-122.0257,39.7636],[-122.0282,39.765],[-122.03,39.7654],[-122.0346,39.7709],[-122.0313,39.7718],[-122.0319,39.7728],[-122.033,39.7755],[-122.0317,39.7755],[-122.0313,39.7743],[-122.0305,39.7742],[-122.0298,39.7728],[-122.026,39.7701],[-122.0262,39.7694],[-122.0297,39.7685],[-122.0294,39.7682],[-122.0278,39.7671],[-122.0241,39.7659],[-122.0221,39.7655],[-122.0211,39.7646]]],[[[-122.0289,39.7788],[-122.0292,39.7787],[-122.0298,39.7776],[-122.0321,39.7775],[-122.0335,39.7788],[-122.0354,39.7795],[-122.036,39.781],[-122.0382,39.7824],[-122.0316,39.7824],[-122.0292,39.7805],[-122.0289,39.7798],[-122.0289,39.7788]]],[[[-122.0703,39.8411],[-122.0704,39.8407],[-122.0713,39.841],[-122.072,39.8426],[-122.0719,39.8456],[-122.0697,39.848],[-122.0685,39.8511],[-122.0666,39.8534],[-122.0656,39.8538],[-122.062,39.8564],[-122.0633,39.854],[-122.0634,39.8526],[-122.0631,39.8516],[-122.0612,39.8493],[-122.0621,39.8485],[-122.0643,39.8475],[-122.0685,39.845],[-122.0701,39.8424],[-122.0703,39.8411]]],[[[-122.0592,39.8514],[-122.0598,39.8507],[-122.0608,39.8519],[-122.0614,39.8522],[-122.0615,39.853],[-122.06,39.8544],[-122.0596,39.858],[-122.0584,39.8588],[-122.0577,39.8552],[-122.0579,39.8533],[-122.0582,39.852],[-122.0592,39.8514]]],[[[-122.0795,39.9102],[-122.0766,39.9112],[-122.0757,39.91],[-122.075,39.9095],[-122.0748,39.9096],[-122.0722,39.908],[-122.072,39.9071],[-122.0715,39.9064],[-122.075,39.9052],[-122.0738,39.9039],[-122.073,39.9035],[-122.0653,39.9063],[-122.0644,39.9045],[-122.0643,39.9056],[-122.064,39.9061],[-122.0628,39.9057],[-122.0601,39.9043],[-122.0567,39.9036],[-122.0549,39.9029],[-122.0537,39.9007],[-122.0534,39.8996],[-122.0535,39.8972],[-122.0521,39.8975],[-122.0491,39.8963],[-122.0466,39.8946],[-122.0461,39.894],[-122.0449,39.8912],[-122.0443,39.8914],[-122.0425,39.8907],[-122.042,39.8901],[-122.039,39.8848],[-122.0388,39.8838],[-122.0423,39.8838],[-122.0485,39.8852],[-122.0489,39.8844],[-122.05,39.8844],[-122.0519,39.8839],[-122.0557,39.8839],[-122.0583,39.8823],[-122.0614,39.8815],[-122.0637,39.8812],[-122.0642,39.8813],[-122.0643,39.8816],[-122.0633,39.8829],[-122.0624,39.885],[-122.062,39.8865],[-122.0616,39.889],[-122.062,39.8909],[-122.0636,39.8941],[-122.0639,39.8941],[-122.0668,39.8972],[-122.07,39.8999],[-122.0718,39.9011],[-122.0767,39.9033],[-122.0815,39.9047],[-122.0841,39.9058],[-122.0837,39.9064],[-122.0856,39.9071],[-122.0865,39.9079],[-122.089,39.9107],[-122.084,39.9127],[-122.0814,39.9116],[-122.0795,39.9102]]],[[[-122.1062,40.0062],[-122.1066,40.0074],[-122.1074,40.0085],[-122.1146,40.0147],[-122.1074,40.0149],[-122.1059,40.0145],[-122.1046,40.0136],[-122.1028,40.0105],[-122.1025,40.0082],[-122.103,40.0073],[-122.1036,40.0069],[-122.1062,40.0062]]],[[[-122.1288,40.074],[-122.1274,40.0734],[-122.127,40.0736],[-122.1261,40.0734],[-122.1265,40.0704],[-122.1255,40.0685],[-122.1242,40.0671],[-122.1216,40.0661],[-122.12,40.066],[-122.1192,40.0647],[-122.1174,40.0648],[-122.1164,40.0645],[-122.1161,40.0642],[-122.1162,40.0641],[-122.1146,40.0638],[-122.1126,40.063],[-122.1118,40.0624],[-122.1114,40.0617],[-122.1115,40.0605],[-122.1112,40.0582],[-122.1114,40.0569],[-122.1131,40.0546],[-122.1147,40.0536],[-122.1149,40.0532],[-122.1142,40.0513],[-122.1141,40.0497],[-122.1136,40.0479],[-122.1137,40.047],[-122.1156,40.0428],[-122.1172,40.0441],[-122.1198,40.0441],[-122.1204,40.0444],[-122.1191,40.0476],[-122.119,40.0501],[-122.1206,40.0514],[-122.122,40.0532],[-122.1241,40.0534],[-122.124,40.0537],[-122.1244,40.0579],[-122.1254,40.0591],[-122.1272,40.0621],[-122.1274,40.0641],[-122.1272,40.0654],[-122.1269,40.0655],[-122.1292,40.0672],[-122.1294,40.0676],[-122.1295,40.0696],[-122.1304,40.0697],[-122.1304,40.0739],[-122.1288,40.074]]],[[[-122.1152,40.0932],[-122.114,40.0911],[-122.1136,40.09],[-122.1123,40.0891],[-122.1119,40.0876],[-122.1129,40.0857],[-122.1148,40.0857],[-122.1159,40.0864],[-122.1171,40.0847],[-122.1226,40.0869],[-122.1253,40.0886],[-122.1263,40.0894],[-122.1272,40.0906],[-122.1221,40.0912],[-122.1213,40.0934],[-122.1194,40.0949],[-122.1183,40.0951],[-122.1166,40.0947],[-122.1152,40.0932]]],[[[-122.1291,40.1021],[-122.129,40.1012],[-122.1298,40.0999],[-122.13,40.1],[-122.132,40.1013],[-122.1317,40.1007],[-122.1333,40.1017],[-122.1347,40.1022],[-122.1371,40.1034],[-122.1386,40.105],[-122.1388,40.1063],[-122.1378,40.1076],[-122.1357,40.1093],[-122.1336,40.1129],[-122.1331,40.1131],[-122.1312,40.1119],[-122.1324,40.1111],[-122.1319,40.1095],[-122.1318,40.1073],[-122.1313,40.1061],[-122.1289,40.1026],[-122.1291,40.1021]]],[[[-122.1353,40.1132],[-122.1379,40.1101],[-122.1383,40.1091],[-122.139,40.1088],[-122.1392,40.1089],[-122.1391,40.1094],[-122.1374,40.1115],[-122.1372,40.1126],[-122.139,40.1099],[-122.1394,40.1096],[-122.1401,40.1113],[-122.142,40.1116],[-122.1437,40.1129],[-122.1442,40.1138],[-122.1441,40.1151],[-122.1433,40.116],[-122.1412,40.1177],[-122.1377,40.1195],[-122.1354,40.1158],[-122.135,40.1144],[-122.1353,40.1132]]],[[[-122.1402,40.1408],[-122.1407,40.1406],[-122.1411,40.1388],[-122.1415,40.1386],[-122.1411,40.137],[-122.1418,40.1367],[-122.1428,40.1384],[-122.143,40.1398],[-122.1438,40.1413],[-122.1465,40.1439],[-122.1492,40.145],[-122.1445,40.145],[-122.142,40.1434],[-122.141,40.1422],[-122.141,40.1418],[-122.1402,40.141],[-122.1402,40.1408]]],[[[-122.1546,40.146],[-122.1531,40.1455],[-122.1482,40.1426],[-122.1473,40.1425],[-122.1464,40.1408],[-122.1481,40.1417],[-122.1482,40.1415],[-122.1447,40.1389],[-122.1424,40.1366],[-122.1413,40.1351],[-122.1411,40.1335],[-122.1412,40.1333],[-122.1412,40.1293],[-122.1409,40.1275],[-122.1396,40.1228],[-122.1379,40.1199],[-122.1399,40.1192],[-122.143,40.1171],[-122.1445,40.1157],[-122.145,40.1144],[-122.1447,40.113],[-122.1441,40.1122],[-122.1426,40.1111],[-122.1408,40.1105],[-122.1407,40.1099],[-122.1397,40.109],[-122.1402,40.1066],[-122.1404,40.1044],[-122.1401,40.1035],[-122.1391,40.102],[-122.1376,40.101],[-122.1327,40.0995],[-122.1315,40.0989],[-122.1309,40.0981],[-122.1306,40.0971],[-122.1308,40.0945],[-122.1311,40.0944],[-122.1309,40.0937],[-122.132,40.0932],[-122.1311,40.0913],[-122.1305,40.091],[-122.13,40.0911],[-122.1288,40.0903],[-122.1262,40.087],[-122.1242,40.0854],[-122.1183,40.0833],[-122.1167,40.0822],[-122.1169,40.0809],[-122.1176,40.0793],[-122.1197,40.078],[-122.123,40.077],[-122.1243,40.076],[-122.1258,40.0739],[-122.1274,40.074],[-122.1287,40.0744],[-122.1309,40.0743],[-122.1319,40.0745],[-122.133,40.0753],[-122.1357,40.0759],[-122.1363,40.0782],[-122.1359,40.0791],[-122.1353,40.0796],[-122.1356,40.0814],[-122.1349,40.0819],[-122.135,40.0826],[-122.1342,40.0839],[-122.1368,40.0843],[-122.1362,40.0903],[-122.1384,40.0917],[-122.1356,40.0928],[-122.1363,40.0927],[-122.1393,40.0938],[-122.1396,40.0965],[-122.1412,40.0975],[-122.1413,40.0989],[-122.1426,40.1008],[-122.1433,40.1014],[-122.1443,40.1018],[-122.1456,40.103],[-122.1461,40.104],[-122.1456,40.1064],[-122.1474,40.106],[-122.1474,40.1073],[-122.1458,40.11],[-122.1462,40.1111],[-122.1465,40.1115],[-122.1472,40.1117],[-122.1475,40.1125],[-122.147,40.1136],[-122.1488,40.1142],[-122.1507,40.1154],[-122.152,40.1165],[-122.153,40.1179],[-122.153,40.1194],[-122.1525,40.1203],[-122.1489,40.1229],[-122.1567,40.1332],[-122.1555,40.1348],[-122.1652,40.1391],[-122.1611,40.1447],[-122.1566,40.1461],[-122.1546,40.146]]]]},"properties":{"id":"usgs-pad-us-fee-managers:5219","name":"Sacramento River National Wildlife Refuge","kind":"land","category":"public-land","sourceCategory":"public-land","sourceId":"usgs-pad-us-fee-managers","sourceUrl":"https://services.arcgis.com/v01gqwM5QqNysAAi/arcgis/rest/services/Fee_Managers_PADUS/FeatureServer/0","sourceUpdated":"2021-12-08T05:00:00.000Z","publicUse":"PAD-US reports restricted access; confirm permits and seasonal rules with the manager.","unit":"FWS","origin":"public-catalog"}},{"type":"Feature","id":"usgs-pad-us-fee-managers:5220","geometry":{"type":"Polygon","coordinates":[[[-121.794,36.74],[-121.7924,36.7406],[-121.7897,36.7389],[-121.79,36.735],[-121.7937,36.7345],[-121.79,36.7262],[-121.7879,36.727],[-121.7871,36.7269],[-121.7878,36.7269],[-121.79,36.726],[-121.7938,36.7345],[-121.8064,36.7329],[-121.8054,36.7429],[-121.8038,36.7485],[-121.794,36.74]]]},"properties":{"id":"usgs-pad-us-fee-managers:5220","name":"Salinas River National Wildlife Refuge","kind":"land","category":"public-land","sourceCategory":"public-land","sourceId":"usgs-pad-us-fee-managers","sourceUrl":"https://services.arcgis.com/v01gqwM5QqNysAAi/arcgis/rest/services/Fee_Managers_PADUS/FeatureServer/0","sourceUpdated":"2021-12-08T05:00:00.000Z","publicUse":"PAD-US reports restricted access; confirm permits and seasonal rules with the manager.","unit":"FWS","origin":"public-catalog"}},{"type":"Feature","id":"usgs-pad-us-fee-managers:5228","geometry":{"type":"MultiPolygon","coordinates":[[[[-117.0905,32.5894],[-117.0926,32.5894],[-117.0925,32.5912],[-117.0905,32.5912],[-117.0905,32.5894]]],[[[-117.0887,32.592],[-117.0886,32.5913],[-117.0904,32.5913],[-117.0904,32.592],[-117.0887,32.592]]],[[[-117.0906,32.592],[-117.0906,32.5913],[-117.0925,32.5913],[-117.0925,32.592],[-117.0906,32.592]]],[[[-117.0889,32.5928],[-117.0888,32.5921],[-117.0904,32.5921],[-117.0904,32.5928],[-117.0889,32.5928]]],[[[-117.0906,32.5928],[-117.0906,32.5921],[-117.0925,32.5921],[-117.0922,32.5928],[-117.0906,32.5928]]],[[[-117.089,32.5938],[-117.0889,32.5929],[-117.0926,32.5929],[-117.0926,32.5948],[-117.0908,32.5948],[-117.0907,32.5939],[-117.089,32.5938]]],[[[-117.0927,32.5948],[-117.0928,32.5894],[-117.0948,32.5894],[-117.0948,32.5912],[-117.0949,32.5894],[-117.097,32.5894],[-117.097,32.5936],[-117.095,32.5949],[-117.0927,32.5948]]],[[[-117.1039,32.6317],[-117.1046,32.6318],[-117.1048,32.6322],[-117.1041,32.6335],[-117.1044,32.6343],[-117.1024,32.6349],[-117.1014,32.6324],[-117.1039,32.6317]]],[[[-117.1066,32.6496],[-117.1063,32.6496],[-117.1034,32.6421],[-117.1066,32.6421],[-117.1065,32.6408],[-117.1071,32.6396],[-117.1068,32.6381],[-117.1069,32.6374],[-117.1075,32.6371],[-117.1078,32.6364],[-117.1084,32.636],[-117.1093,32.6367],[-117.1133,32.6377],[-117.1151,32.6397],[-117.1153,32.6412],[-117.1141,32.643],[-117.115,32.646],[-117.1141,32.6459],[-117.1137,32.6461],[-117.1136,32.6469],[-117.113,32.6472],[-117.1104,32.6468],[-117.1097,32.6469],[-117.1089,32.6479],[-117.1084,32.6491],[-117.1066,32.6496]]],[[[-117.1029,32.6425],[-117.1057,32.6498],[-117.1046,32.6501],[-117.1042,32.6486],[-117.1044,32.6484],[-117.1031,32.6449],[-117.102,32.6429],[-117.1029,32.6425]]],[[[-117.1071,32.6568],[-117.1054,32.6518],[-117.105,32.6513],[-117.1062,32.651],[-117.1072,32.6534],[-117.1088,32.6547],[-117.1094,32.6555],[-117.1101,32.6578],[-117.1091,32.658],[-117.1093,32.6585],[-117.1083,32.6587],[-117.1077,32.6581],[-117.1071,32.6568]]]]},"properties":{"id":"usgs-pad-us-fee-managers:5228","name":"San Diego Bay National Wildlife Refuge","kind":"land","category":"public-land","sourceCategory":"public-land","sourceId":"usgs-pad-us-fee-managers","sourceUrl":"https://services.arcgis.com/v01gqwM5QqNysAAi/arcgis/rest/services/Fee_Managers_PADUS/FeatureServer/0","sourceUpdated":"2021-12-08T05:00:00.000Z","publicUse":"PAD-US reports restricted access; confirm permits and seasonal rules with the manager.","unit":"FWS","origin":"public-catalog"}},{"type":"Feature","id":"usgs-pad-us-fee-managers:5229","geometry":{"type":"MultiPolygon","coordinates":[[[[-116.8664,32.6416],[-116.8663,32.6376],[-116.8707,32.6376],[-116.8708,32.6303],[-116.8757,32.6304],[-116.8757,32.6227],[-116.8801,32.6227],[-116.88,32.638],[-116.8743,32.6394],[-116.8664,32.6451],[-116.8664,32.6416]]],[[[-116.8891,32.6448],[-116.8849,32.6448],[-116.8849,32.6485],[-116.8746,32.6485],[-116.8747,32.647],[-116.8903,32.6409],[-116.8933,32.6411],[-116.8934,32.6557],[-116.8892,32.6557],[-116.8891,32.6448]]],[[[-116.9257,32.6795],[-116.9235,32.6793],[-116.9235,32.6775],[-116.9257,32.6776],[-116.9257,32.6795]]],[[[-116.9626,32.671],[-116.9626,32.6674],[-116.967,32.6674],[-116.9669,32.6627],[-116.9689,32.6626],[-116.9704,32.6647],[-116.9696,32.6651],[-116.9693,32.6659],[-116.9686,32.6664],[-116.9686,32.6686],[-116.9692,32.669],[-116.9691,32.6698],[-116.9685,32.6702],[-116.9685,32.6708],[-116.9681,32.6715],[-116.9681,32.672],[-116.9686,32.6723],[-116.9626,32.6721],[-116.9626,32.671]]],[[[-116.9924,32.6648],[-116.9892,32.6638],[-116.9854,32.6647],[-116.9844,32.6653],[-116.9842,32.6642],[-116.9838,32.6637],[-116.9804,32.6611],[-116.9816,32.6603],[-116.9926,32.6603],[-116.994,32.6629],[-116.9946,32.6655],[-116.9952,32.6663],[-116.9954,32.6671],[-116.9954,32.6674],[-116.9939,32.6656],[-116.9924,32.6648]]],[[[-116.9474,32.6781],[-116.9485,32.6781],[-116.9485,32.6785],[-116.9474,32.6785],[-116.9474,32.6781]]],[[[-116.9015,32.6856],[-116.9023,32.6855],[-116.9024,32.688],[-116.9001,32.688],[-116.9005,32.6875],[-116.9008,32.6861],[-116.9015,32.6856]]],[[[-116.9875,32.6705],[-116.9867,32.6707],[-116.9859,32.6705],[-116.9866,32.6696],[-116.9861,32.6681],[-116.9853,32.6678],[-116.9853,32.6674],[-116.9847,32.6666],[-116.9846,32.6654],[-116.9852,32.6651],[-116.9852,32.6659],[-116.9859,32.6664],[-116.988,32.6643],[-116.9894,32.6641],[-116.9917,32.6649],[-116.994,32.6662],[-116.9942,32.6666],[-116.9938,32.667],[-116.9933,32.6662],[-116.9917,32.6652],[-116.99,32.6655],[-116.9895,32.6659],[-116.9892,32.6672],[-116.9885,32.6675],[-116.9886,32.6688],[-116.9901,32.6699],[-116.9898,32.672],[-116.9882,32.6714],[-116.9884,32.6711],[-116.9883,32.6708],[-116.9875,32.6705]]],[[[-116.9902,32.6652],[-116.9901,32.6652],[-116.9901,32.6652],[-116.9902,32.6652]]],[[[-116.894,32.6881],[-116.894,32.6867],[-116.8961,32.6866],[-116.8961,32.6881],[-116.8982,32.688],[-116.8982,32.6917],[-116.894,32.6917],[-116.894,32.6881]]],[[[-116.98,32.6724],[-116.981,32.6714],[-116.9818,32.6716],[-116.9838,32.671],[-116.9839,32.6714],[-116.9837,32.673],[-116.985,32.6746],[-116.9851,32.6755],[-116.9834,32.6743],[-116.9816,32.6738],[-116.98,32.6724]]],[[[-116.9962,32.6609],[-116.9962,32.6621],[-116.9967,32.6634],[-116.9968,32.6645],[-116.9984,32.6665],[-116.9988,32.6675],[-116.999,32.6687],[-117.0001,32.6695],[-117.0004,32.6701],[-117.0004,32.6715],[-117.0016,32.6746],[-116.9986,32.6754],[-116.9956,32.6679],[-116.9956,32.6664],[-116.9949,32.6653],[-116.9946,32.6637],[-116.9937,32.6615],[-116.9962,32.6609]]],[[[-116.8661,32.7336],[-116.866,32.73],[-116.8668,32.73],[-116.868,32.7291],[-116.8695,32.7293],[-116.8694,32.7296],[-116.8701,32.7295],[-116.8709,32.729],[-116.8707,32.7288],[-116.8715,32.7287],[-116.8715,32.729],[-116.8723,32.7291],[-116.8738,32.7301],[-116.8746,32.7337],[-116.8661,32.7336]]],[[[-116.868,32.7293],[-116.8679,32.7293],[-116.868,32.7293],[-116.868,32.7293]]],[[[-116.8652,32.7434],[-116.865,32.7438],[-116.864,32.7437],[-116.8631,32.7434],[-116.8635,32.7427],[-116.8617,32.742],[-116.8624,32.7408],[-116.8616,32.7408],[-116.8614,32.7371],[-116.8569,32.737],[-116.8567,32.7334],[-116.8656,32.7335],[-116.8662,32.7415],[-116.866,32.7419],[-116.8663,32.742],[-116.8663,32.7427],[-116.8657,32.7437],[-116.8652,32.7434]]],[[[-116.8633,32.7408],[-116.8643,32.7412],[-116.8645,32.7408],[-116.8633,32.7408]]],[[[-116.836,32.7551],[-116.8353,32.7479],[-116.8442,32.7479],[-116.8444,32.7514],[-116.84,32.7514],[-116.8404,32.755],[-116.836,32.7551]]],[[[-116.9257,32.6795],[-116.9279,32.6796],[-116.9279,32.6768],[-116.9257,32.6767],[-116.9257,32.674],[-116.9279,32.6741],[-116.9278,32.6669],[-116.9322,32.667],[-116.9322,32.6651],[-116.9344,32.6651],[-116.9344,32.6706],[-116.9322,32.6706],[-116.9322,32.6792],[-116.9328,32.6792],[-116.9335,32.6797],[-116.9346,32.6789],[-116.9348,32.6778],[-116.9358,32.6768],[-116.9365,32.6756],[-116.9365,32.678],[-116.9473,32.6781],[-116.9473,32.6785],[-116.9451,32.6785],[-116.9451,32.6795],[-116.9495,32.6795],[-116.9495,32.6854],[-116.9581,32.6855],[-116.9581,32.6782],[-116.9602,32.6782],[-116.9603,32.6764],[-116.9624,32.6764],[-116.9625,32.6739],[-116.9711,32.6743],[-116.9713,32.6745],[-116.9713,32.6763],[-116.9757,32.6762],[-116.9757,32.6798],[-116.9801,32.6797],[-116.9801,32.6816],[-116.9844,32.6815],[-116.9844,32.6852],[-116.9887,32.6852],[-116.9887,32.6826],[-116.9898,32.6823],[-116.9918,32.683],[-116.9918,32.6851],[-116.9898,32.6851],[-116.9898,32.6867],[-116.9886,32.6867],[-116.9886,32.6888],[-116.9861,32.69],[-116.9791,32.69],[-116.9779,32.6927],[-116.9775,32.6998],[-116.9754,32.702],[-116.9685,32.702],[-116.9685,32.7012],[-116.9674,32.7012],[-116.9652,32.7023],[-116.9627,32.7014],[-116.9581,32.7013],[-116.956,32.7083],[-116.9568,32.7116],[-116.9562,32.7122],[-116.9579,32.7124],[-116.9581,32.7113],[-116.958,32.7103],[-116.9611,32.7065],[-116.9625,32.7072],[-116.9623,32.7251],[-116.9605,32.7248],[-116.959,32.7257],[-116.9578,32.7255],[-116.9573,32.7258],[-116.9571,32.7271],[-116.9556,32.7289],[-116.955,32.7309],[-116.9556,32.7313],[-116.9565,32.7323],[-116.9562,32.7326],[-116.9577,32.7339],[-116.9566,32.7362],[-116.9541,32.7387],[-116.9518,32.7396],[-116.9484,32.7386],[-116.9483,32.738],[-116.949,32.7367],[-116.9495,32.7372],[-116.952,32.7351],[-116.947,32.7301],[-116.9479,32.7295],[-116.9484,32.7288],[-116.949,32.7288],[-116.9489,32.7266],[-116.9466,32.7266],[-116.946,32.7298],[-116.9448,32.7315],[-116.943,32.7327],[-116.9433,32.7329],[-116.9429,32.7331],[-116.9432,32.7333],[-116.9425,32.7337],[-116.9407,32.7324],[-116.9404,32.7325],[-116.939,32.7312],[-116.9363,32.7302],[-116.9334,32.7293],[-116.9333,32.7295],[-116.9249,32.7276],[-116.9278,32.7247],[-116.9294,32.7241],[-116.9311,32.7225],[-116.9302,32.7213],[-116.9294,32.7212],[-116.9293,32.7203],[-116.9286,32.7197],[-116.928,32.7186],[-116.928,32.7181],[-116.9372,32.7176],[-116.9372,32.7135],[-116.9304,32.7143],[-116.9303,32.7168],[-116.9302,32.7142],[-116.9279,32.7145],[-116.9279,32.7182],[-116.9235,32.718],[-116.9234,32.7194],[-116.9226,32.7194],[-116.9226,32.7202],[-116.9234,32.7202],[-116.9234,32.7219],[-116.9123,32.7219],[-116.9123,32.7241],[-116.9116,32.7242],[-116.9116,32.7236],[-116.9102,32.7238],[-116.9102,32.7248],[-116.9066,32.7248],[-116.9063,32.7282],[-116.9041,32.728],[-116.9041,32.7282],[-116.9039,32.7281],[-116.904,32.7293],[-116.9018,32.7293],[-116.9017,32.7365],[-116.8975,32.7365],[-116.8965,32.7373],[-116.8965,32.7378],[-116.8959,32.7389],[-116.8944,32.7381],[-116.8934,32.737],[-116.8931,32.7329],[-116.8827,32.7334],[-116.8818,32.7328],[-116.8807,32.7328],[-116.8809,32.7317],[-116.8797,32.732],[-116.8793,32.7313],[-116.8787,32.7314],[-116.8785,32.73],[-116.8834,32.7298],[-116.8842,32.7221],[-116.8876,32.7223],[-116.8915,32.7236],[-116.8926,32.7246],[-116.8941,32.7278],[-116.895,32.7289],[-116.896,32.7294],[-116.8978,32.7295],[-116.9012,32.7282],[-116.9034,32.7282],[-116.9034,32.7279],[-116.9013,32.7279],[-116.8988,32.7288],[-116.8987,32.7286],[-116.8984,32.7287],[-116.8985,32.7289],[-116.8976,32.7292],[-116.8975,32.729],[-116.8963,32.7289],[-116.8953,32.7283],[-116.8942,32.7267],[-116.8939,32.7256],[-116.8935,32.7258],[-116.8926,32.7241],[-116.8939,32.7233],[-116.8932,32.7225],[-116.892,32.7233],[-116.8918,32.723],[-116.892,32.7224],[-116.8918,32.7219],[-116.8906,32.7211],[-116.8887,32.7208],[-116.8893,32.7174],[-116.8939,32.7172],[-116.8946,32.7137],[-116.9029,32.7137],[-116.9027,32.7172],[-116.9108,32.7172],[-116.9114,32.7137],[-116.9114,32.7101],[-116.9072,32.7101],[-116.9072,32.7137],[-116.903,32.7137],[-116.903,32.71],[-116.8943,32.71],[-116.8941,32.7063],[-116.8919,32.7063],[-116.8927,32.7039],[-116.8935,32.7039],[-116.8947,32.7042],[-116.8985,32.7034],[-116.8985,32.7063],[-116.9071,32.7064],[-116.907,32.6991],[-116.9156,32.6991],[-116.915,32.6882],[-116.9193,32.6884],[-116.9191,32.6809],[-116.9257,32.6813],[-116.9257,32.6795]]],[[[-116.9365,32.6852],[-116.945,32.6852],[-116.9451,32.6817],[-116.9279,32.6814],[-116.9279,32.6851],[-116.9365,32.6852]]],[[[-116.945,32.6905],[-116.9452,32.6905],[-116.9452,32.6888],[-116.945,32.6888],[-116.945,32.6905]]],[[[-116.945,32.6925],[-116.9493,32.6925],[-116.9493,32.692],[-116.945,32.692],[-116.945,32.6916],[-116.9407,32.6916],[-116.9407,32.6925],[-116.945,32.6925]]],[[[-116.9374,32.6946],[-116.9361,32.6948],[-116.9354,32.6958],[-116.9353,32.6967],[-116.9327,32.6967],[-116.9328,32.6991],[-116.9344,32.6989],[-116.9343,32.6994],[-116.9375,32.6993],[-116.9373,32.6989],[-116.938,32.6985],[-116.9388,32.6978],[-116.9385,32.6971],[-116.9391,32.6965],[-116.9389,32.6957],[-116.9381,32.6948],[-116.9374,32.6946]]],[[[-116.9408,32.6982],[-116.9408,32.697],[-116.9407,32.6978],[-116.9408,32.6982]]],[[[-116.9394,32.6993],[-116.9396,32.6991],[-116.9403,32.6991],[-116.9408,32.6989],[-116.9396,32.6989],[-116.9391,32.6993],[-116.9394,32.6993]]],[[[-116.9302,32.7142],[-116.9314,32.7141],[-116.9315,32.7141],[-116.9302,32.7142]]],[[[-116.942,32.7316],[-116.9428,32.7301],[-116.9425,32.73],[-116.9415,32.7314],[-116.942,32.7316]]],[[[-116.9291,32.7435],[-116.9286,32.7435],[-116.9286,32.7432],[-116.9279,32.7428],[-116.9279,32.7412],[-116.9312,32.7402],[-116.9309,32.7399],[-116.9311,32.7388],[-116.9297,32.7387],[-116.9275,32.7401],[-116.9242,32.7393],[-116.9219,32.7394],[-116.9211,32.7397],[-116.9192,32.739],[-116.9187,32.7338],[-116.9246,32.7279],[-116.9255,32.7282],[-116.9225,32.7311],[-116.9233,32.7321],[-116.9239,32.7321],[-116.9246,32.7317],[-116.9253,32.7322],[-116.9273,32.7324],[-116.9281,32.7313],[-116.9291,32.7308],[-116.9293,32.7302],[-116.9309,32.7305],[-116.9316,32.7301],[-116.9342,32.7305],[-116.937,32.7318],[-116.938,32.7319],[-116.9384,32.7314],[-116.9396,32.7323],[-116.9405,32.7339],[-116.9403,32.7344],[-116.9398,32.7347],[-116.9385,32.7348],[-116.9376,32.7354],[-116.937,32.7372],[-116.9371,32.738],[-116.9362,32.7393],[-116.9359,32.7404],[-116.9359,32.7411],[-116.9362,32.7418],[-116.9357,32.7415],[-116.9353,32.7424],[-116.9297,32.7445],[-116.9297,32.744],[-116.9291,32.7435]]],[[[-116.9347,32.7358],[-116.9349,32.7354],[-116.9343,32.7352],[-116.9342,32.7356],[-116.9347,32.7358]]],[[[-116.9296,32.7344],[-116.9295,32.7333],[-116.9282,32.7334],[-116.9283,32.7345],[-116.9296,32.7344]]],[[[-116.959,32.7452],[-116.9582,32.7448],[-116.958,32.7447],[-116.9583,32.7445],[-116.9553,32.7421],[-116.9544,32.741],[-116.9521,32.7398],[-116.9538,32.7392],[-116.9548,32.7385],[-116.957,32.7362],[-116.9579,32.7342],[-116.9593,32.7347],[-116.959,32.7355],[-116.9572,32.7381],[-116.957,32.7395],[-116.9561,32.7403],[-116.956,32.7408],[-116.9571,32.7424],[-116.9583,32.7431],[-116.9602,32.7439],[-116.9606,32.7445],[-116.9621,32.7447],[-116.9621,32.7451],[-116.9618,32.7452],[-116.9594,32.7454],[-116.959,32.7452]]],[[[-116.937,32.7506],[-116.938,32.7505],[-116.9389,32.7508],[-116.9404,32.752],[-116.9381,32.7545],[-116.9367,32.7534],[-116.9363,32.7529],[-116.9364,32.7513],[-116.937,32.7506]]],[[[-116.861,32.7729],[-116.8609,32.7754],[-116.8562,32.7751],[-116.8562,32.7743],[-116.8552,32.7742],[-116.8549,32.769],[-116.8581,32.7692],[-116.8578,32.7656],[-116.8494,32.7655],[-116.849,32.7585],[-116.8495,32.7585],[-116.8495,32.755],[-116.8489,32.755],[-116.8489,32.7514],[-116.853,32.7514],[-116.8531,32.7585],[-116.8573,32.7585],[-116.8572,32.7514],[-116.8619,32.7514],[-116.862,32.7585],[-116.8667,32.7585],[-116.8666,32.7465],[-116.8688,32.7469],[-116.8693,32.7475],[-116.8693,32.7479],[-116.8881,32.7476],[-116.8882,32.7482],[-116.888,32.7485],[-116.8887,32.7491],[-116.8901,32.7476],[-116.8929,32.7476],[-116.8925,32.7485],[-116.8929,32.7489],[-116.8933,32.7491],[-116.8934,32.7546],[-116.8891,32.7547],[-116.8891,32.7583],[-116.8848,32.7584],[-116.8848,32.7621],[-116.882,32.7637],[-116.8802,32.7659],[-116.8803,32.7695],[-116.8759,32.7696],[-116.8761,32.7756],[-116.8717,32.7754],[-116.8717,32.7745],[-116.8702,32.7745],[-116.8702,32.7732],[-116.861,32.7729]]],[[[-116.8761,32.7586],[-116.8761,32.755],[-116.8714,32.755],[-116.8714,32.7586],[-116.8761,32.7586]]],[[[-116.8762,32.7824],[-116.8831,32.7856],[-116.8856,32.787],[-116.8873,32.7883],[-116.8847,32.7884],[-116.8847,32.7878],[-116.8763,32.7878],[-116.8762,32.7824]]],[[[-117.1664,32.9454],[-117.1663,32.9452],[-117.1672,32.9451],[-117.1672,32.9456],[-117.1664,32.9454]]],[[[-117.1651,32.9454],[-117.1664,32.9457],[-117.1672,32.9464],[-117.1672,32.9469],[-117.1651,32.9468],[-117.1651,32.9454]]],[[[-117.153,32.9525],[-117.1531,32.9496],[-117.1558,32.9494],[-117.1569,32.9491],[-117.157,32.9524],[-117.153,32.9525]]],[[[-117.1656,32.9504],[-117.1656,32.9486],[-117.1698,32.9486],[-117.1698,32.9504],[-117.1656,32.9504]]]]},"properties":{"id":"usgs-pad-us-fee-managers:5229","name":"San Diego National Wildlife Refuge","kind":"land","category":"public-land","sourceCategory":"public-land","sourceId":"usgs-pad-us-fee-managers","sourceUrl":"https://services.arcgis.com/v01gqwM5QqNysAAi/arcgis/rest/services/Fee_Managers_PADUS/FeatureServer/0","sourceUpdated":"2021-12-08T05:00:00.000Z","publicUse":"PAD-US reports restricted access; confirm permits and seasonal rules with the manager.","unit":"FWS","origin":"public-catalog"}},{"type":"Feature","id":"usgs-pad-us-fee-managers:5230","geometry":{"type":"MultiPolygon","coordinates":[[[[-120.9867,37.3865],[-120.984,37.3867],[-120.9833,37.3865],[-120.983,37.3859],[-120.9944,37.375],[-120.9961,37.378],[-120.9873,37.3864],[-120.9867,37.3865]]],[[[-121.1765,37.5668],[-121.1769,37.5655],[-121.1776,37.5667],[-121.177,37.5672],[-121.1758,37.5699],[-121.1754,37.5697],[-121.1763,37.568],[-121.1765,37.5668]]],[[[-121.1892,37.6312],[-121.1857,37.6305],[-121.1775,37.6269],[-121.1741,37.6262],[-121.1739,37.626],[-121.1736,37.6232],[-121.1737,37.6223],[-121.1729,37.6204],[-121.1726,37.6201],[-121.1717,37.6196],[-121.1712,37.6197],[-121.1704,37.6203],[-121.1696,37.6203],[-121.1689,37.62],[-121.1687,37.6193],[-121.1679,37.6183],[-121.1657,37.6167],[-121.1629,37.6169],[-121.162,37.6167],[-121.1608,37.6163],[-121.1608,37.6158],[-121.1596,37.6159],[-121.1592,37.6153],[-121.1605,37.615],[-121.1615,37.6144],[-121.1647,37.6147],[-121.1663,37.6145],[-121.1673,37.614],[-121.1689,37.6123],[-121.1696,37.6108],[-121.1692,37.6095],[-121.1678,37.6094],[-121.1682,37.6087],[-121.1698,37.6075],[-121.1715,37.6066],[-121.1725,37.6057],[-121.1737,37.6058],[-121.1737,37.606],[-121.1727,37.6069],[-121.172,37.6081],[-121.1714,37.6098],[-121.1714,37.611],[-121.1717,37.6118],[-121.173,37.6131],[-121.1742,37.6137],[-121.1805,37.6134],[-121.1815,37.6136],[-121.1826,37.6142],[-121.1833,37.6155],[-121.1836,37.6169],[-121.1829,37.6197],[-121.1834,37.6211],[-121.1835,37.6221],[-121.1843,37.6235],[-121.1831,37.6244],[-121.183,37.6259],[-121.1839,37.6271],[-121.1844,37.6273],[-121.1869,37.6274],[-121.189,37.6268],[-121.1906,37.6273],[-121.1913,37.6285],[-121.1913,37.6295],[-121.1897,37.6301],[-121.1891,37.6309],[-121.1892,37.6312]]],[[[-121.1926,37.6324],[-121.192,37.6318],[-121.1907,37.6313],[-121.1903,37.6307],[-121.1904,37.6304],[-121.1917,37.6302],[-121.1924,37.6295],[-121.1922,37.6282],[-121.1915,37.627],[-121.1908,37.6265],[-121.19,37.6262],[-121.1874,37.6261],[-121.1859,37.6264],[-121.1856,37.6261],[-121.1857,37.6251],[-121.1877,37.6242],[-121.1881,37.6232],[-121.1869,37.6225],[-121.1865,37.6228],[-121.1858,37.6224],[-121.1857,37.6234],[-121.1848,37.6224],[-121.1841,37.6206],[-121.1842,37.6198],[-121.184,37.6196],[-121.1847,37.6176],[-121.1846,37.6155],[-121.1851,37.6143],[-121.1859,37.6133],[-121.188,37.6122],[-121.1911,37.6119],[-121.1926,37.6114],[-121.1935,37.6101],[-121.1936,37.6079],[-121.1943,37.6078],[-121.1946,37.6079],[-121.1946,37.6087],[-121.1941,37.6105],[-121.1927,37.6133],[-121.19,37.6164],[-121.1897,37.6189],[-121.1901,37.6198],[-121.1917,37.6217],[-121.1934,37.6228],[-121.1958,37.6231],[-121.1978,37.6226],[-121.1987,37.6211],[-121.1988,37.6201],[-121.1972,37.6154],[-121.1977,37.6144],[-121.1984,37.6145],[-121.2017,37.6187],[-121.2018,37.6204],[-121.201,37.6237],[-121.2016,37.6249],[-121.2033,37.6259],[-121.208,37.6266],[-121.2085,37.627],[-121.2086,37.6277],[-121.2076,37.6289],[-121.2052,37.6297],[-121.2048,37.6302],[-121.2036,37.6331],[-121.2034,37.6343],[-121.2038,37.6354],[-121.2054,37.6366],[-121.204,37.6372],[-121.1966,37.6376],[-121.1947,37.6375],[-121.1934,37.6364],[-121.1923,37.6347],[-121.1928,37.6332],[-121.1926,37.6324]]],[[[-121.2163,37.6347],[-121.2153,37.6335],[-121.2148,37.6325],[-121.215,37.63],[-121.2146,37.6283],[-121.2133,37.627],[-121.2119,37.6268],[-121.2107,37.6271],[-121.2092,37.6291],[-121.2091,37.631],[-121.2096,37.6323],[-121.2094,37.6331],[-121.2053,37.6355],[-121.2049,37.6339],[-121.2051,37.6308],[-121.2059,37.63],[-121.2084,37.6289],[-121.2088,37.6286],[-121.2091,37.6273],[-121.2087,37.6265],[-121.2079,37.6259],[-121.2042,37.6257],[-121.2029,37.6253],[-121.2019,37.6245],[-121.2015,37.6234],[-121.2023,37.6218],[-121.2023,37.6183],[-121.2007,37.6163],[-121.199,37.6147],[-121.1987,37.6141],[-121.1988,37.6136],[-121.1985,37.614],[-121.1977,37.614],[-121.1968,37.6147],[-121.197,37.6163],[-121.1968,37.6167],[-121.1982,37.6197],[-121.1983,37.6201],[-121.1982,37.6207],[-121.1973,37.6217],[-121.1955,37.6223],[-121.194,37.6221],[-121.1924,37.6214],[-121.1913,37.6203],[-121.1909,37.6197],[-121.1907,37.6186],[-121.1909,37.6174],[-121.1913,37.6165],[-121.1926,37.6149],[-121.1947,37.6109],[-121.195,37.6087],[-121.1948,37.6077],[-121.1933,37.6075],[-121.1929,37.608],[-121.193,37.6095],[-121.1927,37.61],[-121.1908,37.6115],[-121.1877,37.6116],[-121.1861,37.6123],[-121.1851,37.6133],[-121.1846,37.6146],[-121.1841,37.6148],[-121.1829,37.6135],[-121.1817,37.6128],[-121.1782,37.6124],[-121.1766,37.6128],[-121.1752,37.6124],[-121.1737,37.6115],[-121.173,37.6103],[-121.1729,37.6097],[-121.1736,37.6074],[-121.1743,37.6066],[-121.1752,37.6063],[-121.1774,37.6067],[-121.1783,37.6064],[-121.1785,37.6063],[-121.1785,37.6058],[-121.1793,37.6056],[-121.1813,37.6041],[-121.1818,37.6026],[-121.1814,37.6025],[-121.1812,37.603],[-121.1804,37.6032],[-121.1791,37.6039],[-121.1781,37.6049],[-121.1776,37.6047],[-121.177,37.6039],[-121.1769,37.603],[-121.1773,37.6019],[-121.1793,37.6007],[-121.1798,37.6],[-121.1796,37.5985],[-121.1784,37.5974],[-121.1768,37.5975],[-121.1744,37.5993],[-121.1728,37.5999],[-121.1713,37.5996],[-121.1699,37.5983],[-121.17,37.5979],[-121.1706,37.5976],[-121.174,37.5979],[-121.1759,37.5975],[-121.1773,37.5964],[-121.1775,37.5948],[-121.1769,37.5936],[-121.176,37.5929],[-121.175,37.5929],[-121.1734,37.5932],[-121.1726,37.5929],[-121.1718,37.5907],[-121.1723,37.5892],[-121.1723,37.5872],[-121.1711,37.5865],[-121.1695,37.5867],[-121.1686,37.5865],[-121.1677,37.5858],[-121.1669,37.5848],[-121.167,37.5844],[-121.1679,37.5835],[-121.1679,37.5828],[-121.1671,37.5811],[-121.1658,37.5807],[-121.1656,37.5805],[-121.1657,37.58],[-121.1666,37.5789],[-121.1677,37.5782],[-121.1712,37.5769],[-121.1716,37.5763],[-121.1717,37.5757],[-121.1714,37.5749],[-121.1701,37.5737],[-121.1687,37.573],[-121.1682,37.5731],[-121.168,37.5728],[-121.1657,37.5722],[-121.165,37.5707],[-121.1655,37.5694],[-121.1668,37.569],[-121.1685,37.5695],[-121.1692,37.5699],[-121.1702,37.5716],[-121.1707,37.5721],[-121.1722,37.5723],[-121.1727,37.5715],[-121.1736,37.5709],[-121.1745,37.5708],[-121.1749,37.5703],[-121.1783,37.5691],[-121.1789,37.5702],[-121.1789,37.5715],[-121.1782,37.5733],[-121.1764,37.5762],[-121.1777,37.5779],[-121.1782,37.5775],[-121.1836,37.5824],[-121.184,37.5821],[-121.1848,37.5831],[-121.1851,37.5832],[-121.189,37.5813],[-121.1916,37.5808],[-121.1931,37.5808],[-121.1974,37.5819],[-121.2008,37.5842],[-121.2001,37.5848],[-121.2011,37.5848],[-121.2029,37.5854],[-121.2046,37.5867],[-121.2047,37.5874],[-121.2051,37.588],[-121.2062,37.588],[-121.2074,37.5889],[-121.2079,37.5899],[-121.2099,37.592],[-121.2112,37.5943],[-121.2105,37.5953],[-121.2104,37.5966],[-121.2107,37.5969],[-121.2125,37.5974],[-121.2127,37.5979],[-121.213,37.601],[-121.2128,37.6024],[-121.2121,37.6038],[-121.2104,37.6054],[-121.2091,37.6076],[-121.2069,37.609],[-121.2066,37.6097],[-121.2095,37.6127],[-121.2097,37.6126],[-121.2108,37.6136],[-121.2109,37.614],[-121.2118,37.6132],[-121.2138,37.6128],[-121.2147,37.6122],[-121.218,37.6138],[-121.2145,37.615],[-121.212,37.6168],[-121.2163,37.6213],[-121.218,37.6241],[-121.2202,37.6261],[-121.2205,37.6279],[-121.2202,37.6294],[-121.2235,37.6323],[-121.2255,37.6327],[-121.2258,37.6325],[-121.2262,37.6328],[-121.2166,37.6357],[-121.2163,37.6347]]],[[[-121.1949,37.6401],[-121.1947,37.6386],[-121.195,37.6385],[-121.2002,37.6384],[-121.2002,37.6393],[-121.1949,37.6401]]],[[[-121.205,37.6377],[-121.2036,37.638],[-121.2057,37.6373],[-121.2075,37.6362],[-121.2086,37.6348],[-121.2097,37.634],[-121.2101,37.634],[-121.2104,37.6343],[-121.2109,37.6339],[-121.2114,37.6327],[-121.2112,37.6313],[-121.2104,37.6299],[-121.2109,37.6285],[-121.2114,37.6279],[-121.2123,37.6273],[-121.2135,37.6277],[-121.214,37.6285],[-121.2142,37.6295],[-121.2136,37.6321],[-121.2137,37.6333],[-121.2157,37.6359],[-121.2104,37.6375],[-121.205,37.6377]]],[[[-121.2242,37.6371],[-121.2206,37.6382],[-121.2191,37.6383],[-121.2184,37.638],[-121.2168,37.636],[-121.2265,37.6332],[-121.2295,37.6361],[-121.2298,37.637],[-121.2298,37.6383],[-121.2279,37.6384],[-121.2258,37.6372],[-121.2242,37.6371]]],[[[-121.1592,37.6571],[-121.1591,37.6523],[-121.1682,37.6523],[-121.1682,37.657],[-121.1592,37.6571]]],[[[-121.2223,37.6438],[-121.2245,37.6423],[-121.2241,37.6431],[-121.2246,37.6426],[-121.2255,37.6421],[-121.2251,37.641],[-121.2245,37.6404],[-121.2216,37.6401],[-121.2209,37.6399],[-121.2208,37.6401],[-121.2177,37.6397],[-121.2159,37.639],[-121.2137,37.6378],[-121.2117,37.6376],[-121.2159,37.6363],[-121.2167,37.6375],[-121.2179,37.6386],[-121.2187,37.639],[-121.2198,37.6393],[-121.2207,37.6392],[-121.2253,37.6377],[-121.2265,37.638],[-121.2281,37.6396],[-121.2284,37.6403],[-121.2284,37.6413],[-121.2278,37.6434],[-121.2239,37.6464],[-121.2226,37.6482],[-121.2217,37.6482],[-121.2211,37.647],[-121.221,37.6458],[-121.2211,37.6451],[-121.2223,37.6438]]],[[[-121.206,37.6634],[-121.2062,37.663],[-121.2084,37.6628],[-121.2087,37.6618],[-121.2057,37.661],[-121.2043,37.6598],[-121.2041,37.66],[-121.203,37.6586],[-121.2029,37.6581],[-121.2032,37.6576],[-121.2028,37.6544],[-121.2025,37.654],[-121.1992,37.652],[-121.1983,37.6506],[-121.1974,37.6488],[-121.1971,37.6461],[-121.1969,37.6455],[-121.197,37.6444],[-121.195,37.6411],[-121.1949,37.6404],[-121.2001,37.6397],[-121.1997,37.6405],[-121.2005,37.6422],[-121.1996,37.6429],[-121.2004,37.6462],[-121.2002,37.6469],[-121.2015,37.6481],[-121.2018,37.649],[-121.2016,37.6523],[-121.2136,37.6523],[-121.2142,37.6667],[-121.2066,37.6667],[-121.2057,37.6665],[-121.2057,37.6637],[-121.206,37.6634]]],[[[-121.2227,37.6776],[-121.2226,37.6788],[-121.2221,37.6781],[-121.2227,37.6776]]],[[[-121.2206,37.6791],[-121.2185,37.6794],[-121.2185,37.6779],[-121.2216,37.6781],[-121.2216,37.6784],[-121.2224,37.6793],[-121.2225,37.6798],[-121.2215,37.6793],[-121.2206,37.6791]]],[[[-121.2231,37.683],[-121.2234,37.6833],[-121.2231,37.6832],[-121.2231,37.683]]],[[[-121.2011,37.6953],[-121.1999,37.696],[-121.1995,37.6959],[-121.1993,37.6956],[-121.1995,37.6943],[-121.2011,37.6939],[-121.2016,37.6929],[-121.2013,37.6921],[-121.1998,37.6903],[-121.1988,37.6901],[-121.199,37.6884],[-121.1985,37.6884],[-121.1983,37.6812],[-121.1801,37.6813],[-121.18,37.6785],[-121.1781,37.6786],[-121.178,37.6813],[-121.1732,37.6813],[-121.173,37.6669],[-121.1775,37.6669],[-121.1775,37.6675],[-121.1831,37.6675],[-121.1834,37.6674],[-121.1834,37.6669],[-121.2049,37.6668],[-121.2051,37.6813],[-121.2069,37.6815],[-121.2073,37.6851],[-121.2078,37.6852],[-121.2079,37.686],[-121.2085,37.6855],[-121.21,37.685],[-121.2119,37.6849],[-121.2176,37.6793],[-121.2188,37.6796],[-121.2212,37.6794],[-121.2223,37.6798],[-121.2224,37.6809],[-121.2231,37.6827],[-121.2223,37.6821],[-121.2211,37.6826],[-121.2204,37.6834],[-121.2197,37.6848],[-121.2187,37.6847],[-121.2182,37.685],[-121.2167,37.6874],[-121.2156,37.6867],[-121.2131,37.6865],[-121.2117,37.6855],[-121.2083,37.6863],[-121.2077,37.6882],[-121.2066,37.6903],[-121.2054,37.6908],[-121.2051,37.6912],[-121.2052,37.6921],[-121.2066,37.6936],[-121.2066,37.6944],[-121.2058,37.6948],[-121.2059,37.6942],[-121.2056,37.6937],[-121.205,37.6933],[-121.2043,37.6933],[-121.2035,37.6936],[-121.2024,37.6947],[-121.2026,37.6956],[-121.2011,37.6953]]],[[[-121.1473,37.718],[-121.1486,37.7183],[-121.1498,37.7193],[-121.1511,37.7197],[-121.151,37.7223],[-121.1501,37.7226],[-121.1472,37.7228],[-121.1473,37.718]]]]},"properties":{"id":"usgs-pad-us-fee-managers:5230","name":"San Joaquin River National Wildlife Refuge","kind":"land","category":"public-land","sourceCategory":"public-land","sourceId":"usgs-pad-us-fee-managers","sourceUrl":"https://services.arcgis.com/v01gqwM5QqNysAAi/arcgis/rest/services/Fee_Managers_PADUS/FeatureServer/0","sourceUpdated":"2021-12-08T05:00:00.000Z","publicUse":"PAD-US reports restricted access; confirm permits and seasonal rules with the manager.","unit":"FWS","origin":"public-catalog"}},{"type":"Feature","id":"usgs-pad-us-fee-managers:5232","geometry":{"type":"MultiPolygon","coordinates":[[[[-120.8673,37.2203],[-120.8623,37.2203],[-120.8594,37.2189],[-120.8645,37.2165],[-120.8629,37.2137],[-120.8652,37.2116],[-120.8674,37.2135],[-120.8673,37.2166],[-120.879,37.2168],[-120.879,37.2161],[-120.8826,37.2221],[-120.8851,37.2242],[-120.8763,37.2241],[-120.8764,37.2205],[-120.8673,37.2203]]],[[[-120.851,37.2456],[-120.8506,37.2456],[-120.8505,37.2461],[-120.85,37.2464],[-120.8487,37.2464],[-120.8485,37.246],[-120.8491,37.2455],[-120.8487,37.2449],[-120.8467,37.2436],[-120.8452,37.2438],[-120.8442,37.2428],[-120.8446,37.2409],[-120.845,37.2401],[-120.8467,37.2404],[-120.8479,37.2398],[-120.8479,37.2386],[-120.8485,37.2375],[-120.8477,37.2364],[-120.8469,37.236],[-120.8452,37.2366],[-120.844,37.2364],[-120.8438,37.2357],[-120.8443,37.2339],[-120.8443,37.2327],[-120.8431,37.2318],[-120.843,37.2307],[-120.8428,37.2303],[-120.8423,37.2301],[-120.8409,37.23],[-120.8404,37.2295],[-120.8407,37.2287],[-120.8421,37.2281],[-120.8425,37.2277],[-120.8429,37.226],[-120.8429,37.2249],[-120.8424,37.2245],[-120.8406,37.2243],[-120.8401,37.2239],[-120.8394,37.2238],[-120.8376,37.2242],[-120.837,37.2247],[-120.8357,37.2247],[-120.8353,37.2241],[-120.8364,37.2232],[-120.8366,37.2225],[-120.8347,37.2208],[-120.8347,37.2196],[-120.8094,37.2333],[-120.8093,37.2324],[-120.8099,37.232],[-120.81,37.231],[-120.8097,37.2299],[-120.8088,37.2288],[-120.8083,37.2285],[-120.8078,37.2285],[-120.8076,37.2293],[-120.8068,37.2302],[-120.8056,37.2305],[-120.8053,37.2302],[-120.8055,37.2296],[-120.8047,37.2288],[-120.8048,37.2264],[-120.8046,37.2259],[-120.8032,37.2254],[-120.8031,37.2256],[-120.8035,37.2258],[-120.8034,37.2263],[-120.8025,37.2266],[-120.8007,37.2259],[-120.7998,37.2248],[-120.7997,37.2243],[-120.8,37.2241],[-120.7998,37.2236],[-120.7989,37.2228],[-120.7968,37.2228],[-120.7965,37.2221],[-120.7954,37.2218],[-120.7949,37.222],[-120.7943,37.2226],[-120.7937,37.2227],[-120.7931,37.2223],[-120.7912,37.2223],[-120.79,37.2231],[-120.789,37.2227],[-120.7847,37.2231],[-120.7843,37.223],[-120.7837,37.2221],[-120.7828,37.2219],[-120.7823,37.2205],[-120.783,37.2195],[-120.7827,37.2189],[-120.7831,37.2181],[-120.7827,37.2168],[-120.7828,37.2157],[-120.7826,37.2151],[-120.7829,37.2145],[-120.7821,37.2134],[-120.7805,37.2135],[-120.7765,37.2152],[-120.7753,37.2152],[-120.7747,37.2148],[-120.7754,37.2141],[-120.776,37.2128],[-120.7759,37.2113],[-120.7753,37.21],[-120.7765,37.2086],[-120.7765,37.2075],[-120.7761,37.2068],[-120.775,37.2065],[-120.7738,37.2068],[-120.7732,37.2078],[-120.7734,37.2084],[-120.774,37.2088],[-120.7743,37.2094],[-120.7741,37.211],[-120.7729,37.2125],[-120.7706,37.2131],[-120.7704,37.2126],[-120.7705,37.2119],[-120.7702,37.2111],[-120.7713,37.2103],[-120.7716,37.2095],[-120.7711,37.2084],[-120.7707,37.2084],[-120.7712,37.2076],[-120.7706,37.2062],[-120.7701,37.2057],[-120.7692,37.2058],[-120.7687,37.2055],[-120.7685,37.2049],[-120.7678,37.2044],[-120.7663,37.2045],[-120.7655,37.2042],[-120.7643,37.2045],[-120.7631,37.2036],[-120.7637,37.2031],[-120.7646,37.2027],[-120.7653,37.2027],[-120.7662,37.2033],[-120.7673,37.2031],[-120.7674,37.2028],[-120.7667,37.2021],[-120.7663,37.2009],[-120.7666,37.2001],[-120.7673,37.2002],[-120.7678,37.1999],[-120.7682,37.1985],[-120.767,37.1976],[-120.765,37.1968],[-120.7637,37.1952],[-120.7629,37.195],[-120.7619,37.1951],[-120.7611,37.1945],[-120.7613,37.1941],[-120.7621,37.194],[-120.7636,37.193],[-120.764,37.1924],[-120.7643,37.1908],[-120.764,37.1889],[-120.7644,37.1874],[-120.7663,37.1867],[-120.7671,37.1858],[-120.7671,37.1856],[-120.7668,37.1856],[-120.7665,37.186],[-120.7663,37.1855],[-120.7654,37.1847],[-120.7655,37.1843],[-120.7663,37.1838],[-120.7663,37.1829],[-120.7656,37.1815],[-120.7639,37.181],[-120.7633,37.1804],[-120.763,37.1794],[-120.7634,37.1778],[-120.7632,37.1772],[-120.7627,37.1772],[-120.7614,37.1781],[-120.7609,37.1782],[-120.7599,37.1781],[-120.7581,37.1773],[-120.7581,37.1768],[-120.7593,37.1766],[-120.7603,37.1755],[-120.7601,37.1751],[-120.7596,37.1749],[-120.7587,37.1755],[-120.7581,37.1754],[-120.7578,37.1751],[-120.7581,37.1746],[-120.76,37.1733],[-120.7602,37.1727],[-120.7601,37.1721],[-120.8138,37.1725],[-120.8139,37.173],[-120.8135,37.1738],[-120.8138,37.1744],[-120.8137,37.1755],[-120.8132,37.1763],[-120.8133,37.1778],[-120.8128,37.1792],[-120.8131,37.1798],[-120.8134,37.18],[-120.8146,37.18],[-120.8159,37.1786],[-120.8185,37.1786],[-120.819,37.1789],[-120.82,37.1801],[-120.8198,37.1811],[-120.821,37.1825],[-120.8223,37.1832],[-120.8238,37.1845],[-120.8243,37.1847],[-120.8249,37.1846],[-120.826,37.1852],[-120.8262,37.1861],[-120.8269,37.187],[-120.8269,37.1876],[-120.8259,37.1885],[-120.8264,37.1894],[-120.8263,37.1904],[-120.8244,37.1923],[-120.8257,37.1929],[-120.8264,37.1944],[-120.8256,37.1964],[-120.8256,37.1976],[-120.8261,37.1997],[-120.8276,37.2012],[-120.8293,37.2014],[-120.8299,37.2018],[-120.8304,37.2033],[-120.8314,37.2049],[-120.8326,37.2057],[-120.8326,37.2074],[-120.8316,37.2093],[-120.8308,37.21],[-120.8307,37.2108],[-120.8322,37.2113],[-120.8331,37.2114],[-120.8339,37.2107],[-120.8352,37.2088],[-120.8358,37.2088],[-120.8362,37.2091],[-120.8364,37.2108],[-120.8361,37.2116],[-120.834,37.2134],[-120.8341,37.2141],[-120.8347,37.2151],[-120.8347,37.2158],[-120.8345,37.216],[-120.8338,37.2161],[-120.8314,37.2145],[-120.8308,37.2145],[-120.83,37.2155],[-120.8302,37.2163],[-120.852,37.2166],[-120.8521,37.2478],[-120.8513,37.2473],[-120.8512,37.2469],[-120.8515,37.2465],[-120.851,37.2456]]],[[[-120.9278,37.3062],[-120.9277,37.3036],[-120.9287,37.3029],[-120.9278,37.3007],[-120.9287,37.2997],[-120.9284,37.2989],[-120.9275,37.2982],[-120.9262,37.2977],[-120.9241,37.2974],[-120.9236,37.2962],[-120.9223,37.2954],[-120.9194,37.2954],[-120.9174,37.2943],[-120.9165,37.2943],[-120.9152,37.2949],[-120.9141,37.296],[-120.9126,37.2982],[-120.9116,37.2981],[-120.9115,37.2995],[-120.9108,37.3006],[-120.9099,37.3015],[-120.9091,37.3017],[-120.9077,37.3015],[-120.9069,37.3009],[-120.906,37.2994],[-120.9056,37.2992],[-120.9048,37.2996],[-120.9037,37.2991],[-120.9037,37.298],[-120.9026,37.2968],[-120.9015,37.2965],[-120.9008,37.2969],[-120.9013,37.2991],[-120.9023,37.3004],[-120.9023,37.301],[-120.9017,37.3017],[-120.9011,37.3017],[-120.8992,37.3008],[-120.8997,37.2989],[-120.8987,37.2983],[-120.8972,37.2986],[-120.8959,37.2996],[-120.8949,37.2996],[-120.8936,37.2987],[-120.8923,37.2989],[-120.8901,37.3013],[-120.889,37.3012],[-120.8881,37.3006],[-120.8873,37.2994],[-120.8866,37.2981],[-120.8865,37.2972],[-120.8855,37.2974],[-120.8834,37.297],[-120.8809,37.2972],[-120.8809,37.2816],[-120.8718,37.2816],[-120.8718,37.2764],[-120.8697,37.2738],[-120.8697,37.2732],[-120.8691,37.2734],[-120.8681,37.2723],[-120.8684,37.2714],[-120.8697,37.2702],[-120.8685,37.2704],[-120.8682,37.2701],[-120.8677,37.2691],[-120.8677,37.2679],[-120.8671,37.2675],[-120.8664,37.2674],[-120.8654,37.2662],[-120.8644,37.2643],[-120.8644,37.2636],[-120.8657,37.263],[-120.8658,37.2625],[-120.8632,37.2606],[-120.8623,37.2604],[-120.8615,37.2591],[-120.8612,37.2577],[-120.8622,37.2576],[-120.8627,37.2573],[-120.8629,37.2563],[-120.8625,37.2548],[-120.86,37.2541],[-120.8593,37.2533],[-120.8582,37.2527],[-120.8578,37.2523],[-120.8574,37.2502],[-120.8568,37.2494],[-120.8528,37.2482],[-120.8525,37.2479],[-120.8524,37.2166],[-120.8532,37.2166],[-120.8721,37.2257],[-120.873,37.2269],[-120.8779,37.2372],[-120.9058,37.2614],[-120.9061,37.2614],[-120.906,37.2607],[-120.9056,37.2596],[-120.9067,37.2585],[-120.9066,37.2581],[-120.9056,37.2569],[-120.9058,37.2558],[-120.907,37.2552],[-120.9093,37.255],[-120.9106,37.2546],[-120.9114,37.254],[-120.9121,37.253],[-120.9286,37.2529],[-120.9286,37.2566],[-120.9217,37.2566],[-120.9217,37.2674],[-120.9262,37.2674],[-120.9262,37.2745],[-120.9308,37.2745],[-120.9308,37.2709],[-120.949,37.2711],[-120.9491,37.2792],[-120.9531,37.2793],[-120.9439,37.2916],[-120.9435,37.2914],[-120.9344,37.3037],[-120.932,37.3081],[-120.9312,37.3087],[-120.9279,37.3065],[-120.9278,37.3062]]]]},"properties":{"id":"usgs-pad-us-fee-managers:5232","name":"San Luis National Wildlife Refuge","kind":"land","category":"public-land","sourceCategory":"public-land","sourceId":"usgs-pad-us-fee-managers","sourceUrl":"https://services.arcgis.com/v01gqwM5QqNysAAi/arcgis/rest/services/Fee_Managers_PADUS/FeatureServer/0","sourceUpdated":"2021-12-08T05:00:00.000Z","publicUse":"PAD-US reports restricted access; confirm permits and seasonal rules with the manager.","unit":"FWS","origin":"public-catalog"}},{"type":"Feature","id":"usgs-pad-us-fee-managers:5235","geometry":{"type":"MultiPolygon","coordinates":[[[[-122.2963,38.1104],[-122.3022,38.1137],[-122.3057,38.1161],[-122.3175,38.1223],[-122.3167,38.1234],[-122.3035,38.1173],[-122.2935,38.1172],[-122.2935,38.1132],[-122.2963,38.1104]]],[[[-122.441,38.1242],[-122.4394,38.1241],[-122.4369,38.1259],[-122.4343,38.1215],[-122.4378,38.1204],[-122.4402,38.1177],[-122.4456,38.1166],[-122.4481,38.1173],[-122.4491,38.1178],[-122.4506,38.1192],[-122.4509,38.1203],[-122.4496,38.1234],[-122.4489,38.126],[-122.4483,38.1264],[-122.4477,38.1265],[-122.4453,38.1257],[-122.4433,38.1244],[-122.441,38.1242]]],[[[-122.3643,38.1409],[-122.3808,38.1474],[-122.3808,38.1486],[-122.3748,38.1456],[-122.3691,38.1438],[-122.3643,38.1418],[-122.3643,38.1409]]],[[[-122.3342,38.1563],[-122.336,38.1551],[-122.3372,38.1538],[-122.3376,38.1525],[-122.3373,38.1505],[-122.337,38.1499],[-122.3346,38.1482],[-122.3343,38.1474],[-122.3347,38.148],[-122.3351,38.1481],[-122.3343,38.1473],[-122.334,38.1455],[-122.3335,38.1446],[-122.3325,38.1436],[-122.3311,38.1428],[-122.3309,38.1422],[-122.3296,38.1411],[-122.3286,38.1388],[-122.3288,38.1365],[-122.3281,38.1355],[-122.3275,38.1351],[-122.3269,38.135],[-122.3257,38.1355],[-122.3244,38.1353],[-122.3231,38.1355],[-122.3224,38.1362],[-122.3211,38.1368],[-122.3208,38.1379],[-122.3197,38.1394],[-122.3187,38.1389],[-122.3178,38.139],[-122.3163,38.1371],[-122.3154,38.1365],[-122.3104,38.1353],[-122.3082,38.133],[-122.3072,38.1301],[-122.3062,38.1288],[-122.3049,38.128],[-122.3005,38.1278],[-122.2998,38.1275],[-122.3007,38.1257],[-122.3019,38.1257],[-122.3019,38.1246],[-122.3006,38.1246],[-122.3001,38.124],[-122.2988,38.1234],[-122.2948,38.1227],[-122.2952,38.1177],[-122.3012,38.1178],[-122.3056,38.1188],[-122.3262,38.128],[-122.3327,38.1305],[-122.3386,38.1331],[-122.3443,38.135],[-122.3443,38.1538],[-122.3429,38.1538],[-122.3429,38.1546],[-122.3415,38.1547],[-122.34,38.1554],[-122.3394,38.1559],[-122.3388,38.1572],[-122.3386,38.159],[-122.3379,38.1596],[-122.3365,38.1594],[-122.3355,38.1589],[-122.3342,38.157],[-122.3342,38.1563]]],[[[-122.3713,38.1575],[-122.3692,38.1581],[-122.3672,38.159],[-122.3666,38.1589],[-122.3659,38.1583],[-122.3658,38.1568],[-122.3669,38.1548],[-122.3672,38.1537],[-122.3668,38.1529],[-122.3661,38.1523],[-122.3645,38.1525],[-122.3643,38.1435],[-122.3681,38.1452],[-122.3739,38.1469],[-122.3805,38.1502],[-122.3805,38.1606],[-122.3745,38.1579],[-122.3728,38.1575],[-122.3713,38.1575]]],[[[-122.4644,38.1315],[-122.4705,38.1291],[-122.4697,38.1296],[-122.4723,38.1288],[-122.475,38.1326],[-122.4741,38.1346],[-122.47,38.1375],[-122.4577,38.1451],[-122.4553,38.1463],[-122.4543,38.1465],[-122.4511,38.1367],[-122.4644,38.1315]]],[[[-122.4396,38.1475],[-122.4343,38.1451],[-122.4333,38.144],[-122.4332,38.1432],[-122.4341,38.1428],[-122.4386,38.1421],[-122.4401,38.1412],[-122.4427,38.1388],[-122.4435,38.1385],[-122.4428,38.1364],[-122.4416,38.1348],[-122.4478,38.1285],[-122.45,38.1279],[-122.4528,38.1262],[-122.4541,38.1244],[-122.4548,38.1224],[-122.456,38.1204],[-122.4587,38.1182],[-122.4595,38.1179],[-122.4643,38.1175],[-122.4661,38.1177],[-122.467,38.1181],[-122.4675,38.1181],[-122.47,38.1167],[-122.4706,38.1165],[-122.4716,38.1171],[-122.4716,38.1167],[-122.4742,38.1166],[-122.4802,38.1158],[-122.4881,38.1142],[-122.4926,38.1125],[-122.4956,38.1125],[-122.5001,38.1133],[-122.492,38.1196],[-122.4884,38.1218],[-122.4464,38.1383],[-122.4453,38.1392],[-122.4445,38.1407],[-122.4438,38.1469],[-122.4441,38.1484],[-122.4453,38.1496],[-122.4448,38.1498],[-122.4423,38.1491],[-122.4396,38.1475]]],[[[-122.4891,38.1269],[-122.4883,38.13],[-122.4892,38.1339],[-122.4903,38.1366],[-122.4905,38.1382],[-122.4914,38.1394],[-122.4914,38.1401],[-122.4813,38.1402],[-122.4785,38.1366],[-122.4785,38.1361],[-122.478,38.1354],[-122.478,38.135],[-122.4788,38.1335],[-122.4811,38.1317],[-122.4891,38.1269]]],[[[-122.3674,38.204],[-122.3672,38.2045],[-122.3658,38.2037],[-122.3637,38.2016],[-122.3622,38.2009],[-122.3628,38.2007],[-122.3627,38.2006],[-122.3599,38.1999],[-122.3588,38.1999],[-122.3619,38.2005],[-122.3623,38.2007],[-122.3622,38.2008],[-122.3587,38.2001],[-122.3588,38.1982],[-122.36,38.1976],[-122.3609,38.1968],[-122.3613,38.1961],[-122.3613,38.1953],[-122.3586,38.1919],[-122.358,38.1905],[-122.3578,38.189],[-122.3582,38.1841],[-122.3577,38.1881],[-122.3579,38.1905],[-122.359,38.1927],[-122.3607,38.1945],[-122.3611,38.1953],[-122.3603,38.1944],[-122.3582,38.1928],[-122.3574,38.1915],[-122.357,38.1897],[-122.3575,38.1837],[-122.3579,38.1827],[-122.3588,38.1819],[-122.3603,38.182],[-122.3626,38.1835],[-122.3653,38.184],[-122.3676,38.1838],[-122.3686,38.1832],[-122.3691,38.1824],[-122.3698,38.1764],[-122.3698,38.1753],[-122.369,38.1733],[-122.3664,38.1694],[-122.3655,38.1655],[-122.3656,38.1632],[-122.366,38.1613],[-122.3671,38.1592],[-122.3694,38.1581],[-122.3724,38.1576],[-122.375,38.1582],[-122.38,38.1605],[-122.3835,38.1612],[-122.3946,38.1617],[-122.4018,38.1612],[-122.4041,38.1607],[-122.4062,38.16],[-122.407,38.1594],[-122.4085,38.1615],[-122.4103,38.1625],[-122.4123,38.1631],[-122.4145,38.1631],[-122.4168,38.1625],[-122.4187,38.1616],[-122.4196,38.1615],[-122.4204,38.1616],[-122.421,38.1623],[-122.4208,38.163],[-122.4202,38.1637],[-122.4164,38.166],[-122.4151,38.1673],[-122.4145,38.1688],[-122.4143,38.17],[-122.4144,38.172],[-122.4151,38.1745],[-122.4171,38.1791],[-122.4209,38.1859],[-122.421,38.1868],[-122.4207,38.1875],[-122.4195,38.188],[-122.417,38.1882],[-122.4019,38.1883],[-122.4018,38.1879],[-122.4018,38.1883],[-122.3938,38.1908],[-122.3912,38.1925],[-122.3904,38.1941],[-122.3904,38.1947],[-122.3907,38.1954],[-122.3923,38.1983],[-122.3921,38.1988],[-122.3904,38.2002],[-122.3889,38.2007],[-122.3865,38.2006],[-122.385,38.2003],[-122.385,38.1999],[-122.3849,38.2002],[-122.3828,38.2005],[-122.3813,38.2012],[-122.3804,38.2023],[-122.3799,38.2035],[-122.3803,38.2069],[-122.3802,38.2073],[-122.3795,38.2077],[-122.3781,38.2078],[-122.377,38.2075],[-122.3762,38.2068],[-122.3754,38.2054],[-122.3738,38.2045],[-122.372,38.2043],[-122.3677,38.2046],[-122.3674,38.2045],[-122.3674,38.204]]],[[[-122.3848,38.1996],[-122.3856,38.1993],[-122.3867,38.1982],[-122.3872,38.196],[-122.387,38.1942],[-122.3859,38.1926],[-122.3845,38.1916],[-122.3831,38.1912],[-122.3792,38.1913],[-122.3762,38.1906],[-122.374,38.1895],[-122.373,38.1881],[-122.3729,38.1873],[-122.3733,38.1866],[-122.3762,38.186],[-122.3773,38.1853],[-122.3784,38.1844],[-122.3798,38.1821],[-122.3798,38.1814],[-122.3795,38.1809],[-122.3778,38.1805],[-122.3746,38.1817],[-122.37,38.1824],[-122.3746,38.1819],[-122.3782,38.1806],[-122.379,38.1808],[-122.3796,38.1812],[-122.3797,38.182],[-122.3784,38.1842],[-122.3766,38.1857],[-122.3751,38.1862],[-122.3732,38.1865],[-122.3728,38.1871],[-122.3729,38.1882],[-122.3738,38.1895],[-122.3762,38.1907],[-122.379,38.1914],[-122.3835,38.1914],[-122.3856,38.1925],[-122.3867,38.1938],[-122.387,38.1945],[-122.387,38.1964],[-122.3865,38.1982],[-122.3853,38.1993],[-122.384,38.1997],[-122.3848,38.1996]]],[[[-122.3746,38.2052],[-122.3749,38.2054],[-122.3739,38.2062],[-122.3707,38.2078],[-122.3694,38.2108],[-122.373,38.2174],[-122.3726,38.2172],[-122.369,38.2108],[-122.3704,38.2076],[-122.3737,38.206],[-122.3746,38.2052]]],[[[-122.3727,38.2175],[-122.373,38.2176],[-122.3742,38.2235],[-122.3738,38.2235],[-122.3727,38.2175]]]]},"properties":{"id":"usgs-pad-us-fee-managers:5235","name":"San Pablo Bay National Wildlife Refuge","kind":"land","category":"public-land","sourceCategory":"public-land","sourceId":"usgs-pad-us-fee-managers","sourceUrl":"https://services.arcgis.com/v01gqwM5QqNysAAi/arcgis/rest/services/Fee_Managers_PADUS/FeatureServer/0","sourceUpdated":"2021-12-08T05:00:00.000Z","publicUse":"PAD-US reports restricted access; confirm permits and seasonal rules with the manager.","unit":"FWS","origin":"public-catalog"}},{"type":"Feature","id":"usgs-pad-us-fee-managers:5278","geometry":{"type":"MultiPolygon","coordinates":[[[[-115.6925,33.0859],[-115.6925,33.075],[-115.7009,33.075],[-115.699,33.0737],[-115.6991,33.0671],[-115.7122,33.0671],[-115.7123,33.0632],[-115.7144,33.0632],[-115.7144,33.0671],[-115.7166,33.0671],[-115.7164,33.0745],[-115.7166,33.0747],[-115.7177,33.0747],[-115.7183,33.0751],[-115.7182,33.0823],[-115.7095,33.0822],[-115.7096,33.075],[-115.701,33.075],[-115.701,33.0859],[-115.6925,33.0859]]],[[[-115.7355,33.1476],[-115.7355,33.133],[-115.7527,33.1331],[-115.7527,33.1476],[-115.7355,33.1476]]],[[[-115.701,33.1621],[-115.6838,33.1621],[-115.6838,33.1548],[-115.6924,33.1548],[-115.6924,33.1475],[-115.701,33.1476],[-115.701,33.1621]]],[[[-115.6144,33.1754],[-115.6144,33.1694],[-115.623,33.1694],[-115.623,33.1766],[-115.6144,33.1767],[-115.6144,33.1754]]],[[[-115.6148,33.1769],[-115.6158,33.1769],[-115.6158,33.1783],[-115.6148,33.1783],[-115.6148,33.1769]]],[[[-115.7528,33.1621],[-115.7527,33.1476],[-115.7703,33.1476],[-115.7703,33.1621],[-115.7528,33.1621]]],[[[-115.8221,33.1914],[-115.8221,33.1767],[-115.8307,33.1767],[-115.8307,33.1913],[-115.8221,33.1914]]],[[[-115.7356,33.2347],[-115.7355,33.2202],[-115.7528,33.2202],[-115.7528,33.2347],[-115.7356,33.2347]]],[[[-115.701,33.1621],[-115.7183,33.1621],[-115.7182,33.1476],[-115.7355,33.1476],[-115.7355,33.1621],[-115.7528,33.1621],[-115.7528,33.1766],[-115.8048,33.1767],[-115.8048,33.1914],[-115.8221,33.1914],[-115.8221,33.2062],[-115.8048,33.2062],[-115.8049,33.2211],[-115.7876,33.2209],[-115.7876,33.206],[-115.7703,33.2057],[-115.7703,33.2202],[-115.7528,33.2202],[-115.7528,33.2057],[-115.7355,33.2057],[-115.7355,33.2202],[-115.7183,33.2202],[-115.7183,33.2347],[-115.701,33.2347],[-115.701,33.2492],[-115.6144,33.2492],[-115.6144,33.2347],[-115.6317,33.2346],[-115.6317,33.2201],[-115.6489,33.2201],[-115.649,33.2056],[-115.6665,33.2056],[-115.6665,33.1911],[-115.6838,33.1911],[-115.6838,33.1766],[-115.701,33.1766],[-115.701,33.1621]]],[[[-115.7703,33.2347],[-115.7703,33.2202],[-115.7876,33.2209],[-115.7876,33.236],[-115.7703,33.2347]]],[[[-115.7183,33.2347],[-115.7356,33.2347],[-115.7355,33.2492],[-115.7183,33.2492],[-115.7183,33.2347]]],[[[-115.8049,33.2362],[-115.8049,33.2211],[-115.8222,33.2212],[-115.8223,33.2363],[-115.8049,33.2362]]],[[[-115.7528,33.2347],[-115.7703,33.2347],[-115.7703,33.2492],[-115.7528,33.2492],[-115.7528,33.2347]]],[[[-115.8395,33.2362],[-115.8394,33.221],[-115.8567,33.221],[-115.8568,33.2362],[-115.8395,33.2362]]],[[[-115.7876,33.236],[-115.8049,33.2362],[-115.805,33.251],[-115.7877,33.2509],[-115.7876,33.236]]],[[[-115.8223,33.2363],[-115.8395,33.2362],[-115.8396,33.251],[-115.8223,33.251],[-115.8223,33.2363]]]]},"properties":{"id":"usgs-pad-us-fee-managers:5278","name":"Sonny Bono Salton Sea National Wildlife Refuge","kind":"land","category":"public-land","sourceCategory":"public-land","sourceId":"usgs-pad-us-fee-managers","sourceUrl":"https://services.arcgis.com/v01gqwM5QqNysAAi/arcgis/rest/services/Fee_Managers_PADUS/FeatureServer/0","sourceUpdated":"2021-12-08T05:00:00.000Z","publicUse":"PAD-US reports restricted access; confirm permits and seasonal rules with the manager.","unit":"FWS","origin":"public-catalog"}},{"type":"Feature","id":"usgs-pad-us-fee-managers:5291","geometry":{"type":"MultiPolygon","coordinates":[[[[-122.0364,39.1264],[-122.0364,39.1197],[-122.0411,39.1225],[-122.0411,39.1264],[-122.0364,39.1264]]],[[[-122.019,39.116],[-122.0187,39.1151],[-122.0271,39.1152],[-122.027,39.1373],[-122.0316,39.1373],[-122.0316,39.1447],[-122.0222,39.1448],[-122.0234,39.1364],[-122.0232,39.1216],[-122.019,39.116]]],[[[-122.0411,39.1301],[-122.0552,39.1303],[-122.0551,39.1375],[-122.0598,39.1376],[-122.0598,39.1449],[-122.041,39.1447],[-122.0411,39.1301]]],[[[-122.0603,39.1953],[-122.0603,39.1904],[-122.0609,39.1904],[-122.0616,39.1926],[-122.0626,39.1946],[-122.0626,39.1952],[-122.0629,39.1953],[-122.0603,39.1953]]],[[[-121.9347,39.5855],[-121.9342,39.5761],[-121.941,39.5759],[-121.9413,39.5763],[-121.9573,39.5762],[-121.9559,39.5845],[-121.9542,39.5881],[-121.9527,39.5898],[-121.9516,39.5902],[-121.9459,39.5954],[-121.9444,39.5983],[-121.9426,39.5993],[-121.9341,39.5985],[-121.9347,39.5855]]],[[[-121.9093,39.5928],[-121.9091,39.5833],[-121.9164,39.5838],[-121.9186,39.5884],[-121.9194,39.5883],[-121.9208,39.5926],[-121.9223,39.601],[-121.9221,39.6028],[-121.9229,39.6029],[-121.923,39.611],[-121.9095,39.6113],[-121.9093,39.5928]]]]},"properties":{"id":"usgs-pad-us-fee-managers:5291","name":"Steve Thompson North Central Valley Wildlife Management Area","kind":"land","category":"public-land","sourceCategory":"public-land","sourceId":"usgs-pad-us-fee-managers","sourceUrl":"https://services.arcgis.com/v01gqwM5QqNysAAi/arcgis/rest/services/Fee_Managers_PADUS/FeatureServer/0","sourceUpdated":"2021-12-08T05:00:00.000Z","publicUse":"PAD-US reports restricted access; confirm permits and seasonal rules with the manager.","unit":"FWS","origin":"public-catalog"}},{"type":"Feature","id":"usgs-pad-us-fee-managers:5298","geometry":{"type":"MultiPolygon","coordinates":[[[[-121.5009,38.3138],[-121.4986,38.2995],[-121.499,38.2995],[-121.4953,38.2771],[-121.4963,38.2771],[-121.5028,38.3162],[-121.5015,38.3173],[-121.5009,38.3138]]],[[[-121.464,38.343],[-121.4639,38.3393],[-121.4689,38.339],[-121.4711,38.3501],[-121.4639,38.3501],[-121.464,38.343]]],[[[-121.4889,38.3686],[-121.489,38.366],[-121.4888,38.3647],[-121.489,38.3619],[-121.491,38.3582],[-121.4931,38.357],[-121.5012,38.357],[-121.5002,38.3498],[-121.4978,38.3498],[-121.4978,38.3486],[-121.4989,38.3477],[-121.4993,38.3461],[-121.491,38.3461],[-121.4907,38.321],[-121.497,38.321],[-121.497,38.3206],[-121.5013,38.3206],[-121.5025,38.3279],[-121.5037,38.3279],[-121.5098,38.3647],[-121.5093,38.365],[-121.5083,38.3578],[-121.5011,38.3576],[-121.5009,38.3648],[-121.4962,38.3647],[-121.4961,38.3712],[-121.4895,38.373],[-121.4892,38.3699],[-121.4889,38.3686]]],[[[-121.4936,38.4378],[-121.4904,38.4379],[-121.4889,38.4305],[-121.4896,38.4287],[-121.4896,38.4277],[-121.489,38.4267],[-121.4878,38.4259],[-121.4858,38.416],[-121.5009,38.416],[-121.5008,38.4314],[-121.4968,38.4346],[-121.4962,38.4344],[-121.4962,38.4372],[-121.4936,38.4378]]]]},"properties":{"id":"usgs-pad-us-fee-managers:5298","name":"Stone Lakes National Wildlife Refuge","kind":"land","category":"public-land","sourceCategory":"public-land","sourceId":"usgs-pad-us-fee-managers","sourceUrl":"https://services.arcgis.com/v01gqwM5QqNysAAi/arcgis/rest/services/Fee_Managers_PADUS/FeatureServer/0","sourceUpdated":"2021-12-08T05:00:00.000Z","publicUse":"PAD-US reports restricted access; confirm permits and seasonal rules with the manager.","unit":"FWS","origin":"public-catalog"}},{"type":"Feature","id":"usgs-pad-us-fee-managers:5310","geometry":{"type":"MultiPolygon","coordinates":[[[[-121.7364,39.012],[-121.7384,39.0184],[-121.7364,39.0184],[-121.7364,39.012]]],[[[-121.7403,39.0275],[-121.7428,39.0249],[-121.7443,39.0256],[-121.7457,39.0258],[-121.7456,39.0269],[-121.7429,39.027],[-121.7421,39.0272],[-121.7415,39.0278],[-121.7411,39.0287],[-121.7417,39.0308],[-121.7405,39.031],[-121.74,39.0289],[-121.7403,39.0275]]],[[[-121.7271,39.0401],[-121.7271,39.0328],[-121.7281,39.0329],[-121.7287,39.0351],[-121.74,39.0622],[-121.7271,39.0619],[-121.7271,39.0401]]],[[[-121.7609,39.1031],[-121.7604,39.1024],[-121.7606,39.1023],[-121.7592,39.1001],[-121.7592,39.1006],[-121.7578,39.098],[-121.7547,39.0907],[-121.7547,39.0914],[-121.7539,39.0914],[-121.7304,39.0347],[-121.73,39.033],[-121.7422,39.0332],[-121.7675,39.093],[-121.7705,39.0983],[-121.7723,39.1007],[-121.7742,39.1025],[-121.764,39.1024],[-121.764,39.1069],[-121.7609,39.1031]]]]},"properties":{"id":"usgs-pad-us-fee-managers:5310","name":"Sutter National Wildlife Refuge","kind":"land","category":"public-land","sourceCategory":"public-land","sourceId":"usgs-pad-us-fee-managers","sourceUrl":"https://services.arcgis.com/v01gqwM5QqNysAAi/arcgis/rest/services/Fee_Managers_PADUS/FeatureServer/0","sourceUpdated":"2021-12-08T05:00:00.000Z","publicUse":"PAD-US reports restricted access; confirm permits and seasonal rules with the manager.","unit":"FWS","origin":"public-catalog"}},{"type":"Feature","id":"usgs-pad-us-fee-managers:5328","geometry":{"type":"MultiPolygon","coordinates":[[[[-117.1243,32.5509],[-117.1253,32.5509],[-117.125,32.5511],[-117.1243,32.5509]]],[[[-117.1194,32.5509],[-117.124,32.5509],[-117.124,32.5513],[-117.1215,32.5524],[-117.1204,32.5518],[-117.1194,32.5509]]],[[[-117.0993,32.5564],[-117.0994,32.5546],[-117.1015,32.5546],[-117.1015,32.5583],[-117.0993,32.5583],[-117.0993,32.5564]]],[[[-117.1268,32.5555],[-117.1273,32.5555],[-117.127,32.5557],[-117.1268,32.5555]]],[[[-117.1264,32.5522],[-117.1263,32.5516],[-117.1266,32.552],[-117.1266,32.5517],[-117.1255,32.5509],[-117.1277,32.5509],[-117.1286,32.5531],[-117.1309,32.5572],[-117.1283,32.5563],[-117.1272,32.5548],[-117.1272,32.5533],[-117.1264,32.5522]]],[[[-117.1304,32.562],[-117.1307,32.5627],[-117.1305,32.5632],[-117.1302,32.5625],[-117.1304,32.562]]],[[[-117.1309,32.5629],[-117.1313,32.5631],[-117.1316,32.5634],[-117.1314,32.5641],[-117.1307,32.5634],[-117.1309,32.5629]]],[[[-117.1274,32.5672],[-117.1273,32.5582],[-117.1268,32.5582],[-117.1264,32.5574],[-117.1231,32.5546],[-117.1059,32.5546],[-117.1059,32.5509],[-117.1188,32.5509],[-117.1196,32.5516],[-117.1197,32.5521],[-117.1207,32.5525],[-117.1203,32.5531],[-117.1209,32.5526],[-117.1224,32.5526],[-117.1226,32.5523],[-117.1221,32.5524],[-117.1227,32.5521],[-117.1236,32.5519],[-117.1233,32.553],[-117.1235,32.5536],[-117.1223,32.5541],[-117.1227,32.5541],[-117.1236,32.5537],[-117.1234,32.5529],[-117.1238,32.5517],[-117.1254,32.5512],[-117.1258,32.5513],[-117.127,32.5534],[-117.1269,32.5546],[-117.1271,32.5552],[-117.1266,32.5555],[-117.1265,32.5567],[-117.1256,32.5567],[-117.1265,32.5568],[-117.1269,32.5558],[-117.1277,32.5559],[-117.1298,32.5589],[-117.1306,32.5604],[-117.1306,32.561],[-117.13,32.5622],[-117.1302,32.5636],[-117.1299,32.5639],[-117.1291,32.5639],[-117.1291,32.564],[-117.13,32.564],[-117.1305,32.5635],[-117.1311,32.5643],[-117.131,32.5656],[-117.1315,32.567],[-117.1314,32.5677],[-117.1274,32.5672]]],[[[-117.1319,32.5668],[-117.1316,32.5653],[-117.1317,32.5635],[-117.1308,32.562],[-117.1312,32.5612],[-117.1309,32.56],[-117.1302,32.5593],[-117.1302,32.5586],[-117.129,32.5575],[-117.1289,32.5571],[-117.1311,32.5578],[-117.1319,32.5594],[-117.1326,32.5621],[-117.1331,32.5666],[-117.1324,32.5666],[-117.1323,32.5678],[-117.1318,32.5677],[-117.1319,32.5668]]],[[[-117.1318,32.5709],[-117.1318,32.5694],[-117.1322,32.5694],[-117.1321,32.571],[-117.1318,32.5709]]],[[[-117.1275,32.5765],[-117.1275,32.5756],[-117.1253,32.5755],[-117.1253,32.5741],[-117.1241,32.5741],[-117.1239,32.5738],[-117.1231,32.5737],[-117.1231,32.5694],[-117.1295,32.5717],[-117.1295,32.5723],[-117.1286,32.5728],[-117.1286,32.5731],[-117.1297,32.5725],[-117.1303,32.5729],[-117.1304,32.5736],[-117.1313,32.5746],[-117.1311,32.5751],[-117.1304,32.575],[-117.13,32.5754],[-117.1305,32.575],[-117.1312,32.5752],[-117.1314,32.5748],[-117.1313,32.5744],[-117.1304,32.5735],[-117.1305,32.5729],[-117.1298,32.5724],[-117.1297,32.5717],[-117.1318,32.5724],[-117.1317,32.5758],[-117.1308,32.5758],[-117.1308,32.5765],[-117.1275,32.5765]]]]},"properties":{"id":"usgs-pad-us-fee-managers:5328","name":"Tijuana Slough National Wildlife Refuge","kind":"land","category":"public-land","sourceCategory":"public-land","sourceId":"usgs-pad-us-fee-managers","sourceUrl":"https://services.arcgis.com/v01gqwM5QqNysAAi/arcgis/rest/services/Fee_Managers_PADUS/FeatureServer/0","sourceUpdated":"2021-12-08T05:00:00.000Z","publicUse":"PAD-US reports restricted access; confirm permits and seasonal rules with the manager.","unit":"FWS","origin":"public-catalog"}},{"type":"Feature","id":"usgs-pad-us-fee-managers:5335","geometry":{"type":"MultiPolygon","coordinates":[[[[-119.5364,38.6519],[-119.5413,38.652],[-119.5404,38.6628],[-119.5359,38.6627],[-119.5364,38.6519]]],[[[-119.545,38.6666],[-119.5496,38.6667],[-119.5497,38.6739],[-119.5451,38.674],[-119.545,38.6666]]]]},"properties":{"id":"usgs-pad-us-fee-managers:5335","name":"Topaz Lake Public Fishing Area","kind":"land","category":"public-land","sourceCategory":"public-land","sourceId":"usgs-pad-us-fee-managers","sourceUrl":"https://services.arcgis.com/v01gqwM5QqNysAAi/arcgis/rest/services/Fee_Managers_PADUS/FeatureServer/0","sourceUpdated":"2021-12-08T05:00:00.000Z","publicUse":"PAD-US reports restricted access; confirm permits and seasonal rules with the manager.","unit":"FWS","origin":"public-catalog"}},{"type":"Feature","id":"usgs-pad-us-fee-managers:5347","geometry":{"type":"MultiPolygon","coordinates":[[[[-119.5897,35.7757],[-119.6078,35.7757],[-119.6078,35.7794],[-119.5897,35.7793],[-119.5897,35.7757]]],[[[-119.6123,35.7757],[-119.6168,35.7757],[-119.6168,35.783],[-119.6124,35.783],[-119.6123,35.7757]]]]},"properties":{"id":"usgs-pad-us-fee-managers:5347","name":"Tulare Basin Wildlife Management Area","kind":"land","category":"public-land","sourceCategory":"public-land","sourceId":"usgs-pad-us-fee-managers","sourceUrl":"https://services.arcgis.com/v01gqwM5QqNysAAi/arcgis/rest/services/Fee_Managers_PADUS/FeatureServer/0","sourceUpdated":"2021-12-08T05:00:00.000Z","publicUse":"PAD-US reports restricted access; confirm permits and seasonal rules with the manager.","unit":"FWS","origin":"public-catalog"}},{"type":"Feature","id":"usgs-pad-us-fee-managers:5348","geometry":{"type":"MultiPolygon","coordinates":[[[[-121.3994,41.8375],[-121.4002,41.8361],[-121.4016,41.8362],[-121.4025,41.8352],[-121.4046,41.8395],[-121.4004,41.8395],[-121.4011,41.8388],[-121.3994,41.8375]]],[[[-121.3793,41.8822],[-121.3793,41.8811],[-121.3805,41.8811],[-121.3805,41.8797],[-121.3793,41.8797],[-121.3793,41.8709],[-121.3841,41.8653],[-121.3848,41.8641],[-121.3874,41.8641],[-121.388,41.861],[-121.3987,41.861],[-121.3987,41.8641],[-121.4035,41.8641],[-121.4035,41.8677],[-121.4084,41.8677],[-121.4084,41.8713],[-121.4035,41.8713],[-121.4035,41.8749],[-121.4077,41.8749],[-121.4071,41.8757],[-121.4039,41.8769],[-121.3987,41.8764],[-121.3987,41.8784],[-121.4035,41.8784],[-121.4018,41.8794],[-121.3974,41.8839],[-121.3922,41.8874],[-121.3877,41.8894],[-121.3838,41.8905],[-121.3793,41.8877],[-121.3793,41.8822]]],[[[-121.5705,41.8912],[-121.5708,41.8767],[-121.5854,41.877],[-121.5851,41.8843],[-121.5803,41.8842],[-121.5802,41.8878],[-121.5754,41.8877],[-121.5753,41.8914],[-121.5705,41.8912]]],[[[-121.5701,41.9172],[-121.5701,41.9136],[-121.575,41.9136],[-121.5749,41.9172],[-121.5701,41.9172]]],[[[-121.5755,41.9319],[-121.5751,41.9245],[-121.5844,41.9246],[-121.5844,41.9319],[-121.5755,41.9319]]],[[[-121.5755,41.9319],[-121.5757,41.9355],[-121.58,41.9355],[-121.5798,41.9501],[-121.5673,41.95],[-121.5672,41.9474],[-121.5344,41.9473],[-121.5067,41.9413],[-121.5067,41.95],[-121.5034,41.95],[-121.5034,41.9404],[-121.4616,41.9295],[-121.418,41.9005],[-121.418,41.8641],[-121.4171,41.8641],[-121.3996,41.8272],[-121.4044,41.8239],[-121.4065,41.8249],[-121.4071,41.8268],[-121.4375,41.8268],[-121.4375,41.8335],[-121.4378,41.834],[-121.4378,41.8346],[-121.4401,41.8354],[-121.4485,41.8345],[-121.4637,41.8395],[-121.4696,41.8389],[-121.4704,41.8375],[-121.4744,41.8334],[-121.476,41.8332],[-121.4803,41.8355],[-121.4825,41.8361],[-121.4844,41.8357],[-121.4874,41.8354],[-121.4882,41.837],[-121.49,41.8377],[-121.4907,41.8374],[-121.4914,41.8351],[-121.4929,41.8328],[-121.4976,41.8315],[-121.4966,41.8295],[-121.499,41.8288],[-121.5002,41.8267],[-121.5002,41.8256],[-121.5037,41.8257],[-121.5043,41.8254],[-121.5055,41.8253],[-121.5071,41.8256],[-121.5082,41.8264],[-121.5094,41.8281],[-121.5115,41.8277],[-121.5122,41.828],[-121.5128,41.8279],[-121.5143,41.8291],[-121.5147,41.83],[-121.5148,41.8312],[-121.511,41.8336],[-121.5116,41.8366],[-121.5137,41.8367],[-121.5143,41.8373],[-121.5166,41.838],[-121.5195,41.836],[-121.5203,41.8327],[-121.5226,41.83],[-121.5244,41.8256],[-121.528,41.8198],[-121.5293,41.8165],[-121.53,41.8158],[-121.5314,41.8153],[-121.5328,41.8153],[-121.5355,41.8167],[-121.537,41.8169],[-121.5405,41.818],[-121.5397,41.8209],[-121.5401,41.8219],[-121.5398,41.8227],[-121.5411,41.8236],[-121.5412,41.8242],[-121.5418,41.8246],[-121.5422,41.8261],[-121.5429,41.8263],[-121.5442,41.8258],[-121.547,41.8265],[-121.5491,41.8265],[-121.5491,41.8284],[-121.5495,41.8291],[-121.5508,41.8293],[-121.5537,41.8285],[-121.555,41.8285],[-121.5556,41.8291],[-121.5559,41.8304],[-121.5562,41.8305],[-121.5561,41.834],[-121.569,41.834],[-121.569,41.8622],[-121.5663,41.8621],[-121.5654,41.9012],[-121.5657,41.9049],[-121.5656,41.9099],[-121.5658,41.9114],[-121.565,41.9135],[-121.5654,41.9168],[-121.5665,41.9192],[-121.567,41.9209],[-121.5665,41.9209],[-121.5667,41.9257],[-121.5666,41.9286],[-121.567,41.9318],[-121.5755,41.9319]]],[[[-121.559,41.9148],[-121.5542,41.9148],[-121.5542,41.9184],[-121.5517,41.9184],[-121.5517,41.922],[-121.5445,41.922],[-121.5445,41.9437],[-121.5652,41.9437],[-121.5651,41.9256],[-121.5639,41.9256],[-121.5639,41.9148],[-121.559,41.9148]]],[[[-121.5648,41.9761],[-121.5658,41.9645],[-121.5694,41.9645],[-121.5691,41.969],[-121.5678,41.9706],[-121.5659,41.9712],[-121.5669,41.9733],[-121.5648,41.9766],[-121.5648,41.9761]]],[[[-121.5749,41.9646],[-121.5842,41.9647],[-121.5841,41.9684],[-121.589,41.9684],[-121.5885,41.9793],[-121.5934,41.9793],[-121.5933,41.9866],[-121.5837,41.9865],[-121.5837,41.9793],[-121.574,41.9791],[-121.5749,41.9646]]]]},"properties":{"id":"usgs-pad-us-fee-managers:5348","name":"Tule Lake National Wildlife Refuge","kind":"land","category":"public-land","sourceCategory":"public-land","sourceId":"usgs-pad-us-fee-managers","sourceUrl":"https://services.arcgis.com/v01gqwM5QqNysAAi/arcgis/rest/services/Fee_Managers_PADUS/FeatureServer/0","sourceUpdated":"2021-12-08T05:00:00.000Z","publicUse":"PAD-US reports restricted access; confirm permits and seasonal rules with the manager.","unit":"FWS","origin":"public-catalog"}},{"type":"Feature","id":"usgs-pad-us-fee-managers:83062","geometry":{"type":"Polygon","coordinates":[[[-121.4968,38.2809],[-121.4967,38.2805],[-121.4974,38.2805],[-121.498,38.2811],[-121.5012,38.283],[-121.5036,38.2878],[-121.5054,38.2919],[-121.507,38.2934],[-121.5081,38.295],[-121.5084,38.2997],[-121.509,38.3029],[-121.5104,38.3056],[-121.5105,38.3067],[-121.5112,38.3075],[-121.5104,38.3089],[-121.5046,38.3139],[-121.5028,38.3165],[-121.4968,38.2809]]]},"properties":{"id":"usgs-pad-us-fee-managers:83062","name":"Stone Lakes National Wildlife Refuge 2","kind":"land","category":"public-land","sourceCategory":"public-land","sourceId":"usgs-pad-us-fee-managers","sourceUrl":"https://services.arcgis.com/v01gqwM5QqNysAAi/arcgis/rest/services/Fee_Managers_PADUS/FeatureServer/0","sourceUpdated":"2017-09-14T04:00:00.000Z","publicUse":"PAD-US reports restricted access; confirm permits and seasonal rules with the manager.","unit":"FWS","origin":"public-catalog"}},{"type":"Feature","id":"usgs-pad-us-fee-managers:83508","geometry":{"type":"Polygon","coordinates":[[[-121.4786,38.2322],[-121.4758,38.2322],[-121.4758,38.2353],[-121.467,38.2353],[-121.467,38.2315],[-121.4742,38.2315],[-121.4742,38.2254],[-121.4883,38.2256],[-121.4892,38.2261],[-121.4891,38.2284],[-121.4907,38.2286],[-121.4903,38.2305],[-121.4904,38.2327],[-121.4875,38.2326],[-121.4875,38.2323],[-121.4786,38.2322]]]},"properties":{"id":"usgs-pad-us-fee-managers:83508","name":"Cowell Acquisition","kind":"land","category":"public-land","sourceCategory":"public-land","sourceId":"usgs-pad-us-fee-managers","sourceUrl":"https://services.arcgis.com/v01gqwM5QqNysAAi/arcgis/rest/services/Fee_Managers_PADUS/FeatureServer/0","sourceUpdated":"2017-09-14T04:00:00.000Z","publicUse":"PAD-US does not report an access classification; verify with the land manager.","unit":"SPR","origin":"public-catalog"}},{"type":"Feature","id":"usgs-pad-us-fee-managers:83616","geometry":{"type":"Polygon","coordinates":[[[-121.8049,37.3034],[-121.8051,37.3033],[-121.8048,37.3031],[-121.8052,37.3028],[-121.8055,37.303],[-121.8059,37.3029],[-121.8049,37.3037],[-121.8049,37.3034]]]},"properties":{"id":"usgs-pad-us-fee-managers:83616","name":"Silver Creek High School Pool","kind":"land","category":"public-land","sourceCategory":"public-land","sourceId":"usgs-pad-us-fee-managers","sourceUrl":"https://services.arcgis.com/v01gqwM5QqNysAAi/arcgis/rest/services/Fee_Managers_PADUS/FeatureServer/0","sourceUpdated":"2019-09-18T04:00:00.000Z","publicUse":"PAD-US reports open access; verify current manager conditions and restrictions.","unit":"REG","origin":"public-catalog"}},{"type":"Feature","id":"usgs-pad-us-fee-managers:83617","geometry":{"type":"Polygon","coordinates":[[[-119.8365,36.764],[-119.8365,36.7638],[-119.8359,36.7639],[-119.8357,36.7629],[-119.8369,36.7629],[-119.8372,36.764],[-119.8365,36.764]]]},"properties":{"id":"usgs-pad-us-fee-managers:83617","name":"Addams Elementary","kind":"land","category":"public-land","sourceCategory":"public-land","sourceId":"usgs-pad-us-fee-managers","sourceUrl":"https://services.arcgis.com/v01gqwM5QqNysAAi/arcgis/rest/services/Fee_Managers_PADUS/FeatureServer/0","sourceUpdated":"2019-09-18T04:00:00.000Z","publicUse":"PAD-US reports open access; verify current manager conditions and restrictions.","unit":"REG","origin":"public-catalog"}},{"type":"Feature","id":"usgs-pad-us-fee-managers:83618","geometry":{"type":"Polygon","coordinates":[[[-119.7821,36.7486],[-119.7823,36.7482],[-119.7821,36.7474],[-119.7831,36.7474],[-119.783,36.7481],[-119.7837,36.7482],[-119.7837,36.7486],[-119.7821,36.7486]]]},"properties":{"id":"usgs-pad-us-fee-managers:83618","name":"Akira Yokomi Elementary","kind":"land","category":"public-land","sourceCategory":"public-land","sourceId":"usgs-pad-us-fee-managers","sourceUrl":"https://services.arcgis.com/v01gqwM5QqNysAAi/arcgis/rest/services/Fee_Managers_PADUS/FeatureServer/0","sourceUpdated":"2019-09-18T04:00:00.000Z","publicUse":"PAD-US reports open access; verify current manager conditions and restrictions.","unit":"REG","origin":"public-catalog"}},{"type":"Feature","id":"usgs-pad-us-fee-managers:83619","geometry":{"type":"Polygon","coordinates":[[[-119.811,36.8191],[-119.8111,36.8177],[-119.8117,36.8177],[-119.8117,36.817],[-119.8112,36.8168],[-119.8112,36.8157],[-119.8129,36.8157],[-119.8129,36.8169],[-119.8151,36.8169],[-119.8151,36.8191],[-119.811,36.8191]]]},"properties":{"id":"usgs-pad-us-fee-managers:83619","name":"Bullard High","kind":"land","category":"public-land","sourceCategory":"public-land","sourceId":"usgs-pad-us-fee-managers","sourceUrl":"https://services.arcgis.com/v01gqwM5QqNysAAi/arcgis/rest/services/Fee_Managers_PADUS/FeatureServer/0","sourceUpdated":"2019-09-18T04:00:00.000Z","publicUse":"PAD-US reports open access; verify current manager conditions and restrictions.","unit":"REG","origin":"public-catalog"}},{"type":"Feature","id":"usgs-pad-us-fee-managers:83620","geometry":{"type":"Polygon","coordinates":[[[-119.8805,36.7898],[-119.8805,36.7892],[-119.8822,36.7892],[-119.8834,36.7885],[-119.8847,36.7885],[-119.8848,36.787],[-119.8861,36.7872],[-119.8861,36.7899],[-119.8805,36.7898]]]},"properties":{"id":"usgs-pad-us-fee-managers:83620","name":"Central High East Campus","kind":"land","category":"public-land","sourceCategory":"public-land","sourceId":"usgs-pad-us-fee-managers","sourceUrl":"https://services.arcgis.com/v01gqwM5QqNysAAi/arcgis/rest/services/Fee_Managers_PADUS/FeatureServer/0","sourceUpdated":"2019-09-18T04:00:00.000Z","publicUse":"PAD-US reports open access; verify current manager conditions and restrictions.","unit":"REG","origin":"public-catalog"}},{"type":"Feature","id":"usgs-pad-us-fee-managers:83621","geometry":{"type":"Polygon","coordinates":[[[-119.7304,36.8942],[-119.7306,36.8908],[-119.7322,36.8908],[-119.7322,36.8917],[-119.7343,36.8917],[-119.7345,36.8921],[-119.7355,36.8921],[-119.7355,36.8917],[-119.7361,36.8916],[-119.7361,36.8907],[-119.7385,36.8906],[-119.7385,36.8916],[-119.7367,36.8916],[-119.7367,36.8945],[-119.7349,36.8945],[-119.7349,36.8941],[-119.7304,36.8942]]]},"properties":{"id":"usgs-pad-us-fee-managers:83621","name":"Clovis North High School","kind":"land","category":"public-land","sourceCategory":"public-land","sourceId":"usgs-pad-us-fee-managers","sourceUrl":"https://services.arcgis.com/v01gqwM5QqNysAAi/arcgis/rest/services/Fee_Managers_PADUS/FeatureServer/0","sourceUpdated":"2019-09-18T04:00:00.000Z","publicUse":"PAD-US reports open access; verify current manager conditions and restrictions.","unit":"REG","origin":"public-catalog"}},{"type":"Feature","id":"usgs-pad-us-fee-managers:83622","geometry":{"type":"Polygon","coordinates":[[[-119.8015,36.7177],[-119.8015,36.716],[-119.8037,36.716],[-119.8037,36.7164],[-119.8044,36.7164],[-119.8044,36.7176],[-119.8015,36.7177]]]},"properties":{"id":"usgs-pad-us-fee-managers:83622","name":"Computech Middle School","kind":"land","category":"public-land","sourceCategory":"public-land","sourceId":"usgs-pad-us-fee-managers","sourceUrl":"https://services.arcgis.com/v01gqwM5QqNysAAi/arcgis/rest/services/Fee_Managers_PADUS/FeatureServer/0","sourceUpdated":"2019-09-18T04:00:00.000Z","publicUse":"PAD-US reports open access; verify current manager conditions and restrictions.","unit":"REG","origin":"public-catalog"}},{"type":"Feature","id":"usgs-pad-us-fee-managers:83623","geometry":{"type":"Polygon","coordinates":[[[-119.8078,36.7213],[-119.8079,36.7204],[-119.8076,36.7202],[-119.8068,36.7202],[-119.8065,36.7189],[-119.8051,36.7189],[-119.8052,36.7178],[-119.8088,36.7178],[-119.8088,36.7211],[-119.8078,36.7213]]]},"properties":{"id":"usgs-pad-us-fee-managers:83623","name":"Edison High","kind":"land","category":"public-land","sourceCategory":"public-land","sourceId":"usgs-pad-us-fee-managers","sourceUrl":"https://services.arcgis.com/v01gqwM5QqNysAAi/arcgis/rest/services/Fee_Managers_PADUS/FeatureServer/0","sourceUpdated":"2019-09-18T04:00:00.000Z","publicUse":"PAD-US reports open access; verify current manager conditions and restrictions.","unit":"REG","origin":"public-catalog"}},{"type":"Feature","id":"usgs-pad-us-fee-managers:83624","geometry":{"type":"MultiPolygon","coordinates":[[[[-119.8726,36.7681],[-119.8714,36.7681],[-119.8714,36.7668],[-119.8727,36.7667],[-119.8727,36.7671],[-119.8733,36.7671],[-119.8733,36.7674],[-119.8727,36.7674],[-119.8727,36.7678],[-119.8733,36.7677],[-119.8733,36.7679],[-119.8726,36.768],[-119.8726,36.7681]]],[[[-119.8736,36.7681],[-119.8737,36.7674],[-119.8744,36.7674],[-119.8742,36.7671],[-119.8738,36.7671],[-119.8738,36.7667],[-119.8741,36.7667],[-119.8741,36.7665],[-119.8758,36.7665],[-119.8758,36.7681],[-119.8736,36.7681]]]]},"properties":{"id":"usgs-pad-us-fee-managers:83624","name":"El Capitan Middle School","kind":"land","category":"public-land","sourceCategory":"public-land","sourceId":"usgs-pad-us-fee-managers","sourceUrl":"https://services.arcgis.com/v01gqwM5QqNysAAi/arcgis/rest/services/Fee_Managers_PADUS/FeatureServer/0","sourceUpdated":"2019-09-18T04:00:00.000Z","publicUse":"PAD-US reports open access; verify current manager conditions and restrictions.","unit":"REG","origin":"public-catalog"}},{"type":"Feature","id":"usgs-pad-us-fee-managers:83625","geometry":{"type":"Polygon","coordinates":[[[-119.7277,36.7182],[-119.7276,36.7165],[-119.7282,36.7164],[-119.729,36.7168],[-119.7302,36.7159],[-119.7306,36.7147],[-119.7306,36.7181],[-119.7277,36.7182]]]},"properties":{"id":"usgs-pad-us-fee-managers:83625","name":"Elizabeth Terronez Middle","kind":"land","category":"public-land","sourceCategory":"public-land","sourceId":"usgs-pad-us-fee-managers","sourceUrl":"https://services.arcgis.com/v01gqwM5QqNysAAi/arcgis/rest/services/Fee_Managers_PADUS/FeatureServer/0","sourceUpdated":"2019-09-18T04:00:00.000Z","publicUse":"PAD-US reports open access; verify current manager conditions and restrictions.","unit":"REG","origin":"public-catalog"}},{"type":"Feature","id":"usgs-pad-us-fee-managers:83626","geometry":{"type":"Polygon","coordinates":[[[-119.8062,36.7677],[-119.8062,36.7674],[-119.807,36.7674],[-119.807,36.7669],[-119.8063,36.7669],[-119.8064,36.7666],[-119.8061,36.7666],[-119.8059,36.7651],[-119.8085,36.765],[-119.8085,36.7684],[-119.8065,36.7684],[-119.8062,36.7677]]]},"properties":{"id":"usgs-pad-us-fee-managers:83626","name":"Fresno High School","kind":"land","category":"public-land","sourceCategory":"public-land","sourceId":"usgs-pad-us-fee-managers","sourceUrl":"https://services.arcgis.com/v01gqwM5QqNysAAi/arcgis/rest/services/Fee_Managers_PADUS/FeatureServer/0","sourceUpdated":"2019-09-18T04:00:00.000Z","publicUse":"PAD-US reports open access; verify current manager conditions and restrictions.","unit":"REG","origin":"public-catalog"}},{"type":"Feature","id":"usgs-pad-us-fee-managers:83627","geometry":{"type":"Polygon","coordinates":[[[-119.8129,36.8169],[-119.8129,36.8157],[-119.8137,36.8157],[-119.8137,36.816],[-119.8141,36.816],[-119.8141,36.8169],[-119.8129,36.8169]]]},"properties":{"id":"usgs-pad-us-fee-managers:83627","name":"Gibson Elementary","kind":"land","category":"public-land","sourceCategory":"public-land","sourceId":"usgs-pad-us-fee-managers","sourceUrl":"https://services.arcgis.com/v01gqwM5QqNysAAi/arcgis/rest/services/Fee_Managers_PADUS/FeatureServer/0","sourceUpdated":"2019-09-18T04:00:00.000Z","publicUse":"PAD-US reports open access; verify current manager conditions and restrictions.","unit":"REG","origin":"public-catalog"}},{"type":"Feature","id":"usgs-pad-us-fee-managers:83628","geometry":{"type":"Polygon","coordinates":[[[-119.9076,36.7972],[-119.9076,36.7955],[-119.9091,36.7954],[-119.9092,36.7952],[-119.9099,36.7952],[-119.9099,36.7937],[-119.9111,36.7937],[-119.9111,36.7964],[-119.9114,36.7969],[-119.9107,36.7972],[-119.9076,36.7972]]]},"properties":{"id":"usgs-pad-us-fee-managers:83628","name":"Glacier Point Middle School","kind":"land","category":"public-land","sourceCategory":"public-land","sourceId":"usgs-pad-us-fee-managers","sourceUrl":"https://services.arcgis.com/v01gqwM5QqNysAAi/arcgis/rest/services/Fee_Managers_PADUS/FeatureServer/0","sourceUpdated":"2019-09-18T04:00:00.000Z","publicUse":"PAD-US reports open access; verify current manager conditions and restrictions.","unit":"REG","origin":"public-catalog"}},{"type":"Feature","id":"usgs-pad-us-fee-managers:83629","geometry":{"type":"Polygon","coordinates":[[[-119.8511,36.7709],[-119.8511,36.7692],[-119.8515,36.7692],[-119.8521,36.7698],[-119.8516,36.7698],[-119.8515,36.7702],[-119.8532,36.77],[-119.8532,36.7709],[-119.8511,36.7709]]]},"properties":{"id":"usgs-pad-us-fee-managers:83629","name":"Hanh Phan Tilley Elementary School","kind":"land","category":"public-land","sourceCategory":"public-land","sourceId":"usgs-pad-us-fee-managers","sourceUrl":"https://services.arcgis.com/v01gqwM5QqNysAAi/arcgis/rest/services/Fee_Managers_PADUS/FeatureServer/0","sourceUpdated":"2019-09-18T04:00:00.000Z","publicUse":"PAD-US reports open access; verify current manager conditions and restrictions.","unit":"REG","origin":"public-catalog"}},{"type":"Feature","id":"usgs-pad-us-fee-managers:83630","geometry":{"type":"Polygon","coordinates":[[[-119.9095,36.7998],[-119.9087,36.7992],[-119.9084,36.7994],[-119.9076,36.7992],[-119.9076,36.7972],[-119.9096,36.7972],[-119.9099,36.8006],[-119.9096,36.8004],[-119.9093,36.7999],[-119.9095,36.7998]]]},"properties":{"id":"usgs-pad-us-fee-managers:83630","name":"Harvest Elementary School","kind":"land","category":"public-land","sourceCategory":"public-land","sourceId":"usgs-pad-us-fee-managers","sourceUrl":"https://services.arcgis.com/v01gqwM5QqNysAAi/arcgis/rest/services/Fee_Managers_PADUS/FeatureServer/0","sourceUpdated":"2019-09-18T04:00:00.000Z","publicUse":"PAD-US reports open access; verify current manager conditions and restrictions.","unit":"REG","origin":"public-catalog"}},{"type":"Feature","id":"usgs-pad-us-fee-managers:83631","geometry":{"type":"Polygon","coordinates":[[[-119.7678,36.8184],[-119.7678,36.8159],[-119.7697,36.8159],[-119.7698,36.818],[-119.7694,36.818],[-119.7694,36.8185],[-119.7698,36.8185],[-119.77,36.8199],[-119.7681,36.8214],[-119.7677,36.8214],[-119.7678,36.8184]]]},"properties":{"id":"usgs-pad-us-fee-managers:83631","name":"Herbert Hoover High","kind":"land","category":"public-land","sourceCategory":"public-land","sourceId":"usgs-pad-us-fee-managers","sourceUrl":"https://services.arcgis.com/v01gqwM5QqNysAAi/arcgis/rest/services/Fee_Managers_PADUS/FeatureServer/0","sourceUpdated":"2019-09-18T04:00:00.000Z","publicUse":"PAD-US reports open access; verify current manager conditions and restrictions.","unit":"REG","origin":"public-catalog"}},{"type":"Feature","id":"usgs-pad-us-fee-managers:83632","geometry":{"type":"Polygon","coordinates":[[[-119.8938,36.7699],[-119.8898,36.7699],[-119.8903,36.7698],[-119.89,36.7697],[-119.8903,36.7693],[-119.8905,36.7695],[-119.891,36.7692],[-119.8912,36.769],[-119.891,36.7686],[-119.8914,36.7684],[-119.8914,36.7681],[-119.8938,36.7681],[-119.8938,36.7699]]]},"properties":{"id":"usgs-pad-us-fee-managers:83632","name":"James K. Polk Elementary School","kind":"land","category":"public-land","sourceCategory":"public-land","sourceId":"usgs-pad-us-fee-managers","sourceUrl":"https://services.arcgis.com/v01gqwM5QqNysAAi/arcgis/rest/services/Fee_Managers_PADUS/FeatureServer/0","sourceUpdated":"2019-09-18T04:00:00.000Z","publicUse":"PAD-US reports open access; verify current manager conditions and restrictions.","unit":"REG","origin":"public-catalog"}},{"type":"Feature","id":"usgs-pad-us-fee-managers:83633","geometry":{"type":"Polygon","coordinates":[[[-119.8736,36.79],[-119.8736,36.7873],[-119.8758,36.7873],[-119.8758,36.7881],[-119.875,36.7882],[-119.8751,36.7886],[-119.8744,36.7891],[-119.8747,36.7893],[-119.8745,36.7899],[-119.8758,36.7901],[-119.8759,36.7909],[-119.8736,36.7909],[-119.8736,36.79]],[[-119.8754,36.788],[-119.875,36.788],[-119.875,36.7881],[-119.8754,36.788]]]},"properties":{"id":"usgs-pad-us-fee-managers:83633","name":"John Steinbeck Elementary","kind":"land","category":"public-land","sourceCategory":"public-land","sourceId":"usgs-pad-us-fee-managers","sourceUrl":"https://services.arcgis.com/v01gqwM5QqNysAAi/arcgis/rest/services/Fee_Managers_PADUS/FeatureServer/0","sourceUpdated":"2019-09-18T04:00:00.000Z","publicUse":"PAD-US reports open access; verify current manager conditions and restrictions.","unit":"REG","origin":"public-catalog"}},{"type":"Feature","id":"usgs-pad-us-fee-managers:83634","geometry":{"type":"Polygon","coordinates":[[[-119.8606,36.7301],[-119.8579,36.7301],[-119.8579,36.7284],[-119.8606,36.7285],[-119.8606,36.729],[-119.8608,36.729],[-119.8608,36.7285],[-119.8614,36.7285],[-119.8609,36.7287],[-119.8609,36.729],[-119.8615,36.729],[-119.8615,36.7292],[-119.8609,36.7292],[-119.8609,36.7298],[-119.8604,36.7298],[-119.8606,36.7301]]]},"properties":{"id":"usgs-pad-us-fee-managers:83634","name":"Madison Elementary School","kind":"land","category":"public-land","sourceCategory":"public-land","sourceId":"usgs-pad-us-fee-managers","sourceUrl":"https://services.arcgis.com/v01gqwM5QqNysAAi/arcgis/rest/services/Fee_Managers_PADUS/FeatureServer/0","sourceUpdated":"2019-09-18T04:00:00.000Z","publicUse":"PAD-US reports open access; verify current manager conditions and restrictions.","unit":"REG","origin":"public-catalog"}},{"type":"Feature","id":"usgs-pad-us-fee-managers:83635","geometry":{"type":"Polygon","coordinates":[[[-119.8734,36.7663],[-119.8726,36.7663],[-119.8726,36.7655],[-119.8721,36.7655],[-119.8721,36.7647],[-119.8735,36.7647],[-119.8734,36.7663]]]},"properties":{"id":"usgs-pad-us-fee-managers:83635","name":"Mckinley Elementary","kind":"land","category":"public-land","sourceCategory":"public-land","sourceId":"usgs-pad-us-fee-managers","sourceUrl":"https://services.arcgis.com/v01gqwM5QqNysAAi/arcgis/rest/services/Fee_Managers_PADUS/FeatureServer/0","sourceUpdated":"2019-09-18T04:00:00.000Z","publicUse":"PAD-US reports open access; verify current manager conditions and restrictions.","unit":"REG","origin":"public-catalog"}},{"type":"Feature","id":"usgs-pad-us-fee-managers:83636","geometry":{"type":"Polygon","coordinates":[[[-119.7577,36.7751],[-119.7577,36.7738],[-119.7556,36.7738],[-119.7556,36.7725],[-119.759,36.7724],[-119.759,36.7759],[-119.7577,36.7759],[-119.7577,36.7751]]]},"properties":{"id":"usgs-pad-us-fee-managers:83636","name":"Mclane High","kind":"land","category":"public-land","sourceCategory":"public-land","sourceId":"usgs-pad-us-fee-managers","sourceUrl":"https://services.arcgis.com/v01gqwM5QqNysAAi/arcgis/rest/services/Fee_Managers_PADUS/FeatureServer/0","sourceUpdated":"2019-09-18T04:00:00.000Z","publicUse":"PAD-US reports open access; verify current manager conditions and restrictions.","unit":"REG","origin":"public-catalog"}},{"type":"Feature","id":"usgs-pad-us-fee-managers:83637","geometry":{"type":"Polygon","coordinates":[[[-119.8867,36.8441],[-119.886,36.8441],[-119.886,36.8423],[-119.8881,36.8423],[-119.8878,36.843],[-119.8871,36.8429],[-119.887,36.8432],[-119.8868,36.8435],[-119.8872,36.8437],[-119.8865,36.8438],[-119.8867,36.8441]]]},"properties":{"id":"usgs-pad-us-fee-managers:83637","name":"Norman Liddell Elementary School","kind":"land","category":"public-land","sourceCategory":"public-land","sourceId":"usgs-pad-us-fee-managers","sourceUrl":"https://services.arcgis.com/v01gqwM5QqNysAAi/arcgis/rest/services/Fee_Managers_PADUS/FeatureServer/0","sourceUpdated":"2019-09-18T04:00:00.000Z","publicUse":"PAD-US reports open access; verify current manager conditions and restrictions.","unit":"REG","origin":"public-catalog"}},{"type":"Feature","id":"usgs-pad-us-fee-managers:83638","geometry":{"type":"Polygon","coordinates":[[[-119.9041,36.8367],[-119.9041,36.8352],[-119.9058,36.8351],[-119.9058,36.8346],[-119.9063,36.8349],[-119.9064,36.8334],[-119.9075,36.8333],[-119.9075,36.8367],[-119.9041,36.8367]]]},"properties":{"id":"usgs-pad-us-fee-managers:83638","name":"Rio Vista Jr. High School","kind":"land","category":"public-land","sourceCategory":"public-land","sourceId":"usgs-pad-us-fee-managers","sourceUrl":"https://services.arcgis.com/v01gqwM5QqNysAAi/arcgis/rest/services/Fee_Managers_PADUS/FeatureServer/0","sourceUpdated":"2019-09-18T04:00:00.000Z","publicUse":"PAD-US reports open access; verify current manager conditions and restrictions.","unit":"REG","origin":"public-catalog"}},{"type":"Feature","id":"usgs-pad-us-fee-managers:83639","geometry":{"type":"Polygon","coordinates":[[[-119.9029,36.8352],[-119.9015,36.8352],[-119.9003,36.8342],[-119.901,36.8335],[-119.9023,36.8334],[-119.9025,36.8339],[-119.9028,36.834],[-119.9026,36.8342],[-119.9028,36.8344],[-119.9027,36.8345],[-119.903,36.8348],[-119.9037,36.8346],[-119.904,36.8348],[-119.9029,36.8349],[-119.9029,36.8352]]]},"properties":{"id":"usgs-pad-us-fee-managers:83639","name":"River Bluff Elem. School","kind":"land","category":"public-land","sourceCategory":"public-land","sourceId":"usgs-pad-us-fee-managers","sourceUrl":"https://services.arcgis.com/v01gqwM5QqNysAAi/arcgis/rest/services/Fee_Managers_PADUS/FeatureServer/0","sourceUpdated":"2019-09-18T04:00:00.000Z","publicUse":"PAD-US reports open access; verify current manager conditions and restrictions.","unit":"REG","origin":"public-catalog"}},{"type":"Feature","id":"usgs-pad-us-fee-managers:83640","geometry":{"type":"Polygon","coordinates":[[[-119.7526,36.7413],[-119.7519,36.7413],[-119.7519,36.7417],[-119.7514,36.7417],[-119.7515,36.7414],[-119.7502,36.7414],[-119.7502,36.7396],[-119.7543,36.7396],[-119.7543,36.7407],[-119.7532,36.7406],[-119.7532,36.7417],[-119.7526,36.7417],[-119.7526,36.7413]]]},"properties":{"id":"usgs-pad-us-fee-managers:83640","name":"Roosevelt High","kind":"land","category":"public-land","sourceCategory":"public-land","sourceId":"usgs-pad-us-fee-managers","sourceUrl":"https://services.arcgis.com/v01gqwM5QqNysAAi/arcgis/rest/services/Fee_Managers_PADUS/FeatureServer/0","sourceUpdated":"2019-09-18T04:00:00.000Z","publicUse":"PAD-US reports open access; verify current manager conditions and restrictions.","unit":"REG","origin":"public-catalog"}},{"type":"Feature","id":"usgs-pad-us-fee-managers:83641","geometry":{"type":"Polygon","coordinates":[[[-119.7377,36.7831],[-119.7377,36.7818],[-119.739,36.7818],[-119.739,36.7813],[-119.7395,36.7813],[-119.7395,36.7816],[-119.7407,36.7816],[-119.7407,36.7829],[-119.7405,36.7831],[-119.7377,36.7831]]]},"properties":{"id":"usgs-pad-us-fee-managers:83641","name":"Scandinavian Middle School","kind":"land","category":"public-land","sourceCategory":"public-land","sourceId":"usgs-pad-us-fee-managers","sourceUrl":"https://services.arcgis.com/v01gqwM5QqNysAAi/arcgis/rest/services/Fee_Managers_PADUS/FeatureServer/0","sourceUpdated":"2019-09-18T04:00:00.000Z","publicUse":"PAD-US reports open access; verify current manager conditions and restrictions.","unit":"REG","origin":"public-catalog"}},{"type":"Feature","id":"usgs-pad-us-fee-managers:83642","geometry":{"type":"Polygon","coordinates":[[[-119.7161,36.7357],[-119.7152,36.7357],[-119.7151,36.7345],[-119.715,36.7355],[-119.7134,36.7357],[-119.7134,36.7315],[-119.715,36.7316],[-119.715,36.7338],[-119.7167,36.7338],[-119.7167,36.7345],[-119.7172,36.7345],[-119.7172,36.7357],[-119.7161,36.7357]]]},"properties":{"id":"usgs-pad-us-fee-managers:83642","name":"Sunnyside High","kind":"land","category":"public-land","sourceCategory":"public-land","sourceId":"usgs-pad-us-fee-managers","sourceUrl":"https://services.arcgis.com/v01gqwM5QqNysAAi/arcgis/rest/services/Fee_Managers_PADUS/FeatureServer/0","sourceUpdated":"2019-09-18T04:00:00.000Z","publicUse":"PAD-US reports open access; verify current manager conditions and restrictions.","unit":"REG","origin":"public-catalog"}},{"type":"Feature","id":"usgs-pad-us-fee-managers:83643","geometry":{"type":"Polygon","coordinates":[[[-119.8907,36.8034],[-119.8909,36.8023],[-119.8903,36.8023],[-119.8903,36.8017],[-119.8896,36.8017],[-119.8896,36.801],[-119.8919,36.8009],[-119.8919,36.802],[-119.8927,36.802],[-119.8925,36.8016],[-119.8927,36.8016],[-119.8928,36.8012],[-119.8936,36.8011],[-119.8936,36.8026],[-119.8919,36.8026],[-119.8919,36.8032],[-119.8907,36.8034]]]},"properties":{"id":"usgs-pad-us-fee-managers:83643","name":"Teague Elementary School","kind":"land","category":"public-land","sourceCategory":"public-land","sourceId":"usgs-pad-us-fee-managers","sourceUrl":"https://services.arcgis.com/v01gqwM5QqNysAAi/arcgis/rest/services/Fee_Managers_PADUS/FeatureServer/0","sourceUpdated":"2019-09-18T04:00:00.000Z","publicUse":"PAD-US reports open access; verify current manager conditions and restrictions.","unit":"REG","origin":"public-catalog"}},{"type":"Feature","id":"usgs-pad-us-fee-managers:83644","geometry":{"type":"Polygon","coordinates":[[[-119.7563,36.7259],[-119.7557,36.7259],[-119.7557,36.7262],[-119.7548,36.7262],[-119.7548,36.7251],[-119.7568,36.7251],[-119.7568,36.726],[-119.7563,36.7259]]]},"properties":{"id":"usgs-pad-us-fee-managers:83644","name":"Vang Pao Elementary","kind":"land","category":"public-land","sourceCategory":"public-land","sourceId":"usgs-pad-us-fee-managers","sourceUrl":"https://services.arcgis.com/v01gqwM5QqNysAAi/arcgis/rest/services/Fee_Managers_PADUS/FeatureServer/0","sourceUpdated":"2019-09-18T04:00:00.000Z","publicUse":"PAD-US reports open access; verify current manager conditions and restrictions.","unit":"REG","origin":"public-catalog"}},{"type":"Feature","id":"usgs-pad-us-fee-managers:83645","geometry":{"type":"Polygon","coordinates":[[[-119.6634,36.7712],[-119.6635,36.7708],[-119.6633,36.771],[-119.662,36.7708],[-119.662,36.7699],[-119.6616,36.7699],[-119.6613,36.7695],[-119.6613,36.7686],[-119.6637,36.7686],[-119.6637,36.7712],[-119.6634,36.7712]]]},"properties":{"id":"usgs-pad-us-fee-managers:83645","name":"Virginia R. Boris Elementary School","kind":"land","category":"public-land","sourceCategory":"public-land","sourceId":"usgs-pad-us-fee-managers","sourceUrl":"https://services.arcgis.com/v01gqwM5QqNysAAi/arcgis/rest/services/Fee_Managers_PADUS/FeatureServer/0","sourceUpdated":"2019-09-18T04:00:00.000Z","publicUse":"PAD-US reports open access; verify current manager conditions and restrictions.","unit":"REG","origin":"public-catalog"}},{"type":"Feature","id":"usgs-pad-us-fee-managers:83646","geometry":{"type":"Polygon","coordinates":[[[-119.8107,36.8003],[-119.8099,36.799],[-119.8098,36.7982],[-119.8129,36.7981],[-119.8129,36.7988],[-119.8125,36.7988],[-119.8125,36.7994],[-119.812,36.7992],[-119.8119,36.7996],[-119.8112,36.7998],[-119.8115,36.8002],[-119.8112,36.8002],[-119.8112,36.8005],[-119.8115,36.8007],[-119.811,36.8007],[-119.8107,36.8003]]]},"properties":{"id":"usgs-pad-us-fee-managers:83646","name":"Wawona Middle","kind":"land","category":"public-land","sourceCategory":"public-land","sourceId":"usgs-pad-us-fee-managers","sourceUrl":"https://services.arcgis.com/v01gqwM5QqNysAAi/arcgis/rest/services/Fee_Managers_PADUS/FeatureServer/0","sourceUpdated":"2019-09-18T04:00:00.000Z","publicUse":"PAD-US reports open access; verify current manager conditions and restrictions.","unit":"REG","origin":"public-catalog"}},{"type":"Feature","id":"usgs-pad-us-fee-managers:83647","geometry":{"type":"Polygon","coordinates":[[[-119.8919,36.8257],[-119.8919,36.8244],[-119.894,36.8244],[-119.894,36.8248],[-119.8934,36.825],[-119.894,36.8251],[-119.894,36.8253],[-119.8934,36.8253],[-119.8932,36.825],[-119.8924,36.8257],[-119.8919,36.8257]]]},"properties":{"id":"usgs-pad-us-fee-managers:83647","name":"William Saroyan Elementary School","kind":"land","category":"public-land","sourceCategory":"public-land","sourceId":"usgs-pad-us-fee-managers","sourceUrl":"https://services.arcgis.com/v01gqwM5QqNysAAi/arcgis/rest/services/Fee_Managers_PADUS/FeatureServer/0","sourceUpdated":"2019-09-18T04:00:00.000Z","publicUse":"PAD-US reports open access; verify current manager conditions and restrictions.","unit":"REG","origin":"public-catalog"}},{"type":"Feature","id":"usgs-pad-us-fee-managers:83654","geometry":{"type":"Polygon","coordinates":[[[-118.2955,34.0616],[-118.2955,34.0579],[-118.2982,34.0579],[-118.2982,34.0616],[-118.2955,34.0616]]]},"properties":{"id":"usgs-pad-us-fee-managers:83654","name":"Robert Kennedy Community High School","kind":"land","category":"public-land","sourceCategory":"public-land","sourceId":"usgs-pad-us-fee-managers","sourceUrl":"https://services.arcgis.com/v01gqwM5QqNysAAi/arcgis/rest/services/Fee_Managers_PADUS/FeatureServer/0","sourceUpdated":"2019-09-18T04:00:00.000Z","publicUse":"PAD-US reports open access; verify current manager conditions and restrictions.","unit":"JNT","origin":"public-catalog"}},{"type":"Feature","id":"usgs-pad-us-fee-managers:83661","geometry":{"type":"Polygon","coordinates":[[[-122.3866,37.7728],[-122.387,37.7727],[-122.3871,37.7731],[-122.3867,37.7732],[-122.3866,37.7728]]]},"properties":{"id":"usgs-pad-us-fee-managers:83661","name":"Boat Launch Ramp","kind":"land","category":"public-land","sourceCategory":"public-land","sourceId":"usgs-pad-us-fee-managers","sourceUrl":"https://services.arcgis.com/v01gqwM5QqNysAAi/arcgis/rest/services/Fee_Managers_PADUS/FeatureServer/0","sourceUpdated":"2019-09-18T04:00:00.000Z","publicUse":"PAD-US reports open access; verify current manager conditions and restrictions.","unit":"UNK","origin":"public-catalog"}},{"type":"Feature","id":"usgs-pad-us-fee-managers:83667","geometry":{"type":"Polygon","coordinates":[[[-121.7685,37.2995],[-121.7664,37.2982],[-121.7641,37.2977],[-121.7605,37.2978],[-121.7578,37.2994],[-121.7558,37.2986],[-121.7577,37.2982],[-121.758,37.2984],[-121.76,37.2975],[-121.7615,37.2971],[-121.7649,37.2972],[-121.7673,37.2976],[-121.7667,37.2981],[-121.7688,37.2992],[-121.7696,37.2992],[-121.7708,37.2988],[-121.7711,37.2993],[-121.7706,37.2996],[-121.7694,37.2997],[-121.7685,37.2995]]]},"properties":{"id":"usgs-pad-us-fee-managers:83667","name":"Yerba Buena Creek Park","kind":"land","category":"public-land","sourceCategory":"public-land","sourceId":"usgs-pad-us-fee-managers","sourceUrl":"https://services.arcgis.com/v01gqwM5QqNysAAi/arcgis/rest/services/Fee_Managers_PADUS/FeatureServer/0","sourceUpdated":"2019-09-18T04:00:00.000Z","publicUse":"PAD-US reports open access; verify current manager conditions and restrictions.","unit":"REG","origin":"public-catalog"}},{"type":"Feature","id":"usgs-pad-us-fee-managers:83668","geometry":{"type":"Polygon","coordinates":[[[-121.8462,37.2131],[-121.8465,37.2131],[-121.8464,37.2133],[-121.8462,37.2131]]]},"properties":{"id":"usgs-pad-us-fee-managers:83668","name":"Almaden Youth Center (Bret Harte)","kind":"land","category":"public-land","sourceCategory":"public-land","sourceId":"usgs-pad-us-fee-managers","sourceUrl":"https://services.arcgis.com/v01gqwM5QqNysAAi/arcgis/rest/services/Fee_Managers_PADUS/FeatureServer/0","sourceUpdated":"2019-09-18T04:00:00.000Z","publicUse":"PAD-US reports open access; verify current manager conditions and restrictions.","unit":"REG","origin":"public-catalog"}},{"type":"Feature","id":"usgs-pad-us-fee-managers:83669","geometry":{"type":"MultiPolygon","coordinates":[[[[-121.9421,37.3322],[-121.9422,37.332],[-121.9425,37.3322],[-121.9421,37.3322]]],[[[-121.9413,37.3324],[-121.9415,37.3322],[-121.9417,37.3323],[-121.9413,37.3324]]]]},"properties":{"id":"usgs-pad-us-fee-managers:83669","name":"Cory Elementary Playgrounds","kind":"land","category":"public-land","sourceCategory":"public-land","sourceId":"usgs-pad-us-fee-managers","sourceUrl":"https://services.arcgis.com/v01gqwM5QqNysAAi/arcgis/rest/services/Fee_Managers_PADUS/FeatureServer/0","sourceUpdated":"2019-09-18T04:00:00.000Z","publicUse":"PAD-US reports open access; verify current manager conditions and restrictions.","unit":"REG","origin":"public-catalog"}},{"type":"Feature","id":"usgs-pad-us-fee-managers:83670","geometry":{"type":"Polygon","coordinates":[[[-121.899,37.2902],[-121.8982,37.2891],[-121.8994,37.2885],[-121.9001,37.2896],[-121.8999,37.2897],[-121.9001,37.2901],[-121.8994,37.2904],[-121.899,37.2902]],[[-121.8992,37.2889],[-121.8985,37.2892],[-121.8992,37.2901],[-121.8998,37.2899],[-121.8992,37.2889]]]},"properties":{"id":"usgs-pad-us-fee-managers:83670","name":"Willow Glen High School Track","kind":"land","category":"public-land","sourceCategory":"public-land","sourceId":"usgs-pad-us-fee-managers","sourceUrl":"https://services.arcgis.com/v01gqwM5QqNysAAi/arcgis/rest/services/Fee_Managers_PADUS/FeatureServer/0","sourceUpdated":"2019-09-18T04:00:00.000Z","publicUse":"PAD-US reports open access; verify current manager conditions and restrictions.","unit":"REG","origin":"public-catalog"}},{"type":"Feature","id":"usgs-pad-us-fee-managers:83694","geometry":{"type":"Polygon","coordinates":[[[-117.2973,33.7653],[-117.2972,33.7642],[-117.3017,33.7642],[-117.3016,33.7569],[-117.2928,33.7569],[-117.2927,33.7499],[-117.3015,33.7497],[-117.3015,33.7423],[-117.3081,33.7422],[-117.3082,33.7532],[-117.3104,33.7532],[-117.3103,33.7605],[-117.3059,33.7605],[-117.3061,33.7676],[-117.3103,33.7675],[-117.3104,33.7718],[-117.2975,33.7718],[-117.2973,33.7653]]]},"properties":{"id":"usgs-pad-us-fee-managers:83694","name":"Steele Peak Park","kind":"land","category":"public-land","sourceCategory":"public-land","sourceId":"usgs-pad-us-fee-managers","sourceUrl":"https://services.arcgis.com/v01gqwM5QqNysAAi/arcgis/rest/services/Fee_Managers_PADUS/FeatureServer/0","sourceUpdated":"2019-09-18T04:00:00.000Z","publicUse":"PAD-US reports open access; verify current manager conditions and restrictions.","unit":"BLM","origin":"public-catalog"}},{"type":"Feature","id":"usgs-pad-us-fee-managers:83709","geometry":{"type":"Polygon","coordinates":[[[-119.4858,34.4058],[-119.486,34.4057],[-119.4868,34.406],[-119.4874,34.4066],[-119.4874,34.4071],[-119.4861,34.4076],[-119.485,34.4065],[-119.4858,34.4058]]]},"properties":{"id":"usgs-pad-us-fee-managers:83709","name":"Other Federal","kind":"land","category":"public-land","sourceCategory":"public-land","sourceId":"usgs-pad-us-fee-managers","sourceUrl":"https://services.arcgis.com/v01gqwM5QqNysAAi/arcgis/rest/services/Fee_Managers_PADUS/FeatureServer/0","sourceUpdated":"2019-09-18T04:00:00.000Z","publicUse":"PAD-US reports open access; verify current manager conditions and restrictions.","unit":"OTHF","origin":"public-catalog"}},{"type":"Feature","id":"usgs-pad-us-fee-managers:83710","geometry":{"type":"Polygon","coordinates":[[[-119.4909,34.4013],[-119.4917,34.4009],[-119.4913,34.4026],[-119.4907,34.4024],[-119.4909,34.4013]]]},"properties":{"id":"usgs-pad-us-fee-managers:83710","name":"Lions Park","kind":"land","category":"public-land","sourceCategory":"public-land","sourceId":"usgs-pad-us-fee-managers","sourceUrl":"https://services.arcgis.com/v01gqwM5QqNysAAi/arcgis/rest/services/Fee_Managers_PADUS/FeatureServer/0","sourceUpdated":"2019-09-18T04:00:00.000Z","publicUse":"PAD-US reports open access; verify current manager conditions and restrictions.","unit":"OTHF","origin":"public-catalog"}},{"type":"Feature","id":"usgs-pad-us-fee-managers:83712","geometry":{"type":"Polygon","coordinates":[[[-122.0037,36.9679],[-122.0037,36.967],[-122.0044,36.9671],[-122.0045,36.9675],[-122.0039,36.9675],[-122.0039,36.9679],[-122.0037,36.9679]]]},"properties":{"id":"usgs-pad-us-fee-managers:83712","name":"Twin Lakes - Usa","kind":"land","category":"public-land","sourceCategory":"public-land","sourceId":"usgs-pad-us-fee-managers","sourceUrl":"https://services.arcgis.com/v01gqwM5QqNysAAi/arcgis/rest/services/Fee_Managers_PADUS/FeatureServer/0","sourceUpdated":"2019-09-18T04:00:00.000Z","publicUse":"PAD-US reports open access; verify current manager conditions and restrictions.","unit":"OTHF","origin":"public-catalog"}},{"type":"Feature","id":"usgs-pad-us-fee-managers:83723","geometry":{"type":"MultiPolygon","coordinates":[[[[-118.4763,34.2499],[-118.4764,34.2485],[-118.4778,34.2487],[-118.4778,34.2497],[-118.4773,34.2497],[-118.4773,34.25],[-118.4763,34.2499]]],[[[-118.481,34.25],[-118.481,34.2493],[-118.4832,34.2492],[-118.4833,34.25],[-118.481,34.25]]]]},"properties":{"id":"usgs-pad-us-fee-managers:83723","name":"Mission Hills Little League","kind":"land","category":"public-land","sourceCategory":"public-land","sourceId":"usgs-pad-us-fee-managers","sourceUrl":"https://services.arcgis.com/v01gqwM5QqNysAAi/arcgis/rest/services/Fee_Managers_PADUS/FeatureServer/0","sourceUpdated":"2019-09-18T04:00:00.000Z","publicUse":"PAD-US reports open access; verify current manager conditions and restrictions.","unit":"OTHF","origin":"public-catalog"}},{"type":"Feature","id":"usgs-pad-us-fee-managers:83787","geometry":{"type":"Polygon","coordinates":[[[-120.8878,37.7723],[-120.8843,37.7715],[-120.8815,37.7718],[-120.8793,37.7711],[-120.8768,37.771],[-120.8753,37.7713],[-120.8717,37.7729],[-120.8672,37.7745],[-120.8669,37.7705],[-120.8708,37.7701],[-120.8763,37.769],[-120.8802,37.7688],[-120.8835,37.7693],[-120.8862,37.7704],[-120.8898,37.7715],[-120.8919,37.771],[-120.891,37.7718],[-120.8901,37.7722],[-120.8878,37.7723]]]},"properties":{"id":"usgs-pad-us-fee-managers:83787","name":"Oakdale Recreation Area","kind":"land","category":"public-land","sourceCategory":"public-land","sourceId":"usgs-pad-us-fee-managers","sourceUrl":"https://services.arcgis.com/v01gqwM5QqNysAAi/arcgis/rest/services/Fee_Managers_PADUS/FeatureServer/0","sourceUpdated":"2019-09-18T04:00:00.000Z","publicUse":"PAD-US reports open access; verify current manager conditions and restrictions.","unit":"OTHF","origin":"public-catalog"}},{"type":"Feature","id":"usgs-pad-us-fee-managers:83800","geometry":{"type":"Polygon","coordinates":[[[-118.0547,33.7978],[-118.0571,33.7978],[-118.057,33.7993],[-118.055,33.7994],[-118.0546,33.799],[-118.0547,33.7978]]]},"properties":{"id":"usgs-pad-us-fee-managers:83800","name":"Los Alamitos Youth Baseball Fields","kind":"land","category":"public-land","sourceCategory":"public-land","sourceId":"usgs-pad-us-fee-managers","sourceUrl":"https://services.arcgis.com/v01gqwM5QqNysAAi/arcgis/rest/services/Fee_Managers_PADUS/FeatureServer/0","sourceUpdated":"2019-09-18T04:00:00.000Z","publicUse":"PAD-US reports open access; verify current manager conditions and restrictions.","unit":"OTHF","origin":"public-catalog"}},{"type":"Feature","id":"usgs-pad-us-fee-managers:83807","geometry":{"type":"Polygon","coordinates":[[[-121.361,38.6752],[-121.3609,38.6729],[-121.3675,38.673],[-121.3639,38.6761],[-121.3639,38.6752],[-121.361,38.6752]]]},"properties":{"id":"usgs-pad-us-fee-managers:83807","name":"Camp Kohler","kind":"land","category":"public-land","sourceCategory":"public-land","sourceId":"usgs-pad-us-fee-managers","sourceUrl":"https://services.arcgis.com/v01gqwM5QqNysAAi/arcgis/rest/services/Fee_Managers_PADUS/FeatureServer/0","sourceUpdated":"2019-09-18T04:00:00.000Z","publicUse":"PAD-US reports open access; verify current manager conditions and restrictions.","unit":"USACE","origin":"public-catalog"}},{"type":"Feature","id":"usgs-pad-us-fee-managers:83820","geometry":{"type":"Polygon","coordinates":[[[-120.8091,38.177],[-120.8082,38.1754],[-120.8076,38.1754],[-120.8079,38.175],[-120.8074,38.174],[-120.8077,38.1736],[-120.8072,38.1727],[-120.8073,38.1722],[-120.8062,38.1717],[-120.8063,38.1744],[-120.8015,38.1744],[-120.8016,38.1781],[-120.7933,38.1783],[-120.7933,38.178],[-120.7937,38.1776],[-120.7932,38.1775],[-120.7928,38.1768],[-120.7918,38.1764],[-120.7919,38.1754],[-120.7924,38.1749],[-120.7926,38.1743],[-120.7923,38.1721],[-120.792,38.1719],[-120.7922,38.1715],[-120.7927,38.1717],[-120.7934,38.1716],[-120.7945,38.1723],[-120.7956,38.1742],[-120.7952,38.1747],[-120.7957,38.1746],[-120.7956,38.175],[-120.7962,38.1755],[-120.7962,38.176],[-120.797,38.1758],[-120.798,38.1765],[-120.7978,38.1746],[-120.7981,38.1742],[-120.7986,38.1741],[-120.7988,38.1734],[-120.7973,38.1729],[-120.7967,38.172],[-120.7968,38.1706],[-120.7965,38.1704],[-120.7964,38.1695],[-120.7971,38.1685],[-120.7968,38.1677],[-120.7973,38.1668],[-120.7974,38.1659],[-120.797,38.1652],[-120.7974,38.1646],[-120.7964,38.1639],[-120.7962,38.1634],[-120.7966,38.1628],[-120.7974,38.1625],[-120.7979,38.1616],[-120.8,38.1625],[-120.8004,38.1624],[-120.8005,38.162],[-120.8009,38.1619],[-120.8011,38.1626],[-120.8006,38.1631],[-120.8016,38.1634],[-120.8025,38.1641],[-120.8032,38.165],[-120.8038,38.1664],[-120.8037,38.1669],[-120.8051,38.1687],[-120.8044,38.1708],[-120.8062,38.171],[-120.8067,38.1717],[-120.8074,38.1722],[-120.8082,38.1745],[-120.8087,38.1754],[-120.8095,38.176],[-120.8098,38.1761],[-120.8112,38.1744],[-120.8123,38.1746],[-120.8122,38.1736],[-120.8135,38.1744],[-120.8127,38.1727],[-120.8134,38.1724],[-120.8141,38.1724],[-120.8134,38.1718],[-120.8128,38.1718],[-120.8127,38.1715],[-120.8133,38.171],[-120.8129,38.171],[-120.8128,38.1706],[-120.8125,38.1707],[-120.8121,38.1713],[-120.8116,38.1709],[-120.8117,38.1705],[-120.8109,38.1697],[-120.8116,38.1696],[-120.8117,38.1692],[-120.8122,38.1691],[-120.8116,38.1685],[-120.8121,38.1681],[-120.8115,38.1679],[-120.8117,38.1675],[-120.8111,38.1673],[-120.8111,38.167],[-120.8107,38.1668],[-120.8111,38.1664],[-120.8105,38.166],[-120.8106,38.1657],[-120.81,38.1655],[-120.8104,38.1649],[-120.8102,38.1645],[-120.8114,38.1645],[-120.8129,38.1659],[-120.8129,38.1651],[-120.8124,38.1648],[-120.8126,38.1639],[-120.8118,38.164],[-120.8113,38.1637],[-120.8116,38.1626],[-120.8109,38.1631],[-120.8098,38.163],[-120.8102,38.1624],[-120.8095,38.1621],[-120.8094,38.1615],[-120.8096,38.1612],[-120.8101,38.1612],[-120.8104,38.1615],[-120.8109,38.1613],[-120.8131,38.1625],[-120.8126,38.1616],[-120.8128,38.1613],[-120.8124,38.1611],[-120.8128,38.1606],[-120.8118,38.1608],[-120.8112,38.1605],[-120.8111,38.1602],[-120.8119,38.1598],[-120.8135,38.1598],[-120.8135,38.162],[-120.8143,38.162],[-120.814,38.1623],[-120.8145,38.162],[-120.8149,38.1629],[-120.8154,38.163],[-120.8152,38.1633],[-120.8136,38.1633],[-120.8138,38.1637],[-120.8136,38.1641],[-120.813,38.1637],[-120.8129,38.1645],[-120.8127,38.1649],[-120.814,38.165],[-120.8131,38.1654],[-120.8132,38.1659],[-120.8136,38.1661],[-120.8138,38.1666],[-120.8132,38.1667],[-120.8132,38.1675],[-120.8119,38.1665],[-120.8121,38.1663],[-120.8109,38.1649],[-120.8104,38.1654],[-120.811,38.1657],[-120.811,38.1661],[-120.8115,38.1665],[-120.8115,38.1672],[-120.8124,38.1675],[-120.8121,38.1678],[-120.8124,38.1684],[-120.8122,38.1685],[-120.8127,38.169],[-120.8115,38.1701],[-120.812,38.1705],[-120.8122,38.1701],[-120.8128,38.1704],[-120.8135,38.1695],[-120.814,38.1711],[-120.8153,38.1729],[-120.8142,38.1733],[-120.8139,38.1727],[-120.8136,38.173],[-120.814,38.1742],[-120.8146,38.1742],[-120.8142,38.1752],[-120.8138,38.1752],[-120.8134,38.1748],[-120.8133,38.1752],[-120.8124,38.1754],[-120.812,38.175],[-120.8111,38.1749],[-120.8103,38.1762],[-120.8106,38.1764],[-120.8091,38.177]]]},"properties":{"id":"usgs-pad-us-fee-managers:83820","name":"Acorn Recreation Area","kind":"land","category":"public-land","sourceCategory":"public-land","sourceId":"usgs-pad-us-fee-managers","sourceUrl":"https://services.arcgis.com/v01gqwM5QqNysAAi/arcgis/rest/services/Fee_Managers_PADUS/FeatureServer/0","sourceUpdated":"2019-09-18T04:00:00.000Z","publicUse":"PAD-US reports open access; verify current manager conditions and restrictions.","unit":"USACE","origin":"public-catalog"}},{"type":"Feature","id":"usgs-pad-us-fee-managers:83821","geometry":{"type":"Polygon","coordinates":[[[-120.8164,38.1596],[-120.8146,38.1597],[-120.814,38.16],[-120.8135,38.1598],[-120.8107,38.1597],[-120.8107,38.1595],[-120.8118,38.1589],[-120.8116,38.1582],[-120.8111,38.1586],[-120.8099,38.1585],[-120.8095,38.1589],[-120.8087,38.1581],[-120.8095,38.1575],[-120.81,38.1583],[-120.8105,38.1578],[-120.8108,38.1568],[-120.811,38.1571],[-120.8118,38.1569],[-120.8118,38.1574],[-120.8122,38.1576],[-120.8119,38.1581],[-120.8126,38.1583],[-120.8125,38.1587],[-120.8129,38.1589],[-120.8131,38.1594],[-120.8133,38.1591],[-120.8138,38.1592],[-120.8135,38.1587],[-120.8138,38.1584],[-120.8137,38.1579],[-120.814,38.1575],[-120.8144,38.1575],[-120.8144,38.1563],[-120.8137,38.1554],[-120.8131,38.1543],[-120.8133,38.154],[-120.8138,38.1538],[-120.8135,38.1505],[-120.8138,38.1487],[-120.8167,38.1487],[-120.8167,38.1516],[-120.8162,38.1517],[-120.8156,38.1524],[-120.8165,38.1524],[-120.8164,38.1596]]]},"properties":{"id":"usgs-pad-us-fee-managers:83821","name":"Observation Point & Playground","kind":"land","category":"public-land","sourceCategory":"public-land","sourceId":"usgs-pad-us-fee-managers","sourceUrl":"https://services.arcgis.com/v01gqwM5QqNysAAi/arcgis/rest/services/Fee_Managers_PADUS/FeatureServer/0","sourceUpdated":"2019-09-18T04:00:00.000Z","publicUse":"PAD-US reports open access; verify current manager conditions and restrictions.","unit":"USACE","origin":"public-catalog"}},{"type":"Feature","id":"usgs-pad-us-fee-managers:83828","geometry":{"type":"MultiPolygon","coordinates":[[[[-118.0127,34.0326],[-118.0068,34.0331],[-118.0042,34.0331],[-118.0047,34.032],[-118.0135,34.0313],[-118.0135,34.0315],[-118.0159,34.0321],[-118.0179,34.0332],[-118.0164,34.0337],[-118.0147,34.0329],[-118.0127,34.0326]]],[[[-118.0225,34.0372],[-118.0168,34.0338],[-118.0182,34.0333],[-118.0236,34.0367],[-118.0233,34.0366],[-118.0225,34.0372]]]]},"properties":{"id":"usgs-pad-us-fee-managers:83828","name":"San Jose Creek","kind":"land","category":"public-land","sourceCategory":"public-land","sourceId":"usgs-pad-us-fee-managers","sourceUrl":"https://services.arcgis.com/v01gqwM5QqNysAAi/arcgis/rest/services/Fee_Managers_PADUS/FeatureServer/0","sourceUpdated":"2019-09-18T04:00:00.000Z","publicUse":"PAD-US reports open access; verify current manager conditions and restrictions.","unit":"USACE","origin":"public-catalog"}},{"type":"Feature","id":"usgs-pad-us-fee-managers:83830","geometry":{"type":"MultiPolygon","coordinates":[[[[-118.2419,33.9036],[-118.2423,33.9042],[-118.2421,33.9042],[-118.2419,33.9036]]],[[[-118.2475,33.9107],[-118.2474,33.9105],[-118.2476,33.9105],[-118.2486,33.9118],[-118.2475,33.9107]]]]},"properties":{"id":"usgs-pad-us-fee-managers:83830","name":"Compton Creek & Bike Path","kind":"land","category":"public-land","sourceCategory":"public-land","sourceId":"usgs-pad-us-fee-managers","sourceUrl":"https://services.arcgis.com/v01gqwM5QqNysAAi/arcgis/rest/services/Fee_Managers_PADUS/FeatureServer/0","sourceUpdated":"2019-09-18T04:00:00.000Z","publicUse":"PAD-US reports open access; verify current manager conditions and restrictions.","unit":"USACE","origin":"public-catalog"}},{"type":"Feature","id":"usgs-pad-us-fee-managers:83831","geometry":{"type":"MultiPolygon","coordinates":[[[[-118.0503,34.0206],[-118.0508,34.02],[-118.0511,34.0202],[-118.05,34.0209],[-118.0503,34.0206]]],[[[-118.04,34.0302],[-118.0417,34.0264],[-118.0415,34.0262],[-118.0387,34.0279],[-118.0384,34.0277],[-118.039,34.027],[-118.0504,34.0198],[-118.0507,34.02],[-118.0498,34.021],[-118.0439,34.0248],[-118.0447,34.0252],[-118.0447,34.0258],[-118.0429,34.0267],[-118.0421,34.0275],[-118.0411,34.0309],[-118.0418,34.0311],[-118.0416,34.0316],[-118.0426,34.0328],[-118.0418,34.0337],[-118.0394,34.035],[-118.04,34.0352],[-118.0385,34.0349],[-118.038,34.0326],[-118.0392,34.0321],[-118.0393,34.0315],[-118.0387,34.0312],[-118.04,34.0302]]],[[[-118.0432,34.0356],[-118.0402,34.0352],[-118.0406,34.0349],[-118.0448,34.0348],[-118.0455,34.034],[-118.0447,34.035],[-118.0448,34.0351],[-118.0432,34.0356]]],[[[-118.0454,34.0366],[-118.0454,34.0362],[-118.0461,34.0353],[-118.0474,34.0343],[-118.0472,34.0339],[-118.0489,34.0331],[-118.049,34.0336],[-118.0482,34.0338],[-118.0454,34.0366]]],[[[-118.0733,34.0329],[-118.074,34.0327],[-118.0753,34.0336],[-118.0761,34.0347],[-118.0747,34.0333],[-118.0733,34.0329]]],[[[-118.075,34.0403],[-118.0752,34.0401],[-118.0752,34.0404],[-118.075,34.0403]]],[[[-118.0752,34.0404],[-118.0753,34.0399],[-118.0764,34.0398],[-118.0771,34.0382],[-118.0766,34.0373],[-118.0752,34.0359],[-118.0746,34.035],[-118.0773,34.0381],[-118.0765,34.0396],[-118.0767,34.0401],[-118.0752,34.0404]]],[[[-118.0568,34.0446],[-118.0568,34.0432],[-118.0557,34.0432],[-118.0557,34.0429],[-118.058,34.0425],[-118.0606,34.0428],[-118.0602,34.0442],[-118.0596,34.0442],[-118.0595,34.044],[-118.0578,34.0449],[-118.0578,34.0446],[-118.0568,34.0446]]],[[[-118.0615,34.0503],[-118.0611,34.0503],[-118.0611,34.0492],[-118.0636,34.0499],[-118.0641,34.0491],[-118.0641,34.0508],[-118.0622,34.0508],[-118.0622,34.0503],[-118.0615,34.0503]]],[[[-118.0668,34.0509],[-118.0665,34.0509],[-118.0665,34.0515],[-118.0651,34.0516],[-118.0651,34.0506],[-118.0645,34.0506],[-118.0645,34.049],[-118.0672,34.0505],[-118.0681,34.0517],[-118.0676,34.0517],[-118.0676,34.0511],[-118.067,34.0511],[-118.067,34.0509],[-118.0668,34.0509]]],[[[-118.0688,34.0528],[-118.0688,34.0522],[-118.0698,34.0528],[-118.0702,34.0556],[-118.0699,34.0536],[-118.0692,34.0528],[-118.0688,34.0528]]],[[[-118.0702,34.0559],[-118.0706,34.0565],[-118.0704,34.0572],[-118.0703,34.0573],[-118.0702,34.0559]]],[[[-118.0712,34.057],[-118.0714,34.0554],[-118.0718,34.0554],[-118.0716,34.0572],[-118.0712,34.0572],[-118.0712,34.057]]]]},"properties":{"id":"usgs-pad-us-fee-managers:83831","name":"Whittier Narrows Recreation Area","kind":"land","category":"public-land","sourceCategory":"public-land","sourceId":"usgs-pad-us-fee-managers","sourceUrl":"https://services.arcgis.com/v01gqwM5QqNysAAi/arcgis/rest/services/Fee_Managers_PADUS/FeatureServer/0","sourceUpdated":"2019-09-18T04:00:00.000Z","publicUse":"PAD-US reports open access; verify current manager conditions and restrictions.","unit":"USACE","origin":"public-catalog"}},{"type":"Feature","id":"usgs-pad-us-fee-managers:83832","geometry":{"type":"Polygon","coordinates":[[[-117.6777,34.1652],[-117.6785,34.162],[-117.6817,34.1558],[-117.6832,34.1506],[-117.6836,34.1506],[-117.6835,34.1537],[-117.6862,34.1537],[-117.6841,34.156],[-117.6838,34.1579],[-117.6826,34.1595],[-117.6824,34.1611],[-117.6821,34.1611],[-117.6818,34.1615],[-117.6822,34.1622],[-117.682,34.1626],[-117.6811,34.1631],[-117.6813,34.1628],[-117.681,34.1623],[-117.6807,34.1623],[-117.6795,34.1649],[-117.6792,34.1652],[-117.6777,34.1652]]]},"properties":{"id":"usgs-pad-us-fee-managers:83832","name":"San Antonio Channel & Dam","kind":"land","category":"public-land","sourceCategory":"public-land","sourceId":"usgs-pad-us-fee-managers","sourceUrl":"https://services.arcgis.com/v01gqwM5QqNysAAi/arcgis/rest/services/Fee_Managers_PADUS/FeatureServer/0","sourceUpdated":"2019-09-18T04:00:00.000Z","publicUse":"PAD-US reports open access; verify current manager conditions and restrictions.","unit":"USACE","origin":"public-catalog"}},{"type":"Feature","id":"usgs-pad-us-fee-managers:84038","geometry":{"type":"Polygon","coordinates":[[[-121.9228,36.5546],[-121.9231,36.5544],[-121.9231,36.5546],[-121.9228,36.5546]]]},"properties":{"id":"usgs-pad-us-fee-managers:84038","name":"Picadilly Park","kind":"land","category":"public-land","sourceCategory":"public-land","sourceId":"usgs-pad-us-fee-managers","sourceUrl":"https://services.arcgis.com/v01gqwM5QqNysAAi/arcgis/rest/services/Fee_Managers_PADUS/FeatureServer/0","sourceUpdated":"2019-09-18T04:00:00.000Z","publicUse":"PAD-US reports open access; verify current manager conditions and restrictions.","unit":"CITY","origin":"public-catalog"}},{"type":"Feature","id":"usgs-pad-us-fee-managers:84042","geometry":{"type":"Polygon","coordinates":[[[-117.6748,34.02],[-117.6748,34.0193],[-117.6752,34.0193],[-117.6752,34.0201],[-117.6748,34.02]]]},"properties":{"id":"usgs-pad-us-fee-managers:84042","name":"Future Community Garden Packet Park","kind":"land","category":"public-land","sourceCategory":"public-land","sourceId":"usgs-pad-us-fee-managers","sourceUrl":"https://services.arcgis.com/v01gqwM5QqNysAAi/arcgis/rest/services/Fee_Managers_PADUS/FeatureServer/0","sourceUpdated":"2019-09-18T04:00:00.000Z","publicUse":"PAD-US reports open access; verify current manager conditions and restrictions.","unit":"CITY","origin":"public-catalog"}},{"type":"Feature","id":"usgs-pad-us-fee-managers:84043","geometry":{"type":"Polygon","coordinates":[[[-117.6341,33.9651],[-117.6323,33.965],[-117.6342,33.965],[-117.634,33.9639],[-117.6343,33.9615],[-117.6343,33.9651],[-117.6341,33.9651]]]},"properties":{"id":"usgs-pad-us-fee-managers:84043","name":"Nature Retreat","kind":"land","category":"public-land","sourceCategory":"public-land","sourceId":"usgs-pad-us-fee-managers","sourceUrl":"https://services.arcgis.com/v01gqwM5QqNysAAi/arcgis/rest/services/Fee_Managers_PADUS/FeatureServer/0","sourceUpdated":"2019-09-18T04:00:00.000Z","publicUse":"PAD-US reports open access; verify current manager conditions and restrictions.","unit":"CITY","origin":"public-catalog"}},{"type":"Feature","id":"usgs-pad-us-fee-managers:84056","geometry":{"type":"Polygon","coordinates":[[[-117.9311,33.6388],[-117.9311,33.6384],[-117.9313,33.6384],[-117.9313,33.6389],[-117.9311,33.6388]]]},"properties":{"id":"usgs-pad-us-fee-managers:84056","name":"Shalimar Park","kind":"land","category":"public-land","sourceCategory":"public-land","sourceId":"usgs-pad-us-fee-managers","sourceUrl":"https://services.arcgis.com/v01gqwM5QqNysAAi/arcgis/rest/services/Fee_Managers_PADUS/FeatureServer/0","sourceUpdated":"2019-09-18T04:00:00.000Z","publicUse":"PAD-US reports open access; verify current manager conditions and restrictions.","unit":"CITY","origin":"public-catalog"}},{"type":"Feature","id":"usgs-pad-us-fee-managers:84091","geometry":{"type":"Polygon","coordinates":[[[-119.6854,36.7387],[-119.6852,36.7391],[-119.6852,36.7383],[-119.6853,36.7386],[-119.6874,36.7395],[-119.6854,36.7387]]]},"properties":{"id":"usgs-pad-us-fee-managers:84091","name":"Open Space1","kind":"land","category":"public-land","sourceCategory":"public-land","sourceId":"usgs-pad-us-fee-managers","sourceUrl":"https://services.arcgis.com/v01gqwM5QqNysAAi/arcgis/rest/services/Fee_Managers_PADUS/FeatureServer/0","sourceUpdated":"2019-09-18T04:00:00.000Z","publicUse":"PAD-US reports open access; verify current manager conditions and restrictions.","unit":"CITY","origin":"public-catalog"}},{"type":"Feature","id":"usgs-pad-us-fee-managers:84092","geometry":{"type":"Polygon","coordinates":[[[-119.8916,36.764],[-119.8916,36.7638],[-119.8916,36.7639],[-119.8916,36.764]]]},"properties":{"id":"usgs-pad-us-fee-managers:84092","name":"Open Space10","kind":"land","category":"public-land","sourceCategory":"public-land","sourceId":"usgs-pad-us-fee-managers","sourceUrl":"https://services.arcgis.com/v01gqwM5QqNysAAi/arcgis/rest/services/Fee_Managers_PADUS/FeatureServer/0","sourceUpdated":"2019-09-18T04:00:00.000Z","publicUse":"PAD-US reports open access; verify current manager conditions and restrictions.","unit":"CITY","origin":"public-catalog"}},{"type":"Feature","id":"usgs-pad-us-fee-managers:84093","geometry":{"type":"Polygon","coordinates":[[[-119.8291,36.7648],[-119.8291,36.7648],[-119.8297,36.7653],[-119.8291,36.7648]]]},"properties":{"id":"usgs-pad-us-fee-managers:84093","name":"Open Space11","kind":"land","category":"public-land","sourceCategory":"public-land","sourceId":"usgs-pad-us-fee-managers","sourceUrl":"https://services.arcgis.com/v01gqwM5QqNysAAi/arcgis/rest/services/Fee_Managers_PADUS/FeatureServer/0","sourceUpdated":"2019-09-18T04:00:00.000Z","publicUse":"PAD-US reports open access; verify current manager conditions and restrictions.","unit":"CITY","origin":"public-catalog"}},{"type":"Feature","id":"usgs-pad-us-fee-managers:84094","geometry":{"type":"Polygon","coordinates":[[[-119.7527,36.7685],[-119.7529,36.7686],[-119.7529,36.7687],[-119.7527,36.7685]]]},"properties":{"id":"usgs-pad-us-fee-managers:84094","name":"Open Space12","kind":"land","category":"public-land","sourceCategory":"public-land","sourceId":"usgs-pad-us-fee-managers","sourceUrl":"https://services.arcgis.com/v01gqwM5QqNysAAi/arcgis/rest/services/Fee_Managers_PADUS/FeatureServer/0","sourceUpdated":"2019-09-18T04:00:00.000Z","publicUse":"PAD-US reports open access; verify current manager conditions and restrictions.","unit":"CITY","origin":"public-catalog"}},{"type":"Feature","id":"usgs-pad-us-fee-managers:84095","geometry":{"type":"Polygon","coordinates":[[[-119.8805,36.7769],[-119.8805,36.7768],[-119.8809,36.7768],[-119.8805,36.7769]]]},"properties":{"id":"usgs-pad-us-fee-managers:84095","name":"Open Space14","kind":"land","category":"public-land","sourceCategory":"public-land","sourceId":"usgs-pad-us-fee-managers","sourceUrl":"https://services.arcgis.com/v01gqwM5QqNysAAi/arcgis/rest/services/Fee_Managers_PADUS/FeatureServer/0","sourceUpdated":"2019-09-18T04:00:00.000Z","publicUse":"PAD-US reports open access; verify current manager conditions and restrictions.","unit":"CITY","origin":"public-catalog"}},{"type":"Feature","id":"usgs-pad-us-fee-managers:84096","geometry":{"type":"Polygon","coordinates":[[[-119.6642,36.7807],[-119.6647,36.7807],[-119.6647,36.7807],[-119.6642,36.7807]]]},"properties":{"id":"usgs-pad-us-fee-managers:84096","name":"Open Space15","kind":"land","category":"public-land","sourceCategory":"public-land","sourceId":"usgs-pad-us-fee-managers","sourceUrl":"https://services.arcgis.com/v01gqwM5QqNysAAi/arcgis/rest/services/Fee_Managers_PADUS/FeatureServer/0","sourceUpdated":"2019-09-18T04:00:00.000Z","publicUse":"PAD-US reports open access; verify current manager conditions and restrictions.","unit":"CITY","origin":"public-catalog"}},{"type":"Feature","id":"usgs-pad-us-fee-managers:84097","geometry":{"type":"Polygon","coordinates":[[[-119.6708,36.7868],[-119.6709,36.7868],[-119.6708,36.7887],[-119.6708,36.7868]]]},"properties":{"id":"usgs-pad-us-fee-managers:84097","name":"Open Space16","kind":"land","category":"public-land","sourceCategory":"public-land","sourceId":"usgs-pad-us-fee-managers","sourceUrl":"https://services.arcgis.com/v01gqwM5QqNysAAi/arcgis/rest/services/Fee_Managers_PADUS/FeatureServer/0","sourceUpdated":"2019-09-18T04:00:00.000Z","publicUse":"PAD-US reports open access; verify current manager conditions and restrictions.","unit":"CITY","origin":"public-catalog"}},{"type":"Feature","id":"usgs-pad-us-fee-managers:84098","geometry":{"type":"Polygon","coordinates":[[[-119.6686,36.7875],[-119.6687,36.7868],[-119.6686,36.7892],[-119.6686,36.7875]]]},"properties":{"id":"usgs-pad-us-fee-managers:84098","name":"Open Space17","kind":"land","category":"public-land","sourceCategory":"public-land","sourceId":"usgs-pad-us-fee-managers","sourceUrl":"https://services.arcgis.com/v01gqwM5QqNysAAi/arcgis/rest/services/Fee_Managers_PADUS/FeatureServer/0","sourceUpdated":"2019-09-18T04:00:00.000Z","publicUse":"PAD-US reports open access; verify current manager conditions and restrictions.","unit":"CITY","origin":"public-catalog"}},{"type":"Feature","id":"usgs-pad-us-fee-managers:84099","geometry":{"type":"Polygon","coordinates":[[[-119.8805,36.817],[-119.8806,36.8169],[-119.8805,36.8172],[-119.8805,36.817]]]},"properties":{"id":"usgs-pad-us-fee-managers:84099","name":"Open Space21","kind":"land","category":"public-land","sourceCategory":"public-land","sourceId":"usgs-pad-us-fee-managers","sourceUrl":"https://services.arcgis.com/v01gqwM5QqNysAAi/arcgis/rest/services/Fee_Managers_PADUS/FeatureServer/0","sourceUpdated":"2019-09-18T04:00:00.000Z","publicUse":"PAD-US reports open access; verify current manager conditions and restrictions.","unit":"CITY","origin":"public-catalog"}},{"type":"Feature","id":"usgs-pad-us-fee-managers:84100","geometry":{"type":"Polygon","coordinates":[[[-119.8535,36.8261],[-119.8537,36.8263],[-119.8535,36.8263],[-119.8535,36.8261]]]},"properties":{"id":"usgs-pad-us-fee-managers:84100","name":"Open Space22","kind":"land","category":"public-land","sourceCategory":"public-land","sourceId":"usgs-pad-us-fee-managers","sourceUrl":"https://services.arcgis.com/v01gqwM5QqNysAAi/arcgis/rest/services/Fee_Managers_PADUS/FeatureServer/0","sourceUpdated":"2019-09-18T04:00:00.000Z","publicUse":"PAD-US reports open access; verify current manager conditions and restrictions.","unit":"CITY","origin":"public-catalog"}},{"type":"Feature","id":"usgs-pad-us-fee-managers:84101","geometry":{"type":"Polygon","coordinates":[[[-119.8605,36.8336],[-119.8604,36.8336],[-119.8606,36.8336],[-119.8605,36.8336]]]},"properties":{"id":"usgs-pad-us-fee-managers:84101","name":"Open Space23","kind":"land","category":"public-land","sourceCategory":"public-land","sourceId":"usgs-pad-us-fee-managers","sourceUrl":"https://services.arcgis.com/v01gqwM5QqNysAAi/arcgis/rest/services/Fee_Managers_PADUS/FeatureServer/0","sourceUpdated":"2019-09-18T04:00:00.000Z","publicUse":"PAD-US reports open access; verify current manager conditions and restrictions.","unit":"CITY","origin":"public-catalog"}},{"type":"Feature","id":"usgs-pad-us-fee-managers:84102","geometry":{"type":"Polygon","coordinates":[[[-119.8476,36.841],[-119.8477,36.8407],[-119.8477,36.841],[-119.8476,36.841]]]},"properties":{"id":"usgs-pad-us-fee-managers:84102","name":"Open Space25","kind":"land","category":"public-land","sourceCategory":"public-land","sourceId":"usgs-pad-us-fee-managers","sourceUrl":"https://services.arcgis.com/v01gqwM5QqNysAAi/arcgis/rest/services/Fee_Managers_PADUS/FeatureServer/0","sourceUpdated":"2019-09-18T04:00:00.000Z","publicUse":"PAD-US reports open access; verify current manager conditions and restrictions.","unit":"CITY","origin":"public-catalog"}},{"type":"Feature","id":"usgs-pad-us-fee-managers:84103","geometry":{"type":"Polygon","coordinates":[[[-119.7944,36.8607],[-119.7934,36.8612],[-119.7936,36.8621],[-119.7933,36.8611],[-119.7944,36.8607]]]},"properties":{"id":"usgs-pad-us-fee-managers:84103","name":"Open Space27","kind":"land","category":"public-land","sourceCategory":"public-land","sourceId":"usgs-pad-us-fee-managers","sourceUrl":"https://services.arcgis.com/v01gqwM5QqNysAAi/arcgis/rest/services/Fee_Managers_PADUS/FeatureServer/0","sourceUpdated":"2019-09-18T04:00:00.000Z","publicUse":"PAD-US reports open access; verify current manager conditions and restrictions.","unit":"CITY","origin":"public-catalog"}},{"type":"Feature","id":"usgs-pad-us-fee-managers:84104","geometry":{"type":"Polygon","coordinates":[[[-119.7656,36.8837],[-119.7658,36.8847],[-119.7656,36.8847],[-119.7656,36.8837]]]},"properties":{"id":"usgs-pad-us-fee-managers:84104","name":"Open Space32","kind":"land","category":"public-land","sourceCategory":"public-land","sourceId":"usgs-pad-us-fee-managers","sourceUrl":"https://services.arcgis.com/v01gqwM5QqNysAAi/arcgis/rest/services/Fee_Managers_PADUS/FeatureServer/0","sourceUpdated":"2019-09-18T04:00:00.000Z","publicUse":"PAD-US reports open access; verify current manager conditions and restrictions.","unit":"CITY","origin":"public-catalog"}},{"type":"Feature","id":"usgs-pad-us-fee-managers:84105","geometry":{"type":"Polygon","coordinates":[[[-119.7749,36.8861],[-119.7751,36.886],[-119.775,36.8861],[-119.7749,36.8861]]]},"properties":{"id":"usgs-pad-us-fee-managers:84105","name":"Open Space33","kind":"land","category":"public-land","sourceCategory":"public-land","sourceId":"usgs-pad-us-fee-managers","sourceUrl":"https://services.arcgis.com/v01gqwM5QqNysAAi/arcgis/rest/services/Fee_Managers_PADUS/FeatureServer/0","sourceUpdated":"2019-09-18T04:00:00.000Z","publicUse":"PAD-US reports open access; verify current manager conditions and restrictions.","unit":"CITY","origin":"public-catalog"}},{"type":"Feature","id":"usgs-pad-us-fee-managers:84106","geometry":{"type":"Polygon","coordinates":[[[-119.7749,36.8863],[-119.7751,36.8863],[-119.7751,36.8864],[-119.7749,36.8863]]]},"properties":{"id":"usgs-pad-us-fee-managers:84106","name":"Open Space34","kind":"land","category":"public-land","sourceCategory":"public-land","sourceId":"usgs-pad-us-fee-managers","sourceUrl":"https://services.arcgis.com/v01gqwM5QqNysAAi/arcgis/rest/services/Fee_Managers_PADUS/FeatureServer/0","sourceUpdated":"2019-09-18T04:00:00.000Z","publicUse":"PAD-US reports open access; verify current manager conditions and restrictions.","unit":"CITY","origin":"public-catalog"}},{"type":"Feature","id":"usgs-pad-us-fee-managers:84107","geometry":{"type":"Polygon","coordinates":[[[-119.8441,36.8374],[-119.8441,36.8373],[-119.8462,36.8374],[-119.8441,36.8374]]]},"properties":{"id":"usgs-pad-us-fee-managers:84107","name":"Open Space35","kind":"land","category":"public-land","sourceCategory":"public-land","sourceId":"usgs-pad-us-fee-managers","sourceUrl":"https://services.arcgis.com/v01gqwM5QqNysAAi/arcgis/rest/services/Fee_Managers_PADUS/FeatureServer/0","sourceUpdated":"2019-09-18T04:00:00.000Z","publicUse":"PAD-US reports open access; verify current manager conditions and restrictions.","unit":"CITY","origin":"public-catalog"}},{"type":"Feature","id":"usgs-pad-us-fee-managers:84108","geometry":{"type":"Polygon","coordinates":[[[-119.6916,36.7143],[-119.6916,36.714],[-119.6917,36.714],[-119.6916,36.7143]]]},"properties":{"id":"usgs-pad-us-fee-managers:84108","name":"Open Space4","kind":"land","category":"public-land","sourceCategory":"public-land","sourceId":"usgs-pad-us-fee-managers","sourceUrl":"https://services.arcgis.com/v01gqwM5QqNysAAi/arcgis/rest/services/Fee_Managers_PADUS/FeatureServer/0","sourceUpdated":"2019-09-18T04:00:00.000Z","publicUse":"PAD-US reports open access; verify current manager conditions and restrictions.","unit":"CITY","origin":"public-catalog"}},{"type":"Feature","id":"usgs-pad-us-fee-managers:84109","geometry":{"type":"Polygon","coordinates":[[[-119.6876,36.7396],[-119.6876,36.7395],[-119.6893,36.7408],[-119.6876,36.7396]]]},"properties":{"id":"usgs-pad-us-fee-managers:84109","name":"Open Space5","kind":"land","category":"public-land","sourceCategory":"public-land","sourceId":"usgs-pad-us-fee-managers","sourceUrl":"https://services.arcgis.com/v01gqwM5QqNysAAi/arcgis/rest/services/Fee_Managers_PADUS/FeatureServer/0","sourceUpdated":"2019-09-18T04:00:00.000Z","publicUse":"PAD-US reports open access; verify current manager conditions and restrictions.","unit":"CITY","origin":"public-catalog"}},{"type":"Feature","id":"usgs-pad-us-fee-managers:84110","geometry":{"type":"Polygon","coordinates":[[[-119.6891,36.7416],[-119.6892,36.7416],[-119.6891,36.7416],[-119.6891,36.7416]]]},"properties":{"id":"usgs-pad-us-fee-managers:84110","name":"Open Space6","kind":"land","category":"public-land","sourceCategory":"public-land","sourceId":"usgs-pad-us-fee-managers","sourceUrl":"https://services.arcgis.com/v01gqwM5QqNysAAi/arcgis/rest/services/Fee_Managers_PADUS/FeatureServer/0","sourceUpdated":"2019-09-18T04:00:00.000Z","publicUse":"PAD-US reports open access; verify current manager conditions and restrictions.","unit":"CITY","origin":"public-catalog"}},{"type":"Feature","id":"usgs-pad-us-fee-managers:84111","geometry":{"type":"Polygon","coordinates":[[[-119.6898,36.7421],[-119.6899,36.7421],[-119.6899,36.7421],[-119.6898,36.7421]]]},"properties":{"id":"usgs-pad-us-fee-managers:84111","name":"Open Space7","kind":"land","category":"public-land","sourceCategory":"public-land","sourceId":"usgs-pad-us-fee-managers","sourceUrl":"https://services.arcgis.com/v01gqwM5QqNysAAi/arcgis/rest/services/Fee_Managers_PADUS/FeatureServer/0","sourceUpdated":"2019-09-18T04:00:00.000Z","publicUse":"PAD-US reports open access; verify current manager conditions and restrictions.","unit":"CITY","origin":"public-catalog"}},{"type":"Feature","id":"usgs-pad-us-fee-managers:84112","geometry":{"type":"Polygon","coordinates":[[[-119.6882,36.7421],[-119.6884,36.7428],[-119.6883,36.7428],[-119.6882,36.7421]]]},"properties":{"id":"usgs-pad-us-fee-managers:84112","name":"Open Space8","kind":"land","category":"public-land","sourceCategory":"public-land","sourceId":"usgs-pad-us-fee-managers","sourceUrl":"https://services.arcgis.com/v01gqwM5QqNysAAi/arcgis/rest/services/Fee_Managers_PADUS/FeatureServer/0","sourceUpdated":"2019-09-18T04:00:00.000Z","publicUse":"PAD-US reports open access; verify current manager conditions and restrictions.","unit":"CITY","origin":"public-catalog"}},{"type":"Feature","id":"usgs-pad-us-fee-managers:84113","geometry":{"type":"Polygon","coordinates":[[[-119.764,36.7509],[-119.764,36.7509],[-119.764,36.7509],[-119.764,36.7509]]]},"properties":{"id":"usgs-pad-us-fee-managers:84113","name":"Open Space9","kind":"land","category":"public-land","sourceCategory":"public-land","sourceId":"usgs-pad-us-fee-managers","sourceUrl":"https://services.arcgis.com/v01gqwM5QqNysAAi/arcgis/rest/services/Fee_Managers_PADUS/FeatureServer/0","sourceUpdated":"2019-09-18T04:00:00.000Z","publicUse":"PAD-US reports open access; verify current manager conditions and restrictions.","unit":"CITY","origin":"public-catalog"}},{"type":"Feature","id":"usgs-pad-us-fee-managers:84114","geometry":{"type":"Polygon","coordinates":[[[-119.7617,36.8627],[-119.7591,36.8629],[-119.759,36.86],[-119.7592,36.86],[-119.7593,36.8594],[-119.7633,36.8594],[-119.7633,36.8604],[-119.7613,36.8604],[-119.7614,36.8615],[-119.7618,36.8616],[-119.7621,36.8619],[-119.7617,36.8627]]]},"properties":{"id":"usgs-pad-us-fee-managers:84114","name":"Clovis West High School","kind":"land","category":"public-land","sourceCategory":"public-land","sourceId":"usgs-pad-us-fee-managers","sourceUrl":"https://services.arcgis.com/v01gqwM5QqNysAAi/arcgis/rest/services/Fee_Managers_PADUS/FeatureServer/0","sourceUpdated":"2019-09-18T04:00:00.000Z","publicUse":"PAD-US reports open access; verify current manager conditions and restrictions.","unit":"CITY","origin":"public-catalog"}},{"type":"Feature","id":"usgs-pad-us-fee-managers:84115","geometry":{"type":"Polygon","coordinates":[[[-119.7499,36.8773],[-119.7499,36.8765],[-119.7478,36.8765],[-119.7478,36.8757],[-119.7512,36.8757],[-119.7513,36.8776],[-119.7504,36.8776],[-119.7499,36.8773]]]},"properties":{"id":"usgs-pad-us-fee-managers:84115","name":"Copper Hills Elementary School","kind":"land","category":"public-land","sourceCategory":"public-land","sourceId":"usgs-pad-us-fee-managers","sourceUrl":"https://services.arcgis.com/v01gqwM5QqNysAAi/arcgis/rest/services/Fee_Managers_PADUS/FeatureServer/0","sourceUpdated":"2019-09-18T04:00:00.000Z","publicUse":"PAD-US reports open access; verify current manager conditions and restrictions.","unit":"CITY","origin":"public-catalog"}},{"type":"Feature","id":"usgs-pad-us-fee-managers:84116","geometry":{"type":"Polygon","coordinates":[[[-119.7659,36.862],[-119.7659,36.8608],[-119.7662,36.8608],[-119.7659,36.8601],[-119.7672,36.8599],[-119.7672,36.8601],[-119.7669,36.8601],[-119.7669,36.8604],[-119.7671,36.8604],[-119.7673,36.8601],[-119.768,36.8601],[-119.768,36.8593],[-119.7692,36.8593],[-119.7692,36.861],[-119.768,36.861],[-119.768,36.862],[-119.7659,36.862]]]},"properties":{"id":"usgs-pad-us-fee-managers:84116","name":"Fort Washington Elementary School","kind":"land","category":"public-land","sourceCategory":"public-land","sourceId":"usgs-pad-us-fee-managers","sourceUrl":"https://services.arcgis.com/v01gqwM5QqNysAAi/arcgis/rest/services/Fee_Managers_PADUS/FeatureServer/0","sourceUpdated":"2019-09-18T04:00:00.000Z","publicUse":"PAD-US reports open access; verify current manager conditions and restrictions.","unit":"CITY","origin":"public-catalog"}},{"type":"Feature","id":"usgs-pad-us-fee-managers:84117","geometry":{"type":"Polygon","coordinates":[[[-119.7568,36.894],[-119.7569,36.8931],[-119.7576,36.8927],[-119.7596,36.8927],[-119.7596,36.893],[-119.7602,36.8928],[-119.7602,36.894],[-119.7568,36.894]]]},"properties":{"id":"usgs-pad-us-fee-managers:84117","name":"James S. Fugman Elementary School","kind":"land","category":"public-land","sourceCategory":"public-land","sourceId":"usgs-pad-us-fee-managers","sourceUrl":"https://services.arcgis.com/v01gqwM5QqNysAAi/arcgis/rest/services/Fee_Managers_PADUS/FeatureServer/0","sourceUpdated":"2019-09-18T04:00:00.000Z","publicUse":"PAD-US reports open access; verify current manager conditions and restrictions.","unit":"CITY","origin":"public-catalog"}},{"type":"Feature","id":"usgs-pad-us-fee-managers:84118","geometry":{"type":"Polygon","coordinates":[[[-119.7588,36.8742],[-119.7588,36.874],[-119.7595,36.874],[-119.7595,36.8745],[-119.7599,36.8745],[-119.7598,36.8754],[-119.7609,36.8755],[-119.7613,36.8762],[-119.761,36.8765],[-119.7587,36.8765],[-119.7588,36.8742]]]},"properties":{"id":"usgs-pad-us-fee-managers:84118","name":"Liberty Elementary School","kind":"land","category":"public-land","sourceCategory":"public-land","sourceId":"usgs-pad-us-fee-managers","sourceUrl":"https://services.arcgis.com/v01gqwM5QqNysAAi/arcgis/rest/services/Fee_Managers_PADUS/FeatureServer/0","sourceUpdated":"2019-09-18T04:00:00.000Z","publicUse":"PAD-US reports open access; verify current manager conditions and restrictions.","unit":"CITY","origin":"public-catalog"}},{"type":"Feature","id":"usgs-pad-us-fee-managers:84119","geometry":{"type":"Polygon","coordinates":[[[-119.745,36.859],[-119.7452,36.8568],[-119.7476,36.8568],[-119.7474,36.8576],[-119.7463,36.8578],[-119.7463,36.8585],[-119.7459,36.8587],[-119.7459,36.8592],[-119.745,36.8592],[-119.745,36.859]]]},"properties":{"id":"usgs-pad-us-fee-managers:84119","name":"Maple Creek Elementary School","kind":"land","category":"public-land","sourceCategory":"public-land","sourceId":"usgs-pad-us-fee-managers","sourceUrl":"https://services.arcgis.com/v01gqwM5QqNysAAi/arcgis/rest/services/Fee_Managers_PADUS/FeatureServer/0","sourceUpdated":"2019-09-18T04:00:00.000Z","publicUse":"PAD-US reports open access; verify current manager conditions and restrictions.","unit":"CITY","origin":"public-catalog"}},{"type":"Feature","id":"usgs-pad-us-fee-managers:84120","geometry":{"type":"Polygon","coordinates":[[[-119.8169,36.8431],[-119.8139,36.8431],[-119.8141,36.8411],[-119.8147,36.8411],[-119.8147,36.8417],[-119.8156,36.8418],[-119.8157,36.8421],[-119.8173,36.8418],[-119.8174,36.843],[-119.8169,36.8431]]]},"properties":{"id":"usgs-pad-us-fee-managers:84120","name":"Nelson Elementary School","kind":"land","category":"public-land","sourceCategory":"public-land","sourceId":"usgs-pad-us-fee-managers","sourceUrl":"https://services.arcgis.com/v01gqwM5QqNysAAi/arcgis/rest/services/Fee_Managers_PADUS/FeatureServer/0","sourceUpdated":"2019-09-18T04:00:00.000Z","publicUse":"PAD-US reports open access; verify current manager conditions and restrictions.","unit":"CITY","origin":"public-catalog"}},{"type":"Feature","id":"usgs-pad-us-fee-managers:84121","geometry":{"type":"Polygon","coordinates":[[[-119.7913,36.8397],[-119.7913,36.8393],[-119.7944,36.8393],[-119.7944,36.8402],[-119.792,36.8401],[-119.7913,36.8397]]]},"properties":{"id":"usgs-pad-us-fee-managers:84121","name":"Pinedale Elementary School","kind":"land","category":"public-land","sourceCategory":"public-land","sourceId":"usgs-pad-us-fee-managers","sourceUrl":"https://services.arcgis.com/v01gqwM5QqNysAAi/arcgis/rest/services/Fee_Managers_PADUS/FeatureServer/0","sourceUpdated":"2019-09-18T04:00:00.000Z","publicUse":"PAD-US reports open access; verify current manager conditions and restrictions.","unit":"CITY","origin":"public-catalog"}},{"type":"Feature","id":"usgs-pad-us-fee-managers:84122","geometry":{"type":"Polygon","coordinates":[[[-119.7679,36.7992],[-119.7679,36.7982],[-119.7689,36.7982],[-119.7689,36.7977],[-119.7689,36.7983],[-119.7679,36.7983],[-119.7679,36.7992]]]},"properties":{"id":"usgs-pad-us-fee-managers:84122","name":"Ponding Basin Park1","kind":"land","category":"public-land","sourceCategory":"public-land","sourceId":"usgs-pad-us-fee-managers","sourceUrl":"https://services.arcgis.com/v01gqwM5QqNysAAi/arcgis/rest/services/Fee_Managers_PADUS/FeatureServer/0","sourceUpdated":"2019-09-18T04:00:00.000Z","publicUse":"PAD-US reports open access; verify current manager conditions and restrictions.","unit":"CITY","origin":"public-catalog"}},{"type":"Feature","id":"usgs-pad-us-fee-managers:84123","geometry":{"type":"Polygon","coordinates":[[[-119.7362,36.8811],[-119.7362,36.8784],[-119.738,36.8784],[-119.738,36.8787],[-119.7376,36.8786],[-119.7376,36.8789],[-119.7379,36.8789],[-119.7379,36.8804],[-119.7374,36.8805],[-119.7374,36.8812],[-119.7362,36.8811]]]},"properties":{"id":"usgs-pad-us-fee-managers:84123","name":"Riverview Elementary School","kind":"land","category":"public-land","sourceCategory":"public-land","sourceId":"usgs-pad-us-fee-managers","sourceUrl":"https://services.arcgis.com/v01gqwM5QqNysAAi/arcgis/rest/services/Fee_Managers_PADUS/FeatureServer/0","sourceUpdated":"2019-09-18T04:00:00.000Z","publicUse":"PAD-US reports open access; verify current manager conditions and restrictions.","unit":"CITY","origin":"public-catalog"}},{"type":"Feature","id":"usgs-pad-us-fee-managers:84124","geometry":{"type":"Polygon","coordinates":[[[-119.7741,36.8772],[-119.7733,36.8772],[-119.7733,36.8755],[-119.7763,36.8755],[-119.7763,36.8763],[-119.7747,36.8764],[-119.7747,36.877],[-119.7741,36.8772]]]},"properties":{"id":"usgs-pad-us-fee-managers:84124","name":"Valley Oak Elementary School","kind":"land","category":"public-land","sourceCategory":"public-land","sourceId":"usgs-pad-us-fee-managers","sourceUrl":"https://services.arcgis.com/v01gqwM5QqNysAAi/arcgis/rest/services/Fee_Managers_PADUS/FeatureServer/0","sourceUpdated":"2019-09-18T04:00:00.000Z","publicUse":"PAD-US reports open access; verify current manager conditions and restrictions.","unit":"CITY","origin":"public-catalog"}},{"type":"Feature","id":"usgs-pad-us-fee-managers:84125","geometry":{"type":"MultiPolygon","coordinates":[[[[-119.7575,36.7588],[-119.7568,36.7586],[-119.7568,36.7582],[-119.7589,36.7582],[-119.7586,36.7586],[-119.7589,36.7588],[-119.7575,36.7588]]],[[[-119.7578,36.7587],[-119.7578,36.7585],[-119.7575,36.7585],[-119.7578,36.7587]]],[[[-119.7569,36.7613],[-119.7568,36.7594],[-119.7577,36.7594],[-119.7575,36.7598],[-119.7589,36.7598],[-119.7589,36.7613],[-119.7569,36.7613]]]]},"properties":{"id":"usgs-pad-us-fee-managers:84125","name":"Yosemite Middle School","kind":"land","category":"public-land","sourceCategory":"public-land","sourceId":"usgs-pad-us-fee-managers","sourceUrl":"https://services.arcgis.com/v01gqwM5QqNysAAi/arcgis/rest/services/Fee_Managers_PADUS/FeatureServer/0","sourceUpdated":"2019-09-18T04:00:00.000Z","publicUse":"PAD-US reports open access; verify current manager conditions and restrictions.","unit":"CITY","origin":"public-catalog"}},{"type":"Feature","id":"usgs-pad-us-fee-managers:84126","geometry":{"type":"Polygon","coordinates":[[[-119.6886,36.7445],[-119.6886,36.7443],[-119.6898,36.7441],[-119.6905,36.7437],[-119.6911,36.7429],[-119.6906,36.7424],[-119.6921,36.7426],[-119.691,36.7432],[-119.6902,36.744],[-119.6886,36.7445]]]},"properties":{"id":"usgs-pad-us-fee-managers:84126","name":"Cfd11_Tr5232_01","kind":"land","category":"public-land","sourceCategory":"public-land","sourceId":"usgs-pad-us-fee-managers","sourceUrl":"https://services.arcgis.com/v01gqwM5QqNysAAi/arcgis/rest/services/Fee_Managers_PADUS/FeatureServer/0","sourceUpdated":"2019-09-18T04:00:00.000Z","publicUse":"PAD-US reports open access; verify current manager conditions and restrictions.","unit":"CITY","origin":"public-catalog"}},{"type":"Feature","id":"usgs-pad-us-fee-managers:84127","geometry":{"type":"Polygon","coordinates":[[[-119.7071,36.7151],[-119.7074,36.7149],[-119.7074,36.7152],[-119.7071,36.7151]]]},"properties":{"id":"usgs-pad-us-fee-managers:84127","name":"Cfd11_Tr5466_09","kind":"land","category":"public-land","sourceCategory":"public-land","sourceId":"usgs-pad-us-fee-managers","sourceUrl":"https://services.arcgis.com/v01gqwM5QqNysAAi/arcgis/rest/services/Fee_Managers_PADUS/FeatureServer/0","sourceUpdated":"2019-09-18T04:00:00.000Z","publicUse":"PAD-US reports open access; verify current manager conditions and restrictions.","unit":"CITY","origin":"public-catalog"}},{"type":"Feature","id":"usgs-pad-us-fee-managers:84128","geometry":{"type":"Polygon","coordinates":[[[-119.6686,36.7201],[-119.6686,36.7198],[-119.669,36.7198],[-119.669,36.7201],[-119.6686,36.7201]]]},"properties":{"id":"usgs-pad-us-fee-managers:84128","name":"Cfd11_Tr5531_10","kind":"land","category":"public-land","sourceCategory":"public-land","sourceId":"usgs-pad-us-fee-managers","sourceUrl":"https://services.arcgis.com/v01gqwM5QqNysAAi/arcgis/rest/services/Fee_Managers_PADUS/FeatureServer/0","sourceUpdated":"2019-09-18T04:00:00.000Z","publicUse":"PAD-US reports open access; verify current manager conditions and restrictions.","unit":"CITY","origin":"public-catalog"}},{"type":"Feature","id":"usgs-pad-us-fee-managers:84129","geometry":{"type":"Polygon","coordinates":[[[-119.7389,36.8896],[-119.7392,36.8895],[-119.7393,36.8897],[-119.7389,36.8896]]]},"properties":{"id":"usgs-pad-us-fee-managers:84129","name":"Cfd11_Tr5966_09","kind":"land","category":"public-land","sourceCategory":"public-land","sourceId":"usgs-pad-us-fee-managers","sourceUrl":"https://services.arcgis.com/v01gqwM5QqNysAAi/arcgis/rest/services/Fee_Managers_PADUS/FeatureServer/0","sourceUpdated":"2019-09-18T04:00:00.000Z","publicUse":"PAD-US reports open access; verify current manager conditions and restrictions.","unit":"CITY","origin":"public-catalog"}},{"type":"Feature","id":"usgs-pad-us-fee-managers:84130","geometry":{"type":"Polygon","coordinates":[[[-119.6799,36.7737],[-119.6806,36.7737],[-119.6806,36.7744],[-119.68,36.7744],[-119.6799,36.7737]]]},"properties":{"id":"usgs-pad-us-fee-managers:84130","name":"Cfd11_Tr6033_08","kind":"land","category":"public-land","sourceCategory":"public-land","sourceId":"usgs-pad-us-fee-managers","sourceUrl":"https://services.arcgis.com/v01gqwM5QqNysAAi/arcgis/rest/services/Fee_Managers_PADUS/FeatureServer/0","sourceUpdated":"2019-09-18T04:00:00.000Z","publicUse":"PAD-US reports open access; verify current manager conditions and restrictions.","unit":"CITY","origin":"public-catalog"}},{"type":"Feature","id":"usgs-pad-us-fee-managers:84131","geometry":{"type":"Polygon","coordinates":[[[-119.9192,36.8109],[-119.9195,36.8109],[-119.9196,36.8113],[-119.9192,36.8113],[-119.9192,36.8109]]]},"properties":{"id":"usgs-pad-us-fee-managers:84131","name":"Cfd11_Tr6036_05","kind":"land","category":"public-land","sourceCategory":"public-land","sourceId":"usgs-pad-us-fee-managers","sourceUrl":"https://services.arcgis.com/v01gqwM5QqNysAAi/arcgis/rest/services/Fee_Managers_PADUS/FeatureServer/0","sourceUpdated":"2019-09-18T04:00:00.000Z","publicUse":"PAD-US reports open access; verify current manager conditions and restrictions.","unit":"CITY","origin":"public-catalog"}},{"type":"Feature","id":"usgs-pad-us-fee-managers:84132","geometry":{"type":"Polygon","coordinates":[[[-119.6825,36.7432],[-119.6823,36.7431],[-119.6823,36.7416],[-119.6857,36.7415],[-119.6857,36.7424],[-119.6845,36.7422],[-119.6843,36.7425],[-119.6837,36.7426],[-119.6833,36.7432],[-119.6825,36.7432]]]},"properties":{"id":"usgs-pad-us-fee-managers:84132","name":"Fancher Creek Elementary","kind":"land","category":"public-land","sourceCategory":"public-land","sourceId":"usgs-pad-us-fee-managers","sourceUrl":"https://services.arcgis.com/v01gqwM5QqNysAAi/arcgis/rest/services/Fee_Managers_PADUS/FeatureServer/0","sourceUpdated":"2019-09-18T04:00:00.000Z","publicUse":"PAD-US reports open access; verify current manager conditions and restrictions.","unit":"CITY","origin":"public-catalog"}},{"type":"Feature","id":"usgs-pad-us-fee-managers:84133","geometry":{"type":"Polygon","coordinates":[[[-119.7843,36.7418],[-119.7848,36.7415],[-119.7857,36.7423],[-119.7843,36.7418]]]},"properties":{"id":"usgs-pad-us-fee-managers:84133","name":"Pk_Fch_Maddy","kind":"land","category":"public-land","sourceCategory":"public-land","sourceId":"usgs-pad-us-fee-managers","sourceUrl":"https://services.arcgis.com/v01gqwM5QqNysAAi/arcgis/rest/services/Fee_Managers_PADUS/FeatureServer/0","sourceUpdated":"2019-09-18T04:00:00.000Z","publicUse":"PAD-US reports open access; verify current manager conditions and restrictions.","unit":"CITY","origin":"public-catalog"}},{"type":"Feature","id":"usgs-pad-us-fee-managers:84134","geometry":{"type":"Polygon","coordinates":[[[-119.6693,36.7865],[-119.6693,36.7847],[-119.6725,36.7847],[-119.6719,36.7849],[-119.6719,36.7853],[-119.6713,36.7853],[-119.671,36.7862],[-119.6704,36.7862],[-119.6703,36.7865],[-119.6693,36.7865]]]},"properties":{"id":"usgs-pad-us-fee-managers:84134","name":"Roger S. Oraze Elementary","kind":"land","category":"public-land","sourceCategory":"public-land","sourceId":"usgs-pad-us-fee-managers","sourceUrl":"https://services.arcgis.com/v01gqwM5QqNysAAi/arcgis/rest/services/Fee_Managers_PADUS/FeatureServer/0","sourceUpdated":"2019-09-18T04:00:00.000Z","publicUse":"PAD-US reports open access; verify current manager conditions and restrictions.","unit":"CITY","origin":"public-catalog"}},{"type":"Feature","id":"usgs-pad-us-fee-managers:84146","geometry":{"type":"Polygon","coordinates":[[[-117.0145,33.7654],[-117.0145,33.7619],[-117.0151,33.7619],[-117.0152,33.7653],[-117.0145,33.7654]]]},"properties":{"id":"usgs-pad-us-fee-managers:84146","name":"Oltman Park","kind":"land","category":"public-land","sourceCategory":"public-land","sourceId":"usgs-pad-us-fee-managers","sourceUrl":"https://services.arcgis.com/v01gqwM5QqNysAAi/arcgis/rest/services/Fee_Managers_PADUS/FeatureServer/0","sourceUpdated":"2019-09-18T04:00:00.000Z","publicUse":"PAD-US reports open access; verify current manager conditions and restrictions.","unit":"CITY","origin":"public-catalog"}},{"type":"Feature","id":"usgs-pad-us-fee-managers:84166","geometry":{"type":"Polygon","coordinates":[[[-121.3841,36.8548],[-121.3841,36.8534],[-121.3859,36.8531],[-121.386,36.8523],[-121.3866,36.8525],[-121.3865,36.8549],[-121.3841,36.8548]]]},"properties":{"id":"usgs-pad-us-fee-managers:84166","name":"Marguerite Maze Sports Complex","kind":"land","category":"public-land","sourceCategory":"public-land","sourceId":"usgs-pad-us-fee-managers","sourceUrl":"https://services.arcgis.com/v01gqwM5QqNysAAi/arcgis/rest/services/Fee_Managers_PADUS/FeatureServer/0","sourceUpdated":"2019-09-18T04:00:00.000Z","publicUse":"PAD-US reports open access; verify current manager conditions and restrictions.","unit":"CITY","origin":"public-catalog"}},{"type":"Feature","id":"usgs-pad-us-fee-managers:84167","geometry":{"type":"Polygon","coordinates":[[[-117.715,33.7027],[-117.7135,33.7017],[-117.7128,33.7022],[-117.7127,33.7013],[-117.7123,33.7008],[-117.7151,33.7024],[-117.715,33.7027]]]},"properties":{"id":"usgs-pad-us-fee-managers:84167","name":"Portola Springs Community Park","kind":"land","category":"public-land","sourceCategory":"public-land","sourceId":"usgs-pad-us-fee-managers","sourceUrl":"https://services.arcgis.com/v01gqwM5QqNysAAi/arcgis/rest/services/Fee_Managers_PADUS/FeatureServer/0","sourceUpdated":"2019-09-18T04:00:00.000Z","publicUse":"PAD-US reports open access; verify current manager conditions and restrictions.","unit":"CITY","origin":"public-catalog"}},{"type":"Feature","id":"usgs-pad-us-fee-managers:84174","geometry":{"type":"Polygon","coordinates":[[[-118.1849,33.8029],[-118.1846,33.8029],[-118.1848,33.8026],[-118.1849,33.8029]]]},"properties":{"id":"usgs-pad-us-fee-managers:84174","name":"Sunrise Neighborhood Gateway","kind":"land","category":"public-land","sourceCategory":"public-land","sourceId":"usgs-pad-us-fee-managers","sourceUrl":"https://services.arcgis.com/v01gqwM5QqNysAAi/arcgis/rest/services/Fee_Managers_PADUS/FeatureServer/0","sourceUpdated":"2019-09-18T04:00:00.000Z","publicUse":"PAD-US reports open access; verify current manager conditions and restrictions.","unit":"CITY","origin":"public-catalog"}},{"type":"Feature","id":"usgs-pad-us-fee-managers:84179","geometry":{"type":"Polygon","coordinates":[[[-118.0767,33.8046],[-118.0767,33.8043],[-118.0769,33.8043],[-118.0767,33.8046]]]},"properties":{"id":"usgs-pad-us-fee-managers:84179","name":"Roberts Park","kind":"land","category":"public-land","sourceCategory":"public-land","sourceId":"usgs-pad-us-fee-managers","sourceUrl":"https://services.arcgis.com/v01gqwM5QqNysAAi/arcgis/rest/services/Fee_Managers_PADUS/FeatureServer/0","sourceUpdated":"2019-09-18T04:00:00.000Z","publicUse":"PAD-US reports open access; verify current manager conditions and restrictions.","unit":"CITY","origin":"public-catalog"}},{"type":"Feature","id":"usgs-pad-us-fee-managers:84180","geometry":{"type":"Polygon","coordinates":[[[-118.3404,34.0335],[-118.3403,34.0341],[-118.3401,34.0339],[-118.3404,34.0335]]]},"properties":{"id":"usgs-pad-us-fee-managers:84180","name":"Gladys Jean Wesson Park","kind":"land","category":"public-land","sourceCategory":"public-land","sourceId":"usgs-pad-us-fee-managers","sourceUrl":"https://services.arcgis.com/v01gqwM5QqNysAAi/arcgis/rest/services/Fee_Managers_PADUS/FeatureServer/0","sourceUpdated":"2019-09-18T04:00:00.000Z","publicUse":"PAD-US reports open access; verify current manager conditions and restrictions.","unit":"CITY","origin":"public-catalog"}},{"type":"Feature","id":"usgs-pad-us-fee-managers:84181","geometry":{"type":"Polygon","coordinates":[[[-118.2918,33.7461],[-118.2921,33.7461],[-118.2921,33.7465],[-118.2918,33.7465],[-118.2918,33.7461]]]},"properties":{"id":"usgs-pad-us-fee-managers:84181","name":"Los Angeles Sister Cities Plaza","kind":"land","category":"public-land","sourceCategory":"public-land","sourceId":"usgs-pad-us-fee-managers","sourceUrl":"https://services.arcgis.com/v01gqwM5QqNysAAi/arcgis/rest/services/Fee_Managers_PADUS/FeatureServer/0","sourceUpdated":"2019-09-18T04:00:00.000Z","publicUse":"PAD-US reports open access; verify current manager conditions and restrictions.","unit":"CITY","origin":"public-catalog"}},{"type":"Feature","id":"usgs-pad-us-fee-managers:84182","geometry":{"type":"Polygon","coordinates":[[[-118.2911,33.9827],[-118.2911,33.9822],[-118.2913,33.9823],[-118.2913,33.9827],[-118.2911,33.9827]]]},"properties":{"id":"usgs-pad-us-fee-managers:84182","name":"Vermont Gage Park","kind":"land","category":"public-land","sourceCategory":"public-land","sourceId":"usgs-pad-us-fee-managers","sourceUrl":"https://services.arcgis.com/v01gqwM5QqNysAAi/arcgis/rest/services/Fee_Managers_PADUS/FeatureServer/0","sourceUpdated":"2019-09-18T04:00:00.000Z","publicUse":"PAD-US reports open access; verify current manager conditions and restrictions.","unit":"CITY","origin":"public-catalog"}},{"type":"Feature","id":"usgs-pad-us-fee-managers:84184","geometry":{"type":"MultiPolygon","coordinates":[[[[-121.2635,37.7802],[-121.2639,37.7802],[-121.2638,37.7806],[-121.2634,37.7805],[-121.2635,37.7802]]],[[[-121.2631,37.7813],[-121.2631,37.7813],[-121.2631,37.7813],[-121.2631,37.7813]]]]},"properties":{"id":"usgs-pad-us-fee-managers:84184","name":"Dutra Estates Mini Park","kind":"land","category":"public-land","sourceCategory":"public-land","sourceId":"usgs-pad-us-fee-managers","sourceUrl":"https://services.arcgis.com/v01gqwM5QqNysAAi/arcgis/rest/services/Fee_Managers_PADUS/FeatureServer/0","sourceUpdated":"2019-09-18T04:00:00.000Z","publicUse":"PAD-US reports open access; verify current manager conditions and restrictions.","unit":"CITY","origin":"public-catalog"}},{"type":"Feature","id":"usgs-pad-us-fee-managers:84208","geometry":{"type":"Polygon","coordinates":[[[-122.0834,37.3943],[-122.083,37.3942],[-122.0831,37.394],[-122.0838,37.3943],[-122.0837,37.3945],[-122.0834,37.3943]]]},"properties":{"id":"usgs-pad-us-fee-managers:84208","name":"Dana Park","kind":"land","category":"public-land","sourceCategory":"public-land","sourceId":"usgs-pad-us-fee-managers","sourceUrl":"https://services.arcgis.com/v01gqwM5QqNysAAi/arcgis/rest/services/Fee_Managers_PADUS/FeatureServer/0","sourceUpdated":"2019-09-18T04:00:00.000Z","publicUse":"PAD-US reports open access; verify current manager conditions and restrictions.","unit":"CITY","origin":"public-catalog"}},{"type":"Feature","id":"usgs-pad-us-fee-managers:84209","geometry":{"type":"Polygon","coordinates":[[[-122.1008,37.3927],[-122.101,37.3925],[-122.1015,37.3927],[-122.1013,37.393],[-122.1008,37.3927]]]},"properties":{"id":"usgs-pad-us-fee-managers:84209","name":"Gemello Park","kind":"land","category":"public-land","sourceCategory":"public-land","sourceId":"usgs-pad-us-fee-managers","sourceUrl":"https://services.arcgis.com/v01gqwM5QqNysAAi/arcgis/rest/services/Fee_Managers_PADUS/FeatureServer/0","sourceUpdated":"2019-09-18T04:00:00.000Z","publicUse":"PAD-US reports open access; verify current manager conditions and restrictions.","unit":"CITY","origin":"public-catalog"}},{"type":"Feature","id":"usgs-pad-us-fee-managers:84210","geometry":{"type":"Polygon","coordinates":[[[-122.0914,37.4139],[-122.0913,37.4135],[-122.0924,37.4135],[-122.0925,37.414],[-122.0914,37.4139]]]},"properties":{"id":"usgs-pad-us-fee-managers:84210","name":"Heritage Park","kind":"land","category":"public-land","sourceCategory":"public-land","sourceId":"usgs-pad-us-fee-managers","sourceUrl":"https://services.arcgis.com/v01gqwM5QqNysAAi/arcgis/rest/services/Fee_Managers_PADUS/FeatureServer/0","sourceUpdated":"2019-09-18T04:00:00.000Z","publicUse":"PAD-US reports open access; verify current manager conditions and restrictions.","unit":"CITY","origin":"public-catalog"}},{"type":"Feature","id":"usgs-pad-us-fee-managers:84211","geometry":{"type":"Polygon","coordinates":[[[-122.0891,37.4171],[-122.089,37.4165],[-122.0895,37.4165],[-122.0896,37.4171],[-122.0891,37.4171]]]},"properties":{"id":"usgs-pad-us-fee-managers:84211","name":"Sierra Vista Park","kind":"land","category":"public-land","sourceCategory":"public-land","sourceId":"usgs-pad-us-fee-managers","sourceUrl":"https://services.arcgis.com/v01gqwM5QqNysAAi/arcgis/rest/services/Fee_Managers_PADUS/FeatureServer/0","sourceUpdated":"2019-09-18T04:00:00.000Z","publicUse":"PAD-US reports open access; verify current manager conditions and restrictions.","unit":"CITY","origin":"public-catalog"}},{"type":"Feature","id":"usgs-pad-us-fee-managers:84247","geometry":{"type":"MultiPolygon","coordinates":[[[[-122.2582,37.7981],[-122.2578,37.7982],[-122.258,37.7979],[-122.2574,37.7973],[-122.2586,37.798],[-122.2582,37.7981]]],[[[-122.2575,37.7972],[-122.2595,37.798],[-122.2587,37.798],[-122.2575,37.7972]]],[[[-122.2609,37.7989],[-122.2589,37.7981],[-122.2595,37.7981],[-122.2613,37.7989],[-122.2609,37.7989]]],[[[-122.2612,37.7987],[-122.2623,37.7991],[-122.2617,37.799],[-122.2612,37.7987]]],[[[-122.2618,37.7992],[-122.2625,37.7993],[-122.2621,37.7998],[-122.2618,37.7992]]]]},"properties":{"id":"usgs-pad-us-fee-managers:84247","name":"12Th Street Dam Area","kind":"land","category":"public-land","sourceCategory":"public-land","sourceId":"usgs-pad-us-fee-managers","sourceUrl":"https://services.arcgis.com/v01gqwM5QqNysAAi/arcgis/rest/services/Fee_Managers_PADUS/FeatureServer/0","sourceUpdated":"2019-09-18T04:00:00.000Z","publicUse":"PAD-US reports open access; verify current manager conditions and restrictions.","unit":"CITY","origin":"public-catalog"}},{"type":"Feature","id":"usgs-pad-us-fee-managers:84248","geometry":{"type":"Polygon","coordinates":[[[-122.3021,37.808],[-122.3022,37.8078],[-122.3025,37.8079],[-122.3024,37.8082],[-122.3021,37.808]]]},"properties":{"id":"usgs-pad-us-fee-managers:84248","name":"Bertha Port Park","kind":"land","category":"public-land","sourceCategory":"public-land","sourceId":"usgs-pad-us-fee-managers","sourceUrl":"https://services.arcgis.com/v01gqwM5QqNysAAi/arcgis/rest/services/Fee_Managers_PADUS/FeatureServer/0","sourceUpdated":"2019-09-18T04:00:00.000Z","publicUse":"PAD-US reports open access; verify current manager conditions and restrictions.","unit":"CITY","origin":"public-catalog"}},{"type":"Feature","id":"usgs-pad-us-fee-managers:84249","geometry":{"type":"Polygon","coordinates":[[[-122.1932,37.7638],[-122.1936,37.7639],[-122.1935,37.764],[-122.1932,37.7638]]]},"properties":{"id":"usgs-pad-us-fee-managers:84249","name":"Tomas Melero-Smith Park","kind":"land","category":"public-land","sourceCategory":"public-land","sourceId":"usgs-pad-us-fee-managers","sourceUrl":"https://services.arcgis.com/v01gqwM5QqNysAAi/arcgis/rest/services/Fee_Managers_PADUS/FeatureServer/0","sourceUpdated":"2019-09-18T04:00:00.000Z","publicUse":"PAD-US reports open access; verify current manager conditions and restrictions.","unit":"CITY","origin":"public-catalog"}},{"type":"Feature","id":"usgs-pad-us-fee-managers:84257","geometry":{"type":"Polygon","coordinates":[[[-119.152,34.2108],[-119.152,34.2097],[-119.1532,34.2097],[-119.1531,34.2119],[-119.152,34.2119],[-119.152,34.2108]]]},"properties":{"id":"usgs-pad-us-fee-managers:84257","name":"East Village Park","kind":"land","category":"public-land","sourceCategory":"public-land","sourceId":"usgs-pad-us-fee-managers","sourceUrl":"https://services.arcgis.com/v01gqwM5QqNysAAi/arcgis/rest/services/Fee_Managers_PADUS/FeatureServer/0","sourceUpdated":"2019-09-18T04:00:00.000Z","publicUse":"PAD-US reports open access; verify current manager conditions and restrictions.","unit":"CITY","origin":"public-catalog"}},{"type":"Feature","id":"usgs-pad-us-fee-managers:84259","geometry":{"type":"Polygon","coordinates":[[[-122.6486,38.2679],[-122.6485,38.2675],[-122.6492,38.2679],[-122.6486,38.2679]]]},"properties":{"id":"usgs-pad-us-fee-managers:84259","name":"Maria Pocket Park","kind":"land","category":"public-land","sourceCategory":"public-land","sourceId":"usgs-pad-us-fee-managers","sourceUrl":"https://services.arcgis.com/v01gqwM5QqNysAAi/arcgis/rest/services/Fee_Managers_PADUS/FeatureServer/0","sourceUpdated":"2019-09-18T04:00:00.000Z","publicUse":"PAD-US reports open access; verify current manager conditions and restrictions.","unit":"CITY","origin":"public-catalog"}},{"type":"Feature","id":"usgs-pad-us-fee-managers:84329","geometry":{"type":"MultiPolygon","coordinates":[[[[-117.3637,33.9017],[-117.364,33.9016],[-117.3631,33.9028],[-117.363,33.9027],[-117.3637,33.9017]]],[[[-117.3627,33.903],[-117.363,33.9029],[-117.3601,33.9069],[-117.36,33.9068],[-117.3627,33.903]]],[[[-117.3596,33.9074],[-117.3599,33.9069],[-117.36,33.9071],[-117.3576,33.9104],[-117.3565,33.9116],[-117.3563,33.9115],[-117.3575,33.9103],[-117.3596,33.9074]]],[[[-117.3506,33.9127],[-117.3508,33.9128],[-117.3487,33.9136],[-117.3487,33.9134],[-117.3506,33.9127]]],[[[-117.3553,33.9127],[-117.353,33.9128],[-117.353,33.9126],[-117.355,33.9124],[-117.3562,33.9116],[-117.3563,33.9117],[-117.3553,33.9125],[-117.3553,33.9127]]]]},"properties":{"id":"usgs-pad-us-fee-managers:84329","name":"Choi Dr Linear Park","kind":"land","category":"public-land","sourceCategory":"public-land","sourceId":"usgs-pad-us-fee-managers","sourceUrl":"https://services.arcgis.com/v01gqwM5QqNysAAi/arcgis/rest/services/Fee_Managers_PADUS/FeatureServer/0","sourceUpdated":"2019-09-18T04:00:00.000Z","publicUse":"PAD-US reports open access; verify current manager conditions and restrictions.","unit":"CITY","origin":"public-catalog"}},{"type":"Feature","id":"usgs-pad-us-fee-managers:84334","geometry":{"type":"Polygon","coordinates":[[[-117.1017,32.7507],[-117.1019,32.7504],[-117.1019,32.7507],[-117.1017,32.7507]]]},"properties":{"id":"usgs-pad-us-fee-managers:84334","name":"City Heights Square Mini Park","kind":"land","category":"public-land","sourceCategory":"public-land","sourceId":"usgs-pad-us-fee-managers","sourceUrl":"https://services.arcgis.com/v01gqwM5QqNysAAi/arcgis/rest/services/Fee_Managers_PADUS/FeatureServer/0","sourceUpdated":"2019-09-18T04:00:00.000Z","publicUse":"PAD-US reports open access; verify current manager conditions and restrictions.","unit":"CITY","origin":"public-catalog"}},{"type":"Feature","id":"usgs-pad-us-fee-managers:84335","geometry":{"type":"Polygon","coordinates":[[[-117.0066,32.5688],[-117.0066,32.5684],[-117.0092,32.5685],[-117.0092,32.5689],[-117.0066,32.5688]]]},"properties":{"id":"usgs-pad-us-fee-managers:84335","name":"Otay Mesa","kind":"land","category":"public-land","sourceCategory":"public-land","sourceId":"usgs-pad-us-fee-managers","sourceUrl":"https://services.arcgis.com/v01gqwM5QqNysAAi/arcgis/rest/services/Fee_Managers_PADUS/FeatureServer/0","sourceUpdated":"2019-09-18T04:00:00.000Z","publicUse":"PAD-US reports open access; verify current manager conditions and restrictions.","unit":"CITY","origin":"public-catalog"}},{"type":"Feature","id":"usgs-pad-us-fee-managers:84336","geometry":{"type":"Polygon","coordinates":[[[-117.0276,32.8479],[-117.0276,32.8477],[-117.0293,32.8489],[-117.0276,32.8485],[-117.0276,32.8479]]]},"properties":{"id":"usgs-pad-us-fee-managers:84336","name":"Mission Trails Open Space","kind":"land","category":"public-land","sourceCategory":"public-land","sourceId":"usgs-pad-us-fee-managers","sourceUrl":"https://services.arcgis.com/v01gqwM5QqNysAAi/arcgis/rest/services/Fee_Managers_PADUS/FeatureServer/0","sourceUpdated":"2019-09-18T04:00:00.000Z","publicUse":"PAD-US reports open access; verify current manager conditions and restrictions.","unit":"CITY","origin":"public-catalog"}},{"type":"Feature","id":"usgs-pad-us-fee-managers:84337","geometry":{"type":"Polygon","coordinates":[[[-117.0251,32.8521],[-117.0251,32.8518],[-117.027,32.8516],[-117.027,32.8519],[-117.0251,32.8521]]]},"properties":{"id":"usgs-pad-us-fee-managers:84337","name":"Mission Trails Os","kind":"land","category":"public-land","sourceCategory":"public-land","sourceId":"usgs-pad-us-fee-managers","sourceUrl":"https://services.arcgis.com/v01gqwM5QqNysAAi/arcgis/rest/services/Fee_Managers_PADUS/FeatureServer/0","sourceUpdated":"2019-09-18T04:00:00.000Z","publicUse":"PAD-US reports open access; verify current manager conditions and restrictions.","unit":"CITY","origin":"public-catalog"}},{"type":"Feature","id":"usgs-pad-us-fee-managers:84338","geometry":{"type":"Polygon","coordinates":[[[-121.8965,37.3409],[-121.8969,37.3407],[-121.8971,37.3409],[-121.8966,37.3412],[-121.8965,37.3409]]]},"properties":{"id":"usgs-pad-us-fee-managers:84338","name":"Bassett Park","kind":"land","category":"public-land","sourceCategory":"public-land","sourceId":"usgs-pad-us-fee-managers","sourceUrl":"https://services.arcgis.com/v01gqwM5QqNysAAi/arcgis/rest/services/Fee_Managers_PADUS/FeatureServer/0","sourceUpdated":"2019-09-18T04:00:00.000Z","publicUse":"PAD-US reports open access; verify current manager conditions and restrictions.","unit":"CITY","origin":"public-catalog"}},{"type":"Feature","id":"usgs-pad-us-fee-managers:84339","geometry":{"type":"Polygon","coordinates":[[[-121.8968,37.3405],[-121.896,37.3396],[-121.8965,37.3394],[-121.897,37.3401],[-121.8968,37.3401],[-121.897,37.3404],[-121.8968,37.3405]]]},"properties":{"id":"usgs-pad-us-fee-managers:84339","name":"North San Pedro Park","kind":"land","category":"public-land","sourceCategory":"public-land","sourceId":"usgs-pad-us-fee-managers","sourceUrl":"https://services.arcgis.com/v01gqwM5QqNysAAi/arcgis/rest/services/Fee_Managers_PADUS/FeatureServer/0","sourceUpdated":"2019-09-18T04:00:00.000Z","publicUse":"PAD-US reports open access; verify current manager conditions and restrictions.","unit":"CITY","origin":"public-catalog"}},{"type":"Feature","id":"usgs-pad-us-fee-managers:84340","geometry":{"type":"Polygon","coordinates":[[[-121.9302,37.4078],[-121.9309,37.4078],[-121.9316,37.4082],[-121.9332,37.4103],[-121.9332,37.4109],[-121.9296,37.4109],[-121.9295,37.4086],[-121.9302,37.4078]]]},"properties":{"id":"usgs-pad-us-fee-managers:84340","name":"Agnews Park","kind":"land","category":"public-land","sourceCategory":"public-land","sourceId":"usgs-pad-us-fee-managers","sourceUrl":"https://services.arcgis.com/v01gqwM5QqNysAAi/arcgis/rest/services/Fee_Managers_PADUS/FeatureServer/0","sourceUpdated":"2019-09-18T04:00:00.000Z","publicUse":"PAD-US reports open access; verify current manager conditions and restrictions.","unit":"CITY","origin":"public-catalog"}},{"type":"Feature","id":"usgs-pad-us-fee-managers:84341","geometry":{"type":"Polygon","coordinates":[[[-121.8517,37.3167],[-121.8512,37.316],[-121.8513,37.3159],[-121.8522,37.3158],[-121.8533,37.316],[-121.8536,37.3158],[-121.8545,37.3164],[-121.8546,37.3175],[-121.8527,37.3188],[-121.8517,37.3167]]]},"properties":{"id":"usgs-pad-us-fee-managers:84341","name":"Carroll Property","kind":"land","category":"public-land","sourceCategory":"public-land","sourceId":"usgs-pad-us-fee-managers","sourceUrl":"https://services.arcgis.com/v01gqwM5QqNysAAi/arcgis/rest/services/Fee_Managers_PADUS/FeatureServer/0","sourceUpdated":"2019-09-18T04:00:00.000Z","publicUse":"PAD-US reports open access; verify current manager conditions and restrictions.","unit":"CITY","origin":"public-catalog"}},{"type":"Feature","id":"usgs-pad-us-fee-managers:84342","geometry":{"type":"Polygon","coordinates":[[[-121.7385,37.2696],[-121.738,37.2694],[-121.7381,37.2689],[-121.7373,37.2683],[-121.7383,37.2687],[-121.7391,37.2693],[-121.7385,37.2696]]]},"properties":{"id":"usgs-pad-us-fee-managers:84342","name":"Chaboya Ranch Open Space","kind":"land","category":"public-land","sourceCategory":"public-land","sourceId":"usgs-pad-us-fee-managers","sourceUrl":"https://services.arcgis.com/v01gqwM5QqNysAAi/arcgis/rest/services/Fee_Managers_PADUS/FeatureServer/0","sourceUpdated":"2019-09-18T04:00:00.000Z","publicUse":"PAD-US reports open access; verify current manager conditions and restrictions.","unit":"CITY","origin":"public-catalog"}},{"type":"Feature","id":"usgs-pad-us-fee-managers:84343","geometry":{"type":"Polygon","coordinates":[[[-121.9284,37.352],[-121.929,37.3513],[-121.9337,37.3536],[-121.9331,37.3544],[-121.9284,37.352]]]},"properties":{"id":"usgs-pad-us-fee-managers:84343","name":"Coleman Soccer Fields","kind":"land","category":"public-land","sourceCategory":"public-land","sourceId":"usgs-pad-us-fee-managers","sourceUrl":"https://services.arcgis.com/v01gqwM5QqNysAAi/arcgis/rest/services/Fee_Managers_PADUS/FeatureServer/0","sourceUpdated":"2019-09-18T04:00:00.000Z","publicUse":"PAD-US reports open access; verify current manager conditions and restrictions.","unit":"CITY","origin":"public-catalog"}},{"type":"Feature","id":"usgs-pad-us-fee-managers:84344","geometry":{"type":"Polygon","coordinates":[[[-121.9784,37.2933],[-121.9784,37.2929],[-121.9794,37.2928],[-121.9794,37.2933],[-121.9784,37.2933]]]},"properties":{"id":"usgs-pad-us-fee-managers:84344","name":"Latimer Community Garden","kind":"land","category":"public-land","sourceCategory":"public-land","sourceId":"usgs-pad-us-fee-managers","sourceUrl":"https://services.arcgis.com/v01gqwM5QqNysAAi/arcgis/rest/services/Fee_Managers_PADUS/FeatureServer/0","sourceUpdated":"2019-09-18T04:00:00.000Z","publicUse":"PAD-US reports open access; verify current manager conditions and restrictions.","unit":"CITY","origin":"public-catalog"}},{"type":"Feature","id":"usgs-pad-us-fee-managers:84345","geometry":{"type":"Polygon","coordinates":[[[-121.6687,37.1663],[-121.6656,37.164],[-121.666,37.1637],[-121.6672,37.163],[-121.6698,37.1653],[-121.6748,37.1618],[-121.6722,37.1595],[-121.677,37.1561],[-121.6797,37.1587],[-121.6688,37.1664],[-121.6687,37.1663]]]},"properties":{"id":"usgs-pad-us-fee-managers:84345","name":"Sobrato Site","kind":"land","category":"public-land","sourceCategory":"public-land","sourceId":"usgs-pad-us-fee-managers","sourceUrl":"https://services.arcgis.com/v01gqwM5QqNysAAi/arcgis/rest/services/Fee_Managers_PADUS/FeatureServer/0","sourceUpdated":"2019-09-18T04:00:00.000Z","publicUse":"PAD-US reports open access; verify current manager conditions and restrictions.","unit":"CITY","origin":"public-catalog"}},{"type":"Feature","id":"usgs-pad-us-fee-managers:84346","geometry":{"type":"MultiPolygon","coordinates":[[[[-121.7486,37.2774],[-121.7488,37.2772],[-121.7501,37.2779],[-121.7492,37.2784],[-121.7486,37.2779],[-121.7486,37.2774]]],[[[-121.7503,37.279],[-121.7502,37.2787],[-121.7497,37.2788],[-121.7496,37.2785],[-121.7504,37.278],[-121.7517,37.2785],[-121.7507,37.2791],[-121.7503,37.279]]]]},"properties":{"id":"usgs-pad-us-fee-managers:84346","name":"Thompson Creek Parkchain - Karsten Property","kind":"land","category":"public-land","sourceCategory":"public-land","sourceId":"usgs-pad-us-fee-managers","sourceUrl":"https://services.arcgis.com/v01gqwM5QqNysAAi/arcgis/rest/services/Fee_Managers_PADUS/FeatureServer/0","sourceUpdated":"2019-09-18T04:00:00.000Z","publicUse":"PAD-US reports open access; verify current manager conditions and restrictions.","unit":"CITY","origin":"public-catalog"}},{"type":"Feature","id":"usgs-pad-us-fee-managers:84347","geometry":{"type":"Polygon","coordinates":[[[-121.877,37.2908],[-121.8769,37.29],[-121.8774,37.2906],[-121.8786,37.2907],[-121.878,37.2909],[-121.877,37.2908]]]},"properties":{"id":"usgs-pad-us-fee-managers:84347","name":"Venetian Terrace Park","kind":"land","category":"public-land","sourceCategory":"public-land","sourceId":"usgs-pad-us-fee-managers","sourceUrl":"https://services.arcgis.com/v01gqwM5QqNysAAi/arcgis/rest/services/Fee_Managers_PADUS/FeatureServer/0","sourceUpdated":"2019-09-18T04:00:00.000Z","publicUse":"PAD-US reports open access; verify current manager conditions and restrictions.","unit":"CITY","origin":"public-catalog"}},{"type":"Feature","id":"usgs-pad-us-fee-managers:84349","geometry":{"type":"MultiPolygon","coordinates":[[[[-118.5133,34.0262],[-118.5136,34.0265],[-118.5133,34.0272],[-118.5111,34.0292],[-118.511,34.0291],[-118.5131,34.0271],[-118.5133,34.0262]]],[[[-118.5082,34.0316],[-118.5109,34.0294],[-118.508,34.032],[-118.5082,34.0316]]],[[[-118.5077,34.0322],[-118.5079,34.0322],[-118.507,34.0336],[-118.5056,34.0378],[-118.505,34.0389],[-118.504,34.0398],[-118.5054,34.0379],[-118.5068,34.0336],[-118.5077,34.0322]]],[[[-118.5024,34.0409],[-118.5011,34.042],[-118.4994,34.0433],[-118.5024,34.0409]]],[[[-118.4978,34.0445],[-118.4965,34.0456],[-118.495,34.0467],[-118.4978,34.0445]]],[[[-118.4943,34.0472],[-118.4949,34.0469],[-118.4936,34.0478],[-118.492,34.0483],[-118.4943,34.0472]]]]},"properties":{"id":"usgs-pad-us-fee-managers:84349","name":"San Vicente Median Park","kind":"land","category":"public-land","sourceCategory":"public-land","sourceId":"usgs-pad-us-fee-managers","sourceUrl":"https://services.arcgis.com/v01gqwM5QqNysAAi/arcgis/rest/services/Fee_Managers_PADUS/FeatureServer/0","sourceUpdated":"2019-09-18T04:00:00.000Z","publicUse":"PAD-US reports open access; verify current manager conditions and restrictions.","unit":"CITY","origin":"public-catalog"}},{"type":"Feature","id":"usgs-pad-us-fee-managers:84450","geometry":{"type":"Polygon","coordinates":[[[-117.8182,33.7018],[-117.8185,33.7018],[-117.8188,33.7025],[-117.8186,33.7033],[-117.8169,33.7026],[-117.8182,33.7018]]]},"properties":{"id":"usgs-pad-us-fee-managers:84450","name":"Victory Park","kind":"land","category":"public-land","sourceCategory":"public-land","sourceId":"usgs-pad-us-fee-managers","sourceUrl":"https://services.arcgis.com/v01gqwM5QqNysAAi/arcgis/rest/services/Fee_Managers_PADUS/FeatureServer/0","sourceUpdated":"2019-09-18T04:00:00.000Z","publicUse":"PAD-US reports open access; verify current manager conditions and restrictions.","unit":"CITY","origin":"public-catalog"}},{"type":"Feature","id":"usgs-pad-us-fee-managers:84545","geometry":{"type":"Polygon","coordinates":[[[-119.2855,36.3381],[-119.2855,36.3363],[-119.2867,36.3363],[-119.2867,36.3381],[-119.2855,36.3381]]]},"properties":{"id":"usgs-pad-us-fee-managers:84545","name":"Soroptimist Park","kind":"land","category":"public-land","sourceCategory":"public-land","sourceId":"usgs-pad-us-fee-managers","sourceUrl":"https://services.arcgis.com/v01gqwM5QqNysAAi/arcgis/rest/services/Fee_Managers_PADUS/FeatureServer/0","sourceUpdated":"2019-09-18T04:00:00.000Z","publicUse":"PAD-US reports open access; verify current manager conditions and restrictions.","unit":"CITY","origin":"public-catalog"}},{"type":"Feature","id":"usgs-pad-us-fee-managers:84570","geometry":{"type":"Polygon","coordinates":[[[-118.501,34.1859],[-118.4924,34.1861],[-118.4924,34.1766],[-118.501,34.1799],[-118.501,34.1859]]]},"properties":{"id":"usgs-pad-us-fee-managers:84570","name":"Anthony C. Beilenson Park","kind":"land","category":"public-land","sourceCategory":"public-land","sourceId":"usgs-pad-us-fee-managers","sourceUrl":"https://services.arcgis.com/v01gqwM5QqNysAAi/arcgis/rest/services/Fee_Managers_PADUS/FeatureServer/0","sourceUpdated":"2019-09-18T04:00:00.000Z","publicUse":"PAD-US reports open access; verify current manager conditions and restrictions.","unit":"CITY","origin":"public-catalog"}},{"type":"Feature","id":"usgs-pad-us-fee-managers:84571","geometry":{"type":"Polygon","coordinates":[[[-118.5013,34.173],[-118.5013,34.1723],[-118.5055,34.1724],[-118.5054,34.1808],[-118.5014,34.1796],[-118.5013,34.173]]]},"properties":{"id":"usgs-pad-us-fee-managers:84571","name":"Balboa Sports Center","kind":"land","category":"public-land","sourceCategory":"public-land","sourceId":"usgs-pad-us-fee-managers","sourceUrl":"https://services.arcgis.com/v01gqwM5QqNysAAi/arcgis/rest/services/Fee_Managers_PADUS/FeatureServer/0","sourceUpdated":"2019-09-18T04:00:00.000Z","publicUse":"PAD-US reports open access; verify current manager conditions and restrictions.","unit":"CITY","origin":"public-catalog"}},{"type":"Feature","id":"usgs-pad-us-fee-managers:84572","geometry":{"type":"Polygon","coordinates":[[[-118.4881,34.1605],[-118.4893,34.1605],[-118.4893,34.1631],[-118.4922,34.1631],[-118.4922,34.1637],[-118.4911,34.1648],[-118.4881,34.1648],[-118.4881,34.1605]]]},"properties":{"id":"usgs-pad-us-fee-managers:84572","name":"Libbit Park","kind":"land","category":"public-land","sourceCategory":"public-land","sourceId":"usgs-pad-us-fee-managers","sourceUrl":"https://services.arcgis.com/v01gqwM5QqNysAAi/arcgis/rest/services/Fee_Managers_PADUS/FeatureServer/0","sourceUpdated":"2019-09-18T04:00:00.000Z","publicUse":"PAD-US reports open access; verify current manager conditions and restrictions.","unit":"CITY","origin":"public-catalog"}},{"type":"Feature","id":"usgs-pad-us-fee-managers:84573","geometry":{"type":"Polygon","coordinates":[[[-118.2602,34.0582],[-118.2597,34.0579],[-118.2598,34.0577],[-118.2607,34.058],[-118.2605,34.0583],[-118.2602,34.0582]]]},"properties":{"id":"usgs-pad-us-fee-managers:84573","name":"Miguel Contreras Learning Center Pool","kind":"land","category":"public-land","sourceCategory":"public-land","sourceId":"usgs-pad-us-fee-managers","sourceUrl":"https://services.arcgis.com/v01gqwM5QqNysAAi/arcgis/rest/services/Fee_Managers_PADUS/FeatureServer/0","sourceUpdated":"2019-09-18T04:00:00.000Z","publicUse":"PAD-US reports open access; verify current manager conditions and restrictions.","unit":"CITY","origin":"public-catalog"}},{"type":"Feature","id":"usgs-pad-us-fee-managers:84574","geometry":{"type":"Polygon","coordinates":[[[-118.4815,34.18],[-118.4768,34.18],[-118.4768,34.1828],[-118.475,34.1828],[-118.475,34.1858],[-118.4742,34.1855],[-118.4734,34.1839],[-118.4701,34.1795],[-118.4725,34.1783],[-118.474,34.1788],[-118.4749,34.1787],[-118.4749,34.1773],[-118.4764,34.1773],[-118.4772,34.1787],[-118.4783,34.1791],[-118.4795,34.179],[-118.4802,34.1786],[-118.4828,34.1803],[-118.4834,34.1814],[-118.4834,34.1845],[-118.4816,34.1845],[-118.4815,34.18]]]},"properties":{"id":"usgs-pad-us-fee-managers:84574","name":"Woodley Avenue Park","kind":"land","category":"public-land","sourceCategory":"public-land","sourceId":"usgs-pad-us-fee-managers","sourceUrl":"https://services.arcgis.com/v01gqwM5QqNysAAi/arcgis/rest/services/Fee_Managers_PADUS/FeatureServer/0","sourceUpdated":"2019-09-18T04:00:00.000Z","publicUse":"PAD-US reports open access; verify current manager conditions and restrictions.","unit":"CITY","origin":"public-catalog"}},{"type":"Feature","id":"usgs-pad-us-fee-managers:84610","geometry":{"type":"Polygon","coordinates":[[[-121.8466,36.6021],[-121.8466,36.6016],[-121.8469,36.6016],[-121.8469,36.6021],[-121.8466,36.6021]]]},"properties":{"id":"usgs-pad-us-fee-managers:84610","name":"Ellis Park","kind":"land","category":"public-land","sourceCategory":"public-land","sourceId":"usgs-pad-us-fee-managers","sourceUrl":"https://services.arcgis.com/v01gqwM5QqNysAAi/arcgis/rest/services/Fee_Managers_PADUS/FeatureServer/0","sourceUpdated":"2019-09-18T04:00:00.000Z","publicUse":"PAD-US reports open access; verify current manager conditions and restrictions.","unit":"CITY","origin":"public-catalog"}},{"type":"Feature","id":"usgs-pad-us-fee-managers:84656","geometry":{"type":"Polygon","coordinates":[[[-122.2011,39.5212],[-122.2011,39.5206],[-122.2017,39.5206],[-122.2017,39.5212],[-122.2011,39.5212]]]},"properties":{"id":"usgs-pad-us-fee-managers:84656","name":"Memorial Park","kind":"land","category":"public-land","sourceCategory":"public-land","sourceId":"usgs-pad-us-fee-managers","sourceUrl":"https://services.arcgis.com/v01gqwM5QqNysAAi/arcgis/rest/services/Fee_Managers_PADUS/FeatureServer/0","sourceUpdated":"2019-09-18T04:00:00.000Z","publicUse":"PAD-US reports open access; verify current manager conditions and restrictions.","unit":"CNTY","origin":"public-catalog"}},{"type":"Feature","id":"usgs-pad-us-fee-managers:84683","geometry":{"type":"Polygon","coordinates":[[[-121.7976,37.2265],[-121.7932,37.2265],[-121.7932,37.2263],[-121.7954,37.2264],[-121.7964,37.2257],[-121.7968,37.2262],[-121.7979,37.2262],[-121.799,37.2259],[-121.799,37.2265],[-121.7976,37.2265]]]},"properties":{"id":"usgs-pad-us-fee-managers:84683","name":"Bernal Gulnac Joice Ranch","kind":"land","category":"public-land","sourceCategory":"public-land","sourceId":"usgs-pad-us-fee-managers","sourceUrl":"https://services.arcgis.com/v01gqwM5QqNysAAi/arcgis/rest/services/Fee_Managers_PADUS/FeatureServer/0","sourceUpdated":"2019-09-18T04:00:00.000Z","publicUse":"PAD-US reports open access; verify current manager conditions and restrictions.","unit":"CNTY","origin":"public-catalog"}},{"type":"Feature","id":"usgs-pad-us-fee-managers:84694","geometry":{"type":"Polygon","coordinates":[[[-121.6144,37.9093],[-121.6144,37.9084],[-121.6158,37.9084],[-121.6158,37.9093],[-121.6144,37.9093]]]},"properties":{"id":"usgs-pad-us-fee-managers:84694","name":"Ravenswood Park","kind":"land","category":"public-land","sourceCategory":"public-land","sourceId":"usgs-pad-us-fee-managers","sourceUrl":"https://services.arcgis.com/v01gqwM5QqNysAAi/arcgis/rest/services/Fee_Managers_PADUS/FeatureServer/0","sourceUpdated":"2019-09-18T04:00:00.000Z","publicUse":"PAD-US reports open access; verify current manager conditions and restrictions.","unit":"UNKL","origin":"public-catalog"}},{"type":"Feature","id":"usgs-pad-us-fee-managers:84825","geometry":{"type":"Polygon","coordinates":[[[-121.9551,37.302],[-121.9551,37.3017],[-121.9564,37.3017],[-121.9564,37.302],[-121.9551,37.3025],[-121.9551,37.302]]]},"properties":{"id":"usgs-pad-us-fee-managers:84825","name":"Pueblo De Dios Site","kind":"land","category":"public-land","sourceCategory":"public-land","sourceId":"usgs-pad-us-fee-managers","sourceUrl":"https://services.arcgis.com/v01gqwM5QqNysAAi/arcgis/rest/services/Fee_Managers_PADUS/FeatureServer/0","sourceUpdated":"2019-09-18T04:00:00.000Z","publicUse":"PAD-US reports open access; verify current manager conditions and restrictions.","unit":"CITY","origin":"public-catalog"}},{"type":"Feature","id":"usgs-pad-us-fee-managers:84958","geometry":{"type":"Polygon","coordinates":[[[-117.7555,33.5138],[-117.7547,33.5129],[-117.7552,33.5131],[-117.7557,33.5137],[-117.7555,33.5138]]]},"properties":{"id":"usgs-pad-us-fee-managers:84958","name":"Treasure Island Park","kind":"land","category":"public-land","sourceCategory":"public-land","sourceId":"usgs-pad-us-fee-managers","sourceUrl":"https://services.arcgis.com/v01gqwM5QqNysAAi/arcgis/rest/services/Fee_Managers_PADUS/FeatureServer/0","sourceUpdated":"2019-09-18T04:00:00.000Z","publicUse":"PAD-US reports open access; verify current manager conditions and restrictions.","unit":"CITY","origin":"public-catalog"}},{"type":"Feature","id":"usgs-pad-us-fee-managers:84959","geometry":{"type":"Polygon","coordinates":[[[-120.7613,37.7891],[-120.7626,37.7883],[-120.7647,37.7903],[-120.7646,37.7906],[-120.7624,37.7903],[-120.7617,37.7899],[-120.7613,37.7891]]]},"properties":{"id":"usgs-pad-us-fee-managers:84959","name":"Orange Blossom Recreation Area","kind":"land","category":"public-land","sourceCategory":"public-land","sourceId":"usgs-pad-us-fee-managers","sourceUrl":"https://services.arcgis.com/v01gqwM5QqNysAAi/arcgis/rest/services/Fee_Managers_PADUS/FeatureServer/0","sourceUpdated":"2019-09-18T04:00:00.000Z","publicUse":"PAD-US reports open access; verify current manager conditions and restrictions.","unit":"CITY","origin":"public-catalog"}},{"type":"Feature","id":"usgs-pad-us-fee-managers:84960","geometry":{"type":"Polygon","coordinates":[[[-120.8066,37.7869],[-120.804,37.7866],[-120.804,37.7869],[-120.8028,37.7867],[-120.8027,37.7863],[-120.8012,37.7864],[-120.7993,37.7872],[-120.7981,37.7873],[-120.798,37.7871],[-120.7999,37.7858],[-120.8026,37.785],[-120.8047,37.7848],[-120.8067,37.7853],[-120.8066,37.7869]]]},"properties":{"id":"usgs-pad-us-fee-managers:84960","name":"Valley Oak Recreation Area","kind":"land","category":"public-land","sourceCategory":"public-land","sourceId":"usgs-pad-us-fee-managers","sourceUrl":"https://services.arcgis.com/v01gqwM5QqNysAAi/arcgis/rest/services/Fee_Managers_PADUS/FeatureServer/0","sourceUpdated":"2019-09-18T04:00:00.000Z","publicUse":"PAD-US reports open access; verify current manager conditions and restrictions.","unit":"CITY","origin":"public-catalog"}},{"type":"Feature","id":"usgs-pad-us-fee-managers:84961","geometry":{"type":"Polygon","coordinates":[[[-122.6011,38.2401],[-122.6014,38.2398],[-122.6018,38.24],[-122.6015,38.2403],[-122.6011,38.2401]]]},"properties":{"id":"usgs-pad-us-fee-managers:84961","name":"Crinella Mini Park","kind":"land","category":"public-land","sourceCategory":"public-land","sourceId":"usgs-pad-us-fee-managers","sourceUrl":"https://services.arcgis.com/v01gqwM5QqNysAAi/arcgis/rest/services/Fee_Managers_PADUS/FeatureServer/0","sourceUpdated":"2019-09-18T04:00:00.000Z","publicUse":"PAD-US reports open access; verify current manager conditions and restrictions.","unit":"CITY","origin":"public-catalog"}},{"type":"Feature","id":"usgs-pad-us-fee-managers:84962","geometry":{"type":"Polygon","coordinates":[[[-122.5862,38.238],[-122.5895,38.2344],[-122.5898,38.2345],[-122.5889,38.2356],[-122.5891,38.2357],[-122.5889,38.2356],[-122.5866,38.2382],[-122.5862,38.238]]]},"properties":{"id":"usgs-pad-us-fee-managers:84962","name":"Southgate","kind":"land","category":"public-land","sourceCategory":"public-land","sourceId":"usgs-pad-us-fee-managers","sourceUrl":"https://services.arcgis.com/v01gqwM5QqNysAAi/arcgis/rest/services/Fee_Managers_PADUS/FeatureServer/0","sourceUpdated":"2019-09-18T04:00:00.000Z","publicUse":"PAD-US reports open access; verify current manager conditions and restrictions.","unit":"CITY","origin":"public-catalog"}},{"type":"Feature","id":"usgs-pad-us-fee-managers:84963","geometry":{"type":"Polygon","coordinates":[[[-116.4211,33.742],[-116.4224,33.7404],[-116.4234,33.7416],[-116.423,33.7422],[-116.4219,33.7424],[-116.4211,33.742]]]},"properties":{"id":"usgs-pad-us-fee-managers:84963","name":"Blixseth Mountain Park","kind":"land","category":"public-land","sourceCategory":"public-land","sourceId":"usgs-pad-us-fee-managers","sourceUrl":"https://services.arcgis.com/v01gqwM5QqNysAAi/arcgis/rest/services/Fee_Managers_PADUS/FeatureServer/0","sourceUpdated":"2019-09-18T04:00:00.000Z","publicUse":"PAD-US reports open access; verify current manager conditions and restrictions.","unit":"CITY","origin":"public-catalog"}},{"type":"Feature","id":"usgs-pad-us-fee-managers:84964","geometry":{"type":"MultiPolygon","coordinates":[[[[-117.0393,32.5416],[-117.0391,32.5416],[-117.04,32.5415],[-117.0393,32.5416]]],[[[-117.0409,32.5415],[-117.0555,32.5402],[-117.0626,32.5396],[-117.0409,32.5415]]],[[[-117.0627,32.5396],[-117.0627,32.5396],[-117.0668,32.5393],[-117.0627,32.5396]]],[[[-117.1204,32.5347],[-117.1232,32.5344],[-117.1232,32.5344],[-117.1204,32.5347]]]]},"properties":{"id":"usgs-pad-us-fee-managers:84964","name":"Tijuana River Valley","kind":"land","category":"public-land","sourceCategory":"public-land","sourceId":"usgs-pad-us-fee-managers","sourceUrl":"https://services.arcgis.com/v01gqwM5QqNysAAi/arcgis/rest/services/Fee_Managers_PADUS/FeatureServer/0","sourceUpdated":"2019-09-18T04:00:00.000Z","publicUse":"PAD-US reports restricted access; confirm permits and seasonal rules with the manager.","unit":"CITY","origin":"public-catalog"}},{"type":"Feature","id":"usgs-pad-us-fee-managers:84965","geometry":{"type":"MultiPolygon","coordinates":[[[[-117.0463,32.6745],[-117.0466,32.6758],[-117.046,32.6759],[-117.0457,32.6748],[-117.0463,32.6745]]],[[[-117.0483,32.6761],[-117.0467,32.6761],[-117.0482,32.6759],[-117.0483,32.6756],[-117.0483,32.6761]]]]},"properties":{"id":"usgs-pad-us-fee-managers:84965","name":"Penn Elementary","kind":"land","category":"public-land","sourceCategory":"public-land","sourceId":"usgs-pad-us-fee-managers","sourceUrl":"https://services.arcgis.com/v01gqwM5QqNysAAi/arcgis/rest/services/Fee_Managers_PADUS/FeatureServer/0","sourceUpdated":"2019-09-18T04:00:00.000Z","publicUse":"PAD-US reports open access; verify current manager conditions and restrictions.","unit":"CITY","origin":"public-catalog"}},{"type":"Feature","id":"usgs-pad-us-fee-managers:84966","geometry":{"type":"Polygon","coordinates":[[[-117.005,32.5675],[-117.005,32.5672],[-117.0053,32.5676],[-117.0053,32.568],[-117.005,32.5675]]]},"properties":{"id":"usgs-pad-us-fee-managers:84966","name":"Otay Mesa Os","kind":"land","category":"public-land","sourceCategory":"public-land","sourceId":"usgs-pad-us-fee-managers","sourceUrl":"https://services.arcgis.com/v01gqwM5QqNysAAi/arcgis/rest/services/Fee_Managers_PADUS/FeatureServer/0","sourceUpdated":"2019-09-18T04:00:00.000Z","publicUse":"PAD-US reports open access; verify current manager conditions and restrictions.","unit":"CITY","origin":"public-catalog"}},{"type":"Feature","id":"usgs-pad-us-fee-managers:84967","geometry":{"type":"Polygon","coordinates":[[[-122.1872,37.6908],[-122.1861,37.6911],[-122.1856,37.6915],[-122.185,37.6909],[-122.1855,37.6905],[-122.1865,37.6901],[-122.1876,37.6902],[-122.1889,37.691],[-122.1902,37.6933],[-122.1916,37.6938],[-122.1918,37.6942],[-122.1916,37.6944],[-122.1902,37.6949],[-122.1896,37.6948],[-122.1897,37.6942],[-122.1883,37.6916],[-122.1872,37.6908]]]},"properties":{"id":"usgs-pad-us-fee-managers:84967","name":"Par Course","kind":"land","category":"public-land","sourceCategory":"public-land","sourceId":"usgs-pad-us-fee-managers","sourceUrl":"https://services.arcgis.com/v01gqwM5QqNysAAi/arcgis/rest/services/Fee_Managers_PADUS/FeatureServer/0","sourceUpdated":"2019-09-18T04:00:00.000Z","publicUse":"PAD-US reports open access; verify current manager conditions and restrictions.","unit":"CITY","origin":"public-catalog"}},{"type":"Feature","id":"usgs-pad-us-fee-managers:86183","geometry":{"type":"Polygon","coordinates":[[[-121.8399,37.3745],[-121.8395,37.3738],[-121.8416,37.3724],[-121.8429,37.3741],[-121.8425,37.3743],[-121.8423,37.3738],[-121.8409,37.3745],[-121.8418,37.3757],[-121.8414,37.3761],[-121.841,37.376],[-121.8399,37.3745]]]},"properties":{"id":"usgs-pad-us-fee-managers:86183","name":"Sheppard Middle School Track & Field","kind":"land","category":"public-land","sourceCategory":"public-land","sourceId":"usgs-pad-us-fee-managers","sourceUrl":"https://services.arcgis.com/v01gqwM5QqNysAAi/arcgis/rest/services/Fee_Managers_PADUS/FeatureServer/0","sourceUpdated":"2022-02-23T05:00:00.000Z","publicUse":"PAD-US reports open access; verify current manager conditions and restrictions.","unit":"REG","origin":"public-catalog"}},{"type":"Feature","id":"usgs-pad-us-fee-managers:86506","geometry":{"type":"MultiPolygon","coordinates":[[[[-123.4016,39.4169],[-123.4019,39.4166],[-123.4022,39.4171],[-123.4024,39.4171],[-123.4021,39.4175],[-123.4018,39.4174],[-123.4016,39.4169]]],[[[-123.4048,39.417],[-123.4049,39.4166],[-123.4054,39.4166],[-123.4051,39.4171],[-123.4048,39.417]]],[[[-123.4035,39.418],[-123.4038,39.418],[-123.4035,39.4183],[-123.4032,39.4182],[-123.4035,39.418]]],[[[-123.4074,39.4175],[-123.4075,39.4172],[-123.4082,39.4171],[-123.4079,39.4178],[-123.4074,39.4175]]],[[[-123.4067,39.418],[-123.4069,39.4175],[-123.4071,39.4176],[-123.407,39.4181],[-123.4067,39.418]]],[[[-123.4043,39.4183],[-123.4046,39.4184],[-123.4041,39.4189],[-123.4039,39.4187],[-123.4043,39.4183]]],[[[-123.4024,39.4205],[-123.4019,39.4203],[-123.4032,39.4198],[-123.4034,39.4202],[-123.4024,39.4205]]],[[[-123.404,39.4204],[-123.4043,39.4204],[-123.4043,39.4208],[-123.404,39.4207],[-123.404,39.4204]]],[[[-123.4054,39.4209],[-123.406,39.4208],[-123.406,39.421],[-123.4054,39.4209]]],[[[-123.4013,39.4217],[-123.4018,39.4217],[-123.4016,39.422],[-123.4013,39.4217]]],[[[-123.3904,39.4267],[-123.3901,39.4268],[-123.3902,39.4265],[-123.3905,39.4265],[-123.3904,39.4267]]],[[[-123.3998,39.4301],[-123.4001,39.4299],[-123.4004,39.4301],[-123.3998,39.4301]]],[[[-123.376,39.446],[-123.3764,39.4461],[-123.3762,39.4463],[-123.376,39.446]]],[[[-123.3969,39.4418],[-123.3972,39.4417],[-123.397,39.442],[-123.3968,39.442],[-123.3969,39.4418]]],[[[-123.4084,39.4412],[-123.4088,39.4414],[-123.4086,39.4416],[-123.4084,39.4412]]],[[[-123.4137,39.4435],[-123.4138,39.443],[-123.4141,39.4431],[-123.4139,39.4436],[-123.4137,39.4435]]],[[[-123.415,39.4437],[-123.4156,39.4438],[-123.4151,39.444],[-123.4148,39.4438],[-123.415,39.4437]]],[[[-123.4169,39.4451],[-123.4171,39.4446],[-123.4173,39.4447],[-123.4173,39.445],[-123.4169,39.4451]]],[[[-123.4197,39.4468],[-123.4189,39.4465],[-123.4194,39.4461],[-123.4199,39.4463],[-123.4197,39.4468]]],[[[-123.4197,39.4468],[-123.4204,39.4469],[-123.4197,39.447],[-123.4197,39.4468]]],[[[-123.4206,39.448],[-123.4201,39.4476],[-123.4207,39.4475],[-123.4213,39.4477],[-123.4206,39.448]]],[[[-123.4252,39.4472],[-123.4255,39.4476],[-123.4254,39.4477],[-123.4249,39.4474],[-123.4252,39.4472]]],[[[-123.4202,39.4486],[-123.4205,39.4488],[-123.4201,39.4491],[-123.4198,39.4489],[-123.4202,39.4486]]],[[[-123.4182,39.4495],[-123.4184,39.4493],[-123.4187,39.4496],[-123.4186,39.4498],[-123.4182,39.4495]]],[[[-123.4238,39.4484],[-123.4237,39.4481],[-123.4244,39.4481],[-123.4244,39.4484],[-123.424,39.4483],[-123.4239,39.4486],[-123.4238,39.4484]]],[[[-123.4258,39.4476],[-123.4262,39.4474],[-123.4263,39.4479],[-123.4268,39.448],[-123.4264,39.4481],[-123.4258,39.4476]]],[[[-123.4195,39.4491],[-123.42,39.4493],[-123.4191,39.4501],[-123.4187,39.4499],[-123.4195,39.4491]]],[[[-123.3814,39.4586],[-123.382,39.4586],[-123.3816,39.4589],[-123.3814,39.4586]]],[[[-123.3806,39.4588],[-123.3812,39.4587],[-123.3813,39.459],[-123.3807,39.4592],[-123.3806,39.4588]]],[[[-123.3814,39.459],[-123.3815,39.4594],[-123.3812,39.4594],[-123.381,39.4592],[-123.3814,39.459]]],[[[-123.4041,39.4583],[-123.4045,39.4583],[-123.4046,39.4586],[-123.4041,39.4587],[-123.4041,39.4583]]],[[[-123.4111,39.4638],[-123.4109,39.4564],[-123.4157,39.4568],[-123.4155,39.462],[-123.4158,39.462],[-123.4155,39.4641],[-123.4111,39.4638]]]]},"properties":{"id":"usgs-pad-us-fee-managers:86506","name":"Brookstrail Greenbelt","kind":"land","category":"public-land","sourceCategory":"public-land","sourceId":"usgs-pad-us-fee-managers","sourceUrl":"https://services.arcgis.com/v01gqwM5QqNysAAi/arcgis/rest/services/Fee_Managers_PADUS/FeatureServer/0","sourceUpdated":"2023-05-15T04:00:00.000Z","publicUse":"PAD-US reports open access; verify current manager conditions and restrictions.","unit":"REG","origin":"public-catalog"}},{"type":"Feature","id":"usgs-pad-us-fee-managers:86507","geometry":{"type":"Polygon","coordinates":[[[-123.3798,39.4304],[-123.3779,39.4304],[-123.3783,39.4296],[-123.3776,39.4287],[-123.3797,39.4287],[-123.3798,39.4304]]]},"properties":{"id":"usgs-pad-us-fee-managers:86507","name":"Unnamed Site - Brooktrails Community Services District","kind":"land","category":"public-land","sourceCategory":"public-land","sourceId":"usgs-pad-us-fee-managers","sourceUrl":"https://services.arcgis.com/v01gqwM5QqNysAAi/arcgis/rest/services/Fee_Managers_PADUS/FeatureServer/0","sourceUpdated":"2021-04-19T04:00:00.000Z","publicUse":"PAD-US reports open access; verify current manager conditions and restrictions.","unit":"REG","origin":"public-catalog"}},{"type":"Feature","id":"usgs-pad-us-fee-managers:86578","geometry":{"type":"Polygon","coordinates":[[[-122.3957,37.7299],[-122.3961,37.7299],[-122.3959,37.7311],[-122.3955,37.7311],[-122.3957,37.7299]]]},"properties":{"id":"usgs-pad-us-fee-managers:86578","name":"Florence Fang Asian Community Garden","kind":"land","category":"public-land","sourceCategory":"public-land","sourceId":"usgs-pad-us-fee-managers","sourceUrl":"https://services.arcgis.com/v01gqwM5QqNysAAi/arcgis/rest/services/Fee_Managers_PADUS/FeatureServer/0","sourceUpdated":"2023-05-15T04:00:00.000Z","publicUse":"PAD-US reports open access; verify current manager conditions and restrictions.","unit":"REG","origin":"public-catalog"}},{"type":"Feature","id":"usgs-pad-us-fee-managers:86605","geometry":{"type":"Polygon","coordinates":[[[-121.3247,38.6132],[-121.3248,38.6115],[-121.3273,38.6115],[-121.3272,38.6123],[-121.3257,38.6123],[-121.3256,38.6132],[-121.3247,38.6132]]]},"properties":{"id":"usgs-pad-us-fee-managers:86605","name":"Capra Park Site","kind":"land","category":"public-land","sourceCategory":"public-land","sourceId":"usgs-pad-us-fee-managers","sourceUrl":"https://services.arcgis.com/v01gqwM5QqNysAAi/arcgis/rest/services/Fee_Managers_PADUS/FeatureServer/0","sourceUpdated":"2023-05-15T04:00:00.000Z","publicUse":"PAD-US reports open access; verify current manager conditions and restrictions.","unit":"REG","origin":"public-catalog"}},{"type":"Feature","id":"usgs-pad-us-fee-managers:86751","geometry":{"type":"MultiPolygon","coordinates":[[[[-117.6986,33.9753],[-117.6962,33.9731],[-117.6986,33.9733],[-117.6986,33.9753]]],[[[-117.6986,33.9753],[-117.6986,33.9753],[-117.6986,33.9753],[-117.6986,33.9753]]],[[[-117.6986,33.9753],[-117.6986,33.9753],[-117.6986,33.9752],[-117.6986,33.9753]]]]},"properties":{"id":"usgs-pad-us-fee-managers:86751","name":"Los Serranos Park","kind":"land","category":"public-land","sourceCategory":"public-land","sourceId":"usgs-pad-us-fee-managers","sourceUrl":"https://services.arcgis.com/v01gqwM5QqNysAAi/arcgis/rest/services/Fee_Managers_PADUS/FeatureServer/0","sourceUpdated":"2020-12-08T05:00:00.000Z","publicUse":"PAD-US reports open access; verify current manager conditions and restrictions.","unit":"CITY","origin":"public-catalog"}},{"type":"Feature","id":"usgs-pad-us-fee-managers:86755","geometry":{"type":"Polygon","coordinates":[[[-118.5688,34.1857],[-118.5708,34.1858],[-118.5708,34.187],[-118.5679,34.186],[-118.5688,34.1857]]]},"properties":{"id":"usgs-pad-us-fee-managers:86755","name":"Southern California Baseball","kind":"land","category":"public-land","sourceCategory":"public-land","sourceId":"usgs-pad-us-fee-managers","sourceUrl":"https://services.arcgis.com/v01gqwM5QqNysAAi/arcgis/rest/services/Fee_Managers_PADUS/FeatureServer/0","sourceUpdated":"2023-05-15T04:00:00.000Z","publicUse":"PAD-US reports open access; verify current manager conditions and restrictions.","unit":"REG","origin":"public-catalog"}},{"type":"Feature","id":"usgs-pad-us-fee-managers:86891","geometry":{"type":"Polygon","coordinates":[[[-116.3188,33.8965],[-116.3188,33.8892],[-116.3275,33.8893],[-116.3275,33.8929],[-116.3319,33.8929],[-116.3319,33.8893],[-116.3331,33.8893],[-116.3363,33.891],[-116.3363,33.9038],[-116.3232,33.9038],[-116.3232,33.8965],[-116.3188,33.8965]]]},"properties":{"id":"usgs-pad-us-fee-managers:86891","name":"Coachella Valley Association Of Governments Reserve","kind":"land","category":"public-land","sourceCategory":"public-land","sourceId":"usgs-pad-us-fee-managers","sourceUrl":"https://services.arcgis.com/v01gqwM5QqNysAAi/arcgis/rest/services/Fee_Managers_PADUS/FeatureServer/0","sourceUpdated":"2023-05-15T04:00:00.000Z","publicUse":"PAD-US reports open access; verify current manager conditions and restrictions.","unit":"REG","origin":"public-catalog"}},{"type":"Feature","id":"usgs-pad-us-fee-managers:86901","geometry":{"type":"Polygon","coordinates":[[[-119.1024,35.7942],[-119.1025,35.793],[-119.1068,35.7949],[-119.1062,35.7958],[-119.1024,35.7942]]]},"properties":{"id":"usgs-pad-us-fee-managers:86901","name":"Unknown Park","kind":"land","category":"public-land","sourceCategory":"public-land","sourceId":"usgs-pad-us-fee-managers","sourceUrl":"https://services.arcgis.com/v01gqwM5QqNysAAi/arcgis/rest/services/Fee_Managers_PADUS/FeatureServer/0","sourceUpdated":"2023-05-15T04:00:00.000Z","publicUse":"PAD-US reports open access; verify current manager conditions and restrictions.","unit":"REG","origin":"public-catalog"}},{"type":"Feature","id":"usgs-pad-us-fee-managers:86902","geometry":{"type":"Polygon","coordinates":[[[-119.1042,35.8021],[-119.1047,35.8014],[-119.1064,35.8021],[-119.106,35.8028],[-119.1042,35.8021]]]},"properties":{"id":"usgs-pad-us-fee-managers:86902","name":"Richgrove Park","kind":"land","category":"public-land","sourceCategory":"public-land","sourceId":"usgs-pad-us-fee-managers","sourceUrl":"https://services.arcgis.com/v01gqwM5QqNysAAi/arcgis/rest/services/Fee_Managers_PADUS/FeatureServer/0","sourceUpdated":"2021-04-19T04:00:00.000Z","publicUse":"PAD-US reports open access; verify current manager conditions and restrictions.","unit":"REG","origin":"public-catalog"}},{"type":"Feature","id":"usgs-pad-us-fee-managers:87210","geometry":{"type":"Polygon","coordinates":[[[-121.8011,39.6483],[-121.8008,39.6475],[-121.8004,39.6473],[-121.8003,39.647],[-121.8011,39.6469],[-121.8015,39.6475],[-121.8017,39.6482],[-121.8011,39.6483]]]},"properties":{"id":"usgs-pad-us-fee-managers:87210","name":"Louis Edwards Park","kind":"land","category":"public-land","sourceCategory":"public-land","sourceId":"usgs-pad-us-fee-managers","sourceUrl":"https://services.arcgis.com/v01gqwM5QqNysAAi/arcgis/rest/services/Fee_Managers_PADUS/FeatureServer/0","sourceUpdated":"2023-05-15T04:00:00.000Z","publicUse":"PAD-US reports open access; verify current manager conditions and restrictions.","unit":"REG","origin":"public-catalog"}},{"type":"Feature","id":"usgs-pad-us-fee-managers:87212","geometry":{"type":"Polygon","coordinates":[[[-121.269,38.0213],[-121.269,38.0214],[-121.2589,38.0283],[-121.269,38.0213]]]},"properties":{"id":"usgs-pad-us-fee-managers:87212","name":"Bike Path1","kind":"land","category":"public-land","sourceCategory":"public-land","sourceId":"usgs-pad-us-fee-managers","sourceUrl":"https://services.arcgis.com/v01gqwM5QqNysAAi/arcgis/rest/services/Fee_Managers_PADUS/FeatureServer/0","sourceUpdated":"2023-05-15T04:00:00.000Z","publicUse":"PAD-US reports open access; verify current manager conditions and restrictions.","unit":"REG","origin":"public-catalog"}},{"type":"Feature","id":"usgs-pad-us-fee-managers:87213","geometry":{"type":"MultiPolygon","coordinates":[[[[-121.353,37.9777],[-121.3384,37.9845],[-121.3126,37.991],[-121.2996,37.9999],[-121.3126,37.991],[-121.3384,37.9844],[-121.353,37.9777]]],[[[-121.2919,38.0051],[-121.2868,38.009],[-121.2838,38.011],[-121.2919,38.0051]]]]},"properties":{"id":"usgs-pad-us-fee-managers:87213","name":"March Lane Bike Path","kind":"land","category":"public-land","sourceCategory":"public-land","sourceId":"usgs-pad-us-fee-managers","sourceUrl":"https://services.arcgis.com/v01gqwM5QqNysAAi/arcgis/rest/services/Fee_Managers_PADUS/FeatureServer/0","sourceUpdated":"2023-05-15T04:00:00.000Z","publicUse":"PAD-US reports open access; verify current manager conditions and restrictions.","unit":"REG","origin":"public-catalog"}},{"type":"Feature","id":"usgs-pad-us-fee-managers:87234","geometry":{"type":"Polygon","coordinates":[[[-120.5562,38.7397],[-120.5562,38.7324],[-120.5513,38.7323],[-120.5514,38.7357],[-120.5394,38.7355],[-120.5368,38.7339],[-120.5361,38.7347],[-120.537,38.7354],[-120.5389,38.7355],[-120.5336,38.739],[-120.5286,38.7393],[-120.5282,38.7345],[-120.5236,38.7346],[-120.5234,38.7326],[-120.5333,38.7319],[-120.5329,38.7252],[-120.5354,38.7178],[-120.5482,38.7172],[-120.5514,38.7159],[-120.5516,38.7097],[-120.5612,38.7099],[-120.5611,38.7134],[-120.5703,38.7137],[-120.5702,38.7117],[-120.5748,38.7118],[-120.5752,38.7138],[-120.574,38.7137],[-120.5738,38.7158],[-120.5728,38.7158],[-120.5726,38.7171],[-120.5746,38.7195],[-120.5749,38.7202],[-120.5704,38.7235],[-120.5703,38.7243],[-120.5697,38.7249],[-120.57,38.7261],[-120.5688,38.7259],[-120.5658,38.7281],[-120.5655,38.7356],[-120.567,38.7357],[-120.5632,38.7378],[-120.5629,38.7378],[-120.5629,38.7371],[-120.5621,38.7368],[-120.5604,38.7373],[-120.5609,38.7392],[-120.5562,38.7397]]]},"properties":{"id":"usgs-pad-us-fee-managers:87234","name":"Sly Park","kind":"land","category":"public-land","sourceCategory":"public-land","sourceId":"usgs-pad-us-fee-managers","sourceUrl":"https://services.arcgis.com/v01gqwM5QqNysAAi/arcgis/rest/services/Fee_Managers_PADUS/FeatureServer/0","sourceUpdated":"2023-05-15T04:00:00.000Z","publicUse":"PAD-US reports open access; verify current manager conditions and restrictions.","unit":"REG","origin":"public-catalog"}},{"type":"Feature","id":"usgs-pad-us-fee-managers:87294","geometry":{"type":"MultiPolygon","coordinates":[[[[-121.2681,38.6417],[-121.2677,38.6414],[-121.2683,38.6415],[-121.2681,38.6417]]],[[[-121.2685,38.6418],[-121.2682,38.6419],[-121.2685,38.6416],[-121.2688,38.6418],[-121.2685,38.6418]]],[[[-121.2675,38.6423],[-121.2674,38.6421],[-121.2677,38.6421],[-121.2675,38.6423]]],[[[-121.2678,38.6427],[-121.2676,38.6424],[-121.2679,38.6421],[-121.269,38.6421],[-121.2689,38.6427],[-121.2678,38.6427]]]]},"properties":{"id":"usgs-pad-us-fee-managers:87294","name":"Village Park","kind":"land","category":"public-land","sourceCategory":"public-land","sourceId":"usgs-pad-us-fee-managers","sourceUrl":"https://services.arcgis.com/v01gqwM5QqNysAAi/arcgis/rest/services/Fee_Managers_PADUS/FeatureServer/0","sourceUpdated":"2023-05-15T04:00:00.000Z","publicUse":"PAD-US reports open access; verify current manager conditions and restrictions.","unit":"REG","origin":"public-catalog"}},{"type":"Feature","id":"usgs-pad-us-fee-managers:87366","geometry":{"type":"Polygon","coordinates":[[[-121.7238,37.9375],[-121.7238,37.9355],[-121.7246,37.9356],[-121.725,37.936],[-121.7271,37.9368],[-121.7271,37.9376],[-121.7238,37.9375]]]},"properties":{"id":"usgs-pad-us-fee-managers:87366","name":"Fairview Basin","kind":"land","category":"public-land","sourceCategory":"public-land","sourceId":"usgs-pad-us-fee-managers","sourceUrl":"https://services.arcgis.com/v01gqwM5QqNysAAi/arcgis/rest/services/Fee_Managers_PADUS/FeatureServer/0","sourceUpdated":"2021-11-19T05:00:00.000Z","publicUse":"PAD-US reports open access; verify current manager conditions and restrictions.","unit":"CITY","origin":"public-catalog"}},{"type":"Feature","id":"usgs-pad-us-fee-managers:88030","geometry":{"type":"MultiPolygon","coordinates":[[[[-122.0952,37.6748],[-122.0949,37.6746],[-122.095,37.6744],[-122.0952,37.6748]]],[[[-122.0952,37.6748],[-122.0952,37.6749],[-122.0952,37.6748],[-122.0952,37.6748]]]]},"properties":{"id":"usgs-pad-us-fee-managers:88030","name":"Sunset Park","kind":"land","category":"public-land","sourceCategory":"public-land","sourceId":"usgs-pad-us-fee-managers","sourceUrl":"https://services.arcgis.com/v01gqwM5QqNysAAi/arcgis/rest/services/Fee_Managers_PADUS/FeatureServer/0","sourceUpdated":"2021-06-28T04:00:00.000Z","publicUse":"PAD-US reports open access; verify current manager conditions and restrictions.","unit":"REG","origin":"public-catalog"}},{"type":"Feature","id":"usgs-pad-us-fee-managers:88031","geometry":{"type":"MultiPolygon","coordinates":[[[[-122.1169,37.6779],[-122.1163,37.6771],[-122.1172,37.6767],[-122.118,37.6774],[-122.1169,37.6779]]],[[[-122.1169,37.6779],[-122.1169,37.6779],[-122.1169,37.6779],[-122.1169,37.6779]]]]},"properties":{"id":"usgs-pad-us-fee-managers:88031","name":"Via Toledo Park","kind":"land","category":"public-land","sourceCategory":"public-land","sourceId":"usgs-pad-us-fee-managers","sourceUrl":"https://services.arcgis.com/v01gqwM5QqNysAAi/arcgis/rest/services/Fee_Managers_PADUS/FeatureServer/0","sourceUpdated":"2021-06-28T04:00:00.000Z","publicUse":"PAD-US reports open access; verify current manager conditions and restrictions.","unit":"REG","origin":"public-catalog"}},{"type":"Feature","id":"usgs-pad-us-fee-managers:88053","geometry":{"type":"Polygon","coordinates":[[[-117.2509,34.4566],[-117.2509,34.4539],[-117.2518,34.4539],[-117.2521,34.4545],[-117.2549,34.4567],[-117.2509,34.4566]]]},"properties":{"id":"usgs-pad-us-fee-managers:88053","name":"Mojave River Junction","kind":"land","category":"public-land","sourceCategory":"public-land","sourceId":"usgs-pad-us-fee-managers","sourceUrl":"https://services.arcgis.com/v01gqwM5QqNysAAi/arcgis/rest/services/Fee_Managers_PADUS/FeatureServer/0","sourceUpdated":"2023-05-15T04:00:00.000Z","publicUse":"PAD-US does not report an access classification; verify with the land manager.","unit":"REG","origin":"public-catalog"}},{"type":"Feature","id":"usgs-pad-us-fee-managers:88273","geometry":{"type":"MultiPolygon","coordinates":[[[[-117.7757,33.6493],[-117.7748,33.6494],[-117.774,33.6499],[-117.7738,33.6492],[-117.774,33.6486],[-117.7748,33.6484],[-117.7754,33.6477],[-117.7761,33.6474],[-117.7769,33.6485],[-117.7772,33.6494],[-117.7766,33.6502],[-117.7762,33.6503],[-117.7761,33.6496],[-117.7757,33.6493]]],[[[-117.777,33.6489],[-117.7763,33.648],[-117.7755,33.6482],[-117.7754,33.6486],[-117.7758,33.6488],[-117.7757,33.649],[-117.777,33.6489]]],[[[-117.8192,33.6623],[-117.8193,33.6618],[-117.8199,33.6619],[-117.8202,33.6616],[-117.8199,33.6626],[-117.8191,33.6625],[-117.8192,33.6623]]]]},"properties":{"id":"usgs-pad-us-fee-managers:88273","name":"Joint-Use - Alderwood Basic Plus","kind":"land","category":"public-land","sourceCategory":"public-land","sourceId":"usgs-pad-us-fee-managers","sourceUrl":"https://services.arcgis.com/v01gqwM5QqNysAAi/arcgis/rest/services/Fee_Managers_PADUS/FeatureServer/0","sourceUpdated":"2022-02-23T05:00:00.000Z","publicUse":"PAD-US reports open access; verify current manager conditions and restrictions.","unit":"CITY","origin":"public-catalog"}},{"type":"Feature","id":"usgs-pad-us-fee-managers:88274","geometry":{"type":"Polygon","coordinates":[[[-117.7362,33.6891],[-117.7331,33.688],[-117.7339,33.6866],[-117.7368,33.6876],[-117.7365,33.6888],[-117.7362,33.6891]],[[-117.736,33.6889],[-117.7361,33.6887],[-117.7365,33.6888],[-117.7366,33.6878],[-117.7348,33.687],[-117.7343,33.688],[-117.7337,33.6879],[-117.7335,33.6881],[-117.7357,33.6886],[-117.7356,33.6888],[-117.736,33.6889]]]},"properties":{"id":"usgs-pad-us-fee-managers:88274","name":"Joint-Use - Beacon Park Elem. School","kind":"land","category":"public-land","sourceCategory":"public-land","sourceId":"usgs-pad-us-fee-managers","sourceUrl":"https://services.arcgis.com/v01gqwM5QqNysAAi/arcgis/rest/services/Fee_Managers_PADUS/FeatureServer/0","sourceUpdated":"2022-02-23T05:00:00.000Z","publicUse":"PAD-US reports open access; verify current manager conditions and restrictions.","unit":"CITY","origin":"public-catalog"}},{"type":"Feature","id":"usgs-pad-us-fee-managers:88275","geometry":{"type":"MultiPolygon","coordinates":[[[[-117.8139,33.633],[-117.8125,33.6344],[-117.8117,33.6342],[-117.812,33.6335],[-117.8122,33.634],[-117.8125,33.6342],[-117.8132,33.6334],[-117.8132,33.6331],[-117.8121,33.6331],[-117.8122,33.6328],[-117.8139,33.633]]],[[[-117.8139,33.633],[-117.8143,33.633],[-117.814,33.6349],[-117.8125,33.6344],[-117.8133,33.6343],[-117.8131,33.6338],[-117.8139,33.633]]]]},"properties":{"id":"usgs-pad-us-fee-managers:88275","name":"Joint-Use - Bonita Canyon Elementary School","kind":"land","category":"public-land","sourceCategory":"public-land","sourceId":"usgs-pad-us-fee-managers","sourceUrl":"https://services.arcgis.com/v01gqwM5QqNysAAi/arcgis/rest/services/Fee_Managers_PADUS/FeatureServer/0","sourceUpdated":"2022-02-23T05:00:00.000Z","publicUse":"PAD-US reports open access; verify current manager conditions and restrictions.","unit":"CITY","origin":"public-catalog"}},{"type":"Feature","id":"usgs-pad-us-fee-managers:88276","geometry":{"type":"Polygon","coordinates":[[[-117.7223,33.6795],[-117.7231,33.6806],[-117.7243,33.6813],[-117.7236,33.6825],[-117.7219,33.6818],[-117.7215,33.6813],[-117.7219,33.6795],[-117.7218,33.6798],[-117.7216,33.6798],[-117.7221,33.6793],[-117.7223,33.6795]],[[-117.7221,33.6816],[-117.7227,33.6818],[-117.7225,33.6813],[-117.723,33.6813],[-117.7231,33.6807],[-117.7228,33.6803],[-117.7223,33.6804],[-117.7222,33.6796],[-117.722,33.6796],[-117.7216,33.6805],[-117.7217,33.6811],[-117.7221,33.6816]],[[-117.7222,33.6796],[-117.7222,33.6796],[-117.7223,33.6795],[-117.7222,33.6796]]]},"properties":{"id":"usgs-pad-us-fee-managers:88276","name":"Joint-Use - Cadence Park Elem. School","kind":"land","category":"public-land","sourceCategory":"public-land","sourceId":"usgs-pad-us-fee-managers","sourceUrl":"https://services.arcgis.com/v01gqwM5QqNysAAi/arcgis/rest/services/Fee_Managers_PADUS/FeatureServer/0","sourceUpdated":"2022-02-23T05:00:00.000Z","publicUse":"PAD-US reports open access; verify current manager conditions and restrictions.","unit":"CITY","origin":"public-catalog"}},{"type":"Feature","id":"usgs-pad-us-fee-managers:88277","geometry":{"type":"Polygon","coordinates":[[[-117.754,33.7274],[-117.7535,33.7272],[-117.7537,33.7266],[-117.753,33.7265],[-117.7533,33.7257],[-117.7559,33.7263],[-117.7555,33.7277],[-117.754,33.7274]],[[-117.7548,33.7267],[-117.7535,33.7261],[-117.7535,33.7263],[-117.7538,33.7264],[-117.7537,33.727],[-117.754,33.7273],[-117.7547,33.7272],[-117.7548,33.7267]]]},"properties":{"id":"usgs-pad-us-fee-managers:88277","name":"Joint-Use - Canyon View Elementary School","kind":"land","category":"public-land","sourceCategory":"public-land","sourceId":"usgs-pad-us-fee-managers","sourceUrl":"https://services.arcgis.com/v01gqwM5QqNysAAi/arcgis/rest/services/Fee_Managers_PADUS/FeatureServer/0","sourceUpdated":"2022-02-23T05:00:00.000Z","publicUse":"PAD-US reports open access; verify current manager conditions and restrictions.","unit":"CITY","origin":"public-catalog"}},{"type":"Feature","id":"usgs-pad-us-fee-managers:88278","geometry":{"type":"Polygon","coordinates":[[[-117.8204,33.6918],[-117.8196,33.6912],[-117.8191,33.6915],[-117.8173,33.6899],[-117.8185,33.6887],[-117.8226,33.6915],[-117.8211,33.6925],[-117.8204,33.6918]],[[-117.8213,33.691],[-117.8204,33.6904],[-117.8203,33.6905],[-117.8205,33.6906],[-117.8203,33.6909],[-117.8199,33.6907],[-117.8196,33.6911],[-117.8204,33.6918],[-117.8213,33.691]],[[-117.8196,33.6896],[-117.8185,33.6889],[-117.8175,33.6899],[-117.8179,33.6902],[-117.8184,33.6897],[-117.8191,33.6901],[-117.8196,33.6896]]]},"properties":{"id":"usgs-pad-us-fee-managers:88278","name":"Joint-Use - Creekside High School","kind":"land","category":"public-land","sourceCategory":"public-land","sourceId":"usgs-pad-us-fee-managers","sourceUrl":"https://services.arcgis.com/v01gqwM5QqNysAAi/arcgis/rest/services/Fee_Managers_PADUS/FeatureServer/0","sourceUpdated":"2022-02-23T05:00:00.000Z","publicUse":"PAD-US reports open access; verify current manager conditions and restrictions.","unit":"CITY","origin":"public-catalog"}},{"type":"Feature","id":"usgs-pad-us-fee-managers:88279","geometry":{"type":"Polygon","coordinates":[[[-117.8218,33.6765],[-117.8203,33.6754],[-117.8208,33.6744],[-117.8232,33.6752],[-117.8218,33.6765]],[[-117.8221,33.6757],[-117.822,33.6755],[-117.8222,33.6753],[-117.8225,33.6756],[-117.8228,33.6756],[-117.8226,33.6751],[-117.8217,33.6752],[-117.8219,33.6759],[-117.8222,33.6759],[-117.8221,33.6757]]]},"properties":{"id":"usgs-pad-us-fee-managers:88279","name":"Joint-Use - Culverdale Elementary School","kind":"land","category":"public-land","sourceCategory":"public-land","sourceId":"usgs-pad-us-fee-managers","sourceUrl":"https://services.arcgis.com/v01gqwM5QqNysAAi/arcgis/rest/services/Fee_Managers_PADUS/FeatureServer/0","sourceUpdated":"2022-02-23T05:00:00.000Z","publicUse":"PAD-US reports open access; verify current manager conditions and restrictions.","unit":"CITY","origin":"public-catalog"}},{"type":"Feature","id":"usgs-pad-us-fee-managers:88280","geometry":{"type":"MultiPolygon","coordinates":[[[[-117.7921,33.6792],[-117.7921,33.6792],[-117.7921,33.6792],[-117.7921,33.6792]]],[[[-117.7921,33.6792],[-117.7929,33.6792],[-117.7923,33.6785],[-117.7917,33.6788],[-117.7921,33.6792],[-117.7916,33.679],[-117.7929,33.6776],[-117.794,33.6782],[-117.7925,33.6797],[-117.7923,33.6795],[-117.7928,33.6793],[-117.7921,33.6792]]]]},"properties":{"id":"usgs-pad-us-fee-managers:88280","name":"Joint-Use - Eastshore Elementary School","kind":"land","category":"public-land","sourceCategory":"public-land","sourceId":"usgs-pad-us-fee-managers","sourceUrl":"https://services.arcgis.com/v01gqwM5QqNysAAi/arcgis/rest/services/Fee_Managers_PADUS/FeatureServer/0","sourceUpdated":"2022-02-23T05:00:00.000Z","publicUse":"PAD-US reports open access; verify current manager conditions and restrictions.","unit":"CITY","origin":"public-catalog"}},{"type":"Feature","id":"usgs-pad-us-fee-managers:88281","geometry":{"type":"Polygon","coordinates":[[[-117.7606,33.6949],[-117.7596,33.6942],[-117.7618,33.692],[-117.7639,33.6932],[-117.7616,33.6956],[-117.7606,33.6949]],[[-117.7607,33.6947],[-117.7618,33.6939],[-117.7607,33.6933],[-117.7599,33.6941],[-117.7607,33.6947]],[[-117.7619,33.6928],[-117.7625,33.6931],[-117.7628,33.6928],[-117.7622,33.6924],[-117.7619,33.6928]]]},"properties":{"id":"usgs-pad-us-fee-managers:88281","name":"Joint-Use - Jeffrey Trail Middle School","kind":"land","category":"public-land","sourceCategory":"public-land","sourceId":"usgs-pad-us-fee-managers","sourceUrl":"https://services.arcgis.com/v01gqwM5QqNysAAi/arcgis/rest/services/Fee_Managers_PADUS/FeatureServer/0","sourceUpdated":"2022-02-23T05:00:00.000Z","publicUse":"PAD-US reports open access; verify current manager conditions and restrictions.","unit":"CITY","origin":"public-catalog"}},{"type":"Feature","id":"usgs-pad-us-fee-managers:88282","geometry":{"type":"Polygon","coordinates":[[[-117.7954,33.6854],[-117.7944,33.6849],[-117.7939,33.6854],[-117.7934,33.6851],[-117.7939,33.6847],[-117.7931,33.6842],[-117.7942,33.683],[-117.7964,33.6844],[-117.7954,33.6854]],[[-117.7956,33.684],[-117.7947,33.6843],[-117.7945,33.6849],[-117.7951,33.6851],[-117.7958,33.6849],[-117.7962,33.6844],[-117.7956,33.684]]]},"properties":{"id":"usgs-pad-us-fee-managers:88282","name":"Joint-Use - Lakeside Middle School","kind":"land","category":"public-land","sourceCategory":"public-land","sourceId":"usgs-pad-us-fee-managers","sourceUrl":"https://services.arcgis.com/v01gqwM5QqNysAAi/arcgis/rest/services/Fee_Managers_PADUS/FeatureServer/0","sourceUpdated":"2022-02-23T05:00:00.000Z","publicUse":"PAD-US reports open access; verify current manager conditions and restrictions.","unit":"CITY","origin":"public-catalog"}},{"type":"Feature","id":"usgs-pad-us-fee-managers:88283","geometry":{"type":"Polygon","coordinates":[[[-117.7034,33.6968],[-117.7021,33.6965],[-117.7029,33.6955],[-117.7031,33.6947],[-117.705,33.6946],[-117.7055,33.6949],[-117.7045,33.6958],[-117.7041,33.6971],[-117.7034,33.6968]],[[-117.7044,33.6959],[-117.7032,33.6955],[-117.7029,33.6963],[-117.7041,33.6966],[-117.7044,33.6959]]]},"properties":{"id":"usgs-pad-us-fee-managers:88283","name":"Joint-Use - Loma Ridge Elem. School","kind":"land","category":"public-land","sourceCategory":"public-land","sourceId":"usgs-pad-us-fee-managers","sourceUrl":"https://services.arcgis.com/v01gqwM5QqNysAAi/arcgis/rest/services/Fee_Managers_PADUS/FeatureServer/0","sourceUpdated":"2022-02-23T05:00:00.000Z","publicUse":"PAD-US reports open access; verify current manager conditions and restrictions.","unit":"CITY","origin":"public-catalog"}},{"type":"Feature","id":"usgs-pad-us-fee-managers:88284","geometry":{"type":"Polygon","coordinates":[[[-117.8097,33.6718],[-117.8081,33.672],[-117.8084,33.6697],[-117.8107,33.6699],[-117.8106,33.6706],[-117.8099,33.6705],[-117.8097,33.6718]],[[-117.8096,33.6712],[-117.8083,33.6712],[-117.8082,33.6719],[-117.8096,33.6718],[-117.8096,33.6712]],[[-117.8097,33.671],[-117.8098,33.671],[-117.8099,33.6705],[-117.8085,33.6707],[-117.8097,33.671]]]},"properties":{"id":"usgs-pad-us-fee-managers:88284","name":"Joint-Use - Meadow Park Elementary","kind":"land","category":"public-land","sourceCategory":"public-land","sourceId":"usgs-pad-us-fee-managers","sourceUrl":"https://services.arcgis.com/v01gqwM5QqNysAAi/arcgis/rest/services/Fee_Managers_PADUS/FeatureServer/0","sourceUpdated":"2022-02-23T05:00:00.000Z","publicUse":"PAD-US reports open access; verify current manager conditions and restrictions.","unit":"CITY","origin":"public-catalog"}},{"type":"Feature","id":"usgs-pad-us-fee-managers:88285","geometry":{"type":"Polygon","coordinates":[[[-117.7697,33.7056],[-117.7705,33.7048],[-117.7699,33.7054],[-117.7694,33.705],[-117.7689,33.705],[-117.7698,33.7041],[-117.7697,33.7038],[-117.7699,33.704],[-117.7706,33.7033],[-117.7716,33.704],[-117.7699,33.7057],[-117.7697,33.7056]],[[-117.7697,33.7046],[-117.7695,33.7045],[-117.7693,33.7049],[-117.77,33.7052],[-117.7702,33.7049],[-117.7697,33.7046]]]},"properties":{"id":"usgs-pad-us-fee-managers:88285","name":"Joint-Use - Northwood Elementary School","kind":"land","category":"public-land","sourceCategory":"public-land","sourceId":"usgs-pad-us-fee-managers","sourceUrl":"https://services.arcgis.com/v01gqwM5QqNysAAi/arcgis/rest/services/Fee_Managers_PADUS/FeatureServer/0","sourceUpdated":"2022-02-23T05:00:00.000Z","publicUse":"PAD-US reports open access; verify current manager conditions and restrictions.","unit":"CITY","origin":"public-catalog"}},{"type":"Feature","id":"usgs-pad-us-fee-managers:88286","geometry":{"type":"Polygon","coordinates":[[[-117.8067,33.6918],[-117.8051,33.6906],[-117.8062,33.6895],[-117.8087,33.6912],[-117.8067,33.6918]],[[-117.8072,33.6903],[-117.8067,33.6906],[-117.8069,33.691],[-117.8064,33.6914],[-117.8066,33.6916],[-117.8076,33.6915],[-117.8084,33.6911],[-117.8072,33.6903]]]},"properties":{"id":"usgs-pad-us-fee-managers:88286","name":"Joint-Use - Plaza Vista K-8","kind":"land","category":"public-land","sourceCategory":"public-land","sourceId":"usgs-pad-us-fee-managers","sourceUrl":"https://services.arcgis.com/v01gqwM5QqNysAAi/arcgis/rest/services/Fee_Managers_PADUS/FeatureServer/0","sourceUpdated":"2022-02-23T05:00:00.000Z","publicUse":"PAD-US reports open access; verify current manager conditions and restrictions.","unit":"CITY","origin":"public-catalog"}},{"type":"Feature","id":"usgs-pad-us-fee-managers:88287","geometry":{"type":"Polygon","coordinates":[[[-117.7117,33.693],[-117.7127,33.6932],[-117.7128,33.6937],[-117.7126,33.6947],[-117.7119,33.6956],[-117.71,33.695],[-117.7103,33.6934],[-117.7111,33.6929],[-117.7117,33.693]],[[-117.7122,33.6948],[-117.7126,33.6946],[-117.7126,33.6933],[-117.712,33.6931],[-117.711,33.6934],[-117.7109,33.694],[-117.7112,33.6944],[-117.7122,33.6948]]]},"properties":{"id":"usgs-pad-us-fee-managers:88287","name":"Joint-Use - Portola Springs Elem. School","kind":"land","category":"public-land","sourceCategory":"public-land","sourceId":"usgs-pad-us-fee-managers","sourceUrl":"https://services.arcgis.com/v01gqwM5QqNysAAi/arcgis/rest/services/Fee_Managers_PADUS/FeatureServer/0","sourceUpdated":"2022-02-23T05:00:00.000Z","publicUse":"PAD-US reports open access; verify current manager conditions and restrictions.","unit":"CITY","origin":"public-catalog"}},{"type":"Feature","id":"usgs-pad-us-fee-managers:88288","geometry":{"type":"Polygon","coordinates":[[[-117.7575,33.7192],[-117.7574,33.7189],[-117.7582,33.7182],[-117.7585,33.7182],[-117.759,33.718],[-117.7589,33.7178],[-117.7598,33.7187],[-117.7593,33.7194],[-117.7591,33.7203],[-117.7575,33.7192]],[[-117.7591,33.7188],[-117.7593,33.7183],[-117.7586,33.7182],[-117.7585,33.7186],[-117.7591,33.7188]]]},"properties":{"id":"usgs-pad-us-fee-managers:88288","name":"Joint-Use - Santiago Hills Elementary School","kind":"land","category":"public-land","sourceCategory":"public-land","sourceId":"usgs-pad-us-fee-managers","sourceUrl":"https://services.arcgis.com/v01gqwM5QqNysAAi/arcgis/rest/services/Fee_Managers_PADUS/FeatureServer/0","sourceUpdated":"2022-02-23T05:00:00.000Z","publicUse":"PAD-US reports open access; verify current manager conditions and restrictions.","unit":"CITY","origin":"public-catalog"}},{"type":"Feature","id":"usgs-pad-us-fee-managers:88289","geometry":{"type":"Polygon","coordinates":[[[-117.8084,33.6696],[-117.8086,33.6683],[-117.8088,33.6683],[-117.8089,33.6693],[-117.8098,33.6693],[-117.8098,33.6689],[-117.8107,33.6691],[-117.8105,33.6698],[-117.8084,33.6696]]]},"properties":{"id":"usgs-pad-us-fee-managers:88289","name":"Joint-Use - South Lake Middle School","kind":"land","category":"public-land","sourceCategory":"public-land","sourceId":"usgs-pad-us-fee-managers","sourceUrl":"https://services.arcgis.com/v01gqwM5QqNysAAi/arcgis/rest/services/Fee_Managers_PADUS/FeatureServer/0","sourceUpdated":"2022-02-23T05:00:00.000Z","publicUse":"PAD-US reports open access; verify current manager conditions and restrictions.","unit":"CITY","origin":"public-catalog"}},{"type":"Feature","id":"usgs-pad-us-fee-managers:88290","geometry":{"type":"Polygon","coordinates":[[[-117.7989,33.6703],[-117.7973,33.6699],[-117.7978,33.6685],[-117.8005,33.6692],[-117.8003,33.6699],[-117.7991,33.6696],[-117.7989,33.6703]],[[-117.7989,33.67],[-117.7991,33.6691],[-117.7978,33.6688],[-117.7975,33.6698],[-117.7989,33.67]]]},"properties":{"id":"usgs-pad-us-fee-managers:88290","name":"Joint-Use - Springbrook Elementary","kind":"land","category":"public-land","sourceCategory":"public-land","sourceId":"usgs-pad-us-fee-managers","sourceUrl":"https://services.arcgis.com/v01gqwM5QqNysAAi/arcgis/rest/services/Fee_Managers_PADUS/FeatureServer/0","sourceUpdated":"2022-02-23T05:00:00.000Z","publicUse":"PAD-US reports open access; verify current manager conditions and restrictions.","unit":"CITY","origin":"public-catalog"}},{"type":"Feature","id":"usgs-pad-us-fee-managers:88291","geometry":{"type":"Polygon","coordinates":[[[-117.8029,33.6853],[-117.8016,33.6842],[-117.8024,33.6833],[-117.8036,33.6841],[-117.8029,33.6853]],[[-117.8031,33.6846],[-117.8025,33.6843],[-117.8021,33.6845],[-117.8028,33.6851],[-117.8031,33.6846]]]},"properties":{"id":"usgs-pad-us-fee-managers:88291","name":"Joint-Use - Stonecreek Elementary School","kind":"land","category":"public-land","sourceCategory":"public-land","sourceId":"usgs-pad-us-fee-managers","sourceUrl":"https://services.arcgis.com/v01gqwM5QqNysAAi/arcgis/rest/services/Fee_Managers_PADUS/FeatureServer/0","sourceUpdated":"2022-02-23T05:00:00.000Z","publicUse":"PAD-US reports open access; verify current manager conditions and restrictions.","unit":"CITY","origin":"public-catalog"}},{"type":"Feature","id":"usgs-pad-us-fee-managers:88292","geometry":{"type":"Polygon","coordinates":[[[-117.8243,33.6544],[-117.8223,33.6546],[-117.8214,33.6531],[-117.8242,33.6524],[-117.8253,33.6518],[-117.8265,33.6537],[-117.825,33.6544],[-117.8243,33.6544]],[[-117.8235,33.6539],[-117.8235,33.6539],[-117.8221,33.6529],[-117.8235,33.6539]],[[-117.8238,33.6541],[-117.8238,33.6541],[-117.8243,33.6544],[-117.8238,33.6541]]]},"properties":{"id":"usgs-pad-us-fee-managers:88292","name":"Joint-Use - University High School","kind":"land","category":"public-land","sourceCategory":"public-land","sourceId":"usgs-pad-us-fee-managers","sourceUrl":"https://services.arcgis.com/v01gqwM5QqNysAAi/arcgis/rest/services/Fee_Managers_PADUS/FeatureServer/0","sourceUpdated":"2022-02-23T05:00:00.000Z","publicUse":"PAD-US reports open access; verify current manager conditions and restrictions.","unit":"CITY","origin":"public-catalog"}},{"type":"Feature","id":"usgs-pad-us-fee-managers:88293","geometry":{"type":"Polygon","coordinates":[[[-117.7892,33.6908],[-117.7894,33.6906],[-117.7916,33.6922],[-117.7916,33.6926],[-117.7904,33.6938],[-117.7878,33.692],[-117.7874,33.6915],[-117.7889,33.6911],[-117.7892,33.6908]]]},"properties":{"id":"usgs-pad-us-fee-managers:88293","name":"Joint-Use - Venado Middle School","kind":"land","category":"public-land","sourceCategory":"public-land","sourceId":"usgs-pad-us-fee-managers","sourceUrl":"https://services.arcgis.com/v01gqwM5QqNysAAi/arcgis/rest/services/Fee_Managers_PADUS/FeatureServer/0","sourceUpdated":"2022-02-23T05:00:00.000Z","publicUse":"PAD-US reports open access; verify current manager conditions and restrictions.","unit":"CITY","origin":"public-catalog"}},{"type":"Feature","id":"usgs-pad-us-fee-managers:88294","geometry":{"type":"MultiPolygon","coordinates":[[[[-117.8265,33.6316],[-117.8263,33.6317],[-117.8262,33.6314],[-117.8264,33.6304],[-117.8274,33.6279],[-117.8287,33.6281],[-117.8279,33.6314],[-117.8265,33.6316]]],[[[-117.8279,33.6295],[-117.8273,33.6292],[-117.8269,33.6297],[-117.827,33.6299],[-117.8268,33.6301],[-117.8274,33.6306],[-117.8278,33.6304],[-117.8281,33.6298],[-117.8279,33.6295]]],[[[-117.8129,33.6332],[-117.8132,33.6331],[-117.8131,33.6334],[-117.8127,33.634],[-117.8132,33.6342],[-117.8131,33.6343],[-117.8125,33.6342],[-117.8121,33.6338],[-117.8122,33.6336],[-117.8129,33.6332]]]]},"properties":{"id":"usgs-pad-us-fee-managers:88294","name":"Joint-Use - Vista Verde K-8 Elementary School","kind":"land","category":"public-land","sourceCategory":"public-land","sourceId":"usgs-pad-us-fee-managers","sourceUrl":"https://services.arcgis.com/v01gqwM5QqNysAAi/arcgis/rest/services/Fee_Managers_PADUS/FeatureServer/0","sourceUpdated":"2022-02-23T05:00:00.000Z","publicUse":"PAD-US reports open access; verify current manager conditions and restrictions.","unit":"CITY","origin":"public-catalog"}},{"type":"Feature","id":"usgs-pad-us-fee-managers:88295","geometry":{"type":"MultiPolygon","coordinates":[[[[-117.8282,33.6798],[-117.8282,33.6798],[-117.8282,33.6798],[-117.8282,33.6798]]],[[[-117.8282,33.6798],[-117.8283,33.6799],[-117.8281,33.6801],[-117.8282,33.6798]]],[[[-117.8279,33.6803],[-117.8281,33.6801],[-117.8281,33.6801],[-117.8279,33.6803]]],[[[-117.8282,33.6798],[-117.8271,33.679],[-117.8267,33.6794],[-117.8269,33.6794],[-117.8279,33.6803],[-117.8274,33.6809],[-117.8258,33.6795],[-117.8264,33.6791],[-117.8272,33.679],[-117.828,33.6793],[-117.8275,33.6792],[-117.8282,33.6798]]]]},"properties":{"id":"usgs-pad-us-fee-managers:88295","name":"Joint-Use - Westpark Elementary School","kind":"land","category":"public-land","sourceCategory":"public-land","sourceId":"usgs-pad-us-fee-managers","sourceUrl":"https://services.arcgis.com/v01gqwM5QqNysAAi/arcgis/rest/services/Fee_Managers_PADUS/FeatureServer/0","sourceUpdated":"2022-02-23T05:00:00.000Z","publicUse":"PAD-US reports open access; verify current manager conditions and restrictions.","unit":"CITY","origin":"public-catalog"}},{"type":"Feature","id":"usgs-pad-us-fee-managers:88296","geometry":{"type":"Polygon","coordinates":[[[-117.806,33.6777],[-117.8065,33.6773],[-117.8082,33.6783],[-117.8092,33.6791],[-117.808,33.6804],[-117.8059,33.6798],[-117.8046,33.679],[-117.806,33.6777]],[[-117.8069,33.6801],[-117.8073,33.6802],[-117.8074,33.6799],[-117.807,33.6798],[-117.8069,33.6801]],[[-117.8076,33.6801],[-117.8081,33.6801],[-117.8089,33.6792],[-117.8083,33.6788],[-117.8073,33.6798],[-117.8076,33.6801]],[[-117.8054,33.6785],[-117.8047,33.679],[-117.8067,33.68],[-117.8076,33.6794],[-117.8071,33.6789],[-117.8077,33.6781],[-117.8064,33.6774],[-117.8054,33.6785]]]},"properties":{"id":"usgs-pad-us-fee-managers:88296","name":"Joint-Use - Woodbridge High School","kind":"land","category":"public-land","sourceCategory":"public-land","sourceId":"usgs-pad-us-fee-managers","sourceUrl":"https://services.arcgis.com/v01gqwM5QqNysAAi/arcgis/rest/services/Fee_Managers_PADUS/FeatureServer/0","sourceUpdated":"2022-02-23T05:00:00.000Z","publicUse":"PAD-US reports open access; verify current manager conditions and restrictions.","unit":"CITY","origin":"public-catalog"}},{"type":"Feature","id":"usgs-pad-us-fee-managers:88297","geometry":{"type":"Polygon","coordinates":[[[-117.7508,33.6978],[-117.7488,33.6964],[-117.7496,33.6956],[-117.7499,33.6955],[-117.7518,33.6968],[-117.7508,33.6978]],[[-117.7508,33.6961],[-117.7501,33.6956],[-117.7495,33.6958],[-117.7495,33.6961],[-117.7492,33.6961],[-117.7496,33.6968],[-117.75,33.6965],[-117.7503,33.6967],[-117.7508,33.6961]]]},"properties":{"id":"usgs-pad-us-fee-managers:88297","name":"Joint-Use - Woodbury Elementary School","kind":"land","category":"public-land","sourceCategory":"public-land","sourceId":"usgs-pad-us-fee-managers","sourceUrl":"https://services.arcgis.com/v01gqwM5QqNysAAi/arcgis/rest/services/Fee_Managers_PADUS/FeatureServer/0","sourceUpdated":"2022-02-23T05:00:00.000Z","publicUse":"PAD-US reports open access; verify current manager conditions and restrictions.","unit":"CITY","origin":"public-catalog"}},{"type":"Feature","id":"usgs-pad-us-fee-managers:88306","geometry":{"type":"Polygon","coordinates":[[[-117.7127,33.6688],[-117.7134,33.6676],[-117.7145,33.668],[-117.7141,33.6692],[-117.7127,33.6688]]]},"properties":{"id":"usgs-pad-us-fee-managers:88306","name":"Joint-Use -Cadence Park K-8","kind":"land","category":"public-land","sourceCategory":"public-land","sourceId":"usgs-pad-us-fee-managers","sourceUrl":"https://services.arcgis.com/v01gqwM5QqNysAAi/arcgis/rest/services/Fee_Managers_PADUS/FeatureServer/0","sourceUpdated":"2023-02-20T05:00:00.000Z","publicUse":"PAD-US reports open access; verify current manager conditions and restrictions.","unit":"CITY","origin":"public-catalog"}},{"type":"Feature","id":"usgs-pad-us-fee-managers:88307","geometry":{"type":"Polygon","coordinates":[[[-117.7112,33.6738],[-117.7119,33.6731],[-117.7135,33.6728],[-117.7145,33.674],[-117.713,33.6751],[-117.7112,33.6738]]]},"properties":{"id":"usgs-pad-us-fee-managers:88307","name":"Joint-Use -Portola Hills High School","kind":"land","category":"public-land","sourceCategory":"public-land","sourceId":"usgs-pad-us-fee-managers","sourceUrl":"https://services.arcgis.com/v01gqwM5QqNysAAi/arcgis/rest/services/Fee_Managers_PADUS/FeatureServer/0","sourceUpdated":"2023-02-20T05:00:00.000Z","publicUse":"PAD-US reports open access; verify current manager conditions and restrictions.","unit":"CITY","origin":"public-catalog"}},{"type":"Feature","id":"usgs-pad-us-fee-managers:88381","geometry":{"type":"Polygon","coordinates":[[[-117.5974,33.9391],[-117.5965,33.9382],[-117.599,33.9384],[-117.599,33.9392],[-117.5974,33.9391]]]},"properties":{"id":"usgs-pad-us-fee-managers:88381","name":"Half Moon Park","kind":"land","category":"public-land","sourceCategory":"public-land","sourceId":"usgs-pad-us-fee-managers","sourceUrl":"https://services.arcgis.com/v01gqwM5QqNysAAi/arcgis/rest/services/Fee_Managers_PADUS/FeatureServer/0","sourceUpdated":"2020-12-08T05:00:00.000Z","publicUse":"PAD-US reports open access; verify current manager conditions and restrictions.","unit":"REG","origin":"public-catalog"}},{"type":"Feature","id":"usgs-pad-us-fee-managers:88382","geometry":{"type":"Polygon","coordinates":[[[-117.5981,33.9655],[-117.5972,33.9657],[-117.5971,33.9653],[-117.5963,33.9653],[-117.5963,33.9641],[-117.5979,33.9638],[-117.599,33.9643],[-117.5989,33.9651],[-117.5986,33.9655],[-117.5981,33.9655]]]},"properties":{"id":"usgs-pad-us-fee-managers:88382","name":"Deer Creek Park","kind":"land","category":"public-land","sourceCategory":"public-land","sourceId":"usgs-pad-us-fee-managers","sourceUrl":"https://services.arcgis.com/v01gqwM5QqNysAAi/arcgis/rest/services/Fee_Managers_PADUS/FeatureServer/0","sourceUpdated":"2023-05-15T04:00:00.000Z","publicUse":"PAD-US reports open access; verify current manager conditions and restrictions.","unit":"REG","origin":"public-catalog"}},{"type":"Feature","id":"usgs-pad-us-fee-managers:88428","geometry":{"type":"Polygon","coordinates":[[[-118.3044,34.0707],[-118.3048,34.0705],[-118.3049,34.0699],[-118.3054,34.0699],[-118.3054,34.0703],[-118.3051,34.0703],[-118.3051,34.0708],[-118.3044,34.0707]]]},"properties":{"id":"usgs-pad-us-fee-managers:88428","name":"Cahuenga Elementary Community School Park","kind":"land","category":"public-land","sourceCategory":"public-land","sourceId":"usgs-pad-us-fee-managers","sourceUrl":"https://services.arcgis.com/v01gqwM5QqNysAAi/arcgis/rest/services/Fee_Managers_PADUS/FeatureServer/0","sourceUpdated":"2021-04-19T04:00:00.000Z","publicUse":"PAD-US reports open access; verify current manager conditions and restrictions.","unit":"REG","origin":"public-catalog"}},{"type":"Feature","id":"usgs-pad-us-fee-managers:88429","geometry":{"type":"Polygon","coordinates":[[[-118.2855,34.0518],[-118.2855,34.0514],[-118.2867,34.0514],[-118.2863,34.0515],[-118.2864,34.0523],[-118.2855,34.0523],[-118.2855,34.0518]]]},"properties":{"id":"usgs-pad-us-fee-managers:88429","name":"Leo Politi Elementary Community School Park","kind":"land","category":"public-land","sourceCategory":"public-land","sourceId":"usgs-pad-us-fee-managers","sourceUrl":"https://services.arcgis.com/v01gqwM5QqNysAAi/arcgis/rest/services/Fee_Managers_PADUS/FeatureServer/0","sourceUpdated":"2021-04-19T04:00:00.000Z","publicUse":"PAD-US reports open access; verify current manager conditions and restrictions.","unit":"REG","origin":"public-catalog"}},{"type":"Feature","id":"usgs-pad-us-fee-managers:88430","geometry":{"type":"Polygon","coordinates":[[[-118.2523,33.983],[-118.2523,33.9822],[-118.2555,33.9822],[-118.2555,33.9829],[-118.2523,33.983]]]},"properties":{"id":"usgs-pad-us-fee-managers:88430","name":"South Region High School No.15","kind":"land","category":"public-land","sourceCategory":"public-land","sourceId":"usgs-pad-us-fee-managers","sourceUrl":"https://services.arcgis.com/v01gqwM5QqNysAAi/arcgis/rest/services/Fee_Managers_PADUS/FeatureServer/0","sourceUpdated":"2023-05-15T04:00:00.000Z","publicUse":"PAD-US reports open access; verify current manager conditions and restrictions.","unit":"REG","origin":"public-catalog"}},{"type":"Feature","id":"usgs-pad-us-fee-managers:88431","geometry":{"type":"Polygon","coordinates":[[[-117.8061,33.853],[-117.8061,33.8513],[-117.8065,33.8513],[-117.8068,33.8508],[-117.8079,33.8506],[-117.8094,33.8508],[-117.8094,33.8535],[-117.8061,33.854],[-117.8061,33.853]]]},"properties":{"id":"usgs-pad-us-fee-managers:88431","name":"Crescent Intermediate School","kind":"land","category":"public-land","sourceCategory":"public-land","sourceId":"usgs-pad-us-fee-managers","sourceUrl":"https://services.arcgis.com/v01gqwM5QqNysAAi/arcgis/rest/services/Fee_Managers_PADUS/FeatureServer/0","sourceUpdated":"2023-05-15T04:00:00.000Z","publicUse":"PAD-US reports open access; verify current manager conditions and restrictions.","unit":"JNT","origin":"public-catalog"}},{"type":"Feature","id":"usgs-pad-us-fee-managers:88432","geometry":{"type":"Polygon","coordinates":[[[-117.8046,33.854],[-117.8046,33.8513],[-117.8061,33.851],[-117.8061,33.854],[-117.8046,33.854]]]},"properties":{"id":"usgs-pad-us-fee-managers:88432","name":"Crescent Primary School","kind":"land","category":"public-land","sourceCategory":"public-land","sourceId":"usgs-pad-us-fee-managers","sourceUrl":"https://services.arcgis.com/v01gqwM5QqNysAAi/arcgis/rest/services/Fee_Managers_PADUS/FeatureServer/0","sourceUpdated":"2023-05-15T04:00:00.000Z","publicUse":"PAD-US reports open access; verify current manager conditions and restrictions.","unit":"JNT","origin":"public-catalog"}},{"type":"Feature","id":"usgs-pad-us-fee-managers:88433","geometry":{"type":"Polygon","coordinates":[[[-117.9516,33.8156],[-117.9531,33.8156],[-117.9531,33.8177],[-117.9516,33.8177],[-117.9516,33.8156]]]},"properties":{"id":"usgs-pad-us-fee-managers:88433","name":"Francis Scott Key Elem School","kind":"land","category":"public-land","sourceCategory":"public-land","sourceId":"usgs-pad-us-fee-managers","sourceUrl":"https://services.arcgis.com/v01gqwM5QqNysAAi/arcgis/rest/services/Fee_Managers_PADUS/FeatureServer/0","sourceUpdated":"2023-05-15T04:00:00.000Z","publicUse":"PAD-US reports open access; verify current manager conditions and restrictions.","unit":"JNT","origin":"public-catalog"}},{"type":"Feature","id":"usgs-pad-us-fee-managers:88434","geometry":{"type":"Polygon","coordinates":[[[-117.8979,33.7369],[-117.8961,33.7369],[-117.8961,33.7364],[-117.8981,33.7364],[-117.8981,33.7368],[-117.8979,33.7369]]]},"properties":{"id":"usgs-pad-us-fee-managers:88434","name":"Monte Vista Elementary School","kind":"land","category":"public-land","sourceCategory":"public-land","sourceId":"usgs-pad-us-fee-managers","sourceUrl":"https://services.arcgis.com/v01gqwM5QqNysAAi/arcgis/rest/services/Fee_Managers_PADUS/FeatureServer/0","sourceUpdated":"2023-05-15T04:00:00.000Z","publicUse":"PAD-US reports open access; verify current manager conditions and restrictions.","unit":"JNT","origin":"public-catalog"}},{"type":"Feature","id":"usgs-pad-us-fee-managers:88435","geometry":{"type":"Polygon","coordinates":[[[-118.4498,34.2164],[-118.4498,34.2162],[-118.4501,34.2162],[-118.4501,34.2164],[-118.4498,34.2164]]]},"properties":{"id":"usgs-pad-us-fee-managers:88435","name":"Panorama High School","kind":"land","category":"public-land","sourceCategory":"public-land","sourceId":"usgs-pad-us-fee-managers","sourceUrl":"https://services.arcgis.com/v01gqwM5QqNysAAi/arcgis/rest/services/Fee_Managers_PADUS/FeatureServer/0","sourceUpdated":"2023-05-15T04:00:00.000Z","publicUse":"PAD-US reports open access; verify current manager conditions and restrictions.","unit":"JNT","origin":"public-catalog"}},{"type":"Feature","id":"usgs-pad-us-fee-managers:88436","geometry":{"type":"Polygon","coordinates":[[[-118.5118,34.2592],[-118.5118,34.2585],[-118.5123,34.2585],[-118.5123,34.2592],[-118.5118,34.2592]]]},"properties":{"id":"usgs-pad-us-fee-managers:88436","name":"Patrick Henry Middle School","kind":"land","category":"public-land","sourceCategory":"public-land","sourceId":"usgs-pad-us-fee-managers","sourceUrl":"https://services.arcgis.com/v01gqwM5QqNysAAi/arcgis/rest/services/Fee_Managers_PADUS/FeatureServer/0","sourceUpdated":"2021-04-19T04:00:00.000Z","publicUse":"PAD-US reports open access; verify current manager conditions and restrictions.","unit":"JNT","origin":"public-catalog"}},{"type":"Feature","id":"usgs-pad-us-fee-managers:88437","geometry":{"type":"MultiPolygon","coordinates":[[[[-118.5291,34.1886],[-118.5291,34.1882],[-118.5296,34.1882],[-118.5299,34.1877],[-118.5306,34.188],[-118.5304,34.1882],[-118.5298,34.1882],[-118.5298,34.1886],[-118.5291,34.1886]]],[[[-118.5282,34.1901],[-118.5283,34.1893],[-118.5289,34.1894],[-118.5289,34.1901],[-118.5282,34.1901]]]]},"properties":{"id":"usgs-pad-us-fee-managers:88437","name":"Reseda Senior High School","kind":"land","category":"public-land","sourceCategory":"public-land","sourceId":"usgs-pad-us-fee-managers","sourceUrl":"https://services.arcgis.com/v01gqwM5QqNysAAi/arcgis/rest/services/Fee_Managers_PADUS/FeatureServer/0","sourceUpdated":"2023-05-15T04:00:00.000Z","publicUse":"PAD-US reports open access; verify current manager conditions and restrictions.","unit":"JNT","origin":"public-catalog"}},{"type":"Feature","id":"usgs-pad-us-fee-managers:88438","geometry":{"type":"Polygon","coordinates":[[[-118,33.8213],[-118,33.821],[-118.002,33.821],[-118.002,33.8224],[-118.0005,33.8224],[-118,33.8213]]]},"properties":{"id":"usgs-pad-us-fee-managers:88438","name":"Twila  Reid Elentary School","kind":"land","category":"public-land","sourceCategory":"public-land","sourceId":"usgs-pad-us-fee-managers","sourceUrl":"https://services.arcgis.com/v01gqwM5QqNysAAi/arcgis/rest/services/Fee_Managers_PADUS/FeatureServer/0","sourceUpdated":"2023-05-15T04:00:00.000Z","publicUse":"PAD-US reports open access; verify current manager conditions and restrictions.","unit":"JNT","origin":"public-catalog"}},{"type":"Feature","id":"usgs-pad-us-fee-managers:88439","geometry":{"type":"Polygon","coordinates":[[[-118.3275,34.0895],[-118.3268,34.0897],[-118.3268,34.0893],[-118.3276,34.0893],[-118.3276,34.0896],[-118.3275,34.0895]]]},"properties":{"id":"usgs-pad-us-fee-managers:88439","name":"Vine Street Elementary School","kind":"land","category":"public-land","sourceCategory":"public-land","sourceId":"usgs-pad-us-fee-managers","sourceUrl":"https://services.arcgis.com/v01gqwM5QqNysAAi/arcgis/rest/services/Fee_Managers_PADUS/FeatureServer/0","sourceUpdated":"2023-05-15T04:00:00.000Z","publicUse":"PAD-US reports open access; verify current manager conditions and restrictions.","unit":"JNT","origin":"public-catalog"}},{"type":"Feature","id":"usgs-pad-us-fee-managers:88440","geometry":{"type":"Polygon","coordinates":[[[-118.4211,34.1481],[-118.4214,34.1482],[-118.4224,34.1491],[-118.4211,34.1481]]]},"properties":{"id":"usgs-pad-us-fee-managers:88440","name":"Richard Lillard Outdoor Classroom","kind":"land","category":"public-land","sourceCategory":"public-land","sourceId":"usgs-pad-us-fee-managers","sourceUrl":"https://services.arcgis.com/v01gqwM5QqNysAAi/arcgis/rest/services/Fee_Managers_PADUS/FeatureServer/0","sourceUpdated":"2023-05-15T04:00:00.000Z","publicUse":"PAD-US reports open access; verify current manager conditions and restrictions.","unit":"REG","origin":"public-catalog"}},{"type":"Feature","id":"usgs-pad-us-fee-managers:88441","geometry":{"type":"Polygon","coordinates":[[[-118.4181,34.188],[-118.4173,34.1868],[-118.4182,34.187],[-118.4224,34.1932],[-118.4223,34.1938],[-118.4221,34.1938],[-118.4181,34.188]]]},"properties":{"id":"usgs-pad-us-fee-managers:88441","name":"Tujunga Wash Greenway Restoration","kind":"land","category":"public-land","sourceCategory":"public-land","sourceId":"usgs-pad-us-fee-managers","sourceUrl":"https://services.arcgis.com/v01gqwM5QqNysAAi/arcgis/rest/services/Fee_Managers_PADUS/FeatureServer/0","sourceUpdated":"2023-05-15T04:00:00.000Z","publicUse":"PAD-US reports open access; verify current manager conditions and restrictions.","unit":"REG","origin":"public-catalog"}},{"type":"Feature","id":"usgs-pad-us-fee-managers:88442","geometry":{"type":"Polygon","coordinates":[[[-121.8627,36.9377],[-121.8628,36.9375],[-121.8634,36.9375],[-121.8637,36.9378],[-121.8634,36.9382],[-121.8627,36.9377]]]},"properties":{"id":"usgs-pad-us-fee-managers:88442","name":"Florida Lawn","kind":"land","category":"public-land","sourceCategory":"public-land","sourceId":"usgs-pad-us-fee-managers","sourceUrl":"https://services.arcgis.com/v01gqwM5QqNysAAi/arcgis/rest/services/Fee_Managers_PADUS/FeatureServer/0","sourceUpdated":"2023-05-15T04:00:00.000Z","publicUse":"PAD-US reports open access; verify current manager conditions and restrictions.","unit":"REG","origin":"public-catalog"}},{"type":"Feature","id":"usgs-pad-us-fee-managers:88443","geometry":{"type":"MultiPolygon","coordinates":[[[[-121.8638,36.9379],[-121.8638,36.9378],[-121.8641,36.9379],[-121.8638,36.9379]]],[[[-121.8627,36.9388],[-121.8633,36.9386],[-121.8636,36.9381],[-121.8632,36.9387],[-121.8627,36.9388]]],[[[-121.8617,36.9394],[-121.8612,36.9392],[-121.8607,36.9395],[-121.8611,36.9392],[-121.8618,36.9392],[-121.8624,36.9389],[-121.8617,36.9394]]],[[[-121.8593,36.9403],[-121.8595,36.9401],[-121.8598,36.9403],[-121.8593,36.9405],[-121.8593,36.9403]]],[[[-121.8603,36.9403],[-121.8607,36.9396],[-121.8605,36.9403],[-121.8603,36.9403]]],[[[-121.8596,36.9404],[-121.86,36.9404],[-121.86,36.9408],[-121.8596,36.9404]]]]},"properties":{"id":"usgs-pad-us-fee-managers:88443","name":"Robin'S Park","kind":"land","category":"public-land","sourceCategory":"public-land","sourceId":"usgs-pad-us-fee-managers","sourceUrl":"https://services.arcgis.com/v01gqwM5QqNysAAi/arcgis/rest/services/Fee_Managers_PADUS/FeatureServer/0","sourceUpdated":"2023-05-15T04:00:00.000Z","publicUse":"PAD-US reports open access; verify current manager conditions and restrictions.","unit":"REG","origin":"public-catalog"}},{"type":"Feature","id":"usgs-pad-us-fee-managers:88444","geometry":{"type":"Polygon","coordinates":[[[-121.8609,36.9377],[-121.8613,36.9379],[-121.861,36.9381],[-121.8609,36.9377]]]},"properties":{"id":"usgs-pad-us-fee-managers:88444","name":"Triangle Park","kind":"land","category":"public-land","sourceCategory":"public-land","sourceId":"usgs-pad-us-fee-managers","sourceUrl":"https://services.arcgis.com/v01gqwM5QqNysAAi/arcgis/rest/services/Fee_Managers_PADUS/FeatureServer/0","sourceUpdated":"2023-05-15T04:00:00.000Z","publicUse":"PAD-US reports open access; verify current manager conditions and restrictions.","unit":"REG","origin":"public-catalog"}},{"type":"Feature","id":"usgs-pad-us-fee-managers:88445","geometry":{"type":"MultiPolygon","coordinates":[[[[-121.862,36.9334],[-121.8618,36.9343],[-121.8618,36.9338],[-121.862,36.9334]]],[[[-121.8632,36.9346],[-121.8643,36.9357],[-121.8643,36.9357],[-121.8632,36.9346]]]]},"properties":{"id":"usgs-pad-us-fee-managers:88445","name":"Unknown","kind":"land","category":"public-land","sourceCategory":"public-land","sourceId":"usgs-pad-us-fee-managers","sourceUrl":"https://services.arcgis.com/v01gqwM5QqNysAAi/arcgis/rest/services/Fee_Managers_PADUS/FeatureServer/0","sourceUpdated":"2023-05-15T04:00:00.000Z","publicUse":"PAD-US reports open access; verify current manager conditions and restrictions.","unit":"REG","origin":"public-catalog"}},{"type":"Feature","id":"usgs-pad-us-fee-managers:88680","geometry":{"type":"Polygon","coordinates":[[[-121.3011,38.0261],[-121.3028,38.0261],[-121.3027,38.028],[-121.3021,38.028],[-121.3021,38.0273],[-121.3016,38.0273],[-121.3016,38.0268],[-121.3011,38.0267],[-121.3011,38.0261]]]},"properties":{"id":"usgs-pad-us-fee-managers:88680","name":"Cortez Park Diamonds","kind":"land","category":"public-land","sourceCategory":"public-land","sourceId":"usgs-pad-us-fee-managers","sourceUrl":"https://services.arcgis.com/v01gqwM5QqNysAAi/arcgis/rest/services/Fee_Managers_PADUS/FeatureServer/0","sourceUpdated":"2022-02-05T05:00:00.000Z","publicUse":"PAD-US reports open access; verify current manager conditions and restrictions.","unit":"REG","origin":"public-catalog"}},{"type":"Feature","id":"usgs-pad-us-fee-managers:88681","geometry":{"type":"Polygon","coordinates":[[[-121.3285,38.0352],[-121.3283,38.035],[-121.3284,38.0348],[-121.3296,38.0349],[-121.3296,38.0347],[-121.3299,38.0347],[-121.3297,38.0339],[-121.3304,38.0338],[-121.3304,38.0355],[-121.3301,38.0352],[-121.3285,38.0352]]]},"properties":{"id":"usgs-pad-us-fee-managers:88681","name":"Dentoni Park Diamonds","kind":"land","category":"public-land","sourceCategory":"public-land","sourceId":"usgs-pad-us-fee-managers","sourceUrl":"https://services.arcgis.com/v01gqwM5QqNysAAi/arcgis/rest/services/Fee_Managers_PADUS/FeatureServer/0","sourceUpdated":"2022-02-05T05:00:00.000Z","publicUse":"PAD-US reports open access; verify current manager conditions and restrictions.","unit":"REG","origin":"public-catalog"}},{"type":"Feature","id":"usgs-pad-us-fee-managers:88682","geometry":{"type":"Polygon","coordinates":[[[-121.2953,38.0418],[-121.2952,38.0378],[-121.2975,38.0378],[-121.2976,38.0405],[-121.2982,38.0405],[-121.2983,38.0414],[-121.2992,38.0413],[-121.2992,38.042],[-121.2953,38.0418]]]},"properties":{"id":"usgs-pad-us-fee-managers:88682","name":"McNAIR FIELDS/GYM","kind":"land","category":"public-land","sourceCategory":"public-land","sourceId":"usgs-pad-us-fee-managers","sourceUrl":"https://services.arcgis.com/v01gqwM5QqNysAAi/arcgis/rest/services/Fee_Managers_PADUS/FeatureServer/0","sourceUpdated":"2022-02-05T05:00:00.000Z","publicUse":"PAD-US reports open access; verify current manager conditions and restrictions.","unit":"REG","origin":"public-catalog"}},{"type":"Feature","id":"usgs-pad-us-fee-managers:88713","geometry":{"type":"Polygon","coordinates":[[[-122.0935,37.3729],[-122.0936,37.3724],[-122.0955,37.3723],[-122.0955,37.373],[-122.0935,37.3729]]]},"properties":{"id":"usgs-pad-us-fee-managers:88713","name":"Springer School / Park","kind":"land","category":"public-land","sourceCategory":"public-land","sourceId":"usgs-pad-us-fee-managers","sourceUrl":"https://services.arcgis.com/v01gqwM5QqNysAAi/arcgis/rest/services/Fee_Managers_PADUS/FeatureServer/0","sourceUpdated":"2023-05-15T04:00:00.000Z","publicUse":"PAD-US reports open access; verify current manager conditions and restrictions.","unit":"CITY","origin":"public-catalog"}},{"type":"Feature","id":"usgs-pad-us-fee-managers:88751","geometry":{"type":"MultiPolygon","coordinates":[[[[-121.304,37.9055],[-121.3052,37.9052],[-121.3053,37.9055],[-121.3043,37.906],[-121.304,37.9055]]],[[[-121.3056,37.9051],[-121.307,37.9049],[-121.3083,37.9051],[-121.3083,37.9063],[-121.3058,37.9066],[-121.3056,37.9061],[-121.306,37.906],[-121.3056,37.9051]]]]},"properties":{"id":"usgs-pad-us-fee-managers:88751","name":"Weston Ranch Community Center/August Knodt Gym","kind":"land","category":"public-land","sourceCategory":"public-land","sourceId":"usgs-pad-us-fee-managers","sourceUrl":"https://services.arcgis.com/v01gqwM5QqNysAAi/arcgis/rest/services/Fee_Managers_PADUS/FeatureServer/0","sourceUpdated":"2022-02-05T05:00:00.000Z","publicUse":"PAD-US reports open access; verify current manager conditions and restrictions.","unit":"REG","origin":"public-catalog"}},{"type":"Feature","id":"usgs-pad-us-fee-managers:88752","geometry":{"type":"Polygon","coordinates":[[[-121.3032,37.9006],[-121.3035,37.8973],[-121.3062,37.8973],[-121.3062,37.8992],[-121.3048,37.8993],[-121.3048,37.9008],[-121.3055,37.9009],[-121.3055,37.902],[-121.3033,37.902],[-121.3032,37.9006]]]},"properties":{"id":"usgs-pad-us-fee-managers:88752","name":"Weston Ranch High School","kind":"land","category":"public-land","sourceCategory":"public-land","sourceId":"usgs-pad-us-fee-managers","sourceUrl":"https://services.arcgis.com/v01gqwM5QqNysAAi/arcgis/rest/services/Fee_Managers_PADUS/FeatureServer/0","sourceUpdated":"2022-02-05T05:00:00.000Z","publicUse":"PAD-US reports open access; verify current manager conditions and restrictions.","unit":"REG","origin":"public-catalog"}},{"type":"Feature","id":"usgs-pad-us-fee-managers:89160","geometry":{"type":"MultiPolygon","coordinates":[[[[-117.3427,34.1952],[-117.3436,34.1938],[-117.3438,34.1939],[-117.3429,34.1953],[-117.3427,34.1952]]],[[[-117.3415,34.1971],[-117.3427,34.1954],[-117.3428,34.1954],[-117.3417,34.1972],[-117.3415,34.1971]]]]},"properties":{"id":"usgs-pad-us-fee-managers:89160","name":"Norman Johnson","kind":"land","category":"public-land","sourceCategory":"public-land","sourceId":"usgs-pad-us-fee-managers","sourceUrl":"https://services.arcgis.com/v01gqwM5QqNysAAi/arcgis/rest/services/Fee_Managers_PADUS/FeatureServer/0","sourceUpdated":"2023-05-15T04:00:00.000Z","publicUse":"PAD-US reports open access; verify current manager conditions and restrictions.","unit":"REG","origin":"public-catalog"}},{"type":"Feature","id":"usgs-pad-us-fee-managers:89177","geometry":{"type":"MultiPolygon","coordinates":[[[[-121.9585,37.2156],[-121.9592,37.2159],[-121.9604,37.2171],[-121.9584,37.2171],[-121.9585,37.2156]]],[[[-121.9835,37.2115],[-121.9763,37.2116],[-121.9763,37.2096],[-121.9784,37.2083],[-121.9798,37.2086],[-121.9807,37.2071],[-121.9859,37.207],[-121.986,37.2115],[-121.9835,37.2115]]],[[[-121.9337,37.2243],[-121.9336,37.2216],[-121.935,37.2216],[-121.9353,37.2251],[-121.9337,37.2243]]],[[[-122.045,37.2466],[-122.0455,37.2468],[-122.0453,37.2475],[-122.0455,37.2468],[-122.045,37.2466]]],[[[-122.0444,37.2479],[-122.0444,37.2478],[-122.0443,37.2481],[-122.0444,37.2479]]],[[[-122.0441,37.2487],[-122.0441,37.2486],[-122.0441,37.2487],[-122.0441,37.2487]]],[[[-122.0453,37.2489],[-122.0451,37.2487],[-122.0451,37.2486],[-122.0453,37.2489]]],[[[-122.0453,37.2489],[-122.0453,37.2489],[-122.0453,37.249],[-122.0453,37.2489]]],[[[-122.0453,37.249],[-122.0453,37.249],[-122.0454,37.2491],[-122.0453,37.249]]],[[[-122.0459,37.249],[-122.0457,37.249],[-122.046,37.249],[-122.0459,37.249]]],[[[-122.0468,37.2488],[-122.0468,37.2488],[-122.0468,37.2488],[-122.0468,37.2488]]],[[[-122.0441,37.2496],[-122.0429,37.2497],[-122.0444,37.2495],[-122.0439,37.2489],[-122.0444,37.2495],[-122.0441,37.2496]]],[[[-122.043,37.2503],[-122.043,37.2503],[-122.0431,37.2503],[-122.043,37.2503]]],[[[-122.0503,37.2503],[-122.0502,37.2462],[-122.0483,37.2477],[-122.0502,37.2462],[-122.0503,37.2503]]],[[[-122.0989,37.2875],[-122.0988,37.2864],[-122.1041,37.2864],[-122.1041,37.2889],[-122.1028,37.2889],[-122.1026,37.2886],[-122.1018,37.2884],[-122.102,37.2882],[-122.0989,37.2875]]],[[[-122.1045,37.3265],[-122.1,37.3231],[-122.1046,37.3231],[-122.1046,37.3267],[-122.1045,37.3265]]],[[[-122.105,37.3382],[-122.1066,37.338],[-122.1072,37.3386],[-122.105,37.3382]]]]},"properties":{"id":"usgs-pad-us-fee-managers:89177","name":"Conservation Easement","kind":"land","category":"public-land","sourceCategory":"public-land","sourceId":"usgs-pad-us-fee-managers","sourceUrl":"https://services.arcgis.com/v01gqwM5QqNysAAi/arcgis/rest/services/Fee_Managers_PADUS/FeatureServer/0","sourceUpdated":"2023-05-15T04:00:00.000Z","publicUse":"PAD-US reports open access; verify current manager conditions and restrictions.","unit":"REG","origin":"public-catalog"}},{"type":"Feature","id":"usgs-pad-us-fee-managers:89178","geometry":{"type":"Polygon","coordinates":[[[-121.9859,37.2076],[-121.9859,37.207],[-121.9808,37.2071],[-121.9807,37.2059],[-121.9817,37.2064],[-121.9825,37.2063],[-121.983,37.207],[-121.9842,37.2067],[-121.9856,37.2059],[-121.9858,37.2059],[-121.9858,37.2063],[-121.9866,37.2065],[-121.9869,37.2059],[-121.987,37.2067],[-121.9863,37.207],[-121.9859,37.2076]]]},"properties":{"id":"usgs-pad-us-fee-managers:89178","name":"Mrosd Easement","kind":"land","category":"public-land","sourceCategory":"public-land","sourceId":"usgs-pad-us-fee-managers","sourceUrl":"https://services.arcgis.com/v01gqwM5QqNysAAi/arcgis/rest/services/Fee_Managers_PADUS/FeatureServer/0","sourceUpdated":"2023-05-15T04:00:00.000Z","publicUse":"PAD-US reports open access; verify current manager conditions and restrictions.","unit":"REG","origin":"public-catalog"}},{"type":"Feature","id":"usgs-pad-us-fee-managers:89179","geometry":{"type":"Polygon","coordinates":[[[-122.0668,37.2793],[-122.0658,37.2794],[-122.0654,37.279],[-122.0656,37.2789],[-122.0659,37.2791],[-122.0677,37.279],[-122.0686,37.2784],[-122.0686,37.2788],[-122.0678,37.2793],[-122.0668,37.2793]]]},"properties":{"id":"usgs-pad-us-fee-managers:89179","name":"Partial Parcel Easement - Brooks/Hose Riparian Easement","kind":"land","category":"public-land","sourceCategory":"public-land","sourceId":"usgs-pad-us-fee-managers","sourceUrl":"https://services.arcgis.com/v01gqwM5QqNysAAi/arcgis/rest/services/Fee_Managers_PADUS/FeatureServer/0","sourceUpdated":"2023-05-15T04:00:00.000Z","publicUse":"PAD-US reports open access; verify current manager conditions and restrictions.","unit":"REG","origin":"public-catalog"}},{"type":"Feature","id":"usgs-pad-us-fee-managers:89180","geometry":{"type":"Polygon","coordinates":[[[-121.9545,37.2019],[-121.9546,37.1993],[-121.9594,37.1993],[-121.9593,37.2019],[-121.9545,37.2019]]]},"properties":{"id":"usgs-pad-us-fee-managers:89180","name":"Partial Parcel Easement - Sorahan","kind":"land","category":"public-land","sourceCategory":"public-land","sourceId":"usgs-pad-us-fee-managers","sourceUrl":"https://services.arcgis.com/v01gqwM5QqNysAAi/arcgis/rest/services/Fee_Managers_PADUS/FeatureServer/0","sourceUpdated":"2023-05-15T04:00:00.000Z","publicUse":"PAD-US reports open access; verify current manager conditions and restrictions.","unit":"REG","origin":"public-catalog"}},{"type":"Feature","id":"usgs-pad-us-fee-managers:89227","geometry":{"type":"Polygon","coordinates":[[[-117.1851,33.9297],[-117.1858,33.9294],[-117.1859,33.9298],[-117.1861,33.9298],[-117.1861,33.9302],[-117.1851,33.9297]]]},"properties":{"id":"usgs-pad-us-fee-managers:89227","name":"Cold Creek Trailhead","kind":"land","category":"public-land","sourceCategory":"public-land","sourceId":"usgs-pad-us-fee-managers","sourceUrl":"https://services.arcgis.com/v01gqwM5QqNysAAi/arcgis/rest/services/Fee_Managers_PADUS/FeatureServer/0","sourceUpdated":"2021-04-19T04:00:00.000Z","publicUse":"PAD-US reports open access; verify current manager conditions and restrictions.","unit":"REG","origin":"public-catalog"}},{"type":"Feature","id":"usgs-pad-us-fee-managers:89228","geometry":{"type":"Polygon","coordinates":[[[-117.1649,33.925],[-117.1645,33.9251],[-117.1645,33.9248],[-117.1653,33.9248],[-117.1653,33.9251],[-117.1649,33.925]]]},"properties":{"id":"usgs-pad-us-fee-managers:89228","name":"Cottonwood Equestrian Staging Area","kind":"land","category":"public-land","sourceCategory":"public-land","sourceId":"usgs-pad-us-fee-managers","sourceUrl":"https://services.arcgis.com/v01gqwM5QqNysAAi/arcgis/rest/services/Fee_Managers_PADUS/FeatureServer/0","sourceUpdated":"2023-05-15T04:00:00.000Z","publicUse":"PAD-US reports open access; verify current manager conditions and restrictions.","unit":"REG","origin":"public-catalog"}},{"type":"Feature","id":"usgs-pad-us-fee-managers:89231","geometry":{"type":"Polygon","coordinates":[[[-121.552,37.7699],[-121.5528,37.7703],[-121.5523,37.7707],[-121.5518,37.7703],[-121.552,37.7699]]]},"properties":{"id":"usgs-pad-us-fee-managers:89231","name":"Recreo Way Park","kind":"land","category":"public-land","sourceCategory":"public-land","sourceId":"usgs-pad-us-fee-managers","sourceUrl":"https://services.arcgis.com/v01gqwM5QqNysAAi/arcgis/rest/services/Fee_Managers_PADUS/FeatureServer/0","sourceUpdated":"2023-05-15T04:00:00.000Z","publicUse":"PAD-US reports open access; verify current manager conditions and restrictions.","unit":"REG","origin":"public-catalog"}},{"type":"Feature","id":"usgs-pad-us-fee-managers:89232","geometry":{"type":"Polygon","coordinates":[[[-122.0765,37.3742],[-122.075,37.374],[-122.0747,37.3745],[-122.074,37.3743],[-122.0747,37.3734],[-122.0764,37.3734],[-122.0765,37.3742]]]},"properties":{"id":"usgs-pad-us-fee-managers:89232","name":"Huff School / Park","kind":"land","category":"public-land","sourceCategory":"public-land","sourceId":"usgs-pad-us-fee-managers","sourceUrl":"https://services.arcgis.com/v01gqwM5QqNysAAi/arcgis/rest/services/Fee_Managers_PADUS/FeatureServer/0","sourceUpdated":"2023-05-15T04:00:00.000Z","publicUse":"PAD-US reports open access; verify current manager conditions and restrictions.","unit":"CITY","origin":"public-catalog"}},{"type":"Feature","id":"usgs-pad-us-fee-managers:89233","geometry":{"type":"Polygon","coordinates":[[[-122.0851,37.3811],[-122.0843,37.3811],[-122.0841,37.3815],[-122.0831,37.3816],[-122.0829,37.3802],[-122.0856,37.3802],[-122.0856,37.3812],[-122.0851,37.3811]]]},"properties":{"id":"usgs-pad-us-fee-managers:89233","name":"Graham School / Park","kind":"land","category":"public-land","sourceCategory":"public-land","sourceId":"usgs-pad-us-fee-managers","sourceUrl":"https://services.arcgis.com/v01gqwM5QqNysAAi/arcgis/rest/services/Fee_Managers_PADUS/FeatureServer/0","sourceUpdated":"2023-05-15T04:00:00.000Z","publicUse":"PAD-US reports open access; verify current manager conditions and restrictions.","unit":"CITY","origin":"public-catalog"}},{"type":"Feature","id":"usgs-pad-us-fee-managers:89234","geometry":{"type":"Polygon","coordinates":[[[-118.2754,34.2282],[-118.2753,34.2218],[-118.2841,34.2217],[-118.2841,34.2282],[-118.2754,34.2282]]]},"properties":{"id":"usgs-pad-us-fee-managers:89234","name":"Bagdaserian -","kind":"land","category":"public-land","sourceCategory":"public-land","sourceId":"usgs-pad-us-fee-managers","sourceUrl":"https://services.arcgis.com/v01gqwM5QqNysAAi/arcgis/rest/services/Fee_Managers_PADUS/FeatureServer/0","sourceUpdated":"2023-05-15T04:00:00.000Z","publicUse":"PAD-US reports open access; verify current manager conditions and restrictions.","unit":"REG","origin":"public-catalog"}},{"type":"Feature","id":"usgs-pad-us-fee-managers:89235","geometry":{"type":"MultiPolygon","coordinates":[[[[-118.5897,34.3723],[-118.5896,34.3671],[-118.5939,34.3671],[-118.594,34.3706],[-118.5924,34.3705],[-118.5923,34.3714],[-118.5906,34.3714],[-118.5897,34.3723]]],[[[-118.5814,34.3759],[-118.5814,34.3743],[-118.5811,34.3743],[-118.581,34.3707],[-118.5853,34.3708],[-118.5854,34.3731],[-118.585,34.3731],[-118.585,34.3738],[-118.5845,34.3735],[-118.5841,34.3737],[-118.5837,34.3731],[-118.5827,34.3741],[-118.5827,34.3744],[-118.5829,34.3746],[-118.5822,34.3745],[-118.5828,34.3751],[-118.5828,34.3754],[-118.5819,34.3754],[-118.5819,34.3757],[-118.5814,34.3759]]]]},"properties":{"id":"usgs-pad-us-fee-managers:89235","name":"Laing - Brookfield","kind":"land","category":"public-land","sourceCategory":"public-land","sourceId":"usgs-pad-us-fee-managers","sourceUrl":"https://services.arcgis.com/v01gqwM5QqNysAAi/arcgis/rest/services/Fee_Managers_PADUS/FeatureServer/0","sourceUpdated":"2023-05-15T04:00:00.000Z","publicUse":"PAD-US reports open access; verify current manager conditions and restrictions.","unit":"REG","origin":"public-catalog"}},{"type":"Feature","id":"usgs-pad-us-fee-managers:89236","geometry":{"type":"Polygon","coordinates":[[[-118.3408,34.1234],[-118.3404,34.1231],[-118.3405,34.123],[-118.341,34.1231],[-118.3414,34.1234],[-118.3408,34.1234]]]},"properties":{"id":"usgs-pad-us-fee-managers:89236","name":"Lakeridge Place Open Space","kind":"land","category":"public-land","sourceCategory":"public-land","sourceId":"usgs-pad-us-fee-managers","sourceUrl":"https://services.arcgis.com/v01gqwM5QqNysAAi/arcgis/rest/services/Fee_Managers_PADUS/FeatureServer/0","sourceUpdated":"2023-05-15T04:00:00.000Z","publicUse":"PAD-US reports open access; verify current manager conditions and restrictions.","unit":"REG","origin":"public-catalog"}},{"type":"Feature","id":"usgs-pad-us-fee-managers:89237","geometry":{"type":"Polygon","coordinates":[[[-118.5404,34.3486],[-118.5394,34.348],[-118.5413,34.348],[-118.5413,34.3471],[-118.5418,34.3471],[-118.5419,34.3496],[-118.5406,34.349],[-118.5404,34.3486]]]},"properties":{"id":"usgs-pad-us-fee-managers:89237","name":"Newhall Pass","kind":"land","category":"public-land","sourceCategory":"public-land","sourceId":"usgs-pad-us-fee-managers","sourceUrl":"https://services.arcgis.com/v01gqwM5QqNysAAi/arcgis/rest/services/Fee_Managers_PADUS/FeatureServer/0","sourceUpdated":"2023-05-15T04:00:00.000Z","publicUse":"PAD-US reports open access; verify current manager conditions and restrictions.","unit":"REG","origin":"public-catalog"}},{"type":"Feature","id":"usgs-pad-us-fee-managers:89238","geometry":{"type":"Polygon","coordinates":[[[-118.3721,34.1075],[-118.3724,34.1075],[-118.3721,34.1076],[-118.3721,34.1075]]]},"properties":{"id":"usgs-pad-us-fee-managers:89238","name":"Oakden - Laurel Canyon Mrca Open Space","kind":"land","category":"public-land","sourceCategory":"public-land","sourceId":"usgs-pad-us-fee-managers","sourceUrl":"https://services.arcgis.com/v01gqwM5QqNysAAi/arcgis/rest/services/Fee_Managers_PADUS/FeatureServer/0","sourceUpdated":"2021-04-19T04:00:00.000Z","publicUse":"PAD-US reports open access; verify current manager conditions and restrictions.","unit":"REG","origin":"public-catalog"}},{"type":"Feature","id":"usgs-pad-us-fee-managers:89239","geometry":{"type":"MultiPolygon","coordinates":[[[[-118.591,34.1445],[-118.5913,34.1445],[-118.5915,34.1451],[-118.5913,34.1454],[-118.5908,34.1447],[-118.591,34.1445]]],[[[-118.5913,34.1454],[-118.5915,34.1451],[-118.5917,34.1452],[-118.5915,34.1455],[-118.5913,34.1454]]]]},"properties":{"id":"usgs-pad-us-fee-managers:89239","name":"21000 Mulholland Trailhead","kind":"land","category":"public-land","sourceCategory":"public-land","sourceId":"usgs-pad-us-fee-managers","sourceUrl":"https://services.arcgis.com/v01gqwM5QqNysAAi/arcgis/rest/services/Fee_Managers_PADUS/FeatureServer/0","sourceUpdated":"2023-05-15T04:00:00.000Z","publicUse":"PAD-US reports open access; verify current manager conditions and restrictions.","unit":"REG","origin":"public-catalog"}},{"type":"Feature","id":"usgs-pad-us-fee-managers:89240","geometry":{"type":"MultiPolygon","coordinates":[[[[-118.1734,34.0964],[-118.1743,34.0965],[-118.1739,34.0966],[-118.1734,34.0964]]],[[[-118.1731,34.097],[-118.1724,34.0971],[-118.1729,34.0964],[-118.1737,34.0967],[-118.1736,34.0972],[-118.1731,34.097]]],[[[-118.1739,34.0968],[-118.1745,34.0965],[-118.1748,34.0966],[-118.1745,34.0972],[-118.1738,34.097],[-118.1739,34.0968]]],[[[-118.1759,34.0972],[-118.1749,34.0971],[-118.175,34.0967],[-118.176,34.0969],[-118.1759,34.0972]]],[[[-118.1775,34.0972],[-118.178,34.0972],[-118.1779,34.0973],[-118.1775,34.0972]]],[[[-118.1768,34.0975],[-118.176,34.0974],[-118.1762,34.097],[-118.1771,34.0973],[-118.177,34.0975],[-118.1768,34.0975]]],[[[-118.1773,34.0975],[-118.1779,34.0975],[-118.1778,34.0976],[-118.1773,34.0975]]]]},"properties":{"id":"usgs-pad-us-fee-managers:89240","name":"Elephant Hill","kind":"land","category":"public-land","sourceCategory":"public-land","sourceId":"usgs-pad-us-fee-managers","sourceUrl":"https://services.arcgis.com/v01gqwM5QqNysAAi/arcgis/rest/services/Fee_Managers_PADUS/FeatureServer/0","sourceUpdated":"2023-02-12T05:00:00.000Z","publicUse":"PAD-US reports open access; verify current manager conditions and restrictions.","unit":"REG","origin":"public-catalog"}},{"type":"Feature","id":"usgs-pad-us-fee-managers:89241","geometry":{"type":"MultiPolygon","coordinates":[[[[-117.9241,34.5944],[-117.924,34.5937],[-117.9251,34.5937],[-117.9252,34.5946],[-117.9241,34.5946],[-117.9241,34.5944]]],[[[-118.1423,34.5565],[-118.1423,34.5551],[-118.1434,34.5558],[-118.1434,34.5561],[-118.1428,34.5566],[-118.1423,34.5565]]],[[[-117.978,34.5908],[-117.978,34.5899],[-117.9791,34.5899],[-117.9791,34.5908],[-117.978,34.5908]]],[[[-117.9252,34.6093],[-117.9252,34.6084],[-117.9263,34.6084],[-117.9263,34.6093],[-117.9252,34.6093]]],[[[-118.63,34.4927],[-118.6344,34.4927],[-118.6345,34.4964],[-118.6301,34.4963],[-118.63,34.4927]]]]},"properties":{"id":"usgs-pad-us-fee-managers:89241","name":"Unnamed Site - Mountains Recreation And Conservation Authority","kind":"land","category":"public-land","sourceCategory":"public-land","sourceId":"usgs-pad-us-fee-managers","sourceUrl":"https://services.arcgis.com/v01gqwM5QqNysAAi/arcgis/rest/services/Fee_Managers_PADUS/FeatureServer/0","sourceUpdated":"2021-04-19T04:00:00.000Z","publicUse":"PAD-US reports open access; verify current manager conditions and restrictions.","unit":"REG","origin":"public-catalog"}},{"type":"Feature","id":"usgs-pad-us-fee-managers:89242","geometry":{"type":"Polygon","coordinates":[[[-118.7301,34.138],[-118.7285,34.1369],[-118.7285,34.1326],[-118.7348,34.1326],[-118.7368,34.1312],[-118.7383,34.1326],[-118.7355,34.1364],[-118.7321,34.1378],[-118.7313,34.1387],[-118.7301,34.138]]]},"properties":{"id":"usgs-pad-us-fee-managers:89242","name":"Abrams","kind":"land","category":"public-land","sourceCategory":"public-land","sourceId":"usgs-pad-us-fee-managers","sourceUrl":"https://services.arcgis.com/v01gqwM5QqNysAAi/arcgis/rest/services/Fee_Managers_PADUS/FeatureServer/0","sourceUpdated":"2023-05-15T04:00:00.000Z","publicUse":"PAD-US reports open access; verify current manager conditions and restrictions.","unit":"REG","origin":"public-catalog"}},{"type":"Feature","id":"usgs-pad-us-fee-managers:89243","geometry":{"type":"Polygon","coordinates":[[[-118.4379,34.1152],[-118.4379,34.1145],[-118.4402,34.1146],[-118.4402,34.116],[-118.4379,34.116],[-118.4379,34.1152]]]},"properties":{"id":"usgs-pad-us-fee-managers:89243","name":"Bgp Corporation","kind":"land","category":"public-land","sourceCategory":"public-land","sourceId":"usgs-pad-us-fee-managers","sourceUrl":"https://services.arcgis.com/v01gqwM5QqNysAAi/arcgis/rest/services/Fee_Managers_PADUS/FeatureServer/0","sourceUpdated":"2021-04-19T04:00:00.000Z","publicUse":"PAD-US reports open access; verify current manager conditions and restrictions.","unit":"REG","origin":"public-catalog"}},{"type":"Feature","id":"usgs-pad-us-fee-managers:89244","geometry":{"type":"Polygon","coordinates":[[[-118.6134,34.1581],[-118.6139,34.1579],[-118.6138,34.1585],[-118.6142,34.1591],[-118.6134,34.1592],[-118.6131,34.1586],[-118.6134,34.1581]]]},"properties":{"id":"usgs-pad-us-fee-managers:89244","name":"Cerrillos Drive","kind":"land","category":"public-land","sourceCategory":"public-land","sourceId":"usgs-pad-us-fee-managers","sourceUrl":"https://services.arcgis.com/v01gqwM5QqNysAAi/arcgis/rest/services/Fee_Managers_PADUS/FeatureServer/0","sourceUpdated":"2023-05-15T04:00:00.000Z","publicUse":"PAD-US reports open access; verify current manager conditions and restrictions.","unit":"REG","origin":"public-catalog"}},{"type":"Feature","id":"usgs-pad-us-fee-managers:89245","geometry":{"type":"Polygon","coordinates":[[[-118.5789,34.1643],[-118.5788,34.1637],[-118.5827,34.1632],[-118.5831,34.1634],[-118.5834,34.1642],[-118.5833,34.1648],[-118.5826,34.1651],[-118.5791,34.1655],[-118.5789,34.1643]]]},"properties":{"id":"usgs-pad-us-fee-managers:89245","name":"Chalk Hills","kind":"land","category":"public-land","sourceCategory":"public-land","sourceId":"usgs-pad-us-fee-managers","sourceUrl":"https://services.arcgis.com/v01gqwM5QqNysAAi/arcgis/rest/services/Fee_Managers_PADUS/FeatureServer/0","sourceUpdated":"2023-05-15T04:00:00.000Z","publicUse":"PAD-US reports open access; verify current manager conditions and restrictions.","unit":"REG","origin":"public-catalog"}},{"type":"Feature","id":"usgs-pad-us-fee-managers:89246","geometry":{"type":"Polygon","coordinates":[[[-118.3344,34.2638],[-118.3342,34.2635],[-118.3344,34.2631],[-118.334,34.2624],[-118.3348,34.2624],[-118.3351,34.2635],[-118.3344,34.2638]]]},"properties":{"id":"usgs-pad-us-fee-managers:89246","name":"Danchik","kind":"land","category":"public-land","sourceCategory":"public-land","sourceId":"usgs-pad-us-fee-managers","sourceUrl":"https://services.arcgis.com/v01gqwM5QqNysAAi/arcgis/rest/services/Fee_Managers_PADUS/FeatureServer/0","sourceUpdated":"2023-05-15T04:00:00.000Z","publicUse":"PAD-US reports open access; verify current manager conditions and restrictions.","unit":"REG","origin":"public-catalog"}},{"type":"Feature","id":"usgs-pad-us-fee-managers:89247","geometry":{"type":"Polygon","coordinates":[[[-118.3774,34.122],[-118.3771,34.122],[-118.3772,34.1196],[-118.3779,34.1196],[-118.3779,34.1219],[-118.3774,34.122]]]},"properties":{"id":"usgs-pad-us-fee-managers:89247","name":"Elrita Bowl","kind":"land","category":"public-land","sourceCategory":"public-land","sourceId":"usgs-pad-us-fee-managers","sourceUrl":"https://services.arcgis.com/v01gqwM5QqNysAAi/arcgis/rest/services/Fee_Managers_PADUS/FeatureServer/0","sourceUpdated":"2023-05-15T04:00:00.000Z","publicUse":"PAD-US reports open access; verify current manager conditions and restrictions.","unit":"REG","origin":"public-catalog"}},{"type":"Feature","id":"usgs-pad-us-fee-managers:89248","geometry":{"type":"Polygon","coordinates":[[[-118.5048,34.1402],[-118.5053,34.1393],[-118.5048,34.139],[-118.5051,34.1382],[-118.5041,34.1379],[-118.5048,34.1362],[-118.5049,34.1338],[-118.5059,34.1338],[-118.5066,34.1335],[-118.5066,34.138],[-118.5052,34.1406],[-118.5048,34.1407],[-118.5048,34.1402]]]},"properties":{"id":"usgs-pad-us-fee-managers:89248","name":"Empanada Place","kind":"land","category":"public-land","sourceCategory":"public-land","sourceId":"usgs-pad-us-fee-managers","sourceUrl":"https://services.arcgis.com/v01gqwM5QqNysAAi/arcgis/rest/services/Fee_Managers_PADUS/FeatureServer/0","sourceUpdated":"2023-05-15T04:00:00.000Z","publicUse":"PAD-US reports open access; verify current manager conditions and restrictions.","unit":"REG","origin":"public-catalog"}},{"type":"Feature","id":"usgs-pad-us-fee-managers:89249","geometry":{"type":"MultiPolygon","coordinates":[[[[-118.3369,34.1131],[-118.3369,34.113],[-118.3369,34.113],[-118.3369,34.1131]]],[[[-118.3369,34.1131],[-118.338,34.1142],[-118.3402,34.1158],[-118.3422,34.1165],[-118.3421,34.1171],[-118.3438,34.1188],[-118.3439,34.1193],[-118.3437,34.1194],[-118.3433,34.1186],[-118.3413,34.1177],[-118.3413,34.1172],[-118.3378,34.116],[-118.3367,34.1132],[-118.3369,34.1131]]]]},"properties":{"id":"usgs-pad-us-fee-managers:89249","name":"Hillpark Mrca Open Space","kind":"land","category":"public-land","sourceCategory":"public-land","sourceId":"usgs-pad-us-fee-managers","sourceUrl":"https://services.arcgis.com/v01gqwM5QqNysAAi/arcgis/rest/services/Fee_Managers_PADUS/FeatureServer/0","sourceUpdated":"2023-05-15T04:00:00.000Z","publicUse":"PAD-US reports open access; verify current manager conditions and restrictions.","unit":"REG","origin":"public-catalog"}},{"type":"Feature","id":"usgs-pad-us-fee-managers:89250","geometry":{"type":"Polygon","coordinates":[[[-118.5929,34.2762],[-118.5929,34.274],[-118.5958,34.275],[-118.5937,34.2772],[-118.5929,34.2778],[-118.5929,34.2762]]]},"properties":{"id":"usgs-pad-us-fee-managers:89250","name":"Hormel","kind":"land","category":"public-land","sourceCategory":"public-land","sourceId":"usgs-pad-us-fee-managers","sourceUrl":"https://services.arcgis.com/v01gqwM5QqNysAAi/arcgis/rest/services/Fee_Managers_PADUS/FeatureServer/0","sourceUpdated":"2023-05-15T04:00:00.000Z","publicUse":"PAD-US reports open access; verify current manager conditions and restrictions.","unit":"REG","origin":"public-catalog"}},{"type":"Feature","id":"usgs-pad-us-fee-managers:89251","geometry":{"type":"Polygon","coordinates":[[[-118.2777,34.2352],[-118.2776,34.2346],[-118.2798,34.2348],[-118.2799,34.2364],[-118.2777,34.2364],[-118.2777,34.2352]]]},"properties":{"id":"usgs-pad-us-fee-managers:89251","name":"Hostetter","kind":"land","category":"public-land","sourceCategory":"public-land","sourceId":"usgs-pad-us-fee-managers","sourceUrl":"https://services.arcgis.com/v01gqwM5QqNysAAi/arcgis/rest/services/Fee_Managers_PADUS/FeatureServer/0","sourceUpdated":"2023-05-15T04:00:00.000Z","publicUse":"PAD-US reports open access; verify current manager conditions and restrictions.","unit":"REG","origin":"public-catalog"}},{"type":"Feature","id":"usgs-pad-us-fee-managers:89252","geometry":{"type":"Polygon","coordinates":[[[-118.5778,34.147],[-118.5783,34.1454],[-118.5786,34.146],[-118.58,34.146],[-118.58,34.1467],[-118.5793,34.1467],[-118.5792,34.147],[-118.5776,34.1476],[-118.5778,34.147]]]},"properties":{"id":"usgs-pad-us-fee-managers:89252","name":"Lozano","kind":"land","category":"public-land","sourceCategory":"public-land","sourceId":"usgs-pad-us-fee-managers","sourceUrl":"https://services.arcgis.com/v01gqwM5QqNysAAi/arcgis/rest/services/Fee_Managers_PADUS/FeatureServer/0","sourceUpdated":"2023-05-15T04:00:00.000Z","publicUse":"PAD-US reports open access; verify current manager conditions and restrictions.","unit":"REG","origin":"public-catalog"}},{"type":"Feature","id":"usgs-pad-us-fee-managers:89253","geometry":{"type":"Polygon","coordinates":[[[-118.4139,34.1339],[-118.4138,34.1318],[-118.4129,34.1318],[-118.413,34.1308],[-118.4138,34.1307],[-118.4138,34.1301],[-118.4143,34.1297],[-118.4139,34.1293],[-118.4145,34.129],[-118.4144,34.1284],[-118.4157,34.1292],[-118.4155,34.1311],[-118.4165,34.1347],[-118.4168,34.1347],[-118.4172,34.1369],[-118.4172,34.1373],[-118.4142,34.1397],[-118.4148,34.1379],[-118.4138,34.1375],[-118.4138,34.135],[-118.4144,34.1343],[-118.4143,34.1339],[-118.4139,34.1339]]]},"properties":{"id":"usgs-pad-us-fee-managers:89253","name":"Mulholland Estates Open Space","kind":"land","category":"public-land","sourceCategory":"public-land","sourceId":"usgs-pad-us-fee-managers","sourceUrl":"https://services.arcgis.com/v01gqwM5QqNysAAi/arcgis/rest/services/Fee_Managers_PADUS/FeatureServer/0","sourceUpdated":"2023-05-15T04:00:00.000Z","publicUse":"PAD-US reports open access; verify current manager conditions and restrictions.","unit":"REG","origin":"public-catalog"}},{"type":"Feature","id":"usgs-pad-us-fee-managers:89254","geometry":{"type":"MultiPolygon","coordinates":[[[[-118.3556,34.2372],[-118.3564,34.2367],[-118.3572,34.2366],[-118.3564,34.2368],[-118.3549,34.2381],[-118.3547,34.2378],[-118.3556,34.2372]]],[[[-118.3531,34.2383],[-118.3533,34.238],[-118.3547,34.2378],[-118.3549,34.2381],[-118.3534,34.2391],[-118.3524,34.2386],[-118.3531,34.2383]]],[[[-118.3513,34.2394],[-118.3514,34.2381],[-118.3518,34.2381],[-118.352,34.2386],[-118.3534,34.2392],[-118.3532,34.2395],[-118.3513,34.2394]]],[[[-118.3564,34.2369],[-118.3572,34.2368],[-118.3573,34.2395],[-118.3532,34.2395],[-118.3535,34.2391],[-118.3541,34.2389],[-118.3564,34.2369]]]]},"properties":{"id":"usgs-pad-us-fee-managers:89254","name":"Rancho La Tuna","kind":"land","category":"public-land","sourceCategory":"public-land","sourceId":"usgs-pad-us-fee-managers","sourceUrl":"https://services.arcgis.com/v01gqwM5QqNysAAi/arcgis/rest/services/Fee_Managers_PADUS/FeatureServer/0","sourceUpdated":"2023-05-15T04:00:00.000Z","publicUse":"PAD-US reports open access; verify current manager conditions and restrictions.","unit":"REG","origin":"public-catalog"}},{"type":"Feature","id":"usgs-pad-us-fee-managers:89255","geometry":{"type":"Polygon","coordinates":[[[-118.615,34.1505],[-118.615,34.15],[-118.6172,34.1502],[-118.6169,34.1509],[-118.616,34.1516],[-118.6153,34.1513],[-118.615,34.1505]]]},"properties":{"id":"usgs-pad-us-fee-managers:89255","name":"Reforma Property","kind":"land","category":"public-land","sourceCategory":"public-land","sourceId":"usgs-pad-us-fee-managers","sourceUrl":"https://services.arcgis.com/v01gqwM5QqNysAAi/arcgis/rest/services/Fee_Managers_PADUS/FeatureServer/0","sourceUpdated":"2023-05-15T04:00:00.000Z","publicUse":"PAD-US reports open access; verify current manager conditions and restrictions.","unit":"REG","origin":"public-catalog"}},{"type":"Feature","id":"usgs-pad-us-fee-managers:89256","geometry":{"type":"Polygon","coordinates":[[[-118.3632,34.2621],[-118.3634,34.2621],[-118.3621,34.2653],[-118.3624,34.2658],[-118.3609,34.2658],[-118.3609,34.2641],[-118.3632,34.2621]]]},"properties":{"id":"usgs-pad-us-fee-managers:89256","name":"Shadow Hills","kind":"land","category":"public-land","sourceCategory":"public-land","sourceId":"usgs-pad-us-fee-managers","sourceUrl":"https://services.arcgis.com/v01gqwM5QqNysAAi/arcgis/rest/services/Fee_Managers_PADUS/FeatureServer/0","sourceUpdated":"2023-05-15T04:00:00.000Z","publicUse":"PAD-US reports open access; verify current manager conditions and restrictions.","unit":"REG","origin":"public-catalog"}},{"type":"Feature","id":"usgs-pad-us-fee-managers:89257","geometry":{"type":"Polygon","coordinates":[[[-118.3046,34.2473],[-118.3055,34.2471],[-118.3063,34.2466],[-118.3064,34.2472],[-118.307,34.2479],[-118.3065,34.2483],[-118.3046,34.2473]]]},"properties":{"id":"usgs-pad-us-fee-managers:89257","name":"Verdugo Crestline Donation","kind":"land","category":"public-land","sourceCategory":"public-land","sourceId":"usgs-pad-us-fee-managers","sourceUrl":"https://services.arcgis.com/v01gqwM5QqNysAAi/arcgis/rest/services/Fee_Managers_PADUS/FeatureServer/0","sourceUpdated":"2023-05-15T04:00:00.000Z","publicUse":"PAD-US reports open access; verify current manager conditions and restrictions.","unit":"REG","origin":"public-catalog"}},{"type":"Feature","id":"usgs-pad-us-fee-managers:89258","geometry":{"type":"MultiPolygon","coordinates":[[[[-118.3111,34.234],[-118.3104,34.2343],[-118.3076,34.2345],[-118.3062,34.2349],[-118.3054,34.2347],[-118.3041,34.2338],[-118.3068,34.2335],[-118.3088,34.2337],[-118.311,34.2333],[-118.3138,34.2338],[-118.3138,34.2343],[-118.3111,34.234]]],[[[-118.3073,34.2466],[-118.3072,34.2464],[-118.3072,34.2464],[-118.3073,34.2466]]],[[[-118.307,34.2461],[-118.3059,34.2466],[-118.3054,34.2456],[-118.3083,34.2464],[-118.3082,34.2471],[-118.3075,34.2467],[-118.3074,34.2462],[-118.307,34.2461]]],[[[-118.3125,34.2483],[-118.3126,34.2475],[-118.3137,34.2478],[-118.3137,34.2484],[-118.3125,34.2483]]],[[[-118.3148,34.2488],[-118.3148,34.2481],[-118.3174,34.2488],[-118.3148,34.2488]]],[[[-118.3148,34.2477],[-118.3148,34.2435],[-118.3137,34.2435],[-118.3137,34.2474],[-118.3115,34.2468],[-118.3115,34.2436],[-118.3093,34.2436],[-118.3093,34.2448],[-118.3083,34.2448],[-118.3083,34.246],[-118.3049,34.2451],[-118.305,34.243],[-118.3056,34.2429],[-118.3067,34.2414],[-118.3061,34.2402],[-118.3069,34.2396],[-118.3085,34.2407],[-118.3103,34.2415],[-118.3165,34.2432],[-118.3192,34.2448],[-118.3209,34.2469],[-118.3218,34.2495],[-118.3202,34.2491],[-118.3203,34.2489],[-118.3192,34.2488],[-118.3148,34.2477]]],[[[-118.3225,34.2489],[-118.3218,34.2471],[-118.321,34.2458],[-118.3198,34.2445],[-118.3184,34.2434],[-118.316,34.2423],[-118.3115,34.2412],[-118.3097,34.2406],[-118.3033,34.2362],[-118.3015,34.2352],[-118.2989,34.2345],[-118.2962,34.2344],[-118.2965,34.233],[-118.2983,34.2326],[-118.299,34.2327],[-118.3016,34.2335],[-118.3038,34.2339],[-118.3053,34.2348],[-118.3061,34.235],[-118.3077,34.2346],[-118.3104,34.2345],[-118.3112,34.2342],[-118.3129,34.2345],[-118.3138,34.2345],[-118.3138,34.2376],[-118.3198,34.2376],[-118.3198,34.2371],[-118.3203,34.2373],[-118.3202,34.2377],[-118.3191,34.2388],[-118.3196,34.2395],[-118.3211,34.2395],[-118.3224,34.2403],[-118.3223,34.2433],[-118.3241,34.2432],[-118.3279,34.2511],[-118.3228,34.2498],[-118.3225,34.2489]]],[[[-118.3202,34.2504],[-118.3202,34.2496],[-118.322,34.25],[-118.3226,34.2525],[-118.3202,34.2525],[-118.3202,34.2504]]],[[[-118.3265,34.2553],[-118.3262,34.2553],[-118.3281,34.254],[-118.3281,34.2529],[-118.3268,34.2523],[-118.3262,34.2513],[-118.3253,34.2512],[-118.3243,34.2528],[-118.3249,34.254],[-118.3236,34.2522],[-118.3229,34.2503],[-118.3281,34.2516],[-118.3285,34.2526],[-118.3283,34.256],[-118.3278,34.2564],[-118.3267,34.2559],[-118.3265,34.2553]]]]},"properties":{"id":"usgs-pad-us-fee-managers:89258","name":"Whitebird Property","kind":"land","category":"public-land","sourceCategory":"public-land","sourceId":"usgs-pad-us-fee-managers","sourceUrl":"https://services.arcgis.com/v01gqwM5QqNysAAi/arcgis/rest/services/Fee_Managers_PADUS/FeatureServer/0","sourceUpdated":"2023-05-15T04:00:00.000Z","publicUse":"PAD-US reports open access; verify current manager conditions and restrictions.","unit":"REG","origin":"public-catalog"}},{"type":"Feature","id":"usgs-pad-us-fee-managers:89259","geometry":{"type":"Polygon","coordinates":[[[-118.5976,34.1107],[-118.5977,34.1089],[-118.6019,34.1089],[-118.602,34.1073],[-118.6031,34.1077],[-118.6043,34.1074],[-118.6047,34.1077],[-118.6063,34.1082],[-118.6063,34.1107],[-118.5976,34.1107]]]},"properties":{"id":"usgs-pad-us-fee-managers:89259","name":"Mrca Open Space","kind":"land","category":"public-land","sourceCategory":"public-land","sourceId":"usgs-pad-us-fee-managers","sourceUrl":"https://services.arcgis.com/v01gqwM5QqNysAAi/arcgis/rest/services/Fee_Managers_PADUS/FeatureServer/0","sourceUpdated":"2023-05-15T04:00:00.000Z","publicUse":"PAD-US reports open access; verify current manager conditions and restrictions.","unit":"REG","origin":"public-catalog"}},{"type":"Feature","id":"usgs-pad-us-fee-managers:89260","geometry":{"type":"Polygon","coordinates":[[[-118.287,34.2226],[-118.2884,34.2226],[-118.2884,34.224],[-118.287,34.224],[-118.287,34.2226]]]},"properties":{"id":"usgs-pad-us-fee-managers:89260","name":"Bagdaserian -","kind":"land","category":"public-land","sourceCategory":"public-land","sourceId":"usgs-pad-us-fee-managers","sourceUrl":"https://services.arcgis.com/v01gqwM5QqNysAAi/arcgis/rest/services/Fee_Managers_PADUS/FeatureServer/0","sourceUpdated":"2021-04-19T04:00:00.000Z","publicUse":"PAD-US reports open access; verify current manager conditions and restrictions.","unit":"REG","origin":"public-catalog"}},{"type":"Feature","id":"usgs-pad-us-fee-managers:89323","geometry":{"type":"MultiPolygon","coordinates":[[[[-122.2775,38.2807],[-122.2775,38.2805],[-122.2808,38.2806],[-122.2808,38.281],[-122.2775,38.2807]]],[[[-122.2813,38.2803],[-122.282,38.2791],[-122.2837,38.28],[-122.2844,38.2813],[-122.281,38.281],[-122.2813,38.2803]]]]},"properties":{"id":"usgs-pad-us-fee-managers:89323","name":"Napa Valley Open Space","kind":"land","category":"public-land","sourceCategory":"public-land","sourceId":"usgs-pad-us-fee-managers","sourceUrl":"https://services.arcgis.com/v01gqwM5QqNysAAi/arcgis/rest/services/Fee_Managers_PADUS/FeatureServer/0","sourceUpdated":"2019-05-31T04:00:00.000Z","publicUse":"PAD-US reports open access; verify current manager conditions and restrictions.","unit":"REG","origin":"public-catalog"}},{"type":"Feature","id":"usgs-pad-us-fee-managers:89573","geometry":{"type":"Polygon","coordinates":[[[-121.3784,38.6777],[-121.3784,38.677],[-121.3796,38.677],[-121.3796,38.6777],[-121.3784,38.6777]]]},"properties":{"id":"usgs-pad-us-fee-managers:89573","name":"Highlands Community Pool","kind":"land","category":"public-land","sourceCategory":"public-land","sourceId":"usgs-pad-us-fee-managers","sourceUrl":"https://services.arcgis.com/v01gqwM5QqNysAAi/arcgis/rest/services/Fee_Managers_PADUS/FeatureServer/0","sourceUpdated":"2023-05-15T04:00:00.000Z","publicUse":"PAD-US reports open access; verify current manager conditions and restrictions.","unit":"REG","origin":"public-catalog"}},{"type":"Feature","id":"usgs-pad-us-fee-managers:89574","geometry":{"type":"Polygon","coordinates":[[[-121.3784,38.6784],[-121.3784,38.6777],[-121.3796,38.6777],[-121.3796,38.677],[-121.3818,38.677],[-121.3819,38.6784],[-121.3784,38.6784]]]},"properties":{"id":"usgs-pad-us-fee-managers:89574","name":"Highlands Community Sports Complex","kind":"land","category":"public-land","sourceCategory":"public-land","sourceId":"usgs-pad-us-fee-managers","sourceUrl":"https://services.arcgis.com/v01gqwM5QqNysAAi/arcgis/rest/services/Fee_Managers_PADUS/FeatureServer/0","sourceUpdated":"2023-05-15T04:00:00.000Z","publicUse":"PAD-US reports open access; verify current manager conditions and restrictions.","unit":"REG","origin":"public-catalog"}},{"type":"Feature","id":"usgs-pad-us-fee-managers:89575","geometry":{"type":"Polygon","coordinates":[[[-121.3812,38.6754],[-121.3812,38.6751],[-121.382,38.6752],[-121.382,38.6758],[-121.3812,38.6758],[-121.3812,38.6754]]]},"properties":{"id":"usgs-pad-us-fee-managers:89575","name":"North Highlands Recreation And Community Center","kind":"land","category":"public-land","sourceCategory":"public-land","sourceId":"usgs-pad-us-fee-managers","sourceUrl":"https://services.arcgis.com/v01gqwM5QqNysAAi/arcgis/rest/services/Fee_Managers_PADUS/FeatureServer/0","sourceUpdated":"2021-04-19T04:00:00.000Z","publicUse":"PAD-US reports open access; verify current manager conditions and restrictions.","unit":"REG","origin":"public-catalog"}},{"type":"Feature","id":"usgs-pad-us-fee-managers:89589","geometry":{"type":"MultiPolygon","coordinates":[[[[-119.1966,35.3965],[-119.1966,35.3944],[-119.1987,35.3944],[-119.1987,35.3965],[-119.1966,35.3965]]],[[[-119.0923,35.4342],[-119.0923,35.4327],[-119.0945,35.4328],[-119.0946,35.4342],[-119.0923,35.4342]]]]},"properties":{"id":"usgs-pad-us-fee-managers:89589","name":"North of the River Recreation and Park District Local Park","kind":"land","category":"public-land","sourceCategory":"public-land","sourceId":"usgs-pad-us-fee-managers","sourceUrl":"https://services.arcgis.com/v01gqwM5QqNysAAi/arcgis/rest/services/Fee_Managers_PADUS/FeatureServer/0","sourceUpdated":"2022-02-17T05:00:00.000Z","publicUse":"PAD-US reports restricted access; confirm permits and seasonal rules with the manager.","unit":"REG","origin":"public-catalog"}},{"type":"Feature","id":"usgs-pad-us-fee-managers:89675","geometry":{"type":"Polygon","coordinates":[[[-117.8305,33.6729],[-117.8307,33.6728],[-117.8273,33.6763],[-117.8272,33.6762],[-117.8305,33.6729]]]},"properties":{"id":"usgs-pad-us-fee-managers:89675","name":"Freeway Trail","kind":"land","category":"public-land","sourceCategory":"public-land","sourceId":"usgs-pad-us-fee-managers","sourceUrl":"https://services.arcgis.com/v01gqwM5QqNysAAi/arcgis/rest/services/Fee_Managers_PADUS/FeatureServer/0","sourceUpdated":"2023-02-20T05:00:00.000Z","publicUse":"PAD-US reports open access; verify current manager conditions and restrictions.","unit":"REG","origin":"public-catalog"}},{"type":"Feature","id":"usgs-pad-us-fee-managers:89676","geometry":{"type":"Polygon","coordinates":[[[-117.7616,33.8297],[-117.7613,33.8297],[-117.7606,33.8289],[-117.7612,33.828],[-117.762,33.8288],[-117.7628,33.829],[-117.7617,33.83],[-117.7614,33.8299],[-117.7616,33.8297]]]},"properties":{"id":"usgs-pad-us-fee-managers:89676","name":"Anaheim Hills Elementary School Playfields","kind":"land","category":"public-land","sourceCategory":"public-land","sourceId":"usgs-pad-us-fee-managers","sourceUrl":"https://services.arcgis.com/v01gqwM5QqNysAAi/arcgis/rest/services/Fee_Managers_PADUS/FeatureServer/0","sourceUpdated":"2020-03-04T05:00:00.000Z","publicUse":"PAD-US reports open access; verify current manager conditions and restrictions.","unit":"REG","origin":"public-catalog"}},{"type":"Feature","id":"usgs-pad-us-fee-managers:89678","geometry":{"type":"Polygon","coordinates":[[[-121.2268,38.6894],[-121.226,38.6894],[-121.226,38.6889],[-121.2256,38.6889],[-121.2256,38.6885],[-121.2266,38.6885],[-121.2266,38.688],[-121.2278,38.6881],[-121.2278,38.6885],[-121.2273,38.6885],[-121.2273,38.689],[-121.227,38.689],[-121.227,38.6893],[-121.2268,38.6894]]]},"properties":{"id":"usgs-pad-us-fee-managers:89678","name":"Orangevale Youth Center Park","kind":"land","category":"public-land","sourceCategory":"public-land","sourceId":"usgs-pad-us-fee-managers","sourceUrl":"https://services.arcgis.com/v01gqwM5QqNysAAi/arcgis/rest/services/Fee_Managers_PADUS/FeatureServer/0","sourceUpdated":"2023-05-15T04:00:00.000Z","publicUse":"PAD-US reports open access; verify current manager conditions and restrictions.","unit":"REG","origin":"public-catalog"}},{"type":"Feature","id":"usgs-pad-us-fee-managers:90174","geometry":{"type":"Polygon","coordinates":[[[-119.0496,34.2271],[-119.0479,34.2271],[-119.0479,34.2256],[-119.0506,34.2256],[-119.0511,34.2266],[-119.0504,34.2271],[-119.0496,34.2271]]]},"properties":{"id":"usgs-pad-us-fee-managers:90174","name":"Community Center Park","kind":"land","category":"public-land","sourceCategory":"public-land","sourceId":"usgs-pad-us-fee-managers","sourceUrl":"https://services.arcgis.com/v01gqwM5QqNysAAi/arcgis/rest/services/Fee_Managers_PADUS/FeatureServer/0","sourceUpdated":"2023-05-15T04:00:00.000Z","publicUse":"PAD-US reports open access; verify current manager conditions and restrictions.","unit":"REG","origin":"public-catalog"}},{"type":"Feature","id":"usgs-pad-us-fee-managers:90175","geometry":{"type":"Polygon","coordinates":[[[-119.0768,34.2388],[-119.0769,34.2384],[-119.0783,34.2386],[-119.0782,34.239],[-119.0768,34.2391],[-119.0768,34.2388]]]},"properties":{"id":"usgs-pad-us-fee-managers:90175","name":"Las Posas Equestrian Park","kind":"land","category":"public-land","sourceCategory":"public-land","sourceId":"usgs-pad-us-fee-managers","sourceUrl":"https://services.arcgis.com/v01gqwM5QqNysAAi/arcgis/rest/services/Fee_Managers_PADUS/FeatureServer/0","sourceUpdated":"2023-05-15T04:00:00.000Z","publicUse":"PAD-US reports open access; verify current manager conditions and restrictions.","unit":"REG","origin":"public-catalog"}},{"type":"Feature","id":"usgs-pad-us-fee-managers:90257","geometry":{"type":"Polygon","coordinates":[[[-118.7122,34.2664],[-118.7129,34.2676],[-118.7091,34.2681],[-118.7094,34.2677],[-118.7122,34.2664]]]},"properties":{"id":"usgs-pad-us-fee-managers:90257","name":"Rancho Simi Park And Rec District Office","kind":"land","category":"public-land","sourceCategory":"public-land","sourceId":"usgs-pad-us-fee-managers","sourceUrl":"https://services.arcgis.com/v01gqwM5QqNysAAi/arcgis/rest/services/Fee_Managers_PADUS/FeatureServer/0","sourceUpdated":"2023-05-15T04:00:00.000Z","publicUse":"PAD-US does not report an access classification; verify with the land manager.","unit":"REG","origin":"public-catalog"}},{"type":"Feature","id":"usgs-pad-us-fee-managers:90258","geometry":{"type":"Polygon","coordinates":[[[-118.7195,34.3032],[-118.7199,34.3044],[-118.7182,34.3057],[-118.717,34.3049],[-118.7183,34.3037],[-118.7195,34.3032]]]},"properties":{"id":"usgs-pad-us-fee-managers:90258","name":"Lost Canyon Park","kind":"land","category":"public-land","sourceCategory":"public-land","sourceId":"usgs-pad-us-fee-managers","sourceUrl":"https://services.arcgis.com/v01gqwM5QqNysAAi/arcgis/rest/services/Fee_Managers_PADUS/FeatureServer/0","sourceUpdated":"2023-05-15T04:00:00.000Z","publicUse":"PAD-US does not report an access classification; verify with the land manager.","unit":"REG","origin":"public-catalog"}},{"type":"Feature","id":"usgs-pad-us-fee-managers:90503","geometry":{"type":"MultiPolygon","coordinates":[[[[-117.0933,34.0751],[-117.0862,34.0752],[-117.0863,34.0733],[-117.0993,34.0732],[-117.0993,34.0754],[-117.0933,34.0751]]],[[[-117.0903,34.074],[-117.0896,34.0739],[-117.0895,34.0743],[-117.0902,34.0744],[-117.0903,34.074]]],[[[-117.0995,34.0732],[-117.1037,34.0732],[-117.1036,34.0768],[-117.1,34.0751],[-117.0995,34.0732]]],[[[-117.1124,34.0913],[-117.1124,34.0893],[-117.1135,34.0896],[-117.1135,34.0892],[-117.1134,34.0901],[-117.1124,34.0913]]],[[[-117.1137,34.0893],[-117.1133,34.0878],[-117.1138,34.0886],[-117.1144,34.0891],[-117.1171,34.0858],[-117.1155,34.0847],[-117.1153,34.0849],[-117.1072,34.0789],[-117.1038,34.077],[-117.1039,34.0732],[-117.1116,34.0734],[-117.1116,34.076],[-117.1112,34.076],[-117.1113,34.0766],[-117.1199,34.077],[-117.1199,34.081],[-117.1213,34.081],[-117.1213,34.0843],[-117.1178,34.0842],[-117.1176,34.0844],[-117.1213,34.0845],[-117.1213,34.0916],[-117.1126,34.0914],[-117.1135,34.0903],[-117.1137,34.0893]]]]},"properties":{"id":"usgs-pad-us-fee-managers:90503","name":"San Bernardino Valley Water Conservation District","kind":"land","category":"public-land","sourceCategory":"public-land","sourceId":"usgs-pad-us-fee-managers","sourceUrl":"https://services.arcgis.com/v01gqwM5QqNysAAi/arcgis/rest/services/Fee_Managers_PADUS/FeatureServer/0","sourceUpdated":"2023-05-15T04:00:00.000Z","publicUse":"PAD-US reports open access; verify current manager conditions and restrictions.","unit":"REG","origin":"public-catalog"}},{"type":"Feature","id":"usgs-pad-us-fee-managers:90504","geometry":{"type":"Polygon","coordinates":[[[-117.068,32.7979],[-117.0676,32.7974],[-117.0683,32.7968],[-117.0687,32.7968],[-117.0692,32.7964],[-117.0697,32.7968],[-117.0686,32.7978],[-117.068,32.7979]]]},"properties":{"id":"usgs-pad-us-fee-managers:90504","name":"Marvin Elementary","kind":"land","category":"public-land","sourceCategory":"public-land","sourceId":"usgs-pad-us-fee-managers","sourceUrl":"https://services.arcgis.com/v01gqwM5QqNysAAi/arcgis/rest/services/Fee_Managers_PADUS/FeatureServer/0","sourceUpdated":"2021-03-14T05:00:00.000Z","publicUse":"PAD-US reports open access; verify current manager conditions and restrictions.","unit":"REG","origin":"public-catalog"}},{"type":"Feature","id":"usgs-pad-us-fee-managers:90505","geometry":{"type":"MultiPolygon","coordinates":[[[[-117.0291,32.7096],[-117.0297,32.7108],[-117.0289,32.7109],[-117.0289,32.7098],[-117.0291,32.7096]]],[[[-117.0289,32.7112],[-117.0295,32.7111],[-117.0296,32.7112],[-117.0289,32.7112]]]]},"properties":{"id":"usgs-pad-us-fee-managers:90505","name":"Audubon K8","kind":"land","category":"public-land","sourceCategory":"public-land","sourceId":"usgs-pad-us-fee-managers","sourceUrl":"https://services.arcgis.com/v01gqwM5QqNysAAi/arcgis/rest/services/Fee_Managers_PADUS/FeatureServer/0","sourceUpdated":"2021-04-16T04:00:00.000Z","publicUse":"PAD-US reports open access; verify current manager conditions and restrictions.","unit":"REG","origin":"public-catalog"}},{"type":"Feature","id":"usgs-pad-us-fee-managers:90506","geometry":{"type":"Polygon","coordinates":[[[-117.1804,32.8372],[-117.1807,32.8361],[-117.1807,32.8371],[-117.1815,32.8371],[-117.1814,32.8376],[-117.1818,32.8376],[-117.182,32.8385],[-117.1804,32.8385],[-117.1804,32.8372]]]},"properties":{"id":"usgs-pad-us-fee-managers:90506","name":"Creative Performing and Media Arts (CPMA)","kind":"land","category":"public-land","sourceCategory":"public-land","sourceId":"usgs-pad-us-fee-managers","sourceUrl":"https://services.arcgis.com/v01gqwM5QqNysAAi/arcgis/rest/services/Fee_Managers_PADUS/FeatureServer/0","sourceUpdated":"2021-04-16T04:00:00.000Z","publicUse":"PAD-US reports open access; verify current manager conditions and restrictions.","unit":"REG","origin":"public-catalog"}},{"type":"Feature","id":"usgs-pad-us-fee-managers:90507","geometry":{"type":"Polygon","coordinates":[[[-117.1264,32.8019],[-117.1271,32.8017],[-117.1277,32.8024],[-117.1277,32.803],[-117.1266,32.8029],[-117.126,32.8024],[-117.1264,32.8019]]]},"properties":{"id":"usgs-pad-us-fee-managers:90507","name":"Cubberely Elementary","kind":"land","category":"public-land","sourceCategory":"public-land","sourceId":"usgs-pad-us-fee-managers","sourceUrl":"https://services.arcgis.com/v01gqwM5QqNysAAi/arcgis/rest/services/Fee_Managers_PADUS/FeatureServer/0","sourceUpdated":"2021-04-16T04:00:00.000Z","publicUse":"PAD-US reports open access; verify current manager conditions and restrictions.","unit":"REG","origin":"public-catalog"}},{"type":"Feature","id":"usgs-pad-us-fee-managers:90508","geometry":{"type":"Polygon","coordinates":[[[-117.0589,32.7149],[-117.0593,32.7147],[-117.0592,32.7137],[-117.0598,32.7145],[-117.0593,32.7143],[-117.0593,32.7147],[-117.0597,32.7147],[-117.0597,32.7155],[-117.0596,32.7156],[-117.059,32.7156],[-117.0589,32.7149]]]},"properties":{"id":"usgs-pad-us-fee-managers:90508","name":"Encanto Elementary","kind":"land","category":"public-land","sourceCategory":"public-land","sourceId":"usgs-pad-us-fee-managers","sourceUrl":"https://services.arcgis.com/v01gqwM5QqNysAAi/arcgis/rest/services/Fee_Managers_PADUS/FeatureServer/0","sourceUpdated":"2021-04-16T04:00:00.000Z","publicUse":"PAD-US reports open access; verify current manager conditions and restrictions.","unit":"REG","origin":"public-catalog"}},{"type":"Feature","id":"usgs-pad-us-fee-managers:90509","geometry":{"type":"Polygon","coordinates":[[[-117.0152,32.807],[-117.0148,32.8065],[-117.015,32.8064],[-117.0154,32.8069],[-117.0152,32.807]]]},"properties":{"id":"usgs-pad-us-fee-managers:90509","name":"Gage Elementary","kind":"land","category":"public-land","sourceCategory":"public-land","sourceId":"usgs-pad-us-fee-managers","sourceUrl":"https://services.arcgis.com/v01gqwM5QqNysAAi/arcgis/rest/services/Fee_Managers_PADUS/FeatureServer/0","sourceUpdated":"2021-03-14T05:00:00.000Z","publicUse":"PAD-US reports open access; verify current manager conditions and restrictions.","unit":"REG","origin":"public-catalog"}},{"type":"Feature","id":"usgs-pad-us-fee-managers:90510","geometry":{"type":"Polygon","coordinates":[[[-117.0504,32.7707],[-117.0507,32.7705],[-117.0509,32.7698],[-117.0514,32.7698],[-117.0515,32.7707],[-117.0504,32.7707]]]},"properties":{"id":"usgs-pad-us-fee-managers:90510","name":"Harriet Tubman Charter School","kind":"land","category":"public-land","sourceCategory":"public-land","sourceId":"usgs-pad-us-fee-managers","sourceUrl":"https://services.arcgis.com/v01gqwM5QqNysAAi/arcgis/rest/services/Fee_Managers_PADUS/FeatureServer/0","sourceUpdated":"2021-03-14T05:00:00.000Z","publicUse":"PAD-US reports open access; verify current manager conditions and restrictions.","unit":"REG","origin":"public-catalog"}},{"type":"Feature","id":"usgs-pad-us-fee-managers:90511","geometry":{"type":"Polygon","coordinates":[[[-117.0881,32.7131],[-117.0875,32.7131],[-117.0874,32.7127],[-117.0879,32.7125],[-117.0879,32.7117],[-117.0874,32.7117],[-117.0871,32.7122],[-117.0865,32.7122],[-117.087,32.7116],[-117.087,32.712],[-117.0873,32.7116],[-117.0881,32.7116],[-117.0882,32.7121],[-117.0888,32.7129],[-117.0881,32.7131]]]},"properties":{"id":"usgs-pad-us-fee-managers:90511","name":"Horton Elementary","kind":"land","category":"public-land","sourceCategory":"public-land","sourceId":"usgs-pad-us-fee-managers","sourceUrl":"https://services.arcgis.com/v01gqwM5QqNysAAi/arcgis/rest/services/Fee_Managers_PADUS/FeatureServer/0","sourceUpdated":"2021-03-14T05:00:00.000Z","publicUse":"PAD-US reports open access; verify current manager conditions and restrictions.","unit":"REG","origin":"public-catalog"}},{"type":"Feature","id":"usgs-pad-us-fee-managers:90512","geometry":{"type":"MultiPolygon","coordinates":[[[[-117.1751,32.8388],[-117.1751,32.8388],[-117.1751,32.8388],[-117.1751,32.8388]]],[[[-117.1751,32.8388],[-117.1737,32.8389],[-117.1725,32.8372],[-117.1737,32.8373],[-117.1737,32.8377],[-117.1741,32.8384],[-117.1741,32.8381],[-117.1746,32.8381],[-117.1746,32.8388],[-117.1751,32.8388]]]]},"properties":{"id":"usgs-pad-us-fee-managers:90512","name":"Innovation Middle","kind":"land","category":"public-land","sourceCategory":"public-land","sourceId":"usgs-pad-us-fee-managers","sourceUrl":"https://services.arcgis.com/v01gqwM5QqNysAAi/arcgis/rest/services/Fee_Managers_PADUS/FeatureServer/0","sourceUpdated":"2021-03-14T05:00:00.000Z","publicUse":"PAD-US reports open access; verify current manager conditions and restrictions.","unit":"REG","origin":"public-catalog"}},{"type":"Feature","id":"usgs-pad-us-fee-managers:90513","geometry":{"type":"Polygon","coordinates":[[[-117.1748,32.7934],[-117.1745,32.7934],[-117.1742,32.7925],[-117.1747,32.7926],[-117.1748,32.7924],[-117.1753,32.7924],[-117.1754,32.7932],[-117.1748,32.7934]]]},"properties":{"id":"usgs-pad-us-fee-managers:90513","name":"Linda Vista Elementary","kind":"land","category":"public-land","sourceCategory":"public-land","sourceId":"usgs-pad-us-fee-managers","sourceUrl":"https://services.arcgis.com/v01gqwM5QqNysAAi/arcgis/rest/services/Fee_Managers_PADUS/FeatureServer/0","sourceUpdated":"2021-04-19T04:00:00.000Z","publicUse":"PAD-US reports open access; verify current manager conditions and restrictions.","unit":"REG","origin":"public-catalog"}},{"type":"Feature","id":"usgs-pad-us-fee-managers:90514","geometry":{"type":"Polygon","coordinates":[[[-117.2115,32.8496],[-117.2113,32.8492],[-117.2128,32.8487],[-117.2131,32.8493],[-117.2122,32.8493],[-117.2122,32.85],[-117.2125,32.8507],[-117.2121,32.8508],[-117.2121,32.8502],[-117.2114,32.8501],[-117.2115,32.8496]]]},"properties":{"id":"usgs-pad-us-fee-managers:90514","name":"Spreckles Elementary School Play Yard","kind":"land","category":"public-land","sourceCategory":"public-land","sourceId":"usgs-pad-us-fee-managers","sourceUrl":"https://services.arcgis.com/v01gqwM5QqNysAAi/arcgis/rest/services/Fee_Managers_PADUS/FeatureServer/0","sourceUpdated":"2022-02-17T05:00:00.000Z","publicUse":"PAD-US reports open access; verify current manager conditions and restrictions.","unit":"REG","origin":"public-catalog"}},{"type":"Feature","id":"usgs-pad-us-fee-managers:90515","geometry":{"type":"Polygon","coordinates":[[[-117.0138,32.8084],[-117.0125,32.8071],[-117.0137,32.8063],[-117.015,32.8077],[-117.0147,32.8081],[-117.0138,32.8084]]]},"properties":{"id":"usgs-pad-us-fee-managers:90515","name":"Gage Elementary","kind":"land","category":"public-land","sourceCategory":"public-land","sourceId":"usgs-pad-us-fee-managers","sourceUrl":"https://services.arcgis.com/v01gqwM5QqNysAAi/arcgis/rest/services/Fee_Managers_PADUS/FeatureServer/0","sourceUpdated":"2021-04-16T04:00:00.000Z","publicUse":"PAD-US reports open access; verify current manager conditions and restrictions.","unit":"CITY","origin":"public-catalog"}},{"type":"Feature","id":"usgs-pad-us-fee-managers:90516","geometry":{"type":"Polygon","coordinates":[[[-117.1215,32.7366],[-117.1206,32.7366],[-117.1206,32.7364],[-117.1203,32.7364],[-117.1204,32.7358],[-117.1216,32.7359],[-117.1218,32.7361],[-117.1216,32.7362],[-117.1215,32.7366]]]},"properties":{"id":"usgs-pad-us-fee-managers:90516","name":"McKinley Elementary","kind":"land","category":"public-land","sourceCategory":"public-land","sourceId":"usgs-pad-us-fee-managers","sourceUrl":"https://services.arcgis.com/v01gqwM5QqNysAAi/arcgis/rest/services/Fee_Managers_PADUS/FeatureServer/0","sourceUpdated":"2023-05-15T04:00:00.000Z","publicUse":"PAD-US reports open access; verify current manager conditions and restrictions.","unit":"REG","origin":"public-catalog"}},{"type":"Feature","id":"usgs-pad-us-fee-managers:90517","geometry":{"type":"Polygon","coordinates":[[[-117.1871,32.9583],[-117.1859,32.9574],[-117.1861,32.9571],[-117.1871,32.9574],[-117.1873,32.9573],[-117.1879,32.9578],[-117.1879,32.9581],[-117.1874,32.9585],[-117.1871,32.9583]]]},"properties":{"id":"usgs-pad-us-fee-managers:90517","name":"Pacific Trails Middle School","kind":"land","category":"public-land","sourceCategory":"public-land","sourceId":"usgs-pad-us-fee-managers","sourceUrl":"https://services.arcgis.com/v01gqwM5QqNysAAi/arcgis/rest/services/Fee_Managers_PADUS/FeatureServer/0","sourceUpdated":"2023-02-12T05:00:00.000Z","publicUse":"PAD-US reports open access; verify current manager conditions and restrictions.","unit":"REG","origin":"public-catalog"}},{"type":"Feature","id":"usgs-pad-us-fee-managers:90749","geometry":{"type":"Polygon","coordinates":[[[-118.021,33.7479],[-118.0212,33.7472],[-118.0209,33.7472],[-118.0209,33.747],[-118.0223,33.747],[-118.0223,33.7479],[-118.021,33.7479]]]},"properties":{"id":"usgs-pad-us-fee-managers:90749","name":"Clegg-Stacy","kind":"land","category":"public-land","sourceCategory":"public-land","sourceId":"usgs-pad-us-fee-managers","sourceUrl":"https://services.arcgis.com/v01gqwM5QqNysAAi/arcgis/rest/services/Fee_Managers_PADUS/FeatureServer/0","sourceUpdated":"2023-05-15T04:00:00.000Z","publicUse":"PAD-US reports open access; verify current manager conditions and restrictions.","unit":"REG","origin":"public-catalog"}},{"type":"Feature","id":"usgs-pad-us-fee-managers:90757","geometry":{"type":"Polygon","coordinates":[[[-122.0812,37.4231],[-122.0812,37.4208],[-122.0828,37.4209],[-122.0828,37.4211],[-122.0822,37.4211],[-122.0822,37.4219],[-122.0824,37.4218],[-122.0823,37.4215],[-122.0827,37.4215],[-122.0828,37.4225],[-122.0833,37.4229],[-122.0812,37.4231]]]},"properties":{"id":"usgs-pad-us-fee-managers:90757","name":"Charleston Park","kind":"land","category":"public-land","sourceCategory":"public-land","sourceId":"usgs-pad-us-fee-managers","sourceUrl":"https://services.arcgis.com/v01gqwM5QqNysAAi/arcgis/rest/services/Fee_Managers_PADUS/FeatureServer/0","sourceUpdated":"2023-05-15T04:00:00.000Z","publicUse":"PAD-US reports open access; verify current manager conditions and restrictions.","unit":"REG","origin":"public-catalog"}},{"type":"Feature","id":"usgs-pad-us-fee-managers:90812","geometry":{"type":"Polygon","coordinates":[[[-122.6774,38.4182],[-122.6768,38.4182],[-122.6768,38.4188],[-122.6774,38.4188],[-122.6774,38.4182],[-122.6784,38.4186],[-122.6789,38.4194],[-122.6791,38.4203],[-122.6819,38.4237],[-122.6805,38.4237],[-122.6806,38.4241],[-122.6799,38.4241],[-122.6798,38.4237],[-122.6795,38.4237],[-122.6793,38.4228],[-122.679,38.4223],[-122.677,38.4206],[-122.676,38.4202],[-122.6759,38.4126],[-122.6773,38.4126],[-122.6774,38.4182]]]},"properties":{"id":"usgs-pad-us-fee-managers:90812","name":"Bath/Watt","kind":"land","category":"public-land","sourceCategory":"public-land","sourceId":"usgs-pad-us-fee-managers","sourceUrl":"https://services.arcgis.com/v01gqwM5QqNysAAi/arcgis/rest/services/Fee_Managers_PADUS/FeatureServer/0","sourceUpdated":"2021-04-19T04:00:00.000Z","publicUse":"PAD-US reports open access; verify current manager conditions and restrictions.","unit":"REG","origin":"public-catalog"}},{"type":"Feature","id":"usgs-pad-us-fee-managers:90813","geometry":{"type":"Polygon","coordinates":[[[-122.6774,38.4181],[-122.6774,38.4171],[-122.686,38.4165],[-122.6857,38.4237],[-122.6819,38.4237],[-122.6791,38.4203],[-122.6789,38.4194],[-122.6784,38.4186],[-122.6774,38.4181]]]},"properties":{"id":"usgs-pad-us-fee-managers:90813","name":"Nunes","kind":"land","category":"public-land","sourceCategory":"public-land","sourceId":"usgs-pad-us-fee-managers","sourceUrl":"https://services.arcgis.com/v01gqwM5QqNysAAi/arcgis/rest/services/Fee_Managers_PADUS/FeatureServer/0","sourceUpdated":"2023-05-15T04:00:00.000Z","publicUse":"PAD-US reports open access; verify current manager conditions and restrictions.","unit":"REG","origin":"public-catalog"}},{"type":"Feature","id":"usgs-pad-us-fee-managers:90819","geometry":{"type":"Polygon","coordinates":[[[-119.2694,35.8859],[-119.2692,35.8854],[-119.27,35.8853],[-119.2704,35.8848],[-119.271,35.8848],[-119.2712,35.8857],[-119.2694,35.8859]]]},"properties":{"id":"usgs-pad-us-fee-managers:90819","name":"Unknown Park","kind":"land","category":"public-land","sourceCategory":"public-land","sourceId":"usgs-pad-us-fee-managers","sourceUrl":"https://services.arcgis.com/v01gqwM5QqNysAAi/arcgis/rest/services/Fee_Managers_PADUS/FeatureServer/0","sourceUpdated":"2023-05-15T04:00:00.000Z","publicUse":"PAD-US reports open access; verify current manager conditions and restrictions.","unit":"REG","origin":"public-catalog"}},{"type":"Feature","id":"usgs-pad-us-fee-managers:90821","geometry":{"type":"Polygon","coordinates":[[[-121.4439,38.5137],[-121.4438,38.5123],[-121.4464,38.5121],[-121.4464,38.5126],[-121.4448,38.5126],[-121.4449,38.5137],[-121.4439,38.5137]]]},"properties":{"id":"usgs-pad-us-fee-managers:90821","name":"C.B. Wire Park","kind":"land","category":"public-land","sourceCategory":"public-land","sourceId":"usgs-pad-us-fee-managers","sourceUrl":"https://services.arcgis.com/v01gqwM5QqNysAAi/arcgis/rest/services/Fee_Managers_PADUS/FeatureServer/0","sourceUpdated":"2023-05-15T04:00:00.000Z","publicUse":"PAD-US reports open access; verify current manager conditions and restrictions.","unit":"REG","origin":"public-catalog"}},{"type":"Feature","id":"usgs-pad-us-fee-managers:90951","geometry":{"type":"Polygon","coordinates":[[[-121.2627,37.9358],[-121.2622,37.9346],[-121.2634,37.9343],[-121.2636,37.935],[-121.2627,37.9352],[-121.2627,37.9355],[-121.263,37.9355],[-121.2631,37.9357],[-121.2627,37.9358]]]},"properties":{"id":"usgs-pad-us-fee-managers:90951","name":"Merlo Gymnasium","kind":"land","category":"public-land","sourceCategory":"public-land","sourceId":"usgs-pad-us-fee-managers","sourceUrl":"https://services.arcgis.com/v01gqwM5QqNysAAi/arcgis/rest/services/Fee_Managers_PADUS/FeatureServer/0","sourceUpdated":"2022-02-05T05:00:00.000Z","publicUse":"PAD-US reports open access; verify current manager conditions and restrictions.","unit":"REG","origin":"public-catalog"}},{"type":"Feature","id":"usgs-pad-us-fee-managers:91040","geometry":{"type":"Polygon","coordinates":[[[-121.3258,38.6895],[-121.3257,38.6884],[-121.3267,38.6884],[-121.3266,38.691],[-121.3251,38.6901],[-121.3258,38.6895]]]},"properties":{"id":"usgs-pad-us-fee-managers:91040","name":"Greenback Wood Park","kind":"land","category":"public-land","sourceCategory":"public-land","sourceId":"usgs-pad-us-fee-managers","sourceUrl":"https://services.arcgis.com/v01gqwM5QqNysAAi/arcgis/rest/services/Fee_Managers_PADUS/FeatureServer/0","sourceUpdated":"2023-05-15T04:00:00.000Z","publicUse":"PAD-US reports open access; verify current manager conditions and restrictions.","unit":"REG","origin":"public-catalog"}},{"type":"Feature","id":"usgs-pad-us-fee-managers:91041","geometry":{"type":"MultiPolygon","coordinates":[[[[-121.2486,38.707],[-121.2486,38.7066],[-121.2492,38.7065],[-121.2491,38.7078],[-121.2486,38.7078],[-121.2486,38.707]]],[[[-121.2445,38.7078],[-121.248,38.7078],[-121.2482,38.7081],[-121.2446,38.7081],[-121.2445,38.7078]]]]},"properties":{"id":"usgs-pad-us-fee-managers:91041","name":"Woodside Oaks/Olivine Dr Park","kind":"land","category":"public-land","sourceCategory":"public-land","sourceId":"usgs-pad-us-fee-managers","sourceUrl":"https://services.arcgis.com/v01gqwM5QqNysAAi/arcgis/rest/services/Fee_Managers_PADUS/FeatureServer/0","sourceUpdated":"2023-05-15T04:00:00.000Z","publicUse":"PAD-US reports open access; verify current manager conditions and restrictions.","unit":"REG","origin":"public-catalog"}},{"type":"Feature","id":"usgs-pad-us-fee-managers:91042","geometry":{"type":"Polygon","coordinates":[[[-121.364,38.7107],[-121.3633,38.7089],[-121.3657,38.7088],[-121.3667,38.7086],[-121.3668,38.7106],[-121.364,38.7107]]]},"properties":{"id":"usgs-pad-us-fee-managers:91042","name":"Blue Oak Park","kind":"land","category":"public-land","sourceCategory":"public-land","sourceId":"usgs-pad-us-fee-managers","sourceUrl":"https://services.arcgis.com/v01gqwM5QqNysAAi/arcgis/rest/services/Fee_Managers_PADUS/FeatureServer/0","sourceUpdated":"2023-05-15T04:00:00.000Z","publicUse":"PAD-US reports open access; verify current manager conditions and restrictions.","unit":"REG","origin":"public-catalog"}},{"type":"Feature","id":"usgs-pad-us-fee-managers:91043","geometry":{"type":"Polygon","coordinates":[[[-121.3402,38.7115],[-121.3402,38.7108],[-121.3416,38.7108],[-121.3417,38.7119],[-121.3421,38.7127],[-121.3402,38.7127],[-121.3402,38.7115]]]},"properties":{"id":"usgs-pad-us-fee-managers:91043","name":"Firestone Park","kind":"land","category":"public-land","sourceCategory":"public-land","sourceId":"usgs-pad-us-fee-managers","sourceUrl":"https://services.arcgis.com/v01gqwM5QqNysAAi/arcgis/rest/services/Fee_Managers_PADUS/FeatureServer/0","sourceUpdated":"2023-05-15T04:00:00.000Z","publicUse":"PAD-US reports open access; verify current manager conditions and restrictions.","unit":"REG","origin":"public-catalog"}},{"type":"Feature","id":"usgs-pad-us-fee-managers:91044","geometry":{"type":"Polygon","coordinates":[[[-121.3813,38.7125],[-121.3813,38.7121],[-121.3766,38.7123],[-121.3739,38.7105],[-121.3748,38.7098],[-121.3738,38.7098],[-121.3748,38.7089],[-121.3765,38.7087],[-121.3766,38.7093],[-121.3773,38.71],[-121.3823,38.71],[-121.385,38.7097],[-121.3853,38.7091],[-121.3858,38.7093],[-121.3857,38.7099],[-121.3875,38.7102],[-121.3815,38.712],[-121.3813,38.7125]]]},"properties":{"id":"usgs-pad-us-fee-managers:91044","name":"Midtown Park","kind":"land","category":"public-land","sourceCategory":"public-land","sourceId":"usgs-pad-us-fee-managers","sourceUrl":"https://services.arcgis.com/v01gqwM5QqNysAAi/arcgis/rest/services/Fee_Managers_PADUS/FeatureServer/0","sourceUpdated":"2023-05-15T04:00:00.000Z","publicUse":"PAD-US reports open access; verify current manager conditions and restrictions.","unit":"REG","origin":"public-catalog"}},{"type":"Feature","id":"usgs-pad-us-fee-managers:91045","geometry":{"type":"Polygon","coordinates":[[[-121.3673,38.7168],[-121.3673,38.7163],[-121.3691,38.7163],[-121.3691,38.7189],[-121.3673,38.7189],[-121.3673,38.7168]]]},"properties":{"id":"usgs-pad-us-fee-managers:91045","name":"Pokelma Park","kind":"land","category":"public-land","sourceCategory":"public-land","sourceId":"usgs-pad-us-fee-managers","sourceUrl":"https://services.arcgis.com/v01gqwM5QqNysAAi/arcgis/rest/services/Fee_Managers_PADUS/FeatureServer/0","sourceUpdated":"2023-05-15T04:00:00.000Z","publicUse":"PAD-US reports open access; verify current manager conditions and restrictions.","unit":"REG","origin":"public-catalog"}},{"type":"Feature","id":"usgs-pad-us-fee-managers:91046","geometry":{"type":"Polygon","coordinates":[[[-121.3276,38.719],[-121.3276,38.7181],[-121.3294,38.7181],[-121.3292,38.7199],[-121.3281,38.7199],[-121.3281,38.7191],[-121.3276,38.719]]]},"properties":{"id":"usgs-pad-us-fee-managers:91046","name":"Roseview Park","kind":"land","category":"public-land","sourceCategory":"public-land","sourceId":"usgs-pad-us-fee-managers","sourceUrl":"https://services.arcgis.com/v01gqwM5QqNysAAi/arcgis/rest/services/Fee_Managers_PADUS/FeatureServer/0","sourceUpdated":"2023-05-15T04:00:00.000Z","publicUse":"PAD-US reports open access; verify current manager conditions and restrictions.","unit":"REG","origin":"public-catalog"}},{"type":"Feature","id":"usgs-pad-us-fee-managers:91061","geometry":{"type":"Polygon","coordinates":[[[-122.5268,37.876],[-122.5271,37.8758],[-122.5274,37.8763],[-122.5266,37.8769],[-122.5264,37.8761],[-122.5268,37.876]]]},"properties":{"id":"usgs-pad-us-fee-managers:91061","name":"Tamalpais Valley Community Center","kind":"land","category":"public-land","sourceCategory":"public-land","sourceId":"usgs-pad-us-fee-managers","sourceUrl":"https://services.arcgis.com/v01gqwM5QqNysAAi/arcgis/rest/services/Fee_Managers_PADUS/FeatureServer/0","sourceUpdated":"2023-05-15T04:00:00.000Z","publicUse":"PAD-US reports open access; verify current manager conditions and restrictions.","unit":"REG","origin":"public-catalog"}},{"type":"Feature","id":"usgs-pad-us-fee-managers:91062","geometry":{"type":"Polygon","coordinates":[[[-117.0196,33.7158],[-117.0195,33.7158],[-117.0196,33.716],[-117.0193,33.7161],[-117.0185,33.7149],[-117.0194,33.7149],[-117.0196,33.7153],[-117.0203,33.7153],[-117.0203,33.7161],[-117.0198,33.7161],[-117.0196,33.7158]]]},"properties":{"id":"usgs-pad-us-fee-managers:91062","name":"Unknown Park","kind":"land","category":"public-land","sourceCategory":"public-land","sourceId":"usgs-pad-us-fee-managers","sourceUrl":"https://services.arcgis.com/v01gqwM5QqNysAAi/arcgis/rest/services/Fee_Managers_PADUS/FeatureServer/0","sourceUpdated":"2023-05-15T04:00:00.000Z","publicUse":"PAD-US reports open access; verify current manager conditions and restrictions.","unit":"REG","origin":"public-catalog"}},{"type":"Feature","id":"usgs-pad-us-fee-managers:91123","geometry":{"type":"Polygon","coordinates":[[[-121.4315,37.727],[-121.4325,37.727],[-121.4327,37.7288],[-121.4315,37.7288],[-121.4315,37.727]]]},"properties":{"id":"usgs-pad-us-fee-managers:91123","name":"South School Park","kind":"land","category":"public-land","sourceCategory":"public-land","sourceId":"usgs-pad-us-fee-managers","sourceUrl":"https://services.arcgis.com/v01gqwM5QqNysAAi/arcgis/rest/services/Fee_Managers_PADUS/FeatureServer/0","sourceUpdated":"2023-05-15T04:00:00.000Z","publicUse":"PAD-US reports open access; verify current manager conditions and restrictions.","unit":"CITY","origin":"public-catalog"}},{"type":"Feature","id":"usgs-pad-us-fee-managers:91444","geometry":{"type":"Polygon","coordinates":[[[-122.0848,37.4049],[-122.0837,37.4046],[-122.0836,37.4048],[-122.0832,37.4047],[-122.0829,37.4055],[-122.0826,37.4054],[-122.083,37.404],[-122.0841,37.4041],[-122.0843,37.4038],[-122.0845,37.4039],[-122.0847,37.403],[-122.0861,37.4039],[-122.0857,37.4052],[-122.0853,37.4048],[-122.0848,37.4049]]]},"properties":{"id":"usgs-pad-us-fee-managers:91444","name":"Stevenson-Theuerkauf School / Park","kind":"land","category":"public-land","sourceCategory":"public-land","sourceId":"usgs-pad-us-fee-managers","sourceUrl":"https://services.arcgis.com/v01gqwM5QqNysAAi/arcgis/rest/services/Fee_Managers_PADUS/FeatureServer/0","sourceUpdated":"2023-05-15T04:00:00.000Z","publicUse":"PAD-US reports open access; verify current manager conditions and restrictions.","unit":"CITY","origin":"public-catalog"}},{"type":"Feature","id":"usgs-pad-us-fee-managers:91642","geometry":{"type":"Polygon","coordinates":[[[-122.6194,38.2513],[-122.6111,38.2519],[-122.6222,38.2506],[-122.6245,38.2505],[-122.6243,38.2507],[-122.6194,38.2513]]]},"properties":{"id":"usgs-pad-us-fee-managers:91642","name":"East Washington Creek Os","kind":"land","category":"public-land","sourceCategory":"public-land","sourceId":"usgs-pad-us-fee-managers","sourceUrl":"https://services.arcgis.com/v01gqwM5QqNysAAi/arcgis/rest/services/Fee_Managers_PADUS/FeatureServer/0","sourceUpdated":"2023-05-15T04:00:00.000Z","publicUse":"PAD-US reports open access; verify current manager conditions and restrictions.","unit":"RWD","origin":"public-catalog"}},{"type":"Feature","id":"usgs-pad-us-fee-managers:91643","geometry":{"type":"Polygon","coordinates":[[[-122.6485,38.2541],[-122.6489,38.2529],[-122.649,38.253],[-122.6484,38.2551],[-122.6479,38.2546],[-122.6485,38.2541]]]},"properties":{"id":"usgs-pad-us-fee-managers:91643","name":"No Name Os","kind":"land","category":"public-land","sourceCategory":"public-land","sourceId":"usgs-pad-us-fee-managers","sourceUrl":"https://services.arcgis.com/v01gqwM5QqNysAAi/arcgis/rest/services/Fee_Managers_PADUS/FeatureServer/0","sourceUpdated":"2023-05-15T04:00:00.000Z","publicUse":"PAD-US reports open access; verify current manager conditions and restrictions.","unit":"RWD","origin":"public-catalog"}},{"type":"Feature","id":"usgs-pad-us-fee-managers:91644","geometry":{"type":"Polygon","coordinates":[[[-122.6154,38.2357],[-122.6167,38.2344],[-122.6169,38.2349],[-122.6166,38.2349],[-122.6139,38.2378],[-122.614,38.2372],[-122.6154,38.2357]]]},"properties":{"id":"usgs-pad-us-fee-managers:91644","name":"Scwa - Drainage Os","kind":"land","category":"public-land","sourceCategory":"public-land","sourceId":"usgs-pad-us-fee-managers","sourceUrl":"https://services.arcgis.com/v01gqwM5QqNysAAi/arcgis/rest/services/Fee_Managers_PADUS/FeatureServer/0","sourceUpdated":"2023-05-15T04:00:00.000Z","publicUse":"PAD-US reports open access; verify current manager conditions and restrictions.","unit":"RWD","origin":"public-catalog"}},{"type":"Feature","id":"usgs-pad-us-fee-managers:91645","geometry":{"type":"Polygon","coordinates":[[[-122.6682,38.2657],[-122.6678,38.2656],[-122.6676,38.2658],[-122.6661,38.2645],[-122.6662,38.2644],[-122.6661,38.264],[-122.6682,38.2657]]]},"properties":{"id":"usgs-pad-us-fee-managers:91645","name":"Scwa - Petaluma River Os","kind":"land","category":"public-land","sourceCategory":"public-land","sourceId":"usgs-pad-us-fee-managers","sourceUrl":"https://services.arcgis.com/v01gqwM5QqNysAAi/arcgis/rest/services/Fee_Managers_PADUS/FeatureServer/0","sourceUpdated":"2021-04-19T04:00:00.000Z","publicUse":"PAD-US reports open access; verify current manager conditions and restrictions.","unit":"RWD","origin":"public-catalog"}},{"type":"Feature","id":"usgs-pad-us-fee-managers:91646","geometry":{"type":"Polygon","coordinates":[[[-122.6157,38.2312],[-122.6165,38.2328],[-122.6161,38.2327],[-122.6156,38.2317],[-122.6157,38.2312]]]},"properties":{"id":"usgs-pad-us-fee-managers:91646","name":"Scwa Os","kind":"land","category":"public-land","sourceCategory":"public-land","sourceId":"usgs-pad-us-fee-managers","sourceUrl":"https://services.arcgis.com/v01gqwM5QqNysAAi/arcgis/rest/services/Fee_Managers_PADUS/FeatureServer/0","sourceUpdated":"2021-04-19T04:00:00.000Z","publicUse":"PAD-US reports open access; verify current manager conditions and restrictions.","unit":"RWD","origin":"public-catalog"}},{"type":"Feature","id":"usgs-pad-us-fee-managers:91939","geometry":{"type":"Polygon","coordinates":[[[-122.0173,37.3982],[-122.0173,37.398],[-122.0221,37.3991],[-122.0173,37.3982]]]},"properties":{"id":"usgs-pad-us-fee-managers:91939","name":"John W. Christian Greenbelt","kind":"land","category":"public-land","sourceCategory":"public-land","sourceId":"usgs-pad-us-fee-managers","sourceUrl":"https://services.arcgis.com/v01gqwM5QqNysAAi/arcgis/rest/services/Fee_Managers_PADUS/FeatureServer/0","sourceUpdated":"2020-10-30T04:00:00.000Z","publicUse":"PAD-US reports open access; verify current manager conditions and restrictions.","unit":"CITY","origin":"public-catalog"}},{"type":"Feature","id":"usgs-pad-us-fee-managers:92216","geometry":{"type":"Polygon","coordinates":[[[-117.0351,33.7958],[-117.0351,33.7956],[-117.0354,33.7956],[-117.0355,33.7958],[-117.0351,33.7958]]]},"properties":{"id":"usgs-pad-us-fee-managers:92216","name":"The Cove","kind":"land","category":"public-land","sourceCategory":"public-land","sourceId":"usgs-pad-us-fee-managers","sourceUrl":"https://services.arcgis.com/v01gqwM5QqNysAAi/arcgis/rest/services/Fee_Managers_PADUS/FeatureServer/0","sourceUpdated":"2023-05-15T04:00:00.000Z","publicUse":"PAD-US reports open access; verify current manager conditions and restrictions.","unit":"CITY","origin":"public-catalog"}},{"type":"Feature","id":"usgs-pad-us-fee-managers:92370","geometry":{"type":"Polygon","coordinates":[[[-117.7247,33.6003],[-117.7247,33.6],[-117.7257,33.5999],[-117.7258,33.5996],[-117.7258,33.6001],[-117.7254,33.6],[-117.725,33.6005],[-117.7247,33.6003]]]},"properties":{"id":"usgs-pad-us-fee-managers:92370","name":"Vista Park","kind":"land","category":"public-land","sourceCategory":"public-land","sourceId":"usgs-pad-us-fee-managers","sourceUrl":"https://services.arcgis.com/v01gqwM5QqNysAAi/arcgis/rest/services/Fee_Managers_PADUS/FeatureServer/0","sourceUpdated":"2023-05-15T04:00:00.000Z","publicUse":"PAD-US reports open access; verify current manager conditions and restrictions.","unit":"CITY","origin":"public-catalog"}},{"type":"Feature","id":"usgs-pad-us-fee-managers:92451","geometry":{"type":"Polygon","coordinates":[[[-118.3219,33.3438],[-118.3233,33.3429],[-118.3234,33.3431],[-118.3222,33.3439],[-118.3219,33.3438]]]},"properties":{"id":"usgs-pad-us-fee-managers:92451","name":"Mole Park","kind":"land","category":"public-land","sourceCategory":"public-land","sourceId":"usgs-pad-us-fee-managers","sourceUrl":"https://services.arcgis.com/v01gqwM5QqNysAAi/arcgis/rest/services/Fee_Managers_PADUS/FeatureServer/0","sourceUpdated":"2023-05-15T04:00:00.000Z","publicUse":"PAD-US reports open access; verify current manager conditions and restrictions.","unit":"CITY","origin":"public-catalog"}},{"type":"Feature","id":"usgs-pad-us-fee-managers:92576","geometry":{"type":"Polygon","coordinates":[[[-122.3188,37.5053],[-122.3194,37.5051],[-122.32,37.504],[-122.3201,37.5041],[-122.32,37.5046],[-122.3202,37.505],[-122.319,37.5059],[-122.3198,37.5066],[-122.3198,37.5071],[-122.3202,37.5074],[-122.3194,37.5085],[-122.3192,37.5082],[-122.3194,37.5078],[-122.319,37.5074],[-122.3193,37.5068],[-122.3189,37.5067],[-122.3183,37.5061],[-122.3188,37.5053]]]},"properties":{"id":"usgs-pad-us-fee-managers:92576","name":"Hallmark Drive Open Space","kind":"land","category":"public-land","sourceCategory":"public-land","sourceId":"usgs-pad-us-fee-managers","sourceUrl":"https://services.arcgis.com/v01gqwM5QqNysAAi/arcgis/rest/services/Fee_Managers_PADUS/FeatureServer/0","sourceUpdated":"2023-05-15T04:00:00.000Z","publicUse":"PAD-US reports open access; verify current manager conditions and restrictions.","unit":"CITY","origin":"public-catalog"}},{"type":"Feature","id":"usgs-pad-us-fee-managers:92577","geometry":{"type":"Polygon","coordinates":[[[-122.2931,37.5095],[-122.2923,37.5086],[-122.2931,37.5082],[-122.2938,37.509],[-122.2931,37.5095]]]},"properties":{"id":"usgs-pad-us-fee-managers:92577","name":"Belmont Public Library","kind":"land","category":"public-land","sourceCategory":"public-land","sourceId":"usgs-pad-us-fee-managers","sourceUrl":"https://services.arcgis.com/v01gqwM5QqNysAAi/arcgis/rest/services/Fee_Managers_PADUS/FeatureServer/0","sourceUpdated":"2023-05-15T04:00:00.000Z","publicUse":"PAD-US reports open access; verify current manager conditions and restrictions.","unit":"CITY","origin":"public-catalog"}},{"type":"Feature","id":"usgs-pad-us-fee-managers:92578","geometry":{"type":"Polygon","coordinates":[[[-122.3219,37.5112],[-122.3226,37.5112],[-122.3223,37.5115],[-122.3219,37.5112]]]},"properties":{"id":"usgs-pad-us-fee-managers:92578","name":"Vista Point","kind":"land","category":"public-land","sourceCategory":"public-land","sourceId":"usgs-pad-us-fee-managers","sourceUrl":"https://services.arcgis.com/v01gqwM5QqNysAAi/arcgis/rest/services/Fee_Managers_PADUS/FeatureServer/0","sourceUpdated":"2023-05-15T04:00:00.000Z","publicUse":"PAD-US reports open access; verify current manager conditions and restrictions.","unit":"CITY","origin":"public-catalog"}},{"type":"Feature","id":"usgs-pad-us-fee-managers:92655","geometry":{"type":"Polygon","coordinates":[[[-122.1558,38.0538],[-122.1562,38.053],[-122.1583,38.054],[-122.1578,38.0547],[-122.1558,38.0538]]]},"properties":{"id":"usgs-pad-us-fee-managers:92655","name":"Benicia Holding","kind":"land","category":"public-land","sourceCategory":"public-land","sourceId":"usgs-pad-us-fee-managers","sourceUrl":"https://services.arcgis.com/v01gqwM5QqNysAAi/arcgis/rest/services/Fee_Managers_PADUS/FeatureServer/0","sourceUpdated":"2023-05-15T04:00:00.000Z","publicUse":"PAD-US reports open access; verify current manager conditions and restrictions.","unit":"CITY","origin":"public-catalog"}},{"type":"Feature","id":"usgs-pad-us-fee-managers:92705","geometry":{"type":"Polygon","coordinates":[[[-118.399,34.0723],[-118.3907,34.0723],[-118.3907,34.0721],[-118.3989,34.0721],[-118.399,34.0723]]]},"properties":{"id":"usgs-pad-us-fee-managers:92705","name":"Unnamed Site - Beverly Hills, City Of","kind":"land","category":"public-land","sourceCategory":"public-land","sourceId":"usgs-pad-us-fee-managers","sourceUrl":"https://services.arcgis.com/v01gqwM5QqNysAAi/arcgis/rest/services/Fee_Managers_PADUS/FeatureServer/0","sourceUpdated":"2023-05-15T04:00:00.000Z","publicUse":"PAD-US reports open access; verify current manager conditions and restrictions.","unit":"CITY","origin":"public-catalog"}},{"type":"Feature","id":"usgs-pad-us-fee-managers:93117","geometry":{"type":"Polygon","coordinates":[[[-121.6404,36.7348],[-121.6409,36.7342],[-121.6419,36.7345],[-121.6413,36.7353],[-121.6404,36.7348]]]},"properties":{"id":"usgs-pad-us-fee-managers:93117","name":"Ferrasci Park","kind":"land","category":"public-land","sourceCategory":"public-land","sourceId":"usgs-pad-us-fee-managers","sourceUrl":"https://services.arcgis.com/v01gqwM5QqNysAAi/arcgis/rest/services/Fee_Managers_PADUS/FeatureServer/0","sourceUpdated":"2023-05-15T04:00:00.000Z","publicUse":"PAD-US reports open access; verify current manager conditions and restrictions.","unit":"CITY","origin":"public-catalog"}},{"type":"Feature","id":"usgs-pad-us-fee-managers:93119","geometry":{"type":"Polygon","coordinates":[[[-117.852,33.9288],[-117.8512,33.9286],[-117.8495,33.9289],[-117.8493,33.9286],[-117.8485,33.9289],[-117.8483,33.9281],[-117.852,33.9276],[-117.852,33.9278],[-117.8525,33.9278],[-117.8527,33.9295],[-117.8524,33.9289],[-117.852,33.9288]]]},"properties":{"id":"usgs-pad-us-fee-managers:93119","name":"Wildcatters Park","kind":"land","category":"public-land","sourceCategory":"public-land","sourceId":"usgs-pad-us-fee-managers","sourceUrl":"https://services.arcgis.com/v01gqwM5QqNysAAi/arcgis/rest/services/Fee_Managers_PADUS/FeatureServer/0","sourceUpdated":"2023-05-15T04:00:00.000Z","publicUse":"PAD-US reports open access; verify current manager conditions and restrictions.","unit":"CITY","origin":"public-catalog"}},{"type":"Feature","id":"usgs-pad-us-fee-managers:93133","geometry":{"type":"Polygon","coordinates":[[[-121.7033,37.9275],[-121.7033,37.9256],[-121.7047,37.9256],[-121.7053,37.927],[-121.7065,37.9282],[-121.7068,37.9291],[-121.7033,37.9292],[-121.7033,37.9275]]]},"properties":{"id":"usgs-pad-us-fee-managers:93133","name":"Brentwood Aquatic Center And Skate Park","kind":"land","category":"public-land","sourceCategory":"public-land","sourceId":"usgs-pad-us-fee-managers","sourceUrl":"https://services.arcgis.com/v01gqwM5QqNysAAi/arcgis/rest/services/Fee_Managers_PADUS/FeatureServer/0","sourceUpdated":"2023-05-15T04:00:00.000Z","publicUse":"PAD-US reports open access; verify current manager conditions and restrictions.","unit":"CITY","origin":"public-catalog"}},{"type":"Feature","id":"usgs-pad-us-fee-managers:93158","geometry":{"type":"Polygon","coordinates":[[[-122.4,37.685],[-122.4022,37.6849],[-122.4017,37.6857],[-122.4,37.685]]]},"properties":{"id":"usgs-pad-us-fee-managers:93158","name":"Brisbane Holding","kind":"land","category":"public-land","sourceCategory":"public-land","sourceId":"usgs-pad-us-fee-managers","sourceUrl":"https://services.arcgis.com/v01gqwM5QqNysAAi/arcgis/rest/services/Fee_Managers_PADUS/FeatureServer/0","sourceUpdated":"2023-05-15T04:00:00.000Z","publicUse":"PAD-US reports open access; verify current manager conditions and restrictions.","unit":"CITY","origin":"public-catalog"}},{"type":"Feature","id":"usgs-pad-us-fee-managers:93230","geometry":{"type":"MultiPolygon","coordinates":[[[[-121.7251,37.9117],[-121.7236,37.9108],[-121.7232,37.9085],[-121.7228,37.9085],[-121.7229,37.9082],[-121.7196,37.9047],[-121.7205,37.9042],[-121.7221,37.9054],[-121.7226,37.9065],[-121.724,37.908],[-121.7239,37.9082],[-121.7268,37.9102],[-121.7265,37.9107],[-121.7268,37.9108],[-121.7262,37.9114],[-121.7259,37.9112],[-121.7251,37.9117]]],[[[-121.7251,37.9117],[-121.7251,37.9117],[-121.7251,37.9117],[-121.7251,37.9117]]]]},"properties":{"id":"usgs-pad-us-fee-managers:93230","name":"Summerset Commons Park","kind":"land","category":"public-land","sourceCategory":"public-land","sourceId":"usgs-pad-us-fee-managers","sourceUrl":"https://services.arcgis.com/v01gqwM5QqNysAAi/arcgis/rest/services/Fee_Managers_PADUS/FeatureServer/0","sourceUpdated":"2021-10-29T04:00:00.000Z","publicUse":"PAD-US reports open access; verify current manager conditions and restrictions.","unit":"CITY","origin":"public-catalog"}},{"type":"Feature","id":"usgs-pad-us-fee-managers:93392","geometry":{"type":"Polygon","coordinates":[[[-117.2951,33.1682],[-117.2951,33.1679],[-117.2954,33.168],[-117.2952,33.1684],[-117.2951,33.1682]]]},"properties":{"id":"usgs-pad-us-fee-managers:93392","name":"Calavera Hills Trailhead","kind":"land","category":"public-land","sourceCategory":"public-land","sourceId":"usgs-pad-us-fee-managers","sourceUrl":"https://services.arcgis.com/v01gqwM5QqNysAAi/arcgis/rest/services/Fee_Managers_PADUS/FeatureServer/0","sourceUpdated":"2020-06-24T04:00:00.000Z","publicUse":"PAD-US reports open access; verify current manager conditions and restrictions.","unit":"CITY","origin":"public-catalog"}},{"type":"Feature","id":"usgs-pad-us-fee-managers:93393","geometry":{"type":"Polygon","coordinates":[[[-117.3407,33.1788],[-117.3407,33.1782],[-117.3418,33.1778],[-117.341,33.179],[-117.3407,33.1788]]]},"properties":{"id":"usgs-pad-us-fee-managers:93393","name":"Lagoon Observatory","kind":"land","category":"public-land","sourceCategory":"public-land","sourceId":"usgs-pad-us-fee-managers","sourceUrl":"https://services.arcgis.com/v01gqwM5QqNysAAi/arcgis/rest/services/Fee_Managers_PADUS/FeatureServer/0","sourceUpdated":"2020-06-24T04:00:00.000Z","publicUse":"PAD-US reports open access; verify current manager conditions and restrictions.","unit":"CITY","origin":"public-catalog"}},{"type":"Feature","id":"usgs-pad-us-fee-managers:93394","geometry":{"type":"Polygon","coordinates":[[[-117.3511,33.1555],[-117.3509,33.1556],[-117.3507,33.1546],[-117.3498,33.1532],[-117.3457,33.1477],[-117.3454,33.1469],[-117.3453,33.1472],[-117.3442,33.1459],[-117.345,33.1468],[-117.3454,33.1468],[-117.3472,33.1491],[-117.3508,33.1543],[-117.351,33.1551],[-117.3518,33.156],[-117.3516,33.1561],[-117.3511,33.1555]]]},"properties":{"id":"usgs-pad-us-fee-managers:93394","name":"Ocean Sculpture Garden / Frazee","kind":"land","category":"public-land","sourceCategory":"public-land","sourceId":"usgs-pad-us-fee-managers","sourceUrl":"https://services.arcgis.com/v01gqwM5QqNysAAi/arcgis/rest/services/Fee_Managers_PADUS/FeatureServer/0","sourceUpdated":"2020-06-24T04:00:00.000Z","publicUse":"PAD-US reports open access; verify current manager conditions and restrictions.","unit":"CITY","origin":"public-catalog"}},{"type":"Feature","id":"usgs-pad-us-fee-managers:93395","geometry":{"type":"Polygon","coordinates":[[[-117.3443,33.1685],[-117.3435,33.1675],[-117.3435,33.1671],[-117.3443,33.1685]]]},"properties":{"id":"usgs-pad-us-fee-managers:93395","name":"Pio Pico Park","kind":"land","category":"public-land","sourceCategory":"public-land","sourceId":"usgs-pad-us-fee-managers","sourceUrl":"https://services.arcgis.com/v01gqwM5QqNysAAi/arcgis/rest/services/Fee_Managers_PADUS/FeatureServer/0","sourceUpdated":"2020-06-24T04:00:00.000Z","publicUse":"PAD-US reports open access; verify current manager conditions and restrictions.","unit":"CITY","origin":"public-catalog"}},{"type":"Feature","id":"usgs-pad-us-fee-managers:93396","geometry":{"type":"MultiPolygon","coordinates":[[[[-117.3332,33.1724],[-117.3332,33.1724],[-117.3332,33.1724],[-117.3332,33.1724]]],[[[-117.3348,33.173],[-117.3349,33.1729],[-117.3348,33.173],[-117.3348,33.173]]],[[[-117.3349,33.1729],[-117.3354,33.1725],[-117.3355,33.1727],[-117.3349,33.1729]]],[[[-117.3332,33.1724],[-117.3334,33.1722],[-117.3345,33.1728],[-117.3349,33.1726],[-117.3347,33.1729],[-117.3351,33.1731],[-117.3347,33.1731],[-117.3342,33.1741],[-117.333,33.1742],[-117.3329,33.1731],[-117.3336,33.1729],[-117.3332,33.1724]]]]},"properties":{"id":"usgs-pad-us-fee-managers:93396","name":"Wickham Trailhead","kind":"land","category":"public-land","sourceCategory":"public-land","sourceId":"usgs-pad-us-fee-managers","sourceUrl":"https://services.arcgis.com/v01gqwM5QqNysAAi/arcgis/rest/services/Fee_Managers_PADUS/FeatureServer/0","sourceUpdated":"2021-05-04T04:00:00.000Z","publicUse":"PAD-US reports open access; verify current manager conditions and restrictions.","unit":"CITY","origin":"public-catalog"}},{"type":"Feature","id":"usgs-pad-us-fee-managers:94006","geometry":{"type":"Polygon","coordinates":[[[-122.5587,37.9022],[-122.5592,37.9016],[-122.5599,37.9017],[-122.5613,37.9027],[-122.561,37.9033],[-122.5605,37.9034],[-122.5593,37.9029],[-122.5587,37.9022]]]},"properties":{"id":"usgs-pad-us-fee-managers:94006","name":"Edgewood Park","kind":"land","category":"public-land","sourceCategory":"public-land","sourceId":"usgs-pad-us-fee-managers","sourceUrl":"https://services.arcgis.com/v01gqwM5QqNysAAi/arcgis/rest/services/Fee_Managers_PADUS/FeatureServer/0","sourceUpdated":"2023-05-15T04:00:00.000Z","publicUse":"PAD-US reports open access; verify current manager conditions and restrictions.","unit":"CITY","origin":"public-catalog"}},{"type":"Feature","id":"usgs-pad-us-fee-managers:94007","geometry":{"type":"Polygon","coordinates":[[[-122.5208,38.0633],[-122.5201,38.0637],[-122.5191,38.0636],[-122.5175,38.0623],[-122.5183,38.0606],[-122.5181,38.0604],[-122.5189,38.0588],[-122.5207,38.0589],[-122.5211,38.0597],[-122.5212,38.0604],[-122.5208,38.0612],[-122.5212,38.0619],[-122.5211,38.0633],[-122.5214,38.0635],[-122.5208,38.0633]]]},"properties":{"id":"usgs-pad-us-fee-managers:94007","name":"Future Hamilton Rec Center","kind":"land","category":"public-land","sourceCategory":"public-land","sourceId":"usgs-pad-us-fee-managers","sourceUrl":"https://services.arcgis.com/v01gqwM5QqNysAAi/arcgis/rest/services/Fee_Managers_PADUS/FeatureServer/0","sourceUpdated":"2023-05-15T04:00:00.000Z","publicUse":"PAD-US reports open access; verify current manager conditions and restrictions.","unit":"CITY","origin":"public-catalog"}},{"type":"Feature","id":"usgs-pad-us-fee-managers:94008","geometry":{"type":"Polygon","coordinates":[[[-122.5575,37.9638],[-122.5569,37.9639],[-122.556,37.9626],[-122.5567,37.9624],[-122.557,37.9626],[-122.5571,37.9633],[-122.5575,37.9638]]]},"properties":{"id":"usgs-pad-us-fee-managers:94008","name":"Ross City Government Facilities","kind":"land","category":"public-land","sourceCategory":"public-land","sourceId":"usgs-pad-us-fee-managers","sourceUrl":"https://services.arcgis.com/v01gqwM5QqNysAAi/arcgis/rest/services/Fee_Managers_PADUS/FeatureServer/0","sourceUpdated":"2023-05-15T04:00:00.000Z","publicUse":"PAD-US reports open access; verify current manager conditions and restrictions.","unit":"CITY","origin":"public-catalog"}},{"type":"Feature","id":"usgs-pad-us-fee-managers:94021","geometry":{"type":"MultiPolygon","coordinates":[[[[-122.4504,37.7248],[-122.4507,37.7246],[-122.4507,37.7248],[-122.4504,37.7248]]],[[[-122.4501,37.7247],[-122.4507,37.7246],[-122.4502,37.7249],[-122.4501,37.7247]]],[[[-122.4508,37.725],[-122.4508,37.7246],[-122.4518,37.7246],[-122.4516,37.725],[-122.4508,37.725]]],[[[-122.4498,37.7249],[-122.4502,37.725],[-122.4496,37.7257],[-122.4498,37.7249]]],[[[-122.4502,37.7255],[-122.4504,37.7251],[-122.4506,37.7251],[-122.4505,37.7256],[-122.4502,37.7255]]],[[[-122.4496,37.7257],[-122.45,37.7254],[-122.45,37.7261],[-122.4496,37.7257]]],[[[-122.4519,37.7246],[-122.4522,37.7244],[-122.4522,37.7257],[-122.4515,37.7257],[-122.4519,37.7246]]],[[[-122.4503,37.7259],[-122.4505,37.7258],[-122.4506,37.7264],[-122.4504,37.7264],[-122.4503,37.7259]]],[[[-122.4496,37.726],[-122.4496,37.7258],[-122.4502,37.7264],[-122.4499,37.7266],[-122.4496,37.726]]],[[[-122.4512,37.7264],[-122.4512,37.725],[-122.4516,37.7251],[-122.4516,37.7264],[-122.4512,37.7264]]],[[[-122.45,37.7266],[-122.4502,37.7264],[-122.4503,37.7268],[-122.45,37.7266]]],[[[-122.4503,37.7268],[-122.4503,37.7267],[-122.4508,37.7268],[-122.4503,37.7268]]],[[[-122.4508,37.7268],[-122.4508,37.7265],[-122.4513,37.7264],[-122.4516,37.7264],[-122.452,37.7268],[-122.4508,37.7268]]],[[[-122.4516,37.7261],[-122.4516,37.7257],[-122.4522,37.7258],[-122.4523,37.7268],[-122.4516,37.7261]]]]},"properties":{"id":"usgs-pad-us-fee-managers:94021","name":"City College Hill","kind":"land","category":"public-land","sourceCategory":"public-land","sourceId":"usgs-pad-us-fee-managers","sourceUrl":"https://services.arcgis.com/v01gqwM5QqNysAAi/arcgis/rest/services/Fee_Managers_PADUS/FeatureServer/0","sourceUpdated":"2023-02-24T05:00:00.000Z","publicUse":"PAD-US reports open access; verify current manager conditions and restrictions.","unit":"CITY","origin":"public-catalog"}},{"type":"Feature","id":"usgs-pad-us-fee-managers:94255","geometry":{"type":"Polygon","coordinates":[[[-122.2909,37.7695],[-122.2914,37.7684],[-122.2916,37.7697],[-122.3003,37.7721],[-122.2993,37.7721],[-122.2909,37.7695]]]},"properties":{"id":"usgs-pad-us-fee-managers:94255","name":"Sf Bay Trail","kind":"land","category":"public-land","sourceCategory":"public-land","sourceId":"usgs-pad-us-fee-managers","sourceUrl":"https://services.arcgis.com/v01gqwM5QqNysAAi/arcgis/rest/services/Fee_Managers_PADUS/FeatureServer/0","sourceUpdated":"2023-05-15T04:00:00.000Z","publicUse":"PAD-US reports open access; verify current manager conditions and restrictions.","unit":"REG","origin":"public-catalog"}},{"type":"Feature","id":"usgs-pad-us-fee-managers:94256","geometry":{"type":"Polygon","coordinates":[[[-122.2803,37.7921],[-122.2784,37.7918],[-122.2786,37.7914],[-122.2788,37.7915],[-122.2791,37.7913],[-122.2795,37.7915],[-122.2795,37.7917],[-122.2803,37.7919],[-122.2803,37.7921]]]},"properties":{"id":"usgs-pad-us-fee-managers:94256","name":"Bohol Circle Immigrant Park","kind":"land","category":"public-land","sourceCategory":"public-land","sourceId":"usgs-pad-us-fee-managers","sourceUrl":"https://services.arcgis.com/v01gqwM5QqNysAAi/arcgis/rest/services/Fee_Managers_PADUS/FeatureServer/0","sourceUpdated":"2023-03-25T04:00:00.000Z","publicUse":"PAD-US reports open access; verify current manager conditions and restrictions.","unit":"CITY","origin":"public-catalog"}},{"type":"Feature","id":"usgs-pad-us-fee-managers:94257","geometry":{"type":"Polygon","coordinates":[[[-122.2974,37.7803],[-122.2975,37.7799],[-122.3,37.7801],[-122.2999,37.7807],[-122.2987,37.7806],[-122.2987,37.7803],[-122.2974,37.7803]]]},"properties":{"id":"usgs-pad-us-fee-managers:94257","name":"Seaplane Lagoon Park","kind":"land","category":"public-land","sourceCategory":"public-land","sourceId":"usgs-pad-us-fee-managers","sourceUrl":"https://services.arcgis.com/v01gqwM5QqNysAAi/arcgis/rest/services/Fee_Managers_PADUS/FeatureServer/0","sourceUpdated":"2023-03-25T04:00:00.000Z","publicUse":"PAD-US reports open access; verify current manager conditions and restrictions.","unit":"CITY","origin":"public-catalog"}},{"type":"Feature","id":"usgs-pad-us-fee-managers:94258","geometry":{"type":"Polygon","coordinates":[[[-122.2939,37.7816],[-122.2939,37.7814],[-122.2947,37.7814],[-122.2946,37.7817],[-122.2939,37.7816]]]},"properties":{"id":"usgs-pad-us-fee-managers:94258","name":"Whale Park","kind":"land","category":"public-land","sourceCategory":"public-land","sourceId":"usgs-pad-us-fee-managers","sourceUrl":"https://services.arcgis.com/v01gqwM5QqNysAAi/arcgis/rest/services/Fee_Managers_PADUS/FeatureServer/0","sourceUpdated":"2023-03-25T04:00:00.000Z","publicUse":"PAD-US reports open access; verify current manager conditions and restrictions.","unit":"CITY","origin":"public-catalog"}},{"type":"Feature","id":"usgs-pad-us-fee-managers:94259","geometry":{"type":"Polygon","coordinates":[[[-122.2269,37.7469],[-122.2269,37.7454],[-122.2287,37.7456],[-122.2284,37.7461],[-122.2269,37.7469]]]},"properties":{"id":"usgs-pad-us-fee-managers:94259","name":"Bill Osborne Model Airplane Field","kind":"land","category":"public-land","sourceCategory":"public-land","sourceId":"usgs-pad-us-fee-managers","sourceUrl":"https://services.arcgis.com/v01gqwM5QqNysAAi/arcgis/rest/services/Fee_Managers_PADUS/FeatureServer/0","sourceUpdated":"2023-05-15T04:00:00.000Z","publicUse":"PAD-US reports open access; verify current manager conditions and restrictions.","unit":"CITY","origin":"public-catalog"}},{"type":"Feature","id":"usgs-pad-us-fee-managers:94260","geometry":{"type":"Polygon","coordinates":[[[-122.3041,37.7879],[-122.3042,37.7868],[-122.3069,37.7869],[-122.3069,37.788],[-122.3041,37.7879]]]},"properties":{"id":"usgs-pad-us-fee-managers:94260","name":"Lexington Soccer Fields","kind":"land","category":"public-land","sourceCategory":"public-land","sourceId":"usgs-pad-us-fee-managers","sourceUrl":"https://services.arcgis.com/v01gqwM5QqNysAAi/arcgis/rest/services/Fee_Managers_PADUS/FeatureServer/0","sourceUpdated":"2023-05-15T04:00:00.000Z","publicUse":"PAD-US reports open access; verify current manager conditions and restrictions.","unit":"CITY","origin":"public-catalog"}},{"type":"Feature","id":"usgs-pad-us-fee-managers:94261","geometry":{"type":"Polygon","coordinates":[[[-122.3059,37.7894],[-122.305,37.7894],[-122.3051,37.789],[-122.3059,37.7891],[-122.3059,37.7894]]]},"properties":{"id":"usgs-pad-us-fee-managers:94261","name":"Alameda Point Gymnasium","kind":"land","category":"public-land","sourceCategory":"public-land","sourceId":"usgs-pad-us-fee-managers","sourceUrl":"https://services.arcgis.com/v01gqwM5QqNysAAi/arcgis/rest/services/Fee_Managers_PADUS/FeatureServer/0","sourceUpdated":"2023-05-15T04:00:00.000Z","publicUse":"PAD-US reports open access; verify current manager conditions and restrictions.","unit":"CITY","origin":"public-catalog"}},{"type":"Feature","id":"usgs-pad-us-fee-managers:94262","geometry":{"type":"Polygon","coordinates":[[[-122.2979,37.7894],[-122.2979,37.7886],[-122.2991,37.7887],[-122.2991,37.7895],[-122.2979,37.7894]]]},"properties":{"id":"usgs-pad-us-fee-managers:94262","name":"Albert H. Dewitt Officer'S Club","kind":"land","category":"public-land","sourceCategory":"public-land","sourceId":"usgs-pad-us-fee-managers","sourceUrl":"https://services.arcgis.com/v01gqwM5QqNysAAi/arcgis/rest/services/Fee_Managers_PADUS/FeatureServer/0","sourceUpdated":"2023-05-15T04:00:00.000Z","publicUse":"PAD-US reports open access; verify current manager conditions and restrictions.","unit":"CITY","origin":"public-catalog"}},{"type":"Feature","id":"usgs-pad-us-fee-managers:94263","geometry":{"type":"Polygon","coordinates":[[[-122.2908,37.7717],[-122.2908,37.7695],[-122.2926,37.7701],[-122.2926,37.7705],[-122.2909,37.77],[-122.2908,37.7717]]]},"properties":{"id":"usgs-pad-us-fee-managers:94263","name":"Encinal Boat Launch Facility","kind":"land","category":"public-land","sourceCategory":"public-land","sourceId":"usgs-pad-us-fee-managers","sourceUrl":"https://services.arcgis.com/v01gqwM5QqNysAAi/arcgis/rest/services/Fee_Managers_PADUS/FeatureServer/0","sourceUpdated":"2023-05-15T04:00:00.000Z","publicUse":"PAD-US reports open access; verify current manager conditions and restrictions.","unit":"CITY","origin":"public-catalog"}},{"type":"Feature","id":"usgs-pad-us-fee-managers:94264","geometry":{"type":"MultiPolygon","coordinates":[[[[-122.2515,37.7781],[-122.2515,37.7781],[-122.2515,37.7781],[-122.2515,37.7781]]],[[[-122.2515,37.7781],[-122.2513,37.7783],[-122.2511,37.778],[-122.2513,37.7776],[-122.2515,37.7781]]]]},"properties":{"id":"usgs-pad-us-fee-managers:94264","name":"Grand Street Boat Ramp","kind":"land","category":"public-land","sourceCategory":"public-land","sourceId":"usgs-pad-us-fee-managers","sourceUrl":"https://services.arcgis.com/v01gqwM5QqNysAAi/arcgis/rest/services/Fee_Managers_PADUS/FeatureServer/0","sourceUpdated":"2023-05-15T04:00:00.000Z","publicUse":"PAD-US reports open access; verify current manager conditions and restrictions.","unit":"CITY","origin":"public-catalog"}},{"type":"Feature","id":"usgs-pad-us-fee-managers:94265","geometry":{"type":"Polygon","coordinates":[[[-122.2657,37.7741],[-122.2647,37.7742],[-122.2647,37.7731],[-122.2658,37.7731],[-122.2657,37.7741]]]},"properties":{"id":"usgs-pad-us-fee-managers:94265","name":"Mastick Senior Center","kind":"land","category":"public-land","sourceCategory":"public-land","sourceId":"usgs-pad-us-fee-managers","sourceUrl":"https://services.arcgis.com/v01gqwM5QqNysAAi/arcgis/rest/services/Fee_Managers_PADUS/FeatureServer/0","sourceUpdated":"2023-05-15T04:00:00.000Z","publicUse":"PAD-US reports open access; verify current manager conditions and restrictions.","unit":"CITY","origin":"public-catalog"}},{"type":"Feature","id":"usgs-pad-us-fee-managers:94266","geometry":{"type":"Polygon","coordinates":[[[-122.2466,37.7665],[-122.2461,37.7664],[-122.2464,37.7659],[-122.2469,37.7661],[-122.2466,37.7665]]]},"properties":{"id":"usgs-pad-us-fee-managers:94266","name":"Veterans Building","kind":"land","category":"public-land","sourceCategory":"public-land","sourceId":"usgs-pad-us-fee-managers","sourceUrl":"https://services.arcgis.com/v01gqwM5QqNysAAi/arcgis/rest/services/Fee_Managers_PADUS/FeatureServer/0","sourceUpdated":"2023-05-15T04:00:00.000Z","publicUse":"PAD-US reports open access; verify current manager conditions and restrictions.","unit":"CITY","origin":"public-catalog"}},{"type":"Feature","id":"usgs-pad-us-fee-managers:94947","geometry":{"type":"Polygon","coordinates":[[[-122.2533,38.1816],[-122.2527,38.1813],[-122.2528,38.1796],[-122.2533,38.1795],[-122.2536,38.1813],[-122.2533,38.1816]]]},"properties":{"id":"usgs-pad-us-fee-managers:94947","name":"Main Street Park","kind":"land","category":"public-land","sourceCategory":"public-land","sourceId":"usgs-pad-us-fee-managers","sourceUrl":"https://services.arcgis.com/v01gqwM5QqNysAAi/arcgis/rest/services/Fee_Managers_PADUS/FeatureServer/0","sourceUpdated":"2021-06-28T04:00:00.000Z","publicUse":"PAD-US reports open access; verify current manager conditions and restrictions.","unit":"CITY","origin":"public-catalog"}},{"type":"Feature","id":"usgs-pad-us-fee-managers:94948","geometry":{"type":"Polygon","coordinates":[[[-122.272,38.181],[-122.2718,38.1797],[-122.2721,38.1797],[-122.275,38.181],[-122.272,38.181]]]},"properties":{"id":"usgs-pad-us-fee-managers:94948","name":"Wetlands Edge Trail Head","kind":"land","category":"public-land","sourceCategory":"public-land","sourceId":"usgs-pad-us-fee-managers","sourceUrl":"https://services.arcgis.com/v01gqwM5QqNysAAi/arcgis/rest/services/Fee_Managers_PADUS/FeatureServer/0","sourceUpdated":"2021-06-28T04:00:00.000Z","publicUse":"PAD-US reports open access; verify current manager conditions and restrictions.","unit":"CITY","origin":"public-catalog"}},{"type":"Feature","id":"usgs-pad-us-fee-managers:95044","geometry":{"type":"Polygon","coordinates":[[[-117.8935,33.8005],[-117.8936,33.7999],[-117.8936,33.8016],[-117.8935,33.8005]]]},"properties":{"id":"usgs-pad-us-fee-managers:95044","name":"Aloe Promenade","kind":"land","category":"public-land","sourceCategory":"public-land","sourceId":"usgs-pad-us-fee-managers","sourceUrl":"https://services.arcgis.com/v01gqwM5QqNysAAi/arcgis/rest/services/Fee_Managers_PADUS/FeatureServer/0","sourceUpdated":"2023-01-25T05:00:00.000Z","publicUse":"PAD-US reports open access; verify current manager conditions and restrictions.","unit":"CITY","origin":"public-catalog"}},{"type":"Feature","id":"usgs-pad-us-fee-managers:95045","geometry":{"type":"Polygon","coordinates":[[[-117.9105,33.8351],[-117.9103,33.8345],[-117.9097,33.8346],[-117.9096,33.8343],[-117.9106,33.834],[-117.9111,33.835],[-117.9116,33.8349],[-117.9117,33.8352],[-117.9106,33.8354],[-117.9105,33.8351]]]},"properties":{"id":"usgs-pad-us-fee-managers:95045","name":"Center Greens","kind":"land","category":"public-land","sourceCategory":"public-land","sourceId":"usgs-pad-us-fee-managers","sourceUrl":"https://services.arcgis.com/v01gqwM5QqNysAAi/arcgis/rest/services/Fee_Managers_PADUS/FeatureServer/0","sourceUpdated":"2023-01-25T05:00:00.000Z","publicUse":"PAD-US reports open access; verify current manager conditions and restrictions.","unit":"CITY","origin":"public-catalog"}},{"type":"Feature","id":"usgs-pad-us-fee-managers:95046","geometry":{"type":"Polygon","coordinates":[[[-117.7487,33.8757],[-117.7489,33.8751],[-117.7494,33.8751],[-117.7496,33.8748],[-117.7505,33.8751],[-117.7498,33.8761],[-117.7489,33.877],[-117.7458,33.8787],[-117.7459,33.8776],[-117.7483,33.8765],[-117.7487,33.8757]]]},"properties":{"id":"usgs-pad-us-fee-managers:95046","name":"Wetlands","kind":"land","category":"public-land","sourceCategory":"public-land","sourceId":"usgs-pad-us-fee-managers","sourceUrl":"https://services.arcgis.com/v01gqwM5QqNysAAi/arcgis/rest/services/Fee_Managers_PADUS/FeatureServer/0","sourceUpdated":"2023-05-15T04:00:00.000Z","publicUse":"PAD-US reports open access; verify current manager conditions and restrictions.","unit":"CITY","origin":"public-catalog"}},{"type":"Feature","id":"usgs-pad-us-fee-managers:95809","geometry":{"type":"Polygon","coordinates":[[[-124.0709,40.8684],[-124.0748,40.8683],[-124.0742,40.8697],[-124.0752,40.8699],[-124.0748,40.8707],[-124.074,40.8712],[-124.0723,40.8712],[-124.0708,40.8701],[-124.0709,40.8684]]]},"properties":{"id":"usgs-pad-us-fee-managers:95809","name":"Redwood Park","kind":"land","category":"public-land","sourceCategory":"public-land","sourceId":"usgs-pad-us-fee-managers","sourceUrl":"https://services.arcgis.com/v01gqwM5QqNysAAi/arcgis/rest/services/Fee_Managers_PADUS/FeatureServer/0","sourceUpdated":"2023-05-15T04:00:00.000Z","publicUse":"PAD-US reports open access; verify current manager conditions and restrictions.","unit":"CITY","origin":"public-catalog"}},{"type":"Feature","id":"usgs-pad-us-fee-managers:95900","geometry":{"type":"Polygon","coordinates":[[[-120.5771,35.1234],[-120.5774,35.1235],[-120.5771,35.1237],[-120.5771,35.1234]]]},"properties":{"id":"usgs-pad-us-fee-managers:95900","name":"Centennial Park","kind":"land","category":"public-land","sourceCategory":"public-land","sourceId":"usgs-pad-us-fee-managers","sourceUrl":"https://services.arcgis.com/v01gqwM5QqNysAAi/arcgis/rest/services/Fee_Managers_PADUS/FeatureServer/0","sourceUpdated":"2021-03-16T04:00:00.000Z","publicUse":"PAD-US reports open access; verify current manager conditions and restrictions.","unit":"CITY","origin":"public-catalog"}},{"type":"Feature","id":"usgs-pad-us-fee-managers:95901","geometry":{"type":"Polygon","coordinates":[[[-120.6007,35.1145],[-120.6007,35.1127],[-120.6008,35.1127],[-120.601,35.113],[-120.6017,35.1132],[-120.6018,35.1136],[-120.6014,35.1142],[-120.6007,35.1145]]]},"properties":{"id":"usgs-pad-us-fee-managers:95901","name":"Elm Street Park","kind":"land","category":"public-land","sourceCategory":"public-land","sourceId":"usgs-pad-us-fee-managers","sourceUrl":"https://services.arcgis.com/v01gqwM5QqNysAAi/arcgis/rest/services/Fee_Managers_PADUS/FeatureServer/0","sourceUpdated":"2021-03-16T04:00:00.000Z","publicUse":"PAD-US reports open access; verify current manager conditions and restrictions.","unit":"CITY","origin":"public-catalog"}},{"type":"Feature","id":"usgs-pad-us-fee-managers:95902","geometry":{"type":"Polygon","coordinates":[[[-120.5872,35.1128],[-120.5879,35.1129],[-120.5871,35.1138],[-120.5867,35.1138],[-120.5872,35.1128]]]},"properties":{"id":"usgs-pad-us-fee-managers:95902","name":"Health Fitness Park","kind":"land","category":"public-land","sourceCategory":"public-land","sourceId":"usgs-pad-us-fee-managers","sourceUrl":"https://services.arcgis.com/v01gqwM5QqNysAAi/arcgis/rest/services/Fee_Managers_PADUS/FeatureServer/0","sourceUpdated":"2023-05-15T04:00:00.000Z","publicUse":"PAD-US reports open access; verify current manager conditions and restrictions.","unit":"CITY","origin":"public-catalog"}},{"type":"Feature","id":"usgs-pad-us-fee-managers:95903","geometry":{"type":"Polygon","coordinates":[[[-120.5762,35.1231],[-120.5758,35.1232],[-120.5756,35.1229],[-120.5764,35.1225],[-120.5767,35.1229],[-120.5762,35.1231]]]},"properties":{"id":"usgs-pad-us-fee-managers:95903","name":"Heritage Square Park","kind":"land","category":"public-land","sourceCategory":"public-land","sourceId":"usgs-pad-us-fee-managers","sourceUrl":"https://services.arcgis.com/v01gqwM5QqNysAAi/arcgis/rest/services/Fee_Managers_PADUS/FeatureServer/0","sourceUpdated":"2023-05-15T04:00:00.000Z","publicUse":"PAD-US reports open access; verify current manager conditions and restrictions.","unit":"CITY","origin":"public-catalog"}},{"type":"Feature","id":"usgs-pad-us-fee-managers:95904","geometry":{"type":"Polygon","coordinates":[[[-120.5788,35.1246],[-120.5789,35.1248],[-120.5782,35.1252],[-120.5788,35.1246]]]},"properties":{"id":"usgs-pad-us-fee-managers:95904","name":"Hoosgow Park","kind":"land","category":"public-land","sourceCategory":"public-land","sourceId":"usgs-pad-us-fee-managers","sourceUrl":"https://services.arcgis.com/v01gqwM5QqNysAAi/arcgis/rest/services/Fee_Managers_PADUS/FeatureServer/0","sourceUpdated":"2023-05-15T04:00:00.000Z","publicUse":"PAD-US reports open access; verify current manager conditions and restrictions.","unit":"CITY","origin":"public-catalog"}},{"type":"Feature","id":"usgs-pad-us-fee-managers:95905","geometry":{"type":"Polygon","coordinates":[[[-120.6056,35.1125],[-120.6061,35.1125],[-120.6061,35.1127],[-120.6056,35.1127],[-120.6056,35.1125]]]},"properties":{"id":"usgs-pad-us-fee-managers:95905","name":"Parkside Park","kind":"land","category":"public-land","sourceCategory":"public-land","sourceId":"usgs-pad-us-fee-managers","sourceUrl":"https://services.arcgis.com/v01gqwM5QqNysAAi/arcgis/rest/services/Fee_Managers_PADUS/FeatureServer/0","sourceUpdated":"2023-05-15T04:00:00.000Z","publicUse":"PAD-US reports open access; verify current manager conditions and restrictions.","unit":"CITY","origin":"public-catalog"}},{"type":"Feature","id":"usgs-pad-us-fee-managers:95906","geometry":{"type":"Polygon","coordinates":[[[-120.5887,35.108],[-120.5891,35.1078],[-120.5891,35.1085],[-120.5887,35.108]]]},"properties":{"id":"usgs-pad-us-fee-managers:95906","name":"Parque Peqeno","kind":"land","category":"public-land","sourceCategory":"public-land","sourceId":"usgs-pad-us-fee-managers","sourceUrl":"https://services.arcgis.com/v01gqwM5QqNysAAi/arcgis/rest/services/Fee_Managers_PADUS/FeatureServer/0","sourceUpdated":"2023-05-15T04:00:00.000Z","publicUse":"PAD-US reports open access; verify current manager conditions and restrictions.","unit":"CITY","origin":"public-catalog"}},{"type":"Feature","id":"usgs-pad-us-fee-managers:95907","geometry":{"type":"Polygon","coordinates":[[[-120.58,35.1042],[-120.5803,35.1038],[-120.5803,35.1044],[-120.5806,35.1046],[-120.5806,35.1052],[-120.5803,35.1053],[-120.58,35.1042]]]},"properties":{"id":"usgs-pad-us-fee-managers:95907","name":"Tiger Tail Park","kind":"land","category":"public-land","sourceCategory":"public-land","sourceId":"usgs-pad-us-fee-managers","sourceUrl":"https://services.arcgis.com/v01gqwM5QqNysAAi/arcgis/rest/services/Fee_Managers_PADUS/FeatureServer/0","sourceUpdated":"2023-05-15T04:00:00.000Z","publicUse":"PAD-US reports open access; verify current manager conditions and restrictions.","unit":"CITY","origin":"public-catalog"}},{"type":"Feature","id":"usgs-pad-us-fee-managers:95908","geometry":{"type":"Polygon","coordinates":[[[-120.589,35.1362],[-120.5877,35.1355],[-120.589,35.135],[-120.5896,35.1354],[-120.5905,35.1352],[-120.5912,35.1345],[-120.591,35.1339],[-120.5916,35.1332],[-120.5921,35.1332],[-120.5928,35.1336],[-120.5936,35.1333],[-120.5956,35.132],[-120.6014,35.1308],[-120.6018,35.1305],[-120.6024,35.1308],[-120.6026,35.1317],[-120.601,35.1322],[-120.6006,35.1325],[-120.6004,35.1331],[-120.5985,35.1339],[-120.5959,35.1341],[-120.5909,35.1362],[-120.589,35.1362]]]},"properties":{"id":"usgs-pad-us-fee-managers:95908","name":"James Way Oak Habitat & Wildlife Preserve","kind":"land","category":"public-land","sourceCategory":"public-land","sourceId":"usgs-pad-us-fee-managers","sourceUrl":"https://services.arcgis.com/v01gqwM5QqNysAAi/arcgis/rest/services/Fee_Managers_PADUS/FeatureServer/0","sourceUpdated":"2021-03-16T04:00:00.000Z","publicUse":"PAD-US reports open access; verify current manager conditions and restrictions.","unit":"CITY","origin":"public-catalog"}},{"type":"Feature","id":"usgs-pad-us-fee-managers:95909","geometry":{"type":"Polygon","coordinates":[[[-120.6008,35.1129],[-120.6017,35.1127],[-120.6017,35.1129],[-120.6016,35.1131],[-120.6008,35.1129]]]},"properties":{"id":"usgs-pad-us-fee-managers:95909","name":"Elm Street Dog Park","kind":"land","category":"public-land","sourceCategory":"public-land","sourceId":"usgs-pad-us-fee-managers","sourceUrl":"https://services.arcgis.com/v01gqwM5QqNysAAi/arcgis/rest/services/Fee_Managers_PADUS/FeatureServer/0","sourceUpdated":"2021-03-16T04:00:00.000Z","publicUse":"PAD-US reports open access; verify current manager conditions and restrictions.","unit":"PVT","origin":"public-catalog"}},{"type":"Feature","id":"usgs-pad-us-fee-managers:96465","geometry":{"type":"Polygon","coordinates":[[[-120.133,36.0014],[-120.133,36.0011],[-120.1333,36.0011],[-120.1333,36.0015],[-120.133,36.0014]]]},"properties":{"id":"usgs-pad-us-fee-managers:96465","name":"Skate Park","kind":"land","category":"public-land","sourceCategory":"public-land","sourceId":"usgs-pad-us-fee-managers","sourceUrl":"https://services.arcgis.com/v01gqwM5QqNysAAi/arcgis/rest/services/Fee_Managers_PADUS/FeatureServer/0","sourceUpdated":"2023-05-15T04:00:00.000Z","publicUse":"PAD-US reports open access; verify current manager conditions and restrictions.","unit":"CITY","origin":"public-catalog"}},{"type":"Feature","id":"usgs-pad-us-fee-managers:96508","geometry":{"type":"Polygon","coordinates":[[[-117.9089,34.1595],[-117.9087,34.1595],[-117.9085,34.159],[-117.909,34.1588],[-117.9096,34.1593],[-117.9089,34.1595]]]},"properties":{"id":"usgs-pad-us-fee-managers:96508","name":"San Gabriel Cyn. Gateway Ctr.","kind":"land","category":"public-land","sourceCategory":"public-land","sourceId":"usgs-pad-us-fee-managers","sourceUrl":"https://services.arcgis.com/v01gqwM5QqNysAAi/arcgis/rest/services/Fee_Managers_PADUS/FeatureServer/0","sourceUpdated":"2023-05-15T04:00:00.000Z","publicUse":"PAD-US reports open access; verify current manager conditions and restrictions.","unit":"CITY","origin":"public-catalog"}},{"type":"Feature","id":"usgs-pad-us-fee-managers:96563","geometry":{"type":"Polygon","coordinates":[[[-119.105,35.2892],[-119.1068,35.2894],[-119.1064,35.2911],[-119.1058,35.2918],[-119.1047,35.2907],[-119.105,35.2901],[-119.105,35.2892]]]},"properties":{"id":"usgs-pad-us-fee-managers:96563","name":"Bridle Creek Park","kind":"land","category":"public-land","sourceCategory":"public-land","sourceId":"usgs-pad-us-fee-managers","sourceUrl":"https://services.arcgis.com/v01gqwM5QqNysAAi/arcgis/rest/services/Fee_Managers_PADUS/FeatureServer/0","sourceUpdated":"2022-02-05T05:00:00.000Z","publicUse":"PAD-US reports open access; verify current manager conditions and restrictions.","unit":"CITY","origin":"public-catalog"}},{"type":"Feature","id":"usgs-pad-us-fee-managers:96564","geometry":{"type":"Polygon","coordinates":[[[-119.0097,35.3721],[-119.0093,35.3719],[-119.0101,35.3717],[-119.0102,35.3722],[-119.0097,35.3721]]]},"properties":{"id":"usgs-pad-us-fee-managers:96564","name":"Amtrak Station Playground","kind":"land","category":"public-land","sourceCategory":"public-land","sourceId":"usgs-pad-us-fee-managers","sourceUrl":"https://services.arcgis.com/v01gqwM5QqNysAAi/arcgis/rest/services/Fee_Managers_PADUS/FeatureServer/0","sourceUpdated":"2023-05-15T04:00:00.000Z","publicUse":"PAD-US reports open access; verify current manager conditions and restrictions.","unit":"CITY","origin":"public-catalog"}},{"type":"Feature","id":"usgs-pad-us-fee-managers:96565","geometry":{"type":"Polygon","coordinates":[[[-119.0657,35.2839],[-119.0657,35.2836],[-119.0679,35.2836],[-119.0679,35.2865],[-119.0657,35.2865],[-119.0657,35.2839]]]},"properties":{"id":"usgs-pad-us-fee-managers:96565","name":"Anton Giovanni","kind":"land","category":"public-land","sourceCategory":"public-land","sourceId":"usgs-pad-us-fee-managers","sourceUrl":"https://services.arcgis.com/v01gqwM5QqNysAAi/arcgis/rest/services/Fee_Managers_PADUS/FeatureServer/0","sourceUpdated":"2023-05-15T04:00:00.000Z","publicUse":"PAD-US reports open access; verify current manager conditions and restrictions.","unit":"CITY","origin":"public-catalog"}},{"type":"Feature","id":"usgs-pad-us-fee-managers:96566","geometry":{"type":"Polygon","coordinates":[[[-118.873,35.4175],[-118.8732,35.4174],[-118.8746,35.4178],[-118.8762,35.4178],[-118.8762,35.4181],[-118.8746,35.4181],[-118.873,35.4175]]]},"properties":{"id":"usgs-pad-us-fee-managers:96566","name":"Grand Canyon Park","kind":"land","category":"public-land","sourceCategory":"public-land","sourceId":"usgs-pad-us-fee-managers","sourceUrl":"https://services.arcgis.com/v01gqwM5QqNysAAi/arcgis/rest/services/Fee_Managers_PADUS/FeatureServer/0","sourceUpdated":"2021-04-19T04:00:00.000Z","publicUse":"PAD-US reports open access; verify current manager conditions and restrictions.","unit":"CITY","origin":"public-catalog"}},{"type":"Feature","id":"usgs-pad-us-fee-managers:96567","geometry":{"type":"Polygon","coordinates":[[[-119.0459,35.2709],[-119.0452,35.2709],[-119.0451,35.269],[-119.0456,35.269],[-119.0456,35.2694],[-119.0477,35.2694],[-119.0477,35.2709],[-119.0459,35.2709]],[[-119.0477,35.2706],[-119.0476,35.2706],[-119.0476,35.2706],[-119.0477,35.2706]]]},"properties":{"id":"usgs-pad-us-fee-managers:96567","name":"Hershel Moore","kind":"land","category":"public-land","sourceCategory":"public-land","sourceId":"usgs-pad-us-fee-managers","sourceUrl":"https://services.arcgis.com/v01gqwM5QqNysAAi/arcgis/rest/services/Fee_Managers_PADUS/FeatureServer/0","sourceUpdated":"2023-05-15T04:00:00.000Z","publicUse":"PAD-US reports open access; verify current manager conditions and restrictions.","unit":"CITY","origin":"public-catalog"}},{"type":"Feature","id":"usgs-pad-us-fee-managers:96568","geometry":{"type":"Polygon","coordinates":[[[-118.9489,35.3412],[-118.9475,35.3412],[-118.9475,35.3398],[-118.9496,35.3399],[-118.9496,35.3412],[-118.9489,35.3412]]]},"properties":{"id":"usgs-pad-us-fee-managers:96568","name":"Oswell South","kind":"land","category":"public-land","sourceCategory":"public-land","sourceId":"usgs-pad-us-fee-managers","sourceUrl":"https://services.arcgis.com/v01gqwM5QqNysAAi/arcgis/rest/services/Fee_Managers_PADUS/FeatureServer/0","sourceUpdated":"2023-05-15T04:00:00.000Z","publicUse":"PAD-US reports open access; verify current manager conditions and restrictions.","unit":"CITY","origin":"public-catalog"}},{"type":"Feature","id":"usgs-pad-us-fee-managers:96569","geometry":{"type":"Polygon","coordinates":[[[-118.9052,35.4091],[-118.9074,35.409],[-118.9074,35.4125],[-118.9052,35.4125],[-118.9052,35.4109],[-118.9042,35.4106],[-118.9052,35.4091]]]},"properties":{"id":"usgs-pad-us-fee-managers:96569","name":"Paladino Park","kind":"land","category":"public-land","sourceCategory":"public-land","sourceId":"usgs-pad-us-fee-managers","sourceUrl":"https://services.arcgis.com/v01gqwM5QqNysAAi/arcgis/rest/services/Fee_Managers_PADUS/FeatureServer/0","sourceUpdated":"2023-05-15T04:00:00.000Z","publicUse":"PAD-US reports open access; verify current manager conditions and restrictions.","unit":"CITY","origin":"public-catalog"}},{"type":"Feature","id":"usgs-pad-us-fee-managers:96570","geometry":{"type":"Polygon","coordinates":[[[-119.008,35.3751],[-119.008,35.3748],[-119.0087,35.3748],[-119.0084,35.3751],[-119.008,35.3751]]]},"properties":{"id":"usgs-pad-us-fee-managers:96570","name":"Sister City Garden","kind":"land","category":"public-land","sourceCategory":"public-land","sourceId":"usgs-pad-us-fee-managers","sourceUrl":"https://services.arcgis.com/v01gqwM5QqNysAAi/arcgis/rest/services/Fee_Managers_PADUS/FeatureServer/0","sourceUpdated":"2023-05-15T04:00:00.000Z","publicUse":"PAD-US reports open access; verify current manager conditions and restrictions.","unit":"CITY","origin":"public-catalog"}},{"type":"Feature","id":"usgs-pad-us-fee-managers:96571","geometry":{"type":"MultiPolygon","coordinates":[[[[-118.9962,35.2842],[-118.9962,35.2832],[-118.9976,35.2832],[-118.9975,35.2842],[-118.9962,35.2842]]],[[[-119.1133,35.2914],[-119.1147,35.2913],[-119.1148,35.2921],[-119.1152,35.2923],[-119.1152,35.2926],[-119.1135,35.2923],[-119.1133,35.2921],[-119.1133,35.2914]]]]},"properties":{"id":"usgs-pad-us-fee-managers:96571","name":"Un-Named","kind":"land","category":"public-land","sourceCategory":"public-land","sourceId":"usgs-pad-us-fee-managers","sourceUrl":"https://services.arcgis.com/v01gqwM5QqNysAAi/arcgis/rest/services/Fee_Managers_PADUS/FeatureServer/0","sourceUpdated":"2021-04-19T04:00:00.000Z","publicUse":"PAD-US reports open access; verify current manager conditions and restrictions.","unit":"CITY","origin":"public-catalog"}},{"type":"Feature","id":"usgs-pad-us-fee-managers:96572","geometry":{"type":"Polygon","coordinates":[[[-119.0118,35.3694],[-119.0129,35.3695],[-119.0129,35.3704],[-119.0109,35.3703],[-119.0118,35.3694]]]},"properties":{"id":"usgs-pad-us-fee-managers:96572","name":"Mc Murtrey Aquatic Center","kind":"land","category":"public-land","sourceCategory":"public-land","sourceId":"usgs-pad-us-fee-managers","sourceUrl":"https://services.arcgis.com/v01gqwM5QqNysAAi/arcgis/rest/services/Fee_Managers_PADUS/FeatureServer/0","sourceUpdated":"2023-05-15T04:00:00.000Z","publicUse":"PAD-US reports open access; verify current manager conditions and restrictions.","unit":"CITY","origin":"public-catalog"}},{"type":"Feature","id":"usgs-pad-us-fee-managers:96582","geometry":{"type":"Polygon","coordinates":[[[-117.9778,34.0633],[-117.9781,34.063],[-117.979,34.0635],[-117.9774,34.064],[-117.9773,34.0639],[-117.9778,34.0633]]]},"properties":{"id":"usgs-pad-us-fee-managers:96582","name":"Bassett Little League Park","kind":"land","category":"public-land","sourceCategory":"public-land","sourceId":"usgs-pad-us-fee-managers","sourceUrl":"https://services.arcgis.com/v01gqwM5QqNysAAi/arcgis/rest/services/Fee_Managers_PADUS/FeatureServer/0","sourceUpdated":"2023-05-15T04:00:00.000Z","publicUse":"PAD-US reports open access; verify current manager conditions and restrictions.","unit":"CITY","origin":"public-catalog"}},{"type":"Feature","id":"usgs-pad-us-fee-managers:98669","geometry":{"type":"Polygon","coordinates":[[[-115.5373,32.9843],[-115.5387,32.9842],[-115.5387,32.9851],[-115.5373,32.9851],[-115.5373,32.9843]]]},"properties":{"id":"usgs-pad-us-fee-managers:98669","name":"Brawley Lions Park & Pool","kind":"land","category":"public-land","sourceCategory":"public-land","sourceId":"usgs-pad-us-fee-managers","sourceUrl":"https://services.arcgis.com/v01gqwM5QqNysAAi/arcgis/rest/services/Fee_Managers_PADUS/FeatureServer/0","sourceUpdated":"2023-05-15T04:00:00.000Z","publicUse":"PAD-US reports open access; verify current manager conditions and restrictions.","unit":"CITY","origin":"public-catalog"}},{"type":"Feature","id":"usgs-pad-us-fee-managers:98670","geometry":{"type":"Polygon","coordinates":[[[-115.5373,32.9855],[-115.5373,32.9851],[-115.5388,32.9852],[-115.5388,32.9864],[-115.5373,32.9864],[-115.5373,32.9855]]]},"properties":{"id":"usgs-pad-us-fee-managers:98670","name":"Davis Park","kind":"land","category":"public-land","sourceCategory":"public-land","sourceId":"usgs-pad-us-fee-managers","sourceUrl":"https://services.arcgis.com/v01gqwM5QqNysAAi/arcgis/rest/services/Fee_Managers_PADUS/FeatureServer/0","sourceUpdated":"2023-05-15T04:00:00.000Z","publicUse":"PAD-US reports open access; verify current manager conditions and restrictions.","unit":"CITY","origin":"public-catalog"}},{"type":"Feature","id":"usgs-pad-us-fee-managers:98713","geometry":{"type":"Polygon","coordinates":[[[-121.6976,37.9545],[-121.6979,37.9547],[-121.6976,37.9547],[-121.6976,37.9545]]]},"properties":{"id":"usgs-pad-us-fee-managers:98713","name":"Bosk Pocket Park","kind":"land","category":"public-land","sourceCategory":"public-land","sourceId":"usgs-pad-us-fee-managers","sourceUrl":"https://services.arcgis.com/v01gqwM5QqNysAAi/arcgis/rest/services/Fee_Managers_PADUS/FeatureServer/0","sourceUpdated":"2021-10-29T04:00:00.000Z","publicUse":"PAD-US reports open access; verify current manager conditions and restrictions.","unit":"CITY","origin":"public-catalog"}},{"type":"Feature","id":"usgs-pad-us-fee-managers:98714","geometry":{"type":"Polygon","coordinates":[[[-121.7239,37.9535],[-121.724,37.9538],[-121.7239,37.9538],[-121.7239,37.9535]]]},"properties":{"id":"usgs-pad-us-fee-managers:98714","name":"Giotto Pocket Park","kind":"land","category":"public-land","sourceCategory":"public-land","sourceId":"usgs-pad-us-fee-managers","sourceUrl":"https://services.arcgis.com/v01gqwM5QqNysAAi/arcgis/rest/services/Fee_Managers_PADUS/FeatureServer/0","sourceUpdated":"2021-10-29T04:00:00.000Z","publicUse":"PAD-US reports open access; verify current manager conditions and restrictions.","unit":"CITY","origin":"public-catalog"}},{"type":"Feature","id":"usgs-pad-us-fee-managers:98715","geometry":{"type":"Polygon","coordinates":[[[-121.7163,37.9402],[-121.7184,37.9414],[-121.7176,37.9414],[-121.7174,37.9409],[-121.7164,37.9404],[-121.7163,37.9402]]]},"properties":{"id":"usgs-pad-us-fee-managers:98715","name":"Outrigger Circle Pocket Park","kind":"land","category":"public-land","sourceCategory":"public-land","sourceId":"usgs-pad-us-fee-managers","sourceUrl":"https://services.arcgis.com/v01gqwM5QqNysAAi/arcgis/rest/services/Fee_Managers_PADUS/FeatureServer/0","sourceUpdated":"2021-10-29T04:00:00.000Z","publicUse":"PAD-US reports open access; verify current manager conditions and restrictions.","unit":"CITY","origin":"public-catalog"}},{"type":"Feature","id":"usgs-pad-us-fee-managers:98716","geometry":{"type":"Polygon","coordinates":[[[-121.7109,37.9267],[-121.7111,37.9267],[-121.7113,37.9272],[-121.7107,37.9268],[-121.7109,37.9267]]]},"properties":{"id":"usgs-pad-us-fee-managers:98716","name":"Sweetgrass Pocket Park","kind":"land","category":"public-land","sourceCategory":"public-land","sourceId":"usgs-pad-us-fee-managers","sourceUrl":"https://services.arcgis.com/v01gqwM5QqNysAAi/arcgis/rest/services/Fee_Managers_PADUS/FeatureServer/0","sourceUpdated":"2021-10-29T04:00:00.000Z","publicUse":"PAD-US reports open access; verify current manager conditions and restrictions.","unit":"CITY","origin":"public-catalog"}},{"type":"Feature","id":"usgs-pad-us-fee-managers:99639","geometry":{"type":"Polygon","coordinates":[[[-118.6969,34.153],[-118.6969,34.1526],[-118.6971,34.1526],[-118.6973,34.1532],[-118.6969,34.153]]]},"properties":{"id":"usgs-pad-us-fee-managers:99639","name":"Unknown Park","kind":"land","category":"public-land","sourceCategory":"public-land","sourceId":"usgs-pad-us-fee-managers","sourceUrl":"https://services.arcgis.com/v01gqwM5QqNysAAi/arcgis/rest/services/Fee_Managers_PADUS/FeatureServer/0","sourceUpdated":"2023-05-15T04:00:00.000Z","publicUse":"PAD-US reports open access; verify current manager conditions and restrictions.","unit":"CITY","origin":"public-catalog"}},{"type":"Feature","id":"usgs-pad-us-fee-managers:99640","geometry":{"type":"Polygon","coordinates":[[[-118.6381,34.1544],[-118.6384,34.1537],[-118.6394,34.1537],[-118.6397,34.1539],[-118.6398,34.1549],[-118.6392,34.156],[-118.6377,34.1557],[-118.6381,34.1544]]]},"properties":{"id":"usgs-pad-us-fee-managers:99640","name":"Calabasa Swim And Tennis Center","kind":"land","category":"public-land","sourceCategory":"public-land","sourceId":"usgs-pad-us-fee-managers","sourceUrl":"https://services.arcgis.com/v01gqwM5QqNysAAi/arcgis/rest/services/Fee_Managers_PADUS/FeatureServer/0","sourceUpdated":"2023-05-15T04:00:00.000Z","publicUse":"PAD-US reports open access; verify current manager conditions and restrictions.","unit":"CITY","origin":"public-catalog"}},{"type":"Feature","id":"usgs-pad-us-fee-managers:99681","geometry":{"type":"Polygon","coordinates":[[[-122.5901,38.5806],[-122.59,38.5803],[-122.5903,38.5805],[-122.5913,38.5805],[-122.5912,38.5807],[-122.5901,38.5806]]]},"properties":{"id":"usgs-pad-us-fee-managers:99681","name":"Unknown Trail/ Park","kind":"land","category":"public-land","sourceCategory":"public-land","sourceId":"usgs-pad-us-fee-managers","sourceUrl":"https://services.arcgis.com/v01gqwM5QqNysAAi/arcgis/rest/services/Fee_Managers_PADUS/FeatureServer/0","sourceUpdated":"2023-05-15T04:00:00.000Z","publicUse":"PAD-US reports open access; verify current manager conditions and restrictions.","unit":"CITY","origin":"public-catalog"}},{"type":"Feature","id":"usgs-pad-us-fee-managers:99907","geometry":{"type":"Polygon","coordinates":[[[-117.3167,33.1746],[-117.3161,33.1743],[-117.3165,33.1741],[-117.3157,33.173],[-117.315,33.1732],[-117.3151,33.1735],[-117.3147,33.1734],[-117.3147,33.1725],[-117.3152,33.1722],[-117.315,33.1716],[-117.3156,33.1714],[-117.3159,33.1716],[-117.317,33.1711],[-117.3168,33.1708],[-117.3171,33.1707],[-117.3186,33.1707],[-117.3188,33.1711],[-117.317,33.1722],[-117.3168,33.1731],[-117.318,33.1753],[-117.3167,33.1746]]]},"properties":{"id":"usgs-pad-us-fee-managers:99907","name":"Carlsbad Village Open Space","kind":"land","category":"public-land","sourceCategory":"public-land","sourceId":"usgs-pad-us-fee-managers","sourceUrl":"https://services.arcgis.com/v01gqwM5QqNysAAi/arcgis/rest/services/Fee_Managers_PADUS/FeatureServer/0","sourceUpdated":"2021-04-16T04:00:00.000Z","publicUse":"PAD-US reports open access; verify current manager conditions and restrictions.","unit":"CITY","origin":"public-catalog"}},{"type":"Feature","id":"usgs-pad-us-fee-managers:99953","geometry":{"type":"Polygon","coordinates":[[[-121.9181,36.5421],[-121.9177,36.5417],[-121.9173,36.542],[-121.9167,36.5417],[-121.918,36.5407],[-121.9188,36.5413],[-121.9181,36.5421]]]},"properties":{"id":"usgs-pad-us-fee-managers:99953","name":"Larson Field","kind":"land","category":"public-land","sourceCategory":"public-land","sourceId":"usgs-pad-us-fee-managers","sourceUrl":"https://services.arcgis.com/v01gqwM5QqNysAAi/arcgis/rest/services/Fee_Managers_PADUS/FeatureServer/0","sourceUpdated":"2023-05-15T04:00:00.000Z","publicUse":"PAD-US reports open access; verify current manager conditions and restrictions.","unit":"CITY","origin":"public-catalog"}},{"type":"Feature","id":"usgs-pad-us-fee-managers:99965","geometry":{"type":"Polygon","coordinates":[[[-119.4955,34.3871],[-119.4955,34.3858],[-119.497,34.3859],[-119.4976,34.3862],[-119.4977,34.3871],[-119.4955,34.3871]]]},"properties":{"id":"usgs-pad-us-fee-managers:99965","name":"Viola Fields","kind":"land","category":"public-land","sourceCategory":"public-land","sourceId":"usgs-pad-us-fee-managers","sourceUrl":"https://services.arcgis.com/v01gqwM5QqNysAAi/arcgis/rest/services/Fee_Managers_PADUS/FeatureServer/0","sourceUpdated":"2023-05-15T04:00:00.000Z","publicUse":"PAD-US reports open access; verify current manager conditions and restrictions.","unit":"CITY","origin":"public-catalog"}}]}
