{"type":"FeatureCollection","features":[{"type":"Feature","id":"usgs-pad-us-fee-managers:91222","geometry":{"type":"Polygon","coordinates":[[[-87.9607,42.2465],[-87.9597,42.2464],[-87.9597,42.2449],[-87.9592,42.244],[-87.9592,42.2428],[-87.96,42.243],[-87.9613,42.2427],[-87.9618,42.2425],[-87.9618,42.2417],[-87.9633,42.2417],[-87.9633,42.2429],[-87.9651,42.2432],[-87.9653,42.2444],[-87.9703,42.2444],[-87.9704,42.2429],[-87.9721,42.2429],[-87.9721,42.2444],[-87.9742,42.2443],[-87.9751,42.2456],[-87.9742,42.246],[-87.9735,42.245],[-87.9716,42.2457],[-87.9704,42.2457],[-87.9704,42.2472],[-87.9706,42.2475],[-87.9698,42.2476],[-87.9699,42.2448],[-87.9656,42.2448],[-87.9657,42.2521],[-87.964,42.2528],[-87.9617,42.2533],[-87.9611,42.2533],[-87.961,42.2523],[-87.9613,42.2467],[-87.9607,42.2465]]]},"properties":{"id":"usgs-pad-us-fee-managers:91222","name":"Century Park","kind":"land","category":"public-land","sourceCategory":"public-land","sourceId":"usgs-pad-us-fee-managers","sourceUrl":"https://services.arcgis.com/v01gqwM5QqNysAAi/arcgis/rest/services/Fee_Managers_PADUS/FeatureServer/0","sourceUpdated":"2023-05-15T04:00:00.000Z","publicUse":"PAD-US reports open access; verify current manager conditions and restrictions.","unit":"REG","origin":"public-catalog"}},{"type":"Feature","id":"usgs-pad-us-fee-managers:91223","geometry":{"type":"MultiPolygon","coordinates":[[[[-87.9564,42.2178],[-87.9574,42.2184],[-87.9563,42.2185],[-87.9564,42.2178]]],[[[-87.9557,42.2185],[-87.9562,42.2185],[-87.9562,42.219],[-87.9557,42.2189],[-87.9557,42.2185]]]]},"properties":{"id":"usgs-pad-us-fee-managers:91223","name":"Donnelley Park","kind":"land","category":"public-land","sourceCategory":"public-land","sourceId":"usgs-pad-us-fee-managers","sourceUrl":"https://services.arcgis.com/v01gqwM5QqNysAAi/arcgis/rest/services/Fee_Managers_PADUS/FeatureServer/0","sourceUpdated":"2023-05-15T04:00:00.000Z","publicUse":"PAD-US reports open access; verify current manager conditions and restrictions.","unit":"REG","origin":"public-catalog"}},{"type":"Feature","id":"usgs-pad-us-fee-managers:91224","geometry":{"type":"Polygon","coordinates":[[[-87.9864,42.2298],[-87.9855,42.2296],[-87.9855,42.2291],[-87.9872,42.2288],[-87.9884,42.228],[-87.9891,42.228],[-87.9892,42.2285],[-87.9896,42.2289],[-87.9902,42.2287],[-87.9913,42.2297],[-87.9902,42.2303],[-87.988,42.2304],[-87.9873,42.2308],[-87.9866,42.2303],[-87.9864,42.2298]]]},"properties":{"id":"usgs-pad-us-fee-managers:91224","name":"Gross Point Park","kind":"land","category":"public-land","sourceCategory":"public-land","sourceId":"usgs-pad-us-fee-managers","sourceUrl":"https://services.arcgis.com/v01gqwM5QqNysAAi/arcgis/rest/services/Fee_Managers_PADUS/FeatureServer/0","sourceUpdated":"2023-05-15T04:00:00.000Z","publicUse":"PAD-US reports open access; verify current manager conditions and restrictions.","unit":"REG","origin":"public-catalog"}},{"type":"Feature","id":"usgs-pad-us-fee-managers:91225","geometry":{"type":"Polygon","coordinates":[[[-87.9704,42.2158],[-87.9701,42.216],[-87.9683,42.2152],[-87.9671,42.2152],[-87.9662,42.2147],[-87.9664,42.2143],[-87.969,42.2144],[-87.9711,42.2154],[-87.9711,42.2162],[-87.9702,42.216],[-87.9704,42.2158]]]},"properties":{"id":"usgs-pad-us-fee-managers:91225","name":"Hawthorn Club Park","kind":"land","category":"public-land","sourceCategory":"public-land","sourceId":"usgs-pad-us-fee-managers","sourceUrl":"https://services.arcgis.com/v01gqwM5QqNysAAi/arcgis/rest/services/Fee_Managers_PADUS/FeatureServer/0","sourceUpdated":"2023-05-15T04:00:00.000Z","publicUse":"PAD-US reports open access; verify current manager conditions and restrictions.","unit":"REG","origin":"public-catalog"}},{"type":"Feature","id":"usgs-pad-us-fee-managers:91226","geometry":{"type":"Polygon","coordinates":[[[-87.9777,42.2207],[-87.9781,42.2208],[-87.9781,42.2211],[-87.9777,42.2212],[-87.9777,42.2207]]]},"properties":{"id":"usgs-pad-us-fee-managers:91226","name":"Kiddie Korral Park","kind":"land","category":"public-land","sourceCategory":"public-land","sourceId":"usgs-pad-us-fee-managers","sourceUrl":"https://services.arcgis.com/v01gqwM5QqNysAAi/arcgis/rest/services/Fee_Managers_PADUS/FeatureServer/0","sourceUpdated":"2023-05-15T04:00:00.000Z","publicUse":"PAD-US reports open access; verify current manager conditions and restrictions.","unit":"REG","origin":"public-catalog"}},{"type":"Feature","id":"usgs-pad-us-fee-managers:91227","geometry":{"type":"Polygon","coordinates":[[[-87.9571,42.2347],[-87.9581,42.2367],[-87.9585,42.2368],[-87.9578,42.238],[-87.9562,42.237],[-87.9567,42.2363],[-87.9568,42.2347],[-87.9571,42.2347]]]},"properties":{"id":"usgs-pad-us-fee-managers:91227","name":"Lakeview Fitness Center","kind":"land","category":"public-land","sourceCategory":"public-land","sourceId":"usgs-pad-us-fee-managers","sourceUrl":"https://services.arcgis.com/v01gqwM5QqNysAAi/arcgis/rest/services/Fee_Managers_PADUS/FeatureServer/0","sourceUpdated":"2023-05-15T04:00:00.000Z","publicUse":"PAD-US reports open access; verify current manager conditions and restrictions.","unit":"REG","origin":"public-catalog"}},{"type":"Feature","id":"usgs-pad-us-fee-managers:91228","geometry":{"type":"Polygon","coordinates":[[[-87.9567,42.23],[-87.9606,42.2253],[-87.9607,42.226],[-87.963,42.226],[-87.9643,42.2263],[-87.9638,42.2269],[-87.9632,42.2266],[-87.9608,42.2265],[-87.96,42.2291],[-87.9606,42.2294],[-87.9611,42.2293],[-87.9612,42.2284],[-87.9624,42.2285],[-87.9626,42.2304],[-87.9592,42.2301],[-87.9587,42.2302],[-87.9586,42.2306],[-87.9567,42.2306],[-87.9567,42.23]]]},"properties":{"id":"usgs-pad-us-fee-managers:91228","name":"Marimac Park","kind":"land","category":"public-land","sourceCategory":"public-land","sourceId":"usgs-pad-us-fee-managers","sourceUrl":"https://services.arcgis.com/v01gqwM5QqNysAAi/arcgis/rest/services/Fee_Managers_PADUS/FeatureServer/0","sourceUpdated":"2023-05-15T04:00:00.000Z","publicUse":"PAD-US reports open access; verify current manager conditions and restrictions.","unit":"REG","origin":"public-catalog"}},{"type":"Feature","id":"usgs-pad-us-fee-managers:91229","geometry":{"type":"Polygon","coordinates":[[[-87.98,42.221],[-87.981,42.221],[-87.9815,42.2232],[-87.9812,42.2239],[-87.9795,42.224],[-87.9795,42.2212],[-87.98,42.221]]]},"properties":{"id":"usgs-pad-us-fee-managers:91229","name":"Oakwood Park","kind":"land","category":"public-land","sourceCategory":"public-land","sourceId":"usgs-pad-us-fee-managers","sourceUrl":"https://services.arcgis.com/v01gqwM5QqNysAAi/arcgis/rest/services/Fee_Managers_PADUS/FeatureServer/0","sourceUpdated":"2023-05-15T04:00:00.000Z","publicUse":"PAD-US reports open access; verify current manager conditions and restrictions.","unit":"REG","origin":"public-catalog"}},{"type":"Feature","id":"usgs-pad-us-fee-managers:91230","geometry":{"type":"Polygon","coordinates":[[[-87.9606,42.2177],[-87.9603,42.2177],[-87.9612,42.217],[-87.9619,42.2176],[-87.9612,42.2179],[-87.9606,42.2177]]]},"properties":{"id":"usgs-pad-us-fee-managers:91230","name":"Ranney Park","kind":"land","category":"public-land","sourceCategory":"public-land","sourceId":"usgs-pad-us-fee-managers","sourceUrl":"https://services.arcgis.com/v01gqwM5QqNysAAi/arcgis/rest/services/Fee_Managers_PADUS/FeatureServer/0","sourceUpdated":"2023-05-15T04:00:00.000Z","publicUse":"PAD-US reports open access; verify current manager conditions and restrictions.","unit":"REG","origin":"public-catalog"}},{"type":"Feature","id":"usgs-pad-us-fee-managers:91231","geometry":{"type":"Polygon","coordinates":[[[-87.965,42.2208],[-87.9653,42.2207],[-87.9662,42.221],[-87.966,42.2215],[-87.9636,42.2225],[-87.9618,42.2247],[-87.9606,42.2258],[-87.9606,42.225],[-87.9611,42.2242],[-87.9611,42.2229],[-87.9634,42.2223],[-87.965,42.2208]]]},"properties":{"id":"usgs-pad-us-fee-managers:91231","name":"Stone Fence Park","kind":"land","category":"public-land","sourceCategory":"public-land","sourceId":"usgs-pad-us-fee-managers","sourceUrl":"https://services.arcgis.com/v01gqwM5QqNysAAi/arcgis/rest/services/Fee_Managers_PADUS/FeatureServer/0","sourceUpdated":"2023-05-15T04:00:00.000Z","publicUse":"PAD-US reports open access; verify current manager conditions and restrictions.","unit":"REG","origin":"public-catalog"}},{"type":"Feature","id":"usgs-pad-us-fee-managers:91232","geometry":{"type":"Polygon","coordinates":[[[-87.9744,42.2533],[-87.9736,42.2532],[-87.9747,42.2532],[-87.9751,42.2526],[-87.9747,42.252],[-87.9755,42.2517],[-87.9757,42.2521],[-87.9762,42.2523],[-87.9762,42.2532],[-87.9759,42.2536],[-87.9744,42.2533]]]},"properties":{"id":"usgs-pad-us-fee-managers:91232","name":"Torrey Pines Park","kind":"land","category":"public-land","sourceCategory":"public-land","sourceId":"usgs-pad-us-fee-managers","sourceUrl":"https://services.arcgis.com/v01gqwM5QqNysAAi/arcgis/rest/services/Fee_Managers_PADUS/FeatureServer/0","sourceUpdated":"2023-05-15T04:00:00.000Z","publicUse":"PAD-US reports open access; verify current manager conditions and restrictions.","unit":"REG","origin":"public-catalog"}},{"type":"Feature","id":"usgs-pad-us-fee-managers:91233","geometry":{"type":"Polygon","coordinates":[[[-87.9923,42.2239],[-87.9941,42.2239],[-87.9941,42.2261],[-87.9931,42.2261],[-87.9929,42.2251],[-87.992,42.2245],[-87.9923,42.2239]]]},"properties":{"id":"usgs-pad-us-fee-managers:91233","name":"Unknown Park","kind":"land","category":"public-land","sourceCategory":"public-land","sourceId":"usgs-pad-us-fee-managers","sourceUrl":"https://services.arcgis.com/v01gqwM5QqNysAAi/arcgis/rest/services/Fee_Managers_PADUS/FeatureServer/0","sourceUpdated":"2023-05-15T04:00:00.000Z","publicUse":"PAD-US reports open access; verify current manager conditions and restrictions.","unit":"REG","origin":"public-catalog"}},{"type":"Feature","id":"usgs-pad-us-fee-managers:91234","geometry":{"type":"Polygon","coordinates":[[[-87.9884,42.2336],[-87.9884,42.2361],[-87.9876,42.2371],[-87.9872,42.2371],[-87.9875,42.2364],[-87.9868,42.2362],[-87.9869,42.2358],[-87.9882,42.2346],[-87.9884,42.2336]]]},"properties":{"id":"usgs-pad-us-fee-managers:91234","name":"Carriage Green Park","kind":"land","category":"public-land","sourceCategory":"public-land","sourceId":"usgs-pad-us-fee-managers","sourceUrl":"https://services.arcgis.com/v01gqwM5QqNysAAi/arcgis/rest/services/Fee_Managers_PADUS/FeatureServer/0","sourceUpdated":"2023-05-15T04:00:00.000Z","publicUse":"PAD-US reports open access; verify current manager conditions and restrictions.","unit":"REG","origin":"public-catalog"}},{"type":"Feature","id":"usgs-pad-us-fee-managers:91235","geometry":{"type":"MultiPolygon","coordinates":[[[[-87.9727,42.2664],[-87.972,42.2664],[-87.972,42.2659],[-87.9742,42.2659],[-87.9739,42.2671],[-87.9727,42.2664]]],[[[-87.9691,42.266],[-87.9691,42.2656],[-87.9717,42.2659],[-87.9717,42.2664],[-87.9712,42.2665],[-87.9713,42.2673],[-87.9707,42.2678],[-87.9705,42.2697],[-87.9691,42.2697],[-87.9691,42.266]]]]},"properties":{"id":"usgs-pad-us-fee-managers:91235","name":"Hawthorn Mellody Park","kind":"land","category":"public-land","sourceCategory":"public-land","sourceId":"usgs-pad-us-fee-managers","sourceUrl":"https://services.arcgis.com/v01gqwM5QqNysAAi/arcgis/rest/services/Fee_Managers_PADUS/FeatureServer/0","sourceUpdated":"2023-05-15T04:00:00.000Z","publicUse":"PAD-US reports open access; verify current manager conditions and restrictions.","unit":"REG","origin":"public-catalog"}},{"type":"Feature","id":"usgs-pad-us-fee-managers:91236","geometry":{"type":"Polygon","coordinates":[[[-87.9626,42.2059],[-87.9626,42.2061],[-87.9622,42.2065],[-87.9629,42.2072],[-87.9644,42.2075],[-87.965,42.2081],[-87.9611,42.2081],[-87.9603,42.2065],[-87.9608,42.2063],[-87.9608,42.2059],[-87.9626,42.2059]]]},"properties":{"id":"usgs-pad-us-fee-managers:91236","name":"Sugar Creek Park","kind":"land","category":"public-land","sourceCategory":"public-land","sourceId":"usgs-pad-us-fee-managers","sourceUrl":"https://services.arcgis.com/v01gqwM5QqNysAAi/arcgis/rest/services/Fee_Managers_PADUS/FeatureServer/0","sourceUpdated":"2023-05-15T04:00:00.000Z","publicUse":"PAD-US reports open access; verify current manager conditions and restrictions.","unit":"REG","origin":"public-catalog"}},{"type":"Feature","id":"usgs-pad-us-fee-managers:91237","geometry":{"type":"MultiPolygon","coordinates":[[[[-87.9601,42.2081],[-87.9607,42.2081],[-87.9616,42.2099],[-87.9601,42.21],[-87.9601,42.2081]]],[[[-87.9622,42.2099],[-87.9611,42.2081],[-87.965,42.2081],[-87.965,42.2118],[-87.963,42.2118],[-87.9622,42.2099]]]]},"properties":{"id":"usgs-pad-us-fee-managers:91237","name":"Sullivan Woods","kind":"land","category":"public-land","sourceCategory":"public-land","sourceId":"usgs-pad-us-fee-managers","sourceUrl":"https://services.arcgis.com/v01gqwM5QqNysAAi/arcgis/rest/services/Fee_Managers_PADUS/FeatureServer/0","sourceUpdated":"2023-05-15T04:00:00.000Z","publicUse":"PAD-US reports open access; verify current manager conditions and restrictions.","unit":"REG","origin":"public-catalog"}},{"type":"Feature","id":"usgs-pad-us-fee-managers:91239","geometry":{"type":"Polygon","coordinates":[[[-87.8748,41.9223],[-87.8776,41.9222],[-87.8777,41.9244],[-87.8749,41.9245],[-87.8748,41.9223]]]},"properties":{"id":"usgs-pad-us-fee-managers:91239","name":"Gouin Park","kind":"land","category":"public-land","sourceCategory":"public-land","sourceId":"usgs-pad-us-fee-managers","sourceUrl":"https://services.arcgis.com/v01gqwM5QqNysAAi/arcgis/rest/services/Fee_Managers_PADUS/FeatureServer/0","sourceUpdated":"2023-05-15T04:00:00.000Z","publicUse":"PAD-US reports open access; verify current manager conditions and restrictions.","unit":"REG","origin":"public-catalog"}},{"type":"Feature","id":"usgs-pad-us-fee-managers:91240","geometry":{"type":"Polygon","coordinates":[[[-87.9036,41.9121],[-87.9035,41.9103],[-87.9045,41.9103],[-87.9045,41.9108],[-87.9078,41.9108],[-87.9079,41.912],[-87.9036,41.9121]]]},"properties":{"id":"usgs-pad-us-fee-managers:91240","name":"Grant Park","kind":"land","category":"public-land","sourceCategory":"public-land","sourceId":"usgs-pad-us-fee-managers","sourceUrl":"https://services.arcgis.com/v01gqwM5QqNysAAi/arcgis/rest/services/Fee_Managers_PADUS/FeatureServer/0","sourceUpdated":"2023-05-15T04:00:00.000Z","publicUse":"PAD-US reports open access; verify current manager conditions and restrictions.","unit":"REG","origin":"public-catalog"}},{"type":"Feature","id":"usgs-pad-us-fee-managers:91241","geometry":{"type":"Polygon","coordinates":[[[-87.8951,41.9169],[-87.8962,41.9169],[-87.8963,41.9176],[-87.8952,41.9176],[-87.8951,41.9169]]]},"properties":{"id":"usgs-pad-us-fee-managers:91241","name":"Kahl Park","kind":"land","category":"public-land","sourceCategory":"public-land","sourceId":"usgs-pad-us-fee-managers","sourceUrl":"https://services.arcgis.com/v01gqwM5QqNysAAi/arcgis/rest/services/Fee_Managers_PADUS/FeatureServer/0","sourceUpdated":"2023-05-15T04:00:00.000Z","publicUse":"PAD-US reports open access; verify current manager conditions and restrictions.","unit":"REG","origin":"public-catalog"}},{"type":"Feature","id":"usgs-pad-us-fee-managers:91242","geometry":{"type":"Polygon","coordinates":[[[-87.8545,41.9231],[-87.8544,41.9227],[-87.8546,41.9227],[-87.8552,41.9243],[-87.8546,41.9243],[-87.8545,41.9231]]]},"properties":{"id":"usgs-pad-us-fee-managers:91242","name":"Latoria Park","kind":"land","category":"public-land","sourceCategory":"public-land","sourceId":"usgs-pad-us-fee-managers","sourceUrl":"https://services.arcgis.com/v01gqwM5QqNysAAi/arcgis/rest/services/Fee_Managers_PADUS/FeatureServer/0","sourceUpdated":"2023-05-15T04:00:00.000Z","publicUse":"PAD-US reports open access; verify current manager conditions and restrictions.","unit":"REG","origin":"public-catalog"}},{"type":"Feature","id":"usgs-pad-us-fee-managers:91243","geometry":{"type":"Polygon","coordinates":[[[-87.8738,41.9293],[-87.8743,41.9292],[-87.8743,41.9294],[-87.8738,41.9293]]]},"properties":{"id":"usgs-pad-us-fee-managers:91243","name":"Manheim Park","kind":"land","category":"public-land","sourceCategory":"public-land","sourceId":"usgs-pad-us-fee-managers","sourceUrl":"https://services.arcgis.com/v01gqwM5QqNysAAi/arcgis/rest/services/Fee_Managers_PADUS/FeatureServer/0","sourceUpdated":"2023-05-15T04:00:00.000Z","publicUse":"PAD-US reports open access; verify current manager conditions and restrictions.","unit":"REG","origin":"public-catalog"}},{"type":"Feature","id":"usgs-pad-us-fee-managers:91244","geometry":{"type":"Polygon","coordinates":[[[-87.8913,41.9131],[-87.8913,41.9128],[-87.8909,41.9128],[-87.8909,41.9124],[-87.8919,41.9124],[-87.8919,41.9131],[-87.8913,41.9131]]]},"properties":{"id":"usgs-pad-us-fee-managers:91244","name":"Posphalla Park","kind":"land","category":"public-land","sourceCategory":"public-land","sourceId":"usgs-pad-us-fee-managers","sourceUrl":"https://services.arcgis.com/v01gqwM5QqNysAAi/arcgis/rest/services/Fee_Managers_PADUS/FeatureServer/0","sourceUpdated":"2023-05-15T04:00:00.000Z","publicUse":"PAD-US reports open access; verify current manager conditions and restrictions.","unit":"REG","origin":"public-catalog"}},{"type":"Feature","id":"usgs-pad-us-fee-managers:91247","geometry":{"type":"Polygon","coordinates":[[[-87.9176,42.0698],[-87.9176,42.0695],[-87.9198,42.0696],[-87.9205,42.0693],[-87.9205,42.0698],[-87.9176,42.0698]]]},"properties":{"id":"usgs-pad-us-fee-managers:91247","name":"Centennial Park","kind":"land","category":"public-land","sourceCategory":"public-land","sourceId":"usgs-pad-us-fee-managers","sourceUrl":"https://services.arcgis.com/v01gqwM5QqNysAAi/arcgis/rest/services/Fee_Managers_PADUS/FeatureServer/0","sourceUpdated":"2023-05-15T04:00:00.000Z","publicUse":"PAD-US reports open access; verify current manager conditions and restrictions.","unit":"REG","origin":"public-catalog"}},{"type":"Feature","id":"usgs-pad-us-fee-managers:91248","geometry":{"type":"Polygon","coordinates":[[[-87.9261,42.0518],[-87.9261,42.0503],[-87.9273,42.0503],[-87.9273,42.0493],[-87.9284,42.0493],[-87.9285,42.0518],[-87.9261,42.0518]]]},"properties":{"id":"usgs-pad-us-fee-managers:91248","name":"Sunrise Park","kind":"land","category":"public-land","sourceCategory":"public-land","sourceId":"usgs-pad-us-fee-managers","sourceUrl":"https://services.arcgis.com/v01gqwM5QqNysAAi/arcgis/rest/services/Fee_Managers_PADUS/FeatureServer/0","sourceUpdated":"2023-05-15T04:00:00.000Z","publicUse":"PAD-US reports open access; verify current manager conditions and restrictions.","unit":"REG","origin":"public-catalog"}},{"type":"Feature","id":"usgs-pad-us-fee-managers:91249","geometry":{"type":"Polygon","coordinates":[[[-87.9695,42.046],[-87.97,42.046],[-87.97,42.0465],[-87.9686,42.0465],[-87.9686,42.046],[-87.9695,42.046]]]},"properties":{"id":"usgs-pad-us-fee-managers:91249","name":"Tamarack Park","kind":"land","category":"public-land","sourceCategory":"public-land","sourceId":"usgs-pad-us-fee-managers","sourceUrl":"https://services.arcgis.com/v01gqwM5QqNysAAi/arcgis/rest/services/Fee_Managers_PADUS/FeatureServer/0","sourceUpdated":"2023-05-15T04:00:00.000Z","publicUse":"PAD-US reports open access; verify current manager conditions and restrictions.","unit":"REG","origin":"public-catalog"}},{"type":"Feature","id":"usgs-pad-us-fee-managers:91250","geometry":{"type":"Polygon","coordinates":[[[-87.7895,41.597],[-87.7879,41.5966],[-87.7878,41.5951],[-87.7896,41.5951],[-87.7896,41.5933],[-87.7905,41.5933],[-87.7906,41.5951],[-87.7903,41.5951],[-87.7912,41.5958],[-87.7898,41.597],[-87.7895,41.597]]]},"properties":{"id":"usgs-pad-us-fee-managers:91250","name":"Bicentennial Park","kind":"land","category":"public-land","sourceCategory":"public-land","sourceId":"usgs-pad-us-fee-managers","sourceUrl":"https://services.arcgis.com/v01gqwM5QqNysAAi/arcgis/rest/services/Fee_Managers_PADUS/FeatureServer/0","sourceUpdated":"2023-05-15T04:00:00.000Z","publicUse":"PAD-US reports open access; verify current manager conditions and restrictions.","unit":"REG","origin":"public-catalog"}},{"type":"Feature","id":"usgs-pad-us-fee-managers:91251","geometry":{"type":"Polygon","coordinates":[[[-87.9002,41.8096],[-87.9014,41.8094],[-87.9013,41.8102],[-87.9002,41.8096]]]},"properties":{"id":"usgs-pad-us-fee-managers:91251","name":"Tower Green","kind":"land","category":"public-land","sourceCategory":"public-land","sourceId":"usgs-pad-us-fee-managers","sourceUrl":"https://services.arcgis.com/v01gqwM5QqNysAAi/arcgis/rest/services/Fee_Managers_PADUS/FeatureServer/0","sourceUpdated":"2023-05-15T04:00:00.000Z","publicUse":"PAD-US reports open access; verify current manager conditions and restrictions.","unit":"REG","origin":"public-catalog"}},{"type":"Feature","id":"usgs-pad-us-fee-managers:91266","geometry":{"type":"Polygon","coordinates":[[[-88.2118,41.8295],[-88.2112,41.8292],[-88.2106,41.8294],[-88.2106,41.8297],[-88.2089,41.8293],[-88.209,41.8283],[-88.2083,41.8279],[-88.2069,41.828],[-88.206,41.8284],[-88.2072,41.8276],[-88.2072,41.827],[-88.2132,41.8268],[-88.2129,41.8304],[-88.2116,41.8304],[-88.2118,41.8295]]]},"properties":{"id":"usgs-pad-us-fee-managers:91266","name":"Summer Lakes Park","kind":"land","category":"public-land","sourceCategory":"public-land","sourceId":"usgs-pad-us-fee-managers","sourceUrl":"https://services.arcgis.com/v01gqwM5QqNysAAi/arcgis/rest/services/Fee_Managers_PADUS/FeatureServer/0","sourceUpdated":"2023-05-15T04:00:00.000Z","publicUse":"PAD-US reports open access; verify current manager conditions and restrictions.","unit":"REG","origin":"public-catalog"}},{"type":"Feature","id":"usgs-pad-us-fee-managers:91267","geometry":{"type":"Polygon","coordinates":[[[-89.4143,40.7295],[-89.4135,40.7282],[-89.4081,40.7282],[-89.4079,40.7291],[-89.4077,40.7291],[-89.4077,40.7282],[-89.4172,40.728],[-89.4172,40.7295],[-89.4143,40.7295]]]},"properties":{"id":"usgs-pad-us-fee-managers:91267","name":"Bowen Lake Park","kind":"land","category":"public-land","sourceCategory":"public-land","sourceId":"usgs-pad-us-fee-managers","sourceUrl":"https://services.arcgis.com/v01gqwM5QqNysAAi/arcgis/rest/services/Fee_Managers_PADUS/FeatureServer/0","sourceUpdated":"2023-05-15T04:00:00.000Z","publicUse":"PAD-US reports open access; verify current manager conditions and restrictions.","unit":"REG","origin":"public-catalog"}},{"type":"Feature","id":"usgs-pad-us-fee-managers:91268","geometry":{"type":"Polygon","coordinates":[[[-89.4104,40.6977],[-89.4118,40.6977],[-89.4119,40.6985],[-89.4104,40.6985],[-89.4104,40.6977]]]},"properties":{"id":"usgs-pad-us-fee-managers:91268","name":"Candlewood Park","kind":"land","category":"public-land","sourceCategory":"public-land","sourceId":"usgs-pad-us-fee-managers","sourceUrl":"https://services.arcgis.com/v01gqwM5QqNysAAi/arcgis/rest/services/Fee_Managers_PADUS/FeatureServer/0","sourceUpdated":"2023-05-15T04:00:00.000Z","publicUse":"PAD-US reports open access; verify current manager conditions and restrictions.","unit":"REG","origin":"public-catalog"}},{"type":"Feature","id":"usgs-pad-us-fee-managers:91269","geometry":{"type":"Polygon","coordinates":[[[-89.4711,40.6934],[-89.4717,40.6927],[-89.4717,40.6935],[-89.4714,40.6933],[-89.4694,40.6961],[-89.4694,40.6956],[-89.4711,40.6934]]]},"properties":{"id":"usgs-pad-us-fee-managers:91269","name":"Grant Park","kind":"land","category":"public-land","sourceCategory":"public-land","sourceId":"usgs-pad-us-fee-managers","sourceUrl":"https://services.arcgis.com/v01gqwM5QqNysAAi/arcgis/rest/services/Fee_Managers_PADUS/FeatureServer/0","sourceUpdated":"2023-05-15T04:00:00.000Z","publicUse":"PAD-US reports open access; verify current manager conditions and restrictions.","unit":"REG","origin":"public-catalog"}},{"type":"Feature","id":"usgs-pad-us-fee-managers:91270","geometry":{"type":"Polygon","coordinates":[[[-89.431,40.711],[-89.4319,40.7111],[-89.4318,40.7121],[-89.4304,40.7124],[-89.43,40.7117],[-89.4301,40.711],[-89.431,40.711]]]},"properties":{"id":"usgs-pad-us-fee-managers:91270","name":"Harry Lahood Park","kind":"land","category":"public-land","sourceCategory":"public-land","sourceId":"usgs-pad-us-fee-managers","sourceUrl":"https://services.arcgis.com/v01gqwM5QqNysAAi/arcgis/rest/services/Fee_Managers_PADUS/FeatureServer/0","sourceUpdated":"2023-05-15T04:00:00.000Z","publicUse":"PAD-US reports open access; verify current manager conditions and restrictions.","unit":"REG","origin":"public-catalog"}},{"type":"Feature","id":"usgs-pad-us-fee-managers:91271","geometry":{"type":"Polygon","coordinates":[[[-89.4599,40.6852],[-89.4622,40.6855],[-89.4644,40.6861],[-89.4642,40.6893],[-89.4646,40.6936],[-89.4601,40.6936],[-89.4601,40.6938],[-89.4597,40.6938],[-89.4596,40.6853],[-89.4599,40.6852]]]},"properties":{"id":"usgs-pad-us-fee-managers:91271","name":"Meadow Valley Park","kind":"land","category":"public-land","sourceCategory":"public-land","sourceId":"usgs-pad-us-fee-managers","sourceUrl":"https://services.arcgis.com/v01gqwM5QqNysAAi/arcgis/rest/services/Fee_Managers_PADUS/FeatureServer/0","sourceUpdated":"2023-05-15T04:00:00.000Z","publicUse":"PAD-US reports open access; verify current manager conditions and restrictions.","unit":"REG","origin":"public-catalog"}},{"type":"Feature","id":"usgs-pad-us-fee-managers:91272","geometry":{"type":"Polygon","coordinates":[[[-89.3964,40.7082],[-89.3981,40.7081],[-89.3996,40.7076],[-89.3999,40.7083],[-89.395,40.7091],[-89.3949,40.7087],[-89.3957,40.7087],[-89.3957,40.7085],[-89.3964,40.7082]]]},"properties":{"id":"usgs-pad-us-fee-managers:91272","name":"Weaver Park","kind":"land","category":"public-land","sourceCategory":"public-land","sourceId":"usgs-pad-us-fee-managers","sourceUrl":"https://services.arcgis.com/v01gqwM5QqNysAAi/arcgis/rest/services/Fee_Managers_PADUS/FeatureServer/0","sourceUpdated":"2023-05-15T04:00:00.000Z","publicUse":"PAD-US reports open access; verify current manager conditions and restrictions.","unit":"REG","origin":"public-catalog"}},{"type":"Feature","id":"usgs-pad-us-fee-managers:91273","geometry":{"type":"Polygon","coordinates":[[[-89.4189,40.7131],[-89.419,40.7141],[-89.4169,40.7141],[-89.4169,40.7132],[-89.4189,40.7131]]]},"properties":{"id":"usgs-pad-us-fee-managers:91273","name":"Westgate Park","kind":"land","category":"public-land","sourceCategory":"public-land","sourceId":"usgs-pad-us-fee-managers","sourceUrl":"https://services.arcgis.com/v01gqwM5QqNysAAi/arcgis/rest/services/Fee_Managers_PADUS/FeatureServer/0","sourceUpdated":"2023-05-15T04:00:00.000Z","publicUse":"PAD-US reports open access; verify current manager conditions and restrictions.","unit":"REG","origin":"public-catalog"}},{"type":"Feature","id":"usgs-pad-us-fee-managers:91274","geometry":{"type":"Polygon","coordinates":[[[-90.1204,38.3391],[-90.1233,38.3391],[-90.1232,38.3446],[-90.1219,38.3448],[-90.1217,38.3451],[-90.1202,38.3455],[-90.1187,38.3452],[-90.1186,38.3435],[-90.1204,38.3391]]]},"properties":{"id":"usgs-pad-us-fee-managers:91274","name":"Konarcik Park","kind":"land","category":"public-land","sourceCategory":"public-land","sourceId":"usgs-pad-us-fee-managers","sourceUrl":"https://services.arcgis.com/v01gqwM5QqNysAAi/arcgis/rest/services/Fee_Managers_PADUS/FeatureServer/0","sourceUpdated":"2023-05-15T04:00:00.000Z","publicUse":"PAD-US reports open access; verify current manager conditions and restrictions.","unit":"REG","origin":"public-catalog"}},{"type":"Feature","id":"usgs-pad-us-fee-managers:91275","geometry":{"type":"Polygon","coordinates":[[[-90.1596,38.3385],[-90.1615,38.3385],[-90.1621,38.3396],[-90.1619,38.3398],[-90.1591,38.3398],[-90.1591,38.3388],[-90.1596,38.3388],[-90.1596,38.3385]]]},"properties":{"id":"usgs-pad-us-fee-managers:91275","name":"Waterloo Sports Association","kind":"land","category":"public-land","sourceCategory":"public-land","sourceId":"usgs-pad-us-fee-managers","sourceUrl":"https://services.arcgis.com/v01gqwM5QqNysAAi/arcgis/rest/services/Fee_Managers_PADUS/FeatureServer/0","sourceUpdated":"2023-05-15T04:00:00.000Z","publicUse":"PAD-US reports open access; verify current manager conditions and restrictions.","unit":"REG","origin":"public-catalog"}},{"type":"Feature","id":"usgs-pad-us-fee-managers:91276","geometry":{"type":"Polygon","coordinates":[[[-90.1433,38.3511],[-90.1448,38.3511],[-90.1447,38.3518],[-90.1432,38.3525],[-90.1433,38.3511]]]},"properties":{"id":"usgs-pad-us-fee-managers:91276","name":"William Zimmer Memorial Park","kind":"land","category":"public-land","sourceCategory":"public-land","sourceId":"usgs-pad-us-fee-managers","sourceUrl":"https://services.arcgis.com/v01gqwM5QqNysAAi/arcgis/rest/services/Fee_Managers_PADUS/FeatureServer/0","sourceUpdated":"2023-05-15T04:00:00.000Z","publicUse":"PAD-US reports open access; verify current manager conditions and restrictions.","unit":"REG","origin":"public-catalog"}},{"type":"Feature","id":"usgs-pad-us-fee-managers:91277","geometry":{"type":"Polygon","coordinates":[[[-88.1402,42.2609],[-88.14,42.2607],[-88.1403,42.2608],[-88.1408,42.2604],[-88.1414,42.261],[-88.1399,42.2622],[-88.1398,42.2612],[-88.1402,42.2609]]]},"properties":{"id":"usgs-pad-us-fee-managers:91277","name":"Beach Park","kind":"land","category":"public-land","sourceCategory":"public-land","sourceId":"usgs-pad-us-fee-managers","sourceUrl":"https://services.arcgis.com/v01gqwM5QqNysAAi/arcgis/rest/services/Fee_Managers_PADUS/FeatureServer/0","sourceUpdated":"2023-05-15T04:00:00.000Z","publicUse":"PAD-US reports open access; verify current manager conditions and restrictions.","unit":"REG","origin":"public-catalog"}},{"type":"Feature","id":"usgs-pad-us-fee-managers:91278","geometry":{"type":"Polygon","coordinates":[[[-88.1446,42.2667],[-88.144,42.2703],[-88.1441,42.271],[-88.1403,42.2726],[-88.14,42.2678],[-88.1411,42.2667],[-88.1446,42.2667]]]},"properties":{"id":"usgs-pad-us-fee-managers:91278","name":"Cook Memorial Park","kind":"land","category":"public-land","sourceCategory":"public-land","sourceId":"usgs-pad-us-fee-managers","sourceUrl":"https://services.arcgis.com/v01gqwM5QqNysAAi/arcgis/rest/services/Fee_Managers_PADUS/FeatureServer/0","sourceUpdated":"2023-05-15T04:00:00.000Z","publicUse":"PAD-US reports open access; verify current manager conditions and restrictions.","unit":"REG","origin":"public-catalog"}},{"type":"Feature","id":"usgs-pad-us-fee-managers:91279","geometry":{"type":"Polygon","coordinates":[[[-88.151,42.2678],[-88.1514,42.2678],[-88.1514,42.268],[-88.151,42.268],[-88.151,42.2678]]]},"properties":{"id":"usgs-pad-us-fee-managers:91279","name":"Country Ridge","kind":"land","category":"public-land","sourceCategory":"public-land","sourceId":"usgs-pad-us-fee-managers","sourceUrl":"https://services.arcgis.com/v01gqwM5QqNysAAi/arcgis/rest/services/Fee_Managers_PADUS/FeatureServer/0","sourceUpdated":"2023-05-15T04:00:00.000Z","publicUse":"PAD-US reports open access; verify current manager conditions and restrictions.","unit":"REG","origin":"public-catalog"}},{"type":"Feature","id":"usgs-pad-us-fee-managers:91280","geometry":{"type":"Polygon","coordinates":[[[-88.1179,42.3052],[-88.1177,42.3042],[-88.1184,42.3043],[-88.1185,42.304],[-88.1192,42.3041],[-88.1191,42.3046],[-88.1193,42.305],[-88.1206,42.3052],[-88.1204,42.306],[-88.1191,42.3064],[-88.1179,42.3063],[-88.1179,42.3052]]]},"properties":{"id":"usgs-pad-us-fee-managers:91280","name":"Fieldbrook Park","kind":"land","category":"public-land","sourceCategory":"public-land","sourceId":"usgs-pad-us-fee-managers","sourceUrl":"https://services.arcgis.com/v01gqwM5QqNysAAi/arcgis/rest/services/Fee_Managers_PADUS/FeatureServer/0","sourceUpdated":"2023-05-15T04:00:00.000Z","publicUse":"PAD-US reports open access; verify current manager conditions and restrictions.","unit":"REG","origin":"public-catalog"}},{"type":"Feature","id":"usgs-pad-us-fee-managers:91281","geometry":{"type":"Polygon","coordinates":[[[-88.1186,42.2966],[-88.1186,42.2964],[-88.1181,42.2963],[-88.1191,42.2965],[-88.1195,42.2961],[-88.1204,42.2957],[-88.1215,42.2957],[-88.1216,42.2963],[-88.1211,42.2963],[-88.1212,42.2967],[-88.1206,42.2969],[-88.1206,42.2964],[-88.1203,42.2959],[-88.1196,42.2962],[-88.1191,42.2968],[-88.1186,42.2968],[-88.1186,42.2966]]]},"properties":{"id":"usgs-pad-us-fee-managers:91281","name":"Fishhook Park","kind":"land","category":"public-land","sourceCategory":"public-land","sourceId":"usgs-pad-us-fee-managers","sourceUrl":"https://services.arcgis.com/v01gqwM5QqNysAAi/arcgis/rest/services/Fee_Managers_PADUS/FeatureServer/0","sourceUpdated":"2023-05-15T04:00:00.000Z","publicUse":"PAD-US reports open access; verify current manager conditions and restrictions.","unit":"REG","origin":"public-catalog"}},{"type":"Feature","id":"usgs-pad-us-fee-managers:91282","geometry":{"type":"Polygon","coordinates":[[[-88.1562,42.2657],[-88.1565,42.2654],[-88.1577,42.2656],[-88.1577,42.2658],[-88.1572,42.2661],[-88.1562,42.2657]]]},"properties":{"id":"usgs-pad-us-fee-managers:91282","name":"Larkdale Park","kind":"land","category":"public-land","sourceCategory":"public-land","sourceId":"usgs-pad-us-fee-managers","sourceUrl":"https://services.arcgis.com/v01gqwM5QqNysAAi/arcgis/rest/services/Fee_Managers_PADUS/FeatureServer/0","sourceUpdated":"2023-05-15T04:00:00.000Z","publicUse":"PAD-US reports open access; verify current manager conditions and restrictions.","unit":"REG","origin":"public-catalog"}},{"type":"Feature","id":"usgs-pad-us-fee-managers:91283","geometry":{"type":"MultiPolygon","coordinates":[[[[-88.1569,42.2522],[-88.1575,42.2522],[-88.1577,42.2526],[-88.1574,42.2527],[-88.1569,42.2522]]],[[[-88.158,42.2532],[-88.1578,42.253],[-88.1574,42.2532],[-88.1572,42.253],[-88.1576,42.2528],[-88.1591,42.2529],[-88.1592,42.2536],[-88.158,42.2532]]]]},"properties":{"id":"usgs-pad-us-fee-managers:91283","name":"Meadow View Park","kind":"land","category":"public-land","sourceCategory":"public-land","sourceId":"usgs-pad-us-fee-managers","sourceUrl":"https://services.arcgis.com/v01gqwM5QqNysAAi/arcgis/rest/services/Fee_Managers_PADUS/FeatureServer/0","sourceUpdated":"2023-05-15T04:00:00.000Z","publicUse":"PAD-US reports open access; verify current manager conditions and restrictions.","unit":"REG","origin":"public-catalog"}},{"type":"Feature","id":"usgs-pad-us-fee-managers:91284","geometry":{"type":"Polygon","coordinates":[[[-88.1496,42.2485],[-88.1496,42.2481],[-88.1504,42.2481],[-88.1504,42.2484],[-88.1496,42.2485]]]},"properties":{"id":"usgs-pad-us-fee-managers:91284","name":"Oak Grove Park","kind":"land","category":"public-land","sourceCategory":"public-land","sourceId":"usgs-pad-us-fee-managers","sourceUrl":"https://services.arcgis.com/v01gqwM5QqNysAAi/arcgis/rest/services/Fee_Managers_PADUS/FeatureServer/0","sourceUpdated":"2023-05-15T04:00:00.000Z","publicUse":"PAD-US reports open access; verify current manager conditions and restrictions.","unit":"REG","origin":"public-catalog"}},{"type":"Feature","id":"usgs-pad-us-fee-managers:91285","geometry":{"type":"Polygon","coordinates":[[[-88.1192,42.287],[-88.1199,42.2865],[-88.1203,42.2866],[-88.1196,42.2873],[-88.1192,42.287]]]},"properties":{"id":"usgs-pad-us-fee-managers:91285","name":"Orchard Hills Park","kind":"land","category":"public-land","sourceCategory":"public-land","sourceId":"usgs-pad-us-fee-managers","sourceUrl":"https://services.arcgis.com/v01gqwM5QqNysAAi/arcgis/rest/services/Fee_Managers_PADUS/FeatureServer/0","sourceUpdated":"2023-05-15T04:00:00.000Z","publicUse":"PAD-US reports open access; verify current manager conditions and restrictions.","unit":"REG","origin":"public-catalog"}},{"type":"Feature","id":"usgs-pad-us-fee-managers:91286","geometry":{"type":"MultiPolygon","coordinates":[[[[-88.1455,42.2577],[-88.1458,42.2577],[-88.1458,42.258],[-88.1448,42.258],[-88.1455,42.2577]]],[[[-88.1445,42.2583],[-88.1458,42.2582],[-88.1454,42.2586],[-88.1441,42.2585],[-88.1445,42.2583]]]]},"properties":{"id":"usgs-pad-us-fee-managers:91286","name":"Osage Park","kind":"land","category":"public-land","sourceCategory":"public-land","sourceId":"usgs-pad-us-fee-managers","sourceUrl":"https://services.arcgis.com/v01gqwM5QqNysAAi/arcgis/rest/services/Fee_Managers_PADUS/FeatureServer/0","sourceUpdated":"2023-05-15T04:00:00.000Z","publicUse":"PAD-US reports open access; verify current manager conditions and restrictions.","unit":"REG","origin":"public-catalog"}},{"type":"Feature","id":"usgs-pad-us-fee-managers:91287","geometry":{"type":"Polygon","coordinates":[[[-88.1602,42.2517],[-88.1595,42.2515],[-88.1593,42.2506],[-88.1593,42.2504],[-88.1599,42.25],[-88.1607,42.2507],[-88.1599,42.2514],[-88.1602,42.2517]]]},"properties":{"id":"usgs-pad-us-fee-managers:91287","name":"Saddlewood Park","kind":"land","category":"public-land","sourceCategory":"public-land","sourceId":"usgs-pad-us-fee-managers","sourceUrl":"https://services.arcgis.com/v01gqwM5QqNysAAi/arcgis/rest/services/Fee_Managers_PADUS/FeatureServer/0","sourceUpdated":"2023-05-15T04:00:00.000Z","publicUse":"PAD-US reports open access; verify current manager conditions and restrictions.","unit":"REG","origin":"public-catalog"}},{"type":"Feature","id":"usgs-pad-us-fee-managers:91288","geometry":{"type":"Polygon","coordinates":[[[-88.1107,42.2998],[-88.111,42.2994],[-88.1114,42.2997],[-88.1116,42.3008],[-88.1103,42.3008],[-88.1104,42.2999],[-88.1107,42.2998]]]},"properties":{"id":"usgs-pad-us-fee-managers:91288","name":"Sedgebrook Park","kind":"land","category":"public-land","sourceCategory":"public-land","sourceId":"usgs-pad-us-fee-managers","sourceUrl":"https://services.arcgis.com/v01gqwM5QqNysAAi/arcgis/rest/services/Fee_Managers_PADUS/FeatureServer/0","sourceUpdated":"2023-05-15T04:00:00.000Z","publicUse":"PAD-US reports open access; verify current manager conditions and restrictions.","unit":"REG","origin":"public-catalog"}},{"type":"Feature","id":"usgs-pad-us-fee-managers:91289","geometry":{"type":"Polygon","coordinates":[[[-88.146,42.2822],[-88.1481,42.2822],[-88.1481,42.2831],[-88.1491,42.2838],[-88.1491,42.2848],[-88.1401,42.2848],[-88.1401,42.2838],[-88.1418,42.2838],[-88.1418,42.2827],[-88.145,42.2827],[-88.145,42.2822],[-88.146,42.2822]]]},"properties":{"id":"usgs-pad-us-fee-managers:91289","name":"Unknown Park","kind":"land","category":"public-land","sourceCategory":"public-land","sourceId":"usgs-pad-us-fee-managers","sourceUrl":"https://services.arcgis.com/v01gqwM5QqNysAAi/arcgis/rest/services/Fee_Managers_PADUS/FeatureServer/0","sourceUpdated":"2021-04-20T04:00:00.000Z","publicUse":"PAD-US reports open access; verify current manager conditions and restrictions.","unit":"REG","origin":"public-catalog"}},{"type":"Feature","id":"usgs-pad-us-fee-managers:91290","geometry":{"type":"Polygon","coordinates":[[[-88.1417,42.2722],[-88.1419,42.2722],[-88.1419,42.2752],[-88.141,42.2752],[-88.141,42.2726],[-88.1417,42.2722]]]},"properties":{"id":"usgs-pad-us-fee-managers:91290","name":"Unknown Park","kind":"land","category":"public-land","sourceCategory":"public-land","sourceId":"usgs-pad-us-fee-managers","sourceUrl":"https://services.arcgis.com/v01gqwM5QqNysAAi/arcgis/rest/services/Fee_Managers_PADUS/FeatureServer/0","sourceUpdated":"2023-05-15T04:00:00.000Z","publicUse":"PAD-US reports open access; verify current manager conditions and restrictions.","unit":"REG","origin":"public-catalog"}},{"type":"Feature","id":"usgs-pad-us-fee-managers:91291","geometry":{"type":"Polygon","coordinates":[[[-88.1223,42.28],[-88.1224,42.2797],[-88.1231,42.2798],[-88.1231,42.2801],[-88.1223,42.28]]]},"properties":{"id":"usgs-pad-us-fee-managers:91291","name":"Waterstone Park","kind":"land","category":"public-land","sourceCategory":"public-land","sourceId":"usgs-pad-us-fee-managers","sourceUrl":"https://services.arcgis.com/v01gqwM5QqNysAAi/arcgis/rest/services/Fee_Managers_PADUS/FeatureServer/0","sourceUpdated":"2021-04-20T04:00:00.000Z","publicUse":"PAD-US reports open access; verify current manager conditions and restrictions.","unit":"REG","origin":"public-catalog"}},{"type":"Feature","id":"usgs-pad-us-fee-managers:91292","geometry":{"type":"Polygon","coordinates":[[[-88.1389,42.2581],[-88.14,42.2581],[-88.1395,42.2586],[-88.1389,42.2581]]]},"properties":{"id":"usgs-pad-us-fee-managers:91292","name":"Wauconda Police Dept / Memorial Park","kind":"land","category":"public-land","sourceCategory":"public-land","sourceId":"usgs-pad-us-fee-managers","sourceUrl":"https://services.arcgis.com/v01gqwM5QqNysAAi/arcgis/rest/services/Fee_Managers_PADUS/FeatureServer/0","sourceUpdated":"2023-05-15T04:00:00.000Z","publicUse":"PAD-US reports open access; verify current manager conditions and restrictions.","unit":"REG","origin":"public-catalog"}},{"type":"Feature","id":"usgs-pad-us-fee-managers:91293","geometry":{"type":"Polygon","coordinates":[[[-87.861,42.4047],[-87.8621,42.4047],[-87.862,42.4064],[-87.861,42.4064],[-87.861,42.4047]]]},"properties":{"id":"usgs-pad-us-fee-managers:91293","name":"Bonnie Brook Bird Sanctuary","kind":"land","category":"public-land","sourceCategory":"public-land","sourceId":"usgs-pad-us-fee-managers","sourceUrl":"https://services.arcgis.com/v01gqwM5QqNysAAi/arcgis/rest/services/Fee_Managers_PADUS/FeatureServer/0","sourceUpdated":"2023-05-15T04:00:00.000Z","publicUse":"PAD-US reports open access; verify current manager conditions and restrictions.","unit":"REG","origin":"public-catalog"}},{"type":"Feature","id":"usgs-pad-us-fee-managers:91294","geometry":{"type":"Polygon","coordinates":[[[-87.9089,42.3397],[-87.9084,42.339],[-87.9084,42.3385],[-87.9103,42.3384],[-87.9101,42.3394],[-87.9089,42.3397]]]},"properties":{"id":"usgs-pad-us-fee-managers:91294","name":"Arbor Park","kind":"land","category":"public-land","sourceCategory":"public-land","sourceId":"usgs-pad-us-fee-managers","sourceUrl":"https://services.arcgis.com/v01gqwM5QqNysAAi/arcgis/rest/services/Fee_Managers_PADUS/FeatureServer/0","sourceUpdated":"2023-05-15T04:00:00.000Z","publicUse":"PAD-US reports open access; verify current manager conditions and restrictions.","unit":"REG","origin":"public-catalog"}},{"type":"Feature","id":"usgs-pad-us-fee-managers:91295","geometry":{"type":"Polygon","coordinates":[[[-87.852,42.3799],[-87.852,42.3796],[-87.8517,42.3794],[-87.8522,42.3791],[-87.8519,42.3788],[-87.8529,42.3791],[-87.8525,42.3791],[-87.8525,42.3796],[-87.852,42.3796],[-87.852,42.3799]]]},"properties":{"id":"usgs-pad-us-fee-managers:91295","name":"Armory Park","kind":"land","category":"public-land","sourceCategory":"public-land","sourceId":"usgs-pad-us-fee-managers","sourceUrl":"https://services.arcgis.com/v01gqwM5QqNysAAi/arcgis/rest/services/Fee_Managers_PADUS/FeatureServer/0","sourceUpdated":"2023-05-15T04:00:00.000Z","publicUse":"PAD-US reports open access; verify current manager conditions and restrictions.","unit":"REG","origin":"public-catalog"}},{"type":"Feature","id":"usgs-pad-us-fee-managers:91296","geometry":{"type":"Polygon","coordinates":[[[-87.8327,42.3534],[-87.8331,42.3534],[-87.8331,42.3538],[-87.8321,42.3538],[-87.8321,42.3534],[-87.8327,42.3534]]]},"properties":{"id":"usgs-pad-us-fee-managers:91296","name":"Bedrosian Park","kind":"land","category":"public-land","sourceCategory":"public-land","sourceId":"usgs-pad-us-fee-managers","sourceUrl":"https://services.arcgis.com/v01gqwM5QqNysAAi/arcgis/rest/services/Fee_Managers_PADUS/FeatureServer/0","sourceUpdated":"2023-05-15T04:00:00.000Z","publicUse":"PAD-US reports open access; verify current manager conditions and restrictions.","unit":"REG","origin":"public-catalog"}},{"type":"Feature","id":"usgs-pad-us-fee-managers:91297","geometry":{"type":"Polygon","coordinates":[[[-87.8559,42.3535],[-87.8559,42.3513],[-87.8562,42.3513],[-87.8562,42.3509],[-87.8607,42.3505],[-87.8607,42.3536],[-87.8559,42.3535]]]},"properties":{"id":"usgs-pad-us-fee-managers:91297","name":"Belvidere Park","kind":"land","category":"public-land","sourceCategory":"public-land","sourceId":"usgs-pad-us-fee-managers","sourceUrl":"https://services.arcgis.com/v01gqwM5QqNysAAi/arcgis/rest/services/Fee_Managers_PADUS/FeatureServer/0","sourceUpdated":"2023-05-15T04:00:00.000Z","publicUse":"PAD-US reports open access; verify current manager conditions and restrictions.","unit":"REG","origin":"public-catalog"}},{"type":"Feature","id":"usgs-pad-us-fee-managers:91298","geometry":{"type":"Polygon","coordinates":[[[-87.8631,42.3912],[-87.8637,42.3914],[-87.8639,42.3919],[-87.8608,42.3919],[-87.8608,42.3912],[-87.8631,42.3912]]]},"properties":{"id":"usgs-pad-us-fee-managers:91298","name":"Ben Diamond Park","kind":"land","category":"public-land","sourceCategory":"public-land","sourceId":"usgs-pad-us-fee-managers","sourceUrl":"https://services.arcgis.com/v01gqwM5QqNysAAi/arcgis/rest/services/Fee_Managers_PADUS/FeatureServer/0","sourceUpdated":"2023-05-15T04:00:00.000Z","publicUse":"PAD-US reports open access; verify current manager conditions and restrictions.","unit":"REG","origin":"public-catalog"}},{"type":"Feature","id":"usgs-pad-us-fee-managers:91299","geometry":{"type":"Polygon","coordinates":[[[-87.8336,42.3558],[-87.8338,42.3558],[-87.8338,42.3561],[-87.8336,42.3561],[-87.8336,42.3558]]]},"properties":{"id":"usgs-pad-us-fee-managers:91299","name":"Besley Park","kind":"land","category":"public-land","sourceCategory":"public-land","sourceId":"usgs-pad-us-fee-managers","sourceUrl":"https://services.arcgis.com/v01gqwM5QqNysAAi/arcgis/rest/services/Fee_Managers_PADUS/FeatureServer/0","sourceUpdated":"2023-05-15T04:00:00.000Z","publicUse":"PAD-US reports open access; verify current manager conditions and restrictions.","unit":"REG","origin":"public-catalog"}},{"type":"Feature","id":"usgs-pad-us-fee-managers:91300","geometry":{"type":"Polygon","coordinates":[[[-87.8634,42.4071],[-87.8647,42.4066],[-87.8647,42.4099],[-87.8601,42.4099],[-87.8602,42.4071],[-87.8634,42.4071]]]},"properties":{"id":"usgs-pad-us-fee-managers:91300","name":"Bevier Park","kind":"land","category":"public-land","sourceCategory":"public-land","sourceId":"usgs-pad-us-fee-managers","sourceUrl":"https://services.arcgis.com/v01gqwM5QqNysAAi/arcgis/rest/services/Fee_Managers_PADUS/FeatureServer/0","sourceUpdated":"2023-05-15T04:00:00.000Z","publicUse":"PAD-US reports open access; verify current manager conditions and restrictions.","unit":"REG","origin":"public-catalog"}},{"type":"Feature","id":"usgs-pad-us-fee-managers:91301","geometry":{"type":"Polygon","coordinates":[[[-87.8308,42.392],[-87.8307,42.3883],[-87.8269,42.3883],[-87.827,42.385],[-87.8285,42.3848],[-87.8322,42.385],[-87.833,42.3884],[-87.833,42.3893],[-87.8322,42.3919],[-87.8315,42.3926],[-87.8308,42.392]]]},"properties":{"id":"usgs-pad-us-fee-managers:91301","name":"Bowen Park","kind":"land","category":"public-land","sourceCategory":"public-land","sourceId":"usgs-pad-us-fee-managers","sourceUrl":"https://services.arcgis.com/v01gqwM5QqNysAAi/arcgis/rest/services/Fee_Managers_PADUS/FeatureServer/0","sourceUpdated":"2023-05-15T04:00:00.000Z","publicUse":"PAD-US reports open access; verify current manager conditions and restrictions.","unit":"REG","origin":"public-catalog"}},{"type":"Feature","id":"usgs-pad-us-fee-managers:91302","geometry":{"type":"Polygon","coordinates":[[[-87.8603,42.3819],[-87.8599,42.3816],[-87.8604,42.3816],[-87.8604,42.3811],[-87.8651,42.3814],[-87.8651,42.3816],[-87.8628,42.3816],[-87.8628,42.383],[-87.8603,42.383],[-87.8603,42.3819]]]},"properties":{"id":"usgs-pad-us-fee-managers:91302","name":"Clearview Park","kind":"land","category":"public-land","sourceCategory":"public-land","sourceId":"usgs-pad-us-fee-managers","sourceUrl":"https://services.arcgis.com/v01gqwM5QqNysAAi/arcgis/rest/services/Fee_Managers_PADUS/FeatureServer/0","sourceUpdated":"2023-05-15T04:00:00.000Z","publicUse":"PAD-US reports open access; verify current manager conditions and restrictions.","unit":"REG","origin":"public-catalog"}},{"type":"Feature","id":"usgs-pad-us-fee-managers:91303","geometry":{"type":"Polygon","coordinates":[[[-87.9236,42.4132],[-87.9236,42.4129],[-87.9251,42.413],[-87.9253,42.414],[-87.9235,42.4142],[-87.9236,42.4132]]]},"properties":{"id":"usgs-pad-us-fee-managers:91303","name":"Country Lane Park","kind":"land","category":"public-land","sourceCategory":"public-land","sourceId":"usgs-pad-us-fee-managers","sourceUrl":"https://services.arcgis.com/v01gqwM5QqNysAAi/arcgis/rest/services/Fee_Managers_PADUS/FeatureServer/0","sourceUpdated":"2023-05-15T04:00:00.000Z","publicUse":"PAD-US reports open access; verify current manager conditions and restrictions.","unit":"REG","origin":"public-catalog"}},{"type":"Feature","id":"usgs-pad-us-fee-managers:91304","geometry":{"type":"Polygon","coordinates":[[[-87.9114,42.3436],[-87.9116,42.3432],[-87.9121,42.3433],[-87.9123,42.3439],[-87.9116,42.344],[-87.9114,42.3436]]]},"properties":{"id":"usgs-pad-us-fee-managers:91304","name":"Diversity Park","kind":"land","category":"public-land","sourceCategory":"public-land","sourceId":"usgs-pad-us-fee-managers","sourceUrl":"https://services.arcgis.com/v01gqwM5QqNysAAi/arcgis/rest/services/Fee_Managers_PADUS/FeatureServer/0","sourceUpdated":"2023-05-15T04:00:00.000Z","publicUse":"PAD-US reports open access; verify current manager conditions and restrictions.","unit":"REG","origin":"public-catalog"}},{"type":"Feature","id":"usgs-pad-us-fee-managers:91305","geometry":{"type":"Polygon","coordinates":[[[-87.8494,42.345],[-87.8494,42.3431],[-87.8509,42.3431],[-87.8509,42.345],[-87.8514,42.345],[-87.8514,42.3471],[-87.8504,42.3476],[-87.8493,42.3476],[-87.8494,42.345]]]},"properties":{"id":"usgs-pad-us-fee-managers:91305","name":"Dugdale Park","kind":"land","category":"public-land","sourceCategory":"public-land","sourceId":"usgs-pad-us-fee-managers","sourceUrl":"https://services.arcgis.com/v01gqwM5QqNysAAi/arcgis/rest/services/Fee_Managers_PADUS/FeatureServer/0","sourceUpdated":"2023-05-15T04:00:00.000Z","publicUse":"PAD-US reports open access; verify current manager conditions and restrictions.","unit":"REG","origin":"public-catalog"}},{"type":"Feature","id":"usgs-pad-us-fee-managers:91306","geometry":{"type":"Polygon","coordinates":[[[-87.8609,42.4114],[-87.8614,42.4114],[-87.8614,42.4118],[-87.8611,42.4118],[-87.8611,42.4121],[-87.8603,42.4121],[-87.8604,42.4114],[-87.8609,42.4114]]]},"properties":{"id":"usgs-pad-us-fee-managers:91306","name":"Firemans Memorial Park","kind":"land","category":"public-land","sourceCategory":"public-land","sourceId":"usgs-pad-us-fee-managers","sourceUrl":"https://services.arcgis.com/v01gqwM5QqNysAAi/arcgis/rest/services/Fee_Managers_PADUS/FeatureServer/0","sourceUpdated":"2023-05-15T04:00:00.000Z","publicUse":"PAD-US reports open access; verify current manager conditions and restrictions.","unit":"REG","origin":"public-catalog"}},{"type":"Feature","id":"usgs-pad-us-fee-managers:91307","geometry":{"type":"Polygon","coordinates":[[[-87.8428,42.4241],[-87.8432,42.4241],[-87.8432,42.425],[-87.8428,42.425],[-87.8428,42.4241]]]},"properties":{"id":"usgs-pad-us-fee-managers:91307","name":"Graham Park","kind":"land","category":"public-land","sourceCategory":"public-land","sourceId":"usgs-pad-us-fee-managers","sourceUrl":"https://services.arcgis.com/v01gqwM5QqNysAAi/arcgis/rest/services/Fee_Managers_PADUS/FeatureServer/0","sourceUpdated":"2023-05-15T04:00:00.000Z","publicUse":"PAD-US reports open access; verify current manager conditions and restrictions.","unit":"REG","origin":"public-catalog"}},{"type":"Feature","id":"usgs-pad-us-fee-managers:91308","geometry":{"type":"Polygon","coordinates":[[[-87.8676,42.4091],[-87.8676,42.4089],[-87.8656,42.4089],[-87.8656,42.4086],[-87.8649,42.4086],[-87.865,42.4071],[-87.8685,42.4071],[-87.8685,42.4066],[-87.8696,42.4066],[-87.8696,42.41],[-87.8676,42.41],[-87.8676,42.4091]]]},"properties":{"id":"usgs-pad-us-fee-managers:91308","name":"Henry Pfau Callahan Park","kind":"land","category":"public-land","sourceCategory":"public-land","sourceId":"usgs-pad-us-fee-managers","sourceUrl":"https://services.arcgis.com/v01gqwM5QqNysAAi/arcgis/rest/services/Fee_Managers_PADUS/FeatureServer/0","sourceUpdated":"2023-05-15T04:00:00.000Z","publicUse":"PAD-US reports open access; verify current manager conditions and restrictions.","unit":"REG","origin":"public-catalog"}},{"type":"Feature","id":"usgs-pad-us-fee-managers:91309","geometry":{"type":"Polygon","coordinates":[[[-87.8715,42.3739],[-87.8715,42.3705],[-87.874,42.3705],[-87.8739,42.3717],[-87.8746,42.3717],[-87.8745,42.374],[-87.8715,42.3739]]]},"properties":{"id":"usgs-pad-us-fee-managers:91309","name":"Hinkston Park","kind":"land","category":"public-land","sourceCategory":"public-land","sourceId":"usgs-pad-us-fee-managers","sourceUrl":"https://services.arcgis.com/v01gqwM5QqNysAAi/arcgis/rest/services/Fee_Managers_PADUS/FeatureServer/0","sourceUpdated":"2023-05-15T04:00:00.000Z","publicUse":"PAD-US reports open access; verify current manager conditions and restrictions.","unit":"REG","origin":"public-catalog"}},{"type":"Feature","id":"usgs-pad-us-fee-managers:91310","geometry":{"type":"Polygon","coordinates":[[[-87.8351,42.3991],[-87.8351,42.3973],[-87.8373,42.3974],[-87.8373,42.3991],[-87.8351,42.3991]]]},"properties":{"id":"usgs-pad-us-fee-managers:91310","name":"Joe Sisolak Park","kind":"land","category":"public-land","sourceCategory":"public-land","sourceId":"usgs-pad-us-fee-managers","sourceUrl":"https://services.arcgis.com/v01gqwM5QqNysAAi/arcgis/rest/services/Fee_Managers_PADUS/FeatureServer/0","sourceUpdated":"2023-05-15T04:00:00.000Z","publicUse":"PAD-US reports open access; verify current manager conditions and restrictions.","unit":"REG","origin":"public-catalog"}},{"type":"Feature","id":"usgs-pad-us-fee-managers:91311","geometry":{"type":"Polygon","coordinates":[[[-87.8339,42.3485],[-87.8355,42.3485],[-87.8355,42.3493],[-87.8334,42.3493],[-87.8334,42.349],[-87.8339,42.349],[-87.8339,42.3485]]]},"properties":{"id":"usgs-pad-us-fee-managers:91311","name":"King Park","kind":"land","category":"public-land","sourceCategory":"public-land","sourceId":"usgs-pad-us-fee-managers","sourceUrl":"https://services.arcgis.com/v01gqwM5QqNysAAi/arcgis/rest/services/Fee_Managers_PADUS/FeatureServer/0","sourceUpdated":"2023-05-15T04:00:00.000Z","publicUse":"PAD-US reports open access; verify current manager conditions and restrictions.","unit":"REG","origin":"public-catalog"}},{"type":"Feature","id":"usgs-pad-us-fee-managers:91312","geometry":{"type":"Polygon","coordinates":[[[-87.8412,42.354],[-87.8422,42.354],[-87.8422,42.3547],[-87.8412,42.3547],[-87.8412,42.354]]]},"properties":{"id":"usgs-pad-us-fee-managers:91312","name":"Kirk Park","kind":"land","category":"public-land","sourceCategory":"public-land","sourceId":"usgs-pad-us-fee-managers","sourceUrl":"https://services.arcgis.com/v01gqwM5QqNysAAi/arcgis/rest/services/Fee_Managers_PADUS/FeatureServer/0","sourceUpdated":"2023-05-15T04:00:00.000Z","publicUse":"PAD-US reports open access; verify current manager conditions and restrictions.","unit":"REG","origin":"public-catalog"}},{"type":"Feature","id":"usgs-pad-us-fee-managers:91313","geometry":{"type":"MultiPolygon","coordinates":[[[[-87.8498,42.3811],[-87.8505,42.3811],[-87.8505,42.3846],[-87.846,42.3835],[-87.846,42.3813],[-87.8498,42.3811]]],[[[-87.846,42.3854],[-87.846,42.3844],[-87.8501,42.3854],[-87.846,42.3854]]]]},"properties":{"id":"usgs-pad-us-fee-managers:91313","name":"Larsen Nature Preserve","kind":"land","category":"public-land","sourceCategory":"public-land","sourceId":"usgs-pad-us-fee-managers","sourceUrl":"https://services.arcgis.com/v01gqwM5QqNysAAi/arcgis/rest/services/Fee_Managers_PADUS/FeatureServer/0","sourceUpdated":"2023-05-15T04:00:00.000Z","publicUse":"PAD-US reports open access; verify current manager conditions and restrictions.","unit":"REG","origin":"public-catalog"}},{"type":"Feature","id":"usgs-pad-us-fee-managers:91314","geometry":{"type":"Polygon","coordinates":[[[-87.8668,42.3538],[-87.8668,42.353],[-87.867,42.353],[-87.867,42.3534],[-87.8677,42.3536],[-87.8683,42.3533],[-87.868,42.3529],[-87.8693,42.3536],[-87.8693,42.3539],[-87.8697,42.3539],[-87.8697,42.3541],[-87.8675,42.3543],[-87.8675,42.3546],[-87.8668,42.3549],[-87.8668,42.3538]]]},"properties":{"id":"usgs-pad-us-fee-managers:91314","name":"Park In The Glen","kind":"land","category":"public-land","sourceCategory":"public-land","sourceId":"usgs-pad-us-fee-managers","sourceUrl":"https://services.arcgis.com/v01gqwM5QqNysAAi/arcgis/rest/services/Fee_Managers_PADUS/FeatureServer/0","sourceUpdated":"2023-05-15T04:00:00.000Z","publicUse":"PAD-US reports open access; verify current manager conditions and restrictions.","unit":"REG","origin":"public-catalog"}},{"type":"Feature","id":"usgs-pad-us-fee-managers:91315","geometry":{"type":"Polygon","coordinates":[[[-87.8868,42.3923],[-87.8868,42.3936],[-87.8858,42.3936],[-87.8858,42.3923],[-87.8868,42.3923]]]},"properties":{"id":"usgs-pad-us-fee-managers:91315","name":"Park Maintenance Facility","kind":"land","category":"public-land","sourceCategory":"public-land","sourceId":"usgs-pad-us-fee-managers","sourceUrl":"https://services.arcgis.com/v01gqwM5QqNysAAi/arcgis/rest/services/Fee_Managers_PADUS/FeatureServer/0","sourceUpdated":"2023-05-15T04:00:00.000Z","publicUse":"PAD-US reports open access; verify current manager conditions and restrictions.","unit":"REG","origin":"public-catalog"}},{"type":"Feature","id":"usgs-pad-us-fee-managers:91316","geometry":{"type":"Polygon","coordinates":[[[-87.8467,42.3555],[-87.8477,42.3544],[-87.8477,42.3557],[-87.8467,42.3555]]]},"properties":{"id":"usgs-pad-us-fee-managers:91316","name":"Plonien Park","kind":"land","category":"public-land","sourceCategory":"public-land","sourceId":"usgs-pad-us-fee-managers","sourceUrl":"https://services.arcgis.com/v01gqwM5QqNysAAi/arcgis/rest/services/Fee_Managers_PADUS/FeatureServer/0","sourceUpdated":"2023-05-15T04:00:00.000Z","publicUse":"PAD-US reports open access; verify current manager conditions and restrictions.","unit":"REG","origin":"public-catalog"}},{"type":"Feature","id":"usgs-pad-us-fee-managers:91317","geometry":{"type":"Polygon","coordinates":[[[-87.8379,42.3638],[-87.8369,42.3637],[-87.8369,42.3633],[-87.8367,42.3633],[-87.8372,42.3633],[-87.8372,42.3624],[-87.8376,42.3624],[-87.8378,42.3628],[-87.8391,42.3626],[-87.8394,42.3633],[-87.8392,42.3635],[-87.8396,42.3638],[-87.8388,42.3644],[-87.8379,42.3638]]]},"properties":{"id":"usgs-pad-us-fee-managers:91317","name":"Powell Park","kind":"land","category":"public-land","sourceCategory":"public-land","sourceId":"usgs-pad-us-fee-managers","sourceUrl":"https://services.arcgis.com/v01gqwM5QqNysAAi/arcgis/rest/services/Fee_Managers_PADUS/FeatureServer/0","sourceUpdated":"2023-05-15T04:00:00.000Z","publicUse":"PAD-US reports open access; verify current manager conditions and restrictions.","unit":"REG","origin":"public-catalog"}},{"type":"Feature","id":"usgs-pad-us-fee-managers:91318","geometry":{"type":"Polygon","coordinates":[[[-87.8377,42.3607],[-87.8385,42.3607],[-87.8385,42.3612],[-87.8372,42.3614],[-87.8372,42.3608],[-87.8377,42.3607]]]},"properties":{"id":"usgs-pad-us-fee-managers:91318","name":"Ray Bradbury Park","kind":"land","category":"public-land","sourceCategory":"public-land","sourceId":"usgs-pad-us-fee-managers","sourceUrl":"https://services.arcgis.com/v01gqwM5QqNysAAi/arcgis/rest/services/Fee_Managers_PADUS/FeatureServer/0","sourceUpdated":"2023-05-15T04:00:00.000Z","publicUse":"PAD-US reports open access; verify current manager conditions and restrictions.","unit":"REG","origin":"public-catalog"}},{"type":"Feature","id":"usgs-pad-us-fee-managers:91319","geometry":{"type":"Polygon","coordinates":[[[-87.8386,42.3506],[-87.8384,42.3533],[-87.8364,42.3539],[-87.8364,42.3515],[-87.8371,42.3515],[-87.8372,42.351],[-87.8386,42.3506]]]},"properties":{"id":"usgs-pad-us-fee-managers:91319","name":"Roosevelt Park","kind":"land","category":"public-land","sourceCategory":"public-land","sourceId":"usgs-pad-us-fee-managers","sourceUrl":"https://services.arcgis.com/v01gqwM5QqNysAAi/arcgis/rest/services/Fee_Managers_PADUS/FeatureServer/0","sourceUpdated":"2023-05-15T04:00:00.000Z","publicUse":"PAD-US reports open access; verify current manager conditions and restrictions.","unit":"REG","origin":"public-catalog"}},{"type":"Feature","id":"usgs-pad-us-fee-managers:91320","geometry":{"type":"Polygon","coordinates":[[[-87.9141,42.3346],[-87.91,42.3303],[-87.9082,42.3273],[-87.9097,42.3273],[-87.9097,42.3291],[-87.9112,42.3291],[-87.9112,42.33],[-87.9107,42.33],[-87.9107,42.3303],[-87.9112,42.3308],[-87.912,42.3309],[-87.912,42.3323],[-87.9124,42.3327],[-87.9132,42.3329],[-87.9133,42.3337],[-87.9143,42.3338],[-87.9143,42.3346],[-87.9141,42.3346]]]},"properties":{"id":"usgs-pad-us-fee-managers:91320","name":"Rudd Farm Park","kind":"land","category":"public-land","sourceCategory":"public-land","sourceId":"usgs-pad-us-fee-managers","sourceUrl":"https://services.arcgis.com/v01gqwM5QqNysAAi/arcgis/rest/services/Fee_Managers_PADUS/FeatureServer/0","sourceUpdated":"2023-05-15T04:00:00.000Z","publicUse":"PAD-US reports open access; verify current manager conditions and restrictions.","unit":"REG","origin":"public-catalog"}},{"type":"Feature","id":"usgs-pad-us-fee-managers:91321","geometry":{"type":"Polygon","coordinates":[[[-87.9059,42.3319],[-87.9059,42.3317],[-87.9053,42.3314],[-87.9058,42.3309],[-87.9085,42.3319],[-87.9096,42.3317],[-87.9082,42.332],[-87.9079,42.3324],[-87.9069,42.3319],[-87.9063,42.3319],[-87.9064,42.3323],[-87.9061,42.3327],[-87.9059,42.3319]]]},"properties":{"id":"usgs-pad-us-fee-managers:91321","name":"Serenity Park","kind":"land","category":"public-land","sourceCategory":"public-land","sourceId":"usgs-pad-us-fee-managers","sourceUrl":"https://services.arcgis.com/v01gqwM5QqNysAAi/arcgis/rest/services/Fee_Managers_PADUS/FeatureServer/0","sourceUpdated":"2023-05-15T04:00:00.000Z","publicUse":"PAD-US reports open access; verify current manager conditions and restrictions.","unit":"REG","origin":"public-catalog"}},{"type":"Feature","id":"usgs-pad-us-fee-managers:91322","geometry":{"type":"MultiPolygon","coordinates":[[[[-87.8332,42.3452],[-87.8336,42.3452],[-87.8336,42.3457],[-87.8331,42.3457],[-87.8332,42.3452]]],[[[-87.8327,42.3452],[-87.8331,42.3452],[-87.833,42.3457],[-87.8325,42.3457],[-87.8327,42.3452]]]]},"properties":{"id":"usgs-pad-us-fee-managers:91322","name":"Smith Park","kind":"land","category":"public-land","sourceCategory":"public-land","sourceId":"usgs-pad-us-fee-managers","sourceUrl":"https://services.arcgis.com/v01gqwM5QqNysAAi/arcgis/rest/services/Fee_Managers_PADUS/FeatureServer/0","sourceUpdated":"2023-05-15T04:00:00.000Z","publicUse":"PAD-US reports open access; verify current manager conditions and restrictions.","unit":"REG","origin":"public-catalog"}},{"type":"Feature","id":"usgs-pad-us-fee-managers:91323","geometry":{"type":"Polygon","coordinates":[[[-87.869,42.364],[-87.8691,42.3648],[-87.868,42.3648],[-87.868,42.364],[-87.869,42.364]]]},"properties":{"id":"usgs-pad-us-fee-managers:91323","name":"Undeveloped - Brookside And Evergreen Park","kind":"land","category":"public-land","sourceCategory":"public-land","sourceId":"usgs-pad-us-fee-managers","sourceUrl":"https://services.arcgis.com/v01gqwM5QqNysAAi/arcgis/rest/services/Fee_Managers_PADUS/FeatureServer/0","sourceUpdated":"2023-05-15T04:00:00.000Z","publicUse":"PAD-US reports open access; verify current manager conditions and restrictions.","unit":"REG","origin":"public-catalog"}},{"type":"Feature","id":"usgs-pad-us-fee-managers:91324","geometry":{"type":"Polygon","coordinates":[[[-87.8567,42.413],[-87.8573,42.4134],[-87.8568,42.4134],[-87.8567,42.413]]]},"properties":{"id":"usgs-pad-us-fee-managers:91324","name":"Undeveloped - Devonshire And Bristol Park","kind":"land","category":"public-land","sourceCategory":"public-land","sourceId":"usgs-pad-us-fee-managers","sourceUrl":"https://services.arcgis.com/v01gqwM5QqNysAAi/arcgis/rest/services/Fee_Managers_PADUS/FeatureServer/0","sourceUpdated":"2021-04-20T04:00:00.000Z","publicUse":"PAD-US reports open access; verify current manager conditions and restrictions.","unit":"REG","origin":"public-catalog"}},{"type":"Feature","id":"usgs-pad-us-fee-managers:91325","geometry":{"type":"Polygon","coordinates":[[[-87.8605,42.4169],[-87.861,42.4173],[-87.861,42.4192],[-87.8599,42.4192],[-87.8599,42.4176],[-87.8596,42.4172],[-87.8605,42.4169]]]},"properties":{"id":"usgs-pad-us-fee-managers:91325","name":"Undeveloped - Eagle Ridge And Lewis Park","kind":"land","category":"public-land","sourceCategory":"public-land","sourceId":"usgs-pad-us-fee-managers","sourceUrl":"https://services.arcgis.com/v01gqwM5QqNysAAi/arcgis/rest/services/Fee_Managers_PADUS/FeatureServer/0","sourceUpdated":"2023-05-15T04:00:00.000Z","publicUse":"PAD-US reports open access; verify current manager conditions and restrictions.","unit":"REG","origin":"public-catalog"}},{"type":"Feature","id":"usgs-pad-us-fee-managers:91326","geometry":{"type":"Polygon","coordinates":[[[-87.856,42.4058],[-87.857,42.4058],[-87.857,42.4064],[-87.8552,42.4064],[-87.8552,42.4058],[-87.856,42.4058]]]},"properties":{"id":"usgs-pad-us-fee-managers:91326","name":"Undeveloped - East Bonnie Brook And Lewis Park","kind":"land","category":"public-land","sourceCategory":"public-land","sourceId":"usgs-pad-us-fee-managers","sourceUrl":"https://services.arcgis.com/v01gqwM5QqNysAAi/arcgis/rest/services/Fee_Managers_PADUS/FeatureServer/0","sourceUpdated":"2023-05-15T04:00:00.000Z","publicUse":"PAD-US reports open access; verify current manager conditions and restrictions.","unit":"REG","origin":"public-catalog"}},{"type":"Feature","id":"usgs-pad-us-fee-managers:91327","geometry":{"type":"Polygon","coordinates":[[[-87.8513,42.3824],[-87.8536,42.3824],[-87.8536,42.3847],[-87.8505,42.3846],[-87.8505,42.3824],[-87.8513,42.3824]]]},"properties":{"id":"usgs-pad-us-fee-managers:91327","name":"Undeveloped - Edwards Field","kind":"land","category":"public-land","sourceCategory":"public-land","sourceId":"usgs-pad-us-fee-managers","sourceUrl":"https://services.arcgis.com/v01gqwM5QqNysAAi/arcgis/rest/services/Fee_Managers_PADUS/FeatureServer/0","sourceUpdated":"2023-05-15T04:00:00.000Z","publicUse":"PAD-US reports open access; verify current manager conditions and restrictions.","unit":"REG","origin":"public-catalog"}},{"type":"Feature","id":"usgs-pad-us-fee-managers:91328","geometry":{"type":"Polygon","coordinates":[[[-87.8459,42.4205],[-87.8459,42.4199],[-87.8463,42.42],[-87.8466,42.4204],[-87.8459,42.4205]]]},"properties":{"id":"usgs-pad-us-fee-managers:91328","name":"Undeveloped - James Creek Park","kind":"land","category":"public-land","sourceCategory":"public-land","sourceId":"usgs-pad-us-fee-managers","sourceUrl":"https://services.arcgis.com/v01gqwM5QqNysAAi/arcgis/rest/services/Fee_Managers_PADUS/FeatureServer/0","sourceUpdated":"2023-05-15T04:00:00.000Z","publicUse":"PAD-US reports open access; verify current manager conditions and restrictions.","unit":"REG","origin":"public-catalog"}},{"type":"Feature","id":"usgs-pad-us-fee-managers:91329","geometry":{"type":"Polygon","coordinates":[[[-87.8325,42.3751],[-87.8326,42.3748],[-87.8316,42.3748],[-87.8316,42.3743],[-87.8325,42.3743],[-87.8326,42.3739],[-87.8327,42.3739],[-87.8327,42.3743],[-87.8336,42.3743],[-87.8336,42.3748],[-87.8327,42.3748],[-87.8327,42.3751],[-87.8325,42.3751]]]},"properties":{"id":"usgs-pad-us-fee-managers:91329","name":"Undeveloped - Stewart And Ridgeland Park","kind":"land","category":"public-land","sourceCategory":"public-land","sourceId":"usgs-pad-us-fee-managers","sourceUrl":"https://services.arcgis.com/v01gqwM5QqNysAAi/arcgis/rest/services/Fee_Managers_PADUS/FeatureServer/0","sourceUpdated":"2023-05-15T04:00:00.000Z","publicUse":"PAD-US reports open access; verify current manager conditions and restrictions.","unit":"REG","origin":"public-catalog"}},{"type":"Feature","id":"usgs-pad-us-fee-managers:91330","geometry":{"type":"Polygon","coordinates":[[[-87.9188,42.4124],[-87.9207,42.4124],[-87.9206,42.4142],[-87.9188,42.4141],[-87.9188,42.4124]]]},"properties":{"id":"usgs-pad-us-fee-managers:91330","name":"Undeveloped - Yorkhouse Road Park","kind":"land","category":"public-land","sourceCategory":"public-land","sourceId":"usgs-pad-us-fee-managers","sourceUrl":"https://services.arcgis.com/v01gqwM5QqNysAAi/arcgis/rest/services/Fee_Managers_PADUS/FeatureServer/0","sourceUpdated":"2023-05-15T04:00:00.000Z","publicUse":"PAD-US reports open access; verify current manager conditions and restrictions.","unit":"REG","origin":"public-catalog"}},{"type":"Feature","id":"usgs-pad-us-fee-managers:91331","geometry":{"type":"Polygon","coordinates":[[[-87.8301,42.3711],[-87.8301,42.3702],[-87.8305,42.3702],[-87.8305,42.3706],[-87.8309,42.3706],[-87.8309,42.3702],[-87.8312,42.3702],[-87.8312,42.3706],[-87.8317,42.3706],[-87.8317,42.3711],[-87.8322,42.3712],[-87.8322,42.3713],[-87.8317,42.3713],[-87.8317,42.3716],[-87.8308,42.3718],[-87.8301,42.3717],[-87.8301,42.3711]]]},"properties":{"id":"usgs-pad-us-fee-managers:91331","name":"Upton Park","kind":"land","category":"public-land","sourceCategory":"public-land","sourceId":"usgs-pad-us-fee-managers","sourceUrl":"https://services.arcgis.com/v01gqwM5QqNysAAi/arcgis/rest/services/Fee_Managers_PADUS/FeatureServer/0","sourceUpdated":"2023-05-15T04:00:00.000Z","publicUse":"PAD-US reports open access; verify current manager conditions and restrictions.","unit":"REG","origin":"public-catalog"}},{"type":"Feature","id":"usgs-pad-us-fee-managers:91332","geometry":{"type":"Polygon","coordinates":[[[-87.8334,42.3775],[-87.8357,42.3775],[-87.8357,42.3792],[-87.8334,42.3792],[-87.8334,42.3775]]]},"properties":{"id":"usgs-pad-us-fee-managers:91332","name":"Victory Park","kind":"land","category":"public-land","sourceCategory":"public-land","sourceId":"usgs-pad-us-fee-managers","sourceUrl":"https://services.arcgis.com/v01gqwM5QqNysAAi/arcgis/rest/services/Fee_Managers_PADUS/FeatureServer/0","sourceUpdated":"2023-05-15T04:00:00.000Z","publicUse":"PAD-US reports open access; verify current manager conditions and restrictions.","unit":"REG","origin":"public-catalog"}},{"type":"Feature","id":"usgs-pad-us-fee-managers:91333","geometry":{"type":"MultiPolygon","coordinates":[[[[-87.8341,42.3562],[-87.8354,42.3562],[-87.8353,42.357],[-87.8341,42.357],[-87.8341,42.3562]]],[[[-87.8362,42.3582],[-87.8356,42.3581],[-87.8357,42.3562],[-87.8371,42.3561],[-87.8375,42.3552],[-87.8375,42.3543],[-87.8371,42.3539],[-87.8379,42.3536],[-87.8384,42.3543],[-87.8384,42.3554],[-87.8381,42.3554],[-87.8381,42.3558],[-87.8374,42.3558],[-87.8374,42.3569],[-87.8363,42.3569],[-87.8363,42.3574],[-87.8368,42.3574],[-87.8368,42.357],[-87.8373,42.357],[-87.8373,42.3574],[-87.8363,42.3574],[-87.8362,42.3578],[-87.8373,42.3578],[-87.8373,42.3582],[-87.8362,42.3582]]],[[[-87.8385,42.3594],[-87.8385,42.3595],[-87.8383,42.3595],[-87.8385,42.3594]]],[[[-87.8356,42.3583],[-87.8385,42.3583],[-87.8385,42.3592],[-87.8378,42.3595],[-87.8356,42.3595],[-87.8356,42.3583]]]]},"properties":{"id":"usgs-pad-us-fee-managers:91333","name":"Washington Park","kind":"land","category":"public-land","sourceCategory":"public-land","sourceId":"usgs-pad-us-fee-managers","sourceUrl":"https://services.arcgis.com/v01gqwM5QqNysAAi/arcgis/rest/services/Fee_Managers_PADUS/FeatureServer/0","sourceUpdated":"2023-05-15T04:00:00.000Z","publicUse":"PAD-US reports open access; verify current manager conditions and restrictions.","unit":"REG","origin":"public-catalog"}},{"type":"Feature","id":"usgs-pad-us-fee-managers:91334","geometry":{"type":"MultiPolygon","coordinates":[[[[-87.8778,42.4167],[-87.8783,42.4167],[-87.8783,42.4174],[-87.8777,42.4174],[-87.8778,42.4167]]],[[[-87.8774,42.4211],[-87.8777,42.4175],[-87.8942,42.4177],[-87.8942,42.4213],[-87.8774,42.4211]]]]},"properties":{"id":"usgs-pad-us-fee-managers:91334","name":"Waukegan Sportspark","kind":"land","category":"public-land","sourceCategory":"public-land","sourceId":"usgs-pad-us-fee-managers","sourceUrl":"https://services.arcgis.com/v01gqwM5QqNysAAi/arcgis/rest/services/Fee_Managers_PADUS/FeatureServer/0","sourceUpdated":"2023-05-15T04:00:00.000Z","publicUse":"PAD-US reports open access; verify current manager conditions and restrictions.","unit":"REG","origin":"public-catalog"}},{"type":"Feature","id":"usgs-pad-us-fee-managers:91335","geometry":{"type":"Polygon","coordinates":[[[-87.845,42.3975],[-87.8454,42.3975],[-87.8454,42.398],[-87.8449,42.398],[-87.845,42.3975]]]},"properties":{"id":"usgs-pad-us-fee-managers:91335","name":"Western Tot Lot","kind":"land","category":"public-land","sourceCategory":"public-land","sourceId":"usgs-pad-us-fee-managers","sourceUrl":"https://services.arcgis.com/v01gqwM5QqNysAAi/arcgis/rest/services/Fee_Managers_PADUS/FeatureServer/0","sourceUpdated":"2023-05-15T04:00:00.000Z","publicUse":"PAD-US reports open access; verify current manager conditions and restrictions.","unit":"REG","origin":"public-catalog"}},{"type":"Feature","id":"usgs-pad-us-fee-managers:91336","geometry":{"type":"Polygon","coordinates":[[[-87.8447,42.3459],[-87.8449,42.3459],[-87.8449,42.3464],[-87.8422,42.3463],[-87.8422,42.3459],[-87.8447,42.3459]]]},"properties":{"id":"usgs-pad-us-fee-managers:91336","name":"Woodard Park","kind":"land","category":"public-land","sourceCategory":"public-land","sourceId":"usgs-pad-us-fee-managers","sourceUrl":"https://services.arcgis.com/v01gqwM5QqNysAAi/arcgis/rest/services/Fee_Managers_PADUS/FeatureServer/0","sourceUpdated":"2023-05-15T04:00:00.000Z","publicUse":"PAD-US reports open access; verify current manager conditions and restrictions.","unit":"REG","origin":"public-catalog"}},{"type":"Feature","id":"usgs-pad-us-fee-managers:91337","geometry":{"type":"Polygon","coordinates":[[[-87.8506,42.3699],[-87.8501,42.3698],[-87.8501,42.3685],[-87.85,42.3698],[-87.8496,42.3698],[-87.8495,42.3667],[-87.8507,42.3667],[-87.8507,42.3697],[-87.8509,42.3697],[-87.8509,42.3702],[-87.8495,42.3702],[-87.8496,42.3699],[-87.8506,42.3699]]]},"properties":{"id":"usgs-pad-us-fee-managers:91337","name":"Yeoman Park","kind":"land","category":"public-land","sourceCategory":"public-land","sourceId":"usgs-pad-us-fee-managers","sourceUrl":"https://services.arcgis.com/v01gqwM5QqNysAAi/arcgis/rest/services/Fee_Managers_PADUS/FeatureServer/0","sourceUpdated":"2023-05-15T04:00:00.000Z","publicUse":"PAD-US reports open access; verify current manager conditions and restrictions.","unit":"REG","origin":"public-catalog"}},{"type":"Feature","id":"usgs-pad-us-fee-managers:91338","geometry":{"type":"MultiPolygon","coordinates":[[[[-87.8778,42.3965],[-87.8778,42.3962],[-87.8774,42.3962],[-87.8774,42.3931],[-87.8796,42.3931],[-87.8796,42.3957],[-87.8787,42.3957],[-87.8787,42.3965],[-87.8778,42.3965]]],[[[-87.8787,42.3966],[-87.8796,42.3966],[-87.8795,42.3974],[-87.8772,42.3974],[-87.8772,42.3967],[-87.8787,42.3966]]]]},"properties":{"id":"usgs-pad-us-fee-managers:91338","name":"Adelphi Park","kind":"land","category":"public-land","sourceCategory":"public-land","sourceId":"usgs-pad-us-fee-managers","sourceUrl":"https://services.arcgis.com/v01gqwM5QqNysAAi/arcgis/rest/services/Fee_Managers_PADUS/FeatureServer/0","sourceUpdated":"2023-05-15T04:00:00.000Z","publicUse":"PAD-US reports open access; verify current manager conditions and restrictions.","unit":"REG","origin":"public-catalog"}},{"type":"Feature","id":"usgs-pad-us-fee-managers:91339","geometry":{"type":"Polygon","coordinates":[[[-87.8524,42.4184],[-87.8524,42.4175],[-87.8526,42.4175],[-87.8526,42.4183],[-87.8538,42.4183],[-87.8538,42.4201],[-87.8529,42.4202],[-87.8529,42.4205],[-87.8525,42.4205],[-87.8525,42.4209],[-87.8523,42.4209],[-87.8524,42.4184]]]},"properties":{"id":"usgs-pad-us-fee-managers:91339","name":"Undeveloped - Beach And Cornell Park","kind":"land","category":"public-land","sourceCategory":"public-land","sourceId":"usgs-pad-us-fee-managers","sourceUrl":"https://services.arcgis.com/v01gqwM5QqNysAAi/arcgis/rest/services/Fee_Managers_PADUS/FeatureServer/0","sourceUpdated":"2023-05-15T04:00:00.000Z","publicUse":"PAD-US reports open access; verify current manager conditions and restrictions.","unit":"REG","origin":"public-catalog"}},{"type":"Feature","id":"usgs-pad-us-fee-managers:91341","geometry":{"type":"Polygon","coordinates":[[[-88.1764,41.9106],[-88.1764,41.9102],[-88.1769,41.9103],[-88.1774,41.9098],[-88.1777,41.9098],[-88.1777,41.9091],[-88.179,41.909],[-88.1789,41.9108],[-88.1764,41.9106]]]},"properties":{"id":"usgs-pad-us-fee-managers:91341","name":"Dyer-Riverwood Farm","kind":"land","category":"public-land","sourceCategory":"public-land","sourceId":"usgs-pad-us-fee-managers","sourceUrl":"https://services.arcgis.com/v01gqwM5QqNysAAi/arcgis/rest/services/Fee_Managers_PADUS/FeatureServer/0","sourceUpdated":"2023-05-15T04:00:00.000Z","publicUse":"PAD-US reports open access; verify current manager conditions and restrictions.","unit":"REG","origin":"public-catalog"}},{"type":"Feature","id":"usgs-pad-us-fee-managers:91342","geometry":{"type":"Polygon","coordinates":[[[-88.188,41.8857],[-88.188,41.8838],[-88.191,41.8837],[-88.191,41.8843],[-88.1906,41.8843],[-88.1906,41.8853],[-88.188,41.8857]]]},"properties":{"id":"usgs-pad-us-fee-managers:91342","name":"Easton Park","kind":"land","category":"public-land","sourceCategory":"public-land","sourceId":"usgs-pad-us-fee-managers","sourceUrl":"https://services.arcgis.com/v01gqwM5QqNysAAi/arcgis/rest/services/Fee_Managers_PADUS/FeatureServer/0","sourceUpdated":"2023-05-15T04:00:00.000Z","publicUse":"PAD-US reports open access; verify current manager conditions and restrictions.","unit":"REG","origin":"public-catalog"}},{"type":"Feature","id":"usgs-pad-us-fee-managers:91343","geometry":{"type":"Polygon","coordinates":[[[-88.1863,41.8969],[-88.1863,41.8965],[-88.1858,41.8965],[-88.1869,41.896],[-88.1873,41.8955],[-88.1887,41.8955],[-88.1884,41.8965],[-88.1879,41.8965],[-88.1877,41.8969],[-88.1863,41.8969]]]},"properties":{"id":"usgs-pad-us-fee-managers:91343","name":"Hampton Hills And Prince Crossing Park","kind":"land","category":"public-land","sourceCategory":"public-land","sourceId":"usgs-pad-us-fee-managers","sourceUrl":"https://services.arcgis.com/v01gqwM5QqNysAAi/arcgis/rest/services/Fee_Managers_PADUS/FeatureServer/0","sourceUpdated":"2023-05-15T04:00:00.000Z","publicUse":"PAD-US reports open access; verify current manager conditions and restrictions.","unit":"REG","origin":"public-catalog"}},{"type":"Feature","id":"usgs-pad-us-fee-managers:91344","geometry":{"type":"Polygon","coordinates":[[[-88.2321,41.8961],[-88.2334,41.8961],[-88.2334,41.8995],[-88.2314,41.8995],[-88.2321,41.8961]]]},"properties":{"id":"usgs-pad-us-fee-managers:91344","name":"Hawthorne Park","kind":"land","category":"public-land","sourceCategory":"public-land","sourceId":"usgs-pad-us-fee-managers","sourceUrl":"https://services.arcgis.com/v01gqwM5QqNysAAi/arcgis/rest/services/Fee_Managers_PADUS/FeatureServer/0","sourceUpdated":"2023-05-15T04:00:00.000Z","publicUse":"PAD-US reports open access; verify current manager conditions and restrictions.","unit":"REG","origin":"public-catalog"}},{"type":"Feature","id":"usgs-pad-us-fee-managers:91345","geometry":{"type":"Polygon","coordinates":[[[-88.1888,41.9043],[-88.189,41.9042],[-88.1892,41.9043],[-88.1923,41.9045],[-88.1923,41.9048],[-88.1922,41.9054],[-88.1906,41.9052],[-88.1888,41.9043]]]},"properties":{"id":"usgs-pad-us-fee-managers:91345","name":"Kwasman Memorial Park","kind":"land","category":"public-land","sourceCategory":"public-land","sourceId":"usgs-pad-us-fee-managers","sourceUrl":"https://services.arcgis.com/v01gqwM5QqNysAAi/arcgis/rest/services/Fee_Managers_PADUS/FeatureServer/0","sourceUpdated":"2023-05-15T04:00:00.000Z","publicUse":"PAD-US reports open access; verify current manager conditions and restrictions.","unit":"REG","origin":"public-catalog"}},{"type":"Feature","id":"usgs-pad-us-fee-managers:91346","geometry":{"type":"Polygon","coordinates":[[[-88.2049,41.8605],[-88.2047,41.8516],[-88.2051,41.8516],[-88.2051,41.8506],[-88.2114,41.8504],[-88.2106,41.8604],[-88.2049,41.8605]]]},"properties":{"id":"usgs-pad-us-fee-managers:91346","name":"Manville Oaks Park","kind":"land","category":"public-land","sourceCategory":"public-land","sourceId":"usgs-pad-us-fee-managers","sourceUrl":"https://services.arcgis.com/v01gqwM5QqNysAAi/arcgis/rest/services/Fee_Managers_PADUS/FeatureServer/0","sourceUpdated":"2023-05-15T04:00:00.000Z","publicUse":"PAD-US reports open access; verify current manager conditions and restrictions.","unit":"REG","origin":"public-catalog"}},{"type":"Feature","id":"usgs-pad-us-fee-managers:91347","geometry":{"type":"Polygon","coordinates":[[[-88.1897,41.9287],[-88.1892,41.9284],[-88.1884,41.9285],[-88.1884,41.9269],[-88.1888,41.9259],[-88.1896,41.9261],[-88.1901,41.9258],[-88.1897,41.9262],[-88.1897,41.9271],[-88.1903,41.9272],[-88.1897,41.9272],[-88.1893,41.9283],[-88.1897,41.9287]]]},"properties":{"id":"usgs-pad-us-fee-managers:91347","name":"Meadow Woods Park","kind":"land","category":"public-land","sourceCategory":"public-land","sourceId":"usgs-pad-us-fee-managers","sourceUrl":"https://services.arcgis.com/v01gqwM5QqNysAAi/arcgis/rest/services/Fee_Managers_PADUS/FeatureServer/0","sourceUpdated":"2023-05-15T04:00:00.000Z","publicUse":"PAD-US reports open access; verify current manager conditions and restrictions.","unit":"REG","origin":"public-catalog"}},{"type":"Feature","id":"usgs-pad-us-fee-managers:91348","geometry":{"type":"Polygon","coordinates":[[[-88.2099,41.8746],[-88.2102,41.8711],[-88.2141,41.871],[-88.2141,41.8745],[-88.2119,41.8745],[-88.2119,41.8741],[-88.2117,41.8741],[-88.2111,41.8742],[-88.2111,41.8745],[-88.2099,41.8746]]]},"properties":{"id":"usgs-pad-us-fee-managers:91348","name":"Pioneer Park","kind":"land","category":"public-land","sourceCategory":"public-land","sourceId":"usgs-pad-us-fee-managers","sourceUrl":"https://services.arcgis.com/v01gqwM5QqNysAAi/arcgis/rest/services/Fee_Managers_PADUS/FeatureServer/0","sourceUpdated":"2023-05-15T04:00:00.000Z","publicUse":"PAD-US reports open access; verify current manager conditions and restrictions.","unit":"REG","origin":"public-catalog"}},{"type":"Feature","id":"usgs-pad-us-fee-managers:91350","geometry":{"type":"Polygon","coordinates":[[[-87.854,42.0948],[-87.8541,42.0935],[-87.8562,42.0935],[-87.8562,42.0939],[-87.8557,42.0939],[-87.8557,42.0942],[-87.8563,42.0941],[-87.8562,42.0948],[-87.854,42.0948]]]},"properties":{"id":"usgs-pad-us-fee-managers:91350","name":"Winkelman School - Leased Property","kind":"land","category":"public-land","sourceCategory":"public-land","sourceId":"usgs-pad-us-fee-managers","sourceUrl":"https://services.arcgis.com/v01gqwM5QqNysAAi/arcgis/rest/services/Fee_Managers_PADUS/FeatureServer/0","sourceUpdated":"2021-10-18T04:00:00.000Z","publicUse":"PAD-US reports open access; verify current manager conditions and restrictions.","unit":"REG","origin":"public-catalog"}},{"type":"Feature","id":"usgs-pad-us-fee-managers:91353","geometry":{"type":"Polygon","coordinates":[[[-87.9062,41.8408],[-87.9067,41.8408],[-87.9068,41.8412],[-87.906,41.8413],[-87.906,41.8408],[-87.9062,41.8408]]]},"properties":{"id":"usgs-pad-us-fee-managers:91353","name":"Camberly Park","kind":"land","category":"public-land","sourceCategory":"public-land","sourceId":"usgs-pad-us-fee-managers","sourceUrl":"https://services.arcgis.com/v01gqwM5QqNysAAi/arcgis/rest/services/Fee_Managers_PADUS/FeatureServer/0","sourceUpdated":"2023-05-15T04:00:00.000Z","publicUse":"PAD-US reports open access; verify current manager conditions and restrictions.","unit":"REG","origin":"public-catalog"}},{"type":"Feature","id":"usgs-pad-us-fee-managers:91354","geometry":{"type":"Polygon","coordinates":[[[-87.8772,41.8523],[-87.8772,41.8518],[-87.8777,41.8516],[-87.8776,41.8502],[-87.8783,41.8497],[-87.8806,41.8499],[-87.8806,41.8496],[-87.8807,41.8501],[-87.8803,41.8503],[-87.8805,41.8505],[-87.8788,41.8523],[-87.8793,41.8523],[-87.8772,41.8523]]]},"properties":{"id":"usgs-pad-us-fee-managers:91354","name":"Community Park","kind":"land","category":"public-land","sourceCategory":"public-land","sourceId":"usgs-pad-us-fee-managers","sourceUrl":"https://services.arcgis.com/v01gqwM5QqNysAAi/arcgis/rest/services/Fee_Managers_PADUS/FeatureServer/0","sourceUpdated":"2023-05-15T04:00:00.000Z","publicUse":"PAD-US reports open access; verify current manager conditions and restrictions.","unit":"REG","origin":"public-catalog"}},{"type":"Feature","id":"usgs-pad-us-fee-managers:91355","geometry":{"type":"Polygon","coordinates":[[[-87.8688,41.8606],[-87.8678,41.8604],[-87.8677,41.8601],[-87.869,41.8601],[-87.8688,41.8606]]]},"properties":{"id":"usgs-pad-us-fee-managers:91355","name":"Drury Lane Park","kind":"land","category":"public-land","sourceCategory":"public-land","sourceId":"usgs-pad-us-fee-managers","sourceUrl":"https://services.arcgis.com/v01gqwM5QqNysAAi/arcgis/rest/services/Fee_Managers_PADUS/FeatureServer/0","sourceUpdated":"2023-05-15T04:00:00.000Z","publicUse":"PAD-US reports open access; verify current manager conditions and restrictions.","unit":"REG","origin":"public-catalog"}},{"type":"Feature","id":"usgs-pad-us-fee-managers:91356","geometry":{"type":"Polygon","coordinates":[[[-87.8784,41.8671],[-87.8779,41.867],[-87.8783,41.8669],[-87.8782,41.8643],[-87.8799,41.8648],[-87.88,41.8656],[-87.8794,41.8657],[-87.8795,41.8687],[-87.8784,41.8687],[-87.8784,41.8671]]]},"properties":{"id":"usgs-pad-us-fee-managers:91356","name":"Gladstone Park","kind":"land","category":"public-land","sourceCategory":"public-land","sourceId":"usgs-pad-us-fee-managers","sourceUrl":"https://services.arcgis.com/v01gqwM5QqNysAAi/arcgis/rest/services/Fee_Managers_PADUS/FeatureServer/0","sourceUpdated":"2023-05-15T04:00:00.000Z","publicUse":"PAD-US reports open access; verify current manager conditions and restrictions.","unit":"REG","origin":"public-catalog"}},{"type":"Feature","id":"usgs-pad-us-fee-managers:91357","geometry":{"type":"Polygon","coordinates":[[[-87.8962,41.8541],[-87.8967,41.8541],[-87.8962,41.8541],[-87.8963,41.8555],[-87.8948,41.8555],[-87.8947,41.8541],[-87.8962,41.8541]]]},"properties":{"id":"usgs-pad-us-fee-managers:91357","name":"High Ridge Park","kind":"land","category":"public-land","sourceCategory":"public-land","sourceId":"usgs-pad-us-fee-managers","sourceUrl":"https://services.arcgis.com/v01gqwM5QqNysAAi/arcgis/rest/services/Fee_Managers_PADUS/FeatureServer/0","sourceUpdated":"2023-05-15T04:00:00.000Z","publicUse":"PAD-US reports open access; verify current manager conditions and restrictions.","unit":"REG","origin":"public-catalog"}},{"type":"Feature","id":"usgs-pad-us-fee-managers:91358","geometry":{"type":"Polygon","coordinates":[[[-87.8927,41.8411],[-87.8927,41.8406],[-87.8912,41.8406],[-87.8912,41.8393],[-87.8918,41.8393],[-87.8917,41.8381],[-87.8948,41.8392],[-87.8949,41.841],[-87.8927,41.8411]]]},"properties":{"id":"usgs-pad-us-fee-managers:91358","name":"Mayfair Park","kind":"land","category":"public-land","sourceCategory":"public-land","sourceId":"usgs-pad-us-fee-managers","sourceUrl":"https://services.arcgis.com/v01gqwM5QqNysAAi/arcgis/rest/services/Fee_Managers_PADUS/FeatureServer/0","sourceUpdated":"2023-05-15T04:00:00.000Z","publicUse":"PAD-US reports open access; verify current manager conditions and restrictions.","unit":"REG","origin":"public-catalog"}},{"type":"Feature","id":"usgs-pad-us-fee-managers:91359","geometry":{"type":"Polygon","coordinates":[[[-87.8716,41.8641],[-87.8718,41.8641],[-87.8719,41.8655],[-87.8717,41.8655],[-87.8716,41.8641]]]},"properties":{"id":"usgs-pad-us-fee-managers:91359","name":"Norfolk Park","kind":"land","category":"public-land","sourceCategory":"public-land","sourceId":"usgs-pad-us-fee-managers","sourceUrl":"https://services.arcgis.com/v01gqwM5QqNysAAi/arcgis/rest/services/Fee_Managers_PADUS/FeatureServer/0","sourceUpdated":"2023-05-15T04:00:00.000Z","publicUse":"PAD-US reports open access; verify current manager conditions and restrictions.","unit":"REG","origin":"public-catalog"}},{"type":"Feature","id":"usgs-pad-us-fee-managers:91360","geometry":{"type":"Polygon","coordinates":[[[-87.9058,41.8428],[-87.906,41.843],[-87.9056,41.8431],[-87.9058,41.8428]]]},"properties":{"id":"usgs-pad-us-fee-managers:91360","name":"Sweet Briar Park","kind":"land","category":"public-land","sourceCategory":"public-land","sourceId":"usgs-pad-us-fee-managers","sourceUrl":"https://services.arcgis.com/v01gqwM5QqNysAAi/arcgis/rest/services/Fee_Managers_PADUS/FeatureServer/0","sourceUpdated":"2023-05-15T04:00:00.000Z","publicUse":"PAD-US reports open access; verify current manager conditions and restrictions.","unit":"REG","origin":"public-catalog"}},{"type":"Feature","id":"usgs-pad-us-fee-managers:91361","geometry":{"type":"Polygon","coordinates":[[[-87.9061,41.9326],[-87.9071,41.9336],[-87.9071,41.9341],[-87.906,41.9341],[-87.9061,41.9326]]]},"properties":{"id":"usgs-pad-us-fee-managers:91361","name":"Westdale Park","kind":"land","category":"public-land","sourceCategory":"public-land","sourceId":"usgs-pad-us-fee-managers","sourceUrl":"https://services.arcgis.com/v01gqwM5QqNysAAi/arcgis/rest/services/Fee_Managers_PADUS/FeatureServer/0","sourceUpdated":"2023-05-15T04:00:00.000Z","publicUse":"PAD-US reports open access; verify current manager conditions and restrictions.","unit":"REG","origin":"public-catalog"}},{"type":"Feature","id":"usgs-pad-us-fee-managers:91362","geometry":{"type":"Polygon","coordinates":[[[-87.9014,41.9309],[-87.9017,41.9309],[-87.9017,41.9316],[-87.9014,41.9316],[-87.9014,41.9309]]]},"properties":{"id":"usgs-pad-us-fee-managers:91362","name":"Westdale Park District Park","kind":"land","category":"public-land","sourceCategory":"public-land","sourceId":"usgs-pad-us-fee-managers","sourceUrl":"https://services.arcgis.com/v01gqwM5QqNysAAi/arcgis/rest/services/Fee_Managers_PADUS/FeatureServer/0","sourceUpdated":"2023-05-15T04:00:00.000Z","publicUse":"PAD-US reports open access; verify current manager conditions and restrictions.","unit":"REG","origin":"public-catalog"}},{"type":"Feature","id":"usgs-pad-us-fee-managers:91365","geometry":{"type":"Polygon","coordinates":[[[-87.9053,41.7979],[-87.9053,41.7976],[-87.9047,41.7976],[-87.9047,41.7971],[-87.9058,41.7971],[-87.9059,41.7994],[-87.9048,41.7995],[-87.9048,41.7988],[-87.9053,41.7988],[-87.9053,41.7979]]]},"properties":{"id":"usgs-pad-us-fee-managers:91365","name":"Forest Hills Park","kind":"land","category":"public-land","sourceCategory":"public-land","sourceId":"usgs-pad-us-fee-managers","sourceUrl":"https://services.arcgis.com/v01gqwM5QqNysAAi/arcgis/rest/services/Fee_Managers_PADUS/FeatureServer/0","sourceUpdated":"2023-05-15T04:00:00.000Z","publicUse":"PAD-US reports open access; verify current manager conditions and restrictions.","unit":"REG","origin":"public-catalog"}},{"type":"Feature","id":"usgs-pad-us-fee-managers:91366","geometry":{"type":"Polygon","coordinates":[[[-87.9078,41.8124],[-87.9083,41.8124],[-87.9084,41.8143],[-87.9073,41.8144],[-87.9073,41.8137],[-87.9078,41.8137],[-87.9078,41.8124]]]},"properties":{"id":"usgs-pad-us-fee-managers:91366","name":"Laidlaw Park","kind":"land","category":"public-land","sourceCategory":"public-land","sourceId":"usgs-pad-us-fee-managers","sourceUrl":"https://services.arcgis.com/v01gqwM5QqNysAAi/arcgis/rest/services/Fee_Managers_PADUS/FeatureServer/0","sourceUpdated":"2023-05-15T04:00:00.000Z","publicUse":"PAD-US reports open access; verify current manager conditions and restrictions.","unit":"REG","origin":"public-catalog"}},{"type":"Feature","id":"usgs-pad-us-fee-managers:91367","geometry":{"type":"Polygon","coordinates":[[[-87.8924,41.8193],[-87.8929,41.8192],[-87.893,41.8199],[-87.8914,41.8198],[-87.8913,41.8193],[-87.8924,41.8193]]]},"properties":{"id":"usgs-pad-us-fee-managers:91367","name":"Northeast Park","kind":"land","category":"public-land","sourceCategory":"public-land","sourceId":"usgs-pad-us-fee-managers","sourceUrl":"https://services.arcgis.com/v01gqwM5QqNysAAi/arcgis/rest/services/Fee_Managers_PADUS/FeatureServer/0","sourceUpdated":"2023-05-15T04:00:00.000Z","publicUse":"PAD-US reports open access; verify current manager conditions and restrictions.","unit":"REG","origin":"public-catalog"}},{"type":"Feature","id":"usgs-pad-us-fee-managers:91368","geometry":{"type":"Polygon","coordinates":[[[-87.9002,41.7873],[-87.9006,41.7866],[-87.9021,41.7871],[-87.9024,41.787],[-87.9025,41.7867],[-87.9025,41.7876],[-87.9002,41.7877],[-87.9002,41.7873]]]},"properties":{"id":"usgs-pad-us-fee-managers:91368","name":"Ridgewood Park","kind":"land","category":"public-land","sourceCategory":"public-land","sourceId":"usgs-pad-us-fee-managers","sourceUrl":"https://services.arcgis.com/v01gqwM5QqNysAAi/arcgis/rest/services/Fee_Managers_PADUS/FeatureServer/0","sourceUpdated":"2023-05-15T04:00:00.000Z","publicUse":"PAD-US reports open access; verify current manager conditions and restrictions.","unit":"REG","origin":"public-catalog"}},{"type":"Feature","id":"usgs-pad-us-fee-managers:91369","geometry":{"type":"Polygon","coordinates":[[[-87.9093,41.8166],[-87.9093,41.8163],[-87.9097,41.8163],[-87.9098,41.8166],[-87.911,41.8166],[-87.911,41.8173],[-87.9099,41.8177],[-87.9088,41.8177],[-87.9088,41.8166],[-87.9093,41.8166]]]},"properties":{"id":"usgs-pad-us-fee-managers:91369","name":"Sereda Park","kind":"land","category":"public-land","sourceCategory":"public-land","sourceId":"usgs-pad-us-fee-managers","sourceUrl":"https://services.arcgis.com/v01gqwM5QqNysAAi/arcgis/rest/services/Fee_Managers_PADUS/FeatureServer/0","sourceUpdated":"2023-05-15T04:00:00.000Z","publicUse":"PAD-US reports open access; verify current manager conditions and restrictions.","unit":"REG","origin":"public-catalog"}},{"type":"Feature","id":"usgs-pad-us-fee-managers:91370","geometry":{"type":"Polygon","coordinates":[[[-87.9045,41.8069],[-87.9044,41.8044],[-87.9099,41.8045],[-87.9109,41.8054],[-87.9114,41.8066],[-87.9045,41.808],[-87.9045,41.8069]]]},"properties":{"id":"usgs-pad-us-fee-managers:91370","name":"Spring Rock Park","kind":"land","category":"public-land","sourceCategory":"public-land","sourceId":"usgs-pad-us-fee-managers","sourceUrl":"https://services.arcgis.com/v01gqwM5QqNysAAi/arcgis/rest/services/Fee_Managers_PADUS/FeatureServer/0","sourceUpdated":"2023-05-15T04:00:00.000Z","publicUse":"PAD-US reports open access; verify current manager conditions and restrictions.","unit":"REG","origin":"public-catalog"}},{"type":"Feature","id":"usgs-pad-us-fee-managers:91371","geometry":{"type":"Polygon","coordinates":[[[-87.8961,41.7936],[-87.8978,41.7936],[-87.8978,41.7952],[-87.8961,41.7954],[-87.8961,41.7936]]]},"properties":{"id":"usgs-pad-us-fee-managers:91371","name":"Springdale Park","kind":"land","category":"public-land","sourceCategory":"public-land","sourceId":"usgs-pad-us-fee-managers","sourceUrl":"https://services.arcgis.com/v01gqwM5QqNysAAi/arcgis/rest/services/Fee_Managers_PADUS/FeatureServer/0","sourceUpdated":"2023-05-15T04:00:00.000Z","publicUse":"PAD-US reports open access; verify current manager conditions and restrictions.","unit":"REG","origin":"public-catalog"}},{"type":"Feature","id":"usgs-pad-us-fee-managers:91372","geometry":{"type":"Polygon","coordinates":[[[-87.8997,41.783],[-87.8991,41.7829],[-87.8992,41.7825],[-87.8988,41.7818],[-87.8989,41.781],[-87.8996,41.7811],[-87.8996,41.7808],[-87.8997,41.7811],[-87.9001,41.7811],[-87.9001,41.7817],[-87.9005,41.7825],[-87.8999,41.7824],[-87.8999,41.783],[-87.8997,41.783]]]},"properties":{"id":"usgs-pad-us-fee-managers:91372","name":"Timber Trails Park","kind":"land","category":"public-land","sourceCategory":"public-land","sourceId":"usgs-pad-us-fee-managers","sourceUrl":"https://services.arcgis.com/v01gqwM5QqNysAAi/arcgis/rest/services/Fee_Managers_PADUS/FeatureServer/0","sourceUpdated":"2023-05-15T04:00:00.000Z","publicUse":"PAD-US reports open access; verify current manager conditions and restrictions.","unit":"REG","origin":"public-catalog"}},{"type":"Feature","id":"usgs-pad-us-fee-managers:91373","geometry":{"type":"Polygon","coordinates":[[[-87.9007,41.813],[-87.9012,41.8132],[-87.9002,41.8135],[-87.9002,41.813],[-87.9007,41.813]]]},"properties":{"id":"usgs-pad-us-fee-managers:91373","name":"Veteran'S Memorial Park","kind":"land","category":"public-land","sourceCategory":"public-land","sourceId":"usgs-pad-us-fee-managers","sourceUrl":"https://services.arcgis.com/v01gqwM5QqNysAAi/arcgis/rest/services/Fee_Managers_PADUS/FeatureServer/0","sourceUpdated":"2023-05-15T04:00:00.000Z","publicUse":"PAD-US reports open access; verify current manager conditions and restrictions.","unit":"REG","origin":"public-catalog"}},{"type":"Feature","id":"usgs-pad-us-fee-managers:91374","geometry":{"type":"MultiPolygon","coordinates":[[[[-87.8925,41.8114],[-87.8926,41.8119],[-87.8917,41.8119],[-87.8916,41.8116],[-87.8925,41.8114]]],[[[-87.8933,41.8119],[-87.8929,41.8119],[-87.8928,41.8113],[-87.8945,41.8109],[-87.8946,41.8122],[-87.8941,41.8122],[-87.8941,41.8117],[-87.8938,41.8117],[-87.8938,41.8122],[-87.8934,41.8122],[-87.8933,41.8119]]]]},"properties":{"id":"usgs-pad-us-fee-managers:91374","name":"Field Park","kind":"land","category":"public-land","sourceCategory":"public-land","sourceId":"usgs-pad-us-fee-managers","sourceUrl":"https://services.arcgis.com/v01gqwM5QqNysAAi/arcgis/rest/services/Fee_Managers_PADUS/FeatureServer/0","sourceUpdated":"2023-05-15T04:00:00.000Z","publicUse":"PAD-US reports open access; verify current manager conditions and restrictions.","unit":"REG","origin":"public-catalog"}},{"type":"Feature","id":"usgs-pad-us-fee-managers:91375","geometry":{"type":"Polygon","coordinates":[[[-87.8897,41.8051],[-87.8905,41.8051],[-87.8906,41.8061],[-87.8898,41.8061],[-87.8897,41.8051]]]},"properties":{"id":"usgs-pad-us-fee-managers:91375","name":"Ridge Acres Park","kind":"land","category":"public-land","sourceCategory":"public-land","sourceId":"usgs-pad-us-fee-managers","sourceUrl":"https://services.arcgis.com/v01gqwM5QqNysAAi/arcgis/rest/services/Fee_Managers_PADUS/FeatureServer/0","sourceUpdated":"2023-05-15T04:00:00.000Z","publicUse":"PAD-US reports open access; verify current manager conditions and restrictions.","unit":"REG","origin":"public-catalog"}},{"type":"Feature","id":"usgs-pad-us-fee-managers:91376","geometry":{"type":"Polygon","coordinates":[[[-87.9723,41.7916],[-87.9734,41.7916],[-87.9735,41.7932],[-87.973,41.7932],[-87.973,41.7937],[-87.9711,41.7937],[-87.971,41.792],[-87.9723,41.7919],[-87.9723,41.7916]]]},"properties":{"id":"usgs-pad-us-fee-managers:91376","name":"Community Center","kind":"land","category":"public-land","sourceCategory":"public-land","sourceId":"usgs-pad-us-fee-managers","sourceUrl":"https://services.arcgis.com/v01gqwM5QqNysAAi/arcgis/rest/services/Fee_Managers_PADUS/FeatureServer/0","sourceUpdated":"2023-05-15T04:00:00.000Z","publicUse":"PAD-US reports open access; verify current manager conditions and restrictions.","unit":"REG","origin":"public-catalog"}},{"type":"Feature","id":"usgs-pad-us-fee-managers:91377","geometry":{"type":"Polygon","coordinates":[[[-87.9804,41.7706],[-87.9804,41.7734],[-87.9794,41.7734],[-87.9793,41.7706],[-87.9804,41.7706]]]},"properties":{"id":"usgs-pad-us-fee-managers:91377","name":"Bellerive Park","kind":"land","category":"public-land","sourceCategory":"public-land","sourceId":"usgs-pad-us-fee-managers","sourceUrl":"https://services.arcgis.com/v01gqwM5QqNysAAi/arcgis/rest/services/Fee_Managers_PADUS/FeatureServer/0","sourceUpdated":"2023-05-15T04:00:00.000Z","publicUse":"PAD-US reports open access; verify current manager conditions and restrictions.","unit":"REG","origin":"public-catalog"}},{"type":"Feature","id":"usgs-pad-us-fee-managers:91378","geometry":{"type":"MultiPolygon","coordinates":[[[[-87.9664,41.8166],[-87.9681,41.8165],[-87.9681,41.8168],[-87.9664,41.8175],[-87.9664,41.8166]]],[[[-87.9683,41.817],[-87.9684,41.8175],[-87.9669,41.8175],[-87.9683,41.817]]]]},"properties":{"id":"usgs-pad-us-fee-managers:91378","name":"Blackhawk Park","kind":"land","category":"public-land","sourceCategory":"public-land","sourceId":"usgs-pad-us-fee-managers","sourceUrl":"https://services.arcgis.com/v01gqwM5QqNysAAi/arcgis/rest/services/Fee_Managers_PADUS/FeatureServer/0","sourceUpdated":"2023-05-15T04:00:00.000Z","publicUse":"PAD-US reports open access; verify current manager conditions and restrictions.","unit":"REG","origin":"public-catalog"}},{"type":"Feature","id":"usgs-pad-us-fee-managers:91379","geometry":{"type":"Polygon","coordinates":[[[-87.9919,41.7839],[-87.9915,41.7838],[-87.9929,41.7837],[-87.9929,41.7835],[-87.9929,41.7837],[-87.9935,41.7837],[-87.9935,41.7842],[-87.9919,41.7843],[-87.9919,41.7839]]]},"properties":{"id":"usgs-pad-us-fee-managers:91379","name":"Deer Creek Park","kind":"land","category":"public-land","sourceCategory":"public-land","sourceId":"usgs-pad-us-fee-managers","sourceUrl":"https://services.arcgis.com/v01gqwM5QqNysAAi/arcgis/rest/services/Fee_Managers_PADUS/FeatureServer/0","sourceUpdated":"2023-05-15T04:00:00.000Z","publicUse":"PAD-US reports open access; verify current manager conditions and restrictions.","unit":"REG","origin":"public-catalog"}},{"type":"Feature","id":"usgs-pad-us-fee-managers:91380","geometry":{"type":"Polygon","coordinates":[[[-87.9735,41.8067],[-87.9745,41.8067],[-87.9746,41.8075],[-87.9735,41.8075],[-87.9735,41.8067]]]},"properties":{"id":"usgs-pad-us-fee-managers:91380","name":"Frittz Werley Park","kind":"land","category":"public-land","sourceCategory":"public-land","sourceId":"usgs-pad-us-fee-managers","sourceUrl":"https://services.arcgis.com/v01gqwM5QqNysAAi/arcgis/rest/services/Fee_Managers_PADUS/FeatureServer/0","sourceUpdated":"2023-05-15T04:00:00.000Z","publicUse":"PAD-US reports open access; verify current manager conditions and restrictions.","unit":"REG","origin":"public-catalog"}},{"type":"Feature","id":"usgs-pad-us-fee-managers:91381","geometry":{"type":"Polygon","coordinates":[[[-87.9839,41.7982],[-87.9844,41.7982],[-87.9845,41.7987],[-87.9839,41.7987],[-87.9839,41.7982]]]},"properties":{"id":"usgs-pad-us-fee-managers:91381","name":"Kiwanis Park","kind":"land","category":"public-land","sourceCategory":"public-land","sourceId":"usgs-pad-us-fee-managers","sourceUrl":"https://services.arcgis.com/v01gqwM5QqNysAAi/arcgis/rest/services/Fee_Managers_PADUS/FeatureServer/0","sourceUpdated":"2023-05-15T04:00:00.000Z","publicUse":"PAD-US reports open access; verify current manager conditions and restrictions.","unit":"REG","origin":"public-catalog"}},{"type":"Feature","id":"usgs-pad-us-fee-managers:91382","geometry":{"type":"Polygon","coordinates":[[[-87.9782,41.7927],[-87.9787,41.7927],[-87.9788,41.7935],[-87.9782,41.7935],[-87.9782,41.7927]]]},"properties":{"id":"usgs-pad-us-fee-managers:91382","name":"Lebeck Park","kind":"land","category":"public-land","sourceCategory":"public-land","sourceId":"usgs-pad-us-fee-managers","sourceUrl":"https://services.arcgis.com/v01gqwM5QqNysAAi/arcgis/rest/services/Fee_Managers_PADUS/FeatureServer/0","sourceUpdated":"2023-05-15T04:00:00.000Z","publicUse":"PAD-US reports open access; verify current manager conditions and restrictions.","unit":"REG","origin":"public-catalog"}},{"type":"Feature","id":"usgs-pad-us-fee-managers:91383","geometry":{"type":"Polygon","coordinates":[[[-87.9696,41.8042],[-87.9707,41.8039],[-87.9707,41.8049],[-87.9696,41.8049],[-87.9696,41.8042]]]},"properties":{"id":"usgs-pad-us-fee-managers:91383","name":"Lions Park","kind":"land","category":"public-land","sourceCategory":"public-land","sourceId":"usgs-pad-us-fee-managers","sourceUrl":"https://services.arcgis.com/v01gqwM5QqNysAAi/arcgis/rest/services/Fee_Managers_PADUS/FeatureServer/0","sourceUpdated":"2023-05-15T04:00:00.000Z","publicUse":"PAD-US reports open access; verify current manager conditions and restrictions.","unit":"REG","origin":"public-catalog"}},{"type":"Feature","id":"usgs-pad-us-fee-managers:91384","geometry":{"type":"Polygon","coordinates":[[[-87.9844,41.7733],[-87.9844,41.7725],[-87.9868,41.7726],[-87.9868,41.7733],[-87.9844,41.7733]]]},"properties":{"id":"usgs-pad-us-fee-managers:91384","name":"Muddy Waters Park","kind":"land","category":"public-land","sourceCategory":"public-land","sourceId":"usgs-pad-us-fee-managers","sourceUrl":"https://services.arcgis.com/v01gqwM5QqNysAAi/arcgis/rest/services/Fee_Managers_PADUS/FeatureServer/0","sourceUpdated":"2023-05-15T04:00:00.000Z","publicUse":"PAD-US reports open access; verify current manager conditions and restrictions.","unit":"REG","origin":"public-catalog"}},{"type":"Feature","id":"usgs-pad-us-fee-managers:91385","geometry":{"type":"Polygon","coordinates":[[[-87.9642,41.818],[-87.9642,41.8174],[-87.9649,41.8175],[-87.9649,41.8179],[-87.9642,41.818]]]},"properties":{"id":"usgs-pad-us-fee-managers:91385","name":"Oakwood Park","kind":"land","category":"public-land","sourceCategory":"public-land","sourceId":"usgs-pad-us-fee-managers","sourceUrl":"https://services.arcgis.com/v01gqwM5QqNysAAi/arcgis/rest/services/Fee_Managers_PADUS/FeatureServer/0","sourceUpdated":"2023-05-15T04:00:00.000Z","publicUse":"PAD-US reports open access; verify current manager conditions and restrictions.","unit":"REG","origin":"public-catalog"}},{"type":"Feature","id":"usgs-pad-us-fee-managers:91386","geometry":{"type":"Polygon","coordinates":[[[-87.9758,41.7665],[-87.9759,41.7667],[-87.975,41.7672],[-87.9745,41.7671],[-87.9745,41.7665],[-87.9758,41.7665]]]},"properties":{"id":"usgs-pad-us-fee-managers:91386","name":"Rotary Park","kind":"land","category":"public-land","sourceCategory":"public-land","sourceId":"usgs-pad-us-fee-managers","sourceUrl":"https://services.arcgis.com/v01gqwM5QqNysAAi/arcgis/rest/services/Fee_Managers_PADUS/FeatureServer/0","sourceUpdated":"2023-05-15T04:00:00.000Z","publicUse":"PAD-US reports open access; verify current manager conditions and restrictions.","unit":"REG","origin":"public-catalog"}},{"type":"Feature","id":"usgs-pad-us-fee-managers:91387","geometry":{"type":"Polygon","coordinates":[[[-87.9843,41.8076],[-87.9855,41.8076],[-87.9855,41.8082],[-87.9843,41.8082],[-87.9843,41.8076]]]},"properties":{"id":"usgs-pad-us-fee-managers:91387","name":"Sentinel Park","kind":"land","category":"public-land","sourceCategory":"public-land","sourceId":"usgs-pad-us-fee-managers","sourceUrl":"https://services.arcgis.com/v01gqwM5QqNysAAi/arcgis/rest/services/Fee_Managers_PADUS/FeatureServer/0","sourceUpdated":"2023-05-15T04:00:00.000Z","publicUse":"PAD-US reports open access; verify current manager conditions and restrictions.","unit":"REG","origin":"public-catalog"}},{"type":"Feature","id":"usgs-pad-us-fee-managers:91388","geometry":{"type":"Polygon","coordinates":[[[-87.9767,41.7823],[-87.977,41.7818],[-87.9793,41.7817],[-87.9793,41.7809],[-87.9845,41.7809],[-87.9846,41.7821],[-87.9773,41.7822],[-87.9773,41.7819],[-87.9769,41.7823],[-87.9767,41.7823]]]},"properties":{"id":"usgs-pad-us-fee-managers:91388","name":"Twins Lake Park","kind":"land","category":"public-land","sourceCategory":"public-land","sourceId":"usgs-pad-us-fee-managers","sourceUrl":"https://services.arcgis.com/v01gqwM5QqNysAAi/arcgis/rest/services/Fee_Managers_PADUS/FeatureServer/0","sourceUpdated":"2023-05-15T04:00:00.000Z","publicUse":"PAD-US reports open access; verify current manager conditions and restrictions.","unit":"REG","origin":"public-catalog"}},{"type":"Feature","id":"usgs-pad-us-fee-managers:91389","geometry":{"type":"Polygon","coordinates":[[[-87.9684,41.8134],[-87.9685,41.813],[-87.9701,41.8132],[-87.9731,41.8131],[-87.9733,41.8163],[-87.9684,41.8164],[-87.9684,41.8134]]]},"properties":{"id":"usgs-pad-us-fee-managers:91389","name":"Ty Warner Park","kind":"land","category":"public-land","sourceCategory":"public-land","sourceId":"usgs-pad-us-fee-managers","sourceUrl":"https://services.arcgis.com/v01gqwM5QqNysAAi/arcgis/rest/services/Fee_Managers_PADUS/FeatureServer/0","sourceUpdated":"2023-05-15T04:00:00.000Z","publicUse":"PAD-US reports open access; verify current manager conditions and restrictions.","unit":"REG","origin":"public-catalog"}},{"type":"Feature","id":"usgs-pad-us-fee-managers:91390","geometry":{"type":"Polygon","coordinates":[[[-87.985,41.7692],[-87.9862,41.7695],[-87.986,41.7703],[-87.9845,41.7702],[-87.985,41.7692]]]},"properties":{"id":"usgs-pad-us-fee-managers:91390","name":"Wiliams Cove Park","kind":"land","category":"public-land","sourceCategory":"public-land","sourceId":"usgs-pad-us-fee-managers","sourceUrl":"https://services.arcgis.com/v01gqwM5QqNysAAi/arcgis/rest/services/Fee_Managers_PADUS/FeatureServer/0","sourceUpdated":"2023-05-15T04:00:00.000Z","publicUse":"PAD-US reports open access; verify current manager conditions and restrictions.","unit":"REG","origin":"public-catalog"}},{"type":"Feature","id":"usgs-pad-us-fee-managers:91391","geometry":{"type":"Polygon","coordinates":[[[-88.0767,41.8229],[-88.0761,41.8225],[-88.0789,41.8224],[-88.0787,41.8229],[-88.0777,41.8228],[-88.0767,41.8229]]]},"properties":{"id":"usgs-pad-us-fee-managers:91391","name":"Albright Park","kind":"land","category":"public-land","sourceCategory":"public-land","sourceId":"usgs-pad-us-fee-managers","sourceUrl":"https://services.arcgis.com/v01gqwM5QqNysAAi/arcgis/rest/services/Fee_Managers_PADUS/FeatureServer/0","sourceUpdated":"2023-05-15T04:00:00.000Z","publicUse":"PAD-US reports open access; verify current manager conditions and restrictions.","unit":"REG","origin":"public-catalog"}},{"type":"Feature","id":"usgs-pad-us-fee-managers:91392","geometry":{"type":"Polygon","coordinates":[[[-88.0856,41.8224],[-88.0871,41.8223],[-88.0871,41.8232],[-88.0865,41.8234],[-88.0856,41.8229],[-88.0856,41.8224]]]},"properties":{"id":"usgs-pad-us-fee-managers:91392","name":"Appleby Park","kind":"land","category":"public-land","sourceCategory":"public-land","sourceId":"usgs-pad-us-fee-managers","sourceUrl":"https://services.arcgis.com/v01gqwM5QqNysAAi/arcgis/rest/services/Fee_Managers_PADUS/FeatureServer/0","sourceUpdated":"2023-05-15T04:00:00.000Z","publicUse":"PAD-US reports open access; verify current manager conditions and restrictions.","unit":"REG","origin":"public-catalog"}},{"type":"Feature","id":"usgs-pad-us-fee-managers:91393","geometry":{"type":"MultiPolygon","coordinates":[[[[-88.0967,41.8185],[-88.0973,41.8185],[-88.0974,41.8204],[-88.097,41.8205],[-88.0959,41.8185],[-88.0967,41.8185]]],[[[-88.0973,41.8206],[-88.0975,41.8212],[-88.097,41.8207],[-88.0973,41.8206]]]]},"properties":{"id":"usgs-pad-us-fee-managers:91393","name":"Arboretum Mews","kind":"land","category":"public-land","sourceCategory":"public-land","sourceId":"usgs-pad-us-fee-managers","sourceUrl":"https://services.arcgis.com/v01gqwM5QqNysAAi/arcgis/rest/services/Fee_Managers_PADUS/FeatureServer/0","sourceUpdated":"2023-05-15T04:00:00.000Z","publicUse":"PAD-US reports open access; verify current manager conditions and restrictions.","unit":"REG","origin":"public-catalog"}},{"type":"Feature","id":"usgs-pad-us-fee-managers:91394","geometry":{"type":"Polygon","coordinates":[[[-88.1317,41.8406],[-88.1325,41.8406],[-88.132,41.8411],[-88.1317,41.8406]]]},"properties":{"id":"usgs-pad-us-fee-managers:91394","name":"Arrowhead Park","kind":"land","category":"public-land","sourceCategory":"public-land","sourceId":"usgs-pad-us-fee-managers","sourceUrl":"https://services.arcgis.com/v01gqwM5QqNysAAi/arcgis/rest/services/Fee_Managers_PADUS/FeatureServer/0","sourceUpdated":"2023-05-15T04:00:00.000Z","publicUse":"PAD-US reports open access; verify current manager conditions and restrictions.","unit":"REG","origin":"public-catalog"}},{"type":"Feature","id":"usgs-pad-us-fee-managers:91395","geometry":{"type":"Polygon","coordinates":[[[-88.1419,41.8417],[-88.1419,41.8407],[-88.1437,41.8393],[-88.1472,41.8397],[-88.1469,41.8427],[-88.1477,41.8427],[-88.147,41.8429],[-88.1469,41.8438],[-88.1465,41.844],[-88.1464,41.8411],[-88.1444,41.8413],[-88.1444,41.8448],[-88.1407,41.8455],[-88.1407,41.847],[-88.1405,41.847],[-88.1405,41.8455],[-88.143,41.8451],[-88.1419,41.8417]]]},"properties":{"id":"usgs-pad-us-fee-managers:91395","name":"Atten Park","kind":"land","category":"public-land","sourceCategory":"public-land","sourceId":"usgs-pad-us-fee-managers","sourceUrl":"https://services.arcgis.com/v01gqwM5QqNysAAi/arcgis/rest/services/Fee_Managers_PADUS/FeatureServer/0","sourceUpdated":"2023-05-15T04:00:00.000Z","publicUse":"PAD-US reports open access; verify current manager conditions and restrictions.","unit":"REG","origin":"public-catalog"}},{"type":"Feature","id":"usgs-pad-us-fee-managers:91396","geometry":{"type":"Polygon","coordinates":[[[-88.0755,41.827],[-88.0761,41.827],[-88.0762,41.8278],[-88.0755,41.8283],[-88.0755,41.827]]]},"properties":{"id":"usgs-pad-us-fee-managers:91396","name":"Blacksmith Park","kind":"land","category":"public-land","sourceCategory":"public-land","sourceId":"usgs-pad-us-fee-managers","sourceUrl":"https://services.arcgis.com/v01gqwM5QqNysAAi/arcgis/rest/services/Fee_Managers_PADUS/FeatureServer/0","sourceUpdated":"2023-05-15T04:00:00.000Z","publicUse":"PAD-US reports open access; verify current manager conditions and restrictions.","unit":"REG","origin":"public-catalog"}},{"type":"Feature","id":"usgs-pad-us-fee-managers:91397","geometry":{"type":"Polygon","coordinates":[[[-88.0867,41.8409],[-88.0866,41.8396],[-88.0854,41.8383],[-88.0854,41.8371],[-88.0871,41.837],[-88.0871,41.8406],[-88.0908,41.8406],[-88.0903,41.8411],[-88.0882,41.8413],[-88.0871,41.8422],[-88.0871,41.8443],[-88.0849,41.8443],[-88.0851,41.8428],[-88.0864,41.8416],[-88.0867,41.8409]]]},"properties":{"id":"usgs-pad-us-fee-managers:91397","name":"Briar Patch Park","kind":"land","category":"public-land","sourceCategory":"public-land","sourceId":"usgs-pad-us-fee-managers","sourceUrl":"https://services.arcgis.com/v01gqwM5QqNysAAi/arcgis/rest/services/Fee_Managers_PADUS/FeatureServer/0","sourceUpdated":"2023-05-15T04:00:00.000Z","publicUse":"PAD-US reports open access; verify current manager conditions and restrictions.","unit":"REG","origin":"public-catalog"}},{"type":"Feature","id":"usgs-pad-us-fee-managers:91398","geometry":{"type":"Polygon","coordinates":[[[-88.1233,41.8353],[-88.1236,41.8353],[-88.1235,41.8357],[-88.1248,41.8361],[-88.1248,41.8365],[-88.1217,41.8365],[-88.1226,41.836],[-88.1223,41.8357],[-88.1233,41.8353]]]},"properties":{"id":"usgs-pad-us-fee-managers:91398","name":"Brighton Park","kind":"land","category":"public-land","sourceCategory":"public-land","sourceId":"usgs-pad-us-fee-managers","sourceUrl":"https://services.arcgis.com/v01gqwM5QqNysAAi/arcgis/rest/services/Fee_Managers_PADUS/FeatureServer/0","sourceUpdated":"2023-05-15T04:00:00.000Z","publicUse":"PAD-US reports open access; verify current manager conditions and restrictions.","unit":"REG","origin":"public-catalog"}},{"type":"Feature","id":"usgs-pad-us-fee-managers:91399","geometry":{"type":"Polygon","coordinates":[[[-88.1272,41.8803],[-88.1281,41.8803],[-88.1281,41.8808],[-88.1272,41.8808],[-88.1272,41.8803]]]},"properties":{"id":"usgs-pad-us-fee-managers:91399","name":"C.L. Herrick Park","kind":"land","category":"public-land","sourceCategory":"public-land","sourceId":"usgs-pad-us-fee-managers","sourceUrl":"https://services.arcgis.com/v01gqwM5QqNysAAi/arcgis/rest/services/Fee_Managers_PADUS/FeatureServer/0","sourceUpdated":"2023-05-15T04:00:00.000Z","publicUse":"PAD-US reports open access; verify current manager conditions and restrictions.","unit":"REG","origin":"public-catalog"}},{"type":"Feature","id":"usgs-pad-us-fee-managers:91400","geometry":{"type":"MultiPolygon","coordinates":[[[[-88.1048,41.859],[-88.1057,41.859],[-88.106,41.8599],[-88.1049,41.8602],[-88.1048,41.859]]],[[[-88.1065,41.8601],[-88.1064,41.8599],[-88.1069,41.8595],[-88.1069,41.8589],[-88.1074,41.8589],[-88.1074,41.8601],[-88.1076,41.8601],[-88.1076,41.8605],[-88.1074,41.8605],[-88.1074,41.8609],[-88.1067,41.8609],[-88.1065,41.8601]]],[[[-88.1042,41.8621],[-88.1041,41.8616],[-88.1034,41.8616],[-88.1033,41.8613],[-88.1029,41.8614],[-88.1028,41.8603],[-88.1055,41.8603],[-88.1062,41.86],[-88.1064,41.8605],[-88.1065,41.862],[-88.1042,41.8621]]]]},"properties":{"id":"usgs-pad-us-fee-managers:91400","name":"Central Park","kind":"land","category":"public-land","sourceCategory":"public-land","sourceId":"usgs-pad-us-fee-managers","sourceUrl":"https://services.arcgis.com/v01gqwM5QqNysAAi/arcgis/rest/services/Fee_Managers_PADUS/FeatureServer/0","sourceUpdated":"2023-05-15T04:00:00.000Z","publicUse":"PAD-US reports open access; verify current manager conditions and restrictions.","unit":"REG","origin":"public-catalog"}},{"type":"Feature","id":"usgs-pad-us-fee-managers:91401","geometry":{"type":"Polygon","coordinates":[[[-88.1113,41.8357],[-88.1113,41.8339],[-88.1121,41.8347],[-88.1122,41.8357],[-88.1126,41.8357],[-88.1113,41.8357]]]},"properties":{"id":"usgs-pad-us-fee-managers:91401","name":"Chatham Park","kind":"land","category":"public-land","sourceCategory":"public-land","sourceId":"usgs-pad-us-fee-managers","sourceUrl":"https://services.arcgis.com/v01gqwM5QqNysAAi/arcgis/rest/services/Fee_Managers_PADUS/FeatureServer/0","sourceUpdated":"2023-05-15T04:00:00.000Z","publicUse":"PAD-US reports open access; verify current manager conditions and restrictions.","unit":"REG","origin":"public-catalog"}},{"type":"Feature","id":"usgs-pad-us-fee-managers:91402","geometry":{"type":"Polygon","coordinates":[[[-88.0799,41.8295],[-88.0802,41.8292],[-88.0811,41.8294],[-88.0811,41.8298],[-88.0794,41.8299],[-88.0799,41.8295]]]},"properties":{"id":"usgs-pad-us-fee-managers:91402","name":"Clydesdale Park","kind":"land","category":"public-land","sourceCategory":"public-land","sourceId":"usgs-pad-us-fee-managers","sourceUrl":"https://services.arcgis.com/v01gqwM5QqNysAAi/arcgis/rest/services/Fee_Managers_PADUS/FeatureServer/0","sourceUpdated":"2023-05-15T04:00:00.000Z","publicUse":"PAD-US reports open access; verify current manager conditions and restrictions.","unit":"REG","origin":"public-catalog"}},{"type":"Feature","id":"usgs-pad-us-fee-managers:91403","geometry":{"type":"MultiPolygon","coordinates":[[[[-88.1195,41.8776],[-88.1188,41.877],[-88.1192,41.8768],[-88.1195,41.8773],[-88.1201,41.8772],[-88.1201,41.8776],[-88.1214,41.8776],[-88.1216,41.8789],[-88.1208,41.8789],[-88.1195,41.8776]]],[[[-88.1181,41.8783],[-88.1192,41.8777],[-88.1198,41.8782],[-88.118,41.8792],[-88.1181,41.8783]]]]},"properties":{"id":"usgs-pad-us-fee-managers:91403","name":"Cosley Zoo","kind":"land","category":"public-land","sourceCategory":"public-land","sourceId":"usgs-pad-us-fee-managers","sourceUrl":"https://services.arcgis.com/v01gqwM5QqNysAAi/arcgis/rest/services/Fee_Managers_PADUS/FeatureServer/0","sourceUpdated":"2023-05-15T04:00:00.000Z","publicUse":"PAD-US reports open access; verify current manager conditions and restrictions.","unit":"REG","origin":"public-catalog"}},{"type":"Feature","id":"usgs-pad-us-fee-managers:91404","geometry":{"type":"Polygon","coordinates":[[[-88.1266,41.8842],[-88.1271,41.8842],[-88.127,41.8847],[-88.1266,41.8847],[-88.1266,41.8842]]]},"properties":{"id":"usgs-pad-us-fee-managers:91404","name":"Coventry Park","kind":"land","category":"public-land","sourceCategory":"public-land","sourceId":"usgs-pad-us-fee-managers","sourceUrl":"https://services.arcgis.com/v01gqwM5QqNysAAi/arcgis/rest/services/Fee_Managers_PADUS/FeatureServer/0","sourceUpdated":"2023-05-15T04:00:00.000Z","publicUse":"PAD-US reports open access; verify current manager conditions and restrictions.","unit":"REG","origin":"public-catalog"}},{"type":"Feature","id":"usgs-pad-us-fee-managers:91405","geometry":{"type":"Polygon","coordinates":[[[-88.1243,41.8299],[-88.1241,41.8298],[-88.1238,41.83],[-88.124,41.8297],[-88.123,41.8291],[-88.1259,41.8293],[-88.1259,41.8313],[-88.1243,41.8299]]]},"properties":{"id":"usgs-pad-us-fee-managers:91405","name":"Dorset Park","kind":"land","category":"public-land","sourceCategory":"public-land","sourceId":"usgs-pad-us-fee-managers","sourceUrl":"https://services.arcgis.com/v01gqwM5QqNysAAi/arcgis/rest/services/Fee_Managers_PADUS/FeatureServer/0","sourceUpdated":"2023-05-15T04:00:00.000Z","publicUse":"PAD-US reports open access; verify current manager conditions and restrictions.","unit":"REG","origin":"public-catalog"}},{"type":"Feature","id":"usgs-pad-us-fee-managers:91406","geometry":{"type":"Polygon","coordinates":[[[-88.1377,41.8606],[-88.1375,41.8603],[-88.1361,41.8605],[-88.136,41.8586],[-88.1385,41.8584],[-88.1385,41.86],[-88.1377,41.86],[-88.1377,41.8606]]]},"properties":{"id":"usgs-pad-us-fee-managers:91406","name":"Firefighters Park","kind":"land","category":"public-land","sourceCategory":"public-land","sourceId":"usgs-pad-us-fee-managers","sourceUrl":"https://services.arcgis.com/v01gqwM5QqNysAAi/arcgis/rest/services/Fee_Managers_PADUS/FeatureServer/0","sourceUpdated":"2023-05-15T04:00:00.000Z","publicUse":"PAD-US reports open access; verify current manager conditions and restrictions.","unit":"REG","origin":"public-catalog"}},{"type":"Feature","id":"usgs-pad-us-fee-managers:91407","geometry":{"type":"Polygon","coordinates":[[[-88.1311,41.8667],[-88.1325,41.8664],[-88.1326,41.8705],[-88.1297,41.8702],[-88.1289,41.8675],[-88.1296,41.8674],[-88.1295,41.867],[-88.1311,41.8667]]]},"properties":{"id":"usgs-pad-us-fee-managers:91407","name":"Graf Park","kind":"land","category":"public-land","sourceCategory":"public-land","sourceId":"usgs-pad-us-fee-managers","sourceUrl":"https://services.arcgis.com/v01gqwM5QqNysAAi/arcgis/rest/services/Fee_Managers_PADUS/FeatureServer/0","sourceUpdated":"2023-05-15T04:00:00.000Z","publicUse":"PAD-US reports open access; verify current manager conditions and restrictions.","unit":"REG","origin":"public-catalog"}},{"type":"Feature","id":"usgs-pad-us-fee-managers:91408","geometry":{"type":"Polygon","coordinates":[[[-88.0967,41.8795],[-88.0969,41.8794],[-88.0969,41.88],[-88.0966,41.88],[-88.0967,41.8795]]]},"properties":{"id":"usgs-pad-us-fee-managers:91408","name":"Hawthorne Junction","kind":"land","category":"public-land","sourceCategory":"public-land","sourceId":"usgs-pad-us-fee-managers","sourceUrl":"https://services.arcgis.com/v01gqwM5QqNysAAi/arcgis/rest/services/Fee_Managers_PADUS/FeatureServer/0","sourceUpdated":"2023-05-15T04:00:00.000Z","publicUse":"PAD-US reports open access; verify current manager conditions and restrictions.","unit":"REG","origin":"public-catalog"}},{"type":"Feature","id":"usgs-pad-us-fee-managers:91409","geometry":{"type":"Polygon","coordinates":[[[-88.0835,41.8703],[-88.0858,41.8703],[-88.0858,41.8709],[-88.0835,41.8727],[-88.0835,41.8703]]]},"properties":{"id":"usgs-pad-us-fee-managers:91409","name":"Hoffman Park","kind":"land","category":"public-land","sourceCategory":"public-land","sourceId":"usgs-pad-us-fee-managers","sourceUrl":"https://services.arcgis.com/v01gqwM5QqNysAAi/arcgis/rest/services/Fee_Managers_PADUS/FeatureServer/0","sourceUpdated":"2023-05-15T04:00:00.000Z","publicUse":"PAD-US reports open access; verify current manager conditions and restrictions.","unit":"REG","origin":"public-catalog"}},{"type":"Feature","id":"usgs-pad-us-fee-managers:91410","geometry":{"type":"Polygon","coordinates":[[[-88.0857,41.8263],[-88.0871,41.8254],[-88.0871,41.8268],[-88.0863,41.8268],[-88.0857,41.8263]]]},"properties":{"id":"usgs-pad-us-fee-managers:91410","name":"Hull Park","kind":"land","category":"public-land","sourceCategory":"public-land","sourceId":"usgs-pad-us-fee-managers","sourceUrl":"https://services.arcgis.com/v01gqwM5QqNysAAi/arcgis/rest/services/Fee_Managers_PADUS/FeatureServer/0","sourceUpdated":"2023-05-15T04:00:00.000Z","publicUse":"PAD-US reports open access; verify current manager conditions and restrictions.","unit":"REG","origin":"public-catalog"}},{"type":"Feature","id":"usgs-pad-us-fee-managers:91411","geometry":{"type":"Polygon","coordinates":[[[-88.1334,41.8534],[-88.1331,41.8531],[-88.1341,41.8525],[-88.1348,41.8528],[-88.1344,41.8536],[-88.134,41.8534],[-88.1337,41.8538],[-88.1334,41.8534]]]},"properties":{"id":"usgs-pad-us-fee-managers:91411","name":"Hurley Gardens","kind":"land","category":"public-land","sourceCategory":"public-land","sourceId":"usgs-pad-us-fee-managers","sourceUrl":"https://services.arcgis.com/v01gqwM5QqNysAAi/arcgis/rest/services/Fee_Managers_PADUS/FeatureServer/0","sourceUpdated":"2023-05-15T04:00:00.000Z","publicUse":"PAD-US reports open access; verify current manager conditions and restrictions.","unit":"REG","origin":"public-catalog"}},{"type":"Feature","id":"usgs-pad-us-fee-managers:91412","geometry":{"type":"Polygon","coordinates":[[[-88.1054,41.8543],[-88.1054,41.8534],[-88.1058,41.8528],[-88.1061,41.8525],[-88.1068,41.8528],[-88.1077,41.8513],[-88.1098,41.8513],[-88.1098,41.8535],[-88.1082,41.8536],[-88.1084,41.8541],[-88.1079,41.8536],[-88.1065,41.8536],[-88.1067,41.8543],[-88.1055,41.8547],[-88.1054,41.8543]]]},"properties":{"id":"usgs-pad-us-fee-managers:91412","name":"Kelly Park","kind":"land","category":"public-land","sourceCategory":"public-land","sourceId":"usgs-pad-us-fee-managers","sourceUrl":"https://services.arcgis.com/v01gqwM5QqNysAAi/arcgis/rest/services/Fee_Managers_PADUS/FeatureServer/0","sourceUpdated":"2023-05-15T04:00:00.000Z","publicUse":"PAD-US reports open access; verify current manager conditions and restrictions.","unit":"REG","origin":"public-catalog"}},{"type":"Feature","id":"usgs-pad-us-fee-managers:91413","geometry":{"type":"Polygon","coordinates":[[[-88.0933,41.8516],[-88.0933,41.8511],[-88.0939,41.8511],[-88.0939,41.8507],[-88.0946,41.8507],[-88.095,41.8512],[-88.0957,41.8513],[-88.0957,41.8516],[-88.0933,41.8516]]]},"properties":{"id":"usgs-pad-us-fee-managers:91413","name":"Lincoln Park","kind":"land","category":"public-land","sourceCategory":"public-land","sourceId":"usgs-pad-us-fee-managers","sourceUrl":"https://services.arcgis.com/v01gqwM5QqNysAAi/arcgis/rest/services/Fee_Managers_PADUS/FeatureServer/0","sourceUpdated":"2023-05-15T04:00:00.000Z","publicUse":"PAD-US reports open access; verify current manager conditions and restrictions.","unit":"REG","origin":"public-catalog"}},{"type":"Feature","id":"usgs-pad-us-fee-managers:91414","geometry":{"type":"Polygon","coordinates":[[[-88.131,41.851],[-88.1315,41.851],[-88.1314,41.8512],[-88.131,41.852],[-88.1305,41.852],[-88.1306,41.851],[-88.131,41.851]]]},"properties":{"id":"usgs-pad-us-fee-managers:91414","name":"Madison Park","kind":"land","category":"public-land","sourceCategory":"public-land","sourceId":"usgs-pad-us-fee-managers","sourceUrl":"https://services.arcgis.com/v01gqwM5QqNysAAi/arcgis/rest/services/Fee_Managers_PADUS/FeatureServer/0","sourceUpdated":"2023-05-15T04:00:00.000Z","publicUse":"PAD-US reports open access; verify current manager conditions and restrictions.","unit":"REG","origin":"public-catalog"}},{"type":"Feature","id":"usgs-pad-us-fee-managers:91415","geometry":{"type":"Polygon","coordinates":[[[-88.1221,41.8674],[-88.121,41.8669],[-88.1213,41.866],[-88.1231,41.8658],[-88.1229,41.8672],[-88.1224,41.867],[-88.1221,41.8674]]]},"properties":{"id":"usgs-pad-us-fee-managers:91415","name":"Manchester Park","kind":"land","category":"public-land","sourceCategory":"public-land","sourceId":"usgs-pad-us-fee-managers","sourceUrl":"https://services.arcgis.com/v01gqwM5QqNysAAi/arcgis/rest/services/Fee_Managers_PADUS/FeatureServer/0","sourceUpdated":"2023-05-15T04:00:00.000Z","publicUse":"PAD-US reports open access; verify current manager conditions and restrictions.","unit":"REG","origin":"public-catalog"}},{"type":"Feature","id":"usgs-pad-us-fee-managers:91416","geometry":{"type":"Polygon","coordinates":[[[-88.1084,41.8669],[-88.1094,41.8669],[-88.1095,41.8679],[-88.1084,41.8679],[-88.1084,41.8669]]]},"properties":{"id":"usgs-pad-us-fee-managers:91416","name":"Memorial Park","kind":"land","category":"public-land","sourceCategory":"public-land","sourceId":"usgs-pad-us-fee-managers","sourceUrl":"https://services.arcgis.com/v01gqwM5QqNysAAi/arcgis/rest/services/Fee_Managers_PADUS/FeatureServer/0","sourceUpdated":"2023-05-15T04:00:00.000Z","publicUse":"PAD-US reports open access; verify current manager conditions and restrictions.","unit":"REG","origin":"public-catalog"}},{"type":"Feature","id":"usgs-pad-us-fee-managers:91417","geometry":{"type":"Polygon","coordinates":[[[-88.1088,41.8828],[-88.1087,41.8807],[-88.1081,41.8807],[-88.1081,41.8795],[-88.1085,41.8787],[-88.1097,41.8786],[-88.1097,41.8778],[-88.1095,41.8774],[-88.1083,41.8774],[-88.1083,41.8771],[-88.1153,41.8769],[-88.1151,41.8801],[-88.1125,41.8802],[-88.1124,41.8826],[-88.1088,41.8828]]]},"properties":{"id":"usgs-pad-us-fee-managers:91417","name":"Northside Park","kind":"land","category":"public-land","sourceCategory":"public-land","sourceId":"usgs-pad-us-fee-managers","sourceUrl":"https://services.arcgis.com/v01gqwM5QqNysAAi/arcgis/rest/services/Fee_Managers_PADUS/FeatureServer/0","sourceUpdated":"2023-05-15T04:00:00.000Z","publicUse":"PAD-US reports open access; verify current manager conditions and restrictions.","unit":"REG","origin":"public-catalog"}},{"type":"Feature","id":"usgs-pad-us-fee-managers:91418","geometry":{"type":"Polygon","coordinates":[[[-88.129,41.8364],[-88.1299,41.8364],[-88.1299,41.837],[-88.1287,41.837],[-88.1286,41.8364],[-88.129,41.8364]]]},"properties":{"id":"usgs-pad-us-fee-managers:91418","name":"Orchard Park","kind":"land","category":"public-land","sourceCategory":"public-land","sourceId":"usgs-pad-us-fee-managers","sourceUrl":"https://services.arcgis.com/v01gqwM5QqNysAAi/arcgis/rest/services/Fee_Managers_PADUS/FeatureServer/0","sourceUpdated":"2023-05-15T04:00:00.000Z","publicUse":"PAD-US reports open access; verify current manager conditions and restrictions.","unit":"REG","origin":"public-catalog"}},{"type":"Feature","id":"usgs-pad-us-fee-managers:91419","geometry":{"type":"Polygon","coordinates":[[[-88.1153,41.8567],[-88.1161,41.8567],[-88.1161,41.858],[-88.1153,41.858],[-88.1153,41.8567]]]},"properties":{"id":"usgs-pad-us-fee-managers:91419","name":"Prairie Path Park","kind":"land","category":"public-land","sourceCategory":"public-land","sourceId":"usgs-pad-us-fee-managers","sourceUrl":"https://services.arcgis.com/v01gqwM5QqNysAAi/arcgis/rest/services/Fee_Managers_PADUS/FeatureServer/0","sourceUpdated":"2023-05-15T04:00:00.000Z","publicUse":"PAD-US reports open access; verify current manager conditions and restrictions.","unit":"REG","origin":"public-catalog"}},{"type":"Feature","id":"usgs-pad-us-fee-managers:91420","geometry":{"type":"Polygon","coordinates":[[[-88.1175,41.8587],[-88.119,41.8587],[-88.119,41.8603],[-88.117,41.8604],[-88.1172,41.8599],[-88.1172,41.8587],[-88.1175,41.8587]]]},"properties":{"id":"usgs-pad-us-fee-managers:91420","name":"Rathje Park","kind":"land","category":"public-land","sourceCategory":"public-land","sourceId":"usgs-pad-us-fee-managers","sourceUrl":"https://services.arcgis.com/v01gqwM5QqNysAAi/arcgis/rest/services/Fee_Managers_PADUS/FeatureServer/0","sourceUpdated":"2023-05-15T04:00:00.000Z","publicUse":"PAD-US reports open access; verify current manager conditions and restrictions.","unit":"REG","origin":"public-catalog"}},{"type":"Feature","id":"usgs-pad-us-fee-managers:91421","geometry":{"type":"Polygon","coordinates":[[[-88.0979,41.8381],[-88.098,41.8379],[-88.0968,41.8379],[-88.0968,41.8357],[-88.1001,41.8356],[-88.1001,41.8365],[-88.0994,41.8369],[-88.0983,41.8383],[-88.0979,41.8381]]]},"properties":{"id":"usgs-pad-us-fee-managers:91421","name":"Rice Lake Pool & Community Center","kind":"land","category":"public-land","sourceCategory":"public-land","sourceId":"usgs-pad-us-fee-managers","sourceUrl":"https://services.arcgis.com/v01gqwM5QqNysAAi/arcgis/rest/services/Fee_Managers_PADUS/FeatureServer/0","sourceUpdated":"2023-05-15T04:00:00.000Z","publicUse":"PAD-US reports open access; verify current manager conditions and restrictions.","unit":"REG","origin":"public-catalog"}},{"type":"Feature","id":"usgs-pad-us-fee-managers:91422","geometry":{"type":"Polygon","coordinates":[[[-88.1145,41.8291],[-88.1161,41.8291],[-88.1161,41.8294],[-88.1151,41.8301],[-88.1139,41.8293],[-88.1145,41.8293],[-88.1145,41.8291]]]},"properties":{"id":"usgs-pad-us-fee-managers:91422","name":"Ridge Park","kind":"land","category":"public-land","sourceCategory":"public-land","sourceId":"usgs-pad-us-fee-managers","sourceUrl":"https://services.arcgis.com/v01gqwM5QqNysAAi/arcgis/rest/services/Fee_Managers_PADUS/FeatureServer/0","sourceUpdated":"2023-05-15T04:00:00.000Z","publicUse":"PAD-US reports open access; verify current manager conditions and restrictions.","unit":"REG","origin":"public-catalog"}},{"type":"Feature","id":"usgs-pad-us-fee-managers:91423","geometry":{"type":"Polygon","coordinates":[[[-88.1351,41.8582],[-88.1358,41.8582],[-88.1358,41.8586],[-88.1351,41.8586],[-88.1351,41.8582]]]},"properties":{"id":"usgs-pad-us-fee-managers:91423","name":"Roosevelt & Hazelton","kind":"land","category":"public-land","sourceCategory":"public-land","sourceId":"usgs-pad-us-fee-managers","sourceUrl":"https://services.arcgis.com/v01gqwM5QqNysAAi/arcgis/rest/services/Fee_Managers_PADUS/FeatureServer/0","sourceUpdated":"2023-05-15T04:00:00.000Z","publicUse":"PAD-US reports open access; verify current manager conditions and restrictions.","unit":"REG","origin":"public-catalog"}},{"type":"Feature","id":"usgs-pad-us-fee-managers:91424","geometry":{"type":"Polygon","coordinates":[[[-88.0797,41.8249],[-88.0787,41.8248],[-88.0796,41.8235],[-88.0794,41.8238],[-88.0799,41.8244],[-88.0801,41.8254],[-88.0797,41.8249]]]},"properties":{"id":"usgs-pad-us-fee-managers:91424","name":"Scotts Cove Park","kind":"land","category":"public-land","sourceCategory":"public-land","sourceId":"usgs-pad-us-fee-managers","sourceUrl":"https://services.arcgis.com/v01gqwM5QqNysAAi/arcgis/rest/services/Fee_Managers_PADUS/FeatureServer/0","sourceUpdated":"2023-05-15T04:00:00.000Z","publicUse":"PAD-US reports open access; verify current manager conditions and restrictions.","unit":"REG","origin":"public-catalog"}},{"type":"Feature","id":"usgs-pad-us-fee-managers:91425","geometry":{"type":"Polygon","coordinates":[[[-88.1127,41.8367],[-88.1127,41.8363],[-88.1128,41.8367],[-88.1161,41.8366],[-88.1161,41.8377],[-88.1144,41.8377],[-88.1143,41.8392],[-88.1116,41.8393],[-88.1111,41.8404],[-88.1075,41.8404],[-88.1075,41.8413],[-88.1028,41.8414],[-88.1028,41.8424],[-88.1019,41.8424],[-88.1019,41.8395],[-88.1089,41.8394],[-88.1093,41.8393],[-88.1091,41.839],[-88.1097,41.8386],[-88.1102,41.8376],[-88.1101,41.8368],[-88.1127,41.8367]]]},"properties":{"id":"usgs-pad-us-fee-managers:91425","name":"Seven Gables Park","kind":"land","category":"public-land","sourceCategory":"public-land","sourceId":"usgs-pad-us-fee-managers","sourceUrl":"https://services.arcgis.com/v01gqwM5QqNysAAi/arcgis/rest/services/Fee_Managers_PADUS/FeatureServer/0","sourceUpdated":"2023-05-15T04:00:00.000Z","publicUse":"PAD-US reports open access; verify current manager conditions and restrictions.","unit":"REG","origin":"public-catalog"}},{"type":"Feature","id":"usgs-pad-us-fee-managers:91426","geometry":{"type":"Polygon","coordinates":[[[-88.0896,41.8543],[-88.0898,41.8543],[-88.0898,41.8547],[-88.0896,41.8547],[-88.0896,41.8543]]]},"properties":{"id":"usgs-pad-us-fee-managers:91426","name":"Sunnyside Park","kind":"land","category":"public-land","sourceCategory":"public-land","sourceId":"usgs-pad-us-fee-managers","sourceUrl":"https://services.arcgis.com/v01gqwM5QqNysAAi/arcgis/rest/services/Fee_Managers_PADUS/FeatureServer/0","sourceUpdated":"2023-05-15T04:00:00.000Z","publicUse":"PAD-US reports open access; verify current manager conditions and restrictions.","unit":"REG","origin":"public-catalog"}},{"type":"Feature","id":"usgs-pad-us-fee-managers:91427","geometry":{"type":"Polygon","coordinates":[[[-88.1262,41.8353],[-88.129,41.8353],[-88.129,41.8364],[-88.1262,41.8365],[-88.1262,41.8353]]]},"properties":{"id":"usgs-pad-us-fee-managers:91427","name":"Toohey Park","kind":"land","category":"public-land","sourceCategory":"public-land","sourceId":"usgs-pad-us-fee-managers","sourceUrl":"https://services.arcgis.com/v01gqwM5QqNysAAi/arcgis/rest/services/Fee_Managers_PADUS/FeatureServer/0","sourceUpdated":"2023-05-15T04:00:00.000Z","publicUse":"PAD-US reports open access; verify current manager conditions and restrictions.","unit":"REG","origin":"public-catalog"}},{"type":"Feature","id":"usgs-pad-us-fee-managers:91428","geometry":{"type":"Polygon","coordinates":[[[-88.09,41.8675],[-88.0905,41.8676],[-88.0895,41.8681],[-88.0895,41.8675],[-88.09,41.8675]]]},"properties":{"id":"usgs-pad-us-fee-managers:91428","name":"Triangle Park","kind":"land","category":"public-land","sourceCategory":"public-land","sourceId":"usgs-pad-us-fee-managers","sourceUrl":"https://services.arcgis.com/v01gqwM5QqNysAAi/arcgis/rest/services/Fee_Managers_PADUS/FeatureServer/0","sourceUpdated":"2023-05-15T04:00:00.000Z","publicUse":"PAD-US reports open access; verify current manager conditions and restrictions.","unit":"REG","origin":"public-catalog"}},{"type":"Feature","id":"usgs-pad-us-fee-managers:91429","geometry":{"type":"Polygon","coordinates":[[[-88.1175,41.8695],[-88.1178,41.8694],[-88.1178,41.87],[-88.1175,41.8695]]]},"properties":{"id":"usgs-pad-us-fee-managers:91429","name":"W.W. Stevens Park","kind":"land","category":"public-land","sourceCategory":"public-land","sourceId":"usgs-pad-us-fee-managers","sourceUrl":"https://services.arcgis.com/v01gqwM5QqNysAAi/arcgis/rest/services/Fee_Managers_PADUS/FeatureServer/0","sourceUpdated":"2023-05-15T04:00:00.000Z","publicUse":"PAD-US reports open access; verify current manager conditions and restrictions.","unit":"REG","origin":"public-catalog"}},{"type":"Feature","id":"usgs-pad-us-fee-managers:91430","geometry":{"type":"Polygon","coordinates":[[[-88.1294,41.854],[-88.1303,41.8539],[-88.1303,41.8543],[-88.1294,41.8543],[-88.1294,41.854]]]},"properties":{"id":"usgs-pad-us-fee-managers:91430","name":"Westhaven Park","kind":"land","category":"public-land","sourceCategory":"public-land","sourceId":"usgs-pad-us-fee-managers","sourceUrl":"https://services.arcgis.com/v01gqwM5QqNysAAi/arcgis/rest/services/Fee_Managers_PADUS/FeatureServer/0","sourceUpdated":"2023-05-15T04:00:00.000Z","publicUse":"PAD-US reports open access; verify current manager conditions and restrictions.","unit":"REG","origin":"public-catalog"}},{"type":"Feature","id":"usgs-pad-us-fee-managers:91431","geometry":{"type":"Polygon","coordinates":[[[-88.1335,41.8515],[-88.1331,41.8509],[-88.1342,41.8509],[-88.1341,41.8512],[-88.1335,41.8515]]]},"properties":{"id":"usgs-pad-us-fee-managers:91431","name":"Wexford Park","kind":"land","category":"public-land","sourceCategory":"public-land","sourceId":"usgs-pad-us-fee-managers","sourceUrl":"https://services.arcgis.com/v01gqwM5QqNysAAi/arcgis/rest/services/Fee_Managers_PADUS/FeatureServer/0","sourceUpdated":"2023-05-15T04:00:00.000Z","publicUse":"PAD-US reports open access; verify current manager conditions and restrictions.","unit":"REG","origin":"public-catalog"}},{"type":"Feature","id":"usgs-pad-us-fee-managers:91432","geometry":{"type":"MultiPolygon","coordinates":[[[[-88.1303,41.883],[-88.1312,41.883],[-88.1312,41.884],[-88.1303,41.884],[-88.1303,41.883]]],[[[-88.1292,41.8841],[-88.1297,41.8841],[-88.1297,41.8849],[-88.1292,41.8847],[-88.1292,41.8841]]]]},"properties":{"id":"usgs-pad-us-fee-managers:91432","name":"Willow Point Conservation Area","kind":"land","category":"public-land","sourceCategory":"public-land","sourceId":"usgs-pad-us-fee-managers","sourceUrl":"https://services.arcgis.com/v01gqwM5QqNysAAi/arcgis/rest/services/Fee_Managers_PADUS/FeatureServer/0","sourceUpdated":"2023-05-15T04:00:00.000Z","publicUse":"PAD-US reports open access; verify current manager conditions and restrictions.","unit":"REG","origin":"public-catalog"}},{"type":"Feature","id":"usgs-pad-us-fee-managers:91433","geometry":{"type":"Polygon","coordinates":[[[-87.9156,42.1421],[-87.9157,42.1432],[-87.9145,42.1432],[-87.9136,42.1433],[-87.913,42.1421],[-87.9156,42.1421]]]},"properties":{"id":"usgs-pad-us-fee-managers:91433","name":"Chamber Park","kind":"land","category":"public-land","sourceCategory":"public-land","sourceId":"usgs-pad-us-fee-managers","sourceUrl":"https://services.arcgis.com/v01gqwM5QqNysAAi/arcgis/rest/services/Fee_Managers_PADUS/FeatureServer/0","sourceUpdated":"2023-05-15T04:00:00.000Z","publicUse":"PAD-US reports open access; verify current manager conditions and restrictions.","unit":"REG","origin":"public-catalog"}},{"type":"Feature","id":"usgs-pad-us-fee-managers:91434","geometry":{"type":"Polygon","coordinates":[[[-87.9395,42.1439],[-87.9395,42.1435],[-87.9415,42.1434],[-87.9422,42.144],[-87.9426,42.1438],[-87.9428,42.1439],[-87.9424,42.1442],[-87.9423,42.1449],[-87.9426,42.1452],[-87.9414,42.1452],[-87.9414,42.1458],[-87.9394,42.145],[-87.9395,42.1439]]]},"properties":{"id":"usgs-pad-us-fee-managers:91434","name":"Childerly Park","kind":"land","category":"public-land","sourceCategory":"public-land","sourceId":"usgs-pad-us-fee-managers","sourceUrl":"https://services.arcgis.com/v01gqwM5QqNysAAi/arcgis/rest/services/Fee_Managers_PADUS/FeatureServer/0","sourceUpdated":"2023-05-15T04:00:00.000Z","publicUse":"PAD-US reports open access; verify current manager conditions and restrictions.","unit":"REG","origin":"public-catalog"}},{"type":"Feature","id":"usgs-pad-us-fee-managers:91435","geometry":{"type":"Polygon","coordinates":[[[-87.9339,42.1465],[-87.9342,42.1465],[-87.9343,42.1479],[-87.9332,42.1479],[-87.9326,42.1465],[-87.9339,42.1465]]]},"properties":{"id":"usgs-pad-us-fee-managers:91435","name":"Denoyer Park","kind":"land","category":"public-land","sourceCategory":"public-land","sourceId":"usgs-pad-us-fee-managers","sourceUrl":"https://services.arcgis.com/v01gqwM5QqNysAAi/arcgis/rest/services/Fee_Managers_PADUS/FeatureServer/0","sourceUpdated":"2023-05-15T04:00:00.000Z","publicUse":"PAD-US reports open access; verify current manager conditions and restrictions.","unit":"REG","origin":"public-catalog"}},{"type":"Feature","id":"usgs-pad-us-fee-managers:91436","geometry":{"type":"Polygon","coordinates":[[[-87.9247,42.1387],[-87.9247,42.1383],[-87.9233,42.1383],[-87.923,42.138],[-87.9203,42.1381],[-87.9202,42.1373],[-87.9172,42.1373],[-87.917,42.1362],[-87.9155,42.1363],[-87.9153,42.1359],[-87.9155,42.1359],[-87.9151,42.135],[-87.9138,42.1336],[-87.9197,42.1335],[-87.9197,42.1332],[-87.9199,42.1332],[-87.9199,42.1335],[-87.9256,42.1334],[-87.9267,42.1368],[-87.9265,42.1362],[-87.925,42.1362],[-87.925,42.1393],[-87.9246,42.1393],[-87.9247,42.1387]],[[-87.9202,42.1364],[-87.9202,42.1364],[-87.9202,42.1364],[-87.9202,42.1364]]]},"properties":{"id":"usgs-pad-us-fee-managers:91436","name":"Heritage Park","kind":"land","category":"public-land","sourceCategory":"public-land","sourceId":"usgs-pad-us-fee-managers","sourceUrl":"https://services.arcgis.com/v01gqwM5QqNysAAi/arcgis/rest/services/Fee_Managers_PADUS/FeatureServer/0","sourceUpdated":"2023-05-15T04:00:00.000Z","publicUse":"PAD-US reports open access; verify current manager conditions and restrictions.","unit":"REG","origin":"public-catalog"}},{"type":"Feature","id":"usgs-pad-us-fee-managers:91437","geometry":{"type":"Polygon","coordinates":[[[-87.946,42.1315],[-87.9463,42.1315],[-87.9463,42.1321],[-87.9458,42.1321],[-87.9458,42.1325],[-87.9416,42.1325],[-87.9416,42.1315],[-87.946,42.1315]]]},"properties":{"id":"usgs-pad-us-fee-managers:91437","name":"Horizon Park","kind":"land","category":"public-land","sourceCategory":"public-land","sourceId":"usgs-pad-us-fee-managers","sourceUrl":"https://services.arcgis.com/v01gqwM5QqNysAAi/arcgis/rest/services/Fee_Managers_PADUS/FeatureServer/0","sourceUpdated":"2023-05-15T04:00:00.000Z","publicUse":"PAD-US reports open access; verify current manager conditions and restrictions.","unit":"REG","origin":"public-catalog"}},{"type":"Feature","id":"usgs-pad-us-fee-managers:91438","geometry":{"type":"Polygon","coordinates":[[[-87.9416,42.1352],[-87.9411,42.135],[-87.9416,42.1348],[-87.9416,42.134],[-87.9416,42.1343],[-87.9441,42.1343],[-87.9441,42.1352],[-87.9416,42.1352]]]},"properties":{"id":"usgs-pad-us-fee-managers:91438","name":"Husky Park","kind":"land","category":"public-land","sourceCategory":"public-land","sourceId":"usgs-pad-us-fee-managers","sourceUrl":"https://services.arcgis.com/v01gqwM5QqNysAAi/arcgis/rest/services/Fee_Managers_PADUS/FeatureServer/0","sourceUpdated":"2023-05-15T04:00:00.000Z","publicUse":"PAD-US reports open access; verify current manager conditions and restrictions.","unit":"REG","origin":"public-catalog"}},{"type":"Feature","id":"usgs-pad-us-fee-managers:91439","geometry":{"type":"Polygon","coordinates":[[[-87.9543,42.1297],[-87.9551,42.1295],[-87.9551,42.1302],[-87.9546,42.1302],[-87.9543,42.1297]]]},"properties":{"id":"usgs-pad-us-fee-managers:91439","name":"Malibu Park","kind":"land","category":"public-land","sourceCategory":"public-land","sourceId":"usgs-pad-us-fee-managers","sourceUrl":"https://services.arcgis.com/v01gqwM5QqNysAAi/arcgis/rest/services/Fee_Managers_PADUS/FeatureServer/0","sourceUpdated":"2023-05-15T04:00:00.000Z","publicUse":"PAD-US reports open access; verify current manager conditions and restrictions.","unit":"REG","origin":"public-catalog"}},{"type":"Feature","id":"usgs-pad-us-fee-managers:91440","geometry":{"type":"Polygon","coordinates":[[[-87.9153,42.1315],[-87.9157,42.1315],[-87.9157,42.132],[-87.9153,42.132],[-87.9153,42.1315]]]},"properties":{"id":"usgs-pad-us-fee-managers:91440","name":"Meadowbrook Tot Lot","kind":"land","category":"public-land","sourceCategory":"public-land","sourceId":"usgs-pad-us-fee-managers","sourceUrl":"https://services.arcgis.com/v01gqwM5QqNysAAi/arcgis/rest/services/Fee_Managers_PADUS/FeatureServer/0","sourceUpdated":"2023-05-15T04:00:00.000Z","publicUse":"PAD-US reports open access; verify current manager conditions and restrictions.","unit":"REG","origin":"public-catalog"}},{"type":"Feature","id":"usgs-pad-us-fee-managers:91441","geometry":{"type":"Polygon","coordinates":[[[-87.9219,42.142],[-87.922,42.1431],[-87.9211,42.1431],[-87.9203,42.1421],[-87.9219,42.142]]]},"properties":{"id":"usgs-pad-us-fee-managers:91441","name":"Northside Park","kind":"land","category":"public-land","sourceCategory":"public-land","sourceId":"usgs-pad-us-fee-managers","sourceUrl":"https://services.arcgis.com/v01gqwM5QqNysAAi/arcgis/rest/services/Fee_Managers_PADUS/FeatureServer/0","sourceUpdated":"2023-05-15T04:00:00.000Z","publicUse":"PAD-US reports open access; verify current manager conditions and restrictions.","unit":"REG","origin":"public-catalog"}},{"type":"Feature","id":"usgs-pad-us-fee-managers:91442","geometry":{"type":"Polygon","coordinates":[[[-87.9314,42.1161],[-87.9319,42.1161],[-87.9319,42.1175],[-87.9306,42.1175],[-87.9306,42.1161],[-87.9314,42.1161]]]},"properties":{"id":"usgs-pad-us-fee-managers:91442","name":"Pleasant Run Park","kind":"land","category":"public-land","sourceCategory":"public-land","sourceId":"usgs-pad-us-fee-managers","sourceUrl":"https://services.arcgis.com/v01gqwM5QqNysAAi/arcgis/rest/services/Fee_Managers_PADUS/FeatureServer/0","sourceUpdated":"2023-05-15T04:00:00.000Z","publicUse":"PAD-US reports open access; verify current manager conditions and restrictions.","unit":"REG","origin":"public-catalog"}},{"type":"Feature","id":"usgs-pad-us-fee-managers:91443","geometry":{"type":"Polygon","coordinates":[[[-87.9154,42.1081],[-87.9144,42.1054],[-87.916,42.1053],[-87.9158,42.1039],[-87.9173,42.1041],[-87.9174,42.1048],[-87.917,42.1052],[-87.9173,42.1057],[-87.9197,42.106],[-87.9197,42.1069],[-87.9191,42.107],[-87.9194,42.1073],[-87.9189,42.1076],[-87.9184,42.1078],[-87.9179,42.1072],[-87.9172,42.1072],[-87.9169,42.1077],[-87.9154,42.1081]]]},"properties":{"id":"usgs-pad-us-fee-managers:91443","name":"Wheeling Park","kind":"land","category":"public-land","sourceCategory":"public-land","sourceId":"usgs-pad-us-fee-managers","sourceUrl":"https://services.arcgis.com/v01gqwM5QqNysAAi/arcgis/rest/services/Fee_Managers_PADUS/FeatureServer/0","sourceUpdated":"2023-05-15T04:00:00.000Z","publicUse":"PAD-US reports open access; verify current manager conditions and restrictions.","unit":"REG","origin":"public-catalog"}},{"type":"Feature","id":"usgs-pad-us-fee-managers:91457","geometry":{"type":"Polygon","coordinates":[[[-87.9898,42.3427],[-87.9893,42.3428],[-87.9898,42.3425],[-87.9902,42.3428],[-87.9898,42.3429],[-87.9898,42.3427]]]},"properties":{"id":"usgs-pad-us-fee-managers:91457","name":"Boulder Park","kind":"land","category":"public-land","sourceCategory":"public-land","sourceId":"usgs-pad-us-fee-managers","sourceUrl":"https://services.arcgis.com/v01gqwM5QqNysAAi/arcgis/rest/services/Fee_Managers_PADUS/FeatureServer/0","sourceUpdated":"2023-05-15T04:00:00.000Z","publicUse":"PAD-US reports open access; verify current manager conditions and restrictions.","unit":"REG","origin":"public-catalog"}},{"type":"Feature","id":"usgs-pad-us-fee-managers:91458","geometry":{"type":"Polygon","coordinates":[[[-87.9922,42.3446],[-87.9925,42.3444],[-87.992,42.3444],[-87.9924,42.3442],[-87.9927,42.3446],[-87.9922,42.3446]]]},"properties":{"id":"usgs-pad-us-fee-managers:91458","name":"Cove Park","kind":"land","category":"public-land","sourceCategory":"public-land","sourceId":"usgs-pad-us-fee-managers","sourceUrl":"https://services.arcgis.com/v01gqwM5QqNysAAi/arcgis/rest/services/Fee_Managers_PADUS/FeatureServer/0","sourceUpdated":"2023-05-15T04:00:00.000Z","publicUse":"PAD-US reports open access; verify current manager conditions and restrictions.","unit":"REG","origin":"public-catalog"}},{"type":"Feature","id":"usgs-pad-us-fee-managers:91459","geometry":{"type":"MultiPolygon","coordinates":[[[[-87.9885,42.3435],[-87.9886,42.3432],[-87.989,42.3435],[-87.9885,42.3435]]],[[[-87.9889,42.3436],[-87.9888,42.344],[-87.9885,42.3438],[-87.9889,42.3436]]]]},"properties":{"id":"usgs-pad-us-fee-managers:91459","name":"Lake Shore Drive Park","kind":"land","category":"public-land","sourceCategory":"public-land","sourceId":"usgs-pad-us-fee-managers","sourceUrl":"https://services.arcgis.com/v01gqwM5QqNysAAi/arcgis/rest/services/Fee_Managers_PADUS/FeatureServer/0","sourceUpdated":"2023-05-15T04:00:00.000Z","publicUse":"PAD-US reports open access; verify current manager conditions and restrictions.","unit":"REG","origin":"public-catalog"}},{"type":"Feature","id":"usgs-pad-us-fee-managers:91460","geometry":{"type":"Polygon","coordinates":[[[-88,42.3423],[-88.0006,42.3423],[-88.0007,42.3427],[-88,42.3427],[-88,42.3423]]]},"properties":{"id":"usgs-pad-us-fee-managers:91460","name":"Old Plank Park","kind":"land","category":"public-land","sourceCategory":"public-land","sourceId":"usgs-pad-us-fee-managers","sourceUrl":"https://services.arcgis.com/v01gqwM5QqNysAAi/arcgis/rest/services/Fee_Managers_PADUS/FeatureServer/0","sourceUpdated":"2023-05-15T04:00:00.000Z","publicUse":"PAD-US reports open access; verify current manager conditions and restrictions.","unit":"REG","origin":"public-catalog"}},{"type":"Feature","id":"usgs-pad-us-fee-managers:91461","geometry":{"type":"Polygon","coordinates":[[[-88.0011,42.3492],[-88.0006,42.3492],[-88.0006,42.3497],[-87.9994,42.3495],[-88.0002,42.3488],[-88.0008,42.3491],[-88.0015,42.3489],[-88.0016,42.3499],[-88.001,42.3497],[-88.0012,42.3494],[-88.0011,42.3492]]]},"properties":{"id":"usgs-pad-us-fee-managers:91461","name":"Pebble Beach Park","kind":"land","category":"public-land","sourceCategory":"public-land","sourceId":"usgs-pad-us-fee-managers","sourceUrl":"https://services.arcgis.com/v01gqwM5QqNysAAi/arcgis/rest/services/Fee_Managers_PADUS/FeatureServer/0","sourceUpdated":"2023-05-15T04:00:00.000Z","publicUse":"PAD-US reports open access; verify current manager conditions and restrictions.","unit":"REG","origin":"public-catalog"}},{"type":"Feature","id":"usgs-pad-us-fee-managers:91462","geometry":{"type":"Polygon","coordinates":[[[-87.9972,42.3471],[-87.9988,42.3476],[-87.9993,42.348],[-87.9984,42.349],[-87.9963,42.3478],[-87.9967,42.3473],[-87.9972,42.3471]]]},"properties":{"id":"usgs-pad-us-fee-managers:91462","name":"Rule Park","kind":"land","category":"public-land","sourceCategory":"public-land","sourceId":"usgs-pad-us-fee-managers","sourceUrl":"https://services.arcgis.com/v01gqwM5QqNysAAi/arcgis/rest/services/Fee_Managers_PADUS/FeatureServer/0","sourceUpdated":"2023-05-15T04:00:00.000Z","publicUse":"PAD-US reports open access; verify current manager conditions and restrictions.","unit":"REG","origin":"public-catalog"}},{"type":"Feature","id":"usgs-pad-us-fee-managers:91463","geometry":{"type":"Polygon","coordinates":[[[-87.9909,42.346],[-87.9911,42.3461],[-87.9905,42.347],[-87.9899,42.3467],[-87.9909,42.346]]]},"properties":{"id":"usgs-pad-us-fee-managers:91463","name":"Sunset Park - Wildwood","kind":"land","category":"public-land","sourceCategory":"public-land","sourceId":"usgs-pad-us-fee-managers","sourceUrl":"https://services.arcgis.com/v01gqwM5QqNysAAi/arcgis/rest/services/Fee_Managers_PADUS/FeatureServer/0","sourceUpdated":"2023-05-15T04:00:00.000Z","publicUse":"PAD-US reports open access; verify current manager conditions and restrictions.","unit":"REG","origin":"public-catalog"}},{"type":"Feature","id":"usgs-pad-us-fee-managers:91464","geometry":{"type":"Polygon","coordinates":[[[-87.9805,42.343],[-87.9805,42.3423],[-87.9809,42.3422],[-87.9806,42.3421],[-87.9806,42.3418],[-87.9823,42.3418],[-87.9823,42.3422],[-87.9843,42.3422],[-87.9842,42.3431],[-87.9805,42.343]]]},"properties":{"id":"usgs-pad-us-fee-managers:91464","name":"Twin Lakes Park","kind":"land","category":"public-land","sourceCategory":"public-land","sourceId":"usgs-pad-us-fee-managers","sourceUrl":"https://services.arcgis.com/v01gqwM5QqNysAAi/arcgis/rest/services/Fee_Managers_PADUS/FeatureServer/0","sourceUpdated":"2023-05-15T04:00:00.000Z","publicUse":"PAD-US reports open access; verify current manager conditions and restrictions.","unit":"REG","origin":"public-catalog"}},{"type":"Feature","id":"usgs-pad-us-fee-managers:91465","geometry":{"type":"Polygon","coordinates":[[[-87.9952,42.3473],[-87.9943,42.3471],[-87.9951,42.347],[-87.995,42.3466],[-87.9943,42.3468],[-87.9935,42.3465],[-87.9937,42.3462],[-87.9953,42.3453],[-87.9962,42.3469],[-87.9958,42.3467],[-87.9954,42.3473],[-87.9952,42.3473]]]},"properties":{"id":"usgs-pad-us-fee-managers:91465","name":"Willow Point Park","kind":"land","category":"public-land","sourceCategory":"public-land","sourceId":"usgs-pad-us-fee-managers","sourceUrl":"https://services.arcgis.com/v01gqwM5QqNysAAi/arcgis/rest/services/Fee_Managers_PADUS/FeatureServer/0","sourceUpdated":"2023-05-15T04:00:00.000Z","publicUse":"PAD-US reports open access; verify current manager conditions and restrictions.","unit":"REG","origin":"public-catalog"}},{"type":"Feature","id":"usgs-pad-us-fee-managers:91467","geometry":{"type":"Polygon","coordinates":[[[-87.8024,41.4992],[-87.8047,41.4992],[-87.8047,41.503],[-87.8,41.5029],[-87.8,41.4992],[-87.8024,41.4992]]]},"properties":{"id":"usgs-pad-us-fee-managers:91467","name":"Hunters Woods","kind":"land","category":"public-land","sourceCategory":"public-land","sourceId":"usgs-pad-us-fee-managers","sourceUrl":"https://services.arcgis.com/v01gqwM5QqNysAAi/arcgis/rest/services/Fee_Managers_PADUS/FeatureServer/0","sourceUpdated":"2023-05-15T04:00:00.000Z","publicUse":"PAD-US reports open access; verify current manager conditions and restrictions.","unit":"REG","origin":"public-catalog"}},{"type":"Feature","id":"usgs-pad-us-fee-managers:91468","geometry":{"type":"MultiPolygon","coordinates":[[[[-87.8073,41.481],[-87.8095,41.481],[-87.8095,41.4824],[-87.8085,41.4824],[-87.8062,41.4843],[-87.8012,41.4843],[-87.8013,41.4839],[-87.802,41.4832],[-87.8031,41.4832],[-87.8073,41.481]]],[[[-87.7964,41.4843],[-87.7951,41.4835],[-87.7932,41.4814],[-87.7904,41.4814],[-87.7904,41.4808],[-87.7907,41.4808],[-87.7907,41.4771],[-87.7914,41.4771],[-87.7914,41.479],[-87.7952,41.479],[-87.7951,41.4808],[-87.796,41.4814],[-87.8008,41.479],[-87.8018,41.4791],[-87.8018,41.483],[-87.8004,41.4843],[-87.7964,41.4843]]],[[[-87.7904,41.4846],[-87.8065,41.4846],[-87.8065,41.4852],[-87.8071,41.4852],[-87.8071,41.4863],[-87.8055,41.4863],[-87.8055,41.4882],[-87.7976,41.4876],[-87.7904,41.4859],[-87.7904,41.4846]]]]},"properties":{"id":"usgs-pad-us-fee-managers:91468","name":"Sauk Trail Reservoir","kind":"land","category":"public-land","sourceCategory":"public-land","sourceId":"usgs-pad-us-fee-managers","sourceUrl":"https://services.arcgis.com/v01gqwM5QqNysAAi/arcgis/rest/services/Fee_Managers_PADUS/FeatureServer/0","sourceUpdated":"2023-05-15T04:00:00.000Z","publicUse":"PAD-US reports open access; verify current manager conditions and restrictions.","unit":"REG","origin":"public-catalog"}},{"type":"Feature","id":"usgs-pad-us-fee-managers:91486","geometry":{"type":"Polygon","coordinates":[[[-87.6967,42.0857],[-87.6959,42.0852],[-87.6962,42.0851],[-87.698,42.0851],[-87.6984,42.0855],[-87.6972,42.0862],[-87.6967,42.0857]]]},"properties":{"id":"usgs-pad-us-fee-managers:91486","name":"Langdon Park","kind":"land","category":"public-land","sourceCategory":"public-land","sourceId":"usgs-pad-us-fee-managers","sourceUrl":"https://services.arcgis.com/v01gqwM5QqNysAAi/arcgis/rest/services/Fee_Managers_PADUS/FeatureServer/0","sourceUpdated":"2023-05-15T04:00:00.000Z","publicUse":"PAD-US reports open access; verify current manager conditions and restrictions.","unit":"REG","origin":"public-catalog"}},{"type":"Feature","id":"usgs-pad-us-fee-managers:91487","geometry":{"type":"Polygon","coordinates":[[[-87.7505,42.0825],[-87.7506,42.0837],[-87.7482,42.0837],[-87.7482,42.0824],[-87.7505,42.0825]]]},"properties":{"id":"usgs-pad-us-fee-managers:91487","name":"Avoca Park","kind":"land","category":"public-land","sourceCategory":"public-land","sourceId":"usgs-pad-us-fee-managers","sourceUrl":"https://services.arcgis.com/v01gqwM5QqNysAAi/arcgis/rest/services/Fee_Managers_PADUS/FeatureServer/0","sourceUpdated":"2023-05-15T04:00:00.000Z","publicUse":"PAD-US reports open access; verify current manager conditions and restrictions.","unit":"REG","origin":"public-catalog"}},{"type":"Feature","id":"usgs-pad-us-fee-managers:91488","geometry":{"type":"Polygon","coordinates":[[[-87.7343,42.0686],[-87.7348,42.0685],[-87.7347,42.0715],[-87.7325,42.0718],[-87.7323,42.0704],[-87.7315,42.0693],[-87.7343,42.0686]]]},"properties":{"id":"usgs-pad-us-fee-managers:91488","name":"Centennial Park","kind":"land","category":"public-land","sourceCategory":"public-land","sourceId":"usgs-pad-us-fee-managers","sourceUrl":"https://services.arcgis.com/v01gqwM5QqNysAAi/arcgis/rest/services/Fee_Managers_PADUS/FeatureServer/0","sourceUpdated":"2023-05-15T04:00:00.000Z","publicUse":"PAD-US reports open access; verify current manager conditions and restrictions.","unit":"REG","origin":"public-catalog"}},{"type":"Feature","id":"usgs-pad-us-fee-managers:91489","geometry":{"type":"Polygon","coordinates":[[[-87.7372,42.076],[-87.7372,42.0754],[-87.7348,42.0754],[-87.7348,42.0745],[-87.7343,42.0738],[-87.7372,42.0738],[-87.7372,42.0742],[-87.7399,42.0743],[-87.7399,42.0754],[-87.7421,42.0755],[-87.7421,42.0769],[-87.7413,42.0769],[-87.7412,42.0777],[-87.7372,42.0776],[-87.7372,42.076]]]},"properties":{"id":"usgs-pad-us-fee-managers:91489","name":"Community Park","kind":"land","category":"public-land","sourceCategory":"public-land","sourceId":"usgs-pad-us-fee-managers","sourceUrl":"https://services.arcgis.com/v01gqwM5QqNysAAi/arcgis/rest/services/Fee_Managers_PADUS/FeatureServer/0","sourceUpdated":"2023-05-15T04:00:00.000Z","publicUse":"PAD-US reports open access; verify current manager conditions and restrictions.","unit":"REG","origin":"public-catalog"}},{"type":"Feature","id":"usgs-pad-us-fee-managers:91490","geometry":{"type":"Polygon","coordinates":[[[-87.7129,42.0731],[-87.7131,42.073],[-87.7131,42.0737],[-87.7127,42.0738],[-87.7126,42.0731],[-87.7129,42.0731]]]},"properties":{"id":"usgs-pad-us-fee-managers:91490","name":"Earlywine Park","kind":"land","category":"public-land","sourceCategory":"public-land","sourceId":"usgs-pad-us-fee-managers","sourceUrl":"https://services.arcgis.com/v01gqwM5QqNysAAi/arcgis/rest/services/Fee_Managers_PADUS/FeatureServer/0","sourceUpdated":"2023-05-15T04:00:00.000Z","publicUse":"PAD-US reports open access; verify current manager conditions and restrictions.","unit":"REG","origin":"public-catalog"}},{"type":"Feature","id":"usgs-pad-us-fee-managers:91491","geometry":{"type":"Polygon","coordinates":[[[-87.7216,42.0803],[-87.7217,42.0803],[-87.7217,42.0807],[-87.7213,42.0807],[-87.7213,42.0803],[-87.7216,42.0803]]]},"properties":{"id":"usgs-pad-us-fee-managers:91491","name":"Forest Park","kind":"land","category":"public-land","sourceCategory":"public-land","sourceId":"usgs-pad-us-fee-managers","sourceUrl":"https://services.arcgis.com/v01gqwM5QqNysAAi/arcgis/rest/services/Fee_Managers_PADUS/FeatureServer/0","sourceUpdated":"2023-05-15T04:00:00.000Z","publicUse":"PAD-US reports open access; verify current manager conditions and restrictions.","unit":"REG","origin":"public-catalog"}},{"type":"Feature","id":"usgs-pad-us-fee-managers:91492","geometry":{"type":"MultiPolygon","coordinates":[[[[-87.6778,42.0687],[-87.6783,42.0694],[-87.6787,42.07],[-87.6778,42.0687]]],[[[-87.6887,42.0816],[-87.6821,42.0786],[-87.6813,42.0778],[-87.6833,42.0774],[-87.6844,42.0766],[-87.6849,42.0769],[-87.6852,42.0765],[-87.6847,42.0761],[-87.6852,42.0757],[-87.6858,42.076],[-87.6857,42.0765],[-87.686,42.0771],[-87.6905,42.0799],[-87.6893,42.0809],[-87.6894,42.0811],[-87.6898,42.0808],[-87.6911,42.0817],[-87.6916,42.0818],[-87.6933,42.0831],[-87.6929,42.0836],[-87.6925,42.0835],[-87.6887,42.0816]]]]},"properties":{"id":"usgs-pad-us-fee-managers:91492","name":"Gillson Park","kind":"land","category":"public-land","sourceCategory":"public-land","sourceId":"usgs-pad-us-fee-managers","sourceUrl":"https://services.arcgis.com/v01gqwM5QqNysAAi/arcgis/rest/services/Fee_Managers_PADUS/FeatureServer/0","sourceUpdated":"2023-05-15T04:00:00.000Z","publicUse":"PAD-US reports open access; verify current manager conditions and restrictions.","unit":"REG","origin":"public-catalog"}},{"type":"Feature","id":"usgs-pad-us-fee-managers:91493","geometry":{"type":"Polygon","coordinates":[[[-87.7496,42.0718],[-87.7491,42.0718],[-87.7473,42.0689],[-87.7485,42.0689],[-87.7484,42.0703],[-87.7497,42.0703],[-87.7497,42.07],[-87.7504,42.07],[-87.7504,42.0706],[-87.75,42.0705],[-87.75,42.071],[-87.7496,42.071],[-87.7498,42.0721],[-87.7496,42.0718]]]},"properties":{"id":"usgs-pad-us-fee-managers:91493","name":"Hibbard Park","kind":"land","category":"public-land","sourceCategory":"public-land","sourceId":"usgs-pad-us-fee-managers","sourceUrl":"https://services.arcgis.com/v01gqwM5QqNysAAi/arcgis/rest/services/Fee_Managers_PADUS/FeatureServer/0","sourceUpdated":"2023-05-15T04:00:00.000Z","publicUse":"PAD-US reports open access; verify current manager conditions and restrictions.","unit":"REG","origin":"public-catalog"}},{"type":"Feature","id":"usgs-pad-us-fee-managers:91494","geometry":{"type":"Polygon","coordinates":[[[-87.7187,42.0782],[-87.7187,42.0766],[-87.7214,42.0766],[-87.7214,42.0771],[-87.7217,42.0771],[-87.7217,42.078],[-87.7224,42.078],[-87.7224,42.0782],[-87.7187,42.0782]]]},"properties":{"id":"usgs-pad-us-fee-managers:91494","name":"Howard Park","kind":"land","category":"public-land","sourceCategory":"public-land","sourceId":"usgs-pad-us-fee-managers","sourceUrl":"https://services.arcgis.com/v01gqwM5QqNysAAi/arcgis/rest/services/Fee_Managers_PADUS/FeatureServer/0","sourceUpdated":"2023-05-15T04:00:00.000Z","publicUse":"PAD-US reports open access; verify current manager conditions and restrictions.","unit":"REG","origin":"public-catalog"}},{"type":"Feature","id":"usgs-pad-us-fee-managers:91495","geometry":{"type":"Polygon","coordinates":[[[-87.7513,42.0759],[-87.7517,42.0763],[-87.7518,42.0766],[-87.7501,42.0766],[-87.7501,42.0773],[-87.7494,42.0772],[-87.7495,42.0759],[-87.7513,42.0759]]]},"properties":{"id":"usgs-pad-us-fee-managers:91495","name":"Keay Nature Center","kind":"land","category":"public-land","sourceCategory":"public-land","sourceId":"usgs-pad-us-fee-managers","sourceUrl":"https://services.arcgis.com/v01gqwM5QqNysAAi/arcgis/rest/services/Fee_Managers_PADUS/FeatureServer/0","sourceUpdated":"2023-05-15T04:00:00.000Z","publicUse":"PAD-US reports open access; verify current manager conditions and restrictions.","unit":"REG","origin":"public-catalog"}},{"type":"Feature","id":"usgs-pad-us-fee-managers:91496","geometry":{"type":"Polygon","coordinates":[[[-87.725,42.0817],[-87.725,42.0815],[-87.7243,42.0815],[-87.7242,42.0807],[-87.7226,42.0807],[-87.7226,42.0803],[-87.7267,42.0805],[-87.7267,42.0818],[-87.7261,42.0818],[-87.7261,42.0823],[-87.7226,42.0822],[-87.7226,42.0817],[-87.725,42.0817]]]},"properties":{"id":"usgs-pad-us-fee-managers:91496","name":"Mallinckrodt Park","kind":"land","category":"public-land","sourceCategory":"public-land","sourceId":"usgs-pad-us-fee-managers","sourceUrl":"https://services.arcgis.com/v01gqwM5QqNysAAi/arcgis/rest/services/Fee_Managers_PADUS/FeatureServer/0","sourceUpdated":"2023-05-15T04:00:00.000Z","publicUse":"PAD-US reports open access; verify current manager conditions and restrictions.","unit":"REG","origin":"public-catalog"}},{"type":"Feature","id":"usgs-pad-us-fee-managers:91497","geometry":{"type":"Polygon","coordinates":[[[-87.6917,42.0713],[-87.6919,42.0713],[-87.6918,42.072],[-87.6907,42.072],[-87.6903,42.0713],[-87.6917,42.0713]]]},"properties":{"id":"usgs-pad-us-fee-managers:91497","name":"Maple Park","kind":"land","category":"public-land","sourceCategory":"public-land","sourceId":"usgs-pad-us-fee-managers","sourceUrl":"https://services.arcgis.com/v01gqwM5QqNysAAi/arcgis/rest/services/Fee_Managers_PADUS/FeatureServer/0","sourceUpdated":"2023-05-15T04:00:00.000Z","publicUse":"PAD-US reports open access; verify current manager conditions and restrictions.","unit":"REG","origin":"public-catalog"}},{"type":"Feature","id":"usgs-pad-us-fee-managers:91498","geometry":{"type":"Polygon","coordinates":[[[-87.744,42.0675],[-87.7441,42.0681],[-87.7428,42.0682],[-87.7428,42.0674],[-87.744,42.0675]]]},"properties":{"id":"usgs-pad-us-fee-managers:91498","name":"Roemer Park","kind":"land","category":"public-land","sourceCategory":"public-land","sourceId":"usgs-pad-us-fee-managers","sourceUrl":"https://services.arcgis.com/v01gqwM5QqNysAAi/arcgis/rest/services/Fee_Managers_PADUS/FeatureServer/0","sourceUpdated":"2023-05-15T04:00:00.000Z","publicUse":"PAD-US reports open access; verify current manager conditions and restrictions.","unit":"REG","origin":"public-catalog"}},{"type":"Feature","id":"usgs-pad-us-fee-managers:91499","geometry":{"type":"MultiPolygon","coordinates":[[[[-87.7118,42.0809],[-87.7114,42.0804],[-87.7117,42.0804],[-87.7126,42.0814],[-87.7123,42.0814],[-87.7118,42.0809]]],[[[-87.7128,42.0826],[-87.7129,42.0822],[-87.7124,42.0817],[-87.7128,42.0817],[-87.7136,42.0826],[-87.7128,42.0826]]]]},"properties":{"id":"usgs-pad-us-fee-managers:91499","name":"Shorewood Park","kind":"land","category":"public-land","sourceCategory":"public-land","sourceId":"usgs-pad-us-fee-managers","sourceUrl":"https://services.arcgis.com/v01gqwM5QqNysAAi/arcgis/rest/services/Fee_Managers_PADUS/FeatureServer/0","sourceUpdated":"2023-05-15T04:00:00.000Z","publicUse":"PAD-US reports open access; verify current manager conditions and restrictions.","unit":"REG","origin":"public-catalog"}},{"type":"Feature","id":"usgs-pad-us-fee-managers:91500","geometry":{"type":"Polygon","coordinates":[[[-87.7356,42.0848],[-87.7357,42.0864],[-87.734,42.0864],[-87.7341,42.0848],[-87.7356,42.0848]]]},"properties":{"id":"usgs-pad-us-fee-managers:91500","name":"Thornwood Park","kind":"land","category":"public-land","sourceCategory":"public-land","sourceId":"usgs-pad-us-fee-managers","sourceUrl":"https://services.arcgis.com/v01gqwM5QqNysAAi/arcgis/rest/services/Fee_Managers_PADUS/FeatureServer/0","sourceUpdated":"2023-05-15T04:00:00.000Z","publicUse":"PAD-US reports open access; verify current manager conditions and restrictions.","unit":"REG","origin":"public-catalog"}},{"type":"Feature","id":"usgs-pad-us-fee-managers:91501","geometry":{"type":"Polygon","coordinates":[[[-87.7134,42.0774],[-87.7141,42.077],[-87.7143,42.0772],[-87.7143,42.0789],[-87.7136,42.0789],[-87.713,42.0782],[-87.7137,42.0778],[-87.7134,42.0774]]]},"properties":{"id":"usgs-pad-us-fee-managers:91501","name":"Vattman Park","kind":"land","category":"public-land","sourceCategory":"public-land","sourceId":"usgs-pad-us-fee-managers","sourceUrl":"https://services.arcgis.com/v01gqwM5QqNysAAi/arcgis/rest/services/Fee_Managers_PADUS/FeatureServer/0","sourceUpdated":"2023-05-15T04:00:00.000Z","publicUse":"PAD-US reports open access; verify current manager conditions and restrictions.","unit":"REG","origin":"public-catalog"}},{"type":"Feature","id":"usgs-pad-us-fee-managers:91502","geometry":{"type":"Polygon","coordinates":[[[-87.763,42.077],[-87.7634,42.077],[-87.7641,42.0791],[-87.7622,42.0791],[-87.7622,42.0769],[-87.763,42.077]]]},"properties":{"id":"usgs-pad-us-fee-managers:91502","name":"West Park","kind":"land","category":"public-land","sourceCategory":"public-land","sourceId":"usgs-pad-us-fee-managers","sourceUrl":"https://services.arcgis.com/v01gqwM5QqNysAAi/arcgis/rest/services/Fee_Managers_PADUS/FeatureServer/0","sourceUpdated":"2023-05-15T04:00:00.000Z","publicUse":"PAD-US reports open access; verify current manager conditions and restrictions.","unit":"REG","origin":"public-catalog"}},{"type":"Feature","id":"usgs-pad-us-fee-managers:91503","geometry":{"type":"Polygon","coordinates":[[[-87.7063,42.0717],[-87.7067,42.0717],[-87.7067,42.0719],[-87.7063,42.0719],[-87.7063,42.0717]]]},"properties":{"id":"usgs-pad-us-fee-managers:91503","name":"Wheeler Park","kind":"land","category":"public-land","sourceCategory":"public-land","sourceId":"usgs-pad-us-fee-managers","sourceUrl":"https://services.arcgis.com/v01gqwM5QqNysAAi/arcgis/rest/services/Fee_Managers_PADUS/FeatureServer/0","sourceUpdated":"2023-05-15T04:00:00.000Z","publicUse":"PAD-US reports open access; verify current manager conditions and restrictions.","unit":"REG","origin":"public-catalog"}},{"type":"Feature","id":"usgs-pad-us-fee-managers:91504","geometry":{"type":"Polygon","coordinates":[[[-88.1522,41.8819],[-88.1527,41.8819],[-88.1526,41.8826],[-88.152,41.8826],[-88.1516,41.8823],[-88.1517,41.8819],[-88.1522,41.8819]]]},"properties":{"id":"usgs-pad-us-fee-managers:91504","name":"Chartwell Park","kind":"land","category":"public-land","sourceCategory":"public-land","sourceId":"usgs-pad-us-fee-managers","sourceUrl":"https://services.arcgis.com/v01gqwM5QqNysAAi/arcgis/rest/services/Fee_Managers_PADUS/FeatureServer/0","sourceUpdated":"2023-05-15T04:00:00.000Z","publicUse":"PAD-US reports open access; verify current manager conditions and restrictions.","unit":"REG","origin":"public-catalog"}},{"type":"Feature","id":"usgs-pad-us-fee-managers:91505","geometry":{"type":"Polygon","coordinates":[[[-88.1577,41.8681],[-88.1582,41.868],[-88.1582,41.8685],[-88.1577,41.8685],[-88.1577,41.8681]]]},"properties":{"id":"usgs-pad-us-fee-managers:91505","name":"Creelside Park","kind":"land","category":"public-land","sourceCategory":"public-land","sourceId":"usgs-pad-us-fee-managers","sourceUrl":"https://services.arcgis.com/v01gqwM5QqNysAAi/arcgis/rest/services/Fee_Managers_PADUS/FeatureServer/0","sourceUpdated":"2023-05-15T04:00:00.000Z","publicUse":"PAD-US reports open access; verify current manager conditions and restrictions.","unit":"REG","origin":"public-catalog"}},{"type":"Feature","id":"usgs-pad-us-fee-managers:91506","geometry":{"type":"Polygon","coordinates":[[[-88.1475,41.8654],[-88.1496,41.8654],[-88.1496,41.8669],[-88.1479,41.8669],[-88.1475,41.8654]]]},"properties":{"id":"usgs-pad-us-fee-managers:91506","name":"East Street Park","kind":"land","category":"public-land","sourceCategory":"public-land","sourceId":"usgs-pad-us-fee-managers","sourceUrl":"https://services.arcgis.com/v01gqwM5QqNysAAi/arcgis/rest/services/Fee_Managers_PADUS/FeatureServer/0","sourceUpdated":"2023-05-15T04:00:00.000Z","publicUse":"PAD-US reports open access; verify current manager conditions and restrictions.","unit":"REG","origin":"public-catalog"}},{"type":"Feature","id":"usgs-pad-us-fee-managers:91507","geometry":{"type":"Polygon","coordinates":[[[-88.1391,41.8782],[-88.1396,41.8782],[-88.1391,41.8786],[-88.1391,41.8782]]]},"properties":{"id":"usgs-pad-us-fee-managers:91507","name":"Knolls Park","kind":"land","category":"public-land","sourceCategory":"public-land","sourceId":"usgs-pad-us-fee-managers","sourceUrl":"https://services.arcgis.com/v01gqwM5QqNysAAi/arcgis/rest/services/Fee_Managers_PADUS/FeatureServer/0","sourceUpdated":"2023-05-15T04:00:00.000Z","publicUse":"PAD-US reports open access; verify current manager conditions and restrictions.","unit":"REG","origin":"public-catalog"}},{"type":"Feature","id":"usgs-pad-us-fee-managers:91508","geometry":{"type":"Polygon","coordinates":[[[-88.1557,41.879],[-88.1566,41.879],[-88.1566,41.8824],[-88.1556,41.8819],[-88.1557,41.8812],[-88.1553,41.8809],[-88.1538,41.8806],[-88.1546,41.88],[-88.1544,41.8797],[-88.1553,41.8796],[-88.1557,41.879]]]},"properties":{"id":"usgs-pad-us-fee-managers:91508","name":"Oakwood Park","kind":"land","category":"public-land","sourceCategory":"public-land","sourceId":"usgs-pad-us-fee-managers","sourceUrl":"https://services.arcgis.com/v01gqwM5QqNysAAi/arcgis/rest/services/Fee_Managers_PADUS/FeatureServer/0","sourceUpdated":"2023-05-15T04:00:00.000Z","publicUse":"PAD-US reports open access; verify current manager conditions and restrictions.","unit":"REG","origin":"public-catalog"}},{"type":"Feature","id":"usgs-pad-us-fee-managers:91509","geometry":{"type":"Polygon","coordinates":[[[-88.1465,41.8924],[-88.1469,41.8924],[-88.1469,41.8927],[-88.1465,41.8927],[-88.1465,41.8924]]]},"properties":{"id":"usgs-pad-us-fee-managers:91509","name":"Timber Ridge Park","kind":"land","category":"public-land","sourceCategory":"public-land","sourceId":"usgs-pad-us-fee-managers","sourceUrl":"https://services.arcgis.com/v01gqwM5QqNysAAi/arcgis/rest/services/Fee_Managers_PADUS/FeatureServer/0","sourceUpdated":"2023-05-15T04:00:00.000Z","publicUse":"PAD-US reports open access; verify current manager conditions and restrictions.","unit":"REG","origin":"public-catalog"}},{"type":"Feature","id":"usgs-pad-us-fee-managers:91510","geometry":{"type":"Polygon","coordinates":[[[-88.1474,41.8855],[-88.1476,41.8852],[-88.1472,41.885],[-88.1476,41.8848],[-88.1475,41.8845],[-88.1477,41.8847],[-88.149,41.8845],[-88.1492,41.8851],[-88.148,41.8854],[-88.1476,41.8853],[-88.1474,41.8855]]]},"properties":{"id":"usgs-pad-us-fee-managers:91510","name":"Winfield Estates Park","kind":"land","category":"public-land","sourceCategory":"public-land","sourceId":"usgs-pad-us-fee-managers","sourceUrl":"https://services.arcgis.com/v01gqwM5QqNysAAi/arcgis/rest/services/Fee_Managers_PADUS/FeatureServer/0","sourceUpdated":"2023-05-15T04:00:00.000Z","publicUse":"PAD-US reports open access; verify current manager conditions and restrictions.","unit":"REG","origin":"public-catalog"}},{"type":"Feature","id":"usgs-pad-us-fee-managers:91511","geometry":{"type":"Polygon","coordinates":[[[-88.1477,41.8718],[-88.1479,41.8718],[-88.1482,41.8726],[-88.1462,41.8733],[-88.1455,41.8719],[-88.1477,41.8718]]]},"properties":{"id":"usgs-pad-us-fee-managers:91511","name":"Founders Park","kind":"land","category":"public-land","sourceCategory":"public-land","sourceId":"usgs-pad-us-fee-managers","sourceUrl":"https://services.arcgis.com/v01gqwM5QqNysAAi/arcgis/rest/services/Fee_Managers_PADUS/FeatureServer/0","sourceUpdated":"2023-05-15T04:00:00.000Z","publicUse":"PAD-US reports open access; verify current manager conditions and restrictions.","unit":"REG","origin":"public-catalog"}},{"type":"Feature","id":"usgs-pad-us-fee-managers:91512","geometry":{"type":"Polygon","coordinates":[[[-88.1668,41.8688],[-88.1679,41.8688],[-88.1679,41.8709],[-88.1656,41.8709],[-88.1657,41.8688],[-88.1668,41.8688]]]},"properties":{"id":"usgs-pad-us-fee-managers:91512","name":"Riverside Park","kind":"land","category":"public-land","sourceCategory":"public-land","sourceId":"usgs-pad-us-fee-managers","sourceUrl":"https://services.arcgis.com/v01gqwM5QqNysAAi/arcgis/rest/services/Fee_Managers_PADUS/FeatureServer/0","sourceUpdated":"2023-05-15T04:00:00.000Z","publicUse":"PAD-US reports open access; verify current manager conditions and restrictions.","unit":"REG","origin":"public-catalog"}},{"type":"Feature","id":"usgs-pad-us-fee-managers:91513","geometry":{"type":"Polygon","coordinates":[[[-87.7314,42.106],[-87.7315,42.1063],[-87.7314,42.1063],[-87.7314,42.106]]]},"properties":{"id":"usgs-pad-us-fee-managers:91513","name":"Arborvitae Park","kind":"land","category":"public-land","sourceCategory":"public-land","sourceId":"usgs-pad-us-fee-managers","sourceUrl":"https://services.arcgis.com/v01gqwM5QqNysAAi/arcgis/rest/services/Fee_Managers_PADUS/FeatureServer/0","sourceUpdated":"2023-05-15T04:00:00.000Z","publicUse":"PAD-US reports open access; verify current manager conditions and restrictions.","unit":"REG","origin":"public-catalog"}},{"type":"Feature","id":"usgs-pad-us-fee-managers:91514","geometry":{"type":"Polygon","coordinates":[[[-87.7562,42.1141],[-87.757,42.1145],[-87.7563,42.1149],[-87.7562,42.1157],[-87.7553,42.1157],[-87.7553,42.1144],[-87.7562,42.1144],[-87.7562,42.1141]]]},"properties":{"id":"usgs-pad-us-fee-managers:91514","name":"Bell Woods Park","kind":"land","category":"public-land","sourceCategory":"public-land","sourceId":"usgs-pad-us-fee-managers","sourceUrl":"https://services.arcgis.com/v01gqwM5QqNysAAi/arcgis/rest/services/Fee_Managers_PADUS/FeatureServer/0","sourceUpdated":"2023-05-15T04:00:00.000Z","publicUse":"PAD-US reports open access; verify current manager conditions and restrictions.","unit":"REG","origin":"public-catalog"}},{"type":"Feature","id":"usgs-pad-us-fee-managers:91515","geometry":{"type":"Polygon","coordinates":[[[-87.7144,42.0981],[-87.7143,42.0982],[-87.7144,42.0981],[-87.7137,42.0976],[-87.7134,42.0978],[-87.7149,42.0967],[-87.7162,42.0979],[-87.7151,42.0986],[-87.7144,42.0981]]]},"properties":{"id":"usgs-pad-us-fee-managers:91515","name":"Centennial Park","kind":"land","category":"public-land","sourceCategory":"public-land","sourceId":"usgs-pad-us-fee-managers","sourceUrl":"https://services.arcgis.com/v01gqwM5QqNysAAi/arcgis/rest/services/Fee_Managers_PADUS/FeatureServer/0","sourceUpdated":"2023-05-15T04:00:00.000Z","publicUse":"PAD-US reports open access; verify current manager conditions and restrictions.","unit":"REG","origin":"public-catalog"}},{"type":"Feature","id":"usgs-pad-us-fee-managers:91516","geometry":{"type":"Polygon","coordinates":[[[-87.7468,42.0992],[-87.7466,42.0975],[-87.749,42.0975],[-87.7489,42.1011],[-87.7468,42.1011],[-87.7468,42.0992]]]},"properties":{"id":"usgs-pad-us-fee-managers:91516","name":"Crow Island Park","kind":"land","category":"public-land","sourceCategory":"public-land","sourceId":"usgs-pad-us-fee-managers","sourceUrl":"https://services.arcgis.com/v01gqwM5QqNysAAi/arcgis/rest/services/Fee_Managers_PADUS/FeatureServer/0","sourceUpdated":"2023-05-15T04:00:00.000Z","publicUse":"PAD-US reports open access; verify current manager conditions and restrictions.","unit":"REG","origin":"public-catalog"}},{"type":"Feature","id":"usgs-pad-us-fee-managers:91517","geometry":{"type":"Polygon","coordinates":[[[-87.7426,42.1193],[-87.7425,42.1187],[-87.743,42.1186],[-87.744,42.1193],[-87.7426,42.1193]]]},"properties":{"id":"usgs-pad-us-fee-managers:91517","name":"Dunbaugh Park","kind":"land","category":"public-land","sourceCategory":"public-land","sourceId":"usgs-pad-us-fee-managers","sourceUrl":"https://services.arcgis.com/v01gqwM5QqNysAAi/arcgis/rest/services/Fee_Managers_PADUS/FeatureServer/0","sourceUpdated":"2023-05-15T04:00:00.000Z","publicUse":"PAD-US reports open access; verify current manager conditions and restrictions.","unit":"REG","origin":"public-catalog"}},{"type":"Feature","id":"usgs-pad-us-fee-managers:91518","geometry":{"type":"Polygon","coordinates":[[[-87.7364,42.1047],[-87.7367,42.1047],[-87.7367,42.1058],[-87.7362,42.1057],[-87.7362,42.1047],[-87.7364,42.1047]]]},"properties":{"id":"usgs-pad-us-fee-managers:91518","name":"Dwyer Park","kind":"land","category":"public-land","sourceCategory":"public-land","sourceId":"usgs-pad-us-fee-managers","sourceUrl":"https://services.arcgis.com/v01gqwM5QqNysAAi/arcgis/rest/services/Fee_Managers_PADUS/FeatureServer/0","sourceUpdated":"2023-05-15T04:00:00.000Z","publicUse":"PAD-US reports open access; verify current manager conditions and restrictions.","unit":"REG","origin":"public-catalog"}},{"type":"Feature","id":"usgs-pad-us-fee-managers:91519","geometry":{"type":"Polygon","coordinates":[[[-87.7154,42.0997],[-87.7158,42.0995],[-87.7155,42.0993],[-87.7151,42.0995],[-87.7154,42.0991],[-87.7151,42.0989],[-87.7148,42.099],[-87.7164,42.0981],[-87.7173,42.0989],[-87.716,42.0997],[-87.7158,42.0995],[-87.7154,42.0997]]]},"properties":{"id":"usgs-pad-us-fee-managers:91519","name":"Elder Lane Park","kind":"land","category":"public-land","sourceCategory":"public-land","sourceId":"usgs-pad-us-fee-managers","sourceUrl":"https://services.arcgis.com/v01gqwM5QqNysAAi/arcgis/rest/services/Fee_Managers_PADUS/FeatureServer/0","sourceUpdated":"2023-05-15T04:00:00.000Z","publicUse":"PAD-US reports open access; verify current manager conditions and restrictions.","unit":"REG","origin":"public-catalog"}},{"type":"Feature","id":"usgs-pad-us-fee-managers:91520","geometry":{"type":"Polygon","coordinates":[[[-87.7464,42.1225],[-87.7466,42.1224],[-87.7469,42.1227],[-87.7465,42.1229],[-87.7462,42.1226],[-87.7464,42.1225]]]},"properties":{"id":"usgs-pad-us-fee-managers:91520","name":"Glencoe Park","kind":"land","category":"public-land","sourceCategory":"public-land","sourceId":"usgs-pad-us-fee-managers","sourceUrl":"https://services.arcgis.com/v01gqwM5QqNysAAi/arcgis/rest/services/Fee_Managers_PADUS/FeatureServer/0","sourceUpdated":"2023-05-15T04:00:00.000Z","publicUse":"PAD-US reports open access; verify current manager conditions and restrictions.","unit":"REG","origin":"public-catalog"}},{"type":"Feature","id":"usgs-pad-us-fee-managers:91521","geometry":{"type":"Polygon","coordinates":[[[-87.7676,42.0971],[-87.7676,42.0973],[-87.767,42.0973],[-87.7668,42.0971],[-87.7676,42.0971]]]},"properties":{"id":"usgs-pad-us-fee-managers:91521","name":"Happ Road Park","kind":"land","category":"public-land","sourceCategory":"public-land","sourceId":"usgs-pad-us-fee-managers","sourceUrl":"https://services.arcgis.com/v01gqwM5QqNysAAi/arcgis/rest/services/Fee_Managers_PADUS/FeatureServer/0","sourceUpdated":"2023-05-15T04:00:00.000Z","publicUse":"PAD-US reports open access; verify current manager conditions and restrictions.","unit":"REG","origin":"public-catalog"}},{"type":"Feature","id":"usgs-pad-us-fee-managers:91522","geometry":{"type":"Polygon","coordinates":[[[-87.7254,42.0961],[-87.7256,42.096],[-87.726,42.0969],[-87.7254,42.0961]]]},"properties":{"id":"usgs-pad-us-fee-managers:91522","name":"Hill Road Park","kind":"land","category":"public-land","sourceCategory":"public-land","sourceId":"usgs-pad-us-fee-managers","sourceUrl":"https://services.arcgis.com/v01gqwM5QqNysAAi/arcgis/rest/services/Fee_Managers_PADUS/FeatureServer/0","sourceUpdated":"2023-05-15T04:00:00.000Z","publicUse":"PAD-US reports open access; verify current manager conditions and restrictions.","unit":"REG","origin":"public-catalog"}},{"type":"Feature","id":"usgs-pad-us-fee-managers:91523","geometry":{"type":"Polygon","coordinates":[[[-87.7435,42.1175],[-87.744,42.1173],[-87.7448,42.1182],[-87.7441,42.1185],[-87.7434,42.1176],[-87.7435,42.1175]]]},"properties":{"id":"usgs-pad-us-fee-managers:91523","name":"Hubbard Woods Park","kind":"land","category":"public-land","sourceCategory":"public-land","sourceId":"usgs-pad-us-fee-managers","sourceUrl":"https://services.arcgis.com/v01gqwM5QqNysAAi/arcgis/rest/services/Fee_Managers_PADUS/FeatureServer/0","sourceUpdated":"2023-05-15T04:00:00.000Z","publicUse":"PAD-US reports open access; verify current manager conditions and restrictions.","unit":"REG","origin":"public-catalog"}},{"type":"Feature","id":"usgs-pad-us-fee-managers:91524","geometry":{"type":"Polygon","coordinates":[[[-87.7224,42.0943],[-87.7223,42.0939],[-87.7218,42.0939],[-87.7218,42.0937],[-87.7228,42.0937],[-87.7241,42.0953],[-87.7224,42.0953],[-87.7224,42.0943]]]},"properties":{"id":"usgs-pad-us-fee-managers:91524","name":"Indian Hill Park","kind":"land","category":"public-land","sourceCategory":"public-land","sourceId":"usgs-pad-us-fee-managers","sourceUrl":"https://services.arcgis.com/v01gqwM5QqNysAAi/arcgis/rest/services/Fee_Managers_PADUS/FeatureServer/0","sourceUpdated":"2023-05-15T04:00:00.000Z","publicUse":"PAD-US reports open access; verify current manager conditions and restrictions.","unit":"REG","origin":"public-catalog"}},{"type":"Feature","id":"usgs-pad-us-fee-managers:91525","geometry":{"type":"Polygon","coordinates":[[[-87.7326,42.1044],[-87.7323,42.104],[-87.7328,42.104],[-87.7328,42.1044],[-87.7326,42.1044]]]},"properties":{"id":"usgs-pad-us-fee-managers:91525","name":"Library Park","kind":"land","category":"public-land","sourceCategory":"public-land","sourceId":"usgs-pad-us-fee-managers","sourceUrl":"https://services.arcgis.com/v01gqwM5QqNysAAi/arcgis/rest/services/Fee_Managers_PADUS/FeatureServer/0","sourceUpdated":"2023-05-15T04:00:00.000Z","publicUse":"PAD-US reports open access; verify current manager conditions and restrictions.","unit":"REG","origin":"public-catalog"}},{"type":"Feature","id":"usgs-pad-us-fee-managers:91526","geometry":{"type":"Polygon","coordinates":[[[-87.7292,42.1133],[-87.731,42.1126],[-87.7323,42.1143],[-87.7303,42.1152],[-87.7299,42.1146],[-87.7299,42.1141],[-87.7292,42.1133]]]},"properties":{"id":"usgs-pad-us-fee-managers:91526","name":"Lloyd Park","kind":"land","category":"public-land","sourceCategory":"public-land","sourceId":"usgs-pad-us-fee-managers","sourceUrl":"https://services.arcgis.com/v01gqwM5QqNysAAi/arcgis/rest/services/Fee_Managers_PADUS/FeatureServer/0","sourceUpdated":"2023-05-15T04:00:00.000Z","publicUse":"PAD-US reports open access; verify current manager conditions and restrictions.","unit":"REG","origin":"public-catalog"}},{"type":"Feature","id":"usgs-pad-us-fee-managers:91527","geometry":{"type":"Polygon","coordinates":[[[-87.729,42.111],[-87.7295,42.1108],[-87.73,42.1113],[-87.7282,42.1121],[-87.7279,42.1115],[-87.729,42.111]]]},"properties":{"id":"usgs-pad-us-fee-managers:91527","name":"Maple Street Park","kind":"land","category":"public-land","sourceCategory":"public-land","sourceId":"usgs-pad-us-fee-managers","sourceUrl":"https://services.arcgis.com/v01gqwM5QqNysAAi/arcgis/rest/services/Fee_Managers_PADUS/FeatureServer/0","sourceUpdated":"2023-05-15T04:00:00.000Z","publicUse":"PAD-US reports open access; verify current manager conditions and restrictions.","unit":"REG","origin":"public-catalog"}},{"type":"Feature","id":"usgs-pad-us-fee-managers:91528","geometry":{"type":"Polygon","coordinates":[[[-87.746,42.1179],[-87.7463,42.1177],[-87.7463,42.1182],[-87.746,42.1179]]]},"properties":{"id":"usgs-pad-us-fee-managers:91528","name":"Merrill Park","kind":"land","category":"public-land","sourceCategory":"public-land","sourceId":"usgs-pad-us-fee-managers","sourceUrl":"https://services.arcgis.com/v01gqwM5QqNysAAi/arcgis/rest/services/Fee_Managers_PADUS/FeatureServer/0","sourceUpdated":"2023-05-15T04:00:00.000Z","publicUse":"PAD-US reports open access; verify current manager conditions and restrictions.","unit":"REG","origin":"public-catalog"}},{"type":"Feature","id":"usgs-pad-us-fee-managers:91529","geometry":{"type":"Polygon","coordinates":[[[-87.763,42.1166],[-87.7635,42.1166],[-87.7635,42.1177],[-87.7611,42.1177],[-87.7612,42.1165],[-87.763,42.1166]]]},"properties":{"id":"usgs-pad-us-fee-managers:91529","name":"Nick Corwin Park","kind":"land","category":"public-land","sourceCategory":"public-land","sourceId":"usgs-pad-us-fee-managers","sourceUrl":"https://services.arcgis.com/v01gqwM5QqNysAAi/arcgis/rest/services/Fee_Managers_PADUS/FeatureServer/0","sourceUpdated":"2023-05-15T04:00:00.000Z","publicUse":"PAD-US reports open access; verify current manager conditions and restrictions.","unit":"REG","origin":"public-catalog"}},{"type":"Feature","id":"usgs-pad-us-fee-managers:91530","geometry":{"type":"Polygon","coordinates":[[[-87.7638,42.097],[-87.7642,42.097],[-87.765,42.0982],[-87.7638,42.0982],[-87.7638,42.097]]]},"properties":{"id":"usgs-pad-us-fee-managers:91530","name":"Northfield Park","kind":"land","category":"public-land","sourceCategory":"public-land","sourceId":"usgs-pad-us-fee-managers","sourceUrl":"https://services.arcgis.com/v01gqwM5QqNysAAi/arcgis/rest/services/Fee_Managers_PADUS/FeatureServer/0","sourceUpdated":"2023-05-15T04:00:00.000Z","publicUse":"PAD-US reports open access; verify current manager conditions and restrictions.","unit":"REG","origin":"public-catalog"}},{"type":"Feature","id":"usgs-pad-us-fee-managers:91531","geometry":{"type":"Polygon","coordinates":[[[-87.7329,42.1047],[-87.7335,42.1047],[-87.7335,42.1056],[-87.7329,42.1047]]]},"properties":{"id":"usgs-pad-us-fee-managers:91531","name":"Station Park","kind":"land","category":"public-land","sourceCategory":"public-land","sourceId":"usgs-pad-us-fee-managers","sourceUrl":"https://services.arcgis.com/v01gqwM5QqNysAAi/arcgis/rest/services/Fee_Managers_PADUS/FeatureServer/0","sourceUpdated":"2023-05-15T04:00:00.000Z","publicUse":"PAD-US reports open access; verify current manager conditions and restrictions.","unit":"REG","origin":"public-catalog"}},{"type":"Feature","id":"usgs-pad-us-fee-managers:91532","geometry":{"type":"Polygon","coordinates":[[[-87.7309,42.1165],[-87.7327,42.1162],[-87.7337,42.1157],[-87.7344,42.116],[-87.7319,42.1172],[-87.7309,42.1165]]]},"properties":{"id":"usgs-pad-us-fee-managers:91532","name":"Tower Road Park","kind":"land","category":"public-land","sourceCategory":"public-land","sourceId":"usgs-pad-us-fee-managers","sourceUrl":"https://services.arcgis.com/v01gqwM5QqNysAAi/arcgis/rest/services/Fee_Managers_PADUS/FeatureServer/0","sourceUpdated":"2023-05-15T04:00:00.000Z","publicUse":"PAD-US reports open access; verify current manager conditions and restrictions.","unit":"REG","origin":"public-catalog"}},{"type":"Feature","id":"usgs-pad-us-fee-managers:91533","geometry":{"type":"Polygon","coordinates":[[[-87.7461,42.1071],[-87.7461,42.106],[-87.7477,42.1061],[-87.7478,42.1071],[-87.7461,42.1071]]]},"properties":{"id":"usgs-pad-us-fee-managers:91533","name":"West Elm Street Park","kind":"land","category":"public-land","sourceCategory":"public-land","sourceId":"usgs-pad-us-fee-managers","sourceUrl":"https://services.arcgis.com/v01gqwM5QqNysAAi/arcgis/rest/services/Fee_Managers_PADUS/FeatureServer/0","sourceUpdated":"2023-05-15T04:00:00.000Z","publicUse":"PAD-US reports open access; verify current manager conditions and restrictions.","unit":"REG","origin":"public-catalog"}},{"type":"Feature","id":"usgs-pad-us-fee-managers:91534","geometry":{"type":"Polygon","coordinates":[[[-87.7517,42.1049],[-87.7517,42.1042],[-87.753,42.1043],[-87.753,42.1049],[-87.7564,42.1049],[-87.7563,42.1085],[-87.7516,42.1085],[-87.7517,42.1049]]]},"properties":{"id":"usgs-pad-us-fee-managers:91534","name":"Skokie Playfields","kind":"land","category":"public-land","sourceCategory":"public-land","sourceId":"usgs-pad-us-fee-managers","sourceUrl":"https://services.arcgis.com/v01gqwM5QqNysAAi/arcgis/rest/services/Fee_Managers_PADUS/FeatureServer/0","sourceUpdated":"2023-05-15T04:00:00.000Z","publicUse":"PAD-US reports open access; verify current manager conditions and restrictions.","unit":"REG","origin":"public-catalog"}},{"type":"Feature","id":"usgs-pad-us-fee-managers:91535","geometry":{"type":"Polygon","coordinates":[[[-87.7534,42.1302],[-87.7502,42.1267],[-87.7496,42.1256],[-87.7202,42.0905],[-87.7496,42.1256],[-87.7502,42.1267],[-87.7534,42.1302]]]},"properties":{"id":"usgs-pad-us-fee-managers:91535","name":"Green Bay Trail ","kind":"land","category":"public-land","sourceCategory":"public-land","sourceId":"usgs-pad-us-fee-managers","sourceUrl":"https://services.arcgis.com/v01gqwM5QqNysAAi/arcgis/rest/services/Fee_Managers_PADUS/FeatureServer/0","sourceUpdated":"2020-06-23T04:00:00.000Z","publicUse":"PAD-US reports open access; verify current manager conditions and restrictions.","unit":"REG","origin":"public-catalog"}},{"type":"Feature","id":"usgs-pad-us-fee-managers:91536","geometry":{"type":"Polygon","coordinates":[[[-87.7564,42.105],[-87.7612,42.105],[-87.7611,42.1122],[-87.7602,42.1123],[-87.7601,42.1136],[-87.7595,42.1143],[-87.7572,42.1146],[-87.7562,42.114],[-87.7564,42.105]]]},"properties":{"id":"usgs-pad-us-fee-managers:91536","name":"Winnetka Golf Club ","kind":"land","category":"public-land","sourceCategory":"public-land","sourceId":"usgs-pad-us-fee-managers","sourceUrl":"https://services.arcgis.com/v01gqwM5QqNysAAi/arcgis/rest/services/Fee_Managers_PADUS/FeatureServer/0","sourceUpdated":"2020-06-23T04:00:00.000Z","publicUse":"PAD-US reports open access; verify current manager conditions and restrictions.","unit":"REG","origin":"public-catalog"}},{"type":"Feature","id":"usgs-pad-us-fee-managers:91543","geometry":{"type":"Polygon","coordinates":[[[-87.9683,41.9691],[-87.9676,41.969],[-87.9676,41.968],[-87.9682,41.968],[-87.9682,41.9687],[-87.9689,41.9687],[-87.9689,41.9691],[-87.9683,41.9691]]]},"properties":{"id":"usgs-pad-us-fee-managers:91543","name":"Central Park","kind":"land","category":"public-land","sourceCategory":"public-land","sourceId":"usgs-pad-us-fee-managers","sourceUrl":"https://services.arcgis.com/v01gqwM5QqNysAAi/arcgis/rest/services/Fee_Managers_PADUS/FeatureServer/0","sourceUpdated":"2023-05-15T04:00:00.000Z","publicUse":"PAD-US reports open access; verify current manager conditions and restrictions.","unit":"REG","origin":"public-catalog"}},{"type":"Feature","id":"usgs-pad-us-fee-managers:91544","geometry":{"type":"Polygon","coordinates":[[[-87.9754,41.9792],[-87.9752,41.9758],[-87.9739,41.9758],[-87.9738,41.9738],[-87.9793,41.9737],[-87.9796,41.9789],[-87.9763,41.979],[-87.9754,41.9792]]]},"properties":{"id":"usgs-pad-us-fee-managers:91544","name":"Frazen Grove Park","kind":"land","category":"public-land","sourceCategory":"public-land","sourceId":"usgs-pad-us-fee-managers","sourceUrl":"https://services.arcgis.com/v01gqwM5QqNysAAi/arcgis/rest/services/Fee_Managers_PADUS/FeatureServer/0","sourceUpdated":"2023-05-15T04:00:00.000Z","publicUse":"PAD-US reports open access; verify current manager conditions and restrictions.","unit":"REG","origin":"public-catalog"}},{"type":"Feature","id":"usgs-pad-us-fee-managers:91545","geometry":{"type":"Polygon","coordinates":[[[-87.9615,41.979],[-87.9615,41.9784],[-87.9597,41.9784],[-87.9596,41.9768],[-87.9604,41.9768],[-87.9608,41.9772],[-87.9609,41.9779],[-87.9616,41.9779],[-87.9615,41.979]]]},"properties":{"id":"usgs-pad-us-fee-managers:91545","name":"Mohawk Park","kind":"land","category":"public-land","sourceCategory":"public-land","sourceId":"usgs-pad-us-fee-managers","sourceUrl":"https://services.arcgis.com/v01gqwM5QqNysAAi/arcgis/rest/services/Fee_Managers_PADUS/FeatureServer/0","sourceUpdated":"2023-05-15T04:00:00.000Z","publicUse":"PAD-US reports open access; verify current manager conditions and restrictions.","unit":"REG","origin":"public-catalog"}},{"type":"Feature","id":"usgs-pad-us-fee-managers:91546","geometry":{"type":"Polygon","coordinates":[[[-87.9622,41.9925],[-87.9629,41.9924],[-87.9629,41.993],[-87.9614,41.993],[-87.9614,41.9925],[-87.9622,41.9925]]]},"properties":{"id":"usgs-pad-us-fee-managers:91546","name":"Terrace Park","kind":"land","category":"public-land","sourceCategory":"public-land","sourceId":"usgs-pad-us-fee-managers","sourceUrl":"https://services.arcgis.com/v01gqwM5QqNysAAi/arcgis/rest/services/Fee_Managers_PADUS/FeatureServer/0","sourceUpdated":"2023-05-15T04:00:00.000Z","publicUse":"PAD-US reports open access; verify current manager conditions and restrictions.","unit":"REG","origin":"public-catalog"}},{"type":"Feature","id":"usgs-pad-us-fee-managers:91547","geometry":{"type":"Polygon","coordinates":[[[-87.974,41.955],[-87.9788,41.955],[-87.9787,41.9568],[-87.974,41.9568],[-87.974,41.955]]]},"properties":{"id":"usgs-pad-us-fee-managers:91547","name":"White Oak Park","kind":"land","category":"public-land","sourceCategory":"public-land","sourceId":"usgs-pad-us-fee-managers","sourceUrl":"https://services.arcgis.com/v01gqwM5QqNysAAi/arcgis/rest/services/Fee_Managers_PADUS/FeatureServer/0","sourceUpdated":"2023-05-15T04:00:00.000Z","publicUse":"PAD-US reports open access; verify current manager conditions and restrictions.","unit":"REG","origin":"public-catalog"}},{"type":"Feature","id":"usgs-pad-us-fee-managers:91549","geometry":{"type":"Polygon","coordinates":[[[-88.0493,41.7454],[-88.0512,41.7445],[-88.0512,41.7443],[-88.0518,41.7442],[-88.0518,41.7447],[-88.0515,41.7447],[-88.0495,41.7456],[-88.0493,41.7454]]]},"properties":{"id":"usgs-pad-us-fee-managers:91549","name":"Grabtree Park","kind":"land","category":"public-land","sourceCategory":"public-land","sourceId":"usgs-pad-us-fee-managers","sourceUrl":"https://services.arcgis.com/v01gqwM5QqNysAAi/arcgis/rest/services/Fee_Managers_PADUS/FeatureServer/0","sourceUpdated":"2023-05-15T04:00:00.000Z","publicUse":"PAD-US reports open access; verify current manager conditions and restrictions.","unit":"REG","origin":"public-catalog"}},{"type":"Feature","id":"usgs-pad-us-fee-managers:91550","geometry":{"type":"Polygon","coordinates":[[[-88.0565,41.772],[-88.0566,41.7723],[-88.0587,41.773],[-88.0585,41.7734],[-88.0565,41.7735],[-88.0565,41.772]]]},"properties":{"id":"usgs-pad-us-fee-managers:91550","name":"63Rd Street Park","kind":"land","category":"public-land","sourceCategory":"public-land","sourceId":"usgs-pad-us-fee-managers","sourceUrl":"https://services.arcgis.com/v01gqwM5QqNysAAi/arcgis/rest/services/Fee_Managers_PADUS/FeatureServer/0","sourceUpdated":"2023-05-15T04:00:00.000Z","publicUse":"PAD-US reports open access; verify current manager conditions and restrictions.","unit":"REG","origin":"public-catalog"}},{"type":"Feature","id":"usgs-pad-us-fee-managers:91551","geometry":{"type":"Polygon","coordinates":[[[-88.0386,41.7373],[-88.0386,41.7361],[-88.0401,41.7361],[-88.0402,41.7387],[-88.0384,41.7387],[-88.0383,41.7373],[-88.0386,41.7373]]]},"properties":{"id":"usgs-pad-us-fee-managers:91551","name":"Arc Soccer Fields","kind":"land","category":"public-land","sourceCategory":"public-land","sourceId":"usgs-pad-us-fee-managers","sourceUrl":"https://services.arcgis.com/v01gqwM5QqNysAAi/arcgis/rest/services/Fee_Managers_PADUS/FeatureServer/0","sourceUpdated":"2023-05-15T04:00:00.000Z","publicUse":"PAD-US reports open access; verify current manager conditions and restrictions.","unit":"REG","origin":"public-catalog"}},{"type":"Feature","id":"usgs-pad-us-fee-managers:91552","geometry":{"type":"Polygon","coordinates":[[[-88.0767,41.7652],[-88.0767,41.7649],[-88.0784,41.7642],[-88.0787,41.7653],[-88.0767,41.7652]]]},"properties":{"id":"usgs-pad-us-fee-managers:91552","name":"Caddie Corner Park","kind":"land","category":"public-land","sourceCategory":"public-land","sourceId":"usgs-pad-us-fee-managers","sourceUrl":"https://services.arcgis.com/v01gqwM5QqNysAAi/arcgis/rest/services/Fee_Managers_PADUS/FeatureServer/0","sourceUpdated":"2023-05-15T04:00:00.000Z","publicUse":"PAD-US reports open access; verify current manager conditions and restrictions.","unit":"REG","origin":"public-catalog"}},{"type":"Feature","id":"usgs-pad-us-fee-managers:91553","geometry":{"type":"Polygon","coordinates":[[[-88.058,41.7574],[-88.0593,41.7574],[-88.0594,41.7607],[-88.0578,41.7608],[-88.0574,41.7607],[-88.0578,41.7605],[-88.0576,41.7595],[-88.0578,41.7586],[-88.0581,41.7583],[-88.058,41.7574]]]},"properties":{"id":"usgs-pad-us-fee-managers:91553","name":"Castaldo Park","kind":"land","category":"public-land","sourceCategory":"public-land","sourceId":"usgs-pad-us-fee-managers","sourceUrl":"https://services.arcgis.com/v01gqwM5QqNysAAi/arcgis/rest/services/Fee_Managers_PADUS/FeatureServer/0","sourceUpdated":"2023-05-15T04:00:00.000Z","publicUse":"PAD-US reports open access; verify current manager conditions and restrictions.","unit":"REG","origin":"public-catalog"}},{"type":"Feature","id":"usgs-pad-us-fee-managers:91554","geometry":{"type":"Polygon","coordinates":[[[-88.053,41.7448],[-88.0518,41.7447],[-88.0518,41.7445],[-88.054,41.7449],[-88.0567,41.7447],[-88.0567,41.7448],[-88.0562,41.7448],[-88.0562,41.7458],[-88.056,41.7459],[-88.053,41.7448]]]},"properties":{"id":"usgs-pad-us-fee-managers:91554","name":"Crabtree Creek/Jonquil Lane Site","kind":"land","category":"public-land","sourceCategory":"public-land","sourceId":"usgs-pad-us-fee-managers","sourceUrl":"https://services.arcgis.com/v01gqwM5QqNysAAi/arcgis/rest/services/Fee_Managers_PADUS/FeatureServer/0","sourceUpdated":"2023-05-15T04:00:00.000Z","publicUse":"PAD-US reports open access; verify current manager conditions and restrictions.","unit":"REG","origin":"public-catalog"}},{"type":"Feature","id":"usgs-pad-us-fee-managers:91555","geometry":{"type":"Polygon","coordinates":[[[-88.0376,41.7358],[-88.0375,41.7353],[-88.0364,41.7353],[-88.0361,41.7351],[-88.0361,41.7322],[-88.0356,41.7322],[-88.0352,41.7306],[-88.04,41.7305],[-88.0401,41.7358],[-88.0376,41.7358]]]},"properties":{"id":"usgs-pad-us-fee-managers:91555","name":"Cypress Cove Family Aquatic Park","kind":"land","category":"public-land","sourceCategory":"public-land","sourceId":"usgs-pad-us-fee-managers","sourceUrl":"https://services.arcgis.com/v01gqwM5QqNysAAi/arcgis/rest/services/Fee_Managers_PADUS/FeatureServer/0","sourceUpdated":"2021-06-28T04:00:00.000Z","publicUse":"PAD-US reports open access; verify current manager conditions and restrictions.","unit":"REG","origin":"public-catalog"}},{"type":"Feature","id":"usgs-pad-us-fee-managers:91556","geometry":{"type":"Polygon","coordinates":[[[-88.0466,41.7377],[-88.0468,41.7377],[-88.0471,41.7394],[-88.0453,41.7395],[-88.0453,41.7377],[-88.0466,41.7377]]]},"properties":{"id":"usgs-pad-us-fee-managers:91556","name":"Echo Point Park","kind":"land","category":"public-land","sourceCategory":"public-land","sourceId":"usgs-pad-us-fee-managers","sourceUrl":"https://services.arcgis.com/v01gqwM5QqNysAAi/arcgis/rest/services/Fee_Managers_PADUS/FeatureServer/0","sourceUpdated":"2023-05-15T04:00:00.000Z","publicUse":"PAD-US reports open access; verify current manager conditions and restrictions.","unit":"REG","origin":"public-catalog"}},{"type":"Feature","id":"usgs-pad-us-fee-managers:91557","geometry":{"type":"Polygon","coordinates":[[[-88.0438,41.7332],[-88.0438,41.7328],[-88.043,41.7329],[-88.0429,41.7323],[-88.0425,41.7321],[-88.0424,41.7324],[-88.0422,41.7321],[-88.0418,41.7323],[-88.0418,41.7326],[-88.0411,41.7328],[-88.0411,41.7325],[-88.0403,41.7326],[-88.0403,41.7314],[-88.0414,41.7314],[-88.0414,41.7317],[-88.044,41.7316],[-88.0438,41.7332]]]},"properties":{"id":"usgs-pad-us-fee-managers:91557","name":"Falconridge Park","kind":"land","category":"public-land","sourceCategory":"public-land","sourceId":"usgs-pad-us-fee-managers","sourceUrl":"https://services.arcgis.com/v01gqwM5QqNysAAi/arcgis/rest/services/Fee_Managers_PADUS/FeatureServer/0","sourceUpdated":"2023-05-15T04:00:00.000Z","publicUse":"PAD-US reports open access; verify current manager conditions and restrictions.","unit":"REG","origin":"public-catalog"}},{"type":"Feature","id":"usgs-pad-us-fee-managers:91558","geometry":{"type":"Polygon","coordinates":[[[-88.0525,41.7487],[-88.0531,41.7488],[-88.0529,41.7492],[-88.0534,41.7495],[-88.0534,41.7499],[-88.0524,41.7498],[-88.0522,41.7488],[-88.0525,41.7487]]]},"properties":{"id":"usgs-pad-us-fee-managers:91558","name":"Forest Glen Park","kind":"land","category":"public-land","sourceCategory":"public-land","sourceId":"usgs-pad-us-fee-managers","sourceUrl":"https://services.arcgis.com/v01gqwM5QqNysAAi/arcgis/rest/services/Fee_Managers_PADUS/FeatureServer/0","sourceUpdated":"2023-05-15T04:00:00.000Z","publicUse":"PAD-US reports open access; verify current manager conditions and restrictions.","unit":"REG","origin":"public-catalog"}},{"type":"Feature","id":"usgs-pad-us-fee-managers:91559","geometry":{"type":"Polygon","coordinates":[[[-88.0516,41.7562],[-88.0524,41.7551],[-88.0518,41.7518],[-88.0523,41.7504],[-88.0639,41.7502],[-88.0643,41.7513],[-88.0644,41.7531],[-88.0592,41.756],[-88.0593,41.7572],[-88.0571,41.7572],[-88.0571,41.7567],[-88.0559,41.7567],[-88.0559,41.7572],[-88.0557,41.7572],[-88.0556,41.7563],[-88.0537,41.7564],[-88.0537,41.7573],[-88.0532,41.7573],[-88.0512,41.7567],[-88.0516,41.7562]]]},"properties":{"id":"usgs-pad-us-fee-managers:91559","name":"Hawthorne Hill Woods","kind":"land","category":"public-land","sourceCategory":"public-land","sourceId":"usgs-pad-us-fee-managers","sourceUrl":"https://services.arcgis.com/v01gqwM5QqNysAAi/arcgis/rest/services/Fee_Managers_PADUS/FeatureServer/0","sourceUpdated":"2023-05-15T04:00:00.000Z","publicUse":"PAD-US reports open access; verify current manager conditions and restrictions.","unit":"REG","origin":"public-catalog"}},{"type":"Feature","id":"usgs-pad-us-fee-managers:91560","geometry":{"type":"Polygon","coordinates":[[[-88.0567,41.7652],[-88.0571,41.7649],[-88.0575,41.7652],[-88.0578,41.765],[-88.058,41.7651],[-88.0594,41.7643],[-88.0593,41.7635],[-88.0595,41.7634],[-88.0596,41.7654],[-88.0588,41.7654],[-88.0588,41.7659],[-88.0573,41.7656],[-88.0567,41.7652]]]},"properties":{"id":"usgs-pad-us-fee-managers:91560","name":"Hobson Corner Park","kind":"land","category":"public-land","sourceCategory":"public-land","sourceId":"usgs-pad-us-fee-managers","sourceUrl":"https://services.arcgis.com/v01gqwM5QqNysAAi/arcgis/rest/services/Fee_Managers_PADUS/FeatureServer/0","sourceUpdated":"2023-05-15T04:00:00.000Z","publicUse":"PAD-US reports open access; verify current manager conditions and restrictions.","unit":"REG","origin":"public-catalog"}},{"type":"Feature","id":"usgs-pad-us-fee-managers:91561","geometry":{"type":"Polygon","coordinates":[[[-88.0174,41.7418],[-88.0179,41.7418],[-88.0188,41.7428],[-88.0193,41.743],[-88.0191,41.7434],[-88.0175,41.7434],[-88.0174,41.7418]]]},"properties":{"id":"usgs-pad-us-fee-managers:91561","name":"Ide'S Grove East Park","kind":"land","category":"public-land","sourceCategory":"public-land","sourceId":"usgs-pad-us-fee-managers","sourceUrl":"https://services.arcgis.com/v01gqwM5QqNysAAi/arcgis/rest/services/Fee_Managers_PADUS/FeatureServer/0","sourceUpdated":"2023-05-15T04:00:00.000Z","publicUse":"PAD-US reports open access; verify current manager conditions and restrictions.","unit":"REG","origin":"public-catalog"}},{"type":"Feature","id":"usgs-pad-us-fee-managers:91562","geometry":{"type":"Polygon","coordinates":[[[-88.0265,41.7414],[-88.0264,41.7404],[-88.0274,41.7404],[-88.0281,41.74],[-88.0284,41.7402],[-88.0298,41.74],[-88.0298,41.7403],[-88.0294,41.7403],[-88.0294,41.7408],[-88.0277,41.7407],[-88.0278,41.7411],[-88.0272,41.7415],[-88.027,41.7423],[-88.0265,41.7423],[-88.0265,41.7414]]]},"properties":{"id":"usgs-pad-us-fee-managers:91562","name":"Ide'S Grove West Park","kind":"land","category":"public-land","sourceCategory":"public-land","sourceId":"usgs-pad-us-fee-managers","sourceUrl":"https://services.arcgis.com/v01gqwM5QqNysAAi/arcgis/rest/services/Fee_Managers_PADUS/FeatureServer/0","sourceUpdated":"2023-05-15T04:00:00.000Z","publicUse":"PAD-US reports open access; verify current manager conditions and restrictions.","unit":"REG","origin":"public-catalog"}},{"type":"Feature","id":"usgs-pad-us-fee-managers:91563","geometry":{"type":"Polygon","coordinates":[[[-88.0055,41.6953],[-88.006,41.6953],[-88.006,41.6957],[-88.0055,41.6957],[-88.0055,41.6953]]]},"properties":{"id":"usgs-pad-us-fee-managers:91563","name":"Internationale Estates Park","kind":"land","category":"public-land","sourceCategory":"public-land","sourceId":"usgs-pad-us-fee-managers","sourceUrl":"https://services.arcgis.com/v01gqwM5QqNysAAi/arcgis/rest/services/Fee_Managers_PADUS/FeatureServer/0","sourceUpdated":"2023-05-15T04:00:00.000Z","publicUse":"PAD-US reports open access; verify current manager conditions and restrictions.","unit":"REG","origin":"public-catalog"}},{"type":"Feature","id":"usgs-pad-us-fee-managers:91564","geometry":{"type":"Polygon","coordinates":[[[-88.037,41.7403],[-88.0402,41.7402],[-88.0403,41.7409],[-88.038,41.7409],[-88.038,41.7415],[-88.0356,41.7415],[-88.0356,41.7404],[-88.037,41.7403]]]},"properties":{"id":"usgs-pad-us-fee-managers:91564","name":"Janes Avenue Park","kind":"land","category":"public-land","sourceCategory":"public-land","sourceId":"usgs-pad-us-fee-managers","sourceUrl":"https://services.arcgis.com/v01gqwM5QqNysAAi/arcgis/rest/services/Fee_Managers_PADUS/FeatureServer/0","sourceUpdated":"2023-05-15T04:00:00.000Z","publicUse":"PAD-US reports open access; verify current manager conditions and restrictions.","unit":"REG","origin":"public-catalog"}},{"type":"Feature","id":"usgs-pad-us-fee-managers:91565","geometry":{"type":"MultiPolygon","coordinates":[[[[-88.0458,41.7616],[-88.0457,41.7607],[-88.044,41.761],[-88.0438,41.7611],[-88.0438,41.7615],[-88.0434,41.7616],[-88.0434,41.7619],[-88.0423,41.762],[-88.0423,41.7624],[-88.042,41.7616],[-88.0412,41.7616],[-88.0409,41.762],[-88.0408,41.7616],[-88.043,41.7617],[-88.0437,41.761],[-88.0455,41.7605],[-88.0461,41.7599],[-88.0447,41.7589],[-88.0444,41.7583],[-88.0456,41.7573],[-88.0476,41.7579],[-88.0486,41.7588],[-88.0481,41.7595],[-88.0477,41.7596],[-88.0477,41.7599],[-88.046,41.7602],[-88.0457,41.7606],[-88.0463,41.7611],[-88.0461,41.7612],[-88.0463,41.7621],[-88.0467,41.7627],[-88.0462,41.7629],[-88.0461,41.7619],[-88.0458,41.7616]]],[[[-88.0477,41.7639],[-88.0474,41.7636],[-88.0471,41.7637],[-88.0473,41.7635],[-88.0468,41.7629],[-88.0481,41.7633],[-88.0484,41.7631],[-88.048,41.7636],[-88.0483,41.7638],[-88.048,41.7637],[-88.0477,41.7639]]]]},"properties":{"id":"usgs-pad-us-fee-managers:91565","name":"Lake Carleton","kind":"land","category":"public-land","sourceCategory":"public-land","sourceId":"usgs-pad-us-fee-managers","sourceUrl":"https://services.arcgis.com/v01gqwM5QqNysAAi/arcgis/rest/services/Fee_Managers_PADUS/FeatureServer/0","sourceUpdated":"2023-05-15T04:00:00.000Z","publicUse":"PAD-US reports open access; verify current manager conditions and restrictions.","unit":"REG","origin":"public-catalog"}},{"type":"Feature","id":"usgs-pad-us-fee-managers:91566","geometry":{"type":"Polygon","coordinates":[[[-88.0507,41.7585],[-88.049,41.7586],[-88.0488,41.7583],[-88.051,41.7567],[-88.0518,41.7571],[-88.0515,41.7584],[-88.0523,41.7586],[-88.0519,41.7593],[-88.0513,41.7588],[-88.0507,41.7585]]]},"properties":{"id":"usgs-pad-us-fee-managers:91566","name":"Lake Harriet","kind":"land","category":"public-land","sourceCategory":"public-land","sourceId":"usgs-pad-us-fee-managers","sourceUrl":"https://services.arcgis.com/v01gqwM5QqNysAAi/arcgis/rest/services/Fee_Managers_PADUS/FeatureServer/0","sourceUpdated":"2023-05-15T04:00:00.000Z","publicUse":"PAD-US reports open access; verify current manager conditions and restrictions.","unit":"REG","origin":"public-catalog"}},{"type":"Feature","id":"usgs-pad-us-fee-managers:91567","geometry":{"type":"Polygon","coordinates":[[[-88.0429,41.7563],[-88.043,41.7569],[-88.0421,41.7571],[-88.0414,41.7564],[-88.0429,41.7563]]]},"properties":{"id":"usgs-pad-us-fee-managers:91567","name":"Memorial Park","kind":"land","category":"public-land","sourceCategory":"public-land","sourceId":"usgs-pad-us-fee-managers","sourceUrl":"https://services.arcgis.com/v01gqwM5QqNysAAi/arcgis/rest/services/Fee_Managers_PADUS/FeatureServer/0","sourceUpdated":"2023-05-15T04:00:00.000Z","publicUse":"PAD-US reports open access; verify current manager conditions and restrictions.","unit":"REG","origin":"public-catalog"}},{"type":"Feature","id":"usgs-pad-us-fee-managers:91568","geometry":{"type":"MultiPolygon","coordinates":[[[[-88.0498,41.7319],[-88.0504,41.7317],[-88.0506,41.7327],[-88.0498,41.7327],[-88.0498,41.7319]]],[[[-88.0527,41.7333],[-88.0529,41.733],[-88.0508,41.7327],[-88.0507,41.732],[-88.0533,41.7319],[-88.0534,41.733],[-88.053,41.733],[-88.0527,41.7333]]]]},"properties":{"id":"usgs-pad-us-fee-managers:91568","name":"Mending Wall Park","kind":"land","category":"public-land","sourceCategory":"public-land","sourceId":"usgs-pad-us-fee-managers","sourceUrl":"https://services.arcgis.com/v01gqwM5QqNysAAi/arcgis/rest/services/Fee_Managers_PADUS/FeatureServer/0","sourceUpdated":"2023-05-15T04:00:00.000Z","publicUse":"PAD-US reports open access; verify current manager conditions and restrictions.","unit":"REG","origin":"public-catalog"}},{"type":"Feature","id":"usgs-pad-us-fee-managers:91569","geometry":{"type":"Polygon","coordinates":[[[-88.0238,41.7223],[-88.0238,41.7214],[-88.0246,41.7214],[-88.0251,41.721],[-88.0258,41.7213],[-88.0259,41.7226],[-88.0254,41.7224],[-88.0247,41.7225],[-88.0245,41.7231],[-88.0239,41.7232],[-88.024,41.7235],[-88.0234,41.7235],[-88.0229,41.7231],[-88.0229,41.7228],[-88.0237,41.7227],[-88.0238,41.7223]]]},"properties":{"id":"usgs-pad-us-fee-managers:91569","name":"Rutgers/Peters Drive Site","kind":"land","category":"public-land","sourceCategory":"public-land","sourceId":"usgs-pad-us-fee-managers","sourceUrl":"https://services.arcgis.com/v01gqwM5QqNysAAi/arcgis/rest/services/Fee_Managers_PADUS/FeatureServer/0","sourceUpdated":"2023-05-15T04:00:00.000Z","publicUse":"PAD-US reports open access; verify current manager conditions and restrictions.","unit":"REG","origin":"public-catalog"}},{"type":"Feature","id":"usgs-pad-us-fee-managers:91570","geometry":{"type":"Polygon","coordinates":[[[-88.0209,41.7118],[-88.0215,41.7118],[-88.0216,41.7119],[-88.0208,41.7122],[-88.0206,41.7121],[-88.0209,41.7118]]]},"properties":{"id":"usgs-pad-us-fee-managers:91570","name":"Somerset Park","kind":"land","category":"public-land","sourceCategory":"public-land","sourceId":"usgs-pad-us-fee-managers","sourceUrl":"https://services.arcgis.com/v01gqwM5QqNysAAi/arcgis/rest/services/Fee_Managers_PADUS/FeatureServer/0","sourceUpdated":"2023-05-15T04:00:00.000Z","publicUse":"PAD-US reports open access; verify current manager conditions and restrictions.","unit":"REG","origin":"public-catalog"}},{"type":"Feature","id":"usgs-pad-us-fee-managers:91571","geometry":{"type":"Polygon","coordinates":[[[-88.0608,41.773],[-88.0607,41.7727],[-88.061,41.7726],[-88.0611,41.773],[-88.0642,41.7722],[-88.0642,41.7733],[-88.0594,41.7734],[-88.0595,41.773],[-88.0608,41.773]]]},"properties":{"id":"usgs-pad-us-fee-managers:91571","name":"Summerhill Park","kind":"land","category":"public-land","sourceCategory":"public-land","sourceId":"usgs-pad-us-fee-managers","sourceUrl":"https://services.arcgis.com/v01gqwM5QqNysAAi/arcgis/rest/services/Fee_Managers_PADUS/FeatureServer/0","sourceUpdated":"2023-05-15T04:00:00.000Z","publicUse":"PAD-US reports open access; verify current manager conditions and restrictions.","unit":"REG","origin":"public-catalog"}},{"type":"Feature","id":"usgs-pad-us-fee-managers:91572","geometry":{"type":"Polygon","coordinates":[[[-88.0317,41.7645],[-88.0316,41.7632],[-88.0331,41.7631],[-88.0337,41.7638],[-88.034,41.7636],[-88.0346,41.7645],[-88.0317,41.7645]]]},"properties":{"id":"usgs-pad-us-fee-managers:91572","name":"Sunnydale Park","kind":"land","category":"public-land","sourceCategory":"public-land","sourceId":"usgs-pad-us-fee-managers","sourceUrl":"https://services.arcgis.com/v01gqwM5QqNysAAi/arcgis/rest/services/Fee_Managers_PADUS/FeatureServer/0","sourceUpdated":"2023-05-15T04:00:00.000Z","publicUse":"PAD-US reports open access; verify current manager conditions and restrictions.","unit":"REG","origin":"public-catalog"}},{"type":"Feature","id":"usgs-pad-us-fee-managers:91573","geometry":{"type":"Polygon","coordinates":[[[-88.0465,41.7572],[-88.0464,41.7552],[-88.0454,41.7552],[-88.0453,41.7539],[-88.0506,41.7537],[-88.0506,41.7568],[-88.0504,41.757],[-88.049,41.7578],[-88.0482,41.7578],[-88.0465,41.7572]]]},"properties":{"id":"usgs-pad-us-fee-managers:91573","name":"Town Center","kind":"land","category":"public-land","sourceCategory":"public-land","sourceId":"usgs-pad-us-fee-managers","sourceUrl":"https://services.arcgis.com/v01gqwM5QqNysAAi/arcgis/rest/services/Fee_Managers_PADUS/FeatureServer/0","sourceUpdated":"2023-05-15T04:00:00.000Z","publicUse":"PAD-US reports open access; verify current manager conditions and restrictions.","unit":"REG","origin":"public-catalog"}},{"type":"Feature","id":"usgs-pad-us-fee-managers:91574","geometry":{"type":"Polygon","coordinates":[[[-88.0616,41.7722],[-88.0613,41.7717],[-88.0606,41.7717],[-88.0605,41.7699],[-88.0616,41.7722]]]},"properties":{"id":"usgs-pad-us-fee-managers:91574","name":"Triangle Park","kind":"land","category":"public-land","sourceCategory":"public-land","sourceId":"usgs-pad-us-fee-managers","sourceUrl":"https://services.arcgis.com/v01gqwM5QqNysAAi/arcgis/rest/services/Fee_Managers_PADUS/FeatureServer/0","sourceUpdated":"2023-05-15T04:00:00.000Z","publicUse":"PAD-US reports open access; verify current manager conditions and restrictions.","unit":"REG","origin":"public-catalog"}},{"type":"Feature","id":"usgs-pad-us-fee-managers:91575","geometry":{"type":"Polygon","coordinates":[[[-88.0438,41.7645],[-88.0435,41.7643],[-88.0433,41.7645],[-88.0432,41.764],[-88.044,41.7643],[-88.0447,41.7643],[-88.0449,41.7649],[-88.0438,41.7649],[-88.0438,41.7645]]]},"properties":{"id":"usgs-pad-us-fee-managers:91575","name":"Unknown Park","kind":"land","category":"public-land","sourceCategory":"public-land","sourceId":"usgs-pad-us-fee-managers","sourceUrl":"https://services.arcgis.com/v01gqwM5QqNysAAi/arcgis/rest/services/Fee_Managers_PADUS/FeatureServer/0","sourceUpdated":"2023-05-15T04:00:00.000Z","publicUse":"PAD-US reports open access; verify current manager conditions and restrictions.","unit":"REG","origin":"public-catalog"}},{"type":"Feature","id":"usgs-pad-us-fee-managers:91576","geometry":{"type":"Polygon","coordinates":[[[-88.0336,41.741],[-88.0338,41.741],[-88.0339,41.7434],[-88.0324,41.7434],[-88.0321,41.7422],[-88.0328,41.7421],[-88.0328,41.7411],[-88.0336,41.741]]]},"properties":{"id":"usgs-pad-us-fee-managers:91576","name":"Windy Point Park","kind":"land","category":"public-land","sourceCategory":"public-land","sourceId":"usgs-pad-us-fee-managers","sourceUrl":"https://services.arcgis.com/v01gqwM5QqNysAAi/arcgis/rest/services/Fee_Managers_PADUS/FeatureServer/0","sourceUpdated":"2023-05-15T04:00:00.000Z","publicUse":"PAD-US reports open access; verify current manager conditions and restrictions.","unit":"REG","origin":"public-catalog"}},{"type":"Feature","id":"usgs-pad-us-fee-managers:91577","geometry":{"type":"Polygon","coordinates":[[[-87.8006,41.68],[-87.7972,41.6781],[-87.8083,41.6804],[-87.8061,41.6824],[-87.8007,41.6825],[-87.8006,41.68]]]},"properties":{"id":"usgs-pad-us-fee-managers:91577","name":"Altman Park","kind":"land","category":"public-land","sourceCategory":"public-land","sourceId":"usgs-pad-us-fee-managers","sourceUrl":"https://services.arcgis.com/v01gqwM5QqNysAAi/arcgis/rest/services/Fee_Managers_PADUS/FeatureServer/0","sourceUpdated":"2023-05-15T04:00:00.000Z","publicUse":"PAD-US reports open access; verify current manager conditions and restrictions.","unit":"REG","origin":"public-catalog"}},{"type":"Feature","id":"usgs-pad-us-fee-managers:91578","geometry":{"type":"Polygon","coordinates":[[[-87.784,41.6944],[-87.7839,41.6934],[-87.7842,41.6944],[-87.784,41.6944]]]},"properties":{"id":"usgs-pad-us-fee-managers:91578","name":"Baldwin Park","kind":"land","category":"public-land","sourceCategory":"public-land","sourceId":"usgs-pad-us-fee-managers","sourceUrl":"https://services.arcgis.com/v01gqwM5QqNysAAi/arcgis/rest/services/Fee_Managers_PADUS/FeatureServer/0","sourceUpdated":"2023-05-15T04:00:00.000Z","publicUse":"PAD-US reports open access; verify current manager conditions and restrictions.","unit":"REG","origin":"public-catalog"}},{"type":"Feature","id":"usgs-pad-us-fee-managers:91579","geometry":{"type":"Polygon","coordinates":[[[-87.7858,41.6963],[-87.7865,41.6963],[-87.7868,41.6974],[-87.7861,41.6974],[-87.7858,41.6963]]]},"properties":{"id":"usgs-pad-us-fee-managers:91579","name":"Ball Fore Park","kind":"land","category":"public-land","sourceCategory":"public-land","sourceId":"usgs-pad-us-fee-managers","sourceUrl":"https://services.arcgis.com/v01gqwM5QqNysAAi/arcgis/rest/services/Fee_Managers_PADUS/FeatureServer/0","sourceUpdated":"2023-05-15T04:00:00.000Z","publicUse":"PAD-US reports open access; verify current manager conditions and restrictions.","unit":"REG","origin":"public-catalog"}},{"type":"Feature","id":"usgs-pad-us-fee-managers:91580","geometry":{"type":"Polygon","coordinates":[[[-87.7933,41.6937],[-87.7953,41.6921],[-87.7954,41.6937],[-87.7943,41.6937],[-87.7943,41.6945],[-87.7932,41.6945],[-87.7933,41.6937]]]},"properties":{"id":"usgs-pad-us-fee-managers:91580","name":"Gale Moore Park","kind":"land","category":"public-land","sourceCategory":"public-land","sourceId":"usgs-pad-us-fee-managers","sourceUrl":"https://services.arcgis.com/v01gqwM5QqNysAAi/arcgis/rest/services/Fee_Managers_PADUS/FeatureServer/0","sourceUpdated":"2023-05-15T04:00:00.000Z","publicUse":"PAD-US reports open access; verify current manager conditions and restrictions.","unit":"REG","origin":"public-catalog"}},{"type":"Feature","id":"usgs-pad-us-fee-managers:91581","geometry":{"type":"Polygon","coordinates":[[[-87.7897,41.6794],[-87.7912,41.6796],[-87.7912,41.6809],[-87.7882,41.681],[-87.7881,41.6795],[-87.7897,41.6794]]]},"properties":{"id":"usgs-pad-us-fee-managers:91581","name":"Homerding Park","kind":"land","category":"public-land","sourceCategory":"public-land","sourceId":"usgs-pad-us-fee-managers","sourceUrl":"https://services.arcgis.com/v01gqwM5QqNysAAi/arcgis/rest/services/Fee_Managers_PADUS/FeatureServer/0","sourceUpdated":"2023-05-15T04:00:00.000Z","publicUse":"PAD-US reports open access; verify current manager conditions and restrictions.","unit":"REG","origin":"public-catalog"}},{"type":"Feature","id":"usgs-pad-us-fee-managers:91582","geometry":{"type":"MultiPolygon","coordinates":[[[[-87.7896,41.6962],[-87.789,41.6968],[-87.789,41.6962],[-87.7896,41.6962]]],[[[-87.7882,41.6959],[-87.7887,41.6959],[-87.7887,41.6968],[-87.7879,41.6974],[-87.7868,41.6974],[-87.7865,41.6963],[-87.7882,41.6959]]]]},"properties":{"id":"usgs-pad-us-fee-managers:91582","name":"Peaks Park","kind":"land","category":"public-land","sourceCategory":"public-land","sourceId":"usgs-pad-us-fee-managers","sourceUrl":"https://services.arcgis.com/v01gqwM5QqNysAAi/arcgis/rest/services/Fee_Managers_PADUS/FeatureServer/0","sourceUpdated":"2023-05-15T04:00:00.000Z","publicUse":"PAD-US reports open access; verify current manager conditions and restrictions.","unit":"REG","origin":"public-catalog"}},{"type":"Feature","id":"usgs-pad-us-fee-managers:91583","geometry":{"type":"Polygon","coordinates":[[[-87.7849,41.6809],[-87.7852,41.6805],[-87.7858,41.6808],[-87.7849,41.6809]]]},"properties":{"id":"usgs-pad-us-fee-managers:91583","name":"Penny Park","kind":"land","category":"public-land","sourceCategory":"public-land","sourceId":"usgs-pad-us-fee-managers","sourceUrl":"https://services.arcgis.com/v01gqwM5QqNysAAi/arcgis/rest/services/Fee_Managers_PADUS/FeatureServer/0","sourceUpdated":"2023-05-15T04:00:00.000Z","publicUse":"PAD-US reports open access; verify current manager conditions and restrictions.","unit":"REG","origin":"public-catalog"}},{"type":"Feature","id":"usgs-pad-us-fee-managers:91584","geometry":{"type":"Polygon","coordinates":[[[-87.7824,41.6845],[-87.7828,41.6845],[-87.7828,41.6847],[-87.7824,41.6847],[-87.7824,41.6845]]]},"properties":{"id":"usgs-pad-us-fee-managers:91584","name":"Smile Park","kind":"land","category":"public-land","sourceCategory":"public-land","sourceId":"usgs-pad-us-fee-managers","sourceUrl":"https://services.arcgis.com/v01gqwM5QqNysAAi/arcgis/rest/services/Fee_Managers_PADUS/FeatureServer/0","sourceUpdated":"2023-05-15T04:00:00.000Z","publicUse":"PAD-US reports open access; verify current manager conditions and restrictions.","unit":"REG","origin":"public-catalog"}},{"type":"Feature","id":"usgs-pad-us-fee-managers:91585","geometry":{"type":"Polygon","coordinates":[[[-87.7812,41.6889],[-87.7814,41.6889],[-87.7814,41.6894],[-87.7805,41.6895],[-87.7805,41.6889],[-87.7812,41.6889]]]},"properties":{"id":"usgs-pad-us-fee-managers:91585","name":"Stahlak Park","kind":"land","category":"public-land","sourceCategory":"public-land","sourceId":"usgs-pad-us-fee-managers","sourceUrl":"https://services.arcgis.com/v01gqwM5QqNysAAi/arcgis/rest/services/Fee_Managers_PADUS/FeatureServer/0","sourceUpdated":"2023-05-15T04:00:00.000Z","publicUse":"PAD-US reports open access; verify current manager conditions and restrictions.","unit":"REG","origin":"public-catalog"}},{"type":"Feature","id":"usgs-pad-us-fee-managers:91586","geometry":{"type":"Polygon","coordinates":[[[-87.8044,41.6825],[-87.8056,41.6824],[-87.8054,41.6832],[-87.8045,41.6843],[-87.8044,41.6825]]]},"properties":{"id":"usgs-pad-us-fee-managers:91586","name":"Terrace Centre Park","kind":"land","category":"public-land","sourceCategory":"public-land","sourceId":"usgs-pad-us-fee-managers","sourceUrl":"https://services.arcgis.com/v01gqwM5QqNysAAi/arcgis/rest/services/Fee_Managers_PADUS/FeatureServer/0","sourceUpdated":"2023-05-15T04:00:00.000Z","publicUse":"PAD-US reports open access; verify current manager conditions and restrictions.","unit":"REG","origin":"public-catalog"}},{"type":"Feature","id":"usgs-pad-us-fee-managers:91587","geometry":{"type":"Polygon","coordinates":[[[-87.7968,41.6901],[-87.7974,41.6902],[-87.7968,41.6906],[-87.7968,41.6901]]]},"properties":{"id":"usgs-pad-us-fee-managers:91587","name":"Worth Park","kind":"land","category":"public-land","sourceCategory":"public-land","sourceId":"usgs-pad-us-fee-managers","sourceUrl":"https://services.arcgis.com/v01gqwM5QqNysAAi/arcgis/rest/services/Fee_Managers_PADUS/FeatureServer/0","sourceUpdated":"2023-05-15T04:00:00.000Z","publicUse":"PAD-US reports open access; verify current manager conditions and restrictions.","unit":"REG","origin":"public-catalog"}},{"type":"Feature","id":"usgs-pad-us-fee-managers:91588","geometry":{"type":"Polygon","coordinates":[[[-87.803,41.6919],[-87.8032,41.6919],[-87.8032,41.6923],[-87.8025,41.6923],[-87.8025,41.6919],[-87.803,41.6919]]]},"properties":{"id":"usgs-pad-us-fee-managers:91588","name":"Worthwoods Park","kind":"land","category":"public-land","sourceCategory":"public-land","sourceId":"usgs-pad-us-fee-managers","sourceUrl":"https://services.arcgis.com/v01gqwM5QqNysAAi/arcgis/rest/services/Fee_Managers_PADUS/FeatureServer/0","sourceUpdated":"2023-05-15T04:00:00.000Z","publicUse":"PAD-US reports open access; verify current manager conditions and restrictions.","unit":"REG","origin":"public-catalog"}},{"type":"Feature","id":"usgs-pad-us-fee-managers:91590","geometry":{"type":"Polygon","coordinates":[[[-87.989,41.8551],[-87.9899,41.8552],[-87.99,41.8568],[-87.989,41.8568],[-87.989,41.8551]]]},"properties":{"id":"usgs-pad-us-fee-managers:91590","name":"Villa Roosevelt Park","kind":"land","category":"public-land","sourceCategory":"public-land","sourceId":"usgs-pad-us-fee-managers","sourceUrl":"https://services.arcgis.com/v01gqwM5QqNysAAi/arcgis/rest/services/Fee_Managers_PADUS/FeatureServer/0","sourceUpdated":"2023-05-15T04:00:00.000Z","publicUse":"PAD-US reports open access; verify current manager conditions and restrictions.","unit":"REG","origin":"public-catalog"}},{"type":"Feature","id":"usgs-pad-us-fee-managers:91591","geometry":{"type":"Polygon","coordinates":[[[-87.9875,41.852],[-87.989,41.8519],[-87.9895,41.8525],[-87.9898,41.8532],[-87.9875,41.8532],[-87.9875,41.852]]]},"properties":{"id":"usgs-pad-us-fee-managers:91591","name":"York Center Park District","kind":"land","category":"public-land","sourceCategory":"public-land","sourceId":"usgs-pad-us-fee-managers","sourceUrl":"https://services.arcgis.com/v01gqwM5QqNysAAi/arcgis/rest/services/Fee_Managers_PADUS/FeatureServer/0","sourceUpdated":"2023-05-15T04:00:00.000Z","publicUse":"PAD-US reports open access; verify current manager conditions and restrictions.","unit":"REG","origin":"public-catalog"}},{"type":"Feature","id":"usgs-pad-us-fee-managers:91592","geometry":{"type":"Polygon","coordinates":[[[-87.9939,41.8561],[-87.9939,41.8552],[-87.9934,41.8552],[-87.9934,41.8547],[-87.9926,41.8547],[-87.9925,41.8534],[-87.9973,41.8534],[-87.9974,41.8562],[-87.9939,41.8561]]]},"properties":{"id":"usgs-pad-us-fee-managers:91592","name":"Knolls Park","kind":"land","category":"public-land","sourceCategory":"public-land","sourceId":"usgs-pad-us-fee-managers","sourceUrl":"https://services.arcgis.com/v01gqwM5QqNysAAi/arcgis/rest/services/Fee_Managers_PADUS/FeatureServer/0","sourceUpdated":"2023-05-15T04:00:00.000Z","publicUse":"PAD-US reports open access; verify current manager conditions and restrictions.","unit":"REG","origin":"public-catalog"}},{"type":"Feature","id":"usgs-pad-us-fee-managers:91599","geometry":{"type":"Polygon","coordinates":[[[-87.8432,42.4368],[-87.8434,42.4368],[-87.8434,42.4372],[-87.8428,42.4372],[-87.8428,42.4368],[-87.8432,42.4368]]]},"properties":{"id":"usgs-pad-us-fee-managers:91599","name":"Aaron Park","kind":"land","category":"public-land","sourceCategory":"public-land","sourceId":"usgs-pad-us-fee-managers","sourceUrl":"https://services.arcgis.com/v01gqwM5QqNysAAi/arcgis/rest/services/Fee_Managers_PADUS/FeatureServer/0","sourceUpdated":"2023-05-15T04:00:00.000Z","publicUse":"PAD-US reports open access; verify current manager conditions and restrictions.","unit":"REG","origin":"public-catalog"}},{"type":"Feature","id":"usgs-pad-us-fee-managers:91600","geometry":{"type":"MultiPolygon","coordinates":[[[[-87.8339,42.4355],[-87.8341,42.4355],[-87.8341,42.4372],[-87.8337,42.4372],[-87.8337,42.4355],[-87.8339,42.4355]]],[[[-87.8339,42.4374],[-87.8341,42.4374],[-87.8341,42.439],[-87.8337,42.439],[-87.8337,42.4374],[-87.8339,42.4374]]],[[[-87.8339,42.4392],[-87.8341,42.4392],[-87.834,42.4408],[-87.8337,42.4408],[-87.8337,42.4392],[-87.8339,42.4392]]],[[[-87.8338,42.441],[-87.834,42.441],[-87.834,42.4426],[-87.8336,42.4426],[-87.8337,42.441],[-87.8338,42.441]]],[[[-87.8338,42.4427],[-87.834,42.4427],[-87.834,42.4443],[-87.8336,42.4443],[-87.8336,42.4427],[-87.8338,42.4427]]],[[[-87.8338,42.4445],[-87.834,42.4445],[-87.834,42.446],[-87.8336,42.446],[-87.8336,42.4445],[-87.8338,42.4445]]]]},"properties":{"id":"usgs-pad-us-fee-managers:91600","name":"Bethel Boulevard Park","kind":"land","category":"public-land","sourceCategory":"public-land","sourceId":"usgs-pad-us-fee-managers","sourceUrl":"https://services.arcgis.com/v01gqwM5QqNysAAi/arcgis/rest/services/Fee_Managers_PADUS/FeatureServer/0","sourceUpdated":"2023-05-15T04:00:00.000Z","publicUse":"PAD-US reports open access; verify current manager conditions and restrictions.","unit":"REG","origin":"public-catalog"}},{"type":"Feature","id":"usgs-pad-us-fee-managers:91601","geometry":{"type":"MultiPolygon","coordinates":[[[[-87.8337,42.4557],[-87.8339,42.4557],[-87.8339,42.457],[-87.8335,42.457],[-87.8335,42.4557],[-87.8337,42.4557]]],[[[-87.8337,42.4572],[-87.8339,42.4572],[-87.8339,42.4588],[-87.8335,42.4588],[-87.8335,42.4572],[-87.8337,42.4572]]],[[[-87.8334,42.4605],[-87.8335,42.459],[-87.8339,42.459],[-87.8339,42.4605],[-87.8334,42.4605]]]]},"properties":{"id":"usgs-pad-us-fee-managers:91601","name":"Bethesda Boulevard Park","kind":"land","category":"public-land","sourceCategory":"public-land","sourceId":"usgs-pad-us-fee-managers","sourceUrl":"https://services.arcgis.com/v01gqwM5QqNysAAi/arcgis/rest/services/Fee_Managers_PADUS/FeatureServer/0","sourceUpdated":"2023-05-15T04:00:00.000Z","publicUse":"PAD-US reports open access; verify current manager conditions and restrictions.","unit":"REG","origin":"public-catalog"}},{"type":"Feature","id":"usgs-pad-us-fee-managers:91602","geometry":{"type":"MultiPolygon","coordinates":[[[[-87.84,42.4609],[-87.8399,42.4612],[-87.8394,42.4609],[-87.84,42.4609]]],[[[-87.8404,42.4609],[-87.8404,42.4616],[-87.84,42.4614],[-87.8404,42.4609]]],[[[-87.8304,42.4622],[-87.8311,42.462],[-87.8313,42.4622],[-87.8321,42.4621],[-87.8331,42.4613],[-87.8331,42.4608],[-87.8333,42.4608],[-87.8362,42.4615],[-87.8389,42.461],[-87.8404,42.4619],[-87.8405,42.4636],[-87.8413,42.4644],[-87.828,42.4644],[-87.8282,42.4632],[-87.8285,42.4627],[-87.8292,42.4623],[-87.8304,42.4622]]]]},"properties":{"id":"usgs-pad-us-fee-managers:91602","name":"Beulah Park","kind":"land","category":"public-land","sourceCategory":"public-land","sourceId":"usgs-pad-us-fee-managers","sourceUrl":"https://services.arcgis.com/v01gqwM5QqNysAAi/arcgis/rest/services/Fee_Managers_PADUS/FeatureServer/0","sourceUpdated":"2023-05-15T04:00:00.000Z","publicUse":"PAD-US reports open access; verify current manager conditions and restrictions.","unit":"REG","origin":"public-catalog"}},{"type":"Feature","id":"usgs-pad-us-fee-managers:91603","geometry":{"type":"Polygon","coordinates":[[[-87.874,42.4645],[-87.874,42.4629],[-87.8745,42.4629],[-87.8749,42.4634],[-87.8759,42.4635],[-87.8756,42.4638],[-87.8759,42.4639],[-87.8758,42.4644],[-87.8762,42.4644],[-87.874,42.4645]]]},"properties":{"id":"usgs-pad-us-fee-managers:91603","name":"Caleb Park","kind":"land","category":"public-land","sourceCategory":"public-land","sourceId":"usgs-pad-us-fee-managers","sourceUrl":"https://services.arcgis.com/v01gqwM5QqNysAAi/arcgis/rest/services/Fee_Managers_PADUS/FeatureServer/0","sourceUpdated":"2023-05-15T04:00:00.000Z","publicUse":"PAD-US reports open access; verify current manager conditions and restrictions.","unit":"REG","origin":"public-catalog"}},{"type":"Feature","id":"usgs-pad-us-fee-managers:91604","geometry":{"type":"Polygon","coordinates":[[[-87.8205,42.4375],[-87.8205,42.4365],[-87.8255,42.4365],[-87.8255,42.4372],[-87.8224,42.4367],[-87.8215,42.4369],[-87.821,42.4373],[-87.8208,42.4378],[-87.8208,42.4425],[-87.8205,42.4425],[-87.8205,42.4375]]]},"properties":{"id":"usgs-pad-us-fee-managers:91604","name":"Carmel Park","kind":"land","category":"public-land","sourceCategory":"public-land","sourceId":"usgs-pad-us-fee-managers","sourceUrl":"https://services.arcgis.com/v01gqwM5QqNysAAi/arcgis/rest/services/Fee_Managers_PADUS/FeatureServer/0","sourceUpdated":"2023-05-15T04:00:00.000Z","publicUse":"PAD-US reports open access; verify current manager conditions and restrictions.","unit":"REG","origin":"public-catalog"}},{"type":"Feature","id":"usgs-pad-us-fee-managers:91605","geometry":{"type":"Polygon","coordinates":[[[-87.8393,42.442],[-87.8399,42.442],[-87.8399,42.4425],[-87.8393,42.4424],[-87.8393,42.442]]]},"properties":{"id":"usgs-pad-us-fee-managers:91605","name":"Daniel Park","kind":"land","category":"public-land","sourceCategory":"public-land","sourceId":"usgs-pad-us-fee-managers","sourceUrl":"https://services.arcgis.com/v01gqwM5QqNysAAi/arcgis/rest/services/Fee_Managers_PADUS/FeatureServer/0","sourceUpdated":"2023-05-15T04:00:00.000Z","publicUse":"PAD-US reports open access; verify current manager conditions and restrictions.","unit":"REG","origin":"public-catalog"}},{"type":"Feature","id":"usgs-pad-us-fee-managers:91606","geometry":{"type":"Polygon","coordinates":[[[-87.8603,42.4571],[-87.8603,42.4567],[-87.8595,42.4567],[-87.8595,42.4533],[-87.8628,42.4533],[-87.8628,42.4545],[-87.8622,42.4545],[-87.8622,42.4571],[-87.8603,42.4571]]]},"properties":{"id":"usgs-pad-us-fee-managers:91606","name":"David Park","kind":"land","category":"public-land","sourceCategory":"public-land","sourceId":"usgs-pad-us-fee-managers","sourceUrl":"https://services.arcgis.com/v01gqwM5QqNysAAi/arcgis/rest/services/Fee_Managers_PADUS/FeatureServer/0","sourceUpdated":"2023-05-15T04:00:00.000Z","publicUse":"PAD-US reports open access; verify current manager conditions and restrictions.","unit":"REG","origin":"public-catalog"}},{"type":"Feature","id":"usgs-pad-us-fee-managers:91607","geometry":{"type":"Polygon","coordinates":[[[-87.8402,42.4333],[-87.8409,42.4333],[-87.8409,42.4348],[-87.8394,42.4348],[-87.8394,42.4333],[-87.8402,42.4333]]]},"properties":{"id":"usgs-pad-us-fee-managers:91607","name":"Dow Creek Park","kind":"land","category":"public-land","sourceCategory":"public-land","sourceId":"usgs-pad-us-fee-managers","sourceUrl":"https://services.arcgis.com/v01gqwM5QqNysAAi/arcgis/rest/services/Fee_Managers_PADUS/FeatureServer/0","sourceUpdated":"2023-05-15T04:00:00.000Z","publicUse":"PAD-US reports open access; verify current manager conditions and restrictions.","unit":"REG","origin":"public-catalog"}},{"type":"Feature","id":"usgs-pad-us-fee-managers:91608","geometry":{"type":"MultiPolygon","coordinates":[[[[-87.8207,42.4427],[-87.8204,42.446],[-87.8195,42.4461],[-87.8203,42.4427],[-87.8207,42.4427]]],[[[-87.8202,42.4462],[-87.8204,42.4462],[-87.8205,42.4496],[-87.8185,42.4496],[-87.8187,42.4463],[-87.8202,42.4462]]],[[[-87.8203,42.4504],[-87.8205,42.4504],[-87.8205,42.451],[-87.8202,42.451],[-87.8203,42.4504]]],[[[-87.8202,42.4511],[-87.8205,42.4511],[-87.8204,42.4556],[-87.8199,42.4556],[-87.8202,42.454],[-87.8202,42.4511]]],[[[-87.8182,42.4504],[-87.8201,42.4504],[-87.82,42.454],[-87.8194,42.457],[-87.8177,42.457],[-87.8182,42.4504]]],[[[-87.8176,42.4572],[-87.8192,42.4572],[-87.8181,42.4606],[-87.8174,42.4606],[-87.8176,42.4572]]],[[[-87.8173,42.4608],[-87.8181,42.4608],[-87.8175,42.4624],[-87.8179,42.4633],[-87.8171,42.4633],[-87.8173,42.4608]]],[[[-87.8171,42.4642],[-87.8171,42.4635],[-87.818,42.4635],[-87.8182,42.4638],[-87.8176,42.4639],[-87.8182,42.4639],[-87.8182,42.4642],[-87.8171,42.4642]]]]},"properties":{"id":"usgs-pad-us-fee-managers:91608","name":"Edina Park","kind":"land","category":"public-land","sourceCategory":"public-land","sourceId":"usgs-pad-us-fee-managers","sourceUrl":"https://services.arcgis.com/v01gqwM5QqNysAAi/arcgis/rest/services/Fee_Managers_PADUS/FeatureServer/0","sourceUpdated":"2023-05-15T04:00:00.000Z","publicUse":"PAD-US reports open access; verify current manager conditions and restrictions.","unit":"REG","origin":"public-catalog"}},{"type":"Feature","id":"usgs-pad-us-fee-managers:91609","geometry":{"type":"Polygon","coordinates":[[[-87.8212,42.4608],[-87.8217,42.4608],[-87.8217,42.4615],[-87.8204,42.4615],[-87.8204,42.4608],[-87.8212,42.4608]]]},"properties":{"id":"usgs-pad-us-fee-managers:91609","name":"Elizabeth Park","kind":"land","category":"public-land","sourceCategory":"public-land","sourceId":"usgs-pad-us-fee-managers","sourceUrl":"https://services.arcgis.com/v01gqwM5QqNysAAi/arcgis/rest/services/Fee_Managers_PADUS/FeatureServer/0","sourceUpdated":"2023-05-15T04:00:00.000Z","publicUse":"PAD-US reports open access; verify current manager conditions and restrictions.","unit":"REG","origin":"public-catalog"}},{"type":"Feature","id":"usgs-pad-us-fee-managers:91610","geometry":{"type":"Polygon","coordinates":[[[-87.8438,42.4425],[-87.8438,42.442],[-87.8443,42.442],[-87.8443,42.4423],[-87.8449,42.4419],[-87.8441,42.4426],[-87.8438,42.4425]]]},"properties":{"id":"usgs-pad-us-fee-managers:91610","name":"Gilead Park","kind":"land","category":"public-land","sourceCategory":"public-land","sourceId":"usgs-pad-us-fee-managers","sourceUrl":"https://services.arcgis.com/v01gqwM5QqNysAAi/arcgis/rest/services/Fee_Managers_PADUS/FeatureServer/0","sourceUpdated":"2023-05-15T04:00:00.000Z","publicUse":"PAD-US reports open access; verify current manager conditions and restrictions.","unit":"REG","origin":"public-catalog"}},{"type":"Feature","id":"usgs-pad-us-fee-managers:91611","geometry":{"type":"Polygon","coordinates":[[[-87.8674,42.4471],[-87.8681,42.4475],[-87.8684,42.4481],[-87.8672,42.448],[-87.867,42.4474],[-87.8674,42.4471]]]},"properties":{"id":"usgs-pad-us-fee-managers:91611","name":"Harmony Park","kind":"land","category":"public-land","sourceCategory":"public-land","sourceId":"usgs-pad-us-fee-managers","sourceUrl":"https://services.arcgis.com/v01gqwM5QqNysAAi/arcgis/rest/services/Fee_Managers_PADUS/FeatureServer/0","sourceUpdated":"2023-05-15T04:00:00.000Z","publicUse":"PAD-US reports open access; verify current manager conditions and restrictions.","unit":"REG","origin":"public-catalog"}},{"type":"Feature","id":"usgs-pad-us-fee-managers:91612","geometry":{"type":"Polygon","coordinates":[[[-87.8457,42.4557],[-87.8462,42.4557],[-87.8462,42.4563],[-87.8457,42.4563],[-87.8457,42.4557]]]},"properties":{"id":"usgs-pad-us-fee-managers:91612","name":"Hebron Park","kind":"land","category":"public-land","sourceCategory":"public-land","sourceId":"usgs-pad-us-fee-managers","sourceUrl":"https://services.arcgis.com/v01gqwM5QqNysAAi/arcgis/rest/services/Fee_Managers_PADUS/FeatureServer/0","sourceUpdated":"2023-05-15T04:00:00.000Z","publicUse":"PAD-US reports open access; verify current manager conditions and restrictions.","unit":"REG","origin":"public-catalog"}},{"type":"Feature","id":"usgs-pad-us-fee-managers:91613","geometry":{"type":"MultiPolygon","coordinates":[[[[-87.8471,42.4429],[-87.8477,42.4429],[-87.8477,42.4444],[-87.8471,42.4444],[-87.8471,42.4429]]],[[[-87.8466,42.4433],[-87.8471,42.4433],[-87.8471,42.4444],[-87.8466,42.4444],[-87.8466,42.4433]]],[[[-87.8457,42.443],[-87.8463,42.443],[-87.8463,42.4444],[-87.8457,42.4443],[-87.8457,42.443]]],[[[-87.8485,42.4461],[-87.8485,42.4444],[-87.8479,42.4444],[-87.8479,42.4428],[-87.8499,42.4428],[-87.8499,42.4461],[-87.8485,42.4461]]]]},"properties":{"id":"usgs-pad-us-fee-managers:91613","name":"Hermon Park","kind":"land","category":"public-land","sourceCategory":"public-land","sourceId":"usgs-pad-us-fee-managers","sourceUrl":"https://services.arcgis.com/v01gqwM5QqNysAAi/arcgis/rest/services/Fee_Managers_PADUS/FeatureServer/0","sourceUpdated":"2023-05-15T04:00:00.000Z","publicUse":"PAD-US reports open access; verify current manager conditions and restrictions.","unit":"REG","origin":"public-catalog"}},{"type":"Feature","id":"usgs-pad-us-fee-managers:91614","geometry":{"type":"Polygon","coordinates":[[[-87.8692,42.4602],[-87.8697,42.4602],[-87.8684,42.4626],[-87.8674,42.4626],[-87.8684,42.4602],[-87.8692,42.4602]]]},"properties":{"id":"usgs-pad-us-fee-managers:91614","name":"Horizon Village Park","kind":"land","category":"public-land","sourceCategory":"public-land","sourceId":"usgs-pad-us-fee-managers","sourceUrl":"https://services.arcgis.com/v01gqwM5QqNysAAi/arcgis/rest/services/Fee_Managers_PADUS/FeatureServer/0","sourceUpdated":"2023-05-15T04:00:00.000Z","publicUse":"PAD-US reports open access; verify current manager conditions and restrictions.","unit":"REG","origin":"public-catalog"}},{"type":"Feature","id":"usgs-pad-us-fee-managers:91615","geometry":{"type":"MultiPolygon","coordinates":[[[[-87.8526,42.4573],[-87.8531,42.4573],[-87.8531,42.4577],[-87.8526,42.4577],[-87.8526,42.4573]]],[[[-87.8519,42.4573],[-87.8525,42.4573],[-87.8525,42.4577],[-87.8519,42.4577],[-87.8519,42.4573]]],[[[-87.8519,42.4578],[-87.8525,42.4578],[-87.8525,42.4586],[-87.8519,42.4586],[-87.8519,42.4578]]],[[[-87.8526,42.4578],[-87.8531,42.4578],[-87.8531,42.4589],[-87.8525,42.4589],[-87.8526,42.4578]]]]},"properties":{"id":"usgs-pad-us-fee-managers:91615","name":"Joanna Park","kind":"land","category":"public-land","sourceCategory":"public-land","sourceId":"usgs-pad-us-fee-managers","sourceUrl":"https://services.arcgis.com/v01gqwM5QqNysAAi/arcgis/rest/services/Fee_Managers_PADUS/FeatureServer/0","sourceUpdated":"2023-05-15T04:00:00.000Z","publicUse":"PAD-US reports open access; verify current manager conditions and restrictions.","unit":"REG","origin":"public-catalog"}},{"type":"Feature","id":"usgs-pad-us-fee-managers:91616","geometry":{"type":"Polygon","coordinates":[[[-87.8738,42.4784],[-87.8742,42.4782],[-87.8741,42.4775],[-87.8737,42.477],[-87.8739,42.4765],[-87.8742,42.4764],[-87.8741,42.4754],[-87.8723,42.4746],[-87.8725,42.4744],[-87.8728,42.4745],[-87.8731,42.4741],[-87.8735,42.4729],[-87.8738,42.4729],[-87.8738,42.4737],[-87.8747,42.4753],[-87.8753,42.4753],[-87.8749,42.4756],[-87.8751,42.4757],[-87.8751,42.4765],[-87.8755,42.4774],[-87.8764,42.478],[-87.8753,42.4784],[-87.8753,42.4789],[-87.8738,42.4789],[-87.8738,42.4784]]]},"properties":{"id":"usgs-pad-us-fee-managers:91616","name":"Jordan Park","kind":"land","category":"public-land","sourceCategory":"public-land","sourceId":"usgs-pad-us-fee-managers","sourceUrl":"https://services.arcgis.com/v01gqwM5QqNysAAi/arcgis/rest/services/Fee_Managers_PADUS/FeatureServer/0","sourceUpdated":"2023-05-15T04:00:00.000Z","publicUse":"PAD-US reports open access; verify current manager conditions and restrictions.","unit":"REG","origin":"public-catalog"}},{"type":"Feature","id":"usgs-pad-us-fee-managers:91617","geometry":{"type":"MultiPolygon","coordinates":[[[[-87.843,42.4428],[-87.8434,42.4428],[-87.843,42.443],[-87.843,42.4428]]],[[[-87.8427,42.4438],[-87.8429,42.4437],[-87.8429,42.4438],[-87.8427,42.4438]]],[[[-87.8423,42.4437],[-87.8435,42.4429],[-87.8435,42.443],[-87.8423,42.4437]]],[[[-87.8417,42.4439],[-87.8416,42.4441],[-87.8416,42.4439],[-87.8417,42.4439]]],[[[-87.842,42.4443],[-87.8421,42.4443],[-87.8421,42.4443],[-87.842,42.4443]]],[[[-87.8415,42.4443],[-87.8421,42.4439],[-87.8421,42.444],[-87.8415,42.4443]]],[[[-87.8409,42.4445],[-87.841,42.4445],[-87.8409,42.4445],[-87.8409,42.4445]]],[[[-87.8414,42.4445],[-87.8409,42.4449],[-87.8409,42.4448],[-87.8414,42.4445]]],[[[-87.8395,42.4455],[-87.8393,42.4458],[-87.8393,42.4455],[-87.8395,42.4455]]],[[[-87.8397,42.446],[-87.84,42.4458],[-87.84,42.4461],[-87.8397,42.446]]],[[[-87.8401,42.4454],[-87.8407,42.4451],[-87.8393,42.4461],[-87.8401,42.4454]]]]},"properties":{"id":"usgs-pad-us-fee-managers:91617","name":"Lebanon Avenue Park","kind":"land","category":"public-land","sourceCategory":"public-land","sourceId":"usgs-pad-us-fee-managers","sourceUrl":"https://services.arcgis.com/v01gqwM5QqNysAAi/arcgis/rest/services/Fee_Managers_PADUS/FeatureServer/0","sourceUpdated":"2023-05-15T04:00:00.000Z","publicUse":"PAD-US reports open access; verify current manager conditions and restrictions.","unit":"REG","origin":"public-catalog"}},{"type":"Feature","id":"usgs-pad-us-fee-managers:91618","geometry":{"type":"MultiPolygon","coordinates":[[[[-87.8473,42.4392],[-87.8477,42.4392],[-87.8477,42.4397],[-87.8461,42.4409],[-87.8457,42.4409],[-87.8457,42.44],[-87.8462,42.44],[-87.8463,42.4392],[-87.8473,42.4392]]],[[[-87.8457,42.441],[-87.8459,42.441],[-87.8457,42.4412],[-87.8457,42.441]]]]},"properties":{"id":"usgs-pad-us-fee-managers:91618","name":"Lebanon Park","kind":"land","category":"public-land","sourceCategory":"public-land","sourceId":"usgs-pad-us-fee-managers","sourceUrl":"https://services.arcgis.com/v01gqwM5QqNysAAi/arcgis/rest/services/Fee_Managers_PADUS/FeatureServer/0","sourceUpdated":"2023-05-15T04:00:00.000Z","publicUse":"PAD-US reports open access; verify current manager conditions and restrictions.","unit":"REG","origin":"public-catalog"}},{"type":"Feature","id":"usgs-pad-us-fee-managers:91619","geometry":{"type":"Polygon","coordinates":[[[-87.8458,42.4331],[-87.8458,42.4311],[-87.8469,42.4311],[-87.8469,42.433],[-87.8466,42.4328],[-87.8465,42.433],[-87.8467,42.4332],[-87.8458,42.4331]]]},"properties":{"id":"usgs-pad-us-fee-managers:91619","name":"Meadow Creek Park","kind":"land","category":"public-land","sourceCategory":"public-land","sourceId":"usgs-pad-us-fee-managers","sourceUrl":"https://services.arcgis.com/v01gqwM5QqNysAAi/arcgis/rest/services/Fee_Managers_PADUS/FeatureServer/0","sourceUpdated":"2023-05-15T04:00:00.000Z","publicUse":"PAD-US reports open access; verify current manager conditions and restrictions.","unit":"REG","origin":"public-catalog"}},{"type":"Feature","id":"usgs-pad-us-fee-managers:91620","geometry":{"type":"Polygon","coordinates":[[[-87.869,42.4682],[-87.8695,42.4682],[-87.8694,42.4709],[-87.8642,42.4708],[-87.865,42.4681],[-87.869,42.4682]]]},"properties":{"id":"usgs-pad-us-fee-managers:91620","name":"Mount Olivet Memorial Park","kind":"land","category":"public-land","sourceCategory":"public-land","sourceId":"usgs-pad-us-fee-managers","sourceUrl":"https://services.arcgis.com/v01gqwM5QqNysAAi/arcgis/rest/services/Fee_Managers_PADUS/FeatureServer/0","sourceUpdated":"2023-05-15T04:00:00.000Z","publicUse":"PAD-US reports open access; verify current manager conditions and restrictions.","unit":"REG","origin":"public-catalog"}},{"type":"Feature","id":"usgs-pad-us-fee-managers:91621","geometry":{"type":"Polygon","coordinates":[[[-87.8711,42.4744],[-87.8714,42.4741],[-87.8692,42.4733],[-87.8692,42.472],[-87.8704,42.4721],[-87.8706,42.4731],[-87.8704,42.4734],[-87.8715,42.4739],[-87.8718,42.4737],[-87.8716,42.474],[-87.8723,42.4743],[-87.8721,42.4745],[-87.8715,42.4742],[-87.8711,42.4744]]]},"properties":{"id":"usgs-pad-us-fee-managers:91621","name":"Nazareth Park","kind":"land","category":"public-land","sourceCategory":"public-land","sourceId":"usgs-pad-us-fee-managers","sourceUrl":"https://services.arcgis.com/v01gqwM5QqNysAAi/arcgis/rest/services/Fee_Managers_PADUS/FeatureServer/0","sourceUpdated":"2023-05-15T04:00:00.000Z","publicUse":"PAD-US reports open access; verify current manager conditions and restrictions.","unit":"REG","origin":"public-catalog"}},{"type":"Feature","id":"usgs-pad-us-fee-managers:91622","geometry":{"type":"Polygon","coordinates":[[[-87.8689,42.4791],[-87.8691,42.4791],[-87.8691,42.481],[-87.8666,42.481],[-87.8666,42.4791],[-87.8689,42.4791]]]},"properties":{"id":"usgs-pad-us-fee-managers:91622","name":"Olivet Park","kind":"land","category":"public-land","sourceCategory":"public-land","sourceId":"usgs-pad-us-fee-managers","sourceUrl":"https://services.arcgis.com/v01gqwM5QqNysAAi/arcgis/rest/services/Fee_Managers_PADUS/FeatureServer/0","sourceUpdated":"2023-05-15T04:00:00.000Z","publicUse":"PAD-US reports open access; verify current manager conditions and restrictions.","unit":"REG","origin":"public-catalog"}},{"type":"Feature","id":"usgs-pad-us-fee-managers:91623","geometry":{"type":"MultiPolygon","coordinates":[[[[-87.8258,42.4367],[-87.8262,42.4367],[-87.8262,42.4371],[-87.8258,42.4371],[-87.8258,42.4367]]],[[[-87.8264,42.4374],[-87.8269,42.4374],[-87.8269,42.439],[-87.8258,42.439],[-87.8258,42.4375],[-87.8264,42.4374]]]]},"properties":{"id":"usgs-pad-us-fee-managers:91623","name":"Ophir Park","kind":"land","category":"public-land","sourceCategory":"public-land","sourceId":"usgs-pad-us-fee-managers","sourceUrl":"https://services.arcgis.com/v01gqwM5QqNysAAi/arcgis/rest/services/Fee_Managers_PADUS/FeatureServer/0","sourceUpdated":"2023-05-15T04:00:00.000Z","publicUse":"PAD-US reports open access; verify current manager conditions and restrictions.","unit":"REG","origin":"public-catalog"}},{"type":"Feature","id":"usgs-pad-us-fee-managers:91624","geometry":{"type":"MultiPolygon","coordinates":[[[[-87.8534,42.45],[-87.8545,42.45],[-87.8545,42.4503],[-87.8534,42.4503],[-87.8534,42.45]]],[[[-87.852,42.45],[-87.8532,42.45],[-87.8532,42.4503],[-87.852,42.4503],[-87.852,42.45]]],[[[-87.8506,42.45],[-87.8518,42.45],[-87.8518,42.4503],[-87.8506,42.4503],[-87.8506,42.45]]],[[[-87.8498,42.45],[-87.8504,42.45],[-87.8504,42.4503],[-87.8492,42.4503],[-87.8493,42.45],[-87.8498,42.45]]],[[[-87.8479,42.45],[-87.849,42.45],[-87.849,42.4503],[-87.8479,42.4503],[-87.8479,42.45]]],[[[-87.8465,42.45],[-87.8476,42.45],[-87.8476,42.4503],[-87.8465,42.4503],[-87.8465,42.45]]],[[[-87.8456,42.45],[-87.8463,42.45],[-87.8463,42.4503],[-87.8456,42.4503],[-87.8456,42.45]]],[[[-87.8437,42.45],[-87.8448,42.45],[-87.8448,42.4503],[-87.8437,42.4503],[-87.8437,42.45]]],[[[-87.8423,42.45],[-87.8434,42.45],[-87.8434,42.4502],[-87.8423,42.4502],[-87.8423,42.45]]],[[[-87.8409,42.45],[-87.842,42.45],[-87.842,42.4502],[-87.8409,42.4502],[-87.8409,42.45]]],[[[-87.8401,42.45],[-87.8406,42.45],[-87.8406,42.4502],[-87.8392,42.4502],[-87.8392,42.45],[-87.8401,42.45]]]]},"properties":{"id":"usgs-pad-us-fee-managers:91624","name":"Salem Boulevard Park","kind":"land","category":"public-land","sourceCategory":"public-land","sourceId":"usgs-pad-us-fee-managers","sourceUrl":"https://services.arcgis.com/v01gqwM5QqNysAAi/arcgis/rest/services/Fee_Managers_PADUS/FeatureServer/0","sourceUpdated":"2023-05-15T04:00:00.000Z","publicUse":"PAD-US reports open access; verify current manager conditions and restrictions.","unit":"REG","origin":"public-catalog"}},{"type":"Feature","id":"usgs-pad-us-fee-managers:91625","geometry":{"type":"MultiPolygon","coordinates":[[[[-87.8372,42.4379],[-87.8376,42.4379],[-87.8376,42.438],[-87.8372,42.4379]]],[[[-87.8369,42.4384],[-87.8362,42.4383],[-87.8358,42.4371],[-87.8361,42.4355],[-87.8367,42.4355],[-87.8361,42.4368],[-87.8362,42.4374],[-87.8366,42.4378],[-87.8376,42.4382],[-87.8369,42.4384]]]]},"properties":{"id":"usgs-pad-us-fee-managers:91625","name":"Sharon Park","kind":"land","category":"public-land","sourceCategory":"public-land","sourceId":"usgs-pad-us-fee-managers","sourceUrl":"https://services.arcgis.com/v01gqwM5QqNysAAi/arcgis/rest/services/Fee_Managers_PADUS/FeatureServer/0","sourceUpdated":"2023-05-15T04:00:00.000Z","publicUse":"PAD-US reports open access; verify current manager conditions and restrictions.","unit":"REG","origin":"public-catalog"}},{"type":"Feature","id":"usgs-pad-us-fee-managers:91626","geometry":{"type":"MultiPolygon","coordinates":[[[[-87.827,42.4499],[-87.8283,42.4499],[-87.8283,42.4502],[-87.827,42.4502],[-87.827,42.4499]]],[[[-87.8257,42.4499],[-87.8267,42.4499],[-87.8267,42.4502],[-87.8257,42.4502],[-87.8257,42.4499]]],[[[-87.824,42.4499],[-87.8253,42.4499],[-87.8253,42.4502],[-87.824,42.4502],[-87.824,42.4499]]],[[[-87.8224,42.4499],[-87.8238,42.4499],[-87.8238,42.4502],[-87.8224,42.4502],[-87.8224,42.4499]]],[[[-87.8208,42.4499],[-87.8221,42.4499],[-87.8221,42.4502],[-87.8208,42.4502],[-87.8208,42.4499]]],[[[-87.8203,42.4499],[-87.8205,42.4499],[-87.8205,42.4502],[-87.8203,42.4502],[-87.8203,42.4499]]],[[[-87.8182,42.4499],[-87.8201,42.4499],[-87.8201,42.4502],[-87.8182,42.4502],[-87.8182,42.4499]]]]},"properties":{"id":"usgs-pad-us-fee-managers:91626","name":"Shiloh Boulevard Park","kind":"land","category":"public-land","sourceCategory":"public-land","sourceId":"usgs-pad-us-fee-managers","sourceUrl":"https://services.arcgis.com/v01gqwM5QqNysAAi/arcgis/rest/services/Fee_Managers_PADUS/FeatureServer/0","sourceUpdated":"2023-05-15T04:00:00.000Z","publicUse":"PAD-US reports open access; verify current manager conditions and restrictions.","unit":"REG","origin":"public-catalog"}},{"type":"Feature","id":"usgs-pad-us-fee-managers:91627","geometry":{"type":"Polygon","coordinates":[[[-87.8699,42.477],[-87.8714,42.4776],[-87.8714,42.4779],[-87.8703,42.4779],[-87.8703,42.4773],[-87.8699,42.4772],[-87.8699,42.477]]]},"properties":{"id":"usgs-pad-us-fee-managers:91627","name":"Timothy Park","kind":"land","category":"public-land","sourceCategory":"public-land","sourceId":"usgs-pad-us-fee-managers","sourceUrl":"https://services.arcgis.com/v01gqwM5QqNysAAi/arcgis/rest/services/Fee_Managers_PADUS/FeatureServer/0","sourceUpdated":"2023-05-15T04:00:00.000Z","publicUse":"PAD-US reports open access; verify current manager conditions and restrictions.","unit":"REG","origin":"public-catalog"}},{"type":"Feature","id":"usgs-pad-us-fee-managers:91628","geometry":{"type":"MultiPolygon","coordinates":[[[[-87.8593,42.4689],[-87.8586,42.4689],[-87.8586,42.4681],[-87.861,42.4681],[-87.8601,42.4688],[-87.8604,42.4691],[-87.8601,42.4693],[-87.8593,42.4689]]],[[[-87.8757,42.469],[-87.8757,42.4699],[-87.8741,42.4698],[-87.874,42.4712],[-87.8738,42.4713],[-87.8738,42.4717],[-87.8733,42.4719],[-87.8733,42.4709],[-87.8739,42.4709],[-87.8739,42.469],[-87.8757,42.469]]],[[[-87.8783,42.4739],[-87.8782,42.4737],[-87.8778,42.4739],[-87.8777,42.4736],[-87.8777,42.4724],[-87.8787,42.4724],[-87.8787,42.4745],[-87.8783,42.4739]]],[[[-87.8702,42.4748],[-87.8702,42.4744],[-87.8708,42.4748],[-87.871,42.4745],[-87.8709,42.4748],[-87.8712,42.475],[-87.8706,42.4755],[-87.8702,42.4752],[-87.8702,42.4748]]]]},"properties":{"id":"usgs-pad-us-fee-managers:91628","name":"Unknown Park","kind":"land","category":"public-land","sourceCategory":"public-land","sourceId":"usgs-pad-us-fee-managers","sourceUrl":"https://services.arcgis.com/v01gqwM5QqNysAAi/arcgis/rest/services/Fee_Managers_PADUS/FeatureServer/0","sourceUpdated":"2023-05-15T04:00:00.000Z","publicUse":"PAD-US reports open access; verify current manager conditions and restrictions.","unit":"REG","origin":"public-catalog"}},{"type":"Feature","id":"usgs-pad-us-fee-managers:91629","geometry":{"type":"MultiPolygon","coordinates":[[[[-87.801,42.4504],[-87.8033,42.4504],[-87.8033,42.4526],[-87.7996,42.4526],[-87.7996,42.4504],[-87.801,42.4504]]],[[[-87.8004,42.4527],[-87.8009,42.4527],[-87.8009,42.4529],[-87.8004,42.4529],[-87.8004,42.4527]]],[[[-87.8,42.4527],[-87.8003,42.4527],[-87.8003,42.453],[-87.7998,42.453],[-87.8,42.4527]]]]},"properties":{"id":"usgs-pad-us-fee-managers:91629","name":"Hosah Park","kind":"land","category":"public-land","sourceCategory":"public-land","sourceId":"usgs-pad-us-fee-managers","sourceUrl":"https://services.arcgis.com/v01gqwM5QqNysAAi/arcgis/rest/services/Fee_Managers_PADUS/FeatureServer/0","sourceUpdated":"2021-04-20T04:00:00.000Z","publicUse":"PAD-US reports open access; verify current manager conditions and restrictions.","unit":"REG","origin":"public-catalog"}},{"type":"Feature","id":"usgs-pad-us-fee-managers:91630","geometry":{"type":"MultiPolygon","coordinates":[[[[-87.8462,42.3271],[-87.8462,42.3268],[-87.8464,42.3269],[-87.8464,42.3251],[-87.847,42.3251],[-87.8469,42.326],[-87.847,42.3269],[-87.8468,42.327],[-87.8466,42.3305],[-87.8467,42.331],[-87.8467,42.3414],[-87.8461,42.3638],[-87.8458,42.3886],[-87.846,42.3891],[-87.8455,42.405],[-87.8455,42.4126],[-87.8459,42.4173],[-87.8458,42.4281],[-87.8454,42.4281],[-87.8456,42.4166],[-87.8453,42.4116],[-87.8455,42.3898],[-87.8454,42.3897],[-87.846,42.3662],[-87.8458,42.3646],[-87.8462,42.3271]]],[[[-87.845,42.4671],[-87.8451,42.4349],[-87.8453,42.4338],[-87.8453,42.4303],[-87.8458,42.4302],[-87.846,42.4303],[-87.8459,42.4305],[-87.8458,42.4311],[-87.8458,42.4366],[-87.8455,42.4373],[-87.8457,42.4498],[-87.8452,42.4498],[-87.8453,42.4504],[-87.8456,42.4504],[-87.8456,42.4541],[-87.8452,42.4541],[-87.8452,42.4572],[-87.8456,42.4572],[-87.8453,42.493],[-87.8446,42.493],[-87.845,42.4671]]]]},"properties":{"id":"usgs-pad-us-fee-managers:91630","name":"Mcclory Trail","kind":"land","category":"public-land","sourceCategory":"public-land","sourceId":"usgs-pad-us-fee-managers","sourceUrl":"https://services.arcgis.com/v01gqwM5QqNysAAi/arcgis/rest/services/Fee_Managers_PADUS/FeatureServer/0","sourceUpdated":"2023-05-15T04:00:00.000Z","publicUse":"PAD-US reports open access; verify current manager conditions and restrictions.","unit":"REG","origin":"public-catalog"}},{"type":"Feature","id":"usgs-pad-us-fee-managers:91631","geometry":{"type":"Polygon","coordinates":[[[-87.8799,42.4716],[-87.8804,42.4713],[-87.881,42.4716],[-87.8808,42.4719],[-87.8799,42.4719],[-87.8799,42.4716]]]},"properties":{"id":"usgs-pad-us-fee-managers:91631","name":"Tabor Park","kind":"land","category":"public-land","sourceCategory":"public-land","sourceId":"usgs-pad-us-fee-managers","sourceUrl":"https://services.arcgis.com/v01gqwM5QqNysAAi/arcgis/rest/services/Fee_Managers_PADUS/FeatureServer/0","sourceUpdated":"2023-05-15T04:00:00.000Z","publicUse":"PAD-US reports open access; verify current manager conditions and restrictions.","unit":"REG","origin":"public-catalog"}},{"type":"Feature","id":"usgs-pad-us-fee-managers:91632","geometry":{"type":"Polygon","coordinates":[[[-87.8653,42.4791],[-87.8666,42.4791],[-87.8666,42.481],[-87.8653,42.481],[-87.8653,42.4791]]]},"properties":{"id":"usgs-pad-us-fee-managers:91632","name":"Unknown Park","kind":"land","category":"public-land","sourceCategory":"public-land","sourceId":"usgs-pad-us-fee-managers","sourceUrl":"https://services.arcgis.com/v01gqwM5QqNysAAi/arcgis/rest/services/Fee_Managers_PADUS/FeatureServer/0","sourceUpdated":"2023-05-15T04:00:00.000Z","publicUse":"PAD-US reports open access; verify current manager conditions and restrictions.","unit":"REG","origin":"public-catalog"}},{"type":"Feature","id":"usgs-pad-us-fee-managers:92311","geometry":{"type":"Polygon","coordinates":[[[-88.2033,42.2767],[-88.2066,42.2805],[-88.2034,42.2816],[-88.2035,42.2802],[-88.2047,42.2798],[-88.2035,42.2784],[-88.2033,42.2767]]]},"properties":{"id":"usgs-pad-us-fee-managers:92311","name":"Veterans Park","kind":"land","category":"public-land","sourceCategory":"public-land","sourceId":"usgs-pad-us-fee-managers","sourceUrl":"https://services.arcgis.com/v01gqwM5QqNysAAi/arcgis/rest/services/Fee_Managers_PADUS/FeatureServer/0","sourceUpdated":"2023-05-15T04:00:00.000Z","publicUse":"PAD-US reports open access; verify current manager conditions and restrictions.","unit":"CITY","origin":"public-catalog"}},{"type":"Feature","id":"usgs-pad-us-fee-managers:92332","geometry":{"type":"Polygon","coordinates":[[[-88.3056,42.1721],[-88.3043,42.1708],[-88.3046,42.1707],[-88.3024,42.1692],[-88.3001,42.1689],[-88.3002,42.1691],[-88.2996,42.1693],[-88.2974,42.1665],[-88.2982,42.1664],[-88.2986,42.1673],[-88.2988,42.1673],[-88.2997,42.1685],[-88.3032,42.1684],[-88.3036,42.1688],[-88.3055,42.1688],[-88.3055,42.1695],[-88.307,42.1696],[-88.307,42.1714],[-88.3081,42.1721],[-88.3085,42.1721],[-88.3088,42.1718],[-88.3085,42.1738],[-88.3068,42.1738],[-88.3056,42.1721]]]},"properties":{"id":"usgs-pad-us-fee-managers:92332","name":"Algonquin Bluffs Nature Preserve","kind":"land","category":"public-land","sourceCategory":"public-land","sourceId":"usgs-pad-us-fee-managers","sourceUrl":"https://services.arcgis.com/v01gqwM5QqNysAAi/arcgis/rest/services/Fee_Managers_PADUS/FeatureServer/0","sourceUpdated":"2023-05-15T04:00:00.000Z","publicUse":"PAD-US reports open access; verify current manager conditions and restrictions.","unit":"CITY","origin":"public-catalog"}},{"type":"Feature","id":"usgs-pad-us-fee-managers:92333","geometry":{"type":"Polygon","coordinates":[[[-88.331,42.174],[-88.3292,42.1739],[-88.3292,42.1736],[-88.3287,42.1737],[-88.3283,42.1733],[-88.3285,42.173],[-88.3277,42.1729],[-88.3277,42.1723],[-88.3273,42.1721],[-88.3275,42.172],[-88.3278,42.1723],[-88.3292,42.1718],[-88.3299,42.1722],[-88.3313,42.1722],[-88.3314,42.1729],[-88.3322,42.1729],[-88.3322,42.1739],[-88.3317,42.1742],[-88.3311,42.1742],[-88.331,42.174]]]},"properties":{"id":"usgs-pad-us-fee-managers:92333","name":"Arbor Hills Nature Preserve","kind":"land","category":"public-land","sourceCategory":"public-land","sourceId":"usgs-pad-us-fee-managers","sourceUrl":"https://services.arcgis.com/v01gqwM5QqNysAAi/arcgis/rest/services/Fee_Managers_PADUS/FeatureServer/0","sourceUpdated":"2023-05-15T04:00:00.000Z","publicUse":"PAD-US reports open access; verify current manager conditions and restrictions.","unit":"CITY","origin":"public-catalog"}},{"type":"Feature","id":"usgs-pad-us-fee-managers:92334","geometry":{"type":"Polygon","coordinates":[[[-88.3287,42.1664],[-88.3289,42.1662],[-88.3295,42.1662],[-88.3305,42.1652],[-88.3315,42.1651],[-88.3315,42.1649],[-88.3322,42.1649],[-88.3321,42.1666],[-88.3287,42.1664]]]},"properties":{"id":"usgs-pad-us-fee-managers:92334","name":"Dawson Mill Open Space","kind":"land","category":"public-land","sourceCategory":"public-land","sourceId":"usgs-pad-us-fee-managers","sourceUrl":"https://services.arcgis.com/v01gqwM5QqNysAAi/arcgis/rest/services/Fee_Managers_PADUS/FeatureServer/0","sourceUpdated":"2023-05-15T04:00:00.000Z","publicUse":"PAD-US reports open access; verify current manager conditions and restrictions.","unit":"CITY","origin":"public-catalog"}},{"type":"Feature","id":"usgs-pad-us-fee-managers:92335","geometry":{"type":"Polygon","coordinates":[[[-88.3233,42.1717],[-88.3225,42.171],[-88.3238,42.1705],[-88.3247,42.1704],[-88.3249,42.1711],[-88.3254,42.1716],[-88.3248,42.1719],[-88.3243,42.1717],[-88.3239,42.172],[-88.3233,42.1717]]]},"properties":{"id":"usgs-pad-us-fee-managers:92335","name":"Falcon Ridge Nature Preserve","kind":"land","category":"public-land","sourceCategory":"public-land","sourceId":"usgs-pad-us-fee-managers","sourceUrl":"https://services.arcgis.com/v01gqwM5QqNysAAi/arcgis/rest/services/Fee_Managers_PADUS/FeatureServer/0","sourceUpdated":"2023-05-15T04:00:00.000Z","publicUse":"PAD-US reports open access; verify current manager conditions and restrictions.","unit":"CITY","origin":"public-catalog"}},{"type":"Feature","id":"usgs-pad-us-fee-managers:92336","geometry":{"type":"Polygon","coordinates":[[[-88.307,42.1664],[-88.3063,42.1661],[-88.3063,42.1657],[-88.3058,42.1654],[-88.3067,42.1648],[-88.3089,42.1648],[-88.3082,42.1653],[-88.3084,42.166],[-88.3096,42.1658],[-88.3095,42.1669],[-88.309,42.1672],[-88.307,42.1664]]]},"properties":{"id":"usgs-pad-us-fee-managers:92336","name":"High Hill Dam Preservation Area","kind":"land","category":"public-land","sourceCategory":"public-land","sourceId":"usgs-pad-us-fee-managers","sourceUrl":"https://services.arcgis.com/v01gqwM5QqNysAAi/arcgis/rest/services/Fee_Managers_PADUS/FeatureServer/0","sourceUpdated":"2023-05-15T04:00:00.000Z","publicUse":"PAD-US reports open access; verify current manager conditions and restrictions.","unit":"CITY","origin":"public-catalog"}},{"type":"Feature","id":"usgs-pad-us-fee-managers:92337","geometry":{"type":"Polygon","coordinates":[[[-88.3414,42.1742],[-88.3414,42.1739],[-88.3407,42.1742],[-88.34,42.1741],[-88.34,42.1721],[-88.3406,42.1722],[-88.3402,42.1726],[-88.341,42.1732],[-88.3413,42.1737],[-88.3424,42.1731],[-88.3431,42.1733],[-88.3437,42.1731],[-88.3438,42.1727],[-88.3435,42.1721],[-88.3438,42.1721],[-88.3441,42.1726],[-88.3447,42.1728],[-88.3447,42.1731],[-88.3458,42.1728],[-88.3466,42.1732],[-88.3465,42.1737],[-88.3459,42.1732],[-88.3456,42.1737],[-88.344,42.1736],[-88.3436,42.1739],[-88.3429,42.1738],[-88.3415,42.1745],[-88.3414,42.1742]]]},"properties":{"id":"usgs-pad-us-fee-managers:92337","name":"Winding Creek Riparian Corridor","kind":"land","category":"public-land","sourceCategory":"public-land","sourceId":"usgs-pad-us-fee-managers","sourceUrl":"https://services.arcgis.com/v01gqwM5QqNysAAi/arcgis/rest/services/Fee_Managers_PADUS/FeatureServer/0","sourceUpdated":"2023-05-15T04:00:00.000Z","publicUse":"PAD-US reports open access; verify current manager conditions and restrictions.","unit":"CITY","origin":"public-catalog"}},{"type":"Feature","id":"usgs-pad-us-fee-managers:92338","geometry":{"type":"MultiPolygon","coordinates":[[[[-88.2687,42.1498],[-88.2687,42.1486],[-88.2688,42.1477],[-88.2691,42.1477],[-88.2691,42.1468],[-88.2772,42.1467],[-88.2772,42.1476],[-88.2761,42.1476],[-88.276,42.1472],[-88.2755,42.147],[-88.2748,42.1472],[-88.2749,42.1481],[-88.2745,42.1484],[-88.2748,42.1487],[-88.2746,42.1488],[-88.274,42.1489],[-88.2736,42.1485],[-88.2731,42.1484],[-88.2723,42.1485],[-88.2717,42.1491],[-88.2719,42.1493],[-88.2717,42.15],[-88.2702,42.1499],[-88.2688,42.1502],[-88.2687,42.1498]]],[[[-88.2734,42.1505],[-88.2736,42.1503],[-88.2752,42.1509],[-88.2744,42.1509],[-88.2734,42.1505]]],[[[-88.2748,42.1521],[-88.2752,42.1518],[-88.2747,42.1525],[-88.2744,42.1523],[-88.2748,42.1521]]],[[[-88.2697,42.1525],[-88.2694,42.1522],[-88.269,42.1525],[-88.2685,42.1521],[-88.2695,42.1518],[-88.2695,42.1512],[-88.27,42.1507],[-88.2699,42.1501],[-88.2716,42.1502],[-88.2715,42.1504],[-88.2704,42.1507],[-88.2699,42.1517],[-88.2702,42.1524],[-88.271,42.1529],[-88.2709,42.1531],[-88.2697,42.1525]]],[[[-88.274,42.1528],[-88.2744,42.1526],[-88.2742,42.1534],[-88.2737,42.153],[-88.274,42.1528]]],[[[-88.2675,42.1563],[-88.2675,42.1522],[-88.268,42.1524],[-88.2683,42.1522],[-88.2681,42.1525],[-88.2687,42.1531],[-88.2701,42.1538],[-88.2696,42.1544],[-88.2698,42.1547],[-88.2691,42.1548],[-88.269,42.1544],[-88.2679,42.1546],[-88.2677,42.155],[-88.2679,42.1553],[-88.2694,42.1553],[-88.2681,42.1567],[-88.2675,42.1563]]],[[[-88.2713,42.1584],[-88.2683,42.1568],[-88.2695,42.1555],[-88.27,42.1555],[-88.2713,42.154],[-88.2709,42.1538],[-88.2711,42.1531],[-88.2719,42.1538],[-88.2732,42.1537],[-88.2732,42.1539],[-88.2724,42.1538],[-88.2723,42.1576],[-88.2713,42.1584]]]]},"properties":{"id":"usgs-pad-us-fee-managers:92338","name":"Algonquin Lakes Park","kind":"land","category":"public-land","sourceCategory":"public-land","sourceId":"usgs-pad-us-fee-managers","sourceUrl":"https://services.arcgis.com/v01gqwM5QqNysAAi/arcgis/rest/services/Fee_Managers_PADUS/FeatureServer/0","sourceUpdated":"2023-05-15T04:00:00.000Z","publicUse":"PAD-US reports open access; verify current manager conditions and restrictions.","unit":"CITY","origin":"public-catalog"}},{"type":"Feature","id":"usgs-pad-us-fee-managers:92339","geometry":{"type":"MultiPolygon","coordinates":[[[[-88.2945,42.1583],[-88.2942,42.1581],[-88.2944,42.158],[-88.2946,42.1571],[-88.295,42.1583],[-88.2945,42.1583]]],[[[-88.2946,42.1584],[-88.295,42.1583],[-88.295,42.1593],[-88.2946,42.1584]]]]},"properties":{"id":"usgs-pad-us-fee-managers:92339","name":"Beach Drive Open Space (Flip Beach)","kind":"land","category":"public-land","sourceCategory":"public-land","sourceId":"usgs-pad-us-fee-managers","sourceUrl":"https://services.arcgis.com/v01gqwM5QqNysAAi/arcgis/rest/services/Fee_Managers_PADUS/FeatureServer/0","sourceUpdated":"2023-05-15T04:00:00.000Z","publicUse":"PAD-US reports open access; verify current manager conditions and restrictions.","unit":"CITY","origin":"public-catalog"}},{"type":"Feature","id":"usgs-pad-us-fee-managers:92340","geometry":{"type":"Polygon","coordinates":[[[-88.2668,42.1613],[-88.2674,42.1613],[-88.2674,42.1636],[-88.2656,42.1623],[-88.2658,42.1613],[-88.2668,42.1613]]]},"properties":{"id":"usgs-pad-us-fee-managers:92340","name":"Blue Ridge Naturalized Stormwater Facility","kind":"land","category":"public-land","sourceCategory":"public-land","sourceId":"usgs-pad-us-fee-managers","sourceUrl":"https://services.arcgis.com/v01gqwM5QqNysAAi/arcgis/rest/services/Fee_Managers_PADUS/FeatureServer/0","sourceUpdated":"2023-05-15T04:00:00.000Z","publicUse":"PAD-US reports open access; verify current manager conditions and restrictions.","unit":"CITY","origin":"public-catalog"}},{"type":"Feature","id":"usgs-pad-us-fee-managers:92341","geometry":{"type":"MultiPolygon","coordinates":[[[[-88.3088,42.1513],[-88.3095,42.1502],[-88.3111,42.1502],[-88.3103,42.1512],[-88.3099,42.1514],[-88.3092,42.1513],[-88.309,42.1519],[-88.3086,42.1518],[-88.3088,42.1513]]],[[[-88.3086,42.152],[-88.309,42.152],[-88.3092,42.1538],[-88.3077,42.1538],[-88.3086,42.152]]]]},"properties":{"id":"usgs-pad-us-fee-managers:92341","name":"Braewood Park","kind":"land","category":"public-land","sourceCategory":"public-land","sourceId":"usgs-pad-us-fee-managers","sourceUrl":"https://services.arcgis.com/v01gqwM5QqNysAAi/arcgis/rest/services/Fee_Managers_PADUS/FeatureServer/0","sourceUpdated":"2023-05-15T04:00:00.000Z","publicUse":"PAD-US reports open access; verify current manager conditions and restrictions.","unit":"CITY","origin":"public-catalog"}},{"type":"Feature","id":"usgs-pad-us-fee-managers:92342","geometry":{"type":"MultiPolygon","coordinates":[[[[-88.3251,42.1359],[-88.3252,42.1359],[-88.3251,42.1359],[-88.3251,42.1359]]],[[[-88.3304,42.1365],[-88.3306,42.1365],[-88.3305,42.1365],[-88.3304,42.1365]]],[[[-88.3294,42.1366],[-88.3295,42.1366],[-88.3289,42.1367],[-88.3294,42.1366]]],[[[-88.3261,42.1366],[-88.3267,42.1364],[-88.3268,42.1361],[-88.3276,42.1361],[-88.3289,42.1367],[-88.3275,42.1372],[-88.3261,42.1366]]]]},"properties":{"id":"usgs-pad-us-fee-managers:92342","name":"Broadsmore Park","kind":"land","category":"public-land","sourceCategory":"public-land","sourceId":"usgs-pad-us-fee-managers","sourceUrl":"https://services.arcgis.com/v01gqwM5QqNysAAi/arcgis/rest/services/Fee_Managers_PADUS/FeatureServer/0","sourceUpdated":"2023-05-15T04:00:00.000Z","publicUse":"PAD-US reports open access; verify current manager conditions and restrictions.","unit":"CITY","origin":"public-catalog"}},{"type":"Feature","id":"usgs-pad-us-fee-managers:92343","geometry":{"type":"MultiPolygon","coordinates":[[[[-88.2912,42.166],[-88.2906,42.1656],[-88.2908,42.1645],[-88.2914,42.1648],[-88.2911,42.1651],[-88.2921,42.1657],[-88.2917,42.166],[-88.2912,42.166]]],[[[-88.291,42.1661],[-88.2916,42.1661],[-88.2911,42.1665],[-88.2908,42.1663],[-88.291,42.1661]]]]},"properties":{"id":"usgs-pad-us-fee-managers:92343","name":"Cornish Park","kind":"land","category":"public-land","sourceCategory":"public-land","sourceId":"usgs-pad-us-fee-managers","sourceUrl":"https://services.arcgis.com/v01gqwM5QqNysAAi/arcgis/rest/services/Fee_Managers_PADUS/FeatureServer/0","sourceUpdated":"2023-05-15T04:00:00.000Z","publicUse":"PAD-US reports open access; verify current manager conditions and restrictions.","unit":"CITY","origin":"public-catalog"}},{"type":"Feature","id":"usgs-pad-us-fee-managers:92344","geometry":{"type":"Polygon","coordinates":[[[-88.3161,42.1451],[-88.3166,42.1449],[-88.3172,42.1439],[-88.3183,42.1439],[-88.3172,42.1442],[-88.3168,42.1449],[-88.3169,42.1456],[-88.3163,42.1456],[-88.3163,42.1461],[-88.3157,42.1462],[-88.3157,42.1456],[-88.3161,42.1455],[-88.3161,42.1451]]]},"properties":{"id":"usgs-pad-us-fee-managers:92344","name":"Dixie Creek Riparian Corridor","kind":"land","category":"public-land","sourceCategory":"public-land","sourceId":"usgs-pad-us-fee-managers","sourceUrl":"https://services.arcgis.com/v01gqwM5QqNysAAi/arcgis/rest/services/Fee_Managers_PADUS/FeatureServer/0","sourceUpdated":"2023-05-15T04:00:00.000Z","publicUse":"PAD-US reports open access; verify current manager conditions and restrictions.","unit":"CITY","origin":"public-catalog"}},{"type":"Feature","id":"usgs-pad-us-fee-managers:92345","geometry":{"type":"Polygon","coordinates":[[[-88.3118,42.1638],[-88.3124,42.1625],[-88.3133,42.1626],[-88.3132,42.1648],[-88.3114,42.1648],[-88.3118,42.1638]]]},"properties":{"id":"usgs-pad-us-fee-managers:92345","name":"Gaslight Park","kind":"land","category":"public-land","sourceCategory":"public-land","sourceId":"usgs-pad-us-fee-managers","sourceUrl":"https://services.arcgis.com/v01gqwM5QqNysAAi/arcgis/rest/services/Fee_Managers_PADUS/FeatureServer/0","sourceUpdated":"2023-05-15T04:00:00.000Z","publicUse":"PAD-US reports open access; verify current manager conditions and restrictions.","unit":"CITY","origin":"public-catalog"}},{"type":"Feature","id":"usgs-pad-us-fee-managers:92346","geometry":{"type":"Polygon","coordinates":[[[-88.2579,42.1543],[-88.2586,42.1542],[-88.2583,42.1547],[-88.2584,42.158],[-88.2623,42.1639],[-88.2625,42.1666],[-88.2629,42.1685],[-88.2619,42.1685],[-88.262,42.1647],[-88.2617,42.1637],[-88.2579,42.1579],[-88.2579,42.1543]]]},"properties":{"id":"usgs-pad-us-fee-managers:92346","name":"Haeger'S Bend Open Space","kind":"land","category":"public-land","sourceCategory":"public-land","sourceId":"usgs-pad-us-fee-managers","sourceUrl":"https://services.arcgis.com/v01gqwM5QqNysAAi/arcgis/rest/services/Fee_Managers_PADUS/FeatureServer/0","sourceUpdated":"2023-05-15T04:00:00.000Z","publicUse":"PAD-US reports open access; verify current manager conditions and restrictions.","unit":"CITY","origin":"public-catalog"}},{"type":"Feature","id":"usgs-pad-us-fee-managers:92347","geometry":{"type":"Polygon","coordinates":[[[-88.3161,42.17],[-88.3161,42.1685],[-88.3169,42.1685],[-88.3203,42.167],[-88.3193,42.1656],[-88.3195,42.1656],[-88.3203,42.1653],[-88.3206,42.1666],[-88.3228,42.1665],[-88.3229,42.1669],[-88.3234,42.1669],[-88.3234,42.1685],[-88.3229,42.1685],[-88.3229,42.169],[-88.3224,42.1694],[-88.3222,42.1692],[-88.3223,42.1689],[-88.322,42.1688],[-88.3203,42.1691],[-88.3203,42.1688],[-88.3199,42.1686],[-88.3193,42.1686],[-88.3193,42.1688],[-88.319,42.1689],[-88.3191,42.1692],[-88.3188,42.1689],[-88.3185,42.1689],[-88.3168,42.1694],[-88.3162,42.1697],[-88.3161,42.17]]]},"properties":{"id":"usgs-pad-us-fee-managers:92347","name":"High Hill Park And Nature Preserve","kind":"land","category":"public-land","sourceCategory":"public-land","sourceId":"usgs-pad-us-fee-managers","sourceUrl":"https://services.arcgis.com/v01gqwM5QqNysAAi/arcgis/rest/services/Fee_Managers_PADUS/FeatureServer/0","sourceUpdated":"2023-05-15T04:00:00.000Z","publicUse":"PAD-US reports open access; verify current manager conditions and restrictions.","unit":"CITY","origin":"public-catalog"}},{"type":"Feature","id":"usgs-pad-us-fee-managers:92348","geometry":{"type":"MultiPolygon","coordinates":[[[[-88.2986,42.1618],[-88.2976,42.162],[-88.2977,42.1614],[-88.3003,42.1614],[-88.3003,42.1623],[-88.2999,42.1626],[-88.2994,42.1621],[-88.2986,42.1618]]],[[[-88.2979,42.1643],[-88.2967,42.1643],[-88.2967,42.164],[-88.296,42.1639],[-88.2969,42.1635],[-88.2973,42.1624],[-88.2977,42.1621],[-88.2985,42.1619],[-88.2993,42.1621],[-88.2998,42.1626],[-88.2989,42.1634],[-88.2989,42.1644],[-88.298,42.1645],[-88.2979,42.1643]]]]},"properties":{"id":"usgs-pad-us-fee-managers:92348","name":"Hill Climb Park","kind":"land","category":"public-land","sourceCategory":"public-land","sourceId":"usgs-pad-us-fee-managers","sourceUrl":"https://services.arcgis.com/v01gqwM5QqNysAAi/arcgis/rest/services/Fee_Managers_PADUS/FeatureServer/0","sourceUpdated":"2023-05-15T04:00:00.000Z","publicUse":"PAD-US reports open access; verify current manager conditions and restrictions.","unit":"CITY","origin":"public-catalog"}},{"type":"Feature","id":"usgs-pad-us-fee-managers:92349","geometry":{"type":"Polygon","coordinates":[[[-88.2718,42.1644],[-88.2711,42.1644],[-88.2711,42.1637],[-88.2719,42.1628],[-88.2733,42.1635],[-88.2735,42.1638],[-88.2738,42.1637],[-88.2738,42.1641],[-88.2741,42.1643],[-88.2732,42.1648],[-88.2718,42.1644]]]},"properties":{"id":"usgs-pad-us-fee-managers:92349","name":"Holder Park","kind":"land","category":"public-land","sourceCategory":"public-land","sourceId":"usgs-pad-us-fee-managers","sourceUrl":"https://services.arcgis.com/v01gqwM5QqNysAAi/arcgis/rest/services/Fee_Managers_PADUS/FeatureServer/0","sourceUpdated":"2023-05-15T04:00:00.000Z","publicUse":"PAD-US reports open access; verify current manager conditions and restrictions.","unit":"CITY","origin":"public-catalog"}},{"type":"Feature","id":"usgs-pad-us-fee-managers:92350","geometry":{"type":"Polygon","coordinates":[[[-88.3634,42.1663],[-88.3632,42.166],[-88.3626,42.1662],[-88.3621,42.1657],[-88.3625,42.1653],[-88.3614,42.1649],[-88.3609,42.1635],[-88.361,42.1622],[-88.3615,42.1623],[-88.3621,42.1629],[-88.3638,42.163],[-88.3642,42.1649],[-88.3648,42.1649],[-88.3648,42.1653],[-88.3642,42.1653],[-88.3646,42.1665],[-88.3643,42.1673],[-88.3636,42.1673],[-88.3634,42.1663]]]},"properties":{"id":"usgs-pad-us-fee-managers:92350","name":"James B. Wood Park","kind":"land","category":"public-land","sourceCategory":"public-land","sourceId":"usgs-pad-us-fee-managers","sourceUrl":"https://services.arcgis.com/v01gqwM5QqNysAAi/arcgis/rest/services/Fee_Managers_PADUS/FeatureServer/0","sourceUpdated":"2023-05-15T04:00:00.000Z","publicUse":"PAD-US reports open access; verify current manager conditions and restrictions.","unit":"CITY","origin":"public-catalog"}},{"type":"Feature","id":"usgs-pad-us-fee-managers:92351","geometry":{"type":"Polygon","coordinates":[[[-88.3119,42.1694],[-88.3118,42.1691],[-88.3111,42.1691],[-88.3111,42.1682],[-88.3108,42.1679],[-88.3119,42.1679],[-88.3125,42.1685],[-88.3119,42.1694]]]},"properties":{"id":"usgs-pad-us-fee-managers:92351","name":"Jaycees Field","kind":"land","category":"public-land","sourceCategory":"public-land","sourceId":"usgs-pad-us-fee-managers","sourceUrl":"https://services.arcgis.com/v01gqwM5QqNysAAi/arcgis/rest/services/Fee_Managers_PADUS/FeatureServer/0","sourceUpdated":"2023-05-15T04:00:00.000Z","publicUse":"PAD-US reports open access; verify current manager conditions and restrictions.","unit":"CITY","origin":"public-catalog"}},{"type":"Feature","id":"usgs-pad-us-fee-managers:92352","geometry":{"type":"Polygon","coordinates":[[[-88.3691,42.1636],[-88.3691,42.1613],[-88.3739,42.1612],[-88.3739,42.1639],[-88.3715,42.1637],[-88.3691,42.1641],[-88.3691,42.1636]]]},"properties":{"id":"usgs-pad-us-fee-managers:92352","name":"Kelliher Park","kind":"land","category":"public-land","sourceCategory":"public-land","sourceId":"usgs-pad-us-fee-managers","sourceUrl":"https://services.arcgis.com/v01gqwM5QqNysAAi/arcgis/rest/services/Fee_Managers_PADUS/FeatureServer/0","sourceUpdated":"2023-05-15T04:00:00.000Z","publicUse":"PAD-US reports open access; verify current manager conditions and restrictions.","unit":"CITY","origin":"public-catalog"}},{"type":"Feature","id":"usgs-pad-us-fee-managers:92353","geometry":{"type":"Polygon","coordinates":[[[-88.3214,42.1735],[-88.3217,42.1734],[-88.3222,42.1742],[-88.3212,42.175],[-88.3211,42.1756],[-88.3207,42.1756],[-88.3207,42.1736],[-88.3214,42.1735]]]},"properties":{"id":"usgs-pad-us-fee-managers:92353","name":"Lake Drive South Naturalized Stormwater Facility","kind":"land","category":"public-land","sourceCategory":"public-land","sourceId":"usgs-pad-us-fee-managers","sourceUrl":"https://services.arcgis.com/v01gqwM5QqNysAAi/arcgis/rest/services/Fee_Managers_PADUS/FeatureServer/0","sourceUpdated":"2023-05-15T04:00:00.000Z","publicUse":"PAD-US reports open access; verify current manager conditions and restrictions.","unit":"CITY","origin":"public-catalog"}},{"type":"Feature","id":"usgs-pad-us-fee-managers:92354","geometry":{"type":"Polygon","coordinates":[[[-88.3164,42.1537],[-88.3163,42.1491],[-88.3169,42.1491],[-88.3177,42.15],[-88.3173,42.1506],[-88.3174,42.1513],[-88.3167,42.1514],[-88.3171,42.1531],[-88.318,42.1537],[-88.3191,42.1537],[-88.3164,42.1537]]]},"properties":{"id":"usgs-pad-us-fee-managers:92354","name":"Lawndale Park","kind":"land","category":"public-land","sourceCategory":"public-land","sourceId":"usgs-pad-us-fee-managers","sourceUrl":"https://services.arcgis.com/v01gqwM5QqNysAAi/arcgis/rest/services/Fee_Managers_PADUS/FeatureServer/0","sourceUpdated":"2023-05-15T04:00:00.000Z","publicUse":"PAD-US reports open access; verify current manager conditions and restrictions.","unit":"CITY","origin":"public-catalog"}},{"type":"Feature","id":"usgs-pad-us-fee-managers:92355","geometry":{"type":"Polygon","coordinates":[[[-88.28,42.1757],[-88.2799,42.1763],[-88.279,42.1767],[-88.2789,42.1758],[-88.28,42.1757]]]},"properties":{"id":"usgs-pad-us-fee-managers:92355","name":"Merrill Pioneer Park","kind":"land","category":"public-land","sourceCategory":"public-land","sourceId":"usgs-pad-us-fee-managers","sourceUrl":"https://services.arcgis.com/v01gqwM5QqNysAAi/arcgis/rest/services/Fee_Managers_PADUS/FeatureServer/0","sourceUpdated":"2023-05-15T04:00:00.000Z","publicUse":"PAD-US reports open access; verify current manager conditions and restrictions.","unit":"CITY","origin":"public-catalog"}},{"type":"Feature","id":"usgs-pad-us-fee-managers:92356","geometry":{"type":"Polygon","coordinates":[[[-88.345,42.157],[-88.3454,42.157],[-88.3454,42.1576],[-88.3446,42.1576],[-88.3446,42.1571],[-88.345,42.157]]]},"properties":{"id":"usgs-pad-us-fee-managers:92356","name":"Pond View Park","kind":"land","category":"public-land","sourceCategory":"public-land","sourceId":"usgs-pad-us-fee-managers","sourceUrl":"https://services.arcgis.com/v01gqwM5QqNysAAi/arcgis/rest/services/Fee_Managers_PADUS/FeatureServer/0","sourceUpdated":"2023-05-15T04:00:00.000Z","publicUse":"PAD-US reports open access; verify current manager conditions and restrictions.","unit":"CITY","origin":"public-catalog"}},{"type":"Feature","id":"usgs-pad-us-fee-managers:92357","geometry":{"type":"Polygon","coordinates":[[[-88.2949,42.1561],[-88.2951,42.1565],[-88.2948,42.1565],[-88.2949,42.1561]]]},"properties":{"id":"usgs-pad-us-fee-managers:92357","name":"Rattray Triangle","kind":"land","category":"public-land","sourceCategory":"public-land","sourceId":"usgs-pad-us-fee-managers","sourceUrl":"https://services.arcgis.com/v01gqwM5QqNysAAi/arcgis/rest/services/Fee_Managers_PADUS/FeatureServer/0","sourceUpdated":"2023-05-15T04:00:00.000Z","publicUse":"PAD-US reports open access; verify current manager conditions and restrictions.","unit":"CITY","origin":"public-catalog"}},{"type":"Feature","id":"usgs-pad-us-fee-managers:92358","geometry":{"type":"Polygon","coordinates":[[[-88.2897,42.1674],[-88.2902,42.1675],[-88.2881,42.1693],[-88.2878,42.1692],[-88.2897,42.1674]]]},"properties":{"id":"usgs-pad-us-fee-managers:92358","name":"Riverfront Park","kind":"land","category":"public-land","sourceCategory":"public-land","sourceId":"usgs-pad-us-fee-managers","sourceUrl":"https://services.arcgis.com/v01gqwM5QqNysAAi/arcgis/rest/services/Fee_Managers_PADUS/FeatureServer/0","sourceUpdated":"2023-05-15T04:00:00.000Z","publicUse":"PAD-US reports open access; verify current manager conditions and restrictions.","unit":"CITY","origin":"public-catalog"}},{"type":"Feature","id":"usgs-pad-us-fee-managers:92359","geometry":{"type":"Polygon","coordinates":[[[-88.2808,42.1575],[-88.2808,42.1565],[-88.2809,42.1567],[-88.2821,42.1566],[-88.2821,42.1584],[-88.2808,42.1584],[-88.2808,42.1575]]]},"properties":{"id":"usgs-pad-us-fee-managers:92359","name":"Snapper Field & Pool","kind":"land","category":"public-land","sourceCategory":"public-land","sourceId":"usgs-pad-us-fee-managers","sourceUrl":"https://services.arcgis.com/v01gqwM5QqNysAAi/arcgis/rest/services/Fee_Managers_PADUS/FeatureServer/0","sourceUpdated":"2023-05-15T04:00:00.000Z","publicUse":"PAD-US reports open access; verify current manager conditions and restrictions.","unit":"CITY","origin":"public-catalog"}},{"type":"Feature","id":"usgs-pad-us-fee-managers:92360","geometry":{"type":"Polygon","coordinates":[[[-88.3098,42.1711],[-88.311,42.1716],[-88.311,42.1721],[-88.3094,42.1721],[-88.3098,42.1711]]]},"properties":{"id":"usgs-pad-us-fee-managers:92360","name":"Stoneybrook Park","kind":"land","category":"public-land","sourceCategory":"public-land","sourceId":"usgs-pad-us-fee-managers","sourceUrl":"https://services.arcgis.com/v01gqwM5QqNysAAi/arcgis/rest/services/Fee_Managers_PADUS/FeatureServer/0","sourceUpdated":"2023-05-15T04:00:00.000Z","publicUse":"PAD-US reports open access; verify current manager conditions and restrictions.","unit":"CITY","origin":"public-catalog"}},{"type":"Feature","id":"usgs-pad-us-fee-managers:92361","geometry":{"type":"Polygon","coordinates":[[[-88.3451,42.1633],[-88.3451,42.1627],[-88.347,42.1625],[-88.3469,42.1613],[-88.3502,42.1613],[-88.3513,42.1595],[-88.3501,42.1588],[-88.3492,42.157],[-88.3485,42.1572],[-88.3484,42.1564],[-88.3474,42.1557],[-88.3483,42.1557],[-88.3484,42.154],[-88.3544,42.154],[-88.3544,42.1559],[-88.3566,42.1559],[-88.3567,42.1567],[-88.3572,42.157],[-88.3572,42.1579],[-88.3562,42.158],[-88.356,42.1588],[-88.3557,42.1589],[-88.3557,42.1595],[-88.357,42.1596],[-88.357,42.1606],[-88.3564,42.1606],[-88.356,42.1602],[-88.3551,42.1604],[-88.3551,42.162],[-88.3545,42.162],[-88.3545,42.1626],[-88.3536,42.1626],[-88.3536,42.1633],[-88.3451,42.1633]]]},"properties":{"id":"usgs-pad-us-fee-managers:92361","name":"Ted Spella Community Park","kind":"land","category":"public-land","sourceCategory":"public-land","sourceId":"usgs-pad-us-fee-managers","sourceUrl":"https://services.arcgis.com/v01gqwM5QqNysAAi/arcgis/rest/services/Fee_Managers_PADUS/FeatureServer/0","sourceUpdated":"2023-05-15T04:00:00.000Z","publicUse":"PAD-US reports open access; verify current manager conditions and restrictions.","unit":"CITY","origin":"public-catalog"}},{"type":"Feature","id":"usgs-pad-us-fee-managers:92362","geometry":{"type":"Polygon","coordinates":[[[-88.2944,42.1686],[-88.2935,42.1676],[-88.2935,42.1672],[-88.2944,42.1666],[-88.2965,42.1679],[-88.2974,42.1679],[-88.2985,42.1685],[-88.2944,42.1686]]]},"properties":{"id":"usgs-pad-us-fee-managers:92362","name":"Towne Park","kind":"land","category":"public-land","sourceCategory":"public-land","sourceId":"usgs-pad-us-fee-managers","sourceUrl":"https://services.arcgis.com/v01gqwM5QqNysAAi/arcgis/rest/services/Fee_Managers_PADUS/FeatureServer/0","sourceUpdated":"2023-05-15T04:00:00.000Z","publicUse":"PAD-US reports open access; verify current manager conditions and restrictions.","unit":"CITY","origin":"public-catalog"}},{"type":"Feature","id":"usgs-pad-us-fee-managers:92363","geometry":{"type":"Polygon","coordinates":[[[-88.3275,42.1572],[-88.3278,42.1573],[-88.327,42.158],[-88.3266,42.1577],[-88.3267,42.1573],[-88.3275,42.1572]]]},"properties":{"id":"usgs-pad-us-fee-managers:92363","name":"Tunbridge Park","kind":"land","category":"public-land","sourceCategory":"public-land","sourceId":"usgs-pad-us-fee-managers","sourceUrl":"https://services.arcgis.com/v01gqwM5QqNysAAi/arcgis/rest/services/Fee_Managers_PADUS/FeatureServer/0","sourceUpdated":"2023-05-15T04:00:00.000Z","publicUse":"PAD-US reports open access; verify current manager conditions and restrictions.","unit":"CITY","origin":"public-catalog"}},{"type":"Feature","id":"usgs-pad-us-fee-managers:92364","geometry":{"type":"Polygon","coordinates":[[[-88.3256,42.1669],[-88.3235,42.1674],[-88.3235,42.1669],[-88.3258,42.1663],[-88.3261,42.1661],[-88.326,42.1653],[-88.3266,42.1657],[-88.3276,42.1658],[-88.3289,42.1669],[-88.3285,42.1685],[-88.3273,42.1691],[-88.3262,42.1685],[-88.3261,42.1674],[-88.3256,42.1669]]]},"properties":{"id":"usgs-pad-us-fee-managers:92364","name":"Village Hall Open Space","kind":"land","category":"public-land","sourceCategory":"public-land","sourceId":"usgs-pad-us-fee-managers","sourceUrl":"https://services.arcgis.com/v01gqwM5QqNysAAi/arcgis/rest/services/Fee_Managers_PADUS/FeatureServer/0","sourceUpdated":"2023-05-15T04:00:00.000Z","publicUse":"PAD-US reports open access; verify current manager conditions and restrictions.","unit":"CITY","origin":"public-catalog"}},{"type":"Feature","id":"usgs-pad-us-fee-managers:92365","geometry":{"type":"Polygon","coordinates":[[[-88.328,42.1469],[-88.3287,42.1481],[-88.3253,42.1486],[-88.3253,42.148],[-88.325,42.1476],[-88.3251,42.1471],[-88.3248,42.1468],[-88.328,42.1469]]]},"properties":{"id":"usgs-pad-us-fee-managers:92365","name":"Willoughby Farms Park","kind":"land","category":"public-land","sourceCategory":"public-land","sourceId":"usgs-pad-us-fee-managers","sourceUrl":"https://services.arcgis.com/v01gqwM5QqNysAAi/arcgis/rest/services/Fee_Managers_PADUS/FeatureServer/0","sourceUpdated":"2023-05-15T04:00:00.000Z","publicUse":"PAD-US reports open access; verify current manager conditions and restrictions.","unit":"CITY","origin":"public-catalog"}},{"type":"Feature","id":"usgs-pad-us-fee-managers:92366","geometry":{"type":"MultiPolygon","coordinates":[[[[-88.3496,42.1633],[-88.3501,42.1633],[-88.3501,42.1642],[-88.3479,42.164],[-88.3479,42.1633],[-88.3496,42.1633]]],[[[-88.3465,42.1678],[-88.3465,42.1669],[-88.3475,42.1669],[-88.3475,42.1655],[-88.3471,42.1648],[-88.3478,42.1648],[-88.3478,42.1641],[-88.3496,42.1644],[-88.3496,42.1648],[-88.35,42.1648],[-88.3493,42.1655],[-88.3493,42.1681],[-88.348,42.1679],[-88.3466,42.1683],[-88.3465,42.1678]]],[[[-88.3493,42.1739],[-88.3497,42.1738],[-88.3497,42.1747],[-88.3493,42.1739]]],[[[-88.3464,42.1755],[-88.3466,42.1747],[-88.3463,42.1738],[-88.3467,42.1736],[-88.3466,42.1732],[-88.3457,42.1727],[-88.3454,42.1705],[-88.3427,42.1706],[-88.3432,42.1699],[-88.345,42.1698],[-88.3458,42.1695],[-88.3461,42.1692],[-88.3462,42.1686],[-88.348,42.1681],[-88.3493,42.1683],[-88.3493,42.1695],[-88.3481,42.1696],[-88.3479,42.1705],[-88.3481,42.1711],[-88.349,42.1716],[-88.349,42.172],[-88.3485,42.172],[-88.3485,42.1738],[-88.349,42.1738],[-88.3493,42.1744],[-88.3488,42.1745],[-88.3487,42.1754],[-88.3497,42.1753],[-88.3497,42.1755],[-88.3464,42.1755]]]]},"properties":{"id":"usgs-pad-us-fee-managers:92366","name":"Woods Creek Riparian Corridor","kind":"land","category":"public-land","sourceCategory":"public-land","sourceId":"usgs-pad-us-fee-managers","sourceUrl":"https://services.arcgis.com/v01gqwM5QqNysAAi/arcgis/rest/services/Fee_Managers_PADUS/FeatureServer/0","sourceUpdated":"2023-05-15T04:00:00.000Z","publicUse":"PAD-US reports open access; verify current manager conditions and restrictions.","unit":"CITY","origin":"public-catalog"}},{"type":"Feature","id":"usgs-pad-us-fee-managers:92367","geometry":{"type":"Polygon","coordinates":[[[-88.3158,42.1417],[-88.3157,42.1415],[-88.3152,42.1417],[-88.315,42.1411],[-88.3143,42.1407],[-88.3141,42.1403],[-88.3162,42.1404],[-88.3162,42.1419],[-88.3158,42.1417]]]},"properties":{"id":"usgs-pad-us-fee-managers:92367","name":"Wynnfield Park","kind":"land","category":"public-land","sourceCategory":"public-land","sourceId":"usgs-pad-us-fee-managers","sourceUrl":"https://services.arcgis.com/v01gqwM5QqNysAAi/arcgis/rest/services/Fee_Managers_PADUS/FeatureServer/0","sourceUpdated":"2023-05-15T04:00:00.000Z","publicUse":"PAD-US reports open access; verify current manager conditions and restrictions.","unit":"CITY","origin":"public-catalog"}},{"type":"Feature","id":"usgs-pad-us-fee-managers:92368","geometry":{"type":"Polygon","coordinates":[[[-88.2646,42.1608],[-88.2646,42.1605],[-88.2639,42.1605],[-88.2622,42.1579],[-88.2617,42.158],[-88.2622,42.1578],[-88.2622,42.1573],[-88.2625,42.1574],[-88.2624,42.1577],[-88.2652,42.1591],[-88.2651,42.1605],[-88.2647,42.1605],[-88.2646,42.1608]]]},"properties":{"id":"usgs-pad-us-fee-managers:92368","name":"Yellowstone Park","kind":"land","category":"public-land","sourceCategory":"public-land","sourceId":"usgs-pad-us-fee-managers","sourceUrl":"https://services.arcgis.com/v01gqwM5QqNysAAi/arcgis/rest/services/Fee_Managers_PADUS/FeatureServer/0","sourceUpdated":"2023-05-15T04:00:00.000Z","publicUse":"PAD-US reports open access; verify current manager conditions and restrictions.","unit":"CITY","origin":"public-catalog"}},{"type":"Feature","id":"usgs-pad-us-fee-managers:92369","geometry":{"type":"Polygon","coordinates":[[[-88.2962,42.1616],[-88.2965,42.1615],[-88.2963,42.1617],[-88.2962,42.1616]]]},"properties":{"id":"usgs-pad-us-fee-managers:92369","name":"Zimmerman Park","kind":"land","category":"public-land","sourceCategory":"public-land","sourceId":"usgs-pad-us-fee-managers","sourceUrl":"https://services.arcgis.com/v01gqwM5QqNysAAi/arcgis/rest/services/Fee_Managers_PADUS/FeatureServer/0","sourceUpdated":"2023-05-15T04:00:00.000Z","publicUse":"PAD-US reports open access; verify current manager conditions and restrictions.","unit":"CITY","origin":"public-catalog"}},{"type":"Feature","id":"usgs-pad-us-fee-managers:92371","geometry":{"type":"Polygon","coordinates":[[[-90.1108,38.5764],[-90.1122,38.5754],[-90.1135,38.5765],[-90.1119,38.5776],[-90.1108,38.5764]]]},"properties":{"id":"usgs-pad-us-fee-managers:92371","name":"Alorton Village Park","kind":"land","category":"public-land","sourceCategory":"public-land","sourceId":"usgs-pad-us-fee-managers","sourceUrl":"https://services.arcgis.com/v01gqwM5QqNysAAi/arcgis/rest/services/Fee_Managers_PADUS/FeatureServer/0","sourceUpdated":"2023-05-15T04:00:00.000Z","publicUse":"PAD-US reports open access; verify current manager conditions and restrictions.","unit":"CITY","origin":"public-catalog"}},{"type":"Feature","id":"usgs-pad-us-fee-managers:92376","geometry":{"type":"Polygon","coordinates":[[[-87.7663,41.6675],[-87.7663,41.6671],[-87.7675,41.6671],[-87.7675,41.6674],[-87.768,41.6674],[-87.768,41.6682],[-87.7663,41.6675]]]},"properties":{"id":"usgs-pad-us-fee-managers:92376","name":"Austin View Park","kind":"land","category":"public-land","sourceCategory":"public-land","sourceId":"usgs-pad-us-fee-managers","sourceUrl":"https://services.arcgis.com/v01gqwM5QqNysAAi/arcgis/rest/services/Fee_Managers_PADUS/FeatureServer/0","sourceUpdated":"2023-05-15T04:00:00.000Z","publicUse":"PAD-US reports open access; verify current manager conditions and restrictions.","unit":"CITY","origin":"public-catalog"}},{"type":"Feature","id":"usgs-pad-us-fee-managers:92448","geometry":{"type":"Polygon","coordinates":[[[-88.2899,41.7422],[-88.2895,41.7414],[-88.2894,41.7415],[-88.2857,41.7328],[-88.2858,41.7325],[-88.2982,41.7316],[-88.2982,41.7367],[-88.3009,41.7366],[-88.3009,41.7359],[-88.3014,41.7359],[-88.3014,41.7363],[-88.3026,41.7361],[-88.3026,41.7366],[-88.3031,41.7366],[-88.3031,41.7375],[-88.3007,41.7376],[-88.3007,41.7386],[-88.2993,41.7386],[-88.2984,41.7402],[-88.2984,41.7408],[-88.2959,41.7408],[-88.2959,41.742],[-88.2945,41.742],[-88.2944,41.7387],[-88.294,41.7387],[-88.2941,41.7421],[-88.2899,41.7422]]]},"properties":{"id":"usgs-pad-us-fee-managers:92448","name":"Phillips Park","kind":"land","category":"public-land","sourceCategory":"public-land","sourceId":"usgs-pad-us-fee-managers","sourceUrl":"https://services.arcgis.com/v01gqwM5QqNysAAi/arcgis/rest/services/Fee_Managers_PADUS/FeatureServer/0","sourceUpdated":"2023-05-15T04:00:00.000Z","publicUse":"PAD-US reports open access; verify current manager conditions and restrictions.","unit":"CITY","origin":"public-catalog"}},{"type":"Feature","id":"usgs-pad-us-fee-managers:92449","geometry":{"type":"Polygon","coordinates":[[[-88.4831,41.7868],[-88.483,41.7801],[-88.4852,41.7826],[-88.4858,41.7829],[-88.4891,41.7831],[-88.4892,41.7868],[-88.4831,41.7868]]]},"properties":{"id":"usgs-pad-us-fee-managers:92449","name":"Sugar Grove Sports Complex","kind":"land","category":"public-land","sourceCategory":"public-land","sourceId":"usgs-pad-us-fee-managers","sourceUrl":"https://services.arcgis.com/v01gqwM5QqNysAAi/arcgis/rest/services/Fee_Managers_PADUS/FeatureServer/0","sourceUpdated":"2023-05-15T04:00:00.000Z","publicUse":"PAD-US reports open access; verify current manager conditions and restrictions.","unit":"CITY","origin":"public-catalog"}},{"type":"Feature","id":"usgs-pad-us-fee-managers:92489","geometry":{"type":"Polygon","coordinates":[[[-88.1846,41.9949],[-88.1856,41.9949],[-88.1856,41.9962],[-88.1839,41.9962],[-88.184,41.9949],[-88.1846,41.9949]]]},"properties":{"id":"usgs-pad-us-fee-managers:92489","name":"Bartlett Park","kind":"land","category":"public-land","sourceCategory":"public-land","sourceId":"usgs-pad-us-fee-managers","sourceUrl":"https://services.arcgis.com/v01gqwM5QqNysAAi/arcgis/rest/services/Fee_Managers_PADUS/FeatureServer/0","sourceUpdated":"2023-05-15T04:00:00.000Z","publicUse":"PAD-US reports open access; verify current manager conditions and restrictions.","unit":"CITY","origin":"public-catalog"}},{"type":"Feature","id":"usgs-pad-us-fee-managers:92490","geometry":{"type":"Polygon","coordinates":[[[-88.2631,41.9893],[-88.2631,41.9868],[-88.2657,41.9867],[-88.2658,41.9883],[-88.2677,41.9881],[-88.2678,41.9903],[-88.2641,41.9904],[-88.263,41.9902],[-88.2631,41.9893]]]},"properties":{"id":"usgs-pad-us-fee-managers:92490","name":"Glen A Koehler Fields","kind":"land","category":"public-land","sourceCategory":"public-land","sourceId":"usgs-pad-us-fee-managers","sourceUrl":"https://services.arcgis.com/v01gqwM5QqNysAAi/arcgis/rest/services/Fee_Managers_PADUS/FeatureServer/0","sourceUpdated":"2023-05-15T04:00:00.000Z","publicUse":"PAD-US reports open access; verify current manager conditions and restrictions.","unit":"CITY","origin":"public-catalog"}},{"type":"Feature","id":"usgs-pad-us-fee-managers:92491","geometry":{"type":"Polygon","coordinates":[[[-88.2042,41.9909],[-88.2056,41.9908],[-88.2056,41.9912],[-88.2048,41.9914],[-88.2042,41.9912],[-88.2042,41.9909]]]},"properties":{"id":"usgs-pad-us-fee-managers:92491","name":"Kermits Corner Park","kind":"land","category":"public-land","sourceCategory":"public-land","sourceId":"usgs-pad-us-fee-managers","sourceUrl":"https://services.arcgis.com/v01gqwM5QqNysAAi/arcgis/rest/services/Fee_Managers_PADUS/FeatureServer/0","sourceUpdated":"2023-05-15T04:00:00.000Z","publicUse":"PAD-US reports open access; verify current manager conditions and restrictions.","unit":"CITY","origin":"public-catalog"}},{"type":"Feature","id":"usgs-pad-us-fee-managers:92492","geometry":{"type":"Polygon","coordinates":[[[-88.2468,41.9912],[-88.2463,41.991],[-88.2448,41.991],[-88.2448,41.9879],[-88.2451,41.9879],[-88.2452,41.9883],[-88.2471,41.9883],[-88.247,41.9889],[-88.2491,41.9912],[-88.2477,41.992],[-88.2468,41.9912]]]},"properties":{"id":"usgs-pad-us-fee-managers:92492","name":"Nature Ridge Park","kind":"land","category":"public-land","sourceCategory":"public-land","sourceId":"usgs-pad-us-fee-managers","sourceUrl":"https://services.arcgis.com/v01gqwM5QqNysAAi/arcgis/rest/services/Fee_Managers_PADUS/FeatureServer/0","sourceUpdated":"2023-05-15T04:00:00.000Z","publicUse":"PAD-US reports open access; verify current manager conditions and restrictions.","unit":"CITY","origin":"public-catalog"}},{"type":"Feature","id":"usgs-pad-us-fee-managers:92493","geometry":{"type":"Polygon","coordinates":[[[-88.1943,41.9894],[-88.1936,41.9891],[-88.1926,41.9892],[-88.1928,41.9885],[-88.1956,41.9883],[-88.1956,41.9893],[-88.1943,41.9894]]]},"properties":{"id":"usgs-pad-us-fee-managers:92493","name":"Oak Grove Park","kind":"land","category":"public-land","sourceCategory":"public-land","sourceId":"usgs-pad-us-fee-managers","sourceUrl":"https://services.arcgis.com/v01gqwM5QqNysAAi/arcgis/rest/services/Fee_Managers_PADUS/FeatureServer/0","sourceUpdated":"2023-05-15T04:00:00.000Z","publicUse":"PAD-US reports open access; verify current manager conditions and restrictions.","unit":"CITY","origin":"public-catalog"}},{"type":"Feature","id":"usgs-pad-us-fee-managers:92494","geometry":{"type":"Polygon","coordinates":[[[-88.1635,41.981],[-88.1654,41.9809],[-88.1654,41.9825],[-88.1639,41.983],[-88.1635,41.981]]]},"properties":{"id":"usgs-pad-us-fee-managers:92494","name":"Ruzicka Memorial Park","kind":"land","category":"public-land","sourceCategory":"public-land","sourceId":"usgs-pad-us-fee-managers","sourceUrl":"https://services.arcgis.com/v01gqwM5QqNysAAi/arcgis/rest/services/Fee_Managers_PADUS/FeatureServer/0","sourceUpdated":"2023-05-15T04:00:00.000Z","publicUse":"PAD-US reports open access; verify current manager conditions and restrictions.","unit":"CITY","origin":"public-catalog"}},{"type":"Feature","id":"usgs-pad-us-fee-managers:92495","geometry":{"type":"Polygon","coordinates":[[[-88.179,41.9987],[-88.1796,41.9987],[-88.1796,41.9997],[-88.1777,42.0003],[-88.1777,41.9987],[-88.179,41.9987]]]},"properties":{"id":"usgs-pad-us-fee-managers:92495","name":"Schoppe Park","kind":"land","category":"public-land","sourceCategory":"public-land","sourceId":"usgs-pad-us-fee-managers","sourceUrl":"https://services.arcgis.com/v01gqwM5QqNysAAi/arcgis/rest/services/Fee_Managers_PADUS/FeatureServer/0","sourceUpdated":"2023-05-15T04:00:00.000Z","publicUse":"PAD-US reports open access; verify current manager conditions and restrictions.","unit":"CITY","origin":"public-catalog"}},{"type":"Feature","id":"usgs-pad-us-fee-managers:92552","geometry":{"type":"Polygon","coordinates":[[[-89.9766,38.5274],[-89.9763,38.5276],[-89.9755,38.5269],[-89.9767,38.5259],[-89.9781,38.5268],[-89.9771,38.5278],[-89.9766,38.5274]]]},"properties":{"id":"usgs-pad-us-fee-managers:92552","name":"Aquatic Center","kind":"land","category":"public-land","sourceCategory":"public-land","sourceId":"usgs-pad-us-fee-managers","sourceUrl":"https://services.arcgis.com/v01gqwM5QqNysAAi/arcgis/rest/services/Fee_Managers_PADUS/FeatureServer/0","sourceUpdated":"2023-05-15T04:00:00.000Z","publicUse":"PAD-US reports open access; verify current manager conditions and restrictions.","unit":"CITY","origin":"public-catalog"}},{"type":"Feature","id":"usgs-pad-us-fee-managers:92553","geometry":{"type":"MultiPolygon","coordinates":[[[[-90.0265,38.5453],[-90.0273,38.5453],[-90.0273,38.5463],[-90.0265,38.5453]]],[[[-90.0235,38.5484],[-90.0235,38.5479],[-90.0242,38.5475],[-90.0246,38.5469],[-90.0247,38.5463],[-90.0243,38.5456],[-90.0262,38.5456],[-90.0262,38.5452],[-90.0268,38.5457],[-90.0273,38.5468],[-90.0271,38.548],[-90.0267,38.5485],[-90.0262,38.5487],[-90.0235,38.5484]]],[[[-90.0235,38.5489],[-90.0235,38.5485],[-90.0264,38.5488],[-90.0273,38.5481],[-90.0273,38.5489],[-90.0235,38.5489]]]]},"properties":{"id":"usgs-pad-us-fee-managers:92553","name":"Bellevue Park","kind":"land","category":"public-land","sourceCategory":"public-land","sourceId":"usgs-pad-us-fee-managers","sourceUrl":"https://services.arcgis.com/v01gqwM5QqNysAAi/arcgis/rest/services/Fee_Managers_PADUS/FeatureServer/0","sourceUpdated":"2023-05-15T04:00:00.000Z","publicUse":"PAD-US reports open access; verify current manager conditions and restrictions.","unit":"CITY","origin":"public-catalog"}},{"type":"Feature","id":"usgs-pad-us-fee-managers:92554","geometry":{"type":"Polygon","coordinates":[[[-90.015,38.5182],[-90.0143,38.5174],[-90.0162,38.5163],[-90.0166,38.5155],[-90.0205,38.5164],[-90.0204,38.5199],[-90.0162,38.5199],[-90.0147,38.5183],[-90.015,38.5182]]]},"properties":{"id":"usgs-pad-us-fee-managers:92554","name":"Bicentenial Park","kind":"land","category":"public-land","sourceCategory":"public-land","sourceId":"usgs-pad-us-fee-managers","sourceUrl":"https://services.arcgis.com/v01gqwM5QqNysAAi/arcgis/rest/services/Fee_Managers_PADUS/FeatureServer/0","sourceUpdated":"2023-05-15T04:00:00.000Z","publicUse":"PAD-US reports open access; verify current manager conditions and restrictions.","unit":"CITY","origin":"public-catalog"}},{"type":"Feature","id":"usgs-pad-us-fee-managers:92555","geometry":{"type":"Polygon","coordinates":[[[-90.0107,38.5286],[-90.0108,38.5286],[-90.0108,38.529],[-90.0101,38.529],[-90.0101,38.5286],[-90.0107,38.5286]]]},"properties":{"id":"usgs-pad-us-fee-managers:92555","name":"Cambridge Park","kind":"land","category":"public-land","sourceCategory":"public-land","sourceId":"usgs-pad-us-fee-managers","sourceUrl":"https://services.arcgis.com/v01gqwM5QqNysAAi/arcgis/rest/services/Fee_Managers_PADUS/FeatureServer/0","sourceUpdated":"2023-05-15T04:00:00.000Z","publicUse":"PAD-US reports open access; verify current manager conditions and restrictions.","unit":"CITY","origin":"public-catalog"}},{"type":"Feature","id":"usgs-pad-us-fee-managers:92556","geometry":{"type":"Polygon","coordinates":[[[-89.9892,38.507],[-89.9895,38.507],[-89.9895,38.5078],[-89.9883,38.5078],[-89.9883,38.507],[-89.9892,38.507]]]},"properties":{"id":"usgs-pad-us-fee-managers:92556","name":"City Of Belleville Ball Field","kind":"land","category":"public-land","sourceCategory":"public-land","sourceId":"usgs-pad-us-fee-managers","sourceUrl":"https://services.arcgis.com/v01gqwM5QqNysAAi/arcgis/rest/services/Fee_Managers_PADUS/FeatureServer/0","sourceUpdated":"2023-05-15T04:00:00.000Z","publicUse":"PAD-US reports open access; verify current manager conditions and restrictions.","unit":"CITY","origin":"public-catalog"}},{"type":"Feature","id":"usgs-pad-us-fee-managers:92557","geometry":{"type":"Polygon","coordinates":[[[-89.9638,38.5037],[-89.9638,38.503],[-89.9645,38.5036],[-89.9638,38.5037]]]},"properties":{"id":"usgs-pad-us-fee-managers:92557","name":"Dawn Heights Mini Park","kind":"land","category":"public-land","sourceCategory":"public-land","sourceId":"usgs-pad-us-fee-managers","sourceUrl":"https://services.arcgis.com/v01gqwM5QqNysAAi/arcgis/rest/services/Fee_Managers_PADUS/FeatureServer/0","sourceUpdated":"2023-05-15T04:00:00.000Z","publicUse":"PAD-US reports open access; verify current manager conditions and restrictions.","unit":"CITY","origin":"public-catalog"}},{"type":"Feature","id":"usgs-pad-us-fee-managers:92558","geometry":{"type":"MultiPolygon","coordinates":[[[[-89.9843,38.5133],[-89.9846,38.5133],[-89.9846,38.5135],[-89.9843,38.5133]]],[[[-89.9839,38.5133],[-89.9841,38.5133],[-89.9837,38.5135],[-89.9839,38.5133]]],[[[-89.9845,38.5137],[-89.9847,38.5137],[-89.9847,38.514],[-89.9843,38.514],[-89.9845,38.5137]]],[[[-89.9837,38.5137],[-89.9841,38.514],[-89.9837,38.514],[-89.9837,38.5137]]]]},"properties":{"id":"usgs-pad-us-fee-managers:92558","name":"Downtown Square","kind":"land","category":"public-land","sourceCategory":"public-land","sourceId":"usgs-pad-us-fee-managers","sourceUrl":"https://services.arcgis.com/v01gqwM5QqNysAAi/arcgis/rest/services/Fee_Managers_PADUS/FeatureServer/0","sourceUpdated":"2023-05-15T04:00:00.000Z","publicUse":"PAD-US reports open access; verify current manager conditions and restrictions.","unit":"CITY","origin":"public-catalog"}},{"type":"Feature","id":"usgs-pad-us-fee-managers:92559","geometry":{"type":"Polygon","coordinates":[[[-89.9712,38.5083],[-89.9714,38.5082],[-89.9725,38.5093],[-89.9721,38.5095],[-89.9735,38.5108],[-89.9729,38.5112],[-89.9715,38.51],[-89.9718,38.5097],[-89.9707,38.5086],[-89.9712,38.5083]]]},"properties":{"id":"usgs-pad-us-fee-managers:92559","name":"East End Park","kind":"land","category":"public-land","sourceCategory":"public-land","sourceId":"usgs-pad-us-fee-managers","sourceUrl":"https://services.arcgis.com/v01gqwM5QqNysAAi/arcgis/rest/services/Fee_Managers_PADUS/FeatureServer/0","sourceUpdated":"2023-05-15T04:00:00.000Z","publicUse":"PAD-US reports open access; verify current manager conditions and restrictions.","unit":"CITY","origin":"public-catalog"}},{"type":"Feature","id":"usgs-pad-us-fee-managers:92560","geometry":{"type":"Polygon","coordinates":[[[-89.9785,38.5132],[-89.9786,38.5135],[-89.9784,38.5135],[-89.9783,38.5132],[-89.9785,38.5132]]]},"properties":{"id":"usgs-pad-us-fee-managers:92560","name":"Ever And Anon Park","kind":"land","category":"public-land","sourceCategory":"public-land","sourceId":"usgs-pad-us-fee-managers","sourceUrl":"https://services.arcgis.com/v01gqwM5QqNysAAi/arcgis/rest/services/Fee_Managers_PADUS/FeatureServer/0","sourceUpdated":"2023-05-15T04:00:00.000Z","publicUse":"PAD-US reports open access; verify current manager conditions and restrictions.","unit":"CITY","origin":"public-catalog"}},{"type":"Feature","id":"usgs-pad-us-fee-managers:92561","geometry":{"type":"Polygon","coordinates":[[[-89.9883,38.5185],[-89.9883,38.5179],[-89.989,38.5171],[-89.989,38.5167],[-89.9897,38.5167],[-89.9897,38.5176],[-89.9889,38.5176],[-89.9897,38.5178],[-89.9898,38.5189],[-89.9883,38.5189],[-89.9883,38.5185]]]},"properties":{"id":"usgs-pad-us-fee-managers:92561","name":"Hough Park","kind":"land","category":"public-land","sourceCategory":"public-land","sourceId":"usgs-pad-us-fee-managers","sourceUrl":"https://services.arcgis.com/v01gqwM5QqNysAAi/arcgis/rest/services/Fee_Managers_PADUS/FeatureServer/0","sourceUpdated":"2023-05-15T04:00:00.000Z","publicUse":"PAD-US reports open access; verify current manager conditions and restrictions.","unit":"CITY","origin":"public-catalog"}},{"type":"Feature","id":"usgs-pad-us-fee-managers:92562","geometry":{"type":"Polygon","coordinates":[[[-89.9913,38.5231],[-89.9913,38.5218],[-89.996,38.5217],[-89.9964,38.5219],[-89.9964,38.5222],[-89.9966,38.5222],[-89.997,38.5231],[-89.9951,38.5231],[-89.9951,38.5228],[-89.9944,38.5228],[-89.9944,38.5231],[-89.9913,38.5231]]]},"properties":{"id":"usgs-pad-us-fee-managers:92562","name":"Jaycees Park","kind":"land","category":"public-land","sourceCategory":"public-land","sourceId":"usgs-pad-us-fee-managers","sourceUrl":"https://services.arcgis.com/v01gqwM5QqNysAAi/arcgis/rest/services/Fee_Managers_PADUS/FeatureServer/0","sourceUpdated":"2023-05-15T04:00:00.000Z","publicUse":"PAD-US reports open access; verify current manager conditions and restrictions.","unit":"CITY","origin":"public-catalog"}},{"type":"Feature","id":"usgs-pad-us-fee-managers:92563","geometry":{"type":"Polygon","coordinates":[[[-89.9947,38.5169],[-89.9947,38.516],[-89.9955,38.5164],[-89.9955,38.5169],[-89.9947,38.5169]]]},"properties":{"id":"usgs-pad-us-fee-managers:92563","name":"Joseph W. Gass Park","kind":"land","category":"public-land","sourceCategory":"public-land","sourceId":"usgs-pad-us-fee-managers","sourceUrl":"https://services.arcgis.com/v01gqwM5QqNysAAi/arcgis/rest/services/Fee_Managers_PADUS/FeatureServer/0","sourceUpdated":"2023-05-15T04:00:00.000Z","publicUse":"PAD-US reports open access; verify current manager conditions and restrictions.","unit":"CITY","origin":"public-catalog"}},{"type":"Feature","id":"usgs-pad-us-fee-managers:92564","geometry":{"type":"Polygon","coordinates":[[[-89.9672,38.5009],[-89.9683,38.5001],[-89.97,38.5016],[-89.9664,38.5041],[-89.9647,38.5027],[-89.9672,38.5009]]]},"properties":{"id":"usgs-pad-us-fee-managers:92564","name":"Laderman Park","kind":"land","category":"public-land","sourceCategory":"public-land","sourceId":"usgs-pad-us-fee-managers","sourceUrl":"https://services.arcgis.com/v01gqwM5QqNysAAi/arcgis/rest/services/Fee_Managers_PADUS/FeatureServer/0","sourceUpdated":"2023-05-15T04:00:00.000Z","publicUse":"PAD-US reports open access; verify current manager conditions and restrictions.","unit":"CITY","origin":"public-catalog"}},{"type":"Feature","id":"usgs-pad-us-fee-managers:92565","geometry":{"type":"Polygon","coordinates":[[[-89.9774,38.5175],[-89.9776,38.5175],[-89.9776,38.5179],[-89.9764,38.5179],[-89.9764,38.5175],[-89.9774,38.5175]]]},"properties":{"id":"usgs-pad-us-fee-managers:92565","name":"Nichols Community Center","kind":"land","category":"public-land","sourceCategory":"public-land","sourceId":"usgs-pad-us-fee-managers","sourceUrl":"https://services.arcgis.com/v01gqwM5QqNysAAi/arcgis/rest/services/Fee_Managers_PADUS/FeatureServer/0","sourceUpdated":"2023-05-15T04:00:00.000Z","publicUse":"PAD-US reports open access; verify current manager conditions and restrictions.","unit":"CITY","origin":"public-catalog"}},{"type":"Feature","id":"usgs-pad-us-fee-managers:92566","geometry":{"type":"Polygon","coordinates":[[[-89.9821,38.5237],[-89.9824,38.5234],[-89.9828,38.5237],[-89.9837,38.5236],[-89.9837,38.524],[-89.981,38.5264],[-89.9814,38.5258],[-89.9813,38.525],[-89.9818,38.5244],[-89.9818,38.5239],[-89.9821,38.5237]]]},"properties":{"id":"usgs-pad-us-fee-managers:92566","name":"North End Park","kind":"land","category":"public-land","sourceCategory":"public-land","sourceId":"usgs-pad-us-fee-managers","sourceUrl":"https://services.arcgis.com/v01gqwM5QqNysAAi/arcgis/rest/services/Fee_Managers_PADUS/FeatureServer/0","sourceUpdated":"2023-05-15T04:00:00.000Z","publicUse":"PAD-US reports open access; verify current manager conditions and restrictions.","unit":"CITY","origin":"public-catalog"}},{"type":"Feature","id":"usgs-pad-us-fee-managers:92567","geometry":{"type":"MultiPolygon","coordinates":[[[[-89.9874,38.5178],[-89.9881,38.5178],[-89.9881,38.5199],[-89.987,38.5199],[-89.987,38.5178],[-89.9874,38.5178]]],[[[-89.987,38.52],[-89.9875,38.52],[-89.9875,38.5203],[-89.987,38.5206],[-89.987,38.52]]]]},"properties":{"id":"usgs-pad-us-fee-managers:92567","name":"Optimist Park","kind":"land","category":"public-land","sourceCategory":"public-land","sourceId":"usgs-pad-us-fee-managers","sourceUrl":"https://services.arcgis.com/v01gqwM5QqNysAAi/arcgis/rest/services/Fee_Managers_PADUS/FeatureServer/0","sourceUpdated":"2023-05-15T04:00:00.000Z","publicUse":"PAD-US reports open access; verify current manager conditions and restrictions.","unit":"CITY","origin":"public-catalog"}},{"type":"Feature","id":"usgs-pad-us-fee-managers:92568","geometry":{"type":"Polygon","coordinates":[[[-89.9917,38.5211],[-89.9917,38.52],[-89.9915,38.52],[-89.9927,38.5195],[-89.9927,38.5199],[-89.9938,38.5199],[-89.9938,38.5204],[-89.9944,38.5204],[-89.9943,38.5211],[-89.9962,38.5213],[-89.9973,38.521],[-89.9973,38.5213],[-89.9913,38.5215],[-89.9913,38.5211],[-89.9917,38.5211]]]},"properties":{"id":"usgs-pad-us-fee-managers:92568","name":"Pleasant Hill Park","kind":"land","category":"public-land","sourceCategory":"public-land","sourceId":"usgs-pad-us-fee-managers","sourceUrl":"https://services.arcgis.com/v01gqwM5QqNysAAi/arcgis/rest/services/Fee_Managers_PADUS/FeatureServer/0","sourceUpdated":"2023-05-15T04:00:00.000Z","publicUse":"PAD-US reports open access; verify current manager conditions and restrictions.","unit":"CITY","origin":"public-catalog"}},{"type":"Feature","id":"usgs-pad-us-fee-managers:92569","geometry":{"type":"MultiPolygon","coordinates":[[[[-89.9852,38.5213],[-89.9843,38.5217],[-89.9843,38.5215],[-89.9852,38.5213]]],[[[-89.9839,38.5216],[-89.9841,38.5217],[-89.9837,38.5218],[-89.9839,38.5216]]],[[[-89.9852,38.5215],[-89.9855,38.5215],[-89.9855,38.5226],[-89.9843,38.5234],[-89.9843,38.5218],[-89.9852,38.5215]]],[[[-89.9829,38.5234],[-89.9829,38.5231],[-89.9828,38.5234],[-89.9825,38.5232],[-89.983,38.5223],[-89.9836,38.5218],[-89.9841,38.5218],[-89.9841,38.5231],[-89.9831,38.5228],[-89.9829,38.5234]]]]},"properties":{"id":"usgs-pad-us-fee-managers:92569","name":"Richland Creek Greenway","kind":"land","category":"public-land","sourceCategory":"public-land","sourceId":"usgs-pad-us-fee-managers","sourceUrl":"https://services.arcgis.com/v01gqwM5QqNysAAi/arcgis/rest/services/Fee_Managers_PADUS/FeatureServer/0","sourceUpdated":"2023-05-15T04:00:00.000Z","publicUse":"PAD-US reports open access; verify current manager conditions and restrictions.","unit":"CITY","origin":"public-catalog"}},{"type":"Feature","id":"usgs-pad-us-fee-managers:92570","geometry":{"type":"MultiPolygon","coordinates":[[[[-89.9898,38.5159],[-89.9894,38.5159],[-89.9899,38.5147],[-89.9923,38.5148],[-89.9922,38.5158],[-89.9918,38.5158],[-89.9918,38.5155],[-89.9917,38.5159],[-89.9913,38.5159],[-89.9913,38.5156],[-89.9901,38.5158],[-89.9901,38.5162],[-89.9898,38.5162],[-89.9898,38.5159]]],[[[-89.9892,38.516],[-89.9892,38.5166],[-89.989,38.5166],[-89.989,38.516],[-89.9892,38.516]]]]},"properties":{"id":"usgs-pad-us-fee-managers:92570","name":"Rotary Park","kind":"land","category":"public-land","sourceCategory":"public-land","sourceId":"usgs-pad-us-fee-managers","sourceUrl":"https://services.arcgis.com/v01gqwM5QqNysAAi/arcgis/rest/services/Fee_Managers_PADUS/FeatureServer/0","sourceUpdated":"2023-05-15T04:00:00.000Z","publicUse":"PAD-US reports open access; verify current manager conditions and restrictions.","unit":"CITY","origin":"public-catalog"}},{"type":"Feature","id":"usgs-pad-us-fee-managers:92571","geometry":{"type":"Polygon","coordinates":[[[-89.987,38.521],[-89.9875,38.5218],[-89.9856,38.5225],[-89.9857,38.5213],[-89.987,38.521]]]},"properties":{"id":"usgs-pad-us-fee-managers:92571","name":"Skateboard Park","kind":"land","category":"public-land","sourceCategory":"public-land","sourceId":"usgs-pad-us-fee-managers","sourceUrl":"https://services.arcgis.com/v01gqwM5QqNysAAi/arcgis/rest/services/Fee_Managers_PADUS/FeatureServer/0","sourceUpdated":"2023-05-15T04:00:00.000Z","publicUse":"PAD-US reports open access; verify current manager conditions and restrictions.","unit":"CITY","origin":"public-catalog"}},{"type":"Feature","id":"usgs-pad-us-fee-managers:92572","geometry":{"type":"Polygon","coordinates":[[[-89.9904,38.5087],[-89.9906,38.5084],[-89.9896,38.5079],[-89.9895,38.5063],[-89.9883,38.5054],[-89.9883,38.5051],[-89.989,38.5055],[-89.9919,38.5056],[-89.9919,38.507],[-89.9916,38.507],[-89.9916,38.5073],[-89.9911,38.5073],[-89.9911,38.5087],[-89.9904,38.5087]]]},"properties":{"id":"usgs-pad-us-fee-managers:92572","name":"South Side Park","kind":"land","category":"public-land","sourceCategory":"public-land","sourceId":"usgs-pad-us-fee-managers","sourceUrl":"https://services.arcgis.com/v01gqwM5QqNysAAi/arcgis/rest/services/Fee_Managers_PADUS/FeatureServer/0","sourceUpdated":"2023-05-15T04:00:00.000Z","publicUse":"PAD-US reports open access; verify current manager conditions and restrictions.","unit":"CITY","origin":"public-catalog"}},{"type":"Feature","id":"usgs-pad-us-fee-managers:92575","geometry":{"type":"Polygon","coordinates":[[[-87.8781,41.8713],[-87.8785,41.8712],[-87.8786,41.8724],[-87.8781,41.8724],[-87.8781,41.8713]]]},"properties":{"id":"usgs-pad-us-fee-managers:92575","name":"Cernan Park","kind":"land","category":"public-land","sourceCategory":"public-land","sourceId":"usgs-pad-us-fee-managers","sourceUrl":"https://services.arcgis.com/v01gqwM5QqNysAAi/arcgis/rest/services/Fee_Managers_PADUS/FeatureServer/0","sourceUpdated":"2023-05-15T04:00:00.000Z","publicUse":"PAD-US reports open access; verify current manager conditions and restrictions.","unit":"CITY","origin":"public-catalog"}},{"type":"Feature","id":"usgs-pad-us-fee-managers:92579","geometry":{"type":"Polygon","coordinates":[[[-88.9135,42.3268],[-88.9136,42.3243],[-88.9137,42.3248],[-88.9147,42.3249],[-88.9147,42.3268],[-88.9135,42.3268]]]},"properties":{"id":"usgs-pad-us-fee-managers:92579","name":"Aberdeen Park","kind":"land","category":"public-land","sourceCategory":"public-land","sourceId":"usgs-pad-us-fee-managers","sourceUrl":"https://services.arcgis.com/v01gqwM5QqNysAAi/arcgis/rest/services/Fee_Managers_PADUS/FeatureServer/0","sourceUpdated":"2023-05-15T04:00:00.000Z","publicUse":"PAD-US reports open access; verify current manager conditions and restrictions.","unit":"CITY","origin":"public-catalog"}},{"type":"Feature","id":"usgs-pad-us-fee-managers:92580","geometry":{"type":"MultiPolygon","coordinates":[[[[-88.8527,42.2544],[-88.8522,42.2542],[-88.8515,42.2542],[-88.8514,42.2535],[-88.8519,42.2534],[-88.8522,42.2538],[-88.8537,42.2541],[-88.8542,42.254],[-88.8542,42.2533],[-88.8561,42.2533],[-88.856,42.2536],[-88.8564,42.2536],[-88.8564,42.2533],[-88.8577,42.2534],[-88.8582,42.2537],[-88.8581,42.2533],[-88.8598,42.2533],[-88.8597,42.2543],[-88.859,42.2543],[-88.8577,42.255],[-88.856,42.2551],[-88.8527,42.2544]]],[[[-88.8517,42.2572],[-88.8517,42.256],[-88.8514,42.256],[-88.8514,42.2549],[-88.8502,42.2549],[-88.8501,42.2546],[-88.8516,42.2547],[-88.852,42.2553],[-88.8531,42.255],[-88.8545,42.2551],[-88.8556,42.2554],[-88.8577,42.2553],[-88.8586,42.2549],[-88.861,42.2549],[-88.8609,42.2574],[-88.8517,42.2572]]]]},"properties":{"id":"usgs-pad-us-fee-managers:92580","name":"Belvidere Municipal Park","kind":"land","category":"public-land","sourceCategory":"public-land","sourceId":"usgs-pad-us-fee-managers","sourceUrl":"https://services.arcgis.com/v01gqwM5QqNysAAi/arcgis/rest/services/Fee_Managers_PADUS/FeatureServer/0","sourceUpdated":"2023-05-15T04:00:00.000Z","publicUse":"PAD-US reports open access; verify current manager conditions and restrictions.","unit":"CITY","origin":"public-catalog"}},{"type":"Feature","id":"usgs-pad-us-fee-managers:92581","geometry":{"type":"Polygon","coordinates":[[[-88.8371,42.2595],[-88.8377,42.2601],[-88.8368,42.2605],[-88.8362,42.26],[-88.8371,42.2595]]]},"properties":{"id":"usgs-pad-us-fee-managers:92581","name":"Bobs Park","kind":"land","category":"public-land","sourceCategory":"public-land","sourceId":"usgs-pad-us-fee-managers","sourceUrl":"https://services.arcgis.com/v01gqwM5QqNysAAi/arcgis/rest/services/Fee_Managers_PADUS/FeatureServer/0","sourceUpdated":"2023-05-15T04:00:00.000Z","publicUse":"PAD-US reports open access; verify current manager conditions and restrictions.","unit":"CITY","origin":"public-catalog"}},{"type":"Feature","id":"usgs-pad-us-fee-managers:92582","geometry":{"type":"Polygon","coordinates":[[[-88.8436,42.2573],[-88.8429,42.2577],[-88.8424,42.2573],[-88.8433,42.2571],[-88.8431,42.2569],[-88.8436,42.2566],[-88.8431,42.2562],[-88.8437,42.2566],[-88.8442,42.2563],[-88.844,42.256],[-88.8445,42.2559],[-88.8442,42.2556],[-88.8449,42.2552],[-88.8459,42.2563],[-88.8435,42.2586],[-88.843,42.2581],[-88.8432,42.258],[-88.843,42.2578],[-88.8436,42.2573]]]},"properties":{"id":"usgs-pad-us-fee-managers:92582","name":"Doty Park","kind":"land","category":"public-land","sourceCategory":"public-land","sourceId":"usgs-pad-us-fee-managers","sourceUrl":"https://services.arcgis.com/v01gqwM5QqNysAAi/arcgis/rest/services/Fee_Managers_PADUS/FeatureServer/0","sourceUpdated":"2023-05-15T04:00:00.000Z","publicUse":"PAD-US reports open access; verify current manager conditions and restrictions.","unit":"CITY","origin":"public-catalog"}},{"type":"Feature","id":"usgs-pad-us-fee-managers:92583","geometry":{"type":"MultiPolygon","coordinates":[[[[-88.8594,42.2448],[-88.8586,42.2443],[-88.8585,42.2446],[-88.8572,42.2446],[-88.8572,42.2415],[-88.8558,42.2411],[-88.8558,42.2407],[-88.858,42.241],[-88.859,42.242],[-88.8596,42.2423],[-88.861,42.2424],[-88.8611,42.2449],[-88.8594,42.2448]]],[[[-88.8501,42.2443],[-88.8502,42.2433],[-88.8507,42.2436],[-88.8519,42.2436],[-88.8519,42.2432],[-88.8528,42.2432],[-88.8528,42.2435],[-88.8539,42.2435],[-88.8539,42.2442],[-88.8528,42.244],[-88.8528,42.2443],[-88.8519,42.2443],[-88.8519,42.244],[-88.8509,42.244],[-88.8509,42.2443],[-88.8511,42.2444],[-88.8501,42.2443]]]]},"properties":{"id":"usgs-pad-us-fee-managers:92583","name":"Harkless Park","kind":"land","category":"public-land","sourceCategory":"public-land","sourceId":"usgs-pad-us-fee-managers","sourceUrl":"https://services.arcgis.com/v01gqwM5QqNysAAi/arcgis/rest/services/Fee_Managers_PADUS/FeatureServer/0","sourceUpdated":"2023-05-15T04:00:00.000Z","publicUse":"PAD-US reports open access; verify current manager conditions and restrictions.","unit":"CITY","origin":"public-catalog"}},{"type":"Feature","id":"usgs-pad-us-fee-managers:92584","geometry":{"type":"Polygon","coordinates":[[[-88.8417,42.2752],[-88.8417,42.2709],[-88.8442,42.2709],[-88.8442,42.2712],[-88.8439,42.2712],[-88.8439,42.2726],[-88.8503,42.2726],[-88.8503,42.2719],[-88.8513,42.2719],[-88.8513,42.275],[-88.8512,42.2763],[-88.8509,42.2764],[-88.8419,42.2766],[-88.8416,42.2763],[-88.8417,42.2752]]]},"properties":{"id":"usgs-pad-us-fee-managers:92584","name":"Prairie Fields","kind":"land","category":"public-land","sourceCategory":"public-land","sourceId":"usgs-pad-us-fee-managers","sourceUrl":"https://services.arcgis.com/v01gqwM5QqNysAAi/arcgis/rest/services/Fee_Managers_PADUS/FeatureServer/0","sourceUpdated":"2023-05-15T04:00:00.000Z","publicUse":"PAD-US reports open access; verify current manager conditions and restrictions.","unit":"CITY","origin":"public-catalog"}},{"type":"Feature","id":"usgs-pad-us-fee-managers:92585","geometry":{"type":"Polygon","coordinates":[[[-88.8313,42.25],[-88.8318,42.25],[-88.8318,42.2503],[-88.8313,42.2503],[-88.8313,42.25]]]},"properties":{"id":"usgs-pad-us-fee-managers:92585","name":"Tot Lot","kind":"land","category":"public-land","sourceCategory":"public-land","sourceId":"usgs-pad-us-fee-managers","sourceUrl":"https://services.arcgis.com/v01gqwM5QqNysAAi/arcgis/rest/services/Fee_Managers_PADUS/FeatureServer/0","sourceUpdated":"2023-05-15T04:00:00.000Z","publicUse":"PAD-US reports open access; verify current manager conditions and restrictions.","unit":"CITY","origin":"public-catalog"}},{"type":"Feature","id":"usgs-pad-us-fee-managers:92586","geometry":{"type":"Polygon","coordinates":[[[-88.8173,42.246],[-88.8191,42.246],[-88.819,42.2479],[-88.8172,42.2475],[-88.8173,42.246]]]},"properties":{"id":"usgs-pad-us-fee-managers:92586","name":"Winterroth Park","kind":"land","category":"public-land","sourceCategory":"public-land","sourceId":"usgs-pad-us-fee-managers","sourceUrl":"https://services.arcgis.com/v01gqwM5QqNysAAi/arcgis/rest/services/Fee_Managers_PADUS/FeatureServer/0","sourceUpdated":"2023-05-15T04:00:00.000Z","publicUse":"PAD-US reports open access; verify current manager conditions and restrictions.","unit":"CITY","origin":"public-catalog"}},{"type":"Feature","id":"usgs-pad-us-fee-managers:92727","geometry":{"type":"Polygon","coordinates":[[[-88.9334,40.4808],[-88.9384,40.4808],[-88.9384,40.482],[-88.9334,40.4808]]]},"properties":{"id":"usgs-pad-us-fee-managers:92727","name":"Airport Park","kind":"land","category":"public-land","sourceCategory":"public-land","sourceId":"usgs-pad-us-fee-managers","sourceUrl":"https://services.arcgis.com/v01gqwM5QqNysAAi/arcgis/rest/services/Fee_Managers_PADUS/FeatureServer/0","sourceUpdated":"2021-04-20T04:00:00.000Z","publicUse":"PAD-US reports open access; verify current manager conditions and restrictions.","unit":"CITY","origin":"public-catalog"}},{"type":"Feature","id":"usgs-pad-us-fee-managers:92728","geometry":{"type":"Polygon","coordinates":[[[-89.0077,40.4781],[-89.0086,40.4781],[-89.0084,40.4785],[-89.0077,40.4786],[-89.0077,40.4781]]]},"properties":{"id":"usgs-pad-us-fee-managers:92728","name":"Alton Depot Park","kind":"land","category":"public-land","sourceCategory":"public-land","sourceId":"usgs-pad-us-fee-managers","sourceUrl":"https://services.arcgis.com/v01gqwM5QqNysAAi/arcgis/rest/services/Fee_Managers_PADUS/FeatureServer/0","sourceUpdated":"2023-05-15T04:00:00.000Z","publicUse":"PAD-US reports open access; verify current manager conditions and restrictions.","unit":"CITY","origin":"public-catalog"}},{"type":"Feature","id":"usgs-pad-us-fee-managers:92729","geometry":{"type":"Polygon","coordinates":[[[-88.9649,40.4645],[-88.9649,40.4639],[-88.9645,40.4639],[-88.9645,40.463],[-88.9673,40.463],[-88.9673,40.4644],[-88.9649,40.4645]]]},"properties":{"id":"usgs-pad-us-fee-managers:92729","name":"Angler’S Lake","kind":"land","category":"public-land","sourceCategory":"public-land","sourceId":"usgs-pad-us-fee-managers","sourceUrl":"https://services.arcgis.com/v01gqwM5QqNysAAi/arcgis/rest/services/Fee_Managers_PADUS/FeatureServer/0","sourceUpdated":"2023-05-15T04:00:00.000Z","publicUse":"PAD-US reports open access; verify current manager conditions and restrictions.","unit":"CITY","origin":"public-catalog"}},{"type":"Feature","id":"usgs-pad-us-fee-managers:92730","geometry":{"type":"Polygon","coordinates":[[[-88.982,40.4809],[-88.9821,40.4808],[-88.9821,40.4815],[-88.9819,40.4813],[-88.982,40.4809]]]},"properties":{"id":"usgs-pad-us-fee-managers:92730","name":"Atwood Wayside","kind":"land","category":"public-land","sourceCategory":"public-land","sourceId":"usgs-pad-us-fee-managers","sourceUrl":"https://services.arcgis.com/v01gqwM5QqNysAAi/arcgis/rest/services/Fee_Managers_PADUS/FeatureServer/0","sourceUpdated":"2023-05-15T04:00:00.000Z","publicUse":"PAD-US reports open access; verify current manager conditions and restrictions.","unit":"CITY","origin":"public-catalog"}},{"type":"Feature","id":"usgs-pad-us-fee-managers:92731","geometry":{"type":"Polygon","coordinates":[[[-88.9923,40.483],[-88.9927,40.483],[-88.9931,40.4837],[-88.9923,40.4836],[-88.9923,40.483]]]},"properties":{"id":"usgs-pad-us-fee-managers:92731","name":"Bcpa","kind":"land","category":"public-land","sourceCategory":"public-land","sourceId":"usgs-pad-us-fee-managers","sourceUrl":"https://services.arcgis.com/v01gqwM5QqNysAAi/arcgis/rest/services/Fee_Managers_PADUS/FeatureServer/0","sourceUpdated":"2023-05-15T04:00:00.000Z","publicUse":"PAD-US reports open access; verify current manager conditions and restrictions.","unit":"CITY","origin":"public-catalog"}},{"type":"Feature","id":"usgs-pad-us-fee-managers:92732","geometry":{"type":"Polygon","coordinates":[[[-88.9031,40.5131],[-88.9031,40.5117],[-88.9053,40.5117],[-88.9053,40.513],[-88.9031,40.5131]]]},"properties":{"id":"usgs-pad-us-fee-managers:92732","name":"Bittner Park","kind":"land","category":"public-land","sourceCategory":"public-land","sourceId":"usgs-pad-us-fee-managers","sourceUrl":"https://services.arcgis.com/v01gqwM5QqNysAAi/arcgis/rest/services/Fee_Managers_PADUS/FeatureServer/0","sourceUpdated":"2023-05-15T04:00:00.000Z","publicUse":"PAD-US reports open access; verify current manager conditions and restrictions.","unit":"CITY","origin":"public-catalog"}},{"type":"Feature","id":"usgs-pad-us-fee-managers:92733","geometry":{"type":"Polygon","coordinates":[[[-88.9478,40.4612],[-88.9477,40.4603],[-88.9466,40.4603],[-88.9466,40.4591],[-88.9484,40.4591],[-88.9488,40.4597],[-88.9491,40.4609],[-88.9478,40.4612]]]},"properties":{"id":"usgs-pad-us-fee-managers:92733","name":"Brookridge Park","kind":"land","category":"public-land","sourceCategory":"public-land","sourceId":"usgs-pad-us-fee-managers","sourceUrl":"https://services.arcgis.com/v01gqwM5QqNysAAi/arcgis/rest/services/Fee_Managers_PADUS/FeatureServer/0","sourceUpdated":"2023-05-15T04:00:00.000Z","publicUse":"PAD-US reports open access; verify current manager conditions and restrictions.","unit":"CITY","origin":"public-catalog"}},{"type":"Feature","id":"usgs-pad-us-fee-managers:92734","geometry":{"type":"Polygon","coordinates":[[[-89.0144,40.4738],[-89.0152,40.4738],[-89.0153,40.4743],[-89.0145,40.4743],[-89.0144,40.4738]]]},"properties":{"id":"usgs-pad-us-fee-managers:92734","name":"Buck-Mann Park","kind":"land","category":"public-land","sourceCategory":"public-land","sourceId":"usgs-pad-us-fee-managers","sourceUrl":"https://services.arcgis.com/v01gqwM5QqNysAAi/arcgis/rest/services/Fee_Managers_PADUS/FeatureServer/0","sourceUpdated":"2023-05-15T04:00:00.000Z","publicUse":"PAD-US reports open access; verify current manager conditions and restrictions.","unit":"CITY","origin":"public-catalog"}},{"type":"Feature","id":"usgs-pad-us-fee-managers:92735","geometry":{"type":"Polygon","coordinates":[[[-88.9336,40.4989],[-88.9336,40.4959],[-88.9357,40.4959],[-88.9352,40.4989],[-88.9348,40.4989],[-88.9348,40.4986],[-88.9336,40.4985],[-88.9336,40.4989]]]},"properties":{"id":"usgs-pad-us-fee-managers:92735","name":"Clearwater Park","kind":"land","category":"public-land","sourceCategory":"public-land","sourceId":"usgs-pad-us-fee-managers","sourceUrl":"https://services.arcgis.com/v01gqwM5QqNysAAi/arcgis/rest/services/Fee_Managers_PADUS/FeatureServer/0","sourceUpdated":"2023-05-15T04:00:00.000Z","publicUse":"PAD-US reports open access; verify current manager conditions and restrictions.","unit":"CITY","origin":"public-catalog"}},{"type":"Feature","id":"usgs-pad-us-fee-managers:92736","geometry":{"type":"Polygon","coordinates":[[[-88.9827,40.4933],[-88.9824,40.4893],[-88.9826,40.4892],[-88.9826,40.4882],[-88.9826,40.4871],[-88.9822,40.4865],[-88.9824,40.4858],[-88.9817,40.48],[-88.9814,40.4797],[-88.9817,40.4782],[-88.9813,40.4747],[-88.981,40.4744],[-88.9809,40.469],[-88.9812,40.4742],[-88.9815,40.4744],[-88.9813,40.4746],[-88.9819,40.4787],[-88.9817,40.4789],[-88.9817,40.4795],[-88.982,40.4799],[-88.9819,40.481],[-88.9822,40.4817],[-88.983,40.4933],[-88.9833,40.4933],[-88.9835,40.4955],[-88.983,40.4955],[-88.9827,40.4933]]]},"properties":{"id":"usgs-pad-us-fee-managers:92736","name":"Constitution Trail","kind":"land","category":"public-land","sourceCategory":"public-land","sourceId":"usgs-pad-us-fee-managers","sourceUrl":"https://services.arcgis.com/v01gqwM5QqNysAAi/arcgis/rest/services/Fee_Managers_PADUS/FeatureServer/0","sourceUpdated":"2023-05-15T04:00:00.000Z","publicUse":"PAD-US reports open access; verify current manager conditions and restrictions.","unit":"CITY","origin":"public-catalog"}},{"type":"Feature","id":"usgs-pad-us-fee-managers:92737","geometry":{"type":"Polygon","coordinates":[[[-88.9162,40.5135],[-88.9162,40.5132],[-88.9158,40.5132],[-88.9158,40.5128],[-88.9162,40.5128],[-88.9162,40.5126],[-88.9184,40.5127],[-88.9184,40.5135],[-88.9162,40.5135]]]},"properties":{"id":"usgs-pad-us-fee-managers:92737","name":"Eagle Crest Park","kind":"land","category":"public-land","sourceCategory":"public-land","sourceId":"usgs-pad-us-fee-managers","sourceUrl":"https://services.arcgis.com/v01gqwM5QqNysAAi/arcgis/rest/services/Fee_Managers_PADUS/FeatureServer/0","sourceUpdated":"2023-05-15T04:00:00.000Z","publicUse":"PAD-US reports open access; verify current manager conditions and restrictions.","unit":"CITY","origin":"public-catalog"}},{"type":"Feature","id":"usgs-pad-us-fee-managers:92738","geometry":{"type":"Polygon","coordinates":[[[-88.8963,40.5074],[-88.8998,40.5075],[-88.8992,40.5075],[-88.8992,40.5078],[-88.8986,40.508],[-88.8985,40.5091],[-88.8982,40.5091],[-88.8982,40.5095],[-88.8977,40.5095],[-88.8975,40.51],[-88.8963,40.51],[-88.8963,40.5074]]]},"properties":{"id":"usgs-pad-us-fee-managers:92738","name":"Eagle View Park","kind":"land","category":"public-land","sourceCategory":"public-land","sourceId":"usgs-pad-us-fee-managers","sourceUrl":"https://services.arcgis.com/v01gqwM5QqNysAAi/arcgis/rest/services/Fee_Managers_PADUS/FeatureServer/0","sourceUpdated":"2023-05-15T04:00:00.000Z","publicUse":"PAD-US reports open access; verify current manager conditions and restrictions.","unit":"CITY","origin":"public-catalog"}},{"type":"Feature","id":"usgs-pad-us-fee-managers:92739","geometry":{"type":"Polygon","coordinates":[[[-88.9833,40.4713],[-88.9846,40.4713],[-88.9845,40.4721],[-88.9834,40.4722],[-88.9833,40.4713]]]},"properties":{"id":"usgs-pad-us-fee-managers:92739","name":"Emerson Park","kind":"land","category":"public-land","sourceCategory":"public-land","sourceId":"usgs-pad-us-fee-managers","sourceUrl":"https://services.arcgis.com/v01gqwM5QqNysAAi/arcgis/rest/services/Fee_Managers_PADUS/FeatureServer/0","sourceUpdated":"2023-05-15T04:00:00.000Z","publicUse":"PAD-US reports open access; verify current manager conditions and restrictions.","unit":"CITY","origin":"public-catalog"}},{"type":"Feature","id":"usgs-pad-us-fee-managers:92740","geometry":{"type":"Polygon","coordinates":[[[-89.0074,40.4913],[-89.0074,40.491],[-89.0085,40.491],[-89.0085,40.4913],[-89.0074,40.4913]]]},"properties":{"id":"usgs-pad-us-fee-managers:92740","name":"Evergreen Park","kind":"land","category":"public-land","sourceCategory":"public-land","sourceId":"usgs-pad-us-fee-managers","sourceUrl":"https://services.arcgis.com/v01gqwM5QqNysAAi/arcgis/rest/services/Fee_Managers_PADUS/FeatureServer/0","sourceUpdated":"2023-05-15T04:00:00.000Z","publicUse":"PAD-US reports open access; verify current manager conditions and restrictions.","unit":"CITY","origin":"public-catalog"}},{"type":"Feature","id":"usgs-pad-us-fee-managers:92741","geometry":{"type":"Polygon","coordinates":[[[-88.9651,40.4935],[-88.9664,40.4936],[-88.9664,40.4944],[-88.9657,40.4947],[-88.9657,40.4957],[-88.963,40.4957],[-88.9651,40.4935]]]},"properties":{"id":"usgs-pad-us-fee-managers:92741","name":"Ewing I","kind":"land","category":"public-land","sourceCategory":"public-land","sourceId":"usgs-pad-us-fee-managers","sourceUrl":"https://services.arcgis.com/v01gqwM5QqNysAAi/arcgis/rest/services/Fee_Managers_PADUS/FeatureServer/0","sourceUpdated":"2023-05-15T04:00:00.000Z","publicUse":"PAD-US reports open access; verify current manager conditions and restrictions.","unit":"CITY","origin":"public-catalog"}},{"type":"Feature","id":"usgs-pad-us-fee-managers:92742","geometry":{"type":"Polygon","coordinates":[[[-88.9696,40.4957],[-88.9722,40.4956],[-88.9722,40.4975],[-88.9696,40.4974],[-88.9696,40.4957]]]},"properties":{"id":"usgs-pad-us-fee-managers:92742","name":"Ewing Ii","kind":"land","category":"public-land","sourceCategory":"public-land","sourceId":"usgs-pad-us-fee-managers","sourceUrl":"https://services.arcgis.com/v01gqwM5QqNysAAi/arcgis/rest/services/Fee_Managers_PADUS/FeatureServer/0","sourceUpdated":"2023-05-15T04:00:00.000Z","publicUse":"PAD-US reports open access; verify current manager conditions and restrictions.","unit":"CITY","origin":"public-catalog"}},{"type":"Feature","id":"usgs-pad-us-fee-managers:92743","geometry":{"type":"Polygon","coordinates":[[[-88.9657,40.4957],[-88.9696,40.4957],[-88.9698,40.4992],[-88.9658,40.4992],[-88.9674,40.4974],[-88.9665,40.4962],[-88.9648,40.4957],[-88.9657,40.4957]]]},"properties":{"id":"usgs-pad-us-fee-managers:92743","name":"Ewing Iii","kind":"land","category":"public-land","sourceCategory":"public-land","sourceId":"usgs-pad-us-fee-managers","sourceUrl":"https://services.arcgis.com/v01gqwM5QqNysAAi/arcgis/rest/services/Fee_Managers_PADUS/FeatureServer/0","sourceUpdated":"2023-05-15T04:00:00.000Z","publicUse":"PAD-US reports open access; verify current manager conditions and restrictions.","unit":"CITY","origin":"public-catalog"}},{"type":"Feature","id":"usgs-pad-us-fee-managers:92744","geometry":{"type":"Polygon","coordinates":[[[-88.9859,40.4903],[-88.9865,40.4903],[-88.9865,40.491],[-88.9859,40.491],[-88.9859,40.4903]]]},"properties":{"id":"usgs-pad-us-fee-managers:92744","name":"Fell Avenue Park","kind":"land","category":"public-land","sourceCategory":"public-land","sourceId":"usgs-pad-us-fee-managers","sourceUrl":"https://services.arcgis.com/v01gqwM5QqNysAAi/arcgis/rest/services/Fee_Managers_PADUS/FeatureServer/0","sourceUpdated":"2023-05-15T04:00:00.000Z","publicUse":"PAD-US reports open access; verify current manager conditions and restrictions.","unit":"CITY","origin":"public-catalog"}},{"type":"Feature","id":"usgs-pad-us-fee-managers:92745","geometry":{"type":"Polygon","coordinates":[[[-89.0038,40.465],[-89.0038,40.464],[-89.0018,40.464],[-89.0046,40.4608],[-89.006,40.4607],[-89.0061,40.4639],[-89.0048,40.464],[-89.0048,40.4649],[-89.0038,40.465]]]},"properties":{"id":"usgs-pad-us-fee-managers:92745","name":"Forrest Park","kind":"land","category":"public-land","sourceCategory":"public-land","sourceId":"usgs-pad-us-fee-managers","sourceUrl":"https://services.arcgis.com/v01gqwM5QqNysAAi/arcgis/rest/services/Fee_Managers_PADUS/FeatureServer/0","sourceUpdated":"2023-05-15T04:00:00.000Z","publicUse":"PAD-US reports open access; verify current manager conditions and restrictions.","unit":"CITY","origin":"public-catalog"}},{"type":"Feature","id":"usgs-pad-us-fee-managers:92746","geometry":{"type":"Polygon","coordinates":[[[-88.9889,40.4858],[-88.991,40.4858],[-88.991,40.4867],[-88.9889,40.4867],[-88.9889,40.4858]]]},"properties":{"id":"usgs-pad-us-fee-managers:92746","name":"Franklin Park","kind":"land","category":"public-land","sourceCategory":"public-land","sourceId":"usgs-pad-us-fee-managers","sourceUrl":"https://services.arcgis.com/v01gqwM5QqNysAAi/arcgis/rest/services/Fee_Managers_PADUS/FeatureServer/0","sourceUpdated":"2023-05-15T04:00:00.000Z","publicUse":"PAD-US reports open access; verify current manager conditions and restrictions.","unit":"CITY","origin":"public-catalog"}},{"type":"Feature","id":"usgs-pad-us-fee-managers:92747","geometry":{"type":"Polygon","coordinates":[[[-89.0016,40.4804],[-89.0018,40.4807],[-89.0016,40.4807],[-89.0016,40.4804]]]},"properties":{"id":"usgs-pad-us-fee-managers:92747","name":"Friendship Park","kind":"land","category":"public-land","sourceCategory":"public-land","sourceId":"usgs-pad-us-fee-managers","sourceUrl":"https://services.arcgis.com/v01gqwM5QqNysAAi/arcgis/rest/services/Fee_Managers_PADUS/FeatureServer/0","sourceUpdated":"2023-05-15T04:00:00.000Z","publicUse":"PAD-US reports open access; verify current manager conditions and restrictions.","unit":"CITY","origin":"public-catalog"}},{"type":"Feature","id":"usgs-pad-us-fee-managers:92748","geometry":{"type":"Polygon","coordinates":[[[-88.9301,40.4659],[-88.9301,40.4655],[-88.9283,40.4654],[-88.9296,40.465],[-88.9295,40.4629],[-88.9307,40.4628],[-88.9314,40.4631],[-88.9318,40.4628],[-88.9319,40.4624],[-88.9324,40.4624],[-88.9325,40.4637],[-88.932,40.4637],[-88.932,40.4647],[-88.9308,40.4647],[-88.9309,40.4658],[-88.9308,40.4655],[-88.9303,40.4655],[-88.9303,40.4659],[-88.9301,40.4659]]]},"properties":{"id":"usgs-pad-us-fee-managers:92748","name":"Gaelic Park","kind":"land","category":"public-land","sourceCategory":"public-land","sourceId":"usgs-pad-us-fee-managers","sourceUrl":"https://services.arcgis.com/v01gqwM5QqNysAAi/arcgis/rest/services/Fee_Managers_PADUS/FeatureServer/0","sourceUpdated":"2023-05-15T04:00:00.000Z","publicUse":"PAD-US reports open access; verify current manager conditions and restrictions.","unit":"CITY","origin":"public-catalog"}},{"type":"Feature","id":"usgs-pad-us-fee-managers:92749","geometry":{"type":"Polygon","coordinates":[[[-88.9697,40.4694],[-88.9696,40.4667],[-88.9712,40.4668],[-88.9712,40.4677],[-88.9721,40.4677],[-88.9722,40.4695],[-88.9697,40.4694]]]},"properties":{"id":"usgs-pad-us-fee-managers:92749","name":"Holiday Park","kind":"land","category":"public-land","sourceCategory":"public-land","sourceId":"usgs-pad-us-fee-managers","sourceUrl":"https://services.arcgis.com/v01gqwM5QqNysAAi/arcgis/rest/services/Fee_Managers_PADUS/FeatureServer/0","sourceUpdated":"2023-05-15T04:00:00.000Z","publicUse":"PAD-US reports open access; verify current manager conditions and restrictions.","unit":"CITY","origin":"public-catalog"}},{"type":"Feature","id":"usgs-pad-us-fee-managers:92750","geometry":{"type":"Polygon","coordinates":[[[-88.9901,40.4756],[-88.9907,40.4758],[-88.99,40.4758],[-88.9901,40.4756]]]},"properties":{"id":"usgs-pad-us-fee-managers:92750","name":"Marie Litta Park","kind":"land","category":"public-land","sourceCategory":"public-land","sourceId":"usgs-pad-us-fee-managers","sourceUrl":"https://services.arcgis.com/v01gqwM5QqNysAAi/arcgis/rest/services/Fee_Managers_PADUS/FeatureServer/0","sourceUpdated":"2023-05-15T04:00:00.000Z","publicUse":"PAD-US reports open access; verify current manager conditions and restrictions.","unit":"CITY","origin":"public-catalog"}},{"type":"Feature","id":"usgs-pad-us-fee-managers:92751","geometry":{"type":"Polygon","coordinates":[[[-88.9198,40.4963],[-88.9197,40.4951],[-88.9193,40.4948],[-88.9182,40.4948],[-88.9182,40.4929],[-88.919,40.4926],[-88.9219,40.4926],[-88.922,40.4958],[-88.9239,40.4957],[-88.9239,40.4963],[-88.9198,40.4963]]]},"properties":{"id":"usgs-pad-us-fee-managers:92751","name":"Mcgraw Park","kind":"land","category":"public-land","sourceCategory":"public-land","sourceId":"usgs-pad-us-fee-managers","sourceUrl":"https://services.arcgis.com/v01gqwM5QqNysAAi/arcgis/rest/services/Fee_Managers_PADUS/FeatureServer/0","sourceUpdated":"2023-05-15T04:00:00.000Z","publicUse":"PAD-US reports open access; verify current manager conditions and restrictions.","unit":"CITY","origin":"public-catalog"}},{"type":"Feature","id":"usgs-pad-us-fee-managers:92752","geometry":{"type":"Polygon","coordinates":[[[-89.0051,40.4647],[-89.0062,40.4645],[-89.0063,40.471],[-89.001,40.4712],[-89.0009,40.4665],[-89.0023,40.4665],[-89.0028,40.4659],[-89.0036,40.4657],[-89.0051,40.4647]]]},"properties":{"id":"usgs-pad-us-fee-managers:92752","name":"Miller Park","kind":"land","category":"public-land","sourceCategory":"public-land","sourceId":"usgs-pad-us-fee-managers","sourceUrl":"https://services.arcgis.com/v01gqwM5QqNysAAi/arcgis/rest/services/Fee_Managers_PADUS/FeatureServer/0","sourceUpdated":"2023-05-15T04:00:00.000Z","publicUse":"PAD-US reports open access; verify current manager conditions and restrictions.","unit":"CITY","origin":"public-catalog"}},{"type":"Feature","id":"usgs-pad-us-fee-managers:92753","geometry":{"type":"Polygon","coordinates":[[[-89.0146,40.4889],[-89.0147,40.4878],[-89.0118,40.4879],[-89.0117,40.4854],[-89.0147,40.4854],[-89.0158,40.4884],[-89.0155,40.4888],[-89.0146,40.4889]]]},"properties":{"id":"usgs-pad-us-fee-managers:92753","name":"O’Neil Park","kind":"land","category":"public-land","sourceCategory":"public-land","sourceId":"usgs-pad-us-fee-managers","sourceUrl":"https://services.arcgis.com/v01gqwM5QqNysAAi/arcgis/rest/services/Fee_Managers_PADUS/FeatureServer/0","sourceUpdated":"2023-05-15T04:00:00.000Z","publicUse":"PAD-US reports open access; verify current manager conditions and restrictions.","unit":"CITY","origin":"public-catalog"}},{"type":"Feature","id":"usgs-pad-us-fee-managers:92754","geometry":{"type":"Polygon","coordinates":[[[-89.0086,40.4643],[-89.0086,40.4624],[-89.0072,40.4625],[-89.0072,40.4615],[-89.0092,40.4615],[-89.0092,40.462],[-89.0109,40.462],[-89.011,40.4636],[-89.0103,40.4636],[-89.0103,40.4644],[-89.0086,40.4643]]]},"properties":{"id":"usgs-pad-us-fee-managers:92754","name":"P.J. Irvin Park","kind":"land","category":"public-land","sourceCategory":"public-land","sourceId":"usgs-pad-us-fee-managers","sourceUrl":"https://services.arcgis.com/v01gqwM5QqNysAAi/arcgis/rest/services/Fee_Managers_PADUS/FeatureServer/0","sourceUpdated":"2023-05-15T04:00:00.000Z","publicUse":"PAD-US reports open access; verify current manager conditions and restrictions.","unit":"CITY","origin":"public-catalog"}},{"type":"Feature","id":"usgs-pad-us-fee-managers:92755","geometry":{"type":"Polygon","coordinates":[[[-89.0281,40.4457],[-89.03,40.4457],[-89.0301,40.4469],[-89.0295,40.4472],[-89.0295,40.4511],[-89.0256,40.4498],[-89.0281,40.4457]]]},"properties":{"id":"usgs-pad-us-fee-managers:92755","name":"Pepper Ridge Park","kind":"land","category":"public-land","sourceCategory":"public-land","sourceId":"usgs-pad-us-fee-managers","sourceUrl":"https://services.arcgis.com/v01gqwM5QqNysAAi/arcgis/rest/services/Fee_Managers_PADUS/FeatureServer/0","sourceUpdated":"2023-05-15T04:00:00.000Z","publicUse":"PAD-US reports open access; verify current manager conditions and restrictions.","unit":"CITY","origin":"public-catalog"}},{"type":"Feature","id":"usgs-pad-us-fee-managers:92756","geometry":{"type":"Polygon","coordinates":[[[-88.9425,40.4688],[-88.9428,40.4688],[-88.9429,40.4712],[-88.941,40.4714],[-88.9403,40.4702],[-88.9405,40.4693],[-88.9411,40.4689],[-88.9425,40.4688]]]},"properties":{"id":"usgs-pad-us-fee-managers:92756","name":"Rollingbrook Park","kind":"land","category":"public-land","sourceCategory":"public-land","sourceId":"usgs-pad-us-fee-managers","sourceUrl":"https://services.arcgis.com/v01gqwM5QqNysAAi/arcgis/rest/services/Fee_Managers_PADUS/FeatureServer/0","sourceUpdated":"2023-05-15T04:00:00.000Z","publicUse":"PAD-US reports open access; verify current manager conditions and restrictions.","unit":"CITY","origin":"public-catalog"}},{"type":"Feature","id":"usgs-pad-us-fee-managers:92757","geometry":{"type":"Polygon","coordinates":[[[-88.996,40.4499],[-88.9981,40.45],[-88.9981,40.4514],[-88.9961,40.4514],[-88.9959,40.4508],[-88.996,40.4499]]]},"properties":{"id":"usgs-pad-us-fee-managers:92757","name":"Sale Barn Soccer Fields","kind":"land","category":"public-land","sourceCategory":"public-land","sourceId":"usgs-pad-us-fee-managers","sourceUrl":"https://services.arcgis.com/v01gqwM5QqNysAAi/arcgis/rest/services/Fee_Managers_PADUS/FeatureServer/0","sourceUpdated":"2023-05-15T04:00:00.000Z","publicUse":"PAD-US reports open access; verify current manager conditions and restrictions.","unit":"CITY","origin":"public-catalog"}},{"type":"Feature","id":"usgs-pad-us-fee-managers:92758","geometry":{"type":"Polygon","coordinates":[[[-88.9249,40.4959],[-88.9266,40.4959],[-88.9266,40.4967],[-88.9249,40.4967],[-88.9249,40.4959]]]},"properties":{"id":"usgs-pad-us-fee-managers:92758","name":"Suburban East Park","kind":"land","category":"public-land","sourceCategory":"public-land","sourceId":"usgs-pad-us-fee-managers","sourceUrl":"https://services.arcgis.com/v01gqwM5QqNysAAi/arcgis/rest/services/Fee_Managers_PADUS/FeatureServer/0","sourceUpdated":"2023-05-15T04:00:00.000Z","publicUse":"PAD-US reports open access; verify current manager conditions and restrictions.","unit":"CITY","origin":"public-catalog"}},{"type":"Feature","id":"usgs-pad-us-fee-managers:92759","geometry":{"type":"Polygon","coordinates":[[[-89.0189,40.4745],[-89.0211,40.4744],[-89.0212,40.4753],[-89.0189,40.4753],[-89.0189,40.4745]]]},"properties":{"id":"usgs-pad-us-fee-managers:92759","name":"Sunnyside Park","kind":"land","category":"public-land","sourceCategory":"public-land","sourceId":"usgs-pad-us-fee-managers","sourceUrl":"https://services.arcgis.com/v01gqwM5QqNysAAi/arcgis/rest/services/Fee_Managers_PADUS/FeatureServer/0","sourceUpdated":"2023-05-15T04:00:00.000Z","publicUse":"PAD-US reports open access; verify current manager conditions and restrictions.","unit":"CITY","origin":"public-catalog"}},{"type":"Feature","id":"usgs-pad-us-fee-managers:92760","geometry":{"type":"Polygon","coordinates":[[[-88.9246,40.5103],[-88.9245,40.5074],[-88.925,40.5074],[-88.925,40.5091],[-88.9252,40.5093],[-88.9261,40.509],[-88.926,40.5084],[-88.9277,40.5083],[-88.9277,40.5103],[-88.9246,40.5103]]]},"properties":{"id":"usgs-pad-us-fee-managers:92760","name":"Tipton Park North","kind":"land","category":"public-land","sourceCategory":"public-land","sourceId":"usgs-pad-us-fee-managers","sourceUrl":"https://services.arcgis.com/v01gqwM5QqNysAAi/arcgis/rest/services/Fee_Managers_PADUS/FeatureServer/0","sourceUpdated":"2023-05-15T04:00:00.000Z","publicUse":"PAD-US reports open access; verify current manager conditions and restrictions.","unit":"CITY","origin":"public-catalog"}},{"type":"Feature","id":"usgs-pad-us-fee-managers:92761","geometry":{"type":"Polygon","coordinates":[[[-88.9245,40.5074],[-88.9244,40.5031],[-88.9326,40.5032],[-88.9327,40.5044],[-88.9318,40.5043],[-88.9319,40.5039],[-88.9311,40.5037],[-88.9295,40.5039],[-88.9295,40.5049],[-88.9287,40.505],[-88.9286,40.5058],[-88.928,40.5058],[-88.928,40.5061],[-88.9273,40.5061],[-88.9271,40.5053],[-88.9267,40.505],[-88.926,40.505],[-88.9258,40.5041],[-88.9251,40.5041],[-88.9249,40.5043],[-88.925,40.5074],[-88.9245,40.5074]]]},"properties":{"id":"usgs-pad-us-fee-managers:92761","name":"Tipton Park South","kind":"land","category":"public-land","sourceCategory":"public-land","sourceId":"usgs-pad-us-fee-managers","sourceUrl":"https://services.arcgis.com/v01gqwM5QqNysAAi/arcgis/rest/services/Fee_Managers_PADUS/FeatureServer/0","sourceUpdated":"2023-05-15T04:00:00.000Z","publicUse":"PAD-US reports open access; verify current manager conditions and restrictions.","unit":"CITY","origin":"public-catalog"}},{"type":"Feature","id":"usgs-pad-us-fee-managers:92762","geometry":{"type":"Polygon","coordinates":[[[-89.0122,40.4959],[-89.0122,40.4955],[-89.011,40.4955],[-89.011,40.492],[-89.0118,40.492],[-89.0117,40.4915],[-89.0133,40.4915],[-89.0133,40.491],[-89.0141,40.491],[-89.0142,40.4916],[-89.0176,40.4915],[-89.0194,40.4942],[-89.0146,40.4967],[-89.0154,40.4977],[-89.0149,40.4979],[-89.0124,40.498],[-89.0122,40.4959]]]},"properties":{"id":"usgs-pad-us-fee-managers:92762","name":"White Oak Park","kind":"land","category":"public-land","sourceCategory":"public-land","sourceId":"usgs-pad-us-fee-managers","sourceUrl":"https://services.arcgis.com/v01gqwM5QqNysAAi/arcgis/rest/services/Fee_Managers_PADUS/FeatureServer/0","sourceUpdated":"2023-05-15T04:00:00.000Z","publicUse":"PAD-US reports open access; verify current manager conditions and restrictions.","unit":"CITY","origin":"public-catalog"}},{"type":"Feature","id":"usgs-pad-us-fee-managers:92763","geometry":{"type":"Polygon","coordinates":[[[-88.9919,40.4797],[-88.9926,40.4797],[-88.9926,40.48],[-88.9919,40.48],[-88.9919,40.4797]]]},"properties":{"id":"usgs-pad-us-fee-managers:92763","name":"Withers Park","kind":"land","category":"public-land","sourceCategory":"public-land","sourceId":"usgs-pad-us-fee-managers","sourceUrl":"https://services.arcgis.com/v01gqwM5QqNysAAi/arcgis/rest/services/Fee_Managers_PADUS/FeatureServer/0","sourceUpdated":"2023-05-15T04:00:00.000Z","publicUse":"PAD-US reports open access; verify current manager conditions and restrictions.","unit":"CITY","origin":"public-catalog"}},{"type":"Feature","id":"usgs-pad-us-fee-managers:92870","geometry":{"type":"Polygon","coordinates":[[[-88.37,40.1111],[-88.3716,40.1109],[-88.3716,40.1118],[-88.3696,40.1118],[-88.3696,40.1116],[-88.37,40.1116],[-88.37,40.1111]]]},"properties":{"id":"usgs-pad-us-fee-managers:92870","name":"Bondville Park","kind":"land","category":"public-land","sourceCategory":"public-land","sourceId":"usgs-pad-us-fee-managers","sourceUrl":"https://services.arcgis.com/v01gqwM5QqNysAAi/arcgis/rest/services/Fee_Managers_PADUS/FeatureServer/0","sourceUpdated":"2023-05-15T04:00:00.000Z","publicUse":"PAD-US reports open access; verify current manager conditions and restrictions.","unit":"CITY","origin":"public-catalog"}},{"type":"Feature","id":"usgs-pad-us-fee-managers:93223","geometry":{"type":"Polygon","coordinates":[[[-90.1621,38.6587],[-90.1622,38.6583],[-90.1647,38.6604],[-90.1614,38.6604],[-90.1616,38.6599],[-90.1617,38.659],[-90.1621,38.6587]]]},"properties":{"id":"usgs-pad-us-fee-managers:93223","name":"Brooklyn Educational Memorial Park","kind":"land","category":"public-land","sourceCategory":"public-land","sourceId":"usgs-pad-us-fee-managers","sourceUrl":"https://services.arcgis.com/v01gqwM5QqNysAAi/arcgis/rest/services/Fee_Managers_PADUS/FeatureServer/0","sourceUpdated":"2021-04-20T04:00:00.000Z","publicUse":"PAD-US reports open access; verify current manager conditions and restrictions.","unit":"CITY","origin":"public-catalog"}},{"type":"Feature","id":"usgs-pad-us-fee-managers:93259","geometry":{"type":"Polygon","coordinates":[[[-87.7493,41.7509],[-87.7498,41.7509],[-87.7498,41.7512],[-87.7488,41.7512],[-87.7488,41.751],[-87.7493,41.7509]]]},"properties":{"id":"usgs-pad-us-fee-managers:93259","name":"Owens Park","kind":"land","category":"public-land","sourceCategory":"public-land","sourceId":"usgs-pad-us-fee-managers","sourceUrl":"https://services.arcgis.com/v01gqwM5QqNysAAi/arcgis/rest/services/Fee_Managers_PADUS/FeatureServer/0","sourceUpdated":"2023-05-15T04:00:00.000Z","publicUse":"PAD-US reports open access; verify current manager conditions and restrictions.","unit":"CITY","origin":"public-catalog"}},{"type":"Feature","id":"usgs-pad-us-fee-managers:93333","geometry":{"type":"Polygon","coordinates":[[[-90.172,38.5571],[-90.1725,38.5568],[-90.1721,38.5564],[-90.1734,38.5563],[-90.1734,38.5559],[-90.17,38.5562],[-90.1695,38.5565],[-90.1689,38.556],[-90.1698,38.5555],[-90.1715,38.5552],[-90.1727,38.5555],[-90.174,38.5554],[-90.1746,38.5549],[-90.1749,38.5552],[-90.1767,38.5552],[-90.1765,38.5563],[-90.1774,38.5564],[-90.1774,38.557],[-90.1788,38.5575],[-90.1781,38.558],[-90.1754,38.5574],[-90.1748,38.5581],[-90.1733,38.5571],[-90.1725,38.5577],[-90.1728,38.5579],[-90.1726,38.5581],[-90.1717,38.5573],[-90.172,38.5571]]]},"properties":{"id":"usgs-pad-us-fee-managers:93333","name":"Cahokia Park","kind":"land","category":"public-land","sourceCategory":"public-land","sourceId":"usgs-pad-us-fee-managers","sourceUrl":"https://services.arcgis.com/v01gqwM5QqNysAAi/arcgis/rest/services/Fee_Managers_PADUS/FeatureServer/0","sourceUpdated":"2023-05-15T04:00:00.000Z","publicUse":"PAD-US reports open access; verify current manager conditions and restrictions.","unit":"CITY","origin":"public-catalog"}},{"type":"Feature","id":"usgs-pad-us-fee-managers:93334","geometry":{"type":"MultiPolygon","coordinates":[[[[-90.1853,38.5699],[-90.1852,38.5696],[-90.1864,38.5701],[-90.1863,38.5704],[-90.1873,38.5706],[-90.1869,38.571],[-90.1853,38.5699]]],[[[-90.1875,38.5708],[-90.1895,38.5709],[-90.189,38.5715],[-90.1881,38.5719],[-90.1872,38.5713],[-90.1875,38.5708]]]]},"properties":{"id":"usgs-pad-us-fee-managers:93334","name":"Village Open Space","kind":"land","category":"public-land","sourceCategory":"public-land","sourceId":"usgs-pad-us-fee-managers","sourceUrl":"https://services.arcgis.com/v01gqwM5QqNysAAi/arcgis/rest/services/Fee_Managers_PADUS/FeatureServer/0","sourceUpdated":"2023-05-15T04:00:00.000Z","publicUse":"PAD-US reports open access; verify current manager conditions and restrictions.","unit":"CITY","origin":"public-catalog"}},{"type":"Feature","id":"usgs-pad-us-fee-managers:93342","geometry":{"type":"Polygon","coordinates":[[[-88.4047,41.9331],[-88.4047,41.932],[-88.4068,41.932],[-88.4068,41.933],[-88.4078,41.933],[-88.4047,41.9331]]]},"properties":{"id":"usgs-pad-us-fee-managers:93342","name":"La Fox Fields","kind":"land","category":"public-land","sourceCategory":"public-land","sourceId":"usgs-pad-us-fee-managers","sourceUrl":"https://services.arcgis.com/v01gqwM5QqNysAAi/arcgis/rest/services/Fee_Managers_PADUS/FeatureServer/0","sourceUpdated":"2023-05-15T04:00:00.000Z","publicUse":"PAD-US reports open access; verify current manager conditions and restrictions.","unit":"CITY","origin":"public-catalog"}},{"type":"Feature","id":"usgs-pad-us-fee-managers:93415","geometry":{"type":"Polygon","coordinates":[[[-90.0082,38.6002],[-90.0082,38.5988],[-90.0085,38.5985],[-90.0126,38.5985],[-90.0126,38.5998],[-90.0128,38.6002],[-90.0082,38.6002]]]},"properties":{"id":"usgs-pad-us-fee-managers:93415","name":"Caseyville Township Sports Facility","kind":"land","category":"public-land","sourceCategory":"public-land","sourceId":"usgs-pad-us-fee-managers","sourceUrl":"https://services.arcgis.com/v01gqwM5QqNysAAi/arcgis/rest/services/Fee_Managers_PADUS/FeatureServer/0","sourceUpdated":"2023-05-15T04:00:00.000Z","publicUse":"PAD-US reports open access; verify current manager conditions and restrictions.","unit":"CITY","origin":"public-catalog"}},{"type":"Feature","id":"usgs-pad-us-fee-managers:93416","geometry":{"type":"Polygon","coordinates":[[[-90.0227,38.6411],[-90.0232,38.6407],[-90.0241,38.6411],[-90.0248,38.6404],[-90.024,38.64],[-90.0246,38.6396],[-90.0242,38.6393],[-90.0246,38.6389],[-90.0266,38.6398],[-90.026,38.6433],[-90.0227,38.6428],[-90.0227,38.6411]]]},"properties":{"id":"usgs-pad-us-fee-managers:93416","name":"Caseyville Park","kind":"land","category":"public-land","sourceCategory":"public-land","sourceId":"usgs-pad-us-fee-managers","sourceUrl":"https://services.arcgis.com/v01gqwM5QqNysAAi/arcgis/rest/services/Fee_Managers_PADUS/FeatureServer/0","sourceUpdated":"2023-05-15T04:00:00.000Z","publicUse":"PAD-US reports open access; verify current manager conditions and restrictions.","unit":"CITY","origin":"public-catalog"}},{"type":"Feature","id":"usgs-pad-us-fee-managers:93447","geometry":{"type":"Polygon","coordinates":[[[-90.1104,38.5699],[-90.1118,38.5688],[-90.1161,38.5724],[-90.1132,38.5723],[-90.1104,38.5699]]]},"properties":{"id":"usgs-pad-us-fee-managers:93447","name":"Centreville Sports Fields","kind":"land","category":"public-land","sourceCategory":"public-land","sourceId":"usgs-pad-us-fee-managers","sourceUrl":"https://services.arcgis.com/v01gqwM5QqNysAAi/arcgis/rest/services/Fee_Managers_PADUS/FeatureServer/0","sourceUpdated":"2023-05-15T04:00:00.000Z","publicUse":"PAD-US reports open access; verify current manager conditions and restrictions.","unit":"CITY","origin":"public-catalog"}},{"type":"Feature","id":"usgs-pad-us-fee-managers:93448","geometry":{"type":"Polygon","coordinates":[[[-88.2379,40.1127],[-88.2381,40.1127],[-88.238,40.1153],[-88.2375,40.1155],[-88.237,40.1162],[-88.2363,40.1162],[-88.2363,40.1158],[-88.2369,40.1158],[-88.2371,40.113],[-88.2373,40.113],[-88.2373,40.1127],[-88.2379,40.1127]]]},"properties":{"id":"usgs-pad-us-fee-managers:93448","name":"Boneyard Greenway","kind":"land","category":"public-land","sourceCategory":"public-land","sourceId":"usgs-pad-us-fee-managers","sourceUrl":"https://services.arcgis.com/v01gqwM5QqNysAAi/arcgis/rest/services/Fee_Managers_PADUS/FeatureServer/0","sourceUpdated":"2023-05-15T04:00:00.000Z","publicUse":"PAD-US reports open access; verify current manager conditions and restrictions.","unit":"CITY","origin":"public-catalog"}},{"type":"Feature","id":"usgs-pad-us-fee-managers:93449","geometry":{"type":"Polygon","coordinates":[[[-88.2389,40.127],[-88.2394,40.127],[-88.2394,40.1271],[-88.2389,40.127]]]},"properties":{"id":"usgs-pad-us-fee-managers:93449","name":"Bridgewater Park","kind":"land","category":"public-land","sourceCategory":"public-land","sourceId":"usgs-pad-us-fee-managers","sourceUrl":"https://services.arcgis.com/v01gqwM5QqNysAAi/arcgis/rest/services/Fee_Managers_PADUS/FeatureServer/0","sourceUpdated":"2023-05-15T04:00:00.000Z","publicUse":"PAD-US reports open access; verify current manager conditions and restrictions.","unit":"CITY","origin":"public-catalog"}},{"type":"Feature","id":"usgs-pad-us-fee-managers:93450","geometry":{"type":"Polygon","coordinates":[[[-88.2381,40.1285],[-88.2389,40.1285],[-88.2388,40.1295],[-88.2381,40.1295],[-88.2381,40.1285]]]},"properties":{"id":"usgs-pad-us-fee-managers:93450","name":"Bristol Park","kind":"land","category":"public-land","sourceCategory":"public-land","sourceId":"usgs-pad-us-fee-managers","sourceUrl":"https://services.arcgis.com/v01gqwM5QqNysAAi/arcgis/rest/services/Fee_Managers_PADUS/FeatureServer/0","sourceUpdated":"2023-05-15T04:00:00.000Z","publicUse":"PAD-US reports open access; verify current manager conditions and restrictions.","unit":"CITY","origin":"public-catalog"}},{"type":"Feature","id":"usgs-pad-us-fee-managers:93451","geometry":{"type":"Polygon","coordinates":[[[-88.2453,40.1139],[-88.2456,40.1138],[-88.2456,40.1143],[-88.2453,40.1143],[-88.2453,40.1139]]]},"properties":{"id":"usgs-pad-us-fee-managers:93451","name":"Firefighters Park","kind":"land","category":"public-land","sourceCategory":"public-land","sourceId":"usgs-pad-us-fee-managers","sourceUrl":"https://services.arcgis.com/v01gqwM5QqNysAAi/arcgis/rest/services/Fee_Managers_PADUS/FeatureServer/0","sourceUpdated":"2023-05-15T04:00:00.000Z","publicUse":"PAD-US reports open access; verify current manager conditions and restrictions.","unit":"CITY","origin":"public-catalog"}},{"type":"Feature","id":"usgs-pad-us-fee-managers:93452","geometry":{"type":"Polygon","coordinates":[[[-88.2371,40.1127],[-88.2373,40.1127],[-88.2373,40.113],[-88.2371,40.113],[-88.2371,40.1127]]]},"properties":{"id":"usgs-pad-us-fee-managers:93452","name":"Helms Park","kind":"land","category":"public-land","sourceCategory":"public-land","sourceId":"usgs-pad-us-fee-managers","sourceUrl":"https://services.arcgis.com/v01gqwM5QqNysAAi/arcgis/rest/services/Fee_Managers_PADUS/FeatureServer/0","sourceUpdated":"2023-05-15T04:00:00.000Z","publicUse":"PAD-US reports open access; verify current manager conditions and restrictions.","unit":"CITY","origin":"public-catalog"}},{"type":"Feature","id":"usgs-pad-us-fee-managers:93453","geometry":{"type":"Polygon","coordinates":[[[-88.2354,40.1221],[-88.2355,40.121],[-88.2382,40.1217],[-88.2368,40.1248],[-88.2363,40.1248],[-88.2361,40.1239],[-88.2362,40.1223],[-88.2354,40.1221]]]},"properties":{"id":"usgs-pad-us-fee-managers:93453","name":"Martin Luther King Commons","kind":"land","category":"public-land","sourceCategory":"public-land","sourceId":"usgs-pad-us-fee-managers","sourceUrl":"https://services.arcgis.com/v01gqwM5QqNysAAi/arcgis/rest/services/Fee_Managers_PADUS/FeatureServer/0","sourceUpdated":"2023-05-15T04:00:00.000Z","publicUse":"PAD-US reports open access; verify current manager conditions and restrictions.","unit":"CITY","origin":"public-catalog"}},{"type":"Feature","id":"usgs-pad-us-fee-managers:93454","geometry":{"type":"Polygon","coordinates":[[[-88.2767,40.0984],[-88.277,40.0984],[-88.277,40.0986],[-88.2767,40.0986],[-88.2767,40.0984]]]},"properties":{"id":"usgs-pad-us-fee-managers:93454","name":"Mini Iv Park","kind":"land","category":"public-land","sourceCategory":"public-land","sourceId":"usgs-pad-us-fee-managers","sourceUrl":"https://services.arcgis.com/v01gqwM5QqNysAAi/arcgis/rest/services/Fee_Managers_PADUS/FeatureServer/0","sourceUpdated":"2023-05-15T04:00:00.000Z","publicUse":"PAD-US reports open access; verify current manager conditions and restrictions.","unit":"CITY","origin":"public-catalog"}},{"type":"Feature","id":"usgs-pad-us-fee-managers:93455","geometry":{"type":"Polygon","coordinates":[[[-88.2378,40.1199],[-88.2377,40.1194],[-88.2386,40.1194],[-88.2386,40.1198],[-88.2378,40.1199]]]},"properties":{"id":"usgs-pad-us-fee-managers:93455","name":"Skelton Park","kind":"land","category":"public-land","sourceCategory":"public-land","sourceId":"usgs-pad-us-fee-managers","sourceUrl":"https://services.arcgis.com/v01gqwM5QqNysAAi/arcgis/rest/services/Fee_Managers_PADUS/FeatureServer/0","sourceUpdated":"2023-05-15T04:00:00.000Z","publicUse":"PAD-US reports open access; verify current manager conditions and restrictions.","unit":"CITY","origin":"public-catalog"}},{"type":"Feature","id":"usgs-pad-us-fee-managers:93456","geometry":{"type":"Polygon","coordinates":[[[-88.24,40.125],[-88.2411,40.125],[-88.2411,40.126],[-88.24,40.126],[-88.24,40.125]]]},"properties":{"id":"usgs-pad-us-fee-managers:93456","name":"Beardsley Park","kind":"land","category":"public-land","sourceCategory":"public-land","sourceId":"usgs-pad-us-fee-managers","sourceUrl":"https://services.arcgis.com/v01gqwM5QqNysAAi/arcgis/rest/services/Fee_Managers_PADUS/FeatureServer/0","sourceUpdated":"2023-05-15T04:00:00.000Z","publicUse":"PAD-US reports open access; verify current manager conditions and restrictions.","unit":"CITY","origin":"public-catalog"}},{"type":"Feature","id":"usgs-pad-us-fee-managers:93457","geometry":{"type":"Polygon","coordinates":[[[-88.3003,40.0982],[-88.3002,40.0976],[-88.3024,40.0977],[-88.3022,40.098],[-88.3024,40.0983],[-88.3005,40.0984],[-88.3003,40.0982]]]},"properties":{"id":"usgs-pad-us-fee-managers:93457","name":"Bian Park","kind":"land","category":"public-land","sourceCategory":"public-land","sourceId":"usgs-pad-us-fee-managers","sourceUrl":"https://services.arcgis.com/v01gqwM5QqNysAAi/arcgis/rest/services/Fee_Managers_PADUS/FeatureServer/0","sourceUpdated":"2023-05-15T04:00:00.000Z","publicUse":"PAD-US reports open access; verify current manager conditions and restrictions.","unit":"CITY","origin":"public-catalog"}},{"type":"Feature","id":"usgs-pad-us-fee-managers:93458","geometry":{"type":"MultiPolygon","coordinates":[[[[-88.2518,40.0982],[-88.2521,40.0982],[-88.252,40.1009],[-88.2517,40.1011],[-88.2505,40.1012],[-88.2491,40.101],[-88.2489,40.0982],[-88.2518,40.0982]]],[[[-88.2853,40.105],[-88.2853,40.1031],[-88.2846,40.1031],[-88.2846,40.102],[-88.2815,40.102],[-88.2815,40.0998],[-88.2818,40.0984],[-88.2852,40.0985],[-88.2852,40.0989],[-88.2857,40.0989],[-88.2859,40.0996],[-88.286,40.1093],[-88.2814,40.1092],[-88.2814,40.1091],[-88.2822,40.1091],[-88.2822,40.1074],[-88.2845,40.1074],[-88.2845,40.105],[-88.2853,40.105]]]]},"properties":{"id":"usgs-pad-us-fee-managers:93458","name":"Centennial Park","kind":"land","category":"public-land","sourceCategory":"public-land","sourceId":"usgs-pad-us-fee-managers","sourceUrl":"https://services.arcgis.com/v01gqwM5QqNysAAi/arcgis/rest/services/Fee_Managers_PADUS/FeatureServer/0","sourceUpdated":"2023-05-15T04:00:00.000Z","publicUse":"PAD-US reports open access; verify current manager conditions and restrictions.","unit":"CITY","origin":"public-catalog"}},{"type":"Feature","id":"usgs-pad-us-fee-managers:93459","geometry":{"type":"Polygon","coordinates":[[[-88.2718,40.1295],[-88.2722,40.1295],[-88.2722,40.1297],[-88.2718,40.1298],[-88.2718,40.1295]]]},"properties":{"id":"usgs-pad-us-fee-managers:93459","name":"Citizens Park","kind":"land","category":"public-land","sourceCategory":"public-land","sourceId":"usgs-pad-us-fee-managers","sourceUrl":"https://services.arcgis.com/v01gqwM5QqNysAAi/arcgis/rest/services/Fee_Managers_PADUS/FeatureServer/0","sourceUpdated":"2023-05-15T04:00:00.000Z","publicUse":"PAD-US reports open access; verify current manager conditions and restrictions.","unit":"CITY","origin":"public-catalog"}},{"type":"Feature","id":"usgs-pad-us-fee-managers:93460","geometry":{"type":"Polygon","coordinates":[[[-88.262,40.1064],[-88.263,40.1064],[-88.263,40.1081],[-88.262,40.1081],[-88.262,40.1064]]]},"properties":{"id":"usgs-pad-us-fee-managers:93460","name":"Clark Park","kind":"land","category":"public-land","sourceCategory":"public-land","sourceId":"usgs-pad-us-fee-managers","sourceUrl":"https://services.arcgis.com/v01gqwM5QqNysAAi/arcgis/rest/services/Fee_Managers_PADUS/FeatureServer/0","sourceUpdated":"2023-05-15T04:00:00.000Z","publicUse":"PAD-US reports open access; verify current manager conditions and restrictions.","unit":"CITY","origin":"public-catalog"}},{"type":"Feature","id":"usgs-pad-us-fee-managers:93461","geometry":{"type":"Polygon","coordinates":[[[-88.2635,40.1184],[-88.2642,40.1184],[-88.264,40.1194],[-88.2637,40.1193],[-88.2635,40.1184]]]},"properties":{"id":"usgs-pad-us-fee-managers:93461","name":"Davidson Park","kind":"land","category":"public-land","sourceCategory":"public-land","sourceId":"usgs-pad-us-fee-managers","sourceUrl":"https://services.arcgis.com/v01gqwM5QqNysAAi/arcgis/rest/services/Fee_Managers_PADUS/FeatureServer/0","sourceUpdated":"2023-05-15T04:00:00.000Z","publicUse":"PAD-US reports open access; verify current manager conditions and restrictions.","unit":"CITY","origin":"public-catalog"}},{"type":"Feature","id":"usgs-pad-us-fee-managers:93462","geometry":{"type":"Polygon","coordinates":[[[-88.279,40.1336],[-88.279,40.1326],[-88.2771,40.1326],[-88.2771,40.1317],[-88.2801,40.1317],[-88.2807,40.1306],[-88.2807,40.1301],[-88.2812,40.1301],[-88.2814,40.1291],[-88.2816,40.1291],[-88.2816,40.1311],[-88.286,40.1311],[-88.286,40.1363],[-88.279,40.1336]]]},"properties":{"id":"usgs-pad-us-fee-managers:93462","name":"Dodds Park","kind":"land","category":"public-land","sourceCategory":"public-land","sourceId":"usgs-pad-us-fee-managers","sourceUrl":"https://services.arcgis.com/v01gqwM5QqNysAAi/arcgis/rest/services/Fee_Managers_PADUS/FeatureServer/0","sourceUpdated":"2023-05-15T04:00:00.000Z","publicUse":"PAD-US reports open access; verify current manager conditions and restrictions.","unit":"CITY","origin":"public-catalog"}},{"type":"Feature","id":"usgs-pad-us-fee-managers:93463","geometry":{"type":"Polygon","coordinates":[[[-88.2818,40.1276],[-88.286,40.1277],[-88.286,40.1311],[-88.2816,40.1311],[-88.2818,40.1276]]]},"properties":{"id":"usgs-pad-us-fee-managers:93463","name":"Dodds Soccer Complex","kind":"land","category":"public-land","sourceCategory":"public-land","sourceId":"usgs-pad-us-fee-managers","sourceUrl":"https://services.arcgis.com/v01gqwM5QqNysAAi/arcgis/rest/services/Fee_Managers_PADUS/FeatureServer/0","sourceUpdated":"2023-05-15T04:00:00.000Z","publicUse":"PAD-US reports open access; verify current manager conditions and restrictions.","unit":"CITY","origin":"public-catalog"}},{"type":"Feature","id":"usgs-pad-us-fee-managers:93464","geometry":{"type":"Polygon","coordinates":[[[-88.2289,40.1244],[-88.2289,40.1239],[-88.2305,40.1241],[-88.2305,40.1231],[-88.2321,40.1231],[-88.2321,40.1252],[-88.229,40.1251],[-88.229,40.1259],[-88.2279,40.1259],[-88.2279,40.1245],[-88.2289,40.1246],[-88.2289,40.1244]]]},"properties":{"id":"usgs-pad-us-fee-managers:93464","name":"Douglass Park","kind":"land","category":"public-land","sourceCategory":"public-land","sourceId":"usgs-pad-us-fee-managers","sourceUrl":"https://services.arcgis.com/v01gqwM5QqNysAAi/arcgis/rest/services/Fee_Managers_PADUS/FeatureServer/0","sourceUpdated":"2023-05-15T04:00:00.000Z","publicUse":"PAD-US reports open access; verify current manager conditions and restrictions.","unit":"CITY","origin":"public-catalog"}},{"type":"Feature","id":"usgs-pad-us-fee-managers:93465","geometry":{"type":"Polygon","coordinates":[[[-88.2675,40.1164],[-88.2686,40.1164],[-88.2686,40.1178],[-88.2681,40.1178],[-88.2681,40.1183],[-88.2675,40.1183],[-88.2675,40.1164]]]},"properties":{"id":"usgs-pad-us-fee-managers:93465","name":"Eisner Park","kind":"land","category":"public-land","sourceCategory":"public-land","sourceId":"usgs-pad-us-fee-managers","sourceUrl":"https://services.arcgis.com/v01gqwM5QqNysAAi/arcgis/rest/services/Fee_Managers_PADUS/FeatureServer/0","sourceUpdated":"2023-05-15T04:00:00.000Z","publicUse":"PAD-US reports open access; verify current manager conditions and restrictions.","unit":"CITY","origin":"public-catalog"}},{"type":"Feature","id":"usgs-pad-us-fee-managers:93466","geometry":{"type":"Polygon","coordinates":[[[-88.273,40.1372],[-88.2744,40.1372],[-88.2744,40.1389],[-88.2731,40.1383],[-88.273,40.1372]]]},"properties":{"id":"usgs-pad-us-fee-managers:93466","name":"Garden Hills Park","kind":"land","category":"public-land","sourceCategory":"public-land","sourceId":"usgs-pad-us-fee-managers","sourceUrl":"https://services.arcgis.com/v01gqwM5QqNysAAi/arcgis/rest/services/Fee_Managers_PADUS/FeatureServer/0","sourceUpdated":"2023-05-15T04:00:00.000Z","publicUse":"PAD-US reports open access; verify current manager conditions and restrictions.","unit":"CITY","origin":"public-catalog"}},{"type":"Feature","id":"usgs-pad-us-fee-managers:93467","geometry":{"type":"Polygon","coordinates":[[[-88.2733,40.1193],[-88.2768,40.1194],[-88.2768,40.1201],[-88.2752,40.1202],[-88.2746,40.1203],[-88.2746,40.1205],[-88.2738,40.1205],[-88.2734,40.1201],[-88.2733,40.1193]]]},"properties":{"id":"usgs-pad-us-fee-managers:93467","name":"Glenn Park","kind":"land","category":"public-land","sourceCategory":"public-land","sourceId":"usgs-pad-us-fee-managers","sourceUrl":"https://services.arcgis.com/v01gqwM5QqNysAAi/arcgis/rest/services/Fee_Managers_PADUS/FeatureServer/0","sourceUpdated":"2023-05-15T04:00:00.000Z","publicUse":"PAD-US reports open access; verify current manager conditions and restrictions.","unit":"CITY","origin":"public-catalog"}},{"type":"Feature","id":"usgs-pad-us-fee-managers:93468","geometry":{"type":"Polygon","coordinates":[[[-88.2938,40.0776],[-88.2951,40.0776],[-88.2952,40.0811],[-88.2939,40.081],[-88.2941,40.0797],[-88.2945,40.0793],[-88.2946,40.0788],[-88.2938,40.0776]]]},"properties":{"id":"usgs-pad-us-fee-managers:93468","name":"Hallbeck Park","kind":"land","category":"public-land","sourceCategory":"public-land","sourceId":"usgs-pad-us-fee-managers","sourceUrl":"https://services.arcgis.com/v01gqwM5QqNysAAi/arcgis/rest/services/Fee_Managers_PADUS/FeatureServer/0","sourceUpdated":"2023-05-15T04:00:00.000Z","publicUse":"PAD-US reports open access; verify current manager conditions and restrictions.","unit":"CITY","origin":"public-catalog"}},{"type":"Feature","id":"usgs-pad-us-fee-managers:93469","geometry":{"type":"Polygon","coordinates":[[[-88.25,40.1059],[-88.2502,40.1081],[-88.25,40.1087],[-88.2499,40.1085],[-88.25,40.1059]]]},"properties":{"id":"usgs-pad-us-fee-managers:93469","name":"Harris Park","kind":"land","category":"public-land","sourceCategory":"public-land","sourceId":"usgs-pad-us-fee-managers","sourceUrl":"https://services.arcgis.com/v01gqwM5QqNysAAi/arcgis/rest/services/Fee_Managers_PADUS/FeatureServer/0","sourceUpdated":"2023-05-15T04:00:00.000Z","publicUse":"PAD-US reports open access; verify current manager conditions and restrictions.","unit":"CITY","origin":"public-catalog"}},{"type":"Feature","id":"usgs-pad-us-fee-managers:93470","geometry":{"type":"Polygon","coordinates":[[[-88.2451,40.1273],[-88.2457,40.1273],[-88.2457,40.1284],[-88.2437,40.1284],[-88.2438,40.1273],[-88.2451,40.1273]]]},"properties":{"id":"usgs-pad-us-fee-managers:93470","name":"Hazel Park","kind":"land","category":"public-land","sourceCategory":"public-land","sourceId":"usgs-pad-us-fee-managers","sourceUrl":"https://services.arcgis.com/v01gqwM5QqNysAAi/arcgis/rest/services/Fee_Managers_PADUS/FeatureServer/0","sourceUpdated":"2023-05-15T04:00:00.000Z","publicUse":"PAD-US reports open access; verify current manager conditions and restrictions.","unit":"CITY","origin":"public-catalog"}},{"type":"Feature","id":"usgs-pad-us-fee-managers:93471","geometry":{"type":"MultiPolygon","coordinates":[[[[-88.2106,40.1213],[-88.2112,40.1212],[-88.2112,40.1206],[-88.2121,40.1202],[-88.2121,40.1198],[-88.21,40.1188],[-88.2095,40.1192],[-88.2091,40.1191],[-88.2093,40.1184],[-88.2078,40.1184],[-88.2077,40.1175],[-88.2099,40.1182],[-88.2099,40.1184],[-88.2114,40.119],[-88.2124,40.1198],[-88.2128,40.1207],[-88.2125,40.1213],[-88.2104,40.1215],[-88.2102,40.1214],[-88.2106,40.1213]]],[[[-88.2123,40.1204],[-88.2114,40.1208],[-88.2114,40.1211],[-88.2123,40.1211],[-88.2123,40.1204]]],[[[-88.2085,40.1182],[-88.2087,40.1181],[-88.208,40.1179],[-88.208,40.1182],[-88.2085,40.1182]]],[[[-88.2826,40.1259],[-88.2839,40.1241],[-88.2851,40.1229],[-88.2856,40.1208],[-88.2866,40.121],[-88.2862,40.1217],[-88.2865,40.1223],[-88.286,40.1226],[-88.2864,40.123],[-88.2862,40.1236],[-88.2858,40.1232],[-88.285,40.1236],[-88.2836,40.1255],[-88.2843,40.1258],[-88.2853,40.1258],[-88.2852,40.1251],[-88.2861,40.1244],[-88.2863,40.1245],[-88.2863,40.1264],[-88.2839,40.1265],[-88.2832,40.1274],[-88.282,40.1274],[-88.2826,40.1259]]]]},"properties":{"id":"usgs-pad-us-fee-managers:93471","name":"Heritage Park","kind":"land","category":"public-land","sourceCategory":"public-land","sourceId":"usgs-pad-us-fee-managers","sourceUrl":"https://services.arcgis.com/v01gqwM5QqNysAAi/arcgis/rest/services/Fee_Managers_PADUS/FeatureServer/0","sourceUpdated":"2023-05-15T04:00:00.000Z","publicUse":"PAD-US reports open access; verify current manager conditions and restrictions.","unit":"CITY","origin":"public-catalog"}},{"type":"Feature","id":"usgs-pad-us-fee-managers:93472","geometry":{"type":"Polygon","coordinates":[[[-88.2435,40.1026],[-88.2438,40.1023],[-88.2437,40.1026],[-88.2435,40.1026]]]},"properties":{"id":"usgs-pad-us-fee-managers:93472","name":"Hosier Park","kind":"land","category":"public-land","sourceCategory":"public-land","sourceId":"usgs-pad-us-fee-managers","sourceUrl":"https://services.arcgis.com/v01gqwM5QqNysAAi/arcgis/rest/services/Fee_Managers_PADUS/FeatureServer/0","sourceUpdated":"2023-05-15T04:00:00.000Z","publicUse":"PAD-US reports open access; verify current manager conditions and restrictions.","unit":"CITY","origin":"public-catalog"}},{"type":"Feature","id":"usgs-pad-us-fee-managers:93473","geometry":{"type":"Polygon","coordinates":[[[-88.3025,40.1094],[-88.3025,40.1091],[-88.3021,40.1091],[-88.3022,40.1068],[-88.3026,40.1068],[-88.3026,40.1066],[-88.3045,40.1066],[-88.3044,40.1094],[-88.3025,40.1094]]]},"properties":{"id":"usgs-pad-us-fee-managers:93473","name":"Johnston Park","kind":"land","category":"public-land","sourceCategory":"public-land","sourceId":"usgs-pad-us-fee-managers","sourceUrl":"https://services.arcgis.com/v01gqwM5QqNysAAi/arcgis/rest/services/Fee_Managers_PADUS/FeatureServer/0","sourceUpdated":"2023-05-15T04:00:00.000Z","publicUse":"PAD-US reports open access; verify current manager conditions and restrictions.","unit":"CITY","origin":"public-catalog"}},{"type":"Feature","id":"usgs-pad-us-fee-managers:93474","geometry":{"type":"MultiPolygon","coordinates":[[[[-88.2373,40.1128],[-88.2373,40.1127],[-88.2373,40.1128],[-88.2373,40.1128]]],[[[-88.2895,40.1131],[-88.2935,40.1131],[-88.2915,40.114],[-88.2873,40.1179],[-88.2863,40.1171],[-88.2863,40.1167],[-88.2895,40.1131]]]]},"properties":{"id":"usgs-pad-us-fee-managers:93474","name":"Kaufman Park","kind":"land","category":"public-land","sourceCategory":"public-land","sourceId":"usgs-pad-us-fee-managers","sourceUrl":"https://services.arcgis.com/v01gqwM5QqNysAAi/arcgis/rest/services/Fee_Managers_PADUS/FeatureServer/0","sourceUpdated":"2023-05-15T04:00:00.000Z","publicUse":"PAD-US reports open access; verify current manager conditions and restrictions.","unit":"CITY","origin":"public-catalog"}},{"type":"Feature","id":"usgs-pad-us-fee-managers:93475","geometry":{"type":"Polygon","coordinates":[[[-88.2513,40.0896],[-88.2511,40.0891],[-88.2511,40.0854],[-88.2516,40.0854],[-88.2516,40.0865],[-88.2539,40.0865],[-88.2539,40.089],[-88.2551,40.0893],[-88.2575,40.0893],[-88.2575,40.0897],[-88.2535,40.0895],[-88.2513,40.0896]]]},"properties":{"id":"usgs-pad-us-fee-managers:93475","name":"Mattis Park","kind":"land","category":"public-land","sourceCategory":"public-land","sourceId":"usgs-pad-us-fee-managers","sourceUrl":"https://services.arcgis.com/v01gqwM5QqNysAAi/arcgis/rest/services/Fee_Managers_PADUS/FeatureServer/0","sourceUpdated":"2023-05-15T04:00:00.000Z","publicUse":"PAD-US reports open access; verify current manager conditions and restrictions.","unit":"CITY","origin":"public-catalog"}},{"type":"Feature","id":"usgs-pad-us-fee-managers:93476","geometry":{"type":"Polygon","coordinates":[[[-88.2702,40.1007],[-88.2707,40.1007],[-88.2707,40.1016],[-88.2702,40.1018],[-88.2697,40.1014],[-88.2697,40.1009],[-88.2702,40.1007]]]},"properties":{"id":"usgs-pad-us-fee-managers:93476","name":"Mayfair Park","kind":"land","category":"public-land","sourceCategory":"public-land","sourceId":"usgs-pad-us-fee-managers","sourceUrl":"https://services.arcgis.com/v01gqwM5QqNysAAi/arcgis/rest/services/Fee_Managers_PADUS/FeatureServer/0","sourceUpdated":"2023-05-15T04:00:00.000Z","publicUse":"PAD-US reports open access; verify current manager conditions and restrictions.","unit":"CITY","origin":"public-catalog"}},{"type":"Feature","id":"usgs-pad-us-fee-managers:93477","geometry":{"type":"Polygon","coordinates":[[[-88.2895,40.0863],[-88.2896,40.0868],[-88.2883,40.0868],[-88.2883,40.0863],[-88.2895,40.0863]]]},"properties":{"id":"usgs-pad-us-fee-managers:93477","name":"Meadow Square Park","kind":"land","category":"public-land","sourceCategory":"public-land","sourceId":"usgs-pad-us-fee-managers","sourceUrl":"https://services.arcgis.com/v01gqwM5QqNysAAi/arcgis/rest/services/Fee_Managers_PADUS/FeatureServer/0","sourceUpdated":"2023-05-15T04:00:00.000Z","publicUse":"PAD-US reports open access; verify current manager conditions and restrictions.","unit":"CITY","origin":"public-catalog"}},{"type":"Feature","id":"usgs-pad-us-fee-managers:93478","geometry":{"type":"Polygon","coordinates":[[[-88.2895,40.0779],[-88.2903,40.0781],[-88.2901,40.0785],[-88.2887,40.0784],[-88.2887,40.0779],[-88.2895,40.0779]]]},"properties":{"id":"usgs-pad-us-fee-managers:93478","name":"Millage Park","kind":"land","category":"public-land","sourceCategory":"public-land","sourceId":"usgs-pad-us-fee-managers","sourceUrl":"https://services.arcgis.com/v01gqwM5QqNysAAi/arcgis/rest/services/Fee_Managers_PADUS/FeatureServer/0","sourceUpdated":"2023-05-15T04:00:00.000Z","publicUse":"PAD-US reports open access; verify current manager conditions and restrictions.","unit":"CITY","origin":"public-catalog"}},{"type":"Feature","id":"usgs-pad-us-fee-managers:93479","geometry":{"type":"Polygon","coordinates":[[[-88.2518,40.0847],[-88.2512,40.0846],[-88.2512,40.0837],[-88.2524,40.0837],[-88.2524,40.0846],[-88.2518,40.0847]]]},"properties":{"id":"usgs-pad-us-fee-managers:93479","name":"Moore Park","kind":"land","category":"public-land","sourceCategory":"public-land","sourceId":"usgs-pad-us-fee-managers","sourceUrl":"https://services.arcgis.com/v01gqwM5QqNysAAi/arcgis/rest/services/Fee_Managers_PADUS/FeatureServer/0","sourceUpdated":"2023-05-15T04:00:00.000Z","publicUse":"PAD-US reports open access; verify current manager conditions and restrictions.","unit":"CITY","origin":"public-catalog"}},{"type":"Feature","id":"usgs-pad-us-fee-managers:93480","geometry":{"type":"Polygon","coordinates":[[[-88.2646,40.0838],[-88.2669,40.0838],[-88.2669,40.0863],[-88.2638,40.0871],[-88.2638,40.085],[-88.2646,40.0848],[-88.2646,40.0838]]]},"properties":{"id":"usgs-pad-us-fee-managers:93480","name":"Morrissey Park","kind":"land","category":"public-land","sourceCategory":"public-land","sourceId":"usgs-pad-us-fee-managers","sourceUrl":"https://services.arcgis.com/v01gqwM5QqNysAAi/arcgis/rest/services/Fee_Managers_PADUS/FeatureServer/0","sourceUpdated":"2023-05-15T04:00:00.000Z","publicUse":"PAD-US reports open access; verify current manager conditions and restrictions.","unit":"CITY","origin":"public-catalog"}},{"type":"Feature","id":"usgs-pad-us-fee-managers:93481","geometry":{"type":"Polygon","coordinates":[[[-88.3211,40.0888],[-88.3213,40.0887],[-88.3215,40.089],[-88.3216,40.0898],[-88.3199,40.0898],[-88.3199,40.0893],[-88.3205,40.0892],[-88.3205,40.0889],[-88.3211,40.0888]]]},"properties":{"id":"usgs-pad-us-fee-managers:93481","name":"Mullikin Park","kind":"land","category":"public-land","sourceCategory":"public-land","sourceId":"usgs-pad-us-fee-managers","sourceUrl":"https://services.arcgis.com/v01gqwM5QqNysAAi/arcgis/rest/services/Fee_Managers_PADUS/FeatureServer/0","sourceUpdated":"2023-05-15T04:00:00.000Z","publicUse":"PAD-US reports open access; verify current manager conditions and restrictions.","unit":"CITY","origin":"public-catalog"}},{"type":"Feature","id":"usgs-pad-us-fee-managers:93482","geometry":{"type":"Polygon","coordinates":[[[-88.2606,40.0789],[-88.2596,40.0778],[-88.2609,40.0787],[-88.2627,40.0787],[-88.2627,40.0801],[-88.2613,40.0811],[-88.2606,40.0811],[-88.2606,40.0789]]]},"properties":{"id":"usgs-pad-us-fee-managers:93482","name":"Noel Park","kind":"land","category":"public-land","sourceCategory":"public-land","sourceId":"usgs-pad-us-fee-managers","sourceUrl":"https://services.arcgis.com/v01gqwM5QqNysAAi/arcgis/rest/services/Fee_Managers_PADUS/FeatureServer/0","sourceUpdated":"2023-05-15T04:00:00.000Z","publicUse":"PAD-US reports open access; verify current manager conditions and restrictions.","unit":"CITY","origin":"public-catalog"}},{"type":"Feature","id":"usgs-pad-us-fee-managers:93483","geometry":{"type":"Polygon","coordinates":[[[-88.2989,40.1233],[-88.2985,40.1233],[-88.2989,40.1233],[-88.2989,40.1219],[-88.2995,40.1222],[-88.3007,40.1226],[-88.3007,40.124],[-88.2987,40.1241],[-88.2989,40.1233]]]},"properties":{"id":"usgs-pad-us-fee-managers:93483","name":"Powell Park","kind":"land","category":"public-land","sourceCategory":"public-land","sourceId":"usgs-pad-us-fee-managers","sourceUrl":"https://services.arcgis.com/v01gqwM5QqNysAAi/arcgis/rest/services/Fee_Managers_PADUS/FeatureServer/0","sourceUpdated":"2023-05-15T04:00:00.000Z","publicUse":"PAD-US reports open access; verify current manager conditions and restrictions.","unit":"CITY","origin":"public-catalog"}},{"type":"Feature","id":"usgs-pad-us-fee-managers:93484","geometry":{"type":"Polygon","coordinates":[[[-88.3326,40.0845],[-88.3329,40.0844],[-88.3328,40.0879],[-88.3284,40.0879],[-88.3284,40.0855],[-88.3298,40.0845],[-88.3326,40.0845]]]},"properties":{"id":"usgs-pad-us-fee-managers:93484","name":"Robert C. Porter Family Park","kind":"land","category":"public-land","sourceCategory":"public-land","sourceId":"usgs-pad-us-fee-managers","sourceUrl":"https://services.arcgis.com/v01gqwM5QqNysAAi/arcgis/rest/services/Fee_Managers_PADUS/FeatureServer/0","sourceUpdated":"2023-05-15T04:00:00.000Z","publicUse":"PAD-US reports open access; verify current manager conditions and restrictions.","unit":"CITY","origin":"public-catalog"}},{"type":"Feature","id":"usgs-pad-us-fee-managers:93485","geometry":{"type":"Polygon","coordinates":[[[-88.2961,40.0782],[-88.2971,40.0782],[-88.2971,40.0789],[-88.2961,40.0789],[-88.2961,40.0782]]]},"properties":{"id":"usgs-pad-us-fee-managers:93485","name":"Robeson Meadows W Detention Park","kind":"land","category":"public-land","sourceCategory":"public-land","sourceId":"usgs-pad-us-fee-managers","sourceUrl":"https://services.arcgis.com/v01gqwM5QqNysAAi/arcgis/rest/services/Fee_Managers_PADUS/FeatureServer/0","sourceUpdated":"2023-05-15T04:00:00.000Z","publicUse":"PAD-US reports open access; verify current manager conditions and restrictions.","unit":"CITY","origin":"public-catalog"}},{"type":"Feature","id":"usgs-pad-us-fee-managers:93486","geometry":{"type":"Polygon","coordinates":[[[-88.2914,40.0922],[-88.2907,40.0915],[-88.2894,40.0915],[-88.2895,40.0901],[-88.2951,40.0901],[-88.2952,40.0921],[-88.293,40.0921],[-88.293,40.0917],[-88.2914,40.0922]]]},"properties":{"id":"usgs-pad-us-fee-managers:93486","name":"Robeson Park","kind":"land","category":"public-land","sourceCategory":"public-land","sourceId":"usgs-pad-us-fee-managers","sourceUrl":"https://services.arcgis.com/v01gqwM5QqNysAAi/arcgis/rest/services/Fee_Managers_PADUS/FeatureServer/0","sourceUpdated":"2023-05-15T04:00:00.000Z","publicUse":"PAD-US reports open access; verify current manager conditions and restrictions.","unit":"CITY","origin":"public-catalog"}},{"type":"Feature","id":"usgs-pad-us-fee-managers:93487","geometry":{"type":"Polygon","coordinates":[[[-88.2355,40.1115],[-88.2369,40.1116],[-88.237,40.1126],[-88.2355,40.1126],[-88.2355,40.1115]]]},"properties":{"id":"usgs-pad-us-fee-managers:93487","name":"Scott Park","kind":"land","category":"public-land","sourceCategory":"public-land","sourceId":"usgs-pad-us-fee-managers","sourceUrl":"https://services.arcgis.com/v01gqwM5QqNysAAi/arcgis/rest/services/Fee_Managers_PADUS/FeatureServer/0","sourceUpdated":"2023-05-15T04:00:00.000Z","publicUse":"PAD-US reports open access; verify current manager conditions and restrictions.","unit":"CITY","origin":"public-catalog"}},{"type":"Feature","id":"usgs-pad-us-fee-managers:93488","geometry":{"type":"Polygon","coordinates":[[[-88.2526,40.1227],[-88.2531,40.1227],[-88.2531,40.1259],[-88.2502,40.1249],[-88.2502,40.1233],[-88.2526,40.1227]]]},"properties":{"id":"usgs-pad-us-fee-managers:93488","name":"Spalding Park","kind":"land","category":"public-land","sourceCategory":"public-land","sourceId":"usgs-pad-us-fee-managers","sourceUrl":"https://services.arcgis.com/v01gqwM5QqNysAAi/arcgis/rest/services/Fee_Managers_PADUS/FeatureServer/0","sourceUpdated":"2023-05-15T04:00:00.000Z","publicUse":"PAD-US reports open access; verify current manager conditions and restrictions.","unit":"CITY","origin":"public-catalog"}},{"type":"Feature","id":"usgs-pad-us-fee-managers:93489","geometry":{"type":"Polygon","coordinates":[[[-88.2422,40.1164],[-88.2426,40.1164],[-88.2426,40.1165],[-88.2422,40.1164]]]},"properties":{"id":"usgs-pad-us-fee-managers:93489","name":"Stampofski Park","kind":"land","category":"public-land","sourceCategory":"public-land","sourceId":"usgs-pad-us-fee-managers","sourceUrl":"https://services.arcgis.com/v01gqwM5QqNysAAi/arcgis/rest/services/Fee_Managers_PADUS/FeatureServer/0","sourceUpdated":"2023-05-15T04:00:00.000Z","publicUse":"PAD-US reports open access; verify current manager conditions and restrictions.","unit":"CITY","origin":"public-catalog"}},{"type":"Feature","id":"usgs-pad-us-fee-managers:93490","geometry":{"type":"Polygon","coordinates":[[[-88.3124,40.135],[-88.3124,40.1323],[-88.312,40.1323],[-88.312,40.1315],[-88.3146,40.1315],[-88.3146,40.135],[-88.3124,40.135]]]},"properties":{"id":"usgs-pad-us-fee-managers:93490","name":"Sunset Ridge Park","kind":"land","category":"public-land","sourceCategory":"public-land","sourceId":"usgs-pad-us-fee-managers","sourceUrl":"https://services.arcgis.com/v01gqwM5QqNysAAi/arcgis/rest/services/Fee_Managers_PADUS/FeatureServer/0","sourceUpdated":"2023-05-15T04:00:00.000Z","publicUse":"PAD-US reports open access; verify current manager conditions and restrictions.","unit":"CITY","origin":"public-catalog"}},{"type":"Feature","id":"usgs-pad-us-fee-managers:93491","geometry":{"type":"Polygon","coordinates":[[[-88.2651,40.1274],[-88.2653,40.1274],[-88.2653,40.1279],[-88.265,40.1279],[-88.2651,40.1274]]]},"properties":{"id":"usgs-pad-us-fee-managers:93491","name":"Thompson Park","kind":"land","category":"public-land","sourceCategory":"public-land","sourceId":"usgs-pad-us-fee-managers","sourceUrl":"https://services.arcgis.com/v01gqwM5QqNysAAi/arcgis/rest/services/Fee_Managers_PADUS/FeatureServer/0","sourceUpdated":"2023-05-15T04:00:00.000Z","publicUse":"PAD-US reports open access; verify current manager conditions and restrictions.","unit":"CITY","origin":"public-catalog"}},{"type":"Feature","id":"usgs-pad-us-fee-managers:93492","geometry":{"type":"Polygon","coordinates":[[[-88.2507,40.1521],[-88.2536,40.1521],[-88.2536,40.1533],[-88.2507,40.1533],[-88.2507,40.1521]]]},"properties":{"id":"usgs-pad-us-fee-managers:93492","name":"Toalson Park","kind":"land","category":"public-land","sourceCategory":"public-land","sourceId":"usgs-pad-us-fee-managers","sourceUrl":"https://services.arcgis.com/v01gqwM5QqNysAAi/arcgis/rest/services/Fee_Managers_PADUS/FeatureServer/0","sourceUpdated":"2023-05-15T04:00:00.000Z","publicUse":"PAD-US reports open access; verify current manager conditions and restrictions.","unit":"CITY","origin":"public-catalog"}},{"type":"Feature","id":"usgs-pad-us-fee-managers:93493","geometry":{"type":"Polygon","coordinates":[[[-88.2486,40.1451],[-88.2485,40.1441],[-88.2493,40.1444],[-88.2502,40.1444],[-88.2502,40.1448],[-88.2493,40.1448],[-88.2486,40.1451]]]},"properties":{"id":"usgs-pad-us-fee-managers:93493","name":"Town Center Park","kind":"land","category":"public-land","sourceCategory":"public-land","sourceId":"usgs-pad-us-fee-managers","sourceUrl":"https://services.arcgis.com/v01gqwM5QqNysAAi/arcgis/rest/services/Fee_Managers_PADUS/FeatureServer/0","sourceUpdated":"2023-05-15T04:00:00.000Z","publicUse":"PAD-US reports open access; verify current manager conditions and restrictions.","unit":"CITY","origin":"public-catalog"}},{"type":"Feature","id":"usgs-pad-us-fee-managers:93494","geometry":{"type":"Polygon","coordinates":[[[-88.258,40.1162],[-88.258,40.1158],[-88.2585,40.116],[-88.2585,40.1162],[-88.258,40.1162]]]},"properties":{"id":"usgs-pad-us-fee-managers:93494","name":"Trevett-Finch Park","kind":"land","category":"public-land","sourceCategory":"public-land","sourceId":"usgs-pad-us-fee-managers","sourceUrl":"https://services.arcgis.com/v01gqwM5QqNysAAi/arcgis/rest/services/Fee_Managers_PADUS/FeatureServer/0","sourceUpdated":"2023-05-15T04:00:00.000Z","publicUse":"PAD-US reports open access; verify current manager conditions and restrictions.","unit":"CITY","origin":"public-catalog"}},{"type":"Feature","id":"usgs-pad-us-fee-managers:93495","geometry":{"type":"Polygon","coordinates":[[[-88.2468,40.1172],[-88.2468,40.1163],[-88.2501,40.1163],[-88.2501,40.1182],[-88.2468,40.1183],[-88.2468,40.1172]]]},"properties":{"id":"usgs-pad-us-fee-managers:93495","name":"W Side Park","kind":"land","category":"public-land","sourceCategory":"public-land","sourceId":"usgs-pad-us-fee-managers","sourceUrl":"https://services.arcgis.com/v01gqwM5QqNysAAi/arcgis/rest/services/Fee_Managers_PADUS/FeatureServer/0","sourceUpdated":"2023-05-15T04:00:00.000Z","publicUse":"PAD-US reports open access; verify current manager conditions and restrictions.","unit":"CITY","origin":"public-catalog"}},{"type":"Feature","id":"usgs-pad-us-fee-managers:93496","geometry":{"type":"Polygon","coordinates":[[[-88.2358,40.1055],[-88.2365,40.1055],[-88.2365,40.1078],[-88.2359,40.1078],[-88.2358,40.1055]]]},"properties":{"id":"usgs-pad-us-fee-managers:93496","name":"Washington Park","kind":"land","category":"public-land","sourceCategory":"public-land","sourceId":"usgs-pad-us-fee-managers","sourceUrl":"https://services.arcgis.com/v01gqwM5QqNysAAi/arcgis/rest/services/Fee_Managers_PADUS/FeatureServer/0","sourceUpdated":"2023-05-15T04:00:00.000Z","publicUse":"PAD-US reports open access; verify current manager conditions and restrictions.","unit":"CITY","origin":"public-catalog"}},{"type":"Feature","id":"usgs-pad-us-fee-managers:93497","geometry":{"type":"Polygon","coordinates":[[[-88.2363,40.1248],[-88.2366,40.1248],[-88.2362,40.1257],[-88.2351,40.1257],[-88.2351,40.1248],[-88.2363,40.1248]]]},"properties":{"id":"usgs-pad-us-fee-managers:93497","name":"Wesley Park","kind":"land","category":"public-land","sourceCategory":"public-land","sourceId":"usgs-pad-us-fee-managers","sourceUrl":"https://services.arcgis.com/v01gqwM5QqNysAAi/arcgis/rest/services/Fee_Managers_PADUS/FeatureServer/0","sourceUpdated":"2023-05-15T04:00:00.000Z","publicUse":"PAD-US reports open access; verify current manager conditions and restrictions.","unit":"CITY","origin":"public-catalog"}},{"type":"Feature","id":"usgs-pad-us-fee-managers:93498","geometry":{"type":"Polygon","coordinates":[[[-88.2602,40.1236],[-88.2603,40.1234],[-88.2604,40.1236],[-88.2603,40.125],[-88.2602,40.1236]]]},"properties":{"id":"usgs-pad-us-fee-managers:93498","name":"Willis Park","kind":"land","category":"public-land","sourceCategory":"public-land","sourceId":"usgs-pad-us-fee-managers","sourceUrl":"https://services.arcgis.com/v01gqwM5QqNysAAi/arcgis/rest/services/Fee_Managers_PADUS/FeatureServer/0","sourceUpdated":"2023-05-15T04:00:00.000Z","publicUse":"PAD-US reports open access; verify current manager conditions and restrictions.","unit":"CITY","origin":"public-catalog"}},{"type":"Feature","id":"usgs-pad-us-fee-managers:93499","geometry":{"type":"Polygon","coordinates":[[[-88.2726,40.097],[-88.2726,40.0965],[-88.2718,40.0965],[-88.2724,40.0958],[-88.2737,40.0958],[-88.2743,40.0961],[-88.2744,40.097],[-88.2726,40.097]]]},"properties":{"id":"usgs-pad-us-fee-managers:93499","name":"Wisegarver Park","kind":"land","category":"public-land","sourceCategory":"public-land","sourceId":"usgs-pad-us-fee-managers","sourceUrl":"https://services.arcgis.com/v01gqwM5QqNysAAi/arcgis/rest/services/Fee_Managers_PADUS/FeatureServer/0","sourceUpdated":"2023-05-15T04:00:00.000Z","publicUse":"PAD-US reports open access; verify current manager conditions and restrictions.","unit":"CITY","origin":"public-catalog"}},{"type":"Feature","id":"usgs-pad-us-fee-managers:93500","geometry":{"type":"Polygon","coordinates":[[[-88.3111,40.0805],[-88.314,40.0805],[-88.314,40.083],[-88.3125,40.0829],[-88.3125,40.0841],[-88.3111,40.0841],[-88.3111,40.0805]]]},"properties":{"id":"usgs-pad-us-fee-managers:93500","name":"Zahnd Park","kind":"land","category":"public-land","sourceCategory":"public-land","sourceId":"usgs-pad-us-fee-managers","sourceUrl":"https://services.arcgis.com/v01gqwM5QqNysAAi/arcgis/rest/services/Fee_Managers_PADUS/FeatureServer/0","sourceUpdated":"2023-05-15T04:00:00.000Z","publicUse":"PAD-US reports open access; verify current manager conditions and restrictions.","unit":"CITY","origin":"public-catalog"}},{"type":"Feature","id":"usgs-pad-us-fee-managers:93678","geometry":{"type":"Polygon","coordinates":[[[-87.7513,41.8598],[-87.7518,41.86],[-87.7513,41.86],[-87.7513,41.8598]]]},"properties":{"id":"usgs-pad-us-fee-managers:93678","name":"Andy Lopez Park","kind":"land","category":"public-land","sourceCategory":"public-land","sourceId":"usgs-pad-us-fee-managers","sourceUrl":"https://services.arcgis.com/v01gqwM5QqNysAAi/arcgis/rest/services/Fee_Managers_PADUS/FeatureServer/0","sourceUpdated":"2023-05-15T04:00:00.000Z","publicUse":"PAD-US reports open access; verify current manager conditions and restrictions.","unit":"CITY","origin":"public-catalog"}},{"type":"Feature","id":"usgs-pad-us-fee-managers:93679","geometry":{"type":"Polygon","coordinates":[[[-87.7536,41.8293],[-87.7559,41.8293],[-87.756,41.8309],[-87.7537,41.831],[-87.7536,41.8293]]]},"properties":{"id":"usgs-pad-us-fee-managers:93679","name":"Cicero Community Park","kind":"land","category":"public-land","sourceCategory":"public-land","sourceId":"usgs-pad-us-fee-managers","sourceUrl":"https://services.arcgis.com/v01gqwM5QqNysAAi/arcgis/rest/services/Fee_Managers_PADUS/FeatureServer/0","sourceUpdated":"2023-05-15T04:00:00.000Z","publicUse":"PAD-US reports open access; verify current manager conditions and restrictions.","unit":"CITY","origin":"public-catalog"}},{"type":"Feature","id":"usgs-pad-us-fee-managers:93680","geometry":{"type":"Polygon","coordinates":[[[-87.7586,41.8319],[-87.7586,41.8311],[-87.7611,41.831],[-87.7613,41.8312],[-87.7614,41.832],[-87.7586,41.8319]]]},"properties":{"id":"usgs-pad-us-fee-managers:93680","name":"Cicero Park","kind":"land","category":"public-land","sourceCategory":"public-land","sourceId":"usgs-pad-us-fee-managers","sourceUrl":"https://services.arcgis.com/v01gqwM5QqNysAAi/arcgis/rest/services/Fee_Managers_PADUS/FeatureServer/0","sourceUpdated":"2023-05-15T04:00:00.000Z","publicUse":"PAD-US reports open access; verify current manager conditions and restrictions.","unit":"CITY","origin":"public-catalog"}},{"type":"Feature","id":"usgs-pad-us-fee-managers:93681","geometry":{"type":"MultiPolygon","coordinates":[[[[-87.762,41.8328],[-87.7633,41.8328],[-87.7634,41.8345],[-87.761,41.8345],[-87.761,41.8329],[-87.762,41.8328]]],[[[-87.7604,41.8329],[-87.7608,41.8329],[-87.7609,41.8345],[-87.7604,41.8345],[-87.7604,41.8329]]]]},"properties":{"id":"usgs-pad-us-fee-managers:93681","name":"Columbus Park","kind":"land","category":"public-land","sourceCategory":"public-land","sourceId":"usgs-pad-us-fee-managers","sourceUrl":"https://services.arcgis.com/v01gqwM5QqNysAAi/arcgis/rest/services/Fee_Managers_PADUS/FeatureServer/0","sourceUpdated":"2023-05-15T04:00:00.000Z","publicUse":"PAD-US reports open access; verify current manager conditions and restrictions.","unit":"CITY","origin":"public-catalog"}},{"type":"Feature","id":"usgs-pad-us-fee-managers:93682","geometry":{"type":"Polygon","coordinates":[[[-87.7566,41.8565],[-87.7544,41.8564],[-87.7544,41.8554],[-87.7564,41.8554],[-87.7567,41.8561],[-87.7567,41.8568],[-87.7566,41.8565]]]},"properties":{"id":"usgs-pad-us-fee-managers:93682","name":"Cicero Sports Complex","kind":"land","category":"public-land","sourceCategory":"public-land","sourceId":"usgs-pad-us-fee-managers","sourceUrl":"https://services.arcgis.com/v01gqwM5QqNysAAi/arcgis/rest/services/Fee_Managers_PADUS/FeatureServer/0","sourceUpdated":"2023-05-15T04:00:00.000Z","publicUse":"PAD-US reports open access; verify current manager conditions and restrictions.","unit":"CITY","origin":"public-catalog"}},{"type":"Feature","id":"usgs-pad-us-fee-managers:94097","geometry":{"type":"Polygon","coordinates":[[[-90.3987,40.8016],[-90.399,40.8016],[-90.399,40.8023],[-90.3987,40.8023],[-90.3987,40.8016]]]},"properties":{"id":"usgs-pad-us-fee-managers:94097","name":"Main St Memorial Park","kind":"land","category":"public-land","sourceCategory":"public-land","sourceId":"usgs-pad-us-fee-managers","sourceUrl":"https://services.arcgis.com/v01gqwM5QqNysAAi/arcgis/rest/services/Fee_Managers_PADUS/FeatureServer/0","sourceUpdated":"2023-05-15T04:00:00.000Z","publicUse":"PAD-US reports open access; verify current manager conditions and restrictions.","unit":"CITY","origin":"public-catalog"}},{"type":"Feature","id":"usgs-pad-us-fee-managers:94098","geometry":{"type":"Polygon","coordinates":[[[-90.4072,40.8016],[-90.4099,40.8016],[-90.4099,40.8033],[-90.4072,40.8033],[-90.4072,40.8016]]]},"properties":{"id":"usgs-pad-us-fee-managers:94098","name":"Legion Park","kind":"land","category":"public-land","sourceCategory":"public-land","sourceId":"usgs-pad-us-fee-managers","sourceUrl":"https://services.arcgis.com/v01gqwM5QqNysAAi/arcgis/rest/services/Fee_Managers_PADUS/FeatureServer/0","sourceUpdated":"2023-05-15T04:00:00.000Z","publicUse":"PAD-US reports open access; verify current manager conditions and restrictions.","unit":"CITY","origin":"public-catalog"}},{"type":"Feature","id":"usgs-pad-us-fee-managers:94616","geometry":{"type":"Polygon","coordinates":[[[-90.7505,41.2009],[-90.7509,41.2009],[-90.7509,41.2011],[-90.7505,41.2009]]]},"properties":{"id":"usgs-pad-us-fee-managers:94616","name":"Armed Forces Memorial","kind":"land","category":"public-land","sourceCategory":"public-land","sourceId":"usgs-pad-us-fee-managers","sourceUrl":"https://services.arcgis.com/v01gqwM5QqNysAAi/arcgis/rest/services/Fee_Managers_PADUS/FeatureServer/0","sourceUpdated":"2023-05-15T04:00:00.000Z","publicUse":"PAD-US reports open access; verify current manager conditions and restrictions.","unit":"CITY","origin":"public-catalog"}},{"type":"Feature","id":"usgs-pad-us-fee-managers:94617","geometry":{"type":"Polygon","coordinates":[[[-90.7517,41.203],[-90.7526,41.203],[-90.7526,41.2035],[-90.7517,41.2035],[-90.7517,41.203]]]},"properties":{"id":"usgs-pad-us-fee-managers:94617","name":"Monument Park","kind":"land","category":"public-land","sourceCategory":"public-land","sourceId":"usgs-pad-us-fee-managers","sourceUrl":"https://services.arcgis.com/v01gqwM5QqNysAAi/arcgis/rest/services/Fee_Managers_PADUS/FeatureServer/0","sourceUpdated":"2023-05-15T04:00:00.000Z","publicUse":"PAD-US reports open access; verify current manager conditions and restrictions.","unit":"CITY","origin":"public-catalog"}},{"type":"Feature","id":"usgs-pad-us-fee-managers:94618","geometry":{"type":"Polygon","coordinates":[[[-90.7498,41.2015],[-90.7499,41.2016],[-90.7498,41.2016],[-90.7498,41.2015]]]},"properties":{"id":"usgs-pad-us-fee-managers:94618","name":"Berglund Park","kind":"land","category":"public-land","sourceCategory":"public-land","sourceId":"usgs-pad-us-fee-managers","sourceUrl":"https://services.arcgis.com/v01gqwM5QqNysAAi/arcgis/rest/services/Fee_Managers_PADUS/FeatureServer/0","sourceUpdated":"2023-05-15T04:00:00.000Z","publicUse":"PAD-US reports open access; verify current manager conditions and restrictions.","unit":"CITY","origin":"public-catalog"}},{"type":"Feature","id":"usgs-pad-us-fee-managers:94619","geometry":{"type":"Polygon","coordinates":[[[-90.7477,41.2],[-90.7491,41.2],[-90.7491,41.2005],[-90.7477,41.2006],[-90.7477,41.2]]]},"properties":{"id":"usgs-pad-us-fee-managers:94619","name":"Central Park","kind":"land","category":"public-land","sourceCategory":"public-land","sourceId":"usgs-pad-us-fee-managers","sourceUrl":"https://services.arcgis.com/v01gqwM5QqNysAAi/arcgis/rest/services/Fee_Managers_PADUS/FeatureServer/0","sourceUpdated":"2023-05-15T04:00:00.000Z","publicUse":"PAD-US reports open access; verify current manager conditions and restrictions.","unit":"CITY","origin":"public-catalog"}},{"type":"Feature","id":"usgs-pad-us-fee-managers:94620","geometry":{"type":"Polygon","coordinates":[[[-90.7436,41.1965],[-90.7446,41.1965],[-90.7446,41.1972],[-90.7436,41.1972],[-90.7436,41.1965]]]},"properties":{"id":"usgs-pad-us-fee-managers:94620","name":"Memorial Park","kind":"land","category":"public-land","sourceCategory":"public-land","sourceId":"usgs-pad-us-fee-managers","sourceUrl":"https://services.arcgis.com/v01gqwM5QqNysAAi/arcgis/rest/services/Fee_Managers_PADUS/FeatureServer/0","sourceUpdated":"2023-05-15T04:00:00.000Z","publicUse":"PAD-US reports open access; verify current manager conditions and restrictions.","unit":"CITY","origin":"public-catalog"}},{"type":"Feature","id":"usgs-pad-us-fee-managers:94621","geometry":{"type":"Polygon","coordinates":[[[-90.7483,41.1877],[-90.7483,41.1868],[-90.7523,41.1869],[-90.7522,41.1875],[-90.7512,41.1873],[-90.7483,41.1877]]]},"properties":{"id":"usgs-pad-us-fee-managers:94621","name":"Fenton Park","kind":"land","category":"public-land","sourceCategory":"public-land","sourceId":"usgs-pad-us-fee-managers","sourceUrl":"https://services.arcgis.com/v01gqwM5QqNysAAi/arcgis/rest/services/Fee_Managers_PADUS/FeatureServer/0","sourceUpdated":"2023-05-15T04:00:00.000Z","publicUse":"PAD-US reports open access; verify current manager conditions and restrictions.","unit":"CITY","origin":"public-catalog"}},{"type":"Feature","id":"usgs-pad-us-fee-managers:94883","geometry":{"type":"MultiPolygon","coordinates":[[[[-90.1819,38.8922],[-90.182,38.8917],[-90.1824,38.8917],[-90.1819,38.8922]]],[[[-90.1808,38.8927],[-90.1808,38.8925],[-90.1813,38.8925],[-90.1808,38.8927]]],[[[-90.1802,38.8931],[-90.1805,38.893],[-90.1805,38.8931],[-90.1802,38.8931]]]]},"properties":{"id":"usgs-pad-us-fee-managers:94883","name":"City Of Alton Fountain","kind":"land","category":"public-land","sourceCategory":"public-land","sourceId":"usgs-pad-us-fee-managers","sourceUrl":"https://services.arcgis.com/v01gqwM5QqNysAAi/arcgis/rest/services/Fee_Managers_PADUS/FeatureServer/0","sourceUpdated":"2023-05-15T04:00:00.000Z","publicUse":"PAD-US reports open access; verify current manager conditions and restrictions.","unit":"CITY","origin":"public-catalog"}},{"type":"Feature","id":"usgs-pad-us-fee-managers:94884","geometry":{"type":"Polygon","coordinates":[[[-90.1888,38.8935],[-90.189,38.8936],[-90.189,38.8938],[-90.1888,38.8935]]]},"properties":{"id":"usgs-pad-us-fee-managers:94884","name":"City Of Alton Open Space","kind":"land","category":"public-land","sourceCategory":"public-land","sourceId":"usgs-pad-us-fee-managers","sourceUrl":"https://services.arcgis.com/v01gqwM5QqNysAAi/arcgis/rest/services/Fee_Managers_PADUS/FeatureServer/0","sourceUpdated":"2023-05-15T04:00:00.000Z","publicUse":"PAD-US reports open access; verify current manager conditions and restrictions.","unit":"CITY","origin":"public-catalog"}},{"type":"Feature","id":"usgs-pad-us-fee-managers:94886","geometry":{"type":"Polygon","coordinates":[[[-90.2,38.8985],[-90.1995,38.8986],[-90.1993,38.8982],[-90.1989,38.8984],[-90.1987,38.8979],[-90.1992,38.8977],[-90.1993,38.8979],[-90.2008,38.8988],[-90.201,38.8989],[-90.2004,38.8991],[-90.2,38.8985]]]},"properties":{"id":"usgs-pad-us-fee-managers:94886","name":"Piasa Park","kind":"land","category":"public-land","sourceCategory":"public-land","sourceId":"usgs-pad-us-fee-managers","sourceUrl":"https://services.arcgis.com/v01gqwM5QqNysAAi/arcgis/rest/services/Fee_Managers_PADUS/FeatureServer/0","sourceUpdated":"2023-05-15T04:00:00.000Z","publicUse":"PAD-US reports open access; verify current manager conditions and restrictions.","unit":"CITY","origin":"public-catalog"}},{"type":"Feature","id":"usgs-pad-us-fee-managers:94887","geometry":{"type":"Polygon","coordinates":[[[-90.1699,38.8945],[-90.1701,38.8948],[-90.1698,38.8946],[-90.1699,38.8945]]]},"properties":{"id":"usgs-pad-us-fee-managers:94887","name":"Union Park","kind":"land","category":"public-land","sourceCategory":"public-land","sourceId":"usgs-pad-us-fee-managers","sourceUrl":"https://services.arcgis.com/v01gqwM5QqNysAAi/arcgis/rest/services/Fee_Managers_PADUS/FeatureServer/0","sourceUpdated":"2023-05-15T04:00:00.000Z","publicUse":"PAD-US reports open access; verify current manager conditions and restrictions.","unit":"CITY","origin":"public-catalog"}},{"type":"Feature","id":"usgs-pad-us-fee-managers:94888","geometry":{"type":"Polygon","coordinates":[[[-90.1027,38.9119],[-90.1027,38.9103],[-90.1074,38.9111],[-90.1078,38.9156],[-90.1029,38.9158],[-90.1027,38.9119]]]},"properties":{"id":"usgs-pad-us-fee-managers:94888","name":"City Of Alton Sports Fields","kind":"land","category":"public-land","sourceCategory":"public-land","sourceId":"usgs-pad-us-fee-managers","sourceUrl":"https://services.arcgis.com/v01gqwM5QqNysAAi/arcgis/rest/services/Fee_Managers_PADUS/FeatureServer/0","sourceUpdated":"2023-05-15T04:00:00.000Z","publicUse":"PAD-US reports open access; verify current manager conditions and restrictions.","unit":"CITY","origin":"public-catalog"}},{"type":"Feature","id":"usgs-pad-us-fee-managers:94889","geometry":{"type":"Polygon","coordinates":[[[-90.1082,38.9027],[-90.1097,38.9016],[-90.1105,38.9026],[-90.116,38.9009],[-90.1172,38.9008],[-90.1174,38.9042],[-90.1172,38.9049],[-90.1158,38.9059],[-90.1151,38.909],[-90.1099,38.9101],[-90.1063,38.9103],[-90.1058,38.9102],[-90.1057,38.9073],[-90.1069,38.9031],[-90.1073,38.9028],[-90.1082,38.9027]]]},"properties":{"id":"usgs-pad-us-fee-managers:94889","name":"Gordon F Moore Community Park","kind":"land","category":"public-land","sourceCategory":"public-land","sourceId":"usgs-pad-us-fee-managers","sourceUrl":"https://services.arcgis.com/v01gqwM5QqNysAAi/arcgis/rest/services/Fee_Managers_PADUS/FeatureServer/0","sourceUpdated":"2023-05-15T04:00:00.000Z","publicUse":"PAD-US reports open access; verify current manager conditions and restrictions.","unit":"CITY","origin":"public-catalog"}},{"type":"Feature","id":"usgs-pad-us-fee-managers:94890","geometry":{"type":"Polygon","coordinates":[[[-90.1741,38.8981],[-90.1764,38.8981],[-90.1764,38.8993],[-90.1741,38.8994],[-90.1741,38.8981]]]},"properties":{"id":"usgs-pad-us-fee-managers:94890","name":"Haskell Park","kind":"land","category":"public-land","sourceCategory":"public-land","sourceId":"usgs-pad-us-fee-managers","sourceUrl":"https://services.arcgis.com/v01gqwM5QqNysAAi/arcgis/rest/services/Fee_Managers_PADUS/FeatureServer/0","sourceUpdated":"2023-05-15T04:00:00.000Z","publicUse":"PAD-US reports open access; verify current manager conditions and restrictions.","unit":"CITY","origin":"public-catalog"}},{"type":"Feature","id":"usgs-pad-us-fee-managers:94891","geometry":{"type":"Polygon","coordinates":[[[-90.1774,38.8886],[-90.1777,38.8873],[-90.1785,38.8869],[-90.1801,38.8874],[-90.1808,38.8884],[-90.1813,38.8886],[-90.1774,38.8886]]]},"properties":{"id":"usgs-pad-us-fee-managers:94891","name":"Henry Street Park","kind":"land","category":"public-land","sourceCategory":"public-land","sourceId":"usgs-pad-us-fee-managers","sourceUrl":"https://services.arcgis.com/v01gqwM5QqNysAAi/arcgis/rest/services/Fee_Managers_PADUS/FeatureServer/0","sourceUpdated":"2023-05-15T04:00:00.000Z","publicUse":"PAD-US reports open access; verify current manager conditions and restrictions.","unit":"CITY","origin":"public-catalog"}},{"type":"Feature","id":"usgs-pad-us-fee-managers:94892","geometry":{"type":"Polygon","coordinates":[[[-90.1196,38.8892],[-90.1208,38.8894],[-90.121,38.8905],[-90.1192,38.8906],[-90.1196,38.8892]]]},"properties":{"id":"usgs-pad-us-fee-managers:94892","name":"Milton Park","kind":"land","category":"public-land","sourceCategory":"public-land","sourceId":"usgs-pad-us-fee-managers","sourceUrl":"https://services.arcgis.com/v01gqwM5QqNysAAi/arcgis/rest/services/Fee_Managers_PADUS/FeatureServer/0","sourceUpdated":"2023-05-15T04:00:00.000Z","publicUse":"PAD-US reports open access; verify current manager conditions and restrictions.","unit":"CITY","origin":"public-catalog"}},{"type":"Feature","id":"usgs-pad-us-fee-managers:94893","geometry":{"type":"Polygon","coordinates":[[[-90.1921,38.9009],[-90.192,38.9006],[-90.193,38.9003],[-90.1931,38.9006],[-90.1937,38.9006],[-90.1939,38.9011],[-90.1934,38.902],[-90.1929,38.9018],[-90.1921,38.9009]]]},"properties":{"id":"usgs-pad-us-fee-managers:94893","name":"Olin Park","kind":"land","category":"public-land","sourceCategory":"public-land","sourceId":"usgs-pad-us-fee-managers","sourceUrl":"https://services.arcgis.com/v01gqwM5QqNysAAi/arcgis/rest/services/Fee_Managers_PADUS/FeatureServer/0","sourceUpdated":"2023-05-15T04:00:00.000Z","publicUse":"PAD-US reports open access; verify current manager conditions and restrictions.","unit":"CITY","origin":"public-catalog"}},{"type":"Feature","id":"usgs-pad-us-fee-managers:94894","geometry":{"type":"Polygon","coordinates":[[[-90.1815,38.8886],[-90.1807,38.8882],[-90.1802,38.8873],[-90.1802,38.8869],[-90.1794,38.8868],[-90.1806,38.8853],[-90.1831,38.8868],[-90.1829,38.8886],[-90.1815,38.8886]]]},"properties":{"id":"usgs-pad-us-fee-managers:94894","name":"Riverfront Park","kind":"land","category":"public-land","sourceCategory":"public-land","sourceId":"usgs-pad-us-fee-managers","sourceUrl":"https://services.arcgis.com/v01gqwM5QqNysAAi/arcgis/rest/services/Fee_Managers_PADUS/FeatureServer/0","sourceUpdated":"2023-05-15T04:00:00.000Z","publicUse":"PAD-US reports open access; verify current manager conditions and restrictions.","unit":"CITY","origin":"public-catalog"}},{"type":"Feature","id":"usgs-pad-us-fee-managers:94895","geometry":{"type":"Polygon","coordinates":[[[-90.1945,38.8942],[-90.195,38.894],[-90.1952,38.8942],[-90.1954,38.8952],[-90.1938,38.8959],[-90.1934,38.8956],[-90.1948,38.8946],[-90.1945,38.8942]]]},"properties":{"id":"usgs-pad-us-fee-managers:94895","name":"Riverview Park","kind":"land","category":"public-land","sourceCategory":"public-land","sourceId":"usgs-pad-us-fee-managers","sourceUrl":"https://services.arcgis.com/v01gqwM5QqNysAAi/arcgis/rest/services/Fee_Managers_PADUS/FeatureServer/0","sourceUpdated":"2023-05-15T04:00:00.000Z","publicUse":"PAD-US reports open access; verify current manager conditions and restrictions.","unit":"CITY","origin":"public-catalog"}},{"type":"Feature","id":"usgs-pad-us-fee-managers:94896","geometry":{"type":"Polygon","coordinates":[[[-90.1574,38.9067],[-90.1568,38.9034],[-90.1592,38.9035],[-90.1608,38.9038],[-90.1633,38.9047],[-90.1651,38.9058],[-90.1651,38.9073],[-90.1624,38.9068],[-90.1622,38.9079],[-90.1575,38.9076],[-90.1574,38.9067]]]},"properties":{"id":"usgs-pad-us-fee-managers:94896","name":"Rock Springs Park","kind":"land","category":"public-land","sourceCategory":"public-land","sourceId":"usgs-pad-us-fee-managers","sourceUrl":"https://services.arcgis.com/v01gqwM5QqNysAAi/arcgis/rest/services/Fee_Managers_PADUS/FeatureServer/0","sourceUpdated":"2023-05-15T04:00:00.000Z","publicUse":"PAD-US reports open access; verify current manager conditions and restrictions.","unit":"CITY","origin":"public-catalog"}},{"type":"Feature","id":"usgs-pad-us-fee-managers:94897","geometry":{"type":"Polygon","coordinates":[[[-90.1684,38.884],[-90.1686,38.8836],[-90.1703,38.8847],[-90.1729,38.8857],[-90.1719,38.8866],[-90.1704,38.8868],[-90.1684,38.884]]]},"properties":{"id":"usgs-pad-us-fee-managers:94897","name":"Russell Commons Park","kind":"land","category":"public-land","sourceCategory":"public-land","sourceId":"usgs-pad-us-fee-managers","sourceUrl":"https://services.arcgis.com/v01gqwM5QqNysAAi/arcgis/rest/services/Fee_Managers_PADUS/FeatureServer/0","sourceUpdated":"2023-05-15T04:00:00.000Z","publicUse":"PAD-US reports open access; verify current manager conditions and restrictions.","unit":"CITY","origin":"public-catalog"}},{"type":"Feature","id":"usgs-pad-us-fee-managers:94898","geometry":{"type":"Polygon","coordinates":[[[-90.1508,38.911],[-90.1522,38.911],[-90.1522,38.9121],[-90.1508,38.9121],[-90.1508,38.911]]]},"properties":{"id":"usgs-pad-us-fee-managers:94898","name":"Salu Park","kind":"land","category":"public-land","sourceCategory":"public-land","sourceId":"usgs-pad-us-fee-managers","sourceUrl":"https://services.arcgis.com/v01gqwM5QqNysAAi/arcgis/rest/services/Fee_Managers_PADUS/FeatureServer/0","sourceUpdated":"2023-05-15T04:00:00.000Z","publicUse":"PAD-US reports open access; verify current manager conditions and restrictions.","unit":"CITY","origin":"public-catalog"}},{"type":"Feature","id":"usgs-pad-us-fee-managers:94899","geometry":{"type":"MultiPolygon","coordinates":[[[[-90.1686,38.8941],[-90.1674,38.8935],[-90.1676,38.8932],[-90.1673,38.8931],[-90.1674,38.8929],[-90.168,38.8931],[-90.1682,38.8927],[-90.1684,38.8928],[-90.1683,38.8931],[-90.1689,38.8933],[-90.1694,38.8932],[-90.169,38.8934],[-90.1693,38.894],[-90.1688,38.8938],[-90.1686,38.8941]]],[[[-90.1883,38.9175],[-90.1903,38.9172],[-90.191,38.9185],[-90.1896,38.9186],[-90.1883,38.9175]]]]},"properties":{"id":"usgs-pad-us-fee-managers:94899","name":"Unknown Park","kind":"land","category":"public-land","sourceCategory":"public-land","sourceId":"usgs-pad-us-fee-managers","sourceUrl":"https://services.arcgis.com/v01gqwM5QqNysAAi/arcgis/rest/services/Fee_Managers_PADUS/FeatureServer/0","sourceUpdated":"2023-05-15T04:00:00.000Z","publicUse":"PAD-US reports open access; verify current manager conditions and restrictions.","unit":"CITY","origin":"public-catalog"}},{"type":"Feature","id":"usgs-pad-us-fee-managers:94900","geometry":{"type":"Polygon","coordinates":[[[-90.185,38.8895],[-90.1859,38.8896],[-90.1865,38.8902],[-90.1856,38.8901],[-90.1857,38.8897],[-90.185,38.8895]]]},"properties":{"id":"usgs-pad-us-fee-managers:94900","name":"Lincoln/Douglas Square","kind":"land","category":"public-land","sourceCategory":"public-land","sourceId":"usgs-pad-us-fee-managers","sourceUrl":"https://services.arcgis.com/v01gqwM5QqNysAAi/arcgis/rest/services/Fee_Managers_PADUS/FeatureServer/0","sourceUpdated":"2021-03-16T04:00:00.000Z","publicUse":"PAD-US reports open access; verify current manager conditions and restrictions.","unit":"CITY","origin":"public-catalog"}},{"type":"Feature","id":"usgs-pad-us-fee-managers:94901","geometry":{"type":"Polygon","coordinates":[[[-90.1824,38.8939],[-90.1831,38.894],[-90.183,38.8946],[-90.1823,38.8945],[-90.1824,38.8939]]]},"properties":{"id":"usgs-pad-us-fee-managers:94901","name":"Public Square","kind":"land","category":"public-land","sourceCategory":"public-land","sourceId":"usgs-pad-us-fee-managers","sourceUrl":"https://services.arcgis.com/v01gqwM5QqNysAAi/arcgis/rest/services/Fee_Managers_PADUS/FeatureServer/0","sourceUpdated":"2021-03-16T04:00:00.000Z","publicUse":"PAD-US reports open access; verify current manager conditions and restrictions.","unit":"CITY","origin":"public-catalog"}},{"type":"Feature","id":"usgs-pad-us-fee-managers:94902","geometry":{"type":"Polygon","coordinates":[[[-90.1781,38.8919],[-90.1797,38.892],[-90.1795,38.8931],[-90.1787,38.893],[-90.1788,38.8926],[-90.1779,38.8926],[-90.1781,38.8919]]]},"properties":{"id":"usgs-pad-us-fee-managers:94902","name":"Seminary Square","kind":"land","category":"public-land","sourceCategory":"public-land","sourceId":"usgs-pad-us-fee-managers","sourceUrl":"https://services.arcgis.com/v01gqwM5QqNysAAi/arcgis/rest/services/Fee_Managers_PADUS/FeatureServer/0","sourceUpdated":"2021-03-16T04:00:00.000Z","publicUse":"PAD-US reports open access; verify current manager conditions and restrictions.","unit":"CITY","origin":"public-catalog"}},{"type":"Feature","id":"usgs-pad-us-fee-managers:95558","geometry":{"type":"Polygon","coordinates":[[[-89.2443,37.458],[-89.2428,37.4573],[-89.2429,37.4563],[-89.2421,37.4563],[-89.2422,37.4533],[-89.2457,37.4532],[-89.2473,37.4559],[-89.2472,37.4562],[-89.2477,37.4569],[-89.2467,37.4571],[-89.2459,37.4579],[-89.2449,37.4577],[-89.2446,37.4581],[-89.2443,37.458]]]},"properties":{"id":"usgs-pad-us-fee-managers:95558","name":"Anna City Park","kind":"land","category":"public-land","sourceCategory":"public-land","sourceId":"usgs-pad-us-fee-managers","sourceUrl":"https://services.arcgis.com/v01gqwM5QqNysAAi/arcgis/rest/services/Fee_Managers_PADUS/FeatureServer/0","sourceUpdated":"2023-05-15T04:00:00.000Z","publicUse":"PAD-US reports open access; verify current manager conditions and restrictions.","unit":"CITY","origin":"public-catalog"}},{"type":"Feature","id":"usgs-pad-us-fee-managers:95811","geometry":{"type":"Polygon","coordinates":[[[-88.3083,39.6838],[-88.3084,39.6833],[-88.3086,39.6833],[-88.3086,39.6838],[-88.3083,39.6838]]]},"properties":{"id":"usgs-pad-us-fee-managers:95811","name":"Rotary Gazebo Park","kind":"land","category":"public-land","sourceCategory":"public-land","sourceId":"usgs-pad-us-fee-managers","sourceUrl":"https://services.arcgis.com/v01gqwM5QqNysAAi/arcgis/rest/services/Fee_Managers_PADUS/FeatureServer/0","sourceUpdated":"2023-05-15T04:00:00.000Z","publicUse":"PAD-US reports open access; verify current manager conditions and restrictions.","unit":"CITY","origin":"public-catalog"}},{"type":"Feature","id":"usgs-pad-us-fee-managers:95812","geometry":{"type":"Polygon","coordinates":[[[-88.3058,39.6791],[-88.3071,39.6791],[-88.3071,39.6799],[-88.3058,39.6799],[-88.3058,39.6791]]]},"properties":{"id":"usgs-pad-us-fee-managers:95812","name":"Arcola City Park","kind":"land","category":"public-land","sourceCategory":"public-land","sourceId":"usgs-pad-us-fee-managers","sourceUrl":"https://services.arcgis.com/v01gqwM5QqNysAAi/arcgis/rest/services/Fee_Managers_PADUS/FeatureServer/0","sourceUpdated":"2023-05-15T04:00:00.000Z","publicUse":"PAD-US reports open access; verify current manager conditions and restrictions.","unit":"CITY","origin":"public-catalog"}},{"type":"Feature","id":"usgs-pad-us-fee-managers:95813","geometry":{"type":"Polygon","coordinates":[[[-88.2997,39.678],[-88.3021,39.678],[-88.3021,39.6802],[-88.2975,39.6802],[-88.2975,39.678],[-88.2997,39.678]]]},"properties":{"id":"usgs-pad-us-fee-managers:95813","name":"Kelly Moore Memorial Park","kind":"land","category":"public-land","sourceCategory":"public-land","sourceId":"usgs-pad-us-fee-managers","sourceUrl":"https://services.arcgis.com/v01gqwM5QqNysAAi/arcgis/rest/services/Fee_Managers_PADUS/FeatureServer/0","sourceUpdated":"2023-05-15T04:00:00.000Z","publicUse":"PAD-US reports open access; verify current manager conditions and restrictions.","unit":"CITY","origin":"public-catalog"}},{"type":"Feature","id":"usgs-pad-us-fee-managers:96284","geometry":{"type":"Polygon","coordinates":[[[-89.7324,39.5913],[-89.7331,39.5913],[-89.7331,39.5922],[-89.7323,39.5922],[-89.7324,39.5913]]]},"properties":{"id":"usgs-pad-us-fee-managers:96284","name":"Pohlod Park","kind":"land","category":"public-land","sourceCategory":"public-land","sourceId":"usgs-pad-us-fee-managers","sourceUrl":"https://services.arcgis.com/v01gqwM5QqNysAAi/arcgis/rest/services/Fee_Managers_PADUS/FeatureServer/0","sourceUpdated":"2023-05-15T04:00:00.000Z","publicUse":"PAD-US reports open access; verify current manager conditions and restrictions.","unit":"CITY","origin":"public-catalog"}},{"type":"Feature","id":"usgs-pad-us-fee-managers:96297","geometry":{"type":"Polygon","coordinates":[[[-89.7574,39.5918],[-89.7577,39.5918],[-89.7577,39.5921],[-89.7574,39.5921],[-89.7574,39.5918]]]},"properties":{"id":"usgs-pad-us-fee-managers:96297","name":"Squad Park","kind":"land","category":"public-land","sourceCategory":"public-land","sourceId":"usgs-pad-us-fee-managers","sourceUrl":"https://services.arcgis.com/v01gqwM5QqNysAAi/arcgis/rest/services/Fee_Managers_PADUS/FeatureServer/0","sourceUpdated":"2023-05-15T04:00:00.000Z","publicUse":"PAD-US reports open access; verify current manager conditions and restrictions.","unit":"CITY","origin":"public-catalog"}},{"type":"Feature","id":"usgs-pad-us-fee-managers:96304","geometry":{"type":"Polygon","coordinates":[[[-89.7416,39.5904],[-89.7426,39.5904],[-89.7427,39.591],[-89.7416,39.591],[-89.7416,39.5904]]]},"properties":{"id":"usgs-pad-us-fee-managers:96304","name":"Union Park","kind":"land","category":"public-land","sourceCategory":"public-land","sourceId":"usgs-pad-us-fee-managers","sourceUrl":"https://services.arcgis.com/v01gqwM5QqNysAAi/arcgis/rest/services/Fee_Managers_PADUS/FeatureServer/0","sourceUpdated":"2023-05-15T04:00:00.000Z","publicUse":"PAD-US reports open access; verify current manager conditions and restrictions.","unit":"CITY","origin":"public-catalog"}},{"type":"Feature","id":"usgs-pad-us-fee-managers:96317","geometry":{"type":"Polygon","coordinates":[[[-89.7428,39.5949],[-89.7437,39.5949],[-89.7437,39.5965],[-89.7416,39.5976],[-89.7409,39.5976],[-89.742,39.5954],[-89.7425,39.5954],[-89.7428,39.5949]]]},"properties":{"id":"usgs-pad-us-fee-managers:96317","name":"Veterans Park","kind":"land","category":"public-land","sourceCategory":"public-land","sourceId":"usgs-pad-us-fee-managers","sourceUrl":"https://services.arcgis.com/v01gqwM5QqNysAAi/arcgis/rest/services/Fee_Managers_PADUS/FeatureServer/0","sourceUpdated":"2023-05-15T04:00:00.000Z","publicUse":"PAD-US reports open access; verify current manager conditions and restrictions.","unit":"CITY","origin":"public-catalog"}},{"type":"Feature","id":"usgs-pad-us-fee-managers:96872","geometry":{"type":"Polygon","coordinates":[[[-90.434,40.0166],[-90.4347,40.0163],[-90.4351,40.0169],[-90.4344,40.0172],[-90.434,40.0166]]]},"properties":{"id":"usgs-pad-us-fee-managers:96872","name":"Art Zeeck Park","kind":"land","category":"public-land","sourceCategory":"public-land","sourceId":"usgs-pad-us-fee-managers","sourceUrl":"https://services.arcgis.com/v01gqwM5QqNysAAi/arcgis/rest/services/Fee_Managers_PADUS/FeatureServer/0","sourceUpdated":"2023-05-15T04:00:00.000Z","publicUse":"PAD-US reports open access; verify current manager conditions and restrictions.","unit":"CITY","origin":"public-catalog"}},{"type":"Feature","id":"usgs-pad-us-fee-managers:97041","geometry":{"type":"Polygon","coordinates":[[[-90.0116,38.5159],[-90.0113,38.5156],[-90.0109,38.5158],[-90.0102,38.5149],[-90.0112,38.5144],[-90.0119,38.5153],[-90.0115,38.5155],[-90.0117,38.5158],[-90.0116,38.5159]]]},"properties":{"id":"usgs-pad-us-fee-managers:97041","name":"Khoury League Fields","kind":"land","category":"public-land","sourceCategory":"public-land","sourceId":"usgs-pad-us-fee-managers","sourceUrl":"https://services.arcgis.com/v01gqwM5QqNysAAi/arcgis/rest/services/Fee_Managers_PADUS/FeatureServer/0","sourceUpdated":"2023-05-15T04:00:00.000Z","publicUse":"PAD-US reports open access; verify current manager conditions and restrictions.","unit":"CITY","origin":"public-catalog"}},{"type":"Feature","id":"usgs-pad-us-fee-managers:97042","geometry":{"type":"Polygon","coordinates":[[[-89.9906,38.5089],[-89.9915,38.5089],[-89.9921,38.5092],[-89.9921,38.5102],[-89.9899,38.5097],[-89.9906,38.5089]]]},"properties":{"id":"usgs-pad-us-fee-managers:97042","name":"Khoury League Park","kind":"land","category":"public-land","sourceCategory":"public-land","sourceId":"usgs-pad-us-fee-managers","sourceUrl":"https://services.arcgis.com/v01gqwM5QqNysAAi/arcgis/rest/services/Fee_Managers_PADUS/FeatureServer/0","sourceUpdated":"2023-05-15T04:00:00.000Z","publicUse":"PAD-US reports open access; verify current manager conditions and restrictions.","unit":"CITY","origin":"public-catalog"}},{"type":"Feature","id":"usgs-pad-us-fee-managers:97363","geometry":{"type":"Polygon","coordinates":[[[-89.0235,42.4961],[-89.0252,42.4961],[-89.0252,42.4961],[-89.0235,42.4961]]]},"properties":{"id":"usgs-pad-us-fee-managers:97363","name":"Turtle Creek Park","kind":"land","category":"public-land","sourceCategory":"public-land","sourceId":"usgs-pad-us-fee-managers","sourceUrl":"https://services.arcgis.com/v01gqwM5QqNysAAi/arcgis/rest/services/Fee_Managers_PADUS/FeatureServer/0","sourceUpdated":"2023-05-15T04:00:00.000Z","publicUse":"PAD-US reports open access; verify current manager conditions and restrictions.","unit":"CITY","origin":"public-catalog"}},{"type":"Feature","id":"usgs-pad-us-fee-managers:97391","geometry":{"type":"Polygon","coordinates":[[[-89.8069,39.0931],[-89.8072,39.0932],[-89.807,39.0956],[-89.8058,39.0956],[-89.8066,39.0932],[-89.8069,39.0931]]]},"properties":{"id":"usgs-pad-us-fee-managers:97391","name":"Veterans Memorial Park","kind":"land","category":"public-land","sourceCategory":"public-land","sourceId":"usgs-pad-us-fee-managers","sourceUrl":"https://services.arcgis.com/v01gqwM5QqNysAAi/arcgis/rest/services/Fee_Managers_PADUS/FeatureServer/0","sourceUpdated":"2023-05-15T04:00:00.000Z","publicUse":"PAD-US reports open access; verify current manager conditions and restrictions.","unit":"CITY","origin":"public-catalog"}},{"type":"Feature","id":"usgs-pad-us-fee-managers:97404","geometry":{"type":"Polygon","coordinates":[[[-88.9304,37.9868],[-88.9352,37.9821],[-88.9351,37.9913],[-88.9289,37.9919],[-88.929,37.9878],[-88.9304,37.9868]]]},"properties":{"id":"usgs-pad-us-fee-managers:97404","name":"Benton City Park","kind":"land","category":"public-land","sourceCategory":"public-land","sourceId":"usgs-pad-us-fee-managers","sourceUrl":"https://services.arcgis.com/v01gqwM5QqNysAAi/arcgis/rest/services/Fee_Managers_PADUS/FeatureServer/0","sourceUpdated":"2023-05-15T04:00:00.000Z","publicUse":"PAD-US reports open access; verify current manager conditions and restrictions.","unit":"CITY","origin":"public-catalog"}},{"type":"Feature","id":"usgs-pad-us-fee-managers:97472","geometry":{"type":"Polygon","coordinates":[[[-87.785,41.8382],[-87.785,41.837],[-87.788,41.8379],[-87.788,41.8382],[-87.785,41.8382]]]},"properties":{"id":"usgs-pad-us-fee-managers:97472","name":"Baseball Alley","kind":"land","category":"public-land","sourceCategory":"public-land","sourceId":"usgs-pad-us-fee-managers","sourceUrl":"https://services.arcgis.com/v01gqwM5QqNysAAi/arcgis/rest/services/Fee_Managers_PADUS/FeatureServer/0","sourceUpdated":"2023-05-15T04:00:00.000Z","publicUse":"PAD-US reports open access; verify current manager conditions and restrictions.","unit":"CITY","origin":"public-catalog"}},{"type":"Feature","id":"usgs-pad-us-fee-managers:97473","geometry":{"type":"Polygon","coordinates":[[[-87.8028,41.8582],[-87.8033,41.8582],[-87.8033,41.8595],[-87.8028,41.8595],[-87.8028,41.8582]]]},"properties":{"id":"usgs-pad-us-fee-managers:97473","name":"Berwyn Park","kind":"land","category":"public-land","sourceCategory":"public-land","sourceId":"usgs-pad-us-fee-managers","sourceUrl":"https://services.arcgis.com/v01gqwM5QqNysAAi/arcgis/rest/services/Fee_Managers_PADUS/FeatureServer/0","sourceUpdated":"2023-05-15T04:00:00.000Z","publicUse":"PAD-US reports open access; verify current manager conditions and restrictions.","unit":"CITY","origin":"public-catalog"}},{"type":"Feature","id":"usgs-pad-us-fee-managers:97474","geometry":{"type":"MultiPolygon","coordinates":[[[[-87.7825,41.8542],[-87.783,41.8542],[-87.783,41.8544],[-87.7826,41.8544],[-87.7825,41.8542]]],[[[-87.7818,41.8542],[-87.7823,41.8542],[-87.7823,41.8544],[-87.7813,41.8544],[-87.7813,41.8542],[-87.7818,41.8542]]],[[[-87.7806,41.8543],[-87.7811,41.8542],[-87.7811,41.8544],[-87.7801,41.8544],[-87.7801,41.8543],[-87.7806,41.8543]]],[[[-87.7794,41.8543],[-87.7798,41.8543],[-87.7799,41.8544],[-87.7789,41.8545],[-87.7789,41.8543],[-87.7794,41.8543]]]]},"properties":{"id":"usgs-pad-us-fee-managers:97474","name":"Cuyler Park","kind":"land","category":"public-land","sourceCategory":"public-land","sourceId":"usgs-pad-us-fee-managers","sourceUrl":"https://services.arcgis.com/v01gqwM5QqNysAAi/arcgis/rest/services/Fee_Managers_PADUS/FeatureServer/0","sourceUpdated":"2023-05-15T04:00:00.000Z","publicUse":"PAD-US reports open access; verify current manager conditions and restrictions.","unit":"CITY","origin":"public-catalog"}},{"type":"Feature","id":"usgs-pad-us-fee-managers:97475","geometry":{"type":"Polygon","coordinates":[[[-87.7859,41.825],[-87.7858,41.8235],[-87.787,41.8237],[-87.787,41.825],[-87.7859,41.825]]]},"properties":{"id":"usgs-pad-us-fee-managers:97475","name":"Freedom Park","kind":"land","category":"public-land","sourceCategory":"public-land","sourceId":"usgs-pad-us-fee-managers","sourceUrl":"https://services.arcgis.com/v01gqwM5QqNysAAi/arcgis/rest/services/Fee_Managers_PADUS/FeatureServer/0","sourceUpdated":"2023-05-15T04:00:00.000Z","publicUse":"PAD-US reports open access; verify current manager conditions and restrictions.","unit":"CITY","origin":"public-catalog"}},{"type":"Feature","id":"usgs-pad-us-fee-managers:97476","geometry":{"type":"Polygon","coordinates":[[[-87.7883,41.8395],[-87.7882,41.8381],[-87.7928,41.8395],[-87.7883,41.8395]]]},"properties":{"id":"usgs-pad-us-fee-managers:97476","name":"Janura Park","kind":"land","category":"public-land","sourceCategory":"public-land","sourceId":"usgs-pad-us-fee-managers","sourceUrl":"https://services.arcgis.com/v01gqwM5QqNysAAi/arcgis/rest/services/Fee_Managers_PADUS/FeatureServer/0","sourceUpdated":"2023-05-15T04:00:00.000Z","publicUse":"PAD-US reports open access; verify current manager conditions and restrictions.","unit":"CITY","origin":"public-catalog"}},{"type":"Feature","id":"usgs-pad-us-fee-managers:97477","geometry":{"type":"Polygon","coordinates":[[[-87.7905,41.8434],[-87.7906,41.8437],[-87.7902,41.8437],[-87.7902,41.8434],[-87.7905,41.8434]]]},"properties":{"id":"usgs-pad-us-fee-managers:97477","name":"Serenity Park","kind":"land","category":"public-land","sourceCategory":"public-land","sourceId":"usgs-pad-us-fee-managers","sourceUrl":"https://services.arcgis.com/v01gqwM5QqNysAAi/arcgis/rest/services/Fee_Managers_PADUS/FeatureServer/0","sourceUpdated":"2023-05-15T04:00:00.000Z","publicUse":"PAD-US reports open access; verify current manager conditions and restrictions.","unit":"CITY","origin":"public-catalog"}},{"type":"Feature","id":"usgs-pad-us-fee-managers:97478","geometry":{"type":"Polygon","coordinates":[[[-87.7806,41.8298],[-87.7811,41.8297],[-87.7811,41.8307],[-87.7806,41.8307],[-87.7806,41.8298]]]},"properties":{"id":"usgs-pad-us-fee-managers:97478","name":"Smirz Park","kind":"land","category":"public-land","sourceCategory":"public-land","sourceId":"usgs-pad-us-fee-managers","sourceUrl":"https://services.arcgis.com/v01gqwM5QqNysAAi/arcgis/rest/services/Fee_Managers_PADUS/FeatureServer/0","sourceUpdated":"2023-05-15T04:00:00.000Z","publicUse":"PAD-US reports open access; verify current manager conditions and restrictions.","unit":"CITY","origin":"public-catalog"}},{"type":"Feature","id":"usgs-pad-us-fee-managers:97985","geometry":{"type":"MultiPolygon","coordinates":[[[[-87.6891,41.636],[-87.6899,41.636],[-87.69,41.637],[-87.6891,41.637],[-87.6891,41.636]]],[[[-87.6707,41.6626],[-87.6707,41.6619],[-87.6721,41.6619],[-87.6719,41.6627],[-87.6707,41.6626]]],[[[-87.6903,41.6646],[-87.6901,41.6646],[-87.6901,41.6639],[-87.6913,41.6639],[-87.6913,41.6648],[-87.6904,41.6648],[-87.6903,41.6646]]]]},"properties":{"id":"usgs-pad-us-fee-managers:97985","name":"Blue Island Park","kind":"land","category":"public-land","sourceCategory":"public-land","sourceId":"usgs-pad-us-fee-managers","sourceUrl":"https://services.arcgis.com/v01gqwM5QqNysAAi/arcgis/rest/services/Fee_Managers_PADUS/FeatureServer/0","sourceUpdated":"2023-05-15T04:00:00.000Z","publicUse":"PAD-US reports open access; verify current manager conditions and restrictions.","unit":"CITY","origin":"public-catalog"}},{"type":"Feature","id":"usgs-pad-us-fee-managers:97986","geometry":{"type":"Polygon","coordinates":[[[-87.6881,41.6727],[-87.6883,41.6727],[-87.688,41.6733],[-87.6877,41.6735],[-87.6878,41.6727],[-87.6881,41.6727]]]},"properties":{"id":"usgs-pad-us-fee-managers:97986","name":"Kiddie Corral","kind":"land","category":"public-land","sourceCategory":"public-land","sourceId":"usgs-pad-us-fee-managers","sourceUrl":"https://services.arcgis.com/v01gqwM5QqNysAAi/arcgis/rest/services/Fee_Managers_PADUS/FeatureServer/0","sourceUpdated":"2023-05-15T04:00:00.000Z","publicUse":"PAD-US reports open access; verify current manager conditions and restrictions.","unit":"CITY","origin":"public-catalog"}},{"type":"Feature","id":"usgs-pad-us-fee-managers:98683","geometry":{"type":"Polygon","coordinates":[[[-89.526,38.6163],[-89.5305,38.6164],[-89.5305,38.6181],[-89.5259,38.618],[-89.526,38.6163]]]},"properties":{"id":"usgs-pad-us-fee-managers:98683","name":"Northside Park","kind":"land","category":"public-land","sourceCategory":"public-land","sourceId":"usgs-pad-us-fee-managers","sourceUrl":"https://services.arcgis.com/v01gqwM5QqNysAAi/arcgis/rest/services/Fee_Managers_PADUS/FeatureServer/0","sourceUpdated":"2023-05-15T04:00:00.000Z","publicUse":"PAD-US reports open access; verify current manager conditions and restrictions.","unit":"CITY","origin":"public-catalog"}},{"type":"Feature","id":"usgs-pad-us-fee-managers:98684","geometry":{"type":"Polygon","coordinates":[[[-89.5185,38.6064],[-89.5185,38.6048],[-89.5209,38.605],[-89.5212,38.6055],[-89.5211,38.6064],[-89.5185,38.6064]]]},"properties":{"id":"usgs-pad-us-fee-managers:98684","name":"Southside Park","kind":"land","category":"public-land","sourceCategory":"public-land","sourceId":"usgs-pad-us-fee-managers","sourceUrl":"https://services.arcgis.com/v01gqwM5QqNysAAi/arcgis/rest/services/Fee_Managers_PADUS/FeatureServer/0","sourceUpdated":"2023-05-15T04:00:00.000Z","publicUse":"PAD-US reports open access; verify current manager conditions and restrictions.","unit":"CITY","origin":"public-catalog"}},{"type":"Feature","id":"usgs-pad-us-fee-managers:98977","geometry":{"type":"Polygon","coordinates":[[[-87.8496,41.8387],[-87.8508,41.8386],[-87.8509,41.8394],[-87.8497,41.8394],[-87.8496,41.8387]]]},"properties":{"id":"usgs-pad-us-fee-managers:98977","name":"Candy Cane Park","kind":"land","category":"public-land","sourceCategory":"public-land","sourceId":"usgs-pad-us-fee-managers","sourceUrl":"https://services.arcgis.com/v01gqwM5QqNysAAi/arcgis/rest/services/Fee_Managers_PADUS/FeatureServer/0","sourceUpdated":"2023-05-15T04:00:00.000Z","publicUse":"PAD-US reports open access; verify current manager conditions and restrictions.","unit":"CITY","origin":"public-catalog"}},{"type":"Feature","id":"usgs-pad-us-fee-managers:98980","geometry":{"type":"Polygon","coordinates":[[[-87.8413,41.8225],[-87.8407,41.8213],[-87.8401,41.8206],[-87.8411,41.8217],[-87.8414,41.8217],[-87.8415,41.8224],[-87.8413,41.8225]]]},"properties":{"id":"usgs-pad-us-fee-managers:98980","name":"Creekside Park","kind":"land","category":"public-land","sourceCategory":"public-land","sourceId":"usgs-pad-us-fee-managers","sourceUrl":"https://services.arcgis.com/v01gqwM5QqNysAAi/arcgis/rest/services/Fee_Managers_PADUS/FeatureServer/0","sourceUpdated":"2023-05-15T04:00:00.000Z","publicUse":"PAD-US reports open access; verify current manager conditions and restrictions.","unit":"CITY","origin":"public-catalog"}},{"type":"Feature","id":"usgs-pad-us-fee-managers:98981","geometry":{"type":"Polygon","coordinates":[[[-87.8457,41.8126],[-87.8457,41.8123],[-87.8452,41.8123],[-87.8452,41.8118],[-87.8449,41.8118],[-87.8449,41.812],[-87.8439,41.812],[-87.8439,41.8111],[-87.8456,41.8111],[-87.8463,41.811],[-87.8463,41.8107],[-87.847,41.8107],[-87.8469,41.8104],[-87.8463,41.8104],[-87.8463,41.8093],[-87.8497,41.8092],[-87.8498,41.8127],[-87.8464,41.8127],[-87.8464,41.8122],[-87.8462,41.8122],[-87.8462,41.8127],[-87.8457,41.8127],[-87.8457,41.8126]]]},"properties":{"id":"usgs-pad-us-fee-managers:98981","name":"Ehlert Park","kind":"land","category":"public-land","sourceCategory":"public-land","sourceId":"usgs-pad-us-fee-managers","sourceUrl":"https://services.arcgis.com/v01gqwM5QqNysAAi/arcgis/rest/services/Fee_Managers_PADUS/FeatureServer/0","sourceUpdated":"2023-05-15T04:00:00.000Z","publicUse":"PAD-US reports open access; verify current manager conditions and restrictions.","unit":"CITY","origin":"public-catalog"}},{"type":"Feature","id":"usgs-pad-us-fee-managers:98985","geometry":{"type":"Polygon","coordinates":[[[-87.856,41.8317],[-87.8565,41.8317],[-87.8565,41.8319],[-87.856,41.8319],[-87.856,41.8317]]]},"properties":{"id":"usgs-pad-us-fee-managers:98985","name":"Harrison Tot Lot","kind":"land","category":"public-land","sourceCategory":"public-land","sourceId":"usgs-pad-us-fee-managers","sourceUrl":"https://services.arcgis.com/v01gqwM5QqNysAAi/arcgis/rest/services/Fee_Managers_PADUS/FeatureServer/0","sourceUpdated":"2023-05-15T04:00:00.000Z","publicUse":"PAD-US reports open access; verify current manager conditions and restrictions.","unit":"CITY","origin":"public-catalog"}},{"type":"Feature","id":"usgs-pad-us-fee-managers:98987","geometry":{"type":"Polygon","coordinates":[[[-87.8398,41.8277],[-87.8396,41.8233],[-87.8417,41.8228],[-87.8421,41.8231],[-87.8421,41.8234],[-87.8416,41.8239],[-87.8417,41.826],[-87.8423,41.8265],[-87.8428,41.8265],[-87.843,41.8277],[-87.8398,41.8277]]]},"properties":{"id":"usgs-pad-us-fee-managers:98987","name":"Kiwanis Park","kind":"land","category":"public-land","sourceCategory":"public-land","sourceId":"usgs-pad-us-fee-managers","sourceUrl":"https://services.arcgis.com/v01gqwM5QqNysAAi/arcgis/rest/services/Fee_Managers_PADUS/FeatureServer/0","sourceUpdated":"2023-05-15T04:00:00.000Z","publicUse":"PAD-US reports open access; verify current manager conditions and restrictions.","unit":"CITY","origin":"public-catalog"}},{"type":"Feature","id":"usgs-pad-us-fee-managers:98988","geometry":{"type":"Polygon","coordinates":[[[-87.8387,41.8207],[-87.8401,41.8206],[-87.8407,41.8213],[-87.8413,41.8225],[-87.8388,41.823],[-87.8387,41.8207]]]},"properties":{"id":"usgs-pad-us-fee-managers:98988","name":"Kiwanis South Park","kind":"land","category":"public-land","sourceCategory":"public-land","sourceId":"usgs-pad-us-fee-managers","sourceUrl":"https://services.arcgis.com/v01gqwM5QqNysAAi/arcgis/rest/services/Fee_Managers_PADUS/FeatureServer/0","sourceUpdated":"2023-05-15T04:00:00.000Z","publicUse":"PAD-US reports open access; verify current manager conditions and restrictions.","unit":"CITY","origin":"public-catalog"}},{"type":"Feature","id":"usgs-pad-us-fee-managers:98992","geometry":{"type":"Polygon","coordinates":[[[-87.8533,41.8176],[-87.8537,41.8176],[-87.8537,41.8178],[-87.8533,41.8178],[-87.8533,41.8176]]]},"properties":{"id":"usgs-pad-us-fee-managers:98992","name":"Madison Tot Lot","kind":"land","category":"public-land","sourceCategory":"public-land","sourceId":"usgs-pad-us-fee-managers","sourceUrl":"https://services.arcgis.com/v01gqwM5QqNysAAi/arcgis/rest/services/Fee_Managers_PADUS/FeatureServer/0","sourceUpdated":"2023-05-15T04:00:00.000Z","publicUse":"PAD-US reports open access; verify current manager conditions and restrictions.","unit":"CITY","origin":"public-catalog"}},{"type":"Feature","id":"usgs-pad-us-fee-managers:98993","geometry":{"type":"Polygon","coordinates":[[[-87.8544,41.8258],[-87.855,41.8258],[-87.855,41.8261],[-87.854,41.8261],[-87.854,41.8258],[-87.8544,41.8258]]]},"properties":{"id":"usgs-pad-us-fee-managers:98993","name":"Madlin Park","kind":"land","category":"public-land","sourceCategory":"public-land","sourceId":"usgs-pad-us-fee-managers","sourceUrl":"https://services.arcgis.com/v01gqwM5QqNysAAi/arcgis/rest/services/Fee_Managers_PADUS/FeatureServer/0","sourceUpdated":"2023-05-15T04:00:00.000Z","publicUse":"PAD-US reports open access; verify current manager conditions and restrictions.","unit":"CITY","origin":"public-catalog"}},{"type":"Feature","id":"usgs-pad-us-fee-managers:98994","geometry":{"type":"Polygon","coordinates":[[[-87.8514,41.8206],[-87.8518,41.8205],[-87.8518,41.8213],[-87.8514,41.8213],[-87.8514,41.8206]]]},"properties":{"id":"usgs-pad-us-fee-managers:98994","name":"Maple North Park","kind":"land","category":"public-land","sourceCategory":"public-land","sourceId":"usgs-pad-us-fee-managers","sourceUrl":"https://services.arcgis.com/v01gqwM5QqNysAAi/arcgis/rest/services/Fee_Managers_PADUS/FeatureServer/0","sourceUpdated":"2023-05-15T04:00:00.000Z","publicUse":"PAD-US reports open access; verify current manager conditions and restrictions.","unit":"CITY","origin":"public-catalog"}},{"type":"Feature","id":"usgs-pad-us-fee-managers:98995","geometry":{"type":"Polygon","coordinates":[[[-87.8509,41.8195],[-87.8513,41.8194],[-87.8513,41.8197],[-87.8509,41.8197],[-87.8509,41.8195]]]},"properties":{"id":"usgs-pad-us-fee-managers:98995","name":"Maple South Park","kind":"land","category":"public-land","sourceCategory":"public-land","sourceId":"usgs-pad-us-fee-managers","sourceUrl":"https://services.arcgis.com/v01gqwM5QqNysAAi/arcgis/rest/services/Fee_Managers_PADUS/FeatureServer/0","sourceUpdated":"2023-05-15T04:00:00.000Z","publicUse":"PAD-US reports open access; verify current manager conditions and restrictions.","unit":"CITY","origin":"public-catalog"}},{"type":"Feature","id":"usgs-pad-us-fee-managers:99076","geometry":{"type":"Polygon","coordinates":[[[-88.6193,37.1234],[-88.6209,37.1234],[-88.6209,37.1248],[-88.6193,37.1248],[-88.6193,37.1234]]]},"properties":{"id":"usgs-pad-us-fee-managers:99076","name":"Unknown Park","kind":"land","category":"public-land","sourceCategory":"public-land","sourceId":"usgs-pad-us-fee-managers","sourceUrl":"https://services.arcgis.com/v01gqwM5QqNysAAi/arcgis/rest/services/Fee_Managers_PADUS/FeatureServer/0","sourceUpdated":"2023-05-15T04:00:00.000Z","publicUse":"PAD-US reports open access; verify current manager conditions and restrictions.","unit":"CITY","origin":"public-catalog"}},{"type":"Feature","id":"usgs-pad-us-fee-managers:99594","geometry":{"type":"Polygon","coordinates":[[[-90.5111,40.5538],[-90.5118,40.5529],[-90.5128,40.5532],[-90.5119,40.5541],[-90.5111,40.5538]]]},"properties":{"id":"usgs-pad-us-fee-managers:99594","name":"Library Park","kind":"land","category":"public-land","sourceCategory":"public-land","sourceId":"usgs-pad-us-fee-managers","sourceUrl":"https://services.arcgis.com/v01gqwM5QqNysAAi/arcgis/rest/services/Fee_Managers_PADUS/FeatureServer/0","sourceUpdated":"2023-05-15T04:00:00.000Z","publicUse":"PAD-US reports open access; verify current manager conditions and restrictions.","unit":"CITY","origin":"public-catalog"}},{"type":"Feature","id":"usgs-pad-us-fee-managers:99595","geometry":{"type":"Polygon","coordinates":[[[-90.506,40.5515],[-90.5066,40.5506],[-90.5076,40.5511],[-90.507,40.5519],[-90.506,40.5515]]]},"properties":{"id":"usgs-pad-us-fee-managers:99595","name":"Unknown Park","kind":"land","category":"public-land","sourceCategory":"public-land","sourceId":"usgs-pad-us-fee-managers","sourceUrl":"https://services.arcgis.com/v01gqwM5QqNysAAi/arcgis/rest/services/Fee_Managers_PADUS/FeatureServer/0","sourceUpdated":"2023-05-15T04:00:00.000Z","publicUse":"PAD-US reports open access; verify current manager conditions and restrictions.","unit":"CITY","origin":"public-catalog"}},{"type":"Feature","id":"usgs-pad-us-fee-managers:99596","geometry":{"type":"Polygon","coordinates":[[[-90.5034,40.5453],[-90.5034,40.5448],[-90.5042,40.5449],[-90.5043,40.5487],[-90.5008,40.5487],[-90.5007,40.5453],[-90.5034,40.5453]]]},"properties":{"id":"usgs-pad-us-fee-managers:99596","name":"Veteran'S Memorial Park","kind":"land","category":"public-land","sourceCategory":"public-land","sourceId":"usgs-pad-us-fee-managers","sourceUrl":"https://services.arcgis.com/v01gqwM5QqNysAAi/arcgis/rest/services/Fee_Managers_PADUS/FeatureServer/0","sourceUpdated":"2023-05-15T04:00:00.000Z","publicUse":"PAD-US reports open access; verify current manager conditions and restrictions.","unit":"CITY","origin":"public-catalog"}},{"type":"Feature","id":"usgs-pad-us-fee-managers:99616","geometry":{"type":"Polygon","coordinates":[[[-89.2525,42.124],[-89.2526,42.1248],[-89.2511,42.1249],[-89.2511,42.1255],[-89.2506,42.1256],[-89.25,42.1248],[-89.2525,42.124]]]},"properties":{"id":"usgs-pad-us-fee-managers:99616","name":"Sunshine Park","kind":"land","category":"public-land","sourceCategory":"public-land","sourceId":"usgs-pad-us-fee-managers","sourceUrl":"https://services.arcgis.com/v01gqwM5QqNysAAi/arcgis/rest/services/Fee_Managers_PADUS/FeatureServer/0","sourceUpdated":"2023-05-15T04:00:00.000Z","publicUse":"PAD-US reports open access; verify current manager conditions and restrictions.","unit":"CITY","origin":"public-catalog"}},{"type":"Feature","id":"usgs-pad-us-fee-managers:99636","geometry":{"type":"Polygon","coordinates":[[[-89.1683,37.0004],[-89.1688,37.0007],[-89.1687,37.0008],[-89.1683,37.0004]]]},"properties":{"id":"usgs-pad-us-fee-managers:99636","name":"Halliday Park","kind":"land","category":"public-land","sourceCategory":"public-land","sourceId":"usgs-pad-us-fee-managers","sourceUrl":"https://services.arcgis.com/v01gqwM5QqNysAAi/arcgis/rest/services/Fee_Managers_PADUS/FeatureServer/0","sourceUpdated":"2023-05-15T04:00:00.000Z","publicUse":"PAD-US reports open access; verify current manager conditions and restrictions.","unit":"CITY","origin":"public-catalog"}},{"type":"Feature","id":"usgs-pad-us-fee-managers:99637","geometry":{"type":"Polygon","coordinates":[[[-89.1844,37.0091],[-89.186,37.0085],[-89.1878,37.0116],[-89.1862,37.0121],[-89.1844,37.0091]]]},"properties":{"id":"usgs-pad-us-fee-managers:99637","name":"St Marys Park","kind":"land","category":"public-land","sourceCategory":"public-land","sourceId":"usgs-pad-us-fee-managers","sourceUrl":"https://services.arcgis.com/v01gqwM5QqNysAAi/arcgis/rest/services/Fee_Managers_PADUS/FeatureServer/0","sourceUpdated":"2023-05-15T04:00:00.000Z","publicUse":"PAD-US reports open access; verify current manager conditions and restrictions.","unit":"CITY","origin":"public-catalog"}},{"type":"Feature","id":"usgs-pad-us-fee-managers:99638","geometry":{"type":"Polygon","coordinates":[[[-89.1839,37.0077],[-89.1844,37.0075],[-89.1848,37.0082],[-89.1839,37.0077]]]},"properties":{"id":"usgs-pad-us-fee-managers:99638","name":"Unknown Park","kind":"land","category":"public-land","sourceCategory":"public-land","sourceId":"usgs-pad-us-fee-managers","sourceUrl":"https://services.arcgis.com/v01gqwM5QqNysAAi/arcgis/rest/services/Fee_Managers_PADUS/FeatureServer/0","sourceUpdated":"2023-05-15T04:00:00.000Z","publicUse":"PAD-US reports open access; verify current manager conditions and restrictions.","unit":"CITY","origin":"public-catalog"}},{"type":"Feature","id":"usgs-pad-us-fee-managers:99883","geometry":{"type":"Polygon","coordinates":[[[-89.2063,37.7306],[-89.2085,37.7307],[-89.2083,37.736],[-89.2062,37.736],[-89.2063,37.7306]]]},"properties":{"id":"usgs-pad-us-fee-managers:99883","name":"Attucks Park","kind":"land","category":"public-land","sourceCategory":"public-land","sourceId":"usgs-pad-us-fee-managers","sourceUrl":"https://services.arcgis.com/v01gqwM5QqNysAAi/arcgis/rest/services/Fee_Managers_PADUS/FeatureServer/0","sourceUpdated":"2023-05-15T04:00:00.000Z","publicUse":"PAD-US reports open access; verify current manager conditions and restrictions.","unit":"CITY","origin":"public-catalog"}},{"type":"Feature","id":"usgs-pad-us-fee-managers:99884","geometry":{"type":"Polygon","coordinates":[[[-89.229,37.6997],[-89.2295,37.6995],[-89.2307,37.6997],[-89.231,37.6987],[-89.2316,37.6984],[-89.232,37.6979],[-89.2331,37.6978],[-89.233,37.7007],[-89.2253,37.7005],[-89.2259,37.7002],[-89.2286,37.7002],[-89.229,37.6997]]]},"properties":{"id":"usgs-pad-us-fee-managers:99884","name":"Evergreen Park","kind":"land","category":"public-land","sourceCategory":"public-land","sourceId":"usgs-pad-us-fee-managers","sourceUrl":"https://services.arcgis.com/v01gqwM5QqNysAAi/arcgis/rest/services/Fee_Managers_PADUS/FeatureServer/0","sourceUpdated":"2023-05-15T04:00:00.000Z","publicUse":"PAD-US reports open access; verify current manager conditions and restrictions.","unit":"CITY","origin":"public-catalog"}},{"type":"Feature","id":"usgs-pad-us-fee-managers:99885","geometry":{"type":"Polygon","coordinates":[[[-89.2362,37.7278],[-89.2363,37.7269],[-89.2378,37.7269],[-89.2378,37.7272],[-89.238,37.7272],[-89.2373,37.7282],[-89.2362,37.7278]]]},"properties":{"id":"usgs-pad-us-fee-managers:99885","name":"Lenus Turley Park","kind":"land","category":"public-land","sourceCategory":"public-land","sourceId":"usgs-pad-us-fee-managers","sourceUrl":"https://services.arcgis.com/v01gqwM5QqNysAAi/arcgis/rest/services/Fee_Managers_PADUS/FeatureServer/0","sourceUpdated":"2023-05-15T04:00:00.000Z","publicUse":"PAD-US reports open access; verify current manager conditions and restrictions.","unit":"CITY","origin":"public-catalog"}},{"type":"Feature","id":"usgs-pad-us-fee-managers:99886","geometry":{"type":"Polygon","coordinates":[[[-89.2302,37.7285],[-89.2302,37.7281],[-89.2279,37.7279],[-89.2279,37.7272],[-89.2285,37.7272],[-89.2285,37.7268],[-89.2314,37.7268],[-89.2313,37.7286],[-89.2302,37.7285]]]},"properties":{"id":"usgs-pad-us-fee-managers:99886","name":"Oakland Field","kind":"land","category":"public-land","sourceCategory":"public-land","sourceId":"usgs-pad-us-fee-managers","sourceUrl":"https://services.arcgis.com/v01gqwM5QqNysAAi/arcgis/rest/services/Fee_Managers_PADUS/FeatureServer/0","sourceUpdated":"2023-05-15T04:00:00.000Z","publicUse":"PAD-US reports open access; verify current manager conditions and restrictions.","unit":"CITY","origin":"public-catalog"}},{"type":"Feature","id":"usgs-pad-us-fee-managers:99887","geometry":{"type":"Polygon","coordinates":[[[-89.203,37.7241],[-89.2031,37.7231],[-89.2044,37.7233],[-89.205,37.7241],[-89.203,37.7241]]]},"properties":{"id":"usgs-pad-us-fee-managers:99887","name":"Tatum Heights Park","kind":"land","category":"public-land","sourceCategory":"public-land","sourceId":"usgs-pad-us-fee-managers","sourceUrl":"https://services.arcgis.com/v01gqwM5QqNysAAi/arcgis/rest/services/Fee_Managers_PADUS/FeatureServer/0","sourceUpdated":"2023-05-15T04:00:00.000Z","publicUse":"PAD-US reports open access; verify current manager conditions and restrictions.","unit":"CITY","origin":"public-catalog"}},{"type":"Feature","id":"usgs-pad-us-fee-managers:99898","geometry":{"type":"Polygon","coordinates":[[[-89.8714,39.2761],[-89.8707,39.2757],[-89.87,39.276],[-89.8693,39.2753],[-89.8693,39.2733],[-89.8732,39.2731],[-89.8732,39.2741],[-89.8738,39.274],[-89.8738,39.2751],[-89.8731,39.2751],[-89.8731,39.2758],[-89.8723,39.2757],[-89.8723,39.2763],[-89.8714,39.2761]]]},"properties":{"id":"usgs-pad-us-fee-managers:99898","name":"American Legion Park","kind":"land","category":"public-land","sourceCategory":"public-land","sourceId":"usgs-pad-us-fee-managers","sourceUrl":"https://services.arcgis.com/v01gqwM5QqNysAAi/arcgis/rest/services/Fee_Managers_PADUS/FeatureServer/0","sourceUpdated":"2023-05-15T04:00:00.000Z","publicUse":"PAD-US reports open access; verify current manager conditions and restrictions.","unit":"CITY","origin":"public-catalog"}},{"type":"Feature","id":"usgs-pad-us-fee-managers:99899","geometry":{"type":"Polygon","coordinates":[[[-89.8884,39.272],[-89.8883,39.2699],[-89.8878,39.2699],[-89.8878,39.2687],[-89.8892,39.2687],[-89.8889,39.2673],[-89.89,39.2672],[-89.8915,39.2691],[-89.8921,39.2693],[-89.8926,39.2711],[-89.8931,39.2721],[-89.8884,39.272]]]},"properties":{"id":"usgs-pad-us-fee-managers:99899","name":"Loveless Park","kind":"land","category":"public-land","sourceCategory":"public-land","sourceId":"usgs-pad-us-fee-managers","sourceUrl":"https://services.arcgis.com/v01gqwM5QqNysAAi/arcgis/rest/services/Fee_Managers_PADUS/FeatureServer/0","sourceUpdated":"2023-05-15T04:00:00.000Z","publicUse":"PAD-US reports open access; verify current manager conditions and restrictions.","unit":"CITY","origin":"public-catalog"}},{"type":"Feature","id":"usgs-pad-us-fee-managers:99900","geometry":{"type":"Polygon","coordinates":[[[-89.8815,39.2795],[-89.8818,39.2796],[-89.8817,39.28],[-89.8814,39.28],[-89.8815,39.2795]]]},"properties":{"id":"usgs-pad-us-fee-managers:99900","name":"Publicsquare","kind":"land","category":"public-land","sourceCategory":"public-land","sourceId":"usgs-pad-us-fee-managers","sourceUrl":"https://services.arcgis.com/v01gqwM5QqNysAAi/arcgis/rest/services/Fee_Managers_PADUS/FeatureServer/0","sourceUpdated":"2023-05-15T04:00:00.000Z","publicUse":"PAD-US reports open access; verify current manager conditions and restrictions.","unit":"CITY","origin":"public-catalog"}},{"type":"Feature","id":"usgs-pad-us-fee-managers:99901","geometry":{"type":"Polygon","coordinates":[[[-89.883,39.2731],[-89.8842,39.2731],[-89.8842,39.274],[-89.8829,39.274],[-89.883,39.2731]]]},"properties":{"id":"usgs-pad-us-fee-managers:99901","name":"Tower Grove Park","kind":"land","category":"public-land","sourceCategory":"public-land","sourceId":"usgs-pad-us-fee-managers","sourceUrl":"https://services.arcgis.com/v01gqwM5QqNysAAi/arcgis/rest/services/Fee_Managers_PADUS/FeatureServer/0","sourceUpdated":"2023-05-15T04:00:00.000Z","publicUse":"PAD-US reports open access; verify current manager conditions and restrictions.","unit":"CITY","origin":"public-catalog"}},{"type":"Feature","id":"usgs-pad-us-fee-managers:99938","geometry":{"type":"MultiPolygon","coordinates":[[[[-89.3701,38.6067],[-89.3701,38.6067],[-89.3701,38.6067],[-89.3701,38.6067]]],[[[-89.3701,38.6067],[-89.3694,38.6067],[-89.3694,38.6062],[-89.3701,38.6062],[-89.3701,38.6067]]]]},"properties":{"id":"usgs-pad-us-fee-managers:99938","name":"Bruemmer Park","kind":"land","category":"public-land","sourceCategory":"public-land","sourceId":"usgs-pad-us-fee-managers","sourceUrl":"https://services.arcgis.com/v01gqwM5QqNysAAi/arcgis/rest/services/Fee_Managers_PADUS/FeatureServer/0","sourceUpdated":"2020-12-08T05:00:00.000Z","publicUse":"PAD-US reports open access; verify current manager conditions and restrictions.","unit":"CITY","origin":"public-catalog"}},{"type":"Feature","id":"usgs-pad-us-fee-managers:99939","geometry":{"type":"Polygon","coordinates":[[[-89.3788,38.6136],[-89.3788,38.6132],[-89.3792,38.6132],[-89.3792,38.6136],[-89.3788,38.6136]]]},"properties":{"id":"usgs-pad-us-fee-managers:99939","name":"Water Tower Park","kind":"land","category":"public-land","sourceCategory":"public-land","sourceId":"usgs-pad-us-fee-managers","sourceUrl":"https://services.arcgis.com/v01gqwM5QqNysAAi/arcgis/rest/services/Fee_Managers_PADUS/FeatureServer/0","sourceUpdated":"2020-12-08T05:00:00.000Z","publicUse":"PAD-US reports open access; verify current manager conditions and restrictions.","unit":"CITY","origin":"public-catalog"}},{"type":"Feature","id":"usgs-pad-us-fee-managers:99940","geometry":{"type":"Polygon","coordinates":[[[-89.3474,38.6094],[-89.3474,38.6082],[-89.3484,38.6082],[-89.3486,38.6086],[-89.3482,38.6094],[-89.3485,38.6099],[-89.3476,38.6098],[-89.3474,38.6094]]]},"properties":{"id":"usgs-pad-us-fee-managers:99940","name":"Fish Hatchery Playground","kind":"land","category":"public-land","sourceCategory":"public-land","sourceId":"usgs-pad-us-fee-managers","sourceUrl":"https://services.arcgis.com/v01gqwM5QqNysAAi/arcgis/rest/services/Fee_Managers_PADUS/FeatureServer/0","sourceUpdated":"2023-05-15T04:00:00.000Z","publicUse":"PAD-US reports open access; verify current manager conditions and restrictions.","unit":"CITY","origin":"public-catalog"}},{"type":"Feature","id":"usgs-pad-us-fee-managers:99941","geometry":{"type":"Polygon","coordinates":[[[-89.3665,38.6152],[-89.3677,38.6152],[-89.3676,38.616],[-89.3665,38.616],[-89.3665,38.6152]]]},"properties":{"id":"usgs-pad-us-fee-managers:99941","name":"Maple Hill Park","kind":"land","category":"public-land","sourceCategory":"public-land","sourceId":"usgs-pad-us-fee-managers","sourceUrl":"https://services.arcgis.com/v01gqwM5QqNysAAi/arcgis/rest/services/Fee_Managers_PADUS/FeatureServer/0","sourceUpdated":"2021-08-19T04:00:00.000Z","publicUse":"PAD-US reports open access; verify current manager conditions and restrictions.","unit":"CITY","origin":"public-catalog"}},{"type":"Feature","id":"usgs-pad-us-fee-managers:99942","geometry":{"type":"Polygon","coordinates":[[[-89.3585,38.6161],[-89.3584,38.6142],[-89.3631,38.6143],[-89.3618,38.6161],[-89.3585,38.6161]]]},"properties":{"id":"usgs-pad-us-fee-managers:99942","name":"Carlyle Parks & Recreation","kind":"land","category":"public-land","sourceCategory":"public-land","sourceId":"usgs-pad-us-fee-managers","sourceUrl":"https://services.arcgis.com/v01gqwM5QqNysAAi/arcgis/rest/services/Fee_Managers_PADUS/FeatureServer/0","sourceUpdated":"2023-05-15T04:00:00.000Z","publicUse":"PAD-US reports open access; verify current manager conditions and restrictions.","unit":"CITY","origin":"public-catalog"}},{"type":"Feature","id":"usgs-pad-us-fee-managers:99954","geometry":{"type":"Polygon","coordinates":[[[-88.1778,38.0904],[-88.18,38.0904],[-88.18,38.0942],[-88.1778,38.0943],[-88.1778,38.0904]]]},"properties":{"id":"usgs-pad-us-fee-managers:99954","name":"Bradshaw Park","kind":"land","category":"public-land","sourceCategory":"public-land","sourceId":"usgs-pad-us-fee-managers","sourceUrl":"https://services.arcgis.com/v01gqwM5QqNysAAi/arcgis/rest/services/Fee_Managers_PADUS/FeatureServer/0","sourceUpdated":"2023-05-15T04:00:00.000Z","publicUse":"PAD-US reports open access; verify current manager conditions and restrictions.","unit":"CITY","origin":"public-catalog"}},{"type":"Feature","id":"usgs-pad-us-fee-managers:99955","geometry":{"type":"Polygon","coordinates":[[[-88.1593,38.0856],[-88.1583,38.0853],[-88.1582,38.0849],[-88.1592,38.0844],[-88.1603,38.0844],[-88.1603,38.086],[-88.16,38.0862],[-88.1593,38.0856]]]},"properties":{"id":"usgs-pad-us-fee-managers:99955","name":"Eckerle Park","kind":"land","category":"public-land","sourceCategory":"public-land","sourceId":"usgs-pad-us-fee-managers","sourceUrl":"https://services.arcgis.com/v01gqwM5QqNysAAi/arcgis/rest/services/Fee_Managers_PADUS/FeatureServer/0","sourceUpdated":"2023-05-15T04:00:00.000Z","publicUse":"PAD-US reports open access; verify current manager conditions and restrictions.","unit":"CITY","origin":"public-catalog"}},{"type":"Feature","id":"usgs-pad-us-fee-managers:99956","geometry":{"type":"Polygon","coordinates":[[[-88.1736,38.0842],[-88.174,38.084],[-88.1744,38.0843],[-88.1739,38.0845],[-88.1736,38.0842]]]},"properties":{"id":"usgs-pad-us-fee-managers:99956","name":"Lincoln Playground","kind":"land","category":"public-land","sourceCategory":"public-land","sourceId":"usgs-pad-us-fee-managers","sourceUrl":"https://services.arcgis.com/v01gqwM5QqNysAAi/arcgis/rest/services/Fee_Managers_PADUS/FeatureServer/0","sourceUpdated":"2023-05-15T04:00:00.000Z","publicUse":"PAD-US reports open access; verify current manager conditions and restrictions.","unit":"CITY","origin":"public-catalog"}}]}
