{"type":"FeatureCollection","features":[{"type":"Feature","id":"usgs-pad-us-fee-managers:2928","geometry":{"type":"MultiPolygon","coordinates":[[[[-83.1085,35.0006],[-83.1065,34.9988],[-83.1047,34.9984],[-83.1027,34.9971],[-83.1023,34.9964],[-83.1023,34.9958],[-83.1036,34.9945],[-83.1036,34.9937],[-83.0993,34.9922],[-83.0986,34.9915],[-83.0983,34.9907],[-83.099,34.9901],[-83.1016,34.9899],[-83.1028,34.9888],[-83.1029,34.9884],[-83.1018,34.987],[-83.1019,34.9861],[-83.1039,34.986],[-83.1069,34.9837],[-83.1073,34.9831],[-83.1072,34.9825],[-83.1059,34.9819],[-83.1059,34.9815],[-83.1076,34.98],[-83.1084,34.9797],[-83.1106,34.9812],[-83.1115,34.9809],[-83.1122,34.9789],[-83.111,34.9767],[-83.1111,34.9758],[-83.1115,34.9756],[-83.1133,34.9755],[-83.116,34.9759],[-83.1167,34.9756],[-83.1166,34.975],[-83.1156,34.9741],[-83.1157,34.973],[-83.1204,34.9688],[-83.1207,34.968],[-83.1208,34.9666],[-83.122,34.9648],[-83.1222,34.9639],[-83.1219,34.9629],[-83.1196,34.9616],[-83.1175,34.9611],[-83.1158,34.9601],[-83.1157,34.9595],[-83.116,34.9591],[-83.1175,34.9589],[-83.1201,34.9592],[-83.1204,34.959],[-83.1204,34.9582],[-83.12,34.9574],[-83.1182,34.9556],[-83.1163,34.9537],[-83.1149,34.9529],[-83.1141,34.9507],[-83.1142,34.9502],[-83.1146,34.9501],[-83.1153,34.9507],[-83.1165,34.9511],[-83.1172,34.9525],[-83.1176,34.9528],[-83.1188,34.9533],[-83.1206,34.9532],[-83.1238,34.9548],[-83.1252,34.9551],[-83.1267,34.9548],[-83.1271,34.9544],[-83.1271,34.9538],[-83.1267,34.953],[-83.1251,34.9516],[-83.1249,34.951],[-83.1256,34.9505],[-83.1274,34.9502],[-83.1277,34.9499],[-83.1272,34.949],[-83.1248,34.9472],[-83.1237,34.9458],[-83.1228,34.9439],[-83.1211,34.9421],[-83.1206,34.9421],[-83.1197,34.9428],[-83.1191,34.943],[-83.1171,34.9428],[-83.1165,34.9424],[-83.1157,34.9411],[-83.1152,34.939],[-83.112,34.9363],[-83.1117,34.9354],[-83.1119,34.9349],[-83.1131,34.9348],[-83.1142,34.9355],[-83.1163,34.9356],[-83.118,34.9361],[-83.1186,34.9353],[-83.1191,34.9332],[-83.1196,34.9329],[-83.1205,34.933],[-83.1215,34.9336],[-83.1239,34.936],[-83.1269,34.9386],[-83.1275,34.9386],[-83.1307,34.9369],[-83.1318,34.9357],[-83.1317,34.9348],[-83.1298,34.9324],[-83.1297,34.9319],[-83.1299,34.9315],[-83.1313,34.9305],[-83.1332,34.9303],[-83.1346,34.9286],[-83.1395,34.9263],[-83.1404,34.9251],[-83.1417,34.9245],[-83.1441,34.9252],[-83.1461,34.9268],[-83.1488,34.9274],[-83.1516,34.929],[-83.1531,34.9294],[-83.1552,34.9308],[-83.1559,34.9311],[-83.1567,34.9309],[-83.1588,34.9294],[-83.1595,34.9285],[-83.1593,34.9282],[-83.1582,34.9274],[-83.1589,34.9258],[-83.1575,34.9227],[-83.158,34.9207],[-83.1579,34.9196],[-83.1575,34.9185],[-83.1566,34.9173],[-83.1566,34.9164],[-83.1574,34.915],[-83.1584,34.9148],[-83.1607,34.9152],[-83.1639,34.9185],[-83.1653,34.9194],[-83.1675,34.9197],[-83.169,34.9192],[-83.17,34.9178],[-83.171,34.9142],[-83.1734,34.9131],[-83.174,34.9112],[-83.1744,34.9107],[-83.1752,34.9102],[-83.1771,34.9102],[-83.1788,34.9098],[-83.1804,34.9099],[-83.1811,34.9096],[-83.1814,34.9082],[-83.1808,34.9063],[-83.1808,34.9049],[-83.1837,34.9017],[-83.1893,34.8974],[-83.1909,34.8968],[-83.1918,34.897],[-83.1937,34.8995],[-83.194,34.8997],[-83.1945,34.8996],[-83.195,34.8986],[-83.1974,34.8956],[-83.1977,34.8949],[-83.1977,34.8935],[-83.1969,34.8916],[-83.1973,34.8908],[-83.198,34.8905],[-83.1986,34.8906],[-83.1989,34.8909],[-83.1992,34.8924],[-83.2002,34.8932],[-83.2021,34.8939],[-83.2029,34.8939],[-83.2036,34.8935],[-83.2048,34.891],[-83.2048,34.8902],[-83.2034,34.8882],[-83.2031,34.8872],[-83.2022,34.8856],[-83.2013,34.8845],[-83.2016,34.8839],[-83.2026,34.8832],[-83.2055,34.8801],[-83.2068,34.8797],[-83.2099,34.8801],[-83.2105,34.8804],[-83.2118,34.8826],[-83.2137,34.8831],[-83.2146,34.8837],[-83.2147,34.8843],[-83.2139,34.8863],[-83.2129,34.8872],[-83.2127,34.8879],[-83.2132,34.8885],[-83.2142,34.8886],[-83.2155,34.888],[-83.2172,34.8863],[-83.2182,34.8864],[-83.2204,34.8857],[-83.2208,34.8852],[-83.222,34.8854],[-83.2224,34.8849],[-83.2225,34.8845],[-83.2176,34.8845],[-83.2174,34.8829],[-83.2176,34.8823],[-83.218,34.8819],[-83.2197,34.8815],[-83.2199,34.8811],[-83.2195,34.8789],[-83.22,34.8781],[-83.2232,34.8791],[-83.2271,34.8793],[-83.2291,34.8798],[-83.23,34.8796],[-83.2319,34.8781],[-83.2327,34.8778],[-83.2356,34.8779],[-83.2397,34.879],[-83.2429,34.8777],[-83.2432,34.8774],[-83.2432,34.8769],[-83.2414,34.8748],[-83.2407,34.8729],[-83.2388,34.8716],[-83.2362,34.8713],[-83.2348,34.8709],[-83.2355,34.8706],[-83.2355,34.8701],[-83.2367,34.8693],[-83.238,34.869],[-83.2387,34.8678],[-83.2388,34.8668],[-83.2384,34.8661],[-83.2389,34.8656],[-83.2407,34.8652],[-83.2417,34.8654],[-83.246,34.8673],[-83.2467,34.8671],[-83.2477,34.8663],[-83.2483,34.8654],[-83.248,34.8621],[-83.2467,34.8607],[-83.2465,34.8601],[-83.2467,34.8597],[-83.248,34.8591],[-83.2484,34.8584],[-83.2481,34.8578],[-83.247,34.8573],[-83.2465,34.8568],[-83.2465,34.8559],[-83.2468,34.8552],[-83.248,34.8549],[-83.2505,34.8553],[-83.2528,34.856],[-83.2528,34.8565],[-83.2539,34.8559],[-83.2537,34.8552],[-83.254,34.8537],[-83.2527,34.8523],[-83.2527,34.8518],[-83.2535,34.8509],[-83.254,34.8499],[-83.2542,34.8494],[-83.2541,34.8485],[-83.2537,34.8477],[-83.2531,34.8473],[-83.2489,34.8463],[-83.2486,34.8459],[-83.2488,34.8454],[-83.2504,34.8446],[-83.2519,34.8442],[-83.2529,34.8442],[-83.2535,34.8448],[-83.2543,34.8449],[-83.2562,34.8442],[-83.257,34.8442],[-83.2605,34.8454],[-83.2608,34.846],[-83.2604,34.8477],[-83.2607,34.8484],[-83.2624,34.8491],[-83.2639,34.8494],[-83.2658,34.8495],[-83.2667,34.8493],[-83.2667,34.849],[-83.2675,34.8483],[-83.2681,34.8472],[-83.269,34.8442],[-83.2704,34.8412],[-83.271,34.8379],[-83.2727,34.8354],[-83.2721,34.8342],[-83.2706,34.8342],[-83.2679,34.833],[-83.2674,34.8324],[-83.2673,34.8311],[-83.2676,34.8271],[-83.2683,34.8255],[-83.2697,34.8237],[-83.2696,34.823],[-83.2683,34.8217],[-83.2684,34.8212],[-83.2687,34.8207],[-83.2713,34.8184],[-83.2726,34.8178],[-83.2741,34.8177],[-83.2751,34.8168],[-83.2758,34.8167],[-83.277,34.817],[-83.2803,34.8189],[-83.2827,34.8207],[-83.2836,34.8219],[-83.2851,34.8232],[-83.2884,34.8247],[-83.2893,34.8247],[-83.2908,34.8238],[-83.2912,34.823],[-83.2911,34.8221],[-83.29,34.8192],[-83.29,34.8185],[-83.2906,34.8178],[-83.2944,34.8162],[-83.2948,34.8157],[-83.2947,34.8137],[-83.2958,34.8131],[-83.3,34.8153],[-83.3,34.8159],[-83.2989,34.8173],[-83.2998,34.8184],[-83.3009,34.8188],[-83.303,34.8189],[-83.3036,34.8182],[-83.3062,34.816],[-83.3067,34.8152],[-83.3067,34.8144],[-83.3064,34.8137],[-83.3042,34.811],[-83.3035,34.8108],[-83.3012,34.8108],[-83.3,34.8103],[-83.2995,34.8095],[-83.2995,34.8085],[-83.3004,34.8067],[-83.3006,34.8052],[-83.3009,34.8044],[-83.3024,34.8027],[-83.3033,34.8023],[-83.3056,34.802],[-83.3107,34.8008],[-83.3142,34.7996],[-83.3147,34.7988],[-83.3138,34.7974],[-83.3142,34.7964],[-83.3172,34.7948],[-83.3187,34.7944],[-83.3206,34.7931],[-83.3207,34.7928],[-83.3202,34.7914],[-83.3204,34.7907],[-83.3235,34.79],[-83.3241,34.7896],[-83.3243,34.7888],[-83.3241,34.7873],[-83.3213,34.7795],[-83.3215,34.7787],[-83.3226,34.7779],[-83.3227,34.7775],[-83.3206,34.7745],[-83.319,34.7714],[-83.3209,34.7683],[-83.3228,34.7669],[-83.3231,34.7664],[-83.3229,34.7659],[-83.3225,34.7656],[-83.3197,34.765],[-83.3193,34.7648],[-83.3193,34.7645],[-83.3219,34.7627],[-83.3233,34.7607],[-83.323,34.7604],[-83.3214,34.7599],[-83.3197,34.7591],[-83.319,34.7584],[-83.3188,34.7578],[-83.319,34.7574],[-83.3202,34.7569],[-83.3252,34.7567],[-83.3266,34.7559],[-83.3271,34.7554],[-83.3272,34.7548],[-83.3263,34.7518],[-83.3265,34.7508],[-83.3292,34.7501],[-83.3325,34.7499],[-83.334,34.7489],[-83.3374,34.75],[-83.339,34.7509],[-83.3406,34.7506],[-83.3416,34.7508],[-83.3422,34.7513],[-83.3422,34.7543],[-83.3436,34.754],[-83.3438,34.7563],[-83.3442,34.7559],[-83.3454,34.756],[-83.3461,34.7554],[-83.3461,34.755],[-83.3468,34.7547],[-83.3472,34.7528],[-83.3468,34.7524],[-83.3454,34.752],[-83.3442,34.7504],[-83.3434,34.7435],[-83.3504,34.7437],[-83.3629,34.7433],[-83.374,34.7433],[-83.3743,34.7491],[-83.3825,34.7492],[-83.3825,34.7475],[-83.3884,34.7474],[-83.3884,34.7549],[-83.3912,34.7532],[-83.395,34.7527],[-83.3956,34.7524],[-83.3968,34.7527],[-83.3961,34.7538],[-83.3959,34.7557],[-83.3859,34.7559],[-83.3867,34.7691],[-83.3887,34.7692],[-83.3888,34.7631],[-83.39,34.7631],[-83.3906,34.7653],[-83.3919,34.7668],[-83.3933,34.767],[-83.3952,34.7666],[-83.3957,34.767],[-83.3957,34.7678],[-83.3944,34.7677],[-83.3935,34.7681],[-83.3933,34.7697],[-83.3952,34.7694],[-83.3953,34.7699],[-83.3957,34.7703],[-83.3973,34.7706],[-83.3962,34.7727],[-83.3946,34.774],[-83.3919,34.7734],[-83.391,34.7745],[-83.3888,34.7742],[-83.389,34.7815],[-83.3888,34.7879],[-83.387,34.7876],[-83.3862,34.7878],[-83.3859,34.7872],[-83.3855,34.7872],[-83.3852,34.7867],[-83.3844,34.7865],[-83.3831,34.7856],[-83.3815,34.7855],[-83.3804,34.7881],[-83.3818,34.789],[-83.382,34.7894],[-83.3819,34.7899],[-83.3809,34.7905],[-83.3784,34.791],[-83.376,34.79],[-83.3754,34.7891],[-83.3743,34.7889],[-83.3743,34.7936],[-83.3886,34.7943],[-83.3899,34.7958],[-83.3893,34.7975],[-83.3908,34.7995],[-83.3913,34.8018],[-83.3922,34.8034],[-83.3922,34.8037],[-83.3917,34.804],[-83.392,34.806],[-83.3923,34.8067],[-83.3933,34.8074],[-83.3938,34.8085],[-83.3952,34.8091],[-83.3963,34.8089],[-83.3969,34.8084],[-83.3982,34.8088],[-83.3998,34.8086],[-83.4002,34.8082],[-83.4003,34.8072],[-83.4011,34.8059],[-83.4009,34.8052],[-83.4053,34.8053],[-83.4052,34.8124],[-83.4098,34.8124],[-83.4098,34.8113],[-83.415,34.8135],[-83.4164,34.8154],[-83.4185,34.8163],[-83.4191,34.8167],[-83.4165,34.8172],[-83.416,34.819],[-83.4175,34.8215],[-83.4149,34.8215],[-83.4127,34.8224],[-83.4114,34.8234],[-83.4102,34.8235],[-83.4095,34.8242],[-83.4086,34.8246],[-83.4052,34.825],[-83.4041,34.8255],[-83.4041,34.8185],[-83.403,34.8185],[-83.4031,34.8169],[-83.4018,34.8133],[-83.4013,34.813],[-83.399,34.8128],[-83.3974,34.8135],[-83.3929,34.8113],[-83.3924,34.8121],[-83.3926,34.8126],[-83.3936,34.8135],[-83.3949,34.814],[-83.3956,34.8152],[-83.3962,34.8167],[-83.3957,34.8179],[-83.3961,34.8185],[-83.3886,34.8185],[-83.3886,34.8192],[-83.374,34.8187],[-83.3505,34.8187],[-83.3503,34.8203],[-83.3496,34.8214],[-83.3496,34.8221],[-83.3486,34.8224],[-83.3481,34.8232],[-83.3482,34.8236],[-83.3499,34.8246],[-83.3506,34.8254],[-83.3504,34.8262],[-83.3528,34.8255],[-83.3544,34.826],[-83.3555,34.8266],[-83.3565,34.8266],[-83.3572,34.827],[-83.3571,34.828],[-83.3588,34.828],[-83.3604,34.8268],[-83.3611,34.8231],[-83.3653,34.8227],[-83.3673,34.8235],[-83.3716,34.8227],[-83.3709,34.822],[-83.3749,34.8192],[-83.375,34.8202],[-83.3774,34.8202],[-83.3789,34.8215],[-83.3791,34.8231],[-83.3793,34.8234],[-83.3814,34.8231],[-83.3807,34.8214],[-83.3818,34.8208],[-83.3825,34.8212],[-83.3832,34.8212],[-83.3837,34.8228],[-83.3825,34.8227],[-83.3822,34.8235],[-83.3809,34.8236],[-83.3804,34.825],[-83.381,34.8259],[-83.381,34.8263],[-83.3806,34.8267],[-83.3799,34.8267],[-83.3788,34.8277],[-83.3778,34.8279],[-83.3773,34.8284],[-83.3772,34.829],[-83.3753,34.8294],[-83.3748,34.83],[-83.3741,34.83],[-83.3741,34.831],[-83.3573,34.8312],[-83.3573,34.8324],[-83.3558,34.8324],[-83.3545,34.8331],[-83.3524,34.8334],[-83.3509,34.8334],[-83.3503,34.8331],[-83.3487,34.8333],[-83.3481,34.833],[-83.3471,34.8344],[-83.346,34.8342],[-83.3466,34.8337],[-83.3459,34.832],[-83.345,34.8328],[-83.3455,34.8337],[-83.3435,34.8344],[-83.3433,34.8349],[-83.3428,34.8351],[-83.3424,34.8351],[-83.3426,34.8339],[-83.3395,34.8346],[-83.3378,34.8334],[-83.3368,34.833],[-83.3366,34.832],[-83.3371,34.8313],[-83.3271,34.8313],[-83.3271,34.8262],[-83.3258,34.826],[-83.3236,34.8268],[-83.3228,34.8257],[-83.3234,34.8249],[-83.3242,34.8245],[-83.3241,34.8241],[-83.3246,34.823],[-83.3221,34.8226],[-83.3206,34.8184],[-83.3221,34.8166],[-83.32,34.8143],[-83.3195,34.8143],[-83.3196,34.8147],[-83.3189,34.8168],[-83.3188,34.8183],[-83.3177,34.8192],[-83.3167,34.8191],[-83.3162,34.8196],[-83.3167,34.8233],[-83.3165,34.825],[-83.3173,34.8257],[-83.3176,34.8263],[-83.3174,34.8278],[-83.3154,34.8276],[-83.3147,34.827],[-83.314,34.8271],[-83.314,34.8275],[-83.3148,34.8284],[-83.3175,34.8301],[-83.3206,34.8351],[-83.319,34.8362],[-83.3183,34.8364],[-83.3169,34.8363],[-83.3165,34.8359],[-83.3166,34.8371],[-83.316,34.8381],[-83.3151,34.8381],[-83.3143,34.8376],[-83.3125,34.8375],[-83.3125,34.8389],[-83.3109,34.8388],[-83.3104,34.8385],[-83.3085,34.8389],[-83.3089,34.8421],[-83.3086,34.8431],[-83.3066,34.8441],[-83.3056,34.8463],[-83.3056,34.848],[-83.3078,34.8489],[-83.3088,34.8485],[-83.3101,34.8476],[-83.3108,34.8477],[-83.3111,34.8466],[-83.3123,34.8466],[-83.3123,34.847],[-83.312,34.847],[-83.3115,34.848],[-83.3125,34.8483],[-83.313,34.8491],[-83.3153,34.8489],[-83.3175,34.8472],[-83.3171,34.8463],[-83.3204,34.8449],[-83.3229,34.8445],[-83.3227,34.8435],[-83.3229,34.8419],[-83.3223,34.8402],[-83.3247,34.8403],[-83.3248,34.8392],[-83.3271,34.8385],[-83.3272,34.8438],[-83.3257,34.8439],[-83.3255,34.8442],[-83.3258,34.8452],[-83.3266,34.8454],[-83.3258,34.8461],[-83.3258,34.8471],[-83.3255,34.8484],[-83.3257,34.8487],[-83.3268,34.8481],[-83.3277,34.8473],[-83.3286,34.8469],[-83.3295,34.8469],[-83.3294,34.852],[-83.3311,34.8507],[-83.3318,34.8511],[-83.3334,34.8506],[-83.3336,34.8503],[-83.3344,34.8509],[-83.3363,34.8513],[-83.3362,34.8519],[-83.335,34.8529],[-83.335,34.8532],[-83.3339,34.8547],[-83.3342,34.8556],[-83.334,34.856],[-83.3334,34.8563],[-83.3333,34.8569],[-83.3325,34.8579],[-83.3319,34.8601],[-83.3311,34.8615],[-83.3308,34.8632],[-83.3276,34.8657],[-83.3275,34.8674],[-83.3304,34.8653],[-83.3311,34.865],[-83.3322,34.8651],[-83.3327,34.8647],[-83.3395,34.8657],[-83.3392,34.868],[-83.3398,34.8693],[-83.3397,34.8696],[-83.3384,34.8696],[-83.3384,34.8737],[-83.3435,34.8738],[-83.3434,34.8696],[-83.3516,34.8695],[-83.3515,34.8692],[-83.3526,34.8649],[-83.3525,34.8634],[-83.351,34.8628],[-83.3501,34.8617],[-83.3495,34.8607],[-83.3486,34.8578],[-83.3475,34.8567],[-83.3456,34.8563],[-83.3447,34.8553],[-83.347,34.8537],[-83.3488,34.8549],[-83.3491,34.8559],[-83.3489,34.8563],[-83.3491,34.857],[-83.3489,34.8576],[-83.3509,34.8579],[-83.353,34.8575],[-83.3544,34.8584],[-83.355,34.86],[-83.3557,34.8602],[-83.3573,34.8601],[-83.3573,34.8639],[-83.3587,34.8629],[-83.3605,34.8631],[-83.3614,34.863],[-83.362,34.865],[-83.362,34.8666],[-83.3606,34.8679],[-83.3607,34.8688],[-83.3599,34.8694],[-83.3639,34.8693],[-83.3642,34.8774],[-83.3619,34.8791],[-83.3599,34.8796],[-83.3602,34.8807],[-83.3589,34.8809],[-83.3589,34.8817],[-83.3596,34.8823],[-83.3602,34.882],[-83.3652,34.8839],[-83.3658,34.8828],[-83.366,34.8833],[-83.3668,34.8831],[-83.3668,34.8844],[-83.3673,34.8844],[-83.3677,34.8851],[-83.3674,34.8853],[-83.3676,34.8866],[-83.3682,34.8868],[-83.3682,34.8873],[-83.3686,34.8877],[-83.3738,34.8876],[-83.3734,34.9067],[-83.3735,34.9128],[-83.3668,34.913],[-83.3668,34.9125],[-83.3664,34.9123],[-83.3661,34.9113],[-83.3654,34.9114],[-83.3646,34.9123],[-83.3644,34.9131],[-83.3622,34.9131],[-83.3622,34.9246],[-83.373,34.9231],[-83.3731,34.9288],[-83.3719,34.9288],[-83.3719,34.9383],[-83.3613,34.9382],[-83.3612,34.9485],[-83.3588,34.9473],[-83.3573,34.949],[-83.3577,34.9526],[-83.359,34.9531],[-83.3619,34.9533],[-83.362,34.9557],[-83.3603,34.9563],[-83.3601,34.9571],[-83.3616,34.9579],[-83.3605,34.9595],[-83.3587,34.9597],[-83.358,34.96],[-83.3572,34.9605],[-83.3568,34.9612],[-83.3571,34.9607],[-83.3577,34.9611],[-83.3582,34.9618],[-83.3593,34.9623],[-83.3599,34.9622],[-83.3598,34.9603],[-83.361,34.9602],[-83.361,34.9608],[-83.362,34.9605],[-83.362,34.9615],[-83.3613,34.9634],[-83.3602,34.9638],[-83.3603,34.9646],[-83.3598,34.9642],[-83.3578,34.9643],[-83.3557,34.9635],[-83.3559,34.9594],[-83.3551,34.9598],[-83.3539,34.9594],[-83.3533,34.9589],[-83.353,34.9589],[-83.3525,34.9583],[-83.3521,34.9584],[-83.3518,34.9637],[-83.3509,34.968],[-83.3504,34.9685],[-83.3492,34.9707],[-83.3504,34.9712],[-83.3503,34.9726],[-83.3499,34.9733],[-83.3502,34.9744],[-83.349,34.9766],[-83.3402,34.9768],[-83.3403,34.978],[-83.3349,34.9779],[-83.3333,34.9766],[-83.3328,34.9758],[-83.332,34.9759],[-83.3308,34.9757],[-83.3287,34.9747],[-83.3279,34.9747],[-83.3274,34.9739],[-83.3269,34.972],[-83.327,34.9702],[-83.3268,34.9697],[-83.3245,34.9687],[-83.3229,34.9684],[-83.3194,34.9664],[-83.3185,34.9664],[-83.3161,34.9679],[-83.3153,34.9679],[-83.3155,34.9749],[-83.3112,34.9745],[-83.3096,34.9753],[-83.3093,34.9757],[-83.3075,34.9765],[-83.3062,34.9768],[-83.3049,34.9765],[-83.3044,34.9773],[-83.3043,34.9778],[-83.3028,34.979],[-83.3011,34.9787],[-83.2999,34.9781],[-83.3,34.9851],[-83.3014,34.9872],[-83.3004,34.9878],[-83.3001,34.9882],[-83.294,34.9877],[-83.2918,34.991],[-83.288,34.9895],[-83.2854,34.9898],[-83.2849,34.9902],[-83.2843,34.9903],[-83.285,34.9909],[-83.2852,34.9967],[-83.2122,34.9986],[-83.2119,34.9889],[-83.2141,34.9888],[-83.215,34.9871],[-83.2156,34.9847],[-83.1998,34.9848],[-83.2014,34.9861],[-83.2017,34.989],[-83.2023,34.9898],[-83.2016,34.991],[-83.1999,34.9921],[-83.1972,34.9923],[-83.1928,34.9918],[-83.1919,34.9919],[-83.192,34.9921],[-83.1917,34.9922],[-83.19,34.991],[-83.189,34.9919],[-83.1898,34.9925],[-83.1897,34.9928],[-83.1911,34.9935],[-83.1909,34.9942],[-83.1915,34.9964],[-83.1912,34.9972],[-83.1909,34.9973],[-83.189,34.995],[-83.1869,34.9939],[-83.1862,34.9943],[-83.1857,34.9964],[-83.185,34.9965],[-83.1841,34.9975],[-83.184,34.9981],[-83.183,34.9985],[-83.1831,34.9994],[-83.1482,35.0003],[-83.1256,35.0006],[-83.1085,35.0006]]],[[[-83.1457,34.9937],[-83.1457,34.9941],[-83.1459,34.9941],[-83.1459,34.9937],[-83.1457,34.9937]]],[[[-83.1934,34.9896],[-83.1934,34.9905],[-83.1944,34.9904],[-83.1943,34.9895],[-83.1934,34.9896]]],[[[-83.2684,34.9845],[-83.2684,34.9845],[-83.2719,34.9845],[-83.2684,34.9845]]],[[[-83.1477,34.9787],[-83.1493,34.9795],[-83.1513,34.9801],[-83.1528,34.9801],[-83.156,34.9792],[-83.1561,34.977],[-83.1571,34.9748],[-83.1566,34.9753],[-83.1557,34.9748],[-83.1536,34.9749],[-83.1521,34.9746],[-83.1517,34.974],[-83.1508,34.9743],[-83.1503,34.9738],[-83.1499,34.9739],[-83.1493,34.9746],[-83.1484,34.9751],[-83.1443,34.9767],[-83.1448,34.9776],[-83.1454,34.9781],[-83.1454,34.9784],[-83.1466,34.978],[-83.1467,34.9775],[-83.1478,34.977],[-83.1477,34.9787]]],[[[-83.1757,34.9857],[-83.1754,34.9865],[-83.1856,34.9865],[-83.1856,34.9856],[-83.1858,34.9854],[-83.191,34.9853],[-83.1912,34.9848],[-83.1932,34.9848],[-83.1935,34.984],[-83.192,34.9833],[-83.192,34.9811],[-83.191,34.9811],[-83.1906,34.9809],[-83.1901,34.98],[-83.1894,34.9795],[-83.1906,34.9789],[-83.1917,34.9768],[-83.1915,34.9739],[-83.191,34.9734],[-83.189,34.9743],[-83.1879,34.9751],[-83.1869,34.9765],[-83.1865,34.9767],[-83.1855,34.9784],[-83.1839,34.9756],[-83.1833,34.9766],[-83.1817,34.9779],[-83.1798,34.9786],[-83.1789,34.9793],[-83.1768,34.9787],[-83.1762,34.9797],[-83.1785,34.9803],[-83.1783,34.9839],[-83.1778,34.9837],[-83.1777,34.9854],[-83.1764,34.9851],[-83.1757,34.9857]]],[[[-83.1659,34.9708],[-83.1651,34.971],[-83.165,34.9715],[-83.1643,34.9718],[-83.1642,34.9723],[-83.1643,34.9733],[-83.1656,34.9742],[-83.1683,34.9738],[-83.1695,34.973],[-83.1663,34.9708],[-83.1659,34.9708]]],[[[-83.1478,34.9609],[-83.1477,34.9615],[-83.1478,34.9609],[-83.1478,34.9609]]],[[[-83.357,34.9599],[-83.357,34.9599],[-83.3569,34.9599],[-83.357,34.9599]]],[[[-83.1487,34.9589],[-83.1491,34.9589],[-83.149,34.9587],[-83.1487,34.9589]]],[[[-83.1865,34.9685],[-83.1861,34.9696],[-83.1857,34.9736],[-83.1911,34.9723],[-83.1926,34.9723],[-83.1927,34.9692],[-83.1894,34.9651],[-83.1881,34.9653],[-83.188,34.9658],[-83.1854,34.9604],[-83.1859,34.958],[-83.1852,34.9582],[-83.1844,34.9601],[-83.1785,34.9601],[-83.1784,34.9565],[-83.1775,34.9559],[-83.1763,34.9558],[-83.1745,34.9575],[-83.1733,34.9582],[-83.1725,34.9575],[-83.1711,34.9572],[-83.1713,34.9577],[-83.172,34.9581],[-83.1695,34.961],[-83.1711,34.9636],[-83.1739,34.9626],[-83.1744,34.9613],[-83.1755,34.9619],[-83.1756,34.9625],[-83.1753,34.963],[-83.1761,34.9663],[-83.1786,34.9655],[-83.1786,34.9631],[-83.1835,34.9632],[-83.1828,34.965],[-83.1827,34.9678],[-83.183,34.9698],[-83.1841,34.9699],[-83.1843,34.9684],[-83.1865,34.9685]]],[[[-83.2397,34.9544],[-83.2397,34.9596],[-83.2439,34.9584],[-83.2443,34.9571],[-83.244,34.9561],[-83.2414,34.954],[-83.2408,34.9543],[-83.2404,34.9538],[-83.2397,34.9537],[-83.2397,34.9544]]],[[[-83.2513,34.9522],[-83.2514,34.9534],[-83.2518,34.9534],[-83.2518,34.9526],[-83.2523,34.9525],[-83.2525,34.952],[-83.2513,34.9522]]],[[[-83.257,34.9492],[-83.2566,34.9496],[-83.2566,34.95],[-83.2572,34.9501],[-83.2582,34.9518],[-83.2588,34.9517],[-83.2589,34.9505],[-83.257,34.9492]]],[[[-83.1902,34.9432],[-83.1899,34.9437],[-83.1898,34.9455],[-83.19,34.9456],[-83.1911,34.9446],[-83.1921,34.9443],[-83.1923,34.9434],[-83.1921,34.9431],[-83.1928,34.9415],[-83.1926,34.9414],[-83.1924,34.9417],[-83.1919,34.9431],[-83.1908,34.9426],[-83.1902,34.9432]]],[[[-83.1846,34.9476],[-83.1856,34.948],[-83.1864,34.9475],[-83.1868,34.9468],[-83.1874,34.9445],[-83.1884,34.9443],[-83.1885,34.9427],[-83.1902,34.9409],[-83.1902,34.9404],[-83.1898,34.9401],[-83.1908,34.9398],[-83.192,34.9404],[-83.1927,34.9392],[-83.1922,34.939],[-83.1921,34.9395],[-83.1919,34.9394],[-83.1918,34.9403],[-83.191,34.9398],[-83.1906,34.9397],[-83.1898,34.94],[-83.1893,34.9396],[-83.1872,34.941],[-83.1876,34.9403],[-83.1876,34.9396],[-83.1872,34.9394],[-83.1859,34.9401],[-83.1842,34.9405],[-83.1814,34.9425],[-83.1807,34.9426],[-83.1789,34.9437],[-83.179,34.9441],[-83.1798,34.9441],[-83.1812,34.9434],[-83.1824,34.9431],[-83.1821,34.9452],[-83.1822,34.9459],[-83.1829,34.9469],[-83.1829,34.9477],[-83.1846,34.9476]]],[[[-83.2194,34.9388],[-83.2193,34.9403],[-83.2219,34.9404],[-83.2219,34.9389],[-83.2194,34.9388]]],[[[-83.1895,34.9391],[-83.1897,34.9393],[-83.1903,34.9389],[-83.19,34.9387],[-83.1895,34.9391]]],[[[-83.1917,34.9378],[-83.1917,34.9381],[-83.192,34.9381],[-83.192,34.9378],[-83.1917,34.9378]]],[[[-83.2078,34.9354],[-83.2083,34.936],[-83.2093,34.9362],[-83.2093,34.9349],[-83.2087,34.9349],[-83.2078,34.9354]]],[[[-83.2411,34.9369],[-83.2413,34.9377],[-83.2419,34.938],[-83.2423,34.9373],[-83.2422,34.9368],[-83.2415,34.9365],[-83.2414,34.9355],[-83.241,34.935],[-83.2407,34.9346],[-83.2394,34.9348],[-83.2398,34.9365],[-83.2411,34.9369]]],[[[-83.2502,34.9335],[-83.2505,34.9335],[-83.2505,34.9332],[-83.2502,34.9332],[-83.2502,34.9335]]],[[[-83.2058,34.9309],[-83.2065,34.9314],[-83.207,34.9314],[-83.2072,34.9311],[-83.2111,34.9307],[-83.2114,34.9302],[-83.2123,34.93],[-83.2142,34.9287],[-83.2147,34.9286],[-83.215,34.9282],[-83.2156,34.9281],[-83.2156,34.9279],[-83.2141,34.9264],[-83.2131,34.9275],[-83.2106,34.9292],[-83.2102,34.9288],[-83.2094,34.9289],[-83.2089,34.9287],[-83.2087,34.9281],[-83.2081,34.9282],[-83.2074,34.9288],[-83.2058,34.9309]]],[[[-83.2657,34.9261],[-83.2667,34.9266],[-83.2671,34.926],[-83.2662,34.9255],[-83.2657,34.9261]]],[[[-83.2281,34.9209],[-83.2284,34.9217],[-83.2304,34.9223],[-83.2356,34.9207],[-83.2361,34.9199],[-83.236,34.9191],[-83.2366,34.9179],[-83.2373,34.9177],[-83.2375,34.918],[-83.2383,34.9173],[-83.2392,34.9176],[-83.2397,34.9173],[-83.2399,34.9167],[-83.2402,34.9167],[-83.2407,34.9204],[-83.2427,34.9199],[-83.2422,34.919],[-83.2462,34.9189],[-83.251,34.9167],[-83.253,34.9139],[-83.2518,34.9133],[-83.2518,34.9122],[-83.2514,34.9106],[-83.2514,34.9103],[-83.2527,34.9103],[-83.2526,34.9099],[-83.2491,34.9092],[-83.2486,34.9108],[-83.2492,34.9112],[-83.249,34.9122],[-83.2475,34.9135],[-83.2428,34.9134],[-83.2425,34.9102],[-83.2396,34.9102],[-83.2396,34.9124],[-83.2402,34.9135],[-83.2401,34.9157],[-83.2397,34.9158],[-83.2396,34.9155],[-83.2379,34.9157],[-83.2379,34.9161],[-83.2356,34.9174],[-83.2336,34.9175],[-83.2323,34.9187],[-83.2312,34.9192],[-83.2309,34.9189],[-83.2281,34.9209]]],[[[-83.2253,34.9071],[-83.2242,34.9072],[-83.2243,34.9081],[-83.2254,34.908],[-83.2255,34.9071],[-83.2253,34.9071]]],[[[-83.227,34.8996],[-83.2263,34.9005],[-83.2266,34.9011],[-83.2276,34.901],[-83.2278,34.8994],[-83.2272,34.8993],[-83.227,34.8996]]],[[[-83.2532,34.8888],[-83.2521,34.8888],[-83.2521,34.8905],[-83.2507,34.894],[-83.249,34.896],[-83.2471,34.8968],[-83.2478,34.898],[-83.2518,34.8968],[-83.2538,34.8959],[-83.2532,34.8888]]],[[[-83.2583,34.9078],[-83.2586,34.9089],[-83.2601,34.91],[-83.2603,34.9098],[-83.269,34.9096],[-83.268,34.9072],[-83.2695,34.906],[-83.2696,34.9049],[-83.272,34.904],[-83.2724,34.9035],[-83.2724,34.9029],[-83.2728,34.9037],[-83.2727,34.9046],[-83.2718,34.9053],[-83.2708,34.9053],[-83.2708,34.9062],[-83.2699,34.9072],[-83.2691,34.9076],[-83.2695,34.9087],[-83.2706,34.908],[-83.2727,34.908],[-83.2747,34.9086],[-83.2754,34.9081],[-83.2754,34.9077],[-83.276,34.907],[-83.2772,34.9068],[-83.2769,34.9064],[-83.2784,34.9066],[-83.2802,34.9072],[-83.2809,34.9062],[-83.2803,34.906],[-83.28,34.9053],[-83.2792,34.905],[-83.2789,34.9041],[-83.2783,34.9038],[-83.2775,34.9039],[-83.2777,34.9033],[-83.277,34.9027],[-83.2777,34.9022],[-83.2791,34.9025],[-83.2797,34.9017],[-83.2795,34.9013],[-83.2799,34.9008],[-83.2811,34.9004],[-83.281,34.8997],[-83.2816,34.8984],[-83.2836,34.8984],[-83.2839,34.8979],[-83.2895,34.8959],[-83.2908,34.8958],[-83.2925,34.8971],[-83.2937,34.8992],[-83.299,34.8997],[-83.2991,34.8936],[-83.3007,34.8934],[-83.3028,34.8937],[-83.3049,34.8926],[-83.3085,34.8937],[-83.3111,34.8927],[-83.3126,34.8911],[-83.3136,34.8895],[-83.3135,34.8885],[-83.3119,34.8877],[-83.3101,34.8879],[-83.3075,34.8877],[-83.3062,34.8882],[-83.3046,34.8882],[-83.3004,34.8862],[-83.3008,34.8851],[-83.3007,34.8846],[-83.3011,34.8842],[-83.3147,34.8841],[-83.3148,34.8913],[-83.3155,34.8919],[-83.3155,34.8942],[-83.3159,34.894],[-83.3168,34.8945],[-83.3171,34.8943],[-83.3165,34.8921],[-83.3166,34.8911],[-83.3173,34.8892],[-83.3192,34.8891],[-83.319,34.8886],[-83.3194,34.888],[-83.3219,34.8881],[-83.3235,34.8877],[-83.3249,34.8879],[-83.3249,34.8898],[-83.3253,34.89],[-83.3253,34.8906],[-83.3249,34.8911],[-83.325,34.8914],[-83.3255,34.8917],[-83.3261,34.8916],[-83.3259,34.8905],[-83.3267,34.8904],[-83.3278,34.8915],[-83.3278,34.8872],[-83.3283,34.8869],[-83.3324,34.8871],[-83.3325,34.8874],[-83.3308,34.8895],[-83.3308,34.89],[-83.3331,34.89],[-83.3331,34.8887],[-83.3349,34.8875],[-83.3352,34.887],[-83.3379,34.8868],[-83.3385,34.8859],[-83.3399,34.8856],[-83.3412,34.8849],[-83.3467,34.8832],[-83.3469,34.8827],[-83.3433,34.8832],[-83.3433,34.882],[-83.3336,34.8818],[-83.3318,34.882],[-83.3317,34.8835],[-83.3311,34.885],[-83.3296,34.8851],[-83.3256,34.8847],[-83.3231,34.8839],[-83.3214,34.8827],[-83.3189,34.8828],[-83.3179,34.8831],[-83.3168,34.8826],[-83.3161,34.8827],[-83.3146,34.8818],[-83.3147,34.8792],[-83.3134,34.8792],[-83.312,34.8803],[-83.3088,34.8804],[-83.3086,34.8802],[-83.3089,34.8795],[-83.307,34.8791],[-83.3047,34.8801],[-83.3036,34.88],[-83.3031,34.8805],[-83.3032,34.8812],[-83.3031,34.8823],[-83.3018,34.8829],[-83.2996,34.8827],[-83.2996,34.884],[-83.2965,34.8841],[-83.2931,34.8835],[-83.2912,34.8853],[-83.2901,34.8858],[-83.289,34.8859],[-83.2877,34.8855],[-83.2869,34.8849],[-83.2873,34.8872],[-83.2879,34.8871],[-83.2899,34.8877],[-83.2905,34.8886],[-83.2892,34.891],[-83.2888,34.8912],[-83.2883,34.891],[-83.2881,34.8914],[-83.2872,34.8915],[-83.2877,34.892],[-83.2883,34.892],[-83.2887,34.8926],[-83.2878,34.8928],[-83.2869,34.8936],[-83.2866,34.8936],[-83.2846,34.8946],[-83.2842,34.8954],[-83.2825,34.8962],[-83.2808,34.8963],[-83.2807,34.896],[-83.2774,34.8966],[-83.2538,34.8966],[-83.2539,34.9069],[-83.2546,34.9066],[-83.2557,34.9066],[-83.2565,34.9068],[-83.2569,34.9074],[-83.2583,34.9078]]],[[[-83.2837,34.8767],[-83.2815,34.8769],[-83.2816,34.8794],[-83.2844,34.8794],[-83.2844,34.8767],[-83.2837,34.8767]]],[[[-83.2637,34.8791],[-83.2635,34.8795],[-83.2637,34.8801],[-83.2642,34.8804],[-83.2644,34.8813],[-83.2645,34.8833],[-83.2643,34.8841],[-83.2685,34.8842],[-83.2685,34.8776],[-83.2697,34.878],[-83.2701,34.8771],[-83.2711,34.8767],[-83.2705,34.8763],[-83.2691,34.8761],[-83.2686,34.8758],[-83.2685,34.8704],[-83.2618,34.8703],[-83.2595,34.8688],[-83.2581,34.8685],[-83.2572,34.8685],[-83.254,34.8694],[-83.2529,34.8693],[-83.252,34.8706],[-83.2528,34.8714],[-83.2528,34.8738],[-83.2535,34.8797],[-83.261,34.8796],[-83.2635,34.878],[-83.2637,34.8791]]],[[[-83.3394,34.8291],[-83.3394,34.8313],[-83.3426,34.8312],[-83.3424,34.8226],[-83.3408,34.8227],[-83.3318,34.8246],[-83.332,34.8262],[-83.3357,34.8289],[-83.3375,34.8291],[-83.3388,34.8288],[-83.3394,34.8291]]],[[[-83.3651,34.8075],[-83.3659,34.8077],[-83.3666,34.8093],[-83.3662,34.8101],[-83.369,34.8113],[-83.3702,34.8115],[-83.3713,34.8125],[-83.3715,34.813],[-83.3713,34.8139],[-83.3717,34.815],[-83.3736,34.8165],[-83.3741,34.8175],[-83.3739,34.8138],[-83.3741,34.8065],[-83.3738,34.7991],[-83.3723,34.7989],[-83.3716,34.7991],[-83.3721,34.8003],[-83.3714,34.801],[-83.3706,34.8009],[-83.3702,34.8015],[-83.3703,34.8021],[-83.3708,34.8022],[-83.3718,34.803],[-83.3727,34.8021],[-83.3726,34.8031],[-83.3717,34.8034],[-83.3706,34.8027],[-83.3706,34.8034],[-83.3711,34.8042],[-83.3709,34.8044],[-83.3707,34.8045],[-83.3701,34.8039],[-83.3685,34.8044],[-83.3679,34.8041],[-83.3671,34.8041],[-83.3668,34.8031],[-83.366,34.8024],[-83.365,34.7999],[-83.363,34.7967],[-83.3619,34.7956],[-83.3596,34.7957],[-83.3596,34.7967],[-83.3601,34.7973],[-83.3608,34.7991],[-83.3635,34.7999],[-83.3642,34.8005],[-83.3646,34.8045],[-83.3572,34.803],[-83.3572,34.806],[-83.3582,34.806],[-83.3583,34.8065],[-83.3601,34.8069],[-83.3609,34.8066],[-83.362,34.8073],[-83.364,34.8073],[-83.365,34.8065],[-83.3651,34.8075]]],[[[-83.3671,34.7975],[-83.3676,34.7972],[-83.3671,34.7959],[-83.3704,34.7942],[-83.3693,34.7935],[-83.3678,34.7934],[-83.3683,34.7944],[-83.3672,34.795],[-83.3666,34.7942],[-83.366,34.7945],[-83.3671,34.7975]]],[[[-83.3279,34.7925],[-83.3279,34.7938],[-83.3294,34.7938],[-83.3295,34.7931],[-83.3288,34.7925],[-83.328,34.7923],[-83.3279,34.7925]]],[[[-83.3579,34.7872],[-83.3577,34.7874],[-83.3576,34.788],[-83.3571,34.788],[-83.3571,34.7886],[-83.3621,34.7871],[-83.3614,34.7862],[-83.3598,34.7871],[-83.3593,34.7871],[-83.3588,34.7861],[-83.3579,34.7867],[-83.3579,34.7872]]],[[[-83.361,34.7809],[-83.3608,34.7822],[-83.3615,34.7825],[-83.3615,34.7827],[-83.3598,34.7839],[-83.3606,34.7844],[-83.3606,34.7853],[-83.3614,34.786],[-83.3628,34.7854],[-83.3618,34.7842],[-83.3628,34.7831],[-83.3629,34.7826],[-83.3622,34.7809],[-83.361,34.7809]]],[[[-83.369,34.7767],[-83.3719,34.7777],[-83.3744,34.7772],[-83.3743,34.7686],[-83.3637,34.7689],[-83.362,34.7729],[-83.3624,34.775],[-83.3664,34.7734],[-83.3664,34.7767],[-83.369,34.7767]]],[[[-83.3565,34.763],[-83.3576,34.7633],[-83.3576,34.7629],[-83.3573,34.7567],[-83.3564,34.7565],[-83.3553,34.7572],[-83.3546,34.7587],[-83.3533,34.7595],[-83.3526,34.7595],[-83.3527,34.7614],[-83.3532,34.7621],[-83.3538,34.7618],[-83.3547,34.7627],[-83.3551,34.7627],[-83.3557,34.7632],[-83.3565,34.763]]],[[[-83.3434,34.7563],[-83.3373,34.7566],[-83.337,34.7555],[-83.3356,34.756],[-83.3357,34.7567],[-83.3373,34.7604],[-83.3379,34.7628],[-83.3386,34.7623],[-83.3392,34.7625],[-83.3394,34.7635],[-83.34,34.7641],[-83.3382,34.7642],[-83.3386,34.7656],[-83.3382,34.7664],[-83.3395,34.7677],[-83.341,34.7672],[-83.3424,34.7672],[-83.3422,34.7663],[-83.3427,34.7657],[-83.3433,34.7667],[-83.3465,34.7642],[-83.3475,34.7641],[-83.3484,34.7631],[-83.3485,34.7618],[-83.3483,34.7598],[-83.3428,34.7615],[-83.3415,34.7614],[-83.3397,34.7604],[-83.3405,34.7601],[-83.3405,34.7596],[-83.3415,34.7581],[-83.3435,34.7567],[-83.3438,34.7563],[-83.3434,34.7563]]],[[[-83.4152,34.9843],[-83.4153,34.9793],[-83.4202,34.9796],[-83.4189,34.9802],[-83.4185,34.9814],[-83.4187,34.9817],[-83.4183,34.9819],[-83.4183,34.9822],[-83.4187,34.9832],[-83.4203,34.9843],[-83.4252,34.9843],[-83.4252,34.9941],[-83.4149,34.9943],[-83.4152,34.9843]]],[[[-83.5264,34.9319],[-83.5265,34.9238],[-83.5284,34.925],[-83.5295,34.9246],[-83.5312,34.9251],[-83.5321,34.9239],[-83.533,34.9233],[-83.5345,34.9237],[-83.5349,34.9231],[-83.5361,34.9235],[-83.5384,34.922],[-83.5378,34.9213],[-83.5366,34.9212],[-83.5364,34.9206],[-83.5342,34.9203],[-83.5352,34.9195],[-83.5363,34.9193],[-83.5399,34.9204],[-83.5411,34.9199],[-83.5411,34.9193],[-83.5445,34.9194],[-83.5447,34.9176],[-83.5445,34.9167],[-83.5432,34.9149],[-83.5422,34.914],[-83.5419,34.9132],[-83.5416,34.913],[-83.5413,34.9116],[-83.5393,34.9117],[-83.5421,34.9087],[-83.5425,34.9092],[-83.543,34.9092],[-83.5434,34.9096],[-83.5437,34.9092],[-83.5449,34.9091],[-83.5454,34.9088],[-83.5476,34.9089],[-83.5476,34.906],[-83.5484,34.9061],[-83.5479,34.905],[-83.5464,34.9036],[-83.5457,34.9027],[-83.5458,34.9025],[-83.5445,34.902],[-83.5443,34.9022],[-83.5439,34.9019],[-83.5432,34.9018],[-83.5427,34.902],[-83.5424,34.9016],[-83.5426,34.9004],[-83.5433,34.8993],[-83.5444,34.8989],[-83.5456,34.8992],[-83.5461,34.899],[-83.5478,34.9],[-83.5494,34.9001],[-83.551,34.8999],[-83.553,34.8987],[-83.554,34.8993],[-83.5543,34.9],[-83.5547,34.9001],[-83.5554,34.8995],[-83.5562,34.9003],[-83.5561,34.8936],[-83.5555,34.894],[-83.552,34.894],[-83.5512,34.8905],[-83.5503,34.8894],[-83.5502,34.8881],[-83.5504,34.8878],[-83.5514,34.8873],[-83.5521,34.8846],[-83.5524,34.8841],[-83.5524,34.8834],[-83.5536,34.8813],[-83.5563,34.8813],[-83.5564,34.8686],[-83.5867,34.8685],[-83.5868,34.8712],[-83.5876,34.8705],[-83.589,34.8697],[-83.5902,34.8695],[-83.5908,34.8697],[-83.5933,34.8672],[-83.5953,34.8666],[-83.5959,34.8654],[-83.5955,34.8646],[-83.5968,34.864],[-83.5971,34.8631],[-83.5986,34.8627],[-83.597,34.8613],[-83.5948,34.8613],[-83.5933,34.8621],[-83.5931,34.8597],[-83.5936,34.8592],[-83.5941,34.8591],[-83.5927,34.8563],[-83.5887,34.855],[-83.5881,34.8554],[-83.5877,34.8552],[-83.5871,34.8564],[-83.5865,34.8567],[-83.5863,34.8468],[-83.5883,34.8478],[-83.5888,34.8486],[-83.5889,34.8495],[-83.5882,34.8508],[-83.5906,34.8515],[-83.5919,34.8507],[-83.5936,34.8513],[-83.5944,34.8513],[-83.5964,34.8479],[-83.5957,34.8473],[-83.5951,34.8476],[-83.5942,34.8467],[-83.5919,34.8452],[-83.593,34.8437],[-83.5919,34.8425],[-83.5925,34.8416],[-83.5926,34.8408],[-83.592,34.839],[-83.592,34.8382],[-83.5906,34.8371],[-83.5893,34.8369],[-83.5882,34.8362],[-83.5868,34.8359],[-83.5863,34.8351],[-83.5861,34.8314],[-83.5889,34.8333],[-83.5906,34.8339],[-83.5928,34.834],[-83.5935,34.8343],[-83.5941,34.8343],[-83.5949,34.8341],[-83.5965,34.8328],[-83.5974,34.833],[-83.5993,34.8343],[-83.5997,34.8338],[-83.5995,34.8334],[-83.5985,34.8333],[-83.5975,34.832],[-83.5961,34.8317],[-83.5946,34.8317],[-83.5938,34.8319],[-83.5932,34.8323],[-83.5923,34.8323],[-83.5912,34.8315],[-83.5909,34.8305],[-83.5927,34.8295],[-83.5924,34.8291],[-83.5914,34.8288],[-83.5915,34.8278],[-83.5903,34.8264],[-83.5908,34.8252],[-83.5916,34.8252],[-83.5918,34.8248],[-83.5911,34.8241],[-83.5913,34.8233],[-83.5894,34.8225],[-83.5886,34.8217],[-83.5888,34.8206],[-83.5899,34.8214],[-83.592,34.8216],[-83.5927,34.8219],[-83.5937,34.8227],[-83.5947,34.8232],[-83.5961,34.8246],[-83.5976,34.8253],[-83.5986,34.8254],[-83.6011,34.8261],[-83.6017,34.8267],[-83.6028,34.8268],[-83.6067,34.8278],[-83.6079,34.8276],[-83.6097,34.8264],[-83.6115,34.8259],[-83.6114,34.8242],[-83.6125,34.8223],[-83.6129,34.8221],[-83.6189,34.8237],[-83.62,34.8236],[-83.6221,34.8228],[-83.6252,34.823],[-83.6279,34.8241],[-83.6297,34.8252],[-83.6298,34.8207],[-83.644,34.8209],[-83.644,34.8087],[-83.6302,34.8081],[-83.6303,34.8068],[-83.6294,34.8063],[-83.6278,34.8064],[-83.6267,34.8061],[-83.6252,34.8067],[-83.6209,34.8041],[-83.6192,34.8049],[-83.6181,34.8048],[-83.6176,34.8045],[-83.6169,34.8052],[-83.617,34.806],[-83.6161,34.8071],[-83.6142,34.8074],[-83.6137,34.8071],[-83.6107,34.8087],[-83.6063,34.8021],[-83.6085,34.8005],[-83.6066,34.7983],[-83.6045,34.7971],[-83.6036,34.7971],[-83.609,34.7897],[-83.6081,34.7882],[-83.6052,34.7845],[-83.609,34.7833],[-83.6102,34.7842],[-83.6106,34.7847],[-83.6105,34.785],[-83.6108,34.7852],[-83.6112,34.7852],[-83.6127,34.7842],[-83.614,34.7841],[-83.62,34.7843],[-83.6201,34.7836],[-83.6208,34.7825],[-83.6221,34.7817],[-83.6235,34.7814],[-83.625,34.7794],[-83.6303,34.7769],[-83.6309,34.7774],[-83.631,34.7779],[-83.6307,34.7793],[-83.6341,34.7821],[-83.6366,34.7824],[-83.64,34.7816],[-83.6443,34.7822],[-83.6441,34.7771],[-83.641,34.7769],[-83.6387,34.7776],[-83.6347,34.7757],[-83.6325,34.7761],[-83.6317,34.7758],[-83.6302,34.7759],[-83.6309,34.7649],[-83.6297,34.7637],[-83.6292,34.7638],[-83.6283,34.7633],[-83.6263,34.7638],[-83.6251,34.7638],[-83.6244,34.7647],[-83.623,34.7651],[-83.6222,34.7648],[-83.6216,34.7636],[-83.6218,34.7625],[-83.6199,34.7617],[-83.6195,34.7606],[-83.6186,34.7599],[-83.6171,34.7591],[-83.6152,34.7587],[-83.615,34.7581],[-83.6141,34.7575],[-83.6141,34.7566],[-83.6147,34.7552],[-83.6163,34.7548],[-83.6177,34.7553],[-83.621,34.7549],[-83.6212,34.7509],[-83.6194,34.7489],[-83.6206,34.748],[-83.6207,34.7449],[-83.6201,34.7442],[-83.6183,34.7432],[-83.619,34.7423],[-83.6236,34.7441],[-83.6238,34.745],[-83.6245,34.7452],[-83.6244,34.7423],[-83.6238,34.7414],[-83.6236,34.7401],[-83.6232,34.7395],[-83.6231,34.7385],[-83.6226,34.7374],[-83.6218,34.7365],[-83.6213,34.7347],[-83.6199,34.7339],[-83.6209,34.7326],[-83.6225,34.7318],[-83.6234,34.732],[-83.6241,34.7314],[-83.6243,34.7309],[-83.6235,34.73],[-83.6213,34.7299],[-83.6193,34.729],[-83.6191,34.7274],[-83.6183,34.7267],[-83.6182,34.7262],[-83.6188,34.7258],[-83.6191,34.7244],[-83.6182,34.7235],[-83.6175,34.7232],[-83.6174,34.7223],[-83.6176,34.7205],[-83.6465,34.7212],[-83.6465,34.7226],[-83.6478,34.7233],[-83.6479,34.7238],[-83.6474,34.7245],[-83.6464,34.7254],[-83.6461,34.7461],[-83.6434,34.751],[-83.6463,34.7544],[-83.646,34.7588],[-83.6508,34.7589],[-83.6507,34.7637],[-83.6619,34.7638],[-83.6619,34.7589],[-83.6753,34.7591],[-83.6728,34.7568],[-83.6726,34.7553],[-83.672,34.7543],[-83.6721,34.7537],[-83.6725,34.7531],[-83.6722,34.7523],[-83.6731,34.752],[-83.6737,34.7513],[-83.6742,34.7511],[-83.6747,34.7513],[-83.6753,34.7524],[-83.676,34.7525],[-83.6765,34.7522],[-83.6769,34.7515],[-83.6769,34.7507],[-83.6761,34.7495],[-83.6775,34.7482],[-83.6779,34.7488],[-83.679,34.7489],[-83.6793,34.7507],[-83.6807,34.7514],[-83.6831,34.7538],[-83.6846,34.7542],[-83.6857,34.7549],[-83.6867,34.756],[-83.6889,34.7562],[-83.69,34.7558],[-83.694,34.749],[-83.694,34.7442],[-83.6953,34.7442],[-83.6976,34.7372],[-83.6967,34.7361],[-83.6965,34.7355],[-83.6958,34.7346],[-83.6944,34.7342],[-83.7091,34.7343],[-83.7094,34.7251],[-83.7105,34.725],[-83.7115,34.7256],[-83.712,34.7256],[-83.7142,34.725],[-83.7143,34.7241],[-83.7142,34.7222],[-83.716,34.7223],[-83.7164,34.7198],[-83.7187,34.7202],[-83.7186,34.7226],[-83.7193,34.7225],[-83.7195,34.7231],[-83.7201,34.7236],[-83.7201,34.726],[-83.7184,34.726],[-83.7184,34.7267],[-83.717,34.726],[-83.7161,34.7265],[-83.7162,34.7275],[-83.7172,34.7285],[-83.7175,34.7293],[-83.7173,34.7297],[-83.7164,34.7302],[-83.7163,34.7304],[-83.717,34.731],[-83.7168,34.7318],[-83.7172,34.7321],[-83.7176,34.7321],[-83.7189,34.7312],[-83.7201,34.7316],[-83.7205,34.7315],[-83.7217,34.7305],[-83.7216,34.7336],[-83.7238,34.7337],[-83.7225,34.7344],[-83.7225,34.7351],[-83.7206,34.7373],[-83.7199,34.7377],[-83.7191,34.7388],[-83.7186,34.7415],[-83.7183,34.7421],[-83.7196,34.7424],[-83.7237,34.7361],[-83.7269,34.7362],[-83.7269,34.7354],[-83.7259,34.7337],[-83.7269,34.7337],[-83.7269,34.7326],[-83.7273,34.7325],[-83.7276,34.732],[-83.7273,34.7314],[-83.7279,34.731],[-83.727,34.7303],[-83.7274,34.7297],[-83.727,34.7294],[-83.7271,34.7281],[-83.7282,34.7278],[-83.7283,34.7275],[-83.7281,34.7272],[-83.7271,34.7269],[-83.7271,34.7266],[-83.7278,34.7266],[-83.7281,34.7263],[-83.7273,34.7253],[-83.7293,34.7249],[-83.7305,34.7243],[-83.7314,34.7226],[-83.7481,34.7227],[-83.7479,34.7224],[-83.7482,34.7213],[-83.7485,34.7214],[-83.7486,34.7228],[-83.751,34.724],[-83.752,34.7255],[-83.7485,34.7257],[-83.7466,34.7283],[-83.7465,34.729],[-83.7454,34.7302],[-83.7454,34.7306],[-83.7487,34.7306],[-83.7488,34.7348],[-83.7502,34.736],[-83.7496,34.7363],[-83.7499,34.7397],[-83.7518,34.7398],[-83.7524,34.7392],[-83.7524,34.7383],[-83.7528,34.7376],[-83.752,34.7365],[-83.752,34.7355],[-83.7506,34.7353],[-83.7505,34.7349],[-83.7538,34.7349],[-83.7539,34.7331],[-83.7554,34.7322],[-83.756,34.7308],[-83.7568,34.7308],[-83.759,34.7297],[-83.7593,34.7297],[-83.7594,34.7313],[-83.7599,34.7321],[-83.7597,34.7327],[-83.7602,34.7325],[-83.761,34.7327],[-83.762,34.7325],[-83.7633,34.7312],[-83.7635,34.7313],[-83.7629,34.7309],[-83.7632,34.7303],[-83.7631,34.7301],[-83.7622,34.7304],[-83.7618,34.7301],[-83.7617,34.729],[-83.7642,34.7269],[-83.7649,34.7268],[-83.7648,34.7263],[-83.7651,34.7255],[-83.7644,34.7256],[-83.7641,34.7263],[-83.7628,34.7266],[-83.7625,34.727],[-83.7594,34.7271],[-83.7598,34.7268],[-83.7586,34.7259],[-83.7579,34.7258],[-83.7566,34.7262],[-83.7566,34.7253],[-83.7547,34.7253],[-83.7544,34.7251],[-83.7531,34.7255],[-83.7528,34.7255],[-83.7525,34.7248],[-83.7518,34.725],[-83.752,34.7255],[-83.7511,34.724],[-83.7487,34.7228],[-83.7486,34.7215],[-83.7498,34.722],[-83.7502,34.7228],[-83.755,34.7228],[-83.7564,34.7201],[-83.7559,34.7199],[-83.7591,34.7135],[-83.759,34.7123],[-83.7631,34.7132],[-83.7628,34.7117],[-83.7631,34.7089],[-83.7629,34.7081],[-83.7621,34.7073],[-83.7631,34.7057],[-83.7631,34.7048],[-83.7673,34.705],[-83.7671,34.7044],[-83.7672,34.7036],[-83.767,34.7032],[-83.7666,34.7033],[-83.7667,34.7029],[-83.7663,34.7018],[-83.7672,34.7011],[-83.7678,34.7013],[-83.7692,34.6997],[-83.77,34.6996],[-83.77,34.6984],[-83.7706,34.698],[-83.7716,34.698],[-83.7714,34.6974],[-83.7715,34.6972],[-83.7729,34.6974],[-83.7717,34.6967],[-83.7702,34.6953],[-83.7706,34.6936],[-83.772,34.6934],[-83.7747,34.695],[-83.776,34.695],[-83.7778,34.6953],[-83.7785,34.6967],[-83.7796,34.6974],[-83.7921,34.6977],[-83.7924,34.6881],[-83.7936,34.6702],[-83.7996,34.6701],[-83.7988,34.6697],[-83.7983,34.6685],[-83.7959,34.6653],[-83.7963,34.6645],[-83.7969,34.6641],[-83.797,34.6636],[-83.7974,34.6638],[-83.7976,34.6619],[-83.7972,34.6606],[-83.8058,34.6605],[-83.8066,34.6421],[-83.8121,34.6423],[-83.8121,34.643],[-83.813,34.6442],[-83.8137,34.6449],[-83.8168,34.6468],[-83.8168,34.6423],[-83.8275,34.6423],[-83.8274,34.6513],[-83.8374,34.651],[-83.8373,34.6654],[-83.838,34.6658],[-83.8393,34.6653],[-83.8401,34.6654],[-83.8425,34.6649],[-83.8448,34.665],[-83.8469,34.6645],[-83.8489,34.6653],[-83.8488,34.6707],[-83.8435,34.6705],[-83.8435,34.6799],[-83.8487,34.6798],[-83.8489,34.6886],[-83.8471,34.6886],[-83.8473,34.6892],[-83.8469,34.6892],[-83.847,34.6901],[-83.8474,34.6901],[-83.8479,34.6921],[-83.8473,34.6991],[-83.8547,34.6995],[-83.8546,34.691],[-83.8594,34.6911],[-83.8594,34.6873],[-83.8601,34.6874],[-83.8615,34.6868],[-83.8629,34.6867],[-83.8635,34.6869],[-83.8632,34.6879],[-83.8635,34.6885],[-83.8646,34.6884],[-83.8644,34.68],[-83.8694,34.6799],[-83.8694,34.6777],[-83.8704,34.6771],[-83.871,34.6763],[-83.8729,34.6707],[-83.8763,34.6705],[-83.8764,34.6626],[-83.8778,34.6618],[-83.8802,34.662],[-83.8812,34.6611],[-83.8869,34.6607],[-83.8898,34.6591],[-83.8921,34.6595],[-83.8916,34.6798],[-83.9023,34.6801],[-83.9021,34.6835],[-83.9031,34.6834],[-83.9035,34.6837],[-83.9039,34.6845],[-83.9059,34.6851],[-83.9061,34.6867],[-83.9059,34.687],[-83.9062,34.6889],[-83.9058,34.6893],[-83.9133,34.6893],[-83.9125,34.6901],[-83.9125,34.6905],[-83.9165,34.6907],[-83.9166,34.6834],[-83.9147,34.6834],[-83.9151,34.6825],[-83.9162,34.682],[-83.9167,34.6799],[-83.9208,34.6799],[-83.9208,34.6761],[-83.925,34.6761],[-83.9251,34.6713],[-83.9259,34.6716],[-83.9271,34.6725],[-83.9277,34.6724],[-83.9285,34.6731],[-83.9291,34.6732],[-83.9285,34.6748],[-83.9324,34.6765],[-83.9345,34.6767],[-83.9345,34.6729],[-83.9431,34.6728],[-83.9432,34.6659],[-83.9339,34.6659],[-83.9338,34.6693],[-83.9295,34.6692],[-83.9293,34.67],[-83.9282,34.6699],[-83.9271,34.6704],[-83.9253,34.6706],[-83.9253,34.6691],[-83.9243,34.6682],[-83.9231,34.6682],[-83.9212,34.6676],[-83.9204,34.6679],[-83.9196,34.6671],[-83.9189,34.6671],[-83.9189,34.6682],[-83.9201,34.6682],[-83.9206,34.6693],[-83.9164,34.6694],[-83.9165,34.6729],[-83.9156,34.673],[-83.9132,34.6717],[-83.9122,34.6709],[-83.9104,34.6713],[-83.9097,34.671],[-83.9088,34.6697],[-83.9123,34.6694],[-83.9122,34.666],[-83.9166,34.666],[-83.9166,34.6625],[-83.9122,34.6625],[-83.9123,34.659],[-83.93,34.659],[-83.9299,34.6553],[-83.9256,34.6553],[-83.9255,34.6519],[-83.93,34.6519],[-83.9297,34.6484],[-83.9254,34.6484],[-83.9254,34.6449],[-83.9387,34.6449],[-83.9387,34.6484],[-83.9431,34.6484],[-83.9433,34.6433],[-83.9412,34.6433],[-83.9416,34.6426],[-83.9427,34.642],[-83.9427,34.6411],[-83.9433,34.6407],[-83.9433,34.6414],[-83.948,34.6413],[-83.948,34.6433],[-83.9529,34.6432],[-83.9529,34.6468],[-83.9571,34.6468],[-83.957,34.6434],[-83.9657,34.6432],[-83.9657,34.646],[-83.966,34.646],[-83.9671,34.645],[-83.9676,34.644],[-83.9685,34.6434],[-83.9701,34.6432],[-83.9703,34.6394],[-83.9744,34.6395],[-83.9744,34.6468],[-83.9756,34.6468],[-83.9756,34.6501],[-83.9789,34.6501],[-83.9788,34.6394],[-83.9874,34.6394],[-83.9874,34.6428],[-83.9914,34.6428],[-83.9915,34.6484],[-83.9912,34.6486],[-83.9898,34.6487],[-83.989,34.6501],[-83.988,34.6508],[-83.9887,34.6517],[-83.9885,34.6523],[-83.9881,34.6533],[-83.9872,34.6538],[-83.9897,34.6538],[-83.9883,34.6555],[-83.9893,34.6562],[-83.9913,34.6538],[-83.9999,34.6538],[-84.0053,34.654],[-84.0093,34.657],[-84.0092,34.6614],[-84.0138,34.6614],[-84.0139,34.657],[-84.0097,34.6536],[-84.0138,34.6534],[-84.0139,34.65],[-84.0183,34.6499],[-84.0185,34.6461],[-84.0007,34.6461],[-84.0008,34.6446],[-84.0051,34.645],[-84.0052,34.6386],[-84.0142,34.6386],[-84.0143,34.6349],[-84.01,34.6349],[-84.0101,34.6314],[-84.0056,34.6313],[-84.0054,34.6349],[-84.0009,34.6348],[-84.0011,34.6313],[-83.9981,34.6314],[-83.998,34.6279],[-84.0047,34.6277],[-84.0025,34.6261],[-84.0021,34.6254],[-84.0019,34.6239],[-84.0011,34.6228],[-84.0011,34.6167],[-83.9963,34.617],[-83.9964,34.6132],[-83.9921,34.6131],[-83.9963,34.61],[-83.9972,34.61],[-83.9972,34.6107],[-83.9983,34.6107],[-83.9988,34.6119],[-84.0005,34.6126],[-84.0006,34.6103],[-84.0015,34.6091],[-84.0026,34.6091],[-84.0023,34.608],[-84.003,34.6082],[-84.0039,34.6093],[-84.0102,34.6091],[-84.0102,34.613],[-84.0146,34.6131],[-84.0148,34.6023],[-84.0103,34.6023],[-84.0101,34.6048],[-84.0068,34.605],[-84.0047,34.6056],[-84.0033,34.6057],[-84.003,34.6057],[-84.0022,34.6049],[-84.0025,34.6059],[-84.0022,34.6063],[-83.9997,34.607],[-83.9987,34.606],[-83.9983,34.6061],[-83.9977,34.6067],[-83.9965,34.6062],[-83.9924,34.606],[-83.9924,34.6024],[-83.9876,34.6022],[-83.9876,34.5989],[-83.9924,34.5991],[-83.9924,34.5952],[-84.0054,34.5952],[-84.0054,34.5958],[-84.0064,34.5963],[-84.0068,34.597],[-84.0084,34.5984],[-84.0095,34.599],[-84.0114,34.5993],[-84.0118,34.5999],[-84.013,34.5993],[-84.0129,34.5981],[-84.0124,34.5971],[-84.0125,34.5955],[-84.0146,34.5955],[-84.0145,34.5993],[-84.0191,34.5993],[-84.0191,34.5995],[-84.0204,34.5995],[-84.0198,34.5977],[-84.0206,34.597],[-84.0218,34.5971],[-84.0235,34.5981],[-84.0235,34.6027],[-84.0323,34.6028],[-84.0324,34.5991],[-84.0371,34.5985],[-84.0371,34.5954],[-84.044,34.5954],[-84.0438,34.5883],[-84.0394,34.5883],[-84.0393,34.5845],[-84.035,34.5845],[-84.035,34.5738],[-84.0391,34.5737],[-84.0391,34.5709],[-84.041,34.5709],[-84.041,34.5704],[-84.0597,34.5704],[-84.0602,34.5711],[-84.0605,34.5722],[-84.0609,34.5727],[-84.0595,34.5738],[-84.0527,34.5736],[-84.0527,34.5741],[-84.053,34.5744],[-84.0539,34.5747],[-84.0539,34.5772],[-84.0567,34.5772],[-84.0566,34.5809],[-84.0595,34.5809],[-84.0597,34.5772],[-84.0662,34.5773],[-84.0663,34.578],[-84.067,34.578],[-84.067,34.5773],[-84.0694,34.5773],[-84.0695,34.5705],[-84.0781,34.5705],[-84.0781,34.5722],[-84.0794,34.5705],[-84.0809,34.5677],[-84.0812,34.5665],[-84.083,34.5657],[-84.0843,34.5642],[-84.0848,34.5641],[-84.0855,34.5648],[-84.0863,34.5646],[-84.0859,34.5639],[-84.087,34.5633],[-84.0879,34.5633],[-84.0891,34.5642],[-84.0898,34.5639],[-84.0914,34.5649],[-84.0914,34.563],[-84.098,34.563],[-84.098,34.5645],[-84.1002,34.5645],[-84.1001,34.5667],[-84.1045,34.5667],[-84.1045,34.5673],[-84.1183,34.5674],[-84.1183,34.5604],[-84.1289,34.5606],[-84.1288,34.564],[-84.1295,34.564],[-84.1299,34.5643],[-84.1304,34.564],[-84.1309,34.564],[-84.1318,34.5647],[-84.134,34.5645],[-84.1351,34.5653],[-84.1364,34.5646],[-84.1374,34.5646],[-84.1374,34.5666],[-84.1411,34.5651],[-84.1408,34.564],[-84.1419,34.564],[-84.1419,34.5656],[-84.1462,34.5657],[-84.1462,34.564],[-84.1551,34.564],[-84.1593,34.5676],[-84.1593,34.5706],[-84.1586,34.5706],[-84.1586,34.5712],[-84.1552,34.5711],[-84.1563,34.5689],[-84.1514,34.5671],[-84.1506,34.5659],[-84.1486,34.5652],[-84.1469,34.5655],[-84.1477,34.5669],[-84.147,34.5677],[-84.1504,34.5698],[-84.1508,34.571],[-84.1508,34.5745],[-84.1555,34.5746],[-84.1552,34.582],[-84.1543,34.582],[-84.1542,34.5825],[-84.1552,34.5825],[-84.1551,34.5855],[-84.1644,34.5856],[-84.1647,34.575],[-84.164,34.575],[-84.1641,34.5714],[-84.1767,34.5713],[-84.1767,34.5642],[-84.1858,34.5642],[-84.1857,34.5678],[-84.19,34.5679],[-84.19,34.5716],[-84.1941,34.5717],[-84.1942,34.5679],[-84.203,34.568],[-84.2029,34.5607],[-84.1995,34.5607],[-84.1996,34.5572],[-84.1986,34.557],[-84.1988,34.5565],[-84.1983,34.5561],[-84.1969,34.5557],[-84.197,34.5536],[-84.2117,34.5536],[-84.2116,34.5607],[-84.2331,34.5608],[-84.2329,34.5648],[-84.2372,34.5649],[-84.2371,34.5755],[-84.2411,34.5755],[-84.2411,34.5721],[-84.2507,34.572],[-84.2507,34.586],[-84.2549,34.5858],[-84.255,34.581],[-84.292,34.5811],[-84.2915,34.5885],[-84.2997,34.5885],[-84.2996,34.5957],[-84.2906,34.5956],[-84.2905,34.603],[-84.2818,34.6029],[-84.2817,34.6101],[-84.2906,34.6102],[-84.2905,34.6177],[-84.2545,34.6178],[-84.2545,34.6275],[-84.2518,34.6261],[-84.2497,34.6238],[-84.249,34.6214],[-84.2466,34.6204],[-84.2466,34.6196],[-84.2412,34.6195],[-84.2401,34.6187],[-84.2401,34.6195],[-84.2375,34.6195],[-84.2376,34.6261],[-84.2369,34.6259],[-84.2357,34.6243],[-84.2352,34.624],[-84.2353,34.6229],[-84.2351,34.6226],[-84.2347,34.6226],[-84.2343,34.6232],[-84.2338,34.6232],[-84.2326,34.6218],[-84.2321,34.6219],[-84.2318,34.6228],[-84.2309,34.6236],[-84.2296,34.6239],[-84.2291,34.6237],[-84.2289,34.6272],[-84.2313,34.6284],[-84.2334,34.6316],[-84.2373,34.6298],[-84.2372,34.6309],[-84.2386,34.6309],[-84.2391,34.6299],[-84.2407,34.6301],[-84.2397,34.6309],[-84.2394,34.6344],[-84.2488,34.6344],[-84.2487,34.6419],[-84.2541,34.6421],[-84.2534,34.656],[-84.2534,34.6649],[-84.2529,34.6723],[-84.2528,34.6823],[-84.2621,34.6825],[-84.2621,34.6959],[-84.2616,34.6958],[-84.2601,34.6941],[-84.2599,34.6937],[-84.2583,34.6929],[-84.258,34.6921],[-84.2574,34.6915],[-84.2575,34.6912],[-84.2566,34.6909],[-84.2545,34.6911],[-84.2539,34.6915],[-84.2529,34.6935],[-84.2507,34.6954],[-84.2516,34.6968],[-84.2525,34.6972],[-84.2575,34.6972],[-84.262,34.7004],[-84.2612,34.7117],[-84.2522,34.7118],[-84.2524,34.7051],[-84.2514,34.7045],[-84.2486,34.7038],[-84.2464,34.7012],[-84.2462,34.7003],[-84.2446,34.6987],[-84.2446,34.6943],[-84.236,34.6941],[-84.236,34.6948],[-84.2273,34.6947],[-84.2272,34.7011],[-84.2179,34.7012],[-84.2181,34.7016],[-84.219,34.7021],[-84.2189,34.7084],[-84.2107,34.7082],[-84.211,34.7093],[-84.209,34.7101],[-84.2058,34.7152],[-84.2069,34.7187],[-84.2059,34.7187],[-84.206,34.7198],[-84.2045,34.7219],[-84.2112,34.7219],[-84.2111,34.729],[-84.2006,34.729],[-84.2009,34.7288],[-84.1979,34.728],[-84.1975,34.7289],[-84.1862,34.7289],[-84.1893,34.7289],[-84.1895,34.7358],[-84.189,34.7359],[-84.19,34.7412],[-84.1894,34.7413],[-84.1896,34.7422],[-84.183,34.7421],[-84.1832,34.7428],[-84.1805,34.7428],[-84.1813,34.7453],[-84.1809,34.746],[-84.1798,34.7468],[-84.1795,34.7475],[-84.1798,34.7481],[-84.1795,34.7524],[-84.1773,34.7541],[-84.1776,34.7553],[-84.1772,34.7562],[-84.1769,34.7565],[-84.176,34.7564],[-84.1754,34.7569],[-84.1753,34.7572],[-84.176,34.7575],[-84.1751,34.7606],[-84.1723,34.7633],[-84.1722,34.7644],[-84.1653,34.7643],[-84.1665,34.7691],[-84.1654,34.7695],[-84.1642,34.7708],[-84.1636,34.7708],[-84.1637,34.7712],[-84.162,34.7712],[-84.1613,34.7715],[-84.1604,34.7715],[-84.16,34.772],[-84.159,34.7737],[-84.1595,34.7747],[-84.1595,34.7752],[-84.1589,34.7755],[-84.1585,34.7761],[-84.1598,34.7793],[-84.1564,34.7794],[-84.1611,34.7813],[-84.1594,34.7828],[-84.1593,34.7841],[-84.1579,34.785],[-84.1568,34.7843],[-84.1548,34.7835],[-84.1547,34.7855],[-84.153,34.7855],[-84.1529,34.7867],[-84.1532,34.7875],[-84.1531,34.788],[-84.154,34.7889],[-84.1534,34.7899],[-84.1546,34.7915],[-84.1547,34.7995],[-84.1457,34.7996],[-84.1457,34.8051],[-84.146,34.8054],[-84.1472,34.8054],[-84.148,34.8048],[-84.1483,34.805],[-84.1487,34.8048],[-84.149,34.8049],[-84.1492,34.8058],[-84.1501,34.8057],[-84.1511,34.8053],[-84.152,34.8056],[-84.1534,34.8069],[-84.1546,34.8068],[-84.1546,34.8134],[-84.1579,34.8134],[-84.158,34.8095],[-84.1596,34.8098],[-84.1608,34.8083],[-84.1614,34.806],[-84.1633,34.806],[-84.1633,34.8043],[-84.1608,34.8047],[-84.1603,34.8019],[-84.1597,34.8007],[-84.1613,34.8006],[-84.1615,34.8015],[-84.1625,34.8016],[-84.1633,34.8021],[-84.1633,34.7996],[-84.1694,34.7996],[-84.17,34.7981],[-84.1709,34.7976],[-84.1715,34.7978],[-84.1721,34.7995],[-84.1795,34.7996],[-84.1791,34.7969],[-84.1792,34.796],[-84.1789,34.7952],[-84.1796,34.7943],[-84.1793,34.7926],[-84.1763,34.7928],[-84.1759,34.792],[-84.1753,34.7916],[-84.1752,34.791],[-84.1747,34.7902],[-84.1745,34.7883],[-84.1736,34.7876],[-84.1735,34.787],[-84.1739,34.7863],[-84.1735,34.7854],[-84.1728,34.7854],[-84.1727,34.7746],[-84.1811,34.7745],[-84.1811,34.7853],[-84.1815,34.7853],[-84.1815,34.7884],[-84.181,34.7884],[-84.1808,34.7926],[-84.1809,34.7979],[-84.1836,34.797],[-84.1848,34.7977],[-84.186,34.7975],[-84.1867,34.798],[-84.1899,34.7977],[-84.1899,34.7924],[-84.2011,34.7923],[-84.201,34.7896],[-84.1987,34.7853],[-84.1933,34.7853],[-84.1932,34.7847],[-84.1927,34.7842],[-84.1929,34.7832],[-84.1928,34.7828],[-84.1919,34.7822],[-84.1917,34.7814],[-84.1929,34.7807],[-84.1947,34.78],[-84.1966,34.7797],[-84.1976,34.7781],[-84.1983,34.7777],[-84.2054,34.7776],[-84.2046,34.777],[-84.2041,34.7759],[-84.2023,34.7736],[-84.2026,34.7725],[-84.2018,34.7703],[-84.2024,34.7679],[-84.2021,34.7667],[-84.1997,34.765],[-84.1984,34.7631],[-84.1954,34.7626],[-84.1965,34.7609],[-84.1969,34.7596],[-84.1965,34.7591],[-84.1956,34.759],[-84.1959,34.7583],[-84.1959,34.758],[-84.1966,34.7574],[-84.1974,34.7573],[-84.1974,34.757],[-84.1956,34.7566],[-84.1907,34.7543],[-84.1927,34.7516],[-84.193,34.7494],[-84.1948,34.7482],[-84.1927,34.7483],[-84.1947,34.7429],[-84.1951,34.7427],[-84.1995,34.7427],[-84.1995,34.7395],[-84.1981,34.739],[-84.1973,34.7383],[-84.1976,34.7379],[-84.1969,34.7375],[-84.1974,34.737],[-84.1971,34.7364],[-84.1982,34.7349],[-84.1997,34.7355],[-84.2045,34.7355],[-84.2017,34.7332],[-84.2032,34.7316],[-84.2056,34.7326],[-84.2087,34.736],[-84.2175,34.736],[-84.2174,34.7393],[-84.2184,34.7394],[-84.2192,34.7403],[-84.2209,34.7411],[-84.2231,34.7418],[-84.2236,34.7418],[-84.2236,34.7412],[-84.2272,34.7417],[-84.2284,34.7414],[-84.229,34.7422],[-84.2261,34.7423],[-84.2261,34.7485],[-84.2087,34.7484],[-84.2087,34.7628],[-84.2059,34.7628],[-84.2064,34.7646],[-84.2057,34.7658],[-84.206,34.7667],[-84.2059,34.7684],[-84.2062,34.769],[-84.2059,34.7699],[-84.206,34.7706],[-84.2085,34.7706],[-84.2084,34.7852],[-84.2165,34.7851],[-84.2166,34.7782],[-84.217,34.7776],[-84.2188,34.7776],[-84.2195,34.7778],[-84.2202,34.7796],[-84.223,34.7823],[-84.226,34.7824],[-84.2259,34.7798],[-84.2284,34.7798],[-84.2297,34.7805],[-84.2287,34.7821],[-84.228,34.7852],[-84.2341,34.7851],[-84.234,34.7831],[-84.2358,34.7821],[-84.2362,34.7795],[-84.2358,34.7793],[-84.235,34.778],[-84.2334,34.7776],[-84.2326,34.7735],[-84.2383,34.7735],[-84.2436,34.7741],[-84.2437,34.7701],[-84.2344,34.7699],[-84.2345,34.7615],[-84.2375,34.7608],[-84.242,34.7619],[-84.2432,34.762],[-84.2442,34.762],[-84.2463,34.7614],[-84.2467,34.7615],[-84.249,34.7642],[-84.2495,34.7642],[-84.2502,34.7633],[-84.2518,34.7629],[-84.2525,34.7624],[-84.2549,34.7622],[-84.2556,34.7625],[-84.2556,34.7615],[-84.254,34.7593],[-84.2537,34.7584],[-84.2597,34.7584],[-84.2591,34.7602],[-84.2581,34.7621],[-84.2583,34.7628],[-84.2588,34.7631],[-84.259,34.7629],[-84.2592,34.7632],[-84.2607,34.7637],[-84.259,34.7666],[-84.26,34.7678],[-84.26,34.772],[-84.2585,34.7702],[-84.2565,34.7704],[-84.256,34.7702],[-84.2563,34.7699],[-84.2558,34.7697],[-84.2555,34.77],[-84.2549,34.7701],[-84.2538,34.77],[-84.253,34.7695],[-84.252,34.7698],[-84.252,34.7701],[-84.2471,34.7701],[-84.2474,34.7715],[-84.2469,34.7728],[-84.2462,34.7735],[-84.2447,34.7742],[-84.2443,34.7747],[-84.2442,34.7776],[-84.2433,34.7787],[-84.2411,34.7797],[-84.2404,34.7811],[-84.2401,34.7823],[-84.2406,34.7849],[-84.2472,34.785],[-84.251,34.7827],[-84.2554,34.788],[-84.2546,34.7886],[-84.2603,34.7882],[-84.2606,34.7982],[-84.2566,34.7974],[-84.255,34.7976],[-84.2524,34.7983],[-84.2495,34.7973],[-84.2484,34.7973],[-84.2476,34.7977],[-84.2473,34.7982],[-84.2476,34.7984],[-84.2461,34.8011],[-84.2469,34.8027],[-84.2473,34.8028],[-84.2477,34.8031],[-84.248,34.804],[-84.2499,34.8039],[-84.2508,34.8068],[-84.2506,34.8083],[-84.2502,34.8095],[-84.2492,34.8106],[-84.2469,34.8119],[-84.2466,34.8112],[-84.248,34.8083],[-84.2475,34.8077],[-84.2472,34.8077],[-84.2472,34.8081],[-84.2466,34.8085],[-84.2468,34.8091],[-84.2462,34.8103],[-84.2453,34.811],[-84.2459,34.8114],[-84.2462,34.8126],[-84.2467,34.813],[-84.2477,34.8146],[-84.2502,34.8155],[-84.2504,34.816],[-84.2501,34.8165],[-84.2498,34.8168],[-84.2485,34.817],[-84.2463,34.817],[-84.2458,34.8167],[-84.2453,34.8175],[-84.2431,34.8178],[-84.2421,34.8176],[-84.2422,34.818],[-84.2411,34.8182],[-84.2403,34.819],[-84.2384,34.8179],[-84.2348,34.8168],[-84.2349,34.818],[-84.2369,34.8182],[-84.2373,34.8197],[-84.2371,34.8212],[-84.2352,34.821],[-84.2342,34.822],[-84.2336,34.8218],[-84.2336,34.8249],[-84.2373,34.8248],[-84.2385,34.8233],[-84.2398,34.8224],[-84.2403,34.8211],[-84.2404,34.8214],[-84.241,34.821],[-84.2411,34.8205],[-84.2424,34.8192],[-84.2435,34.8192],[-84.2437,34.8205],[-84.2446,34.8205],[-84.2447,34.8195],[-84.2458,34.8183],[-84.2469,34.8179],[-84.2501,34.8175],[-84.2508,34.8169],[-84.2511,34.8161],[-84.2508,34.8152],[-84.2502,34.8147],[-84.2484,34.8142],[-84.2479,34.8137],[-84.2476,34.8131],[-84.2479,34.8123],[-84.2503,34.8104],[-84.2512,34.8104],[-84.2517,34.809],[-84.2527,34.8087],[-84.2529,34.808],[-84.2521,34.8083],[-84.2518,34.8082],[-84.2521,34.8059],[-84.2511,34.8039],[-84.2511,34.8019],[-84.2501,34.8001],[-84.2482,34.7988],[-84.2484,34.7984],[-84.2493,34.798],[-84.2502,34.7982],[-84.252,34.799],[-84.2554,34.7982],[-84.2569,34.7981],[-84.2613,34.7989],[-84.2645,34.8002],[-84.2648,34.8008],[-84.2636,34.8027],[-84.2635,34.8047],[-84.2643,34.8067],[-84.2638,34.8071],[-84.2646,34.8078],[-84.2649,34.8073],[-84.2652,34.8074],[-84.2652,34.808],[-84.266,34.808],[-84.2671,34.8077],[-84.2668,34.8072],[-84.2673,34.8069],[-84.2676,34.8074],[-84.2679,34.8072],[-84.2676,34.8067],[-84.2679,34.8066],[-84.2681,34.8071],[-84.2687,34.8067],[-84.2685,34.8061],[-84.2689,34.8059],[-84.272,34.8067],[-84.2735,34.8063],[-84.2738,34.8068],[-84.275,34.8045],[-84.2764,34.8049],[-84.2776,34.8055],[-84.2807,34.8077],[-84.2831,34.8076],[-84.2838,34.8081],[-84.2831,34.8102],[-84.2822,34.8103],[-84.2845,34.8112],[-84.2856,34.8122],[-84.2877,34.815],[-84.2885,34.8155],[-84.2854,34.8166],[-84.2846,34.8172],[-84.2902,34.8172],[-84.2907,34.8143],[-84.2912,34.8028],[-84.2912,34.7886],[-84.3089,34.7888],[-84.3089,34.788],[-84.3077,34.788],[-84.3069,34.7878],[-84.3047,34.7854],[-84.3029,34.7847],[-84.3021,34.7842],[-84.3018,34.7837],[-84.3025,34.7817],[-84.2915,34.7815],[-84.292,34.7752],[-84.2901,34.7756],[-84.2888,34.777],[-84.2851,34.7775],[-84.2825,34.7802],[-84.2826,34.7674],[-84.285,34.7674],[-84.2849,34.7658],[-84.2827,34.7657],[-84.2829,34.7633],[-84.2827,34.7635],[-84.2808,34.7637],[-84.2798,34.7658],[-84.2777,34.7656],[-84.2766,34.7653],[-84.2752,34.7635],[-84.2741,34.763],[-84.2741,34.7625],[-84.2726,34.7618],[-84.2727,34.7608],[-84.2733,34.7606],[-84.2731,34.7601],[-84.2741,34.7597],[-84.2742,34.7586],[-84.2923,34.7587],[-84.2921,34.7506],[-84.2907,34.7507],[-84.2886,34.7496],[-84.2877,34.7484],[-84.2869,34.748],[-84.2861,34.7471],[-84.2848,34.7464],[-84.2853,34.7455],[-84.2851,34.7436],[-84.2878,34.7425],[-84.2896,34.7429],[-84.2905,34.7436],[-84.2923,34.7434],[-84.2924,34.735],[-84.3095,34.7346],[-84.3098,34.7266],[-84.3098,34.7187],[-84.3153,34.7187],[-84.3154,34.7112],[-84.3408,34.7109],[-84.3411,34.6967],[-84.3594,34.697],[-84.3595,34.6902],[-84.379,34.6904],[-84.3786,34.7036],[-84.3811,34.7021],[-84.3829,34.7015],[-84.3845,34.7006],[-84.3856,34.7002],[-84.3877,34.6998],[-84.3878,34.6906],[-84.3976,34.6907],[-84.3975,34.7049],[-84.4059,34.7048],[-84.4059,34.71],[-84.405,34.7102],[-84.4033,34.71],[-84.4002,34.7111],[-84.4001,34.709],[-84.3975,34.7089],[-84.3975,34.7085],[-84.3954,34.7084],[-84.3953,34.7088],[-84.3971,34.7098],[-84.3971,34.7109],[-84.3945,34.7115],[-84.3944,34.7121],[-84.3931,34.7121],[-84.3926,34.7127],[-84.3911,34.7136],[-84.3899,34.7148],[-84.3882,34.7142],[-84.3882,34.7121],[-84.3842,34.7121],[-84.3845,34.7111],[-84.3836,34.71],[-84.3837,34.7094],[-84.3833,34.7085],[-84.3825,34.7077],[-84.3821,34.7063],[-84.3786,34.7043],[-84.376,34.7043],[-84.3759,34.7193],[-84.3725,34.7192],[-84.3725,34.7273],[-84.3795,34.7274],[-84.388,34.7274],[-84.3878,34.7194],[-84.4049,34.7193],[-84.4052,34.7274],[-84.4011,34.7274],[-84.4011,34.7359],[-84.3966,34.7359],[-84.3964,34.7443],[-84.3882,34.7443],[-84.3882,34.7518],[-84.3962,34.7517],[-84.3961,34.7595],[-84.3875,34.7594],[-84.3873,34.7665],[-84.37,34.7671],[-84.3703,34.7591],[-84.3589,34.7593],[-84.3595,34.76],[-84.3597,34.7599],[-84.3619,34.7611],[-84.3619,34.7671],[-84.3531,34.767],[-84.3528,34.7821],[-84.3351,34.7819],[-84.3349,34.7891],[-84.3609,34.7892],[-84.3604,34.796],[-84.3517,34.7959],[-84.3517,34.7972],[-84.3523,34.7971],[-84.353,34.7964],[-84.3538,34.7969],[-84.3554,34.7971],[-84.3559,34.7975],[-84.3564,34.7985],[-84.3572,34.7988],[-84.3576,34.7995],[-84.3598,34.8003],[-84.3607,34.7994],[-84.3615,34.7995],[-84.3624,34.7991],[-84.3644,34.7992],[-84.3646,34.7993],[-84.3643,34.8009],[-84.3649,34.8019],[-84.365,34.8032],[-84.3603,34.8032],[-84.3518,34.8007],[-84.3518,34.8032],[-84.343,34.8032],[-84.3433,34.8106],[-84.3431,34.8236],[-84.3415,34.8222],[-84.3399,34.8221],[-84.3399,34.8216],[-84.3394,34.8202],[-84.3394,34.8195],[-84.3382,34.819],[-84.3367,34.8191],[-84.3359,34.8194],[-84.3351,34.8189],[-84.3351,34.8177],[-84.3253,34.8178],[-84.3254,34.8106],[-84.3219,34.8103],[-84.3178,34.8101],[-84.3181,34.8106],[-84.3079,34.8105],[-84.3079,34.8173],[-84.2987,34.8172],[-84.2984,34.8244],[-84.2814,34.8244],[-84.2813,34.8172],[-84.2721,34.8171],[-84.2723,34.8115],[-84.2726,34.8113],[-84.2726,34.8106],[-84.2732,34.8102],[-84.2748,34.8096],[-84.2751,34.8097],[-84.2762,34.8076],[-84.276,34.8072],[-84.2746,34.8071],[-84.273,34.8079],[-84.2721,34.8079],[-84.2695,34.8094],[-84.268,34.8099],[-84.2679,34.8111],[-84.2683,34.8115],[-84.2682,34.8125],[-84.2671,34.8136],[-84.2634,34.814],[-84.2631,34.8143],[-84.2619,34.8132],[-84.2608,34.8145],[-84.2599,34.8145],[-84.2599,34.8157],[-84.2588,34.8157],[-84.2571,34.8161],[-84.2563,34.816],[-84.2561,34.8162],[-84.2569,34.8169],[-84.2538,34.8169],[-84.2528,34.819],[-84.252,34.8197],[-84.2508,34.8201],[-84.2479,34.8203],[-84.2479,34.8206],[-84.2486,34.8206],[-84.2486,34.8214],[-84.2489,34.8216],[-84.2494,34.8223],[-84.2496,34.8221],[-84.2497,34.8214],[-84.25,34.8209],[-84.2504,34.8209],[-84.2508,34.8213],[-84.2513,34.8213],[-84.252,34.8207],[-84.2524,34.8212],[-84.2531,34.8213],[-84.2541,34.823],[-84.2541,34.8223],[-84.2544,34.8221],[-84.2552,34.8221],[-84.2543,34.8215],[-84.2539,34.8209],[-84.2538,34.8202],[-84.2542,34.8191],[-84.2542,34.8175],[-84.2553,34.8173],[-84.2567,34.8175],[-84.2577,34.8178],[-84.258,34.8181],[-84.2581,34.8178],[-84.2589,34.8175],[-84.2608,34.8174],[-84.2613,34.8177],[-84.2613,34.8191],[-84.2619,34.8177],[-84.2623,34.8176],[-84.2637,34.8184],[-84.2634,34.8192],[-84.2645,34.819],[-84.2661,34.8191],[-84.2667,34.8195],[-84.267,34.8201],[-84.2674,34.8199],[-84.2688,34.8208],[-84.2688,34.8212],[-84.2677,34.8218],[-84.2664,34.8216],[-84.2657,34.8229],[-84.2695,34.8218],[-84.2703,34.8226],[-84.27,34.8232],[-84.271,34.8233],[-84.2712,34.8238],[-84.2719,34.8242],[-84.2721,34.8247],[-84.2719,34.8253],[-84.2702,34.8247],[-84.2709,34.8257],[-84.2708,34.8259],[-84.2689,34.8262],[-84.2674,34.8259],[-84.2677,34.8268],[-84.2706,34.8271],[-84.269,34.8279],[-84.2697,34.8282],[-84.2697,34.8284],[-84.2694,34.8291],[-84.2685,34.8294],[-84.266,34.8291],[-84.2645,34.8293],[-84.2636,34.8291],[-84.2632,34.8288],[-84.2627,34.8279],[-84.26,34.8262],[-84.26,34.8211],[-84.2571,34.8215],[-84.255,34.8227],[-84.2554,34.8236],[-84.2542,34.8239],[-84.2537,34.8255],[-84.2539,34.8257],[-84.2547,34.8257],[-84.2541,34.827],[-84.254,34.8279],[-84.255,34.8276],[-84.2562,34.8281],[-84.2581,34.8281],[-84.2589,34.8289],[-84.2592,34.8298],[-84.26,34.8306],[-84.2614,34.8331],[-84.2639,34.8333],[-84.2639,34.8319],[-84.266,34.8298],[-84.2672,34.8297],[-84.2678,34.8299],[-84.268,34.8303],[-84.2691,34.83],[-84.2695,34.8302],[-84.2695,34.8314],[-84.2692,34.8323],[-84.2695,34.8326],[-84.2688,34.8329],[-84.2698,34.8333],[-84.2698,34.8344],[-84.2704,34.8358],[-84.2701,34.8362],[-84.2708,34.8365],[-84.2716,34.8389],[-84.2709,34.8395],[-84.2702,34.8393],[-84.2696,34.8403],[-84.2691,34.8403],[-84.2687,34.84],[-84.2679,34.8387],[-84.2678,34.8377],[-84.2687,34.8364],[-84.2674,34.8371],[-84.2666,34.8365],[-84.2664,34.8368],[-84.2667,34.8377],[-84.2652,34.8375],[-84.2655,34.8379],[-84.2666,34.8383],[-84.2669,34.8388],[-84.2668,34.8393],[-84.2656,34.8392],[-84.2657,34.8394],[-84.2652,34.8397],[-84.266,34.8397],[-84.2671,34.8406],[-84.2666,34.841],[-84.2653,34.8413],[-84.2647,34.8405],[-84.2639,34.8405],[-84.264,34.8398],[-84.263,34.8395],[-84.2628,34.8388],[-84.2621,34.8384],[-84.2623,34.8378],[-84.2631,34.8372],[-84.2628,34.8367],[-84.2619,34.8372],[-84.2611,34.8372],[-84.2612,34.8365],[-84.2603,34.8365],[-84.26,34.8362],[-84.2601,34.8354],[-84.2595,34.8359],[-84.259,34.8359],[-84.2579,34.8354],[-84.2572,34.8342],[-84.2569,34.8352],[-84.2561,34.8359],[-84.2571,34.8358],[-84.2567,34.8366],[-84.2574,34.8363],[-84.2576,34.8364],[-84.2577,34.837],[-84.2574,34.8373],[-84.2578,34.8376],[-84.2583,34.8373],[-84.2588,34.8377],[-84.2588,34.838],[-84.2593,34.8382],[-84.2601,34.8394],[-84.2601,34.8401],[-84.2613,34.8404],[-84.2613,34.8411],[-84.2617,34.8418],[-84.2621,34.8422],[-84.263,34.8423],[-84.263,34.8428],[-84.2624,34.8431],[-84.2612,34.8425],[-84.2603,34.8418],[-84.2598,34.8405],[-84.2595,34.8403],[-84.2593,34.8407],[-84.2588,34.8407],[-84.2585,34.8411],[-84.2572,34.8401],[-84.2574,34.8413],[-84.2551,34.8417],[-84.2542,34.8416],[-84.2536,34.841],[-84.252,34.8405],[-84.251,34.8406],[-84.2519,34.8413],[-84.2536,34.842],[-84.2536,34.8425],[-84.2528,34.8431],[-84.2532,34.8434],[-84.2539,34.8428],[-84.2542,34.8431],[-84.2557,34.8428],[-84.256,34.8431],[-84.2559,34.8438],[-84.2564,34.8443],[-84.257,34.8431],[-84.2574,34.8435],[-84.259,34.8432],[-84.259,34.8439],[-84.2585,34.8444],[-84.2588,34.8447],[-84.2594,34.8444],[-84.26,34.8445],[-84.2599,34.8452],[-84.2604,34.8454],[-84.2601,34.8456],[-84.2594,34.8456],[-84.2593,34.846],[-84.2596,34.8463],[-84.2592,34.8465],[-84.2589,34.8471],[-84.2596,34.8472],[-84.2607,34.8468],[-84.261,34.8471],[-84.2617,34.847],[-84.2619,34.8474],[-84.2613,34.848],[-84.261,34.8487],[-84.2605,34.8487],[-84.2609,34.849],[-84.2609,34.8499],[-84.2613,34.8498],[-84.2618,34.849],[-84.2624,34.8493],[-84.263,34.8489],[-84.2653,34.8488],[-84.2656,34.8489],[-84.2658,34.8495],[-84.2657,34.8502],[-84.2662,34.8505],[-84.2667,34.8504],[-84.2671,34.8507],[-84.2677,34.8505],[-84.2679,34.8501],[-84.2685,34.8503],[-84.2691,34.85],[-84.2695,34.8505],[-84.2704,34.8507],[-84.2718,34.8506],[-84.2702,34.851],[-84.2707,34.8519],[-84.2689,34.8519],[-84.2693,34.8522],[-84.2691,34.8522],[-84.269,34.8527],[-84.2688,34.8544],[-84.2677,34.8542],[-84.2598,34.8542],[-84.2632,34.8556],[-84.2621,34.859],[-84.2606,34.8583],[-84.2603,34.8572],[-84.2599,34.8583],[-84.2599,34.8575],[-84.2596,34.8579],[-84.257,34.8579],[-84.2564,34.8576],[-84.2567,34.8569],[-84.2561,34.8565],[-84.2566,34.8565],[-84.2565,34.8549],[-84.2574,34.8549],[-84.2574,34.8546],[-84.2567,34.8546],[-84.2569,34.8543],[-84.2577,34.8545],[-84.2571,34.8536],[-84.2578,34.8533],[-84.2565,34.8527],[-84.2569,34.852],[-84.2563,34.8501],[-84.256,34.8503],[-84.2558,34.8517],[-84.2554,34.8521],[-84.2544,34.852],[-84.2539,34.8515],[-84.2529,34.8516],[-84.2517,34.8515],[-84.2517,34.8507],[-84.251,34.8507],[-84.2507,34.8504],[-84.2509,34.849],[-84.2504,34.8492],[-84.25,34.8488],[-84.2495,34.8504],[-84.2485,34.8502],[-84.2471,34.8505],[-84.2464,34.8499],[-84.2456,34.8508],[-84.2443,34.8508],[-84.2429,34.8513],[-84.2425,34.851],[-84.2425,34.8498],[-84.2389,34.8498],[-84.2382,34.8485],[-84.2397,34.8483],[-84.2406,34.8477],[-84.2428,34.8472],[-84.2424,34.8431],[-84.2418,34.8428],[-84.2404,34.843],[-84.2393,34.8425],[-84.237,34.8422],[-84.2352,34.8429],[-84.2342,34.8437],[-84.2333,34.8439],[-84.2303,34.8425],[-84.2296,34.8417],[-84.2287,34.8401],[-84.2292,34.8397],[-84.2287,34.8393],[-84.2287,34.8387],[-84.2277,34.8374],[-84.2285,34.8369],[-84.2294,34.8354],[-84.2303,34.8351],[-84.2306,34.8356],[-84.2313,34.8351],[-84.2327,34.833],[-84.2326,34.8325],[-84.2329,34.8325],[-84.2325,34.8314],[-84.2349,34.8304],[-84.2351,34.8288],[-84.2358,34.828],[-84.2355,34.8279],[-84.2349,34.8287],[-84.2346,34.8304],[-84.2336,34.8307],[-84.2335,34.8301],[-84.2324,34.8289],[-84.2322,34.8281],[-84.2293,34.8284],[-84.2246,34.8272],[-84.2096,34.8269],[-84.1979,34.8264],[-84.1936,34.8268],[-84.1942,34.8257],[-84.194,34.825],[-84.193,34.8238],[-84.1932,34.821],[-84.1928,34.8193],[-84.1933,34.8181],[-84.1944,34.8171],[-84.1914,34.8164],[-84.1903,34.8164],[-84.1903,34.8135],[-84.1892,34.8137],[-84.1886,34.8142],[-84.1883,34.8134],[-84.1878,34.815],[-84.188,34.8163],[-84.1876,34.8188],[-84.1868,34.8185],[-84.1866,34.818],[-84.1859,34.8178],[-84.1852,34.815],[-84.1843,34.8152],[-84.1826,34.8144],[-84.182,34.8136],[-84.1811,34.8131],[-84.181,34.8201],[-84.188,34.8201],[-84.1865,34.8219],[-84.185,34.8219],[-84.181,34.8273],[-84.1722,34.8273],[-84.1729,34.8293],[-84.1788,34.8305],[-84.1795,34.8302],[-84.1805,34.8303],[-84.1813,34.8299],[-84.1827,34.8296],[-84.1843,34.8317],[-84.1848,34.8329],[-84.1841,34.8336],[-84.1856,34.8342],[-84.1868,34.8342],[-84.1872,34.8351],[-84.1752,34.8352],[-84.1754,34.8347],[-84.1752,34.834],[-84.1754,34.8332],[-84.1753,34.8324],[-84.1735,34.8318],[-84.1708,34.8304],[-84.1697,34.8294],[-84.1671,34.8298],[-84.1665,34.8279],[-84.1633,34.8309],[-84.1633,34.8312],[-84.1619,34.8313],[-84.1601,34.8304],[-84.1592,34.8296],[-84.1585,34.8296],[-84.1576,34.829],[-84.1582,34.8287],[-84.1586,34.8281],[-84.1583,34.8277],[-84.1563,34.8292],[-84.1556,34.8312],[-84.1558,34.8319],[-84.1555,34.832],[-84.1557,34.8324],[-84.1554,34.8337],[-84.155,34.8344],[-84.1547,34.8344],[-84.1547,34.842],[-84.1472,34.842],[-84.1474,34.8427],[-84.1471,34.8436],[-84.1485,34.8454],[-84.1492,34.8451],[-84.1493,34.8447],[-84.153,34.8459],[-84.1548,34.8458],[-84.1589,34.8472],[-84.159,34.8483],[-84.158,34.8501],[-84.158,34.8521],[-84.1574,34.8524],[-84.1586,34.8554],[-84.1591,34.8563],[-84.1579,34.8571],[-84.155,34.8571],[-84.1551,34.8648],[-84.1465,34.8646],[-84.1466,34.8571],[-84.1454,34.8572],[-84.144,34.8586],[-84.1428,34.8604],[-84.1416,34.8605],[-84.1413,34.8608],[-84.1405,34.8615],[-84.1401,34.8628],[-84.1392,34.8632],[-84.1386,34.8642],[-84.1388,34.8645],[-84.1283,34.8644],[-84.1287,34.8638],[-84.1316,34.8626],[-84.1319,34.8621],[-84.132,34.8609],[-84.1329,34.8594],[-84.1339,34.8588],[-84.1342,34.8582],[-84.134,34.8569],[-84.1361,34.8569],[-84.1406,34.8539],[-84.1406,34.8492],[-84.1374,34.8493],[-84.1375,34.842],[-84.1463,34.842],[-84.1463,34.8397],[-84.1403,34.8379],[-84.1406,34.8369],[-84.1416,34.8369],[-84.1437,34.8362],[-84.1454,34.8361],[-84.1457,34.8359],[-84.1459,34.8343],[-84.1457,34.8269],[-84.1321,34.8267],[-84.1322,34.8203],[-84.1325,34.8203],[-84.1325,34.8133],[-84.1289,34.8134],[-84.1288,34.8089],[-84.1232,34.8108],[-84.1199,34.8108],[-84.1199,34.8135],[-84.1114,34.8135],[-84.1113,34.8108],[-84.1098,34.8103],[-84.1075,34.8102],[-84.107,34.8104],[-84.1066,34.8097],[-84.1058,34.809],[-84.1048,34.8071],[-84.1039,34.8062],[-84.1034,34.8062],[-84.1029,34.8089],[-84.1041,34.8099],[-84.1046,34.8109],[-84.102,34.8114],[-84.1019,34.8135],[-84.0929,34.8135],[-84.0929,34.8131],[-84.0923,34.8134],[-84.091,34.813],[-84.0909,34.8127],[-84.0678,34.8126],[-84.0684,34.815],[-84.0682,34.8158],[-84.069,34.8166],[-84.0691,34.8178],[-84.0696,34.8187],[-84.0696,34.8199],[-84.0699,34.8202],[-84.0649,34.8201],[-84.0637,34.8173],[-84.0632,34.8169],[-84.062,34.8166],[-84.0608,34.8157],[-84.0608,34.8149],[-84.0605,34.8142],[-84.0594,34.8135],[-84.0592,34.8126],[-84.0489,34.8125],[-84.0488,34.82],[-84.0311,34.8202],[-84.0312,34.8172],[-84.0306,34.8168],[-84.0285,34.8171],[-84.0275,34.8168],[-84.0268,34.8163],[-84.0283,34.8141],[-84.0281,34.8131],[-84.0289,34.8131],[-84.0291,34.8138],[-84.0293,34.8138],[-84.0302,34.8133],[-84.0303,34.8125],[-84.0312,34.8125],[-84.0313,34.8051],[-84.0235,34.8049],[-84.0223,34.8051],[-84.0224,34.8049],[-84.0177,34.8048],[-84.0166,34.8076],[-84.0176,34.8085],[-84.018,34.8094],[-84.0195,34.8098],[-84.0196,34.81],[-84.0197,34.8123],[-84.014,34.8122],[-84.0141,34.8048],[-84.0047,34.8047],[-84.005,34.8014],[-84.0053,34.7999],[-84.0049,34.798],[-84.0009,34.798],[-84.0013,34.7983],[-83.9999,34.801],[-83.9966,34.801],[-83.9965,34.8048],[-83.9879,34.8047],[-83.988,34.8124],[-83.9883,34.8124],[-83.9893,34.8137],[-83.9892,34.8144],[-83.9895,34.8147],[-83.9896,34.8163],[-83.9898,34.8165],[-83.988,34.8162],[-83.9849,34.8163],[-83.9854,34.8154],[-83.9858,34.8124],[-83.9834,34.8123],[-83.9822,34.8144],[-83.9815,34.8152],[-83.9792,34.8164],[-83.9782,34.8156],[-83.9802,34.8137],[-83.9808,34.8123],[-83.9752,34.8123],[-83.9756,34.8152],[-83.9746,34.8168],[-83.9697,34.8167],[-83.9696,34.8201],[-83.9613,34.8201],[-83.9614,34.8044],[-83.947,34.8044],[-83.9471,34.7971],[-83.9371,34.797],[-83.937,34.8043],[-83.9345,34.8043],[-83.9348,34.7914],[-83.9194,34.7912],[-83.9194,34.7907],[-83.918,34.7908],[-83.918,34.7886],[-83.9176,34.7879],[-83.9063,34.7878],[-83.9063,34.7872],[-83.9072,34.7849],[-83.907,34.784],[-83.9103,34.784],[-83.9104,34.781],[-83.9108,34.781],[-83.9109,34.7804],[-83.9104,34.7797],[-83.9104,34.7769],[-83.9113,34.775],[-83.9122,34.774],[-83.9125,34.7742],[-83.9138,34.7735],[-83.914,34.773],[-83.9138,34.7728],[-83.9149,34.7723],[-83.9164,34.7726],[-83.9169,34.7729],[-83.9224,34.7687],[-83.9238,34.7688],[-83.9242,34.7682],[-83.9243,34.7673],[-83.9247,34.7669],[-83.9254,34.7667],[-83.9265,34.7671],[-83.9301,34.7641],[-83.9342,34.7623],[-83.9292,34.7599],[-83.9293,34.757],[-83.9331,34.7556],[-83.933,34.754],[-83.9313,34.7541],[-83.9274,34.757],[-83.926,34.7587],[-83.9255,34.7615],[-83.9235,34.763],[-83.922,34.7643],[-83.9226,34.7632],[-83.9228,34.7621],[-83.9238,34.7615],[-83.9241,34.761],[-83.9244,34.7597],[-83.9242,34.7583],[-83.9245,34.7563],[-83.9255,34.7547],[-83.9252,34.7541],[-83.9238,34.7533],[-83.9232,34.7526],[-83.9237,34.7507],[-83.9236,34.7494],[-83.9199,34.7489],[-83.9193,34.7485],[-83.9201,34.7471],[-83.9195,34.7457],[-83.9204,34.7451],[-83.921,34.7443],[-83.9211,34.7421],[-83.9204,34.7403],[-83.9194,34.7391],[-83.9194,34.7376],[-83.9184,34.7352],[-83.9189,34.7347],[-83.9199,34.7347],[-83.9207,34.735],[-83.9207,34.7353],[-83.9217,34.736],[-83.9222,34.7357],[-83.9224,34.7329],[-83.9229,34.7329],[-83.923,34.7323],[-83.924,34.7317],[-83.9256,34.7317],[-83.927,34.7321],[-83.9273,34.7314],[-83.9223,34.7299],[-83.922,34.7306],[-83.9211,34.7304],[-83.9204,34.7307],[-83.9197,34.7322],[-83.9201,34.733],[-83.9207,34.7335],[-83.9208,34.734],[-83.9213,34.7345],[-83.9206,34.7346],[-83.9192,34.7342],[-83.9181,34.7347],[-83.9165,34.7348],[-83.9173,34.7352],[-83.9171,34.7358],[-83.918,34.7359],[-83.9188,34.7376],[-83.9189,34.7393],[-83.9203,34.7409],[-83.9208,34.7421],[-83.9206,34.7421],[-83.9205,34.7442],[-83.919,34.7456],[-83.9196,34.7471],[-83.9188,34.7482],[-83.9188,34.7486],[-83.9197,34.7493],[-83.9223,34.7497],[-83.9232,34.7496],[-83.9232,34.7498],[-83.9218,34.7517],[-83.918,34.7517],[-83.918,34.7503],[-83.915,34.7503],[-83.9142,34.7482],[-83.9133,34.7487],[-83.9121,34.7486],[-83.9128,34.7513],[-83.915,34.752],[-83.916,34.7533],[-83.9183,34.7544],[-83.9207,34.7543],[-83.9212,34.7548],[-83.925,34.7548],[-83.9243,34.7556],[-83.924,34.7562],[-83.9237,34.7583],[-83.9239,34.7597],[-83.9235,34.7611],[-83.9223,34.762],[-83.922,34.7634],[-83.9206,34.7656],[-83.9197,34.7663],[-83.9185,34.7667],[-83.9177,34.7672],[-83.9169,34.7683],[-83.9159,34.7689],[-83.9155,34.7702],[-83.9114,34.7703],[-83.9118,34.7705],[-83.9119,34.7709],[-83.9097,34.7709],[-83.9097,34.7703],[-83.9091,34.7703],[-83.9094,34.7627],[-83.9018,34.7626],[-83.9014,34.7704],[-83.9014,34.7767],[-83.8975,34.7771],[-83.8964,34.7776],[-83.8945,34.7789],[-83.8942,34.7798],[-83.8929,34.7811],[-83.8925,34.7812],[-83.8927,34.7734],[-83.8951,34.7724],[-83.8959,34.7713],[-83.8962,34.7702],[-83.8927,34.7701],[-83.8933,34.7567],[-83.8921,34.7563],[-83.8909,34.7563],[-83.8895,34.757],[-83.8888,34.7563],[-83.8849,34.7562],[-83.8848,34.7558],[-83.8852,34.7546],[-83.8859,34.7541],[-83.8873,34.7539],[-83.8881,34.7532],[-83.8882,34.7526],[-83.8879,34.7515],[-83.8883,34.7506],[-83.8874,34.7505],[-83.8869,34.7508],[-83.8858,34.7503],[-83.8839,34.7502],[-83.8839,34.7526],[-83.8811,34.7521],[-83.8803,34.7524],[-83.8791,34.7519],[-83.8787,34.7523],[-83.877,34.7524],[-83.8756,34.7532],[-83.8749,34.7546],[-83.8742,34.7549],[-83.8742,34.7555],[-83.8738,34.756],[-83.869,34.7571],[-83.8683,34.7564],[-83.8681,34.7552],[-83.866,34.7535],[-83.8659,34.7563],[-83.8626,34.7563],[-83.8624,34.7561],[-83.862,34.7563],[-83.8578,34.7563],[-83.8586,34.7567],[-83.8598,34.7575],[-83.8601,34.7595],[-83.8607,34.7609],[-83.861,34.763],[-83.8621,34.763],[-83.8622,34.7616],[-83.8627,34.7606],[-83.862,34.759],[-83.8633,34.7591],[-83.866,34.7601],[-83.8662,34.7697],[-83.8661,34.7751],[-83.8647,34.7755],[-83.8646,34.7764],[-83.863,34.7765],[-83.8628,34.7781],[-83.8619,34.7799],[-83.8578,34.7808],[-83.8565,34.7807],[-83.8564,34.7842],[-83.8544,34.7843],[-83.8537,34.7847],[-83.8532,34.7845],[-83.8522,34.7846],[-83.8509,34.7854],[-83.8509,34.7857],[-83.8487,34.7852],[-83.8487,34.7896],[-83.8479,34.7897],[-83.8458,34.791],[-83.8414,34.7911],[-83.8404,34.7903],[-83.8404,34.7894],[-83.8367,34.7876],[-83.8365,34.7876],[-83.8356,34.7884],[-83.8361,34.7908],[-83.8375,34.7909],[-83.8378,34.798],[-83.8404,34.798],[-83.8404,34.8014],[-83.8486,34.8014],[-83.8486,34.8031],[-83.8463,34.8026],[-83.8445,34.803],[-83.8432,34.8031],[-83.8433,34.8047],[-83.8462,34.8047],[-83.8462,34.805],[-83.8473,34.8052],[-83.8485,34.805],[-83.8486,34.8069],[-83.8476,34.8075],[-83.847,34.8076],[-83.8452,34.8071],[-83.845,34.8065],[-83.8447,34.8064],[-83.843,34.806],[-83.8423,34.8064],[-83.8404,34.8062],[-83.8403,34.8095],[-83.8378,34.8074],[-83.8373,34.8058],[-83.8359,34.8071],[-83.8326,34.8091],[-83.8314,34.8103],[-83.8314,34.8119],[-83.8403,34.8121],[-83.84,34.8193],[-83.8468,34.8193],[-83.8468,34.8205],[-83.8482,34.8205],[-83.848,34.8265],[-83.8481,34.8323],[-83.8493,34.833],[-83.8496,34.8342],[-83.8503,34.8344],[-83.8515,34.8341],[-83.852,34.8335],[-83.8531,34.833],[-83.8545,34.8311],[-83.8551,34.8309],[-83.8559,34.831],[-83.8559,34.8408],[-83.8604,34.8409],[-83.8604,34.8437],[-83.8618,34.8448],[-83.8628,34.8452],[-83.8648,34.8456],[-83.8648,34.848],[-83.8685,34.8481],[-83.8685,34.8553],[-83.8642,34.8554],[-83.8642,34.8572],[-83.8622,34.857],[-83.8601,34.8583],[-83.8599,34.859],[-83.8602,34.8594],[-83.8611,34.8597],[-83.8611,34.862],[-83.8614,34.8631],[-83.8613,34.8634],[-83.8603,34.8641],[-83.8589,34.8648],[-83.8595,34.8656],[-83.8602,34.8676],[-83.8597,34.8678],[-83.8594,34.8685],[-83.8607,34.8686],[-83.8641,34.8672],[-83.8642,34.8634],[-83.8732,34.8635],[-83.8733,34.8663],[-83.872,34.8678],[-83.8702,34.8694],[-83.8694,34.8709],[-83.8735,34.8709],[-83.8733,34.8772],[-83.8815,34.8771],[-83.8816,34.8734],[-83.8823,34.8739],[-83.8849,34.874],[-83.8854,34.8736],[-83.8853,34.871],[-83.8931,34.8709],[-83.8934,34.8633],[-83.9124,34.8631],[-83.9124,34.8663],[-83.9143,34.867],[-83.9145,34.8659],[-83.9158,34.8658],[-83.916,34.8664],[-83.9158,34.867],[-83.9152,34.8683],[-83.914,34.8675],[-83.9085,34.8693],[-83.9095,34.8704],[-83.9093,34.8709],[-83.918,34.8709],[-83.918,34.867],[-83.9202,34.8675],[-83.9252,34.8676],[-83.9252,34.8628],[-83.9342,34.8629],[-83.9342,34.862],[-83.9366,34.8618],[-83.9367,34.8629],[-83.9364,34.8633],[-83.9375,34.8652],[-83.9342,34.8652],[-83.9341,34.8788],[-83.9316,34.8788],[-83.9308,34.8801],[-83.9314,34.881],[-83.9313,34.8823],[-83.932,34.8824],[-83.932,34.882],[-83.934,34.8815],[-83.9342,34.8851],[-83.9214,34.8851],[-83.9207,34.8847],[-83.9201,34.8838],[-83.9185,34.8827],[-83.9183,34.8829],[-83.9183,34.8834],[-83.9173,34.8826],[-83.9159,34.8797],[-83.9159,34.8789],[-83.9108,34.8789],[-83.9108,34.8928],[-83.9078,34.8928],[-83.908,34.9025],[-83.9069,34.9019],[-83.9062,34.9019],[-83.9057,34.9024],[-83.9043,34.9019],[-83.904,34.9014],[-83.9014,34.9016],[-83.9005,34.9025],[-83.9005,34.9033],[-83.8993,34.9032],[-83.8988,34.9035],[-83.8987,34.9049],[-83.8954,34.9055],[-83.8953,34.9071],[-83.9004,34.9071],[-83.9003,34.9111],[-83.908,34.9067],[-83.9133,34.9048],[-83.9142,34.9057],[-83.9151,34.9075],[-83.9242,34.9076],[-83.9244,34.9053],[-83.925,34.9056],[-83.9252,34.9064],[-83.926,34.9068],[-83.9264,34.9077],[-83.9341,34.9078],[-83.9341,34.9023],[-83.9494,34.902],[-83.9494,34.9039],[-83.9516,34.9039],[-83.9516,34.9097],[-83.9607,34.9094],[-83.9607,34.9073],[-83.9614,34.9069],[-83.9614,34.9056],[-83.9627,34.9054],[-83.9622,34.9038],[-83.9652,34.9029],[-83.9664,34.9023],[-83.9663,34.9012],[-83.9656,34.9012],[-83.9643,34.8995],[-83.9656,34.9001],[-83.9684,34.9001],[-83.9688,34.8995],[-83.9692,34.8999],[-83.9693,34.8946],[-83.974,34.8945],[-83.9741,34.9018],[-83.9787,34.9018],[-83.9786,34.9106],[-83.9833,34.9097],[-83.9828,34.912],[-83.9838,34.9127],[-83.9835,34.9144],[-83.9873,34.9128],[-83.9879,34.9128],[-83.9879,34.9132],[-83.9899,34.9131],[-83.9905,34.9116],[-83.993,34.9117],[-83.9938,34.9121],[-83.994,34.9126],[-83.9943,34.9137],[-83.9936,34.9138],[-83.9935,34.9162],[-83.9879,34.9162],[-83.9879,34.9175],[-83.9863,34.918],[-83.9857,34.9194],[-83.9859,34.9232],[-83.9824,34.9233],[-83.9845,34.9264],[-83.9839,34.9279],[-83.984,34.9293],[-83.9836,34.93],[-83.9833,34.9316],[-83.9824,34.9321],[-83.9813,34.9308],[-83.9815,34.9233],[-83.9696,34.9233],[-83.9666,34.9243],[-83.9654,34.9241],[-83.9645,34.9244],[-83.9645,34.9234],[-83.9616,34.9223],[-83.9615,34.9208],[-83.962,34.9201],[-83.9615,34.9199],[-83.9614,34.9195],[-83.962,34.9186],[-83.9615,34.9173],[-83.9621,34.9163],[-83.9515,34.9166],[-83.9515,34.9169],[-83.95,34.9171],[-83.9488,34.918],[-83.9487,34.9235],[-83.9415,34.9235],[-83.9418,34.9245],[-83.9401,34.9247],[-83.9403,34.9263],[-83.9426,34.9272],[-83.9426,34.9286],[-83.9459,34.9268],[-83.9471,34.9272],[-83.9471,34.9309],[-83.9609,34.931],[-83.9609,34.9329],[-83.9573,34.9328],[-83.9558,34.933],[-83.9533,34.9323],[-83.9518,34.9331],[-83.9515,34.9332],[-83.9517,34.9384],[-83.9608,34.9382],[-83.9608,34.9421],[-83.9655,34.9415],[-83.9661,34.941],[-83.9674,34.9411],[-83.9698,34.9402],[-83.9697,34.9521],[-83.9715,34.9534],[-83.9715,34.954],[-83.9732,34.9553],[-83.9727,34.9564],[-83.9728,34.9579],[-83.974,34.9588],[-83.974,34.9593],[-83.9745,34.9603],[-83.977,34.9645],[-83.9748,34.9653],[-83.9732,34.964],[-83.9728,34.9632],[-83.9728,34.9622],[-83.9736,34.9597],[-83.9697,34.9596],[-83.9697,34.9538],[-83.9688,34.9545],[-83.9669,34.9552],[-83.966,34.9521],[-83.9649,34.953],[-83.9603,34.9532],[-83.9605,34.9522],[-83.9608,34.9522],[-83.9608,34.9511],[-83.9592,34.9519],[-83.9579,34.9549],[-83.9566,34.9591],[-83.9564,34.9607],[-83.9555,34.9618],[-83.9539,34.9599],[-83.9527,34.9599],[-83.9522,34.9569],[-83.9518,34.9569],[-83.9518,34.9523],[-83.9482,34.9523],[-83.9484,34.9528],[-83.948,34.9545],[-83.9471,34.9554],[-83.9466,34.9569],[-83.9449,34.9595],[-83.9345,34.9596],[-83.9344,34.9587],[-83.9324,34.96],[-83.9315,34.9601],[-83.931,34.9603],[-83.9306,34.9611],[-83.9298,34.9617],[-83.9255,34.9595],[-83.9254,34.9586],[-83.9165,34.9586],[-83.9174,34.9593],[-83.9187,34.9614],[-83.9171,34.965],[-83.9168,34.9654],[-83.9142,34.9659],[-83.9121,34.9641],[-83.9114,34.9642],[-83.912,34.9657],[-83.9119,34.9662],[-83.9126,34.9662],[-83.9133,34.9675],[-83.9126,34.9685],[-83.911,34.9699],[-83.9107,34.971],[-83.9108,34.9716],[-83.9105,34.9719],[-83.9106,34.9726],[-83.9099,34.9733],[-83.9102,34.9742],[-83.9101,34.9747],[-83.9097,34.9745],[-83.9091,34.9734],[-83.9078,34.9733],[-83.907,34.9744],[-83.9061,34.9772],[-83.9075,34.978],[-83.9046,34.9783],[-83.9038,34.9789],[-83.9033,34.9785],[-83.9011,34.9786],[-83.8949,34.9774],[-83.8951,34.9767],[-83.895,34.9745],[-83.8964,34.9732],[-83.8946,34.9731],[-83.8954,34.9726],[-83.8965,34.971],[-83.8967,34.9697],[-83.8981,34.9685],[-83.8988,34.9683],[-83.9006,34.9658],[-83.9004,34.9586],[-83.8926,34.9586],[-83.8925,34.952],[-83.8954,34.952],[-83.8935,34.9508],[-83.8924,34.9508],[-83.8925,34.9471],[-83.893,34.9471],[-83.9,34.9501],[-83.9002,34.9518],[-83.9009,34.9518],[-83.9018,34.9502],[-83.9028,34.9501],[-83.9042,34.9489],[-83.9044,34.948],[-83.9058,34.9458],[-83.9086,34.9439],[-83.8997,34.9439],[-83.8994,34.9369],[-83.917,34.9371],[-83.9168,34.9281],[-83.8993,34.9281],[-83.8992,34.924],[-83.8915,34.9247],[-83.8901,34.9245],[-83.8875,34.9236],[-83.8855,34.9237],[-83.8855,34.9217],[-83.8874,34.9207],[-83.8876,34.9201],[-83.8882,34.9194],[-83.8888,34.9193],[-83.8895,34.9197],[-83.8915,34.9198],[-83.891,34.9154],[-83.8906,34.9158],[-83.89,34.9157],[-83.8897,34.9153],[-83.8899,34.915],[-83.891,34.9151],[-83.8909,34.9049],[-83.89,34.9036],[-83.8909,34.9023],[-83.8907,34.8999],[-83.8907,34.8946],[-83.8819,34.8944],[-83.8825,34.9066],[-83.8783,34.9048],[-83.8783,34.904],[-83.8778,34.9038],[-83.8785,34.9031],[-83.8786,34.9026],[-83.8792,34.902],[-83.8793,34.9015],[-83.88,34.9009],[-83.88,34.9004],[-83.8794,34.9],[-83.8735,34.9],[-83.8734,34.8931],[-83.8753,34.8933],[-83.8752,34.8877],[-83.8683,34.8877],[-83.8655,34.8848],[-83.8561,34.8846],[-83.8482,34.8847],[-83.8483,34.893],[-83.8413,34.8931],[-83.8413,34.894],[-83.8405,34.8943],[-83.8404,34.8947],[-83.8328,34.8944],[-83.8328,34.8842],[-83.8226,34.8842],[-83.8226,34.8927],[-83.826,34.8927],[-83.8278,34.8934],[-83.8293,34.893],[-83.8312,34.8937],[-83.8313,34.8946],[-83.8318,34.895],[-83.8328,34.8951],[-83.8328,34.8992],[-83.8366,34.8993],[-83.8348,34.9065],[-83.8407,34.9066],[-83.8403,34.9213],[-83.8142,34.9207],[-83.8142,34.9239],[-83.8179,34.924],[-83.8179,34.9275],[-83.8165,34.9275],[-83.8163,34.9278],[-83.8156,34.9302],[-83.8149,34.9315],[-83.8153,34.9334],[-83.8163,34.9352],[-83.8163,34.9356],[-83.8223,34.9356],[-83.8223,34.9433],[-83.8245,34.9433],[-83.8248,34.9512],[-83.833,34.9511],[-83.8329,34.9607],[-83.8299,34.9607],[-83.8296,34.9592],[-83.8273,34.959],[-83.826,34.9585],[-83.8258,34.9582],[-83.8247,34.9582],[-83.8246,34.9657],[-83.8208,34.9657],[-83.8209,34.9582],[-83.806,34.9583],[-83.8061,34.9611],[-83.799,34.9611],[-83.799,34.9513],[-83.8033,34.9514],[-83.8029,34.9496],[-83.8025,34.9491],[-83.8073,34.9491],[-83.8071,34.9394],[-83.8027,34.9399],[-83.8007,34.9396],[-83.7988,34.9399],[-83.7989,34.9351],[-83.7945,34.935],[-83.7944,34.9275],[-83.7862,34.9274],[-83.7862,34.9263],[-83.79,34.9263],[-83.7901,34.9204],[-83.7808,34.9203],[-83.7809,34.9159],[-83.7799,34.9159],[-83.78,34.9151],[-83.7781,34.9151],[-83.7779,34.9151],[-83.7778,34.9228],[-83.764,34.9228],[-83.7641,34.9072],[-83.7722,34.9073],[-83.7722,34.9078],[-83.7809,34.9078],[-83.7812,34.8898],[-83.7769,34.8887],[-83.7808,34.8869],[-83.7787,34.884],[-83.7645,34.8839],[-83.7645,34.877],[-83.746,34.877],[-83.7364,34.87],[-83.7459,34.8701],[-83.7644,34.8698],[-83.7643,34.8584],[-83.7565,34.8584],[-83.7567,34.8628],[-83.7276,34.8629],[-83.7276,34.8616],[-83.7266,34.8614],[-83.73,34.8611],[-83.7317,34.8588],[-83.7303,34.8585],[-83.729,34.8586],[-83.7284,34.858],[-83.7277,34.8579],[-83.7274,34.8572],[-83.7265,34.8566],[-83.7257,34.8568],[-83.7258,34.8549],[-83.7297,34.8536],[-83.7304,34.8526],[-83.7295,34.8522],[-83.7282,34.8526],[-83.7259,34.8527],[-83.7251,34.8526],[-83.7249,34.8518],[-83.7255,34.8501],[-83.7263,34.8519],[-83.7298,34.8516],[-83.7307,34.8522],[-83.7377,34.8514],[-83.7378,34.856],[-83.7465,34.856],[-83.7465,34.849],[-83.7377,34.8491],[-83.7381,34.842],[-83.7379,34.8342],[-83.7435,34.8344],[-83.7443,34.8344],[-83.7442,34.8341],[-83.745,34.834],[-83.7448,34.8331],[-83.7414,34.8331],[-83.7418,34.8307],[-83.7425,34.8304],[-83.7426,34.8292],[-83.7438,34.8267],[-83.7436,34.8256],[-83.7417,34.8242],[-83.7393,34.8235],[-83.736,34.8258],[-83.7356,34.8263],[-83.7355,34.8274],[-83.7343,34.8283],[-83.733,34.8271],[-83.7321,34.827],[-83.7337,34.8247],[-83.7244,34.8229],[-83.7205,34.8237],[-83.7205,34.8343],[-83.7205,34.835],[-83.719,34.8357],[-83.7192,34.8381],[-83.7197,34.8395],[-83.7194,34.8399],[-83.7157,34.841],[-83.7117,34.8396],[-83.7116,34.8343],[-83.7021,34.8342],[-83.7019,34.8415],[-83.7049,34.8448],[-83.7111,34.8452],[-83.7117,34.8454],[-83.7126,34.8445],[-83.7149,34.8448],[-83.7148,34.8457],[-83.7092,34.8485],[-83.7085,34.8493],[-83.7105,34.85],[-83.7107,34.8506],[-83.7155,34.8559],[-83.7183,34.8584],[-83.72,34.8592],[-83.7207,34.8599],[-83.7204,34.8602],[-83.7145,34.8589],[-83.7124,34.857],[-83.7121,34.8564],[-83.7102,34.8548],[-83.709,34.8544],[-83.7086,34.854],[-83.7052,34.8536],[-83.7037,34.8539],[-83.7017,34.8532],[-83.7018,34.8559],[-83.7011,34.8559],[-83.7006,34.8594],[-83.701,34.8598],[-83.7012,34.8604],[-83.7004,34.8604],[-83.699,34.8598],[-83.6984,34.8601],[-83.6983,34.861],[-83.6958,34.8611],[-83.6958,34.8627],[-83.6985,34.8627],[-83.6985,34.8644],[-83.702,34.8643],[-83.7024,34.8664],[-83.7031,34.8676],[-83.7033,34.8697],[-83.709,34.8698],[-83.7094,34.877],[-83.7093,34.8805],[-83.7118,34.8823],[-83.7123,34.8828],[-83.7125,34.8838],[-83.7008,34.8835],[-83.7018,34.8848],[-83.7038,34.8861],[-83.7058,34.8879],[-83.7067,34.8889],[-83.7084,34.8901],[-83.7092,34.8916],[-83.7028,34.8915],[-83.7011,34.8909],[-83.7007,34.8905],[-83.6996,34.8908],[-83.6996,34.8915],[-83.7014,34.8919],[-83.7022,34.8935],[-83.7021,34.894],[-83.7027,34.8946],[-83.7031,34.8954],[-83.7029,34.8956],[-83.6996,34.8955],[-83.6996,34.899],[-83.7034,34.8989],[-83.7021,34.9004],[-83.7018,34.901],[-83.7021,34.9013],[-83.703,34.9016],[-83.7032,34.9011],[-83.7036,34.9009],[-83.7057,34.9012],[-83.7061,34.9004],[-83.706,34.8998],[-83.7067,34.8996],[-83.7065,34.9025],[-83.7071,34.9028],[-83.7082,34.9025],[-83.7085,34.9031],[-83.709,34.9031],[-83.7089,34.9068],[-83.7026,34.9069],[-83.7029,34.911],[-83.6962,34.9113],[-83.6954,34.9098],[-83.6919,34.907],[-83.6882,34.907],[-83.688,34.9075],[-83.6866,34.9079],[-83.6859,34.9086],[-83.6782,34.9086],[-83.6777,34.907],[-83.6729,34.9069],[-83.6726,34.9012],[-83.6685,34.9028],[-83.6686,34.904],[-83.6701,34.9054],[-83.6702,34.9066],[-83.6698,34.908],[-83.6706,34.909],[-83.6695,34.909],[-83.6694,34.9091],[-83.6687,34.9115],[-83.6673,34.9142],[-83.6729,34.9142],[-83.673,34.9179],[-83.6674,34.9157],[-83.666,34.916],[-83.6635,34.917],[-83.6608,34.9174],[-83.6597,34.9172],[-83.6572,34.9159],[-83.6546,34.9166],[-83.6546,34.9143],[-83.6482,34.9143],[-83.6482,34.9216],[-83.6453,34.9216],[-83.6453,34.9226],[-83.6444,34.9234],[-83.6397,34.9228],[-83.6384,34.9236],[-83.6377,34.9221],[-83.6368,34.9224],[-83.6356,34.9222],[-83.635,34.9223],[-83.6304,34.9205],[-83.6298,34.9217],[-83.6258,34.9217],[-83.6258,34.9207],[-83.6247,34.92],[-83.6246,34.9213],[-83.6234,34.9213],[-83.6237,34.9218],[-83.6227,34.9222],[-83.623,34.9251],[-83.6225,34.926],[-83.6217,34.9258],[-83.6209,34.9259],[-83.6206,34.9254],[-83.6199,34.9266],[-83.6202,34.9271],[-83.6187,34.9288],[-83.6157,34.9289],[-83.6225,34.9318],[-83.6244,34.9318],[-83.6244,34.9362],[-83.6311,34.9363],[-83.6302,34.9381],[-83.6296,34.9386],[-83.6288,34.9386],[-83.6275,34.9403],[-83.6241,34.9404],[-83.6224,34.9408],[-83.6212,34.942],[-83.622,34.9433],[-83.61,34.9434],[-83.61,34.9473],[-83.6113,34.9486],[-83.6112,34.9501],[-83.6099,34.9512],[-83.6086,34.9513],[-83.608,34.9523],[-83.6074,34.9519],[-83.6019,34.9534],[-83.6025,34.9538],[-83.6033,34.9548],[-83.6032,34.9563],[-83.6034,34.9592],[-83.601,34.9591],[-83.6006,34.9595],[-83.6008,34.969],[-83.61,34.969],[-83.6099,34.9656],[-83.616,34.9657],[-83.616,34.962],[-83.6248,34.9621],[-83.6248,34.964],[-83.6288,34.964],[-83.6283,34.9657],[-83.6321,34.9658],[-83.6319,34.9586],[-83.6391,34.9586],[-83.6392,34.9659],[-83.6448,34.9658],[-83.6449,34.9586],[-83.6431,34.9553],[-83.6442,34.9551],[-83.6453,34.9545],[-83.6455,34.9541],[-83.6455,34.953],[-83.6469,34.9528],[-83.6464,34.952],[-83.6458,34.9517],[-83.6458,34.9513],[-83.6514,34.9513],[-83.654,34.9459],[-83.6535,34.9446],[-83.6537,34.9441],[-83.6543,34.9439],[-83.6568,34.9439],[-83.6566,34.9462],[-83.6592,34.9463],[-83.659,34.9512],[-83.6635,34.9511],[-83.6636,34.9553],[-83.6671,34.9542],[-83.6721,34.9587],[-83.6824,34.9586],[-83.6822,34.9439],[-83.6793,34.9437],[-83.6793,34.9434],[-83.6795,34.9399],[-83.6822,34.9412],[-83.682,34.9295],[-83.6842,34.9294],[-83.69,34.9356],[-83.6918,34.9366],[-83.6918,34.936],[-83.6923,34.9358],[-83.6925,34.9351],[-83.6934,34.9351],[-83.6931,34.9347],[-83.6937,34.934],[-83.6945,34.9349],[-83.6955,34.9353],[-83.6975,34.9352],[-83.6975,34.9342],[-83.6954,34.931],[-83.6952,34.9293],[-83.7015,34.9292],[-83.7027,34.9324],[-83.703,34.9363],[-83.7007,34.9363],[-83.7024,34.9383],[-83.7024,34.9401],[-83.7056,34.94],[-83.7059,34.9403],[-83.7038,34.9413],[-83.7029,34.9421],[-83.7013,34.9423],[-83.7,34.9431],[-83.7047,34.9445],[-83.7038,34.9456],[-83.7035,34.9467],[-83.705,34.9452],[-83.7061,34.9473],[-83.7056,34.9483],[-83.7094,34.9482],[-83.7094,34.9444],[-83.7126,34.9443],[-83.714,34.9466],[-83.7162,34.9461],[-83.7171,34.9437],[-83.7187,34.9436],[-83.719,34.9509],[-83.7281,34.951],[-83.7281,34.9534],[-83.7297,34.954],[-83.7304,34.9539],[-83.7329,34.9545],[-83.7331,34.9549],[-83.7365,34.9552],[-83.7364,34.9586],[-83.7281,34.9586],[-83.7281,34.9656],[-83.719,34.9657],[-83.7187,34.9661],[-83.7184,34.9668],[-83.7188,34.9675],[-83.7182,34.9682],[-83.7185,34.9691],[-83.7183,34.9693],[-83.7189,34.971],[-83.7144,34.9708],[-83.7131,34.9702],[-83.7116,34.969],[-83.7108,34.9688],[-83.7097,34.9682],[-83.7098,34.9733],[-83.6999,34.9733],[-83.6999,34.984],[-83.699,34.9842],[-83.6979,34.9838],[-83.697,34.984],[-83.6964,34.9837],[-83.696,34.984],[-83.6957,34.9839],[-83.6957,34.9872],[-83.62,34.9867],[-83.6201,34.992],[-83.568,34.9924],[-83.567,34.9912],[-83.566,34.9886],[-83.5646,34.9873],[-83.5642,34.9871],[-83.5629,34.9878],[-83.562,34.9887],[-83.5591,34.9885],[-83.5591,34.9878],[-83.5583,34.9878],[-83.558,34.9873],[-83.5585,34.9861],[-83.5552,34.9855],[-83.5545,34.9869],[-83.5542,34.9869],[-83.5543,34.9904],[-83.5546,34.9907],[-83.5544,34.9909],[-83.5544,34.9923],[-83.4999,34.9929],[-83.4586,34.9936],[-83.4581,34.9838],[-83.4619,34.9837],[-83.4624,34.975],[-83.4653,34.9748],[-83.4653,34.9729],[-83.4469,34.973],[-83.4468,34.9748],[-83.4429,34.9747],[-83.4438,34.9728],[-83.4421,34.9678],[-83.4384,34.9672],[-83.4379,34.9663],[-83.4155,34.9663],[-83.4156,34.9606],[-83.4153,34.9602],[-83.4153,34.959],[-83.415,34.958],[-83.414,34.9572],[-83.4157,34.9571],[-83.4155,34.9479],[-83.4417,34.9479],[-83.442,34.9468],[-83.4415,34.9448],[-83.4422,34.9442],[-83.4425,34.9423],[-83.4422,34.9412],[-83.4412,34.9399],[-83.441,34.9389],[-83.4413,34.9386],[-83.4423,34.9385],[-83.4423,34.9391],[-83.4432,34.939],[-83.4435,34.9396],[-83.4456,34.9396],[-83.4467,34.9401],[-83.4469,34.9401],[-83.4469,34.9387],[-83.4559,34.9389],[-83.4563,34.9363],[-83.4578,34.9332],[-83.4584,34.9335],[-83.4591,34.9332],[-83.4618,34.9305],[-83.4608,34.9303],[-83.4594,34.9293],[-83.4568,34.9293],[-83.4566,34.9194],[-83.4657,34.9203],[-83.4658,34.9183],[-83.4728,34.9183],[-83.4737,34.9174],[-83.474,34.9164],[-83.4737,34.916],[-83.4741,34.9148],[-83.4738,34.9129],[-83.4741,34.9115],[-83.4739,34.9106],[-83.4735,34.9101],[-83.4734,34.9094],[-83.4728,34.9086],[-83.473,34.908],[-83.4736,34.9078],[-83.4742,34.9064],[-83.4738,34.9054],[-83.4675,34.9053],[-83.4668,34.9047],[-83.4659,34.905],[-83.4659,34.8998],[-83.4676,34.8986],[-83.4697,34.8985],[-83.4705,34.8989],[-83.4717,34.9002],[-83.4721,34.9002],[-83.4723,34.8996],[-83.4738,34.9007],[-83.4753,34.9008],[-83.4766,34.8998],[-83.4779,34.8975],[-83.4784,34.8971],[-83.4786,34.896],[-83.4782,34.8958],[-83.4781,34.8949],[-83.4755,34.894],[-83.4754,34.8937],[-83.4816,34.8938],[-83.4816,34.8893],[-83.4835,34.8884],[-83.485,34.8868],[-83.4848,34.8861],[-83.4816,34.887],[-83.4817,34.8809],[-83.4807,34.8813],[-83.4804,34.8827],[-83.4798,34.8834],[-83.4798,34.8842],[-83.4791,34.8846],[-83.4788,34.8854],[-83.4781,34.8856],[-83.4751,34.8902],[-83.4761,34.8903],[-83.4755,34.8911],[-83.4741,34.8903],[-83.4722,34.8933],[-83.4685,34.8935],[-83.4702,34.891],[-83.4676,34.8893],[-83.4663,34.8901],[-83.4663,34.8862],[-83.4607,34.8864],[-83.4557,34.8873],[-83.4558,34.8918],[-83.4551,34.8919],[-83.4533,34.8895],[-83.4528,34.8894],[-83.4516,34.8901],[-83.4494,34.8902],[-83.4492,34.8894],[-83.4485,34.8892],[-83.4482,34.8885],[-83.4478,34.889],[-83.4466,34.8885],[-83.4456,34.8894],[-83.4439,34.8889],[-83.4417,34.8869],[-83.447,34.8867],[-83.4465,34.8778],[-83.4617,34.8776],[-83.4607,34.8762],[-83.4632,34.8736],[-83.4664,34.873],[-83.4664,34.8733],[-83.4698,34.876],[-83.4711,34.8757],[-83.4713,34.8754],[-83.4714,34.8744],[-83.4721,34.8741],[-83.472,34.8733],[-83.4724,34.8728],[-83.4713,34.8713],[-83.4712,34.8708],[-83.4727,34.8699],[-83.474,34.8698],[-83.475,34.8688],[-83.4922,34.8688],[-83.4919,34.8673],[-83.4924,34.8665],[-83.4951,34.8666],[-83.4953,34.8688],[-83.4993,34.8687],[-83.499,34.8684],[-83.5009,34.8663],[-83.5003,34.8643],[-83.5,34.864],[-83.5035,34.863],[-83.503,34.8623],[-83.5028,34.8605],[-83.5025,34.8599],[-83.5019,34.8594],[-83.5018,34.8587],[-83.5005,34.8597],[-83.4964,34.8606],[-83.4962,34.86],[-83.4967,34.8588],[-83.4954,34.8592],[-83.4953,34.8614],[-83.494,34.8618],[-83.4931,34.8615],[-83.4912,34.8617],[-83.4908,34.8555],[-83.4874,34.8556],[-83.4867,34.8562],[-83.4863,34.8575],[-83.4864,34.8581],[-83.4853,34.8593],[-83.4848,34.8608],[-83.4833,34.8607],[-83.482,34.8611],[-83.4796,34.8606],[-83.4795,34.8641],[-83.4761,34.8653],[-83.4722,34.8661],[-83.4706,34.8676],[-83.4689,34.8682],[-83.468,34.8689],[-83.4583,34.8689],[-83.458,34.8681],[-83.4581,34.8672],[-83.4569,34.8661],[-83.4583,34.8652],[-83.4588,34.8645],[-83.4606,34.8648],[-83.4616,34.8643],[-83.4638,34.8644],[-83.4641,34.8631],[-83.4648,34.8635],[-83.4662,34.8634],[-83.467,34.8631],[-83.4703,34.864],[-83.4726,34.8618],[-83.4742,34.8623],[-83.4761,34.8619],[-83.4766,34.8602],[-83.477,34.8602],[-83.4771,34.8599],[-83.4759,34.8587],[-83.4758,34.8577],[-83.4747,34.8577],[-83.4736,34.8566],[-83.4728,34.8555],[-83.4729,34.8546],[-83.4743,34.854],[-83.4745,34.8544],[-83.4749,34.8546],[-83.4747,34.8554],[-83.4753,34.8559],[-83.4848,34.8548],[-83.4846,34.8534],[-83.485,34.8526],[-83.485,34.8523],[-83.4836,34.851],[-83.4816,34.8504],[-83.4815,34.8497],[-83.4849,34.8487],[-83.4885,34.8489],[-83.489,34.8485],[-83.4898,34.8487],[-83.4913,34.8482],[-83.4928,34.8463],[-83.4934,34.8448],[-83.4946,34.8431],[-83.4948,34.84],[-83.4932,34.8397],[-83.4919,34.8402],[-83.4901,34.8399],[-83.4897,34.8396],[-83.488,34.84],[-83.4855,34.8411],[-83.4853,34.8417],[-83.4848,34.8421],[-83.4833,34.8423],[-83.4823,34.8421],[-83.4806,34.8394],[-83.4811,34.8394],[-83.4827,34.8382],[-83.4818,34.8369],[-83.4822,34.8363],[-83.4818,34.8356],[-83.4799,34.8352],[-83.4796,34.8347],[-83.4796,34.8363],[-83.4746,34.837],[-83.474,34.8363],[-83.4741,34.8361],[-83.4718,34.835],[-83.4697,34.8353],[-83.469,34.8377],[-83.4708,34.8384],[-83.4635,34.8446],[-83.449,34.8446],[-83.449,34.8402],[-83.4502,34.8402],[-83.4501,34.8356],[-83.449,34.8356],[-83.4489,34.8304],[-83.4419,34.8304],[-83.4424,34.8297],[-83.442,34.8289],[-83.4424,34.8279],[-83.4419,34.8274],[-83.4391,34.8282],[-83.4369,34.8256],[-83.4362,34.8253],[-83.4358,34.8241],[-83.4352,34.8247],[-83.4338,34.8246],[-83.4338,34.8182],[-83.4277,34.8182],[-83.4296,34.8165],[-83.4299,34.8159],[-83.4299,34.8149],[-83.4293,34.8133],[-83.4293,34.8125],[-83.431,34.811],[-83.4318,34.8099],[-83.4322,34.8097],[-83.4375,34.8106],[-83.4375,34.8115],[-83.439,34.8119],[-83.4382,34.8079],[-83.4372,34.8072],[-83.4371,34.8059],[-83.4348,34.8061],[-83.4347,34.8055],[-83.449,34.8056],[-83.449,34.7971],[-83.4527,34.7964],[-83.4528,34.7961],[-83.4543,34.7957],[-83.4563,34.7955],[-83.4578,34.7957],[-83.4597,34.7955],[-83.4602,34.7961],[-83.4607,34.7957],[-83.4638,34.7962],[-83.464,34.7929],[-83.449,34.7933],[-83.4492,34.7682],[-83.4711,34.7681],[-83.4709,34.7678],[-83.4715,34.7656],[-83.4689,34.7637],[-83.4683,34.7616],[-83.4692,34.7605],[-83.4694,34.7592],[-83.4684,34.7586],[-83.469,34.7577],[-83.4691,34.7568],[-83.4688,34.7559],[-83.4708,34.7551],[-83.472,34.7552],[-83.4721,34.7546],[-83.4741,34.7527],[-83.4758,34.7517],[-83.4768,34.753],[-83.4782,34.754],[-83.4781,34.7547],[-83.4788,34.7545],[-83.4788,34.7547],[-83.4796,34.7546],[-83.4802,34.7549],[-83.4806,34.7545],[-83.4815,34.7548],[-83.4817,34.7566],[-83.4827,34.7576],[-83.4827,34.7581],[-83.4836,34.7605],[-83.4861,34.7599],[-83.4887,34.76],[-83.4878,34.7582],[-83.4879,34.7573],[-83.4947,34.7565],[-83.4963,34.7574],[-83.496,34.7683],[-83.508,34.7686],[-83.5097,34.7689],[-83.5098,34.7693],[-83.5108,34.7703],[-83.5105,34.7924],[-83.5133,34.7916],[-83.5134,34.8068],[-83.5049,34.8135],[-83.5041,34.813],[-83.5033,34.8131],[-83.5023,34.8138],[-83.5011,34.814],[-83.5004,34.8163],[-83.4973,34.8178],[-83.4963,34.8174],[-83.4953,34.8164],[-83.4944,34.8162],[-83.493,34.8177],[-83.4938,34.8182],[-83.495,34.8177],[-83.4954,34.8178],[-83.4954,34.819],[-83.4893,34.819],[-83.4873,34.8277],[-83.4926,34.8277],[-83.4936,34.8307],[-83.5068,34.8307],[-83.5068,34.8282],[-83.5059,34.828],[-83.5055,34.8273],[-83.5055,34.8268],[-83.5061,34.8265],[-83.5058,34.8258],[-83.5061,34.8256],[-83.5062,34.8245],[-83.5064,34.8243],[-83.5063,34.8234],[-83.5065,34.823],[-83.5063,34.8226],[-83.5089,34.8212],[-83.5107,34.8217],[-83.5103,34.8353],[-83.509,34.8375],[-83.5094,34.8377],[-83.51,34.8366],[-83.5112,34.836],[-83.5135,34.8362],[-83.5144,34.836],[-83.5157,34.8362],[-83.5163,34.8357],[-83.5175,34.8339],[-83.5184,34.8339],[-83.5173,34.8352],[-83.5174,34.8373],[-83.5199,34.8372],[-83.5208,34.8373],[-83.5218,34.8407],[-83.5226,34.8414],[-83.5234,34.8432],[-83.524,34.8435],[-83.5209,34.8435],[-83.5209,34.8438],[-83.5213,34.8447],[-83.5217,34.8449],[-83.5226,34.8447],[-83.5227,34.8455],[-83.5233,34.8462],[-83.5238,34.8483],[-83.5224,34.8493],[-83.5212,34.8507],[-83.5198,34.8513],[-83.5197,34.8518],[-83.5187,34.8528],[-83.5177,34.8529],[-83.5134,34.8551],[-83.5108,34.8552],[-83.5098,34.8554],[-83.5098,34.8558],[-83.5082,34.8558],[-83.508,34.8588],[-83.5081,34.8592],[-83.5097,34.8593],[-83.5105,34.8601],[-83.5097,34.861],[-83.5101,34.8611],[-83.5115,34.8609],[-83.5111,34.8602],[-83.5118,34.8599],[-83.5138,34.8606],[-83.5154,34.8593],[-83.5157,34.8601],[-83.5174,34.8607],[-83.519,34.862],[-83.5188,34.8627],[-83.5194,34.8638],[-83.5185,34.8654],[-83.5186,34.8647],[-83.5171,34.8655],[-83.5143,34.8654],[-83.5129,34.8688],[-83.511,34.8689],[-83.511,34.8695],[-83.5098,34.8692],[-83.5083,34.8702],[-83.5076,34.8702],[-83.5059,34.8717],[-83.5056,34.8739],[-83.5048,34.8741],[-83.5047,34.8746],[-83.5031,34.8773],[-83.5031,34.8786],[-83.5019,34.8793],[-83.5016,34.8798],[-83.5017,34.8804],[-83.5007,34.8816],[-83.5114,34.8816],[-83.5115,34.8767],[-83.5175,34.8779],[-83.5182,34.8783],[-83.5182,34.8778],[-83.5188,34.877],[-83.5187,34.8767],[-83.5202,34.8758],[-83.5208,34.8757],[-83.521,34.8754],[-83.5205,34.8744],[-83.5195,34.8738],[-83.5197,34.8729],[-83.5196,34.8687],[-83.5345,34.8687],[-83.5311,34.8704],[-83.5291,34.8734],[-83.5306,34.8745],[-83.5314,34.8747],[-83.5316,34.8751],[-83.5335,34.8821],[-83.5334,34.8828],[-83.5325,34.884],[-83.5344,34.8852],[-83.5327,34.888],[-83.5298,34.89],[-83.5289,34.8893],[-83.5291,34.8886],[-83.5264,34.887],[-83.5234,34.8876],[-83.5248,34.8878],[-83.5252,34.8881],[-83.5256,34.8891],[-83.525,34.8889],[-83.5244,34.889],[-83.5224,34.8902],[-83.5212,34.8888],[-83.5166,34.8871],[-83.516,34.8903],[-83.5171,34.8907],[-83.5176,34.8913],[-83.5184,34.8912],[-83.5199,34.8918],[-83.5187,34.8925],[-83.5166,34.8913],[-83.5121,34.8879],[-83.511,34.8874],[-83.5082,34.8878],[-83.5083,34.892],[-83.5095,34.8937],[-83.5057,34.8937],[-83.5068,34.895],[-83.507,34.8954],[-83.5068,34.896],[-83.504,34.8966],[-83.5035,34.8992],[-83.5074,34.9001],[-83.5087,34.9009],[-83.5075,34.9024],[-83.5071,34.9028],[-83.5062,34.9018],[-83.5055,34.9028],[-83.502,34.9035],[-83.4997,34.9034],[-83.4993,34.9036],[-83.4985,34.9051],[-83.4986,34.9056],[-83.4869,34.9055],[-83.4868,34.9065],[-83.4874,34.9065],[-83.488,34.9071],[-83.4873,34.9086],[-83.4833,34.9101],[-83.4862,34.9123],[-83.4865,34.9133],[-83.4882,34.9138],[-83.4878,34.915],[-83.4869,34.9155],[-83.4862,34.9165],[-83.4861,34.9177],[-83.4846,34.9171],[-83.4842,34.9157],[-83.4832,34.9147],[-83.4832,34.914],[-83.4824,34.914],[-83.4815,34.9136],[-83.4814,34.9183],[-83.481,34.9183],[-83.4806,34.9171],[-83.4795,34.9169],[-83.4781,34.9183],[-83.4749,34.9183],[-83.4754,34.9199],[-83.4777,34.9243],[-83.4763,34.9251],[-83.472,34.9211],[-83.4719,34.9214],[-83.4723,34.9222],[-83.47,34.9222],[-83.4715,34.9235],[-83.4657,34.9266],[-83.4657,34.9295],[-83.4675,34.9293],[-83.4699,34.9284],[-83.4704,34.9285],[-83.4716,34.928],[-83.473,34.9274],[-83.4744,34.9271],[-83.4739,34.9279],[-83.471,34.9303],[-83.4704,34.931],[-83.4704,34.9313],[-83.475,34.9314],[-83.4739,34.9325],[-83.4746,34.9328],[-83.4745,34.9331],[-83.4755,34.9331],[-83.479,34.9314],[-83.479,34.9281],[-83.4815,34.9273],[-83.4815,34.9315],[-83.4841,34.9315],[-83.4843,34.9303],[-83.4856,34.9292],[-83.4895,34.9275],[-83.4909,34.9262],[-83.4927,34.9283],[-83.4944,34.9312],[-83.4942,34.9319],[-83.4955,34.9322],[-83.4957,34.9325],[-83.4952,34.9327],[-83.4945,34.9336],[-83.4933,34.9331],[-83.4924,34.9339],[-83.4933,34.9347],[-83.4911,34.9344],[-83.4899,34.9352],[-83.4898,34.9361],[-83.4887,34.936],[-83.4875,34.9363],[-83.4869,34.9362],[-83.4858,34.9366],[-83.4854,34.9375],[-83.4855,34.9379],[-83.4854,34.939],[-83.4883,34.9391],[-83.4886,34.9393],[-83.4899,34.9429],[-83.4898,34.944],[-83.4928,34.9441],[-83.4928,34.9449],[-83.4943,34.9443],[-83.4946,34.9476],[-83.4999,34.948],[-83.5017,34.9459],[-83.5013,34.945],[-83.4995,34.9427],[-83.4995,34.9423],[-83.5002,34.9415],[-83.5003,34.9397],[-83.4999,34.9386],[-83.4986,34.937],[-83.4984,34.9362],[-83.4999,34.936],[-83.5004,34.9363],[-83.5014,34.9373],[-83.5016,34.9383],[-83.5026,34.9385],[-83.5031,34.939],[-83.5041,34.9389],[-83.5041,34.9375],[-83.5058,34.9364],[-83.5056,34.9362],[-83.506,34.9356],[-83.5066,34.9361],[-83.5088,34.9344],[-83.509,34.934],[-83.5085,34.9332],[-83.5085,34.9327],[-83.5092,34.9319],[-83.5162,34.9317],[-83.5179,34.9349],[-83.5168,34.9362],[-83.517,34.9367],[-83.5168,34.9373],[-83.5169,34.9378],[-83.5163,34.939],[-83.5124,34.9385],[-83.5124,34.9389],[-83.5135,34.9412],[-83.5123,34.9407],[-83.5113,34.9408],[-83.5111,34.9406],[-83.5114,34.9405],[-83.5111,34.9394],[-83.5104,34.9387],[-83.5107,34.9377],[-83.5111,34.9373],[-83.511,34.9364],[-83.5103,34.9363],[-83.5093,34.9359],[-83.5084,34.9359],[-83.5077,34.9363],[-83.5073,34.9369],[-83.5072,34.9385],[-83.5082,34.9394],[-83.5083,34.9401],[-83.507,34.9411],[-83.5068,34.942],[-83.5061,34.9427],[-83.5062,34.944],[-83.5333,34.9448],[-83.5331,34.9435],[-83.5337,34.9432],[-83.533,34.9419],[-83.5326,34.9389],[-83.5318,34.9387],[-83.5307,34.9378],[-83.5306,34.9355],[-83.5299,34.9339],[-83.5277,34.9326],[-83.5267,34.9324],[-83.5264,34.9319]]],[[[-83.5555,34.9823],[-83.5548,34.983],[-83.5556,34.9836],[-83.5561,34.9826],[-83.5555,34.9823]]],[[[-83.4894,34.9711],[-83.4903,34.9716],[-83.4917,34.9702],[-83.492,34.9704],[-83.4925,34.9696],[-83.4921,34.9693],[-83.4922,34.969],[-83.4911,34.9685],[-83.4894,34.9711]]],[[[-83.5556,34.9822],[-83.5564,34.9817],[-83.5572,34.9803],[-83.5577,34.9786],[-83.5587,34.9787],[-83.5612,34.9801],[-83.5613,34.977],[-83.5592,34.9759],[-83.5593,34.9754],[-83.5588,34.9752],[-83.5587,34.974],[-83.5581,34.9733],[-83.5588,34.9734],[-83.5604,34.9706],[-83.5601,34.9695],[-83.5604,34.9688],[-83.5599,34.9679],[-83.5603,34.9667],[-83.5598,34.9663],[-83.5599,34.9657],[-83.5594,34.9649],[-83.5593,34.9641],[-83.5588,34.9636],[-83.5581,34.9646],[-83.5561,34.9632],[-83.5551,34.9632],[-83.5541,34.9625],[-83.5528,34.9626],[-83.5523,34.9627],[-83.5525,34.9642],[-83.5519,34.9645],[-83.552,34.9654],[-83.5527,34.9654],[-83.5529,34.9668],[-83.5527,34.9678],[-83.5537,34.969],[-83.5536,34.9702],[-83.5534,34.9704],[-83.5509,34.9693],[-83.5483,34.9697],[-83.5489,34.9812],[-83.5547,34.9814],[-83.555,34.9819],[-83.5556,34.9822]]],[[[-83.5859,34.9603],[-83.5862,34.9603],[-83.5863,34.9595],[-83.586,34.9595],[-83.5859,34.9603]]],[[[-83.5087,34.9601],[-83.5074,34.9622],[-83.5069,34.9636],[-83.5067,34.9685],[-83.5071,34.9688],[-83.5094,34.9658],[-83.5097,34.9644],[-83.5101,34.9637],[-83.5097,34.9627],[-83.5101,34.9605],[-83.5098,34.9595],[-83.5091,34.9594],[-83.5087,34.9601]]],[[[-83.5186,34.9481],[-83.5182,34.9484],[-83.5178,34.9504],[-83.5162,34.9507],[-83.5156,34.9516],[-83.5159,34.9538],[-83.5155,34.9545],[-83.5176,34.9545],[-83.5221,34.9482],[-83.523,34.9475],[-83.5228,34.9463],[-83.5212,34.9457],[-83.5199,34.9465],[-83.5201,34.9472],[-83.5199,34.9477],[-83.5186,34.9481]]],[[[-83.9171,34.9389],[-83.9171,34.944],[-83.921,34.944],[-83.9208,34.9372],[-83.917,34.9371],[-83.9171,34.9389]]],[[[-83.8033,34.9351],[-83.8031,34.9316],[-83.7989,34.9314],[-83.7989,34.9351],[-83.8033,34.9351]]],[[[-83.6088,34.9276],[-83.6084,34.9287],[-83.6086,34.9302],[-83.6093,34.9303],[-83.6105,34.9287],[-83.6097,34.9279],[-83.6102,34.9257],[-83.6105,34.9254],[-83.6105,34.9248],[-83.6096,34.9249],[-83.6088,34.9276]]],[[[-83.6069,34.9202],[-83.6068,34.9207],[-83.61,34.9224],[-83.6107,34.9224],[-83.6105,34.9195],[-83.6069,34.9195],[-83.6069,34.9202]]],[[[-83.579,34.9317],[-83.5793,34.9322],[-83.5788,34.9327],[-83.5789,34.9335],[-83.5783,34.9337],[-83.5785,34.9342],[-83.5779,34.9362],[-83.5781,34.937],[-83.5792,34.9381],[-83.5805,34.9404],[-83.5812,34.941],[-83.5818,34.9406],[-83.5813,34.9395],[-83.5818,34.9378],[-83.58,34.9367],[-83.5794,34.9356],[-83.5803,34.9326],[-83.5801,34.9315],[-83.5838,34.9316],[-83.5846,34.9304],[-83.5818,34.9286],[-83.585,34.9284],[-83.5863,34.9276],[-83.5866,34.9279],[-83.5874,34.9279],[-83.5875,34.9193],[-83.5792,34.9192],[-83.5787,34.919],[-83.5784,34.9186],[-83.5779,34.9186],[-83.5781,34.9174],[-83.5777,34.9172],[-83.578,34.9153],[-83.5763,34.9148],[-83.5725,34.9124],[-83.5723,34.9146],[-83.5692,34.9143],[-83.5683,34.9151],[-83.5686,34.917],[-83.5697,34.9192],[-83.5762,34.9191],[-83.5765,34.9212],[-83.5768,34.9213],[-83.5773,34.9223],[-83.577,34.9234],[-83.5771,34.9252],[-83.5768,34.9256],[-83.577,34.9259],[-83.5764,34.9264],[-83.5763,34.9268],[-83.5769,34.9274],[-83.5768,34.9278],[-83.5773,34.928],[-83.5778,34.9296],[-83.5786,34.9306],[-83.5776,34.9308],[-83.5773,34.9305],[-83.5759,34.9302],[-83.5752,34.9306],[-83.575,34.9314],[-83.5788,34.9314],[-83.579,34.9317]]],[[[-83.8325,34.9103],[-83.8266,34.9111],[-83.8253,34.9122],[-83.824,34.9127],[-83.824,34.9142],[-83.8328,34.9143],[-83.8328,34.9102],[-83.8325,34.9103]]],[[[-83.5566,34.9098],[-83.5569,34.9159],[-83.5597,34.9166],[-83.5593,34.9141],[-83.5597,34.9138],[-83.5593,34.9132],[-83.5588,34.9106],[-83.559,34.9098],[-83.5586,34.9094],[-83.5584,34.9088],[-83.5576,34.9091],[-83.5568,34.909],[-83.5566,34.9098]]],[[[-83.4948,34.8999],[-83.4949,34.9014],[-83.4965,34.9017],[-83.4993,34.9015],[-83.4984,34.8999],[-83.4968,34.8992],[-83.4956,34.8955],[-83.4949,34.8949],[-83.4948,34.8999]]],[[[-83.8809,34.8851],[-83.8805,34.8851],[-83.8802,34.8865],[-83.8795,34.8871],[-83.8796,34.8882],[-83.8788,34.8888],[-83.8783,34.8906],[-83.8789,34.8914],[-83.8789,34.8932],[-83.8819,34.8932],[-83.8815,34.8851],[-83.8809,34.8851]]],[[[-83.5656,34.8899],[-83.566,34.89],[-83.5661,34.8887],[-83.5639,34.8839],[-83.5612,34.8839],[-83.5609,34.8849],[-83.5597,34.8852],[-83.5592,34.8856],[-83.5589,34.8862],[-83.5596,34.8877],[-83.5608,34.8884],[-83.5619,34.8883],[-83.5623,34.8889],[-83.5633,34.8893],[-83.5638,34.889],[-83.5643,34.8896],[-83.5655,34.8896],[-83.5656,34.8899]]],[[[-83.8755,34.8834],[-83.875,34.8851],[-83.8765,34.8851],[-83.8772,34.8836],[-83.8768,34.8833],[-83.8771,34.8826],[-83.8757,34.8825],[-83.8755,34.8834]]],[[[-83.8815,34.8851],[-83.8876,34.8851],[-83.8876,34.8821],[-83.8854,34.882],[-83.8844,34.8816],[-83.8829,34.8818],[-83.8819,34.8823],[-83.8815,34.8823],[-83.8815,34.8851]]],[[[-83.465,34.8647],[-83.465,34.8647],[-83.465,34.8647],[-83.465,34.8647]]],[[[-84.2678,34.8527],[-84.2676,34.8525],[-84.2676,34.8531],[-84.269,34.8534],[-84.2678,34.8527]]],[[[-84.1528,34.8504],[-84.1522,34.8511],[-84.1505,34.8549],[-84.1528,34.8551],[-84.155,34.8543],[-84.155,34.8526],[-84.1556,34.8525],[-84.1556,34.8512],[-84.155,34.8499],[-84.1528,34.8504]]],[[[-83.5103,34.8379],[-83.5102,34.8394],[-83.5128,34.8394],[-83.5128,34.8379],[-83.5103,34.8379]]],[[[-83.7724,34.8387],[-83.7731,34.8392],[-83.7734,34.8404],[-83.7744,34.8422],[-83.7741,34.8434],[-83.7744,34.8439],[-83.7761,34.845],[-83.7782,34.8436],[-83.7764,34.8421],[-83.7745,34.8398],[-83.776,34.8387],[-83.7774,34.8384],[-83.778,34.8385],[-83.7783,34.8383],[-83.7779,34.8378],[-83.7769,34.8374],[-83.7763,34.8367],[-83.7756,34.8369],[-83.7753,34.8377],[-83.7746,34.8383],[-83.7732,34.8386],[-83.7725,34.8378],[-83.7722,34.8379],[-83.771,34.8368],[-83.7708,34.8371],[-83.7701,34.837],[-83.769,34.8377],[-83.7715,34.8379],[-83.7724,34.8387]]],[[[-84.2425,34.8201],[-84.2429,34.8202],[-84.2432,34.8196],[-84.2428,34.8196],[-84.2425,34.8201]]],[[[-84.2464,34.8192],[-84.2456,34.8198],[-84.2456,34.82],[-84.2458,34.82],[-84.248,34.8192],[-84.2502,34.8193],[-84.2479,34.8184],[-84.2464,34.8192]]],[[[-84.2521,34.8128],[-84.2517,34.8141],[-84.2524,34.8147],[-84.2521,34.8151],[-84.2536,34.8156],[-84.2536,34.8132],[-84.2521,34.8128]]],[[[-84.249,34.8137],[-84.2511,34.8137],[-84.2516,34.8129],[-84.2512,34.8122],[-84.2515,34.8119],[-84.2508,34.8112],[-84.2499,34.812],[-84.2484,34.8128],[-84.2483,34.8132],[-84.249,34.8137]]],[[[-84.1443,34.806],[-84.1443,34.8062],[-84.1457,34.8062],[-84.1457,34.8055],[-84.1443,34.806]]],[[[-84.2442,34.7988],[-84.2451,34.7996],[-84.246,34.7995],[-84.2458,34.7989],[-84.245,34.7985],[-84.2442,34.7988]]],[[[-84.0403,34.7984],[-84.0495,34.7984],[-84.0394,34.7983],[-84.0403,34.7984]]],[[[-83.627,34.781],[-83.6271,34.7812],[-83.6268,34.7817],[-83.625,34.7823],[-83.6271,34.7836],[-83.6265,34.7849],[-83.6295,34.783],[-83.6272,34.7809],[-83.627,34.781]]],[[[-83.6872,34.7759],[-83.6872,34.7765],[-83.6873,34.7763],[-83.6872,34.7759]]],[[[-83.7186,34.7787],[-83.7197,34.7788],[-83.7201,34.7791],[-83.7232,34.7782],[-83.7233,34.7741],[-83.7095,34.7738],[-83.7103,34.7742],[-83.7102,34.7753],[-83.7108,34.7753],[-83.7114,34.7756],[-83.7113,34.7764],[-83.7118,34.7775],[-83.714,34.7777],[-83.715,34.7783],[-83.7169,34.7788],[-83.7186,34.7787]]],[[[-83.7513,34.7758],[-83.7523,34.776],[-83.7548,34.7769],[-83.7546,34.7617],[-83.7531,34.7619],[-83.753,34.7611],[-83.7525,34.7608],[-83.7512,34.7612],[-83.75,34.761],[-83.7483,34.7612],[-83.7493,34.763],[-83.7481,34.7634],[-83.7477,34.7648],[-83.7495,34.7652],[-83.749,34.767],[-83.7481,34.7683],[-83.744,34.7716],[-83.7488,34.7718],[-83.7489,34.7758],[-83.7501,34.7756],[-83.7513,34.7758]]],[[[-84.1971,34.7597],[-84.1977,34.7599],[-84.198,34.7593],[-84.1973,34.7591],[-84.1971,34.7597]]],[[[-84.0847,34.7559],[-84.0847,34.7589],[-84.0883,34.7596],[-84.0893,34.7577],[-84.0891,34.7564],[-84.0891,34.7541],[-84.0875,34.7541],[-84.0863,34.7548],[-84.0848,34.7547],[-84.0847,34.7559]]],[[[-83.6455,34.7539],[-83.6455,34.7539],[-83.6438,34.7531],[-83.6455,34.7539]]],[[[-83.9721,34.7519],[-83.9733,34.7525],[-83.9739,34.7536],[-83.9747,34.7538],[-83.975,34.7527],[-83.9758,34.7522],[-83.9735,34.7518],[-83.9728,34.7511],[-83.9721,34.7519]]],[[[-83.7237,34.7561],[-83.7236,34.7586],[-83.7242,34.7572],[-83.7248,34.7541],[-83.7287,34.7542],[-83.7305,34.7556],[-83.7383,34.7557],[-83.7384,34.753],[-83.731,34.7529],[-83.7311,34.7495],[-83.7295,34.7494],[-83.7294,34.7488],[-83.7302,34.7483],[-83.7303,34.7477],[-83.7238,34.7485],[-83.7237,34.7561]]],[[[-83.7494,34.7483],[-83.7499,34.7483],[-83.7499,34.7474],[-83.7494,34.7474],[-83.7494,34.7483]]],[[[-83.881,34.7463],[-83.8815,34.7478],[-83.8822,34.7476],[-83.8817,34.7461],[-83.881,34.7463]]],[[[-83.9734,34.7439],[-83.9734,34.7453],[-83.9741,34.7461],[-83.9747,34.7458],[-83.9741,34.7451],[-83.9739,34.7446],[-83.9743,34.743],[-83.9739,34.7428],[-83.9734,34.7439]]],[[[-84.1315,34.7436],[-84.1325,34.7445],[-84.1331,34.7431],[-84.1319,34.7428],[-84.1315,34.7436]]],[[[-84.1458,34.7711],[-84.1547,34.7711],[-84.1546,34.7692],[-84.1569,34.7687],[-84.1583,34.7677],[-84.1601,34.7684],[-84.1634,34.7673],[-84.1634,34.7667],[-84.1624,34.7671],[-84.1614,34.7668],[-84.1617,34.7661],[-84.1602,34.7642],[-84.1606,34.7635],[-84.1553,34.7635],[-84.1547,34.7581],[-84.1548,34.7552],[-84.1568,34.7555],[-84.1575,34.7552],[-84.1595,34.7522],[-84.1604,34.7502],[-84.1596,34.7497],[-84.1583,34.7503],[-84.1565,34.7526],[-84.1547,34.7523],[-84.1548,34.7428],[-84.1516,34.7428],[-84.151,34.7421],[-84.1495,34.7414],[-84.1484,34.7405],[-84.1473,34.7401],[-84.1463,34.7409],[-84.1449,34.7408],[-84.1442,34.7411],[-84.1422,34.7427],[-84.1373,34.7427],[-84.1373,34.7451],[-84.1388,34.7453],[-84.1399,34.746],[-84.1405,34.7473],[-84.1403,34.7483],[-84.1373,34.7483],[-84.1373,34.7569],[-84.137,34.7569],[-84.1371,34.7642],[-84.1458,34.7642],[-84.1458,34.7711]]],[[[-84.1286,34.7392],[-84.1326,34.739],[-84.1326,34.738],[-84.1329,34.738],[-84.1329,34.7372],[-84.1333,34.737],[-84.1334,34.7344],[-84.1324,34.7356],[-84.1324,34.7366],[-84.1287,34.7366],[-84.1286,34.7392]]],[[[-84.0369,34.7471],[-84.0377,34.7473],[-84.0388,34.747],[-84.0402,34.7471],[-84.0437,34.7458],[-84.0442,34.7459],[-84.0448,34.7451],[-84.0452,34.7452],[-84.0469,34.746],[-84.0497,34.7458],[-84.0504,34.7454],[-84.0507,34.7446],[-84.0543,34.7445],[-84.0552,34.7442],[-84.0572,34.7427],[-84.0608,34.7419],[-84.0604,34.7408],[-84.0602,34.7405],[-84.0605,34.7394],[-84.0613,34.7388],[-84.0644,34.7384],[-84.0672,34.7388],[-84.0663,34.7373],[-84.0705,34.735],[-84.0699,34.734],[-84.068,34.7344],[-84.0673,34.735],[-84.0666,34.7348],[-84.0642,34.7352],[-84.0615,34.7347],[-84.0603,34.7362],[-84.0597,34.7356],[-84.0572,34.7345],[-84.0559,34.7348],[-84.0547,34.7352],[-84.0529,34.7369],[-84.0547,34.7385],[-84.0524,34.7401],[-84.0509,34.74],[-84.051,34.7383],[-84.0494,34.7379],[-84.049,34.7388],[-84.0493,34.7396],[-84.0481,34.7405],[-84.0481,34.7409],[-84.0456,34.7418],[-84.0454,34.7414],[-84.0417,34.7413],[-84.0394,34.7434],[-84.0378,34.7434],[-84.0365,34.7438],[-84.0359,34.7437],[-84.0364,34.7462],[-84.0369,34.7471]]],[[[-84.0198,34.7342],[-84.0199,34.735],[-84.0206,34.7351],[-84.021,34.7364],[-84.0222,34.737],[-84.0222,34.7382],[-84.0227,34.7383],[-84.0249,34.7364],[-84.0262,34.7349],[-84.0262,34.7343],[-84.0255,34.7343],[-84.0255,34.7334],[-84.0234,34.7334],[-84.0235,34.7325],[-84.0192,34.7325],[-84.0198,34.7342]]],[[[-83.9629,34.7231],[-83.9588,34.7231],[-83.9588,34.7267],[-83.961,34.7267],[-83.9616,34.725],[-83.9632,34.7243],[-83.9631,34.7231],[-83.9629,34.7231]]],[[[-84.0304,34.7199],[-84.0304,34.7217],[-84.0315,34.7212],[-84.0316,34.7206],[-84.0321,34.72],[-84.0304,34.7199]]],[[[-83.9797,34.736],[-83.9797,34.7409],[-83.9882,34.7411],[-83.9883,34.7338],[-83.9802,34.7333],[-83.9801,34.7302],[-83.9814,34.7303],[-83.9815,34.7266],[-83.9901,34.7267],[-83.9901,34.7195],[-83.9905,34.7194],[-83.9815,34.7192],[-83.9808,34.7187],[-83.9803,34.7169],[-83.9799,34.717],[-83.9792,34.7178],[-83.979,34.7167],[-83.9784,34.7164],[-83.9769,34.7177],[-83.9768,34.7194],[-83.9754,34.7195],[-83.9743,34.7204],[-83.9741,34.7211],[-83.975,34.7213],[-83.9749,34.7215],[-83.9736,34.7232],[-83.9748,34.7232],[-83.9756,34.7247],[-83.9756,34.7254],[-83.9722,34.7249],[-83.9722,34.7268],[-83.9787,34.7269],[-83.9782,34.7276],[-83.9775,34.7311],[-83.9766,34.7325],[-83.9765,34.7335],[-83.9798,34.7335],[-83.9797,34.736]]],[[[-84.1569,34.7149],[-84.1567,34.7151],[-84.1583,34.7151],[-84.1579,34.7144],[-84.158,34.7148],[-84.1573,34.7149],[-84.1572,34.7143],[-84.1578,34.7142],[-84.1572,34.7142],[-84.1569,34.7149]]],[[[-84.0303,34.7116],[-84.0303,34.7127],[-84.0316,34.7126],[-84.0317,34.7114],[-84.0303,34.7116]]],[[[-84.0304,34.7173],[-84.0347,34.7174],[-84.0347,34.716],[-84.0303,34.7159],[-84.0303,34.7164],[-84.0282,34.7164],[-84.0282,34.7128],[-84.0277,34.7127],[-84.0273,34.7117],[-84.0266,34.7114],[-84.0264,34.711],[-84.0269,34.7093],[-84.0229,34.7092],[-84.0229,34.7109],[-84.0226,34.7106],[-84.0224,34.7094],[-84.0188,34.7107],[-84.0177,34.7105],[-84.0149,34.7094],[-84.0133,34.7103],[-84.0133,34.7113],[-84.0142,34.7121],[-84.0172,34.7133],[-84.0197,34.7138],[-84.0206,34.7147],[-84.0216,34.7151],[-84.0219,34.7161],[-84.0267,34.7161],[-84.0278,34.7171],[-84.0282,34.7179],[-84.0278,34.7193],[-84.0272,34.7198],[-84.0304,34.7199],[-84.0304,34.7173]]],[[[-84.2463,34.6972],[-84.2463,34.6978],[-84.2471,34.6978],[-84.2471,34.6972],[-84.2463,34.6972]]],[[[-84.2171,34.6963],[-84.2169,34.6965],[-84.2174,34.6968],[-84.2176,34.6973],[-84.2173,34.6975],[-84.2171,34.6986],[-84.2181,34.6987],[-84.218,34.6968],[-84.2171,34.6963]]],[[[-83.9226,34.6942],[-83.9208,34.6942],[-83.9208,34.6981],[-83.9253,34.6981],[-83.9252,34.6942],[-83.9226,34.6942]]],[[[-83.9515,34.694],[-83.9519,34.6949],[-83.9535,34.695],[-83.9536,34.694],[-83.9529,34.694],[-83.953,34.6935],[-83.9516,34.6934],[-83.9515,34.694]]],[[[-84.0488,34.6932],[-84.0466,34.6949],[-84.049,34.6949],[-84.0491,34.693],[-84.0488,34.6932]]],[[[-83.9982,34.6869],[-83.9989,34.6897],[-84.0001,34.6897],[-84.0004,34.6882],[-84.0003,34.6864],[-83.9981,34.6863],[-83.9982,34.6869]]],[[[-84.0387,34.6836],[-84.0399,34.6836],[-84.04,34.6798],[-84.0357,34.6797],[-84.0356,34.6804],[-84.0353,34.6806],[-84.0356,34.681],[-84.0356,34.6824],[-84.0362,34.6827],[-84.037,34.6836],[-84.0387,34.6836]]],[[[-83.9403,34.6779],[-83.9403,34.6784],[-83.9414,34.6784],[-83.9414,34.6779],[-83.9403,34.6779]]],[[[-83.9944,34.7158],[-83.9939,34.7158],[-83.9912,34.719],[-83.9906,34.7193],[-83.9964,34.7197],[-83.999,34.7178],[-83.999,34.7162],[-83.9997,34.7129],[-84.0086,34.7128],[-84.009,34.7058],[-84.0173,34.7058],[-84.0218,34.7055],[-84.0219,34.6985],[-84.0263,34.6985],[-84.0264,34.6948],[-84.031,34.6949],[-84.031,34.6913],[-84.0267,34.6913],[-84.0267,34.6834],[-84.0221,34.6834],[-84.0222,34.6771],[-84.0163,34.6759],[-84.0151,34.6759],[-84.0145,34.6745],[-84.0142,34.6743],[-84.0136,34.6745],[-84.0136,34.6739],[-84.0133,34.6744],[-84.0124,34.6744],[-84.0121,34.6747],[-84.0106,34.6745],[-84.0107,34.6776],[-84.0096,34.6776],[-84.0096,34.6787],[-84.0127,34.6787],[-84.0127,34.6795],[-84.0091,34.6796],[-84.0089,34.6831],[-84.0051,34.6832],[-84.0046,34.6906],[-84.0046,34.6943],[-84.0088,34.6944],[-84.0087,34.698],[-84.0045,34.698],[-84.0045,34.7015],[-84.0001,34.7014],[-83.9998,34.7034],[-83.991,34.7034],[-83.9904,34.7053],[-83.9861,34.7052],[-83.9858,34.7086],[-83.9946,34.7087],[-83.9944,34.7158]]],[[[-84.0923,34.76],[-84.0925,34.7633],[-84.0992,34.7635],[-84.0983,34.7641],[-84.0985,34.7645],[-84.0984,34.7659],[-84.1103,34.7658],[-84.1104,34.7594],[-84.1144,34.759],[-84.114,34.7581],[-84.1142,34.7572],[-84.1197,34.7571],[-84.1195,34.7529],[-84.1206,34.7521],[-84.1205,34.7518],[-84.1222,34.7483],[-84.1285,34.7484],[-84.1284,34.7442],[-84.1286,34.7441],[-84.1286,34.7433],[-84.1284,34.7433],[-84.1284,34.7428],[-84.127,34.7421],[-84.1264,34.7421],[-84.1264,34.7429],[-84.1259,34.743],[-84.1256,34.7423],[-84.1249,34.7417],[-84.1232,34.7407],[-84.1231,34.7403],[-84.1236,34.7395],[-84.1239,34.7384],[-84.125,34.7383],[-84.1247,34.738],[-84.1236,34.7372],[-84.1221,34.7367],[-84.1169,34.7365],[-84.1146,34.7337],[-84.1141,34.7306],[-84.1129,34.7301],[-84.1117,34.7306],[-84.109,34.7313],[-84.1087,34.7298],[-84.1073,34.7282],[-84.1015,34.7282],[-84.0988,34.7277],[-84.0989,34.7304],[-84.0994,34.7315],[-84.0979,34.7322],[-84.0949,34.7326],[-84.0922,34.7338],[-84.0915,34.7336],[-84.0912,34.7337],[-84.0901,34.7353],[-84.0889,34.7363],[-84.0888,34.7375],[-84.0889,34.7395],[-84.0884,34.7402],[-84.0872,34.7402],[-84.086,34.7397],[-84.0843,34.7371],[-84.0827,34.7363],[-84.083,34.7356],[-84.0831,34.7343],[-84.0826,34.7334],[-84.0826,34.7329],[-84.0832,34.7326],[-84.0831,34.7318],[-84.0834,34.7317],[-84.0834,34.7313],[-84.0833,34.7307],[-84.0843,34.7308],[-84.0854,34.7289],[-84.0859,34.7291],[-84.0866,34.7301],[-84.0868,34.7305],[-84.0867,34.7314],[-84.0872,34.732],[-84.0893,34.7317],[-84.0902,34.7311],[-84.091,34.73],[-84.091,34.7294],[-84.0927,34.7279],[-84.0926,34.724],[-84.0968,34.724],[-84.1015,34.7244],[-84.1015,34.7246],[-84.105,34.7237],[-84.1049,34.7225],[-84.1039,34.7219],[-84.1036,34.7219],[-84.1032,34.7228],[-84.1015,34.7225],[-84.1019,34.7208],[-84.1012,34.7209],[-84.1015,34.7191],[-84.1008,34.7189],[-84.1001,34.7191],[-84.1,34.7188],[-84.0971,34.7187],[-84.0972,34.7206],[-84.0838,34.7202],[-84.0841,34.7167],[-84.0841,34.7094],[-84.0844,34.7058],[-84.0889,34.7057],[-84.089,34.6948],[-84.0933,34.6948],[-84.0933,34.6911],[-84.0826,34.6911],[-84.0805,34.6926],[-84.0806,34.6873],[-84.085,34.6874],[-84.0853,34.682],[-84.0808,34.6819],[-84.0809,34.6801],[-84.0787,34.6801],[-84.0788,34.6764],[-84.0854,34.6764],[-84.0855,34.673],[-84.0813,34.6725],[-84.0813,34.6715],[-84.0786,34.6715],[-84.0774,34.6709],[-84.0776,34.6725],[-84.0745,34.6725],[-84.0743,34.6799],[-84.0721,34.6798],[-84.0721,34.6764],[-84.0688,34.6764],[-84.0687,34.6795],[-84.0664,34.6798],[-84.0638,34.6785],[-84.0636,34.6775],[-84.0627,34.6776],[-84.0627,34.6763],[-84.0604,34.6763],[-84.0604,34.6726],[-84.0582,34.6726],[-84.0581,34.6764],[-84.0592,34.6763],[-84.061,34.6773],[-84.062,34.6779],[-84.0629,34.6791],[-84.0627,34.6872],[-84.067,34.6872],[-84.0684,34.6853],[-84.0686,34.6845],[-84.0694,34.6839],[-84.0704,34.6842],[-84.0706,34.6835],[-84.0718,34.6836],[-84.0718,34.6874],[-84.0703,34.6874],[-84.0688,34.6884],[-84.0687,34.689],[-84.0681,34.6889],[-84.0681,34.6895],[-84.067,34.6896],[-84.0672,34.6936],[-84.067,34.6942],[-84.0673,34.6945],[-84.0674,34.6972],[-84.0627,34.6972],[-84.0627,34.6944],[-84.0537,34.6943],[-84.0535,34.7006],[-84.0489,34.6986],[-84.0488,34.7017],[-84.0441,34.7017],[-84.044,34.7123],[-84.0445,34.7128],[-84.0459,34.7128],[-84.0465,34.7133],[-84.047,34.7129],[-84.0485,34.713],[-84.0486,34.7091],[-84.0528,34.7092],[-84.0527,34.71],[-84.057,34.7101],[-84.0572,34.7164],[-84.0527,34.7165],[-84.0528,34.7203],[-84.0549,34.7203],[-84.055,34.724],[-84.0483,34.724],[-84.0483,34.7273],[-84.0415,34.7272],[-84.0417,34.7287],[-84.0425,34.7304],[-84.0441,34.731],[-84.0443,34.7317],[-84.0438,34.7331],[-84.0457,34.7336],[-84.0459,34.7344],[-84.051,34.7344],[-84.0511,34.729],[-84.0532,34.729],[-84.0543,34.7292],[-84.056,34.7304],[-84.0565,34.7304],[-84.058,34.7295],[-84.0599,34.7298],[-84.0605,34.7297],[-84.0618,34.7285],[-84.0648,34.7288],[-84.0652,34.7313],[-84.0659,34.7316],[-84.0672,34.7313],[-84.0686,34.7304],[-84.0696,34.73],[-84.0698,34.7275],[-84.0706,34.7275],[-84.0707,34.724],[-84.0797,34.7241],[-84.0796,34.7278],[-84.0765,34.7276],[-84.0764,34.7312],[-84.0751,34.7328],[-84.0739,34.7332],[-84.0737,34.7339],[-84.0722,34.7355],[-84.071,34.7359],[-84.07,34.7366],[-84.0698,34.7374],[-84.068,34.7389],[-84.0682,34.7394],[-84.0694,34.7387],[-84.0702,34.7393],[-84.0716,34.7394],[-84.0734,34.7403],[-84.0735,34.7419],[-84.0817,34.7419],[-84.0814,34.7413],[-84.0814,34.7403],[-84.081,34.7397],[-84.081,34.739],[-84.0837,34.7388],[-84.0835,34.7398],[-84.0837,34.741],[-84.0835,34.741],[-84.0839,34.7419],[-84.0855,34.7419],[-84.0855,34.7433],[-84.0873,34.7441],[-84.0895,34.7438],[-84.0914,34.7427],[-84.0931,34.7429],[-84.0932,34.7367],[-84.1022,34.7366],[-84.1022,34.7385],[-84.1026,34.7385],[-84.103,34.7366],[-84.1112,34.7366],[-84.1112,34.7482],[-84.1004,34.7483],[-84.1013,34.751],[-84.1013,34.754],[-84.0992,34.7536],[-84.0974,34.7542],[-84.0924,34.7549],[-84.0921,34.7561],[-84.0893,34.7563],[-84.0904,34.7575],[-84.0903,34.7584],[-84.089,34.7598],[-84.0882,34.7604],[-84.0923,34.7598],[-84.0923,34.76]]],[[[-83.93,34.66],[-83.93,34.6626],[-83.9344,34.6626],[-83.9344,34.6591],[-83.93,34.659],[-83.93,34.66]]],[[[-84.0813,34.6707],[-84.0856,34.6712],[-84.0856,34.6694],[-84.0899,34.6695],[-84.09,34.6656],[-84.1027,34.6659],[-84.1021,34.662],[-84.1022,34.6584],[-84.0983,34.6584],[-84.0983,34.6621],[-84.0901,34.662],[-84.0902,34.6581],[-84.086,34.6581],[-84.0858,34.6653],[-84.0813,34.6653],[-84.0813,34.6707]]],[[[-84.0327,34.6687],[-84.0358,34.6709],[-84.0359,34.6685],[-84.036,34.6683],[-84.0366,34.6685],[-84.0371,34.6677],[-84.0365,34.6674],[-84.0385,34.6662],[-84.0396,34.6665],[-84.0406,34.666],[-84.0406,34.6647],[-84.0463,34.6648],[-84.0466,34.6575],[-84.0344,34.6572],[-84.0348,34.6583],[-84.0337,34.6597],[-84.0347,34.6608],[-84.0342,34.6628],[-84.0341,34.6648],[-84.0311,34.6649],[-84.031,34.6686],[-84.0325,34.6685],[-84.0327,34.6687]]],[[[-84.0316,34.6568],[-84.0316,34.6573],[-84.0331,34.6573],[-84.0332,34.6561],[-84.0316,34.6561],[-84.0316,34.6568]]],[[[-84.0851,34.6458],[-84.0851,34.6473],[-84.0939,34.6475],[-84.0939,34.644],[-84.0852,34.644],[-84.0851,34.6458]]],[[[-83.9701,34.6437],[-83.97,34.6455],[-83.9708,34.6452],[-83.9713,34.6446],[-83.9723,34.6444],[-83.9731,34.6448],[-83.973,34.6441],[-83.9734,34.6432],[-83.9701,34.6432],[-83.9701,34.6437]]],[[[-84.2367,34.652],[-84.2456,34.6521],[-84.2456,34.6432],[-84.2428,34.6448],[-84.2415,34.6458],[-84.242,34.6471],[-84.2417,34.6481],[-84.2406,34.6492],[-84.2368,34.6492],[-84.2367,34.652]]],[[[-84.1105,34.6441],[-84.1122,34.644],[-84.1123,34.6436],[-84.1128,34.6437],[-84.1153,34.6416],[-84.1154,34.641],[-84.1105,34.641],[-84.1101,34.6414],[-84.11,34.6419],[-84.1095,34.642],[-84.1095,34.6423],[-84.11,34.6424],[-84.1105,34.6441]]],[[[-84.1035,34.632],[-84.1047,34.6338],[-84.1053,34.6356],[-84.1106,34.6345],[-84.1062,34.6202],[-84.1023,34.6217],[-84.103,34.6239],[-84.1037,34.624],[-84.1033,34.6254],[-84.1027,34.6261],[-84.0993,34.6253],[-84.0959,34.6273],[-84.0951,34.6298],[-84.0973,34.6319],[-84.1007,34.6319],[-84.1005,34.6304],[-84.1009,34.6303],[-84.1015,34.6307],[-84.1017,34.6297],[-84.1019,34.6297],[-84.1035,34.632]]],[[[-84.0805,34.639],[-84.0805,34.6403],[-84.0851,34.6404],[-84.0852,34.6331],[-84.0897,34.6331],[-84.0899,34.6257],[-84.094,34.6256],[-84.0943,34.6218],[-84.0854,34.6217],[-84.0853,34.62],[-84.0846,34.6215],[-84.0808,34.6211],[-84.0809,34.6214],[-84.0845,34.6219],[-84.0808,34.6264],[-84.0808,34.6296],[-84.0824,34.6296],[-84.0824,34.6332],[-84.0808,34.6332],[-84.0808,34.6341],[-84.0763,34.6341],[-84.0764,34.6368],[-84.0784,34.6368],[-84.0784,34.6388],[-84.0805,34.6388],[-84.0805,34.639]]],[[[-84.0707,34.6343],[-84.0717,34.6355],[-84.0717,34.6331],[-84.0743,34.6331],[-84.0743,34.6296],[-84.0764,34.6296],[-84.0764,34.6256],[-84.0719,34.6255],[-84.0718,34.623],[-84.0725,34.6226],[-84.0724,34.6225],[-84.0734,34.6221],[-84.0749,34.6208],[-84.074,34.6197],[-84.0739,34.6176],[-84.0718,34.6201],[-84.0718,34.6215],[-84.0697,34.6215],[-84.0694,34.6234],[-84.0673,34.6254],[-84.0673,34.629],[-84.0585,34.6288],[-84.0586,34.6325],[-84.0698,34.6331],[-84.0707,34.6343]]],[[[-84.0977,34.6161],[-84.0973,34.6172],[-84.0991,34.6179],[-84.0997,34.618],[-84.1003,34.6176],[-84.1,34.6172],[-84.1,34.6163],[-84.1006,34.6159],[-84.0997,34.6154],[-84.0998,34.6143],[-84.0991,34.6142],[-84.0987,34.6156],[-84.0977,34.6161]]],[[[-84.022,34.6072],[-84.0227,34.6091],[-84.0233,34.609],[-84.0226,34.6071],[-84.022,34.6072]]],[[[-84.0944,34.6043],[-84.0944,34.6069],[-84.0992,34.6069],[-84.0991,34.6033],[-84.0944,34.6032],[-84.0944,34.6043]]],[[[-84.1462,34.6007],[-84.1472,34.6006],[-84.1482,34.6001],[-84.1489,34.6002],[-84.1496,34.5985],[-84.149,34.5982],[-84.1482,34.5982],[-84.1482,34.5967],[-84.1484,34.5963],[-84.1456,34.5963],[-84.1455,34.5989],[-84.1452,34.599],[-84.1451,34.5996],[-84.1455,34.5996],[-84.1454,34.6004],[-84.1462,34.6007]]],[[[-84.0931,34.5982],[-84.0936,34.5985],[-84.0944,34.5982],[-84.0945,34.5959],[-84.0913,34.5959],[-84.0918,34.5974],[-84.0931,34.5982]]],[[[-84.2239,34.5927],[-84.2233,34.5927],[-84.2233,34.593],[-84.2219,34.5931],[-84.222,34.5936],[-84.224,34.5936],[-84.2239,34.5927]]],[[[-84.081,34.6111],[-84.0809,34.618],[-84.0854,34.618],[-84.0854,34.6104],[-84.0899,34.6104],[-84.09,34.6068],[-84.0897,34.6066],[-84.0872,34.6052],[-84.0868,34.6058],[-84.0866,34.6068],[-84.0854,34.6068],[-84.0854,34.5987],[-84.0862,34.5989],[-84.0863,34.5988],[-84.0854,34.5984],[-84.0854,34.5958],[-84.0867,34.5959],[-84.0866,34.5921],[-84.0812,34.592],[-84.0808,34.5931],[-84.0794,34.5928],[-84.0778,34.5933],[-84.0775,34.5931],[-84.0774,34.592],[-84.0736,34.5919],[-84.0735,34.5955],[-84.0681,34.5956],[-84.068,34.5991],[-84.0726,34.5991],[-84.0725,34.6007],[-84.0694,34.6018],[-84.0689,34.6016],[-84.0678,34.6027],[-84.064,34.6026],[-84.064,34.602],[-84.0633,34.602],[-84.0634,34.5991],[-84.0501,34.5988],[-84.0501,34.6096],[-84.0549,34.6098],[-84.0555,34.6093],[-84.0558,34.6098],[-84.0631,34.61],[-84.0632,34.6109],[-84.0638,34.6106],[-84.0655,34.6107],[-84.0659,34.6098],[-84.0683,34.6113],[-84.0687,34.6118],[-84.0699,34.6127],[-84.0708,34.6126],[-84.0721,34.6129],[-84.0722,34.6102],[-84.0728,34.608],[-84.0741,34.6065],[-84.081,34.6067],[-84.081,34.6111]]],[[[-84.2411,34.5903],[-84.2411,34.5905],[-84.2428,34.5905],[-84.2428,34.59],[-84.2411,34.59],[-84.2411,34.5903]]],[[[-84.2548,34.5899],[-84.2507,34.5899],[-84.2507,34.5975],[-84.2554,34.5975],[-84.2555,34.5969],[-84.2547,34.5969],[-84.2548,34.5899]]],[[[-84.2071,34.5866],[-84.2071,34.5935],[-84.2155,34.5936],[-84.2155,34.5899],[-84.2113,34.5898],[-84.2113,34.5863],[-84.207,34.5862],[-84.2071,34.5866]]],[[[-84.087,34.5885],[-84.0913,34.5886],[-84.0913,34.5849],[-84.0955,34.585],[-84.0955,34.5814],[-84.0821,34.5811],[-84.082,34.5885],[-84.087,34.5885]]],[[[-84.0709,34.5846],[-84.0736,34.5847],[-84.0736,34.5811],[-84.0694,34.5811],[-84.0694,34.5846],[-84.0709,34.5846]]],[[[-84.0703,34.5774],[-84.0698,34.5775],[-84.0701,34.578],[-84.0712,34.5778],[-84.0711,34.5774],[-84.0703,34.5774]]],[[[-84.0481,34.579],[-84.0481,34.5808],[-84.0523,34.5808],[-84.0523,34.5772],[-84.0491,34.5772],[-84.0491,34.5764],[-84.0481,34.5764],[-84.0481,34.579]]],[[[-84.1896,34.5754],[-84.1895,34.5786],[-84.1938,34.5786],[-84.1939,34.5752],[-84.1896,34.5751],[-84.1896,34.5754]]],[[[-84.1183,34.5778],[-84.1183,34.5816],[-84.1227,34.5816],[-84.1227,34.5779],[-84.1371,34.5779],[-84.1371,34.5744],[-84.1249,34.5745],[-84.1245,34.5741],[-84.1235,34.5744],[-84.1183,34.5744],[-84.1183,34.5778]]],[[[-84.1568,34.5701],[-84.1569,34.5703],[-84.1574,34.5702],[-84.1573,34.57],[-84.1568,34.5701]]],[[[-84.2022,34.5589],[-84.2022,34.5594],[-84.2029,34.5594],[-84.2029,34.5589],[-84.2022,34.5589]]],[[[-84.4724,34.9881],[-84.4726,34.9808],[-84.4764,34.9807],[-84.4761,34.9792],[-84.4748,34.9788],[-84.4745,34.9782],[-84.4751,34.9782],[-84.4748,34.9765],[-84.4752,34.976],[-84.4752,34.975],[-84.4761,34.9739],[-84.4755,34.9733],[-84.4727,34.9733],[-84.4729,34.9516],[-84.4846,34.9516],[-84.4839,34.9502],[-84.4844,34.9493],[-84.4864,34.9435],[-84.4876,34.9437],[-84.4886,34.9443],[-84.49,34.9447],[-84.4906,34.9454],[-84.4904,34.9364],[-84.4772,34.9365],[-84.4777,34.9358],[-84.4788,34.9355],[-84.4799,34.9355],[-84.4813,34.9361],[-84.4813,34.9327],[-84.4842,34.9326],[-84.4845,34.9324],[-84.4839,34.9313],[-84.484,34.9305],[-84.4837,34.9301],[-84.4838,34.9298],[-84.4855,34.9288],[-84.4852,34.9277],[-84.4848,34.9275],[-84.4846,34.9264],[-84.4851,34.9252],[-84.486,34.9243],[-84.4855,34.9238],[-84.4853,34.9225],[-84.4822,34.9225],[-84.4822,34.921],[-84.4849,34.9218],[-84.4866,34.9212],[-84.4882,34.9202],[-84.49,34.9204],[-84.4912,34.9202],[-84.4911,34.9091],[-84.4892,34.9103],[-84.4861,34.9099],[-84.4849,34.9104],[-84.4839,34.9101],[-84.4817,34.9086],[-84.4807,34.9076],[-84.4806,34.907],[-84.4788,34.9064],[-84.4911,34.9063],[-84.4911,34.9046],[-84.4901,34.9025],[-84.4888,34.9011],[-84.5092,34.9012],[-84.5094,34.8927],[-84.5038,34.8926],[-84.5038,34.8898],[-84.4991,34.8899],[-84.4999,34.8913],[-84.4999,34.8927],[-84.4987,34.8927],[-84.4988,34.8918],[-84.4986,34.891],[-84.4979,34.8905],[-84.4975,34.8897],[-84.4969,34.8893],[-84.4941,34.8888],[-84.4901,34.8897],[-84.4902,34.8871],[-84.4915,34.8871],[-84.4918,34.8869],[-84.4919,34.882],[-84.4912,34.8834],[-84.4896,34.8838],[-84.4871,34.8836],[-84.4862,34.883],[-84.4852,34.8833],[-84.4819,34.8818],[-84.4816,34.8814],[-84.4819,34.8804],[-84.4827,34.8801],[-84.4831,34.8796],[-84.4829,34.8795],[-84.4829,34.8767],[-84.4391,34.8765],[-84.4391,34.8804],[-84.431,34.8804],[-84.4296,34.8812],[-84.4296,34.8843],[-84.4239,34.8844],[-84.424,34.884],[-84.4238,34.88],[-84.4212,34.8762],[-84.4223,34.8747],[-84.4242,34.875],[-84.4238,34.8735],[-84.4242,34.8721],[-84.4251,34.8705],[-84.4254,34.8694],[-84.4273,34.8681],[-84.4275,34.8674],[-84.428,34.8671],[-84.4281,34.8663],[-84.4278,34.8656],[-84.4326,34.8668],[-84.4352,34.8661],[-84.435,34.8656],[-84.4328,34.8652],[-84.4321,34.8642],[-84.4327,34.8632],[-84.432,34.8629],[-84.4301,34.8612],[-84.4287,34.8604],[-84.4278,34.8604],[-84.427,34.86],[-84.4253,34.8605],[-84.4252,34.8597],[-84.4279,34.8588],[-84.4278,34.858],[-84.4282,34.8572],[-84.4292,34.8569],[-84.4304,34.8562],[-84.4315,34.8546],[-84.432,34.8543],[-84.4326,34.8543],[-84.4333,34.8548],[-84.4342,34.856],[-84.4366,34.8559],[-84.4376,34.8562],[-84.4377,34.8547],[-84.435,34.8546],[-84.4342,34.8542],[-84.4318,34.8519],[-84.4307,34.8522],[-84.4301,34.8536],[-84.4283,34.8546],[-84.422,34.8546],[-84.4217,34.8543],[-84.4219,34.8541],[-84.4197,34.8527],[-84.4188,34.8529],[-84.4185,34.8511],[-84.4174,34.8498],[-84.42,34.8497],[-84.4208,34.8461],[-84.4213,34.8453],[-84.4214,34.8445],[-84.4198,34.8446],[-84.4191,34.8442],[-84.4187,34.8433],[-84.4185,34.84],[-84.4193,34.8385],[-84.4199,34.8387],[-84.4214,34.8387],[-84.4214,34.8345],[-84.4317,34.8337],[-84.4318,34.8122],[-84.4755,34.8118],[-84.4754,34.7976],[-84.4919,34.7977],[-84.4919,34.7964],[-84.4912,34.7968],[-84.4899,34.795],[-84.4896,34.7927],[-84.4904,34.7909],[-84.5025,34.7914],[-84.5023,34.7838],[-84.5028,34.7695],[-84.5112,34.7695],[-84.511,34.784],[-84.5103,34.784],[-84.5103,34.7849],[-84.5108,34.7861],[-84.512,34.7874],[-84.514,34.7888],[-84.5143,34.7893],[-84.5141,34.7903],[-84.5143,34.7906],[-84.5132,34.7913],[-84.5103,34.7913],[-84.5101,34.8056],[-84.5189,34.8057],[-84.5188,34.806],[-84.5198,34.8066],[-84.5196,34.808],[-84.5199,34.8084],[-84.5196,34.8088],[-84.5272,34.8089],[-84.5272,34.812],[-84.5184,34.8119],[-84.5194,34.8133],[-84.52,34.8135],[-84.5205,34.8141],[-84.5213,34.8177],[-84.5211,34.82],[-84.5215,34.8209],[-84.5206,34.8221],[-84.5182,34.823],[-84.5182,34.8334],[-84.5215,34.8335],[-84.5241,34.8323],[-84.5251,34.8315],[-84.5267,34.8312],[-84.5287,34.8296],[-84.5291,34.8286],[-84.53,34.8285],[-84.5301,34.8268],[-84.5333,34.8267],[-84.5339,34.8244],[-84.5339,34.8234],[-84.5322,34.8231],[-84.5323,34.8224],[-84.5374,34.8219],[-84.5374,34.8121],[-84.5452,34.8122],[-84.5453,34.8148],[-84.5461,34.8156],[-84.5465,34.8181],[-84.5469,34.8188],[-84.549,34.8182],[-84.5505,34.8166],[-84.5523,34.8175],[-84.5548,34.8158],[-84.5548,34.8103],[-84.5526,34.8091],[-84.5506,34.8091],[-84.5496,34.8094],[-84.5489,34.8091],[-84.5485,34.8092],[-84.548,34.8102],[-84.5468,34.8112],[-84.5461,34.8115],[-84.5453,34.8113],[-84.5452,34.8058],[-84.549,34.8062],[-84.5509,34.8061],[-84.551,34.8067],[-84.5518,34.8059],[-84.5712,34.806],[-84.5712,34.8074],[-84.5736,34.8068],[-84.5744,34.809],[-84.5742,34.8095],[-84.5746,34.8106],[-84.5754,34.8101],[-84.5754,34.8092],[-84.5759,34.8087],[-84.5758,34.8064],[-84.5788,34.8077],[-84.5792,34.8085],[-84.5789,34.8088],[-84.5793,34.8094],[-84.5801,34.81],[-84.5807,34.81],[-84.5821,34.8107],[-84.5824,34.7974],[-84.5912,34.7973],[-84.5913,34.7952],[-84.5917,34.7952],[-84.5923,34.7958],[-84.5935,34.7955],[-84.5941,34.7949],[-84.594,34.793],[-84.5933,34.7909],[-84.5928,34.7903],[-84.5915,34.7897],[-84.5914,34.7869],[-84.5909,34.7865],[-84.5902,34.7865],[-84.5902,34.7853],[-84.5905,34.7844],[-84.5903,34.7841],[-84.5916,34.7824],[-84.5931,34.7842],[-84.5959,34.7855],[-84.5953,34.7867],[-84.5942,34.7872],[-84.5939,34.7879],[-84.5945,34.7887],[-84.5956,34.7891],[-84.5955,34.7896],[-84.5967,34.7896],[-84.5966,34.7974],[-84.597,34.7974],[-84.5969,34.8047],[-84.6051,34.8048],[-84.6052,34.812],[-84.5971,34.8119],[-84.5972,34.8191],[-84.603,34.819],[-84.6017,34.8169],[-84.6042,34.8131],[-84.6052,34.8126],[-84.6054,34.8264],[-84.6177,34.8266],[-84.6177,34.8195],[-84.6245,34.8196],[-84.6245,34.812],[-84.6318,34.812],[-84.6316,34.8044],[-84.6302,34.8036],[-84.6298,34.8033],[-84.6307,34.8029],[-84.6314,34.8031],[-84.6316,34.8029],[-84.6315,34.7974],[-84.6248,34.7974],[-84.6247,34.7894],[-84.6174,34.7894],[-84.6174,34.7905],[-84.6162,34.7905],[-84.6143,34.791],[-84.6095,34.7909],[-84.6093,34.7916],[-84.6088,34.7923],[-84.6085,34.7942],[-84.6076,34.7963],[-84.6062,34.7954],[-84.6051,34.795],[-84.6052,34.7827],[-84.6059,34.7826],[-84.6078,34.7831],[-84.6089,34.783],[-84.6125,34.7839],[-84.6136,34.7835],[-84.615,34.7837],[-84.6174,34.7823],[-84.6174,34.7776],[-84.6226,34.7791],[-84.6247,34.7799],[-84.6248,34.7823],[-84.6318,34.7823],[-84.6316,34.7745],[-84.6398,34.7747],[-84.6398,34.7794],[-84.6391,34.7795],[-84.6385,34.7806],[-84.6379,34.781],[-84.6368,34.7805],[-84.636,34.7805],[-84.636,34.7794],[-84.635,34.7793],[-84.635,34.7808],[-84.6334,34.7822],[-84.6676,34.7824],[-84.6675,34.7893],[-84.6591,34.7893],[-84.6589,34.8048],[-84.6672,34.8049],[-84.6673,34.8088],[-84.6652,34.8115],[-84.6644,34.811],[-84.662,34.814],[-84.6605,34.8127],[-84.6601,34.8118],[-84.6589,34.8115],[-84.6589,34.8106],[-84.6572,34.8115],[-84.6574,34.8124],[-84.6579,34.812],[-84.6579,34.8268],[-84.6754,34.8269],[-84.6759,34.826],[-84.6769,34.826],[-84.6792,34.8249],[-84.6796,34.8236],[-84.6803,34.8236],[-84.6808,34.823],[-84.681,34.822],[-84.6813,34.8218],[-84.6816,34.8225],[-84.6822,34.8228],[-84.6829,34.8232],[-84.6837,34.8232],[-84.6837,34.8268],[-84.6934,34.827],[-84.694,34.8252],[-84.6949,34.8236],[-84.6947,34.8227],[-84.6948,34.8221],[-84.6932,34.8221],[-84.6933,34.8187],[-84.6935,34.8186],[-84.6938,34.819],[-84.6953,34.8191],[-84.6978,34.8202],[-84.6992,34.8212],[-84.6987,34.8213],[-84.6987,34.8217],[-84.6993,34.8217],[-84.6995,34.8214],[-84.7001,34.8215],[-84.7012,34.8221],[-84.7001,34.8221],[-84.7001,34.8229],[-84.7017,34.8229],[-84.7018,34.8341],[-84.7168,34.8342],[-84.7168,34.8285],[-84.7181,34.8288],[-84.7175,34.8292],[-84.7181,34.8295],[-84.7187,34.8291],[-84.7193,34.8295],[-84.7193,34.8308],[-84.7187,34.8322],[-84.7188,34.8342],[-84.7191,34.8343],[-84.7191,34.8323],[-84.7199,34.8305],[-84.7203,34.8301],[-84.7232,34.8315],[-84.7232,34.8342],[-84.7195,34.8343],[-84.7194,34.8448],[-84.7288,34.8448],[-84.7289,34.848],[-84.7195,34.848],[-84.7195,34.8633],[-84.7276,34.8633],[-84.7276,34.8643],[-84.7284,34.8643],[-84.7281,34.8853],[-84.7196,34.8854],[-84.7196,34.8927],[-84.7186,34.8927],[-84.7186,34.8933],[-84.7174,34.8932],[-84.7174,34.895],[-84.7196,34.8951],[-84.7194,34.9002],[-84.728,34.9003],[-84.7277,34.9075],[-84.7277,34.9218],[-84.7386,34.9218],[-84.7386,34.9251],[-84.7381,34.9251],[-84.7378,34.9284],[-84.7343,34.9284],[-84.734,34.9332],[-84.7275,34.9321],[-84.7275,34.9371],[-84.7266,34.9375],[-84.726,34.9375],[-84.7253,34.9372],[-84.7258,34.9387],[-84.7255,34.9398],[-84.7248,34.941],[-84.7245,34.9419],[-84.7222,34.9446],[-84.7184,34.9445],[-84.7185,34.9377],[-84.7201,34.9377],[-84.7201,34.9365],[-84.7157,34.9364],[-84.7157,34.9388],[-84.71,34.9437],[-84.7095,34.9446],[-84.7133,34.9445],[-84.7134,34.9483],[-84.7186,34.9483],[-84.7186,34.9505],[-84.7206,34.9487],[-84.7223,34.9454],[-84.7234,34.9449],[-84.7241,34.945],[-84.7186,34.957],[-84.7181,34.9689],[-84.7288,34.9687],[-84.7287,34.9712],[-84.7252,34.9712],[-84.7248,34.9719],[-84.7242,34.9721],[-84.7238,34.9731],[-84.7231,34.9737],[-84.7181,34.9737],[-84.7182,34.9806],[-84.7091,34.9808],[-84.7091,34.9881],[-84.6345,34.988],[-84.6346,34.9872],[-84.6338,34.987],[-84.633,34.9873],[-84.634,34.988],[-84.6235,34.9881],[-84.4724,34.9881]]],[[[-84.6918,34.9738],[-84.7007,34.9737],[-84.701,34.9661],[-84.6917,34.9659],[-84.6918,34.9738]]],[[[-84.6482,34.9804],[-84.6572,34.9805],[-84.6573,34.9737],[-84.6663,34.9737],[-84.6663,34.9701],[-84.6744,34.9701],[-84.6743,34.9659],[-84.6832,34.9659],[-84.6831,34.9594],[-84.6917,34.9593],[-84.6919,34.9514],[-84.6575,34.9511],[-84.6575,34.9593],[-84.6485,34.9592],[-84.6484,34.9659],[-84.6396,34.9661],[-84.6395,34.9738],[-84.644,34.9738],[-84.6441,34.9748],[-84.6482,34.9748],[-84.6482,34.9804]]],[[[-84.6716,34.9448],[-84.6716,34.9484],[-84.6749,34.9483],[-84.6749,34.9448],[-84.6716,34.9448]]],[[[-84.701,34.9446],[-84.7012,34.9513],[-84.6966,34.9514],[-84.6965,34.9593],[-84.7013,34.9592],[-84.7013,34.9556],[-84.7039,34.9556],[-84.7039,34.9519],[-84.7047,34.9513],[-84.7095,34.9513],[-84.7095,34.9446],[-84.701,34.9446]]],[[[-84.701,34.9442],[-84.701,34.9366],[-84.692,34.9366],[-84.6919,34.9449],[-84.701,34.9446],[-84.701,34.9442]]],[[[-84.6779,34.9339],[-84.6779,34.934],[-84.6783,34.9339],[-84.6779,34.9339]]],[[[-84.6781,34.9331],[-84.6785,34.9335],[-84.6788,34.9332],[-84.6785,34.9328],[-84.6781,34.9331]]],[[[-84.4942,34.9259],[-84.4909,34.9262],[-84.4904,34.9273],[-84.4885,34.9276],[-84.4907,34.9286],[-84.4908,34.9304],[-84.5,34.9303],[-84.5002,34.9239],[-84.4997,34.9238],[-84.4986,34.9239],[-84.4983,34.9247],[-84.4976,34.9252],[-84.4962,34.9257],[-84.495,34.9255],[-84.4942,34.9259]]],[[[-84.5353,34.9141],[-84.5375,34.9151],[-84.5377,34.9153],[-84.5376,34.9157],[-84.5439,34.9157],[-84.544,34.9064],[-84.5263,34.9063],[-84.5244,34.9068],[-84.524,34.9066],[-84.523,34.9055],[-84.5234,34.9053],[-84.5233,34.9048],[-84.5223,34.9044],[-84.523,34.9035],[-84.5235,34.9035],[-84.5242,34.9041],[-84.5246,34.904],[-84.5263,34.9044],[-84.5263,34.8994],[-84.5242,34.898],[-84.524,34.8995],[-84.5254,34.9003],[-84.526,34.9008],[-84.526,34.9011],[-84.5216,34.9012],[-84.5219,34.9017],[-84.523,34.9024],[-84.5219,34.9035],[-84.5219,34.9039],[-84.5215,34.9039],[-84.521,34.9044],[-84.5203,34.9039],[-84.5197,34.9044],[-84.5188,34.9058],[-84.5195,34.9059],[-84.5196,34.9064],[-84.5091,34.9063],[-84.509,34.9084],[-84.5101,34.9094],[-84.5108,34.9097],[-84.513,34.909],[-84.5143,34.9091],[-84.5157,34.9086],[-84.5163,34.9096],[-84.5176,34.91],[-84.5176,34.9086],[-84.5187,34.9088],[-84.5194,34.9095],[-84.5203,34.9098],[-84.5211,34.9098],[-84.5215,34.9094],[-84.5227,34.9093],[-84.5238,34.9089],[-84.5261,34.9088],[-84.5264,34.9084],[-84.5271,34.9088],[-84.5274,34.9093],[-84.5268,34.9094],[-84.5266,34.9116],[-84.5258,34.9113],[-84.5259,34.9118],[-84.5253,34.9117],[-84.524,34.9136],[-84.5243,34.9141],[-84.5242,34.9156],[-84.5342,34.9156],[-84.5341,34.9144],[-84.5351,34.9137],[-84.5353,34.9141]]],[[[-84.7106,34.8928],[-84.7105,34.8985],[-84.7112,34.8985],[-84.7123,34.8964],[-84.714,34.8938],[-84.7119,34.8928],[-84.7106,34.8928]]],[[[-84.4913,34.8768],[-84.4913,34.8733],[-84.4831,34.8732],[-84.4829,34.8767],[-84.4913,34.8768]]],[[[-84.4343,34.8768],[-84.4346,34.877],[-84.4351,34.8767],[-84.4358,34.8769],[-84.4359,34.8761],[-84.437,34.8751],[-84.4378,34.874],[-84.4391,34.873],[-84.4391,34.8727],[-84.4379,34.8728],[-84.4357,34.8736],[-84.4354,34.8742],[-84.4341,34.8759],[-84.434,34.8764],[-84.4343,34.8768]]],[[[-84.5144,34.8695],[-84.5146,34.8696],[-84.5148,34.869],[-84.5146,34.8689],[-84.5144,34.8695]]],[[[-84.5169,34.8615],[-84.5173,34.8621],[-84.5177,34.862],[-84.5173,34.8614],[-84.5169,34.8615]]],[[[-84.4387,34.8531],[-84.4384,34.8533],[-84.4384,34.8547],[-84.4476,34.8546],[-84.4476,34.8541],[-84.4453,34.8529],[-84.445,34.8516],[-84.4423,34.8514],[-84.4416,34.8518],[-84.442,34.8525],[-84.4417,34.8528],[-84.4393,34.8527],[-84.4387,34.8531]]],[[[-84.5941,34.84],[-84.5941,34.8407],[-84.5947,34.8407],[-84.5949,34.8396],[-84.5956,34.8391],[-84.5952,34.8382],[-84.5938,34.8387],[-84.593,34.8396],[-84.5941,34.8395],[-84.5941,34.84]]],[[[-84.4644,34.8336],[-84.4641,34.8413],[-84.4805,34.8414],[-84.4805,34.8384],[-84.4802,34.8369],[-84.4804,34.8336],[-84.4753,34.8334],[-84.4644,34.8336]]],[[[-84.463,34.8333],[-84.4627,34.8335],[-84.4632,34.8336],[-84.4644,34.8327],[-84.4639,34.8323],[-84.4619,34.832],[-84.463,34.8333]]],[[[-84.4479,34.8385],[-84.4488,34.8379],[-84.4494,34.8367],[-84.4507,34.8353],[-84.4507,34.8348],[-84.451,34.8343],[-84.4514,34.8341],[-84.4521,34.8342],[-84.4531,34.835],[-84.453,34.8361],[-84.4526,34.8374],[-84.4529,34.838],[-84.4567,34.838],[-84.4567,34.8337],[-84.4552,34.8337],[-84.4535,34.8333],[-84.4551,34.8305],[-84.4567,34.8293],[-84.4557,34.829],[-84.455,34.8276],[-84.4558,34.8267],[-84.4542,34.8259],[-84.4556,34.8237],[-84.4558,34.8216],[-84.4539,34.8206],[-84.4531,34.8207],[-84.4527,34.8213],[-84.4524,34.8246],[-84.4518,34.826],[-84.4519,34.8267],[-84.4516,34.8285],[-84.4519,34.8307],[-84.4506,34.8318],[-84.4509,34.8337],[-84.4479,34.8337],[-84.4479,34.8385]]],[[[-84.5873,34.8148],[-84.589,34.8167],[-84.59,34.8148],[-84.5911,34.8148],[-84.5911,34.8116],[-84.5849,34.8116],[-84.5856,34.8121],[-84.5852,34.8126],[-84.5856,34.8138],[-84.5873,34.8148]]],[[[-84.6486,34.8141],[-84.6487,34.8139],[-84.6483,34.8133],[-84.6488,34.8135],[-84.6493,34.8134],[-84.6518,34.8119],[-84.6521,34.8119],[-84.6519,34.812],[-84.652,34.8121],[-84.6525,34.8119],[-84.6539,34.8119],[-84.6539,34.8124],[-84.655,34.8135],[-84.6551,34.8048],[-84.6518,34.8048],[-84.6516,34.8119],[-84.6472,34.8118],[-84.6473,34.8122],[-84.6466,34.8124],[-84.6475,34.8129],[-84.648,34.814],[-84.6486,34.8141]]],[[[-84.6352,34.778],[-84.6352,34.7784],[-84.6361,34.7787],[-84.6363,34.7792],[-84.638,34.7778],[-84.6352,34.778]]],[[[-84.0169,34.98],[-84.0156,34.9799],[-84.0156,34.981],[-84.0127,34.9812],[-84.0112,34.9807],[-84.0085,34.9812],[-84.0082,34.9817],[-84.0094,34.9824],[-84.0095,34.9836],[-83.997,34.9835],[-83.997,34.9736],[-84.0071,34.9736],[-84.0069,34.9665],[-84.0199,34.9666],[-84.0203,34.9849],[-84.019,34.9849],[-84.019,34.9854],[-84.0187,34.9855],[-84.0177,34.9854],[-84.017,34.985],[-84.0169,34.9832],[-84.0166,34.9827],[-84.0169,34.98]]],[[[-83.9614,34.9665],[-83.9753,34.9666],[-83.9749,34.9677],[-83.9751,34.9681],[-83.975,34.9688],[-83.9745,34.9694],[-83.9738,34.9699],[-83.9739,34.9707],[-83.9733,34.9715],[-83.9726,34.972],[-83.9721,34.9718],[-83.9714,34.972],[-83.9704,34.973],[-83.9703,34.9736],[-83.9686,34.9736],[-83.9681,34.9742],[-83.9669,34.975],[-83.9672,34.9756],[-83.966,34.9768],[-83.9644,34.977],[-83.9635,34.9769],[-83.9601,34.9745],[-83.9582,34.9737],[-83.9615,34.9736],[-83.9614,34.9665]]],[[[-84.0901,34.9682],[-84.0892,34.9689],[-84.085,34.9686],[-84.0843,34.9681],[-84.0836,34.9672],[-84.083,34.9668],[-84.0812,34.9663],[-84.0801,34.9664],[-84.0787,34.9657],[-84.0768,34.9657],[-84.0768,34.9586],[-84.0806,34.9586],[-84.0809,34.9635],[-84.0835,34.966],[-84.0902,34.9675],[-84.0916,34.9669],[-84.0922,34.9681],[-84.0919,34.9697],[-84.0901,34.969],[-84.0901,34.9682]]],[[[-83.9614,34.9665],[-83.9593,34.9642],[-83.9605,34.9633],[-83.9602,34.9623],[-83.9594,34.9614],[-83.9612,34.9594],[-83.9649,34.9594],[-83.9626,34.9607],[-83.9612,34.9623],[-83.9614,34.9665]]],[[[-84.095,34.9652],[-84.1031,34.96],[-84.1025,34.9593],[-84.1042,34.9578],[-84.1069,34.9565],[-84.1079,34.9554],[-84.1106,34.9534],[-84.111,34.9536],[-84.111,34.9569],[-84.1115,34.9579],[-84.1115,34.9584],[-84.1109,34.9596],[-84.1092,34.9606],[-84.1106,34.9618],[-84.1094,34.9628],[-84.1079,34.9617],[-84.1069,34.9627],[-84.1062,34.9641],[-84.1054,34.9646],[-84.1048,34.9654],[-84.104,34.9648],[-84.1023,34.9648],[-84.102,34.9644],[-84.1007,34.9648],[-84.0995,34.9649],[-84.0989,34.9652],[-84.0983,34.9661],[-84.0935,34.9662],[-84.095,34.9652]]],[[[-84.3631,34.9604],[-84.3636,34.9604],[-84.3633,34.9622],[-84.3628,34.9622],[-84.3631,34.9604]]],[[[-83.7708,34.9588],[-83.7718,34.9591],[-83.7722,34.9594],[-83.7722,34.9597],[-83.7714,34.9599],[-83.7705,34.9593],[-83.7705,34.959],[-83.7708,34.9588]]],[[[-83.772,34.9543],[-83.7705,34.9523],[-83.7705,34.952],[-83.7711,34.9517],[-83.7712,34.9513],[-83.7701,34.9513],[-83.7703,34.951],[-83.7712,34.9508],[-83.771,34.9501],[-83.7706,34.9498],[-83.7714,34.9488],[-83.7715,34.948],[-83.77,34.948],[-83.7683,34.9491],[-83.7658,34.9488],[-83.7654,34.9485],[-83.7653,34.9478],[-83.7663,34.9479],[-83.7667,34.9474],[-83.7676,34.9473],[-83.7674,34.9467],[-83.7677,34.9465],[-83.7677,34.946],[-83.7669,34.9448],[-83.7668,34.9439],[-83.767,34.9434],[-83.7665,34.9426],[-83.7699,34.9427],[-83.77,34.9438],[-83.7782,34.9438],[-83.7788,34.9447],[-83.7787,34.9456],[-83.7781,34.9458],[-83.7774,34.9458],[-83.7777,34.9461],[-83.7774,34.9466],[-83.7778,34.9466],[-83.7782,34.9471],[-83.7778,34.9481],[-83.778,34.9485],[-83.7774,34.9489],[-83.7777,34.9492],[-83.7777,34.95],[-83.7774,34.9504],[-83.7767,34.9503],[-83.7769,34.9507],[-83.7765,34.9511],[-83.7767,34.9514],[-83.7767,34.9522],[-83.7765,34.9529],[-83.7761,34.9537],[-83.7749,34.9543],[-83.7745,34.9551],[-83.7746,34.9557],[-83.7744,34.9561],[-83.7745,34.9569],[-83.7743,34.9579],[-83.7745,34.959],[-83.7741,34.9592],[-83.7723,34.9586],[-83.7707,34.9564],[-83.7709,34.9558],[-83.772,34.9549],[-83.772,34.9543]]],[[[-83.7781,34.9564],[-83.7782,34.9549],[-83.7786,34.9545],[-83.7785,34.9534],[-83.7789,34.953],[-83.7785,34.9526],[-83.7785,34.9515],[-83.7796,34.9518],[-83.7819,34.952],[-83.7816,34.9533],[-83.7811,34.954],[-83.7814,34.9547],[-83.7812,34.9556],[-83.7809,34.9558],[-83.7802,34.9557],[-83.7796,34.9563],[-83.7788,34.9563],[-83.7785,34.9567],[-83.7781,34.9564]]],[[[-83.7828,34.9509],[-83.783,34.9502],[-83.7831,34.9502],[-83.7831,34.9508],[-83.7837,34.9508],[-83.7837,34.9516],[-83.7842,34.9527],[-83.7842,34.9534],[-83.7838,34.9534],[-83.7838,34.9547],[-83.7832,34.9546],[-83.7827,34.9522],[-83.782,34.952],[-83.7828,34.9509]]],[[[-84.4729,34.9516],[-84.4716,34.9513],[-84.4711,34.951],[-84.4681,34.9475],[-84.4654,34.9456],[-84.4647,34.9444],[-84.4649,34.9433],[-84.4709,34.9433],[-84.4712,34.9443],[-84.4706,34.945],[-84.4701,34.9468],[-84.4697,34.9477],[-84.4714,34.9474],[-84.4731,34.9466],[-84.4729,34.9516]]],[[[-83.7688,34.9504],[-83.7691,34.9504],[-83.769,34.9506],[-83.7685,34.9512],[-83.7685,34.9507],[-83.7688,34.9504]]],[[[-83.7795,34.9475],[-83.7812,34.9475],[-83.7812,34.9478],[-83.7794,34.9477],[-83.7795,34.9475]]],[[[-83.7799,34.9459],[-83.7807,34.9458],[-83.7804,34.9451],[-83.7811,34.9449],[-83.7811,34.946],[-83.7799,34.9459]]],[[[-84.0685,34.9439],[-84.0685,34.9382],[-84.0694,34.9376],[-84.0707,34.9375],[-84.0718,34.938],[-84.0713,34.9384],[-84.0712,34.9393],[-84.0704,34.9399],[-84.0707,34.9402],[-84.0708,34.9411],[-84.0719,34.9404],[-84.0728,34.9407],[-84.0727,34.9396],[-84.073,34.9394],[-84.0738,34.9395],[-84.0742,34.9382],[-84.0739,34.9375],[-84.074,34.9366],[-84.075,34.9374],[-84.0762,34.937],[-84.0767,34.9372],[-84.0768,34.9386],[-84.0748,34.9397],[-84.0753,34.94],[-84.0757,34.9407],[-84.077,34.9402],[-84.077,34.9408],[-84.0773,34.9415],[-84.0779,34.9413],[-84.079,34.9395],[-84.0798,34.9394],[-84.0803,34.9398],[-84.0803,34.94],[-84.0797,34.9403],[-84.0795,34.9411],[-84.0788,34.9417],[-84.0782,34.942],[-84.0777,34.9419],[-84.0768,34.9438],[-84.0723,34.9435],[-84.0693,34.9443],[-84.0685,34.9442],[-84.0685,34.9439]]],[[[-83.7808,34.9438],[-83.781,34.9438],[-83.781,34.944],[-83.7808,34.9438]]],[[[-83.7787,34.9439],[-83.7786,34.9438],[-83.7794,34.9438],[-83.7787,34.9439]]],[[[-83.7804,34.9424],[-83.7807,34.9423],[-83.7808,34.9437],[-83.7776,34.9438],[-83.7784,34.9429],[-83.7804,34.9424]]],[[[-84.0967,34.9425],[-84.097,34.9425],[-84.097,34.9437],[-84.0965,34.9431],[-84.0967,34.9425]]],[[[-84.0835,34.9407],[-84.0841,34.9409],[-84.0838,34.9416],[-84.0834,34.9414],[-84.0832,34.9408],[-84.0835,34.9407]]],[[[-83.5243,34.9365],[-83.5247,34.9372],[-83.5246,34.9375],[-83.5251,34.938],[-83.5239,34.9412],[-83.5216,34.9401],[-83.5204,34.9401],[-83.5201,34.9392],[-83.5193,34.9392],[-83.5193,34.9383],[-83.5201,34.9376],[-83.5205,34.9358],[-83.5216,34.9369],[-83.5243,34.9365]]],[[[-84.0855,34.9399],[-84.086,34.9401],[-84.0851,34.9405],[-84.0851,34.9402],[-84.0855,34.9399]]],[[[-84.086,34.9391],[-84.0861,34.9384],[-84.0867,34.9376],[-84.0873,34.9375],[-84.0881,34.9379],[-84.0902,34.9363],[-84.0906,34.9363],[-84.0906,34.9366],[-84.0897,34.938],[-84.0889,34.9384],[-84.088,34.9385],[-84.0882,34.9391],[-84.088,34.9393],[-84.0877,34.9394],[-84.0872,34.939],[-84.0862,34.9394],[-84.086,34.9391]]],[[[-84.1076,34.9209],[-84.1062,34.9215],[-84.1045,34.9227],[-84.1039,34.9241],[-84.1031,34.9249],[-84.1038,34.9251],[-84.1041,34.9255],[-84.1047,34.9276],[-84.1048,34.9289],[-84.1045,34.9297],[-84.1027,34.932],[-84.103,34.9328],[-84.103,34.9343],[-84.1027,34.935],[-84.1014,34.9355],[-84.1,34.9357],[-84.0995,34.9354],[-84.0992,34.9359],[-84.098,34.9362],[-84.0972,34.936],[-84.0965,34.9365],[-84.0967,34.937],[-84.0951,34.9375],[-84.0937,34.9389],[-84.0932,34.939],[-84.0929,34.9387],[-84.094,34.9365],[-84.0938,34.9353],[-84.093,34.9343],[-84.0922,34.934],[-84.0916,34.9333],[-84.0909,34.9331],[-84.0904,34.9326],[-84.0902,34.9319],[-84.0897,34.9317],[-84.0891,34.9323],[-84.0883,34.9321],[-84.0872,34.9324],[-84.0863,34.9318],[-84.0853,34.9316],[-84.0851,34.9318],[-84.0852,34.9327],[-84.0846,34.9329],[-84.0847,34.9335],[-84.0854,34.9338],[-84.0854,34.9341],[-84.0839,34.9345],[-84.0836,34.9343],[-84.0836,34.9335],[-84.0827,34.9334],[-84.0823,34.9337],[-84.0816,34.9336],[-84.0812,34.9329],[-84.0804,34.9326],[-84.0803,34.9319],[-84.081,34.9317],[-84.0811,34.9311],[-84.08,34.9308],[-84.0797,34.9303],[-84.0791,34.9301],[-84.0796,34.9296],[-84.0789,34.929],[-84.0789,34.9266],[-84.0796,34.9256],[-84.08,34.924],[-84.0804,34.9235],[-84.0809,34.9235],[-84.0819,34.9259],[-84.083,34.9263],[-84.0832,34.9262],[-84.0826,34.9254],[-84.0824,34.9244],[-84.0824,34.9236],[-84.0828,34.9234],[-84.0837,34.9235],[-84.0842,34.9229],[-84.0849,34.9226],[-84.0846,34.9223],[-84.0847,34.9152],[-84.0937,34.9154],[-84.0937,34.9168],[-84.0941,34.9168],[-84.0962,34.9151],[-84.0968,34.9138],[-84.0966,34.9096],[-84.1013,34.9097],[-84.1013,34.9121],[-84.1022,34.913],[-84.104,34.9134],[-84.104,34.9138],[-84.1048,34.9133],[-84.1095,34.9129],[-84.1095,34.9138],[-84.1091,34.9152],[-84.1097,34.9164],[-84.1061,34.916],[-84.1042,34.9163],[-84.1052,34.9178],[-84.1053,34.9193],[-84.1055,34.9196],[-84.1054,34.9197],[-84.1068,34.9197],[-84.1074,34.92],[-84.1081,34.9206],[-84.1076,34.9209]]],[[[-83.4926,34.9378],[-83.4913,34.9377],[-83.4906,34.9373],[-83.4902,34.9373],[-83.4903,34.9364],[-83.4929,34.9363],[-83.4939,34.937],[-83.494,34.938],[-83.4933,34.9384],[-83.4926,34.9378]]],[[[-84.0613,34.9377],[-84.0596,34.9369],[-84.0365,34.9371],[-84.0378,34.9365],[-84.0387,34.9353],[-84.0394,34.9351],[-84.0404,34.9353],[-84.0397,34.9346],[-84.0396,34.9335],[-84.0398,34.9331],[-84.0406,34.9327],[-84.0416,34.9316],[-84.041,34.931],[-84.0409,34.9296],[-84.0418,34.9291],[-84.0433,34.929],[-84.0438,34.9287],[-84.0454,34.9282],[-84.046,34.9277],[-84.0463,34.9278],[-84.0464,34.9289],[-84.0471,34.9289],[-84.0475,34.9291],[-84.0484,34.9307],[-84.0471,34.9321],[-84.0486,34.9315],[-84.0497,34.9322],[-84.0505,34.9331],[-84.0517,34.9332],[-84.0521,34.9326],[-84.0528,34.9326],[-84.0541,34.9309],[-84.0563,34.9292],[-84.0566,34.9282],[-84.057,34.9283],[-84.0575,34.9288],[-84.0583,34.93],[-84.0583,34.9305],[-84.0587,34.9305],[-84.0593,34.9309],[-84.0586,34.9286],[-84.0607,34.9282],[-84.0613,34.9288],[-84.0621,34.9288],[-84.0626,34.9292],[-84.0623,34.9299],[-84.0602,34.93],[-84.0613,34.9332],[-84.0628,34.9346],[-84.0652,34.9322],[-84.0657,34.9305],[-84.0658,34.9299],[-84.0643,34.9299],[-84.0642,34.9297],[-84.064,34.9288],[-84.065,34.9282],[-84.064,34.9279],[-84.0639,34.9276],[-84.0645,34.9272],[-84.0649,34.9266],[-84.0661,34.9271],[-84.0679,34.9268],[-84.0684,34.9263],[-84.0683,34.9255],[-84.0689,34.9253],[-84.0712,34.9256],[-84.0712,34.9263],[-84.0694,34.927],[-84.0682,34.9288],[-84.0665,34.9293],[-84.0671,34.9303],[-84.0678,34.9303],[-84.0687,34.9308],[-84.0694,34.9308],[-84.0698,34.9312],[-84.0705,34.9305],[-84.0708,34.9306],[-84.0708,34.9311],[-84.0711,34.9316],[-84.071,34.9319],[-84.0714,34.9326],[-84.0713,34.9331],[-84.0706,34.9336],[-84.0694,34.9337],[-84.0697,34.9341],[-84.0708,34.9345],[-84.071,34.9352],[-84.0695,34.9356],[-84.0688,34.9355],[-84.0685,34.9348],[-84.0679,34.9356],[-84.0674,34.9357],[-84.0653,34.9348],[-84.0656,34.936],[-84.0656,34.9362],[-84.065,34.9363],[-84.0647,34.9368],[-84.0635,34.9375],[-84.0629,34.9373],[-84.0625,34.9382],[-84.0613,34.9377]]],[[[-83.5243,34.9365],[-83.5239,34.9355],[-83.5235,34.9351],[-83.5234,34.9345],[-83.5219,34.9337],[-83.5217,34.9331],[-83.5223,34.9326],[-83.5225,34.9319],[-83.5264,34.9319],[-83.5263,34.9378],[-83.5243,34.9365]]],[[[-84.1054,34.9333],[-84.1058,34.9333],[-84.1058,34.935],[-84.1048,34.9348],[-84.1046,34.9346],[-84.1048,34.9336],[-84.1054,34.9333]]],[[[-84.1055,34.9325],[-84.1057,34.9324],[-84.1058,34.9326],[-84.1055,34.9325]]],[[[-84.1055,34.931],[-84.1057,34.931],[-84.1057,34.932],[-84.1053,34.9313],[-84.1055,34.931]]],[[[-84.049,34.9296],[-84.0495,34.9294],[-84.0497,34.9274],[-84.0502,34.9263],[-84.0499,34.9255],[-84.0488,34.9253],[-84.048,34.9256],[-84.0469,34.9257],[-84.0453,34.9265],[-84.0447,34.9263],[-84.0446,34.9268],[-84.0441,34.9272],[-84.0425,34.9274],[-84.0403,34.9291],[-84.0393,34.9286],[-84.0376,34.9286],[-84.0357,34.9282],[-84.0349,34.9273],[-84.0383,34.9264],[-84.0409,34.9264],[-84.0409,34.9225],[-84.051,34.9225],[-84.0513,34.921],[-84.0511,34.9175],[-84.0514,34.9168],[-84.0511,34.9155],[-84.0503,34.9156],[-84.0509,34.9132],[-84.0512,34.913],[-84.0514,34.9134],[-84.0522,34.9137],[-84.0524,34.9147],[-84.0529,34.9143],[-84.0536,34.9144],[-84.0543,34.9153],[-84.0547,34.9153],[-84.0554,34.9159],[-84.0563,34.9157],[-84.0578,34.917],[-84.0576,34.9173],[-84.0563,34.917],[-84.0553,34.9174],[-84.0543,34.9165],[-84.0539,34.9168],[-84.0536,34.9174],[-84.0521,34.9174],[-84.0529,34.918],[-84.0532,34.9185],[-84.0523,34.9196],[-84.0527,34.9211],[-84.0543,34.9225],[-84.0529,34.9237],[-84.0535,34.924],[-84.0534,34.9245],[-84.0561,34.9233],[-84.0575,34.9236],[-84.0575,34.9239],[-84.0559,34.9245],[-84.0555,34.925],[-84.0567,34.9247],[-84.0575,34.9248],[-84.0581,34.9254],[-84.0588,34.9268],[-84.0554,34.9267],[-84.0542,34.9272],[-84.0541,34.9279],[-84.0537,34.9283],[-84.0542,34.9289],[-84.0529,34.9301],[-84.0527,34.9312],[-84.0523,34.9315],[-84.0511,34.9315],[-84.0498,34.931],[-84.0489,34.9299],[-84.049,34.9296]]],[[[-84.063,34.9252],[-84.0637,34.9254],[-84.0636,34.9273],[-84.0633,34.9274],[-84.0615,34.9266],[-84.0618,34.926],[-84.063,34.9252]]],[[[-83.7455,34.923],[-83.7456,34.9221],[-83.7544,34.9222],[-83.7499,34.9261],[-83.7482,34.9264],[-83.7455,34.9258],[-83.7455,34.923]]],[[[-84.0606,34.9216],[-84.0612,34.9218],[-84.0617,34.9227],[-84.0612,34.9235],[-84.0607,34.9231],[-84.0603,34.9218],[-84.0606,34.9216]]],[[[-84.0657,34.9224],[-84.0643,34.9223],[-84.0635,34.9216],[-84.0634,34.9221],[-84.063,34.9222],[-84.0622,34.921],[-84.0614,34.9215],[-84.0611,34.9202],[-84.0612,34.9197],[-84.0617,34.9196],[-84.0626,34.9202],[-84.0626,34.9185],[-84.0638,34.9181],[-84.0647,34.9193],[-84.0645,34.9206],[-84.065,34.9207],[-84.0654,34.9204],[-84.0655,34.9215],[-84.0665,34.9216],[-84.0664,34.9226],[-84.0657,34.9224]]],[[[-84.0596,34.9212],[-84.0583,34.9213],[-84.0574,34.9204],[-84.0565,34.9205],[-84.0559,34.9199],[-84.055,34.9203],[-84.0546,34.9202],[-84.0556,34.9197],[-84.0585,34.9195],[-84.0592,34.9198],[-84.0601,34.9207],[-84.0603,34.9213],[-84.0596,34.9212]]],[[[-84.0718,34.9166],[-84.0721,34.9168],[-84.0722,34.918],[-84.0712,34.9195],[-84.0709,34.9202],[-84.0702,34.9207],[-84.0701,34.9199],[-84.0705,34.9187],[-84.0703,34.918],[-84.0718,34.9166]]],[[[-83.4361,34.9041],[-83.4361,34.9044],[-83.4378,34.9045],[-83.4378,34.9067],[-83.4353,34.9065],[-83.4344,34.9073],[-83.4373,34.9086],[-83.4362,34.9117],[-83.446,34.9128],[-83.4492,34.9127],[-83.4488,34.9131],[-83.4494,34.9144],[-83.4499,34.9146],[-83.4507,34.9157],[-83.4513,34.9157],[-83.4518,34.9151],[-83.4524,34.9156],[-83.4539,34.9153],[-83.4539,34.914],[-83.4545,34.914],[-83.4555,34.9152],[-83.4548,34.9165],[-83.454,34.9166],[-83.453,34.9173],[-83.4533,34.9178],[-83.4524,34.9185],[-83.4528,34.919],[-83.4529,34.9195],[-83.4525,34.9204],[-83.4364,34.9205],[-83.4363,34.9191],[-83.4348,34.9188],[-83.4308,34.9193],[-83.4274,34.9142],[-83.4277,34.9135],[-83.4285,34.9128],[-83.4286,34.9122],[-83.4271,34.9119],[-83.4258,34.9113],[-83.4261,34.9101],[-83.4246,34.9083],[-83.4254,34.9078],[-83.4268,34.9063],[-83.4301,34.905],[-83.4298,34.9039],[-83.4361,34.9041]]],[[[-83.5105,34.915],[-83.5105,34.9123],[-83.5086,34.9122],[-83.5081,34.9119],[-83.5069,34.9105],[-83.5067,34.9095],[-83.5079,34.9079],[-83.5083,34.9079],[-83.5087,34.9084],[-83.5091,34.9083],[-83.5092,34.9087],[-83.5098,34.9089],[-83.5104,34.9096],[-83.5103,34.9101],[-83.5106,34.9105],[-83.5106,34.9057],[-83.5161,34.9056],[-83.5175,34.9066],[-83.5184,34.9081],[-83.5192,34.9088],[-83.5202,34.9086],[-83.5203,34.9074],[-83.5188,34.9063],[-83.5195,34.9057],[-83.5178,34.9026],[-83.5175,34.9018],[-83.5181,34.902],[-83.5185,34.9018],[-83.5191,34.9019],[-83.5205,34.9015],[-83.5218,34.9016],[-83.5224,34.9004],[-83.5221,34.9001],[-83.5232,34.8999],[-83.5228,34.8991],[-83.5264,34.8991],[-83.5262,34.8978],[-83.5268,34.8963],[-83.5264,34.8907],[-83.5277,34.8901],[-83.5295,34.8903],[-83.5301,34.8922],[-83.5308,34.8931],[-83.5316,34.8937],[-83.5328,34.894],[-83.5319,34.8954],[-83.5313,34.8957],[-83.5303,34.8969],[-83.53,34.8996],[-83.5306,34.9003],[-83.5334,34.897],[-83.538,34.8974],[-83.5366,34.8981],[-83.535,34.8986],[-83.5336,34.8986],[-83.5322,34.8996],[-83.5329,34.9014],[-83.5325,34.9023],[-83.5331,34.9035],[-83.5341,34.9047],[-83.5345,34.9047],[-83.5349,34.9056],[-83.5339,34.9106],[-83.5349,34.9118],[-83.5336,34.913],[-83.5333,34.9141],[-83.5325,34.9138],[-83.5313,34.9146],[-83.5305,34.9158],[-83.529,34.9169],[-83.5283,34.9169],[-83.5266,34.9154],[-83.5266,34.9142],[-83.5261,34.9133],[-83.526,34.9102],[-83.5241,34.9107],[-83.5239,34.9116],[-83.5212,34.9117],[-83.5189,34.9137],[-83.5194,34.9142],[-83.519,34.9146],[-83.5194,34.915],[-83.5198,34.9147],[-83.5204,34.9151],[-83.5211,34.9169],[-83.5207,34.9172],[-83.522,34.9192],[-83.5122,34.919],[-83.5121,34.9174],[-83.5113,34.9162],[-83.5116,34.9158],[-83.5105,34.915]]],[[[-83.5268,34.8998],[-83.5267,34.9057],[-83.5278,34.9043],[-83.528,34.9034],[-83.5284,34.9031],[-83.5276,34.8996],[-83.5268,34.8998]]],[[[-84.0637,34.9176],[-84.0631,34.9172],[-84.0665,34.917],[-84.0666,34.9172],[-84.0663,34.9177],[-84.0654,34.9176],[-84.0641,34.9179],[-84.0637,34.9176]]],[[[-84.0742,34.9126],[-84.0755,34.9124],[-84.0756,34.9144],[-84.0747,34.9148],[-84.0745,34.9164],[-84.0739,34.9171],[-84.0735,34.9172],[-84.073,34.9165],[-84.0721,34.9163],[-84.0723,34.916],[-84.0733,34.9156],[-84.0734,34.9152],[-84.0732,34.9148],[-84.0744,34.9138],[-84.0742,34.9126]]],[[[-84.0323,34.9151],[-84.0324,34.9131],[-84.0264,34.913],[-84.0262,34.9123],[-84.021,34.9122],[-84.021,34.9086],[-84.0237,34.9085],[-84.0236,34.9075],[-84.0243,34.9081],[-84.0241,34.9096],[-84.0256,34.9085],[-84.0263,34.9084],[-84.0271,34.9094],[-84.0278,34.911],[-84.0288,34.9115],[-84.0291,34.912],[-84.0314,34.9115],[-84.0322,34.9121],[-84.0324,34.9118],[-84.0322,34.911],[-84.0329,34.9103],[-84.0351,34.9096],[-84.0357,34.91],[-84.0358,34.9094],[-84.0355,34.9089],[-84.0357,34.9084],[-84.0365,34.9084],[-84.0371,34.909],[-84.0378,34.9081],[-84.0423,34.9077],[-84.0427,34.9082],[-84.0421,34.9091],[-84.0415,34.9095],[-84.0415,34.91],[-84.042,34.9101],[-84.0432,34.9112],[-84.0432,34.9114],[-84.0426,34.9118],[-84.0437,34.9118],[-84.0439,34.9125],[-84.0449,34.912],[-84.0461,34.9122],[-84.0462,34.9126],[-84.0453,34.914],[-84.0455,34.9141],[-84.0475,34.913],[-84.0474,34.9135],[-84.048,34.9141],[-84.048,34.915],[-84.0484,34.9155],[-84.0409,34.9158],[-84.0323,34.9156],[-84.0323,34.9151]]],[[[-84.0666,34.9135],[-84.0666,34.9119],[-84.0731,34.9119],[-84.0716,34.9128],[-84.0705,34.9129],[-84.0699,34.9123],[-84.0686,34.9128],[-84.0686,34.9134],[-84.0676,34.9146],[-84.0672,34.9148],[-84.0666,34.9147],[-84.0666,34.9135]]],[[[-84.5278,34.9097],[-84.5284,34.9086],[-84.5305,34.9086],[-84.5306,34.908],[-84.534,34.9081],[-84.5341,34.9103],[-84.5318,34.9106],[-84.5309,34.9097],[-84.5304,34.9101],[-84.5304,34.9113],[-84.5302,34.9116],[-84.5276,34.9117],[-84.5272,34.9121],[-84.5268,34.911],[-84.5274,34.9106],[-84.5274,34.9101],[-84.528,34.9099],[-84.5278,34.9097]]],[[[-84.0497,34.9107],[-84.0494,34.9098],[-84.0489,34.9098],[-84.0479,34.9104],[-84.0472,34.9104],[-84.0455,34.9103],[-84.0453,34.9099],[-84.0447,34.91],[-84.0445,34.9097],[-84.0454,34.9078],[-84.0467,34.9083],[-84.0486,34.9085],[-84.0491,34.9083],[-84.0485,34.9064],[-84.0487,34.9061],[-84.0494,34.9063],[-84.0499,34.9058],[-84.0505,34.9061],[-84.0513,34.9074],[-84.0513,34.9088],[-84.0518,34.9094],[-84.0511,34.9106],[-84.0497,34.9107]]],[[[-84.0288,34.9078],[-84.0288,34.9073],[-84.0291,34.9068],[-84.0295,34.9068],[-84.0306,34.9076],[-84.0324,34.9075],[-84.0324,34.9086],[-84.0318,34.9087],[-84.0316,34.9093],[-84.0306,34.91],[-84.0298,34.9102],[-84.029,34.9097],[-84.0288,34.9093],[-84.0292,34.9083],[-84.0288,34.9078]]],[[[-84.1014,34.9021],[-84.1107,34.9025],[-84.1107,34.897],[-84.1198,34.8972],[-84.1199,34.9014],[-84.1124,34.9036],[-84.1107,34.9046],[-84.1107,34.9059],[-84.1095,34.9079],[-84.1077,34.9097],[-84.1049,34.9097],[-84.1046,34.9092],[-84.1038,34.909],[-84.1013,34.9072],[-84.1014,34.9021]]],[[[-84.0243,34.907],[-84.0236,34.907],[-84.0235,34.9013],[-84.0157,34.9012],[-84.0159,34.9005],[-84.0157,34.8999],[-84.0154,34.8995],[-84.0148,34.8995],[-84.0148,34.8972],[-84.0158,34.8956],[-84.0173,34.8957],[-84.0172,34.8973],[-84.0175,34.8975],[-84.0179,34.8971],[-84.0182,34.8972],[-84.0179,34.8982],[-84.0182,34.8984],[-84.0186,34.8982],[-84.0192,34.8983],[-84.0193,34.897],[-84.0203,34.8962],[-84.0218,34.8964],[-84.0228,34.8968],[-84.0232,34.8974],[-84.0244,34.8978],[-84.0245,34.8981],[-84.0236,34.8991],[-84.0238,34.8993],[-84.0244,34.899],[-84.026,34.8989],[-84.0267,34.8998],[-84.0264,34.9005],[-84.0276,34.9006],[-84.0286,34.9021],[-84.0282,34.9023],[-84.029,34.9029],[-84.0291,34.9034],[-84.0315,34.9052],[-84.0326,34.9055],[-84.0322,34.906],[-84.0313,34.9061],[-84.0302,34.9054],[-84.0293,34.9042],[-84.0282,34.9038],[-84.028,34.9041],[-84.0287,34.9046],[-84.0289,34.905],[-84.0279,34.906],[-84.0275,34.9076],[-84.0255,34.9074],[-84.0243,34.907]]],[[[-83.7367,34.9069],[-83.7366,34.9044],[-83.7351,34.9044],[-83.735,34.904],[-83.7341,34.9037],[-83.7335,34.903],[-83.7337,34.9024],[-83.7336,34.9013],[-83.7345,34.8981],[-83.7353,34.8975],[-83.735,34.8955],[-83.7345,34.8946],[-83.7348,34.8941],[-83.7347,34.8939],[-83.7346,34.8937],[-83.7278,34.8936],[-83.7279,34.8915],[-83.7365,34.8916],[-83.7365,34.8932],[-83.7385,34.8935],[-83.7402,34.8935],[-83.7411,34.8938],[-83.7419,34.8954],[-83.7418,34.8964],[-83.7423,34.8975],[-83.7424,34.8988],[-83.7457,34.8989],[-83.7457,34.907],[-83.7367,34.9069]]],[[[-84.0452,34.9053],[-84.0446,34.9055],[-84.0442,34.906],[-84.0439,34.9051],[-84.0441,34.9047],[-84.0462,34.9051],[-84.0463,34.9048],[-84.0469,34.9048],[-84.0468,34.9063],[-84.0464,34.9065],[-84.0456,34.9062],[-84.0454,34.906],[-84.0452,34.9053]]],[[[-83.4361,34.9041],[-83.4359,34.8881],[-83.4372,34.8878],[-83.438,34.8882],[-83.4394,34.89],[-83.4414,34.8912],[-83.4444,34.8905],[-83.4463,34.8911],[-83.4481,34.8906],[-83.4489,34.8906],[-83.45,34.8914],[-83.4502,34.8927],[-83.4524,34.8933],[-83.4534,34.8943],[-83.4545,34.8943],[-83.4544,34.8968],[-83.4554,34.8971],[-83.4558,34.8974],[-83.4566,34.8973],[-83.4581,34.8997],[-83.4569,34.9011],[-83.453,34.9032],[-83.4524,34.9013],[-83.4525,34.9006],[-83.4521,34.8996],[-83.4503,34.8999],[-83.4485,34.9011],[-83.4486,34.902],[-83.4497,34.9025],[-83.4499,34.9029],[-83.4508,34.9033],[-83.4508,34.9036],[-83.4361,34.9041]]],[[[-83.9787,34.9018],[-83.9787,34.8997],[-83.9877,34.8997],[-83.9878,34.9017],[-83.9901,34.9017],[-83.991,34.904],[-83.983,34.9041],[-83.9826,34.9036],[-83.9818,34.9032],[-83.981,34.9035],[-83.9804,34.9024],[-83.9797,34.9018],[-83.9787,34.9018]]],[[[-84.0321,34.9004],[-84.031,34.9009],[-84.0307,34.9002],[-84.0299,34.9007],[-84.0293,34.8999],[-84.0298,34.8996],[-84.0329,34.9],[-84.0325,34.9012],[-84.0325,34.9027],[-84.0322,34.9028],[-84.0315,34.9017],[-84.0321,34.9004]]],[[[-84.1014,34.9021],[-84.0937,34.9018],[-84.0937,34.9006],[-84.0963,34.8994],[-84.0967,34.8958],[-84.0936,34.8957],[-84.0936,34.8948],[-84.0975,34.8949],[-84.0954,34.8917],[-84.0968,34.8914],[-84.0968,34.8879],[-84.0974,34.8879],[-84.0974,34.8845],[-84.1018,34.8844],[-84.1018,34.8808],[-84.1107,34.8808],[-84.1107,34.8878],[-84.1064,34.8879],[-84.1053,34.8887],[-84.1053,34.8896],[-84.1045,34.8904],[-84.103,34.8915],[-84.1018,34.8954],[-84.1014,34.9021]]],[[[-83.8565,34.8933],[-83.8565,34.8928],[-83.8619,34.8929],[-83.861,34.8941],[-83.863,34.897],[-83.8618,34.8984],[-83.8618,34.8999],[-83.8565,34.9002],[-83.8565,34.8933]]],[[[-84.0268,34.8949],[-84.0256,34.8951],[-84.0253,34.8947],[-84.0252,34.8939],[-84.0312,34.8939],[-84.028,34.8985],[-84.0271,34.8976],[-84.0254,34.8965],[-84.0257,34.8961],[-84.0265,34.8957],[-84.0265,34.8952],[-84.0268,34.8949]]],[[[-84.0224,34.895],[-84.0216,34.8951],[-84.0204,34.8947],[-84.02,34.894],[-84.0247,34.894],[-84.0241,34.895],[-84.0242,34.8959],[-84.0236,34.8959],[-84.0224,34.895]]],[[[-84.0066,34.8937],[-84.0072,34.8938],[-84.0076,34.8943],[-84.0058,34.8943],[-84.0066,34.8937]]],[[[-84.0176,34.894],[-84.0172,34.8937],[-84.0163,34.8938],[-84.016,34.8935],[-84.0148,34.8935],[-84.0148,34.8938],[-84.0133,34.8932],[-84.0116,34.8933],[-84.0112,34.893],[-84.0116,34.8922],[-84.0115,34.892],[-84.0103,34.8929],[-84.0105,34.8886],[-84.0148,34.8878],[-84.0148,34.8912],[-84.018,34.8913],[-84.0184,34.8913],[-84.0184,34.8898],[-84.0173,34.8896],[-84.0172,34.8891],[-84.0183,34.8893],[-84.0185,34.8882],[-84.019,34.888],[-84.0192,34.894],[-84.0176,34.894]]],[[[-83.7458,34.8839],[-83.7548,34.8843],[-83.7549,34.8914],[-83.7407,34.8917],[-83.7403,34.8907],[-83.741,34.8902],[-83.741,34.8891],[-83.7458,34.8898],[-83.7458,34.8839]]],[[[-83.983,34.8867],[-83.9839,34.8867],[-83.9821,34.8882],[-83.9822,34.8877],[-83.983,34.8867]]],[[[-83.9881,34.8867],[-83.988,34.8876],[-83.9878,34.8879],[-83.9871,34.8868],[-83.9881,34.8867]]],[[[-83.9881,34.8867],[-83.9879,34.8855],[-83.9885,34.8853],[-83.9881,34.8867]]],[[[-83.9893,34.886],[-83.99,34.8866],[-83.9889,34.8866],[-83.9893,34.886]]],[[[-84.262,34.8855],[-84.2597,34.8852],[-84.2597,34.8797],[-84.2604,34.88],[-84.2615,34.8795],[-84.2616,34.879],[-84.2611,34.8779],[-84.2607,34.8776],[-84.261,34.8771],[-84.2618,34.8771],[-84.2619,34.8779],[-84.2625,34.8781],[-84.263,34.878],[-84.2638,34.8769],[-84.265,34.8769],[-84.2659,34.8773],[-84.2661,34.8778],[-84.2658,34.8784],[-84.2651,34.8786],[-84.2644,34.8796],[-84.2645,34.88],[-84.2655,34.8803],[-84.2655,34.8814],[-84.2651,34.8824],[-84.2656,34.8824],[-84.2664,34.8817],[-84.2669,34.8818],[-84.2678,34.8844],[-84.2687,34.8855],[-84.2679,34.8855],[-84.2664,34.8839],[-84.2647,34.883],[-84.264,34.8839],[-84.2635,34.8855],[-84.262,34.8855]]],[[[-83.746,34.877],[-83.7458,34.8839],[-83.7318,34.8838],[-83.7319,34.8769],[-83.746,34.877]]],[[[-83.9898,34.8834],[-83.988,34.8833],[-83.988,34.8831],[-83.9937,34.8815],[-83.9936,34.882],[-83.993,34.8825],[-83.9923,34.8828],[-83.9919,34.8827],[-83.9919,34.883],[-83.991,34.8833],[-83.9904,34.8828],[-83.9898,34.8834]]],[[[-84.4118,34.877],[-84.4118,34.8764],[-84.4127,34.8764],[-84.4129,34.8753],[-84.4126,34.8731],[-84.4129,34.8726],[-84.4166,34.8735],[-84.417,34.874],[-84.418,34.8744],[-84.4188,34.8742],[-84.4198,34.8757],[-84.4197,34.8765],[-84.4175,34.8764],[-84.4161,34.8775],[-84.4151,34.8778],[-84.4148,34.8783],[-84.4147,34.8791],[-84.4138,34.8801],[-84.413,34.8794],[-84.4126,34.8782],[-84.4127,34.8777],[-84.4118,34.8777],[-84.4118,34.877]]],[[[-84.1816,34.8751],[-84.1815,34.8737],[-84.1825,34.8714],[-84.1847,34.8709],[-84.1824,34.867],[-84.1818,34.8671],[-84.1815,34.8663],[-84.1818,34.8661],[-84.181,34.8653],[-84.181,34.8645],[-84.1817,34.8632],[-84.1816,34.8616],[-84.1813,34.8602],[-84.1807,34.8589],[-84.1816,34.8576],[-84.1808,34.8576],[-84.1808,34.8542],[-84.1821,34.8545],[-84.1846,34.8539],[-84.1837,34.8533],[-84.1835,34.8521],[-84.1854,34.8527],[-84.1874,34.8524],[-84.1881,34.8502],[-84.1895,34.8502],[-84.1895,34.8497],[-84.1924,34.8497],[-84.1927,34.8501],[-84.1928,34.8509],[-84.1942,34.8509],[-84.1945,34.8522],[-84.195,34.8527],[-84.1928,34.8526],[-84.193,34.8532],[-84.1925,34.8546],[-84.1944,34.8541],[-84.195,34.8536],[-84.1963,34.8537],[-84.1979,34.8543],[-84.199,34.8542],[-84.1995,34.8545],[-84.2011,34.8547],[-84.2024,34.854],[-84.2066,34.854],[-84.2066,34.8579],[-84.2074,34.8579],[-84.2075,34.8594],[-84.2031,34.8606],[-84.2034,34.8613],[-84.2032,34.8619],[-84.2005,34.863],[-84.2001,34.8629],[-84.1987,34.8632],[-84.1987,34.8654],[-84.1967,34.8654],[-84.1968,34.8671],[-84.1978,34.8685],[-84.1984,34.8703],[-84.1977,34.8708],[-84.197,34.8704],[-84.1971,34.8739],[-84.196,34.8746],[-84.1902,34.8748],[-84.1902,34.8773],[-84.1818,34.8774],[-84.1816,34.8751]]],[[[-84.2432,34.8702],[-84.2428,34.8695],[-84.2411,34.8696],[-84.241,34.864],[-84.2406,34.8642],[-84.2397,34.8641],[-84.2394,34.8639],[-84.2389,34.8628],[-84.2369,34.8623],[-84.2371,34.8617],[-84.2368,34.8612],[-84.2368,34.8604],[-84.2359,34.8594],[-84.2364,34.8581],[-84.2371,34.8571],[-84.2369,34.8567],[-84.2374,34.8562],[-84.2387,34.8557],[-84.2413,34.8554],[-84.2422,34.8562],[-84.2423,34.8549],[-84.2432,34.8548],[-84.2462,34.8532],[-84.247,34.8531],[-84.2475,34.8537],[-84.2477,34.8533],[-84.2503,34.8529],[-84.2505,34.8534],[-84.2494,34.8535],[-84.248,34.8539],[-84.2479,34.8551],[-84.2475,34.8554],[-84.2448,34.856],[-84.2428,34.8576],[-84.2429,34.8583],[-84.2435,34.8598],[-84.2433,34.8615],[-84.2443,34.8607],[-84.2452,34.8605],[-84.2457,34.8605],[-84.2468,34.8612],[-84.2474,34.8612],[-84.2494,34.8601],[-84.2502,34.8599],[-84.2495,34.8605],[-84.2497,34.8611],[-84.2493,34.8624],[-84.2466,34.8624],[-84.2473,34.8638],[-84.2451,34.8649],[-84.2443,34.8663],[-84.2462,34.8658],[-84.2461,34.8663],[-84.2453,34.8666],[-84.2457,34.867],[-84.2457,34.8673],[-84.2451,34.8675],[-84.2456,34.8682],[-84.2456,34.8691],[-84.2462,34.8688],[-84.2471,34.8693],[-84.2473,34.8687],[-84.2471,34.868],[-84.2478,34.8673],[-84.2481,34.8671],[-84.2485,34.8674],[-84.2493,34.8674],[-84.2494,34.8659],[-84.25,34.8669],[-84.2502,34.8684],[-84.2509,34.8685],[-84.2516,34.8682],[-84.2529,34.8685],[-84.2536,34.8681],[-84.2547,34.869],[-84.2539,34.869],[-84.2518,34.8699],[-84.2485,34.8705],[-84.2474,34.8729],[-84.247,34.8724],[-84.2451,34.8712],[-84.2434,34.8706],[-84.2432,34.8702]]],[[[-84.1551,34.8648],[-84.1638,34.8648],[-84.1639,34.872],[-84.1624,34.8718],[-84.1619,34.871],[-84.1605,34.8708],[-84.1598,34.8703],[-84.1583,34.8704],[-84.1557,34.8697],[-84.1552,34.8693],[-84.1551,34.8648]]],[[[-84.1283,34.8644],[-84.1284,34.8704],[-84.1249,34.8702],[-84.1216,34.869],[-84.1215,34.8643],[-84.1283,34.8644]]],[[[-84.2831,34.8668],[-84.2841,34.8665],[-84.2827,34.8659],[-84.2827,34.8654],[-84.2821,34.8651],[-84.2822,34.8643],[-84.2821,34.8639],[-84.2808,34.8653],[-84.2798,34.8652],[-84.2806,34.8635],[-84.2813,34.8611],[-84.2818,34.8606],[-84.2835,34.8587],[-84.2835,34.8591],[-84.2837,34.859],[-84.2841,34.8596],[-84.2848,34.8579],[-84.2852,34.8582],[-84.2858,34.8579],[-84.2863,34.8582],[-84.2866,34.8581],[-84.2862,34.8568],[-84.2853,34.8562],[-84.2853,34.8547],[-84.2855,34.8543],[-84.2859,34.8543],[-84.2863,34.8548],[-84.2862,34.8569],[-84.2871,34.8586],[-84.2862,34.8584],[-84.2862,34.8617],[-84.2875,34.8615],[-84.2886,34.862],[-84.2893,34.8616],[-84.2898,34.8611],[-84.29,34.8612],[-84.289,34.8621],[-84.2885,34.863],[-84.2885,34.8647],[-84.2862,34.865],[-84.2863,34.8703],[-84.2853,34.8701],[-84.2848,34.8692],[-84.2826,34.8683],[-84.2826,34.8676],[-84.2831,34.8668]]],[[[-83.9834,34.8655],[-83.9843,34.8702],[-83.9838,34.8702],[-83.9816,34.8658],[-83.9834,34.8655]]],[[[-84.421,34.8692],[-84.4111,34.8692],[-84.412,34.8683],[-84.4118,34.8618],[-84.416,34.8619],[-84.4153,34.8624],[-84.4157,34.8634],[-84.4141,34.8651],[-84.4164,34.8662],[-84.4187,34.8667],[-84.4196,34.8674],[-84.4217,34.8684],[-84.4218,34.8696],[-84.4216,34.8702],[-84.421,34.8702],[-84.421,34.8692]]],[[[-83.988,34.8666],[-83.988,34.865],[-83.9915,34.865],[-83.9923,34.8663],[-83.9918,34.8667],[-83.99,34.8666],[-83.988,34.868],[-83.988,34.8666]]],[[[-84.1731,34.8602],[-84.1732,34.86],[-84.176,34.86],[-84.1769,34.8595],[-84.1778,34.8597],[-84.1787,34.8612],[-84.1793,34.8633],[-84.179,34.8646],[-84.1765,34.8664],[-84.175,34.8662],[-84.1731,34.8652],[-84.1741,34.8636],[-84.1731,34.8602]]],[[[-83.9946,34.8651],[-83.9939,34.8651],[-83.9935,34.8647],[-83.9925,34.8645],[-83.991,34.8634],[-83.9911,34.8627],[-83.9917,34.8624],[-83.9928,34.8626],[-83.9934,34.8625],[-83.9947,34.8628],[-83.997,34.8617],[-83.9971,34.8651],[-83.9946,34.8651]]],[[[-84.2295,34.8622],[-84.2285,34.8596],[-84.2287,34.8588],[-84.2283,34.8574],[-84.232,34.8573],[-84.2321,34.8611],[-84.2319,34.8615],[-84.2306,34.8614],[-84.2302,34.862],[-84.2299,34.8617],[-84.2295,34.8622]]],[[[-83.9959,34.8601],[-83.9965,34.86],[-83.9965,34.8607],[-83.9959,34.8601]]],[[[-84.2324,34.856],[-84.2319,34.8561],[-84.2329,34.8554],[-84.2324,34.8548],[-84.2316,34.8549],[-84.2311,34.8542],[-84.2313,34.8536],[-84.2326,34.8529],[-84.2338,34.853],[-84.2347,34.8541],[-84.2351,34.8543],[-84.2347,34.8548],[-84.2359,34.8547],[-84.2363,34.8549],[-84.2346,34.8552],[-84.2344,34.8563],[-84.2347,34.8569],[-84.2344,34.8572],[-84.2335,34.8573],[-84.2331,34.8565],[-84.2324,34.856]]],[[[-83.3736,34.8549],[-83.3737,34.8439],[-83.3826,34.8442],[-83.3827,34.8438],[-83.3816,34.8434],[-83.3804,34.8413],[-83.3798,34.8409],[-83.3798,34.8405],[-83.3818,34.8403],[-83.3823,34.8399],[-83.383,34.8398],[-83.3842,34.8403],[-83.3854,34.8438],[-83.384,34.8468],[-83.3854,34.8479],[-83.3867,34.8482],[-83.3872,34.8501],[-83.3878,34.8513],[-83.3883,34.8519],[-83.3889,34.8515],[-83.389,34.8566],[-83.3736,34.8565],[-83.3736,34.8549]]],[[[-83.4705,34.8541],[-83.4676,34.8529],[-83.4671,34.8523],[-83.4633,34.85],[-83.4634,34.8466],[-83.4668,34.8484],[-83.4684,34.8478],[-83.4701,34.8467],[-83.4719,34.8475],[-83.4722,34.8481],[-83.4733,34.8484],[-83.4754,34.85],[-83.4756,34.8509],[-83.4763,34.8515],[-83.4762,34.8522],[-83.4752,34.8525],[-83.4741,34.8524],[-83.4723,34.854],[-83.4705,34.8541]]],[[[-84.2941,34.8539],[-84.2907,34.8534],[-84.2903,34.853],[-84.2897,34.853],[-84.2897,34.8534],[-84.2888,34.8534],[-84.2885,34.8532],[-84.2883,34.8528],[-84.29,34.8515],[-84.289,34.851],[-84.2885,34.8519],[-84.288,34.8519],[-84.2875,34.8513],[-84.2877,34.8508],[-84.2876,34.8502],[-84.2875,34.8502],[-84.2869,34.8506],[-84.2869,34.8493],[-84.2849,34.8493],[-84.2848,34.8485],[-84.2855,34.8482],[-84.2849,34.8482],[-84.2836,34.8475],[-84.2834,34.8466],[-84.2831,34.8464],[-84.2835,34.8456],[-84.284,34.8456],[-84.2841,34.8461],[-84.2838,34.8472],[-84.2846,34.8468],[-84.2852,34.8471],[-84.2849,34.8464],[-84.285,34.8459],[-84.2859,34.8455],[-84.2863,34.8457],[-84.2864,34.8463],[-84.287,34.8465],[-84.2877,34.8474],[-84.2878,34.8464],[-84.2873,34.8452],[-84.2874,34.8447],[-84.2886,34.8444],[-84.2892,34.8448],[-84.2899,34.8442],[-84.2904,34.8442],[-84.2909,34.8439],[-84.2935,34.845],[-84.2935,34.8453],[-84.2922,34.8463],[-84.2938,34.8459],[-84.2946,34.846],[-84.295,34.8465],[-84.2943,34.8465],[-84.2922,34.8501],[-84.2942,34.8511],[-84.2959,34.8512],[-84.2968,34.8526],[-84.2966,34.853],[-84.2957,34.8531],[-84.2941,34.8539]]],[[[-84.2897,34.849],[-84.2888,34.8492],[-84.2897,34.8493],[-84.2897,34.849]]],[[[-84.2902,34.8489],[-84.2901,34.8486],[-84.2897,34.849],[-84.2902,34.8489]]],[[[-84.276,34.8456],[-84.2746,34.8458],[-84.274,34.8456],[-84.2738,34.8453],[-84.274,34.845],[-84.2738,34.8444],[-84.2739,34.8441],[-84.2733,34.8436],[-84.2725,34.8443],[-84.2712,34.8443],[-84.2706,34.8434],[-84.2699,34.8444],[-84.2685,34.8445],[-84.2681,34.8452],[-84.2671,34.8445],[-84.2676,34.8441],[-84.2695,34.8432],[-84.2715,34.8427],[-84.2717,34.8424],[-84.2725,34.8421],[-84.2735,34.8419],[-84.2738,34.8424],[-84.2743,34.8424],[-84.2746,34.8421],[-84.2746,34.8415],[-84.2756,34.8407],[-84.2761,34.8399],[-84.2759,34.8394],[-84.2745,34.84],[-84.2747,34.839],[-84.2753,34.8383],[-84.2744,34.8381],[-84.2743,34.8366],[-84.2745,34.8363],[-84.2752,34.8363],[-84.2762,34.8368],[-84.2763,34.8364],[-84.2769,34.8364],[-84.2765,34.8357],[-84.2753,34.8355],[-84.2752,34.8352],[-84.2754,34.8348],[-84.2751,34.8346],[-84.2735,34.835],[-84.273,34.8343],[-84.2734,34.8341],[-84.2736,34.8335],[-84.275,34.8328],[-84.2751,34.8324],[-84.2755,34.8321],[-84.2767,34.8321],[-84.2772,34.8326],[-84.2765,34.8314],[-84.2775,34.8309],[-84.2778,34.8304],[-84.2766,34.8306],[-84.275,34.8317],[-84.274,34.8318],[-84.2735,34.8326],[-84.2725,34.8332],[-84.2723,34.8306],[-84.2728,34.8302],[-84.2721,34.8301],[-84.2721,34.8295],[-84.2724,34.8286],[-84.2732,34.8278],[-84.2741,34.8277],[-84.2743,34.8271],[-84.2755,34.8283],[-84.2769,34.8276],[-84.2814,34.8267],[-84.2814,34.8319],[-84.2897,34.8318],[-84.2897,34.8336],[-84.2893,34.8341],[-84.2897,34.8344],[-84.2898,34.8393],[-84.2841,34.8393],[-84.2855,34.8378],[-84.2869,34.8369],[-84.2871,34.8364],[-84.286,34.8365],[-84.284,34.8379],[-84.2835,34.838],[-84.2826,34.8377],[-84.2825,34.8385],[-84.281,34.8393],[-84.2801,34.8393],[-84.2783,34.8383],[-84.278,34.8389],[-84.2781,34.8397],[-84.2768,34.8408],[-84.2772,34.8414],[-84.2769,34.843],[-84.2761,34.8434],[-84.2761,34.844],[-84.2771,34.8446],[-84.2768,34.8451],[-84.2772,34.8454],[-84.2764,34.8458],[-84.2764,34.8465],[-84.2757,34.8472],[-84.2756,34.8468],[-84.2763,34.8462],[-84.2763,34.8458],[-84.276,34.8456]]],[[[-83.7242,34.8453],[-83.7238,34.845],[-83.723,34.845],[-83.7227,34.844],[-83.7241,34.8429],[-83.7246,34.8418],[-83.7271,34.8419],[-83.7265,34.8445],[-83.7255,34.8468],[-83.7242,34.8453]]],[[[-83.9696,34.8346],[-83.9787,34.8345],[-83.9785,34.8419],[-83.9643,34.8418],[-83.9646,34.8412],[-83.9657,34.8401],[-83.9668,34.8382],[-83.9697,34.839],[-83.9696,34.8346]]],[[[-83.869,34.8406],[-83.868,34.8397],[-83.8647,34.838],[-83.8648,34.8335],[-83.8741,34.8333],[-83.874,34.8395],[-83.8719,34.8392],[-83.8703,34.8406],[-83.8692,34.8408],[-83.869,34.8406]]],[[[-84.0208,34.8274],[-84.0207,34.8232],[-84.0212,34.8229],[-84.0244,34.8225],[-84.0248,34.823],[-84.0247,34.8237],[-84.0235,34.8233],[-84.0237,34.8274],[-84.0235,34.8293],[-84.0242,34.8296],[-84.0255,34.8288],[-84.0257,34.8285],[-84.0253,34.8274],[-84.0293,34.8275],[-84.03,34.8279],[-84.031,34.8312],[-84.031,34.8275],[-84.0398,34.8276],[-84.0398,34.8236],[-84.0456,34.8237],[-84.0465,34.8242],[-84.0493,34.8232],[-84.0492,34.8276],[-84.0488,34.8276],[-84.0489,34.8329],[-84.0471,34.8327],[-84.0466,34.8321],[-84.0443,34.8336],[-84.0427,34.8342],[-84.0421,34.8354],[-84.0408,34.836],[-84.0398,34.8361],[-84.0398,34.8347],[-84.0221,34.8348],[-84.0221,34.8274],[-84.0208,34.8274]]],[[[-83.9522,34.82],[-83.9613,34.8201],[-83.9612,34.824],[-83.9647,34.8241],[-83.9697,34.8247],[-83.9696,34.8346],[-83.9546,34.8346],[-83.9546,34.833],[-83.9522,34.833],[-83.9522,34.82]]],[[[-83.426,34.8296],[-83.4249,34.8281],[-83.4241,34.826],[-83.4241,34.8255],[-83.4244,34.8255],[-83.4234,34.8204],[-83.4241,34.8181],[-83.425,34.8181],[-83.4248,34.8202],[-83.425,34.827],[-83.4258,34.8285],[-83.4273,34.8303],[-83.4263,34.8303],[-83.426,34.8296]]],[[[-84.0208,34.8274],[-84.0204,34.8291],[-84.0196,34.8297],[-84.0175,34.8302],[-84.0138,34.83],[-84.0137,34.8262],[-84.0143,34.8261],[-84.0149,34.8256],[-84.0165,34.8251],[-84.0171,34.8262],[-84.0169,34.8271],[-84.0172,34.8275],[-84.0208,34.8274]]],[[[-83.5361,34.8299],[-83.5352,34.8298],[-83.5349,34.8293],[-83.5341,34.829],[-83.5326,34.829],[-83.5317,34.8293],[-83.5306,34.8286],[-83.5297,34.8279],[-83.5293,34.8267],[-83.5292,34.8262],[-83.5296,34.8254],[-83.5311,34.8262],[-83.5334,34.8259],[-83.5349,34.8242],[-83.536,34.825],[-83.5375,34.8271],[-83.5388,34.8281],[-83.5378,34.8295],[-83.5372,34.83],[-83.5361,34.8299]]],[[[-84.1198,34.8208],[-84.1198,34.8148],[-84.1213,34.8136],[-84.1244,34.8135],[-84.1244,34.8207],[-84.1288,34.8205],[-84.1288,34.8268],[-84.12,34.827],[-84.1198,34.8208]]],[[[-84.2721,34.8171],[-84.2721,34.8206],[-84.2718,34.8205],[-84.2717,34.8201],[-84.2706,34.8196],[-84.2705,34.8193],[-84.2689,34.8183],[-84.2691,34.8177],[-84.2699,34.8171],[-84.2721,34.8171]]],[[[-83.9888,34.82],[-83.9894,34.8189],[-83.99,34.8186],[-83.9962,34.8187],[-83.9961,34.8198],[-83.9923,34.8198],[-83.9913,34.8202],[-83.9888,34.82]]],[[[-83.9522,34.82],[-83.9436,34.8199],[-83.9436,34.8162],[-83.9481,34.8162],[-83.9481,34.8126],[-83.9522,34.8126],[-83.9522,34.82]]],[[[-83.4096,34.8092],[-83.4097,34.8053],[-83.4193,34.8054],[-83.4193,34.8037],[-83.4211,34.8028],[-83.4224,34.8027],[-83.4228,34.8023],[-83.4244,34.8025],[-83.4265,34.8022],[-83.427,34.8025],[-83.426,34.8044],[-83.4233,34.8071],[-83.4222,34.8078],[-83.4226,34.8083],[-83.4243,34.8083],[-83.4241,34.8159],[-83.4216,34.8156],[-83.4226,34.8107],[-83.4111,34.8103],[-83.4107,34.8095],[-83.4096,34.8092]]],[[[-84.6589,34.8119],[-84.6589,34.8116],[-84.66,34.8119],[-84.6603,34.8127],[-84.6616,34.8138],[-84.6616,34.8152],[-84.6589,34.815],[-84.6589,34.8119]]],[[[-84.5283,34.8062],[-84.5288,34.8059],[-84.5292,34.8063],[-84.5308,34.8082],[-84.5308,34.8085],[-84.5314,34.8092],[-84.5315,34.81],[-84.5318,34.8102],[-84.5322,34.8118],[-84.5299,34.8119],[-84.53,34.8103],[-84.5287,34.8085],[-84.5273,34.8083],[-84.5274,34.807],[-84.5283,34.8062]]],[[[-83.9949,34.8082],[-83.9951,34.808],[-83.9967,34.8079],[-83.9993,34.8081],[-83.9992,34.8087],[-83.998,34.8096],[-83.9969,34.8097],[-83.9964,34.8103],[-83.9964,34.8108],[-83.9956,34.8108],[-83.9947,34.8089],[-83.9949,34.8082]]],[[[-84.2645,34.8058],[-84.264,34.8044],[-84.2644,34.8036],[-84.2643,34.8027],[-84.2719,34.8027],[-84.2733,34.8049],[-84.2732,34.8058],[-84.2727,34.8061],[-84.2715,34.8062],[-84.2696,34.8056],[-84.2687,34.8055],[-84.2671,34.8065],[-84.2656,34.8071],[-84.2649,34.8069],[-84.2645,34.8058]]],[[[-84.2725,34.7993],[-84.2723,34.7993],[-84.2722,34.8],[-84.2695,34.7999],[-84.2682,34.7992],[-84.2681,34.7982],[-84.267,34.7981],[-84.266,34.797],[-84.2639,34.7963],[-84.2625,34.7954],[-84.2731,34.7955],[-84.2732,34.7919],[-84.2746,34.7909],[-84.2749,34.7908],[-84.2746,34.7915],[-84.2751,34.7915],[-84.2754,34.7907],[-84.277,34.7933],[-84.2765,34.7935],[-84.2754,34.7945],[-84.2763,34.7959],[-84.2773,34.7956],[-84.2778,34.7976],[-84.2777,34.7985],[-84.2774,34.7988],[-84.2763,34.7986],[-84.2739,34.8002],[-84.2736,34.7997],[-84.2725,34.7993]]],[[[-85.1316,34.7905],[-85.1316,34.79],[-85.1055,34.7901],[-85.1055,34.7825],[-85.1086,34.7825],[-85.1086,34.7753],[-85.1066,34.7753],[-85.1066,34.7743],[-85.1056,34.7743],[-85.1056,34.7692],[-85.1078,34.7691],[-85.1077,34.7679],[-85.1145,34.7679],[-85.1145,34.762],[-85.1158,34.762],[-85.1158,34.7605],[-85.1485,34.7607],[-85.15,34.7592],[-85.1521,34.7555],[-85.1584,34.7555],[-85.1584,34.757],[-85.1581,34.7576],[-85.1561,34.7607],[-85.1494,34.7607],[-85.1493,34.768],[-85.1404,34.768],[-85.1407,34.7828],[-85.1404,34.7901],[-85.1393,34.7901],[-85.1393,34.7908],[-85.1387,34.7929],[-85.1381,34.7938],[-85.1376,34.7978],[-85.1314,34.7979],[-85.1316,34.7905]]],[[[-84.597,34.7974],[-84.597,34.7969],[-84.5982,34.7968],[-84.5995,34.7961],[-84.5999,34.7952],[-84.6005,34.7947],[-84.6024,34.7943],[-84.6031,34.795],[-84.6051,34.795],[-84.6051,34.7975],[-84.597,34.7974]]],[[[-83.5632,34.7891],[-83.5589,34.7909],[-83.5572,34.79],[-83.5553,34.7896],[-83.552,34.7876],[-83.5481,34.7863],[-83.5391,34.7904],[-83.5385,34.7889],[-83.5368,34.7899],[-83.5354,34.7888],[-83.5351,34.7891],[-83.5342,34.7887],[-83.5332,34.7887],[-83.5308,34.7847],[-83.5259,34.7779],[-83.5236,34.7743],[-83.5244,34.7743],[-83.524,34.7732],[-83.5247,34.7717],[-83.5244,34.7716],[-83.5236,34.7719],[-83.5232,34.7718],[-83.5227,34.7706],[-83.5229,34.7697],[-83.5226,34.7693],[-83.5203,34.7688],[-83.52,34.7674],[-83.5197,34.7672],[-83.519,34.7673],[-83.509,34.753],[-83.5077,34.7518],[-83.5097,34.7516],[-83.5105,34.7511],[-83.5105,34.7509],[-83.5114,34.7513],[-83.5114,34.751],[-83.5108,34.7505],[-83.5103,34.7489],[-83.5152,34.7466],[-83.5129,34.7441],[-83.5136,34.7439],[-83.5144,34.7432],[-83.5093,34.7363],[-83.5085,34.7366],[-83.5077,34.7375],[-83.5066,34.7379],[-83.5065,34.7391],[-83.5047,34.7405],[-83.5047,34.7411],[-83.5043,34.7416],[-83.5029,34.7426],[-83.5019,34.7429],[-83.5014,34.7423],[-83.5007,34.7426],[-83.5001,34.7419],[-83.496,34.7426],[-83.4955,34.742],[-83.4932,34.7434],[-83.4885,34.745],[-83.4908,34.7472],[-83.4899,34.7472],[-83.4903,34.7501],[-83.4824,34.7539],[-83.4821,34.7536],[-83.4824,34.7532],[-83.482,34.7534],[-83.4797,34.7499],[-83.4825,34.7478],[-83.4826,34.7473],[-83.4819,34.7472],[-83.4811,34.7477],[-83.4803,34.7483],[-83.4803,34.7488],[-83.4793,34.7493],[-83.4726,34.7387],[-83.4682,34.7321],[-83.4668,34.7333],[-83.4657,34.7337],[-83.4648,34.7336],[-83.4635,34.7325],[-83.461,34.7331],[-83.4598,34.7325],[-83.4586,34.7325],[-83.4577,34.7319],[-83.4527,34.7333],[-83.4503,34.7343],[-83.448,34.7362],[-83.4464,34.7369],[-83.4463,34.7384],[-83.4475,34.7417],[-83.4461,34.7431],[-83.4399,34.743],[-83.4363,34.745],[-83.4356,34.7444],[-83.4347,34.7428],[-83.4346,34.7418],[-83.4338,34.7407],[-83.4337,34.7396],[-83.4334,34.7389],[-83.4307,34.7395],[-83.4299,34.7384],[-83.4293,34.7371],[-83.4301,34.7349],[-83.4298,34.734],[-83.4261,34.7311],[-83.4285,34.7297],[-83.4159,34.7123],[-83.4061,34.7169],[-83.4147,34.7287],[-83.4025,34.7342],[-83.4005,34.7315],[-83.4015,34.7309],[-83.4032,34.7306],[-83.3957,34.7203],[-83.3982,34.7181],[-83.3978,34.7136],[-83.4048,34.7106],[-83.4102,34.7069],[-83.411,34.706],[-83.4137,34.7098],[-83.4328,34.7008],[-83.4324,34.7017],[-83.4328,34.7044],[-83.425,34.7082],[-83.4275,34.7117],[-83.4285,34.7118],[-83.4283,34.7126],[-83.4314,34.7169],[-83.4352,34.7151],[-83.4373,34.7169],[-83.438,34.718],[-83.4388,34.7182],[-83.4412,34.7213],[-83.4468,34.7294],[-83.4614,34.7226],[-83.4557,34.7146],[-83.4604,34.7124],[-83.461,34.7132],[-83.4684,34.7098],[-83.4682,34.7095],[-83.4755,34.706],[-83.4871,34.7008],[-83.4879,34.702],[-83.4883,34.7009],[-83.4897,34.6996],[-83.4898,34.6985],[-83.4921,34.7013],[-83.4931,34.7005],[-83.4932,34.6997],[-83.4927,34.6991],[-83.493,34.6985],[-83.4929,34.6975],[-83.4938,34.6971],[-83.5015,34.7088],[-83.4999,34.7106],[-83.4996,34.7113],[-83.4977,34.7132],[-83.4969,34.7137],[-83.4957,34.7138],[-83.494,34.7151],[-83.4957,34.7175],[-83.5018,34.7148],[-83.501,34.7174],[-83.5074,34.716],[-83.5089,34.7183],[-83.5115,34.7165],[-83.5117,34.7169],[-83.5182,34.7131],[-83.5189,34.714],[-83.5171,34.7158],[-83.5123,34.719],[-83.5141,34.7206],[-83.5153,34.7201],[-83.5198,34.7208],[-83.5211,34.7205],[-83.521,34.7201],[-83.5218,34.718],[-83.529,34.7285],[-83.5332,34.7269],[-83.534,34.7277],[-83.5352,34.7272],[-83.5352,34.7262],[-83.5393,34.7245],[-83.5352,34.7193],[-83.5339,34.7196],[-83.5344,34.7188],[-83.5332,34.7174],[-83.5322,34.7155],[-83.5315,34.7151],[-83.5309,34.7142],[-83.5289,34.7131],[-83.5302,34.7123],[-83.5295,34.7114],[-83.5295,34.7104],[-83.5314,34.7104],[-83.5328,34.7117],[-83.5333,34.7101],[-83.5313,34.7093],[-83.5306,34.7085],[-83.5303,34.7071],[-83.5291,34.7067],[-83.5288,34.7052],[-83.5354,34.7021],[-83.5404,34.7099],[-83.5447,34.716],[-83.5548,34.7119],[-83.5534,34.7099],[-83.5573,34.7074],[-83.5607,34.7145],[-83.5645,34.7176],[-83.5622,34.7219],[-83.5637,34.7241],[-83.5691,34.7172],[-83.5682,34.7099],[-83.5687,34.7102],[-83.5701,34.7102],[-83.5716,34.7099],[-83.5726,34.7105],[-83.5733,34.7112],[-83.5734,34.7107],[-83.5724,34.7099],[-83.5734,34.7087],[-83.5728,34.7082],[-83.572,34.7082],[-83.5716,34.7084],[-83.571,34.7095],[-83.5692,34.7098],[-83.566,34.708],[-83.5634,34.7038],[-83.565,34.7042],[-83.5655,34.7037],[-83.5657,34.7025],[-83.5669,34.7009],[-83.5668,34.7005],[-83.5659,34.7004],[-83.5654,34.6999],[-83.5664,34.6982],[-83.5663,34.6976],[-83.5652,34.6963],[-83.5651,34.6956],[-83.5646,34.6943],[-83.5639,34.6941],[-83.5629,34.6943],[-83.5624,34.694],[-83.5617,34.6923],[-83.5594,34.6903],[-83.5591,34.6886],[-83.5825,34.6776],[-83.592,34.6911],[-83.5919,34.6915],[-83.5908,34.6915],[-83.5898,34.6936],[-83.5913,34.6953],[-83.5952,34.6946],[-83.5953,34.6939],[-83.5961,34.6935],[-83.5962,34.6926],[-83.6096,34.6862],[-83.6107,34.6897],[-83.6116,34.6908],[-83.6121,34.6923],[-83.6134,34.6941],[-83.5871,34.7061],[-83.5875,34.7073],[-83.5872,34.7091],[-83.5874,34.7093],[-83.59,34.7074],[-83.5939,34.7126],[-83.5908,34.7144],[-83.5904,34.7148],[-83.5906,34.7154],[-83.5757,34.7221],[-83.5654,34.7272],[-83.5677,34.7302],[-83.5585,34.7352],[-83.5563,34.7322],[-83.5559,34.7323],[-83.552,34.7267],[-83.5481,34.7284],[-83.5509,34.7326],[-83.5508,34.7337],[-83.5515,34.7347],[-83.5523,34.7349],[-83.5481,34.7368],[-83.5498,34.7394],[-83.5483,34.7402],[-83.5488,34.741],[-83.5503,34.7403],[-83.552,34.7429],[-83.562,34.7396],[-83.5627,34.7398],[-83.5631,34.7405],[-83.5647,34.7405],[-83.5657,34.7409],[-83.5643,34.7387],[-83.5659,34.738],[-83.564,34.7354],[-83.5697,34.7332],[-83.5751,34.7411],[-83.5738,34.7415],[-83.5728,34.7414],[-83.5725,34.7428],[-83.5717,34.7438],[-83.572,34.7456],[-83.5728,34.7452],[-83.5731,34.7446],[-83.5734,34.7446],[-83.5741,34.7482],[-83.577,34.7476],[-83.5773,34.7482],[-83.5792,34.7469],[-83.5785,34.7458],[-83.5797,34.742],[-83.5904,34.7369],[-83.5936,34.7403],[-83.5964,34.7401],[-83.5978,34.7423],[-83.5922,34.7449],[-83.5965,34.7521],[-83.5913,34.7509],[-83.5866,34.7514],[-83.5857,34.7531],[-83.5864,34.7538],[-83.5865,34.7551],[-83.587,34.7559],[-83.5858,34.7571],[-83.5866,34.7581],[-83.5838,34.7591],[-83.5839,34.763],[-83.5831,34.7642],[-83.5828,34.7665],[-83.5829,34.7697],[-83.5762,34.7728],[-83.5768,34.7737],[-83.5766,34.7744],[-83.576,34.7747],[-83.5758,34.7763],[-83.5749,34.7774],[-83.574,34.7775],[-83.5733,34.7781],[-83.5731,34.7787],[-83.5749,34.7814],[-83.5703,34.7867],[-83.572,34.7894],[-83.5704,34.7913],[-83.5694,34.7916],[-83.5669,34.7913],[-83.5658,34.7902],[-83.5641,34.7897],[-83.5632,34.7891]]],[[[-83.494,34.7335],[-83.4969,34.7373],[-83.5023,34.735],[-83.5027,34.7334],[-83.5023,34.7329],[-83.5011,34.7333],[-83.5006,34.7331],[-83.5001,34.7322],[-83.4981,34.7301],[-83.4967,34.729],[-83.4957,34.7289],[-83.4943,34.729],[-83.4914,34.7302],[-83.494,34.7335]]],[[[-83.572,34.698],[-83.5714,34.6984],[-83.5711,34.6991],[-83.5715,34.7011],[-83.5709,34.7042],[-83.5755,34.7021],[-83.5724,34.6977],[-83.572,34.698]]],[[[-83.5342,34.7179],[-83.5413,34.7147],[-83.5385,34.7107],[-83.5322,34.7135],[-83.5338,34.7167],[-83.5333,34.7166],[-83.5342,34.7179]]],[[[-83.9051,34.784],[-83.9064,34.784],[-83.9067,34.7845],[-83.9064,34.786],[-83.9058,34.7871],[-83.9058,34.7878],[-83.9029,34.7878],[-83.9042,34.7872],[-83.905,34.785],[-83.9047,34.7846],[-83.9047,34.784],[-83.9051,34.784]]],[[[-83.5939,34.7753],[-83.5972,34.7738],[-83.6011,34.7795],[-83.5932,34.7833],[-83.5893,34.7775],[-83.5939,34.7753]]],[[[-84.6594,34.7673],[-84.6677,34.7672],[-84.6677,34.7748],[-84.6594,34.7748],[-84.6594,34.7673]]],[[[-84.6398,34.7747],[-84.6396,34.7599],[-84.639,34.7599],[-84.6393,34.7598],[-84.6393,34.7583],[-84.6374,34.7583],[-84.6374,34.7599],[-84.6319,34.7599],[-84.6319,34.7672],[-84.6316,34.7745],[-84.6251,34.7741],[-84.6251,34.7527],[-84.6396,34.7526],[-84.6393,34.7434],[-84.6511,34.7436],[-84.6518,34.7211],[-84.6398,34.7208],[-84.6398,34.7127],[-84.6336,34.7142],[-84.6343,34.715],[-84.6289,34.715],[-84.6286,34.7144],[-84.6277,34.7141],[-84.6273,34.7138],[-84.6265,34.7127],[-84.6264,34.7122],[-84.6249,34.713],[-84.6245,34.7139],[-84.6233,34.7137],[-84.6236,34.7129],[-84.6228,34.7119],[-84.623,34.7113],[-84.6248,34.7111],[-84.6271,34.7101],[-84.6274,34.7103],[-84.6283,34.7091],[-84.6298,34.7087],[-84.6301,34.7077],[-84.632,34.7058],[-84.634,34.7062],[-84.6355,34.707],[-84.6362,34.7063],[-84.6366,34.7062],[-84.6375,34.7074],[-84.6385,34.708],[-84.6387,34.7089],[-84.6398,34.709],[-84.6398,34.7056],[-84.6529,34.7059],[-84.6525,34.7127],[-84.6703,34.712],[-84.679,34.712],[-84.6791,34.6991],[-84.6863,34.6991],[-84.6863,34.7056],[-84.6954,34.7055],[-84.6952,34.6981],[-84.6998,34.6982],[-84.7055,34.6934],[-84.706,34.6936],[-84.7065,34.6946],[-84.7077,34.6957],[-84.7092,34.6982],[-84.7036,34.6982],[-84.7035,34.7053],[-84.7132,34.7052],[-84.7134,34.7123],[-84.6863,34.712],[-84.6864,34.7211],[-84.6862,34.7211],[-84.6863,34.7285],[-84.6763,34.7285],[-84.6765,34.7348],[-84.6863,34.7349],[-84.6864,34.7295],[-84.687,34.7296],[-84.6877,34.7302],[-84.6885,34.7304],[-84.6894,34.7303],[-84.6901,34.7306],[-84.6907,34.732],[-84.6914,34.7317],[-84.6946,34.7341],[-84.6942,34.7428],[-84.6941,34.7525],[-84.6861,34.7525],[-84.6857,34.7671],[-84.6677,34.7672],[-84.6677,34.7599],[-84.6594,34.7599],[-84.6594,34.7673],[-84.6517,34.7673],[-84.6515,34.7748],[-84.6398,34.7747]]],[[[-84.2721,34.774],[-84.2718,34.7732],[-84.2709,34.7733],[-84.2702,34.7727],[-84.2686,34.7737],[-84.2673,34.773],[-84.2671,34.7731],[-84.2679,34.774],[-84.2634,34.774],[-84.2647,34.7725],[-84.2659,34.7717],[-84.2677,34.7717],[-84.2687,34.7709],[-84.2709,34.7715],[-84.2739,34.7714],[-84.2736,34.7733],[-84.2732,34.774],[-84.2721,34.774]]],[[[-84.2345,34.7559],[-84.2346,34.7556],[-84.2318,34.7556],[-84.2304,34.755],[-84.2292,34.755],[-84.2287,34.7555],[-84.2278,34.7554],[-84.2271,34.7556],[-84.2262,34.7556],[-84.2261,34.7498],[-84.2296,34.7499],[-84.2295,34.7515],[-84.231,34.7527],[-84.2346,34.753],[-84.2346,34.7527],[-84.2436,34.7528],[-84.2436,34.7557],[-84.2351,34.7557],[-84.2345,34.7559]]],[[[-84.7206,34.7521],[-84.7206,34.7464],[-84.7219,34.7466],[-84.7224,34.7469],[-84.7235,34.749],[-84.7243,34.7499],[-84.7238,34.751],[-84.7247,34.7511],[-84.7252,34.7502],[-84.7265,34.7503],[-84.7267,34.7505],[-84.7264,34.7516],[-84.7266,34.7521],[-84.7206,34.7521]]],[[[-84.7284,34.7519],[-84.7272,34.7518],[-84.7274,34.7505],[-84.727,34.7499],[-84.7252,34.7497],[-84.7245,34.7492],[-84.7227,34.7464],[-84.7208,34.7459],[-84.7206,34.7452],[-84.7206,34.7431],[-84.7202,34.7431],[-84.7195,34.7409],[-84.7187,34.7405],[-84.718,34.7407],[-84.7177,34.7413],[-84.7182,34.7431],[-84.7145,34.7432],[-84.7133,34.7422],[-84.7125,34.742],[-84.7111,34.7427],[-84.7098,34.7428],[-84.7089,34.7433],[-84.7071,34.7435],[-84.7067,34.7442],[-84.7068,34.7455],[-84.7062,34.7469],[-84.7061,34.748],[-84.7049,34.7491],[-84.7054,34.7503],[-84.7044,34.7507],[-84.7038,34.7513],[-84.7027,34.7515],[-84.703,34.7284],[-84.6946,34.7283],[-84.6947,34.7212],[-84.7106,34.7213],[-84.7104,34.7354],[-84.7206,34.7355],[-84.7206,34.7276],[-84.7252,34.7275],[-84.7253,34.733],[-84.7298,34.733],[-84.7296,34.7521],[-84.7284,34.7519]]],[[[-84.2611,34.7432],[-84.2611,34.7393],[-84.2588,34.7388],[-84.2587,34.7378],[-84.2594,34.7352],[-84.2611,34.7344],[-84.2611,34.7317],[-84.2574,34.731],[-84.2563,34.7312],[-84.2544,34.733],[-84.2544,34.7343],[-84.2524,34.7343],[-84.2524,34.7363],[-84.2441,34.7363],[-84.2442,34.7189],[-84.2425,34.7174],[-84.24,34.7174],[-84.2395,34.7168],[-84.2404,34.715],[-84.2522,34.7149],[-84.2522,34.7181],[-84.2743,34.7184],[-84.2743,34.7244],[-84.2719,34.7236],[-84.2707,34.7237],[-84.27,34.7225],[-84.2688,34.7219],[-84.2682,34.7222],[-84.2679,34.7227],[-84.2669,34.7235],[-84.2691,34.7249],[-84.2691,34.7315],[-84.2672,34.7325],[-84.2677,34.7332],[-84.2682,34.7334],[-84.2685,34.7342],[-84.2697,34.7353],[-84.2701,34.7367],[-84.2706,34.7369],[-84.2712,34.7389],[-84.272,34.7395],[-84.2747,34.74],[-84.2747,34.743],[-84.2657,34.7429],[-84.264,34.7463],[-84.2647,34.7475],[-84.264,34.7481],[-84.2636,34.7488],[-84.2632,34.7503],[-84.2627,34.7504],[-84.2624,34.7503],[-84.2619,34.7492],[-84.2609,34.7481],[-84.2604,34.7472],[-84.2601,34.7472],[-84.2603,34.7457],[-84.2611,34.7448],[-84.2611,34.7432]]],[[[-85.1492,34.7428],[-85.1492,34.739],[-85.1403,34.739],[-85.1404,34.7202],[-85.1418,34.7202],[-85.1434,34.7183],[-85.1439,34.7166],[-85.1424,34.7141],[-85.1415,34.714],[-85.1416,34.7117],[-85.1428,34.7117],[-85.1433,34.7114],[-85.1438,34.707],[-85.1378,34.7073],[-85.1374,34.7065],[-85.138,34.7064],[-85.138,34.7054],[-85.1372,34.7039],[-85.1371,34.7025],[-85.1374,34.7016],[-85.1371,34.7002],[-85.1378,34.6987],[-85.1388,34.6979],[-85.139,34.6966],[-85.1389,34.6963],[-85.1392,34.6951],[-85.1412,34.6952],[-85.1419,34.696],[-85.1487,34.6958],[-85.1496,34.6952],[-85.1508,34.6952],[-85.1509,34.6899],[-85.1596,34.69],[-85.1596,34.6882],[-85.1685,34.6882],[-85.1684,34.6966],[-85.1704,34.6966],[-85.1709,34.6973],[-85.1713,34.6973],[-85.1711,34.6965],[-85.1766,34.6966],[-85.1767,34.6882],[-85.1857,34.6882],[-85.1858,34.6736],[-85.1945,34.6736],[-85.1946,34.6695],[-85.1966,34.6695],[-85.1966,34.666],[-85.2026,34.666],[-85.203,34.6352],[-85.2225,34.6351],[-85.2225,34.6424],[-85.2193,34.6424],[-85.218,34.6479],[-85.2165,34.6512],[-85.2164,34.6529],[-85.2159,34.6547],[-85.2147,34.6568],[-85.2134,34.6568],[-85.2134,34.6714],[-85.2083,34.6714],[-85.2073,34.673],[-85.2068,34.6743],[-85.2043,34.6766],[-85.2029,34.6785],[-85.2025,34.6787],[-85.2025,34.6809],[-85.1999,34.6809],[-85.199,34.6818],[-85.198,34.6838],[-85.1943,34.6869],[-85.1943,34.6882],[-85.1971,34.6903],[-85.1972,34.6952],[-85.1955,34.6953],[-85.1955,34.6957],[-85.1918,34.6956],[-85.1918,34.6971],[-85.1904,34.6966],[-85.1897,34.6954],[-85.1878,34.6954],[-85.1882,34.6942],[-85.1879,34.6926],[-85.1884,34.6907],[-85.1891,34.6893],[-85.1884,34.6882],[-85.1882,34.6882],[-85.1889,34.6893],[-85.1882,34.6907],[-85.1877,34.6928],[-85.188,34.6946],[-85.1876,34.6954],[-85.187,34.6959],[-85.1868,34.6983],[-85.1872,34.6992],[-85.1872,34.7001],[-85.1855,34.7001],[-85.1855,34.7022],[-85.1847,34.7022],[-85.1846,34.7038],[-85.1834,34.7038],[-85.1834,34.7043],[-85.1818,34.7043],[-85.1818,34.7099],[-85.1764,34.7099],[-85.1764,34.7118],[-85.1735,34.7118],[-85.1723,34.7139],[-85.1694,34.7168],[-85.1694,34.7174],[-85.1729,34.7174],[-85.1728,34.7243],[-85.1712,34.7244],[-85.1712,34.7317],[-85.1635,34.7317],[-85.1635,34.739],[-85.1668,34.7389],[-85.1668,34.7426],[-85.1582,34.7426],[-85.1582,34.7462],[-85.1492,34.7463],[-85.1492,34.7428]]],[[[-85.1578,34.7202],[-85.1493,34.7202],[-85.1493,34.7245],[-85.1581,34.7244],[-85.1581,34.7202],[-85.1578,34.7202]]],[[[-85.0364,34.6084],[-85.051,34.6083],[-85.0508,34.6362],[-85.0595,34.6361],[-85.0595,34.6328],[-85.0687,34.6328],[-85.0687,34.6155],[-85.0597,34.6154],[-85.0599,34.6006],[-85.0573,34.6006],[-85.0573,34.599],[-85.056,34.599],[-85.0557,34.5983],[-85.0556,34.5975],[-85.0548,34.5959],[-85.054,34.5953],[-85.054,34.5945],[-85.0512,34.5944],[-85.0512,34.5923],[-85.0598,34.5924],[-85.0598,34.5871],[-85.0555,34.5871],[-85.0553,34.58],[-85.0642,34.58],[-85.0639,34.5657],[-85.0726,34.5658],[-85.0725,34.5728],[-85.0817,34.5728],[-85.0819,34.5801],[-85.0872,34.5801],[-85.0872,34.5828],[-85.0876,34.5828],[-85.0871,34.5834],[-85.0861,34.5838],[-85.0863,34.5872],[-85.0819,34.5872],[-85.082,34.5951],[-85.083,34.5953],[-85.0823,34.5961],[-85.0824,34.5972],[-85.0819,34.5972],[-85.0819,34.5988],[-85.0823,34.5989],[-85.0821,34.601],[-85.1075,34.6012],[-85.1075,34.5874],[-85.0986,34.5873],[-85.0986,34.58],[-85.1075,34.58],[-85.1077,34.5656],[-85.0993,34.5657],[-85.0992,34.5582],[-85.1164,34.5581],[-85.1163,34.5432],[-85.1172,34.5432],[-85.1171,34.5361],[-85.1251,34.536],[-85.1252,34.5214],[-85.127,34.5214],[-85.1296,34.5139],[-85.1338,34.514],[-85.1338,34.5069],[-85.1424,34.507],[-85.1424,34.4925],[-85.1512,34.4925],[-85.1513,34.4854],[-85.1689,34.4855],[-85.1688,34.4925],[-85.1598,34.4925],[-85.1599,34.4997],[-85.1513,34.4997],[-85.1514,34.5071],[-85.1587,34.5072],[-85.1592,34.5137],[-85.1573,34.5141],[-85.1572,34.5187],[-85.1555,34.5188],[-85.1542,34.5199],[-85.1525,34.5194],[-85.1515,34.5197],[-85.1515,34.5216],[-85.1688,34.5217],[-85.1686,34.5292],[-85.1601,34.5293],[-85.1601,34.5275],[-85.1516,34.5275],[-85.1516,34.5262],[-85.1425,34.5262],[-85.1424,34.5431],[-85.1336,34.5431],[-85.1335,34.5504],[-85.1423,34.5503],[-85.1422,34.558],[-85.1458,34.5579],[-85.1458,34.5588],[-85.1493,34.5588],[-85.1493,34.5613],[-85.1481,34.5614],[-85.1481,34.5623],[-85.1493,34.5623],[-85.1491,34.5641],[-85.1494,34.5651],[-85.1493,34.5654],[-85.1512,34.5653],[-85.1512,34.5731],[-85.1505,34.5733],[-85.149,34.578],[-85.1484,34.5786],[-85.1476,34.5782],[-85.1468,34.5798],[-85.1451,34.5798],[-85.1446,34.5822],[-85.1454,34.5827],[-85.1424,34.5873],[-85.1386,34.5873],[-85.1386,34.5924],[-85.1401,34.5924],[-85.1376,34.594],[-85.1333,34.594],[-85.1333,34.6013],[-85.125,34.6013],[-85.125,34.6086],[-85.1075,34.6085],[-85.1075,34.616],[-85.1125,34.616],[-85.1137,34.6177],[-85.1167,34.6175],[-85.1167,34.6206],[-85.116,34.6231],[-85.1075,34.6231],[-85.1075,34.6296],[-85.1046,34.6296],[-85.1046,34.6364],[-85.0985,34.6364],[-85.0986,34.6507],[-85.0974,34.6506],[-85.0957,34.6466],[-85.0964,34.6457],[-85.0907,34.6466],[-85.0904,34.6463],[-85.0903,34.6443],[-85.0909,34.6443],[-85.0909,34.6435],[-85.0822,34.6435],[-85.0821,34.6466],[-85.0773,34.6465],[-85.0773,34.6436],[-85.0769,34.644],[-85.0764,34.6436],[-85.0729,34.6436],[-85.0729,34.6469],[-85.0773,34.647],[-85.0772,34.6504],[-85.0728,34.6503],[-85.073,34.6579],[-85.0775,34.6579],[-85.0776,34.6505],[-85.082,34.6505],[-85.082,34.6579],[-85.0907,34.6579],[-85.0906,34.6657],[-85.0936,34.6657],[-85.0934,34.6695],[-85.0926,34.6697],[-85.0906,34.6696],[-85.0884,34.6699],[-85.0874,34.6686],[-85.0866,34.6684],[-85.0858,34.6673],[-85.0851,34.6669],[-85.0854,34.6656],[-85.0791,34.6655],[-85.0797,34.6644],[-85.0799,34.6628],[-85.0834,34.6628],[-85.0834,34.661],[-85.073,34.661],[-85.0725,34.6725],[-85.0665,34.6725],[-85.0664,34.6759],[-85.0652,34.6756],[-85.0639,34.6748],[-85.063,34.6737],[-85.0627,34.6725],[-85.0621,34.6725],[-85.0626,34.6738],[-85.0634,34.6749],[-85.0645,34.6756],[-85.066,34.6762],[-85.0659,34.6779],[-85.0652,34.6793],[-85.0554,34.6791],[-85.0553,34.6816],[-85.0651,34.6817],[-85.0654,34.6829],[-85.0663,34.6842],[-85.0669,34.6846],[-85.066,34.6846],[-85.0657,34.6842],[-85.0652,34.6842],[-85.0648,34.6846],[-85.0553,34.6846],[-85.0553,34.687],[-85.0674,34.687],[-85.0676,34.6908],[-85.0643,34.6908],[-85.0642,34.699],[-85.0553,34.6988],[-85.0553,34.7034],[-85.0641,34.7035],[-85.064,34.7112],[-85.0552,34.7111],[-85.0551,34.7198],[-85.051,34.7197],[-85.051,34.7104],[-85.0451,34.7104],[-85.045,34.703],[-85.036,34.703],[-85.036,34.7052],[-85.0273,34.7052],[-85.0273,34.72],[-85.0246,34.72],[-85.0244,34.7356],[-85.0241,34.7359],[-85.0236,34.7354],[-85.0224,34.7355],[-85.021,34.737],[-85.0198,34.737],[-85.0191,34.7374],[-85.0169,34.74],[-85.0166,34.7402],[-85.0157,34.7402],[-85.0157,34.7415],[-85.015,34.7416],[-85.0145,34.7419],[-85.0137,34.7438],[-85.0125,34.745],[-85.0109,34.7418],[-85.01,34.7415],[-85.0078,34.7415],[-85.0068,34.7401],[-85.0069,34.7325],[-85.0159,34.7325],[-85.0161,34.7202],[-85.0085,34.7201],[-85.0086,34.7167],[-85.0181,34.7166],[-85.0182,34.681],[-85.0094,34.6811],[-85.0094,34.6667],[-85.0272,34.6667],[-85.0273,34.6594],[-85.0363,34.6593],[-85.0364,34.6519],[-85.0402,34.6519],[-85.0402,34.6447],[-85.0369,34.6447],[-85.0369,34.6377],[-85.0155,34.6378],[-85.0155,34.6419],[-85.0149,34.6423],[-85.0144,34.6424],[-85.0124,34.6415],[-85.0097,34.6412],[-85.0097,34.6379],[-85.0132,34.6378],[-85.0097,34.6369],[-85.0097,34.6306],[-85.0062,34.6304],[-85.0097,34.6305],[-85.0096,34.6086],[-85.0141,34.6086],[-85.0141,34.6013],[-85.0276,34.6011],[-85.0364,34.6011],[-85.0364,34.6084]]],[[[-85.0806,34.6593],[-85.0813,34.6594],[-85.0814,34.6589],[-85.0808,34.6588],[-85.0806,34.6593]]],[[[-85.0452,34.6594],[-85.0453,34.6519],[-85.0409,34.6519],[-85.0408,34.6594],[-85.0452,34.6594]]],[[[-85.0508,34.6503],[-85.0508,34.6578],[-85.0594,34.6579],[-85.0601,34.655],[-85.0613,34.6516],[-85.0612,34.6502],[-85.0609,34.6502],[-85.0609,34.6476],[-85.0595,34.6476],[-85.0596,34.6432],[-85.0508,34.6431],[-85.0508,34.6503]]],[[[-85.0363,34.6084],[-85.0276,34.6085],[-85.0276,34.6159],[-85.0365,34.6159],[-85.0363,34.6084]]],[[[-85.0904,34.6085],[-85.0905,34.6119],[-85.0915,34.612],[-85.0915,34.6083],[-85.0904,34.6083],[-85.0904,34.6085]]],[[[-85.0801,34.6058],[-85.0807,34.6058],[-85.0807,34.6053],[-85.0801,34.6053],[-85.0801,34.6058]]],[[[-85.1207,34.593],[-85.1208,34.5934],[-85.1216,34.5936],[-85.1222,34.5926],[-85.1224,34.5916],[-85.1229,34.5913],[-85.123,34.591],[-85.1203,34.5911],[-85.1201,34.5922],[-85.1197,34.5927],[-85.1202,34.5927],[-85.1202,34.593],[-85.1207,34.593]]],[[[-85.0643,34.593],[-85.0641,34.6007],[-85.0731,34.6009],[-85.0732,34.5872],[-85.0644,34.5871],[-85.0643,34.593]]],[[[-85.0735,34.5794],[-85.0735,34.5797],[-85.0738,34.5797],[-85.0738,34.5794],[-85.0735,34.5794]]],[[[-85.1457,34.5725],[-85.1461,34.5725],[-85.1461,34.5721],[-85.1457,34.5721],[-85.1457,34.5725]]],[[[-84.6393,34.7434],[-84.6321,34.7432],[-84.6322,34.7351],[-84.6395,34.735],[-84.6393,34.7434]]],[[[-84.2183,34.7185],[-84.2185,34.7158],[-84.2233,34.7158],[-84.223,34.7166],[-84.2272,34.7202],[-84.2272,34.7223],[-84.2182,34.7223],[-84.2183,34.7185]]],[[[-83.7479,34.7186],[-83.7481,34.7181],[-83.7487,34.7185],[-83.7493,34.718],[-83.7493,34.7178],[-83.7499,34.7175],[-83.7501,34.7178],[-83.7496,34.7181],[-83.7495,34.7193],[-83.748,34.7204],[-83.7474,34.7198],[-83.7485,34.7195],[-83.7486,34.7188],[-83.7478,34.7187],[-83.7479,34.7186]]],[[[-83.3925,34.7159],[-83.3917,34.7146],[-83.3865,34.717],[-83.3812,34.7093],[-83.3864,34.7068],[-83.3808,34.6992],[-83.3702,34.7042],[-83.3655,34.6976],[-83.3525,34.6784],[-83.3473,34.6773],[-83.3455,34.6761],[-83.3449,34.6769],[-83.3445,34.6783],[-83.3429,34.6783],[-83.3402,34.6772],[-83.3395,34.6775],[-83.3385,34.6786],[-83.3362,34.6799],[-83.3331,34.6806],[-83.3301,34.6807],[-83.3285,34.6804],[-83.3245,34.678],[-83.3219,34.6769],[-83.3193,34.6745],[-83.3177,34.6695],[-83.3195,34.6704],[-83.3207,34.6693],[-83.3189,34.6693],[-83.3117,34.6659],[-83.3095,34.6642],[-83.3062,34.6625],[-83.3045,34.6613],[-83.314,34.6547],[-83.3071,34.6521],[-83.3094,34.6467],[-83.3092,34.6451],[-83.3049,34.6409],[-83.2944,34.635],[-83.295,34.6309],[-83.3075,34.6304],[-83.3071,34.631],[-83.3073,34.6314],[-83.307,34.6317],[-83.3069,34.6326],[-83.3059,34.6334],[-83.3062,34.6338],[-83.306,34.6339],[-83.3059,34.6347],[-83.3073,34.6359],[-83.308,34.6359],[-83.3088,34.6364],[-83.3096,34.6364],[-83.31,34.6372],[-83.31,34.6388],[-83.3116,34.638],[-83.3128,34.6387],[-83.3179,34.6362],[-83.3224,34.6373],[-83.3275,34.6427],[-83.3298,34.6447],[-83.3307,34.6452],[-83.3373,34.6412],[-83.3392,34.6413],[-83.3365,34.6365],[-83.3345,34.6375],[-83.3332,34.6359],[-83.3343,34.6355],[-83.3404,34.6304],[-83.3411,34.6282],[-83.3371,34.6261],[-83.3391,34.6259],[-83.3395,34.6243],[-83.3371,34.6225],[-83.3346,34.6212],[-83.3325,34.621],[-83.3291,34.6186],[-83.3292,34.6182],[-83.3295,34.6178],[-83.331,34.6171],[-83.3315,34.6162],[-83.3301,34.6164],[-83.3273,34.6156],[-83.3294,34.6145],[-83.3301,34.6136],[-83.3313,34.6139],[-83.3303,34.6133],[-83.3338,34.6089],[-83.3356,34.6085],[-83.3369,34.6088],[-83.3392,34.6079],[-83.3426,34.6052],[-83.343,34.6055],[-83.343,34.6044],[-83.3434,34.6045],[-83.3435,34.6049],[-83.3433,34.6059],[-83.3429,34.607],[-83.3422,34.6074],[-83.3427,34.6083],[-83.3428,34.6091],[-83.3401,34.6116],[-83.3431,34.6117],[-83.3434,34.6124],[-83.3439,34.6125],[-83.3455,34.6108],[-83.3464,34.6103],[-83.3467,34.6105],[-83.347,34.6124],[-83.3461,34.613],[-83.3456,34.6139],[-83.3455,34.6149],[-83.3443,34.6161],[-83.3438,34.6174],[-83.3432,34.6181],[-83.3435,34.62],[-83.3459,34.617],[-83.3503,34.6188],[-83.3516,34.62],[-83.3525,34.6201],[-83.351,34.6214],[-83.3474,34.6213],[-83.3461,34.6205],[-83.3463,34.6222],[-83.3441,34.6244],[-83.3453,34.6251],[-83.3493,34.6262],[-83.3507,34.6277],[-83.3493,34.6281],[-83.3502,34.6292],[-83.3469,34.6329],[-83.3461,34.6334],[-83.3483,34.6343],[-83.3493,34.635],[-83.3499,34.6342],[-83.3512,34.6338],[-83.3519,34.633],[-83.3528,34.6327],[-83.3564,34.635],[-83.3569,34.6371],[-83.3564,34.6379],[-83.357,34.6385],[-83.3576,34.6403],[-83.3602,34.6398],[-83.3614,34.637],[-83.3637,34.6359],[-83.3617,34.6327],[-83.3687,34.6292],[-83.3693,34.63],[-83.3678,34.6352],[-83.3688,34.6352],[-83.3713,34.6363],[-83.3702,34.6379],[-83.3714,34.6387],[-83.3746,34.6371],[-83.3707,34.6318],[-83.373,34.63],[-83.3724,34.6295],[-83.3733,34.6291],[-83.3749,34.6299],[-83.3755,34.6295],[-83.3766,34.6297],[-83.3761,34.6303],[-83.3765,34.6306],[-83.3775,34.6311],[-83.3795,34.6314],[-83.3808,34.6328],[-83.3823,34.6336],[-83.3824,34.6337],[-83.3813,34.6341],[-83.3824,34.6366],[-83.3842,34.6394],[-83.3849,34.6391],[-83.3875,34.6421],[-83.3898,34.6408],[-83.3902,34.6408],[-83.3908,34.641],[-83.3939,34.6433],[-83.3804,34.6239],[-83.3885,34.6197],[-83.3941,34.6281],[-83.3972,34.6266],[-83.3957,34.6258],[-83.3929,34.6227],[-83.3972,34.6217],[-83.3986,34.6231],[-83.4003,34.6237],[-83.401,34.6252],[-83.4016,34.6256],[-83.4015,34.626],[-83.4021,34.6268],[-83.4018,34.6274],[-83.4023,34.6276],[-83.4024,34.6284],[-83.4045,34.6276],[-83.4045,34.63],[-83.3991,34.6321],[-83.4008,34.6352],[-83.4085,34.6312],[-83.4071,34.6309],[-83.4062,34.631],[-83.4056,34.6303],[-83.4059,34.63],[-83.408,34.6296],[-83.4081,34.6289],[-83.4076,34.6287],[-83.4081,34.6284],[-83.4094,34.6308],[-83.4129,34.6357],[-83.4204,34.6321],[-83.4234,34.6309],[-83.4237,34.6303],[-83.4242,34.6301],[-83.4253,34.6297],[-83.4266,34.6297],[-83.4275,34.6304],[-83.4325,34.6279],[-83.4347,34.6317],[-83.4378,34.6355],[-83.4391,34.6348],[-83.4383,34.6386],[-83.4375,34.6399],[-83.4384,34.64],[-83.431,34.6431],[-83.4266,34.637],[-83.4256,34.6379],[-83.4247,34.638],[-83.4245,34.6365],[-83.4258,34.6359],[-83.4244,34.634],[-83.422,34.6341],[-83.4233,34.6352],[-83.423,34.6365],[-83.4233,34.6371],[-83.4162,34.6405],[-83.4213,34.648],[-83.403,34.6571],[-83.4048,34.6596],[-83.4028,34.66],[-83.4003,34.661],[-83.4014,34.6623],[-83.3991,34.6639],[-83.4039,34.6693],[-83.3991,34.6715],[-83.4029,34.6773],[-83.4133,34.6722],[-83.4125,34.671],[-83.4146,34.6702],[-83.4178,34.6722],[-83.4177,34.6727],[-83.4146,34.6742],[-83.4167,34.6772],[-83.4158,34.6771],[-83.4138,34.6773],[-83.4123,34.6779],[-83.4146,34.6827],[-83.4086,34.6856],[-83.4143,34.6937],[-83.4166,34.6927],[-83.4176,34.6941],[-83.4161,34.6948],[-83.4178,34.6973],[-83.4203,34.6962],[-83.4181,34.6988],[-83.4166,34.6968],[-83.4158,34.6975],[-83.4131,34.6979],[-83.4118,34.6969],[-83.4122,34.6959],[-83.4117,34.6949],[-83.3948,34.7031],[-83.3957,34.7054],[-83.3926,34.7067],[-83.3954,34.7116],[-83.3966,34.7102],[-83.3983,34.7117],[-83.4103,34.7061],[-83.4045,34.7103],[-83.3978,34.7131],[-83.3963,34.7142],[-83.3948,34.716],[-83.3941,34.7182],[-83.3925,34.7159]]],[[[-83.3568,34.6751],[-83.3572,34.6751],[-83.3572,34.6745],[-83.3568,34.6745],[-83.3568,34.6751]]],[[[-83.3821,34.6706],[-83.3783,34.6732],[-83.3799,34.6748],[-83.3851,34.6717],[-83.3831,34.6699],[-83.3821,34.6706]]],[[[-83.396,34.6608],[-83.3927,34.6622],[-83.3942,34.6643],[-83.3982,34.6624],[-83.397,34.6604],[-83.396,34.6608]]],[[[-83.3749,34.6566],[-83.3675,34.6609],[-83.3698,34.6641],[-83.3788,34.6585],[-83.3763,34.6557],[-83.3749,34.6566]]],[[[-83.3542,34.6578],[-83.3533,34.6583],[-83.3562,34.6624],[-83.3585,34.6613],[-83.3588,34.6601],[-83.3578,34.6582],[-83.3581,34.6572],[-83.3605,34.6577],[-83.3617,34.6574],[-83.3618,34.6557],[-83.363,34.6556],[-83.3635,34.6552],[-83.3624,34.6537],[-83.3542,34.6578]]],[[[-83.3654,34.651],[-83.3661,34.6519],[-83.3709,34.6496],[-83.368,34.6456],[-83.3667,34.6467],[-83.3654,34.647],[-83.3634,34.6461],[-83.3621,34.6461],[-83.3654,34.651]]],[[[-83.393,34.6324],[-83.396,34.634],[-83.3925,34.6289],[-83.3876,34.6313],[-83.39,34.6336],[-83.3927,34.6322],[-83.393,34.6324]]],[[[-83.3377,34.6782],[-83.3383,34.6783],[-83.3379,34.6781],[-83.3377,34.6782]]],[[[-83.3369,34.6791],[-83.3368,34.6794],[-83.3374,34.679],[-83.3371,34.6788],[-83.3369,34.6791]]],[[[-84.9388,34.7123],[-84.9381,34.7116],[-84.937,34.7116],[-84.9367,34.7097],[-84.9396,34.7097],[-84.9391,34.7118],[-84.9388,34.7123]]],[[[-84.6398,34.7056],[-84.6268,34.7054],[-84.6271,34.6979],[-84.6398,34.6982],[-84.6398,34.7056]]],[[[-83.4219,34.6955],[-83.4249,34.6995],[-83.4202,34.7016],[-83.4185,34.6993],[-83.4213,34.6958],[-83.4219,34.6955]]],[[[-84.6624,34.6983],[-84.6623,34.6918],[-84.6705,34.6919],[-84.6704,34.6985],[-84.6624,34.6983]]],[[[-84.6395,34.6916],[-84.6394,34.6838],[-84.6525,34.6848],[-84.6526,34.6917],[-84.6395,34.6916]]],[[[-84.4252,34.6767],[-84.4333,34.6766],[-84.4333,34.6839],[-84.4253,34.6839],[-84.4252,34.6767]]],[[[-83.5968,34.6779],[-83.5966,34.6777],[-83.5957,34.6787],[-83.592,34.6732],[-83.6023,34.6684],[-83.6069,34.6755],[-83.6053,34.6764],[-83.6065,34.6776],[-83.6073,34.6797],[-83.6057,34.6806],[-83.6059,34.681],[-83.5987,34.6833],[-83.5967,34.6803],[-83.5973,34.6786],[-83.5968,34.6779]]],[[[-85.1511,34.6803],[-85.1537,34.6734],[-85.1598,34.6734],[-85.16,34.666],[-85.1671,34.666],[-85.1671,34.6675],[-85.1687,34.6676],[-85.1686,34.674],[-85.1598,34.674],[-85.1597,34.6805],[-85.1511,34.6803]]],[[[-85.1116,34.6739],[-85.1121,34.6731],[-85.1131,34.6736],[-85.1125,34.6744],[-85.1116,34.6739]]],[[[-83.9208,34.6707],[-83.9208,34.6705],[-83.922,34.6713],[-83.9215,34.6726],[-83.9208,34.6726],[-83.9208,34.6707]]],[[[-84.2712,34.6546],[-84.2713,34.6614],[-84.2748,34.6615],[-84.2753,34.6628],[-84.2763,34.6637],[-84.2754,34.6639],[-84.2751,34.6643],[-84.2736,34.6644],[-84.273,34.6647],[-84.2718,34.6639],[-84.2713,34.6627],[-84.2712,34.667],[-84.2703,34.6682],[-84.2695,34.6682],[-84.2686,34.6678],[-84.267,34.6657],[-84.2634,34.6665],[-84.2639,34.6683],[-84.2653,34.6693],[-84.2652,34.6702],[-84.2641,34.6701],[-84.263,34.6707],[-84.2606,34.6705],[-84.26,34.6691],[-84.2601,34.6686],[-84.2591,34.6673],[-84.2587,34.6659],[-84.2582,34.6659],[-84.2582,34.665],[-84.2588,34.6648],[-84.259,34.6643],[-84.2598,34.6639],[-84.2603,34.6628],[-84.2601,34.6622],[-84.2603,34.6619],[-84.2601,34.6617],[-84.2602,34.6614],[-84.2626,34.6614],[-84.2623,34.6547],[-84.2712,34.6546]]],[[[-83.3111,34.6694],[-83.3098,34.6689],[-83.3092,34.6682],[-83.3114,34.666],[-83.3143,34.6673],[-83.3149,34.6682],[-83.3111,34.6694]]],[[[-85.16,34.6642],[-85.16,34.6586],[-85.1666,34.6587],[-85.1666,34.6621],[-85.1687,34.6621],[-85.1687,34.6638],[-85.16,34.6642]]],[[[-83.8812,34.6611],[-83.8781,34.6611],[-83.8779,34.66],[-83.8757,34.6589],[-83.8749,34.659],[-83.873,34.658],[-83.8723,34.6572],[-83.8713,34.6569],[-83.8693,34.6574],[-83.8672,34.6573],[-83.866,34.6568],[-83.864,34.6567],[-83.8627,34.657],[-83.8621,34.6565],[-83.8609,34.6563],[-83.8595,34.6562],[-83.8584,34.6565],[-83.8585,34.6523],[-83.8749,34.6525],[-83.8749,34.6532],[-83.8773,34.6534],[-83.8787,34.654],[-83.8797,34.654],[-83.8804,34.6544],[-83.881,34.6544],[-83.8813,34.6545],[-83.8812,34.6611]]],[[[-83.915,34.6518],[-83.9167,34.6517],[-83.9166,34.6553],[-83.9122,34.6553],[-83.9122,34.6531],[-83.9131,34.653],[-83.9134,34.6527],[-83.9135,34.6522],[-83.915,34.6518]]],[[[-84.2712,34.6546],[-84.2712,34.6474],[-84.2802,34.6473],[-84.2805,34.6545],[-84.2712,34.6546]]],[[[-83.7192,34.6311],[-83.717,34.6311],[-83.7171,34.64],[-83.7191,34.64],[-83.7191,34.6492],[-83.6978,34.6489],[-83.6978,34.6448],[-83.7084,34.6449],[-83.7084,34.6351],[-83.7037,34.6351],[-83.7037,34.6322],[-83.7049,34.6323],[-83.705,34.6313],[-83.6977,34.6315],[-83.6976,34.6239],[-83.7038,34.6247],[-83.704,34.6251],[-83.7056,34.6258],[-83.7064,34.6256],[-83.7071,34.6244],[-83.7088,34.6245],[-83.7101,34.6244],[-83.7106,34.6235],[-83.7088,34.622],[-83.7193,34.6223],[-83.7192,34.6311]]],[[[-83.9208,34.6448],[-83.9212,34.6448],[-83.9211,34.6482],[-83.9169,34.6483],[-83.9169,34.6448],[-83.9208,34.6448]]],[[[-83.9703,34.6394],[-83.9616,34.6392],[-83.9616,34.6357],[-83.9659,34.6357],[-83.9659,34.6322],[-83.9703,34.6323],[-83.9703,34.6394]]],[[[-85.2135,34.6346],[-85.2136,34.6279],[-85.2226,34.6279],[-85.2225,34.6198],[-85.2181,34.6198],[-85.2181,34.6128],[-85.2225,34.6127],[-85.2225,34.5979],[-85.2308,34.5979],[-85.2306,34.5746],[-85.2128,34.5745],[-85.2129,34.567],[-85.2039,34.5669],[-85.204,34.5725],[-85.195,34.5725],[-85.1949,34.5652],[-85.2039,34.5652],[-85.2038,34.5524],[-85.213,34.5525],[-85.213,34.5459],[-85.2218,34.5459],[-85.2217,34.5383],[-85.2305,34.5385],[-85.2308,34.5239],[-85.2335,34.5242],[-85.2345,34.5246],[-85.2348,34.5242],[-85.2352,34.5243],[-85.2354,34.5313],[-85.2396,34.5313],[-85.2396,34.524],[-85.2441,34.524],[-85.2442,34.5169],[-85.2571,34.5171],[-85.2572,34.5058],[-85.2616,34.5059],[-85.2617,34.5023],[-85.2661,34.5023],[-85.2663,34.4879],[-85.2748,34.488],[-85.2751,34.4737],[-85.2851,34.4736],[-85.2851,34.4732],[-85.2872,34.474],[-85.2898,34.474],[-85.2912,34.4743],[-85.2942,34.4769],[-85.2945,34.48],[-85.294,34.48],[-85.2928,34.4812],[-85.2943,34.4812],[-85.2939,34.4878],[-85.285,34.4879],[-85.2849,34.5024],[-85.2758,34.5023],[-85.276,34.5098],[-85.2661,34.5096],[-85.2663,34.5461],[-85.2573,34.546],[-85.2571,34.5561],[-85.2557,34.5569],[-85.2552,34.5578],[-85.2544,34.558],[-85.2534,34.5588],[-85.2526,34.5589],[-85.249,34.5601],[-85.2483,34.5601],[-85.2483,34.5889],[-85.2393,34.5888],[-85.2393,34.6127],[-85.2308,34.6127],[-85.2308,34.6317],[-85.2226,34.6317],[-85.2226,34.6346],[-85.2135,34.6346]]],[[[-85.2395,34.5542],[-85.2394,34.5602],[-85.244,34.5602],[-85.2441,34.5528],[-85.2396,34.5528],[-85.2395,34.5542]]],[[[-83.3341,34.6259],[-83.3367,34.6253],[-83.3367,34.6264],[-83.335,34.6275],[-83.3341,34.6259]]],[[[-83.3298,34.6251],[-83.3374,34.6235],[-83.3373,34.6242],[-83.3302,34.6258],[-83.3298,34.6251]]],[[[-83.9611,34.6224],[-83.9611,34.6203],[-83.9589,34.6203],[-83.9589,34.6165],[-83.9656,34.6165],[-83.9656,34.6241],[-83.9611,34.6241],[-83.9611,34.6224]]],[[[-85.1489,34.6189],[-85.1475,34.6164],[-85.1509,34.6165],[-85.1509,34.6122],[-85.159,34.6123],[-85.1591,34.6229],[-85.1509,34.623],[-85.1489,34.6189]]],[[[-83.4304,34.6151],[-83.4306,34.6147],[-83.4404,34.6164],[-83.4289,34.6217],[-83.4272,34.6194],[-83.4304,34.6151]]],[[[-83.3916,34.6101],[-83.3898,34.6114],[-83.3894,34.6124],[-83.3902,34.6126],[-83.3893,34.6156],[-83.388,34.6166],[-83.3878,34.6188],[-83.3844,34.6142],[-83.3762,34.6182],[-83.3746,34.616],[-83.3772,34.6148],[-83.3775,34.614],[-83.3775,34.6129],[-83.3769,34.6119],[-83.3775,34.6115],[-83.3772,34.6111],[-83.3759,34.6112],[-83.374,34.6119],[-83.3739,34.6106],[-83.3732,34.6095],[-83.3726,34.6093],[-83.3718,34.6094],[-83.37,34.6089],[-83.3701,34.6077],[-83.3711,34.6062],[-83.3687,34.6061],[-83.367,34.608],[-83.3648,34.608],[-83.3643,34.6067],[-83.3628,34.6066],[-83.3627,34.608],[-83.3568,34.6055],[-83.356,34.6047],[-83.3552,34.6025],[-83.3567,34.602],[-83.3562,34.601],[-83.3548,34.6015],[-83.3538,34.5998],[-83.3542,34.5991],[-83.3537,34.5984],[-83.3589,34.5965],[-83.3583,34.5983],[-83.3615,34.5994],[-83.3615,34.601],[-83.3648,34.6013],[-83.3633,34.6026],[-83.3634,34.6038],[-83.3675,34.602],[-83.3671,34.6014],[-83.3672,34.6009],[-83.3685,34.5997],[-83.3724,34.6025],[-83.377,34.5996],[-83.3783,34.6011],[-83.3803,34.6007],[-83.3813,34.6015],[-83.3804,34.6026],[-83.3805,34.6035],[-83.3843,34.6043],[-83.3829,34.6054],[-83.3858,34.606],[-83.3854,34.6076],[-83.3863,34.6078],[-83.3872,34.6067],[-83.388,34.6066],[-83.3891,34.606],[-83.3907,34.6063],[-83.3918,34.6062],[-83.3928,34.6066],[-83.3932,34.6072],[-83.4029,34.6026],[-83.4083,34.6102],[-83.4055,34.6116],[-83.4061,34.6139],[-83.4022,34.6164],[-83.4026,34.6168],[-83.4016,34.618],[-83.4023,34.619],[-83.3999,34.621],[-83.398,34.6217],[-83.3966,34.6214],[-83.3963,34.6205],[-83.3988,34.615],[-83.3993,34.6147],[-83.3985,34.6135],[-83.3946,34.613],[-83.3931,34.6126],[-83.3916,34.6101]]],[[[-83.3752,34.6017],[-83.3742,34.602],[-83.3737,34.6024],[-83.3727,34.6026],[-83.3712,34.6055],[-83.3721,34.6065],[-83.3791,34.6034],[-83.3774,34.601],[-83.3752,34.6017]]],[[[-83.952,34.6165],[-83.9564,34.6165],[-83.9564,34.6203],[-83.952,34.6204],[-83.952,34.6165]]],[[[-83.9712,34.6165],[-83.9715,34.6148],[-83.9699,34.6145],[-83.9706,34.6145],[-83.9695,34.6127],[-83.9696,34.6124],[-83.972,34.6124],[-83.9724,34.6132],[-83.9736,34.6136],[-83.9751,34.6136],[-83.9767,34.6146],[-83.977,34.6152],[-83.9782,34.6152],[-83.9789,34.6166],[-83.9796,34.6166],[-83.9831,34.6188],[-83.9831,34.6203],[-83.9741,34.6203],[-83.9742,34.6165],[-83.9712,34.6165]]],[[[-83.9826,34.6101],[-83.98,34.6112],[-83.9789,34.6112],[-83.9789,34.6093],[-83.9743,34.6093],[-83.9743,34.6059],[-83.9831,34.6057],[-83.9831,34.6093],[-83.9876,34.6095],[-83.9875,34.6167],[-83.9852,34.6167],[-83.9853,34.6139],[-83.9831,34.6139],[-83.9831,34.6105],[-83.9826,34.6101]]],[[[-83.3279,34.6064],[-83.3237,34.6063],[-83.3277,34.5984],[-83.3307,34.5991],[-83.3309,34.5994],[-83.3311,34.5992],[-83.3365,34.6005],[-83.3371,34.6013],[-83.3366,34.6015],[-83.3353,34.6012],[-83.335,34.6014],[-83.3351,34.602],[-83.3347,34.6025],[-83.3341,34.6042],[-83.3327,34.6063],[-83.3327,34.6067],[-83.3279,34.6064]]],[[[-83.9416,34.6004],[-83.9387,34.6003],[-83.935,34.5982],[-83.9351,34.5893],[-83.9305,34.5892],[-83.9309,34.588],[-83.931,34.5854],[-83.9394,34.5855],[-83.9394,34.5812],[-83.9437,34.5812],[-83.9437,34.58],[-83.9567,34.5801],[-83.9567,34.5909],[-83.9609,34.591],[-83.961,34.6017],[-83.9656,34.6017],[-83.9656,34.6054],[-83.9522,34.6055],[-83.9522,34.6016],[-83.9436,34.6016],[-83.9436,34.6005],[-83.9416,34.6004]]],[[[-83.3879,34.5992],[-83.3883,34.599],[-83.3877,34.5983],[-83.3886,34.5975],[-83.3868,34.5949],[-83.3858,34.5955],[-83.3828,34.5911],[-83.3918,34.5869],[-83.3877,34.5814],[-83.3839,34.5847],[-83.3828,34.5837],[-83.3767,34.5833],[-83.3767,34.5856],[-83.3772,34.5879],[-83.3773,34.5906],[-83.3785,34.5928],[-83.3796,34.5955],[-83.3825,34.5981],[-83.3795,34.5975],[-83.3791,34.5969],[-83.3773,34.5964],[-83.3765,34.597],[-83.377,34.5979],[-83.3724,34.5998],[-83.3704,34.5973],[-83.371,34.5963],[-83.369,34.5962],[-83.3684,34.5955],[-83.3651,34.598],[-83.364,34.5971],[-83.3637,34.5963],[-83.3638,34.5959],[-83.3634,34.5957],[-83.3635,34.5952],[-83.363,34.5944],[-83.3713,34.5897],[-83.369,34.5869],[-83.3656,34.5885],[-83.3667,34.5822],[-83.3694,34.5822],[-83.3694,34.58],[-83.3721,34.5754],[-83.3829,34.5712],[-83.3867,34.5686],[-83.3901,34.5671],[-83.3896,34.5657],[-83.3933,34.5634],[-83.3944,34.565],[-83.3938,34.5653],[-83.3965,34.5692],[-83.3929,34.571],[-83.3955,34.5746],[-83.405,34.57],[-83.422,34.5932],[-83.4123,34.5981],[-83.4067,34.5901],[-83.3997,34.5935],[-83.4049,34.596],[-83.4085,34.5999],[-83.4045,34.6019],[-83.4015,34.598],[-83.4002,34.5985],[-83.3965,34.5978],[-83.3963,34.5988],[-83.3978,34.6009],[-83.3934,34.5992],[-83.3934,34.5997],[-83.3926,34.6],[-83.3924,34.6006],[-83.3902,34.6032],[-83.3889,34.6041],[-83.3879,34.6042],[-83.3862,34.6027],[-83.3864,34.6015],[-83.3871,34.6011],[-83.3866,34.6003],[-83.3879,34.5992]]],[[[-85.1626,34.6013],[-85.1528,34.6013],[-85.1527,34.6004],[-85.1519,34.6013],[-85.142,34.6013],[-85.142,34.594],[-85.1512,34.5941],[-85.1518,34.5906],[-85.1524,34.5906],[-85.1573,34.5795],[-85.158,34.579],[-85.1581,34.5784],[-85.1587,34.5778],[-85.16,34.5779],[-85.16,34.5796],[-85.2029,34.5796],[-85.2033,34.5813],[-85.2052,34.5845],[-85.2051,34.5867],[-85.195,34.5869],[-85.195,34.6013],[-85.1626,34.6013]]],[[[-84.1594,34.5785],[-84.1593,34.5782],[-84.164,34.5783],[-84.1639,34.5821],[-84.1605,34.5821],[-84.16,34.5813],[-84.1603,34.5808],[-84.1602,34.58],[-84.1594,34.5791],[-84.1594,34.5785]]],[[[-83.4171,34.577],[-83.4188,34.5762],[-83.418,34.574],[-83.4203,34.5729],[-83.4187,34.5693],[-83.4223,34.5666],[-83.424,34.563],[-83.4227,34.5625],[-83.4232,34.5594],[-83.4276,34.5607],[-83.4301,34.5609],[-83.4309,34.5607],[-83.4309,34.5625],[-83.4298,34.5629],[-83.4296,34.5627],[-83.4265,34.5642],[-83.4296,34.5683],[-83.4392,34.5637],[-83.4359,34.5591],[-83.4377,34.5582],[-83.443,34.5571],[-83.4447,34.5564],[-83.4459,34.5554],[-83.4485,34.5591],[-83.4579,34.5547],[-83.4519,34.5491],[-83.4569,34.5461],[-83.4609,34.5476],[-83.4608,34.5527],[-83.4605,34.5538],[-83.4585,34.5575],[-83.4561,34.5608],[-83.459,34.5648],[-83.4448,34.5718],[-83.4449,34.5719],[-83.4444,34.5726],[-83.4436,34.575],[-83.4388,34.5811],[-83.4352,34.5763],[-83.4241,34.5816],[-83.4185,34.5782],[-83.4171,34.577]]],[[[-83.4324,34.5722],[-83.4344,34.5752],[-83.4379,34.5736],[-83.4357,34.5726],[-83.434,34.571],[-83.4324,34.5722]]],[[[-83.3753,34.5708],[-83.3765,34.5707],[-83.3803,34.5709],[-83.3734,34.5738],[-83.3702,34.5743],[-83.369,34.5723],[-83.369,34.5717],[-83.3753,34.5708]]],[[[-84.19,34.5679],[-84.1901,34.5643],[-84.1943,34.5644],[-84.1942,34.5679],[-84.19,34.5679]]],[[[-84.1685,34.5643],[-84.1685,34.5641],[-84.1725,34.5642],[-84.1726,34.5677],[-84.1684,34.5676],[-84.1685,34.5643]]],[[[-84.1593,34.5676],[-84.1593,34.5642],[-84.1638,34.5641],[-84.1639,34.5676],[-84.1593,34.5676]]],[[[-84.2648,34.5668],[-84.2552,34.5668],[-84.2553,34.5595],[-84.2715,34.5596],[-84.2736,34.5599],[-84.274,34.5596],[-84.2747,34.5599],[-84.2768,34.5597],[-84.292,34.5599],[-84.292,34.5669],[-84.2648,34.5668]]],[[[-85.0639,34.5639],[-85.0639,34.5617],[-85.0727,34.5619],[-85.0727,34.5639],[-85.0639,34.5639]]],[[[-83.3749,34.5603],[-83.373,34.5584],[-83.3717,34.5599],[-83.371,34.5622],[-83.3702,34.5619],[-83.3712,34.5562],[-83.3742,34.5566],[-83.3757,34.5548],[-83.3774,34.554],[-83.3788,34.554],[-83.3812,34.5544],[-83.3827,34.5542],[-83.3837,34.5537],[-83.3865,34.5514],[-83.3892,34.5499],[-83.3908,34.5494],[-83.3873,34.5446],[-83.3843,34.5462],[-83.3848,34.5468],[-83.3864,34.5467],[-83.3841,34.5499],[-83.3781,34.5473],[-83.3841,34.5441],[-83.3793,34.5405],[-83.3778,34.5389],[-83.374,34.537],[-83.3709,34.5394],[-83.3677,34.5365],[-83.3686,34.5363],[-83.3693,34.5364],[-83.3708,34.5358],[-83.3712,34.5299],[-83.3685,34.5288],[-83.3691,34.5267],[-83.3697,34.5267],[-83.3704,34.5273],[-83.3721,34.5262],[-83.3752,34.5233],[-83.3775,34.5228],[-83.3755,34.5213],[-83.3765,34.5191],[-83.3777,34.5189],[-83.3779,34.5184],[-83.3787,34.5183],[-83.3794,34.5176],[-83.3797,34.5166],[-83.3817,34.5163],[-83.3814,34.5158],[-83.3809,34.5119],[-83.3796,34.5118],[-83.379,34.5127],[-83.3747,34.5121],[-83.3742,34.5113],[-83.3745,34.5103],[-83.3763,34.5087],[-83.3722,34.5075],[-83.3725,34.5124],[-83.3617,34.514],[-83.3601,34.507],[-83.3605,34.5061],[-83.3598,34.5058],[-83.3563,34.5061],[-83.3586,34.5001],[-83.3597,34.5003],[-83.3617,34.5014],[-83.3621,34.5018],[-83.3606,34.506],[-83.3623,34.5059],[-83.3626,34.5063],[-83.3635,34.5067],[-83.365,34.5069],[-83.3651,34.5072],[-83.3649,34.5075],[-83.3652,34.5076],[-83.3657,34.5073],[-83.3671,34.5075],[-83.3654,34.5038],[-83.3693,34.5029],[-83.3708,34.5032],[-83.3721,34.5029],[-83.3773,34.5042],[-83.3816,34.5036],[-83.383,34.5021],[-83.3806,34.5003],[-83.3883,34.4964],[-83.3868,34.4946],[-83.3892,34.4934],[-83.3943,34.4936],[-83.4031,34.4922],[-83.405,34.4917],[-83.4059,34.4922],[-83.4081,34.4929],[-83.4107,34.4885],[-83.4044,34.4872],[-83.4032,34.4839],[-83.402,34.4838],[-83.4019,34.4817],[-83.4038,34.48],[-83.4077,34.4782],[-83.4085,34.4781],[-83.4113,34.4742],[-83.4084,34.4737],[-83.4085,34.474],[-83.4077,34.4745],[-83.405,34.4749],[-83.4021,34.4731],[-83.4014,34.4743],[-83.4006,34.4776],[-83.3963,34.4823],[-83.3988,34.4833],[-83.4006,34.4835],[-83.4007,34.4859],[-83.3907,34.4854],[-83.3919,34.4822],[-83.3922,34.4822],[-83.3927,34.4812],[-83.3924,34.4807],[-83.3921,34.4785],[-83.3917,34.477],[-83.3924,34.475],[-83.3904,34.473],[-83.3927,34.4735],[-83.3933,34.4721],[-83.3921,34.4663],[-83.3979,34.4654],[-83.3991,34.4695],[-83.4037,34.4687],[-83.4072,34.4714],[-83.4103,34.4708],[-83.411,34.4723],[-83.4143,34.4738],[-83.4144,34.4757],[-83.4151,34.4763],[-83.4181,34.476],[-83.4191,34.4763],[-83.4205,34.4757],[-83.4209,34.4724],[-83.4225,34.4724],[-83.4236,34.4715],[-83.4215,34.4705],[-83.4216,34.4698],[-83.4209,34.4693],[-83.4217,34.4659],[-83.424,34.4638],[-83.4262,34.464],[-83.4298,34.4693],[-83.4403,34.4675],[-83.449,34.4638],[-83.4427,34.4713],[-83.4433,34.4727],[-83.4456,34.4714],[-83.4481,34.4708],[-83.4485,34.4694],[-83.4489,34.4693],[-83.4491,34.4702],[-83.4501,34.4697],[-83.4513,34.4686],[-83.4519,34.4699],[-83.4527,34.4702],[-83.4504,34.4723],[-83.4483,34.4731],[-83.4501,34.4749],[-83.4501,34.4756],[-83.4499,34.477],[-83.4481,34.4785],[-83.4503,34.4811],[-83.4511,34.4817],[-83.4496,34.4849],[-83.4483,34.4862],[-83.4485,34.4868],[-83.4483,34.487],[-83.4476,34.4872],[-83.447,34.4868],[-83.4464,34.4868],[-83.4439,34.4878],[-83.4421,34.4904],[-83.4434,34.4896],[-83.4465,34.4887],[-83.4487,34.4908],[-83.4502,34.4905],[-83.4499,34.4888],[-83.4499,34.4869],[-83.4519,34.4854],[-83.4533,34.4856],[-83.457,34.4854],[-83.4584,34.4867],[-83.4632,34.4862],[-83.4633,34.4856],[-83.4646,34.485],[-83.4651,34.4843],[-83.467,34.4835],[-83.4679,34.4825],[-83.4711,34.4822],[-83.4714,34.4828],[-83.4683,34.4851],[-83.4679,34.4862],[-83.4706,34.485],[-83.4734,34.4877],[-83.4753,34.4873],[-83.477,34.4901],[-83.4781,34.4895],[-83.4791,34.4901],[-83.4809,34.49],[-83.4815,34.491],[-83.4827,34.4907],[-83.4847,34.4882],[-83.4843,34.4872],[-83.4866,34.4872],[-83.4872,34.4866],[-83.4897,34.4869],[-83.4925,34.4822],[-83.4932,34.4816],[-83.4954,34.4815],[-83.4967,34.4811],[-83.4978,34.4789],[-83.5001,34.4775],[-83.5027,34.4753],[-83.5028,34.4748],[-83.5073,34.473],[-83.5105,34.4736],[-83.509,34.4765],[-83.5073,34.4769],[-83.5072,34.4782],[-83.5084,34.479],[-83.5065,34.4792],[-83.5061,34.4781],[-83.5026,34.4794],[-83.5014,34.479],[-83.4999,34.4808],[-83.4998,34.4815],[-83.4994,34.4819],[-83.4993,34.4828],[-83.5001,34.4828],[-83.4998,34.4843],[-83.5012,34.4847],[-83.5056,34.4824],[-83.5084,34.4824],[-83.5084,34.4813],[-83.5095,34.4813],[-83.5095,34.4807],[-83.5098,34.4806],[-83.51,34.48],[-83.5113,34.4805],[-83.5127,34.4829],[-83.5151,34.4852],[-83.5152,34.4889],[-83.5095,34.4941],[-83.5085,34.4933],[-83.5079,34.4936],[-83.5072,34.4933],[-83.5051,34.494],[-83.5055,34.4945],[-83.5063,34.494],[-83.5078,34.4953],[-83.5056,34.4973],[-83.5063,34.4984],[-83.5063,34.4988],[-83.5066,34.4989],[-83.5071,34.4995],[-83.5045,34.5007],[-83.5035,34.4992],[-83.5002,34.502],[-83.5007,34.5029],[-83.5106,34.4982],[-83.5127,34.5012],[-83.5099,34.5026],[-83.5133,34.5077],[-83.5067,34.5107],[-83.5053,34.5104],[-83.5039,34.5114],[-83.5043,34.5119],[-83.5033,34.5124],[-83.5028,34.5118],[-83.5008,34.5132],[-83.5008,34.5135],[-83.4987,34.5144],[-83.4978,34.5142],[-83.4974,34.5134],[-83.4964,34.5139],[-83.497,34.5151],[-83.4944,34.5165],[-83.4965,34.5182],[-83.4969,34.5176],[-83.4972,34.5179],[-83.4956,34.5198],[-83.4936,34.5169],[-83.4837,34.522],[-83.4835,34.5217],[-83.4823,34.5222],[-83.4826,34.5225],[-83.482,34.5228],[-83.479,34.5204],[-83.4649,34.5322],[-83.4643,34.5321],[-83.4639,34.5324],[-83.464,34.533],[-83.4597,34.5369],[-83.4609,34.5377],[-83.4641,34.5369],[-83.4605,34.543],[-83.4565,34.5458],[-83.4552,34.5454],[-83.4545,34.5455],[-83.4527,34.5447],[-83.4521,34.5447],[-83.4532,34.5464],[-83.4446,34.5505],[-83.4441,34.55],[-83.4435,34.5501],[-83.4434,34.551],[-83.4452,34.5535],[-83.4437,34.5549],[-83.4419,34.5557],[-83.4376,34.5564],[-83.4352,34.5575],[-83.4342,34.5561],[-83.4339,34.5571],[-83.433,34.5573],[-83.4325,34.5582],[-83.4313,34.559],[-83.4312,34.5599],[-83.4304,34.5602],[-83.428,34.5603],[-83.4232,34.5589],[-83.4177,34.5511],[-83.4113,34.5509],[-83.4053,34.5417],[-83.3946,34.5467],[-83.3958,34.5488],[-83.3958,34.5502],[-83.3954,34.5516],[-83.3969,34.5527],[-83.3942,34.5541],[-83.3967,34.5579],[-83.3956,34.5586],[-83.3952,34.5596],[-83.3939,34.5594],[-83.3939,34.5599],[-83.39,34.562],[-83.3895,34.5613],[-83.3907,34.5594],[-83.3884,34.5583],[-83.3875,34.5576],[-83.3858,34.5601],[-83.3847,34.5586],[-83.377,34.5625],[-83.3749,34.5603]]],[[[-83.5089,34.5052],[-83.5096,34.5052],[-83.5099,34.5031],[-83.5092,34.5028],[-83.5089,34.5052]]],[[[-83.4408,34.5008],[-83.4422,34.5016],[-83.4422,34.5007],[-83.4418,34.5006],[-83.4417,34.5003],[-83.4408,34.5008]]],[[[-85.0638,34.5509],[-85.0815,34.5509],[-85.0808,34.5522],[-85.0815,34.5533],[-85.0815,34.5566],[-85.0902,34.5565],[-85.0902,34.5602],[-85.0727,34.5601],[-85.0727,34.5583],[-85.0638,34.5582],[-85.0638,34.5509]]],[[[-85.0638,34.5509],[-85.055,34.5509],[-85.0551,34.5582],[-85.0508,34.5581],[-85.0508,34.5525],[-85.042,34.5523],[-85.042,34.5502],[-85.043,34.549],[-85.0429,34.5488],[-85.042,34.5483],[-85.042,34.5427],[-85.0509,34.5427],[-85.0508,34.5417],[-85.055,34.5417],[-85.0549,34.529],[-85.0509,34.529],[-85.0509,34.5281],[-85.0418,34.5281],[-85.0418,34.5202],[-85.0412,34.5057],[-85.0411,34.4854],[-85.0331,34.4855],[-85.0331,34.484],[-85.0411,34.484],[-85.041,34.4613],[-85.0501,34.4612],[-85.05,34.4584],[-85.0543,34.4585],[-85.0543,34.4639],[-85.0502,34.4639],[-85.0505,34.4782],[-85.0544,34.4782],[-85.0544,34.4855],[-85.059,34.4855],[-85.0591,34.4933],[-85.0633,34.4933],[-85.0632,34.5001],[-85.0725,34.4999],[-85.0724,34.5011],[-85.0733,34.5021],[-85.0733,34.5049],[-85.0748,34.5049],[-85.076,34.5042],[-85.0809,34.504],[-85.081,34.4931],[-85.0901,34.493],[-85.09,34.4853],[-85.0986,34.4852],[-85.0985,34.5362],[-85.09,34.5362],[-85.0901,34.5435],[-85.0638,34.5436],[-85.0638,34.5509]]],[[[-85.0945,34.5508],[-85.0985,34.5507],[-85.0985,34.5547],[-85.0902,34.5546],[-85.0901,34.5508],[-85.0945,34.5508]]],[[[-85.1663,34.5143],[-85.1688,34.5144],[-85.1688,34.5188],[-85.1675,34.5187],[-85.1663,34.5143]]],[[[-83.3591,34.4936],[-83.3578,34.4917],[-83.3562,34.492],[-83.3548,34.491],[-83.3592,34.4873],[-83.3665,34.4882],[-83.3664,34.4891],[-83.366,34.4897],[-83.3695,34.4947],[-83.3617,34.4972],[-83.3591,34.4936]]],[[[-83.3811,34.4875],[-83.3795,34.4832],[-83.379,34.481],[-83.3842,34.4835],[-83.3848,34.484],[-83.3869,34.4845],[-83.3876,34.4842],[-83.3883,34.4844],[-83.3901,34.4869],[-83.3895,34.4877],[-83.3869,34.4874],[-83.3814,34.4881],[-83.3811,34.4875]]],[[[-85.2919,34.4746],[-85.2902,34.4739],[-85.2869,34.4738],[-85.2851,34.473],[-85.2853,34.4601],[-85.2924,34.4602],[-85.2928,34.4303],[-85.311,34.4303],[-85.3109,34.4235],[-85.32,34.4235],[-85.32,34.4089],[-85.329,34.409],[-85.3291,34.4018],[-85.3369,34.4019],[-85.337,34.3944],[-85.3415,34.3944],[-85.3415,34.3863],[-85.3638,34.3876],[-85.3638,34.3851],[-85.3644,34.3849],[-85.3652,34.3909],[-85.3632,34.3909],[-85.3632,34.3952],[-85.3645,34.3952],[-85.3646,34.3971],[-85.3655,34.3968],[-85.3662,34.3983],[-85.3676,34.4],[-85.3656,34.401],[-85.3549,34.4011],[-85.3549,34.402],[-85.3462,34.402],[-85.3462,34.4238],[-85.3335,34.4235],[-85.3328,34.4241],[-85.3318,34.4246],[-85.33,34.4264],[-85.329,34.4284],[-85.329,34.4298],[-85.3283,34.4303],[-85.3345,34.4303],[-85.3302,34.438],[-85.328,34.438],[-85.3277,34.447],[-85.3274,34.4478],[-85.3257,34.4503],[-85.325,34.4523],[-85.3213,34.4522],[-85.3213,34.4532],[-85.3112,34.4531],[-85.3114,34.4602],[-85.312,34.4602],[-85.3118,34.466],[-85.3077,34.4661],[-85.3075,34.4715],[-85.3048,34.4713],[-85.3048,34.4697],[-85.303,34.4696],[-85.303,34.4712],[-85.3003,34.4723],[-85.2991,34.4734],[-85.2987,34.4734],[-85.2983,34.4752],[-85.2941,34.4753],[-85.2942,34.4767],[-85.2919,34.4746]]],[[[-85.356,34.3902],[-85.3566,34.3904],[-85.3569,34.3899],[-85.3563,34.3897],[-85.356,34.3902]]],[[[-85.1601,34.4635],[-85.1604,34.4535],[-85.1698,34.4536],[-85.1699,34.4605],[-85.1691,34.4605],[-85.1691,34.4709],[-85.16,34.4709],[-85.1601,34.4635]]],[[[-83.427,34.4548],[-83.4278,34.4541],[-83.4289,34.4544],[-83.4291,34.4542],[-83.4291,34.4538],[-83.4303,34.4544],[-83.4291,34.4562],[-83.428,34.4588],[-83.426,34.4607],[-83.4252,34.4619],[-83.4223,34.4594],[-83.427,34.4548]]],[[[-85.1785,34.4276],[-85.1786,34.4246],[-85.1698,34.4245],[-85.1699,34.4171],[-85.1787,34.4171],[-85.1789,34.4065],[-85.1817,34.4065],[-85.1818,34.4088],[-85.1824,34.4096],[-85.1886,34.4096],[-85.1884,34.4247],[-85.1862,34.4246],[-85.1855,34.4252],[-85.1844,34.4248],[-85.1835,34.4256],[-85.1837,34.4267],[-85.1815,34.429],[-85.181,34.4301],[-85.1807,34.432],[-85.1785,34.432],[-85.1785,34.4276]]],[[[-85.3163,34.3934],[-85.3158,34.3922],[-85.3158,34.3896],[-85.3199,34.3895],[-85.3199,34.3861],[-85.3295,34.3862],[-85.3293,34.3913],[-85.3203,34.3933],[-85.32,34.3935],[-85.32,34.3943],[-85.3165,34.3942],[-85.3163,34.3934]]]]},"properties":{"id":"usgs-pad-us-fee-managers:2928","name":"Chattahoochee National Forest","kind":"land","category":"public-land","sourceCategory":"public-land","sourceId":"usgs-pad-us-fee-managers","sourceUrl":"https://services.arcgis.com/v01gqwM5QqNysAAi/arcgis/rest/services/Fee_Managers_PADUS/FeatureServer/0","sourceUpdated":"2024-10-06T04:00:00.000Z","publicUse":"PAD-US reports open access; verify current manager conditions and restrictions.","unit":"USFS","origin":"public-catalog"}},{"type":"Feature","id":"usgs-pad-us-fee-managers:2932","geometry":{"type":"MultiPolygon","coordinates":[[[[-84.532,34.9881],[-84.6164,34.9881],[-84.6163,34.9883],[-84.532,34.9881]]],[[[-84.6805,34.9882],[-84.7004,34.9881],[-84.6825,34.9882],[-84.6805,34.9882]]],[[[-84.4821,34.9882],[-84.4879,34.9881],[-84.4897,34.9882],[-84.4821,34.9882]]]]},"properties":{"id":"usgs-pad-us-fee-managers:2932","name":"Cherokee National Forest","kind":"land","category":"public-land","sourceCategory":"public-land","sourceId":"usgs-pad-us-fee-managers","sourceUrl":"https://services.arcgis.com/v01gqwM5QqNysAAi/arcgis/rest/services/Fee_Managers_PADUS/FeatureServer/0","sourceUpdated":"2024-10-06T04:00:00.000Z","publicUse":"PAD-US reports open access; verify current manager conditions and restrictions.","unit":"USFS","origin":"public-catalog"}},{"type":"Feature","id":"usgs-pad-us-fee-managers:2955","geometry":{"type":"MultiPolygon","coordinates":[[[[-83.1086,35.0007],[-83.1548,35.0002],[-83.1106,35.0013],[-83.1086,35.0007]]],[[[-83.1585,35],[-83.1862,34.9993],[-83.1621,35],[-83.1585,35]]],[[[-83.1892,34.9993],[-83.1865,34.9993],[-83.1892,34.9992],[-83.1892,34.9993]]],[[[-83.1944,34.9992],[-83.1935,34.9991],[-83.1944,34.9991],[-83.1944,34.9992]]],[[[-83.2122,34.9986],[-83.2679,34.9972],[-83.2417,34.998],[-83.2122,34.9986]]],[[[-83.2852,34.9967],[-83.2892,34.9966],[-83.279,34.9969],[-83.2852,34.9967]]],[[[-83.3569,34.9954],[-83.3412,34.9956],[-83.3569,34.9953],[-83.3569,34.9954]]],[[[-83.3688,34.9951],[-83.3678,34.9951],[-83.3678,34.9951],[-83.3688,34.9951]]],[[[-83.4586,34.9936],[-83.4881,34.9932],[-83.4568,34.9937],[-83.4586,34.9936]]],[[[-83.6754,34.987],[-83.6853,34.9871],[-83.6961,34.9872],[-83.6754,34.987]]]]},"properties":{"id":"usgs-pad-us-fee-managers:2955","name":"Nantahala National Forest","kind":"land","category":"public-land","sourceCategory":"public-land","sourceId":"usgs-pad-us-fee-managers","sourceUrl":"https://services.arcgis.com/v01gqwM5QqNysAAi/arcgis/rest/services/Fee_Managers_PADUS/FeatureServer/0","sourceUpdated":"2024-10-06T04:00:00.000Z","publicUse":"PAD-US reports open access; verify current manager conditions and restrictions.","unit":"USFS","origin":"public-catalog"}},{"type":"Feature","id":"usgs-pad-us-fee-managers:2960","geometry":{"type":"MultiPolygon","coordinates":[[[[-83.2411,33.8054],[-83.2406,33.805],[-83.2391,33.8043],[-83.2382,33.8032],[-83.2366,33.8027],[-83.2361,33.8023],[-83.235,33.8025],[-83.2257,33.7981],[-83.2258,33.7969],[-83.2232,33.7966],[-83.2259,33.7922],[-83.229,33.7921],[-83.2321,33.7925],[-83.2321,33.7919],[-83.2364,33.792],[-83.2351,33.7825],[-83.2376,33.7823],[-83.2376,33.7787],[-83.2392,33.7666],[-83.245,33.7654],[-83.2453,33.76],[-83.2433,33.7557],[-83.2429,33.7557],[-83.24,33.7497],[-83.2502,33.7477],[-83.2492,33.7424],[-83.2475,33.7428],[-83.2422,33.7374],[-83.2537,33.7361],[-83.253,33.738],[-83.2549,33.7385],[-83.2583,33.7388],[-83.258,33.7332],[-83.2587,33.7331],[-83.2513,33.7269],[-83.2542,33.7265],[-83.2556,33.7252],[-83.2572,33.725],[-83.2576,33.7257],[-83.2609,33.7278],[-83.267,33.7177],[-83.2715,33.7211],[-83.2723,33.7231],[-83.2739,33.7233],[-83.2735,33.7219],[-83.2738,33.7207],[-83.2765,33.7194],[-83.2757,33.7187],[-83.2759,33.7184],[-83.2737,33.7131],[-83.2722,33.7142],[-83.2716,33.7137],[-83.2723,33.7132],[-83.2734,33.7117],[-83.2795,33.7147],[-83.2809,33.7144],[-83.2808,33.7204],[-83.2958,33.719],[-83.2954,33.7208],[-83.2947,33.7214],[-83.2937,33.7216],[-83.2917,33.7213],[-83.2907,33.7219],[-83.29,33.7256],[-83.2902,33.7282],[-83.2911,33.7309],[-83.2907,33.7339],[-83.2928,33.7359],[-83.2944,33.7381],[-83.2952,33.7382],[-83.2968,33.7381],[-83.2972,33.7384],[-83.2971,33.7395],[-83.2961,33.7415],[-83.2961,33.743],[-83.2948,33.7436],[-83.2916,33.7448],[-83.2912,33.7455],[-83.2913,33.7501],[-83.2911,33.751],[-83.2903,33.7517],[-83.2889,33.7524],[-83.2852,33.7526],[-83.2846,33.7529],[-83.2844,33.7534],[-83.2827,33.7549],[-83.2838,33.7567],[-83.2837,33.7572],[-83.2825,33.7593],[-83.2808,33.7592],[-83.2804,33.7598],[-83.2805,33.7617],[-83.2808,33.7618],[-83.2811,33.7642],[-83.2825,33.7666],[-83.2849,33.7699],[-83.2851,33.7709],[-83.285,33.7735],[-83.2845,33.7757],[-83.2829,33.7791],[-83.2733,33.7818],[-83.2715,33.7849],[-83.2713,33.7849],[-83.2702,33.7846],[-83.2688,33.7836],[-83.2658,33.7829],[-83.2636,33.7773],[-83.2609,33.7756],[-83.2592,33.7785],[-83.2574,33.7773],[-83.2553,33.779],[-83.2473,33.7798],[-83.2466,33.7927],[-83.2507,33.7932],[-83.2564,33.7988],[-83.2537,33.8022],[-83.252,33.803],[-83.2528,33.8043],[-83.2515,33.804],[-83.25,33.8048],[-83.2477,33.8055],[-83.246,33.8051],[-83.245,33.8053],[-83.244,33.805],[-83.243,33.8055],[-83.2411,33.8054]]],[[[-83.2529,33.7721],[-83.2532,33.7722],[-83.2533,33.7718],[-83.253,33.7717],[-83.2529,33.7721]]],[[[-83.2767,33.7417],[-83.2762,33.7419],[-83.2764,33.7421],[-83.2768,33.742],[-83.2767,33.7417]]],[[[-83.2643,33.7302],[-83.2645,33.73],[-83.2643,33.73],[-83.2643,33.7302]]],[[[-83.1844,33.7257],[-83.1876,33.7258],[-83.1873,33.7358],[-83.1836,33.7358],[-83.1834,33.7341],[-83.1825,33.732],[-83.1819,33.7314],[-83.1808,33.7293],[-83.1807,33.7276],[-83.1809,33.7258],[-83.1844,33.7257]]],[[[-83.2547,33.7213],[-83.2463,33.7122],[-83.2469,33.7104],[-83.2458,33.7059],[-83.2475,33.7047],[-83.248,33.7039],[-83.2498,33.7038],[-83.2591,33.7108],[-83.2597,33.7109],[-83.2606,33.7095],[-83.2609,33.7083],[-83.2631,33.7064],[-83.2664,33.7085],[-83.2675,33.7105],[-83.2716,33.7138],[-83.2697,33.715],[-83.268,33.717],[-83.267,33.7176],[-83.2664,33.7177],[-83.2638,33.7171],[-83.2631,33.7173],[-83.2605,33.7194],[-83.2595,33.7208],[-83.2584,33.7218],[-83.2579,33.7228],[-83.2566,33.7239],[-83.2547,33.7213]]],[[[-83.2534,33.7124],[-83.2538,33.7125],[-83.2544,33.712],[-83.2539,33.7116],[-83.2534,33.7124]]],[[[-83.3981,33.6969],[-83.4,33.6948],[-83.4003,33.6956],[-83.401,33.6965],[-83.4018,33.6968],[-83.4041,33.6966],[-83.4046,33.6967],[-83.4063,33.6985],[-83.401,33.7051],[-83.399,33.7093],[-83.3946,33.7071],[-83.3935,33.706],[-83.3935,33.7045],[-83.3944,33.7026],[-83.396,33.7007],[-83.397,33.6986],[-83.3981,33.6969]]],[[[-83.3802,33.7063],[-83.3855,33.6983],[-83.3853,33.6959],[-83.3782,33.6984],[-83.3756,33.6926],[-83.3853,33.6875],[-83.3837,33.6845],[-83.3885,33.6817],[-83.3866,33.6797],[-83.3822,33.6815],[-83.383,33.6835],[-83.3659,33.6889],[-83.3648,33.6858],[-83.3821,33.6806],[-83.3812,33.6786],[-83.379,33.6753],[-83.3868,33.6727],[-83.3873,33.6736],[-83.3873,33.6748],[-83.3885,33.6762],[-83.3884,33.6778],[-83.3887,33.679],[-83.3896,33.6794],[-83.3908,33.6809],[-83.3919,33.6813],[-83.3926,33.6821],[-83.3935,33.6823],[-83.3943,33.6834],[-83.395,33.6837],[-83.3953,33.6851],[-83.3959,33.6861],[-83.3965,33.6866],[-83.3965,33.687],[-83.3958,33.6876],[-83.3955,33.6891],[-83.395,33.6898],[-83.3893,33.6938],[-83.3888,33.6947],[-83.3898,33.6972],[-83.389,33.6999],[-83.3892,33.7016],[-83.3897,33.7021],[-83.3894,33.7026],[-83.3895,33.7034],[-83.3884,33.7042],[-83.3874,33.7039],[-83.3802,33.7063]]],[[[-83.2759,33.6926],[-83.2764,33.6921],[-83.2767,33.6923],[-83.2792,33.6913],[-83.2792,33.6911],[-83.2798,33.6909],[-83.2807,33.6912],[-83.2813,33.6911],[-83.2815,33.6905],[-83.2827,33.69],[-83.2836,33.6891],[-83.2832,33.6882],[-83.2852,33.6862],[-83.275,33.6901],[-83.2734,33.687],[-83.2745,33.6867],[-83.2718,33.6802],[-83.2653,33.6727],[-83.2614,33.6698],[-83.265,33.6694],[-83.2674,33.6685],[-83.2678,33.6688],[-83.2703,33.6671],[-83.2705,33.6674],[-83.2695,33.6682],[-83.2696,33.6684],[-83.2708,33.6679],[-83.2712,33.6673],[-83.2717,33.6673],[-83.272,33.6667],[-83.2737,33.6664],[-83.2744,33.6657],[-83.2757,33.6654],[-83.2767,33.6649],[-83.2776,33.6648],[-83.2783,33.6652],[-83.2789,33.6647],[-83.2811,33.6657],[-83.2825,33.6651],[-83.2829,33.6651],[-83.2833,33.6643],[-83.2824,33.6635],[-83.2822,33.6629],[-83.2823,33.6624],[-83.2828,33.662],[-83.285,33.6642],[-83.2847,33.6675],[-83.285,33.6682],[-83.2857,33.6693],[-83.2863,33.6697],[-83.2864,33.6703],[-83.2869,33.6701],[-83.2873,33.6703],[-83.2872,33.67],[-83.2874,33.67],[-83.2887,33.6705],[-83.29,33.6731],[-83.2901,33.6743],[-83.2893,33.6749],[-83.2889,33.6748],[-83.2892,33.675],[-83.2889,33.6754],[-83.2891,33.6763],[-83.289,33.6753],[-83.2894,33.6755],[-83.2896,33.6753],[-83.2893,33.6752],[-83.2898,33.6745],[-83.2898,33.6752],[-83.2901,33.6752],[-83.2901,33.6758],[-83.2903,33.6791],[-83.291,33.6804],[-83.2914,33.682],[-83.2914,33.6826],[-83.2906,33.6842],[-83.2907,33.6849],[-83.2916,33.6859],[-83.2939,33.6852],[-83.2947,33.6872],[-83.2899,33.6874],[-83.2896,33.6877],[-83.2883,33.6906],[-83.2915,33.6898],[-83.289,33.6954],[-83.2846,33.6969],[-83.2815,33.6976],[-83.2833,33.7015],[-83.283,33.7018],[-83.2745,33.6956],[-83.2753,33.6945],[-83.2759,33.6926]]],[[[-83.327,33.6898],[-83.3262,33.6802],[-83.33,33.6796],[-83.3317,33.6815],[-83.3323,33.6836],[-83.3335,33.6839],[-83.3335,33.6847],[-83.3339,33.6852],[-83.3331,33.6859],[-83.3333,33.6865],[-83.3331,33.6875],[-83.3344,33.6886],[-83.327,33.6898]]],[[[-83.3464,33.6823],[-83.3459,33.6822],[-83.3427,33.6795],[-83.3381,33.6769],[-83.3355,33.6741],[-83.3308,33.6749],[-83.3281,33.6743],[-83.3269,33.6734],[-83.3248,33.6699],[-83.3235,33.6691],[-83.3152,33.6743],[-83.3115,33.6701],[-83.301,33.6718],[-83.2976,33.6629],[-83.3034,33.662],[-83.301,33.6529],[-83.2831,33.6553],[-83.2843,33.654],[-83.2848,33.6522],[-83.2866,33.65],[-83.2895,33.6476],[-83.2896,33.6469],[-83.2891,33.6463],[-83.2896,33.6463],[-83.2883,33.6457],[-83.2885,33.6439],[-83.2889,33.6439],[-83.2889,33.6444],[-83.2891,33.6445],[-83.2894,33.6438],[-83.2978,33.6427],[-83.2992,33.6444],[-83.2979,33.6452],[-83.2987,33.6463],[-83.2995,33.6487],[-83.3006,33.6486],[-83.3012,33.6509],[-83.3014,33.6508],[-83.3007,33.6485],[-83.3107,33.647],[-83.3092,33.6422],[-83.3126,33.6429],[-83.3196,33.6542],[-83.3276,33.6612],[-83.3317,33.66],[-83.3328,33.6647],[-83.3357,33.6633],[-83.3367,33.6664],[-83.3353,33.6668],[-83.3356,33.6677],[-83.3411,33.6665],[-83.343,33.6656],[-83.3441,33.6646],[-83.3461,33.6663],[-83.3481,33.6656],[-83.3487,33.6667],[-83.3482,33.6682],[-83.3491,33.6687],[-83.3512,33.6683],[-83.3514,33.6688],[-83.3541,33.6682],[-83.3533,33.6672],[-83.3552,33.6631],[-83.3585,33.6638],[-83.3569,33.6539],[-83.3468,33.6568],[-83.3447,33.6429],[-83.3469,33.6409],[-83.3463,33.6383],[-83.3504,33.6371],[-83.3506,33.6399],[-83.3641,33.6345],[-83.3642,33.6355],[-83.3632,33.6359],[-83.3629,33.6363],[-83.3629,33.6379],[-83.3623,33.6398],[-83.363,33.6404],[-83.3638,33.6405],[-83.3653,33.64],[-83.3656,33.6401],[-83.3651,33.6422],[-83.365,33.6445],[-83.3659,33.6448],[-83.3686,33.6471],[-83.3688,33.6476],[-83.3687,33.648],[-83.3672,33.6481],[-83.3675,33.6491],[-83.3704,33.6507],[-83.3703,33.6514],[-83.3693,33.6524],[-83.369,33.653],[-83.3692,33.6541],[-83.3705,33.6553],[-83.3706,33.656],[-83.371,33.6563],[-83.3719,33.6565],[-83.374,33.6563],[-83.3747,33.6565],[-83.3753,33.6574],[-83.3758,33.6597],[-83.3778,33.6608],[-83.3788,33.6603],[-83.3793,33.6603],[-83.3827,33.6644],[-83.3831,33.6655],[-83.3837,33.6659],[-83.3686,33.6703],[-83.3659,33.6647],[-83.3594,33.6668],[-83.359,33.667],[-83.3605,33.6706],[-83.3519,33.6732],[-83.3537,33.6762],[-83.3573,33.6792],[-83.3582,33.6804],[-83.3506,33.6854],[-83.3483,33.6828],[-83.3476,33.6824],[-83.3464,33.6823]]],[[[-83.2177,33.678],[-83.2151,33.6769],[-83.2153,33.6745],[-83.2074,33.669],[-83.2078,33.6669],[-83.2037,33.6679],[-83.2008,33.6769],[-83.197,33.6757],[-83.1999,33.6729],[-83.1992,33.6711],[-83.198,33.6691],[-83.1944,33.6698],[-83.1929,33.6688],[-83.1926,33.6665],[-83.1934,33.663],[-83.1956,33.663],[-83.198,33.6639],[-83.2015,33.6629],[-83.2016,33.6621],[-83.2022,33.6612],[-83.2037,33.6604],[-83.2043,33.6588],[-83.2059,33.6587],[-83.2074,33.6581],[-83.2081,33.6587],[-83.209,33.6586],[-83.212,33.6547],[-83.2142,33.6557],[-83.2164,33.657],[-83.2168,33.6563],[-83.2201,33.6578],[-83.2237,33.6548],[-83.2231,33.6532],[-83.2245,33.6504],[-83.2201,33.6481],[-83.2195,33.6483],[-83.2173,33.6477],[-83.2158,33.6479],[-83.2135,33.6478],[-83.2127,33.648],[-83.2108,33.6475],[-83.2087,33.6439],[-83.2048,33.6451],[-83.2038,33.6446],[-83.2031,33.6385],[-83.2023,33.6374],[-83.1973,33.6363],[-83.1979,33.6319],[-83.2014,33.6323],[-83.2027,33.6309],[-83.2157,33.6374],[-83.2144,33.6387],[-83.2073,33.6368],[-83.2071,33.6375],[-83.2073,33.6389],[-83.2096,33.64],[-83.2123,33.6409],[-83.2182,33.6401],[-83.2188,33.6386],[-83.2232,33.6416],[-83.2239,33.6419],[-83.2271,33.6418],[-83.23,33.6436],[-83.2286,33.6458],[-83.2277,33.6517],[-83.2273,33.653],[-83.2261,33.6544],[-83.2258,33.6561],[-83.2247,33.6569],[-83.229,33.6599],[-83.2289,33.6605],[-83.2311,33.6597],[-83.232,33.6599],[-83.2324,33.6608],[-83.2327,33.6609],[-83.2357,33.6602],[-83.2372,33.6591],[-83.2379,33.6582],[-83.2366,33.6564],[-83.2356,33.6511],[-83.2349,33.6498],[-83.2408,33.6491],[-83.2453,33.6432],[-83.2502,33.6452],[-83.2503,33.6431],[-83.2465,33.6407],[-83.2452,33.6401],[-83.245,33.6395],[-83.2441,33.639],[-83.2435,33.6382],[-83.2407,33.642],[-83.2395,33.6417],[-83.2357,33.6419],[-83.235,33.6406],[-83.2367,33.6379],[-83.2362,33.6371],[-83.2356,33.6355],[-83.2362,33.6348],[-83.2365,33.6338],[-83.2363,33.6336],[-83.237,33.6335],[-83.2376,33.6331],[-83.2374,33.6324],[-83.2377,33.6321],[-83.2377,33.6314],[-83.2381,33.6313],[-83.2377,33.6306],[-83.238,33.6301],[-83.2377,33.6297],[-83.2381,33.6298],[-83.2381,33.6295],[-83.2377,33.6288],[-83.2379,33.6274],[-83.2381,33.6274],[-83.2384,33.6267],[-83.2378,33.6254],[-83.2371,33.6251],[-83.2373,33.6243],[-83.2371,33.6236],[-83.2376,33.6229],[-83.2377,33.6216],[-83.238,33.6213],[-83.2377,33.6201],[-83.2387,33.6188],[-83.2387,33.618],[-83.2386,33.616],[-83.2378,33.6151],[-83.2383,33.6141],[-83.2387,33.6139],[-83.2387,33.6129],[-83.2396,33.6115],[-83.2397,33.6101],[-83.2403,33.6097],[-83.2409,33.6097],[-83.2409,33.6086],[-83.2405,33.6078],[-83.2407,33.6072],[-83.2407,33.606],[-83.2409,33.6056],[-83.2419,33.6056],[-83.2438,33.6038],[-83.2439,33.6036],[-83.2436,33.6035],[-83.2443,33.6017],[-83.2456,33.6023],[-83.2462,33.603],[-83.247,33.603],[-83.2477,33.6025],[-83.2489,33.6011],[-83.2513,33.6002],[-83.2511,33.6],[-83.2529,33.6017],[-83.2525,33.6006],[-83.2518,33.5997],[-83.2527,33.5987],[-83.2537,33.5981],[-83.2544,33.5982],[-83.2551,33.5975],[-83.256,33.5973],[-83.2575,33.5986],[-83.2573,33.5976],[-83.2561,33.5967],[-83.2561,33.5963],[-83.2575,33.5953],[-83.257,33.595],[-83.2575,33.5942],[-83.2569,33.5932],[-83.2571,33.5928],[-83.2583,33.5922],[-83.2589,33.5924],[-83.2591,33.5929],[-83.2594,33.5931],[-83.2606,33.5931],[-83.2617,33.5941],[-83.2636,33.5968],[-83.2648,33.5978],[-83.2649,33.5981],[-83.2647,33.5988],[-83.2674,33.6002],[-83.2688,33.6004],[-83.2688,33.6006],[-83.2676,33.601],[-83.2696,33.6017],[-83.2656,33.6039],[-83.2721,33.6082],[-83.2716,33.6088],[-83.2726,33.6095],[-83.273,33.6093],[-83.2729,33.6097],[-83.2731,33.6102],[-83.2736,33.6098],[-83.2733,33.6113],[-83.273,33.6113],[-83.2725,33.6117],[-83.273,33.6113],[-83.2733,33.6114],[-83.2732,33.6121],[-83.2714,33.6125],[-83.2717,33.613],[-83.2728,33.613],[-83.2726,33.6137],[-83.2716,33.6158],[-83.2711,33.6164],[-83.2695,33.6201],[-83.269,33.6205],[-83.2689,33.6212],[-83.2677,33.6226],[-83.2646,33.6201],[-83.2614,33.6206],[-83.2633,33.6165],[-83.2631,33.6121],[-83.2608,33.609],[-83.2562,33.6052],[-83.2552,33.6077],[-83.2591,33.6131],[-83.2564,33.6158],[-83.2562,33.6186],[-83.253,33.6196],[-83.2543,33.6223],[-83.257,33.6221],[-83.2569,33.6227],[-83.2547,33.623],[-83.2468,33.6248],[-83.247,33.6287],[-83.2452,33.6323],[-83.2576,33.6316],[-83.2582,33.639],[-83.2554,33.6397],[-83.2538,33.645],[-83.2546,33.645],[-83.2625,33.6423],[-83.2657,33.6362],[-83.2833,33.6345],[-83.2829,33.635],[-83.2841,33.6355],[-83.2852,33.6363],[-83.285,33.6371],[-83.2843,33.6373],[-83.284,33.6378],[-83.2846,33.6383],[-83.2846,33.6391],[-83.2851,33.64],[-83.2859,33.6408],[-83.2862,33.6402],[-83.2868,33.6404],[-83.2874,33.6398],[-83.2867,33.6395],[-83.2875,33.6367],[-83.2881,33.6405],[-83.2867,33.6414],[-83.2856,33.6427],[-83.2853,33.6448],[-83.285,33.6451],[-83.2844,33.6453],[-83.2842,33.6451],[-83.2837,33.6452],[-83.2826,33.6449],[-83.2813,33.6431],[-83.281,33.6433],[-83.2805,33.643],[-83.28,33.6425],[-83.2797,33.6426],[-83.2809,33.6433],[-83.281,33.6437],[-83.2807,33.6438],[-83.2812,33.644],[-83.2819,33.6452],[-83.2828,33.6456],[-83.2834,33.6457],[-83.2841,33.6462],[-83.2842,33.6469],[-83.2838,33.6478],[-83.2841,33.6483],[-83.2841,33.6488],[-83.2838,33.6491],[-83.2841,33.6499],[-83.284,33.6503],[-83.2834,33.6509],[-83.2828,33.651],[-83.281,33.6501],[-83.2808,33.6504],[-83.281,33.6516],[-83.282,33.6525],[-83.2818,33.6528],[-83.2811,33.6529],[-83.2823,33.6529],[-83.2824,33.6533],[-83.2816,33.6544],[-83.2812,33.6546],[-83.2804,33.6545],[-83.2801,33.6548],[-83.2801,33.6553],[-83.2796,33.6552],[-83.279,33.6554],[-83.2793,33.6563],[-83.2804,33.6571],[-83.2807,33.6571],[-83.281,33.6575],[-83.2809,33.6594],[-83.2812,33.66],[-83.281,33.6605],[-83.281,33.6614],[-83.2804,33.662],[-83.2794,33.6618],[-83.2774,33.663],[-83.2763,33.6634],[-83.2754,33.6631],[-83.2748,33.6635],[-83.2732,33.6631],[-83.2727,33.6636],[-83.2725,33.6648],[-83.2719,33.665],[-83.2713,33.6648],[-83.2709,33.6642],[-83.2699,33.6637],[-83.2681,33.663],[-83.2671,33.6631],[-83.2656,33.662],[-83.2646,33.6606],[-83.2646,33.6594],[-83.2637,33.6599],[-83.2618,33.6588],[-83.2621,33.66],[-83.2636,33.6609],[-83.2643,33.6618],[-83.2669,33.6638],[-83.2652,33.6631],[-83.2644,33.6625],[-83.2632,33.661],[-83.2619,33.6606],[-83.2567,33.6575],[-83.2549,33.6594],[-83.2525,33.666],[-83.2453,33.6638],[-83.2437,33.6627],[-83.2418,33.6602],[-83.2393,33.6589],[-83.2391,33.6595],[-83.2397,33.6596],[-83.2395,33.6617],[-83.24,33.6633],[-83.2399,33.6648],[-83.2411,33.6663],[-83.2408,33.6689],[-83.2417,33.6694],[-83.2417,33.6703],[-83.2413,33.6701],[-83.2412,33.6698],[-83.2398,33.6691],[-83.2373,33.6687],[-83.2342,33.6696],[-83.234,33.6701],[-83.2335,33.6705],[-83.232,33.6703],[-83.228,33.6741],[-83.2244,33.6749],[-83.2244,33.6771],[-83.22,33.6769],[-83.2171,33.6823],[-83.2164,33.682],[-83.2187,33.6784],[-83.2177,33.678]]],[[[-83.2444,33.6583],[-83.2444,33.6573],[-83.2436,33.657],[-83.2429,33.6569],[-83.2424,33.6576],[-83.2435,33.6582],[-83.2436,33.6581],[-83.2444,33.6583]]],[[[-83.1684,33.6658],[-83.1687,33.6643],[-83.166,33.6638],[-83.1626,33.6626],[-83.1624,33.665],[-83.1607,33.6647],[-83.1606,33.6636],[-83.1589,33.6629],[-83.1583,33.6644],[-83.1571,33.6644],[-83.1572,33.6638],[-83.1565,33.6637],[-83.1562,33.6644],[-83.152,33.6645],[-83.1521,33.6622],[-83.1501,33.6596],[-83.1487,33.6591],[-83.1484,33.6571],[-83.1477,33.6564],[-83.1445,33.6559],[-83.1422,33.6572],[-83.1419,33.6577],[-83.1382,33.6573],[-83.1375,33.6574],[-83.136,33.6594],[-83.1361,33.6598],[-83.1353,33.6598],[-83.1336,33.6612],[-83.1298,33.6622],[-83.1289,33.6593],[-83.1284,33.6588],[-83.128,33.6578],[-83.1286,33.652],[-83.127,33.6521],[-83.1232,33.6513],[-83.1211,33.6494],[-83.1242,33.648],[-83.1197,33.646],[-83.1221,33.6427],[-83.1377,33.6466],[-83.1374,33.6485],[-83.139,33.6485],[-83.1387,33.6468],[-83.1391,33.6435],[-83.1381,33.643],[-83.1423,33.6367],[-83.1449,33.6377],[-83.1458,33.6384],[-83.1471,33.6385],[-83.1481,33.6388],[-83.1518,33.6389],[-83.1516,33.6392],[-83.16,33.6386],[-83.1591,33.6374],[-83.1609,33.6369],[-83.164,33.6369],[-83.1662,33.6355],[-83.1687,33.6379],[-83.1732,33.6406],[-83.179,33.6436],[-83.1791,33.644],[-83.1821,33.6408],[-83.1863,33.6321],[-83.1921,33.634],[-83.1958,33.6356],[-83.1931,33.6448],[-83.1871,33.6566],[-83.1858,33.6554],[-83.1852,33.6554],[-83.1836,33.6563],[-83.1826,33.6573],[-83.1811,33.6616],[-83.1788,33.6616],[-83.179,33.664],[-83.1762,33.6637],[-83.1754,33.6612],[-83.1741,33.6612],[-83.1737,33.6624],[-83.1729,33.6632],[-83.1715,33.663],[-83.1712,33.6646],[-83.1696,33.6643],[-83.1693,33.666],[-83.1684,33.6658]]],[[[-83.1553,33.6572],[-83.1552,33.6577],[-83.156,33.6589],[-83.158,33.6597],[-83.1602,33.6598],[-83.1591,33.656],[-83.1553,33.6572]]],[[[-83.2089,33.6251],[-83.212,33.6246],[-83.2144,33.6246],[-83.2165,33.6243],[-83.215,33.623],[-83.2148,33.6218],[-83.2169,33.6179],[-83.2147,33.6143],[-83.2158,33.6141],[-83.2181,33.6157],[-83.221,33.6155],[-83.2217,33.6062],[-83.2257,33.6042],[-83.2269,33.615],[-83.2271,33.6193],[-83.2282,33.6196],[-83.2285,33.6195],[-83.229,33.6201],[-83.2301,33.6206],[-83.2321,33.6207],[-83.2322,33.6213],[-83.2328,33.6222],[-83.2329,33.6219],[-83.2332,33.6219],[-83.2299,33.6238],[-83.2299,33.6248],[-83.2307,33.6258],[-83.224,33.625],[-83.2146,33.6289],[-83.2095,33.6259],[-83.2089,33.6251]]],[[[-83.32,33.6008],[-83.3223,33.5987],[-83.3242,33.6007],[-83.3269,33.5984],[-83.3278,33.5926],[-83.3297,33.5915],[-83.3302,33.5908],[-83.3315,33.5902],[-83.332,33.5903],[-83.3323,33.5907],[-83.3333,33.5911],[-83.3332,33.592],[-83.3339,33.5918],[-83.3341,33.592],[-83.3346,33.5932],[-83.336,33.5917],[-83.3358,33.591],[-83.3359,33.5907],[-83.3365,33.5908],[-83.3371,33.5913],[-83.337,33.5919],[-83.3364,33.5922],[-83.337,33.5927],[-83.3368,33.5945],[-83.337,33.5952],[-83.3379,33.5959],[-83.329,33.6033],[-83.3301,33.6043],[-83.3289,33.6052],[-83.3297,33.606],[-83.3253,33.6092],[-83.3295,33.6131],[-83.3248,33.6164],[-83.3244,33.616],[-83.3253,33.6142],[-83.3237,33.6149],[-83.3216,33.6118],[-83.3204,33.6107],[-83.3208,33.6085],[-83.3201,33.6074],[-83.3196,33.6054],[-83.3204,33.6026],[-83.3205,33.6011],[-83.32,33.6008]]],[[[-83.32,33.6008],[-83.3103,33.6079],[-83.3072,33.6028],[-83.3147,33.5961],[-83.32,33.6008]]],[[[-83.2446,33.6014],[-83.2483,33.5939],[-83.2491,33.5937],[-83.2493,33.5932],[-83.2504,33.5934],[-83.2509,33.593],[-83.2546,33.5942],[-83.2523,33.5942],[-83.2529,33.5949],[-83.2526,33.5952],[-83.2527,33.5958],[-83.2533,33.5972],[-83.2516,33.5982],[-83.2512,33.5991],[-83.25,33.6001],[-83.2493,33.5999],[-83.2488,33.6004],[-83.247,33.6008],[-83.2469,33.6021],[-83.2459,33.6021],[-83.2446,33.6015],[-83.2446,33.6014]]],[[[-83.3043,33.5918],[-83.3041,33.591],[-83.303,33.5913],[-83.2987,33.591],[-83.2961,33.5916],[-83.2945,33.5868],[-83.2929,33.586],[-83.2918,33.5858],[-83.2898,33.58],[-83.2918,33.5787],[-83.2894,33.5767],[-83.2923,33.575],[-83.2939,33.5736],[-83.2946,33.5742],[-83.296,33.5739],[-83.2966,33.5722],[-83.2962,33.5715],[-83.2957,33.5714],[-83.2955,33.5726],[-83.2942,33.5731],[-83.2921,33.5749],[-83.2892,33.5765],[-83.2848,33.5731],[-83.2852,33.5723],[-83.2852,33.5716],[-83.2877,33.5712],[-83.2866,33.5709],[-83.2849,33.5709],[-83.2848,33.5695],[-83.2853,33.5686],[-83.2845,33.5693],[-83.2844,33.57],[-83.2837,33.571],[-83.2827,33.5708],[-83.283,33.569],[-83.2821,33.5688],[-83.2815,33.5675],[-83.2806,33.5669],[-83.2808,33.5658],[-83.2807,33.5646],[-83.282,33.5643],[-83.2827,33.5645],[-83.2827,33.5642],[-83.288,33.5625],[-83.2888,33.5654],[-83.2903,33.5669],[-83.2916,33.5641],[-83.2926,33.5646],[-83.296,33.564],[-83.2978,33.5642],[-83.2986,33.5647],[-83.2988,33.5651],[-83.2993,33.5644],[-83.3006,33.5639],[-83.3016,33.5639],[-83.3019,33.5642],[-83.3033,33.564],[-83.3039,33.5645],[-83.3035,33.5654],[-83.3045,33.5653],[-83.3051,33.5664],[-83.3049,33.5669],[-83.3055,33.5663],[-83.3056,33.5654],[-83.306,33.5654],[-83.3054,33.5701],[-83.3106,33.5764],[-83.3164,33.5799],[-83.3063,33.5886],[-83.3108,33.5927],[-83.3051,33.5959],[-83.3043,33.5918]]],[[[-83.2953,33.5709],[-83.2959,33.5713],[-83.2964,33.5709],[-83.2959,33.5703],[-83.2953,33.5709]]],[[[-83.2809,33.5646],[-83.2808,33.5647],[-83.2813,33.5648],[-83.2812,33.5645],[-83.2809,33.5646]]],[[[-83.2483,33.5937],[-83.249,33.5923],[-83.2506,33.5929],[-83.2501,33.5933],[-83.2494,33.593],[-83.2489,33.5937],[-83.2483,33.5937]]],[[[-83.243,33.5867],[-83.237,33.5787],[-83.2422,33.5803],[-83.2424,33.58],[-83.2395,33.5726],[-83.24,33.5721],[-83.2412,33.5727],[-83.2416,33.5723],[-83.2419,33.5724],[-83.2418,33.5725],[-83.242,33.5729],[-83.2423,33.5726],[-83.2434,33.5732],[-83.243,33.5746],[-83.2438,33.5763],[-83.2444,33.577],[-83.245,33.5735],[-83.2435,33.5705],[-83.2473,33.5695],[-83.2497,33.5682],[-83.251,33.5669],[-83.2547,33.5718],[-83.2583,33.5691],[-83.254,33.5637],[-83.2533,33.5643],[-83.2523,33.5634],[-83.2535,33.5624],[-83.2553,33.5616],[-83.2559,33.5626],[-83.2638,33.5588],[-83.266,33.5566],[-83.2639,33.5508],[-83.2656,33.5502],[-83.268,33.5507],[-83.269,33.55],[-83.2691,33.5496],[-83.2688,33.5493],[-83.2681,33.5494],[-83.2675,33.5492],[-83.2678,33.5488],[-83.2736,33.546],[-83.2743,33.5474],[-83.274,33.5478],[-83.2743,33.549],[-83.2741,33.5495],[-83.2722,33.5497],[-83.2712,33.5492],[-83.2703,33.5492],[-83.2701,33.5498],[-83.2681,33.5511],[-83.269,33.5514],[-83.271,33.5507],[-83.2719,33.5516],[-83.2745,33.5506],[-83.2737,33.552],[-83.2742,33.5524],[-83.2742,33.5529],[-83.2707,33.554],[-83.2707,33.5544],[-83.27,33.5546],[-83.2705,33.5553],[-83.27,33.5571],[-83.2687,33.5582],[-83.2666,33.5591],[-83.2675,33.5592],[-83.2683,33.561],[-83.2682,33.5616],[-83.2671,33.5621],[-83.2682,33.5621],[-83.2684,33.5624],[-83.2672,33.5638],[-83.2671,33.5644],[-83.266,33.5652],[-83.2653,33.565],[-83.2653,33.5655],[-83.2644,33.5658],[-83.2637,33.5664],[-83.2627,33.5666],[-83.2627,33.5671],[-83.2612,33.5681],[-83.263,33.568],[-83.2632,33.5673],[-83.2661,33.5661],[-83.2669,33.5653],[-83.2688,33.5644],[-83.2699,33.5664],[-83.2719,33.5673],[-83.273,33.5671],[-83.2737,33.5674],[-83.2737,33.568],[-83.2752,33.5699],[-83.2751,33.5704],[-83.2746,33.5708],[-83.2752,33.5714],[-83.2749,33.5719],[-83.275,33.5727],[-83.2755,33.5731],[-83.2756,33.5755],[-83.275,33.5767],[-83.274,33.5772],[-83.2713,33.5768],[-83.2723,33.5777],[-83.2724,33.5782],[-83.2709,33.5804],[-83.2722,33.5809],[-83.2721,33.581],[-83.2704,33.5806],[-83.2697,33.5815],[-83.2666,33.581],[-83.2619,33.5818],[-83.259,33.581],[-83.2586,33.5814],[-83.2547,33.5776],[-83.2528,33.5769],[-83.2529,33.5795],[-83.2543,33.5802],[-83.2554,33.5825],[-83.2528,33.5832],[-83.2475,33.5818],[-83.2455,33.5854],[-83.243,33.5867]]],[[[-83.2932,33.5604],[-83.2917,33.5594],[-83.2936,33.5575],[-83.2961,33.5589],[-83.3012,33.5576],[-83.3024,33.5593],[-83.3023,33.5595],[-83.3001,33.5606],[-83.2996,33.5603],[-83.2991,33.5604],[-83.2976,33.56],[-83.2985,33.5606],[-83.2988,33.5618],[-83.2993,33.562],[-83.2998,33.5626],[-83.2997,33.5632],[-83.2991,33.5643],[-83.2932,33.5604]]],[[[-83.3071,33.5623],[-83.306,33.5623],[-83.3054,33.5616],[-83.3055,33.5612],[-83.3045,33.5606],[-83.3047,33.5603],[-83.3056,33.5595],[-83.3049,33.5594],[-83.3049,33.559],[-83.3061,33.558],[-83.3056,33.5577],[-83.3056,33.5573],[-83.305,33.5571],[-83.3049,33.5567],[-83.305,33.5564],[-83.3057,33.5562],[-83.3059,33.5566],[-83.3057,33.5562],[-83.3064,33.5561],[-83.3061,33.5548],[-83.3052,33.5547],[-83.3047,33.5537],[-83.303,33.5538],[-83.3029,33.5537],[-83.3035,33.5532],[-83.3026,33.5535],[-83.3018,33.5524],[-83.3017,33.5525],[-83.301,33.5523],[-83.3018,33.5518],[-83.3018,33.5511],[-83.3024,33.5507],[-83.3054,33.5501],[-83.3042,33.5501],[-83.3033,33.5505],[-83.3025,33.5504],[-83.3018,33.5507],[-83.3011,33.5504],[-83.3008,33.5508],[-83.3,33.551],[-83.2985,33.5507],[-83.2976,33.5514],[-83.2969,33.5514],[-83.2974,33.5506],[-83.2999,33.5491],[-83.302,33.5475],[-83.3099,33.5527],[-83.3147,33.5487],[-83.3167,33.546],[-83.3176,33.5463],[-83.3195,33.5473],[-83.3109,33.5608],[-83.3104,33.5607],[-83.3103,33.561],[-83.3105,33.5612],[-83.3099,33.5614],[-83.3091,33.5612],[-83.3087,33.5608],[-83.3085,33.5622],[-83.3071,33.5623]]],[[[-83.3967,33.3616],[-83.3972,33.3613],[-83.4006,33.3641],[-83.4072,33.3586],[-83.4089,33.3578],[-83.4088,33.3572],[-83.4072,33.3577],[-83.404,33.3571],[-83.4008,33.3582],[-83.4113,33.3496],[-83.4116,33.3498],[-83.4208,33.3421],[-83.4201,33.3417],[-83.432,33.3316],[-83.4325,33.332],[-83.433,33.3316],[-83.4312,33.3301],[-83.4358,33.3277],[-83.4363,33.327],[-83.4369,33.3247],[-83.436,33.3221],[-83.4366,33.3224],[-83.4375,33.3222],[-83.4374,33.3228],[-83.4377,33.3231],[-83.4396,33.3235],[-83.441,33.3235],[-83.4436,33.3241],[-83.4448,33.3251],[-83.4453,33.3248],[-83.4458,33.324],[-83.4469,33.3243],[-83.4481,33.3258],[-83.448,33.3272],[-83.4491,33.3287],[-83.4503,33.3285],[-83.4542,33.3256],[-83.4548,33.3254],[-83.4569,33.3269],[-83.4611,33.3285],[-83.4638,33.3308],[-83.4647,33.3313],[-83.465,33.3317],[-83.4652,33.3324],[-83.4645,33.3371],[-83.4646,33.3393],[-83.4677,33.3403],[-83.4714,33.3377],[-83.47,33.3357],[-83.4702,33.3348],[-83.4707,33.3342],[-83.4752,33.3304],[-83.4755,33.3302],[-83.4763,33.3308],[-83.4768,33.3308],[-83.4831,33.3256],[-83.4851,33.3257],[-83.4868,33.3254],[-83.4887,33.324],[-83.4939,33.3266],[-83.4839,33.3346],[-83.4871,33.3373],[-83.4856,33.3385],[-83.4905,33.3411],[-83.504,33.3528],[-83.5029,33.3537],[-83.5094,33.3594],[-83.5024,33.365],[-83.5051,33.368],[-83.4984,33.3737],[-83.4995,33.3746],[-83.4961,33.3787],[-83.495,33.3776],[-83.4944,33.378],[-83.4929,33.3778],[-83.4929,33.3797],[-83.4903,33.3809],[-83.49,33.3805],[-83.4892,33.3805],[-83.4885,33.3796],[-83.4886,33.3779],[-83.4883,33.3773],[-83.4874,33.3764],[-83.4853,33.3761],[-83.4833,33.3761],[-83.4821,33.3756],[-83.4808,33.3742],[-83.4797,33.3742],[-83.4789,33.3734],[-83.4782,33.373],[-83.4761,33.3725],[-83.4745,33.3727],[-83.4729,33.3725],[-83.4717,33.3744],[-83.4719,33.3749],[-83.4717,33.3752],[-83.4718,33.3757],[-83.4715,33.3761],[-83.4685,33.3753],[-83.4657,33.3774],[-83.4617,33.3741],[-83.4599,33.3761],[-83.4593,33.3711],[-83.4538,33.369],[-83.4455,33.3759],[-83.442,33.3726],[-83.4489,33.367],[-83.4451,33.3641],[-83.4495,33.3606],[-83.453,33.3639],[-83.456,33.3614],[-83.4497,33.3558],[-83.4487,33.3568],[-83.4477,33.356],[-83.4421,33.3604],[-83.4405,33.3577],[-83.4392,33.3566],[-83.4365,33.3561],[-83.4356,33.3557],[-83.4344,33.3548],[-83.4337,33.3539],[-83.4318,33.3544],[-83.4319,33.3542],[-83.431,33.3541],[-83.4282,33.3518],[-83.427,33.3519],[-83.4252,33.3526],[-83.4236,33.3522],[-83.4231,33.3513],[-83.4152,33.3581],[-83.4202,33.365],[-83.417,33.3679],[-83.4248,33.3743],[-83.4269,33.3727],[-83.4343,33.3767],[-83.434,33.3773],[-83.4331,33.3776],[-83.4321,33.3783],[-83.4322,33.379],[-83.4326,33.3793],[-83.4324,33.3799],[-83.43,33.3807],[-83.4295,33.3818],[-83.4287,33.3825],[-83.4371,33.3893],[-83.4338,33.3921],[-83.432,33.393],[-83.4273,33.3982],[-83.4334,33.4034],[-83.4124,33.4207],[-83.4114,33.4213],[-83.4087,33.4188],[-83.403,33.4233],[-83.4005,33.417],[-83.4001,33.4164],[-83.3996,33.416],[-83.3974,33.4154],[-83.3951,33.4132],[-83.395,33.4133],[-83.3937,33.4127],[-83.3905,33.4122],[-83.3891,33.4122],[-83.387,33.4135],[-83.3859,33.4163],[-83.3849,33.4171],[-83.3833,33.4179],[-83.381,33.4181],[-83.3789,33.4176],[-83.3755,33.419],[-83.3743,33.4187],[-83.3725,33.4174],[-83.3723,33.4139],[-83.372,33.4126],[-83.3687,33.4075],[-83.3679,33.4058],[-83.369,33.3992],[-83.369,33.3951],[-83.3696,33.3935],[-83.3706,33.3924],[-83.3716,33.393],[-83.3736,33.3927],[-83.3759,33.3921],[-83.3769,33.3913],[-83.3802,33.3943],[-83.3816,33.3929],[-83.3843,33.3982],[-83.3836,33.3996],[-83.3847,33.4014],[-83.3898,33.4004],[-83.3901,33.3972],[-83.3938,33.394],[-83.3909,33.3914],[-83.3909,33.3897],[-83.4077,33.3757],[-83.4025,33.3718],[-83.4013,33.3704],[-83.4003,33.3687],[-83.3997,33.3669],[-83.3967,33.3616]]],[[[-83.406,33.4043],[-83.4129,33.4105],[-83.4202,33.4045],[-83.4174,33.4021],[-83.4192,33.4024],[-83.4199,33.4023],[-83.4204,33.401],[-83.4215,33.3998],[-83.4219,33.3987],[-83.4231,33.3971],[-83.4228,33.3953],[-83.4231,33.3946],[-83.4162,33.3885],[-83.4077,33.3938],[-83.4126,33.398],[-83.4117,33.3988],[-83.4122,33.3992],[-83.406,33.4043]]],[[[-83.3698,33.4065],[-83.3702,33.4068],[-83.3703,33.4073],[-83.3712,33.4066],[-83.3705,33.4058],[-83.3698,33.4065]]],[[[-83.4878,33.3665],[-83.486,33.368],[-83.4897,33.371],[-83.493,33.3682],[-83.4895,33.3651],[-83.4878,33.3665]]],[[[-83.3967,33.3616],[-83.3896,33.3675],[-83.3922,33.3703],[-83.3961,33.3737],[-83.3897,33.3784],[-83.3812,33.3716],[-83.3828,33.3707],[-83.3833,33.3696],[-83.3836,33.3679],[-83.3845,33.3686],[-83.3891,33.3665],[-83.39,33.3647],[-83.3901,33.3638],[-83.3896,33.3621],[-83.3933,33.3591],[-83.3929,33.3577],[-83.3944,33.3588],[-83.3967,33.3616]]],[[[-83.5112,33.3365],[-83.5222,33.3271],[-83.5224,33.3301],[-83.5222,33.3347],[-83.5242,33.3367],[-83.5141,33.3448],[-83.513,33.3404],[-83.5144,33.3397],[-83.5112,33.3365]]],[[[-83.5816,33.1268],[-83.5828,33.126],[-83.5913,33.1237],[-83.5954,33.1213],[-83.5969,33.1198],[-83.5991,33.1186],[-83.6024,33.1226],[-83.603,33.122],[-83.6094,33.1275],[-83.6021,33.1332],[-83.6227,33.1508],[-83.6349,33.141],[-83.6356,33.1447],[-83.6253,33.1533],[-83.6246,33.1628],[-83.6224,33.1646],[-83.6236,33.1692],[-83.6236,33.1729],[-83.6151,33.1797],[-83.6118,33.1769],[-83.6151,33.1742],[-83.6112,33.171],[-83.6081,33.1737],[-83.6015,33.1679],[-83.5995,33.1694],[-83.5928,33.1639],[-83.5948,33.1621],[-83.5899,33.158],[-83.5892,33.1585],[-83.5864,33.1574],[-83.5999,33.1462],[-83.6011,33.1464],[-83.6017,33.1446],[-83.5984,33.1415],[-83.5952,33.1389],[-83.5847,33.1474],[-83.5781,33.1414],[-83.5677,33.1501],[-83.5643,33.1472],[-83.5574,33.1532],[-83.557,33.1528],[-83.5501,33.1584],[-83.5467,33.1559],[-83.5442,33.1583],[-83.5334,33.1674],[-83.5355,33.1689],[-83.5351,33.1694],[-83.5471,33.1794],[-83.561,33.1904],[-83.5626,33.1891],[-83.5633,33.1893],[-83.5647,33.1889],[-83.5656,33.1893],[-83.5665,33.1888],[-83.5671,33.1887],[-83.568,33.189],[-83.5684,33.1928],[-83.5682,33.1933],[-83.5677,33.1933],[-83.5676,33.1938],[-83.5701,33.1948],[-83.5605,33.2027],[-83.5617,33.2053],[-83.563,33.2052],[-83.5637,33.2057],[-83.561,33.2092],[-83.5618,33.2132],[-83.5579,33.2165],[-83.5564,33.2166],[-83.5536,33.2144],[-83.5502,33.2175],[-83.5534,33.2201],[-83.55,33.223],[-83.5476,33.221],[-83.5478,33.2207],[-83.5476,33.2198],[-83.5444,33.2197],[-83.5412,33.2216],[-83.5466,33.2261],[-83.533,33.2374],[-83.5399,33.2436],[-83.5361,33.2467],[-83.5381,33.2484],[-83.5336,33.2529],[-83.5375,33.2567],[-83.5416,33.253],[-83.5469,33.2577],[-83.5489,33.2587],[-83.5432,33.2638],[-83.5446,33.2678],[-83.5428,33.2695],[-83.5378,33.2721],[-83.5374,33.2714],[-83.5367,33.2719],[-83.537,33.2724],[-83.5345,33.2737],[-83.5357,33.2754],[-83.5278,33.2821],[-83.531,33.282],[-83.5331,33.2816],[-83.5335,33.2821],[-83.5481,33.2742],[-83.5487,33.2745],[-83.546,33.279],[-83.5461,33.2797],[-83.5431,33.2796],[-83.5433,33.28],[-83.5453,33.2816],[-83.5457,33.2828],[-83.5457,33.2849],[-83.5452,33.286],[-83.5439,33.286],[-83.5426,33.2855],[-83.5418,33.2856],[-83.541,33.2859],[-83.5405,33.2866],[-83.5396,33.2869],[-83.5394,33.2874],[-83.5394,33.2876],[-83.5404,33.2876],[-83.5418,33.2879],[-83.5423,33.2895],[-83.5439,33.291],[-83.5454,33.2914],[-83.5471,33.2905],[-83.5477,33.2905],[-83.5493,33.292],[-83.5488,33.2943],[-83.5489,33.2948],[-83.5484,33.2958],[-83.5488,33.2964],[-83.5489,33.2974],[-83.5482,33.2978],[-83.548,33.2986],[-83.5471,33.2996],[-83.5466,33.3017],[-83.5474,33.3028],[-83.5462,33.3042],[-83.5456,33.3046],[-83.5465,33.3052],[-83.5471,33.3052],[-83.5475,33.3055],[-83.5447,33.3077],[-83.538,33.3019],[-83.5316,33.307],[-83.528,33.3041],[-83.5258,33.3059],[-83.5274,33.308],[-83.531,33.3181],[-83.5301,33.3182],[-83.5199,33.31],[-83.5169,33.3127],[-83.5173,33.312],[-83.5146,33.3095],[-83.518,33.3067],[-83.507,33.2974],[-83.5074,33.2971],[-83.5062,33.2959],[-83.5068,33.2954],[-83.5072,33.2945],[-83.5074,33.2939],[-83.5072,33.2933],[-83.5048,33.2954],[-83.4985,33.2901],[-83.4984,33.292],[-83.4983,33.2924],[-83.4943,33.2945],[-83.4909,33.2977],[-83.4899,33.2984],[-83.4884,33.2987],[-83.4858,33.301],[-83.4853,33.3021],[-83.4857,33.3035],[-83.48,33.2987],[-83.4734,33.305],[-83.4711,33.3028],[-83.4685,33.3047],[-83.4636,33.3005],[-83.4641,33.2995],[-83.4591,33.298],[-83.4584,33.2989],[-83.4511,33.2921],[-83.4466,33.2958],[-83.4456,33.2974],[-83.4524,33.3031],[-83.4536,33.3082],[-83.4551,33.3076],[-83.4567,33.3062],[-83.4599,33.3075],[-83.4567,33.3117],[-83.4534,33.3119],[-83.452,33.3104],[-83.4477,33.3088],[-83.4383,33.3049],[-83.4389,33.3036],[-83.4387,33.3019],[-83.4369,33.2995],[-83.4348,33.2978],[-83.4341,33.2982],[-83.4328,33.2996],[-83.4316,33.3002],[-83.4301,33.3003],[-83.429,33.3],[-83.4287,33.2997],[-83.429,33.2983],[-83.4288,33.2972],[-83.4291,33.2967],[-83.4314,33.2946],[-83.4337,33.2939],[-83.4353,33.2922],[-83.4352,33.2913],[-83.4348,33.2904],[-83.4331,33.2896],[-83.4327,33.2889],[-83.434,33.2887],[-83.4341,33.2889],[-83.4361,33.2889],[-83.4378,33.2884],[-83.4397,33.2875],[-83.4429,33.285],[-83.4446,33.284],[-83.4482,33.2832],[-83.4488,33.2829],[-83.4496,33.282],[-83.4566,33.2786],[-83.4552,33.287],[-83.4658,33.2861],[-83.47,33.2899],[-83.4645,33.2942],[-83.4648,33.2954],[-83.4661,33.2968],[-83.4704,33.2936],[-83.4701,33.2899],[-83.4718,33.2912],[-83.4733,33.2916],[-83.4758,33.29],[-83.478,33.2877],[-83.4799,33.2887],[-83.484,33.2895],[-83.4892,33.2941],[-83.4897,33.293],[-83.4908,33.2917],[-83.4913,33.2907],[-83.4931,33.2899],[-83.4932,33.2887],[-83.4894,33.285],[-83.4912,33.2836],[-83.483,33.2801],[-83.4819,33.2815],[-83.4807,33.2812],[-83.4815,33.2788],[-83.4813,33.2786],[-83.482,33.2758],[-83.4826,33.2747],[-83.4855,33.2768],[-83.4857,33.2765],[-83.4866,33.2771],[-83.488,33.2775],[-83.4885,33.2781],[-83.4889,33.2777],[-83.4962,33.2795],[-83.5006,33.2761],[-83.5007,33.2752],[-83.4997,33.2747],[-83.4948,33.2752],[-83.492,33.2759],[-83.4877,33.2739],[-83.4893,33.2723],[-83.4836,33.2683],[-83.4815,33.2718],[-83.4794,33.2705],[-83.4773,33.2721],[-83.4738,33.2691],[-83.478,33.2656],[-83.4724,33.2599],[-83.4746,33.2583],[-83.4866,33.2686],[-83.4898,33.2662],[-83.4912,33.2666],[-83.4933,33.2658],[-83.4939,33.2647],[-83.4928,33.2642],[-83.4928,33.2639],[-83.4943,33.2626],[-83.4968,33.2623],[-83.4968,33.2631],[-83.4975,33.2637],[-83.5024,33.2579],[-83.4974,33.2542],[-83.4936,33.251],[-83.4946,33.2509],[-83.4936,33.2469],[-83.491,33.249],[-83.4892,33.2474],[-83.4844,33.2515],[-83.4829,33.2515],[-83.4818,33.252],[-83.4811,33.2508],[-83.4804,33.2517],[-83.4774,33.2501],[-83.477,33.2486],[-83.4733,33.2474],[-83.4727,33.2456],[-83.4711,33.2449],[-83.4703,33.2449],[-83.4674,33.2427],[-83.4651,33.242],[-83.4533,33.2517],[-83.4473,33.2456],[-83.4435,33.247],[-83.4459,33.2499],[-83.4416,33.2539],[-83.4399,33.2549],[-83.4337,33.2493],[-83.4293,33.2459],[-83.4361,33.2405],[-83.4344,33.2391],[-83.4402,33.2337],[-83.4381,33.2342],[-83.4378,33.2349],[-83.4356,33.2357],[-83.4358,33.2343],[-83.4344,33.2318],[-83.4344,33.2298],[-83.434,33.229],[-83.4335,33.2271],[-83.4314,33.2252],[-83.4299,33.2214],[-83.4299,33.2198],[-83.4303,33.2188],[-83.4306,33.2185],[-83.4315,33.219],[-83.4317,33.2189],[-83.4314,33.2187],[-83.4325,33.2189],[-83.4344,33.2208],[-83.4343,33.221],[-83.4339,33.2209],[-83.4339,33.2211],[-83.4341,33.2209],[-83.4345,33.2211],[-83.4345,33.2209],[-83.4356,33.2219],[-83.4353,33.2223],[-83.4357,33.2221],[-83.4371,33.2233],[-83.437,33.2235],[-83.4372,33.2233],[-83.4383,33.2239],[-83.4384,33.2243],[-83.4387,33.2244],[-83.4384,33.2246],[-83.4388,33.2245],[-83.4385,33.2243],[-83.4387,33.2242],[-83.4391,33.2249],[-83.4396,33.2251],[-83.4395,33.2254],[-83.4397,33.2251],[-83.4426,33.2254],[-83.443,33.2259],[-83.4433,33.2258],[-83.4428,33.2257],[-83.4427,33.2254],[-83.444,33.2253],[-83.4453,33.226],[-83.4459,33.2266],[-83.4459,33.2279],[-83.4462,33.2283],[-83.446,33.2285],[-83.4468,33.2298],[-83.4472,33.2296],[-83.4482,33.2305],[-83.4508,33.2314],[-83.4533,33.2311],[-83.4541,33.2314],[-83.4555,33.2332],[-83.456,33.2359],[-83.4575,33.2378],[-83.4581,33.2381],[-83.4687,33.2295],[-83.4736,33.2219],[-83.471,33.2197],[-83.478,33.214],[-83.471,33.2079],[-83.471,33.2092],[-83.47,33.21],[-83.4711,33.2116],[-83.4689,33.2136],[-83.4655,33.2171],[-83.4653,33.2182],[-83.4676,33.2213],[-83.4653,33.2231],[-83.4659,33.2295],[-83.4631,33.2292],[-83.462,33.2289],[-83.4557,33.2245],[-83.4537,33.2218],[-83.4514,33.2203],[-83.4523,33.2198],[-83.4517,33.2187],[-83.4508,33.2196],[-83.4481,33.2195],[-83.4471,33.2189],[-83.4465,33.2181],[-83.4458,33.218],[-83.4507,33.2139],[-83.4417,33.2061],[-83.4476,33.2024],[-83.4494,33.2018],[-83.4504,33.202],[-83.4487,33.2078],[-83.4505,33.2097],[-83.4575,33.2038],[-83.4579,33.2042],[-83.4604,33.2022],[-83.4554,33.198],[-83.4574,33.1963],[-83.4437,33.1845],[-83.4468,33.183],[-83.4469,33.1824],[-83.4465,33.1819],[-83.4464,33.1811],[-83.4457,33.1802],[-83.4467,33.1794],[-83.4472,33.1784],[-83.4489,33.1785],[-83.4496,33.1792],[-83.4505,33.1788],[-83.4419,33.1716],[-83.4421,33.1682],[-83.4428,33.1648],[-83.4568,33.1767],[-83.458,33.1761],[-83.4573,33.1749],[-83.4575,33.1745],[-83.4582,33.1743],[-83.4591,33.1745],[-83.4601,33.1756],[-83.4605,33.1757],[-83.4611,33.1749],[-83.4617,33.1746],[-83.4635,33.1715],[-83.4641,33.171],[-83.4655,33.1708],[-83.4634,33.1684],[-83.4671,33.1643],[-83.4567,33.1546],[-83.4604,33.1515],[-83.4616,33.1518],[-83.4633,33.1473],[-83.4617,33.1469],[-83.4625,33.1445],[-83.4628,33.1396],[-83.4632,33.1392],[-83.4671,33.1365],[-83.4681,33.1377],[-83.4705,33.1366],[-83.4789,33.1437],[-83.4718,33.1496],[-83.4784,33.1552],[-83.4722,33.1605],[-83.4767,33.1634],[-83.4794,33.1626],[-83.4806,33.1626],[-83.4815,33.1629],[-83.4819,33.1633],[-83.4826,33.1648],[-83.4831,33.1649],[-83.4835,33.1645],[-83.4834,33.1624],[-83.4837,33.1621],[-83.4842,33.1621],[-83.4844,33.1619],[-83.4843,33.1617],[-83.4831,33.161],[-83.4828,33.1611],[-83.4825,33.1605],[-83.4829,33.1607],[-83.4832,33.1606],[-83.4833,33.1601],[-83.4846,33.1595],[-83.484,33.159],[-83.4847,33.1585],[-83.4852,33.1573],[-83.4864,33.1565],[-83.4835,33.1538],[-83.4844,33.1486],[-83.4876,33.1513],[-83.4887,33.1527],[-83.4896,33.1534],[-83.4894,33.1534],[-83.4891,33.1562],[-83.4888,33.1567],[-83.4895,33.1569],[-83.4924,33.1556],[-83.4994,33.1498],[-83.4991,33.1495],[-83.4995,33.1491],[-83.4997,33.148],[-83.5002,33.1476],[-83.5008,33.1475],[-83.5011,33.1481],[-83.5017,33.1483],[-83.5022,33.1473],[-83.5031,33.1468],[-83.5199,33.1439],[-83.5293,33.137],[-83.5276,33.1347],[-83.5275,33.1343],[-83.528,33.1339],[-83.528,33.1335],[-83.5277,33.1332],[-83.5259,33.1329],[-83.5264,33.1325],[-83.5265,33.1317],[-83.5256,33.131],[-83.5244,33.1307],[-83.5217,33.129],[-83.5243,33.1286],[-83.5249,33.1276],[-83.5251,33.1277],[-83.5252,33.1282],[-83.5255,33.1283],[-83.5255,33.1288],[-83.5267,33.1284],[-83.5261,33.1272],[-83.5279,33.1263],[-83.5297,33.126],[-83.5308,33.125],[-83.5312,33.1241],[-83.532,33.125],[-83.5336,33.1255],[-83.5347,33.1253],[-83.5347,33.125],[-83.5364,33.1244],[-83.5373,33.1251],[-83.5381,33.1246],[-83.5542,33.1385],[-83.5602,33.1443],[-83.5711,33.1356],[-83.5816,33.1268]]],[[[-83.5197,33.2638],[-83.5227,33.2663],[-83.5252,33.2668],[-83.5267,33.2655],[-83.5247,33.2652],[-83.5231,33.2646],[-83.5208,33.2631],[-83.5197,33.2638]]],[[[-83.5238,33.2607],[-83.5248,33.2614],[-83.5279,33.2575],[-83.5285,33.2571],[-83.5276,33.2563],[-83.5238,33.2607]]],[[[-83.521,33.2245],[-83.5241,33.2272],[-83.5257,33.2258],[-83.5222,33.2233],[-83.521,33.2245]]],[[[-83.4742,33.2324],[-83.4734,33.2342],[-83.4777,33.2374],[-83.4918,33.2256],[-83.485,33.2198],[-83.478,33.2257],[-83.48,33.2277],[-83.4795,33.2291],[-83.4793,33.2309],[-83.4773,33.2303],[-83.4748,33.2299],[-83.4742,33.2324]]],[[[-83.5037,33.2279],[-83.5044,33.2279],[-83.5077,33.225],[-83.5062,33.2242],[-83.5067,33.2236],[-83.5052,33.2231],[-83.5063,33.2221],[-83.5053,33.2215],[-83.5051,33.2209],[-83.5031,33.2204],[-83.5006,33.2181],[-83.4999,33.2185],[-83.4993,33.218],[-83.4969,33.2185],[-83.4966,33.2188],[-83.4972,33.2204],[-83.4967,33.221],[-83.4955,33.2205],[-83.4947,33.2214],[-83.4919,33.2197],[-83.4949,33.2226],[-83.4994,33.2246],[-83.4986,33.2253],[-83.5005,33.2275],[-83.5014,33.227],[-83.5026,33.2279],[-83.5032,33.2276],[-83.5037,33.2279]]],[[[-83.4822,33.2143],[-83.4828,33.2146],[-83.4832,33.2142],[-83.4827,33.2138],[-83.4822,33.2143]]],[[[-83.4659,33.2115],[-83.4664,33.2119],[-83.467,33.2113],[-83.4664,33.211],[-83.4659,33.2115]]],[[[-83.4916,33.2143],[-83.4951,33.217],[-83.4962,33.2168],[-83.5018,33.212],[-83.5016,33.2117],[-83.4959,33.2108],[-83.4916,33.2143]]],[[[-83.5404,33.2147],[-83.5434,33.2163],[-83.5468,33.2175],[-83.5461,33.2145],[-83.5417,33.2106],[-83.5404,33.2147]]],[[[-83.554,33.2093],[-83.5543,33.2093],[-83.5543,33.2088],[-83.5541,33.2088],[-83.554,33.2093]]],[[[-83.4731,33.1997],[-83.4753,33.2033],[-83.4758,33.2035],[-83.4849,33.1965],[-83.4769,33.1897],[-83.4702,33.1934],[-83.4699,33.193],[-83.4644,33.1945],[-83.4668,33.1999],[-83.466,33.2009],[-83.4675,33.2028],[-83.4729,33.1994],[-83.4731,33.1997]]],[[[-83.4975,33.1896],[-83.5056,33.197],[-83.5137,33.1896],[-83.5121,33.1884],[-83.5115,33.1889],[-83.5098,33.1874],[-83.5074,33.1892],[-83.5008,33.1831],[-83.4956,33.1875],[-83.4965,33.1886],[-83.4974,33.1892],[-83.4975,33.1896]]],[[[-83.5297,33.2053],[-83.5396,33.1969],[-83.5364,33.1938],[-83.5317,33.1977],[-83.5315,33.1975],[-83.5307,33.1949],[-83.5345,33.192],[-83.5264,33.1851],[-83.5331,33.1791],[-83.5279,33.1746],[-83.5303,33.174],[-83.5294,33.1731],[-83.5288,33.172],[-83.5288,33.1711],[-83.5282,33.1709],[-83.527,33.1724],[-83.5257,33.1714],[-83.5251,33.1723],[-83.5257,33.1738],[-83.5252,33.1756],[-83.5269,33.1787],[-83.5268,33.1808],[-83.5272,33.1827],[-83.5269,33.1842],[-83.5263,33.185],[-83.5195,33.1907],[-83.5285,33.1994],[-83.5245,33.2003],[-83.5281,33.2041],[-83.5288,33.204],[-83.5297,33.2053]]],[[[-83.5011,33.1706],[-83.5017,33.1709],[-83.5021,33.1705],[-83.5016,33.1702],[-83.5011,33.1706]]],[[[-83.6157,33.1564],[-83.6106,33.1604],[-83.6079,33.1601],[-83.6067,33.1638],[-83.6085,33.1622],[-83.6152,33.1682],[-83.6231,33.1618],[-83.6227,33.1508],[-83.6157,33.1564]]],[[[-83.7588,33.3084],[-83.7586,33.3058],[-83.7578,33.3047],[-83.7601,33.3027],[-83.7527,33.2964],[-83.745,33.3027],[-83.735,33.2941],[-83.7489,33.2829],[-83.7456,33.2801],[-83.738,33.2864],[-83.7351,33.2848],[-83.7335,33.2859],[-83.7296,33.2827],[-83.7284,33.2833],[-83.7235,33.2843],[-83.7133,33.2749],[-83.7142,33.273],[-83.7148,33.2722],[-83.7179,33.2703],[-83.7194,33.269],[-83.7195,33.2685],[-83.7211,33.27],[-83.7249,33.2667],[-83.7213,33.2647],[-83.7197,33.2659],[-83.7188,33.2631],[-83.7195,33.2631],[-83.7193,33.2622],[-83.7183,33.2623],[-83.7181,33.2616],[-83.7185,33.2617],[-83.7185,33.2615],[-83.7181,33.2614],[-83.7181,33.2611],[-83.7181,33.2596],[-83.7183,33.2596],[-83.7182,33.2591],[-83.719,33.2565],[-83.7212,33.2572],[-83.7247,33.2544],[-83.7321,33.2608],[-83.7318,33.2612],[-83.7296,33.2622],[-83.7302,33.2635],[-83.7313,33.2643],[-83.7322,33.2641],[-83.7338,33.2644],[-83.7338,33.2649],[-83.7351,33.2651],[-83.735,33.2658],[-83.7356,33.266],[-83.7256,33.274],[-83.7302,33.278],[-83.7326,33.2768],[-83.7307,33.2745],[-83.7431,33.264],[-83.746,33.2658],[-83.7486,33.2679],[-83.7528,33.2643],[-83.7637,33.2738],[-83.7698,33.269],[-83.7711,33.2703],[-83.7706,33.2718],[-83.7697,33.2737],[-83.7701,33.2747],[-83.7666,33.2766],[-83.7716,33.2806],[-83.7707,33.2813],[-83.7723,33.2837],[-83.7739,33.2854],[-83.7703,33.2883],[-83.7739,33.2915],[-83.7712,33.2938],[-83.7773,33.2991],[-83.7747,33.3014],[-83.7685,33.296],[-83.7634,33.3001],[-83.7697,33.3055],[-83.7683,33.3067],[-83.7682,33.3064],[-83.7676,33.3066],[-83.7678,33.3071],[-83.7683,33.3069],[-83.7685,33.3071],[-83.7664,33.308],[-83.7665,33.3082],[-83.7602,33.3132],[-83.7574,33.311],[-83.7588,33.3084]]],[[[-83.7117,33.1809],[-83.7182,33.1866],[-83.7258,33.1816],[-83.7322,33.1872],[-83.7339,33.186],[-83.7328,33.1845],[-83.7319,33.1824],[-83.728,33.1798],[-83.7251,33.1786],[-83.725,33.1765],[-83.7256,33.1742],[-83.7264,33.173],[-83.7266,33.1721],[-83.7265,33.1706],[-83.7253,33.1686],[-83.7321,33.1639],[-83.7353,33.1664],[-83.7417,33.1611],[-83.7471,33.1659],[-83.7497,33.1637],[-83.7512,33.1639],[-83.7525,33.1636],[-83.7547,33.1658],[-83.7569,33.1641],[-83.7566,33.1626],[-83.7586,33.1596],[-83.7615,33.1602],[-83.7626,33.1563],[-83.7694,33.1629],[-83.7761,33.1561],[-83.7748,33.155],[-83.7749,33.1548],[-83.7782,33.154],[-83.7801,33.1533],[-83.7818,33.1534],[-83.7831,33.1542],[-83.7844,33.1542],[-83.7858,33.1547],[-83.789,33.1541],[-83.7923,33.1526],[-83.7927,33.1529],[-83.7948,33.1531],[-83.7966,33.1537],[-83.7973,33.1541],[-83.7977,33.1548],[-83.7991,33.1558],[-83.8011,33.1545],[-83.8135,33.1653],[-83.8164,33.1649],[-83.8191,33.1626],[-83.8214,33.161],[-83.823,33.1631],[-83.8244,33.1629],[-83.8245,33.1666],[-83.8238,33.1718],[-83.8247,33.1762],[-83.8241,33.1779],[-83.818,33.1861],[-83.8129,33.1899],[-83.8105,33.191],[-83.808,33.1918],[-83.8076,33.1928],[-83.8077,33.1935],[-83.8083,33.1938],[-83.8095,33.1939],[-83.8129,33.1928],[-83.8157,33.1933],[-83.8169,33.1941],[-83.8172,33.1947],[-83.8173,33.1958],[-83.817,33.1961],[-83.8148,33.1962],[-83.8133,33.1969],[-83.8125,33.1978],[-83.8123,33.1987],[-83.8139,33.1998],[-83.8188,33.2004],[-83.8206,33.201],[-83.8216,33.2018],[-83.8246,33.2051],[-83.8248,33.2057],[-83.8249,33.2091],[-83.8255,33.2098],[-83.8272,33.2103],[-83.8293,33.2105],[-83.8312,33.2102],[-83.833,33.2092],[-83.8334,33.2092],[-83.8343,33.2097],[-83.8345,33.2105],[-83.8343,33.2114],[-83.8336,33.2127],[-83.8312,33.2153],[-83.8276,33.2179],[-83.8263,33.2196],[-83.8243,33.2214],[-83.8235,33.2232],[-83.8229,33.2266],[-83.8222,33.2284],[-83.8206,33.2307],[-83.8193,33.2332],[-83.8184,33.2353],[-83.8162,33.2389],[-83.8156,33.2405],[-83.8145,33.242],[-83.8143,33.2435],[-83.8127,33.245],[-83.8114,33.2445],[-83.8114,33.2433],[-83.8109,33.2425],[-83.8093,33.2437],[-83.8088,33.245],[-83.8081,33.245],[-83.8079,33.2452],[-83.8091,33.2459],[-83.8085,33.2473],[-83.8076,33.2481],[-83.8069,33.2481],[-83.8062,33.2492],[-83.8052,33.2499],[-83.8068,33.2512],[-83.8001,33.2568],[-83.7998,33.2566],[-83.7946,33.2616],[-83.8025,33.2682],[-83.8081,33.2632],[-83.8113,33.2659],[-83.8092,33.2671],[-83.8117,33.2713],[-83.8111,33.2755],[-83.812,33.2764],[-83.8102,33.2812],[-83.81,33.2826],[-83.8084,33.2846],[-83.8077,33.2871],[-83.8077,33.2878],[-83.8142,33.2843],[-83.818,33.2871],[-83.8201,33.2859],[-83.8209,33.2849],[-83.8149,33.2795],[-83.821,33.2744],[-83.8282,33.2791],[-83.8324,33.278],[-83.8323,33.279],[-83.8329,33.2819],[-83.8328,33.283],[-83.8323,33.284],[-83.8299,33.2853],[-83.8289,33.2863],[-83.8284,33.29],[-83.8276,33.2918],[-83.8275,33.2926],[-83.829,33.2953],[-83.8292,33.2963],[-83.829,33.298],[-83.8298,33.2995],[-83.8302,33.3015],[-83.8329,33.3029],[-83.8349,33.3056],[-83.8359,33.3062],[-83.8338,33.3067],[-83.8309,33.3069],[-83.8308,33.3059],[-83.8263,33.3057],[-83.8255,33.3071],[-83.8232,33.3074],[-83.8208,33.3085],[-83.8208,33.3081],[-83.8144,33.3032],[-83.8103,33.3066],[-83.8057,33.3025],[-83.8059,33.3023],[-83.8058,33.302],[-83.8048,33.3017],[-83.8031,33.3003],[-83.7993,33.3035],[-83.7979,33.3035],[-83.7975,33.304],[-83.7941,33.3002],[-83.7906,33.2972],[-83.7928,33.2938],[-83.7955,33.2924],[-83.7975,33.2905],[-83.7995,33.29],[-83.7997,33.2909],[-83.8011,33.2919],[-83.8066,33.2871],[-83.7996,33.2809],[-83.7964,33.2836],[-83.7956,33.2829],[-83.803,33.275],[-83.8004,33.2727],[-83.8,33.2722],[-83.7993,33.2692],[-83.7922,33.2642],[-83.7906,33.2657],[-83.7887,33.2665],[-83.7867,33.2667],[-83.7853,33.2676],[-83.7744,33.2643],[-83.7749,33.2635],[-83.7743,33.263],[-83.7769,33.2609],[-83.7731,33.2577],[-83.7667,33.263],[-83.7616,33.2585],[-83.7676,33.2532],[-83.7669,33.2526],[-83.7753,33.2457],[-83.7817,33.2506],[-83.785,33.248],[-83.7875,33.2506],[-83.7894,33.2479],[-83.7893,33.2474],[-83.7887,33.2469],[-83.7945,33.2419],[-83.7954,33.2426],[-83.7964,33.2413],[-83.7968,33.2399],[-83.7975,33.2386],[-83.7992,33.237],[-83.796,33.2354],[-83.7933,33.2336],[-83.7918,33.2337],[-83.7882,33.2332],[-83.7855,33.2314],[-83.7857,33.234],[-83.7851,33.2345],[-83.787,33.236],[-83.7839,33.2388],[-83.7829,33.2384],[-83.7802,33.24],[-83.7749,33.2354],[-83.7752,33.2341],[-83.7762,33.2333],[-83.7752,33.2325],[-83.7742,33.2333],[-83.7743,33.2335],[-83.7735,33.234],[-83.7731,33.234],[-83.7691,33.2307],[-83.7679,33.2319],[-83.7667,33.2323],[-83.7649,33.2326],[-83.7642,33.2324],[-83.7632,33.2312],[-83.7631,33.2301],[-83.7668,33.2255],[-83.7758,33.2319],[-83.7816,33.2305],[-83.7829,33.2311],[-83.7846,33.2311],[-83.7921,33.227],[-83.7948,33.229],[-83.797,33.227],[-83.7994,33.2283],[-83.7957,33.2338],[-83.8001,33.236],[-83.8062,33.2314],[-83.8148,33.2242],[-83.8139,33.2232],[-83.8139,33.2226],[-83.8086,33.2182],[-83.8142,33.2136],[-83.8154,33.2165],[-83.8187,33.2127],[-83.8187,33.2123],[-83.8156,33.2104],[-83.8123,33.2095],[-83.81,33.2076],[-83.8076,33.2076],[-83.8055,33.2085],[-83.8051,33.2069],[-83.805,33.2052],[-83.8047,33.2045],[-83.8048,33.2034],[-83.8041,33.2028],[-83.8,33.2008],[-83.7936,33.2059],[-83.8013,33.2124],[-83.7875,33.2234],[-83.7801,33.2174],[-83.7768,33.2202],[-83.7702,33.2151],[-83.7743,33.2122],[-83.7668,33.2061],[-83.7666,33.2056],[-83.765,33.2071],[-83.7625,33.2086],[-83.7626,33.2088],[-83.7552,33.2146],[-83.7625,33.2208],[-83.759,33.2237],[-83.752,33.2176],[-83.7512,33.2185],[-83.7499,33.2189],[-83.7483,33.2208],[-83.7468,33.2219],[-83.7467,33.2218],[-83.7437,33.2244],[-83.739,33.2205],[-83.7421,33.2179],[-83.74,33.2161],[-83.7463,33.211],[-83.7436,33.209],[-83.7376,33.214],[-83.7324,33.2097],[-83.7276,33.2063],[-83.725,33.2036],[-83.7178,33.2094],[-83.7224,33.2136],[-83.7149,33.2193],[-83.7151,33.2196],[-83.7126,33.2216],[-83.715,33.2241],[-83.7113,33.2274],[-83.6902,33.2095],[-83.6862,33.2128],[-83.6857,33.2113],[-83.6861,33.2057],[-83.6859,33.2038],[-83.6873,33.1983],[-83.6883,33.196],[-83.6919,33.1958],[-83.694,33.1969],[-83.6965,33.197],[-83.6986,33.1958],[-83.6992,33.1948],[-83.7002,33.1948],[-83.7015,33.1951],[-83.6985,33.1924],[-83.7019,33.191],[-83.6973,33.1885],[-83.6837,33.1804],[-83.6767,33.186],[-83.6835,33.1916],[-83.6772,33.1969],[-83.6754,33.1989],[-83.6769,33.2001],[-83.6726,33.2011],[-83.67,33.2032],[-83.6597,33.1946],[-83.6666,33.1889],[-83.6597,33.1829],[-83.6567,33.1799],[-83.6598,33.177],[-83.6533,33.1715],[-83.6567,33.1688],[-83.6632,33.1622],[-83.6675,33.1663],[-83.6729,33.1619],[-83.6732,33.1622],[-83.6797,33.1603],[-83.6823,33.1628],[-83.686,33.1605],[-83.6923,33.1642],[-83.6907,33.1656],[-83.697,33.1695],[-83.7082,33.1597],[-83.7103,33.1625],[-83.7133,33.16],[-83.7195,33.1648],[-83.7142,33.1693],[-83.7148,33.171],[-83.7136,33.175],[-83.7143,33.1758],[-83.7106,33.1772],[-83.7117,33.1809]]],[[[-83.7727,33.1984],[-83.7714,33.1988],[-83.7732,33.1999],[-83.7755,33.1976],[-83.775,33.1975],[-83.7727,33.1984]]],[[[-83.703,33.1963],[-83.7034,33.1967],[-83.7038,33.1964],[-83.7035,33.1959],[-83.703,33.1963]]],[[[-83.7781,33.1951],[-83.7755,33.1976],[-83.779,33.1952],[-83.7786,33.1945],[-83.7781,33.1951]]],[[[-83.7025,33.195],[-83.7033,33.195],[-83.7032,33.1945],[-83.7025,33.1944],[-83.7025,33.195]]],[[[-83.6766,33.1914],[-83.6769,33.1916],[-83.6771,33.1914],[-83.6767,33.1912],[-83.6766,33.1914]]],[[[-83.7305,33.1893],[-83.7374,33.1954],[-83.7395,33.1936],[-83.7322,33.1872],[-83.7305,33.1893]]],[[[-83.7857,33.2005],[-83.7878,33.201],[-83.7895,33.1954],[-83.7938,33.1958],[-83.7957,33.1974],[-83.8004,33.1894],[-83.7916,33.1819],[-83.79,33.1803],[-83.7832,33.186],[-83.7794,33.1912],[-83.7781,33.1923],[-83.7791,33.1931],[-83.7783,33.1941],[-83.7787,33.1944],[-83.7803,33.1945],[-83.7806,33.1954],[-83.7857,33.2005]]],[[[-83.7733,33.177],[-83.7698,33.1794],[-83.7674,33.1817],[-83.7668,33.1816],[-83.7664,33.1808],[-83.765,33.1795],[-83.7653,33.1775],[-83.7648,33.1766],[-83.7549,33.1837],[-83.755,33.1843],[-83.7546,33.1848],[-83.7548,33.1854],[-83.7547,33.1861],[-83.7498,33.1856],[-83.7491,33.1869],[-83.7471,33.1857],[-83.7452,33.1873],[-83.7487,33.1905],[-83.742,33.1959],[-83.7454,33.1992],[-83.7468,33.1978],[-83.7484,33.1968],[-83.7504,33.1963],[-83.7543,33.1944],[-83.7563,33.1943],[-83.7559,33.193],[-83.7556,33.1928],[-83.7557,33.1926],[-83.7546,33.1911],[-83.7569,33.1892],[-83.7617,33.1935],[-83.7606,33.1944],[-83.7589,33.1931],[-83.7584,33.1934],[-83.7627,33.1975],[-83.7663,33.1945],[-83.7589,33.1876],[-83.7662,33.1817],[-83.7706,33.1862],[-83.7731,33.188],[-83.78,33.1828],[-83.7733,33.177]]],[[[-83.7044,33.1729],[-83.6976,33.1737],[-83.6964,33.1796],[-83.6972,33.1802],[-83.6978,33.1798],[-83.7048,33.1855],[-83.7061,33.1843],[-83.7117,33.1809],[-83.7044,33.1729]]],[[[-83.7733,33.177],[-83.7795,33.1708],[-83.7772,33.1686],[-83.7692,33.168],[-83.7663,33.1705],[-83.7733,33.177]]],[[[-83.7468,33.1689],[-83.7454,33.1694],[-83.7437,33.171],[-83.7424,33.1731],[-83.75,33.1798],[-83.7542,33.1753],[-83.7533,33.1748],[-83.7536,33.174],[-83.7534,33.1733],[-83.7535,33.1728],[-83.752,33.17],[-83.7525,33.1695],[-83.7492,33.1677],[-83.7468,33.1689]]],[[[-83.7872,33.1775],[-83.7937,33.1723],[-83.7976,33.1744],[-83.8042,33.169],[-83.8006,33.1656],[-83.8037,33.1637],[-83.8022,33.1608],[-83.7986,33.1639],[-83.7937,33.1603],[-83.7868,33.1657],[-83.7872,33.1662],[-83.7807,33.1715],[-83.7872,33.1775]]],[[[-83.6792,33.247],[-83.6795,33.2464],[-83.6808,33.2486],[-83.6825,33.2505],[-83.6852,33.2518],[-83.6899,33.2565],[-83.6855,33.2605],[-83.6752,33.2525],[-83.6792,33.247]]],[[[-83.6814,33.2483],[-83.6842,33.2508],[-83.6829,33.2501],[-83.6814,33.2483]]],[[[-83.6976,33.2506],[-83.6905,33.2449],[-83.6877,33.2482],[-83.683,33.2436],[-83.6932,33.2354],[-83.6898,33.2324],[-83.6966,33.2269],[-83.7039,33.2331],[-83.7013,33.2354],[-83.7087,33.2413],[-83.7037,33.2452],[-83.6976,33.2506]]],[[[-83.4043,33.2155],[-83.4021,33.2126],[-83.4027,33.2122],[-83.4045,33.2123],[-83.4034,33.2118],[-83.4021,33.2118],[-83.4009,33.2106],[-83.4013,33.2103],[-83.4014,33.2097],[-83.4012,33.2101],[-83.4008,33.2102],[-83.3996,33.2098],[-83.399,33.21],[-83.3983,33.2098],[-83.398,33.2109],[-83.3973,33.2106],[-83.3959,33.2085],[-83.3958,33.2076],[-83.3963,33.2073],[-83.3965,33.2064],[-83.3978,33.2053],[-83.3989,33.205],[-83.3986,33.2047],[-83.3991,33.2047],[-83.3986,33.2045],[-83.399,33.2044],[-83.3981,33.2042],[-83.3975,33.2044],[-83.3961,33.2052],[-83.3938,33.2076],[-83.3933,33.2076],[-83.3917,33.2067],[-83.3912,33.206],[-83.3903,33.2066],[-83.3895,33.2065],[-83.3889,33.2062],[-83.3889,33.2058],[-83.388,33.2057],[-83.387,33.2043],[-83.3857,33.2043],[-83.3869,33.2026],[-83.3857,33.203],[-83.3849,33.2036],[-83.3838,33.2038],[-83.3827,33.2033],[-83.3822,33.2026],[-83.3815,33.2022],[-83.3853,33.1994],[-83.3903,33.1975],[-83.3927,33.1994],[-83.3967,33.1959],[-83.3974,33.1957],[-83.4014,33.1993],[-83.4023,33.2006],[-83.4043,33.1995],[-83.4053,33.2005],[-83.4078,33.1984],[-83.4151,33.2045],[-83.4128,33.2064],[-83.4111,33.2051],[-83.4097,33.2061],[-83.4059,33.2029],[-83.4006,33.2075],[-83.4076,33.2133],[-83.4051,33.2149],[-83.4046,33.2158],[-83.4043,33.2155]]],[[[-83.6733,33.206],[-83.6721,33.205],[-83.6675,33.2091],[-83.6662,33.208],[-83.6708,33.2039],[-83.6709,33.204],[-83.6791,33.2018],[-83.6821,33.2043],[-83.6775,33.2092],[-83.6768,33.2089],[-83.6733,33.206]]],[[[-83.4991,33.1263],[-83.4926,33.1208],[-83.4895,33.1234],[-83.4833,33.1184],[-83.483,33.1172],[-83.4806,33.1158],[-83.4817,33.1151],[-83.4819,33.1163],[-83.4828,33.1165],[-83.4827,33.1153],[-83.4814,33.1124],[-83.4811,33.1125],[-83.4798,33.1098],[-83.4805,33.1097],[-83.4796,33.1083],[-83.4827,33.1056],[-83.4835,33.1063],[-83.4854,33.1035],[-83.4862,33.1029],[-83.493,33.1089],[-83.4909,33.1104],[-83.4951,33.1108],[-83.5062,33.1206],[-83.5096,33.1177],[-83.5146,33.1221],[-83.511,33.125],[-83.5128,33.1265],[-83.5058,33.1321],[-83.4991,33.1263]]],[[[-83.5816,33.1268],[-83.5735,33.129],[-83.5688,33.1264],[-83.5744,33.1211],[-83.5743,33.1204],[-83.5746,33.1202],[-83.5816,33.1268]]],[[[-83.6119,33.1061],[-83.6122,33.1056],[-83.6127,33.106],[-83.6124,33.1065],[-83.6119,33.1061]]],[[[-83.5853,33.0891],[-83.5856,33.0888],[-83.5872,33.0905],[-83.5879,33.0927],[-83.5867,33.0932],[-83.585,33.0903],[-83.5856,33.0899],[-83.5851,33.0892],[-83.5853,33.0891]]],[[[-83.6602,33.0774],[-83.6544,33.072],[-83.6446,33.0638],[-83.6579,33.0529],[-83.6588,33.0532],[-83.6594,33.0525],[-83.6615,33.0522],[-83.6624,33.0512],[-83.6632,33.052],[-83.6636,33.0519],[-83.6639,33.051],[-83.6657,33.0505],[-83.6673,33.0496],[-83.6682,33.0495],[-83.6686,33.0496],[-83.6688,33.0499],[-83.669,33.0498],[-83.6722,33.0523],[-83.6747,33.0504],[-83.6693,33.0438],[-83.6729,33.0412],[-83.6824,33.0495],[-83.6899,33.0442],[-83.6934,33.0472],[-83.6974,33.0442],[-83.7033,33.0493],[-83.7132,33.0412],[-83.7107,33.0384],[-83.7096,33.0378],[-83.7094,33.0366],[-83.6999,33.0298],[-83.7104,33.0209],[-83.7054,33.0168],[-83.7087,33.014],[-83.7109,33.0159],[-83.7117,33.0155],[-83.7136,33.0154],[-83.7142,33.0158],[-83.7172,33.0144],[-83.7174,33.0149],[-83.7163,33.0158],[-83.7173,33.0171],[-83.7172,33.0179],[-83.7185,33.019],[-83.7196,33.0191],[-83.7199,33.0196],[-83.7205,33.0197],[-83.7205,33.02],[-83.7211,33.0203],[-83.7216,33.0199],[-83.7225,33.0198],[-83.722,33.0204],[-83.721,33.023],[-83.7209,33.0246],[-83.7212,33.0252],[-83.7226,33.0263],[-83.7232,33.0273],[-83.7239,33.0288],[-83.7246,33.0318],[-83.7256,33.0332],[-83.7276,33.0354],[-83.732,33.0387],[-83.7348,33.0421],[-83.7293,33.0466],[-83.7283,33.0463],[-83.7258,33.0483],[-83.7237,33.049],[-83.7231,33.0495],[-83.7233,33.0504],[-83.7201,33.0531],[-83.719,33.0519],[-83.7061,33.0603],[-83.7018,33.0566],[-83.6996,33.0562],[-83.6956,33.0578],[-83.695,33.0578],[-83.6945,33.0587],[-83.6934,33.0585],[-83.6921,33.0592],[-83.6919,33.0598],[-83.6923,33.0608],[-83.6921,33.0611],[-83.6917,33.0612],[-83.6912,33.0607],[-83.6908,33.0606],[-83.6905,33.0612],[-83.6894,33.0623],[-83.688,33.0629],[-83.6868,33.0643],[-83.6856,33.0637],[-83.6788,33.0695],[-83.6787,33.0693],[-83.6773,33.0697],[-83.6764,33.0694],[-83.6755,33.07],[-83.6747,33.07],[-83.6743,33.0702],[-83.6737,33.071],[-83.6744,33.0719],[-83.6717,33.0733],[-83.6711,33.0742],[-83.6703,33.0742],[-83.6695,33.0737],[-83.6685,33.0738],[-83.6664,33.0747],[-83.6659,33.0754],[-83.6648,33.0756],[-83.6644,33.0765],[-83.6641,33.0766],[-83.6623,33.0766],[-83.6602,33.0774]]],[[[-83.6762,33.0659],[-83.6765,33.0664],[-83.6768,33.0661],[-83.6764,33.0658],[-83.6762,33.0659]]]]},"properties":{"id":"usgs-pad-us-fee-managers:2960","name":"Oconee National Forest","kind":"land","category":"public-land","sourceCategory":"public-land","sourceId":"usgs-pad-us-fee-managers","sourceUrl":"https://services.arcgis.com/v01gqwM5QqNysAAi/arcgis/rest/services/Fee_Managers_PADUS/FeatureServer/0","sourceUpdated":"2024-10-06T04:00:00.000Z","publicUse":"PAD-US reports open access; verify current manager conditions and restrictions.","unit":"USFS","origin":"public-catalog"}},{"type":"Feature","id":"usgs-pad-us-fee-managers:2972","geometry":{"type":"MultiPolygon","coordinates":[[[[-83.1062,34.9987],[-83.1065,34.9988],[-83.1085,35.0006],[-83.1062,34.9987]]],[[[-83.1023,34.9964],[-83.1029,34.9973],[-83.1047,34.9984],[-83.1029,34.9973],[-83.1023,34.9964]]],[[[-83.1034,34.9936],[-83.1036,34.9939],[-83.1036,34.9945],[-83.1025,34.9955],[-83.1022,34.9964],[-83.1025,34.9953],[-83.1034,34.9948],[-83.1036,34.9943],[-83.1034,34.9936]]],[[[-83.1011,34.9928],[-83.1011,34.9928],[-83.1013,34.9929],[-83.1011,34.9928]]],[[[-83.1009,34.99],[-83.0988,34.9902],[-83.0983,34.9908],[-83.0987,34.9917],[-83.0993,34.9922],[-83.0986,34.9918],[-83.0982,34.9908],[-83.0988,34.9902],[-83.1009,34.99]]],[[[-83.1028,34.9883],[-83.1028,34.9888],[-83.1014,34.9899],[-83.1029,34.9887],[-83.1028,34.9883]]],[[[-83.1019,34.986],[-83.1018,34.987],[-83.1028,34.9883],[-83.1017,34.9869],[-83.1019,34.986]]],[[[-83.1034,34.9861],[-83.1041,34.9859],[-83.1038,34.9861],[-83.1034,34.9861]]],[[[-83.1025,34.986],[-83.102,34.986],[-83.1022,34.9859],[-83.1025,34.986]]],[[[-83.107,34.9822],[-83.1073,34.9829],[-83.1071,34.9835],[-83.1043,34.9858],[-83.1048,34.9851],[-83.107,34.9835],[-83.1072,34.9829],[-83.107,34.9822]]],[[[-83.1082,34.9797],[-83.106,34.9813],[-83.1059,34.9818],[-83.1063,34.9821],[-83.1058,34.9819],[-83.106,34.9812],[-83.1077,34.9798],[-83.1082,34.9797]]],[[[-83.1105,34.9811],[-83.1113,34.981],[-83.1121,34.9794],[-83.1119,34.9784],[-83.1109,34.9766],[-83.1109,34.9762],[-83.1115,34.9756],[-83.1126,34.9755],[-83.1115,34.9756],[-83.111,34.9761],[-83.111,34.9767],[-83.1121,34.9786],[-83.1122,34.9791],[-83.1115,34.9809],[-83.111,34.9812],[-83.1105,34.9811]]],[[[-83.1086,34.9797],[-83.1086,34.9798],[-83.1087,34.9798],[-83.1086,34.9797]]],[[[-83.1084,34.9797],[-83.1084,34.9797],[-83.1086,34.9797],[-83.1084,34.9797]]],[[[-83.1161,34.9759],[-83.1162,34.9759],[-83.1161,34.9759],[-83.1161,34.9759]]],[[[-83.116,34.9726],[-83.1155,34.9738],[-83.1156,34.9741],[-83.1168,34.9754],[-83.1163,34.9758],[-83.1166,34.9756],[-83.1166,34.9753],[-83.1156,34.9742],[-83.1154,34.9736],[-83.116,34.9726]]],[[[-83.1148,34.9757],[-83.1148,34.9757],[-83.1148,34.9757],[-83.1148,34.9757]]],[[[-83.1133,34.9755],[-83.1134,34.9754],[-83.1135,34.9755],[-83.1133,34.9755]]],[[[-83.116,34.9591],[-83.1157,34.9597],[-83.1161,34.9603],[-83.1175,34.9611],[-83.1196,34.9616],[-83.1217,34.9627],[-83.122,34.963],[-83.1222,34.9639],[-83.1219,34.9651],[-83.1208,34.9666],[-83.1207,34.968],[-83.1204,34.9688],[-83.1164,34.9723],[-83.1203,34.9688],[-83.1207,34.9681],[-83.1207,34.9666],[-83.1216,34.9656],[-83.1221,34.9641],[-83.122,34.9632],[-83.1216,34.9628],[-83.1198,34.9618],[-83.1175,34.9611],[-83.1159,34.9603],[-83.1156,34.9595],[-83.116,34.9591]]],[[[-83.1146,34.9501],[-83.1142,34.9502],[-83.1141,34.9507],[-83.1149,34.9529],[-83.1163,34.9537],[-83.12,34.9574],[-83.1204,34.9582],[-83.1203,34.9591],[-83.1203,34.958],[-83.12,34.9575],[-83.1159,34.9535],[-83.1147,34.9527],[-83.114,34.9506],[-83.1141,34.9502],[-83.1146,34.9501]]],[[[-83.1175,34.9589],[-83.1163,34.9591],[-83.1174,34.9589],[-83.1175,34.9589]]],[[[-83.1187,34.959],[-83.1187,34.959],[-83.1187,34.959],[-83.1187,34.959]]],[[[-83.1249,34.9551],[-83.1253,34.9551],[-83.1252,34.9551],[-83.1249,34.9551]]],[[[-83.1262,34.9525],[-83.1268,34.9532],[-83.1271,34.9543],[-83.1267,34.9548],[-83.1259,34.955],[-83.1268,34.9547],[-83.1271,34.954],[-83.1268,34.9532],[-83.1262,34.9525]]],[[[-83.119,34.9533],[-83.1201,34.9532],[-83.1196,34.9533],[-83.119,34.9533]]],[[[-83.1249,34.951],[-83.1248,34.9513],[-83.1257,34.9521],[-83.1249,34.9514],[-83.1249,34.951]]],[[[-83.126,34.9504],[-83.125,34.9509],[-83.1255,34.9505],[-83.126,34.9504]]],[[[-83.1272,34.9502],[-83.1272,34.9502],[-83.1268,34.9503],[-83.1272,34.9502]]],[[[-83.125,34.9475],[-83.1272,34.949],[-83.1276,34.9496],[-83.1276,34.95],[-83.1274,34.9493],[-83.125,34.9475]]],[[[-83.1224,34.9434],[-83.123,34.9441],[-83.1237,34.9458],[-83.1248,34.9472],[-83.1234,34.9454],[-83.1224,34.9434]]],[[[-83.1207,34.942],[-83.1214,34.9423],[-83.1223,34.9432],[-83.1207,34.942]]],[[[-83.1129,34.9347],[-83.1119,34.9349],[-83.1117,34.9354],[-83.1119,34.936],[-83.1122,34.9365],[-83.1152,34.939],[-83.1157,34.9411],[-83.1165,34.9424],[-83.1174,34.9428],[-83.1193,34.9429],[-83.1169,34.9427],[-83.1162,34.9421],[-83.1156,34.9412],[-83.115,34.9388],[-83.1118,34.9361],[-83.1118,34.935],[-83.1129,34.9347]]],[[[-83.1197,34.9428],[-83.1196,34.9429],[-83.1193,34.9429],[-83.1197,34.9428]]],[[[-83.1306,34.9308],[-83.1298,34.9317],[-83.1297,34.9321],[-83.1317,34.9348],[-83.1318,34.9358],[-83.1305,34.937],[-83.1273,34.9387],[-83.131,34.9366],[-83.1317,34.9357],[-83.1316,34.9349],[-83.1297,34.9322],[-83.1298,34.9316],[-83.1306,34.9308]]],[[[-83.1265,34.9382],[-83.1268,34.9383],[-83.1268,34.9385],[-83.1265,34.9382]]],[[[-83.1247,34.9366],[-83.125,34.9368],[-83.125,34.9368],[-83.1247,34.9366]]],[[[-83.1178,34.9361],[-83.1184,34.9357],[-83.1188,34.9336],[-83.1196,34.9329],[-83.1189,34.9335],[-83.1185,34.9356],[-83.1178,34.9361]]],[[[-83.1157,34.9356],[-83.1164,34.9356],[-83.1165,34.9357],[-83.1157,34.9356]]],[[[-83.1139,34.9354],[-83.1146,34.9356],[-83.1142,34.9355],[-83.1139,34.9354]]],[[[-83.1202,34.9329],[-83.1202,34.9329],[-83.1202,34.9329],[-83.1202,34.9329]]],[[[-83.1338,34.9296],[-83.1337,34.9297],[-83.1336,34.9299],[-83.1338,34.9296]]],[[[-83.1588,34.9293],[-83.1588,34.9293],[-83.1586,34.9294],[-83.1588,34.9293]]],[[[-83.1341,34.9291],[-83.1341,34.9292],[-83.134,34.9293],[-83.1341,34.9291]]],[[[-83.1591,34.9282],[-83.1593,34.9286],[-83.1591,34.9289],[-83.1591,34.9282]]],[[[-83.159,34.9281],[-83.159,34.9281],[-83.1591,34.9282],[-83.159,34.9281]]],[[[-83.1386,34.9266],[-83.1382,34.9268],[-83.1385,34.9266],[-83.1386,34.9266]]],[[[-83.1587,34.926],[-83.1586,34.9261],[-83.1584,34.9265],[-83.1587,34.926]]],[[[-83.1396,34.9261],[-83.1395,34.9262],[-83.1393,34.9263],[-83.1396,34.9261]]],[[[-83.1401,34.9254],[-83.1398,34.9258],[-83.1399,34.9257],[-83.1401,34.9254]]],[[[-83.1411,34.9247],[-83.1402,34.9252],[-83.1406,34.9249],[-83.1411,34.9247]]],[[[-83.1579,34.9202],[-83.1579,34.9206],[-83.1577,34.9212],[-83.1579,34.9202]]],[[[-83.1699,34.9176],[-83.1694,34.9185],[-83.1687,34.9192],[-83.1699,34.9176]]],[[[-83.1701,34.9172],[-83.17,34.9173],[-83.17,34.9174],[-83.1701,34.9172]]],[[[-83.1701,34.917],[-83.1701,34.9171],[-83.1701,34.9171],[-83.1701,34.917]]],[[[-83.1702,34.9168],[-83.1702,34.9169],[-83.1701,34.917],[-83.1702,34.9168]]],[[[-83.1702,34.9165],[-83.1702,34.9166],[-83.1702,34.9167],[-83.1702,34.9165]]],[[[-83.1571,34.9151],[-83.1565,34.9163],[-83.157,34.9151],[-83.1571,34.9151]]],[[[-83.1708,34.9141],[-83.1707,34.915],[-83.1706,34.9145],[-83.1708,34.9141]]],[[[-83.1734,34.9129],[-83.1732,34.9131],[-83.1731,34.9132],[-83.1734,34.9129]]],[[[-83.1738,34.9112],[-83.1735,34.9119],[-83.1735,34.9116],[-83.1738,34.9112]]],[[[-83.1743,34.9106],[-83.1743,34.9106],[-83.1742,34.9106],[-83.1743,34.9106]]],[[[-83.175,34.9101],[-83.1744,34.9105],[-83.1746,34.9103],[-83.175,34.9101]]],[[[-83.178,34.9098],[-83.1776,34.9099],[-83.1775,34.91],[-83.178,34.9098]]],[[[-83.1812,34.9081],[-83.1811,34.9093],[-83.1807,34.9097],[-83.1811,34.9092],[-83.1812,34.9081]]],[[[-83.1808,34.9069],[-83.1811,34.9078],[-83.1809,34.9071],[-83.1808,34.9069]]],[[[-83.1807,34.9065],[-83.1807,34.9066],[-83.1808,34.9068],[-83.1807,34.9065]]],[[[-83.1805,34.9053],[-83.1806,34.9053],[-83.1806,34.9063],[-83.1805,34.9053]]],[[[-83.1806,34.9049],[-83.1807,34.9046],[-83.1809,34.9045],[-83.1806,34.9049]]],[[[-83.1811,34.9042],[-83.1812,34.9041],[-83.1812,34.9042],[-83.1811,34.9042]]],[[[-83.1824,34.9027],[-83.1824,34.9028],[-83.1816,34.9036],[-83.1824,34.9027]]],[[[-83.1826,34.9025],[-83.1838,34.9015],[-83.1826,34.9026],[-83.1826,34.9025]]],[[[-83.1876,34.8985],[-83.187,34.899],[-83.1854,34.9003],[-83.1876,34.8985]]],[[[-83.1976,34.895],[-83.1974,34.8955],[-83.1973,34.8955],[-83.1976,34.895]]],[[[-83.1977,34.8943],[-83.1977,34.8947],[-83.1977,34.8947],[-83.1977,34.8943]]],[[[-83.1971,34.8907],[-83.197,34.8909],[-83.1969,34.891],[-83.1971,34.8907]]],[[[-83.2035,34.8888],[-83.2038,34.8893],[-83.2036,34.889],[-83.2035,34.8888]]],[[[-83.2129,34.8883],[-83.2134,34.8886],[-83.2145,34.8885],[-83.2154,34.888],[-83.2171,34.8863],[-83.2177,34.8851],[-83.2174,34.8829],[-83.2177,34.8852],[-83.2171,34.8865],[-83.2155,34.888],[-83.2144,34.8886],[-83.2136,34.8886],[-83.2129,34.8883]]],[[[-83.2032,34.8876],[-83.2032,34.8876],[-83.2032,34.8877],[-83.2032,34.8876]]],[[[-83.2129,34.8873],[-83.2128,34.8875],[-83.2128,34.8875],[-83.2129,34.8873]]],[[[-83.2129,34.8873],[-83.2129,34.8873],[-83.2129,34.8873],[-83.2129,34.8873]]],[[[-83.2019,34.8861],[-83.2022,34.8864],[-83.2021,34.8864],[-83.2019,34.8861]]],[[[-83.2016,34.8857],[-83.2018,34.8859],[-83.2018,34.886],[-83.2016,34.8857]]],[[[-83.2142,34.8855],[-83.2141,34.8856],[-83.2141,34.8856],[-83.2142,34.8855]]],[[[-83.2011,34.8851],[-83.2014,34.8854],[-83.2015,34.8856],[-83.2011,34.8851]]],[[[-83.2143,34.8851],[-83.2142,34.8853],[-83.2143,34.8852],[-83.2143,34.8851]]],[[[-83.2147,34.8837],[-83.2147,34.8837],[-83.2147,34.8837],[-83.2147,34.8837]]],[[[-83.2113,34.882],[-83.2125,34.8825],[-83.2134,34.8826],[-83.2146,34.8837],[-83.2137,34.8831],[-83.2118,34.8826],[-83.2113,34.882]]],[[[-83.2042,34.8813],[-83.2038,34.8818],[-83.2031,34.8826],[-83.2042,34.8813]]],[[[-83.2176,34.8821],[-83.2175,34.8822],[-83.2175,34.8822],[-83.2176,34.8821]]],[[[-83.2055,34.8801],[-83.2048,34.8806],[-83.205,34.8803],[-83.2055,34.8801]]],[[[-83.2063,34.8797],[-83.2063,34.8797],[-83.2063,34.8797],[-83.2063,34.8797]]],[[[-83.2307,34.879],[-83.2303,34.8793],[-83.2302,34.8794],[-83.2307,34.879]]],[[[-83.2195,34.8793],[-83.2195,34.8793],[-83.2195,34.8793],[-83.2195,34.8793]]],[[[-83.2277,34.879],[-83.2279,34.879],[-83.2281,34.8791],[-83.2277,34.879]]],[[[-83.2196,34.8784],[-83.2194,34.8791],[-83.2194,34.8786],[-83.2196,34.8784]]],[[[-83.243,34.8775],[-83.2429,34.8776],[-83.2427,34.8777],[-83.243,34.8775]]],[[[-83.235,34.8706],[-83.2348,34.871],[-83.2347,34.8707],[-83.235,34.8706]]],[[[-83.2355,34.8701],[-83.2353,34.8703],[-83.2353,34.8702],[-83.2355,34.8701]]],[[[-83.2374,34.8691],[-83.2365,34.8694],[-83.2368,34.8692],[-83.2374,34.8691]]],[[[-83.2384,34.8682],[-83.2382,34.8685],[-83.238,34.8686],[-83.2384,34.8682]]],[[[-83.2386,34.8673],[-83.2385,34.8679],[-83.2385,34.8676],[-83.2386,34.8673]]],[[[-83.2402,34.8651],[-83.2389,34.8652],[-83.2394,34.865],[-83.2402,34.8651]]],[[[-83.2468,34.8551],[-83.2463,34.8558],[-83.2464,34.8555],[-83.2468,34.8551]]],[[[-83.2473,34.8549],[-83.2472,34.8549],[-83.2471,34.8549],[-83.2473,34.8549]]],[[[-83.2654,34.8491],[-83.266,34.8491],[-83.2658,34.8491],[-83.2654,34.8491]]],[[[-83.2721,34.8342],[-83.2726,34.835],[-83.2726,34.8356],[-83.271,34.8379],[-83.2704,34.8412],[-83.269,34.8442],[-83.2681,34.8472],[-83.2671,34.8487],[-83.266,34.8491],[-83.2672,34.8485],[-83.268,34.8472],[-83.2688,34.8445],[-83.2702,34.8413],[-83.271,34.838],[-83.2726,34.8355],[-83.2721,34.8342]]],[[[-83.2648,34.8491],[-83.265,34.8491],[-83.2652,34.8491],[-83.2648,34.8491]]],[[[-83.2626,34.8489],[-83.2627,34.8489],[-83.2627,34.8489],[-83.2626,34.8489]]],[[[-83.2619,34.8487],[-83.2621,34.8488],[-83.262,34.8487],[-83.2619,34.8487]]],[[[-83.2613,34.8484],[-83.2614,34.8485],[-83.2613,34.8485],[-83.2613,34.8484]]],[[[-83.2587,34.8446],[-83.2599,34.8449],[-83.2602,34.845],[-83.2587,34.8446]]],[[[-83.2544,34.8446],[-83.2544,34.8446],[-83.2544,34.8446],[-83.2544,34.8446]]],[[[-83.2579,34.8443],[-83.258,34.8443],[-83.2581,34.8443],[-83.2579,34.8443]]],[[[-83.2557,34.8442],[-83.2569,34.8441],[-83.2579,34.8443],[-83.2557,34.8442]]],[[[-83.269,34.8334],[-83.2694,34.8336],[-83.2692,34.8336],[-83.269,34.8334]]],[[[-83.268,34.8331],[-83.2681,34.8331],[-83.2681,34.8331],[-83.268,34.8331]]],[[[-83.2678,34.833],[-83.2679,34.833],[-83.2678,34.833],[-83.2678,34.833]]],[[[-83.2678,34.8263],[-83.2674,34.8282],[-83.2673,34.8311],[-83.2674,34.8324],[-83.2677,34.8328],[-83.2673,34.8324],[-83.2672,34.8313],[-83.2674,34.8276],[-83.2678,34.8263]]],[[[-83.2875,34.8243],[-83.2884,34.8247],[-83.2895,34.8246],[-83.2904,34.8241],[-83.2911,34.8233],[-83.2905,34.824],[-83.2893,34.8247],[-83.2884,34.8247],[-83.2875,34.8243]]],[[[-83.2847,34.8229],[-83.2862,34.8236],[-83.2854,34.8233],[-83.2847,34.8229]]],[[[-83.2819,34.82],[-83.2823,34.8203],[-83.2827,34.8207],[-83.2819,34.82]]],[[[-83.3063,34.8158],[-83.306,34.8161],[-83.3055,34.8166],[-83.3063,34.8158]]],[[[-83.2946,34.8147],[-83.2947,34.8149],[-83.2947,34.8148],[-83.2946,34.8147]]],[[[-83.3144,34.7983],[-83.3145,34.7984],[-83.3145,34.7985],[-83.3144,34.7983]]],[[[-83.3138,34.7973],[-83.314,34.7979],[-83.3139,34.7977],[-83.3138,34.7973]]],[[[-83.3202,34.7933],[-83.3202,34.7933],[-83.3201,34.7934],[-83.3202,34.7933]]],[[[-83.3205,34.7906],[-83.3204,34.7906],[-83.3204,34.7906],[-83.3205,34.7906]]],[[[-83.3205,34.7905],[-83.3206,34.7905],[-83.3206,34.7906],[-83.3205,34.7905]]],[[[-83.3236,34.7859],[-83.3236,34.7859],[-83.3236,34.7859],[-83.3236,34.7859]]],[[[-83.3235,34.7857],[-83.3235,34.7857],[-83.3235,34.7858],[-83.3235,34.7857]]],[[[-83.3232,34.7848],[-83.3233,34.785],[-83.3233,34.785],[-83.3232,34.7848]]],[[[-83.3228,34.7836],[-83.3231,34.7842],[-83.323,34.7843],[-83.3228,34.7836]]],[[[-83.3224,34.7823],[-83.3224,34.7823],[-83.3224,34.7823],[-83.3224,34.7823]]],[[[-83.3222,34.7817],[-83.3223,34.782],[-83.3224,34.7822],[-83.3222,34.7817]]],[[[-83.322,34.7811],[-83.322,34.7812],[-83.3221,34.7815],[-83.322,34.7811]]],[[[-83.3213,34.7788],[-83.3213,34.7796],[-83.3212,34.779],[-83.3213,34.7788]]],[[[-83.3221,34.7766],[-83.3224,34.7769],[-83.3226,34.7773],[-83.3221,34.7766]]],[[[-83.3206,34.7745],[-83.3206,34.7745],[-83.3206,34.7745],[-83.3206,34.7745]]],[[[-83.3201,34.7738],[-83.3203,34.7739],[-83.3205,34.7743],[-83.3201,34.7738]]],[[[-83.3209,34.7634],[-83.3209,34.7634],[-83.3209,34.7634],[-83.3209,34.7634]]],[[[-83.3231,34.761],[-83.3227,34.7618],[-83.3226,34.7619],[-83.3231,34.761]]],[[[-83.3192,34.7586],[-83.3192,34.7587],[-83.3192,34.7587],[-83.3192,34.7586]]]]},"properties":{"id":"usgs-pad-us-fee-managers:2972","name":"Sumter National Forest","kind":"land","category":"public-land","sourceCategory":"public-land","sourceId":"usgs-pad-us-fee-managers","sourceUrl":"https://services.arcgis.com/v01gqwM5QqNysAAi/arcgis/rest/services/Fee_Managers_PADUS/FeatureServer/0","sourceUpdated":"2024-10-06T04:00:00.000Z","publicUse":"PAD-US reports open access; verify current manager conditions and restrictions.","unit":"USFS","origin":"public-catalog"}},{"type":"Feature","id":"usgs-pad-us-fee-managers:2986","geometry":{"type":"MultiPolygon","coordinates":[[[[-84.1041,34.9237],[-84.1045,34.9227],[-84.1067,34.9213],[-84.1052,34.9226],[-84.1049,34.9237],[-84.1041,34.9237]]],[[[-84.1076,34.9209],[-84.1074,34.921],[-84.107,34.9211],[-84.1076,34.9209]]]]},"properties":{"id":"usgs-pad-us-fee-managers:2986","name":"Chattahoochee Purchase Unit","kind":"land","category":"public-land","sourceCategory":"public-land","sourceId":"usgs-pad-us-fee-managers","sourceUrl":"https://services.arcgis.com/v01gqwM5QqNysAAi/arcgis/rest/services/Fee_Managers_PADUS/FeatureServer/0","sourceUpdated":"2024-10-06T04:00:00.000Z","publicUse":"PAD-US reports open access; verify current manager conditions and restrictions.","unit":"USFS","origin":"public-catalog"}},{"type":"Feature","id":"usgs-pad-us-fee-managers:2994","geometry":{"type":"Polygon","coordinates":[[[-83.8225,33.1799],[-83.8241,33.1779],[-83.8246,33.1766],[-83.8246,33.1753],[-83.8238,33.1718],[-83.8244,33.1674],[-83.8311,33.1678],[-83.8263,33.1742],[-83.8252,33.1762],[-83.8306,33.1771],[-83.8347,33.1845],[-83.8352,33.1846],[-83.8358,33.1837],[-83.836,33.1838],[-83.8351,33.1851],[-83.8361,33.187],[-83.8349,33.1879],[-83.8348,33.1876],[-83.8352,33.1872],[-83.8346,33.1869],[-83.8346,33.1865],[-83.8338,33.1862],[-83.8333,33.1857],[-83.8309,33.185],[-83.8307,33.1844],[-83.8302,33.1844],[-83.8296,33.1848],[-83.8297,33.1842],[-83.829,33.1834],[-83.828,33.1826],[-83.8276,33.1828],[-83.8267,33.1827],[-83.8261,33.1821],[-83.8263,33.1817],[-83.826,33.1814],[-83.8253,33.182],[-83.8234,33.1817],[-83.8222,33.1809],[-83.8225,33.1799]]]},"properties":{"id":"usgs-pad-us-fee-managers:2994","name":"Ocmulgee Purchase Unit","kind":"land","category":"public-land","sourceCategory":"public-land","sourceId":"usgs-pad-us-fee-managers","sourceUrl":"https://services.arcgis.com/v01gqwM5QqNysAAi/arcgis/rest/services/Fee_Managers_PADUS/FeatureServer/0","sourceUpdated":"2024-10-06T04:00:00.000Z","publicUse":"PAD-US reports open access; verify current manager conditions and restrictions.","unit":"USFS","origin":"public-catalog"}},{"type":"Feature","id":"usgs-pad-us-fee-managers:3003","geometry":{"type":"Polygon","coordinates":[[[-83.7191,34.6463],[-83.7191,34.64],[-83.7171,34.64],[-83.717,34.6311],[-83.7274,34.6312],[-83.7272,34.6339],[-83.7275,34.6341],[-83.7272,34.6343],[-83.729,34.6347],[-83.729,34.636],[-83.7295,34.6361],[-83.7307,34.6359],[-83.731,34.6367],[-83.7317,34.6373],[-83.731,34.6381],[-83.7308,34.6389],[-83.7295,34.6401],[-83.729,34.6413],[-83.7237,34.6413],[-83.7235,34.6429],[-83.7253,34.6434],[-83.725,34.644],[-83.7226,34.6452],[-83.7215,34.6451],[-83.7209,34.6459],[-83.7191,34.6463]]]},"properties":{"id":"usgs-pad-us-fee-managers:3003","name":"Yonah Mountain Purchase Unit","kind":"land","category":"public-land","sourceCategory":"public-land","sourceId":"usgs-pad-us-fee-managers","sourceUrl":"https://services.arcgis.com/v01gqwM5QqNysAAi/arcgis/rest/services/Fee_Managers_PADUS/FeatureServer/0","sourceUpdated":"2024-10-06T04:00:00.000Z","publicUse":"PAD-US reports open access; verify current manager conditions and restrictions.","unit":"USFS","origin":"public-catalog"}},{"type":"Feature","id":"usgs-pad-us-fee-managers:3007","geometry":{"type":"Polygon","coordinates":[[[-83.3734,33.9419],[-83.3735,33.9416],[-83.3748,33.9419],[-83.3744,33.943],[-83.3731,33.9427],[-83.3734,33.9419]]]},"properties":{"id":"usgs-pad-us-fee-managers:3007","name":"Forestry Sci. GA. Lab. Experimental Area","kind":"land","category":"public-land","sourceCategory":"public-land","sourceId":"usgs-pad-us-fee-managers","sourceUrl":"https://services.arcgis.com/v01gqwM5QqNysAAi/arcgis/rest/services/Fee_Managers_PADUS/FeatureServer/0","sourceUpdated":"2024-10-06T04:00:00.000Z","publicUse":"PAD-US reports restricted access; confirm permits and seasonal rules with the manager.","unit":"USFS","origin":"public-catalog"}},{"type":"Feature","id":"usgs-pad-us-fee-managers:3079","geometry":{"type":"MultiPolygon","coordinates":[[[[-84.5969,33.9103],[-84.5967,33.9097],[-84.5975,33.9097],[-84.598,33.9101],[-84.5967,33.9109],[-84.5967,33.9103],[-84.5969,33.9103]]],[[[-84.5955,33.9099],[-84.5965,33.9097],[-84.5965,33.9108],[-84.5958,33.9115],[-84.5952,33.9108],[-84.5955,33.9104],[-84.5955,33.9099]]],[[[-84.5921,33.9134],[-84.5927,33.9129],[-84.5927,33.9134],[-84.5905,33.9148],[-84.5905,33.9144],[-84.5921,33.9134]]],[[[-84.5967,33.9439],[-84.5968,33.9386],[-84.5925,33.9386],[-84.5926,33.933],[-84.588,33.9311],[-84.588,33.9294],[-84.5859,33.9293],[-84.5858,33.9238],[-84.588,33.9239],[-84.5882,33.9165],[-84.5905,33.9165],[-84.5905,33.9151],[-84.5967,33.9113],[-84.5969,33.9131],[-84.5962,33.9126],[-84.594,33.9135],[-84.5931,33.9148],[-84.5949,33.9148],[-84.5948,33.9184],[-84.5926,33.9183],[-84.5925,33.9239],[-84.5969,33.9239],[-84.5969,33.9274],[-84.6014,33.9275],[-84.6014,33.9293],[-84.6021,33.9296],[-84.602,33.9313],[-84.6037,33.9313],[-84.6053,33.9212],[-84.6038,33.9184],[-84.6024,33.9193],[-84.6014,33.9193],[-84.6014,33.9166],[-84.5971,33.9167],[-84.5972,33.913],[-84.597,33.9111],[-84.6005,33.9088],[-84.6015,33.9093],[-84.6038,33.9093],[-84.6053,33.9143],[-84.6071,33.9153],[-84.6075,33.9202],[-84.6093,33.9227],[-84.6077,33.9245],[-84.6068,33.9314],[-84.6089,33.9314],[-84.6088,33.9351],[-84.6054,33.935],[-84.6055,33.9385],[-84.6051,33.9396],[-84.6052,33.9451],[-84.6004,33.9449],[-84.5967,33.9455],[-84.5967,33.9439]]],[[[-84.613,33.9634],[-84.6133,33.9634],[-84.6134,33.9639],[-84.6125,33.964],[-84.6125,33.9634],[-84.613,33.9634]]],[[[-84.6146,33.9637],[-84.6154,33.9642],[-84.6141,33.9664],[-84.6133,33.966],[-84.6136,33.965],[-84.6146,33.9646],[-84.6142,33.9643],[-84.6146,33.9637]]],[[[-84.5775,33.9845],[-84.5719,33.9831],[-84.571,33.9821],[-84.5695,33.9809],[-84.5688,33.9788],[-84.5695,33.9789],[-84.5699,33.9706],[-84.5789,33.9705],[-84.579,33.9637],[-84.5827,33.9639],[-84.5828,33.9605],[-84.5856,33.9605],[-84.5846,33.9594],[-84.5877,33.959],[-84.5887,33.9584],[-84.5894,33.9583],[-84.5913,33.9566],[-84.5913,33.9573],[-84.5916,33.9571],[-84.5917,33.953],[-84.5938,33.953],[-84.5938,33.9464],[-84.5998,33.9451],[-84.6054,33.9454],[-84.6056,33.9506],[-84.6067,33.9508],[-84.6072,33.9504],[-84.6073,33.9506],[-84.6068,33.9509],[-84.6072,33.9519],[-84.6088,33.9534],[-84.6088,33.9551],[-84.6079,33.9557],[-84.6053,33.9557],[-84.6049,33.9641],[-84.6041,33.968],[-84.601,33.9716],[-84.6014,33.9753],[-84.5997,33.9769],[-84.5996,33.9801],[-84.5971,33.9804],[-84.5935,33.9814],[-84.5896,33.9837],[-84.5878,33.9842],[-84.5862,33.9843],[-84.5861,33.984],[-84.5848,33.9843],[-84.5849,33.9846],[-84.5824,33.9857],[-84.5775,33.9845]]],[[[-84.5992,33.9752],[-84.5993,33.973],[-84.5975,33.9729],[-84.5977,33.9737],[-84.5972,33.9726],[-84.5968,33.9727],[-84.5963,33.9733],[-84.5955,33.9734],[-84.5955,33.9726],[-84.5927,33.9725],[-84.5926,33.9723],[-84.5956,33.9723],[-84.5957,33.9685],[-84.5965,33.9685],[-84.5965,33.968],[-84.5977,33.9679],[-84.5977,33.97],[-84.5971,33.9706],[-84.5972,33.9712],[-84.5974,33.9712],[-84.5978,33.971],[-84.5996,33.971],[-84.6012,33.968],[-84.6006,33.966],[-84.6018,33.9642],[-84.5999,33.964],[-84.6,33.9606],[-84.5954,33.9605],[-84.5953,33.9637],[-84.5937,33.9635],[-84.5938,33.9651],[-84.5931,33.9663],[-84.5929,33.9674],[-84.5923,33.9682],[-84.592,33.9712],[-84.5913,33.9713],[-84.5869,33.9751],[-84.5867,33.9815],[-84.5911,33.981],[-84.5912,33.9788],[-84.594,33.9788],[-84.5956,33.977],[-84.5967,33.977],[-84.5967,33.9752],[-84.5992,33.9752]]],[[[-84.6033,33.9531],[-84.6033,33.9458],[-84.6002,33.9458],[-84.6001,33.9531],[-84.6033,33.9531]]],[[[-84.5766,33.985],[-84.5739,33.9847],[-84.574,33.9843],[-84.5723,33.9834],[-84.5794,33.9851],[-84.582,33.9859],[-84.5805,33.9868],[-84.5798,33.9858],[-84.5766,33.985]]],[[[-84.5841,33.9851],[-84.585,33.9847],[-84.585,33.985],[-84.5863,33.9847],[-84.5862,33.9845],[-84.589,33.9841],[-84.5911,33.9832],[-84.591,33.9863],[-84.59,33.9863],[-84.5899,33.9882],[-84.5857,33.9866],[-84.5827,33.9858],[-84.5841,33.9851]]],[[[-84.5819,33.9897],[-84.582,33.9862],[-84.5825,33.9859],[-84.5853,33.9867],[-84.5899,33.9884],[-84.5898,33.9899],[-84.5876,33.9898],[-84.5876,33.9896],[-84.5867,33.9895],[-84.5861,33.9898],[-84.5859,33.9893],[-84.5855,33.9898],[-84.5819,33.9897]]]]},"properties":{"id":"usgs-pad-us-fee-managers:3079","name":"Kennesaw Mountain National Battlefield Park","kind":"land","category":"public-land","sourceCategory":"public-land","sourceId":"usgs-pad-us-fee-managers","sourceUrl":"https://services.arcgis.com/v01gqwM5QqNysAAi/arcgis/rest/services/Fee_Managers_PADUS/FeatureServer/0","sourceUpdated":"2022-01-01T05:00:00.000Z","publicUse":"PAD-US reports restricted access; confirm permits and seasonal rules with the manager.","unit":"NPS","origin":"public-catalog"}},{"type":"Feature","id":"usgs-pad-us-fee-managers:3085","geometry":{"type":"MultiPolygon","coordinates":[[[[-84.1342,32.1936],[-84.1342,32.193],[-84.1351,32.1936],[-84.1351,32.1942],[-84.1356,32.1944],[-84.1347,32.1949],[-84.1349,32.1952],[-84.1342,32.1954],[-84.1342,32.1936]]],[[[-84.1342,32.1956],[-84.1349,32.1954],[-84.1355,32.1958],[-84.1341,32.1958],[-84.1342,32.1956]]],[[[-84.1253,32.2081],[-84.1253,32.2048],[-84.1238,32.2048],[-84.1243,32.1897],[-84.1285,32.1892],[-84.1341,32.1893],[-84.1338,32.1996],[-84.133,32.1995],[-84.133,32.1998],[-84.1338,32.1999],[-84.1338,32.2007],[-84.134,32.2007],[-84.1341,32.196],[-84.1362,32.1961],[-84.1362,32.1967],[-84.1355,32.1966],[-84.1354,32.2007],[-84.1375,32.2007],[-84.1362,32.2061],[-84.1314,32.2062],[-84.1253,32.2081]]]]},"properties":{"id":"usgs-pad-us-fee-managers:3085","name":"Andersonville National Historic Site","kind":"land","category":"public-land","sourceCategory":"public-land","sourceId":"usgs-pad-us-fee-managers","sourceUrl":"https://services.arcgis.com/v01gqwM5QqNysAAi/arcgis/rest/services/Fee_Managers_PADUS/FeatureServer/0","sourceUpdated":"2022-01-01T05:00:00.000Z","publicUse":"PAD-US reports restricted access; confirm permits and seasonal rules with the manager.","unit":"NPS","origin":"public-catalog"}},{"type":"Feature","id":"usgs-pad-us-fee-managers:3188","geometry":{"type":"MultiPolygon","coordinates":[[[[-84.4305,32.0267],[-84.4302,32.0259],[-84.4292,32.0261],[-84.4291,32.0259],[-84.4317,32.0253],[-84.4326,32.0254],[-84.4345,32.0263],[-84.4337,32.0271],[-84.4306,32.027],[-84.4305,32.0267]]],[[[-84.394,32.0334],[-84.3949,32.0333],[-84.394,32.0335],[-84.394,32.0334]]],[[[-84.4023,32.035],[-84.4025,32.035],[-84.4025,32.0365],[-84.4012,32.0365],[-84.4013,32.035],[-84.4023,32.035]]],[[[-84.4001,32.0341],[-84.4012,32.0342],[-84.401,32.0365],[-84.4,32.0364],[-84.4001,32.0341]]],[[[-84.3919,32.0376],[-84.3916,32.0349],[-84.3928,32.0347],[-84.3935,32.037],[-84.3928,32.0372],[-84.3927,32.0376],[-84.3919,32.0376]]]]},"properties":{"id":"usgs-pad-us-fee-managers:3188","name":"Jimmy Carter National Historical Park","kind":"land","category":"public-land","sourceCategory":"public-land","sourceId":"usgs-pad-us-fee-managers","sourceUrl":"https://services.arcgis.com/v01gqwM5QqNysAAi/arcgis/rest/services/Fee_Managers_PADUS/FeatureServer/0","sourceUpdated":"2022-01-01T05:00:00.000Z","publicUse":"PAD-US reports restricted access; confirm permits and seasonal rules with the manager.","unit":"NPS","origin":"public-catalog"}},{"type":"Feature","id":"usgs-pad-us-fee-managers:3199","geometry":{"type":"MultiPolygon","coordinates":[[[[-84.373,33.7543],[-84.3728,33.7538],[-84.3739,33.7539],[-84.3735,33.7543],[-84.3731,33.7541],[-84.373,33.7543]]],[[[-84.3723,33.7543],[-84.3721,33.7538],[-84.3728,33.7538],[-84.3728,33.7543],[-84.3723,33.7543]]],[[[-84.3713,33.7549],[-84.3715,33.7549],[-84.3715,33.7554],[-84.3706,33.7554],[-84.3706,33.7549],[-84.3713,33.7549]]],[[[-84.3702,33.7549],[-84.3704,33.7554],[-84.3698,33.7554],[-84.3698,33.7551],[-84.3702,33.7549]]],[[[-84.3713,33.7559],[-84.3713,33.7556],[-84.372,33.7556],[-84.372,33.7559],[-84.3713,33.7559]]],[[[-84.3741,33.7561],[-84.3743,33.7561],[-84.3743,33.7562],[-84.3741,33.7561]]],[[[-84.3708,33.7556],[-84.371,33.7556],[-84.3708,33.7559],[-84.3701,33.7559],[-84.3701,33.7556],[-84.3708,33.7556]]],[[[-84.3698,33.7556],[-84.3699,33.7558],[-84.3691,33.7558],[-84.3698,33.7556]]],[[[-84.373,33.7568],[-84.3729,33.7556],[-84.3743,33.7556],[-84.3743,33.756],[-84.3737,33.7559],[-84.3737,33.7567],[-84.373,33.7568]]],[[[-84.3728,33.7578],[-84.3742,33.7578],[-84.3742,33.7583],[-84.3737,33.7584],[-84.3737,33.7589],[-84.3727,33.7591],[-84.3728,33.7578]]],[[[-84.3722,33.7582],[-84.3727,33.7582],[-84.3727,33.7591],[-84.3722,33.7593],[-84.3722,33.7582]]],[[[-84.3733,33.7591],[-84.3742,33.7589],[-84.3742,33.7595],[-84.3722,33.7595],[-84.3733,33.7591]]],[[[-84.3737,33.7597],[-84.3742,33.7596],[-84.3742,33.7597],[-84.3737,33.7597]]],[[[-84.3731,33.7596],[-84.3737,33.7597],[-84.3731,33.7597],[-84.3731,33.7596]]],[[[-84.3722,33.7596],[-84.3727,33.7596],[-84.3727,33.7597],[-84.3722,33.7596]]]]},"properties":{"id":"usgs-pad-us-fee-managers:3199","name":"Martin Luther King, Jr., National Historical Park","kind":"land","category":"public-land","sourceCategory":"public-land","sourceId":"usgs-pad-us-fee-managers","sourceUrl":"https://services.arcgis.com/v01gqwM5QqNysAAi/arcgis/rest/services/Fee_Managers_PADUS/FeatureServer/0","sourceUpdated":"2022-01-01T05:00:00.000Z","publicUse":"PAD-US reports restricted access; confirm permits and seasonal rules with the manager.","unit":"NPS","origin":"public-catalog"}},{"type":"Feature","id":"usgs-pad-us-fee-managers:3208","geometry":{"type":"MultiPolygon","coordinates":[[[[-83.5726,32.8001],[-83.5723,32.7994],[-83.5708,32.7992],[-83.5705,32.7987],[-83.5715,32.7989],[-83.5728,32.7989],[-83.5723,32.7958],[-83.5726,32.7956],[-83.5723,32.7952],[-83.5726,32.7946],[-83.5744,32.7947],[-83.5774,32.7935],[-83.5775,32.7927],[-83.5798,32.7929],[-83.5811,32.7938],[-83.5815,32.7945],[-83.5823,32.7947],[-83.5829,32.794],[-83.5828,32.7924],[-83.5831,32.7918],[-83.5837,32.7916],[-83.5854,32.7917],[-83.587,32.7912],[-83.5877,32.7913],[-83.59,32.793],[-83.59,32.7936],[-83.5887,32.7943],[-83.5875,32.7956],[-83.5869,32.7957],[-83.5858,32.7952],[-83.5837,32.7948],[-83.5821,32.796],[-83.582,32.7972],[-83.5841,32.7995],[-83.5842,32.8006],[-83.5837,32.8008],[-83.5842,32.8012],[-83.5843,32.8017],[-83.5841,32.802],[-83.5829,32.8024],[-83.5805,32.7988],[-83.5742,32.8023],[-83.5743,32.8027],[-83.5735,32.8028],[-83.573,32.802],[-83.5726,32.8001]]],[[[-83.5894,32.811],[-83.5941,32.8095],[-83.5948,32.8135],[-83.59,32.8141],[-83.5894,32.811]]],[[[-83.5812,32.8166],[-83.5804,32.8148],[-83.5824,32.8162],[-83.5812,32.8166]]],[[[-83.5978,32.8254],[-83.6,32.8283],[-83.5982,32.829],[-83.5994,32.8306],[-83.5941,32.8306],[-83.5941,32.827],[-83.5978,32.8254]]],[[[-83.5791,32.8239],[-83.5782,32.8174],[-83.5795,32.8174],[-83.5825,32.8162],[-83.5964,32.8242],[-83.5976,32.8251],[-83.5941,32.8267],[-83.5941,32.8254],[-83.5871,32.8254],[-83.5871,32.8297],[-83.5858,32.8298],[-83.5842,32.8295],[-83.5827,32.8288],[-83.5798,32.8258],[-83.5791,32.8239]]],[[[-83.5852,32.8312],[-83.5835,32.8296],[-83.5854,32.83],[-83.5871,32.83],[-83.5871,32.8311],[-83.5941,32.8312],[-83.5941,32.8334],[-83.5909,32.8348],[-83.5897,32.8346],[-83.5881,32.8339],[-83.5852,32.8312]]],[[[-83.6048,32.8288],[-83.6056,32.8283],[-83.6069,32.8295],[-83.6089,32.8319],[-83.6108,32.8335],[-83.6135,32.8353],[-83.6182,32.838],[-83.6178,32.8385],[-83.6142,32.8367],[-83.6048,32.8288]]],[[[-83.5764,32.8366],[-83.5764,32.8363],[-83.5757,32.8363],[-83.5764,32.8362],[-83.576,32.8352],[-83.5762,32.8351],[-83.5761,32.8342],[-83.5755,32.8332],[-83.5769,32.8329],[-83.5765,32.8318],[-83.5746,32.8322],[-83.5745,32.832],[-83.5754,32.8317],[-83.5751,32.8308],[-83.5741,32.8309],[-83.575,32.8307],[-83.5749,32.8303],[-83.574,32.8275],[-83.5731,32.8277],[-83.5712,32.8219],[-83.573,32.8197],[-83.5775,32.8173],[-83.5785,32.824],[-83.5791,32.826],[-83.5871,32.8339],[-83.5883,32.8347],[-83.59,32.8352],[-83.5866,32.8367],[-83.5764,32.8366]]],[[[-83.594,32.8447],[-83.594,32.8415],[-83.59,32.8414],[-83.5901,32.8367],[-83.5877,32.8367],[-83.5941,32.8338],[-83.594,32.8367],[-83.599,32.8367],[-83.5992,32.8352],[-83.6001,32.8351],[-83.6006,32.8347],[-83.6018,32.8351],[-83.6016,32.8362],[-83.6029,32.8366],[-83.6036,32.8365],[-83.6041,32.8368],[-83.6049,32.8359],[-83.6059,32.8356],[-83.6065,32.8348],[-83.607,32.8346],[-83.6071,32.8335],[-83.606,32.8333],[-83.6056,32.833],[-83.604,32.8331],[-83.6035,32.8328],[-83.6037,32.8322],[-83.605,32.8325],[-83.6051,32.8322],[-83.6035,32.8303],[-83.6033,32.8288],[-83.6133,32.8371],[-83.617,32.8391],[-83.616,32.8394],[-83.6141,32.8397],[-83.6076,32.8398],[-83.6076,32.8395],[-83.6033,32.8396],[-83.6033,32.8399],[-83.6017,32.8402],[-83.6003,32.8408],[-83.594,32.8447]]],[[[-83.6007,32.8483],[-83.6007,32.8479],[-83.5999,32.8479],[-83.594,32.8452],[-83.6005,32.8413],[-83.602,32.8407],[-83.6038,32.8404],[-83.6123,32.8402],[-83.6135,32.8409],[-83.6124,32.8422],[-83.6075,32.8422],[-83.6074,32.8457],[-83.6079,32.8455],[-83.6084,32.8466],[-83.6047,32.848],[-83.6024,32.8485],[-83.6025,32.8479],[-83.6033,32.8474],[-83.6036,32.8467],[-83.6023,32.8478],[-83.6019,32.8485],[-83.6007,32.8483]]],[[[-83.594,32.8478],[-83.5941,32.8459],[-83.5988,32.8479],[-83.594,32.8478]]],[[[-83.6007,32.8494],[-83.6007,32.8487],[-83.6018,32.8489],[-83.6007,32.8494]]]]},"properties":{"id":"usgs-pad-us-fee-managers:3208","name":"Ocmulgee Mounds National Historical Park","kind":"land","category":"public-land","sourceCategory":"public-land","sourceId":"usgs-pad-us-fee-managers","sourceUrl":"https://services.arcgis.com/v01gqwM5QqNysAAi/arcgis/rest/services/Fee_Managers_PADUS/FeatureServer/0","sourceUpdated":"2022-01-01T05:00:00.000Z","publicUse":"PAD-US reports restricted access; confirm permits and seasonal rules with the manager.","unit":"NPS","origin":"public-catalog"}},{"type":"Feature","id":"usgs-pad-us-fee-managers:3256","geometry":{"type":"MultiPolygon","coordinates":[[[[-85.2737,34.9025],[-85.2737,34.905],[-85.2745,34.905],[-85.2739,34.9059],[-85.2738,34.9086],[-85.2733,34.905],[-85.2737,34.9025]]],[[[-85.2737,34.9134],[-85.2738,34.9134],[-85.2738,34.9135],[-85.2737,34.9134]]],[[[-85.2752,34.9173],[-85.2757,34.9184],[-85.2756,34.9194],[-85.2752,34.9173]]],[[[-85.2371,34.9417],[-85.237,34.9358],[-85.2361,34.9352],[-85.2285,34.9353],[-85.2286,34.9308],[-85.2282,34.9307],[-85.2286,34.9304],[-85.2287,34.9071],[-85.2295,34.9068],[-85.2291,34.9064],[-85.2295,34.9064],[-85.2297,34.9068],[-85.2325,34.9068],[-85.2326,34.9074],[-85.2333,34.9077],[-85.2343,34.9072],[-85.2349,34.9071],[-85.2372,34.9075],[-85.2389,34.9081],[-85.2406,34.9077],[-85.2412,34.9071],[-85.2414,34.9067],[-85.2405,34.9044],[-85.2379,34.9035],[-85.2372,34.9019],[-85.2362,34.9026],[-85.2354,34.9019],[-85.2353,34.9012],[-85.2379,34.8997],[-85.2386,34.8988],[-85.2385,34.898],[-85.2377,34.897],[-85.2377,34.8965],[-85.2371,34.8956],[-85.2363,34.8951],[-85.2351,34.895],[-85.2346,34.8938],[-85.2365,34.8926],[-85.2378,34.8911],[-85.2378,34.8905],[-85.2394,34.8886],[-85.24,34.8884],[-85.2422,34.8882],[-85.2431,34.8885],[-85.2436,34.8891],[-85.2466,34.8893],[-85.2479,34.8898],[-85.2518,34.892],[-85.2526,34.8944],[-85.2527,34.8961],[-85.2536,34.8957],[-85.2737,34.8956],[-85.2737,34.9005],[-85.273,34.905],[-85.2735,34.9092],[-85.2729,34.9119],[-85.2731,34.913],[-85.2741,34.9148],[-85.2738,34.9148],[-85.2737,34.9158],[-85.2745,34.9158],[-85.2757,34.9209],[-85.2762,34.9222],[-85.2773,34.9234],[-85.2769,34.9237],[-85.278,34.924],[-85.2808,34.9253],[-85.282,34.9256],[-85.2822,34.9411],[-85.2659,34.9415],[-85.2659,34.9417],[-85.2642,34.9417],[-85.2642,34.9425],[-85.2636,34.9419],[-85.2607,34.9418],[-85.2597,34.9422],[-85.2593,34.9439],[-85.2589,34.9439],[-85.2589,34.9422],[-85.2593,34.9417],[-85.2582,34.9417],[-85.2586,34.9422],[-85.2587,34.9439],[-85.258,34.9439],[-85.258,34.9431],[-85.2572,34.9431],[-85.2572,34.9428],[-85.2459,34.943],[-85.2458,34.9419],[-85.2371,34.9422],[-85.2371,34.9417]]],[[[-85.3448,34.9699],[-85.3463,34.9699],[-85.3467,34.9709],[-85.3465,34.9743],[-85.3467,34.9747],[-85.3467,34.976],[-85.3473,34.9768],[-85.3468,34.9798],[-85.3458,34.9804],[-85.345,34.9805],[-85.3448,34.9699]]],[[[-85.3794,34.983],[-85.3656,34.9833],[-85.3654,34.9827],[-85.3674,34.9791],[-85.3692,34.9775],[-85.3698,34.9765],[-85.3717,34.9749],[-85.3724,34.9728],[-85.3732,34.9721],[-85.3738,34.9719],[-85.3758,34.9698],[-85.3759,34.9688],[-85.3768,34.9684],[-85.3768,34.968],[-85.378,34.9668],[-85.3783,34.9663],[-85.3769,34.9657],[-85.3751,34.9671],[-85.3749,34.967],[-85.3758,34.966],[-85.3762,34.964],[-85.3793,34.9652],[-85.3795,34.965],[-85.3811,34.9631],[-85.3812,34.9623],[-85.3818,34.9618],[-85.3823,34.9593],[-85.3824,34.9618],[-85.3944,34.9617],[-85.393,34.964],[-85.3928,34.9652],[-85.3929,34.9657],[-85.3943,34.9662],[-85.3944,34.9666],[-85.3926,34.9671],[-85.3913,34.9661],[-85.3908,34.9661],[-85.39,34.9674],[-85.3894,34.9692],[-85.388,34.9712],[-85.388,34.9722],[-85.3886,34.9733],[-85.387,34.9739],[-85.3865,34.9736],[-85.3862,34.9739],[-85.386,34.9749],[-85.3865,34.9759],[-85.3863,34.9764],[-85.3866,34.9767],[-85.3871,34.9767],[-85.3868,34.9779],[-85.3862,34.9781],[-85.3848,34.9782],[-85.3839,34.9789],[-85.3835,34.9787],[-85.3835,34.9781],[-85.3827,34.9781],[-85.3809,34.9799],[-85.3798,34.9797],[-85.3792,34.9803],[-85.379,34.9808],[-85.3794,34.983]]],[[[-85.3431,34.9813],[-85.345,34.9813],[-85.3451,34.9837],[-85.342,34.9838],[-85.3431,34.9813]]],[[[-85.2738,34.985],[-85.2736,34.985],[-85.2742,34.9842],[-85.2748,34.9839],[-85.2754,34.9839],[-85.2776,34.9845],[-85.2794,34.984],[-85.2792,34.9835],[-85.2799,34.9838],[-85.2792,34.9843],[-85.2776,34.9846],[-85.275,34.984],[-85.2743,34.9843],[-85.2738,34.985]]],[[[-85.2731,34.985],[-85.2729,34.9849],[-85.2735,34.9834],[-85.2736,34.9802],[-85.2724,34.9773],[-85.2724,34.9764],[-85.2725,34.9773],[-85.2737,34.9802],[-85.2737,34.9834],[-85.2731,34.985]]]]},"properties":{"id":"usgs-pad-us-fee-managers:3256","name":"Chickamauga and Chattanooga National Military Park","kind":"land","category":"public-land","sourceCategory":"public-land","sourceId":"usgs-pad-us-fee-managers","sourceUrl":"https://services.arcgis.com/v01gqwM5QqNysAAi/arcgis/rest/services/Fee_Managers_PADUS/FeatureServer/0","sourceUpdated":"2022-01-01T05:00:00.000Z","publicUse":"PAD-US reports restricted access; confirm permits and seasonal rules with the manager.","unit":"NPS","origin":"public-catalog"}},{"type":"Feature","id":"usgs-pad-us-fee-managers:3301","geometry":{"type":"MultiPolygon","coordinates":[[[[-81.5502,30.72],[-81.5501,30.7204],[-81.5488,30.7202],[-81.5489,30.7201],[-81.5502,30.72]]],[[[-81.5502,30.7211],[-81.5503,30.7208],[-81.5515,30.721],[-81.5514,30.7215],[-81.5502,30.7211]]],[[[-81.5484,30.7217],[-81.5485,30.7213],[-81.5488,30.7213],[-81.5488,30.7217],[-81.5484,30.7217]]],[[[-81.4604,30.7608],[-81.4604,30.7561],[-81.46,30.7488],[-81.459,30.7432],[-81.4579,30.7391],[-81.4531,30.7269],[-81.4497,30.72],[-81.4484,30.7179],[-81.4484,30.7163],[-81.4495,30.7146],[-81.45,30.7142],[-81.4518,30.7141],[-81.4527,30.7145],[-81.4542,30.7148],[-81.4557,30.7162],[-81.4567,30.7159],[-81.4577,30.7167],[-81.4595,30.7173],[-81.4616,30.7176],[-81.4627,30.718],[-81.4636,30.7179],[-81.4625,30.7186],[-81.4612,30.719],[-81.4599,30.7191],[-81.4584,30.7188],[-81.4583,30.7191],[-81.459,30.7193],[-81.4612,30.7194],[-81.4627,30.719],[-81.4641,30.7183],[-81.4647,30.7185],[-81.4651,30.7188],[-81.4651,30.7192],[-81.4641,30.7202],[-81.4613,30.7206],[-81.4613,30.7211],[-81.462,30.7215],[-81.4645,30.7211],[-81.4656,30.7206],[-81.4662,30.7201],[-81.4679,30.7194],[-81.4693,30.7198],[-81.4706,30.7209],[-81.4714,30.7232],[-81.4754,30.7251],[-81.4773,30.7278],[-81.4775,30.7285],[-81.4768,30.729],[-81.475,30.7287],[-81.4742,30.7283],[-81.4723,30.7269],[-81.4717,30.7268],[-81.4714,30.728],[-81.4723,30.73],[-81.472,30.7312],[-81.4712,30.732],[-81.4686,30.7331],[-81.4672,30.7354],[-81.4678,30.7358],[-81.47,30.7358],[-81.4705,30.7361],[-81.4712,30.7373],[-81.4707,30.7385],[-81.4701,30.7389],[-81.4687,30.7412],[-81.4687,30.7416],[-81.4695,30.7419],[-81.4711,30.7416],[-81.4717,30.7419],[-81.4721,30.7425],[-81.4714,30.7431],[-81.47,30.743],[-81.4692,30.7432],[-81.469,30.7439],[-81.4694,30.7455],[-81.4711,30.7463],[-81.4721,30.7473],[-81.4727,30.7475],[-81.4744,30.7474],[-81.4754,30.7478],[-81.4751,30.7483],[-81.4727,30.7484],[-81.4739,30.7496],[-81.4737,30.7507],[-81.4739,30.7512],[-81.4744,30.7515],[-81.4738,30.7537],[-81.4741,30.7541],[-81.4738,30.7543],[-81.4734,30.7555],[-81.4727,30.7587],[-81.4719,30.7603],[-81.4715,30.762],[-81.4698,30.7617],[-81.4694,30.7634],[-81.4703,30.7636],[-81.47,30.7647],[-81.4708,30.765],[-81.4648,30.7649],[-81.4653,30.7604],[-81.4621,30.7604],[-81.4616,30.7649],[-81.4601,30.7649],[-81.4604,30.7608]]],[[[-81.4655,30.755],[-81.4656,30.7532],[-81.4635,30.7532],[-81.4634,30.755],[-81.4629,30.755],[-81.4629,30.7568],[-81.4645,30.7568],[-81.4645,30.755],[-81.4655,30.755]]],[[[-81.4598,30.7681],[-81.4678,30.7682],[-81.4673,30.7714],[-81.4594,30.7714],[-81.4598,30.7681]]],[[[-81.4511,30.8142],[-81.4537,30.8142],[-81.4537,30.8149],[-81.4511,30.8149],[-81.4511,30.8142]]],[[[-81.4841,30.8202],[-81.4818,30.8201],[-81.4814,30.8195],[-81.48,30.8191],[-81.4778,30.8176],[-81.4766,30.8165],[-81.4763,30.8159],[-81.4756,30.8142],[-81.4754,30.8128],[-81.4762,30.8111],[-81.4769,30.8101],[-81.4772,30.8101],[-81.4776,30.8081],[-81.4779,30.8077],[-81.4781,30.8065],[-81.4779,30.8059],[-81.4782,30.8055],[-81.4781,30.8024],[-81.4778,30.8017],[-81.4781,30.8006],[-81.4786,30.7994],[-81.4822,30.7954],[-81.4822,30.7963],[-81.4826,30.7967],[-81.4827,30.7974],[-81.483,30.7978],[-81.4833,30.7976],[-81.4834,30.7986],[-81.4838,30.7992],[-81.4843,30.7993],[-81.4843,30.7999],[-81.4852,30.8007],[-81.4856,30.8018],[-81.4864,30.802],[-81.4869,30.803],[-81.4881,30.8071],[-81.4887,30.8085],[-81.4894,30.8118],[-81.4892,30.8143],[-81.4878,30.8177],[-81.4876,30.8169],[-81.4867,30.8165],[-81.4869,30.816],[-81.4866,30.8154],[-81.4861,30.8151],[-81.4868,30.8161],[-81.4865,30.8163],[-81.4866,30.8166],[-81.4875,30.817],[-81.4872,30.8181],[-81.4868,30.8179],[-81.4867,30.8183],[-81.4868,30.8185],[-81.4872,30.8184],[-81.4872,30.8186],[-81.4875,30.8186],[-81.4874,30.819],[-81.486,30.8207],[-81.4858,30.8207],[-81.4861,30.8201],[-81.486,30.82],[-81.4853,30.82],[-81.4851,30.8203],[-81.4847,30.8204],[-81.4845,30.8213],[-81.484,30.821],[-81.4841,30.8202]]],[[[-81.4556,30.8158],[-81.4556,30.8134],[-81.4448,30.8133],[-81.4489,30.8063],[-81.4556,30.7879],[-81.4567,30.784],[-81.4731,30.7841],[-81.4761,30.7873],[-81.4768,30.7877],[-81.4768,30.7883],[-81.4778,30.789],[-81.4782,30.7889],[-81.4786,30.7893],[-81.4787,30.7899],[-81.479,30.7902],[-81.4788,30.7904],[-81.4793,30.7908],[-81.4789,30.7913],[-81.4792,30.7921],[-81.479,30.7924],[-81.4796,30.7931],[-81.4793,30.7933],[-81.48,30.7944],[-81.4796,30.7946],[-81.48,30.7949],[-81.4795,30.796],[-81.4783,30.7981],[-81.4769,30.7998],[-81.4762,30.8004],[-81.4754,30.8033],[-81.4752,30.8034],[-81.4749,30.8057],[-81.4743,30.8066],[-81.4738,30.808],[-81.4743,30.8094],[-81.4741,30.8104],[-81.4739,30.8104],[-81.4732,30.8117],[-81.4719,30.8131],[-81.4715,30.8131],[-81.471,30.8127],[-81.4702,30.8126],[-81.4697,30.8121],[-81.4692,30.8122],[-81.4694,30.8136],[-81.4701,30.8148],[-81.4698,30.8156],[-81.4703,30.8156],[-81.4709,30.8164],[-81.4691,30.8165],[-81.4691,30.8158],[-81.4674,30.8159],[-81.4674,30.8145],[-81.4616,30.8145],[-81.4616,30.8169],[-81.4428,30.8168],[-81.443,30.8165],[-81.4509,30.8165],[-81.4509,30.8157],[-81.4556,30.8158]]],[[[-81.4744,30.8418],[-81.4749,30.8415],[-81.4755,30.8419],[-81.4751,30.8413],[-81.4754,30.8409],[-81.4763,30.8404],[-81.4783,30.8398],[-81.4797,30.8388],[-81.4807,30.8371],[-81.4814,30.837],[-81.4817,30.8384],[-81.4811,30.8397],[-81.4813,30.84],[-81.4778,30.8451],[-81.4777,30.8448],[-81.4765,30.8443],[-81.4749,30.843],[-81.4745,30.8425],[-81.4744,30.8418]]],[[[-81.4191,30.9233],[-81.4178,30.9233],[-81.417,30.9238],[-81.4151,30.924],[-81.4144,30.924],[-81.4137,30.9234],[-81.4139,30.9225],[-81.4146,30.9221],[-81.4182,30.922],[-81.4187,30.9217],[-81.4191,30.9211],[-81.4184,30.9183],[-81.4166,30.9165],[-81.4164,30.916],[-81.4165,30.9157],[-81.4179,30.9153],[-81.4205,30.9158],[-81.4216,30.9166],[-81.4223,30.9167],[-81.4219,30.9164],[-81.4223,30.9164],[-81.4254,30.9175],[-81.4259,30.919],[-81.4261,30.9204],[-81.4267,30.9214],[-81.4256,30.9211],[-81.4239,30.9217],[-81.4224,30.9199],[-81.4208,30.9195],[-81.4199,30.9203],[-81.4206,30.9239],[-81.4223,30.9257],[-81.4222,30.9277],[-81.4206,30.928],[-81.4182,30.9277],[-81.4181,30.9269],[-81.4195,30.9263],[-81.4201,30.9255],[-81.42,30.9239],[-81.4191,30.9233]]],[[[-81.4306,30.9294],[-81.4319,30.9305],[-81.4312,30.9311],[-81.4305,30.9309],[-81.4302,30.93],[-81.4306,30.9294]]],[[[-81.4262,30.9418],[-81.4254,30.9416],[-81.4249,30.9412],[-81.425,30.9405],[-81.424,30.9389],[-81.4239,30.9381],[-81.4248,30.9371],[-81.4256,30.9367],[-81.4257,30.9362],[-81.4252,30.9359],[-81.4242,30.936],[-81.4242,30.9353],[-81.4228,30.9347],[-81.4223,30.9348],[-81.4212,30.9356],[-81.4204,30.9354],[-81.4203,30.9347],[-81.4213,30.9327],[-81.4224,30.9317],[-81.4224,30.9312],[-81.4221,30.9308],[-81.4215,30.9307],[-81.4198,30.9314],[-81.4194,30.9313],[-81.4193,30.9294],[-81.4182,30.9284],[-81.4209,30.9286],[-81.4229,30.9283],[-81.4235,30.928],[-81.4242,30.9296],[-81.4257,30.93],[-81.4265,30.9298],[-81.4272,30.93],[-81.4272,30.9294],[-81.4275,30.9289],[-81.4282,30.9292],[-81.4284,30.9294],[-81.4292,30.9292],[-81.4284,30.9292],[-81.4288,30.9286],[-81.4284,30.929],[-81.4274,30.9288],[-81.4269,30.9292],[-81.4269,30.9296],[-81.4247,30.9296],[-81.4243,30.9292],[-81.4239,30.9278],[-81.4245,30.9278],[-81.425,30.9271],[-81.4244,30.9276],[-81.4239,30.9274],[-81.4226,30.928],[-81.4227,30.9255],[-81.421,30.924],[-81.4206,30.9227],[-81.4202,30.9206],[-81.4204,30.92],[-81.4208,30.9198],[-81.4223,30.9201],[-81.4236,30.9219],[-81.4244,30.9218],[-81.4258,30.9212],[-81.4282,30.9223],[-81.4286,30.9228],[-81.4279,30.9235],[-81.4279,30.9239],[-81.4285,30.9243],[-81.4273,30.9242],[-81.4268,30.9246],[-81.4285,30.9257],[-81.4285,30.9266],[-81.43,30.9274],[-81.4305,30.9279],[-81.4305,30.9285],[-81.4299,30.93],[-81.4302,30.9305],[-81.4299,30.9311],[-81.431,30.9313],[-81.4321,30.9311],[-81.4326,30.9315],[-81.4347,30.9321],[-81.4346,30.9326],[-81.4349,30.933],[-81.4343,30.9344],[-81.4328,30.9359],[-81.432,30.9361],[-81.4316,30.9374],[-81.4309,30.9381],[-81.4309,30.9387],[-81.4302,30.9392],[-81.4303,30.9397],[-81.4291,30.9419],[-81.4286,30.942],[-81.4282,30.9416],[-81.4273,30.9414],[-81.4266,30.9418],[-81.4262,30.9418]]],[[[-81.4034,30.923],[-81.4043,30.9112],[-81.4046,30.9095],[-81.4063,30.9056],[-81.4072,30.902],[-81.4107,30.8924],[-81.4122,30.8891],[-81.4129,30.8867],[-81.4133,30.8849],[-81.4151,30.8807],[-81.4202,30.865],[-81.421,30.8626],[-81.424,30.8492],[-81.429,30.8359],[-81.4339,30.8271],[-81.4372,30.8235],[-81.4393,30.8202],[-81.4661,30.8204],[-81.4659,30.8195],[-81.4711,30.8211],[-81.4779,30.8211],[-81.4784,30.8216],[-81.479,30.8218],[-81.479,30.8221],[-81.4786,30.8224],[-81.479,30.8226],[-81.4792,30.8235],[-81.4787,30.8238],[-81.4785,30.825],[-81.4777,30.8251],[-81.4775,30.8258],[-81.4763,30.8269],[-81.4763,30.8278],[-81.4755,30.8278],[-81.477,30.8284],[-81.4754,30.8284],[-81.4746,30.8292],[-81.4746,30.8306],[-81.4742,30.8312],[-81.4749,30.8317],[-81.4744,30.8319],[-81.4742,30.8323],[-81.4754,30.8328],[-81.4749,30.8333],[-81.4757,30.8335],[-81.4752,30.8338],[-81.4745,30.8353],[-81.4731,30.8365],[-81.4742,30.8381],[-81.4734,30.8409],[-81.474,30.8408],[-81.4743,30.841],[-81.4739,30.8422],[-81.4757,30.8442],[-81.4775,30.8451],[-81.4767,30.8471],[-81.4766,30.8482],[-81.476,30.8489],[-81.4739,30.8503],[-81.4697,30.8519],[-81.4679,30.8531],[-81.4671,30.8543],[-81.4666,30.8564],[-81.4663,30.8582],[-81.4665,30.8591],[-81.4672,30.8606],[-81.4693,30.8632],[-81.4705,30.864],[-81.4759,30.8657],[-81.4767,30.8661],[-81.4772,30.8667],[-81.4778,30.8679],[-81.4779,30.8688],[-81.4788,30.8702],[-81.4802,30.8708],[-81.482,30.8711],[-81.4832,30.8708],[-81.4849,30.8692],[-81.4864,30.8672],[-81.4878,30.8661],[-81.4934,30.8674],[-81.4949,30.8687],[-81.4959,30.8706],[-81.4967,30.8734],[-81.4969,30.8748],[-81.4967,30.8751],[-81.4941,30.8775],[-81.489,30.8804],[-81.4864,30.8814],[-81.4825,30.8825],[-81.478,30.8831],[-81.4747,30.8839],[-81.4658,30.8855],[-81.4597,30.8855],[-81.4574,30.886],[-81.4533,30.8861],[-81.4507,30.8865],[-81.4482,30.8874],[-81.4468,30.8884],[-81.4454,30.8899],[-81.4444,30.8879],[-81.4447,30.8871],[-81.4486,30.8869],[-81.4493,30.8864],[-81.4496,30.8856],[-81.4493,30.8852],[-81.4457,30.8834],[-81.4436,30.8817],[-81.4435,30.8809],[-81.4455,30.8783],[-81.4453,30.878],[-81.4442,30.8785],[-81.4438,30.8784],[-81.4434,30.8768],[-81.443,30.8763],[-81.4428,30.8764],[-81.4433,30.877],[-81.4437,30.8785],[-81.4453,30.8784],[-81.4433,30.8808],[-81.4433,30.8815],[-81.4437,30.8823],[-81.4461,30.8842],[-81.4492,30.8857],[-81.449,30.8862],[-81.4482,30.8866],[-81.4459,30.8862],[-81.4451,30.8863],[-81.4441,30.8868],[-81.4437,30.8875],[-81.4438,30.8882],[-81.4447,30.8898],[-81.445,30.8913],[-81.445,30.8922],[-81.4445,30.8938],[-81.4446,30.8958],[-81.4459,30.8992],[-81.4468,30.9027],[-81.4469,30.904],[-81.4476,30.9047],[-81.4469,30.9057],[-81.4476,30.9065],[-81.4475,30.9073],[-81.4481,30.9077],[-81.4478,30.91],[-81.447,30.9118],[-81.447,30.9137],[-81.4488,30.9141],[-81.4501,30.9142],[-81.4504,30.9138],[-81.4511,30.9136],[-81.452,30.9139],[-81.4543,30.9134],[-81.4557,30.9136],[-81.4566,30.9144],[-81.4566,30.9148],[-81.4553,30.9162],[-81.4539,30.9172],[-81.4518,30.9208],[-81.4517,30.9224],[-81.4522,30.9239],[-81.4521,30.9253],[-81.4525,30.9258],[-81.4519,30.9266],[-81.4494,30.9278],[-81.4485,30.9286],[-81.447,30.9293],[-81.4457,30.9297],[-81.445,30.9302],[-81.4415,30.9312],[-81.4407,30.9316],[-81.4357,30.9323],[-81.4351,30.9325],[-81.435,30.933],[-81.4347,30.9326],[-81.435,30.9319],[-81.4349,30.931],[-81.4358,30.9306],[-81.4347,30.93],[-81.4337,30.9303],[-81.4333,30.9298],[-81.4328,30.9305],[-81.4324,30.9303],[-81.4308,30.9288],[-81.4309,30.928],[-81.4307,30.9276],[-81.4287,30.9266],[-81.4287,30.9256],[-81.4268,30.9247],[-81.4269,30.9244],[-81.4274,30.9242],[-81.4286,30.9245],[-81.4285,30.9242],[-81.4279,30.9238],[-81.4287,30.9228],[-81.4271,30.9216],[-81.4264,30.9204],[-81.426,30.9179],[-81.4256,30.9173],[-81.4215,30.9161],[-81.4214,30.9162],[-81.4217,30.9163],[-81.4215,30.9165],[-81.4206,30.9157],[-81.4185,30.9154],[-81.418,30.9152],[-81.4165,30.9154],[-81.4162,30.9158],[-81.4162,30.9155],[-81.4157,30.9155],[-81.4156,30.915],[-81.4152,30.9149],[-81.4155,30.9151],[-81.4156,30.9156],[-81.416,30.9156],[-81.4161,30.9162],[-81.417,30.9172],[-81.4182,30.9182],[-81.4189,30.9208],[-81.4185,30.9213],[-81.4177,30.9217],[-81.4163,30.9218],[-81.4155,30.9215],[-81.4147,30.9217],[-81.4135,30.9224],[-81.4134,30.9236],[-81.414,30.9242],[-81.4147,30.9244],[-81.4192,30.9238],[-81.4197,30.9242],[-81.4197,30.9253],[-81.419,30.9261],[-81.4163,30.9265],[-81.415,30.9271],[-81.4121,30.9306],[-81.4093,30.9326],[-81.4074,30.9348],[-81.4065,30.9363],[-81.4058,30.939],[-81.4054,30.9428],[-81.4056,30.9467],[-81.4063,30.9492],[-81.4065,30.9533],[-81.4061,30.9553],[-81.4052,30.9567],[-81.4033,30.9571],[-81.4013,30.9571],[-81.4006,30.9567],[-81.4003,30.956],[-81.4005,30.9545],[-81.4024,30.9472],[-81.4029,30.9439],[-81.4034,30.9348],[-81.4034,30.923]]],[[[-81.4395,30.9269],[-81.4398,30.9267],[-81.4396,30.9265],[-81.4393,30.9266],[-81.4395,30.9269]]],[[[-81.4679,30.8754],[-81.4674,30.8747],[-81.4652,30.8747],[-81.4652,30.8776],[-81.4678,30.8776],[-81.4681,30.8773],[-81.4677,30.8767],[-81.4679,30.8754]]],[[[-81.4668,30.8457],[-81.4619,30.8456],[-81.4616,30.8461],[-81.4641,30.8465],[-81.4651,30.847],[-81.4664,30.8482],[-81.4669,30.8475],[-81.4666,30.8463],[-81.4668,30.8457]]],[[[-81.4668,30.8442],[-81.4669,30.8435],[-81.4634,30.8434],[-81.4633,30.8445],[-81.4668,30.8446],[-81.4668,30.8442]]]]},"properties":{"id":"usgs-pad-us-fee-managers:3301","name":"Cumberland Island National Seashore","kind":"land","category":"public-land","sourceCategory":"public-land","sourceId":"usgs-pad-us-fee-managers","sourceUrl":"https://services.arcgis.com/v01gqwM5QqNysAAi/arcgis/rest/services/Fee_Managers_PADUS/FeatureServer/0","sourceUpdated":"2022-01-01T05:00:00.000Z","publicUse":"PAD-US reports open access; verify current manager conditions and restrictions.","unit":"NPS","origin":"public-catalog"}},{"type":"Feature","id":"usgs-pad-us-fee-managers:3341","geometry":{"type":"MultiPolygon","coordinates":[[[[-81.3787,31.1576],[-81.379,31.1567],[-81.3798,31.1554],[-81.3802,31.1554],[-81.3804,31.1564],[-81.3811,31.1572],[-81.381,31.1576],[-81.3805,31.1577],[-81.3806,31.1572],[-81.3803,31.1571],[-81.3798,31.1573],[-81.3796,31.1577],[-81.3787,31.1576]]],[[[-81.3982,31.2232],[-81.3966,31.2231],[-81.3951,31.2235],[-81.3947,31.2234],[-81.3944,31.2226],[-81.3948,31.2211],[-81.3972,31.2173],[-81.3978,31.2172],[-81.4,31.218],[-81.4009,31.218],[-81.402,31.2292],[-81.3992,31.2285],[-81.3999,31.2247],[-81.3992,31.2234],[-81.3982,31.2232]]],[[[-81.3895,31.226],[-81.3895,31.2224],[-81.3894,31.226],[-81.3886,31.2258],[-81.387,31.2247],[-81.3871,31.2235],[-81.3868,31.2218],[-81.3877,31.221],[-81.3887,31.2215],[-81.389,31.221],[-81.3912,31.2208],[-81.3912,31.2196],[-81.3923,31.2186],[-81.3924,31.2171],[-81.3948,31.2177],[-81.393,31.2212],[-81.3932,31.2212],[-81.3928,31.2231],[-81.3934,31.2238],[-81.3935,31.2245],[-81.3943,31.2249],[-81.3954,31.225],[-81.3983,31.2246],[-81.3988,31.2248],[-81.3989,31.2252],[-81.3981,31.2276],[-81.398,31.2287],[-81.3925,31.2273],[-81.3918,31.2266],[-81.3895,31.226]]],[[[-81.3916,31.223],[-81.3915,31.2211],[-81.3915,31.2229],[-81.3904,31.2226],[-81.3904,31.2227],[-81.3928,31.2234],[-81.3916,31.223]]],[[[-81.3869,31.2253],[-81.3865,31.2283],[-81.3848,31.2275],[-81.3848,31.2262],[-81.3862,31.2261],[-81.3869,31.2253]]]]},"properties":{"id":"usgs-pad-us-fee-managers:3341","name":"Fort Frederica National Monument","kind":"land","category":"public-land","sourceCategory":"public-land","sourceId":"usgs-pad-us-fee-managers","sourceUrl":"https://services.arcgis.com/v01gqwM5QqNysAAi/arcgis/rest/services/Fee_Managers_PADUS/FeatureServer/0","sourceUpdated":"2022-01-01T05:00:00.000Z","publicUse":"PAD-US reports open access; verify current manager conditions and restrictions.","unit":"NPS","origin":"public-catalog"}},{"type":"Feature","id":"usgs-pad-us-fee-managers:3345","geometry":{"type":"MultiPolygon","coordinates":[[[[-80.8851,32.0138],[-80.8896,32.0158],[-80.8841,32.0144],[-80.8841,32.0139],[-80.8851,32.0138]]],[[[-80.8842,32.0155],[-80.8842,32.015],[-80.8871,32.0158],[-80.8842,32.0155]]],[[[-80.8798,32.023],[-80.8795,32.0228],[-80.8799,32.0225],[-80.8812,32.0224],[-80.881,32.023],[-80.8804,32.0233],[-80.8798,32.023]]],[[[-80.8884,32.0316],[-80.8887,32.0317],[-80.8887,32.032],[-80.8884,32.0316]]],[[[-80.9446,32.0393],[-80.9228,32.0259],[-80.908,32.0215],[-80.9022,32.0188],[-80.8915,32.0162],[-80.8858,32.0135],[-80.8839,32.0135],[-80.8833,32.0122],[-80.8832,32.0112],[-80.8836,32.0103],[-80.8849,32.0094],[-80.8862,32.0097],[-80.8878,32.011],[-80.8909,32.0154],[-80.8917,32.016],[-80.8934,32.0165],[-80.8973,32.0166],[-80.8988,32.0159],[-80.8994,32.0148],[-80.8994,32.0136],[-80.8981,32.012],[-80.8957,32.0109],[-80.8918,32.0102],[-80.8909,32.0093],[-80.8909,32.0079],[-80.8919,32.0068],[-80.8992,32.0041],[-80.9011,32.0052],[-80.9033,32.0081],[-80.9063,32.0086],[-80.9079,32.0077],[-80.9075,32.0056],[-80.9062,32.0021],[-80.9114,32.0027],[-80.9134,32.0013],[-80.9131,32.0002],[-80.9118,31.9984],[-80.9111,31.9957],[-80.9138,31.9929],[-80.9161,31.9883],[-80.9172,31.9885],[-80.9194,31.9917],[-80.9232,31.9942],[-80.9261,31.9953],[-80.9265,31.999],[-80.9227,32.0044],[-80.9218,32.0094],[-80.9227,32.0109],[-80.9245,32.0128],[-80.9307,32.0151],[-80.9341,32.0157],[-80.9384,32.0172],[-80.9397,32.018],[-80.94,32.0194],[-80.9396,32.022],[-80.939,32.0234],[-80.9394,32.0262],[-80.9407,32.0281],[-80.9426,32.0291],[-80.9492,32.03],[-80.952,32.0331],[-80.9577,32.0363],[-80.9541,32.0391],[-80.9499,32.0405],[-80.9484,32.0408],[-80.9472,32.0407],[-80.9446,32.0393]]],[[[-80.8806,32.0321],[-80.8787,32.0309],[-80.8785,32.0306],[-80.8783,32.0306],[-80.8784,32.0303],[-80.8793,32.0301],[-80.8793,32.0298],[-80.8807,32.0293],[-80.8811,32.0285],[-80.8822,32.0272],[-80.8821,32.0269],[-80.8834,32.0266],[-80.8838,32.0262],[-80.8835,32.0254],[-80.8837,32.0251],[-80.8836,32.0243],[-80.8817,32.0233],[-80.8816,32.0228],[-80.8829,32.0222],[-80.8844,32.0223],[-80.8893,32.0216],[-80.8927,32.0223],[-80.8928,32.0226],[-80.8931,32.0225],[-80.8976,32.024],[-80.8978,32.0245],[-80.8996,32.0258],[-80.9026,32.0271],[-80.9059,32.0279],[-80.9097,32.0292],[-80.9118,32.0296],[-80.915,32.0309],[-80.9142,32.0317],[-80.9076,32.0325],[-80.9075,32.0345],[-80.907,32.0345],[-80.9038,32.034],[-80.9029,32.0341],[-80.8978,32.0332],[-80.897,32.0328],[-80.8971,32.0326],[-80.8966,32.0322],[-80.8954,32.0323],[-80.8906,32.031],[-80.8897,32.031],[-80.8879,32.0315],[-80.8875,32.0315],[-80.8873,32.0313],[-80.8874,32.0316],[-80.8869,32.0315],[-80.8868,32.0317],[-80.8862,32.0315],[-80.8863,32.0318],[-80.8852,32.0317],[-80.8849,32.0321],[-80.8842,32.0323],[-80.8818,32.0322],[-80.8806,32.0325],[-80.8806,32.0321]]],[[[-80.8963,32.0195],[-80.8939,32.019],[-80.8906,32.0193],[-80.8883,32.0187],[-80.8863,32.0187],[-80.8843,32.0193],[-80.8837,32.0191],[-80.8825,32.0192],[-80.8819,32.0179],[-80.8835,32.0171],[-80.8841,32.0162],[-80.8909,32.0167],[-80.9015,32.0194],[-80.9074,32.0224],[-80.9229,32.027],[-80.9407,32.0381],[-80.9582,32.0512],[-80.9679,32.0605],[-80.9769,32.0658],[-80.9703,32.0625],[-80.9643,32.0591],[-80.9608,32.0574],[-80.9584,32.0557],[-80.9568,32.0543],[-80.9535,32.0485],[-80.9514,32.0463],[-80.9482,32.0436],[-80.9411,32.0386],[-80.9366,32.0361],[-80.9285,32.0329],[-80.9205,32.0277],[-80.917,32.0258],[-80.9132,32.0244],[-80.9066,32.0233],[-80.9018,32.0214],[-80.8989,32.0209],[-80.8963,32.0195]]],[[[-80.9799,32.0675],[-80.9794,32.0672],[-80.9807,32.0674],[-80.9815,32.0672],[-80.9787,32.0663],[-80.9683,32.0601],[-80.9586,32.0508],[-80.9413,32.0378],[-80.9459,32.0408],[-80.947,32.0411],[-80.9483,32.0413],[-80.9547,32.0398],[-80.956,32.039],[-80.9584,32.037],[-80.9606,32.0389],[-80.9615,32.0414],[-80.9622,32.0426],[-80.9641,32.044],[-80.9672,32.0445],[-80.9727,32.047],[-80.9748,32.0495],[-80.9736,32.0508],[-80.9731,32.0523],[-80.974,32.0538],[-80.9759,32.055],[-80.9766,32.0557],[-80.9764,32.0572],[-80.9766,32.0582],[-80.9782,32.0591],[-80.9808,32.0584],[-80.9812,32.0599],[-80.982,32.0607],[-80.9861,32.0625],[-80.989,32.0623],[-80.99,32.0636],[-80.9919,32.0651],[-80.9942,32.0644],[-80.9967,32.0648],[-80.9985,32.0662],[-81.001,32.0676],[-81.0035,32.068],[-81.0048,32.0691],[-81.0053,32.0708],[-81.003,32.0725],[-81.0019,32.0737],[-80.9962,32.0714],[-80.9846,32.0681],[-80.9836,32.0684],[-80.9964,32.072],[-81.0015,32.0741],[-81.0004,32.0765],[-80.9986,32.0772],[-80.9938,32.0753],[-80.9846,32.0703],[-80.9799,32.0675]]]]},"properties":{"id":"usgs-pad-us-fee-managers:3345","name":"Fort Pulaski National Monument","kind":"land","category":"public-land","sourceCategory":"public-land","sourceId":"usgs-pad-us-fee-managers","sourceUrl":"https://services.arcgis.com/v01gqwM5QqNysAAi/arcgis/rest/services/Fee_Managers_PADUS/FeatureServer/0","sourceUpdated":"2022-01-01T05:00:00.000Z","publicUse":"PAD-US reports open access; verify current manager conditions and restrictions.","unit":"NPS","origin":"public-catalog"}},{"type":"Feature","id":"usgs-pad-us-fee-managers:3469","geometry":{"type":"MultiPolygon","coordinates":[[[[-84.4584,33.8516],[-84.4578,33.8513],[-84.458,33.8496],[-84.4585,33.849],[-84.4595,33.8514],[-84.4584,33.8516]]],[[[-84.4576,33.8703],[-84.4566,33.8696],[-84.4561,33.8698],[-84.4545,33.8677],[-84.455,33.8672],[-84.4564,33.8678],[-84.4559,33.8687],[-84.456,33.8691],[-84.4566,33.8694],[-84.458,33.8697],[-84.458,33.8702],[-84.4576,33.8703]]],[[[-84.4451,33.874],[-84.4455,33.8739],[-84.4457,33.8743],[-84.4451,33.874]]],[[[-84.4476,33.8746],[-84.45,33.8728],[-84.4513,33.8711],[-84.4514,33.8721],[-84.4506,33.8732],[-84.4482,33.8752],[-84.4476,33.8746]]],[[[-84.4522,33.8724],[-84.4525,33.8715],[-84.4523,33.87],[-84.4527,33.8693],[-84.4539,33.8682],[-84.4551,33.8695],[-84.453,33.8726],[-84.4528,33.8724],[-84.4528,33.8731],[-84.4523,33.8739],[-84.4503,33.875],[-84.4493,33.8761],[-84.449,33.8761],[-84.4488,33.8757],[-84.4492,33.8752],[-84.4518,33.8732],[-84.4522,33.8724]]],[[[-84.444,33.8768],[-84.4441,33.8769],[-84.4437,33.8778],[-84.4435,33.8773],[-84.444,33.8768]]],[[[-84.4467,33.8753],[-84.4474,33.8761],[-84.4457,33.8772],[-84.4439,33.8781],[-84.4443,33.8767],[-84.4467,33.8753]]],[[[-84.4434,33.8774],[-84.4436,33.8779],[-84.4433,33.8782],[-84.4432,33.8777],[-84.4434,33.8774]]],[[[-84.4438,33.8781],[-84.4438,33.8781],[-84.4438,33.8782],[-84.4438,33.8781]]],[[[-84.4447,33.8785],[-84.4449,33.8787],[-84.4438,33.8796],[-84.4447,33.8785]]],[[[-84.4423,33.8912],[-84.4421,33.8908],[-84.4428,33.889],[-84.4451,33.8874],[-84.4458,33.8865],[-84.4455,33.8857],[-84.4445,33.885],[-84.4439,33.884],[-84.4438,33.8832],[-84.4442,33.8815],[-84.4438,33.8799],[-84.4452,33.8783],[-84.448,33.8767],[-84.4517,33.8802],[-84.4525,33.8817],[-84.4519,33.8829],[-84.4521,33.8841],[-84.455,33.8871],[-84.4556,33.8884],[-84.4558,33.8896],[-84.455,33.8885],[-84.4545,33.8873],[-84.4531,33.8873],[-84.4531,33.8856],[-84.4528,33.8853],[-84.4529,33.8865],[-84.4486,33.8865],[-84.4484,33.8937],[-84.4443,33.8937],[-84.4438,33.8926],[-84.4431,33.8922],[-84.4423,33.8912]]],[[[-84.4399,33.8983],[-84.4403,33.8979],[-84.4406,33.898],[-84.4407,33.8975],[-84.4415,33.8969],[-84.4413,33.8964],[-84.4417,33.8963],[-84.4419,33.8956],[-84.4424,33.8955],[-84.4419,33.8949],[-84.4409,33.8949],[-84.4411,33.8941],[-84.4355,33.8948],[-84.4337,33.8948],[-84.4338,33.8884],[-84.4331,33.8891],[-84.4327,33.8887],[-84.4337,33.888],[-84.4338,33.8865],[-84.4331,33.8864],[-84.4322,33.8873],[-84.4313,33.8867],[-84.4313,33.8826],[-84.4361,33.8826],[-84.4362,33.8804],[-84.4371,33.88],[-84.4371,33.8794],[-84.438,33.8793],[-84.4388,33.8794],[-84.4389,33.8799],[-84.4395,33.8799],[-84.44,33.8793],[-84.4399,33.8791],[-84.4402,33.879],[-84.4403,33.8783],[-84.4383,33.8774],[-84.4379,33.8775],[-84.4377,33.8772],[-84.4373,33.8772],[-84.437,33.8775],[-84.4371,33.8767],[-84.4389,33.8771],[-84.4389,33.8773],[-84.4394,33.8773],[-84.4394,33.8769],[-84.4397,33.8773],[-84.442,33.8765],[-84.4429,33.8766],[-84.4432,33.8763],[-84.4425,33.876],[-84.4437,33.8759],[-84.444,33.8756],[-84.4435,33.875],[-84.4448,33.8753],[-84.446,33.8747],[-84.4463,33.875],[-84.4437,33.8767],[-84.443,33.8776],[-84.4426,33.8785],[-84.443,33.8819],[-84.4428,33.8827],[-84.4423,33.883],[-84.4423,33.8835],[-84.4432,33.8855],[-84.4428,33.8861],[-84.443,33.8869],[-84.4436,33.8875],[-84.4429,33.8883],[-84.4408,33.8894],[-84.44,33.8903],[-84.441,33.8918],[-84.4426,33.8931],[-84.4431,33.894],[-84.443,33.8949],[-84.4433,33.8955],[-84.443,33.8965],[-84.4425,33.8969],[-84.4415,33.8989],[-84.4408,33.899],[-84.4399,33.8983]]],[[[-84.4418,33.9014],[-84.4419,33.9014],[-84.4418,33.9014],[-84.4418,33.9014]]],[[[-84.4633,33.9058],[-84.4638,33.9057],[-84.464,33.9059],[-84.4626,33.9063],[-84.4626,33.9059],[-84.4633,33.9058]]],[[[-84.4421,33.9026],[-84.4426,33.9024],[-84.4442,33.9044],[-84.4453,33.9065],[-84.4443,33.9059],[-84.4421,33.9026]]],[[[-84.4472,33.9068],[-84.4478,33.907],[-84.4481,33.9073],[-84.4472,33.9068]]],[[[-84.445,33.9066],[-84.4455,33.9069],[-84.4457,33.9074],[-84.445,33.9066]]],[[[-84.4459,33.9074],[-84.4467,33.9081],[-84.447,33.9087],[-84.4468,33.9088],[-84.4464,33.9088],[-84.4458,33.9082],[-84.4459,33.9074]]],[[[-84.4422,33.9101],[-84.4416,33.9087],[-84.4409,33.9077],[-84.44,33.9075],[-84.4395,33.907],[-84.4402,33.906],[-84.4398,33.9054],[-84.4402,33.9042],[-84.4399,33.904],[-84.439,33.9041],[-84.4414,33.9034],[-84.4411,33.9029],[-84.4414,33.9028],[-84.4418,33.9027],[-84.4439,33.9057],[-84.4453,33.907],[-84.4459,33.9086],[-84.4467,33.9092],[-84.4468,33.9107],[-84.4464,33.9108],[-84.4464,33.9105],[-84.4424,33.9107],[-84.4422,33.9101]]],[[[-84.4385,33.9217],[-84.4381,33.9215],[-84.4391,33.919],[-84.4399,33.9176],[-84.4412,33.9165],[-84.4437,33.9151],[-84.4472,33.9122],[-84.448,33.9111],[-84.4486,33.9094],[-84.4486,33.9084],[-84.4482,33.9071],[-84.446,33.9053],[-84.4436,33.9019],[-84.4448,33.9015],[-84.4447,33.902],[-84.4453,33.9026],[-84.4473,33.9018],[-84.4471,33.9015],[-84.4478,33.9016],[-84.4485,33.9014],[-84.4462,33.9028],[-84.4452,33.9029],[-84.4461,33.9042],[-84.4472,33.9045],[-84.4475,33.9052],[-84.4488,33.9056],[-84.4496,33.9083],[-84.4501,33.9081],[-84.4519,33.9066],[-84.4538,33.9054],[-84.4554,33.9051],[-84.4563,33.9056],[-84.4511,33.9108],[-84.4498,33.9139],[-84.4491,33.9147],[-84.445,33.9168],[-84.4402,33.9206],[-84.4394,33.9218],[-84.4385,33.9217]]],[[[-84.4449,33.9031],[-84.4448,33.9031],[-84.4448,33.9032],[-84.4449,33.9031]]],[[[-84.4344,33.9376],[-84.434,33.9367],[-84.4343,33.9363],[-84.4338,33.935],[-84.4325,33.9333],[-84.4349,33.9333],[-84.4351,33.9297],[-84.4391,33.9297],[-84.4394,33.9221],[-84.4402,33.9209],[-84.4451,33.9169],[-84.4492,33.9148],[-84.45,33.9139],[-84.4513,33.9109],[-84.4565,33.9057],[-84.4569,33.9057],[-84.4584,33.9046],[-84.4583,33.9042],[-84.4589,33.9046],[-84.4587,33.9056],[-84.458,33.9062],[-84.4598,33.907],[-84.4591,33.9082],[-84.4594,33.91],[-84.4565,33.91],[-84.4547,33.9112],[-84.4546,33.9115],[-84.4539,33.9112],[-84.4532,33.9116],[-84.4532,33.9124],[-84.4543,33.9128],[-84.4534,33.9129],[-84.4527,33.9124],[-84.4525,33.9117],[-84.4508,33.9126],[-84.4509,33.9131],[-84.4505,33.914],[-84.4511,33.9143],[-84.4524,33.914],[-84.453,33.9146],[-84.452,33.9144],[-84.4511,33.9148],[-84.4504,33.9145],[-84.4498,33.9147],[-84.4496,33.9157],[-84.4498,33.9159],[-84.4496,33.9168],[-84.4503,33.9173],[-84.4512,33.9171],[-84.4512,33.9177],[-84.4529,33.9177],[-84.4555,33.9171],[-84.4563,33.9163],[-84.457,33.9163],[-84.4569,33.9187],[-84.4525,33.9187],[-84.4524,33.9225],[-84.448,33.9224],[-84.448,33.9261],[-84.4456,33.9261],[-84.4437,33.9274],[-84.4452,33.9295],[-84.4447,33.9311],[-84.4448,33.9332],[-84.4465,33.934],[-84.4472,33.9352],[-84.4469,33.9376],[-84.4456,33.9385],[-84.4435,33.9383],[-84.4421,33.9387],[-84.4398,33.94],[-84.4373,33.9409],[-84.4366,33.9418],[-84.4362,33.9415],[-84.4359,33.94],[-84.4353,33.9389],[-84.4352,33.9387],[-84.4354,33.9384],[-84.4344,33.9376]]],[[[-84.4058,33.944],[-84.4056,33.9439],[-84.4064,33.943],[-84.4108,33.9395],[-84.4166,33.9335],[-84.4178,33.9345],[-84.414,33.9391],[-84.4093,33.943],[-84.4066,33.9448],[-84.4058,33.944]]],[[[-84.4065,33.9461],[-84.4075,33.947],[-84.4095,33.9476],[-84.4045,33.9488],[-84.4044,33.9476],[-84.4065,33.9461]]],[[[-84.3851,33.9662],[-84.384,33.9658],[-84.3833,33.9652],[-84.3834,33.9641],[-84.3839,33.9631],[-84.3872,33.9603],[-84.3904,33.9567],[-84.3943,33.954],[-84.3983,33.9517],[-84.4024,33.9469],[-84.4044,33.945],[-84.4058,33.9452],[-84.4056,33.9446],[-84.4058,33.9448],[-84.4066,33.946],[-84.4044,33.9476],[-84.404,33.9474],[-84.4023,33.9483],[-84.4033,33.9498],[-84.4013,33.952],[-84.3986,33.9541],[-84.3984,33.9633],[-84.3937,33.9632],[-84.396,33.9607],[-84.392,33.9606],[-84.3908,33.9632],[-84.3869,33.9631],[-84.3865,33.9638],[-84.3862,33.9636],[-84.3853,33.965],[-84.3856,33.9651],[-84.3851,33.9662]]],[[[-84.3938,33.9594],[-84.3941,33.9592],[-84.3941,33.9594],[-84.3947,33.9593],[-84.3954,33.9589],[-84.3952,33.9586],[-84.3948,33.9583],[-84.3944,33.9584],[-84.3941,33.9586],[-84.3941,33.9591],[-84.3938,33.9594]]],[[[-84.2624,33.9719],[-84.2628,33.9717],[-84.2625,33.9713],[-84.2634,33.9711],[-84.264,33.9701],[-84.2668,33.9689],[-84.2679,33.9698],[-84.2693,33.9702],[-84.2696,33.9705],[-84.2696,33.9707],[-84.2691,33.9706],[-84.2692,33.9711],[-84.2686,33.9712],[-84.2681,33.972],[-84.2663,33.9718],[-84.2645,33.9724],[-84.264,33.9719],[-84.2625,33.9728],[-84.2621,33.9721],[-84.2624,33.9719]]],[[[-84.383,33.9922],[-84.3822,33.9917],[-84.3811,33.9917],[-84.3813,33.9911],[-84.3806,33.9903],[-84.3804,33.9892],[-84.3804,33.9884],[-84.3819,33.9872],[-84.3819,33.9864],[-84.3795,33.9884],[-84.3786,33.9881],[-84.377,33.9869],[-84.3768,33.986],[-84.3772,33.9849],[-84.3769,33.9847],[-84.3768,33.9842],[-84.377,33.9822],[-84.3775,33.9818],[-84.3769,33.9814],[-84.3769,33.9812],[-84.3772,33.981],[-84.3765,33.9807],[-84.3761,33.9798],[-84.3765,33.977],[-84.3768,33.9765],[-84.3778,33.9768],[-84.3771,33.9761],[-84.3772,33.9756],[-84.3789,33.9744],[-84.3807,33.9747],[-84.3826,33.9744],[-84.3842,33.9733],[-84.3853,33.9743],[-84.3854,33.974],[-84.3847,33.973],[-84.3849,33.9724],[-84.3854,33.9721],[-84.3873,33.9723],[-84.387,33.9743],[-84.3867,33.9743],[-84.3867,33.9746],[-84.3869,33.9746],[-84.3868,33.9756],[-84.3879,33.9748],[-84.3879,33.9745],[-84.3887,33.974],[-84.3904,33.974],[-84.3906,33.9743],[-84.3891,33.9743],[-84.3867,33.976],[-84.3858,33.9822],[-84.3845,33.9816],[-84.3837,33.9822],[-84.3833,33.9831],[-84.3837,33.9835],[-84.384,33.9833],[-84.3879,33.9838],[-84.384,33.9888],[-84.3834,33.9902],[-84.3834,33.9907],[-84.3838,33.9911],[-84.3862,33.9921],[-84.3865,33.9922],[-84.3864,33.9925],[-84.3846,33.9924],[-84.3837,33.9926],[-84.383,33.9922]]],[[[-84.3855,33.9924],[-84.3853,33.9918],[-84.3854,33.9923],[-84.3855,33.9924]]],[[[-84.3836,33.9851],[-84.3836,33.9849],[-84.3835,33.985],[-84.3836,33.9851]]],[[[-84.3233,33.9886],[-84.3241,33.9912],[-84.3241,33.9937],[-84.3247,33.9951],[-84.3244,33.9956],[-84.324,33.9953],[-84.3236,33.9943],[-84.323,33.9936],[-84.3231,33.9921],[-84.3234,33.9911],[-84.3233,33.9886]]],[[[-84.3307,33.9986],[-84.3307,33.9982],[-84.3297,33.9982],[-84.3279,33.9974],[-84.327,33.9978],[-84.3266,33.9973],[-84.3265,33.9962],[-84.3256,33.9955],[-84.3248,33.9941],[-84.3246,33.9934],[-84.325,33.9919],[-84.3249,33.9902],[-84.3242,33.9888],[-84.3241,33.9878],[-84.3232,33.9867],[-84.3254,33.9858],[-84.3256,33.9855],[-84.3279,33.9841],[-84.332,33.9902],[-84.3342,33.9942],[-84.334,33.9946],[-84.3326,33.9945],[-84.3324,33.994],[-84.333,33.9929],[-84.3327,33.9923],[-84.331,33.9915],[-84.3293,33.9902],[-84.3271,33.9903],[-84.3264,33.9892],[-84.3257,33.9887],[-84.3258,33.9881],[-84.3269,33.9874],[-84.3283,33.987],[-84.3283,33.9864],[-84.3279,33.9863],[-84.3267,33.9867],[-84.3251,33.9862],[-84.3244,33.9864],[-84.325,33.9863],[-84.3264,33.9867],[-84.3258,33.9871],[-84.3279,33.9864],[-84.3282,33.9865],[-84.3282,33.987],[-84.3268,33.9873],[-84.3256,33.9881],[-84.3256,33.9887],[-84.3263,33.9892],[-84.327,33.9903],[-84.3293,33.9903],[-84.3309,33.9916],[-84.3325,33.9923],[-84.3328,33.993],[-84.3323,33.9939],[-84.3323,33.9943],[-84.3327,33.9947],[-84.334,33.9947],[-84.3339,33.9957],[-84.3326,33.9965],[-84.3315,33.9981],[-84.3307,33.9986]]],[[[-84.3244,33.9962],[-84.3273,33.9998],[-84.3258,33.9989],[-84.3244,33.9962]]],[[[-84.3502,34.0047],[-84.3503,34.0059],[-84.35,34.0062],[-84.3492,34.0054],[-84.3494,34.005],[-84.3502,34.0047]]],[[[-84.3567,34.0104],[-84.3553,34.0105],[-84.3543,34.0102],[-84.3528,34.0082],[-84.3501,34.0064],[-84.3508,34.0062],[-84.3556,34.0089],[-84.3552,34.0097],[-84.3563,34.0097],[-84.3568,34.0089],[-84.3574,34.0088],[-84.3575,34.0107],[-84.3567,34.0104]]],[[[-84.3349,33.9982],[-84.3353,33.9982],[-84.3351,33.9986],[-84.3334,34.0009],[-84.334,34.0026],[-84.3348,34.0035],[-84.3355,34.0039],[-84.3353,34.0048],[-84.3344,34.0062],[-84.3342,34.007],[-84.3329,34.0089],[-84.3322,34.0057],[-84.3313,34.0035],[-84.3303,34.0019],[-84.3294,34.0012],[-84.3333,33.9994],[-84.3327,33.9984],[-84.3349,33.9982]]],[[[-84.3318,34.0083],[-84.3325,34.0098],[-84.3323,34.0101],[-84.3307,34.0092],[-84.33,34.0083],[-84.3318,34.0083]]],[[[-84.204,33.9926],[-84.2051,33.9922],[-84.2053,33.9917],[-84.2054,33.9909],[-84.205,33.9899],[-84.2045,33.9895],[-84.2051,33.9886],[-84.2066,33.9906],[-84.2066,33.9919],[-84.2073,33.9922],[-84.2068,33.9931],[-84.2066,33.9929],[-84.2048,33.9953],[-84.2023,33.9968],[-84.202,33.996],[-84.2019,33.9943],[-84.2028,33.9932],[-84.204,33.9926]]],[[[-84.2555,34.002],[-84.2538,34.0023],[-84.2527,34.0018],[-84.2524,34.0013],[-84.2505,34.0008],[-84.2481,33.9994],[-84.2443,34.0001],[-84.2441,33.9996],[-84.2482,33.9986],[-84.2496,33.9976],[-84.2501,33.9965],[-84.2509,33.9965],[-84.2508,33.9914],[-84.2522,33.9899],[-84.2537,33.9873],[-84.2544,33.9866],[-84.2556,33.9862],[-84.2574,33.9865],[-84.2601,33.9879],[-84.2601,33.9895],[-84.2594,33.9901],[-84.259,33.9911],[-84.2577,33.99],[-84.2573,33.9892],[-84.2569,33.9891],[-84.2561,33.9896],[-84.2553,33.9897],[-84.2546,33.9892],[-84.2542,33.9891],[-84.2538,33.9901],[-84.2534,33.9899],[-84.2542,33.9904],[-84.2547,33.9912],[-84.2541,33.9946],[-84.2534,33.9961],[-84.2524,33.9971],[-84.2523,33.9983],[-84.2516,33.9983],[-84.2515,33.9968],[-84.2508,33.9968],[-84.2508,33.9972],[-84.2515,33.9972],[-84.2515,33.9983],[-84.2508,33.9991],[-84.2508,34.0003],[-84.2538,34.0003],[-84.2525,34.0012],[-84.2527,34.0016],[-84.254,34.0022],[-84.2555,34.0019],[-84.2557,34.0022],[-84.2554,34.0028],[-84.2555,34.002]]],[[[-84.2499,34.0002],[-84.2496,33.9998],[-84.2485,33.9993],[-84.2483,33.9994],[-84.2498,34.0003],[-84.2508,34.0008],[-84.2499,34.0002]]],[[[-84.2349,34.0025],[-84.2345,34.0019],[-84.2364,34.0013],[-84.2385,34.0001],[-84.2402,34.0002],[-84.244,33.9996],[-84.2442,33.9998],[-84.2443,34.0001],[-84.2413,34.0005],[-84.2411,34.0019],[-84.2387,34.0034],[-84.2371,34.0027],[-84.2359,34.0034],[-84.2349,34.0025]]],[[[-84.3444,34.018],[-84.3424,34.0163],[-84.3431,34.0152],[-84.3432,34.014],[-84.3458,34.0141],[-84.3459,34.0103],[-84.3518,34.0104],[-84.3491,34.0068],[-84.35,34.0065],[-84.351,34.0074],[-84.3525,34.0081],[-84.3531,34.0087],[-84.3543,34.0103],[-84.3553,34.0106],[-84.3567,34.0105],[-84.3582,34.011],[-84.3598,34.0117],[-84.3603,34.0125],[-84.3598,34.0129],[-84.3581,34.0132],[-84.3567,34.013],[-84.3552,34.0133],[-84.3549,34.013],[-84.3533,34.0135],[-84.3529,34.014],[-84.3533,34.015],[-84.3538,34.0153],[-84.3555,34.0161],[-84.3573,34.0162],[-84.358,34.0165],[-84.3576,34.0166],[-84.3517,34.0175],[-84.3487,34.0177],[-84.3484,34.018],[-84.3461,34.0182],[-84.3451,34.018],[-84.3447,34.0182],[-84.3444,34.018]]],[[[-84.1687,34.0258],[-84.1671,34.0265],[-84.1659,34.0255],[-84.1675,34.024],[-84.1676,34.0242],[-84.1752,34.0205],[-84.1737,34.0235],[-84.17,34.0276],[-84.1687,34.0258]]],[[[-84.1595,34.0285],[-84.1652,34.0254],[-84.1669,34.0269],[-84.1678,34.0285],[-84.1659,34.0285],[-84.1627,34.0292],[-84.1615,34.0295],[-84.1595,34.0308],[-84.1583,34.0291],[-84.1595,34.0285]]],[[[-84.1614,34.0321],[-84.1615,34.0319],[-84.1596,34.0319],[-84.1573,34.0329],[-84.1572,34.0345],[-84.153,34.0345],[-84.153,34.031],[-84.1543,34.0314],[-84.1567,34.0329],[-84.1575,34.0327],[-84.1622,34.0298],[-84.1654,34.0291],[-84.1679,34.0289],[-84.1687,34.0309],[-84.1645,34.0316],[-84.1644,34.0312],[-84.163,34.0313],[-84.1637,34.0346],[-84.1622,34.0374],[-84.1607,34.0352],[-84.1614,34.0321]]],[[[-84.1222,34.033],[-84.1224,34.0322],[-84.1218,34.0277],[-84.1253,34.0261],[-84.1292,34.0252],[-84.1309,34.031],[-84.1318,34.0309],[-84.1321,34.0318],[-84.1304,34.0325],[-84.1273,34.0331],[-84.1233,34.033],[-84.1224,34.0335],[-84.1222,34.033]]],[[[-84.1393,34.037],[-84.1386,34.0369],[-84.1385,34.031],[-84.14,34.0306],[-84.1398,34.0309],[-84.1412,34.0302],[-84.1411,34.038],[-84.1409,34.0389],[-84.1412,34.0428],[-84.1411,34.0429],[-84.1405,34.0394],[-84.141,34.0376],[-84.1406,34.0373],[-84.1393,34.037]]],[[[-84.0981,34.0504],[-84.0978,34.0501],[-84.0987,34.0491],[-84.101,34.0473],[-84.102,34.047],[-84.1044,34.0466],[-84.1056,34.0462],[-84.112,34.0422],[-84.1145,34.0398],[-84.1155,34.0377],[-84.1162,34.0368],[-84.1176,34.0368],[-84.1175,34.0386],[-84.1219,34.0386],[-84.1219,34.0404],[-84.1175,34.0404],[-84.1176,34.0442],[-84.1154,34.0441],[-84.1134,34.0432],[-84.107,34.0472],[-84.1036,34.0483],[-84.1035,34.0506],[-84.0981,34.0504]]],[[[-84.099,34.0511],[-84.0992,34.0517],[-84.0989,34.0518],[-84.0983,34.0513],[-84.099,34.0511]]],[[[-84.1084,34.0767],[-84.1082,34.0751],[-84.1092,34.0744],[-84.1094,34.0751],[-84.1112,34.0768],[-84.1124,34.0768],[-84.1148,34.0732],[-84.1149,34.0728],[-84.1147,34.0728],[-84.115,34.0723],[-84.1147,34.072],[-84.1162,34.0691],[-84.1164,34.0683],[-84.1161,34.0677],[-84.1167,34.0672],[-84.1161,34.0668],[-84.1161,34.0662],[-84.1141,34.0656],[-84.112,34.0642],[-84.1113,34.0635],[-84.11,34.0641],[-84.1075,34.0591],[-84.1057,34.0577],[-84.1047,34.0564],[-84.1005,34.0584],[-84.1003,34.0582],[-84.1005,34.0581],[-84.1,34.0578],[-84.1002,34.0575],[-84.0999,34.0571],[-84.0991,34.0561],[-84.0984,34.056],[-84.0987,34.0546],[-84.0992,34.0545],[-84.1,34.055],[-84.1007,34.0536],[-84.1037,34.0538],[-84.1054,34.0545],[-84.1067,34.0554],[-84.1084,34.0573],[-84.109,34.059],[-84.11,34.0607],[-84.1104,34.062],[-84.112,34.0638],[-84.1148,34.0656],[-84.1156,34.0658],[-84.1173,34.0654],[-84.1176,34.0658],[-84.1176,34.0673],[-84.1169,34.0697],[-84.1152,34.0733],[-84.1139,34.0754],[-84.113,34.0765],[-84.1129,34.0778],[-84.1083,34.0783],[-84.1084,34.0767]]],[[[-84.0996,34.0809],[-84.1007,34.08],[-84.1008,34.0793],[-84.1025,34.0792],[-84.103,34.079],[-84.1033,34.0767],[-84.1039,34.0769],[-84.104,34.0777],[-84.1051,34.0787],[-84.1045,34.079],[-84.1037,34.079],[-84.1032,34.0797],[-84.1021,34.0804],[-84.1021,34.081],[-84.1017,34.0812],[-84.1013,34.0813],[-84.1006,34.0807],[-84.0995,34.0814],[-84.0994,34.0811],[-84.0996,34.0809]]],[[[-84.1107,34.0961],[-84.1119,34.0962],[-84.1118,34.0969],[-84.1109,34.0979],[-84.1106,34.0979],[-84.1109,34.0972],[-84.1107,34.0961]]],[[[-84.1007,34.1056],[-84.1001,34.1054],[-84.1007,34.1039],[-84.1001,34.103],[-84.0991,34.1028],[-84.1063,34.0975],[-84.105,34.0973],[-84.1039,34.0966],[-84.1023,34.0942],[-84.1001,34.0923],[-84.0976,34.0921],[-84.1003,34.0923],[-84.1009,34.0928],[-84.1025,34.0932],[-84.1071,34.0953],[-84.1084,34.095],[-84.1094,34.0945],[-84.1092,34.0935],[-84.1094,34.0921],[-84.1104,34.0902],[-84.1124,34.0875],[-84.1132,34.0857],[-84.1132,34.0804],[-84.1129,34.0787],[-84.1131,34.0787],[-84.1135,34.0804],[-84.1134,34.0857],[-84.1126,34.0876],[-84.1101,34.0912],[-84.1096,34.0925],[-84.1095,34.0934],[-84.1101,34.097],[-84.1099,34.0978],[-84.1095,34.0983],[-84.1099,34.0985],[-84.1096,34.0989],[-84.1068,34.1003],[-84.1057,34.1018],[-84.1048,34.1027],[-84.1024,34.104],[-84.1019,34.1046],[-84.1015,34.1057],[-84.1007,34.1056]]],[[[-84.0928,34.1253],[-84.092,34.1248],[-84.0924,34.1239],[-84.0917,34.1238],[-84.0906,34.124],[-84.0913,34.1231],[-84.0916,34.1233],[-84.0924,34.1224],[-84.0918,34.122],[-84.0943,34.1191],[-84.0939,34.1189],[-84.0949,34.1191],[-84.0952,34.1186],[-84.0952,34.118],[-84.094,34.1172],[-84.0954,34.1169],[-84.0955,34.1153],[-84.0961,34.1166],[-84.0969,34.1164],[-84.0983,34.1172],[-84.0989,34.1163],[-84.0992,34.1163],[-84.0998,34.1157],[-84.1,34.1136],[-84.1007,34.1132],[-84.1007,34.1124],[-84.1009,34.1119],[-84.1001,34.1117],[-84.0993,34.1127],[-84.0989,34.1126],[-84.0981,34.1103],[-84.0975,34.1097],[-84.0975,34.1094],[-84.0981,34.1095],[-84.0993,34.1113],[-84.1017,34.112],[-84.1014,34.116],[-84.1007,34.117],[-84.0992,34.1174],[-84.0976,34.1188],[-84.0973,34.1198],[-84.0975,34.1222],[-84.0973,34.1227],[-84.0967,34.1232],[-84.0947,34.1238],[-84.0941,34.1243],[-84.0933,34.1254],[-84.0928,34.1253]]],[[[-84.0983,34.1267],[-84.0975,34.1267],[-84.0948,34.1246],[-84.0972,34.1236],[-84.0982,34.1227],[-84.098,34.1243],[-84.0976,34.1247],[-84.0979,34.1253],[-84.1013,34.1255],[-84.1022,34.1251],[-84.1027,34.1253],[-84.1016,34.1266],[-84.1009,34.1271],[-84.0999,34.1272],[-84.0983,34.1267]]],[[[-84.0951,34.1314],[-84.0945,34.1298],[-84.094,34.1293],[-84.0936,34.1275],[-84.0937,34.1278],[-84.095,34.128],[-84.0956,34.1284],[-84.0958,34.1292],[-84.0962,34.1296],[-84.0967,34.1295],[-84.0962,34.1298],[-84.0967,34.1304],[-84.0969,34.1314],[-84.0951,34.1314]]],[[[-84.0848,34.1441],[-84.085,34.1441],[-84.0856,34.1457],[-84.0862,34.1462],[-84.0863,34.1468],[-84.0854,34.1486],[-84.0836,34.1501],[-84.0819,34.1525],[-84.082,34.1504],[-84.0841,34.1477],[-84.0848,34.1441]]],[[[-84.0729,34.152],[-84.073,34.1512],[-84.0722,34.15],[-84.0736,34.1494],[-84.0754,34.152],[-84.0781,34.1507],[-84.0741,34.1449],[-84.0757,34.1441],[-84.076,34.1429],[-84.0783,34.1415],[-84.0795,34.1411],[-84.0793,34.1404],[-84.0796,34.1398],[-84.0802,34.1388],[-84.0814,34.1382],[-84.0817,34.1375],[-84.0808,34.1361],[-84.0797,34.136],[-84.0787,34.1352],[-84.0774,34.1349],[-84.0741,34.1351],[-84.0729,34.1336],[-84.0707,34.1331],[-84.0703,34.1327],[-84.0706,34.1323],[-84.071,34.1325],[-84.072,34.1325],[-84.0728,34.1321],[-84.0759,34.1323],[-84.0784,34.1322],[-84.078,34.1324],[-84.0788,34.1336],[-84.0805,34.1337],[-84.0812,34.1341],[-84.0812,34.1346],[-84.0818,34.1351],[-84.0826,34.1349],[-84.0835,34.1321],[-84.084,34.1319],[-84.0847,34.1324],[-84.0867,34.1318],[-84.0878,34.1326],[-84.0887,34.1338],[-84.0899,34.1332],[-84.0913,34.1318],[-84.0912,34.1299],[-84.0893,34.1302],[-84.0873,34.1274],[-84.0878,34.1268],[-84.0883,34.127],[-84.09,34.125],[-84.091,34.125],[-84.093,34.1262],[-84.0929,34.1281],[-84.0931,34.1289],[-84.0935,34.1304],[-84.0944,34.1311],[-84.0945,34.1321],[-84.0921,34.1334],[-84.0906,34.1349],[-84.088,34.139],[-84.0854,34.1418],[-84.0845,34.1434],[-84.0837,34.1474],[-84.0829,34.1487],[-84.0815,34.1502],[-84.0815,34.1521],[-84.079,34.1557],[-84.0787,34.1559],[-84.0717,34.1538],[-84.074,34.1527],[-84.0729,34.1523],[-84.0729,34.152]]],[[[-84.0828,34.1521],[-84.0839,34.1504],[-84.0854,34.1493],[-84.0863,34.1481],[-84.0869,34.1461],[-84.0864,34.1456],[-84.0855,34.1439],[-84.0856,34.1432],[-84.0862,34.1419],[-84.0881,34.1401],[-84.0892,34.1385],[-84.093,34.1404],[-84.0919,34.141],[-84.0918,34.1418],[-84.0948,34.142],[-84.0952,34.1423],[-84.0958,34.1437],[-84.0955,34.1437],[-84.0954,34.1432],[-84.094,34.1434],[-84.0941,34.1439],[-84.0917,34.145],[-84.0917,34.1446],[-84.0867,34.1427],[-84.0864,34.1438],[-84.0877,34.1459],[-84.0878,34.1465],[-84.0866,34.1491],[-84.0848,34.1507],[-84.0837,34.1521],[-84.0842,34.1517],[-84.0866,34.1517],[-84.0865,34.1558],[-84.0839,34.1557],[-84.0838,34.1595],[-84.0794,34.1595],[-84.0794,34.1563],[-84.0824,34.1529],[-84.0828,34.1521]]]]},"properties":{"id":"usgs-pad-us-fee-managers:3469","name":"Chattahoochee River National Recreation Area","kind":"land","category":"public-land","sourceCategory":"public-land","sourceId":"usgs-pad-us-fee-managers","sourceUrl":"https://services.arcgis.com/v01gqwM5QqNysAAi/arcgis/rest/services/Fee_Managers_PADUS/FeatureServer/0","sourceUpdated":"2022-01-01T05:00:00.000Z","publicUse":"PAD-US reports open access; verify current manager conditions and restrictions.","unit":"NPS","origin":"public-catalog"}},{"type":"Feature","id":"usgs-pad-us-fee-managers:3580","geometry":{"type":"Polygon","coordinates":[[[-83.0945,31.035],[-83.0935,31.035],[-83.0935,31.0341],[-83.0917,31.0332],[-83.0886,31.0331],[-83.0899,31.0318],[-83.089,31.0311],[-83.0884,31.0311],[-83.0877,31.0316],[-83.0868,31.0312],[-83.0846,31.031],[-83.0823,31.0317],[-83.0812,31.0322],[-83.0787,31.0322],[-83.0784,31.0323],[-83.078,31.0333],[-83.0775,31.0337],[-83.0768,31.0333],[-83.0768,31.0323],[-83.0763,31.0322],[-83.0746,31.0334],[-83.0727,31.0321],[-83.0735,31.032],[-83.0746,31.0312],[-83.0758,31.0314],[-83.0771,31.0312],[-83.0773,31.0307],[-83.0761,31.0282],[-83.0752,31.0284],[-83.075,31.0301],[-83.0743,31.0301],[-83.074,31.0294],[-83.0743,31.0283],[-83.0741,31.0278],[-83.0733,31.0272],[-83.0719,31.027],[-83.0719,31.0266],[-83.0961,31.0262],[-83.0962,31.0194],[-83.0957,31.0195],[-83.0961,31.0186],[-83.0949,31.018],[-83.0942,31.0172],[-83.0929,31.0165],[-83.093,31.0159],[-83.0934,31.0158],[-83.0938,31.0158],[-83.0946,31.0162],[-83.0961,31.0179],[-83.0962,31.0163],[-83.0968,31.0157],[-83.097,31.0172],[-83.0966,31.0187],[-83.0969,31.0192],[-83.1004,31.0188],[-83.1006,31.0186],[-83.1004,31.0177],[-83.1007,31.0168],[-83.1014,31.0165],[-83.1025,31.0166],[-83.103,31.0163],[-83.104,31.0153],[-83.1049,31.0138],[-83.1319,31.0141],[-83.1632,31.0134],[-83.1635,31.0255],[-83.1365,31.026],[-83.1367,31.0337],[-83.1352,31.0331],[-83.1336,31.0327],[-83.1326,31.0316],[-83.1317,31.0317],[-83.1315,31.0314],[-83.1305,31.031],[-83.13,31.0313],[-83.1299,31.032],[-83.1308,31.0319],[-83.1312,31.0323],[-83.1321,31.0325],[-83.1326,31.0331],[-83.1323,31.0333],[-83.1315,31.0333],[-83.1304,31.0327],[-83.1298,31.0328],[-83.1295,31.0323],[-83.1279,31.0316],[-83.128,31.0313],[-83.1286,31.0312],[-83.1286,31.0309],[-83.1277,31.0307],[-83.1273,31.0304],[-83.1263,31.0305],[-83.1263,31.0302],[-83.1232,31.0298],[-83.1222,31.0295],[-83.1206,31.0283],[-83.1198,31.0268],[-83.1198,31.026],[-83.1128,31.0262],[-83.1128,31.027],[-83.1134,31.0277],[-83.1166,31.0276],[-83.117,31.0278],[-83.1175,31.0289],[-83.1164,31.0299],[-83.1158,31.0298],[-83.1155,31.029],[-83.1143,31.0292],[-83.1131,31.0312],[-83.1125,31.0314],[-83.1125,31.0318],[-83.1063,31.0331],[-83.1061,31.0324],[-83.1054,31.0326],[-83.1046,31.0334],[-83.1023,31.0343],[-83.1024,31.0346],[-83.0986,31.035],[-83.0945,31.0367],[-83.0945,31.035]]]},"properties":{"id":"usgs-pad-us-fee-managers:3580","name":"Banks Lake National Wildlife Refuge","kind":"land","category":"public-land","sourceCategory":"public-land","sourceId":"usgs-pad-us-fee-managers","sourceUrl":"https://services.arcgis.com/v01gqwM5QqNysAAi/arcgis/rest/services/Fee_Managers_PADUS/FeatureServer/0","sourceUpdated":"2021-01-28T05:00:00.000Z","publicUse":"PAD-US reports restricted access; confirm permits and seasonal rules with the manager.","unit":"FWS","origin":"public-catalog"}},{"type":"Feature","id":"usgs-pad-us-fee-managers:3615","geometry":{"type":"MultiPolygon","coordinates":[[[[-81.2193,31.4948],[-81.2181,31.4948],[-81.2174,31.4943],[-81.2134,31.4906],[-81.2122,31.4899],[-81.2083,31.4865],[-81.2072,31.4845],[-81.2079,31.4839],[-81.209,31.4839],[-81.2117,31.4849],[-81.2142,31.4853],[-81.2151,31.4856],[-81.2176,31.4858],[-81.2182,31.4857],[-81.2183,31.4863],[-81.2191,31.4867],[-81.2205,31.4861],[-81.2206,31.4863],[-81.2202,31.4872],[-81.2205,31.488],[-81.2194,31.4884],[-81.2193,31.4889],[-81.2197,31.4891],[-81.2208,31.4891],[-81.221,31.4898],[-81.2201,31.4897],[-81.2198,31.4901],[-81.2206,31.4907],[-81.2215,31.4905],[-81.2211,31.491],[-81.2215,31.4908],[-81.2216,31.4904],[-81.2206,31.4906],[-81.22,31.4899],[-81.2211,31.4899],[-81.221,31.4892],[-81.2206,31.4889],[-81.2195,31.4889],[-81.2195,31.4887],[-81.2204,31.4885],[-81.2207,31.4882],[-81.2205,31.4871],[-81.2209,31.4866],[-81.2209,31.486],[-81.2201,31.4859],[-81.2188,31.4863],[-81.2185,31.4859],[-81.2185,31.4856],[-81.2196,31.4847],[-81.2198,31.484],[-81.2198,31.4813],[-81.2202,31.4792],[-81.2208,31.4781],[-81.2217,31.4778],[-81.2253,31.4742],[-81.2265,31.4738],[-81.2242,31.4782],[-81.2242,31.4798],[-81.2229,31.4804],[-81.2218,31.4828],[-81.2225,31.4844],[-81.2237,31.4826],[-81.2242,31.484],[-81.2243,31.4869],[-81.225,31.4879],[-81.2245,31.4906],[-81.2249,31.4916],[-81.2241,31.493],[-81.2236,31.4965],[-81.2228,31.4959],[-81.2193,31.4948]]],[[[-81.2181,31.5168],[-81.2167,31.5138],[-81.2149,31.5125],[-81.2126,31.5119],[-81.2128,31.5113],[-81.2148,31.5094],[-81.2156,31.5071],[-81.219,31.5056],[-81.22,31.5047],[-81.2203,31.5042],[-81.2222,31.5035],[-81.2226,31.501],[-81.2228,31.501],[-81.2243,31.5024],[-81.2256,31.5023],[-81.2259,31.5016],[-81.2272,31.5],[-81.2274,31.499],[-81.2291,31.4992],[-81.2295,31.4995],[-81.2298,31.5005],[-81.2311,31.5005],[-81.2314,31.5009],[-81.2315,31.5007],[-81.2313,31.5003],[-81.2301,31.5004],[-81.2295,31.4992],[-81.2303,31.4993],[-81.2312,31.4991],[-81.2313,31.4994],[-81.2323,31.4999],[-81.2332,31.5001],[-81.2334,31.5004],[-81.2334,31.5021],[-81.2317,31.5056],[-81.2307,31.506],[-81.2297,31.506],[-81.2272,31.5077],[-81.2286,31.5087],[-81.229,31.5101],[-81.2297,31.5107],[-81.2297,31.511],[-81.2287,31.511],[-81.2291,31.5117],[-81.2272,31.5121],[-81.2256,31.5134],[-81.2247,31.5133],[-81.2245,31.5128],[-81.2254,31.5129],[-81.2257,31.5126],[-81.2254,31.5122],[-81.2246,31.5121],[-81.2253,31.5126],[-81.2242,31.5127],[-81.2247,31.5142],[-81.2239,31.5144],[-81.2235,31.5152],[-81.224,31.5144],[-81.2248,31.5143],[-81.2248,31.5137],[-81.2258,31.5137],[-81.2272,31.5124],[-81.23,31.5119],[-81.2291,31.5149],[-81.2296,31.5159],[-81.2308,31.5169],[-81.2309,31.5173],[-81.2298,31.5175],[-81.229,31.5179],[-81.2281,31.5195],[-81.2278,31.519],[-81.2278,31.5168],[-81.2273,31.5163],[-81.2269,31.5163],[-81.2263,31.5167],[-81.2249,31.5185],[-81.2235,31.5194],[-81.2228,31.5204],[-81.2226,31.5202],[-81.2228,31.5196],[-81.2227,31.5187],[-81.2223,31.5173],[-81.2215,31.5168],[-81.2206,31.517],[-81.2199,31.5177],[-81.2196,31.5188],[-81.2205,31.5221],[-81.2202,31.5219],[-81.22,31.521],[-81.2187,31.5188],[-81.2181,31.5168]]],[[[-81.1968,31.5361],[-81.1962,31.5362],[-81.1961,31.5356],[-81.1949,31.5354],[-81.1948,31.5351],[-81.1941,31.5347],[-81.1939,31.5349],[-81.1924,31.534],[-81.1881,31.5306],[-81.1875,31.5305],[-81.1852,31.5282],[-81.1837,31.5271],[-81.1788,31.5205],[-81.1783,31.5203],[-81.1768,31.5177],[-81.1756,31.5168],[-81.176,31.5162],[-81.1802,31.5131],[-81.1833,31.5112],[-81.1853,31.5096],[-81.1878,31.5072],[-81.1901,31.5042],[-81.1934,31.4985],[-81.2018,31.4799],[-81.2038,31.4764],[-81.208,31.4704],[-81.2108,31.4671],[-81.2191,31.4592],[-81.2231,31.4549],[-81.2252,31.4524],[-81.2271,31.4495],[-81.2295,31.4478],[-81.2318,31.4475],[-81.2323,31.4481],[-81.2324,31.4491],[-81.2295,31.4528],[-81.2286,31.4535],[-81.2257,31.4544],[-81.2232,31.4557],[-81.2219,31.4571],[-81.2212,31.4583],[-81.2209,31.4595],[-81.2209,31.4609],[-81.2218,31.4633],[-81.2229,31.4648],[-81.2267,31.4678],[-81.2281,31.4695],[-81.2273,31.4709],[-81.2242,31.4737],[-81.2231,31.475],[-81.2215,31.4754],[-81.2196,31.4774],[-81.2192,31.4785],[-81.2183,31.4826],[-81.2188,31.4843],[-81.2184,31.4846],[-81.2169,31.4846],[-81.215,31.4843],[-81.2121,31.4835],[-81.2089,31.4832],[-81.2072,31.4837],[-81.2063,31.4848],[-81.2066,31.4859],[-81.2075,31.4872],[-81.2165,31.4947],[-81.2184,31.4954],[-81.2184,31.4951],[-81.2193,31.495],[-81.2212,31.4959],[-81.2226,31.4962],[-81.2233,31.4967],[-81.2242,31.4982],[-81.227,31.4993],[-81.2263,31.5007],[-81.2249,31.502],[-81.2243,31.5019],[-81.223,31.5006],[-81.2223,31.5008],[-81.2219,31.5014],[-81.2218,31.5032],[-81.22,31.5038],[-81.2188,31.5053],[-81.2153,31.5067],[-81.2149,31.5074],[-81.2144,31.5089],[-81.2124,31.5108],[-81.2119,31.5116],[-81.212,31.5122],[-81.2127,31.5126],[-81.215,31.5131],[-81.2163,31.5142],[-81.2194,31.522],[-81.2192,31.5224],[-81.2163,31.5242],[-81.2147,31.5256],[-81.2147,31.526],[-81.2137,31.5268],[-81.2139,31.5273],[-81.2137,31.5274],[-81.2138,31.5279],[-81.2135,31.5279],[-81.2133,31.5284],[-81.2118,31.5293],[-81.2116,31.5302],[-81.2106,31.5304],[-81.2106,31.5307],[-81.2103,31.5305],[-81.21,31.5307],[-81.2101,31.5312],[-81.2098,31.5316],[-81.2085,31.5313],[-81.2062,31.5321],[-81.206,31.5327],[-81.205,31.5332],[-81.2052,31.5334],[-81.2046,31.5338],[-81.2046,31.5341],[-81.2052,31.534],[-81.2044,31.5344],[-81.204,31.5352],[-81.2035,31.5356],[-81.2001,31.5366],[-81.1968,31.5361]]],[[[-81.2232,31.4965],[-81.223,31.4964],[-81.2232,31.4966],[-81.2232,31.4965]]]]},"properties":{"id":"usgs-pad-us-fee-managers:3615","name":"Blackbeard Island National Wildlife Refuge","kind":"land","category":"public-land","sourceCategory":"public-land","sourceId":"usgs-pad-us-fee-managers","sourceUrl":"https://services.arcgis.com/v01gqwM5QqNysAAi/arcgis/rest/services/Fee_Managers_PADUS/FeatureServer/0","sourceUpdated":"2021-01-28T05:00:00.000Z","publicUse":"PAD-US reports restricted access; confirm permits and seasonal rules with the manager.","unit":"FWS","origin":"public-catalog"}},{"type":"Feature","id":"usgs-pad-us-fee-managers:3621","geometry":{"type":"Polygon","coordinates":[[[-81.9583,32.8837],[-81.9574,32.8833],[-81.9574,32.8823],[-81.9572,32.8819],[-81.9575,32.8815],[-81.9575,32.8807],[-81.9581,32.8805],[-81.9578,32.8791],[-81.9585,32.8775],[-81.9588,32.8776],[-81.9595,32.8766],[-81.9605,32.8758],[-81.9622,32.8755],[-81.9647,32.8853],[-81.959,32.8854],[-81.9586,32.8839],[-81.9583,32.8837]]]},"properties":{"id":"usgs-pad-us-fee-managers:3621","name":"Bo Ginn National Fish Hatchery And Aquarium","kind":"land","category":"public-land","sourceCategory":"public-land","sourceId":"usgs-pad-us-fee-managers","sourceUrl":"https://services.arcgis.com/v01gqwM5QqNysAAi/arcgis/rest/services/Fee_Managers_PADUS/FeatureServer/0","sourceUpdated":"2021-01-28T05:00:00.000Z","publicUse":"PAD-US reports restricted access; confirm permits and seasonal rules with the manager.","unit":"FWS","origin":"public-catalog"}},{"type":"Feature","id":"usgs-pad-us-fee-managers:3627","geometry":{"type":"MultiPolygon","coordinates":[[[[-83.598,32.7077],[-83.5993,32.7088],[-83.5978,32.7101],[-83.598,32.7077]]],[[[-83.5755,32.7176],[-83.5924,32.7031],[-83.5977,32.7074],[-83.5975,32.71],[-83.5889,32.7174],[-83.585,32.7178],[-83.5831,32.7176],[-83.5822,32.7169],[-83.5814,32.7159],[-83.5806,32.7164],[-83.5772,32.717],[-83.576,32.7176],[-83.5755,32.7176]]],[[[-83.5996,32.7202],[-83.5991,32.7193],[-83.5995,32.7184],[-83.6004,32.7188],[-83.6006,32.7199],[-83.6013,32.7204],[-83.6041,32.7189],[-83.6045,32.7179],[-83.6044,32.7175],[-83.6039,32.7171],[-83.6027,32.7172],[-83.6017,32.7179],[-83.6012,32.7179],[-83.6009,32.7176],[-83.6004,32.7171],[-83.6004,32.7166],[-83.6013,32.7159],[-83.6016,32.7153],[-83.6015,32.7149],[-83.6006,32.714],[-83.5987,32.7134],[-83.5983,32.7138],[-83.5983,32.7145],[-83.598,32.7147],[-83.5975,32.7147],[-83.5971,32.7142],[-83.597,32.7133],[-83.5973,32.7125],[-83.5988,32.7122],[-83.5993,32.7119],[-83.5994,32.7113],[-83.5989,32.7107],[-83.5989,32.7102],[-83.6007,32.7087],[-83.6006,32.708],[-83.6,32.7075],[-83.6004,32.7063],[-83.6001,32.7043],[-83.6019,32.703],[-83.6024,32.7017],[-83.6032,32.7016],[-83.6043,32.7022],[-83.605,32.7022],[-83.6051,32.7019],[-83.6047,32.7011],[-83.6036,32.7003],[-83.6027,32.7002],[-83.6027,32.6999],[-83.6032,32.6997],[-83.604,32.7],[-83.606,32.7017],[-83.6065,32.7018],[-83.6073,32.7017],[-83.6086,32.6998],[-83.6114,32.6996],[-83.6117,32.7081],[-83.6193,32.7081],[-83.6196,32.71],[-83.6196,32.7164],[-83.6214,32.7165],[-83.6211,32.7171],[-83.6214,32.7172],[-83.6214,32.7181],[-83.6189,32.7181],[-83.619,32.7228],[-83.5995,32.7222],[-83.6007,32.7213],[-83.6005,32.7206],[-83.5996,32.7202]]],[[[-83.6107,32.7202],[-83.6098,32.7118],[-83.6054,32.7121],[-83.6063,32.7206],[-83.6107,32.7202]]],[[[-83.6166,32.7407],[-83.6168,32.7406],[-83.6161,32.7382],[-83.6169,32.7379],[-83.6168,32.7377],[-83.6149,32.7355],[-83.6145,32.7344],[-83.613,32.7327],[-83.6132,32.7321],[-83.6115,32.7317],[-83.6114,32.7312],[-83.6117,32.731],[-83.6113,32.7304],[-83.6114,32.73],[-83.6108,32.7297],[-83.6109,32.7292],[-83.609,32.7279],[-83.6083,32.7278],[-83.6083,32.7269],[-83.6245,32.7269],[-83.6265,32.7271],[-83.631,32.7269],[-83.6309,32.7318],[-83.6313,32.7321],[-83.6358,32.7321],[-83.6358,32.7365],[-83.6213,32.7364],[-83.6212,32.7409],[-83.6162,32.7409],[-83.6166,32.7407]]],[[[-83.5596,32.7543],[-83.561,32.7531],[-83.5611,32.7572],[-83.5586,32.7551],[-83.5596,32.7543]]],[[[-83.5507,32.7525],[-83.5362,32.7274],[-83.5378,32.7262],[-83.5492,32.7359],[-83.5569,32.7324],[-83.5579,32.7317],[-83.5616,32.7348],[-83.5615,32.7366],[-83.5606,32.7366],[-83.5606,32.7375],[-83.5618,32.7375],[-83.5618,32.7385],[-83.5613,32.7384],[-83.5627,32.7386],[-83.561,32.7479],[-83.56,32.7488],[-83.56,32.7478],[-83.5599,32.7489],[-83.5556,32.7527],[-83.5585,32.755],[-83.5543,32.7588],[-83.5507,32.7525]]],[[[-83.5605,32.7384],[-83.5605,32.7384],[-83.5602,32.74],[-83.5605,32.7384]]],[[[-83.5904,32.7708],[-83.5899,32.7707],[-83.5899,32.7705],[-83.591,32.7697],[-83.5915,32.7687],[-83.5916,32.7679],[-83.5926,32.7696],[-83.595,32.7704],[-83.5954,32.7713],[-83.5954,32.772],[-83.5949,32.7724],[-83.5936,32.7726],[-83.5923,32.7722],[-83.5914,32.7712],[-83.5904,32.7708]]],[[[-83.5728,32.7657],[-83.5791,32.7611],[-83.5699,32.7681],[-83.5689,32.768],[-83.5668,32.7692],[-83.5644,32.7677],[-83.5641,32.766],[-83.5617,32.7619],[-83.5613,32.7595],[-83.5612,32.754],[-83.5632,32.754],[-83.5637,32.7546],[-83.5644,32.7546],[-83.5643,32.7505],[-83.5653,32.7495],[-83.5621,32.747],[-83.5616,32.7476],[-83.5633,32.7362],[-83.5627,32.7316],[-83.5622,32.7301],[-83.5612,32.7284],[-83.5625,32.7274],[-83.5618,32.7268],[-83.5606,32.7276],[-83.559,32.7255],[-83.5627,32.7225],[-83.5649,32.7245],[-83.5717,32.719],[-83.5728,32.7201],[-83.5754,32.718],[-83.5769,32.7172],[-83.5799,32.7167],[-83.5813,32.7162],[-83.5832,32.7177],[-83.5854,32.7179],[-83.5883,32.7175],[-83.5892,32.7176],[-83.5858,32.7204],[-83.5927,32.7263],[-83.5997,32.7204],[-83.6002,32.7206],[-83.6003,32.7213],[-83.5989,32.722],[-83.598,32.723],[-83.5986,32.7236],[-83.5998,32.7237],[-83.6003,32.724],[-83.6008,32.7251],[-83.5996,32.7245],[-83.5983,32.7247],[-83.5978,32.7257],[-83.5978,32.7269],[-83.5965,32.7277],[-83.5963,32.7283],[-83.5964,32.7288],[-83.5972,32.7295],[-83.5988,32.7297],[-83.5998,32.7294],[-83.6,32.7297],[-83.5996,32.7304],[-83.5983,32.7313],[-83.5974,32.7317],[-83.5953,32.7313],[-83.5949,32.732],[-83.5956,32.733],[-83.5959,32.7332],[-83.5996,32.7338],[-83.5996,32.7339],[-83.5983,32.7346],[-83.5971,32.7369],[-83.5975,32.7372],[-83.5989,32.7368],[-83.6002,32.7369],[-83.6018,32.7385],[-83.5989,32.7396],[-83.5983,32.74],[-83.5984,32.7404],[-83.6031,32.7417],[-83.6052,32.7426],[-83.6051,32.7429],[-83.6036,32.743],[-83.6024,32.7435],[-83.6021,32.7447],[-83.6025,32.7456],[-83.603,32.746],[-83.6066,32.7482],[-83.6061,32.7485],[-83.6045,32.748],[-83.6037,32.7481],[-83.6035,32.7483],[-83.6033,32.75],[-83.6037,32.7505],[-83.6044,32.7509],[-83.6013,32.7538],[-83.6028,32.755],[-83.6023,32.7557],[-83.6022,32.7566],[-83.6002,32.7548],[-83.5985,32.7562],[-83.6014,32.7587],[-83.6001,32.7597],[-83.6001,32.761],[-83.5998,32.7621],[-83.5991,32.7626],[-83.5945,32.7593],[-83.5789,32.7722],[-83.5772,32.7706],[-83.5775,32.7694],[-83.576,32.7685],[-83.5755,32.7677],[-83.5728,32.7657]]],[[[-83.5814,32.7582],[-83.5813,32.7575],[-83.5798,32.7563],[-83.5785,32.7564],[-83.5769,32.757],[-83.5766,32.7573],[-83.576,32.7584],[-83.5791,32.7611],[-83.5815,32.759],[-83.5814,32.7582]]],[[[-83.579,32.7527],[-83.5809,32.7511],[-83.5792,32.7496],[-83.5772,32.7514],[-83.579,32.7527]]],[[[-83.5789,32.7722],[-83.5931,32.7605],[-83.5959,32.763],[-83.5956,32.7644],[-83.595,32.7654],[-83.5916,32.7671],[-83.5915,32.7686],[-83.5908,32.7698],[-83.5877,32.7714],[-83.5863,32.7727],[-83.5843,32.7736],[-83.5789,32.7779],[-83.5784,32.7786],[-83.5762,32.78],[-83.5713,32.781],[-83.5735,32.7791],[-83.573,32.7787],[-83.5732,32.7785],[-83.5723,32.7777],[-83.5789,32.7722]]],[[[-83.5863,32.7728],[-83.5865,32.7726],[-83.5867,32.774],[-83.5872,32.775],[-83.5873,32.7762],[-83.5879,32.7768],[-83.5904,32.7774],[-83.591,32.7782],[-83.591,32.7789],[-83.59,32.7804],[-83.5902,32.7813],[-83.5918,32.7834],[-83.5913,32.7841],[-83.5882,32.7851],[-83.5867,32.787],[-83.5865,32.7886],[-83.586,32.7887],[-83.5843,32.7881],[-83.5789,32.7837],[-83.5804,32.7825],[-83.5785,32.7786],[-83.579,32.778],[-83.5844,32.7737],[-83.5863,32.7728]]]]},"properties":{"id":"usgs-pad-us-fee-managers:3627","name":"Bond Swamp National Wildlife Refuge","kind":"land","category":"public-land","sourceCategory":"public-land","sourceId":"usgs-pad-us-fee-managers","sourceUrl":"https://services.arcgis.com/v01gqwM5QqNysAAi/arcgis/rest/services/Fee_Managers_PADUS/FeatureServer/0","sourceUpdated":"2021-01-28T05:00:00.000Z","publicUse":"PAD-US reports restricted access; confirm permits and seasonal rules with the manager.","unit":"FWS","origin":"public-catalog"}},{"type":"Feature","id":"usgs-pad-us-fee-managers:3799","geometry":{"type":"MultiPolygon","coordinates":[[[[-84.574,31.1287],[-84.5848,31.129],[-84.5844,31.1383],[-84.5735,31.138],[-84.574,31.1287]]],[[[-83.7462,31.058],[-83.7512,31.0582],[-83.751,31.0649],[-83.7411,31.0649],[-83.7413,31.0579],[-83.7462,31.058]]],[[[-84.6722,31.3839],[-84.6707,31.3829],[-84.6695,31.3832],[-84.6692,31.3829],[-84.6679,31.3833],[-84.6668,31.381],[-84.6665,31.3792],[-84.6809,31.3796],[-84.6809,31.3842],[-84.6722,31.3839]]],[[[-82.0627,31.9394],[-82.0616,31.9381],[-82.0604,31.9382],[-82.0588,31.9366],[-82.0566,31.9364],[-82.0567,31.9348],[-82.057,31.9345],[-82.0558,31.9329],[-82.0661,31.9335],[-82.0644,31.9373],[-82.0627,31.9389],[-82.063,31.9392],[-82.0627,31.9394]]],[[[-82.4108,32.4951],[-82.4085,32.4921],[-82.4085,32.4909],[-82.4099,32.4892],[-82.412,32.4857],[-82.4153,32.485],[-82.414,32.4864],[-82.4141,32.4869],[-82.4146,32.4869],[-82.416,32.4874],[-82.4164,32.4877],[-82.4162,32.4884],[-82.4168,32.4894],[-82.4167,32.4908],[-82.4174,32.4917],[-82.4179,32.492],[-82.4191,32.4938],[-82.4202,32.4937],[-82.4204,32.4944],[-82.4185,32.4953],[-82.4177,32.4948],[-82.4121,32.4968],[-82.4108,32.4951]]]]},"properties":{"id":"usgs-pad-us-fee-managers:3799","name":"Farm Service Agency Interest Of Ga","kind":"land","category":"public-land","sourceCategory":"public-land","sourceId":"usgs-pad-us-fee-managers","sourceUrl":"https://services.arcgis.com/v01gqwM5QqNysAAi/arcgis/rest/services/Fee_Managers_PADUS/FeatureServer/0","sourceUpdated":"2021-01-28T05:00:00.000Z","publicUse":"PAD-US reports restricted access; confirm permits and seasonal rules with the manager.","unit":"FWS","origin":"public-catalog"}},{"type":"Feature","id":"usgs-pad-us-fee-managers:3899","geometry":{"type":"MultiPolygon","coordinates":[[[[-81.2602,31.6212],[-81.2603,31.621],[-81.2596,31.6203],[-81.2598,31.6202],[-81.2562,31.6163],[-81.2598,31.6202],[-81.2601,31.62],[-81.2609,31.6209],[-81.2611,31.6213],[-81.2601,31.6215],[-81.2602,31.6212]]],[[[-81.2673,31.6494],[-81.2661,31.6492],[-81.263,31.6474],[-81.2612,31.6463],[-81.2603,31.6451],[-81.257,31.6432],[-81.2548,31.6415],[-81.253,31.6408],[-81.2512,31.6397],[-81.2468,31.6385],[-81.2452,31.6383],[-81.241,31.6365],[-81.2404,31.6359],[-81.2415,31.6328],[-81.2419,31.6324],[-81.2439,31.6327],[-81.2454,31.6323],[-81.2464,31.6311],[-81.2463,31.6285],[-81.2472,31.627],[-81.248,31.6264],[-81.2536,31.6233],[-81.2605,31.6223],[-81.2627,31.6214],[-81.2631,31.621],[-81.2635,31.6201],[-81.264,31.6203],[-81.2658,31.6203],[-81.2668,31.6187],[-81.2685,31.6188],[-81.2684,31.6205],[-81.2737,31.6207],[-81.276,31.6213],[-81.2761,31.6207],[-81.2735,31.62],[-81.273,31.6178],[-81.2811,31.6188],[-81.2814,31.6166],[-81.282,31.6166],[-81.2829,31.6175],[-81.2846,31.6178],[-81.285,31.6187],[-81.283,31.618],[-81.2825,31.6186],[-81.2827,31.6192],[-81.2831,31.6194],[-81.2839,31.6194],[-81.285,31.6189],[-81.2851,31.6198],[-81.2853,31.6202],[-81.2871,31.6214],[-81.2861,31.6217],[-81.2859,31.622],[-81.2859,31.6224],[-81.288,31.6236],[-81.2892,31.6238],[-81.2894,31.625],[-81.2902,31.6256],[-81.2894,31.6263],[-81.2901,31.6271],[-81.2902,31.6279],[-81.2899,31.6289],[-81.2902,31.6297],[-81.2893,31.6306],[-81.2896,31.631],[-81.2906,31.6309],[-81.2904,31.633],[-81.2861,31.6344],[-81.2861,31.6352],[-81.2857,31.6359],[-81.2859,31.6363],[-81.2855,31.6361],[-81.2857,31.6365],[-81.2847,31.6362],[-81.2845,31.6367],[-81.2847,31.6369],[-81.2846,31.637],[-81.2849,31.6374],[-81.2844,31.6377],[-81.2847,31.6387],[-81.2853,31.639],[-81.2862,31.639],[-81.2846,31.64],[-81.2847,31.6406],[-81.2852,31.6409],[-81.2845,31.6411],[-81.2845,31.6413],[-81.2857,31.6423],[-81.2861,31.6422],[-81.2849,31.6427],[-81.284,31.6427],[-81.2838,31.6433],[-81.2848,31.6437],[-81.2859,31.6434],[-81.286,31.6442],[-81.2862,31.6445],[-81.2871,31.6441],[-81.2877,31.643],[-81.2881,31.6437],[-81.2846,31.6481],[-81.284,31.6491],[-81.2828,31.6497],[-81.2802,31.6496],[-81.2755,31.65],[-81.272,31.6498],[-81.2697,31.6501],[-81.2673,31.6494]]],[[[-81.2633,31.623],[-81.2626,31.6229],[-81.2626,31.6234],[-81.2629,31.6237],[-81.2632,31.6237],[-81.2633,31.623]]],[[[-81.2838,31.6233],[-81.284,31.6228],[-81.2834,31.6226],[-81.2831,31.6231],[-81.2838,31.6233]]]]},"properties":{"id":"usgs-pad-us-fee-managers:3899","name":"Harris Neck National Wildlife Refuge","kind":"land","category":"public-land","sourceCategory":"public-land","sourceId":"usgs-pad-us-fee-managers","sourceUrl":"https://services.arcgis.com/v01gqwM5QqNysAAi/arcgis/rest/services/Fee_Managers_PADUS/FeatureServer/0","sourceUpdated":"2021-01-28T05:00:00.000Z","publicUse":"PAD-US reports restricted access; confirm permits and seasonal rules with the manager.","unit":"FWS","origin":"public-catalog"}},{"type":"Feature","id":"usgs-pad-us-fee-managers:4157","geometry":{"type":"Polygon","coordinates":[[[-82.1649,30.6327],[-82.1793,30.6357],[-82.1756,30.648],[-82.1899,30.6511],[-82.1936,30.6387],[-82.1793,30.6357],[-82.1829,30.6233],[-82.1686,30.6203],[-82.1649,30.6327],[-82.1505,30.6295],[-82.158,30.6047],[-82.1438,30.6016],[-82.1546,30.5644],[-82.1699,30.5678],[-82.1736,30.5555],[-82.1882,30.5586],[-82.1919,30.5461],[-82.2054,30.5491],[-82.2015,30.5614],[-82.2159,30.5645],[-82.2153,30.5665],[-82.2144,30.5668],[-82.2147,30.5686],[-82.2804,30.573],[-82.4189,30.5818],[-82.4187,30.5893],[-82.4187,30.5973],[-82.4307,30.5976],[-82.4322,30.5826],[-82.4724,30.5851],[-82.4638,30.599],[-82.4666,30.613],[-82.4971,30.613],[-82.4968,30.6264],[-82.5068,30.6264],[-82.5048,30.6316],[-82.5012,30.6383],[-82.5021,30.6447],[-82.5024,30.6505],[-82.4975,30.6593],[-82.4943,30.6634],[-82.4939,30.666],[-82.4933,30.6658],[-82.4928,30.6659],[-82.4906,30.6684],[-82.4868,30.6684],[-82.4846,30.6697],[-82.4842,30.6703],[-82.4842,30.672],[-82.4838,30.6727],[-82.4831,30.6732],[-82.4809,30.6736],[-82.48,30.6739],[-82.4795,30.677],[-82.4784,30.6763],[-82.4782,30.6764],[-82.4783,30.6879],[-82.4806,30.6876],[-82.4792,30.6929],[-82.4795,30.6944],[-82.4799,30.6957],[-82.481,30.6963],[-82.483,30.7024],[-82.4855,30.7045],[-82.4866,30.7069],[-82.4862,30.7091],[-82.4728,30.7099],[-82.4729,30.7164],[-82.4351,30.7166],[-82.4354,30.7423],[-82.4414,30.7422],[-82.4404,30.7444],[-82.4408,30.7454],[-82.4457,30.746],[-82.4465,30.7465],[-82.4466,30.7479],[-82.4498,30.7571],[-82.4429,30.7578],[-82.4277,30.7656],[-82.4265,30.7671],[-82.4336,30.7701],[-82.4357,30.7719],[-82.4358,30.8072],[-82.4655,30.8068],[-82.4655,30.8198],[-82.4902,30.8196],[-82.4954,30.8199],[-82.5032,30.8197],[-82.5066,30.82],[-82.5401,30.8198],[-82.5502,30.8199],[-82.5509,30.8314],[-82.5506,30.8457],[-82.5507,30.8717],[-82.537,30.8718],[-82.5372,30.8856],[-82.5298,30.8856],[-82.5295,30.8859],[-82.5216,30.8863],[-82.5211,30.8981],[-82.5054,30.8985],[-82.505,30.91],[-82.5051,30.9241],[-82.4904,30.924],[-82.4904,30.9371],[-82.4605,30.9372],[-82.4606,30.9455],[-82.4584,30.9455],[-82.4584,30.9504],[-82.4502,30.9505],[-82.4473,30.9486],[-82.4379,30.9499],[-82.4354,30.9516],[-82.4314,30.9533],[-82.4291,30.9536],[-82.427,30.9551],[-82.4254,30.9577],[-82.4239,30.9584],[-82.4188,30.9623],[-82.4166,30.9707],[-82.4128,30.9711],[-82.4086,30.9724],[-82.4083,30.9732],[-82.4085,30.9763],[-82.4051,30.9802],[-82.4005,30.984],[-82.4005,30.9876],[-82.4019,30.9897],[-82.4015,30.9905],[-82.3983,30.9906],[-82.3961,30.9929],[-82.3943,30.9937],[-82.3903,30.9962],[-82.3879,30.9997],[-82.3872,31.0017],[-82.3856,31.0017],[-82.3856,31.0013],[-82.3846,31.001],[-82.3843,31.0011],[-82.3839,31.0016],[-82.3815,31.0016],[-82.3807,31.0011],[-82.3793,31.0015],[-82.3744,31.0015],[-82.3734,31.0013],[-82.3728,31.0015],[-82.3722,31.0034],[-82.3729,31.0042],[-82.3729,31.0131],[-82.3724,31.0136],[-82.364,31.0138],[-82.3641,31.0265],[-82.3333,31.0265],[-82.3332,31.0541],[-82.3184,31.0542],[-82.3068,31.0535],[-82.3051,31.067],[-82.2838,31.0664],[-82.284,31.0524],[-82.2711,31.0511],[-82.2714,31.0641],[-82.2538,31.064],[-82.2363,31.0636],[-82.2369,31.0469],[-82.2337,31.047],[-82.234,31.0443],[-82.2288,31.0443],[-82.2283,31.0437],[-82.2282,31.0423],[-82.2267,31.042],[-82.2258,31.0427],[-82.2234,31.0404],[-82.2186,31.0396],[-82.2186,31.0372],[-82.2148,31.0359],[-82.2134,31.0323],[-82.2108,31.032],[-82.2087,31.0335],[-82.2065,31.0332],[-82.2054,31.0336],[-82.2057,31.0318],[-82.2067,31.0315],[-82.2082,31.0301],[-82.2069,31.0286],[-82.2044,31.0278],[-82.2037,31.0268],[-82.2014,31.026],[-82.2004,31.0269],[-82.2008,31.0294],[-82.1989,31.0298],[-82.1961,31.0299],[-82.1946,31.0292],[-82.1938,31.0282],[-82.1946,31.0276],[-82.1943,31.0258],[-82.1898,31.0246],[-82.1879,31.0237],[-82.1875,31.0222],[-82.1848,31.0201],[-82.1834,31.0184],[-82.1827,31.0186],[-82.1826,31.0198],[-82.178,31.0186],[-82.1794,31.0175],[-82.1796,31.0166],[-82.178,31.016],[-82.1768,31.0161],[-82.172,31.0137],[-82.1731,31.0135],[-82.1735,31.0122],[-82.1696,31.0111],[-82.1664,31.0108],[-82.1664,31.0072],[-82.1649,31.0068],[-82.1638,31.0057],[-82.1621,31.0067],[-82.1608,31.0057],[-82.1626,31.0032],[-82.1631,31.0009],[-82.1637,30.9989],[-82.1627,30.9975],[-82.1618,30.9969],[-82.1607,30.9951],[-82.1598,30.994],[-82.158,30.9929],[-82.1558,30.9898],[-82.1543,30.9891],[-82.1512,30.9887],[-82.1507,30.9879],[-82.1518,30.9861],[-82.1513,30.9854],[-82.1466,30.9812],[-82.1444,30.9799],[-82.1431,30.9803],[-82.1411,30.9784],[-82.1405,30.9761],[-82.1309,30.9815],[-82.1309,30.9671],[-82.1297,30.9592],[-82.1258,30.9449],[-82.1217,30.9359],[-82.1228,30.9306],[-82.122,30.9282],[-82.1224,30.922],[-82.1378,30.9218],[-82.1385,30.8964],[-82.1328,30.8964],[-82.1232,30.8961],[-82.1231,30.8928],[-82.124,30.8857],[-82.1264,30.8786],[-82.1249,30.8655],[-82.1271,30.8581],[-82.1287,30.8244],[-82.1261,30.8122],[-82.1251,30.8091],[-82.1257,30.8018],[-82.1258,30.7975],[-82.1372,30.7994],[-82.1391,30.7934],[-82.1408,30.787],[-82.1274,30.7841],[-82.1276,30.7777],[-82.1286,30.7707],[-82.1233,30.77],[-82.1193,30.769],[-82.116,30.7678],[-82.1135,30.7674],[-82.1141,30.7639],[-82.1179,30.7555],[-82.1158,30.7552],[-82.1105,30.7532],[-82.1107,30.7468],[-82.1005,30.7446],[-82.1017,30.7409],[-82.0713,30.7417],[-82.0714,30.7402],[-82.0724,30.7403],[-82.0737,30.7381],[-82.0863,30.738],[-82.093,30.7387],[-82.0934,30.7378],[-82.0987,30.7376],[-82.1024,30.7384],[-82.1062,30.7257],[-82.1203,30.7288],[-82.1347,30.7322],[-82.1498,30.6824],[-82.1355,30.6794],[-82.1392,30.6671],[-82.1537,30.6701],[-82.1575,30.6575],[-82.1285,30.6511],[-82.1321,30.6388],[-82.1613,30.6449],[-82.1649,30.6327]],[[-82.1367,30.957],[-82.1367,30.9602],[-82.1378,30.9602],[-82.1367,30.9602],[-82.1367,30.957]]]},"properties":{"id":"usgs-pad-us-fee-managers:4157","name":"Okefenokee National Wildlife Refuge","kind":"land","category":"public-land","sourceCategory":"public-land","sourceId":"usgs-pad-us-fee-managers","sourceUrl":"https://services.arcgis.com/v01gqwM5QqNysAAi/arcgis/rest/services/Fee_Managers_PADUS/FeatureServer/0","sourceUpdated":"2021-01-28T05:00:00.000Z","publicUse":"PAD-US reports restricted access; confirm permits and seasonal rules with the manager.","unit":"FWS","origin":"public-catalog"}},{"type":"Feature","id":"usgs-pad-us-fee-managers:4197","geometry":{"type":"MultiPolygon","coordinates":[[[[-83.7373,33.048],[-83.7377,33.0476],[-83.7379,33.0493],[-83.7387,33.0502],[-83.7373,33.0513],[-83.7294,33.0574],[-83.7275,33.0556],[-83.7373,33.048]]],[[[-83.6465,33.0334],[-83.6476,33.0322],[-83.6498,33.0311],[-83.6507,33.0296],[-83.6521,33.029],[-83.653,33.0281],[-83.6541,33.0263],[-83.6545,33.0244],[-83.6543,33.0231],[-83.6562,33.0212],[-83.6597,33.0155],[-83.6609,33.0124],[-83.6598,33.0087],[-83.6591,33.007],[-83.6589,33.0051],[-83.6624,33.0027],[-83.6728,32.9946],[-83.6814,32.9874],[-83.6841,32.9888],[-83.6848,32.9896],[-83.687,32.9938],[-83.6797,32.9996],[-83.6909,33.0092],[-83.6962,33.0083],[-83.6961,33.0091],[-83.6991,33.0066],[-83.7019,33.009],[-83.7023,33.0108],[-83.702,33.0123],[-83.7027,33.0142],[-83.7034,33.015],[-83.6862,33.0297],[-83.6899,33.0331],[-83.6845,33.0371],[-83.6871,33.0395],[-83.6857,33.0406],[-83.6898,33.0443],[-83.6825,33.0497],[-83.6746,33.0428],[-83.6731,33.0411],[-83.6664,33.0354],[-83.6609,33.0372],[-83.6622,33.0386],[-83.6589,33.0415],[-83.6652,33.0466],[-83.6482,33.0605],[-83.6454,33.0595],[-83.6442,33.0587],[-83.6447,33.0529],[-83.6488,33.0495],[-83.6433,33.0448],[-83.6475,33.0413],[-83.644,33.038],[-83.6445,33.0371],[-83.6463,33.0357],[-83.6454,33.0348],[-83.6465,33.0334]]],[[[-83.6856,33.022],[-83.6861,33.022],[-83.6854,33.022],[-83.6856,33.022]]],[[[-83.6869,33.0215],[-83.6869,33.0215],[-83.6864,33.022],[-83.6869,33.0215]]],[[[-83.69,33.0213],[-83.6902,33.0213],[-83.6892,33.0214],[-83.69,33.0213]]],[[[-83.6176,33.1129],[-83.6196,33.1119],[-83.6189,33.1113],[-83.6193,33.1105],[-83.6204,33.1097],[-83.6217,33.1097],[-83.6224,33.11],[-83.6237,33.1098],[-83.6233,33.1117],[-83.621,33.113],[-83.6205,33.1126],[-83.6187,33.1138],[-83.6174,33.113],[-83.6176,33.1129]]],[[[-83.677,33.1572],[-83.6807,33.1534],[-83.684,33.157],[-83.6807,33.1534],[-83.6816,33.1523],[-83.677,33.1572],[-83.6734,33.1604],[-83.6696,33.1571],[-83.6695,33.1586],[-83.667,33.1606],[-83.6658,33.1596],[-83.6655,33.161],[-83.6638,33.1638],[-83.6626,33.1628],[-83.6573,33.1674],[-83.6553,33.1679],[-83.6528,33.1679],[-83.6511,33.1687],[-83.6497,33.17],[-83.6487,33.1689],[-83.647,33.17],[-83.6438,33.1654],[-83.6407,33.1587],[-83.6497,33.1511],[-83.6438,33.1459],[-83.6471,33.1455],[-83.6479,33.1388],[-83.6439,33.1353],[-83.6431,33.1359],[-83.6429,33.1369],[-83.6342,33.1402],[-83.6314,33.1358],[-83.6312,33.133],[-83.6286,33.126],[-83.6256,33.1205],[-83.627,33.1197],[-83.6262,33.1189],[-83.6268,33.1186],[-83.6258,33.1176],[-83.6244,33.1182],[-83.6236,33.1169],[-83.6226,33.1161],[-83.6237,33.1153],[-83.6234,33.1129],[-83.6286,33.1091],[-83.6205,33.1021],[-83.6228,33.1008],[-83.6196,33.1],[-83.621,33.098],[-83.6239,33.0959],[-83.6279,33.0951],[-83.6329,33.0927],[-83.6343,33.0917],[-83.6353,33.0919],[-83.6364,33.0915],[-83.6382,33.0897],[-83.6399,33.0903],[-83.6415,33.0892],[-83.636,33.0822],[-83.6375,33.0809],[-83.6435,33.086],[-83.6431,33.0881],[-83.6495,33.0934],[-83.6496,33.0929],[-83.6508,33.0927],[-83.6561,33.0891],[-83.6593,33.0865],[-83.6597,33.0856],[-83.6575,33.0837],[-83.6556,33.0856],[-83.6548,33.085],[-83.6541,33.0832],[-83.6547,33.0813],[-83.6556,33.0808],[-83.6566,33.0809],[-83.6589,33.0787],[-83.66,33.0774],[-83.6622,33.0768],[-83.6641,33.0766],[-83.6648,33.0756],[-83.6657,33.0754],[-83.6663,33.0747],[-83.6689,33.0737],[-83.6696,33.0737],[-83.6704,33.0742],[-83.6709,33.0742],[-83.6717,33.0732],[-83.6743,33.072],[-83.6742,33.0715],[-83.6737,33.0709],[-83.6745,33.0701],[-83.6756,33.07],[-83.6764,33.0694],[-83.6778,33.0696],[-83.6793,33.0688],[-83.6794,33.0689],[-83.6856,33.0637],[-83.6869,33.0642],[-83.6877,33.0631],[-83.6892,33.0625],[-83.6895,33.0619],[-83.6902,33.0615],[-83.6908,33.0606],[-83.6911,33.0606],[-83.6916,33.0611],[-83.6921,33.0611],[-83.6917,33.0598],[-83.6919,33.0594],[-83.6931,33.0585],[-83.6943,33.0587],[-83.6947,33.0579],[-83.6988,33.0566],[-83.7001,33.0559],[-83.7023,33.0565],[-83.7063,33.0602],[-83.7181,33.0522],[-83.7191,33.0526],[-83.7193,33.0532],[-83.7205,33.0543],[-83.7225,33.057],[-83.712,33.0654],[-83.7187,33.0709],[-83.7242,33.0666],[-83.7249,33.0674],[-83.7242,33.0666],[-83.7273,33.0641],[-83.7285,33.065],[-83.7291,33.0668],[-83.7315,33.0696],[-83.7326,33.07],[-83.7345,33.0712],[-83.7364,33.0716],[-83.7379,33.0731],[-83.7383,33.0745],[-83.7382,33.0767],[-83.7412,33.0794],[-83.7403,33.0817],[-83.739,33.0834],[-83.739,33.0838],[-83.7398,33.0846],[-83.7386,33.0856],[-83.7407,33.0874],[-83.7415,33.0892],[-83.744,33.0906],[-83.7447,33.0917],[-83.7444,33.0922],[-83.7448,33.0936],[-83.7449,33.0953],[-83.7426,33.0968],[-83.7434,33.0975],[-83.7416,33.099],[-83.7436,33.1006],[-83.7435,33.1011],[-83.7496,33.1034],[-83.7492,33.11],[-83.7839,33.1396],[-83.7805,33.1428],[-83.7761,33.1458],[-83.779,33.1483],[-83.7859,33.1427],[-83.7887,33.1449],[-83.7994,33.1355],[-83.8016,33.1372],[-83.8124,33.1446],[-83.7987,33.1555],[-83.7946,33.1537],[-83.7933,33.1526],[-83.7926,33.1523],[-83.7892,33.154],[-83.7861,33.1547],[-83.7843,33.1542],[-83.7832,33.1542],[-83.7821,33.1536],[-83.7801,33.1533],[-83.7755,33.1546],[-83.7772,33.1563],[-83.7742,33.1578],[-83.7693,33.1628],[-83.769,33.1628],[-83.7624,33.1571],[-83.7613,33.1608],[-83.7579,33.1599],[-83.7541,33.1629],[-83.7513,33.1638],[-83.7491,33.164],[-83.7469,33.1665],[-83.7414,33.1619],[-83.7346,33.1673],[-83.7313,33.1645],[-83.7246,33.1698],[-83.7124,33.1606],[-83.7097,33.1626],[-83.7085,33.1613],[-83.7069,33.1612],[-83.6959,33.1704],[-83.6912,33.1664],[-83.6917,33.1645],[-83.6869,33.1602],[-83.6835,33.1625],[-83.6793,33.1606],[-83.6786,33.161],[-83.6772,33.1601],[-83.677,33.1572]]],[[[-83.6814,33.146],[-83.6804,33.1457],[-83.6799,33.1467],[-83.6808,33.147],[-83.6814,33.146]]],[[[-83.6573,33.1109],[-83.66,33.1136],[-83.6551,33.1175],[-83.6621,33.1227],[-83.6634,33.1216],[-83.6661,33.1247],[-83.6676,33.1273],[-83.6714,33.1307],[-83.6784,33.1248],[-83.6767,33.123],[-83.6743,33.125],[-83.6714,33.1225],[-83.6763,33.1184],[-83.6726,33.1162],[-83.6712,33.1161],[-83.6681,33.1162],[-83.6651,33.1172],[-83.6643,33.1178],[-83.6573,33.1109]]],[[[-83.7091,33.1235],[-83.7096,33.1239],[-83.709,33.1234],[-83.7099,33.1225],[-83.709,33.1218],[-83.7079,33.1225],[-83.7047,33.1198],[-83.7091,33.1235]]],[[[-83.6486,33.1123],[-83.648,33.112],[-83.6464,33.112],[-83.6412,33.1126],[-83.6462,33.1196],[-83.6517,33.1148],[-83.6486,33.1123]]],[[[-83.6351,33.1156],[-83.6358,33.1148],[-83.6344,33.1159],[-83.634,33.1154],[-83.6344,33.1159],[-83.6351,33.1156]]],[[[-83.6336,33.1148],[-83.6333,33.1144],[-83.6333,33.1144],[-83.6336,33.1148]]],[[[-83.6363,33.1143],[-83.6363,33.1143],[-83.6362,33.1144],[-83.6363,33.1143]]],[[[-83.6878,33.1141],[-83.6886,33.1148],[-83.6909,33.1135],[-83.6933,33.1129],[-83.6863,33.1071],[-83.6774,33.0992],[-83.674,33.1008],[-83.6737,33.0998],[-83.6731,33.1],[-83.6734,33.101],[-83.6723,33.1015],[-83.6737,33.1026],[-83.6747,33.1025],[-83.6878,33.1141]]],[[[-83.6513,33.1056],[-83.6449,33.1001],[-83.6429,33.0974],[-83.6393,33.0989],[-83.6487,33.1076],[-83.6513,33.1056]]],[[[-83.7166,33.0995],[-83.7154,33.0995],[-83.7154,33.1005],[-83.7166,33.1004],[-83.7166,33.0995]]],[[[-83.7084,33.096],[-83.708,33.0958],[-83.708,33.0958],[-83.7084,33.096]]],[[[-83.6692,33.0883],[-83.6692,33.0883],[-83.6692,33.0883],[-83.6692,33.0883]]],[[[-83.6692,33.0882],[-83.6692,33.0882],[-83.6692,33.0882],[-83.6692,33.0882]]],[[[-83.6692,33.0881],[-83.6692,33.0881],[-83.6692,33.0881],[-83.6692,33.0881]]],[[[-83.6691,33.088],[-83.6691,33.088],[-83.6691,33.088],[-83.6691,33.088]]],[[[-83.6691,33.0879],[-83.6691,33.0879],[-83.6691,33.0879],[-83.6691,33.0879]]],[[[-83.6691,33.0878],[-83.6691,33.0878],[-83.6691,33.0878],[-83.6691,33.0878]]],[[[-83.669,33.0877],[-83.669,33.0877],[-83.669,33.0877],[-83.669,33.0877]]],[[[-83.669,33.0876],[-83.669,33.0876],[-83.669,33.0876],[-83.669,33.0876]]],[[[-83.6689,33.0875],[-83.6689,33.0875],[-83.6689,33.0875],[-83.6689,33.0875]]],[[[-83.6689,33.0874],[-83.6689,33.0874],[-83.6689,33.0874],[-83.6689,33.0874]]],[[[-83.6877,33.0742],[-83.6875,33.0729],[-83.6853,33.0725],[-83.686,33.0747],[-83.6877,33.0742]]],[[[-83.7289,33.0687],[-83.7303,33.0697],[-83.7289,33.0687],[-83.7261,33.0708],[-83.7289,33.0687]]],[[[-83.7252,33.07],[-83.7251,33.0699],[-83.7251,33.0699],[-83.7252,33.07]]]]},"properties":{"id":"usgs-pad-us-fee-managers:4197","name":"Piedmont National Wildlife Refuge","kind":"land","category":"public-land","sourceCategory":"public-land","sourceId":"usgs-pad-us-fee-managers","sourceUrl":"https://services.arcgis.com/v01gqwM5QqNysAAi/arcgis/rest/services/Fee_Managers_PADUS/FeatureServer/0","sourceUpdated":"2021-01-28T05:00:00.000Z","publicUse":"PAD-US reports restricted access; confirm permits and seasonal rules with the manager.","unit":"FWS","origin":"public-catalog"}},{"type":"Feature","id":"usgs-pad-us-fee-managers:4291","geometry":{"type":"MultiPolygon","coordinates":[[[[-81.1203,32.1364],[-81.121,32.1371],[-81.1221,32.1397],[-81.1193,32.1433],[-81.1192,32.1428],[-81.1195,32.1412],[-81.1192,32.1385],[-81.1199,32.1367],[-81.1203,32.1364]]],[[[-81.1424,32.1526],[-81.1411,32.1524],[-81.1404,32.151],[-81.1403,32.1502],[-81.1415,32.1484],[-81.1426,32.1499],[-81.1443,32.1515],[-81.1442,32.1523],[-81.1436,32.1528],[-81.1424,32.1526]]],[[[-81.1308,32.1495],[-81.1336,32.1525],[-81.134,32.1546],[-81.1337,32.1548],[-81.1324,32.1528],[-81.1308,32.1513],[-81.1306,32.1502],[-81.1308,32.1495]]],[[[-81.1463,32.1698],[-81.1436,32.1697],[-81.1426,32.17],[-81.1411,32.1712],[-81.1406,32.1713],[-81.14,32.1712],[-81.1394,32.1707],[-81.1386,32.1689],[-81.1385,32.1676],[-81.1389,32.1661],[-81.139,32.1644],[-81.1372,32.158],[-81.137,32.1542],[-81.1338,32.1496],[-81.1329,32.1475],[-81.1331,32.1456],[-81.1342,32.1444],[-81.1359,32.1438],[-81.1399,32.1445],[-81.1402,32.1456],[-81.1399,32.146],[-81.1399,32.147],[-81.1388,32.1495],[-81.1388,32.1516],[-81.1394,32.1527],[-81.1406,32.1538],[-81.1423,32.154],[-81.1437,32.1536],[-81.146,32.1525],[-81.1473,32.1524],[-81.1492,32.1529],[-81.1506,32.1535],[-81.1523,32.1552],[-81.1533,32.1588],[-81.1529,32.1609],[-81.1524,32.1619],[-81.1527,32.1641],[-81.1533,32.1655],[-81.1543,32.1697],[-81.1534,32.1708],[-81.1522,32.1731],[-81.152,32.1744],[-81.1523,32.176],[-81.1515,32.1767],[-81.1509,32.1768],[-81.1496,32.1761],[-81.1484,32.1752],[-81.148,32.1743],[-81.148,32.1715],[-81.1473,32.1703],[-81.1463,32.1698]]],[[[-81.146,32.178],[-81.1432,32.1757],[-81.1426,32.1742],[-81.1425,32.1734],[-81.143,32.1719],[-81.1438,32.1711],[-81.1448,32.1708],[-81.146,32.1708],[-81.1469,32.171],[-81.1473,32.1714],[-81.1474,32.172],[-81.147,32.1752],[-81.148,32.1767],[-81.1493,32.1774],[-81.1509,32.1777],[-81.1536,32.1772],[-81.1546,32.179],[-81.1493,32.1799],[-81.1482,32.1795],[-81.146,32.178]]],[[[-81.1361,32.1799],[-81.1365,32.1805],[-81.1367,32.1814],[-81.1386,32.1835],[-81.138,32.1872],[-81.1382,32.1904],[-81.1376,32.1912],[-81.137,32.1904],[-81.1369,32.1886],[-81.1356,32.1841],[-81.1361,32.1799]]],[[[-81.1387,32.1969],[-81.1389,32.1967],[-81.1391,32.197],[-81.1388,32.1978],[-81.1384,32.1975],[-81.1387,32.1969]]],[[[-81.1244,32.2025],[-81.1247,32.2025],[-81.125,32.2031],[-81.1244,32.2025]]],[[[-81.1343,32.2116],[-81.1343,32.2116],[-81.1343,32.2116],[-81.1343,32.2116]]],[[[-81.1202,32.1945],[-81.119,32.1946],[-81.1177,32.1958],[-81.1161,32.1962],[-81.1149,32.1958],[-81.1144,32.1955],[-81.1141,32.1945],[-81.1144,32.1938],[-81.1152,32.1934],[-81.1162,32.1933],[-81.1189,32.1937],[-81.1203,32.1936],[-81.1215,32.1931],[-81.1224,32.1921],[-81.1225,32.1911],[-81.122,32.19],[-81.1211,32.1895],[-81.1192,32.1894],[-81.1186,32.1888],[-81.1185,32.1883],[-81.1188,32.1844],[-81.1209,32.1809],[-81.1212,32.1793],[-81.1211,32.1781],[-81.1201,32.1771],[-81.118,32.1759],[-81.1166,32.1755],[-81.1151,32.1758],[-81.1131,32.1774],[-81.1115,32.1773],[-81.1111,32.1771],[-81.1109,32.1765],[-81.1109,32.1745],[-81.1111,32.1735],[-81.1115,32.1727],[-81.1125,32.1722],[-81.116,32.1711],[-81.1169,32.1711],[-81.1177,32.1714],[-81.118,32.1718],[-81.1179,32.1736],[-81.1185,32.1751],[-81.1195,32.1757],[-81.1211,32.1755],[-81.1227,32.1745],[-81.1278,32.1703],[-81.13,32.1673],[-81.1301,32.1652],[-81.1288,32.1641],[-81.1245,32.1627],[-81.1231,32.1618],[-81.1228,32.1612],[-81.1232,32.1588],[-81.1233,32.1558],[-81.1224,32.1541],[-81.1197,32.1522],[-81.1185,32.1518],[-81.1156,32.1515],[-81.1141,32.1511],[-81.1132,32.1501],[-81.1131,32.1493],[-81.1183,32.1472],[-81.1211,32.1442],[-81.123,32.1411],[-81.1236,32.1397],[-81.1235,32.1389],[-81.123,32.1378],[-81.1219,32.1365],[-81.1218,32.1351],[-81.1203,32.1313],[-81.1232,32.1305],[-81.1279,32.1297],[-81.1352,32.1287],[-81.1341,32.1316],[-81.1338,32.1318],[-81.1368,32.1361],[-81.1395,32.1367],[-81.1405,32.1417],[-81.1393,32.1428],[-81.1364,32.142],[-81.1348,32.1423],[-81.1327,32.1432],[-81.1307,32.1445],[-81.13,32.1456],[-81.1299,32.1472],[-81.1304,32.1481],[-81.1306,32.1493],[-81.1304,32.1501],[-81.1305,32.1509],[-81.1308,32.1516],[-81.1323,32.153],[-81.1335,32.1548],[-81.134,32.1548],[-81.1369,32.164],[-81.1371,32.166],[-81.1365,32.1707],[-81.1346,32.1751],[-81.1346,32.1773],[-81.1355,32.1812],[-81.1354,32.1827],[-81.135,32.1838],[-81.1366,32.1888],[-81.1366,32.1899],[-81.1374,32.1927],[-81.1376,32.1945],[-81.1385,32.1962],[-81.1382,32.197],[-81.1384,32.1978],[-81.1404,32.2],[-81.1412,32.2014],[-81.1415,32.2033],[-81.1411,32.207],[-81.1404,32.2083],[-81.137,32.2112],[-81.1366,32.2126],[-81.1321,32.21],[-81.1291,32.2088],[-81.1281,32.2079],[-81.1258,32.2037],[-81.1232,32.2001],[-81.1232,32.1965],[-81.1227,32.1955],[-81.1216,32.1948],[-81.1202,32.1945]]],[[[-81.1377,32.2183],[-81.1385,32.2193],[-81.1378,32.2185],[-81.1377,32.2183]]],[[[-81.1399,32.2201],[-81.1406,32.2203],[-81.1409,32.2204],[-81.1399,32.2201]]],[[[-81.1412,32.2205],[-81.1414,32.2207],[-81.1416,32.2208],[-81.1412,32.2205]]],[[[-81.1392,32.2196],[-81.1381,32.2183],[-81.1369,32.2162],[-81.1371,32.2126],[-81.1378,32.2111],[-81.1405,32.2091],[-81.1409,32.2086],[-81.142,32.206],[-81.1421,32.2034],[-81.1415,32.2006],[-81.1405,32.1989],[-81.1407,32.1983],[-81.1397,32.1976],[-81.138,32.1937],[-81.1381,32.1918],[-81.1387,32.1897],[-81.1386,32.1863],[-81.1392,32.1844],[-81.1391,32.1837],[-81.1361,32.1791],[-81.1356,32.1774],[-81.1356,32.1752],[-81.1359,32.1738],[-81.1381,32.1709],[-81.1398,32.1723],[-81.1408,32.1757],[-81.142,32.1773],[-81.1458,32.1806],[-81.1471,32.1812],[-81.1487,32.1813],[-81.1514,32.1811],[-81.1536,32.1807],[-81.1546,32.1805],[-81.1551,32.18],[-81.1567,32.1804],[-81.157,32.1807],[-81.157,32.1814],[-81.156,32.183],[-81.1549,32.1841],[-81.1541,32.1844],[-81.1538,32.1848],[-81.1518,32.1855],[-81.1511,32.1865],[-81.1509,32.1862],[-81.1506,32.1865],[-81.151,32.1874],[-81.151,32.1883],[-81.1521,32.1905],[-81.1563,32.1927],[-81.1577,32.1938],[-81.158,32.1945],[-81.1576,32.1951],[-81.1539,32.1972],[-81.1517,32.1992],[-81.1504,32.2013],[-81.15,32.2027],[-81.1501,32.2053],[-81.1477,32.2112],[-81.1483,32.2133],[-81.1502,32.2163],[-81.1518,32.2183],[-81.1519,32.2211],[-81.1497,32.221],[-81.1459,32.2218],[-81.1437,32.2216],[-81.1428,32.2213],[-81.1413,32.2203],[-81.1392,32.2196]]],[[[-81.1558,32.1989],[-81.1571,32.199],[-81.1587,32.1982],[-81.1702,32.2001],[-81.1741,32.2105],[-81.1668,32.2162],[-81.1534,32.2258],[-81.1529,32.225],[-81.153,32.2246],[-81.1541,32.2238],[-81.1543,32.2195],[-81.1536,32.2178],[-81.1516,32.2154],[-81.1497,32.2107],[-81.1499,32.2098],[-81.1518,32.207],[-81.1522,32.2033],[-81.1528,32.2014],[-81.154,32.1999],[-81.1558,32.1989]]],[[[-81.1588,32.2248],[-81.1585,32.2246],[-81.1577,32.225],[-81.1559,32.2263],[-81.155,32.2265],[-81.1538,32.2261],[-81.1666,32.217],[-81.1665,32.2233],[-81.1636,32.2259],[-81.1592,32.2292],[-81.1588,32.2285],[-81.1598,32.2267],[-81.1597,32.2256],[-81.1588,32.2248]]],[[[-81.152,32.2235],[-81.1525,32.2234],[-81.1538,32.2222],[-81.154,32.2228],[-81.1539,32.2235],[-81.1525,32.2247],[-81.1525,32.2252],[-81.1532,32.226],[-81.1494,32.2287],[-81.1451,32.2279],[-81.1464,32.2259],[-81.1473,32.2251],[-81.152,32.2235]]],[[[-81.1524,32.2271],[-81.1535,32.2263],[-81.1547,32.2267],[-81.1557,32.2267],[-81.157,32.2261],[-81.1584,32.2249],[-81.1593,32.2255],[-81.1594,32.2259],[-81.1592,32.2272],[-81.1581,32.2288],[-81.1589,32.2294],[-81.1576,32.2303],[-81.15,32.2289],[-81.1524,32.2271]]],[[[-81.1776,32.2593],[-81.1778,32.2591],[-81.179,32.2591],[-81.1789,32.2596],[-81.1776,32.2593]]],[[[-81.149,32.2542],[-81.1495,32.2543],[-81.15,32.2548],[-81.1493,32.2563],[-81.1488,32.2561],[-81.149,32.2542]]],[[[-81.1327,32.3241],[-81.1332,32.3239],[-81.1335,32.3241],[-81.1314,32.3258],[-81.1315,32.3246],[-81.1327,32.3241]]],[[[-81.1354,32.3416],[-81.1346,32.3409],[-81.1325,32.3403],[-81.1306,32.3416],[-81.1301,32.3416],[-81.1298,32.3409],[-81.129,32.3377],[-81.1292,32.3369],[-81.1297,32.3365],[-81.1317,32.3361],[-81.1336,32.3346],[-81.1344,32.3337],[-81.135,32.3319],[-81.1354,32.3314],[-81.1357,32.3316],[-81.1348,32.3348],[-81.135,32.3356],[-81.1339,32.3365],[-81.135,32.3361],[-81.1356,32.3356],[-81.1358,32.3346],[-81.1353,32.3339],[-81.1356,32.3322],[-81.1362,32.331],[-81.138,32.33],[-81.1385,32.3284],[-81.1377,32.3272],[-81.1372,32.3255],[-81.1366,32.3248],[-81.1358,32.3241],[-81.1341,32.3238],[-81.1333,32.3234],[-81.1314,32.3218],[-81.1321,32.3196],[-81.1322,32.3185],[-81.1317,32.3164],[-81.1304,32.3145],[-81.1302,32.3134],[-81.131,32.3115],[-81.1327,32.3105],[-81.1333,32.3096],[-81.1335,32.3084],[-81.1322,32.307],[-81.1296,32.3065],[-81.1282,32.3066],[-81.1266,32.3072],[-81.1255,32.3084],[-81.1245,32.3084],[-81.123,32.3068],[-81.1226,32.3058],[-81.1225,32.3041],[-81.1232,32.2998],[-81.1244,32.2969],[-81.1245,32.2951],[-81.1234,32.2928],[-81.1216,32.2915],[-81.1208,32.2902],[-81.1202,32.2884],[-81.1202,32.2866],[-81.1208,32.2857],[-81.1226,32.2845],[-81.1258,32.284],[-81.1274,32.2832],[-81.1279,32.2818],[-81.1277,32.2804],[-81.1269,32.2789],[-81.1263,32.2783],[-81.1253,32.2781],[-81.1248,32.2777],[-81.1237,32.2765],[-81.1237,32.2759],[-81.1241,32.2752],[-81.1247,32.2752],[-81.127,32.2766],[-81.1279,32.2769],[-81.1298,32.2766],[-81.1306,32.276],[-81.1323,32.2734],[-81.1332,32.2706],[-81.1335,32.2702],[-81.134,32.2704],[-81.1347,32.2724],[-81.1359,32.2731],[-81.1375,32.2733],[-81.1392,32.2725],[-81.1416,32.2726],[-81.1421,32.2724],[-81.1428,32.2713],[-81.1427,32.2704],[-81.1413,32.2696],[-81.1397,32.2694],[-81.1385,32.2685],[-81.1378,32.267],[-81.1379,32.2658],[-81.1383,32.2651],[-81.1395,32.2641],[-81.1412,32.2642],[-81.1443,32.2647],[-81.1459,32.2644],[-81.1469,32.2639],[-81.1476,32.2627],[-81.1473,32.2607],[-81.147,32.26],[-81.1454,32.2588],[-81.1454,32.2584],[-81.1468,32.2573],[-81.1483,32.2566],[-81.1487,32.2569],[-81.1483,32.2586],[-81.1484,32.2598],[-81.149,32.2609],[-81.1493,32.2622],[-81.149,32.264],[-81.1484,32.2656],[-81.1485,32.2673],[-81.1483,32.2685],[-81.149,32.2699],[-81.1492,32.2712],[-81.1483,32.2739],[-81.1487,32.2733],[-81.1493,32.271],[-81.1492,32.2699],[-81.1485,32.2689],[-81.1484,32.2682],[-81.1486,32.2672],[-81.1485,32.2661],[-81.1491,32.2644],[-81.1494,32.2622],[-81.1493,32.2612],[-81.1484,32.2593],[-81.149,32.2568],[-81.1498,32.2558],[-81.15,32.2551],[-81.1497,32.2543],[-81.149,32.2539],[-81.1465,32.2514],[-81.1466,32.2509],[-81.1487,32.2498],[-81.1535,32.2484],[-81.1536,32.249],[-81.154,32.2495],[-81.1553,32.2501],[-81.1585,32.2509],[-81.1607,32.2511],[-81.1623,32.2506],[-81.1644,32.2485],[-81.166,32.2486],[-81.1671,32.2494],[-81.168,32.2524],[-81.1693,32.2541],[-81.1703,32.2547],[-81.1714,32.255],[-81.1744,32.2541],[-81.1755,32.2544],[-81.1777,32.2556],[-81.178,32.2561],[-81.1781,32.2578],[-81.1779,32.2585],[-81.1742,32.2618],[-81.1731,32.2616],[-81.1714,32.2606],[-81.1705,32.261],[-81.1704,32.2614],[-81.1707,32.2617],[-81.1726,32.2623],[-81.1731,32.2634],[-81.1721,32.2655],[-81.1716,32.2674],[-81.17,32.2694],[-81.1702,32.2715],[-81.1693,32.2719],[-81.1666,32.272],[-81.1665,32.2728],[-81.1675,32.2739],[-81.1673,32.2751],[-81.1662,32.2762],[-81.1628,32.2779],[-81.1617,32.2788],[-81.1616,32.2795],[-81.1622,32.2814],[-81.1623,32.2828],[-81.1616,32.2841],[-81.1604,32.2847],[-81.1594,32.2849],[-81.157,32.2841],[-81.1557,32.2842],[-81.1554,32.2844],[-81.1553,32.2847],[-81.1568,32.2859],[-81.1566,32.2869],[-81.1562,32.287],[-81.1549,32.2864],[-81.1538,32.2862],[-81.1526,32.2864],[-81.1519,32.2869],[-81.1517,32.2881],[-81.1507,32.2898],[-81.1507,32.292],[-81.1512,32.2923],[-81.1532,32.2923],[-81.1531,32.2927],[-81.1524,32.293],[-81.152,32.2935],[-81.1529,32.2945],[-81.1528,32.2951],[-81.1523,32.2954],[-81.1518,32.2954],[-81.1499,32.2943],[-81.1494,32.2931],[-81.1483,32.2929],[-81.1465,32.2935],[-81.1455,32.2942],[-81.1464,32.2955],[-81.1463,32.2959],[-81.1459,32.296],[-81.1429,32.2902],[-81.1438,32.2926],[-81.1458,32.2961],[-81.1463,32.2961],[-81.1465,32.2957],[-81.1463,32.2952],[-81.1457,32.2945],[-81.1459,32.2941],[-81.1481,32.2932],[-81.1493,32.2934],[-81.15,32.2948],[-81.1517,32.2956],[-81.1524,32.2956],[-81.1528,32.2955],[-81.1532,32.2948],[-81.1523,32.2935],[-81.1534,32.293],[-81.1535,32.2925],[-81.1533,32.2922],[-81.1512,32.2921],[-81.1509,32.291],[-81.151,32.2898],[-81.1518,32.2886],[-81.1522,32.287],[-81.1537,32.2864],[-81.155,32.2867],[-81.1563,32.2872],[-81.1569,32.287],[-81.1571,32.2866],[-81.1571,32.2858],[-81.1556,32.2847],[-81.1558,32.2844],[-81.1574,32.2845],[-81.1597,32.2852],[-81.1611,32.2848],[-81.162,32.2842],[-81.1626,32.2831],[-81.1624,32.2808],[-81.162,32.2795],[-81.162,32.279],[-81.1625,32.2784],[-81.1659,32.2767],[-81.1659,32.2786],[-81.1676,32.2799],[-81.1682,32.2797],[-81.1683,32.2792],[-81.1677,32.2781],[-81.1677,32.2772],[-81.1682,32.278],[-81.1702,32.2784],[-81.1703,32.2789],[-81.1699,32.28],[-81.1697,32.2814],[-81.1703,32.2818],[-81.1714,32.2815],[-81.1714,32.2812],[-81.1708,32.281],[-81.1708,32.2808],[-81.1712,32.2803],[-81.1723,32.2795],[-81.1727,32.2795],[-81.1732,32.2802],[-81.1735,32.2803],[-81.1756,32.28],[-81.177,32.28],[-81.1774,32.2808],[-81.1769,32.2826],[-81.1753,32.2839],[-81.1744,32.2852],[-81.1748,32.2853],[-81.176,32.2847],[-81.1764,32.284],[-81.1769,32.2841],[-81.179,32.2858],[-81.1801,32.2872],[-81.18,32.2876],[-81.1789,32.2878],[-81.1772,32.289],[-81.1741,32.2907],[-81.1738,32.2912],[-81.1737,32.2921],[-81.1695,32.2907],[-81.173,32.2968],[-81.1821,32.3047],[-81.1824,32.3051],[-81.1823,32.3056],[-81.1811,32.3069],[-81.1808,32.308],[-81.1803,32.308],[-81.1714,32.304],[-81.1667,32.3107],[-81.1684,32.3116],[-81.1573,32.328],[-81.1624,32.3304],[-81.1581,32.3371],[-81.1574,32.3367],[-81.1564,32.3368],[-81.1457,32.3395],[-81.1445,32.3397],[-81.1435,32.3393],[-81.1428,32.3397],[-81.1428,32.3403],[-81.1437,32.3403],[-81.1442,32.3406],[-81.1441,32.3424],[-81.1445,32.3426],[-81.1451,32.3424],[-81.1465,32.343],[-81.1467,32.3435],[-81.1473,32.344],[-81.1472,32.3443],[-81.1465,32.3446],[-81.1451,32.3448],[-81.1448,32.3455],[-81.1453,32.3463],[-81.1474,32.3479],[-81.147,32.3486],[-81.1473,32.3495],[-81.1469,32.3498],[-81.1444,32.3511],[-81.1437,32.351],[-81.1426,32.3506],[-81.1416,32.3498],[-81.1405,32.3471],[-81.1401,32.3453],[-81.1396,32.3446],[-81.1383,32.3437],[-81.1359,32.3431],[-81.1357,32.3428],[-81.1356,32.3419],[-81.1354,32.3416]]],[[[-81.1427,32.2861],[-81.143,32.2866],[-81.1429,32.2862],[-81.1427,32.2861]]],[[[-81.1429,32.2851],[-81.1427,32.2857],[-81.1429,32.2854],[-81.1429,32.2851]]],[[[-81.144,32.284],[-81.1437,32.2842],[-81.1439,32.2841],[-81.144,32.284]]],[[[-81.1454,32.2831],[-81.1445,32.2821],[-81.1453,32.2834],[-81.1444,32.2837],[-81.1453,32.2836],[-81.1454,32.2831]]],[[[-81.1448,32.2811],[-81.1449,32.2814],[-81.1449,32.2813],[-81.1448,32.2811]]],[[[-81.1455,32.279],[-81.1454,32.2792],[-81.1452,32.2797],[-81.1455,32.279]]],[[[-81.1458,32.2786],[-81.1457,32.2786],[-81.1457,32.2787],[-81.1458,32.2786]]],[[[-81.1474,32.2761],[-81.1464,32.2778],[-81.147,32.277],[-81.1474,32.2761]]],[[[-81.1482,32.2741],[-81.1476,32.2748],[-81.1478,32.275],[-81.1476,32.2756],[-81.1482,32.2741]]],[[[-81.5173,32.8873],[-81.5184,32.8872],[-81.5192,32.8891],[-81.5188,32.8895],[-81.5178,32.89],[-81.5175,32.8904],[-81.516,32.8906],[-81.5154,32.8881],[-81.5165,32.8875],[-81.5173,32.8873]]]]},"properties":{"id":"usgs-pad-us-fee-managers:4291","name":"Savannah National Wildlife Refuge","kind":"land","category":"public-land","sourceCategory":"public-land","sourceId":"usgs-pad-us-fee-managers","sourceUrl":"https://services.arcgis.com/v01gqwM5QqNysAAi/arcgis/rest/services/Fee_Managers_PADUS/FeatureServer/0","sourceUpdated":"2021-01-28T05:00:00.000Z","publicUse":"PAD-US reports restricted access; confirm permits and seasonal rules with the manager.","unit":"FWS","origin":"public-catalog"}},{"type":"Feature","id":"usgs-pad-us-fee-managers:4431","geometry":{"type":"Polygon","coordinates":[[[-84.6709,32.8857],[-84.6706,32.885],[-84.6713,32.8831],[-84.6708,32.8829],[-84.6711,32.8825],[-84.672,32.883],[-84.6729,32.8826],[-84.6732,32.8822],[-84.6737,32.8824],[-84.6736,32.8836],[-84.6744,32.884],[-84.6743,32.8847],[-84.6752,32.8861],[-84.6745,32.8867],[-84.6741,32.886],[-84.6728,32.887],[-84.6716,32.891],[-84.6695,32.8906],[-84.6709,32.8857]]]},"properties":{"id":"usgs-pad-us-fee-managers:4431","name":"Warm Springs National Fish Hatchery","kind":"land","category":"public-land","sourceCategory":"public-land","sourceId":"usgs-pad-us-fee-managers","sourceUrl":"https://services.arcgis.com/v01gqwM5QqNysAAi/arcgis/rest/services/Fee_Managers_PADUS/FeatureServer/0","sourceUpdated":"2021-01-28T05:00:00.000Z","publicUse":"PAD-US reports restricted access; confirm permits and seasonal rules with the manager.","unit":"FWS","origin":"public-catalog"}},{"type":"Feature","id":"usgs-pad-us-fee-managers:4434","geometry":{"type":"MultiPolygon","coordinates":[[[[-81.0144,31.9071],[-81.0103,31.9049],[-81.0088,31.9033],[-81.0085,31.9022],[-81.0086,31.894],[-81.0083,31.8911],[-81.0082,31.8874],[-81.0074,31.8843],[-81.0063,31.8833],[-81.0021,31.8773],[-81.0004,31.8738],[-81,31.8708],[-81.0011,31.8689],[-81.0029,31.8686],[-81.0194,31.8674],[-81.0251,31.8683],[-81.0272,31.8683],[-81.0279,31.8679],[-81.0303,31.8699],[-81.0305,31.871],[-81.0308,31.8713],[-81.0307,31.8721],[-81.0312,31.8727],[-81.034,31.8742],[-81.0355,31.8739],[-81.0362,31.8751],[-81.0382,31.875],[-81.0402,31.8755],[-81.0418,31.8762],[-81.0483,31.8754],[-81.049,31.8754],[-81.05,31.8759],[-81.0503,31.8756],[-81.0519,31.8756],[-81.0522,31.8757],[-81.0524,31.8764],[-81.0539,31.8762],[-81.0549,31.8767],[-81.0553,31.8777],[-81.055,31.8801],[-81.0532,31.8829],[-81.0526,31.8857],[-81.0519,31.8867],[-81.0503,31.8872],[-81.0482,31.8875],[-81.0466,31.888],[-81.0452,31.8895],[-81.0432,31.8929],[-81.0409,31.8939],[-81.0398,31.8936],[-81.0361,31.8909],[-81.0346,31.8887],[-81.0314,31.888],[-81.0291,31.8885],[-81.0275,31.8898],[-81.0269,31.8917],[-81.0267,31.8935],[-81.0272,31.8967],[-81.0267,31.8979],[-81.0237,31.8998],[-81.0221,31.9012],[-81.0211,31.9031],[-81.0203,31.9051],[-81.0191,31.9068],[-81.0182,31.9074],[-81.017,31.9076],[-81.0153,31.9074],[-81.0144,31.9071]]],[[[-80.9897,31.9294],[-80.9875,31.9286],[-80.9852,31.9281],[-80.9843,31.9276],[-80.9813,31.9265],[-80.9809,31.926],[-80.9799,31.9261],[-80.9792,31.9255],[-80.9777,31.9252],[-80.9766,31.9244],[-80.9753,31.9239],[-80.9741,31.9229],[-80.9701,31.9171],[-80.9694,31.9173],[-80.9692,31.9165],[-80.968,31.9158],[-80.9678,31.9152],[-80.9671,31.914],[-80.9656,31.9132],[-80.9654,31.9135],[-80.9659,31.9138],[-80.9657,31.914],[-80.9637,31.9141],[-80.9634,31.9139],[-80.9635,31.9133],[-80.9625,31.9125],[-80.961,31.9132],[-80.9613,31.9127],[-80.9608,31.9123],[-80.9594,31.9118],[-80.9589,31.9115],[-80.9579,31.9114],[-80.9569,31.9119],[-80.9549,31.9118],[-80.9541,31.9114],[-80.9526,31.9117],[-80.9518,31.9114],[-80.9512,31.9115],[-80.9507,31.912],[-80.9494,31.9121],[-80.9491,31.9125],[-80.9477,31.9131],[-80.9454,31.913],[-80.9443,31.9127],[-80.9444,31.913],[-80.9433,31.9128],[-80.9433,31.913],[-80.9428,31.9132],[-80.9418,31.9133],[-80.9401,31.9129],[-80.9358,31.91],[-80.9349,31.9101],[-80.9345,31.909],[-80.9356,31.9075],[-80.937,31.906],[-80.9402,31.9033],[-80.9419,31.9014],[-80.9432,31.9005],[-80.9456,31.8977],[-80.9504,31.894],[-80.9583,31.8886],[-80.9599,31.8906],[-80.9625,31.892],[-80.9595,31.8937],[-80.9584,31.8949],[-80.9587,31.8956],[-80.9595,31.8967],[-80.9595,31.8976],[-80.9616,31.8989],[-80.9643,31.8993],[-80.9671,31.8993],[-80.9675,31.8992],[-80.9674,31.8985],[-80.9664,31.8981],[-80.9659,31.8976],[-80.9663,31.8974],[-80.9662,31.8968],[-80.9668,31.8962],[-80.9673,31.8949],[-80.9678,31.8949],[-80.9684,31.8952],[-80.9693,31.8941],[-80.9718,31.8935],[-80.9738,31.8925],[-80.9688,31.888],[-80.9647,31.8903],[-80.962,31.889],[-80.9604,31.8871],[-80.9676,31.8817],[-80.9724,31.8776],[-80.9853,31.8651],[-80.9907,31.8591],[-80.9934,31.8572],[-80.9948,31.8567],[-80.9956,31.8567],[-80.999,31.8571],[-81.0011,31.8577],[-81.0021,31.8584],[-81.0026,31.8593],[-81.0027,31.8604],[-81.002,31.862],[-81.0011,31.8635],[-80.9998,31.8647],[-80.9985,31.8668],[-80.9969,31.8726],[-80.9977,31.8756],[-80.9981,31.876],[-80.9992,31.8788],[-81.0018,31.8828],[-81.0045,31.8856],[-81.005,31.8866],[-81.0058,31.8918],[-81.0056,31.8942],[-81.0063,31.8978],[-81.0069,31.9032],[-81.0074,31.9042],[-81.009,31.906],[-81.0104,31.9071],[-81.0106,31.9079],[-81.0101,31.9087],[-81.0108,31.9094],[-81.0118,31.9098],[-81.0122,31.9104],[-81.0135,31.9113],[-81.0137,31.9117],[-81.0135,31.9126],[-81.0136,31.9137],[-81.0132,31.915],[-81.0104,31.9152],[-81.0091,31.9159],[-81.0087,31.9164],[-81.0084,31.9184],[-81.0087,31.9205],[-81.0083,31.925],[-81.0084,31.9286],[-81.0057,31.9302],[-81.0047,31.9304],[-81.0034,31.9303],[-81.0003,31.929],[-80.9988,31.9289],[-80.9968,31.9289],[-80.9921,31.93],[-80.9897,31.9294]]]]},"properties":{"id":"usgs-pad-us-fee-managers:4434","name":"Wassaw National Wildlife Refuge","kind":"land","category":"public-land","sourceCategory":"public-land","sourceId":"usgs-pad-us-fee-managers","sourceUrl":"https://services.arcgis.com/v01gqwM5QqNysAAi/arcgis/rest/services/Fee_Managers_PADUS/FeatureServer/0","sourceUpdated":"2021-01-28T05:00:00.000Z","publicUse":"PAD-US reports restricted access; confirm permits and seasonal rules with the manager.","unit":"FWS","origin":"public-catalog"}},{"type":"Feature","id":"usgs-pad-us-fee-managers:4461","geometry":{"type":"MultiPolygon","coordinates":[[[[-81.3065,31.3149],[-81.3044,31.3144],[-81.3024,31.3135],[-81.2982,31.31],[-81.2981,31.3095],[-81.2976,31.3091],[-81.2978,31.3088],[-81.2976,31.3084],[-81.2962,31.308],[-81.2961,31.3083],[-81.2955,31.3082],[-81.294,31.3069],[-81.2928,31.3051],[-81.2924,31.3033],[-81.2918,31.3017],[-81.2917,31.3005],[-81.291,31.3001],[-81.291,31.2992],[-81.2921,31.297],[-81.293,31.2958],[-81.2933,31.2947],[-81.2938,31.2945],[-81.2946,31.2938],[-81.2946,31.293],[-81.2952,31.2924],[-81.2969,31.293],[-81.2984,31.294],[-81.3018,31.2968],[-81.3036,31.2994],[-81.3064,31.3043],[-81.3075,31.3059],[-81.3096,31.308],[-81.3109,31.3109],[-81.3136,31.3136],[-81.3142,31.3149],[-81.3121,31.3153],[-81.3065,31.3149]]],[[[-81.2998,31.3159],[-81.2962,31.3146],[-81.2958,31.3141],[-81.2975,31.3145],[-81.2997,31.3154],[-81.3003,31.3157],[-81.2998,31.3159]]],[[[-81.2877,31.3522],[-81.2877,31.3523],[-81.2877,31.3522],[-81.2877,31.3522]]],[[[-81.2877,31.3522],[-81.2881,31.3516],[-81.288,31.3513],[-81.2887,31.3511],[-81.2894,31.3513],[-81.2905,31.3523],[-81.2901,31.3526],[-81.2877,31.3522]]],[[[-81.3122,31.3657],[-81.3098,31.3654],[-81.3037,31.3667],[-81.3031,31.3665],[-81.3032,31.3658],[-81.3006,31.3626],[-81.3008,31.3613],[-81.3019,31.3596],[-81.3023,31.3585],[-81.3021,31.3572],[-81.3014,31.3553],[-81.3001,31.3534],[-81.3002,31.3524],[-81.3006,31.3517],[-81.3013,31.3513],[-81.3023,31.3514],[-81.3037,31.3531],[-81.3047,31.3563],[-81.3057,31.3582],[-81.3073,31.3588],[-81.3082,31.3587],[-81.3089,31.3582],[-81.3093,31.3572],[-81.309,31.3562],[-81.3082,31.3547],[-81.3079,31.3537],[-81.3063,31.3517],[-81.3062,31.3507],[-81.3067,31.3503],[-81.3075,31.3503],[-81.3083,31.3509],[-81.3096,31.3527],[-81.3106,31.3531],[-81.3116,31.3529],[-81.3127,31.3515],[-81.3141,31.3471],[-81.3132,31.3455],[-81.3125,31.3451],[-81.3116,31.345],[-81.3106,31.3453],[-81.3102,31.3457],[-81.3097,31.3478],[-81.3092,31.3484],[-81.3083,31.3487],[-81.3071,31.3483],[-81.3068,31.3467],[-81.3082,31.3423],[-81.3077,31.3413],[-81.3068,31.3409],[-81.3072,31.3404],[-81.3076,31.3402],[-81.3081,31.3406],[-81.3092,31.3407],[-81.309,31.3403],[-81.308,31.3397],[-81.3095,31.3386],[-81.3107,31.3393],[-81.31,31.3404],[-81.3092,31.3408],[-81.3096,31.3413],[-81.3111,31.3401],[-81.3118,31.3407],[-81.3131,31.3411],[-81.3149,31.3403],[-81.316,31.3404],[-81.3161,31.341],[-81.3146,31.3414],[-81.3141,31.3422],[-81.3148,31.343],[-81.3161,31.3432],[-81.3156,31.3437],[-81.3155,31.3446],[-81.3167,31.346],[-81.3171,31.3472],[-81.3184,31.3479],[-81.3194,31.349],[-81.3207,31.349],[-81.3206,31.3506],[-81.3201,31.3517],[-81.3203,31.3538],[-81.3211,31.3541],[-81.3225,31.3537],[-81.3231,31.3532],[-81.3244,31.3527],[-81.3242,31.3525],[-81.3223,31.3534],[-81.3207,31.3536],[-81.3206,31.3517],[-81.321,31.3511],[-81.321,31.3504],[-81.3214,31.349],[-81.3207,31.3485],[-81.3194,31.3485],[-81.3186,31.3475],[-81.3177,31.347],[-81.3173,31.346],[-81.3161,31.3445],[-81.3163,31.344],[-81.3168,31.3438],[-81.3169,31.3429],[-81.3163,31.3424],[-81.3147,31.3421],[-81.315,31.3419],[-81.3168,31.3419],[-81.3173,31.3414],[-81.3169,31.3404],[-81.3163,31.3399],[-81.3144,31.3395],[-81.3147,31.3384],[-81.3151,31.3382],[-81.3163,31.3385],[-81.317,31.3384],[-81.3173,31.338],[-81.3174,31.3372],[-81.3176,31.337],[-81.3194,31.3379],[-81.32,31.3378],[-81.3203,31.3372],[-81.3194,31.3378],[-81.3185,31.3369],[-81.3175,31.3368],[-81.3171,31.3372],[-81.317,31.3378],[-81.3166,31.3383],[-81.3155,31.3379],[-81.3148,31.338],[-81.3141,31.3386],[-81.3138,31.3396],[-81.3127,31.34],[-81.3126,31.339],[-81.3118,31.3377],[-81.3111,31.3374],[-81.3106,31.3377],[-81.31,31.3359],[-81.3094,31.3353],[-81.3082,31.3347],[-81.3078,31.333],[-81.3079,31.3327],[-81.3084,31.3326],[-81.31,31.3331],[-81.3112,31.333],[-81.3117,31.3336],[-81.3124,31.3337],[-81.3128,31.3331],[-81.312,31.3325],[-81.3131,31.3317],[-81.3121,31.3318],[-81.3119,31.3321],[-81.3119,31.3327],[-81.3123,31.3332],[-81.312,31.3335],[-81.3115,31.3327],[-81.3104,31.3326],[-81.3081,31.332],[-81.3076,31.3323],[-81.3072,31.333],[-81.3072,31.3345],[-81.3073,31.3349],[-81.3087,31.3365],[-81.3067,31.3365],[-81.3061,31.3362],[-81.3058,31.3357],[-81.3056,31.3348],[-81.3044,31.3339],[-81.3045,31.3336],[-81.305,31.3334],[-81.3043,31.3337],[-81.3044,31.3341],[-81.3054,31.335],[-81.306,31.3363],[-81.3066,31.3367],[-81.3087,31.3369],[-81.309,31.3372],[-81.309,31.3376],[-81.3076,31.3381],[-81.3058,31.3392],[-81.3049,31.3384],[-81.304,31.3367],[-81.302,31.3347],[-81.3013,31.3342],[-81.3,31.334],[-81.3003,31.3326],[-81.2998,31.3319],[-81.2992,31.3317],[-81.2981,31.3323],[-81.2975,31.3321],[-81.2976,31.3317],[-81.2987,31.3313],[-81.299,31.3307],[-81.2988,31.3297],[-81.2989,31.3284],[-81.2979,31.3282],[-81.2978,31.3284],[-81.2986,31.3284],[-81.2988,31.3287],[-81.2985,31.3302],[-81.2987,31.3307],[-81.2986,31.3309],[-81.2973,31.3315],[-81.2972,31.3319],[-81.2973,31.3323],[-81.2979,31.3326],[-81.2995,31.3323],[-81.2999,31.3325],[-81.2995,31.3335],[-81.2996,31.3341],[-81.3003,31.3346],[-81.3014,31.3348],[-81.3035,31.3368],[-81.3051,31.3395],[-81.305,31.3399],[-81.3025,31.342],[-81.3003,31.3419],[-81.2971,31.3413],[-81.2967,31.3411],[-81.2953,31.3391],[-81.2926,31.3366],[-81.2921,31.3364],[-81.2907,31.3367],[-81.2891,31.3387],[-81.2883,31.3387],[-81.2879,31.3384],[-81.288,31.3369],[-81.2878,31.336],[-81.2898,31.3354],[-81.2903,31.3345],[-81.2899,31.3339],[-81.2879,31.3332],[-81.2879,31.3326],[-81.2884,31.3317],[-81.2881,31.3316],[-81.2875,31.3329],[-81.2876,31.3333],[-81.2896,31.334],[-81.2899,31.3345],[-81.2895,31.3352],[-81.2877,31.3355],[-81.2875,31.336],[-81.2875,31.3386],[-81.2885,31.3393],[-81.2893,31.3391],[-81.29,31.3386],[-81.2909,31.3371],[-81.2915,31.3367],[-81.2921,31.3367],[-81.2953,31.3399],[-81.2959,31.3413],[-81.2923,31.343],[-81.2885,31.3459],[-81.2873,31.3461],[-81.2862,31.3459],[-81.2859,31.3456],[-81.2857,31.3448],[-81.285,31.3404],[-81.2849,31.3361],[-81.2853,31.3346],[-81.2849,31.3301],[-81.2856,31.3258],[-81.2866,31.3244],[-81.2872,31.324],[-81.2893,31.3241],[-81.291,31.3236],[-81.2935,31.3244],[-81.2945,31.3245],[-81.2979,31.3238],[-81.3001,31.3226],[-81.3013,31.3223],[-81.3048,31.3236],[-81.3098,31.3248],[-81.3114,31.3261],[-81.3134,31.3272],[-81.3142,31.3273],[-81.3161,31.3282],[-81.3183,31.3289],[-81.3202,31.33],[-81.3211,31.3302],[-81.3248,31.3325],[-81.3256,31.3341],[-81.3266,31.3394],[-81.3263,31.344],[-81.3264,31.3458],[-81.3269,31.3471],[-81.328,31.3493],[-81.3307,31.3524],[-81.3312,31.3533],[-81.3319,31.354],[-81.3318,31.3542],[-81.3325,31.3548],[-81.3353,31.358],[-81.3364,31.3588],[-81.3369,31.3597],[-81.3366,31.3612],[-81.3355,31.3626],[-81.3335,31.3633],[-81.3309,31.3637],[-81.3294,31.3632],[-81.3281,31.3635],[-81.3262,31.3643],[-81.3251,31.3651],[-81.324,31.3671],[-81.3227,31.3686],[-81.3206,31.3692],[-81.3188,31.3688],[-81.317,31.3678],[-81.3154,31.3666],[-81.3122,31.3657]]],[[[-81.2941,31.3662],[-81.2935,31.3662],[-81.2932,31.3659],[-81.2921,31.3637],[-81.2914,31.362],[-81.2921,31.3607],[-81.2924,31.3587],[-81.2921,31.3548],[-81.2912,31.3538],[-81.2919,31.3534],[-81.2919,31.3508],[-81.2912,31.3498],[-81.2897,31.3493],[-81.288,31.3482],[-81.2885,31.3476],[-81.2949,31.3432],[-81.298,31.3429],[-81.3018,31.3434],[-81.3039,31.3428],[-81.3063,31.3414],[-81.3074,31.3416],[-81.3077,31.342],[-81.3076,31.343],[-81.3064,31.3464],[-81.3067,31.3483],[-81.3079,31.3489],[-81.3085,31.349],[-81.309,31.3487],[-81.3099,31.3481],[-81.3107,31.3456],[-81.3118,31.3453],[-81.3126,31.3454],[-81.3131,31.3458],[-81.3137,31.3471],[-81.3122,31.3515],[-81.3113,31.3526],[-81.3105,31.3527],[-81.3099,31.3522],[-81.3089,31.3507],[-81.308,31.35],[-81.3067,31.3498],[-81.3057,31.3504],[-81.3055,31.3513],[-81.3057,31.3519],[-81.3071,31.3538],[-81.3089,31.3572],[-81.3088,31.3578],[-81.3084,31.3583],[-81.3072,31.3585],[-81.3064,31.3582],[-81.3057,31.3575],[-81.3047,31.354],[-81.3032,31.3517],[-81.3019,31.351],[-81.3006,31.3513],[-81.2997,31.3524],[-81.2996,31.3533],[-81.3013,31.3563],[-81.3017,31.3584],[-81.3015,31.3594],[-81.3002,31.3614],[-81.3001,31.3625],[-81.3004,31.3633],[-81.3016,31.3651],[-81.3019,31.366],[-81.3002,31.3663],[-81.2941,31.3662]]]]},"properties":{"id":"usgs-pad-us-fee-managers:4461","name":"Wolf Island National Wildlife Refuge","kind":"land","category":"public-land","sourceCategory":"public-land","sourceId":"usgs-pad-us-fee-managers","sourceUrl":"https://services.arcgis.com/v01gqwM5QqNysAAi/arcgis/rest/services/Fee_Managers_PADUS/FeatureServer/0","sourceUpdated":"2021-01-28T05:00:00.000Z","publicUse":"PAD-US reports restricted access; confirm permits and seasonal rules with the manager.","unit":"FWS","origin":"public-catalog"}},{"type":"Feature","id":"usgs-pad-us-fee-managers:4510","geometry":{"type":"Polygon","coordinates":[[[-83.0945,31.0367],[-83.0946,31.035],[-83.0935,31.035],[-83.0935,31.0341],[-83.0917,31.0332],[-83.0886,31.0331],[-83.0899,31.0318],[-83.089,31.0311],[-83.0884,31.0312],[-83.0877,31.0316],[-83.0868,31.0312],[-83.0846,31.031],[-83.0823,31.0317],[-83.0813,31.0323],[-83.0787,31.0322],[-83.0784,31.0323],[-83.0781,31.0333],[-83.0775,31.0337],[-83.0768,31.0333],[-83.0768,31.0323],[-83.0764,31.0323],[-83.0746,31.0334],[-83.0727,31.0321],[-83.0735,31.032],[-83.0746,31.0312],[-83.0758,31.0314],[-83.0771,31.0312],[-83.0773,31.0307],[-83.0761,31.0282],[-83.0752,31.0284],[-83.075,31.0301],[-83.0743,31.0301],[-83.074,31.0294],[-83.0743,31.0284],[-83.0741,31.0278],[-83.0733,31.0272],[-83.0719,31.027],[-83.0719,31.0266],[-83.0961,31.0262],[-83.0962,31.0194],[-83.0957,31.0195],[-83.0961,31.0187],[-83.0949,31.018],[-83.0942,31.0172],[-83.0929,31.0165],[-83.093,31.0159],[-83.0934,31.0158],[-83.0938,31.0158],[-83.0946,31.0163],[-83.0961,31.0179],[-83.0962,31.0164],[-83.0968,31.0157],[-83.0971,31.0172],[-83.0966,31.0187],[-83.0969,31.0192],[-83.1004,31.0188],[-83.1006,31.0186],[-83.1004,31.0177],[-83.1008,31.0168],[-83.1014,31.0165],[-83.1025,31.0166],[-83.103,31.0163],[-83.104,31.0153],[-83.1049,31.0138],[-83.1319,31.0141],[-83.1632,31.0134],[-83.1636,31.0255],[-83.1365,31.026],[-83.1367,31.0337],[-83.1352,31.0331],[-83.1336,31.0327],[-83.1326,31.0316],[-83.1317,31.0317],[-83.1315,31.0314],[-83.1305,31.031],[-83.13,31.0313],[-83.1299,31.032],[-83.1308,31.0319],[-83.1312,31.0323],[-83.1321,31.0326],[-83.1326,31.0331],[-83.1323,31.0334],[-83.1315,31.0333],[-83.1304,31.0327],[-83.1298,31.0328],[-83.1295,31.0323],[-83.1279,31.0316],[-83.128,31.0313],[-83.1286,31.0312],[-83.1286,31.0309],[-83.1277,31.0307],[-83.1273,31.0304],[-83.1263,31.0305],[-83.1263,31.0302],[-83.1232,31.0298],[-83.1222,31.0295],[-83.1206,31.0283],[-83.1198,31.0268],[-83.1198,31.026],[-83.1128,31.0262],[-83.1128,31.027],[-83.1134,31.0277],[-83.1166,31.0276],[-83.117,31.0278],[-83.1175,31.0289],[-83.1164,31.03],[-83.1158,31.0298],[-83.1155,31.029],[-83.1151,31.0289],[-83.1141,31.0293],[-83.1142,31.0295],[-83.1134,31.0305],[-83.1131,31.0312],[-83.1125,31.0314],[-83.1125,31.0318],[-83.1063,31.0331],[-83.1061,31.0324],[-83.1054,31.0326],[-83.1046,31.0334],[-83.1023,31.0343],[-83.1024,31.0346],[-83.0986,31.035],[-83.0945,31.0367]]]},"properties":{"id":"usgs-pad-us-fee-managers:4510","name":"Banks Lake National Wildlife Refuge","kind":"land","category":"public-land","sourceCategory":"public-land","sourceId":"usgs-pad-us-fee-managers","sourceUrl":"https://services.arcgis.com/v01gqwM5QqNysAAi/arcgis/rest/services/Fee_Managers_PADUS/FeatureServer/0","sourceUpdated":"2021-12-08T05:00:00.000Z","publicUse":"PAD-US reports restricted access; confirm permits and seasonal rules with the manager.","unit":"FWS","origin":"public-catalog"}},{"type":"Feature","id":"usgs-pad-us-fee-managers:4548","geometry":{"type":"MultiPolygon","coordinates":[[[[-81.2193,31.4948],[-81.2181,31.4948],[-81.2174,31.4943],[-81.2134,31.4906],[-81.2122,31.4899],[-81.2083,31.4865],[-81.2072,31.4845],[-81.2079,31.4839],[-81.209,31.4839],[-81.2117,31.4849],[-81.2142,31.4853],[-81.2151,31.4856],[-81.2176,31.4858],[-81.2182,31.4857],[-81.2183,31.4863],[-81.2191,31.4867],[-81.2205,31.4861],[-81.2207,31.4863],[-81.2202,31.4872],[-81.2205,31.488],[-81.2194,31.4884],[-81.2193,31.4889],[-81.2197,31.4892],[-81.2208,31.4891],[-81.221,31.4898],[-81.2201,31.4897],[-81.2198,31.4901],[-81.2206,31.4907],[-81.2215,31.4905],[-81.2211,31.491],[-81.2215,31.4908],[-81.2216,31.4904],[-81.2206,31.4906],[-81.22,31.4899],[-81.2211,31.4899],[-81.221,31.4892],[-81.2206,31.4889],[-81.2195,31.4889],[-81.2195,31.4887],[-81.2204,31.4885],[-81.2207,31.4882],[-81.2205,31.4871],[-81.2209,31.4866],[-81.2209,31.486],[-81.2201,31.4859],[-81.2188,31.4863],[-81.2185,31.4859],[-81.2185,31.4856],[-81.2196,31.4847],[-81.2198,31.484],[-81.2198,31.4813],[-81.2202,31.4792],[-81.2208,31.4781],[-81.2217,31.4778],[-81.2253,31.4742],[-81.2265,31.4738],[-81.2242,31.4782],[-81.2242,31.4798],[-81.2229,31.4804],[-81.2218,31.4828],[-81.2225,31.4844],[-81.2237,31.4826],[-81.2243,31.484],[-81.2243,31.4869],[-81.225,31.4879],[-81.2245,31.4906],[-81.2249,31.4916],[-81.2241,31.493],[-81.2236,31.4966],[-81.2228,31.4959],[-81.2193,31.4948]]],[[[-81.2181,31.5168],[-81.2167,31.5138],[-81.2149,31.5125],[-81.2126,31.5119],[-81.2128,31.5113],[-81.2148,31.5094],[-81.2156,31.5071],[-81.219,31.5056],[-81.22,31.5047],[-81.2203,31.5042],[-81.2222,31.5035],[-81.2226,31.501],[-81.2228,31.501],[-81.2243,31.5024],[-81.2256,31.5023],[-81.2259,31.5016],[-81.2272,31.5],[-81.2274,31.499],[-81.2291,31.4992],[-81.2295,31.4995],[-81.2298,31.5006],[-81.2311,31.5005],[-81.2314,31.5009],[-81.2315,31.5008],[-81.2313,31.5004],[-81.2301,31.5004],[-81.2295,31.4992],[-81.2303,31.4993],[-81.2312,31.4991],[-81.2313,31.4994],[-81.2323,31.5],[-81.2332,31.5001],[-81.2334,31.5004],[-81.2335,31.5021],[-81.2317,31.5056],[-81.2307,31.506],[-81.2297,31.506],[-81.2272,31.5077],[-81.2286,31.5087],[-81.229,31.5101],[-81.2297,31.5107],[-81.2297,31.511],[-81.2287,31.511],[-81.2291,31.5117],[-81.2272,31.5121],[-81.2256,31.5134],[-81.2247,31.5133],[-81.2245,31.5129],[-81.2254,31.5129],[-81.2257,31.5126],[-81.2254,31.5122],[-81.2246,31.5121],[-81.2253,31.5126],[-81.2242,31.5127],[-81.2247,31.5142],[-81.2239,31.5144],[-81.2235,31.5152],[-81.224,31.5144],[-81.2248,31.5143],[-81.2248,31.5137],[-81.2258,31.5137],[-81.2272,31.5124],[-81.23,31.5119],[-81.2291,31.5149],[-81.2296,31.5159],[-81.2309,31.5169],[-81.2309,31.5173],[-81.2298,31.5175],[-81.229,31.5179],[-81.2281,31.5195],[-81.2278,31.519],[-81.2278,31.5169],[-81.2273,31.5163],[-81.2269,31.5163],[-81.2263,31.5167],[-81.2249,31.5185],[-81.2235,31.5194],[-81.2228,31.5204],[-81.2226,31.5202],[-81.2228,31.5196],[-81.2227,31.5187],[-81.2223,31.5174],[-81.2215,31.5169],[-81.2206,31.517],[-81.2199,31.5177],[-81.2196,31.5189],[-81.2205,31.5221],[-81.2202,31.5219],[-81.22,31.521],[-81.2187,31.5188],[-81.2181,31.5168]]],[[[-81.1968,31.5361],[-81.1962,31.5362],[-81.1961,31.5356],[-81.1949,31.5354],[-81.1948,31.5351],[-81.1941,31.5348],[-81.1939,31.5349],[-81.1924,31.534],[-81.1881,31.5306],[-81.1875,31.5305],[-81.1852,31.5282],[-81.1837,31.5272],[-81.1788,31.5205],[-81.1783,31.5203],[-81.1768,31.5177],[-81.1756,31.5168],[-81.176,31.5162],[-81.1802,31.5131],[-81.1833,31.5112],[-81.1853,31.5096],[-81.1878,31.5072],[-81.1901,31.5042],[-81.1934,31.4985],[-81.2018,31.4799],[-81.2038,31.4764],[-81.208,31.4704],[-81.2108,31.4672],[-81.2191,31.4593],[-81.2231,31.4549],[-81.2252,31.4525],[-81.2271,31.4495],[-81.2295,31.4478],[-81.2318,31.4475],[-81.2323,31.4481],[-81.2324,31.4492],[-81.2295,31.4528],[-81.2286,31.4535],[-81.2257,31.4544],[-81.2232,31.4558],[-81.2219,31.4571],[-81.2212,31.4584],[-81.2209,31.4595],[-81.2209,31.4609],[-81.2218,31.4633],[-81.2229,31.4648],[-81.2267,31.4678],[-81.2281,31.4695],[-81.2273,31.4709],[-81.2242,31.4737],[-81.2231,31.475],[-81.2215,31.4754],[-81.2196,31.4775],[-81.2192,31.4785],[-81.2183,31.4826],[-81.2188,31.4843],[-81.2184,31.4846],[-81.2169,31.4846],[-81.215,31.4843],[-81.2121,31.4835],[-81.2089,31.4832],[-81.2072,31.4837],[-81.2063,31.4849],[-81.2066,31.4859],[-81.2075,31.4872],[-81.2165,31.4947],[-81.2184,31.4954],[-81.2184,31.4951],[-81.2193,31.495],[-81.2212,31.4959],[-81.2226,31.4962],[-81.2233,31.4967],[-81.2242,31.4982],[-81.227,31.4993],[-81.2263,31.5007],[-81.2249,31.5021],[-81.2243,31.502],[-81.223,31.5006],[-81.2223,31.5008],[-81.2219,31.5014],[-81.2219,31.5032],[-81.22,31.5038],[-81.2188,31.5053],[-81.2153,31.5067],[-81.2149,31.5074],[-81.2144,31.5089],[-81.2124,31.5108],[-81.2119,31.5117],[-81.212,31.5122],[-81.2127,31.5126],[-81.215,31.5131],[-81.2163,31.5142],[-81.2194,31.522],[-81.2192,31.5224],[-81.2163,31.5242],[-81.2147,31.5256],[-81.2147,31.526],[-81.2137,31.5268],[-81.2139,31.5273],[-81.2137,31.5274],[-81.2138,31.5279],[-81.2135,31.5279],[-81.2133,31.5284],[-81.2118,31.5294],[-81.2116,31.5302],[-81.2106,31.5304],[-81.2106,31.5307],[-81.2103,31.5305],[-81.21,31.5307],[-81.2101,31.5312],[-81.2098,31.5316],[-81.2085,31.5313],[-81.2062,31.5321],[-81.206,31.5327],[-81.205,31.5333],[-81.2052,31.5334],[-81.2046,31.5338],[-81.2046,31.5341],[-81.2052,31.534],[-81.2044,31.5344],[-81.204,31.5352],[-81.2035,31.5356],[-81.2001,31.5367],[-81.1968,31.5361]]]]},"properties":{"id":"usgs-pad-us-fee-managers:4548","name":"Blackbeard Island National Wildlife Refuge","kind":"land","category":"public-land","sourceCategory":"public-land","sourceId":"usgs-pad-us-fee-managers","sourceUrl":"https://services.arcgis.com/v01gqwM5QqNysAAi/arcgis/rest/services/Fee_Managers_PADUS/FeatureServer/0","sourceUpdated":"2021-12-08T05:00:00.000Z","publicUse":"PAD-US reports restricted access; confirm permits and seasonal rules with the manager.","unit":"FWS","origin":"public-catalog"}},{"type":"Feature","id":"usgs-pad-us-fee-managers:4555","geometry":{"type":"Polygon","coordinates":[[[-81.9585,32.8839],[-81.9575,32.8835],[-81.9572,32.8819],[-81.9575,32.8815],[-81.9575,32.8808],[-81.9581,32.8805],[-81.9578,32.8791],[-81.9585,32.8775],[-81.9588,32.8776],[-81.9595,32.8766],[-81.9605,32.8758],[-81.9622,32.8755],[-81.9647,32.8853],[-81.959,32.8854],[-81.9585,32.8839]]]},"properties":{"id":"usgs-pad-us-fee-managers:4555","name":"Bo Ginn National Fish Hatchery And Aquarium","kind":"land","category":"public-land","sourceCategory":"public-land","sourceId":"usgs-pad-us-fee-managers","sourceUrl":"https://services.arcgis.com/v01gqwM5QqNysAAi/arcgis/rest/services/Fee_Managers_PADUS/FeatureServer/0","sourceUpdated":"2021-12-08T05:00:00.000Z","publicUse":"PAD-US reports restricted access; confirm permits and seasonal rules with the manager.","unit":"FWS","origin":"public-catalog"}},{"type":"Feature","id":"usgs-pad-us-fee-managers:4561","geometry":{"type":"MultiPolygon","coordinates":[[[[-83.598,32.7077],[-83.5993,32.7088],[-83.5978,32.7101],[-83.598,32.7077]]],[[[-83.5755,32.7176],[-83.5924,32.7031],[-83.5977,32.7074],[-83.5975,32.71],[-83.5889,32.7174],[-83.585,32.7178],[-83.5831,32.7176],[-83.5822,32.7169],[-83.5814,32.7159],[-83.5806,32.7164],[-83.5772,32.717],[-83.576,32.7176],[-83.5755,32.7176]]],[[[-83.5996,32.7202],[-83.5991,32.7193],[-83.5995,32.7184],[-83.6004,32.7188],[-83.6006,32.72],[-83.6013,32.7204],[-83.6041,32.7189],[-83.6045,32.718],[-83.6044,32.7175],[-83.6039,32.7171],[-83.6027,32.7172],[-83.6017,32.7179],[-83.6012,32.7179],[-83.6009,32.7176],[-83.6004,32.7171],[-83.6004,32.7166],[-83.6013,32.7159],[-83.6016,32.7154],[-83.6015,32.7149],[-83.6006,32.714],[-83.5987,32.7134],[-83.5983,32.7138],[-83.5983,32.7145],[-83.598,32.7147],[-83.5975,32.7147],[-83.5971,32.7142],[-83.597,32.7133],[-83.5973,32.7125],[-83.5989,32.7122],[-83.5993,32.7119],[-83.5994,32.7113],[-83.5989,32.7107],[-83.599,32.7102],[-83.6007,32.7087],[-83.6006,32.708],[-83.6,32.7075],[-83.6004,32.7063],[-83.6001,32.7043],[-83.6019,32.703],[-83.6024,32.7018],[-83.6032,32.7016],[-83.6043,32.7022],[-83.605,32.7022],[-83.6051,32.7019],[-83.6047,32.7011],[-83.6036,32.7003],[-83.6027,32.7002],[-83.6027,32.6999],[-83.6032,32.6998],[-83.604,32.7],[-83.606,32.7017],[-83.6065,32.7018],[-83.6073,32.7017],[-83.6086,32.6998],[-83.6114,32.6996],[-83.6117,32.7081],[-83.6193,32.7081],[-83.6196,32.71],[-83.6196,32.7164],[-83.6214,32.7165],[-83.6211,32.7171],[-83.6214,32.7172],[-83.6214,32.7181],[-83.6189,32.7181],[-83.619,32.7228],[-83.5995,32.7222],[-83.6007,32.7213],[-83.6005,32.7206],[-83.5996,32.7202]]],[[[-83.6108,32.7202],[-83.6098,32.7118],[-83.6054,32.7121],[-83.6063,32.7206],[-83.6108,32.7202]]],[[[-83.6166,32.7407],[-83.6168,32.7407],[-83.6161,32.7382],[-83.6169,32.7379],[-83.6168,32.7377],[-83.6149,32.7356],[-83.6145,32.7344],[-83.613,32.7327],[-83.6132,32.7322],[-83.6116,32.7317],[-83.6114,32.7312],[-83.6117,32.731],[-83.6113,32.7304],[-83.6114,32.73],[-83.6108,32.7297],[-83.6109,32.7292],[-83.609,32.7279],[-83.6083,32.7278],[-83.6083,32.7269],[-83.6245,32.7269],[-83.6265,32.7271],[-83.631,32.7269],[-83.6309,32.7318],[-83.6313,32.7321],[-83.6358,32.7321],[-83.6358,32.7366],[-83.6213,32.7364],[-83.6212,32.7409],[-83.6162,32.7409],[-83.6166,32.7407]]],[[[-83.561,32.7531],[-83.5611,32.7572],[-83.5586,32.7551],[-83.561,32.7531]]],[[[-83.5507,32.7525],[-83.5362,32.7274],[-83.5378,32.7262],[-83.5492,32.736],[-83.5569,32.7325],[-83.5579,32.7317],[-83.5616,32.7348],[-83.5615,32.7366],[-83.5606,32.7366],[-83.5606,32.7375],[-83.5618,32.7375],[-83.5618,32.7385],[-83.5613,32.7385],[-83.5627,32.7386],[-83.561,32.7479],[-83.56,32.7488],[-83.56,32.7478],[-83.5599,32.7489],[-83.5556,32.7527],[-83.5585,32.755],[-83.5543,32.7588],[-83.5507,32.7525]]],[[[-83.5602,32.74],[-83.5605,32.7384],[-83.5605,32.7384],[-83.5602,32.74]]],[[[-83.5904,32.7708],[-83.5899,32.7708],[-83.5899,32.7705],[-83.591,32.7697],[-83.5915,32.7687],[-83.5916,32.7679],[-83.5926,32.7696],[-83.595,32.7704],[-83.5954,32.7713],[-83.5954,32.772],[-83.5949,32.7724],[-83.5936,32.7726],[-83.5923,32.7722],[-83.5914,32.7712],[-83.5904,32.7708]]],[[[-83.5728,32.7657],[-83.5792,32.7611],[-83.5815,32.759],[-83.5814,32.7575],[-83.5798,32.7563],[-83.5785,32.7564],[-83.5766,32.7573],[-83.576,32.7584],[-83.5792,32.7611],[-83.5699,32.7681],[-83.5689,32.768],[-83.5668,32.7692],[-83.5644,32.7677],[-83.5641,32.766],[-83.5621,32.7628],[-83.5615,32.7613],[-83.5613,32.7595],[-83.5612,32.754],[-83.5632,32.754],[-83.5637,32.7546],[-83.5644,32.7546],[-83.5643,32.7505],[-83.5653,32.7495],[-83.5621,32.747],[-83.5616,32.7476],[-83.5633,32.7362],[-83.5627,32.7316],[-83.5622,32.7301],[-83.5612,32.7284],[-83.5625,32.7274],[-83.5618,32.7268],[-83.5606,32.7276],[-83.559,32.7255],[-83.5627,32.7225],[-83.5649,32.7245],[-83.5717,32.719],[-83.5728,32.7201],[-83.5754,32.718],[-83.5769,32.7172],[-83.5799,32.7167],[-83.5813,32.7162],[-83.5832,32.7177],[-83.5854,32.7179],[-83.5883,32.7175],[-83.5892,32.7176],[-83.5858,32.7204],[-83.5927,32.7263],[-83.5997,32.7204],[-83.6002,32.7206],[-83.6003,32.7213],[-83.5989,32.722],[-83.598,32.723],[-83.5986,32.7236],[-83.5998,32.7237],[-83.6003,32.724],[-83.6008,32.7252],[-83.5996,32.7245],[-83.5984,32.7247],[-83.5978,32.7257],[-83.5978,32.7269],[-83.5965,32.7277],[-83.5963,32.7283],[-83.5964,32.7288],[-83.5972,32.7295],[-83.5988,32.7297],[-83.5998,32.7294],[-83.6,32.7298],[-83.5996,32.7304],[-83.5983,32.7313],[-83.5974,32.7317],[-83.5953,32.7313],[-83.5949,32.732],[-83.5956,32.733],[-83.5959,32.7332],[-83.5996,32.7338],[-83.5996,32.7339],[-83.5983,32.7346],[-83.5972,32.7369],[-83.5975,32.7372],[-83.5989,32.7368],[-83.6002,32.7369],[-83.6018,32.7386],[-83.599,32.7396],[-83.5983,32.74],[-83.5984,32.7404],[-83.6031,32.7417],[-83.6052,32.7426],[-83.6051,32.7429],[-83.6036,32.743],[-83.6025,32.7435],[-83.6021,32.7447],[-83.6025,32.7456],[-83.603,32.746],[-83.6066,32.7482],[-83.6061,32.7485],[-83.6045,32.748],[-83.6037,32.7481],[-83.6035,32.7483],[-83.6034,32.75],[-83.6037,32.7505],[-83.6044,32.7509],[-83.6013,32.7538],[-83.6028,32.755],[-83.6023,32.7557],[-83.6022,32.7566],[-83.6002,32.7548],[-83.5985,32.7562],[-83.6014,32.7588],[-83.6001,32.7597],[-83.6001,32.761],[-83.5998,32.7621],[-83.5991,32.7626],[-83.5945,32.7593],[-83.579,32.7722],[-83.5931,32.7605],[-83.5959,32.763],[-83.5959,32.7634],[-83.5956,32.7644],[-83.5948,32.7655],[-83.5918,32.7669],[-83.5915,32.7674],[-83.5915,32.7686],[-83.5908,32.7698],[-83.5877,32.7714],[-83.5863,32.7727],[-83.5843,32.7737],[-83.5768,32.7797],[-83.5746,32.7805],[-83.5715,32.781],[-83.5713,32.781],[-83.5735,32.7791],[-83.573,32.7787],[-83.5732,32.7785],[-83.5723,32.7777],[-83.5789,32.7722],[-83.5772,32.7706],[-83.5775,32.7694],[-83.576,32.7685],[-83.5755,32.7677],[-83.5728,32.7657]]],[[[-83.579,32.7527],[-83.5809,32.7511],[-83.5792,32.7496],[-83.5772,32.7514],[-83.579,32.7527]]],[[[-83.5865,32.7726],[-83.5867,32.774],[-83.5872,32.775],[-83.5873,32.7762],[-83.5879,32.7768],[-83.5904,32.7775],[-83.591,32.7782],[-83.591,32.7789],[-83.59,32.7804],[-83.5902,32.7813],[-83.5918,32.7834],[-83.5913,32.7841],[-83.5882,32.7851],[-83.5867,32.787],[-83.5865,32.7886],[-83.586,32.7887],[-83.5843,32.7881],[-83.5789,32.7837],[-83.5804,32.7825],[-83.5785,32.7786],[-83.579,32.778],[-83.5844,32.7737],[-83.5865,32.7726]]]]},"properties":{"id":"usgs-pad-us-fee-managers:4561","name":"Bond Swamp National Wildlife Refuge","kind":"land","category":"public-land","sourceCategory":"public-land","sourceId":"usgs-pad-us-fee-managers","sourceUrl":"https://services.arcgis.com/v01gqwM5QqNysAAi/arcgis/rest/services/Fee_Managers_PADUS/FeatureServer/0","sourceUpdated":"2021-12-08T05:00:00.000Z","publicUse":"PAD-US reports restricted access; confirm permits and seasonal rules with the manager.","unit":"FWS","origin":"public-catalog"}},{"type":"Feature","id":"usgs-pad-us-fee-managers:4742","geometry":{"type":"MultiPolygon","coordinates":[[[[-84.5848,31.129],[-84.5845,31.1383],[-84.5735,31.1381],[-84.574,31.1287],[-84.5848,31.129]]],[[[-83.7512,31.0582],[-83.751,31.0649],[-83.7411,31.0649],[-83.7414,31.0579],[-83.7512,31.0582]]],[[[-84.6722,31.3839],[-84.6707,31.3829],[-84.6695,31.3832],[-84.6692,31.3829],[-84.6679,31.3833],[-84.6668,31.381],[-84.6665,31.3792],[-84.6809,31.3796],[-84.6809,31.3842],[-84.6722,31.3839]]],[[[-82.0628,31.9394],[-82.0616,31.9381],[-82.0604,31.9382],[-82.0588,31.9366],[-82.0566,31.9364],[-82.0567,31.9348],[-82.057,31.9345],[-82.0558,31.9329],[-82.0661,31.9335],[-82.0644,31.9374],[-82.0627,31.939],[-82.063,31.9392],[-82.0628,31.9394]]],[[[-82.4108,32.4951],[-82.4085,32.4921],[-82.4085,32.4909],[-82.4099,32.4892],[-82.412,32.4857],[-82.4153,32.485],[-82.414,32.4864],[-82.4141,32.487],[-82.4146,32.4869],[-82.416,32.4874],[-82.4164,32.4878],[-82.4162,32.4885],[-82.4169,32.4894],[-82.4167,32.4908],[-82.4174,32.4917],[-82.4179,32.492],[-82.4191,32.4938],[-82.4202,32.4937],[-82.4204,32.4944],[-82.4185,32.4953],[-82.4177,32.4948],[-82.4121,32.4968],[-82.4108,32.4951]]]]},"properties":{"id":"usgs-pad-us-fee-managers:4742","name":"Farm Service Agency Interest Of Ga","kind":"land","category":"public-land","sourceCategory":"public-land","sourceId":"usgs-pad-us-fee-managers","sourceUrl":"https://services.arcgis.com/v01gqwM5QqNysAAi/arcgis/rest/services/Fee_Managers_PADUS/FeatureServer/0","sourceUpdated":"2021-12-08T05:00:00.000Z","publicUse":"PAD-US reports restricted access; confirm permits and seasonal rules with the manager.","unit":"FWS","origin":"public-catalog"}},{"type":"Feature","id":"usgs-pad-us-fee-managers:4844","geometry":{"type":"MultiPolygon","coordinates":[[[[-81.2598,31.6202],[-81.2562,31.6163],[-81.2598,31.6202],[-81.2601,31.62],[-81.2609,31.6209],[-81.2611,31.6213],[-81.2601,31.6216],[-81.2603,31.621],[-81.2596,31.6203],[-81.2598,31.6202]]],[[[-81.2673,31.6494],[-81.2661,31.6492],[-81.263,31.6474],[-81.2612,31.6463],[-81.2603,31.6451],[-81.257,31.6432],[-81.2548,31.6416],[-81.253,31.6408],[-81.2512,31.6397],[-81.2468,31.6385],[-81.2452,31.6384],[-81.241,31.6365],[-81.2404,31.6359],[-81.2415,31.6328],[-81.2419,31.6325],[-81.2439,31.6327],[-81.2455,31.6323],[-81.2464,31.6312],[-81.2463,31.6285],[-81.2472,31.627],[-81.248,31.6264],[-81.2536,31.6233],[-81.2605,31.6223],[-81.2627,31.6214],[-81.2631,31.621],[-81.2635,31.6201],[-81.264,31.6203],[-81.2658,31.6203],[-81.2668,31.6187],[-81.2685,31.6188],[-81.2684,31.6205],[-81.2737,31.6207],[-81.276,31.6213],[-81.2761,31.6207],[-81.2736,31.62],[-81.273,31.6178],[-81.2811,31.6188],[-81.2814,31.6166],[-81.282,31.6166],[-81.2829,31.6175],[-81.2846,31.6178],[-81.285,31.6187],[-81.283,31.618],[-81.2825,31.6186],[-81.2827,31.6192],[-81.2831,31.6195],[-81.2839,31.6194],[-81.285,31.6189],[-81.2851,31.6198],[-81.2853,31.6202],[-81.2871,31.6214],[-81.2861,31.6217],[-81.2859,31.622],[-81.286,31.6224],[-81.288,31.6236],[-81.2892,31.6238],[-81.2894,31.6251],[-81.2903,31.6256],[-81.2894,31.6263],[-81.2901,31.6271],[-81.2902,31.6279],[-81.2899,31.6289],[-81.2902,31.6297],[-81.2893,31.6306],[-81.2896,31.631],[-81.2906,31.6309],[-81.2904,31.633],[-81.2861,31.6344],[-81.2861,31.6352],[-81.2857,31.6359],[-81.2859,31.6363],[-81.2855,31.6361],[-81.2857,31.6365],[-81.2847,31.6362],[-81.2845,31.6367],[-81.2847,31.6369],[-81.2846,31.637],[-81.2849,31.6374],[-81.2844,31.6377],[-81.2847,31.6387],[-81.2853,31.639],[-81.2862,31.639],[-81.2847,31.64],[-81.2847,31.6406],[-81.2852,31.6409],[-81.2845,31.6411],[-81.2845,31.6413],[-81.2857,31.6423],[-81.2861,31.6423],[-81.2849,31.6427],[-81.284,31.6427],[-81.2838,31.6433],[-81.2848,31.6437],[-81.286,31.6434],[-81.286,31.6442],[-81.2862,31.6445],[-81.2871,31.6441],[-81.2877,31.6431],[-81.2881,31.6437],[-81.2846,31.6481],[-81.2841,31.6491],[-81.2828,31.6497],[-81.2802,31.6496],[-81.2755,31.65],[-81.272,31.6498],[-81.2697,31.6501],[-81.2673,31.6494]]],[[[-81.2632,31.6238],[-81.2633,31.623],[-81.2626,31.6229],[-81.2626,31.6234],[-81.2629,31.6237],[-81.2632,31.6238]]],[[[-81.2838,31.6233],[-81.284,31.6228],[-81.2834,31.6226],[-81.2831,31.6231],[-81.2838,31.6233]]]]},"properties":{"id":"usgs-pad-us-fee-managers:4844","name":"Harris Neck National Wildlife Refuge","kind":"land","category":"public-land","sourceCategory":"public-land","sourceId":"usgs-pad-us-fee-managers","sourceUrl":"https://services.arcgis.com/v01gqwM5QqNysAAi/arcgis/rest/services/Fee_Managers_PADUS/FeatureServer/0","sourceUpdated":"2021-12-08T05:00:00.000Z","publicUse":"PAD-US reports restricted access; confirm permits and seasonal rules with the manager.","unit":"FWS","origin":"public-catalog"}},{"type":"Feature","id":"usgs-pad-us-fee-managers:5112","geometry":{"type":"Polygon","coordinates":[[[-82.165,30.6327],[-82.1793,30.6357],[-82.1756,30.648],[-82.1899,30.6511],[-82.1936,30.6387],[-82.1793,30.6357],[-82.1829,30.6233],[-82.1686,30.6203],[-82.165,30.6327],[-82.1505,30.6295],[-82.158,30.6048],[-82.1438,30.6016],[-82.1546,30.5644],[-82.1699,30.5678],[-82.1736,30.5555],[-82.1882,30.5586],[-82.1919,30.5461],[-82.2054,30.5491],[-82.2015,30.5614],[-82.2159,30.5645],[-82.2153,30.5665],[-82.2144,30.5668],[-82.2147,30.5686],[-82.2804,30.573],[-82.4189,30.5818],[-82.4187,30.5893],[-82.4187,30.5973],[-82.4307,30.5976],[-82.4321,30.5864],[-82.4649,30.5863],[-82.4649,30.599],[-82.453,30.5984],[-82.4638,30.599],[-82.4666,30.613],[-82.4971,30.613],[-82.4968,30.6264],[-82.5068,30.6264],[-82.5048,30.6316],[-82.5012,30.6383],[-82.5021,30.6447],[-82.5024,30.6506],[-82.4975,30.6593],[-82.4943,30.6634],[-82.4939,30.666],[-82.4933,30.6658],[-82.4928,30.6659],[-82.4907,30.6684],[-82.4868,30.6684],[-82.4846,30.6697],[-82.4842,30.6703],[-82.4842,30.672],[-82.4838,30.6727],[-82.4831,30.6733],[-82.4809,30.6736],[-82.48,30.674],[-82.4795,30.677],[-82.4784,30.6763],[-82.4782,30.6764],[-82.4783,30.6879],[-82.4806,30.6876],[-82.4792,30.6929],[-82.4795,30.6944],[-82.4799,30.6957],[-82.481,30.6963],[-82.483,30.7024],[-82.4855,30.7045],[-82.4866,30.7069],[-82.4862,30.7091],[-82.4728,30.7099],[-82.4729,30.7164],[-82.4351,30.7166],[-82.4354,30.7423],[-82.4414,30.7422],[-82.4404,30.7444],[-82.4408,30.7454],[-82.4457,30.746],[-82.4465,30.7465],[-82.4466,30.7479],[-82.4498,30.7571],[-82.4429,30.7578],[-82.4277,30.7656],[-82.4265,30.7671],[-82.4336,30.7701],[-82.4357,30.7719],[-82.4358,30.8072],[-82.4655,30.8068],[-82.4655,30.8198],[-82.4902,30.8196],[-82.4954,30.8199],[-82.5032,30.8197],[-82.5066,30.82],[-82.5401,30.8198],[-82.5502,30.8199],[-82.5509,30.8314],[-82.5506,30.8457],[-82.5507,30.8717],[-82.537,30.8718],[-82.5372,30.8856],[-82.5299,30.8856],[-82.5295,30.8859],[-82.5216,30.8863],[-82.5211,30.8982],[-82.5054,30.8985],[-82.505,30.91],[-82.5051,30.9241],[-82.4904,30.924],[-82.4904,30.9371],[-82.4605,30.9372],[-82.4606,30.9455],[-82.4584,30.9455],[-82.4584,30.9504],[-82.4502,30.9505],[-82.4473,30.9486],[-82.4379,30.9499],[-82.4354,30.9516],[-82.4314,30.9533],[-82.4291,30.9536],[-82.4269,30.9552],[-82.4254,30.9577],[-82.4239,30.9584],[-82.4188,30.9623],[-82.4166,30.9707],[-82.4128,30.9711],[-82.4086,30.9724],[-82.4083,30.9732],[-82.4085,30.9763],[-82.4051,30.9802],[-82.4005,30.984],[-82.4005,30.9876],[-82.4019,30.9897],[-82.4015,30.9905],[-82.3983,30.9906],[-82.3961,30.9929],[-82.3943,30.9937],[-82.3903,30.9962],[-82.3879,30.9997],[-82.3872,31.0017],[-82.3856,31.0017],[-82.3856,31.0013],[-82.3846,31.001],[-82.3843,31.0011],[-82.384,31.0016],[-82.3815,31.0016],[-82.3807,31.0011],[-82.3794,31.0016],[-82.3744,31.0015],[-82.3734,31.0013],[-82.3728,31.0015],[-82.3722,31.0034],[-82.3729,31.0043],[-82.3729,31.0131],[-82.3724,31.0136],[-82.364,31.0138],[-82.3641,31.0265],[-82.3333,31.0266],[-82.3332,31.0541],[-82.3184,31.0542],[-82.3068,31.0535],[-82.3051,31.067],[-82.2838,31.0664],[-82.284,31.0524],[-82.2711,31.0511],[-82.2714,31.0641],[-82.2538,31.064],[-82.2363,31.0636],[-82.2369,31.0469],[-82.2337,31.047],[-82.234,31.0443],[-82.2288,31.0444],[-82.2283,31.0437],[-82.2282,31.0423],[-82.2267,31.042],[-82.2258,31.0427],[-82.2234,31.0404],[-82.2186,31.0396],[-82.2186,31.0372],[-82.2148,31.0359],[-82.2134,31.0323],[-82.2108,31.032],[-82.2087,31.0336],[-82.2065,31.0332],[-82.2054,31.0336],[-82.2057,31.0318],[-82.2067,31.0315],[-82.2082,31.0301],[-82.2069,31.0286],[-82.2044,31.0278],[-82.2037,31.0268],[-82.2015,31.026],[-82.2004,31.0269],[-82.2008,31.0294],[-82.1989,31.0298],[-82.1961,31.0299],[-82.1946,31.0292],[-82.1938,31.0282],[-82.1946,31.0276],[-82.1943,31.0258],[-82.1898,31.0247],[-82.1879,31.0238],[-82.1875,31.0222],[-82.1848,31.0201],[-82.1834,31.0184],[-82.1827,31.0186],[-82.1826,31.0198],[-82.178,31.0186],[-82.1794,31.0175],[-82.1796,31.0166],[-82.178,31.016],[-82.1768,31.0161],[-82.172,31.0137],[-82.1731,31.0135],[-82.1735,31.0122],[-82.1696,31.0111],[-82.1664,31.0108],[-82.1664,31.0072],[-82.1649,31.0068],[-82.1638,31.0057],[-82.1621,31.0067],[-82.1608,31.0057],[-82.1626,31.0032],[-82.1631,31.0009],[-82.1637,30.9989],[-82.1627,30.9975],[-82.1618,30.9969],[-82.1607,30.9951],[-82.1598,30.994],[-82.1581,30.9929],[-82.1558,30.9898],[-82.1543,30.9891],[-82.1512,30.9887],[-82.1507,30.9879],[-82.1518,30.9861],[-82.1513,30.9854],[-82.1466,30.9812],[-82.1444,30.9799],[-82.1431,30.9803],[-82.1411,30.9784],[-82.1405,30.9761],[-82.131,30.9815],[-82.131,30.969],[-82.1298,30.9597],[-82.1265,30.9474],[-82.1249,30.9424],[-82.1218,30.9358],[-82.1228,30.9305],[-82.1219,30.928],[-82.122,30.9265],[-82.1273,30.9256],[-82.1293,30.9244],[-82.132,30.9237],[-82.1372,30.9239],[-82.1378,30.9227],[-82.1385,30.8964],[-82.1328,30.8964],[-82.1232,30.8961],[-82.1246,30.8884],[-82.1251,30.8838],[-82.1271,30.8776],[-82.126,30.8711],[-82.1257,30.8655],[-82.1278,30.8591],[-82.1292,30.8245],[-82.1274,30.8158],[-82.1272,30.8134],[-82.1255,30.8087],[-82.1266,30.7954],[-82.1279,30.7937],[-82.1282,30.7976],[-82.1372,30.7994],[-82.1391,30.7934],[-82.1408,30.787],[-82.1274,30.7841],[-82.1286,30.7707],[-82.1233,30.77],[-82.1193,30.769],[-82.116,30.7678],[-82.1135,30.7674],[-82.1141,30.764],[-82.1179,30.7555],[-82.1158,30.7552],[-82.1105,30.7532],[-82.1107,30.7468],[-82.1005,30.7446],[-82.1017,30.7409],[-82.0713,30.7417],[-82.0714,30.7402],[-82.0724,30.7403],[-82.0737,30.7381],[-82.0863,30.738],[-82.093,30.7387],[-82.0934,30.7378],[-82.0987,30.7376],[-82.1024,30.7384],[-82.1062,30.7257],[-82.1203,30.7288],[-82.1347,30.7322],[-82.1498,30.6824],[-82.1355,30.6794],[-82.1392,30.6671],[-82.1537,30.6702],[-82.1575,30.6575],[-82.1285,30.6511],[-82.1321,30.6388],[-82.1613,30.6449],[-82.165,30.6327]],[[-82.1378,30.9602],[-82.1367,30.9602],[-82.1367,30.9602],[-82.1378,30.9602]]]},"properties":{"id":"usgs-pad-us-fee-managers:5112","name":"Okefenokee National Wildlife Refuge","kind":"land","category":"public-land","sourceCategory":"public-land","sourceId":"usgs-pad-us-fee-managers","sourceUrl":"https://services.arcgis.com/v01gqwM5QqNysAAi/arcgis/rest/services/Fee_Managers_PADUS/FeatureServer/0","sourceUpdated":"2021-12-08T05:00:00.000Z","publicUse":"PAD-US reports restricted access; confirm permits and seasonal rules with the manager.","unit":"FWS","origin":"public-catalog"}},{"type":"Feature","id":"usgs-pad-us-fee-managers:5152","geometry":{"type":"MultiPolygon","coordinates":[[[[-83.7377,33.0477],[-83.7379,33.0493],[-83.7387,33.0502],[-83.7373,33.0513],[-83.7294,33.0574],[-83.7275,33.0557],[-83.7377,33.0477]]],[[[-83.6465,33.0334],[-83.6476,33.0322],[-83.6498,33.0311],[-83.6507,33.0297],[-83.6521,33.029],[-83.653,33.0282],[-83.6541,33.0264],[-83.6545,33.0244],[-83.6543,33.0231],[-83.6562,33.0212],[-83.6597,33.0155],[-83.6609,33.0124],[-83.6598,33.0087],[-83.6591,33.0071],[-83.6589,33.0051],[-83.6624,33.0027],[-83.6729,32.9946],[-83.6814,32.9874],[-83.6841,32.9888],[-83.6848,32.9896],[-83.687,32.9938],[-83.6798,32.9996],[-83.6909,33.0092],[-83.6962,33.0083],[-83.6961,33.0091],[-83.6991,33.0066],[-83.7019,33.009],[-83.7023,33.0108],[-83.702,33.0123],[-83.7027,33.0142],[-83.7034,33.0151],[-83.6862,33.0298],[-83.6899,33.0331],[-83.6845,33.0371],[-83.6871,33.0395],[-83.6857,33.0406],[-83.6898,33.0443],[-83.6825,33.0497],[-83.6746,33.0428],[-83.6731,33.0411],[-83.6664,33.0354],[-83.6609,33.0372],[-83.6622,33.0386],[-83.6589,33.0415],[-83.6652,33.0467],[-83.6482,33.0606],[-83.6454,33.0595],[-83.6442,33.0587],[-83.6447,33.0529],[-83.6488,33.0495],[-83.6433,33.0448],[-83.6476,33.0413],[-83.644,33.038],[-83.6445,33.0371],[-83.6463,33.0357],[-83.6454,33.0348],[-83.6465,33.0334]]],[[[-83.6854,33.022],[-83.6861,33.022],[-83.6854,33.022],[-83.6854,33.022]]],[[[-83.6869,33.0215],[-83.6869,33.0215],[-83.6864,33.022],[-83.6869,33.0215]]],[[[-83.69,33.0213],[-83.6902,33.0213],[-83.6893,33.0214],[-83.69,33.0213]]],[[[-83.6176,33.1129],[-83.6196,33.1119],[-83.6189,33.1113],[-83.6193,33.1105],[-83.6204,33.1098],[-83.6217,33.1097],[-83.6224,33.11],[-83.6237,33.1098],[-83.6233,33.1117],[-83.621,33.113],[-83.6205,33.1126],[-83.6187,33.1138],[-83.6174,33.113],[-83.6176,33.1129]]],[[[-83.677,33.1572],[-83.6807,33.1534],[-83.677,33.1572],[-83.6734,33.1604],[-83.6696,33.1571],[-83.6695,33.1586],[-83.667,33.1606],[-83.6658,33.1596],[-83.6655,33.161],[-83.6638,33.1638],[-83.6626,33.1628],[-83.6573,33.1674],[-83.6553,33.168],[-83.6528,33.1679],[-83.6511,33.1687],[-83.6497,33.17],[-83.6487,33.1689],[-83.647,33.17],[-83.6438,33.1654],[-83.6407,33.1587],[-83.6497,33.1511],[-83.6438,33.1459],[-83.6471,33.1455],[-83.6479,33.1388],[-83.6439,33.1353],[-83.6431,33.1359],[-83.6429,33.1369],[-83.6342,33.1402],[-83.6314,33.1358],[-83.6312,33.133],[-83.6286,33.126],[-83.6257,33.1205],[-83.627,33.1197],[-83.6262,33.1189],[-83.6268,33.1186],[-83.6258,33.1177],[-83.6244,33.1182],[-83.6236,33.1169],[-83.6226,33.1161],[-83.6237,33.1153],[-83.6234,33.1129],[-83.6286,33.1091],[-83.6206,33.1021],[-83.6228,33.1008],[-83.6196,33.1],[-83.621,33.098],[-83.6239,33.0959],[-83.6279,33.0951],[-83.6329,33.0927],[-83.6343,33.0917],[-83.6353,33.0919],[-83.6364,33.0915],[-83.6382,33.0897],[-83.6399,33.0903],[-83.6415,33.0892],[-83.636,33.0822],[-83.6375,33.0809],[-83.6435,33.086],[-83.6432,33.0881],[-83.6495,33.0934],[-83.6496,33.0929],[-83.6508,33.0927],[-83.6561,33.0891],[-83.6593,33.0865],[-83.6597,33.0856],[-83.6575,33.0837],[-83.6556,33.0856],[-83.6548,33.085],[-83.6541,33.0832],[-83.6547,33.0813],[-83.6556,33.0808],[-83.6566,33.0809],[-83.6589,33.0788],[-83.66,33.0775],[-83.6622,33.0768],[-83.6641,33.0766],[-83.6648,33.0756],[-83.6657,33.0754],[-83.6663,33.0747],[-83.6689,33.0737],[-83.6696,33.0737],[-83.6704,33.0742],[-83.6709,33.0742],[-83.6717,33.0732],[-83.6743,33.072],[-83.6742,33.0715],[-83.6737,33.0709],[-83.6745,33.0701],[-83.6756,33.07],[-83.6764,33.0694],[-83.6778,33.0697],[-83.6793,33.0688],[-83.6794,33.0689],[-83.6856,33.0637],[-83.6869,33.0642],[-83.6877,33.0631],[-83.6892,33.0625],[-83.6895,33.0619],[-83.6902,33.0615],[-83.6908,33.0606],[-83.6911,33.0606],[-83.6916,33.0611],[-83.6921,33.0611],[-83.6917,33.0598],[-83.6919,33.0594],[-83.6931,33.0585],[-83.6943,33.0587],[-83.6947,33.0579],[-83.6988,33.0566],[-83.7001,33.0559],[-83.7023,33.0566],[-83.7063,33.0602],[-83.7181,33.0522],[-83.7191,33.0526],[-83.7193,33.0532],[-83.7205,33.0543],[-83.7225,33.057],[-83.712,33.0654],[-83.7187,33.0709],[-83.7273,33.0641],[-83.7285,33.065],[-83.7291,33.0669],[-83.7315,33.0696],[-83.7326,33.07],[-83.7345,33.0712],[-83.7365,33.0716],[-83.7379,33.0732],[-83.7383,33.0745],[-83.7382,33.0767],[-83.7412,33.0794],[-83.7403,33.0817],[-83.739,33.0834],[-83.739,33.0838],[-83.7398,33.0846],[-83.7386,33.0856],[-83.7407,33.0875],[-83.7415,33.0892],[-83.744,33.0906],[-83.7447,33.0917],[-83.7444,33.0922],[-83.7448,33.0936],[-83.7449,33.0953],[-83.7426,33.0968],[-83.7434,33.0975],[-83.7416,33.099],[-83.7436,33.1006],[-83.7435,33.1011],[-83.7496,33.1034],[-83.7492,33.11],[-83.7839,33.1396],[-83.7805,33.1428],[-83.7761,33.1458],[-83.779,33.1483],[-83.7859,33.1427],[-83.7887,33.1449],[-83.7994,33.1355],[-83.8016,33.1373],[-83.8124,33.1446],[-83.7987,33.1555],[-83.7946,33.1537],[-83.7933,33.1526],[-83.7926,33.1523],[-83.7892,33.154],[-83.7861,33.1547],[-83.7843,33.1542],[-83.7832,33.1542],[-83.7821,33.1536],[-83.7801,33.1533],[-83.7755,33.1546],[-83.7772,33.1564],[-83.7742,33.1578],[-83.7693,33.1628],[-83.769,33.1628],[-83.7624,33.1571],[-83.7613,33.1608],[-83.7579,33.1599],[-83.7541,33.1629],[-83.7513,33.1638],[-83.7491,33.164],[-83.7469,33.1665],[-83.7414,33.1619],[-83.7346,33.1673],[-83.7313,33.1645],[-83.7246,33.1698],[-83.7124,33.1606],[-83.7097,33.1627],[-83.7085,33.1613],[-83.7069,33.1612],[-83.6959,33.1704],[-83.6912,33.1664],[-83.6918,33.1645],[-83.687,33.1602],[-83.6835,33.1625],[-83.6793,33.1606],[-83.6786,33.161],[-83.6772,33.1601],[-83.677,33.1572]]],[[[-83.6807,33.1534],[-83.6816,33.1523],[-83.6816,33.1523],[-83.6807,33.1534]]],[[[-83.6814,33.146],[-83.6804,33.1457],[-83.6799,33.1467],[-83.6808,33.147],[-83.6814,33.146]]],[[[-83.6783,33.1248],[-83.6767,33.123],[-83.6743,33.125],[-83.6714,33.1225],[-83.6763,33.1184],[-83.6726,33.1162],[-83.6694,33.116],[-83.6681,33.1162],[-83.6651,33.1172],[-83.6643,33.1178],[-83.6601,33.1136],[-83.6551,33.1175],[-83.6621,33.1227],[-83.6635,33.1216],[-83.6661,33.1247],[-83.6676,33.1273],[-83.6714,33.1307],[-83.6783,33.1248]]],[[[-83.6515,33.1147],[-83.6486,33.1123],[-83.648,33.112],[-83.6464,33.112],[-83.6412,33.1126],[-83.6462,33.1196],[-83.6517,33.1148],[-83.6515,33.1147]]],[[[-83.6343,33.1158],[-83.6321,33.1138],[-83.6334,33.115],[-83.6343,33.1158]]],[[[-83.6335,33.1146],[-83.6333,33.1144],[-83.6333,33.1145],[-83.6335,33.1146]]],[[[-83.6359,33.1148],[-83.6354,33.1154],[-83.6357,33.1149],[-83.6359,33.1148]]],[[[-83.7077,33.1224],[-83.709,33.1234],[-83.7099,33.1225],[-83.709,33.1218],[-83.7079,33.1225],[-83.7047,33.1198],[-83.7077,33.1224]]],[[[-83.6933,33.1129],[-83.6863,33.1071],[-83.6774,33.0992],[-83.674,33.1008],[-83.6737,33.0998],[-83.6731,33.1],[-83.6734,33.101],[-83.6723,33.1015],[-83.6737,33.1026],[-83.6747,33.1025],[-83.6886,33.1148],[-83.6909,33.1135],[-83.6933,33.1129]]],[[[-83.6573,33.1109],[-83.6573,33.1108],[-83.6572,33.1109],[-83.6573,33.1109]]],[[[-83.6449,33.1001],[-83.6429,33.0974],[-83.6393,33.0989],[-83.6487,33.1076],[-83.6513,33.1056],[-83.6449,33.1001]]],[[[-83.706,33.1136],[-83.7063,33.1139],[-83.7069,33.1135],[-83.7065,33.1131],[-83.706,33.1136]]],[[[-83.7166,33.1004],[-83.7166,33.0995],[-83.7154,33.0995],[-83.7154,33.1005],[-83.7166,33.1004]]],[[[-83.7084,33.096],[-83.708,33.0958],[-83.708,33.0958],[-83.7084,33.096]]],[[[-83.6692,33.0883],[-83.6692,33.0883],[-83.6692,33.0883],[-83.6692,33.0883]]],[[[-83.6692,33.0882],[-83.6692,33.0882],[-83.6692,33.0882],[-83.6692,33.0882]]],[[[-83.6692,33.0881],[-83.6692,33.0881],[-83.6692,33.0881],[-83.6692,33.0881]]],[[[-83.6691,33.088],[-83.6691,33.088],[-83.6691,33.088],[-83.6691,33.088]]],[[[-83.6691,33.0879],[-83.6691,33.0879],[-83.6691,33.0879],[-83.6691,33.0879]]],[[[-83.6691,33.0878],[-83.6691,33.0878],[-83.6691,33.0878],[-83.6691,33.0878]]],[[[-83.669,33.0877],[-83.669,33.0877],[-83.669,33.0877],[-83.669,33.0877]]],[[[-83.669,33.0876],[-83.669,33.0876],[-83.669,33.0876],[-83.669,33.0876]]],[[[-83.6689,33.0875],[-83.6689,33.0875],[-83.6689,33.0875],[-83.6689,33.0875]]],[[[-83.6689,33.0874],[-83.6689,33.0874],[-83.6689,33.0874],[-83.6689,33.0874]]],[[[-83.6877,33.0742],[-83.6875,33.0729],[-83.6853,33.0725],[-83.686,33.0747],[-83.6877,33.0742]]],[[[-83.7261,33.0708],[-83.7289,33.0687],[-83.7261,33.0708],[-83.7261,33.0708]]],[[[-83.7251,33.0699],[-83.7247,33.0696],[-83.7251,33.0699],[-83.7251,33.0699]]]]},"properties":{"id":"usgs-pad-us-fee-managers:5152","name":"Piedmont National Wildlife Refuge","kind":"land","category":"public-land","sourceCategory":"public-land","sourceId":"usgs-pad-us-fee-managers","sourceUrl":"https://services.arcgis.com/v01gqwM5QqNysAAi/arcgis/rest/services/Fee_Managers_PADUS/FeatureServer/0","sourceUpdated":"2021-12-08T05:00:00.000Z","publicUse":"PAD-US reports restricted access; confirm permits and seasonal rules with the manager.","unit":"FWS","origin":"public-catalog"}},{"type":"Feature","id":"usgs-pad-us-fee-managers:5247","geometry":{"type":"MultiPolygon","coordinates":[[[[-81.1203,32.1364],[-81.121,32.1371],[-81.1221,32.1398],[-81.1193,32.1433],[-81.1192,32.1428],[-81.1195,32.1412],[-81.1192,32.1385],[-81.1199,32.1367],[-81.1203,32.1364]]],[[[-81.1424,32.1526],[-81.1411,32.1524],[-81.1404,32.151],[-81.1403,32.1503],[-81.1415,32.1484],[-81.1426,32.1499],[-81.1443,32.1515],[-81.1442,32.1523],[-81.1436,32.1528],[-81.1424,32.1526]]],[[[-81.1309,32.1494],[-81.1313,32.1503],[-81.1337,32.1528],[-81.134,32.1546],[-81.1337,32.1548],[-81.1324,32.1528],[-81.1308,32.1513],[-81.1306,32.1502],[-81.1309,32.1494]]],[[[-81.1463,32.1698],[-81.1436,32.1697],[-81.1426,32.17],[-81.1411,32.1712],[-81.1406,32.1713],[-81.14,32.1712],[-81.1394,32.1707],[-81.1386,32.1689],[-81.1385,32.1676],[-81.1389,32.1661],[-81.139,32.1644],[-81.1372,32.158],[-81.137,32.1542],[-81.1338,32.1496],[-81.1329,32.1475],[-81.1331,32.1457],[-81.1342,32.1445],[-81.1359,32.1438],[-81.1399,32.1445],[-81.1402,32.1456],[-81.1399,32.146],[-81.1399,32.147],[-81.1388,32.1495],[-81.1388,32.1516],[-81.1394,32.1527],[-81.1406,32.1538],[-81.1423,32.154],[-81.1437,32.1536],[-81.146,32.1525],[-81.1473,32.1524],[-81.1492,32.1529],[-81.1507,32.1535],[-81.1523,32.1552],[-81.1533,32.1588],[-81.1529,32.1609],[-81.1524,32.1619],[-81.1527,32.1641],[-81.1533,32.1655],[-81.1543,32.1697],[-81.1534,32.1708],[-81.1522,32.1731],[-81.1521,32.1744],[-81.1523,32.176],[-81.1515,32.1767],[-81.1509,32.1768],[-81.1496,32.1761],[-81.1484,32.1753],[-81.148,32.1743],[-81.148,32.1715],[-81.1473,32.1703],[-81.1463,32.1698]]],[[[-81.146,32.178],[-81.1432,32.1757],[-81.1426,32.1742],[-81.1425,32.1734],[-81.143,32.1719],[-81.1438,32.1711],[-81.1448,32.1708],[-81.146,32.1708],[-81.1469,32.171],[-81.1473,32.1714],[-81.1474,32.1721],[-81.147,32.1752],[-81.148,32.1767],[-81.1493,32.1774],[-81.1509,32.1777],[-81.1536,32.1772],[-81.1546,32.179],[-81.1493,32.1799],[-81.1482,32.1795],[-81.146,32.178]]],[[[-81.1361,32.1799],[-81.1365,32.1805],[-81.1367,32.1814],[-81.1386,32.1835],[-81.138,32.1872],[-81.1382,32.1904],[-81.1376,32.1912],[-81.137,32.1904],[-81.1369,32.1886],[-81.1356,32.1841],[-81.1361,32.1799]]],[[[-81.1387,32.1969],[-81.1389,32.1967],[-81.1391,32.197],[-81.1388,32.1978],[-81.1384,32.1975],[-81.1387,32.1969]]],[[[-81.1244,32.2025],[-81.1247,32.2025],[-81.125,32.2031],[-81.1244,32.2025]]],[[[-81.1202,32.1945],[-81.119,32.1946],[-81.1177,32.1958],[-81.1161,32.1962],[-81.1149,32.1959],[-81.1144,32.1955],[-81.1141,32.1945],[-81.1144,32.1938],[-81.1152,32.1934],[-81.1162,32.1933],[-81.1189,32.1937],[-81.1203,32.1936],[-81.1216,32.1931],[-81.1224,32.1921],[-81.1225,32.1911],[-81.122,32.19],[-81.1211,32.1895],[-81.1192,32.1894],[-81.1186,32.1888],[-81.1185,32.1883],[-81.1188,32.1844],[-81.1209,32.1809],[-81.1212,32.1793],[-81.1211,32.1781],[-81.1201,32.1771],[-81.118,32.1759],[-81.1166,32.1755],[-81.1151,32.1758],[-81.1131,32.1774],[-81.1115,32.1773],[-81.1111,32.1771],[-81.1109,32.1765],[-81.1109,32.1746],[-81.1111,32.1735],[-81.1115,32.1728],[-81.1125,32.1722],[-81.116,32.1711],[-81.1169,32.1711],[-81.1177,32.1714],[-81.118,32.1718],[-81.1179,32.1737],[-81.1185,32.1751],[-81.1195,32.1757],[-81.1211,32.1755],[-81.1227,32.1745],[-81.1278,32.1703],[-81.13,32.1673],[-81.1301,32.1652],[-81.1288,32.1641],[-81.1245,32.1627],[-81.1231,32.1618],[-81.1228,32.1612],[-81.1232,32.1588],[-81.1233,32.1558],[-81.1224,32.1542],[-81.1197,32.1522],[-81.1185,32.1518],[-81.1156,32.1515],[-81.1141,32.1512],[-81.1132,32.1501],[-81.1131,32.1493],[-81.1183,32.1472],[-81.1211,32.1442],[-81.123,32.1411],[-81.1236,32.1397],[-81.1235,32.1389],[-81.123,32.1378],[-81.1219,32.1365],[-81.1218,32.1352],[-81.1203,32.1313],[-81.1232,32.1305],[-81.1279,32.1297],[-81.1352,32.1287],[-81.1341,32.1316],[-81.1338,32.1318],[-81.1368,32.1361],[-81.1395,32.1367],[-81.1405,32.1417],[-81.1393,32.1428],[-81.1364,32.1421],[-81.1348,32.1423],[-81.1327,32.1432],[-81.1307,32.1445],[-81.13,32.1457],[-81.13,32.1472],[-81.1304,32.1481],[-81.1306,32.1493],[-81.1304,32.1501],[-81.1305,32.151],[-81.1308,32.1516],[-81.1323,32.153],[-81.1335,32.1548],[-81.134,32.1548],[-81.1369,32.164],[-81.1371,32.166],[-81.1365,32.1707],[-81.1346,32.1751],[-81.1347,32.1773],[-81.1355,32.1812],[-81.1354,32.1828],[-81.135,32.1838],[-81.1366,32.1888],[-81.1366,32.1899],[-81.1374,32.1927],[-81.1376,32.1945],[-81.1385,32.1963],[-81.1382,32.197],[-81.1384,32.1978],[-81.1404,32.2],[-81.1412,32.2014],[-81.1415,32.2034],[-81.1411,32.207],[-81.1404,32.2083],[-81.137,32.2112],[-81.1366,32.2126],[-81.1321,32.21],[-81.1291,32.2088],[-81.1281,32.2079],[-81.1258,32.2037],[-81.1232,32.2001],[-81.1232,32.1965],[-81.1227,32.1955],[-81.1216,32.1948],[-81.1202,32.1945]]],[[[-81.1378,32.2185],[-81.1377,32.2183],[-81.1385,32.2193],[-81.1378,32.2185]]],[[[-81.1409,32.2204],[-81.1399,32.2201],[-81.1406,32.2203],[-81.1409,32.2204]]],[[[-81.1415,32.2208],[-81.1413,32.2206],[-81.1414,32.2207],[-81.1415,32.2208]]],[[[-81.1392,32.2196],[-81.1381,32.2183],[-81.1369,32.2162],[-81.1371,32.2126],[-81.1378,32.2111],[-81.1405,32.2091],[-81.1409,32.2086],[-81.142,32.206],[-81.1421,32.2034],[-81.1415,32.2006],[-81.1406,32.1989],[-81.1407,32.1984],[-81.1397,32.1976],[-81.138,32.1938],[-81.1381,32.1919],[-81.1387,32.1897],[-81.1386,32.1863],[-81.1392,32.1845],[-81.1391,32.1837],[-81.1361,32.1791],[-81.1356,32.1774],[-81.1356,32.1752],[-81.1359,32.1738],[-81.1381,32.1709],[-81.1398,32.1724],[-81.1408,32.1757],[-81.142,32.1773],[-81.1458,32.1806],[-81.1471,32.1812],[-81.1487,32.1813],[-81.1514,32.1811],[-81.1536,32.1807],[-81.1546,32.1805],[-81.1551,32.1801],[-81.1568,32.1804],[-81.157,32.1807],[-81.157,32.1814],[-81.156,32.183],[-81.1549,32.1842],[-81.1541,32.1844],[-81.1538,32.1848],[-81.1518,32.1855],[-81.1511,32.1865],[-81.1509,32.1862],[-81.1506,32.1865],[-81.151,32.1875],[-81.151,32.1883],[-81.1521,32.1905],[-81.1563,32.1928],[-81.1577,32.1938],[-81.158,32.1945],[-81.1576,32.1951],[-81.1539,32.1972],[-81.1517,32.1992],[-81.1504,32.2014],[-81.15,32.2027],[-81.1501,32.2053],[-81.1477,32.2112],[-81.1483,32.2133],[-81.1502,32.2163],[-81.1518,32.2183],[-81.1519,32.2211],[-81.1497,32.221],[-81.1459,32.2218],[-81.1437,32.2216],[-81.1429,32.2213],[-81.1413,32.2203],[-81.1392,32.2196]]],[[[-81.1558,32.199],[-81.1571,32.199],[-81.1587,32.1982],[-81.1702,32.2001],[-81.1741,32.2105],[-81.1668,32.2162],[-81.1534,32.2258],[-81.1529,32.225],[-81.153,32.2247],[-81.1541,32.2238],[-81.1543,32.2195],[-81.1536,32.2178],[-81.1516,32.2154],[-81.1497,32.2107],[-81.1499,32.2098],[-81.1518,32.207],[-81.1522,32.2033],[-81.1528,32.2014],[-81.154,32.1999],[-81.1558,32.199]]],[[[-81.1588,32.2248],[-81.1585,32.2246],[-81.1578,32.225],[-81.1559,32.2263],[-81.155,32.2265],[-81.1538,32.2261],[-81.1666,32.217],[-81.1665,32.2233],[-81.1636,32.2259],[-81.1592,32.2292],[-81.1588,32.2285],[-81.1598,32.2267],[-81.1597,32.2257],[-81.1588,32.2248]]],[[[-81.152,32.2235],[-81.1525,32.2235],[-81.1538,32.2222],[-81.154,32.2228],[-81.1539,32.2235],[-81.1525,32.2247],[-81.1525,32.2252],[-81.1532,32.226],[-81.1494,32.2288],[-81.1451,32.2279],[-81.1464,32.2259],[-81.1473,32.2251],[-81.152,32.2235]]],[[[-81.1525,32.2271],[-81.1535,32.2263],[-81.1547,32.2267],[-81.1557,32.2267],[-81.157,32.2261],[-81.1584,32.225],[-81.1593,32.2255],[-81.1594,32.2259],[-81.1592,32.2272],[-81.1581,32.2288],[-81.1589,32.2294],[-81.1576,32.2304],[-81.15,32.2289],[-81.1525,32.2271]]],[[[-81.1776,32.2593],[-81.1778,32.2591],[-81.179,32.2591],[-81.1789,32.2596],[-81.1776,32.2593]]],[[[-81.149,32.2542],[-81.1495,32.2543],[-81.15,32.2549],[-81.1494,32.2563],[-81.1488,32.2562],[-81.149,32.2542]]],[[[-81.1326,32.3242],[-81.1332,32.3239],[-81.1335,32.3241],[-81.1314,32.3258],[-81.1315,32.3247],[-81.1326,32.3242]]],[[[-81.1354,32.3416],[-81.1346,32.3409],[-81.1325,32.3403],[-81.1306,32.3416],[-81.1301,32.3416],[-81.1298,32.341],[-81.129,32.3378],[-81.1292,32.3369],[-81.1297,32.3365],[-81.1317,32.3361],[-81.1337,32.3346],[-81.1344,32.3337],[-81.135,32.3319],[-81.1354,32.3314],[-81.1357,32.3316],[-81.1348,32.3348],[-81.135,32.3356],[-81.1339,32.3365],[-81.1351,32.3361],[-81.1356,32.3356],[-81.1358,32.3346],[-81.1353,32.3339],[-81.1356,32.3322],[-81.1362,32.3311],[-81.138,32.33],[-81.1385,32.3284],[-81.1377,32.3272],[-81.1372,32.3255],[-81.1366,32.3248],[-81.1358,32.3241],[-81.1341,32.3238],[-81.1333,32.3234],[-81.1315,32.3218],[-81.1321,32.3196],[-81.1322,32.3185],[-81.1317,32.3164],[-81.1304,32.3145],[-81.1302,32.3134],[-81.131,32.3115],[-81.1327,32.3105],[-81.1333,32.3096],[-81.1335,32.3084],[-81.1322,32.307],[-81.1296,32.3065],[-81.1282,32.3066],[-81.1266,32.3072],[-81.1255,32.3084],[-81.1245,32.3084],[-81.123,32.3068],[-81.1226,32.3058],[-81.1225,32.3041],[-81.1232,32.2998],[-81.1244,32.2969],[-81.1245,32.2952],[-81.1234,32.2928],[-81.1216,32.2915],[-81.1208,32.2902],[-81.1202,32.2885],[-81.1202,32.2867],[-81.1208,32.2857],[-81.1226,32.2845],[-81.1258,32.2841],[-81.1274,32.2832],[-81.1279,32.2818],[-81.1277,32.2804],[-81.127,32.2789],[-81.1263,32.2783],[-81.1253,32.2781],[-81.1249,32.2777],[-81.1237,32.2765],[-81.1237,32.2759],[-81.1241,32.2753],[-81.1247,32.2752],[-81.127,32.2766],[-81.1279,32.2769],[-81.1298,32.2766],[-81.1306,32.276],[-81.1323,32.2734],[-81.1332,32.2706],[-81.1335,32.2702],[-81.134,32.2705],[-81.1347,32.2724],[-81.1359,32.2731],[-81.1375,32.2733],[-81.1392,32.2725],[-81.1416,32.2726],[-81.1421,32.2724],[-81.1428,32.2713],[-81.1427,32.2704],[-81.1413,32.2696],[-81.1397,32.2694],[-81.1385,32.2686],[-81.1378,32.2671],[-81.1379,32.2658],[-81.1383,32.2651],[-81.1395,32.2641],[-81.1412,32.2642],[-81.1443,32.2647],[-81.1459,32.2645],[-81.1469,32.2639],[-81.1476,32.2627],[-81.1474,32.2607],[-81.147,32.26],[-81.1454,32.2588],[-81.1454,32.2584],[-81.1468,32.2573],[-81.1483,32.2566],[-81.1487,32.2569],[-81.1483,32.2586],[-81.1484,32.2598],[-81.149,32.2609],[-81.1493,32.2622],[-81.149,32.264],[-81.1484,32.2656],[-81.1485,32.2673],[-81.1483,32.2685],[-81.149,32.2699],[-81.1492,32.2712],[-81.1483,32.2739],[-81.1487,32.2733],[-81.1493,32.2711],[-81.1492,32.2699],[-81.1485,32.2689],[-81.1484,32.2682],[-81.1486,32.2673],[-81.1485,32.2662],[-81.1491,32.2644],[-81.1494,32.2622],[-81.1493,32.2613],[-81.1484,32.2593],[-81.149,32.2568],[-81.1498,32.2558],[-81.15,32.2551],[-81.1497,32.2543],[-81.149,32.254],[-81.1465,32.2514],[-81.1466,32.251],[-81.1487,32.2498],[-81.1535,32.2484],[-81.1536,32.249],[-81.154,32.2495],[-81.1553,32.2501],[-81.1585,32.251],[-81.1607,32.2511],[-81.1623,32.2506],[-81.1645,32.2485],[-81.166,32.2486],[-81.1671,32.2494],[-81.168,32.2524],[-81.1693,32.2541],[-81.1703,32.2547],[-81.1714,32.255],[-81.1744,32.2541],[-81.1755,32.2544],[-81.1777,32.2557],[-81.178,32.2561],[-81.1781,32.2579],[-81.1779,32.2585],[-81.1742,32.2618],[-81.1731,32.2616],[-81.1714,32.2606],[-81.1705,32.261],[-81.1704,32.2614],[-81.1707,32.2617],[-81.1726,32.2623],[-81.1731,32.2634],[-81.1721,32.2655],[-81.1716,32.2674],[-81.1701,32.2694],[-81.1702,32.2715],[-81.1693,32.2719],[-81.1666,32.272],[-81.1665,32.2728],[-81.1675,32.2739],[-81.1673,32.2751],[-81.1662,32.2762],[-81.1628,32.2779],[-81.1617,32.2788],[-81.1616,32.2795],[-81.1622,32.2814],[-81.1623,32.2828],[-81.1616,32.2841],[-81.1605,32.2848],[-81.1594,32.2849],[-81.157,32.2842],[-81.1557,32.2842],[-81.1554,32.2844],[-81.1553,32.2847],[-81.1568,32.2859],[-81.1566,32.2869],[-81.1562,32.287],[-81.1549,32.2864],[-81.1538,32.2863],[-81.1526,32.2865],[-81.1519,32.2869],[-81.1517,32.2881],[-81.1507,32.2898],[-81.1507,32.292],[-81.1512,32.2923],[-81.1532,32.2924],[-81.1531,32.2928],[-81.1524,32.293],[-81.152,32.2935],[-81.1529,32.2945],[-81.1528,32.2951],[-81.1524,32.2954],[-81.1518,32.2954],[-81.1499,32.2943],[-81.1494,32.2931],[-81.1483,32.2929],[-81.1465,32.2935],[-81.1455,32.2943],[-81.1464,32.2955],[-81.1463,32.2959],[-81.1459,32.2961],[-81.1429,32.2902],[-81.1438,32.2927],[-81.1458,32.2961],[-81.1463,32.2961],[-81.1465,32.2957],[-81.1463,32.2952],[-81.1457,32.2945],[-81.1459,32.2941],[-81.1481,32.2932],[-81.1493,32.2934],[-81.15,32.2948],[-81.1517,32.2956],[-81.1525,32.2956],[-81.1528,32.2955],[-81.1532,32.2948],[-81.1523,32.2936],[-81.1534,32.293],[-81.1535,32.2925],[-81.1533,32.2922],[-81.1512,32.2921],[-81.1509,32.291],[-81.1511,32.2898],[-81.1519,32.2887],[-81.1522,32.287],[-81.1537,32.2864],[-81.155,32.2867],[-81.1563,32.2872],[-81.1569,32.287],[-81.1571,32.2866],[-81.1571,32.2858],[-81.1556,32.2847],[-81.1558,32.2844],[-81.1574,32.2845],[-81.1597,32.2852],[-81.1612,32.2848],[-81.162,32.2842],[-81.1626,32.2831],[-81.1624,32.2808],[-81.162,32.2795],[-81.162,32.279],[-81.1625,32.2784],[-81.1659,32.2768],[-81.1659,32.2786],[-81.1676,32.2799],[-81.1682,32.2797],[-81.1683,32.2792],[-81.1677,32.2781],[-81.1677,32.2772],[-81.1682,32.278],[-81.1702,32.2784],[-81.1704,32.2789],[-81.1699,32.28],[-81.1698,32.2814],[-81.1704,32.2818],[-81.1714,32.2815],[-81.1714,32.2812],[-81.1708,32.281],[-81.1708,32.2808],[-81.1712,32.2803],[-81.1723,32.2795],[-81.1727,32.2795],[-81.1732,32.2802],[-81.1735,32.2803],[-81.1756,32.28],[-81.177,32.2801],[-81.1774,32.2808],[-81.1769,32.2826],[-81.1753,32.2839],[-81.1744,32.2852],[-81.1748,32.2853],[-81.176,32.2847],[-81.1764,32.2841],[-81.1769,32.2841],[-81.179,32.2858],[-81.1801,32.2872],[-81.18,32.2876],[-81.1789,32.2878],[-81.1772,32.2891],[-81.1741,32.2907],[-81.1738,32.2912],[-81.1737,32.2922],[-81.1695,32.2907],[-81.173,32.2968],[-81.1821,32.3047],[-81.1824,32.3051],[-81.1823,32.3056],[-81.1811,32.3069],[-81.1808,32.308],[-81.1803,32.308],[-81.1714,32.304],[-81.1667,32.3107],[-81.1684,32.3116],[-81.1573,32.328],[-81.1624,32.3304],[-81.1581,32.3372],[-81.1574,32.3368],[-81.1564,32.3368],[-81.1457,32.3395],[-81.1445,32.3397],[-81.1435,32.3393],[-81.1428,32.3397],[-81.1428,32.3404],[-81.1437,32.3403],[-81.1442,32.3406],[-81.1441,32.3424],[-81.1445,32.3426],[-81.1451,32.3424],[-81.1465,32.343],[-81.1467,32.3436],[-81.1473,32.344],[-81.1472,32.3444],[-81.1465,32.3447],[-81.1451,32.3448],[-81.1448,32.3455],[-81.1453,32.3463],[-81.1474,32.348],[-81.147,32.3486],[-81.1473,32.3495],[-81.1469,32.3498],[-81.1444,32.3511],[-81.1437,32.351],[-81.1426,32.3506],[-81.1416,32.3498],[-81.1405,32.3471],[-81.1401,32.3453],[-81.1396,32.3446],[-81.1383,32.3437],[-81.1359,32.3431],[-81.1357,32.3429],[-81.1356,32.3419],[-81.1354,32.3416]]],[[[-81.1427,32.2861],[-81.143,32.2866],[-81.143,32.2863],[-81.1427,32.2861]]],[[[-81.1429,32.2852],[-81.1429,32.2851],[-81.1427,32.2858],[-81.1429,32.2852]]],[[[-81.144,32.2841],[-81.144,32.284],[-81.1437,32.2842],[-81.144,32.2841]]],[[[-81.1454,32.2832],[-81.1445,32.2822],[-81.1453,32.2834],[-81.1444,32.2838],[-81.1453,32.2836],[-81.1454,32.2832]]],[[[-81.1447,32.2811],[-81.1449,32.2814],[-81.1449,32.2813],[-81.1447,32.2811]]],[[[-81.1453,32.2795],[-81.1456,32.279],[-81.1454,32.2793],[-81.1453,32.2795]]],[[[-81.1457,32.2787],[-81.1458,32.2786],[-81.1457,32.2786],[-81.1457,32.2787]]],[[[-81.1472,32.2765],[-81.1464,32.2778],[-81.147,32.277],[-81.1472,32.2765]]],[[[-81.1482,32.2742],[-81.1476,32.2748],[-81.1478,32.275],[-81.1476,32.2756],[-81.1482,32.2742]]],[[[-81.5173,32.8873],[-81.5184,32.8872],[-81.5192,32.8891],[-81.5188,32.8895],[-81.5178,32.89],[-81.5175,32.8904],[-81.516,32.8906],[-81.5154,32.8881],[-81.5165,32.8875],[-81.5173,32.8873]]]]},"properties":{"id":"usgs-pad-us-fee-managers:5247","name":"Savannah National Wildlife Refuge","kind":"land","category":"public-land","sourceCategory":"public-land","sourceId":"usgs-pad-us-fee-managers","sourceUrl":"https://services.arcgis.com/v01gqwM5QqNysAAi/arcgis/rest/services/Fee_Managers_PADUS/FeatureServer/0","sourceUpdated":"2021-12-08T05:00:00.000Z","publicUse":"PAD-US reports restricted access; confirm permits and seasonal rules with the manager.","unit":"FWS","origin":"public-catalog"}},{"type":"Feature","id":"usgs-pad-us-fee-managers:5389","geometry":{"type":"Polygon","coordinates":[[[-84.6709,32.8857],[-84.6706,32.885],[-84.6713,32.8831],[-84.6709,32.8829],[-84.6711,32.8826],[-84.672,32.883],[-84.673,32.8826],[-84.6732,32.8822],[-84.6737,32.8824],[-84.6736,32.8836],[-84.6744,32.884],[-84.6743,32.8847],[-84.6752,32.8861],[-84.6745,32.8867],[-84.6741,32.886],[-84.6728,32.887],[-84.6716,32.891],[-84.6695,32.8906],[-84.6709,32.8857]]]},"properties":{"id":"usgs-pad-us-fee-managers:5389","name":"Warm Springs National Fish Hatchery","kind":"land","category":"public-land","sourceCategory":"public-land","sourceId":"usgs-pad-us-fee-managers","sourceUrl":"https://services.arcgis.com/v01gqwM5QqNysAAi/arcgis/rest/services/Fee_Managers_PADUS/FeatureServer/0","sourceUpdated":"2021-12-08T05:00:00.000Z","publicUse":"PAD-US reports restricted access; confirm permits and seasonal rules with the manager.","unit":"FWS","origin":"public-catalog"}},{"type":"Feature","id":"usgs-pad-us-fee-managers:5392","geometry":{"type":"MultiPolygon","coordinates":[[[[-81.0144,31.9071],[-81.0103,31.905],[-81.0088,31.9033],[-81.0085,31.9022],[-81.0086,31.894],[-81.0083,31.8911],[-81.0082,31.8874],[-81.0074,31.8843],[-81.0063,31.8833],[-81.0021,31.8773],[-81.0005,31.8738],[-81,31.8708],[-81.0011,31.8689],[-81.0029,31.8686],[-81.0194,31.8674],[-81.0252,31.8683],[-81.0272,31.8683],[-81.0279,31.8679],[-81.0303,31.8699],[-81.0305,31.871],[-81.0308,31.8713],[-81.0307,31.8721],[-81.0312,31.8727],[-81.034,31.8742],[-81.0356,31.874],[-81.0362,31.8751],[-81.0382,31.875],[-81.0402,31.8755],[-81.0419,31.8763],[-81.0483,31.8754],[-81.049,31.8754],[-81.05,31.8759],[-81.0503,31.8756],[-81.0519,31.8756],[-81.0522,31.8758],[-81.0524,31.8765],[-81.0539,31.8762],[-81.0549,31.8767],[-81.0553,31.8778],[-81.055,31.8801],[-81.0533,31.8829],[-81.0527,31.8857],[-81.0519,31.8867],[-81.0503,31.8872],[-81.0482,31.8875],[-81.0466,31.8881],[-81.0452,31.8895],[-81.0432,31.8929],[-81.0409,31.8939],[-81.0399,31.8936],[-81.0361,31.8909],[-81.0346,31.8888],[-81.0314,31.888],[-81.0291,31.8885],[-81.0275,31.8898],[-81.0269,31.8917],[-81.0267,31.8935],[-81.0272,31.8967],[-81.0267,31.8979],[-81.0237,31.8998],[-81.0221,31.9012],[-81.0211,31.9031],[-81.0203,31.9051],[-81.0191,31.9068],[-81.0182,31.9074],[-81.0171,31.9076],[-81.0153,31.9074],[-81.0144,31.9071]]],[[[-80.9897,31.9294],[-80.9875,31.9286],[-80.9852,31.9281],[-80.9843,31.9276],[-80.9813,31.9265],[-80.9809,31.926],[-80.9799,31.9261],[-80.9792,31.9255],[-80.9777,31.9252],[-80.9766,31.9244],[-80.9753,31.9239],[-80.9741,31.923],[-80.9701,31.9171],[-80.9694,31.9173],[-80.9692,31.9165],[-80.968,31.9158],[-80.9678,31.9152],[-80.9671,31.914],[-80.9656,31.9132],[-80.9654,31.9135],[-80.9659,31.9139],[-80.9657,31.914],[-80.9637,31.9141],[-80.9634,31.9139],[-80.9635,31.9133],[-80.9625,31.9125],[-80.961,31.9132],[-80.9613,31.9127],[-80.9608,31.9123],[-80.9594,31.9118],[-80.9589,31.9115],[-80.9579,31.9114],[-80.9569,31.9119],[-80.9549,31.9118],[-80.9541,31.9114],[-80.9526,31.9117],[-80.9518,31.9114],[-80.9512,31.9115],[-80.9507,31.912],[-80.9494,31.9122],[-80.9491,31.9125],[-80.9477,31.9131],[-80.9454,31.913],[-80.9443,31.9127],[-80.9445,31.913],[-80.9433,31.9128],[-80.9433,31.913],[-80.9428,31.9133],[-80.9418,31.9133],[-80.9401,31.9129],[-80.9358,31.9101],[-80.9349,31.9101],[-80.9345,31.909],[-80.9356,31.9075],[-80.937,31.906],[-80.9402,31.9033],[-80.9419,31.9015],[-80.9432,31.9005],[-80.9456,31.8977],[-80.9504,31.894],[-80.9583,31.8886],[-80.9599,31.8906],[-80.9625,31.892],[-80.9595,31.8937],[-80.9584,31.8949],[-80.9587,31.8956],[-80.9595,31.8967],[-80.9595,31.8976],[-80.9616,31.899],[-80.9643,31.8993],[-80.9671,31.8993],[-80.9675,31.8992],[-80.9674,31.8985],[-80.9664,31.8981],[-80.9659,31.8976],[-80.9663,31.8974],[-80.9663,31.8968],[-80.9668,31.8962],[-80.9673,31.8949],[-80.9678,31.8949],[-80.9684,31.8952],[-80.9694,31.8941],[-80.9718,31.8935],[-80.9739,31.8925],[-80.9688,31.888],[-80.9647,31.8903],[-80.962,31.889],[-80.9604,31.8871],[-80.9676,31.8817],[-80.9724,31.8776],[-80.9853,31.8651],[-80.9907,31.8591],[-80.9935,31.8572],[-80.9948,31.8567],[-80.9956,31.8567],[-80.999,31.8571],[-81.0011,31.8577],[-81.0021,31.8584],[-81.0026,31.8593],[-81.0027,31.8604],[-81.002,31.862],[-81.0011,31.8635],[-80.9998,31.8647],[-80.9986,31.8668],[-80.9969,31.8726],[-80.9977,31.8756],[-80.9981,31.876],[-80.9993,31.8788],[-81.0018,31.8828],[-81.0045,31.8856],[-81.005,31.8866],[-81.0058,31.8918],[-81.0056,31.8942],[-81.0063,31.8978],[-81.0069,31.9032],[-81.0074,31.9042],[-81.009,31.906],[-81.0104,31.9071],[-81.0106,31.908],[-81.0101,31.9087],[-81.0108,31.9094],[-81.0118,31.9098],[-81.0123,31.9104],[-81.0135,31.9113],[-81.0137,31.9117],[-81.0135,31.9126],[-81.0136,31.9137],[-81.0132,31.915],[-81.0105,31.9152],[-81.0091,31.9159],[-81.0087,31.9164],[-81.0084,31.9184],[-81.0087,31.9205],[-81.0083,31.925],[-81.0084,31.9286],[-81.0057,31.9302],[-81.0047,31.9305],[-81.0034,31.9303],[-81.0003,31.9291],[-80.9988,31.9289],[-80.9968,31.929],[-80.9921,31.93],[-80.9897,31.9294]]]]},"properties":{"id":"usgs-pad-us-fee-managers:5392","name":"Wassaw National Wildlife Refuge","kind":"land","category":"public-land","sourceCategory":"public-land","sourceId":"usgs-pad-us-fee-managers","sourceUrl":"https://services.arcgis.com/v01gqwM5QqNysAAi/arcgis/rest/services/Fee_Managers_PADUS/FeatureServer/0","sourceUpdated":"2021-12-08T05:00:00.000Z","publicUse":"PAD-US reports restricted access; confirm permits and seasonal rules with the manager.","unit":"FWS","origin":"public-catalog"}},{"type":"Feature","id":"usgs-pad-us-fee-managers:5422","geometry":{"type":"MultiPolygon","coordinates":[[[[-81.3065,31.3149],[-81.3044,31.3144],[-81.3024,31.3135],[-81.2982,31.31],[-81.2981,31.3095],[-81.2976,31.3091],[-81.2978,31.3088],[-81.2976,31.3084],[-81.2962,31.3081],[-81.2961,31.3083],[-81.2955,31.3082],[-81.294,31.3069],[-81.2928,31.3052],[-81.2924,31.3033],[-81.2918,31.3017],[-81.2917,31.3005],[-81.291,31.3001],[-81.291,31.2992],[-81.2921,31.297],[-81.293,31.2959],[-81.2934,31.2947],[-81.2939,31.2945],[-81.2946,31.2938],[-81.2946,31.293],[-81.2952,31.2924],[-81.2969,31.293],[-81.2984,31.294],[-81.3018,31.2968],[-81.3036,31.2994],[-81.3064,31.3043],[-81.3075,31.3059],[-81.3096,31.3081],[-81.3109,31.3109],[-81.3136,31.3136],[-81.3142,31.3149],[-81.3121,31.3153],[-81.3065,31.3149]]],[[[-81.2998,31.3159],[-81.2962,31.3146],[-81.2958,31.3141],[-81.2975,31.3145],[-81.2997,31.3155],[-81.3003,31.3157],[-81.2998,31.3159]]],[[[-81.2878,31.3523],[-81.2877,31.3523],[-81.2877,31.3523],[-81.2878,31.3523]]],[[[-81.2878,31.3523],[-81.2882,31.3516],[-81.288,31.3513],[-81.2887,31.3511],[-81.2894,31.3513],[-81.2905,31.3523],[-81.2901,31.3526],[-81.2878,31.3523]]],[[[-81.3122,31.3657],[-81.3098,31.3654],[-81.3037,31.3667],[-81.3031,31.3665],[-81.3032,31.3658],[-81.3006,31.3626],[-81.3008,31.3613],[-81.3019,31.3596],[-81.3023,31.3585],[-81.3021,31.3572],[-81.3014,31.3553],[-81.3001,31.3534],[-81.3002,31.3524],[-81.3006,31.3517],[-81.3013,31.3513],[-81.3023,31.3514],[-81.3037,31.3531],[-81.3047,31.3563],[-81.3057,31.3582],[-81.3073,31.3589],[-81.3082,31.3587],[-81.3089,31.3582],[-81.3093,31.3572],[-81.3091,31.3562],[-81.3082,31.3547],[-81.3079,31.3537],[-81.3063,31.3517],[-81.3062,31.3507],[-81.3067,31.3503],[-81.3075,31.3503],[-81.3083,31.3509],[-81.3096,31.3527],[-81.3107,31.3531],[-81.3116,31.3529],[-81.3127,31.3516],[-81.3141,31.3471],[-81.3132,31.3455],[-81.3125,31.3451],[-81.3116,31.345],[-81.3106,31.3453],[-81.3102,31.3458],[-81.3097,31.3478],[-81.3092,31.3484],[-81.3083,31.3487],[-81.3071,31.3483],[-81.3068,31.3467],[-81.3082,31.3423],[-81.3077,31.3413],[-81.3068,31.3409],[-81.3072,31.3404],[-81.3076,31.3402],[-81.3081,31.3406],[-81.3092,31.3407],[-81.309,31.3403],[-81.3081,31.3397],[-81.3095,31.3386],[-81.3107,31.3393],[-81.31,31.3404],[-81.3093,31.3408],[-81.3096,31.3413],[-81.3111,31.3401],[-81.3118,31.3408],[-81.3131,31.3411],[-81.3149,31.3403],[-81.316,31.3404],[-81.3161,31.341],[-81.3146,31.3414],[-81.3141,31.3422],[-81.3148,31.343],[-81.3161,31.3432],[-81.3156,31.3437],[-81.3155,31.3446],[-81.3167,31.346],[-81.3171,31.3472],[-81.3184,31.3479],[-81.3194,31.349],[-81.3207,31.349],[-81.3206,31.3507],[-81.3201,31.3517],[-81.3203,31.3538],[-81.3211,31.3541],[-81.3225,31.3538],[-81.3231,31.3532],[-81.3244,31.3527],[-81.3242,31.3525],[-81.3223,31.3534],[-81.3207,31.3536],[-81.3206,31.3517],[-81.321,31.3512],[-81.321,31.3504],[-81.3214,31.349],[-81.3207,31.3485],[-81.3194,31.3485],[-81.3186,31.3475],[-81.3177,31.347],[-81.3173,31.346],[-81.3161,31.3445],[-81.3163,31.344],[-81.3168,31.3438],[-81.3169,31.3429],[-81.3163,31.3424],[-81.3147,31.3421],[-81.315,31.3419],[-81.3168,31.342],[-81.3173,31.3414],[-81.3169,31.3404],[-81.3163,31.3399],[-81.3144,31.3395],[-81.3147,31.3384],[-81.3151,31.3382],[-81.3163,31.3385],[-81.317,31.3384],[-81.3173,31.338],[-81.3174,31.3372],[-81.3177,31.337],[-81.3194,31.338],[-81.32,31.3378],[-81.3203,31.3372],[-81.3194,31.3378],[-81.3185,31.3369],[-81.3175,31.3368],[-81.3171,31.3372],[-81.317,31.3378],[-81.3166,31.3383],[-81.3155,31.3379],[-81.3148,31.338],[-81.3141,31.3387],[-81.3138,31.3396],[-81.3127,31.34],[-81.3126,31.339],[-81.3118,31.3377],[-81.3111,31.3374],[-81.3106,31.3377],[-81.3101,31.3359],[-81.3094,31.3353],[-81.3082,31.3348],[-81.3078,31.3331],[-81.3079,31.3327],[-81.3084,31.3326],[-81.31,31.3331],[-81.3112,31.333],[-81.3117,31.3336],[-81.3124,31.3337],[-81.3128,31.3331],[-81.312,31.3325],[-81.3131,31.3318],[-81.3122,31.3318],[-81.3119,31.3321],[-81.3119,31.3327],[-81.3123,31.3332],[-81.312,31.3335],[-81.3115,31.3327],[-81.3104,31.3326],[-81.3081,31.332],[-81.3076,31.3323],[-81.3072,31.3331],[-81.3072,31.3345],[-81.3073,31.3349],[-81.3087,31.3365],[-81.3067,31.3365],[-81.3061,31.3362],[-81.3058,31.3357],[-81.3056,31.3348],[-81.3044,31.334],[-81.3045,31.3336],[-81.305,31.3334],[-81.3043,31.3337],[-81.3044,31.3341],[-81.3054,31.335],[-81.306,31.3364],[-81.3066,31.3367],[-81.3087,31.3369],[-81.309,31.3372],[-81.309,31.3376],[-81.3076,31.3381],[-81.3058,31.3393],[-81.3049,31.3384],[-81.304,31.3367],[-81.302,31.3347],[-81.3013,31.3342],[-81.3,31.334],[-81.3004,31.3326],[-81.2998,31.3319],[-81.2992,31.3317],[-81.2981,31.3323],[-81.2975,31.3321],[-81.2976,31.3317],[-81.2987,31.3313],[-81.299,31.3307],[-81.2988,31.3297],[-81.2989,31.3284],[-81.2979,31.3282],[-81.2978,31.3284],[-81.2986,31.3284],[-81.2988,31.3287],[-81.2985,31.3302],[-81.2987,31.3307],[-81.2986,31.331],[-81.2973,31.3315],[-81.2972,31.3319],[-81.2973,31.3323],[-81.2979,31.3326],[-81.2995,31.3323],[-81.2999,31.3325],[-81.2995,31.3335],[-81.2996,31.3342],[-81.3003,31.3346],[-81.3014,31.3348],[-81.3035,31.3368],[-81.3051,31.3395],[-81.305,31.3399],[-81.3025,31.342],[-81.3003,31.3419],[-81.2971,31.3413],[-81.2967,31.3411],[-81.2953,31.3392],[-81.2926,31.3366],[-81.2921,31.3364],[-81.2907,31.3367],[-81.2891,31.3387],[-81.2883,31.3387],[-81.2879,31.3384],[-81.288,31.3369],[-81.2878,31.336],[-81.2898,31.3354],[-81.2903,31.3345],[-81.2899,31.3339],[-81.2879,31.3332],[-81.2879,31.3326],[-81.2884,31.3317],[-81.2881,31.3316],[-81.2875,31.3329],[-81.2876,31.3333],[-81.2896,31.334],[-81.2899,31.3345],[-81.2895,31.3352],[-81.2877,31.3355],[-81.2875,31.336],[-81.2875,31.3386],[-81.2885,31.3393],[-81.2894,31.3391],[-81.29,31.3386],[-81.2909,31.3371],[-81.2915,31.3368],[-81.2921,31.3367],[-81.2953,31.3399],[-81.2959,31.3413],[-81.2923,31.343],[-81.2886,31.3459],[-81.2873,31.3461],[-81.2862,31.3459],[-81.2859,31.3456],[-81.2857,31.3448],[-81.285,31.3404],[-81.2849,31.3361],[-81.2853,31.3346],[-81.2849,31.3301],[-81.2856,31.3258],[-81.2866,31.3244],[-81.2872,31.324],[-81.2893,31.3241],[-81.291,31.3236],[-81.2935,31.3244],[-81.2945,31.3245],[-81.2979,31.3238],[-81.3001,31.3226],[-81.3013,31.3223],[-81.3048,31.3236],[-81.3098,31.3248],[-81.3114,31.3261],[-81.3134,31.3272],[-81.3142,31.3273],[-81.3161,31.3283],[-81.3183,31.329],[-81.3202,31.33],[-81.3211,31.3302],[-81.3248,31.3325],[-81.3256,31.3341],[-81.3266,31.3394],[-81.3263,31.3441],[-81.3265,31.3458],[-81.3269,31.3472],[-81.328,31.3494],[-81.3307,31.3524],[-81.3312,31.3533],[-81.3319,31.354],[-81.3318,31.3542],[-81.3325,31.3548],[-81.3353,31.358],[-81.3364,31.3588],[-81.3369,31.3597],[-81.3366,31.3613],[-81.3355,31.3626],[-81.3336,31.3633],[-81.3309,31.3637],[-81.3295,31.3632],[-81.3281,31.3635],[-81.3262,31.3644],[-81.3251,31.3651],[-81.3241,31.3671],[-81.3227,31.3686],[-81.3206,31.3692],[-81.3188,31.3688],[-81.317,31.3679],[-81.3154,31.3666],[-81.3122,31.3657]]],[[[-81.2941,31.3662],[-81.2935,31.3662],[-81.2932,31.3659],[-81.2921,31.3638],[-81.2914,31.362],[-81.2921,31.3607],[-81.2925,31.3587],[-81.2921,31.3548],[-81.2912,31.3539],[-81.2919,31.3534],[-81.2919,31.3508],[-81.2912,31.3499],[-81.2897,31.3494],[-81.288,31.3482],[-81.2885,31.3476],[-81.2949,31.3432],[-81.298,31.343],[-81.3018,31.3434],[-81.3039,31.3428],[-81.3063,31.3414],[-81.3074,31.3416],[-81.3077,31.342],[-81.3076,31.343],[-81.3064,31.3464],[-81.3067,31.3483],[-81.3079,31.3489],[-81.3085,31.349],[-81.309,31.3487],[-81.3099,31.3481],[-81.3107,31.3456],[-81.3118,31.3453],[-81.3126,31.3454],[-81.3131,31.3458],[-81.3137,31.3471],[-81.3122,31.3516],[-81.3113,31.3526],[-81.3105,31.3527],[-81.3099,31.3523],[-81.3089,31.3507],[-81.308,31.35],[-81.3067,31.3498],[-81.3057,31.3504],[-81.3055,31.3513],[-81.3057,31.352],[-81.3071,31.3538],[-81.3089,31.3572],[-81.3088,31.3578],[-81.3084,31.3583],[-81.3072,31.3585],[-81.3064,31.3582],[-81.3057,31.3575],[-81.3047,31.354],[-81.3032,31.3517],[-81.3019,31.351],[-81.3006,31.3513],[-81.2997,31.3524],[-81.2996,31.3534],[-81.3013,31.3563],[-81.3018,31.3585],[-81.3015,31.3594],[-81.3002,31.3614],[-81.3001,31.3625],[-81.3004,31.3633],[-81.3016,31.3652],[-81.3019,31.366],[-81.3002,31.3663],[-81.2941,31.3662]]]]},"properties":{"id":"usgs-pad-us-fee-managers:5422","name":"Wolf Island National Wildlife Refuge","kind":"land","category":"public-land","sourceCategory":"public-land","sourceId":"usgs-pad-us-fee-managers","sourceUrl":"https://services.arcgis.com/v01gqwM5QqNysAAi/arcgis/rest/services/Fee_Managers_PADUS/FeatureServer/0","sourceUpdated":"2021-12-08T05:00:00.000Z","publicUse":"PAD-US reports restricted access; confirm permits and seasonal rules with the manager.","unit":"FWS","origin":"public-catalog"}},{"type":"Feature","id":"usgs-pad-us-fee-managers:5895","geometry":{"type":"MultiPolygon","coordinates":[[[[-81.938,30.8293],[-81.9389,30.8298],[-81.9386,30.8299],[-81.938,30.8293]]],[[[-81.9544,30.8239],[-81.954,30.8244],[-81.9536,30.8247],[-81.9544,30.8239]]],[[[-81.959,30.8215],[-81.9581,30.8221],[-81.9554,30.823],[-81.959,30.8215]]]]},"properties":{"id":"usgs-pad-us-fee-managers:5895","name":"Ralph E. Simmons State Forest","kind":"land","category":"public-land","sourceCategory":"public-land","sourceId":"usgs-pad-us-fee-managers","sourceUrl":"https://services.arcgis.com/v01gqwM5QqNysAAi/arcgis/rest/services/Fee_Managers_PADUS/FeatureServer/0","sourceUpdated":"2017-08-14T04:00:00.000Z","publicUse":"PAD-US reports open access; verify current manager conditions and restrictions.","unit":"RWD","origin":"public-catalog"}},{"type":"Feature","id":"usgs-pad-us-fee-managers:5901","geometry":{"type":"MultiPolygon","coordinates":[[[[-82.6896,30.5977],[-82.6986,30.5982],[-82.6994,30.5986],[-82.7003,30.5985],[-82.7005,30.5987],[-82.6896,30.598],[-82.6896,30.5977]]],[[[-82.7004,30.5984],[-82.701,30.5984],[-82.701,30.5988],[-82.7007,30.5988],[-82.7004,30.5984]]],[[[-82.6991,30.5983],[-82.6997,30.5983],[-82.6995,30.5985],[-82.6991,30.5983]]]]},"properties":{"id":"usgs-pad-us-fee-managers:5901","name":"Cypress Creek Conservation Area (Srwmd)","kind":"land","category":"public-land","sourceCategory":"public-land","sourceId":"usgs-pad-us-fee-managers","sourceUrl":"https://services.arcgis.com/v01gqwM5QqNysAAi/arcgis/rest/services/Fee_Managers_PADUS/FeatureServer/0","sourceUpdated":"2017-08-14T04:00:00.000Z","publicUse":"PAD-US reports open access; verify current manager conditions and restrictions.","unit":"RWD","origin":"public-catalog"}},{"type":"Feature","id":"usgs-pad-us-fee-managers:5903","geometry":{"type":"MultiPolygon","coordinates":[[[[-83.2849,30.633],[-83.2933,30.6335],[-83.2933,30.6337],[-83.2849,30.633]]],[[[-83.294,30.6336],[-83.2978,30.6338],[-83.2978,30.634],[-83.294,30.6338],[-83.294,30.6336]]],[[[-83.2985,30.6338],[-83.3005,30.6339],[-83.301,30.6342],[-83.2985,30.6341],[-83.2985,30.6338]]],[[[-83.3009,30.6339],[-83.3091,30.6344],[-83.3088,30.6348],[-83.3013,30.6342],[-83.3009,30.6339]]]]},"properties":{"id":"usgs-pad-us-fee-managers:5903","name":"Withlacoochee East Conservation Area","kind":"land","category":"public-land","sourceCategory":"public-land","sourceId":"usgs-pad-us-fee-managers","sourceUrl":"https://services.arcgis.com/v01gqwM5QqNysAAi/arcgis/rest/services/Fee_Managers_PADUS/FeatureServer/0","sourceUpdated":"2017-08-14T04:00:00.000Z","publicUse":"PAD-US reports open access; verify current manager conditions and restrictions.","unit":"RWD","origin":"public-catalog"}},{"type":"Feature","id":"usgs-pad-us-fee-managers:6076","geometry":{"type":"Polygon","coordinates":[[[-84.2914,34.074],[-84.2926,34.0742],[-84.2923,34.0755],[-84.291,34.0756],[-84.2911,34.0742],[-84.2914,34.074]]]},"properties":{"id":"usgs-pad-us-fee-managers:6076","name":"Alpharetta City Center Park","kind":"land","category":"public-land","sourceCategory":"public-land","sourceId":"usgs-pad-us-fee-managers","sourceUrl":"https://services.arcgis.com/v01gqwM5QqNysAAi/arcgis/rest/services/Fee_Managers_PADUS/FeatureServer/0","sourceUpdated":"2017-08-14T04:00:00.000Z","publicUse":"PAD-US reports open access; verify current manager conditions and restrictions.","unit":"CITY","origin":"public-catalog"}},{"type":"Feature","id":"usgs-pad-us-fee-managers:6077","geometry":{"type":"Polygon","coordinates":[[[-84.3396,34.0896],[-84.3402,34.0896],[-84.3402,34.0898],[-84.3396,34.09],[-84.3396,34.0896]]]},"properties":{"id":"usgs-pad-us-fee-managers:6077","name":"Crabapple Goverment Center Park","kind":"land","category":"public-land","sourceCategory":"public-land","sourceId":"usgs-pad-us-fee-managers","sourceUrl":"https://services.arcgis.com/v01gqwM5QqNysAAi/arcgis/rest/services/Fee_Managers_PADUS/FeatureServer/0","sourceUpdated":"2017-08-14T04:00:00.000Z","publicUse":"PAD-US reports open access; verify current manager conditions and restrictions.","unit":"CITY","origin":"public-catalog"}},{"type":"Feature","id":"usgs-pad-us-fee-managers:6078","geometry":{"type":"Polygon","coordinates":[[[-84.2194,34.0637],[-84.2207,34.0627],[-84.2216,34.0634],[-84.2216,34.064],[-84.2198,34.0637],[-84.2192,34.0638],[-84.2194,34.0637]]]},"properties":{"id":"usgs-pad-us-fee-managers:6078","name":"Webb Bridge Park - Phase II ","kind":"land","category":"public-land","sourceCategory":"public-land","sourceId":"usgs-pad-us-fee-managers","sourceUrl":"https://services.arcgis.com/v01gqwM5QqNysAAi/arcgis/rest/services/Fee_Managers_PADUS/FeatureServer/0","sourceUpdated":"2017-08-14T04:00:00.000Z","publicUse":"PAD-US reports open access; verify current manager conditions and restrictions.","unit":"CITY","origin":"public-catalog"}},{"type":"Feature","id":"usgs-pad-us-fee-managers:6079","geometry":{"type":"Polygon","coordinates":[[[-84.4535,33.771],[-84.4538,33.771],[-84.4538,33.7716],[-84.4532,33.7716],[-84.4533,33.771],[-84.4535,33.771]]]},"properties":{"id":"usgs-pad-us-fee-managers:6079","name":"Arlington Circle Beauty Spot","kind":"land","category":"public-land","sourceCategory":"public-land","sourceId":"usgs-pad-us-fee-managers","sourceUrl":"https://services.arcgis.com/v01gqwM5QqNysAAi/arcgis/rest/services/Fee_Managers_PADUS/FeatureServer/0","sourceUpdated":"2017-08-14T04:00:00.000Z","publicUse":"PAD-US reports open access; verify current manager conditions and restrictions.","unit":"CITY","origin":"public-catalog"}},{"type":"Feature","id":"usgs-pad-us-fee-managers:6080","geometry":{"type":"Polygon","coordinates":[[[-84.3525,33.7975],[-84.3525,33.7975],[-84.3526,33.7993],[-84.3525,33.7975]]]},"properties":{"id":"usgs-pad-us-fee-managers:6080","name":"Barclay Median","kind":"land","category":"public-land","sourceCategory":"public-land","sourceId":"usgs-pad-us-fee-managers","sourceUrl":"https://services.arcgis.com/v01gqwM5QqNysAAi/arcgis/rest/services/Fee_Managers_PADUS/FeatureServer/0","sourceUpdated":"2017-08-14T04:00:00.000Z","publicUse":"PAD-US reports open access; verify current manager conditions and restrictions.","unit":"CITY","origin":"public-catalog"}},{"type":"Feature","id":"usgs-pad-us-fee-managers:6081","geometry":{"type":"Polygon","coordinates":[[[-84.4131,33.7246],[-84.4135,33.7246],[-84.4135,33.7257],[-84.4128,33.7245],[-84.4131,33.7246]]]},"properties":{"id":"usgs-pad-us-fee-managers:6081","name":"Beltline Benoit","kind":"land","category":"public-land","sourceCategory":"public-land","sourceId":"usgs-pad-us-fee-managers","sourceUrl":"https://services.arcgis.com/v01gqwM5QqNysAAi/arcgis/rest/services/Fee_Managers_PADUS/FeatureServer/0","sourceUpdated":"2017-08-14T04:00:00.000Z","publicUse":"PAD-US reports open access; verify current manager conditions and restrictions.","unit":"CITY","origin":"public-catalog"}},{"type":"Feature","id":"usgs-pad-us-fee-managers:6082","geometry":{"type":"Polygon","coordinates":[[[-84.3708,33.7253],[-84.3708,33.724],[-84.3703,33.724],[-84.3686,33.7228],[-84.3686,33.7224],[-84.3691,33.7224],[-84.3691,33.722],[-84.3726,33.7221],[-84.3725,33.7247],[-84.3708,33.7253]]]},"properties":{"id":"usgs-pad-us-fee-managers:6082","name":"Beltline Boulevard Crossing","kind":"land","category":"public-land","sourceCategory":"public-land","sourceId":"usgs-pad-us-fee-managers","sourceUrl":"https://services.arcgis.com/v01gqwM5QqNysAAi/arcgis/rest/services/Fee_Managers_PADUS/FeatureServer/0","sourceUpdated":"2017-08-14T04:00:00.000Z","publicUse":"PAD-US reports open access; verify current manager conditions and restrictions.","unit":"CITY","origin":"public-catalog"}},{"type":"Feature","id":"usgs-pad-us-fee-managers:6083","geometry":{"type":"Polygon","coordinates":[[[-84.379,33.868],[-84.3795,33.8666],[-84.3809,33.8663],[-84.3809,33.8677],[-84.3802,33.8676],[-84.3803,33.8681],[-84.3795,33.8679],[-84.3792,33.8689],[-84.3787,33.8691],[-84.379,33.868]],[[-84.3799,33.8674],[-84.3799,33.8674],[-84.38,33.8674],[-84.3799,33.8674]],[[-84.3803,33.867],[-84.3803,33.867],[-84.3803,33.867],[-84.3803,33.867]],[[-84.3805,33.8668],[-84.3804,33.8669],[-84.3805,33.8668],[-84.3805,33.8668]],[[-84.3806,33.8666],[-84.3806,33.8666],[-84.3806,33.8666],[-84.3806,33.8666]],[[-84.3807,33.8666],[-84.3807,33.8666],[-84.3807,33.8665],[-84.3807,33.8666]],[[-84.3808,33.8665],[-84.3808,33.8665],[-84.3808,33.8665],[-84.3808,33.8665]]]},"properties":{"id":"usgs-pad-us-fee-managers:6083","name":"Blue Heron Nature Preserve","kind":"land","category":"public-land","sourceCategory":"public-land","sourceId":"usgs-pad-us-fee-managers","sourceUrl":"https://services.arcgis.com/v01gqwM5QqNysAAi/arcgis/rest/services/Fee_Managers_PADUS/FeatureServer/0","sourceUpdated":"2017-08-14T04:00:00.000Z","publicUse":"PAD-US reports open access; verify current manager conditions and restrictions.","unit":"CITY","origin":"public-catalog"}},{"type":"Feature","id":"usgs-pad-us-fee-managers:6084","geometry":{"type":"Polygon","coordinates":[[[-84.3341,33.7559],[-84.3336,33.7557],[-84.3344,33.7554],[-84.3341,33.7559]]]},"properties":{"id":"usgs-pad-us-fee-managers:6084","name":"Kirkwood Dickson Park","kind":"land","category":"public-land","sourceCategory":"public-land","sourceId":"usgs-pad-us-fee-managers","sourceUrl":"https://services.arcgis.com/v01gqwM5QqNysAAi/arcgis/rest/services/Fee_Managers_PADUS/FeatureServer/0","sourceUpdated":"2017-08-14T04:00:00.000Z","publicUse":"PAD-US reports open access; verify current manager conditions and restrictions.","unit":"CITY","origin":"public-catalog"}},{"type":"Feature","id":"usgs-pad-us-fee-managers:6085","geometry":{"type":"Polygon","coordinates":[[[-84.4407,33.7284],[-84.4409,33.7284],[-84.4415,33.7289],[-84.4407,33.7284]]]},"properties":{"id":"usgs-pad-us-fee-managers:6085","name":"Mayflower Beauty Spot","kind":"land","category":"public-land","sourceCategory":"public-land","sourceId":"usgs-pad-us-fee-managers","sourceUrl":"https://services.arcgis.com/v01gqwM5QqNysAAi/arcgis/rest/services/Fee_Managers_PADUS/FeatureServer/0","sourceUpdated":"2017-08-14T04:00:00.000Z","publicUse":"PAD-US reports open access; verify current manager conditions and restrictions.","unit":"CITY","origin":"public-catalog"}},{"type":"Feature","id":"usgs-pad-us-fee-managers:6086","geometry":{"type":"MultiPolygon","coordinates":[[[[-84.4422,33.7853],[-84.4421,33.7845],[-84.4439,33.7839],[-84.4428,33.7818],[-84.4415,33.7817],[-84.4415,33.7816],[-84.4443,33.7816],[-84.4448,33.7825],[-84.4449,33.7834],[-84.4454,33.784],[-84.4462,33.7837],[-84.4465,33.7842],[-84.4447,33.7841],[-84.4427,33.7848],[-84.4427,33.7853],[-84.4422,33.7853]]],[[[-84.4472,33.7855],[-84.4485,33.7876],[-84.4466,33.7876],[-84.4469,33.7867],[-84.4467,33.7856],[-84.4472,33.7855]]]]},"properties":{"id":"usgs-pad-us-fee-managers:6086","name":"Rockdale Park","kind":"land","category":"public-land","sourceCategory":"public-land","sourceId":"usgs-pad-us-fee-managers","sourceUrl":"https://services.arcgis.com/v01gqwM5QqNysAAi/arcgis/rest/services/Fee_Managers_PADUS/FeatureServer/0","sourceUpdated":"2017-08-14T04:00:00.000Z","publicUse":"PAD-US reports open access; verify current manager conditions and restrictions.","unit":"CITY","origin":"public-catalog"}},{"type":"Feature","id":"usgs-pad-us-fee-managers:6087","geometry":{"type":"MultiPolygon","coordinates":[[[[-84.4586,33.7568],[-84.4594,33.7568],[-84.4594,33.757],[-84.4586,33.757],[-84.4586,33.7568]]],[[[-84.4601,33.7565],[-84.4604,33.757],[-84.4595,33.757],[-84.4595,33.7565],[-84.4601,33.7565]]]]},"properties":{"id":"usgs-pad-us-fee-managers:6087","name":"Shirley Place Park","kind":"land","category":"public-land","sourceCategory":"public-land","sourceId":"usgs-pad-us-fee-managers","sourceUrl":"https://services.arcgis.com/v01gqwM5QqNysAAi/arcgis/rest/services/Fee_Managers_PADUS/FeatureServer/0","sourceUpdated":"2017-08-14T04:00:00.000Z","publicUse":"PAD-US reports open access; verify current manager conditions and restrictions.","unit":"CITY","origin":"public-catalog"}},{"type":"Feature","id":"usgs-pad-us-fee-managers:6088","geometry":{"type":"Polygon","coordinates":[[[-84.4021,33.8044],[-84.4005,33.8062],[-84.3999,33.8062],[-84.3999,33.8044],[-84.4021,33.8044]]]},"properties":{"id":"usgs-pad-us-fee-managers:6088","name":"Tanyard Creek Urban Forest","kind":"land","category":"public-land","sourceCategory":"public-land","sourceId":"usgs-pad-us-fee-managers","sourceUrl":"https://services.arcgis.com/v01gqwM5QqNysAAi/arcgis/rest/services/Fee_Managers_PADUS/FeatureServer/0","sourceUpdated":"2017-08-14T04:00:00.000Z","publicUse":"PAD-US reports open access; verify current manager conditions and restrictions.","unit":"CITY","origin":"public-catalog"}},{"type":"Feature","id":"usgs-pad-us-fee-managers:6091","geometry":{"type":"Polygon","coordinates":[[[-83.8281,34.0137],[-83.8282,34.0134],[-83.8299,34.0134],[-83.8281,34.0137]]]},"properties":{"id":"usgs-pad-us-fee-managers:6091","name":"J R Burel Pavilion","kind":"land","category":"public-land","sourceCategory":"public-land","sourceId":"usgs-pad-us-fee-managers","sourceUrl":"https://services.arcgis.com/v01gqwM5QqNysAAi/arcgis/rest/services/Fee_Managers_PADUS/FeatureServer/0","sourceUpdated":"2017-08-14T04:00:00.000Z","publicUse":"PAD-US reports open access; verify current manager conditions and restrictions.","unit":"CITY","origin":"public-catalog"}},{"type":"Feature","id":"usgs-pad-us-fee-managers:6092","geometry":{"type":"Polygon","coordinates":[[[-83.828,34.0136],[-83.8261,34.0129],[-83.8281,34.0133],[-83.828,34.0136]]]},"properties":{"id":"usgs-pad-us-fee-managers:6092","name":"R H Burel Park","kind":"land","category":"public-land","sourceCategory":"public-land","sourceId":"usgs-pad-us-fee-managers","sourceUrl":"https://services.arcgis.com/v01gqwM5QqNysAAi/arcgis/rest/services/Fee_Managers_PADUS/FeatureServer/0","sourceUpdated":"2017-08-14T04:00:00.000Z","publicUse":"PAD-US reports open access; verify current manager conditions and restrictions.","unit":"CITY","origin":"public-catalog"}},{"type":"Feature","id":"usgs-pad-us-fee-managers:6093","geometry":{"type":"Polygon","coordinates":[[[-84.3752,34.3385],[-84.3758,34.3378],[-84.3762,34.3381],[-84.3762,34.339],[-84.3752,34.3385]]]},"properties":{"id":"usgs-pad-us-fee-managers:6093","name":"Ball Ground Greenspace","kind":"land","category":"public-land","sourceCategory":"public-land","sourceId":"usgs-pad-us-fee-managers","sourceUrl":"https://services.arcgis.com/v01gqwM5QqNysAAi/arcgis/rest/services/Fee_Managers_PADUS/FeatureServer/0","sourceUpdated":"2017-08-14T04:00:00.000Z","publicUse":"PAD-US reports open access; verify current manager conditions and restrictions.","unit":"CITY","origin":"public-catalog"}},{"type":"Feature","id":"usgs-pad-us-fee-managers:6094","geometry":{"type":"Polygon","coordinates":[[[-84.3763,34.3382],[-84.3767,34.3383],[-84.3765,34.3386],[-84.3763,34.3382]]]},"properties":{"id":"usgs-pad-us-fee-managers:6094","name":"Ball Ground Pocket Park","kind":"land","category":"public-land","sourceCategory":"public-land","sourceId":"usgs-pad-us-fee-managers","sourceUrl":"https://services.arcgis.com/v01gqwM5QqNysAAi/arcgis/rest/services/Fee_Managers_PADUS/FeatureServer/0","sourceUpdated":"2017-08-14T04:00:00.000Z","publicUse":"PAD-US reports open access; verify current manager conditions and restrictions.","unit":"CITY","origin":"public-catalog"}},{"type":"Feature","id":"usgs-pad-us-fee-managers:6175","geometry":{"type":"Polygon","coordinates":[[[-84.3056,33.7807],[-84.3059,33.7811],[-84.3056,33.7813],[-84.3053,33.7808],[-84.3056,33.7807]]]},"properties":{"id":"usgs-pad-us-fee-managers:6175","name":"190 Garden Lane Greenspace","kind":"land","category":"public-land","sourceCategory":"public-land","sourceId":"usgs-pad-us-fee-managers","sourceUrl":"https://services.arcgis.com/v01gqwM5QqNysAAi/arcgis/rest/services/Fee_Managers_PADUS/FeatureServer/0","sourceUpdated":"2017-08-14T04:00:00.000Z","publicUse":"PAD-US reports open access; verify current manager conditions and restrictions.","unit":"CITY","origin":"public-catalog"}},{"type":"Feature","id":"usgs-pad-us-fee-managers:6176","geometry":{"type":"Polygon","coordinates":[[[-84.309,33.7574],[-84.3089,33.7568],[-84.31,33.7565],[-84.3097,33.7578],[-84.3094,33.7578],[-84.3094,33.759],[-84.3093,33.7592],[-84.3088,33.7592],[-84.3088,33.7578],[-84.309,33.7578],[-84.309,33.7574]]]},"properties":{"id":"usgs-pad-us-fee-managers:6176","name":"2nd Ave Greenway","kind":"land","category":"public-land","sourceCategory":"public-land","sourceId":"usgs-pad-us-fee-managers","sourceUrl":"https://services.arcgis.com/v01gqwM5QqNysAAi/arcgis/rest/services/Fee_Managers_PADUS/FeatureServer/0","sourceUpdated":"2017-08-14T04:00:00.000Z","publicUse":"PAD-US reports open access; verify current manager conditions and restrictions.","unit":"CITY","origin":"public-catalog"}},{"type":"Feature","id":"usgs-pad-us-fee-managers:6177","geometry":{"type":"Polygon","coordinates":[[[-84.2965,33.7623],[-84.2966,33.7628],[-84.2964,33.7627],[-84.2965,33.7623]]]},"properties":{"id":"usgs-pad-us-fee-managers:6177","name":"Oakhurst Garden","kind":"land","category":"public-land","sourceCategory":"public-land","sourceId":"usgs-pad-us-fee-managers","sourceUrl":"https://services.arcgis.com/v01gqwM5QqNysAAi/arcgis/rest/services/Fee_Managers_PADUS/FeatureServer/0","sourceUpdated":"2017-08-14T04:00:00.000Z","publicUse":"PAD-US reports open access; verify current manager conditions and restrictions.","unit":"CITY","origin":"public-catalog"}},{"type":"Feature","id":"usgs-pad-us-fee-managers:6179","geometry":{"type":"Polygon","coordinates":[[[-84.2771,33.9215],[-84.2774,33.9217],[-84.2767,33.9227],[-84.2764,33.9226],[-84.2771,33.9215]]]},"properties":{"id":"usgs-pad-us-fee-managers:6179","name":"Green Space - Unknown Name","kind":"land","category":"public-land","sourceCategory":"public-land","sourceId":"usgs-pad-us-fee-managers","sourceUrl":"https://services.arcgis.com/v01gqwM5QqNysAAi/arcgis/rest/services/Fee_Managers_PADUS/FeatureServer/0","sourceUpdated":"2017-08-14T04:00:00.000Z","publicUse":"PAD-US reports open access; verify current manager conditions and restrictions.","unit":"CITY","origin":"public-catalog"}},{"type":"Feature","id":"usgs-pad-us-fee-managers:6180","geometry":{"type":"MultiPolygon","coordinates":[[[[-84.7538,33.7482],[-84.7534,33.7475],[-84.7529,33.7477],[-84.7526,33.7475],[-84.7525,33.7468],[-84.7528,33.7465],[-84.7542,33.7463],[-84.7542,33.7466],[-84.755,33.7465],[-84.7549,33.7477],[-84.7538,33.7482]]],[[[-84.7562,33.7465],[-84.7565,33.7472],[-84.7551,33.7477],[-84.7551,33.7465],[-84.7562,33.7465]]]]},"properties":{"id":"usgs-pad-us-fee-managers:6180","name":"Douglasville City Cemetery","kind":"land","category":"public-land","sourceCategory":"public-land","sourceId":"usgs-pad-us-fee-managers","sourceUrl":"https://services.arcgis.com/v01gqwM5QqNysAAi/arcgis/rest/services/Fee_Managers_PADUS/FeatureServer/0","sourceUpdated":"2017-08-14T04:00:00.000Z","publicUse":"PAD-US reports open access; verify current manager conditions and restrictions.","unit":"CITY","origin":"public-catalog"}},{"type":"Feature","id":"usgs-pad-us-fee-managers:6185","geometry":{"type":"Polygon","coordinates":[[[-84.598,33.5324],[-84.5965,33.531],[-84.5954,33.5309],[-84.5949,33.5306],[-84.5936,33.5307],[-84.5935,33.5302],[-84.5939,33.5293],[-84.5921,33.5293],[-84.5921,33.5287],[-84.5899,33.5287],[-84.5902,33.5276],[-84.5897,33.5276],[-84.5898,33.5245],[-84.5865,33.5244],[-84.5878,33.5219],[-84.5899,33.5219],[-84.5899,33.5204],[-84.5942,33.5194],[-84.595,33.5185],[-84.5955,33.5185],[-84.5956,33.5182],[-84.5967,33.5181],[-84.5968,33.5187],[-84.5976,33.5188],[-84.5977,33.5196],[-84.5995,33.5198],[-84.6,33.5184],[-84.6019,33.5198],[-84.6019,33.5212],[-84.5996,33.5213],[-84.5995,33.524],[-84.5996,33.5248],[-84.5996,33.5246],[-84.6001,33.5248],[-84.5997,33.5249],[-84.6,33.5254],[-84.6018,33.5249],[-84.6021,33.528],[-84.6015,33.5278],[-84.6014,33.5283],[-84.6,33.5282],[-84.6,33.5288],[-84.6021,33.5288],[-84.6021,33.5295],[-84.6001,33.5294],[-84.5964,33.5271],[-84.5945,33.5293],[-84.6004,33.5326],[-84.6005,33.5332],[-84.598,33.5332],[-84.598,33.5324]],[[-84.5994,33.5202],[-84.5994,33.5202],[-84.5994,33.5202],[-84.5994,33.5202]]]},"properties":{"id":"usgs-pad-us-fee-managers:6185","name":"Fairburn Nature Preserve","kind":"land","category":"public-land","sourceCategory":"public-land","sourceId":"usgs-pad-us-fee-managers","sourceUrl":"https://services.arcgis.com/v01gqwM5QqNysAAi/arcgis/rest/services/Fee_Managers_PADUS/FeatureServer/0","sourceUpdated":"2017-08-14T04:00:00.000Z","publicUse":"PAD-US reports open access; verify current manager conditions and restrictions.","unit":"CITY","origin":"public-catalog"}},{"type":"Feature","id":"usgs-pad-us-fee-managers:6193","geometry":{"type":"Polygon","coordinates":[[[-84.3683,33.6229],[-84.3665,33.6223],[-84.3666,33.6221],[-84.3675,33.6223],[-84.3684,33.6226],[-84.3683,33.6229]]]},"properties":{"id":"usgs-pad-us-fee-managers:6193","name":"Bill Lee Park","kind":"land","category":"public-land","sourceCategory":"public-land","sourceId":"usgs-pad-us-fee-managers","sourceUrl":"https://services.arcgis.com/v01gqwM5QqNysAAi/arcgis/rest/services/Fee_Managers_PADUS/FeatureServer/0","sourceUpdated":"2017-08-14T04:00:00.000Z","publicUse":"PAD-US reports open access; verify current manager conditions and restrictions.","unit":"CITY","origin":"public-catalog"}},{"type":"Feature","id":"usgs-pad-us-fee-managers:6201","geometry":{"type":"Polygon","coordinates":[[[-83.8134,34.2993],[-83.8145,34.2988],[-83.8148,34.2993],[-83.8137,34.2998],[-83.8134,34.2993]]]},"properties":{"id":"usgs-pad-us-fee-managers:6201","name":"Fair Street Park","kind":"land","category":"public-land","sourceCategory":"public-land","sourceId":"usgs-pad-us-fee-managers","sourceUrl":"https://services.arcgis.com/v01gqwM5QqNysAAi/arcgis/rest/services/Fee_Managers_PADUS/FeatureServer/0","sourceUpdated":"2017-08-14T04:00:00.000Z","publicUse":"PAD-US reports open access; verify current manager conditions and restrictions.","unit":"CITY","origin":"public-catalog"}},{"type":"Feature","id":"usgs-pad-us-fee-managers:6210","geometry":{"type":"MultiPolygon","coordinates":[[[[-84.8292,33.2375],[-84.8286,33.2373],[-84.8301,33.2361],[-84.8311,33.2358],[-84.8315,33.2367],[-84.8297,33.2381],[-84.8293,33.238],[-84.8292,33.2375]]],[[[-84.8284,33.2357],[-84.8299,33.2361],[-84.8285,33.2373],[-84.8285,33.2367],[-84.8282,33.2363],[-84.8284,33.2357]]]]},"properties":{"id":"usgs-pad-us-fee-managers:6210","name":"Grantville City Cemetery","kind":"land","category":"public-land","sourceCategory":"public-land","sourceId":"usgs-pad-us-fee-managers","sourceUrl":"https://services.arcgis.com/v01gqwM5QqNysAAi/arcgis/rest/services/Fee_Managers_PADUS/FeatureServer/0","sourceUpdated":"2017-08-14T04:00:00.000Z","publicUse":"PAD-US reports open access; verify current manager conditions and restrictions.","unit":"CITY","origin":"public-catalog"}},{"type":"Feature","id":"usgs-pad-us-fee-managers:6217","geometry":{"type":"Polygon","coordinates":[[[-84.4026,33.6671],[-84.4026,33.6673],[-84.4023,33.6673],[-84.4022,33.6672],[-84.4026,33.6671]]]},"properties":{"id":"usgs-pad-us-fee-managers:6217","name":"Lake Drive Park","kind":"land","category":"public-land","sourceCategory":"public-land","sourceId":"usgs-pad-us-fee-managers","sourceUrl":"https://services.arcgis.com/v01gqwM5QqNysAAi/arcgis/rest/services/Fee_Managers_PADUS/FeatureServer/0","sourceUpdated":"2017-08-14T04:00:00.000Z","publicUse":"PAD-US reports open access; verify current manager conditions and restrictions.","unit":"CITY","origin":"public-catalog"}},{"type":"Feature","id":"usgs-pad-us-fee-managers:6223","geometry":{"type":"Polygon","coordinates":[[[-84.617,34.0195],[-84.6179,34.0195],[-84.6179,34.0203],[-84.6169,34.0203],[-84.6169,34.0213],[-84.6155,34.0213],[-84.6153,34.0206],[-84.617,34.0195]]]},"properties":{"id":"usgs-pad-us-fee-managers:6223","name":"Kennesaw Cemetery","kind":"land","category":"public-land","sourceCategory":"public-land","sourceId":"usgs-pad-us-fee-managers","sourceUrl":"https://services.arcgis.com/v01gqwM5QqNysAAi/arcgis/rest/services/Fee_Managers_PADUS/FeatureServer/0","sourceUpdated":"2017-08-14T04:00:00.000Z","publicUse":"PAD-US reports open access; verify current manager conditions and restrictions.","unit":"CITY","origin":"public-catalog"}},{"type":"Feature","id":"usgs-pad-us-fee-managers:6224","geometry":{"type":"Polygon","coordinates":[[[-84.6137,34.0222],[-84.6134,34.0222],[-84.6134,34.0216],[-84.6139,34.0216],[-84.6147,34.0234],[-84.6136,34.0234],[-84.6125,34.023],[-84.6124,34.0226],[-84.6134,34.0225],[-84.6137,34.0222]]]},"properties":{"id":"usgs-pad-us-fee-managers:6224","name":"Kennesaw City Park","kind":"land","category":"public-land","sourceCategory":"public-land","sourceId":"usgs-pad-us-fee-managers","sourceUrl":"https://services.arcgis.com/v01gqwM5QqNysAAi/arcgis/rest/services/Fee_Managers_PADUS/FeatureServer/0","sourceUpdated":"2017-08-14T04:00:00.000Z","publicUse":"PAD-US reports open access; verify current manager conditions and restrictions.","unit":"CITY","origin":"public-catalog"}},{"type":"Feature","id":"usgs-pad-us-fee-managers:6241","geometry":{"type":"Polygon","coordinates":[[[-84.533,33.9364],[-84.5351,33.9368],[-84.5349,33.9371],[-84.533,33.9364]]]},"properties":{"id":"usgs-pad-us-fee-managers:6241","name":"Bell Bomber Park","kind":"land","category":"public-land","sourceCategory":"public-land","sourceId":"usgs-pad-us-fee-managers","sourceUrl":"https://services.arcgis.com/v01gqwM5QqNysAAi/arcgis/rest/services/Fee_Managers_PADUS/FeatureServer/0","sourceUpdated":"2017-08-14T04:00:00.000Z","publicUse":"PAD-US reports open access; verify current manager conditions and restrictions.","unit":"CITY","origin":"public-catalog"}},{"type":"Feature","id":"usgs-pad-us-fee-managers:6242","geometry":{"type":"Polygon","coordinates":[[[-84.5519,33.9577],[-84.5515,33.9577],[-84.5517,33.9575],[-84.5519,33.9577]]]},"properties":{"id":"usgs-pad-us-fee-managers:6242","name":"Monarch Park North","kind":"land","category":"public-land","sourceCategory":"public-land","sourceId":"usgs-pad-us-fee-managers","sourceUrl":"https://services.arcgis.com/v01gqwM5QqNysAAi/arcgis/rest/services/Fee_Managers_PADUS/FeatureServer/0","sourceUpdated":"2017-08-14T04:00:00.000Z","publicUse":"PAD-US reports open access; verify current manager conditions and restrictions.","unit":"CITY","origin":"public-catalog"}},{"type":"Feature","id":"usgs-pad-us-fee-managers:6278","geometry":{"type":"Polygon","coordinates":[[[-84.2102,33.9429],[-84.2099,33.9426],[-84.2108,33.9419],[-84.2113,33.9422],[-84.2112,33.9424],[-84.2114,33.9421],[-84.2117,33.9423],[-84.2104,33.943],[-84.2102,33.9429]]]},"properties":{"id":"usgs-pad-us-fee-managers:6278","name":"Heritage Park","kind":"land","category":"public-land","sourceCategory":"public-land","sourceId":"usgs-pad-us-fee-managers","sourceUrl":"https://services.arcgis.com/v01gqwM5QqNysAAi/arcgis/rest/services/Fee_Managers_PADUS/FeatureServer/0","sourceUpdated":"2017-08-14T04:00:00.000Z","publicUse":"PAD-US reports open access; verify current manager conditions and restrictions.","unit":"CITY","origin":"public-catalog"}},{"type":"Feature","id":"usgs-pad-us-fee-managers:6321","geometry":{"type":"Polygon","coordinates":[[[-84.3996,33.8872],[-84.4001,33.887],[-84.4002,33.8872],[-84.3997,33.8875],[-84.3996,33.8872]]]},"properties":{"id":"usgs-pad-us-fee-managers:6321","name":"Grace Park","kind":"land","category":"public-land","sourceCategory":"public-land","sourceId":"usgs-pad-us-fee-managers","sourceUrl":"https://services.arcgis.com/v01gqwM5QqNysAAi/arcgis/rest/services/Fee_Managers_PADUS/FeatureServer/0","sourceUpdated":"2017-08-14T04:00:00.000Z","publicUse":"PAD-US reports open access; verify current manager conditions and restrictions.","unit":"CITY","origin":"public-catalog"}},{"type":"Feature","id":"usgs-pad-us-fee-managers:6325","geometry":{"type":"MultiPolygon","coordinates":[[[[-84.5174,33.8774],[-84.5176,33.8775],[-84.5176,33.878],[-84.5164,33.878],[-84.5164,33.8774],[-84.5174,33.8774]]],[[[-84.5172,33.878],[-84.5172,33.8786],[-84.5164,33.8786],[-84.5164,33.878],[-84.5172,33.878]]]]},"properties":{"id":"usgs-pad-us-fee-managers:6325","name":"Brinkley Park North","kind":"land","category":"public-land","sourceCategory":"public-land","sourceId":"usgs-pad-us-fee-managers","sourceUrl":"https://services.arcgis.com/v01gqwM5QqNysAAi/arcgis/rest/services/Fee_Managers_PADUS/FeatureServer/0","sourceUpdated":"2017-08-14T04:00:00.000Z","publicUse":"PAD-US reports open access; verify current manager conditions and restrictions.","unit":"CITY","origin":"public-catalog"}},{"type":"Feature","id":"usgs-pad-us-fee-managers:6326","geometry":{"type":"Polygon","coordinates":[[[-84.5083,33.8822],[-84.5089,33.8822],[-84.5089,33.8837],[-84.5081,33.8837],[-84.5083,33.8822]]]},"properties":{"id":"usgs-pad-us-fee-managers:6326","name":"Durham Park","kind":"land","category":"public-land","sourceCategory":"public-land","sourceId":"usgs-pad-us-fee-managers","sourceUrl":"https://services.arcgis.com/v01gqwM5QqNysAAi/arcgis/rest/services/Fee_Managers_PADUS/FeatureServer/0","sourceUpdated":"2017-08-14T04:00:00.000Z","publicUse":"PAD-US reports open access; verify current manager conditions and restrictions.","unit":"CITY","origin":"public-catalog"}},{"type":"Feature","id":"usgs-pad-us-fee-managers:6327","geometry":{"type":"Polygon","coordinates":[[[-84.511,33.8637],[-84.5107,33.8654],[-84.5102,33.8654],[-84.511,33.8637]]]},"properties":{"id":"usgs-pad-us-fee-managers:6327","name":"Twin Oaks Park","kind":"land","category":"public-land","sourceCategory":"public-land","sourceId":"usgs-pad-us-fee-managers","sourceUrl":"https://services.arcgis.com/v01gqwM5QqNysAAi/arcgis/rest/services/Fee_Managers_PADUS/FeatureServer/0","sourceUpdated":"2017-08-14T04:00:00.000Z","publicUse":"PAD-US reports open access; verify current manager conditions and restrictions.","unit":"CITY","origin":"public-catalog"}},{"type":"Feature","id":"usgs-pad-us-fee-managers:6328","geometry":{"type":"Polygon","coordinates":[[[-84.5165,33.8851],[-84.5165,33.8846],[-84.517,33.8846],[-84.5172,33.8852],[-84.5168,33.8853],[-84.5165,33.8851]]]},"properties":{"id":"usgs-pad-us-fee-managers:6328","name":"Veterans Memorial Park","kind":"land","category":"public-land","sourceCategory":"public-land","sourceId":"usgs-pad-us-fee-managers","sourceUrl":"https://services.arcgis.com/v01gqwM5QqNysAAi/arcgis/rest/services/Fee_Managers_PADUS/FeatureServer/0","sourceUpdated":"2017-08-14T04:00:00.000Z","publicUse":"PAD-US reports open access; verify current manager conditions and restrictions.","unit":"CITY","origin":"public-catalog"}},{"type":"Feature","id":"usgs-pad-us-fee-managers:6329","geometry":{"type":"Polygon","coordinates":[[[-84.5142,33.8848],[-84.5146,33.8855],[-84.5142,33.8854],[-84.5142,33.8848]]]},"properties":{"id":"usgs-pad-us-fee-managers:6329","name":"Williams Park","kind":"land","category":"public-land","sourceCategory":"public-land","sourceId":"usgs-pad-us-fee-managers","sourceUrl":"https://services.arcgis.com/v01gqwM5QqNysAAi/arcgis/rest/services/Fee_Managers_PADUS/FeatureServer/0","sourceUpdated":"2017-08-14T04:00:00.000Z","publicUse":"PAD-US reports open access; verify current manager conditions and restrictions.","unit":"CITY","origin":"public-catalog"}},{"type":"Feature","id":"usgs-pad-us-fee-managers:6345","geometry":{"type":"Polygon","coordinates":[[[-84.2231,33.5437],[-84.2236,33.5438],[-84.2234,33.5459],[-84.2225,33.5459],[-84.2226,33.5437],[-84.2231,33.5437]]]},"properties":{"id":"usgs-pad-us-fee-managers:6345","name":"City Of Stockbridge Cemetery","kind":"land","category":"public-land","sourceCategory":"public-land","sourceId":"usgs-pad-us-fee-managers","sourceUrl":"https://services.arcgis.com/v01gqwM5QqNysAAi/arcgis/rest/services/Fee_Managers_PADUS/FeatureServer/0","sourceUpdated":"2017-08-14T04:00:00.000Z","publicUse":"PAD-US reports open access; verify current manager conditions and restrictions.","unit":"CITY","origin":"public-catalog"}},{"type":"Feature","id":"usgs-pad-us-fee-managers:6346","geometry":{"type":"Polygon","coordinates":[[[-84.171,33.8118],[-84.1713,33.812],[-84.1714,33.8125],[-84.1721,33.8129],[-84.1722,33.8145],[-84.1715,33.8148],[-84.1715,33.8156],[-84.1705,33.8157],[-84.17,33.8134],[-84.171,33.8118]]]},"properties":{"id":"usgs-pad-us-fee-managers:6346","name":"Stone Mountain Cemetery","kind":"land","category":"public-land","sourceCategory":"public-land","sourceId":"usgs-pad-us-fee-managers","sourceUrl":"https://services.arcgis.com/v01gqwM5QqNysAAi/arcgis/rest/services/Fee_Managers_PADUS/FeatureServer/0","sourceUpdated":"2017-08-14T04:00:00.000Z","publicUse":"PAD-US reports open access; verify current manager conditions and restrictions.","unit":"CITY","origin":"public-catalog"}},{"type":"Feature","id":"usgs-pad-us-fee-managers:6347","geometry":{"type":"Polygon","coordinates":[[[-84.037,34.1064],[-84.0367,34.1075],[-84.0359,34.107],[-84.037,34.1064]]]},"properties":{"id":"usgs-pad-us-fee-managers:6347","name":"City Of Sugar Hill Park - Unknown Name","kind":"land","category":"public-land","sourceCategory":"public-land","sourceId":"usgs-pad-us-fee-managers","sourceUrl":"https://services.arcgis.com/v01gqwM5QqNysAAi/arcgis/rest/services/Fee_Managers_PADUS/FeatureServer/0","sourceUpdated":"2017-08-14T04:00:00.000Z","publicUse":"PAD-US reports open access; verify current manager conditions and restrictions.","unit":"CITY","origin":"public-catalog"}},{"type":"Feature","id":"usgs-pad-us-fee-managers:6401","geometry":{"type":"Polygon","coordinates":[[[-83.7265,33.999],[-83.7276,33.9995],[-83.7278,33.9999],[-83.7276,34.0005],[-83.7262,33.9991],[-83.7265,33.999]]]},"properties":{"id":"usgs-pad-us-fee-managers:6401","name":"Cemetary Park","kind":"land","category":"public-land","sourceCategory":"public-land","sourceId":"usgs-pad-us-fee-managers","sourceUrl":"https://services.arcgis.com/v01gqwM5QqNysAAi/arcgis/rest/services/Fee_Managers_PADUS/FeatureServer/0","sourceUpdated":"2017-08-14T04:00:00.000Z","publicUse":"PAD-US reports open access; verify current manager conditions and restrictions.","unit":"CITY","origin":"public-catalog"}},{"type":"Feature","id":"usgs-pad-us-fee-managers:6402","geometry":{"type":"Polygon","coordinates":[[[-83.718,33.9965],[-83.7188,33.9962],[-83.7183,33.9968],[-83.718,33.9965]]]},"properties":{"id":"usgs-pad-us-fee-managers:6402","name":"Mayors Park","kind":"land","category":"public-land","sourceCategory":"public-land","sourceId":"usgs-pad-us-fee-managers","sourceUrl":"https://services.arcgis.com/v01gqwM5QqNysAAi/arcgis/rest/services/Fee_Managers_PADUS/FeatureServer/0","sourceUpdated":"2017-08-14T04:00:00.000Z","publicUse":"PAD-US reports open access; verify current manager conditions and restrictions.","unit":"CITY","origin":"public-catalog"}},{"type":"Feature","id":"usgs-pad-us-fee-managers:6403","geometry":{"type":"Polygon","coordinates":[[[-83.7068,33.9884],[-83.7075,33.989],[-83.7071,33.9902],[-83.7074,33.9905],[-83.7072,33.9907],[-83.7054,33.9891],[-83.7068,33.9884]]]},"properties":{"id":"usgs-pad-us-fee-managers:6403","name":"Osborn Park","kind":"land","category":"public-land","sourceCategory":"public-land","sourceId":"usgs-pad-us-fee-managers","sourceUrl":"https://services.arcgis.com/v01gqwM5QqNysAAi/arcgis/rest/services/Fee_Managers_PADUS/FeatureServer/0","sourceUpdated":"2017-08-14T04:00:00.000Z","publicUse":"PAD-US reports open access; verify current manager conditions and restrictions.","unit":"CITY","origin":"public-catalog"}},{"type":"Feature","id":"usgs-pad-us-fee-managers:6404","geometry":{"type":"Polygon","coordinates":[[[-83.7187,33.9905],[-83.719,33.9902],[-83.7193,33.9904],[-83.7189,33.9907],[-83.7187,33.9905]]]},"properties":{"id":"usgs-pad-us-fee-managers:6404","name":"Veterans Park","kind":"land","category":"public-land","sourceCategory":"public-land","sourceId":"usgs-pad-us-fee-managers","sourceUrl":"https://services.arcgis.com/v01gqwM5QqNysAAi/arcgis/rest/services/Fee_Managers_PADUS/FeatureServer/0","sourceUpdated":"2017-08-14T04:00:00.000Z","publicUse":"PAD-US reports open access; verify current manager conditions and restrictions.","unit":"CITY","origin":"public-catalog"}},{"type":"Feature","id":"usgs-pad-us-fee-managers:6419","geometry":{"type":"Polygon","coordinates":[[[-84.2797,33.8993],[-84.28,33.8992],[-84.2803,33.8996],[-84.2799,33.9],[-84.2803,33.9005],[-84.2802,33.9008],[-84.2807,33.9012],[-84.2802,33.9018],[-84.2783,33.9004],[-84.2797,33.8993]]]},"properties":{"id":"usgs-pad-us-fee-managers:6419","name":"Flowers Park","kind":"land","category":"public-land","sourceCategory":"public-land","sourceId":"usgs-pad-us-fee-managers","sourceUrl":"https://services.arcgis.com/v01gqwM5QqNysAAi/arcgis/rest/services/Fee_Managers_PADUS/FeatureServer/0","sourceUpdated":"2017-08-14T04:00:00.000Z","publicUse":"PAD-US reports open access; verify current manager conditions and restrictions.","unit":"CITY","origin":"public-catalog"}},{"type":"Feature","id":"usgs-pad-us-fee-managers:6482","geometry":{"type":"MultiPolygon","coordinates":[[[[-84.3823,33.9367],[-84.3827,33.9366],[-84.3825,33.9372],[-84.3819,33.9372],[-84.3819,33.9367],[-84.3823,33.9367]]],[[[-84.3828,33.9368],[-84.3829,33.9366],[-84.3842,33.9365],[-84.3845,33.9365],[-84.3846,33.9369],[-84.3832,33.937],[-84.3832,33.9367],[-84.3832,33.937],[-84.3828,33.937],[-84.3828,33.9368]]],[[[-84.3811,33.9366],[-84.3811,33.9356],[-84.3828,33.9356],[-84.3827,33.9359],[-84.383,33.9361],[-84.3826,33.9364],[-84.3826,33.9362],[-84.3825,33.9365],[-84.3811,33.9366]]],[[[-84.3808,33.9356],[-84.3811,33.9356],[-84.3811,33.9365],[-84.3808,33.9365],[-84.3808,33.9356]]],[[[-84.3874,33.9362],[-84.3874,33.9366],[-84.3868,33.9367],[-84.3867,33.9364],[-84.3868,33.9367],[-84.3865,33.9369],[-84.3861,33.9369],[-84.3861,33.9367],[-84.3846,33.9369],[-84.3845,33.9364],[-84.3874,33.9362]]],[[[-84.3841,33.9356],[-84.3844,33.9356],[-84.3844,33.9363],[-84.3831,33.9364],[-84.3837,33.9357],[-84.3841,33.9356]]],[[[-84.3874,33.9362],[-84.3881,33.9361],[-84.3882,33.9365],[-84.3874,33.9366],[-84.3874,33.9362]]],[[[-84.3847,33.9362],[-84.3847,33.9356],[-84.3869,33.9357],[-84.3869,33.9354],[-84.3877,33.9355],[-84.3876,33.936],[-84.386,33.9359],[-84.3857,33.936],[-84.3857,33.9362],[-84.3847,33.9362]]],[[[-84.3882,33.9365],[-84.3881,33.936],[-84.3894,33.936],[-84.3888,33.9365],[-84.3882,33.9365]]],[[[-84.3846,33.9356],[-84.3847,33.936],[-84.3844,33.9361],[-84.3844,33.9356],[-84.3846,33.9356]]],[[[-84.3885,33.9353],[-84.3887,33.9358],[-84.3884,33.9358],[-84.3885,33.9353]]],[[[-84.3879,33.9355],[-84.3883,33.9354],[-84.3883,33.9356],[-84.3879,33.9357],[-84.3879,33.9355]]],[[[-84.3891,33.9358],[-84.389,33.9355],[-84.3887,33.9356],[-84.3886,33.9352],[-84.3892,33.9351],[-84.3895,33.9357],[-84.3891,33.9358]]]]},"properties":{"id":"usgs-pad-us-fee-managers:6482","name":"Abarnathy Greenway","kind":"land","category":"public-land","sourceCategory":"public-land","sourceId":"usgs-pad-us-fee-managers","sourceUrl":"https://services.arcgis.com/v01gqwM5QqNysAAi/arcgis/rest/services/Fee_Managers_PADUS/FeatureServer/0","sourceUpdated":"2017-08-14T04:00:00.000Z","publicUse":"PAD-US reports open access; verify current manager conditions and restrictions.","unit":"CITY","origin":"public-catalog"}},{"type":"Feature","id":"usgs-pad-us-fee-managers:6483","geometry":{"type":"Polygon","coordinates":[[[-84.3621,33.9621],[-84.3627,33.9616],[-84.3631,33.9622],[-84.3622,33.9629],[-84.3628,33.9638],[-84.3617,33.9655],[-84.3614,33.9659],[-84.3608,33.9659],[-84.3617,33.9646],[-84.3607,33.9631],[-84.3621,33.9621]]]},"properties":{"id":"usgs-pad-us-fee-managers:6483","name":"Big Trees Forest Preserve","kind":"land","category":"public-land","sourceCategory":"public-land","sourceId":"usgs-pad-us-fee-managers","sourceUrl":"https://services.arcgis.com/v01gqwM5QqNysAAi/arcgis/rest/services/Fee_Managers_PADUS/FeatureServer/0","sourceUpdated":"2017-08-14T04:00:00.000Z","publicUse":"PAD-US reports open access; verify current manager conditions and restrictions.","unit":"CITY","origin":"public-catalog"}},{"type":"Feature","id":"usgs-pad-us-fee-managers:6697","geometry":{"type":"Polygon","coordinates":[[[-83.7126,33.9321],[-83.7127,33.9324],[-83.7119,33.9324],[-83.7119,33.932],[-83.7126,33.9321]]]},"properties":{"id":"usgs-pad-us-fee-managers:6697","name":"Town Of Bethlehem Park","kind":"land","category":"public-land","sourceCategory":"public-land","sourceId":"usgs-pad-us-fee-managers","sourceUrl":"https://services.arcgis.com/v01gqwM5QqNysAAi/arcgis/rest/services/Fee_Managers_PADUS/FeatureServer/0","sourceUpdated":"2017-08-14T04:00:00.000Z","publicUse":"PAD-US reports open access; verify current manager conditions and restrictions.","unit":"CITY","origin":"public-catalog"}},{"type":"Feature","id":"usgs-pad-us-fee-managers:7268","geometry":{"type":"Polygon","coordinates":[[[-84.9212,33.5026],[-84.92,33.5014],[-84.9223,33.5002],[-84.9236,33.5007],[-84.9233,33.5027],[-84.9218,33.5023],[-84.9212,33.5026]]]},"properties":{"id":"usgs-pad-us-fee-managers:7268","name":"Whitesburg City Park","kind":"land","category":"public-land","sourceCategory":"public-land","sourceId":"usgs-pad-us-fee-managers","sourceUrl":"https://services.arcgis.com/v01gqwM5QqNysAAi/arcgis/rest/services/Fee_Managers_PADUS/FeatureServer/0","sourceUpdated":"2017-08-14T04:00:00.000Z","publicUse":"PAD-US reports open access; verify current manager conditions and restrictions.","unit":"CITY","origin":"public-catalog"}},{"type":"Feature","id":"usgs-pad-us-fee-managers:7286","geometry":{"type":"MultiPolygon","coordinates":[[[[-82.1763,30.3662],[-82.1761,30.3663],[-82.1762,30.3662],[-82.1763,30.3662]]],[[[-82.167,30.3597],[-82.1673,30.3599],[-82.1671,30.3599],[-82.167,30.3597]]]]},"properties":{"id":"usgs-pad-us-fee-managers:7286","name":"St. Mary's Shoals Park","kind":"land","category":"public-land","sourceCategory":"public-land","sourceId":"usgs-pad-us-fee-managers","sourceUrl":"https://services.arcgis.com/v01gqwM5QqNysAAi/arcgis/rest/services/Fee_Managers_PADUS/FeatureServer/0","sourceUpdated":"2017-08-14T04:00:00.000Z","publicUse":"PAD-US reports open access; verify current manager conditions and restrictions.","unit":"CNTY","origin":"public-catalog"}},{"type":"Feature","id":"usgs-pad-us-fee-managers:7295","geometry":{"type":"Polygon","coordinates":[[[-83.8425,33.9877],[-83.8428,33.9866],[-83.8434,33.987],[-83.8433,33.9875],[-83.8451,33.9882],[-83.8436,33.9894],[-83.8421,33.9897],[-83.8425,33.9877]]]},"properties":{"id":"usgs-pad-us-fee-managers:7295","name":"James Shackelford Memorial Park","kind":"land","category":"public-land","sourceCategory":"public-land","sourceId":"usgs-pad-us-fee-managers","sourceUrl":"https://services.arcgis.com/v01gqwM5QqNysAAi/arcgis/rest/services/Fee_Managers_PADUS/FeatureServer/0","sourceUpdated":"2017-08-14T04:00:00.000Z","publicUse":"PAD-US reports open access; verify current manager conditions and restrictions.","unit":"CNTY","origin":"public-catalog"}},{"type":"Feature","id":"usgs-pad-us-fee-managers:7296","geometry":{"type":"Polygon","coordinates":[[[-83.7307,34.014],[-83.7312,34.0139],[-83.7315,34.0146],[-83.7309,34.015],[-83.7305,34.015],[-83.7299,34.014],[-83.7307,34.014]]]},"properties":{"id":"usgs-pad-us-fee-managers:7296","name":"Pineshore Park","kind":"land","category":"public-land","sourceCategory":"public-land","sourceId":"usgs-pad-us-fee-managers","sourceUrl":"https://services.arcgis.com/v01gqwM5QqNysAAi/arcgis/rest/services/Fee_Managers_PADUS/FeatureServer/0","sourceUpdated":"2017-08-14T04:00:00.000Z","publicUse":"PAD-US reports open access; verify current manager conditions and restrictions.","unit":"CNTY","origin":"public-catalog"}},{"type":"Feature","id":"usgs-pad-us-fee-managers:7305","geometry":{"type":"MultiPolygon","coordinates":[[[[-81.7811,32.4382],[-81.7814,32.4376],[-81.7813,32.4384],[-81.7818,32.4395],[-81.7811,32.4382]]],[[[-81.7817,32.4397],[-81.782,32.4396],[-81.782,32.4417],[-81.7817,32.4397]]],[[[-81.7819,32.4419],[-81.7823,32.4419],[-81.7822,32.4427],[-81.7824,32.4428],[-81.782,32.4437],[-81.7819,32.4419]]],[[[-81.7822,32.4437],[-81.7823,32.4434],[-81.7824,32.4436],[-81.7829,32.4437],[-81.7829,32.4441],[-81.7824,32.4441],[-81.7823,32.4447],[-81.7821,32.4447],[-81.7822,32.4437]]],[[[-81.782,32.4449],[-81.7823,32.4449],[-81.7822,32.4454],[-81.7821,32.4454],[-81.782,32.4449]]],[[[-81.7816,32.4461],[-81.7821,32.4456],[-81.7821,32.4461],[-81.7817,32.4461],[-81.7816,32.4465],[-81.7816,32.4461]]],[[[-81.7815,32.4467],[-81.7812,32.4467],[-81.7806,32.4475],[-81.7809,32.4466],[-81.7815,32.4467]]]]},"properties":{"id":"usgs-pad-us-fee-managers:7305","name":"Bulloch County 1","kind":"land","category":"public-land","sourceCategory":"public-land","sourceId":"usgs-pad-us-fee-managers","sourceUrl":"https://services.arcgis.com/v01gqwM5QqNysAAi/arcgis/rest/services/Fee_Managers_PADUS/FeatureServer/0","sourceUpdated":"2017-08-14T04:00:00.000Z","publicUse":"PAD-US does not report an access classification; verify with the land manager.","unit":"CNTY","origin":"public-catalog"}},{"type":"Feature","id":"usgs-pad-us-fee-managers:7314","geometry":{"type":"Polygon","coordinates":[[[-84.9474,33.4514],[-84.9459,33.452],[-84.9456,33.4518],[-84.9451,33.4519],[-84.9486,33.4462],[-84.9491,33.4463],[-84.9507,33.4413],[-84.9513,33.4412],[-84.9528,33.44],[-84.9545,33.4395],[-84.9552,33.4399],[-84.9643,33.4477],[-84.9666,33.4493],[-84.9565,33.4493],[-84.9566,33.4577],[-84.9469,33.4577],[-84.9474,33.4514]]]},"properties":{"id":"usgs-pad-us-fee-managers:7314","name":"Mcintosh Reserve","kind":"land","category":"public-land","sourceCategory":"public-land","sourceId":"usgs-pad-us-fee-managers","sourceUrl":"https://services.arcgis.com/v01gqwM5QqNysAAi/arcgis/rest/services/Fee_Managers_PADUS/FeatureServer/0","sourceUpdated":"2017-08-14T04:00:00.000Z","publicUse":"PAD-US reports open access; verify current manager conditions and restrictions.","unit":"CNTY","origin":"public-catalog"}},{"type":"Feature","id":"usgs-pad-us-fee-managers:7322","geometry":{"type":"Polygon","coordinates":[[[-84.4361,34.1644],[-84.4381,34.1637],[-84.4397,34.1635],[-84.4396,34.1677],[-84.4386,34.1677],[-84.4376,34.1674],[-84.4356,34.166],[-84.4357,34.1648],[-84.4361,34.1644]],[[-84.4373,34.1643],[-84.437,34.1644],[-84.437,34.1644],[-84.4373,34.1643]]]},"properties":{"id":"usgs-pad-us-fee-managers:7322","name":"Hickory Trails","kind":"land","category":"public-land","sourceCategory":"public-land","sourceId":"usgs-pad-us-fee-managers","sourceUrl":"https://services.arcgis.com/v01gqwM5QqNysAAi/arcgis/rest/services/Fee_Managers_PADUS/FeatureServer/0","sourceUpdated":"2017-08-14T04:00:00.000Z","publicUse":"PAD-US reports open access; verify current manager conditions and restrictions.","unit":"CNTY","origin":"public-catalog"}},{"type":"Feature","id":"usgs-pad-us-fee-managers:7323","geometry":{"type":"Polygon","coordinates":[[[-84.3418,33.4668],[-84.3426,33.4668],[-84.3426,33.4677],[-84.3423,33.4676],[-84.3415,33.4668],[-84.3418,33.4668]]]},"properties":{"id":"usgs-pad-us-fee-managers:7323","name":"Clayton County Greenspace","kind":"land","category":"public-land","sourceCategory":"public-land","sourceId":"usgs-pad-us-fee-managers","sourceUrl":"https://services.arcgis.com/v01gqwM5QqNysAAi/arcgis/rest/services/Fee_Managers_PADUS/FeatureServer/0","sourceUpdated":"2017-08-14T04:00:00.000Z","publicUse":"PAD-US reports open access; verify current manager conditions and restrictions.","unit":"CNTY","origin":"public-catalog"}},{"type":"Feature","id":"usgs-pad-us-fee-managers:7324","geometry":{"type":"Polygon","coordinates":[[[-84.3742,33.6321],[-84.3745,33.6321],[-84.3746,33.6343],[-84.3716,33.6343],[-84.3715,33.6335],[-84.3721,33.6331],[-84.3721,33.6321],[-84.3742,33.6321]]]},"properties":{"id":"usgs-pad-us-fee-managers:7324","name":"Hendrix Drive Elementary School","kind":"land","category":"public-land","sourceCategory":"public-land","sourceId":"usgs-pad-us-fee-managers","sourceUrl":"https://services.arcgis.com/v01gqwM5QqNysAAi/arcgis/rest/services/Fee_Managers_PADUS/FeatureServer/0","sourceUpdated":"2017-08-14T04:00:00.000Z","publicUse":"PAD-US reports open access; verify current manager conditions and restrictions.","unit":"CNTY","origin":"public-catalog"}},{"type":"Feature","id":"usgs-pad-us-fee-managers:7325","geometry":{"type":"Polygon","coordinates":[[[-84.6586,33.8732],[-84.6581,33.873],[-84.6585,33.8729],[-84.6586,33.8725],[-84.6573,33.8703],[-84.6571,33.8699],[-84.6564,33.8701],[-84.6569,33.8697],[-84.6568,33.8696],[-84.6586,33.8696],[-84.6594,33.8741],[-84.6605,33.8752],[-84.6605,33.8754],[-84.66,33.8756],[-84.6586,33.8732]]]},"properties":{"id":"usgs-pad-us-fee-managers:7325","name":"Wild Horse Trail","kind":"land","category":"public-land","sourceCategory":"public-land","sourceId":"usgs-pad-us-fee-managers","sourceUrl":"https://services.arcgis.com/v01gqwM5QqNysAAi/arcgis/rest/services/Fee_Managers_PADUS/FeatureServer/0","sourceUpdated":"2017-08-14T04:00:00.000Z","publicUse":"PAD-US reports open access; verify current manager conditions and restrictions.","unit":"CNTY","origin":"public-catalog"}},{"type":"Feature","id":"usgs-pad-us-fee-managers:7335","geometry":{"type":"Polygon","coordinates":[[[-84.2132,33.864],[-84.2132,33.8636],[-84.2139,33.8638],[-84.2141,33.8646],[-84.214,33.865],[-84.2133,33.865],[-84.2132,33.864]]]},"properties":{"id":"usgs-pad-us-fee-managers:7335","name":"Cofer; Kelley C. Cofer","kind":"land","category":"public-land","sourceCategory":"public-land","sourceId":"usgs-pad-us-fee-managers","sourceUrl":"https://services.arcgis.com/v01gqwM5QqNysAAi/arcgis/rest/services/Fee_Managers_PADUS/FeatureServer/0","sourceUpdated":"2017-08-14T04:00:00.000Z","publicUse":"PAD-US reports open access; verify current manager conditions and restrictions.","unit":"CNTY","origin":"public-catalog"}},{"type":"Feature","id":"usgs-pad-us-fee-managers:7336","geometry":{"type":"Polygon","coordinates":[[[-84.1994,33.8133],[-84.1994,33.8143],[-84.1977,33.8143],[-84.1976,33.8133],[-84.1994,33.8133]]]},"properties":{"id":"usgs-pad-us-fee-managers:7336","name":"Central/Kelton Park","kind":"land","category":"public-land","sourceCategory":"public-land","sourceId":"usgs-pad-us-fee-managers","sourceUrl":"https://services.arcgis.com/v01gqwM5QqNysAAi/arcgis/rest/services/Fee_Managers_PADUS/FeatureServer/0","sourceUpdated":"2017-08-14T04:00:00.000Z","publicUse":"PAD-US reports open access; verify current manager conditions and restrictions.","unit":"CNTY","origin":"public-catalog"}},{"type":"Feature","id":"usgs-pad-us-fee-managers:7337","geometry":{"type":"Polygon","coordinates":[[[-84.3313,33.8576],[-84.3313,33.8571],[-84.3315,33.8571],[-84.3315,33.8575],[-84.3313,33.8576]]]},"properties":{"id":"usgs-pad-us-fee-managers:7337","name":"Clacks Corner","kind":"land","category":"public-land","sourceCategory":"public-land","sourceId":"usgs-pad-us-fee-managers","sourceUrl":"https://services.arcgis.com/v01gqwM5QqNysAAi/arcgis/rest/services/Fee_Managers_PADUS/FeatureServer/0","sourceUpdated":"2017-08-14T04:00:00.000Z","publicUse":"PAD-US reports open access; verify current manager conditions and restrictions.","unit":"CNTY","origin":"public-catalog"}},{"type":"Feature","id":"usgs-pad-us-fee-managers:7338","geometry":{"type":"Polygon","coordinates":[[[-84.2535,33.7119],[-84.2535,33.7105],[-84.2553,33.7104],[-84.2553,33.7119],[-84.2535,33.7119]]]},"properties":{"id":"usgs-pad-us-fee-managers:7338","name":"Exchange Park Expansion - Alexander","kind":"land","category":"public-land","sourceCategory":"public-land","sourceId":"usgs-pad-us-fee-managers","sourceUrl":"https://services.arcgis.com/v01gqwM5QqNysAAi/arcgis/rest/services/Fee_Managers_PADUS/FeatureServer/0","sourceUpdated":"2017-08-14T04:00:00.000Z","publicUse":"PAD-US reports open access; verify current manager conditions and restrictions.","unit":"CNTY","origin":"public-catalog"}},{"type":"Feature","id":"usgs-pad-us-fee-managers:7339","geometry":{"type":"Polygon","coordinates":[[[-84.2535,33.7105],[-84.2535,33.7119],[-84.2527,33.7118],[-84.2526,33.7105],[-84.2535,33.7105]]]},"properties":{"id":"usgs-pad-us-fee-managers:7339","name":"Exchange Park Expansion - Mcclendon","kind":"land","category":"public-land","sourceCategory":"public-land","sourceId":"usgs-pad-us-fee-managers","sourceUrl":"https://services.arcgis.com/v01gqwM5QqNysAAi/arcgis/rest/services/Fee_Managers_PADUS/FeatureServer/0","sourceUpdated":"2017-08-14T04:00:00.000Z","publicUse":"PAD-US reports open access; verify current manager conditions and restrictions.","unit":"CNTY","origin":"public-catalog"}},{"type":"Feature","id":"usgs-pad-us-fee-managers:7340","geometry":{"type":"Polygon","coordinates":[[[-84.1979,33.7696],[-84.1983,33.7696],[-84.1983,33.7699],[-84.1977,33.7699],[-84.1979,33.7696]]]},"properties":{"id":"usgs-pad-us-fee-managers:7340","name":"Hairston Park Expansion - Tong Summerford","kind":"land","category":"public-land","sourceCategory":"public-land","sourceId":"usgs-pad-us-fee-managers","sourceUrl":"https://services.arcgis.com/v01gqwM5QqNysAAi/arcgis/rest/services/Fee_Managers_PADUS/FeatureServer/0","sourceUpdated":"2017-08-14T04:00:00.000Z","publicUse":"PAD-US reports open access; verify current manager conditions and restrictions.","unit":"CNTY","origin":"public-catalog"}},{"type":"Feature","id":"usgs-pad-us-fee-managers:7341","geometry":{"type":"Polygon","coordinates":[[[-84.2006,33.7707],[-84.201,33.7707],[-84.2008,33.7713],[-84.2005,33.7712],[-84.2006,33.7707]]]},"properties":{"id":"usgs-pad-us-fee-managers:7341","name":"Hairston Rockbridge Residential  ","kind":"land","category":"public-land","sourceCategory":"public-land","sourceId":"usgs-pad-us-fee-managers","sourceUrl":"https://services.arcgis.com/v01gqwM5QqNysAAi/arcgis/rest/services/Fee_Managers_PADUS/FeatureServer/0","sourceUpdated":"2017-08-14T04:00:00.000Z","publicUse":"PAD-US reports open access; verify current manager conditions and restrictions.","unit":"CNTY","origin":"public-catalog"}},{"type":"Feature","id":"usgs-pad-us-fee-managers:7342","geometry":{"type":"Polygon","coordinates":[[[-84.2124,33.8692],[-84.2133,33.8692],[-84.2133,33.8718],[-84.213,33.8718],[-84.213,33.87],[-84.2124,33.8692]]]},"properties":{"id":"usgs-pad-us-fee-managers:7342","name":"Lake Ivanhoe Park","kind":"land","category":"public-land","sourceCategory":"public-land","sourceId":"usgs-pad-us-fee-managers","sourceUrl":"https://services.arcgis.com/v01gqwM5QqNysAAi/arcgis/rest/services/Fee_Managers_PADUS/FeatureServer/0","sourceUpdated":"2017-08-14T04:00:00.000Z","publicUse":"PAD-US reports open access; verify current manager conditions and restrictions.","unit":"CNTY","origin":"public-catalog"}},{"type":"Feature","id":"usgs-pad-us-fee-managers:7343","geometry":{"type":"MultiPolygon","coordinates":[[[[-84.2972,33.8046],[-84.2978,33.8046],[-84.2978,33.8049],[-84.2972,33.8049],[-84.2972,33.8046]]],[[[-84.2972,33.8042],[-84.2978,33.8042],[-84.2978,33.8044],[-84.2972,33.8044],[-84.2972,33.8042]]],[[[-84.2973,33.8033],[-84.2978,33.8033],[-84.2978,33.8037],[-84.2973,33.8037],[-84.2973,33.8033]]]]},"properties":{"id":"usgs-pad-us-fee-managers:7343","name":"Medlock Park","kind":"land","category":"public-land","sourceCategory":"public-land","sourceId":"usgs-pad-us-fee-managers","sourceUrl":"https://services.arcgis.com/v01gqwM5QqNysAAi/arcgis/rest/services/Fee_Managers_PADUS/FeatureServer/0","sourceUpdated":"2017-08-14T04:00:00.000Z","publicUse":"PAD-US reports open access; verify current manager conditions and restrictions.","unit":"CNTY","origin":"public-catalog"}},{"type":"Feature","id":"usgs-pad-us-fee-managers:7344","geometry":{"type":"Polygon","coordinates":[[[-84.259,33.7075],[-84.2599,33.7076],[-84.2598,33.7083],[-84.2609,33.709],[-84.2613,33.71],[-84.2572,33.7117],[-84.2569,33.7103],[-84.2573,33.7102],[-84.2571,33.7099],[-84.259,33.7075]]]},"properties":{"id":"usgs-pad-us-fee-managers:7344","name":"Rainbow Drive Park","kind":"land","category":"public-land","sourceCategory":"public-land","sourceId":"usgs-pad-us-fee-managers","sourceUrl":"https://services.arcgis.com/v01gqwM5QqNysAAi/arcgis/rest/services/Fee_Managers_PADUS/FeatureServer/0","sourceUpdated":"2017-08-14T04:00:00.000Z","publicUse":"PAD-US reports open access; verify current manager conditions and restrictions.","unit":"CNTY","origin":"public-catalog"}},{"type":"Feature","id":"usgs-pad-us-fee-managers:7345","geometry":{"type":"Polygon","coordinates":[[[-84.2701,33.7429],[-84.2695,33.7425],[-84.2714,33.743],[-84.2701,33.7429]]]},"properties":{"id":"usgs-pad-us-fee-managers:7345","name":"Shoal Creek II Expansion","kind":"land","category":"public-land","sourceCategory":"public-land","sourceId":"usgs-pad-us-fee-managers","sourceUrl":"https://services.arcgis.com/v01gqwM5QqNysAAi/arcgis/rest/services/Fee_Managers_PADUS/FeatureServer/0","sourceUpdated":"2017-08-14T04:00:00.000Z","publicUse":"PAD-US reports open access; verify current manager conditions and restrictions.","unit":"CNTY","origin":"public-catalog"}},{"type":"Feature","id":"usgs-pad-us-fee-managers:7346","geometry":{"type":"Polygon","coordinates":[[[-84.2056,33.8576],[-84.2063,33.8574],[-84.2063,33.8608],[-84.2054,33.8608],[-84.2051,33.8599],[-84.2053,33.8584],[-84.2051,33.8578],[-84.2056,33.8576]]]},"properties":{"id":"usgs-pad-us-fee-managers:7346","name":"Tucker Nature Preserve","kind":"land","category":"public-land","sourceCategory":"public-land","sourceId":"usgs-pad-us-fee-managers","sourceUrl":"https://services.arcgis.com/v01gqwM5QqNysAAi/arcgis/rest/services/Fee_Managers_PADUS/FeatureServer/0","sourceUpdated":"2017-08-14T04:00:00.000Z","publicUse":"PAD-US reports open access; verify current manager conditions and restrictions.","unit":"CNTY","origin":"public-catalog"}},{"type":"Feature","id":"usgs-pad-us-fee-managers:7363","geometry":{"type":"Polygon","coordinates":[[[-84.4173,33.9318],[-84.4144,33.9344],[-84.4136,33.9338],[-84.4127,33.9339],[-84.4119,33.9324],[-84.4134,33.9324],[-84.4153,33.9307],[-84.416,33.9307],[-84.4173,33.9318]]]},"properties":{"id":"usgs-pad-us-fee-managers:7363","name":"Riverside Park","kind":"land","category":"public-land","sourceCategory":"public-land","sourceId":"usgs-pad-us-fee-managers","sourceUrl":"https://services.arcgis.com/v01gqwM5QqNysAAi/arcgis/rest/services/Fee_Managers_PADUS/FeatureServer/0","sourceUpdated":"2017-08-14T04:00:00.000Z","publicUse":"PAD-US reports open access; verify current manager conditions and restrictions.","unit":"CNTY","origin":"public-catalog"}},{"type":"Feature","id":"usgs-pad-us-fee-managers:7365","geometry":{"type":"Polygon","coordinates":[[[-84.245,33.9869],[-84.2448,33.9867],[-84.243,33.9875],[-84.2416,33.9866],[-84.2402,33.9862],[-84.24,33.9859],[-84.2407,33.9854],[-84.2379,33.9815],[-84.24,33.9805],[-84.2406,33.9812],[-84.2428,33.9801],[-84.2446,33.9836],[-84.2506,33.9812],[-84.2541,33.9862],[-84.2528,33.9873],[-84.2514,33.9897],[-84.2501,33.9909],[-84.2475,33.9901],[-84.245,33.9869]]]},"properties":{"id":"usgs-pad-us-fee-managers:7365","name":"Simpsonwood","kind":"land","category":"public-land","sourceCategory":"public-land","sourceId":"usgs-pad-us-fee-managers","sourceUrl":"https://services.arcgis.com/v01gqwM5QqNysAAi/arcgis/rest/services/Fee_Managers_PADUS/FeatureServer/0","sourceUpdated":"2017-08-14T04:00:00.000Z","publicUse":"PAD-US reports open access; verify current manager conditions and restrictions.","unit":"CNTY","origin":"public-catalog"}},{"type":"Feature","id":"usgs-pad-us-fee-managers:7368","geometry":{"type":"MultiPolygon","coordinates":[[[[-84.1656,33.532],[-84.1672,33.5321],[-84.1672,33.5426],[-84.1635,33.5389],[-84.1633,33.532],[-84.1656,33.532]]],[[[-84.164,33.5416],[-84.1626,33.5412],[-84.1623,33.5417],[-84.1607,33.5411],[-84.1605,33.5414],[-84.1607,33.532],[-84.1633,33.532],[-84.1635,33.5389],[-84.1672,33.5426],[-84.1656,33.5429],[-84.164,33.5416]]]]},"properties":{"id":"usgs-pad-us-fee-managers:7368","name":"J.P. Mosely Park","kind":"land","category":"public-land","sourceCategory":"public-land","sourceId":"usgs-pad-us-fee-managers","sourceUrl":"https://services.arcgis.com/v01gqwM5QqNysAAi/arcgis/rest/services/Fee_Managers_PADUS/FeatureServer/0","sourceUpdated":"2017-08-14T04:00:00.000Z","publicUse":"PAD-US reports open access; verify current manager conditions and restrictions.","unit":"CNTY","origin":"public-catalog"}},{"type":"Feature","id":"usgs-pad-us-fee-managers:7480","geometry":{"type":"Polygon","coordinates":[[[-83.9555,33.757],[-83.9563,33.7566],[-83.9582,33.7569],[-83.958,33.7594],[-83.9572,33.7606],[-83.9573,33.7613],[-83.9568,33.7618],[-83.9562,33.7617],[-83.9557,33.761],[-83.9545,33.7603],[-83.9527,33.7583],[-83.9555,33.757]]]},"properties":{"id":"usgs-pad-us-fee-managers:7480","name":"Haralson Mill Park","kind":"land","category":"public-land","sourceCategory":"public-land","sourceId":"usgs-pad-us-fee-managers","sourceUrl":"https://services.arcgis.com/v01gqwM5QqNysAAi/arcgis/rest/services/Fee_Managers_PADUS/FeatureServer/0","sourceUpdated":"2017-08-14T04:00:00.000Z","publicUse":"PAD-US reports open access; verify current manager conditions and restrictions.","unit":"CNTY","origin":"public-catalog"}},{"type":"Feature","id":"usgs-pad-us-fee-managers:7481","geometry":{"type":"Polygon","coordinates":[[[-84.0172,33.6652],[-84.018,33.6638],[-84.0195,33.6645],[-84.0183,33.666],[-84.0172,33.6652]]]},"properties":{"id":"usgs-pad-us-fee-managers:7481","name":"Nancy Guinn Public Library","kind":"land","category":"public-land","sourceCategory":"public-land","sourceId":"usgs-pad-us-fee-managers","sourceUrl":"https://services.arcgis.com/v01gqwM5QqNysAAi/arcgis/rest/services/Fee_Managers_PADUS/FeatureServer/0","sourceUpdated":"2017-08-14T04:00:00.000Z","publicUse":"PAD-US reports open access; verify current manager conditions and restrictions.","unit":"CNTY","origin":"public-catalog"}},{"type":"Feature","id":"usgs-pad-us-fee-managers:7492","geometry":{"type":"Polygon","coordinates":[[[-84.2733,33.2756],[-84.274,33.2756],[-84.274,33.2763],[-84.2726,33.2763],[-84.2726,33.2758],[-84.2733,33.2758],[-84.2733,33.2756]]]},"properties":{"id":"usgs-pad-us-fee-managers:7492","name":"Camp Stephens","kind":"land","category":"public-land","sourceCategory":"public-land","sourceId":"usgs-pad-us-fee-managers","sourceUrl":"https://services.arcgis.com/v01gqwM5QqNysAAi/arcgis/rest/services/Fee_Managers_PADUS/FeatureServer/0","sourceUpdated":"2017-08-14T04:00:00.000Z","publicUse":"PAD-US reports open access; verify current manager conditions and restrictions.","unit":"CNTY","origin":"public-catalog"}},{"type":"Feature","id":"usgs-pad-us-fee-managers:7493","geometry":{"type":"Polygon","coordinates":[[[-84.29,33.34],[-84.2907,33.3399],[-84.291,33.3407],[-84.2903,33.3409],[-84.29,33.34]]]},"properties":{"id":"usgs-pad-us-fee-managers:7493","name":"Sunnyside Park","kind":"land","category":"public-land","sourceCategory":"public-land","sourceId":"usgs-pad-us-fee-managers","sourceUrl":"https://services.arcgis.com/v01gqwM5QqNysAAi/arcgis/rest/services/Fee_Managers_PADUS/FeatureServer/0","sourceUpdated":"2017-08-14T04:00:00.000Z","publicUse":"PAD-US reports open access; verify current manager conditions and restrictions.","unit":"CNTY","origin":"public-catalog"}},{"type":"Feature","id":"usgs-pad-us-fee-managers:7531","geometry":{"type":"Polygon","coordinates":[[[-83.878,33.8257],[-83.8777,33.8257],[-83.8777,33.8251],[-83.877,33.8237],[-83.8761,33.8242],[-83.8744,33.8219],[-83.8773,33.8204],[-83.8783,33.8257],[-83.878,33.8257]]]},"properties":{"id":"usgs-pad-us-fee-managers:7531","name":"Meridian Park","kind":"land","category":"public-land","sourceCategory":"public-land","sourceId":"usgs-pad-us-fee-managers","sourceUrl":"https://services.arcgis.com/v01gqwM5QqNysAAi/arcgis/rest/services/Fee_Managers_PADUS/FeatureServer/0","sourceUpdated":"2017-08-14T04:00:00.000Z","publicUse":"PAD-US reports open access; verify current manager conditions and restrictions.","unit":"CNTY","origin":"public-catalog"}},{"type":"Feature","id":"usgs-pad-us-fee-managers:7593","geometry":{"type":"Polygon","coordinates":[[[-84.4416,33.6569],[-84.442,33.6569],[-84.442,33.6592],[-84.4354,33.6591],[-84.4356,33.6569],[-84.4416,33.6569]]]},"properties":{"id":"usgs-pad-us-fee-managers:7593","name":"College Park Cemetery","kind":"land","category":"public-land","sourceCategory":"public-land","sourceId":"usgs-pad-us-fee-managers","sourceUrl":"https://services.arcgis.com/v01gqwM5QqNysAAi/arcgis/rest/services/Fee_Managers_PADUS/FeatureServer/0","sourceUpdated":"2017-08-14T04:00:00.000Z","publicUse":"PAD-US does not report an access classification; verify with the land manager.","unit":"UNKL","origin":"public-catalog"}},{"type":"Feature","id":"usgs-pad-us-fee-managers:7595","geometry":{"type":"Polygon","coordinates":[[[-84.3031,33.7858],[-84.3036,33.7854],[-84.3043,33.7861],[-84.3043,33.7876],[-84.3037,33.7876],[-84.3023,33.7863],[-84.3031,33.7858]]]},"properties":{"id":"usgs-pad-us-fee-managers:7595","name":"Woodlands Park","kind":"land","category":"public-land","sourceCategory":"public-land","sourceId":"usgs-pad-us-fee-managers","sourceUrl":"https://services.arcgis.com/v01gqwM5QqNysAAi/arcgis/rest/services/Fee_Managers_PADUS/FeatureServer/0","sourceUpdated":"2017-08-14T04:00:00.000Z","publicUse":"PAD-US reports open access; verify current manager conditions and restrictions.","unit":"UNKL","origin":"public-catalog"}},{"type":"Feature","id":"usgs-pad-us-fee-managers:7608","geometry":{"type":"MultiPolygon","coordinates":[[[[-84.5863,33.5632],[-84.5872,33.564],[-84.587,33.5642],[-84.5862,33.5633],[-84.5863,33.5632]]],[[[-84.5859,33.5615],[-84.5862,33.5613],[-84.5879,33.5635],[-84.5872,33.564],[-84.5869,33.5638],[-84.5855,33.5619],[-84.5859,33.5615]]],[[[-84.5854,33.562],[-84.5862,33.563],[-84.586,33.5632],[-84.5852,33.5622],[-84.5854,33.562]]]]},"properties":{"id":"usgs-pad-us-fee-managers:7608","name":"Fairburn Cemetery","kind":"land","category":"public-land","sourceCategory":"public-land","sourceId":"usgs-pad-us-fee-managers","sourceUrl":"https://services.arcgis.com/v01gqwM5QqNysAAi/arcgis/rest/services/Fee_Managers_PADUS/FeatureServer/0","sourceUpdated":"2017-08-14T04:00:00.000Z","publicUse":"PAD-US does not report an access classification; verify with the land manager.","unit":"UNKL","origin":"public-catalog"}},{"type":"Feature","id":"usgs-pad-us-fee-managers:7609","geometry":{"type":"Polygon","coordinates":[[[-84.5168,34.0985],[-84.5162,34.0984],[-84.5163,34.0982],[-84.5173,34.0982],[-84.5185,34.0991],[-84.5181,34.1002],[-84.5174,34.0989],[-84.5168,34.0985]]]},"properties":{"id":"usgs-pad-us-fee-managers:7609","name":"Dials Park - Woodstock Downtown Phase 1","kind":"land","category":"public-land","sourceCategory":"public-land","sourceId":"usgs-pad-us-fee-managers","sourceUrl":"https://services.arcgis.com/v01gqwM5QqNysAAi/arcgis/rest/services/Fee_Managers_PADUS/FeatureServer/0","sourceUpdated":"2017-08-14T04:00:00.000Z","publicUse":"PAD-US reports open access; verify current manager conditions and restrictions.","unit":"UNKL","origin":"public-catalog"}},{"type":"Feature","id":"usgs-pad-us-fee-managers:7610","geometry":{"type":"Polygon","coordinates":[[[-84.5181,34.0977],[-84.5183,34.0973],[-84.5186,34.0974],[-84.5184,34.0978],[-84.5182,34.098],[-84.5181,34.0977]]]},"properties":{"id":"usgs-pad-us-fee-managers:7610","name":"Woodstock Downtown Hoa Phase 2 Open Space","kind":"land","category":"public-land","sourceCategory":"public-land","sourceId":"usgs-pad-us-fee-managers","sourceUrl":"https://services.arcgis.com/v01gqwM5QqNysAAi/arcgis/rest/services/Fee_Managers_PADUS/FeatureServer/0","sourceUpdated":"2017-08-14T04:00:00.000Z","publicUse":"PAD-US reports open access; verify current manager conditions and restrictions.","unit":"UNKL","origin":"public-catalog"}},{"type":"Feature","id":"usgs-pad-us-fee-managers:7651","geometry":{"type":"Polygon","coordinates":[[[-84.2862,33.774],[-84.2883,33.7742],[-84.2883,33.7745],[-84.286,33.7747],[-84.286,33.774],[-84.2862,33.774]]]},"properties":{"id":"usgs-pad-us-fee-managers:7651","name":"Sycamore Park","kind":"land","category":"public-land","sourceCategory":"public-land","sourceId":"usgs-pad-us-fee-managers","sourceUrl":"https://services.arcgis.com/v01gqwM5QqNysAAi/arcgis/rest/services/Fee_Managers_PADUS/FeatureServer/0","sourceUpdated":"2017-08-14T04:00:00.000Z","publicUse":"PAD-US reports open access; verify current manager conditions and restrictions.","unit":"UNKL","origin":"public-catalog"}},{"type":"Feature","id":"usgs-pad-us-fee-managers:7681","geometry":{"type":"Polygon","coordinates":[[[-84.6521,33.86],[-84.6529,33.8599],[-84.6525,33.8603],[-84.6528,33.8623],[-84.6524,33.8623],[-84.6522,33.8619],[-84.6519,33.8604],[-84.6521,33.86]]]},"properties":{"id":"usgs-pad-us-fee-managers:7681","name":"Wild Horse Trail","kind":"land","category":"public-land","sourceCategory":"public-land","sourceId":"usgs-pad-us-fee-managers","sourceUrl":"https://services.arcgis.com/v01gqwM5QqNysAAi/arcgis/rest/services/Fee_Managers_PADUS/FeatureServer/0","sourceUpdated":"2017-08-14T04:00:00.000Z","publicUse":"PAD-US reports open access; verify current manager conditions and restrictions.","unit":"UNKL","origin":"public-catalog"}},{"type":"Feature","id":"usgs-pad-us-fee-managers:7855","geometry":{"type":"Polygon","coordinates":[[[-84.3747,34.3419],[-84.3747,34.3417],[-84.3753,34.3416],[-84.3762,34.3419],[-84.3769,34.3427],[-84.3769,34.3431],[-84.3758,34.3432],[-84.3752,34.3429],[-84.3748,34.3424],[-84.3747,34.3419]]]},"properties":{"id":"usgs-pad-us-fee-managers:7855","name":"Ball Ground Cemetery","kind":"land","category":"public-land","sourceCategory":"public-land","sourceId":"usgs-pad-us-fee-managers","sourceUrl":"https://services.arcgis.com/v01gqwM5QqNysAAi/arcgis/rest/services/Fee_Managers_PADUS/FeatureServer/0","sourceUpdated":"2017-08-14T04:00:00.000Z","publicUse":"PAD-US does not report an access classification; verify with the land manager.","unit":"UNKL","origin":"public-catalog"}},{"type":"Feature","id":"usgs-pad-us-fee-managers:7856","geometry":{"type":"Polygon","coordinates":[[[-84.0142,33.6664],[-84.0139,33.6659],[-84.0132,33.666],[-84.0128,33.6654],[-84.0147,33.6651],[-84.0153,33.6659],[-84.0142,33.6664]]]},"properties":{"id":"usgs-pad-us-fee-managers:7856","name":"Conyers Cemetery","kind":"land","category":"public-land","sourceCategory":"public-land","sourceId":"usgs-pad-us-fee-managers","sourceUrl":"https://services.arcgis.com/v01gqwM5QqNysAAi/arcgis/rest/services/Fee_Managers_PADUS/FeatureServer/0","sourceUpdated":"2017-08-14T04:00:00.000Z","publicUse":"PAD-US does not report an access classification; verify with the land manager.","unit":"UNKL","origin":"public-catalog"}},{"type":"Feature","id":"usgs-pad-us-fee-managers:7857","geometry":{"type":"Polygon","coordinates":[[[-84.8438,33.9331],[-84.8436,33.9324],[-84.8437,33.9312],[-84.8457,33.9309],[-84.8468,33.9313],[-84.8468,33.9328],[-84.8457,33.9328],[-84.8458,33.9334],[-84.8447,33.9335],[-84.8446,33.9337],[-84.8438,33.9331]]]},"properties":{"id":"usgs-pad-us-fee-managers:7857","name":"Dallas City Cemetery","kind":"land","category":"public-land","sourceCategory":"public-land","sourceId":"usgs-pad-us-fee-managers","sourceUrl":"https://services.arcgis.com/v01gqwM5QqNysAAi/arcgis/rest/services/Fee_Managers_PADUS/FeatureServer/0","sourceUpdated":"2017-08-14T04:00:00.000Z","publicUse":"PAD-US does not report an access classification; verify with the land manager.","unit":"UNKL","origin":"public-catalog"}},{"type":"Feature","id":"usgs-pad-us-fee-managers:7858","geometry":{"type":"Polygon","coordinates":[[[-84.3077,33.748],[-84.3088,33.7482],[-84.3089,33.75],[-84.3068,33.75],[-84.3067,33.7494],[-84.3077,33.748]]]},"properties":{"id":"usgs-pad-us-fee-managers:7858","name":"East Lake Cemetery","kind":"land","category":"public-land","sourceCategory":"public-land","sourceId":"usgs-pad-us-fee-managers","sourceUrl":"https://services.arcgis.com/v01gqwM5QqNysAAi/arcgis/rest/services/Fee_Managers_PADUS/FeatureServer/0","sourceUpdated":"2017-08-14T04:00:00.000Z","publicUse":"PAD-US does not report an access classification; verify with the land manager.","unit":"UNKL","origin":"public-catalog"}},{"type":"Feature","id":"usgs-pad-us-fee-managers:7859","geometry":{"type":"Polygon","coordinates":[[[-84.1439,33.4378],[-84.1439,33.435],[-84.1458,33.4349],[-84.1457,33.436],[-84.1463,33.436],[-84.1463,33.4372],[-84.1457,33.4373],[-84.1457,33.4376],[-84.1451,33.4376],[-84.1451,33.4379],[-84.1463,33.4379],[-84.1463,33.4381],[-84.1451,33.4382],[-84.1451,33.4388],[-84.1437,33.4387],[-84.1437,33.4378],[-84.1439,33.4378]]]},"properties":{"id":"usgs-pad-us-fee-managers:7859","name":"Mcdonough Memorial Cemetery","kind":"land","category":"public-land","sourceCategory":"public-land","sourceId":"usgs-pad-us-fee-managers","sourceUrl":"https://services.arcgis.com/v01gqwM5QqNysAAi/arcgis/rest/services/Fee_Managers_PADUS/FeatureServer/0","sourceUpdated":"2017-08-14T04:00:00.000Z","publicUse":"PAD-US does not report an access classification; verify with the land manager.","unit":"UNKL","origin":"public-catalog"}},{"type":"Feature","id":"usgs-pad-us-fee-managers:7860","geometry":{"type":"Polygon","coordinates":[[[-83.9043,33.9905],[-83.9058,33.9908],[-83.9072,33.9918],[-83.9047,33.9932],[-83.9033,33.9914],[-83.9043,33.9905]]]},"properties":{"id":"usgs-pad-us-fee-managers:7860","name":"Dacula Park","kind":"land","category":"public-land","sourceCategory":"public-land","sourceId":"usgs-pad-us-fee-managers","sourceUrl":"https://services.arcgis.com/v01gqwM5QqNysAAi/arcgis/rest/services/Fee_Managers_PADUS/FeatureServer/0","sourceUpdated":"2017-08-14T04:00:00.000Z","publicUse":"PAD-US reports open access; verify current manager conditions and restrictions.","unit":"UNKL","origin":"public-catalog"}},{"type":"Feature","id":"usgs-pad-us-fee-managers:7861","geometry":{"type":"MultiPolygon","coordinates":[[[[-83.8286,34.3375],[-83.8291,34.3374],[-83.8289,34.3378],[-83.8286,34.3375]]],[[[-83.8292,34.338],[-83.8292,34.3374],[-83.8298,34.3373],[-83.8299,34.338],[-83.8318,34.3363],[-83.8324,34.3369],[-83.8302,34.339],[-83.8304,34.3399],[-83.8299,34.34],[-83.8296,34.3398],[-83.8292,34.338]]]]},"properties":{"id":"usgs-pad-us-fee-managers:7861","name":"Dogwood Park","kind":"land","category":"public-land","sourceCategory":"public-land","sourceId":"usgs-pad-us-fee-managers","sourceUrl":"https://services.arcgis.com/v01gqwM5QqNysAAi/arcgis/rest/services/Fee_Managers_PADUS/FeatureServer/0","sourceUpdated":"2017-08-14T04:00:00.000Z","publicUse":"PAD-US reports open access; verify current manager conditions and restrictions.","unit":"UNKL","origin":"public-catalog"}},{"type":"Feature","id":"usgs-pad-us-fee-managers:7862","geometry":{"type":"Polygon","coordinates":[[[-84.1789,33.754],[-84.1779,33.7495],[-84.178,33.7436],[-84.1771,33.7397],[-84.1784,33.7388],[-84.1784,33.7395],[-84.1793,33.7388],[-84.1797,33.738],[-84.1803,33.7374],[-84.1818,33.7365],[-84.1827,33.7364],[-84.1831,33.7365],[-84.1832,33.7369],[-84.1816,33.7376],[-84.1812,33.7383],[-84.1826,33.7408],[-84.1823,33.7415],[-84.1835,33.7422],[-84.187,33.7414],[-84.1893,33.7417],[-84.1898,33.7404],[-84.1911,33.7391],[-84.1922,33.7356],[-84.1923,33.7345],[-84.193,33.7342],[-84.192,33.7337],[-84.1911,33.7326],[-84.1901,33.7323],[-84.189,33.731],[-84.1883,33.7313],[-84.1877,33.7323],[-84.1868,33.733],[-84.1845,33.7339],[-84.183,33.7362],[-84.1819,33.7359],[-84.1827,33.7343],[-84.1842,33.7333],[-84.187,33.7319],[-84.1877,33.7305],[-84.1888,33.7301],[-84.1899,33.7287],[-84.1918,33.7299],[-84.1909,33.7312],[-84.1919,33.7324],[-84.194,33.7331],[-84.1941,33.7351],[-84.1931,33.7354],[-84.1929,33.7365],[-84.1921,33.7383],[-84.19,33.7421],[-84.1875,33.7421],[-84.1841,33.7434],[-84.1859,33.7454],[-84.1882,33.7461],[-84.1875,33.7512],[-84.1856,33.7542],[-84.1843,33.7551],[-84.1789,33.754]],[[-84.179,33.7409],[-84.1786,33.7428],[-84.1792,33.7445],[-84.1788,33.7501],[-84.1807,33.7535],[-84.1834,33.7544],[-84.1851,33.7535],[-84.1862,33.7511],[-84.1863,33.7492],[-84.1873,33.7467],[-84.1848,33.7456],[-84.1829,33.7435],[-84.179,33.7409]]]},"properties":{"id":"usgs-pad-us-fee-managers:7862","name":"Hidden Hills Country Club Colf Course","kind":"land","category":"public-land","sourceCategory":"public-land","sourceId":"usgs-pad-us-fee-managers","sourceUrl":"https://services.arcgis.com/v01gqwM5QqNysAAi/arcgis/rest/services/Fee_Managers_PADUS/FeatureServer/0","sourceUpdated":"2017-08-14T04:00:00.000Z","publicUse":"PAD-US reports open access; verify current manager conditions and restrictions.","unit":"UNKL","origin":"public-catalog"}},{"type":"Feature","id":"usgs-pad-us-fee-managers:7863","geometry":{"type":"Polygon","coordinates":[[[-83.6488,34.3191],[-83.6481,34.318],[-83.6492,34.3175],[-83.6503,34.3175],[-83.651,34.3182],[-83.651,34.319],[-83.652,34.319],[-83.652,34.3195],[-83.6489,34.3195],[-83.6488,34.3191]]]},"properties":{"id":"usgs-pad-us-fee-managers:7863","name":"Hopewell Road Recreation","kind":"land","category":"public-land","sourceCategory":"public-land","sourceId":"usgs-pad-us-fee-managers","sourceUrl":"https://services.arcgis.com/v01gqwM5QqNysAAi/arcgis/rest/services/Fee_Managers_PADUS/FeatureServer/0","sourceUpdated":"2017-08-14T04:00:00.000Z","publicUse":"PAD-US reports open access; verify current manager conditions and restrictions.","unit":"UNKL","origin":"public-catalog"}},{"type":"Feature","id":"usgs-pad-us-fee-managers:7864","geometry":{"type":"Polygon","coordinates":[[[-84.243,33.8288],[-84.2438,33.8296],[-84.2445,33.8326],[-84.2443,33.8328],[-84.2436,33.8323],[-84.2441,33.8319],[-84.2429,33.831],[-84.243,33.8288]]]},"properties":{"id":"usgs-pad-us-fee-managers:7864","name":"Lawrenceville / J. Homestead","kind":"land","category":"public-land","sourceCategory":"public-land","sourceId":"usgs-pad-us-fee-managers","sourceUrl":"https://services.arcgis.com/v01gqwM5QqNysAAi/arcgis/rest/services/Fee_Managers_PADUS/FeatureServer/0","sourceUpdated":"2017-08-14T04:00:00.000Z","publicUse":"PAD-US reports open access; verify current manager conditions and restrictions.","unit":"UNKL","origin":"public-catalog"}},{"type":"Feature","id":"usgs-pad-us-fee-managers:7865","geometry":{"type":"Polygon","coordinates":[[[-84.213,33.9428],[-84.2132,33.9426],[-84.2133,33.9427],[-84.213,33.9428]]]},"properties":{"id":"usgs-pad-us-fee-managers:7865","name":"Lions Club Park","kind":"land","category":"public-land","sourceCategory":"public-land","sourceId":"usgs-pad-us-fee-managers","sourceUrl":"https://services.arcgis.com/v01gqwM5QqNysAAi/arcgis/rest/services/Fee_Managers_PADUS/FeatureServer/0","sourceUpdated":"2017-08-14T04:00:00.000Z","publicUse":"PAD-US reports open access; verify current manager conditions and restrictions.","unit":"UNKL","origin":"public-catalog"}},{"type":"Feature","id":"usgs-pad-us-fee-managers:7866","geometry":{"type":"Polygon","coordinates":[[[-83.9018,33.8406],[-83.9022,33.8404],[-83.9024,33.8406],[-83.902,33.8408],[-83.9018,33.8406]]]},"properties":{"id":"usgs-pad-us-fee-managers:7866","name":"Loganville Toddler Park","kind":"land","category":"public-land","sourceCategory":"public-land","sourceId":"usgs-pad-us-fee-managers","sourceUrl":"https://services.arcgis.com/v01gqwM5QqNysAAi/arcgis/rest/services/Fee_Managers_PADUS/FeatureServer/0","sourceUpdated":"2017-08-14T04:00:00.000Z","publicUse":"PAD-US reports open access; verify current manager conditions and restrictions.","unit":"UNKL","origin":"public-catalog"}},{"type":"Feature","id":"usgs-pad-us-fee-managers:7867","geometry":{"type":"Polygon","coordinates":[[[-83.9962,34.3412],[-83.9942,34.3407],[-83.9942,34.3401],[-83.9934,34.3391],[-83.9933,34.3387],[-83.9943,34.3385],[-83.997,34.3367],[-83.9977,34.3352],[-83.9977,34.3345],[-83.9974,34.3352],[-83.9961,34.3365],[-83.994,34.3368],[-83.9934,34.3358],[-83.9938,34.3369],[-83.9927,34.3372],[-83.9927,34.3342],[-84.0017,34.3342],[-84.0015,34.338],[-84.0064,34.3379],[-84.0065,34.3377],[-84.0078,34.3377],[-84.0078,34.3374],[-84.0088,34.3374],[-84.0088,34.3377],[-84.0102,34.3377],[-84.0102,34.3379],[-84.0106,34.3381],[-84.011,34.3389],[-84.0098,34.3389],[-84.0098,34.3386],[-84.008,34.3386],[-84.0071,34.3394],[-84.0084,34.3403],[-84.0084,34.3417],[-84.0079,34.3417],[-84.0079,34.341],[-84.0072,34.3405],[-84.0053,34.3404],[-84.0056,34.3399],[-84.0062,34.3396],[-84.0044,34.3387],[-84.0033,34.3393],[-84.0029,34.3399],[-84.0017,34.3403],[-83.9987,34.3399],[-83.9973,34.3404],[-83.997,34.3412],[-83.9962,34.3412]]]},"properties":{"id":"usgs-pad-us-fee-managers:7867","name":"Pea Ridge Park","kind":"land","category":"public-land","sourceCategory":"public-land","sourceId":"usgs-pad-us-fee-managers","sourceUrl":"https://services.arcgis.com/v01gqwM5QqNysAAi/arcgis/rest/services/Fee_Managers_PADUS/FeatureServer/0","sourceUpdated":"2017-08-14T04:00:00.000Z","publicUse":"PAD-US reports open access; verify current manager conditions and restrictions.","unit":"UNKL","origin":"public-catalog"}},{"type":"Feature","id":"usgs-pad-us-fee-managers:7868","geometry":{"type":"Polygon","coordinates":[[[-84.2667,33.729],[-84.2671,33.7299],[-84.2649,33.7304],[-84.265,33.729],[-84.2667,33.729]]]},"properties":{"id":"usgs-pad-us-fee-managers:7868","name":"Shoal Creek Park Expansion","kind":"land","category":"public-land","sourceCategory":"public-land","sourceId":"usgs-pad-us-fee-managers","sourceUrl":"https://services.arcgis.com/v01gqwM5QqNysAAi/arcgis/rest/services/Fee_Managers_PADUS/FeatureServer/0","sourceUpdated":"2017-08-14T04:00:00.000Z","publicUse":"PAD-US reports open access; verify current manager conditions and restrictions.","unit":"UNKL","origin":"public-catalog"}},{"type":"Feature","id":"usgs-pad-us-fee-managers:7869","geometry":{"type":"MultiPolygon","coordinates":[[[[-83.8523,34.348],[-83.8515,34.3461],[-83.8503,34.346],[-83.8506,34.3458],[-83.8485,34.3453],[-83.8482,34.3451],[-83.8483,34.3447],[-83.8492,34.3444],[-83.8494,34.3439],[-83.8512,34.3436],[-83.8513,34.3443],[-83.8517,34.3448],[-83.8525,34.3441],[-83.8541,34.3442],[-83.8543,34.3447],[-83.8539,34.346],[-83.8534,34.3465],[-83.8531,34.3479],[-83.8535,34.348],[-83.8535,34.3483],[-83.8532,34.3487],[-83.8529,34.3479],[-83.8528,34.3488],[-83.8527,34.3489],[-83.8523,34.348]]],[[[-83.8443,34.3498],[-83.8442,34.3493],[-83.8438,34.3492],[-83.8431,34.3485],[-83.8431,34.3479],[-83.8448,34.3476],[-83.8436,34.3472],[-83.8434,34.3463],[-83.8451,34.347],[-83.847,34.3464],[-83.8475,34.3466],[-83.8478,34.3464],[-83.8483,34.3468],[-83.8488,34.3464],[-83.8492,34.3466],[-83.8495,34.3464],[-83.8502,34.3465],[-83.8502,34.3461],[-83.8508,34.3467],[-83.8503,34.347],[-83.8445,34.3469],[-83.8443,34.3471],[-83.8455,34.3477],[-83.8438,34.3479],[-83.8435,34.3483],[-83.8442,34.3491],[-83.8445,34.3492],[-83.8445,34.3497],[-83.8448,34.3497],[-83.8443,34.3498]]],[[[-83.8453,34.3518],[-83.8449,34.3515],[-83.845,34.3508],[-83.8455,34.3503],[-83.8449,34.3497],[-83.8452,34.3495],[-83.8467,34.3495],[-83.8474,34.3483],[-83.8489,34.3487],[-83.8492,34.3499],[-83.849,34.351],[-83.8483,34.3512],[-83.848,34.352],[-83.8465,34.3525],[-83.8461,34.3521],[-83.8453,34.3518]]]]},"properties":{"id":"usgs-pad-us-fee-managers:7869","name":"Thompson Bridge Park","kind":"land","category":"public-land","sourceCategory":"public-land","sourceId":"usgs-pad-us-fee-managers","sourceUrl":"https://services.arcgis.com/v01gqwM5QqNysAAi/arcgis/rest/services/Fee_Managers_PADUS/FeatureServer/0","sourceUpdated":"2017-08-14T04:00:00.000Z","publicUse":"PAD-US reports open access; verify current manager conditions and restrictions.","unit":"UNKL","origin":"public-catalog"}},{"type":"Feature","id":"usgs-pad-us-fee-managers:82490","geometry":{"type":"Polygon","coordinates":[[[-84.6595,33.8653],[-84.6601,33.8654],[-84.66,33.8695],[-84.6586,33.8695],[-84.6579,33.8691],[-84.6573,33.8682],[-84.6573,33.8658],[-84.658,33.8658],[-84.6581,33.8653],[-84.6595,33.8653]]]},"properties":{"id":"usgs-pad-us-fee-managers:82490","name":"Powder Springs - City Wetlands Mitigation Property & Hammett Tract Survey","kind":"land","category":"public-land","sourceCategory":"public-land","sourceId":"usgs-pad-us-fee-managers","sourceUrl":"https://services.arcgis.com/v01gqwM5QqNysAAi/arcgis/rest/services/Fee_Managers_PADUS/FeatureServer/0","sourceUpdated":"2017-09-14T04:00:00.000Z","publicUse":"PAD-US reports open access; verify current manager conditions and restrictions.","unit":"CITY","origin":"public-catalog"}},{"type":"Feature","id":"usgs-pad-us-fee-managers:82705","geometry":{"type":"Polygon","coordinates":[[[-84.458,33.7767],[-84.4588,33.7768],[-84.4588,33.7773],[-84.4574,33.7773],[-84.4572,33.7766],[-84.458,33.7767]]]},"properties":{"id":"usgs-pad-us-fee-managers:82705","name":"Center Hill Park Expansion: 2195 Donald L. Hollowell Parkway (formerly Bankhead Highway)","kind":"land","category":"public-land","sourceCategory":"public-land","sourceId":"usgs-pad-us-fee-managers","sourceUrl":"https://services.arcgis.com/v01gqwM5QqNysAAi/arcgis/rest/services/Fee_Managers_PADUS/FeatureServer/0","sourceUpdated":"2017-09-14T04:00:00.000Z","publicUse":"PAD-US reports open access; verify current manager conditions and restrictions.","unit":"CITY","origin":"public-catalog"}},{"type":"Feature","id":"usgs-pad-us-fee-managers:82706","geometry":{"type":"Polygon","coordinates":[[[-84.4049,33.7158],[-84.4049,33.7151],[-84.4053,33.7151],[-84.4053,33.7158],[-84.4049,33.7158]]]},"properties":{"id":"usgs-pad-us-fee-managers:82706","name":"Emma Millican","kind":"land","category":"public-land","sourceCategory":"public-land","sourceId":"usgs-pad-us-fee-managers","sourceUrl":"https://services.arcgis.com/v01gqwM5QqNysAAi/arcgis/rest/services/Fee_Managers_PADUS/FeatureServer/0","sourceUpdated":"2017-09-14T04:00:00.000Z","publicUse":"PAD-US reports open access; verify current manager conditions and restrictions.","unit":"CITY","origin":"public-catalog"}},{"type":"Feature","id":"usgs-pad-us-fee-managers:82707","geometry":{"type":"MultiPolygon","coordinates":[[[[-84.3724,33.7188],[-84.3724,33.718],[-84.3729,33.718],[-84.3729,33.7188],[-84.3736,33.7189],[-84.3724,33.7188]]],[[[-84.3724,33.7176],[-84.3729,33.7176],[-84.3729,33.7179],[-84.3724,33.7179],[-84.3724,33.7176]]],[[[-84.3724,33.7174],[-84.3729,33.7174],[-84.3729,33.7175],[-84.3724,33.7175],[-84.3724,33.7174]]]]},"properties":{"id":"usgs-pad-us-fee-managers:82707","name":"Enota Park - TPL Assemblege","kind":"land","category":"public-land","sourceCategory":"public-land","sourceId":"usgs-pad-us-fee-managers","sourceUrl":"https://services.arcgis.com/v01gqwM5QqNysAAi/arcgis/rest/services/Fee_Managers_PADUS/FeatureServer/0","sourceUpdated":"2017-09-14T04:00:00.000Z","publicUse":"PAD-US reports open access; verify current manager conditions and restrictions.","unit":"CITY","origin":"public-catalog"}},{"type":"Feature","id":"usgs-pad-us-fee-managers:82708","geometry":{"type":"Polygon","coordinates":[[[-84.3888,33.7256],[-84.3882,33.7256],[-84.3882,33.7255],[-84.3888,33.7256]]]},"properties":{"id":"usgs-pad-us-fee-managers:82708","name":"Four Corners - 1061 Hank Aaron (Map #10) (BELTLINE)","kind":"land","category":"public-land","sourceCategory":"public-land","sourceId":"usgs-pad-us-fee-managers","sourceUrl":"https://services.arcgis.com/v01gqwM5QqNysAAi/arcgis/rest/services/Fee_Managers_PADUS/FeatureServer/0","sourceUpdated":"2017-09-14T04:00:00.000Z","publicUse":"PAD-US reports open access; verify current manager conditions and restrictions.","unit":"CITY","origin":"public-catalog"}},{"type":"Feature","id":"usgs-pad-us-fee-managers:82709","geometry":{"type":"Polygon","coordinates":[[[-84.3882,33.7256],[-84.3888,33.7256],[-84.3888,33.7261],[-84.3881,33.7261],[-84.3882,33.7256]]]},"properties":{"id":"usgs-pad-us-fee-managers:82709","name":"Four Corners - Church #8","kind":"land","category":"public-land","sourceCategory":"public-land","sourceId":"usgs-pad-us-fee-managers","sourceUrl":"https://services.arcgis.com/v01gqwM5QqNysAAi/arcgis/rest/services/Fee_Managers_PADUS/FeatureServer/0","sourceUpdated":"2017-09-14T04:00:00.000Z","publicUse":"PAD-US reports open access; verify current manager conditions and restrictions.","unit":"CITY","origin":"public-catalog"}},{"type":"Feature","id":"usgs-pad-us-fee-managers:82710","geometry":{"type":"Polygon","coordinates":[[[-84.378,33.7471],[-84.378,33.7473],[-84.3777,33.7473],[-84.3777,33.7471],[-84.378,33.7471]]]},"properties":{"id":"usgs-pad-us-fee-managers:82710","name":"Memorial Dr. Block 4 - Carpet Company","kind":"land","category":"public-land","sourceCategory":"public-land","sourceId":"usgs-pad-us-fee-managers","sourceUrl":"https://services.arcgis.com/v01gqwM5QqNysAAi/arcgis/rest/services/Fee_Managers_PADUS/FeatureServer/0","sourceUpdated":"2017-09-14T04:00:00.000Z","publicUse":"PAD-US reports open access; verify current manager conditions and restrictions.","unit":"CITY","origin":"public-catalog"}},{"type":"Feature","id":"usgs-pad-us-fee-managers:82711","geometry":{"type":"Polygon","coordinates":[[[-84.4536,33.7324],[-84.4523,33.7311],[-84.4534,33.7311],[-84.4541,33.7315],[-84.4542,33.7318],[-84.4546,33.7319],[-84.4544,33.7325],[-84.4539,33.7326],[-84.4536,33.7324]]]},"properties":{"id":"usgs-pad-us-fee-managers:82711","name":"SW BeltLine Connector Trail - Map 15-18 - Marathon - FEE","kind":"land","category":"public-land","sourceCategory":"public-land","sourceId":"usgs-pad-us-fee-managers","sourceUrl":"https://services.arcgis.com/v01gqwM5QqNysAAi/arcgis/rest/services/Fee_Managers_PADUS/FeatureServer/0","sourceUpdated":"2017-09-14T04:00:00.000Z","publicUse":"PAD-US reports open access; verify current manager conditions and restrictions.","unit":"CITY","origin":"public-catalog"}},{"type":"Feature","id":"usgs-pad-us-fee-managers:82712","geometry":{"type":"Polygon","coordinates":[[[-84.4568,33.735],[-84.457,33.7351],[-84.4559,33.7355],[-84.4568,33.735]]]},"properties":{"id":"usgs-pad-us-fee-managers:82712","name":"SW BeltLine Connector Trail - Map 33- Johnson - FEE","kind":"land","category":"public-land","sourceCategory":"public-land","sourceId":"usgs-pad-us-fee-managers","sourceUrl":"https://services.arcgis.com/v01gqwM5QqNysAAi/arcgis/rest/services/Fee_Managers_PADUS/FeatureServer/0","sourceUpdated":"2017-09-14T04:00:00.000Z","publicUse":"PAD-US reports open access; verify current manager conditions and restrictions.","unit":"CITY","origin":"public-catalog"}},{"type":"Feature","id":"usgs-pad-us-fee-managers:82715","geometry":{"type":"Polygon","coordinates":[[[-83.4061,34.0096],[-83.405,34.0099],[-83.4038,34.0097],[-83.4053,34.0089],[-83.4061,34.0096]]]},"properties":{"id":"usgs-pad-us-fee-managers:82715","name":"1130 Newton Bridge Road","kind":"land","category":"public-land","sourceCategory":"public-land","sourceId":"usgs-pad-us-fee-managers","sourceUrl":"https://services.arcgis.com/v01gqwM5QqNysAAi/arcgis/rest/services/Fee_Managers_PADUS/FeatureServer/0","sourceUpdated":"2017-09-14T04:00:00.000Z","publicUse":"PAD-US does not report an access classification; verify with the land manager.","unit":"CNTY","origin":"public-catalog"}},{"type":"Feature","id":"usgs-pad-us-fee-managers:82716","geometry":{"type":"Polygon","coordinates":[[[-83.405,34.0099],[-83.4061,34.0096],[-83.4067,34.0106],[-83.405,34.0099]]]},"properties":{"id":"usgs-pad-us-fee-managers:82716","name":"1140 Newton Bridge Road","kind":"land","category":"public-land","sourceCategory":"public-land","sourceId":"usgs-pad-us-fee-managers","sourceUrl":"https://services.arcgis.com/v01gqwM5QqNysAAi/arcgis/rest/services/Fee_Managers_PADUS/FeatureServer/0","sourceUpdated":"2017-09-14T04:00:00.000Z","publicUse":"PAD-US does not report an access classification; verify with the land manager.","unit":"CNTY","origin":"public-catalog"}},{"type":"Feature","id":"usgs-pad-us-fee-managers:83329","geometry":{"type":"MultiPolygon","coordinates":[[[[-84.638,34.0969],[-84.6378,34.0956],[-84.6369,34.0956],[-84.6369,34.0952],[-84.6377,34.0952],[-84.6377,34.0948],[-84.6386,34.0948],[-84.639,34.093],[-84.6448,34.093],[-84.644,34.0936],[-84.6436,34.0932],[-84.6419,34.0944],[-84.6415,34.0939],[-84.6414,34.094],[-84.6418,34.0945],[-84.6414,34.0947],[-84.6418,34.0946],[-84.6422,34.0951],[-84.6402,34.096],[-84.6392,34.096],[-84.6392,34.0969],[-84.638,34.0969]]],[[[-84.6433,34.0936],[-84.6436,34.0934],[-84.644,34.0938],[-84.6432,34.0944],[-84.6436,34.0949],[-84.6427,34.0955],[-84.642,34.0945],[-84.6433,34.0936]]]]},"properties":{"id":"usgs-pad-us-fee-managers:83329","name":"Dunn Tract","kind":"land","category":"public-land","sourceCategory":"public-land","sourceId":"usgs-pad-us-fee-managers","sourceUrl":"https://services.arcgis.com/v01gqwM5QqNysAAi/arcgis/rest/services/Fee_Managers_PADUS/FeatureServer/0","sourceUpdated":"2017-09-14T04:00:00.000Z","publicUse":"PAD-US does not report an access classification; verify with the land manager.","unit":"CNTY","origin":"public-catalog"}},{"type":"Feature","id":"usgs-pad-us-fee-managers:83330","geometry":{"type":"Polygon","coordinates":[[[-84.6001,34.2017],[-84.6,34.1979],[-84.599,34.1979],[-84.599,34.194],[-84.6045,34.1941],[-84.6045,34.1979],[-84.6089,34.198],[-84.6089,34.1941],[-84.6132,34.1942],[-84.613,34.1982],[-84.6132,34.2019],[-84.6141,34.2019],[-84.6134,34.2031],[-84.6122,34.2018],[-84.6001,34.2017]]]},"properties":{"id":"usgs-pad-us-fee-managers:83330","name":"Ficklen Church Rd.","kind":"land","category":"public-land","sourceCategory":"public-land","sourceId":"usgs-pad-us-fee-managers","sourceUrl":"https://services.arcgis.com/v01gqwM5QqNysAAi/arcgis/rest/services/Fee_Managers_PADUS/FeatureServer/0","sourceUpdated":"2017-09-14T04:00:00.000Z","publicUse":"PAD-US does not report an access classification; verify with the land manager.","unit":"CNTY","origin":"public-catalog"}},{"type":"Feature","id":"usgs-pad-us-fee-managers:83331","geometry":{"type":"Polygon","coordinates":[[[-84.4568,34.2872],[-84.4572,34.287],[-84.4573,34.2866],[-84.4579,34.2865],[-84.4583,34.286],[-84.4579,34.2855],[-84.4565,34.2848],[-84.4563,34.2849],[-84.4565,34.2847],[-84.456,34.2847],[-84.4562,34.2845],[-84.456,34.284],[-84.4555,34.2838],[-84.4547,34.2828],[-84.4545,34.2829],[-84.4532,34.2816],[-84.4618,34.2816],[-84.4619,34.2859],[-84.4616,34.2859],[-84.4616,34.2876],[-84.4619,34.2876],[-84.462,34.289],[-84.457,34.2889],[-84.457,34.2881],[-84.4564,34.2876],[-84.4568,34.2872]]]},"properties":{"id":"usgs-pad-us-fee-managers:83331","name":"Park Village Park","kind":"land","category":"public-land","sourceCategory":"public-land","sourceId":"usgs-pad-us-fee-managers","sourceUrl":"https://services.arcgis.com/v01gqwM5QqNysAAi/arcgis/rest/services/Fee_Managers_PADUS/FeatureServer/0","sourceUpdated":"2017-09-14T04:00:00.000Z","publicUse":"PAD-US does not report an access classification; verify with the land manager.","unit":"CNTY","origin":"public-catalog"}},{"type":"Feature","id":"usgs-pad-us-fee-managers:83332","geometry":{"type":"Polygon","coordinates":[[[-84.4094,34.2857],[-84.409,34.2848],[-84.4089,34.2837],[-84.4082,34.283],[-84.4069,34.2829],[-84.4068,34.2817],[-84.406,34.2793],[-84.4065,34.2781],[-84.4073,34.2776],[-84.4083,34.2774],[-84.4135,34.2774],[-84.417,34.2779],[-84.4161,34.2798],[-84.4157,34.2799],[-84.4147,34.2795],[-84.414,34.2803],[-84.4137,34.2839],[-84.414,34.2851],[-84.4147,34.2861],[-84.4142,34.2864],[-84.4125,34.286],[-84.4117,34.2869],[-84.4114,34.2875],[-84.4101,34.2861],[-84.4094,34.2857]]]},"properties":{"id":"usgs-pad-us-fee-managers:83332","name":"Thacker Tract","kind":"land","category":"public-land","sourceCategory":"public-land","sourceId":"usgs-pad-us-fee-managers","sourceUrl":"https://services.arcgis.com/v01gqwM5QqNysAAi/arcgis/rest/services/Fee_Managers_PADUS/FeatureServer/0","sourceUpdated":"2017-09-14T04:00:00.000Z","publicUse":"PAD-US does not report an access classification; verify with the land manager.","unit":"CNTY","origin":"public-catalog"}},{"type":"Feature","id":"usgs-pad-us-fee-managers:83333","geometry":{"type":"Polygon","coordinates":[[[-84.6387,34.1099],[-84.6403,34.1091],[-84.6395,34.1075],[-84.6409,34.1076],[-84.6409,34.1094],[-84.6418,34.11],[-84.6433,34.1101],[-84.6445,34.1097],[-84.6456,34.11],[-84.6461,34.1092],[-84.6476,34.1102],[-84.6477,34.1106],[-84.6457,34.1119],[-84.645,34.1105],[-84.6442,34.111],[-84.6453,34.1122],[-84.6443,34.113],[-84.6422,34.1112],[-84.6388,34.1107],[-84.6387,34.1099]]]},"properties":{"id":"usgs-pad-us-fee-managers:83333","name":"Thompson Tract","kind":"land","category":"public-land","sourceCategory":"public-land","sourceId":"usgs-pad-us-fee-managers","sourceUrl":"https://services.arcgis.com/v01gqwM5QqNysAAi/arcgis/rest/services/Fee_Managers_PADUS/FeatureServer/0","sourceUpdated":"2017-09-14T04:00:00.000Z","publicUse":"PAD-US does not report an access classification; verify with the land manager.","unit":"CNTY","origin":"public-catalog"}},{"type":"Feature","id":"usgs-pad-us-fee-managers:83334","geometry":{"type":"Polygon","coordinates":[[[-84.2898,34.318],[-84.2898,34.3139],[-84.2761,34.3139],[-84.276,34.309],[-84.27,34.309],[-84.2706,34.3055],[-84.276,34.3054],[-84.276,34.3038],[-84.277,34.3039],[-84.2799,34.3028],[-84.281,34.3019],[-84.2813,34.3006],[-84.2816,34.3001],[-84.2831,34.2994],[-84.2838,34.2995],[-84.287,34.3031],[-84.2879,34.3051],[-84.292,34.3081],[-84.2927,34.3092],[-84.2933,34.3113],[-84.2949,34.3127],[-84.2955,34.3139],[-84.2951,34.3165],[-84.2942,34.318],[-84.2898,34.318]]]},"properties":{"id":"usgs-pad-us-fee-managers:83334","name":"Yellow Creek Rd.","kind":"land","category":"public-land","sourceCategory":"public-land","sourceId":"usgs-pad-us-fee-managers","sourceUrl":"https://services.arcgis.com/v01gqwM5QqNysAAi/arcgis/rest/services/Fee_Managers_PADUS/FeatureServer/0","sourceUpdated":"2017-09-14T04:00:00.000Z","publicUse":"PAD-US does not report an access classification; verify with the land manager.","unit":"CNTY","origin":"public-catalog"}},{"type":"Feature","id":"usgs-pad-us-fee-managers:83335","geometry":{"type":"Polygon","coordinates":[[[-84.3711,34.2508],[-84.3749,34.2505],[-84.3751,34.2512],[-84.3771,34.2507],[-84.378,34.2507],[-84.3782,34.2519],[-84.378,34.2536],[-84.3782,34.2543],[-84.378,34.2576],[-84.3693,34.2577],[-84.3692,34.2525],[-84.3705,34.2521],[-84.3705,34.2509],[-84.3711,34.2508]]]},"properties":{"id":"usgs-pad-us-fee-managers:83335","name":"Young Tract","kind":"land","category":"public-land","sourceCategory":"public-land","sourceId":"usgs-pad-us-fee-managers","sourceUrl":"https://services.arcgis.com/v01gqwM5QqNysAAi/arcgis/rest/services/Fee_Managers_PADUS/FeatureServer/0","sourceUpdated":"2017-09-14T04:00:00.000Z","publicUse":"PAD-US does not report an access classification; verify with the land manager.","unit":"CNTY","origin":"public-catalog"}},{"type":"Feature","id":"usgs-pad-us-fee-managers:83336","geometry":{"type":"Polygon","coordinates":[[[-84.5236,33.8078],[-84.5224,33.8073],[-84.5223,33.8068],[-84.5226,33.8064],[-84.5226,33.8059],[-84.5221,33.8061],[-84.5216,33.8056],[-84.5231,33.8057],[-84.5231,33.8041],[-84.5243,33.8042],[-84.5243,33.8072],[-84.5247,33.8072],[-84.5243,33.8073],[-84.5243,33.8077],[-84.5236,33.8078]]]},"properties":{"id":"usgs-pad-us-fee-managers:83336","name":"Henderson Road","kind":"land","category":"public-land","sourceCategory":"public-land","sourceId":"usgs-pad-us-fee-managers","sourceUrl":"https://services.arcgis.com/v01gqwM5QqNysAAi/arcgis/rest/services/Fee_Managers_PADUS/FeatureServer/0","sourceUpdated":"2017-09-14T04:00:00.000Z","publicUse":"PAD-US does not report an access classification; verify with the land manager.","unit":"CNTY","origin":"public-catalog"}},{"type":"Feature","id":"usgs-pad-us-fee-managers:83337","geometry":{"type":"Polygon","coordinates":[[[-84.4311,34.0553],[-84.4312,34.0574],[-84.4302,34.0574],[-84.4302,34.0591],[-84.428,34.0591],[-84.428,34.0553],[-84.4311,34.0553]]]},"properties":{"id":"usgs-pad-us-fee-managers:83337","name":"Mabry Farm","kind":"land","category":"public-land","sourceCategory":"public-land","sourceId":"usgs-pad-us-fee-managers","sourceUrl":"https://services.arcgis.com/v01gqwM5QqNysAAi/arcgis/rest/services/Fee_Managers_PADUS/FeatureServer/0","sourceUpdated":"2017-09-14T04:00:00.000Z","publicUse":"PAD-US does not report an access classification; verify with the land manager.","unit":"CNTY","origin":"public-catalog"}},{"type":"Feature","id":"usgs-pad-us-fee-managers:83338","geometry":{"type":"MultiPolygon","coordinates":[[[[-84.7234,33.8237],[-84.7233,33.8246],[-84.7229,33.8249],[-84.7218,33.8252],[-84.7204,33.8253],[-84.7213,33.8237],[-84.7234,33.8237]]],[[[-84.7144,33.8262],[-84.714,33.8261],[-84.7143,33.8208],[-84.7153,33.8208],[-84.7155,33.8188],[-84.7165,33.8188],[-84.7164,33.8236],[-84.721,33.8237],[-84.72,33.8256],[-84.7164,33.825],[-84.7164,33.8269],[-84.715,33.8269],[-84.7144,33.8262]]],[[[-84.7213,33.8324],[-84.7203,33.832],[-84.7198,33.8313],[-84.7205,33.8309],[-84.7202,33.8309],[-84.7206,33.8306],[-84.7206,33.8272],[-84.7213,33.8272],[-84.7204,33.8267],[-84.7199,33.8271],[-84.7201,33.826],[-84.7212,33.8262],[-84.7219,33.8259],[-84.7219,33.8253],[-84.7232,33.8247],[-84.7242,33.8269],[-84.7244,33.8271],[-84.7249,33.8271],[-84.7249,33.8318],[-84.7246,33.8318],[-84.7247,33.8324],[-84.7243,33.8328],[-84.7234,33.8326],[-84.7229,33.8321],[-84.722,33.8326],[-84.7213,33.8324]]]]},"properties":{"id":"usgs-pad-us-fee-managers:83338","name":"Stana Property","kind":"land","category":"public-land","sourceCategory":"public-land","sourceId":"usgs-pad-us-fee-managers","sourceUrl":"https://services.arcgis.com/v01gqwM5QqNysAAi/arcgis/rest/services/Fee_Managers_PADUS/FeatureServer/0","sourceUpdated":"2017-09-14T04:00:00.000Z","publicUse":"PAD-US does not report an access classification; verify with the land manager.","unit":"CNTY","origin":"public-catalog"}},{"type":"Feature","id":"usgs-pad-us-fee-managers:83339","geometry":{"type":"Polygon","coordinates":[[[-84.1165,33.646],[-84.1165,33.6456],[-84.1173,33.6455],[-84.1178,33.646],[-84.1165,33.6471],[-84.1165,33.646]]]},"properties":{"id":"usgs-pad-us-fee-managers:83339","name":"Arabia - Berline","kind":"land","category":"public-land","sourceCategory":"public-land","sourceId":"usgs-pad-us-fee-managers","sourceUrl":"https://services.arcgis.com/v01gqwM5QqNysAAi/arcgis/rest/services/Fee_Managers_PADUS/FeatureServer/0","sourceUpdated":"2017-09-14T04:00:00.000Z","publicUse":"PAD-US does not report an access classification; verify with the land manager.","unit":"CNTY","origin":"public-catalog"}},{"type":"Feature","id":"usgs-pad-us-fee-managers:83340","geometry":{"type":"Polygon","coordinates":[[[-84.1162,33.6761],[-84.1158,33.676],[-84.1158,33.6727],[-84.1161,33.6722],[-84.1173,33.6722],[-84.1173,33.6749],[-84.1165,33.675],[-84.1165,33.676],[-84.1162,33.6761]]]},"properties":{"id":"usgs-pad-us-fee-managers:83340","name":"Arabia - Grooms","kind":"land","category":"public-land","sourceCategory":"public-land","sourceId":"usgs-pad-us-fee-managers","sourceUrl":"https://services.arcgis.com/v01gqwM5QqNysAAi/arcgis/rest/services/Fee_Managers_PADUS/FeatureServer/0","sourceUpdated":"2017-09-14T04:00:00.000Z","publicUse":"PAD-US does not report an access classification; verify with the land manager.","unit":"CNTY","origin":"public-catalog"}},{"type":"Feature","id":"usgs-pad-us-fee-managers:83341","geometry":{"type":"Polygon","coordinates":[[[-84.1039,33.6658],[-84.1069,33.666],[-84.1068,33.6671],[-84.1039,33.6669],[-84.1039,33.6658]]]},"properties":{"id":"usgs-pad-us-fee-managers:83341","name":"Arabia - McKenzie","kind":"land","category":"public-land","sourceCategory":"public-land","sourceId":"usgs-pad-us-fee-managers","sourceUrl":"https://services.arcgis.com/v01gqwM5QqNysAAi/arcgis/rest/services/Fee_Managers_PADUS/FeatureServer/0","sourceUpdated":"2017-09-14T04:00:00.000Z","publicUse":"PAD-US does not report an access classification; verify with the land manager.","unit":"CNTY","origin":"public-catalog"}},{"type":"Feature","id":"usgs-pad-us-fee-managers:83342","geometry":{"type":"Polygon","coordinates":[[[-84.101,33.6454],[-84.1068,33.6454],[-84.1067,33.6514],[-84.1048,33.6514],[-84.1046,33.6521],[-84.1034,33.6522],[-84.1033,33.6531],[-84.1009,33.653],[-84.101,33.6454]]]},"properties":{"id":"usgs-pad-us-fee-managers:83342","name":"Arabia Mtn Conservation Fund","kind":"land","category":"public-land","sourceCategory":"public-land","sourceId":"usgs-pad-us-fee-managers","sourceUrl":"https://services.arcgis.com/v01gqwM5QqNysAAi/arcgis/rest/services/Fee_Managers_PADUS/FeatureServer/0","sourceUpdated":"2017-09-14T04:00:00.000Z","publicUse":"PAD-US does not report an access classification; verify with the land manager.","unit":"CNTY","origin":"public-catalog"}},{"type":"Feature","id":"usgs-pad-us-fee-managers:83343","geometry":{"type":"MultiPolygon","coordinates":[[[[-84.2367,33.7777],[-84.2373,33.7789],[-84.2363,33.7787],[-84.2361,33.778],[-84.2367,33.7777]]],[[[-84.2367,33.7777],[-84.2366,33.7776],[-84.2367,33.7777],[-84.2367,33.7777]]]]},"properties":{"id":"usgs-pad-us-fee-managers:83343","name":"FEMA-Avon-Hale","kind":"land","category":"public-land","sourceCategory":"public-land","sourceId":"usgs-pad-us-fee-managers","sourceUrl":"https://services.arcgis.com/v01gqwM5QqNysAAi/arcgis/rest/services/Fee_Managers_PADUS/FeatureServer/0","sourceUpdated":"2017-09-14T04:00:00.000Z","publicUse":"PAD-US does not report an access classification; verify with the land manager.","unit":"CNTY","origin":"public-catalog"}},{"type":"Feature","id":"usgs-pad-us-fee-managers:83344","geometry":{"type":"Polygon","coordinates":[[[-84.315,33.6958],[-84.3151,33.6932],[-84.3154,33.6932],[-84.3159,33.6938],[-84.3164,33.6939],[-84.3178,33.6937],[-84.3187,33.6937],[-84.3186,33.6964],[-84.3167,33.6975],[-84.3165,33.6971],[-84.3168,33.6968],[-84.3168,33.6964],[-84.315,33.6958]]]},"properties":{"id":"usgs-pad-us-fee-managers:83344","name":"Gresham Greenway","kind":"land","category":"public-land","sourceCategory":"public-land","sourceId":"usgs-pad-us-fee-managers","sourceUrl":"https://services.arcgis.com/v01gqwM5QqNysAAi/arcgis/rest/services/Fee_Managers_PADUS/FeatureServer/0","sourceUpdated":"2017-09-14T04:00:00.000Z","publicUse":"PAD-US does not report an access classification; verify with the land manager.","unit":"CNTY","origin":"public-catalog"}},{"type":"Feature","id":"usgs-pad-us-fee-managers:83345","geometry":{"type":"Polygon","coordinates":[[[-84.1054,33.7769],[-84.107,33.7769],[-84.107,33.778],[-84.1033,33.778],[-84.1033,33.7774],[-84.1046,33.7774],[-84.1046,33.7769],[-84.1054,33.7769]]]},"properties":{"id":"usgs-pad-us-fee-managers:83345","name":"Hidden Acres - Heath","kind":"land","category":"public-land","sourceCategory":"public-land","sourceId":"usgs-pad-us-fee-managers","sourceUrl":"https://services.arcgis.com/v01gqwM5QqNysAAi/arcgis/rest/services/Fee_Managers_PADUS/FeatureServer/0","sourceUpdated":"2017-09-14T04:00:00.000Z","publicUse":"PAD-US does not report an access classification; verify with the land manager.","unit":"CNTY","origin":"public-catalog"}},{"type":"Feature","id":"usgs-pad-us-fee-managers:83346","geometry":{"type":"Polygon","coordinates":[[[-84.3271,33.6964],[-84.3271,33.6954],[-84.3246,33.6954],[-84.3231,33.6959],[-84.3221,33.6939],[-84.3242,33.6941],[-84.3242,33.6933],[-84.3231,33.6933],[-84.3229,33.6926],[-84.3216,33.6926],[-84.3217,33.689],[-84.3301,33.689],[-84.3302,33.6893],[-84.33,33.6896],[-84.3308,33.6909],[-84.3302,33.6926],[-84.3295,33.6931],[-84.329,33.6939],[-84.3281,33.6965],[-84.3271,33.6964]]]},"properties":{"id":"usgs-pad-us-fee-managers:83346","name":"Intrenchment Creek","kind":"land","category":"public-land","sourceCategory":"public-land","sourceId":"usgs-pad-us-fee-managers","sourceUrl":"https://services.arcgis.com/v01gqwM5QqNysAAi/arcgis/rest/services/Fee_Managers_PADUS/FeatureServer/0","sourceUpdated":"2017-09-14T04:00:00.000Z","publicUse":"PAD-US does not report an access classification; verify with the land manager.","unit":"CNTY","origin":"public-catalog"}},{"type":"Feature","id":"usgs-pad-us-fee-managers:83347","geometry":{"type":"Polygon","coordinates":[[[-84.2445,33.8326],[-84.2439,33.8297],[-84.2445,33.8297],[-84.2458,33.8318],[-84.2445,33.8326]]]},"properties":{"id":"usgs-pad-us-fee-managers:83347","name":"John Homestead","kind":"land","category":"public-land","sourceCategory":"public-land","sourceId":"usgs-pad-us-fee-managers","sourceUrl":"https://services.arcgis.com/v01gqwM5QqNysAAi/arcgis/rest/services/Fee_Managers_PADUS/FeatureServer/0","sourceUpdated":"2017-09-14T04:00:00.000Z","publicUse":"PAD-US does not report an access classification; verify with the land manager.","unit":"CNTY","origin":"public-catalog"}},{"type":"Feature","id":"usgs-pad-us-fee-managers:83348","geometry":{"type":"Polygon","coordinates":[[[-84.2463,33.7736],[-84.2468,33.7721],[-84.2489,33.7724],[-84.2479,33.774],[-84.2463,33.7736]]]},"properties":{"id":"usgs-pad-us-fee-managers:83348","name":"Kensington Road Bindhu","kind":"land","category":"public-land","sourceCategory":"public-land","sourceId":"usgs-pad-us-fee-managers","sourceUrl":"https://services.arcgis.com/v01gqwM5QqNysAAi/arcgis/rest/services/Fee_Managers_PADUS/FeatureServer/0","sourceUpdated":"2017-09-14T04:00:00.000Z","publicUse":"PAD-US does not report an access classification; verify with the land manager.","unit":"CNTY","origin":"public-catalog"}},{"type":"Feature","id":"usgs-pad-us-fee-managers:83349","geometry":{"type":"Polygon","coordinates":[[[-84.1663,33.6462],[-84.1662,33.6423],[-84.1676,33.6424],[-84.167,33.6462],[-84.1666,33.6462],[-84.1669,33.6462],[-84.1665,33.6465],[-84.1663,33.6462]]]},"properties":{"id":"usgs-pad-us-fee-managers:83349","name":"Lyon's Expansion","kind":"land","category":"public-land","sourceCategory":"public-land","sourceId":"usgs-pad-us-fee-managers","sourceUrl":"https://services.arcgis.com/v01gqwM5QqNysAAi/arcgis/rest/services/Fee_Managers_PADUS/FeatureServer/0","sourceUpdated":"2017-09-14T04:00:00.000Z","publicUse":"PAD-US does not report an access classification; verify with the land manager.","unit":"CNTY","origin":"public-catalog"}},{"type":"Feature","id":"usgs-pad-us-fee-managers:83350","geometry":{"type":"Polygon","coordinates":[[[-84.167,33.6462],[-84.1676,33.6424],[-84.1662,33.6423],[-84.1662,33.6397],[-84.1695,33.6414],[-84.1695,33.6448],[-84.1689,33.6461],[-84.167,33.6462]]]},"properties":{"id":"usgs-pad-us-fee-managers:83350","name":"Lyon Road - South River - Polebridge Water Facility","kind":"land","category":"public-land","sourceCategory":"public-land","sourceId":"usgs-pad-us-fee-managers","sourceUrl":"https://services.arcgis.com/v01gqwM5QqNysAAi/arcgis/rest/services/Fee_Managers_PADUS/FeatureServer/0","sourceUpdated":"2017-09-14T04:00:00.000Z","publicUse":"PAD-US does not report an access classification; verify with the land manager.","unit":"CNTY","origin":"public-catalog"}},{"type":"Feature","id":"usgs-pad-us-fee-managers:83351","geometry":{"type":"Polygon","coordinates":[[[-84.3025,33.8034],[-84.3022,33.8033],[-84.3023,33.8031],[-84.3032,33.8023],[-84.3027,33.8013],[-84.3035,33.8013],[-84.3042,33.8009],[-84.3048,33.8011],[-84.305,33.8006],[-84.3059,33.8],[-84.3053,33.8035],[-84.3023,33.8039],[-84.3025,33.8034]]]},"properties":{"id":"usgs-pad-us-fee-managers:83351","name":"Mason Mill Park-Melton","kind":"land","category":"public-land","sourceCategory":"public-land","sourceId":"usgs-pad-us-fee-managers","sourceUrl":"https://services.arcgis.com/v01gqwM5QqNysAAi/arcgis/rest/services/Fee_Managers_PADUS/FeatureServer/0","sourceUpdated":"2017-09-14T04:00:00.000Z","publicUse":"PAD-US does not report an access classification; verify with the land manager.","unit":"CNTY","origin":"public-catalog"}},{"type":"Feature","id":"usgs-pad-us-fee-managers:83352","geometry":{"type":"Polygon","coordinates":[[[-84.2261,33.7924],[-84.2261,33.7919],[-84.2249,33.7919],[-84.2249,33.7911],[-84.2285,33.7911],[-84.2282,33.7915],[-84.2288,33.7918],[-84.2286,33.792],[-84.2281,33.7917],[-84.2275,33.7925],[-84.227,33.7922],[-84.2264,33.7929],[-84.2261,33.7924]]]},"properties":{"id":"usgs-pad-us-fee-managers:83352","name":"Memorial - Kensington - Executive Sq.","kind":"land","category":"public-land","sourceCategory":"public-land","sourceId":"usgs-pad-us-fee-managers","sourceUrl":"https://services.arcgis.com/v01gqwM5QqNysAAi/arcgis/rest/services/Fee_Managers_PADUS/FeatureServer/0","sourceUpdated":"2017-09-14T04:00:00.000Z","publicUse":"PAD-US does not report an access classification; verify with the land manager.","unit":"CNTY","origin":"public-catalog"}},{"type":"Feature","id":"usgs-pad-us-fee-managers:83353","geometry":{"type":"Polygon","coordinates":[[[-84.1735,33.7599],[-84.1749,33.7599],[-84.1749,33.7624],[-84.1735,33.7624],[-84.1735,33.7599]]]},"properties":{"id":"usgs-pad-us-fee-managers:83353","name":"Redan Road Garcia","kind":"land","category":"public-land","sourceCategory":"public-land","sourceId":"usgs-pad-us-fee-managers","sourceUrl":"https://services.arcgis.com/v01gqwM5QqNysAAi/arcgis/rest/services/Fee_Managers_PADUS/FeatureServer/0","sourceUpdated":"2017-09-14T04:00:00.000Z","publicUse":"PAD-US does not report an access classification; verify with the land manager.","unit":"CNTY","origin":"public-catalog"}},{"type":"Feature","id":"usgs-pad-us-fee-managers:83354","geometry":{"type":"Polygon","coordinates":[[[-84.3169,33.7875],[-84.3163,33.7873],[-84.3163,33.7871],[-84.317,33.7873],[-84.3172,33.7869],[-84.3179,33.7869],[-84.3177,33.7876],[-84.3169,33.7875]]]},"properties":{"id":"usgs-pad-us-fee-managers:83354","name":"Ridgewood Drive Rutledge","kind":"land","category":"public-land","sourceCategory":"public-land","sourceId":"usgs-pad-us-fee-managers","sourceUrl":"https://services.arcgis.com/v01gqwM5QqNysAAi/arcgis/rest/services/Fee_Managers_PADUS/FeatureServer/0","sourceUpdated":"2017-09-14T04:00:00.000Z","publicUse":"PAD-US does not report an access classification; verify with the land manager.","unit":"CNTY","origin":"public-catalog"}},{"type":"Feature","id":"usgs-pad-us-fee-managers:83355","geometry":{"type":"Polygon","coordinates":[[[-84.299,33.6827],[-84.2986,33.6827],[-84.2988,33.6806],[-84.303,33.6797],[-84.3052,33.678],[-84.3053,33.6782],[-84.3065,33.6779],[-84.3066,33.6781],[-84.3074,33.6779],[-84.3078,33.6796],[-84.3045,33.6826],[-84.3038,33.6827],[-84.3029,33.6824],[-84.3023,33.6831],[-84.3011,33.6826],[-84.2999,33.6829],[-84.299,33.6827]]]},"properties":{"id":"usgs-pad-us-fee-managers:83355","name":"South River - Arnovitz","kind":"land","category":"public-land","sourceCategory":"public-land","sourceId":"usgs-pad-us-fee-managers","sourceUrl":"https://services.arcgis.com/v01gqwM5QqNysAAi/arcgis/rest/services/Fee_Managers_PADUS/FeatureServer/0","sourceUpdated":"2017-09-14T04:00:00.000Z","publicUse":"PAD-US does not report an access classification; verify with the land manager.","unit":"CNTY","origin":"public-catalog"}},{"type":"Feature","id":"usgs-pad-us-fee-managers:83356","geometry":{"type":"Polygon","coordinates":[[[-84.0578,33.7366],[-84.0579,33.7359],[-84.0561,33.7357],[-84.059,33.7358],[-84.0595,33.7346],[-84.0597,33.7346],[-84.0592,33.736],[-84.0587,33.7366],[-84.0578,33.7366]]]},"properties":{"id":"usgs-pad-us-fee-managers:83356","name":"Yellow River - New Beginnings Christian","kind":"land","category":"public-land","sourceCategory":"public-land","sourceId":"usgs-pad-us-fee-managers","sourceUrl":"https://services.arcgis.com/v01gqwM5QqNysAAi/arcgis/rest/services/Fee_Managers_PADUS/FeatureServer/0","sourceUpdated":"2017-09-14T04:00:00.000Z","publicUse":"PAD-US does not report an access classification; verify with the land manager.","unit":"CNTY","origin":"public-catalog"}},{"type":"Feature","id":"usgs-pad-us-fee-managers:83360","geometry":{"type":"MultiPolygon","coordinates":[[[[-84.144,34.1109],[-84.1439,34.1087],[-84.1413,34.1088],[-84.1424,34.1068],[-84.1434,34.106],[-84.1448,34.1067],[-84.1462,34.1082],[-84.1462,34.1109],[-84.144,34.1109]]],[[[-84.1432,34.1048],[-84.1452,34.1049],[-84.1447,34.1064],[-84.1424,34.1049],[-84.1432,34.1048]]]]},"properties":{"id":"usgs-pad-us-fee-managers:83360","name":"Buice Property","kind":"land","category":"public-land","sourceCategory":"public-land","sourceId":"usgs-pad-us-fee-managers","sourceUrl":"https://services.arcgis.com/v01gqwM5QqNysAAi/arcgis/rest/services/Fee_Managers_PADUS/FeatureServer/0","sourceUpdated":"2017-09-14T04:00:00.000Z","publicUse":"PAD-US does not report an access classification; verify with the land manager.","unit":"CNTY","origin":"public-catalog"}},{"type":"Feature","id":"usgs-pad-us-fee-managers:83361","geometry":{"type":"MultiPolygon","coordinates":[[[[-84.2244,34.3136],[-84.2227,34.3123],[-84.2221,34.3104],[-84.2212,34.3094],[-84.2213,34.3087],[-84.2246,34.3096],[-84.2265,34.3096],[-84.2294,34.3111],[-84.235,34.3112],[-84.2366,34.3115],[-84.2366,34.3137],[-84.2358,34.3137],[-84.2354,34.3132],[-84.2346,34.3131],[-84.2334,34.3135],[-84.2298,34.3136],[-84.2268,34.3141],[-84.2244,34.3136]]],[[[-84.229,34.3108],[-84.2265,34.3094],[-84.2247,34.3094],[-84.2214,34.3085],[-84.2222,34.3084],[-84.2247,34.3092],[-84.2264,34.3091],[-84.2292,34.3078],[-84.2332,34.3048],[-84.2364,34.3042],[-84.2366,34.3114],[-84.2352,34.3111],[-84.2318,34.3111],[-84.229,34.3108]]]]},"properties":{"id":"usgs-pad-us-fee-managers:83361","name":"Eagle's Beak Property","kind":"land","category":"public-land","sourceCategory":"public-land","sourceId":"usgs-pad-us-fee-managers","sourceUrl":"https://services.arcgis.com/v01gqwM5QqNysAAi/arcgis/rest/services/Fee_Managers_PADUS/FeatureServer/0","sourceUpdated":"2017-09-14T04:00:00.000Z","publicUse":"PAD-US does not report an access classification; verify with the land manager.","unit":"CNTY","origin":"public-catalog"}},{"type":"Feature","id":"usgs-pad-us-fee-managers:83362","geometry":{"type":"MultiPolygon","coordinates":[[[[-84.188,34.1033],[-84.1879,34.1014],[-84.189,34.1033],[-84.188,34.1033]]],[[[-84.1829,34.1015],[-84.1832,34.0997],[-84.181,34.0988],[-84.1804,34.0979],[-84.1804,34.0962],[-84.183,34.0965],[-84.1844,34.097],[-84.1866,34.0983],[-84.1876,34.0995],[-84.1879,34.1014],[-84.1829,34.1015]]]]},"properties":{"id":"usgs-pad-us-fee-managers:83362","name":"Harrison Property","kind":"land","category":"public-land","sourceCategory":"public-land","sourceId":"usgs-pad-us-fee-managers","sourceUrl":"https://services.arcgis.com/v01gqwM5QqNysAAi/arcgis/rest/services/Fee_Managers_PADUS/FeatureServer/0","sourceUpdated":"2017-09-14T04:00:00.000Z","publicUse":"PAD-US does not report an access classification; verify with the land manager.","unit":"CNTY","origin":"public-catalog"}},{"type":"Feature","id":"usgs-pad-us-fee-managers:83363","geometry":{"type":"Polygon","coordinates":[[[-84.1766,34.2951],[-84.1766,34.2948],[-84.1747,34.295],[-84.1747,34.2919],[-84.1766,34.2919],[-84.1764,34.2914],[-84.1769,34.2904],[-84.1779,34.2902],[-84.1776,34.2884],[-84.1783,34.2866],[-84.1789,34.2859],[-84.1797,34.2852],[-84.1809,34.285],[-84.182,34.2861],[-84.1834,34.2861],[-84.184,34.2865],[-84.184,34.2919],[-84.1827,34.2919],[-84.1827,34.2938],[-84.1824,34.2961],[-84.1791,34.2977],[-84.177,34.2984],[-84.1766,34.2967],[-84.1766,34.2951]]]},"properties":{"id":"usgs-pad-us-fee-managers:83363","name":"Wallace Tatum Property","kind":"land","category":"public-land","sourceCategory":"public-land","sourceId":"usgs-pad-us-fee-managers","sourceUrl":"https://services.arcgis.com/v01gqwM5QqNysAAi/arcgis/rest/services/Fee_Managers_PADUS/FeatureServer/0","sourceUpdated":"2017-09-14T04:00:00.000Z","publicUse":"PAD-US does not report an access classification; verify with the land manager.","unit":"CNTY","origin":"public-catalog"}},{"type":"Feature","id":"usgs-pad-us-fee-managers:83388","geometry":{"type":"Polygon","coordinates":[[[-84.8318,33.8815],[-84.8313,33.8815],[-84.8313,33.8778],[-84.8292,33.8779],[-84.8292,33.8743],[-84.8336,33.8744],[-84.8336,33.8779],[-84.8362,33.8779],[-84.8361,33.8781],[-84.8363,33.8787],[-84.8373,33.8798],[-84.8373,33.8814],[-84.835,33.8814],[-84.8332,33.8818],[-84.8318,33.8815]]]},"properties":{"id":"usgs-pad-us-fee-managers:83388","name":"White Oak","kind":"land","category":"public-land","sourceCategory":"public-land","sourceId":"usgs-pad-us-fee-managers","sourceUrl":"https://services.arcgis.com/v01gqwM5QqNysAAi/arcgis/rest/services/Fee_Managers_PADUS/FeatureServer/0","sourceUpdated":"2017-09-14T04:00:00.000Z","publicUse":"PAD-US does not report an access classification; verify with the land manager.","unit":"CNTY","origin":"public-catalog"}},{"type":"Feature","id":"usgs-pad-us-fee-managers:83495","geometry":{"type":"Polygon","coordinates":[[[-81.7084,31.524],[-81.7071,31.5234],[-81.7065,31.5242],[-81.7029,31.5222],[-81.7137,31.5177],[-81.7211,31.53],[-81.7162,31.5319],[-81.7128,31.5292],[-81.7138,31.5285],[-81.7084,31.524]]]},"properties":{"id":"usgs-pad-us-fee-managers:83495","name":"Altamaha River - Penholoway Swamp Blue Sky Timber Properties, LLC (Donation)","kind":"land","category":"public-land","sourceCategory":"public-land","sourceId":"usgs-pad-us-fee-managers","sourceUrl":"https://services.arcgis.com/v01gqwM5QqNysAAi/arcgis/rest/services/Fee_Managers_PADUS/FeatureServer/0","sourceUpdated":"2017-09-14T04:00:00.000Z","publicUse":"PAD-US does not report an access classification; verify with the land manager.","unit":"SDNR","origin":"public-catalog"}},{"type":"Feature","id":"usgs-pad-us-fee-managers:83496","geometry":{"type":"Polygon","coordinates":[[[-83.7517,32.4429],[-83.7525,32.4421],[-83.753,32.4425],[-83.7534,32.442],[-83.7539,32.4423],[-83.7528,32.4436],[-83.7517,32.4429]]]},"properties":{"id":"usgs-pad-us-fee-managers:83496","name":"Georgia Agri Expo Center","kind":"land","category":"public-land","sourceCategory":"public-land","sourceId":"usgs-pad-us-fee-managers","sourceUrl":"https://services.arcgis.com/v01gqwM5QqNysAAi/arcgis/rest/services/Fee_Managers_PADUS/FeatureServer/0","sourceUpdated":"2017-09-14T04:00:00.000Z","publicUse":"PAD-US does not report an access classification; verify with the land manager.","unit":"SDNR","origin":"public-catalog"}},{"type":"Feature","id":"usgs-pad-us-fee-managers:83497","geometry":{"type":"MultiPolygon","coordinates":[[[[-83.7278,32.4385],[-83.7214,32.4328],[-83.7214,32.4325],[-83.7233,32.4311],[-83.7247,32.4306],[-83.7248,32.4309],[-83.725,32.4308],[-83.725,32.4306],[-83.7253,32.4305],[-83.7302,32.4305],[-83.7302,32.4307],[-83.7304,32.4307],[-83.7304,32.4305],[-83.7348,32.4305],[-83.7363,32.4307],[-83.7366,32.436],[-83.7308,32.4358],[-83.7307,32.4384],[-83.7278,32.4385]]],[[[-83.7183,32.4299],[-83.7148,32.4267],[-83.7195,32.4259],[-83.7218,32.4245],[-83.7269,32.4225],[-83.7304,32.423],[-83.7303,32.4299],[-83.7249,32.43],[-83.7249,32.4297],[-83.7246,32.4297],[-83.7247,32.43],[-83.7228,32.4308],[-83.7211,32.432],[-83.7207,32.4321],[-83.7183,32.4299]]]]},"properties":{"id":"usgs-pad-us-fee-managers:83497","name":"Georgia Agri Expo Center","kind":"land","category":"public-land","sourceCategory":"public-land","sourceId":"usgs-pad-us-fee-managers","sourceUrl":"https://services.arcgis.com/v01gqwM5QqNysAAi/arcgis/rest/services/Fee_Managers_PADUS/FeatureServer/0","sourceUpdated":"2017-09-14T04:00:00.000Z","publicUse":"PAD-US does not report an access classification; verify with the land manager.","unit":"SDNR","origin":"public-catalog"}},{"type":"Feature","id":"usgs-pad-us-fee-managers:83736","geometry":{"type":"Polygon","coordinates":[[[-83.5883,32.5936],[-83.5891,32.5937],[-83.5891,32.596],[-83.5884,32.5965],[-83.5869,32.5965],[-83.5871,32.5944],[-83.5874,32.594],[-83.5883,32.5936]]]},"properties":{"id":"usgs-pad-us-fee-managers:83736","name":"Gator Park","kind":"land","category":"public-land","sourceCategory":"public-land","sourceId":"usgs-pad-us-fee-managers","sourceUrl":"https://services.arcgis.com/v01gqwM5QqNysAAi/arcgis/rest/services/Fee_Managers_PADUS/FeatureServer/0","sourceUpdated":"2019-09-18T04:00:00.000Z","publicUse":"PAD-US reports restricted access; confirm permits and seasonal rules with the manager.","unit":"OTHF","origin":"public-catalog"}},{"type":"Feature","id":"usgs-pad-us-fee-managers:83737","geometry":{"type":"Polygon","coordinates":[[[-83.5756,32.5918],[-83.5751,32.5917],[-83.575,32.5914],[-83.5758,32.5912],[-83.5756,32.5918]]]},"properties":{"id":"usgs-pad-us-fee-managers:83737","name":"Unknown Park","kind":"land","category":"public-land","sourceCategory":"public-land","sourceId":"usgs-pad-us-fee-managers","sourceUrl":"https://services.arcgis.com/v01gqwM5QqNysAAi/arcgis/rest/services/Fee_Managers_PADUS/FeatureServer/0","sourceUpdated":"2019-09-18T04:00:00.000Z","publicUse":"PAD-US reports restricted access; confirm permits and seasonal rules with the manager.","unit":"OTHF","origin":"public-catalog"}},{"type":"Feature","id":"usgs-pad-us-fee-managers:83740","geometry":{"type":"Polygon","coordinates":[[[-83.5766,32.6016],[-83.58,32.6017],[-83.5799,32.6021],[-83.5807,32.6041],[-83.5799,32.6044],[-83.5762,32.6044],[-83.5766,32.6016]]]},"properties":{"id":"usgs-pad-us-fee-managers:83740","name":"Robins Park","kind":"land","category":"public-land","sourceCategory":"public-land","sourceId":"usgs-pad-us-fee-managers","sourceUrl":"https://services.arcgis.com/v01gqwM5QqNysAAi/arcgis/rest/services/Fee_Managers_PADUS/FeatureServer/0","sourceUpdated":"2019-09-18T04:00:00.000Z","publicUse":"PAD-US reports restricted access; confirm permits and seasonal rules with the manager.","unit":"OTHF","origin":"public-catalog"}},{"type":"Feature","id":"usgs-pad-us-fee-managers:83741","geometry":{"type":"MultiPolygon","coordinates":[[[[-83.5761,32.5993],[-83.5794,32.5992],[-83.5792,32.6015],[-83.5766,32.6015],[-83.5761,32.5993]]],[[[-83.5796,32.5992],[-83.5831,32.5991],[-83.5832,32.6016],[-83.5794,32.6016],[-83.5796,32.5992]]]]},"properties":{"id":"usgs-pad-us-fee-managers:83741","name":"Unknown Park","kind":"land","category":"public-land","sourceCategory":"public-land","sourceId":"usgs-pad-us-fee-managers","sourceUrl":"https://services.arcgis.com/v01gqwM5QqNysAAi/arcgis/rest/services/Fee_Managers_PADUS/FeatureServer/0","sourceUpdated":"2019-09-18T04:00:00.000Z","publicUse":"PAD-US reports restricted access; confirm permits and seasonal rules with the manager.","unit":"OTHF","origin":"public-catalog"}},{"type":"Feature","id":"usgs-pad-us-fee-managers:83802","geometry":{"type":"Polygon","coordinates":[[[-84.0722,34.158],[-84.0702,34.1581],[-84.0697,34.1579],[-84.0695,34.1574],[-84.0697,34.1569],[-84.0707,34.156],[-84.071,34.1554],[-84.071,34.1543],[-84.0706,34.1544],[-84.0702,34.1558],[-84.069,34.1568],[-84.069,34.1578],[-84.0695,34.1585],[-84.0714,34.1585],[-84.0702,34.1596],[-84.0694,34.16],[-84.0686,34.16],[-84.0684,34.1598],[-84.0687,34.1589],[-84.0679,34.1581],[-84.0682,34.1575],[-84.0671,34.1576],[-84.0669,34.1581],[-84.0676,34.1583],[-84.0673,34.159],[-84.0678,34.1594],[-84.0678,34.1598],[-84.0661,34.1611],[-84.0643,34.1595],[-84.0641,34.1581],[-84.0625,34.1565],[-84.0624,34.157],[-84.0614,34.1574],[-84.0614,34.1578],[-84.0628,34.1581],[-84.0627,34.1583],[-84.063,34.1597],[-84.0626,34.1601],[-84.0619,34.1604],[-84.0609,34.1601],[-84.0609,34.1596],[-84.06,34.1577],[-84.0608,34.1576],[-84.0609,34.1569],[-84.0605,34.1566],[-84.0601,34.1567],[-84.0593,34.1563],[-84.0594,34.1555],[-84.061,34.1555],[-84.0609,34.1549],[-84.0601,34.1549],[-84.0596,34.1544],[-84.0604,34.1542],[-84.0599,34.1531],[-84.0609,34.152],[-84.0614,34.1518],[-84.061,34.1514],[-84.0597,34.1521],[-84.0587,34.1516],[-84.0583,34.1511],[-84.0581,34.1512],[-84.0577,34.1509],[-84.0575,34.1504],[-84.057,34.1504],[-84.0564,34.1501],[-84.0565,34.1505],[-84.0569,34.1507],[-84.0571,34.1519],[-84.0578,34.1522],[-84.0581,34.1529],[-84.0578,34.1534],[-84.058,34.1539],[-84.0578,34.1543],[-84.0576,34.154],[-84.0576,34.1532],[-84.0569,34.1524],[-84.0568,34.1532],[-84.0561,34.1542],[-84.0563,34.1547],[-84.0559,34.1552],[-84.0561,34.1558],[-84.0567,34.1559],[-84.0567,34.1561],[-84.0563,34.1563],[-84.0563,34.157],[-84.0575,34.1575],[-84.0575,34.1578],[-84.0572,34.1582],[-84.0567,34.1582],[-84.0567,34.1577],[-84.0561,34.1571],[-84.0558,34.1571],[-84.0556,34.1575],[-84.0552,34.1575],[-84.0551,34.1568],[-84.0547,34.1563],[-84.0537,34.1559],[-84.0541,34.1558],[-84.0539,34.1551],[-84.0545,34.155],[-84.0547,34.1538],[-84.0542,34.1537],[-84.0535,34.1525],[-84.0539,34.1522],[-84.0546,34.1526],[-84.0548,34.1515],[-84.0551,34.1515],[-84.0551,34.1511],[-84.0548,34.1499],[-84.0531,34.1491],[-84.0497,34.1495],[-84.0501,34.1498],[-84.0499,34.1507],[-84.0496,34.151],[-84.0485,34.1508],[-84.0486,34.1512],[-84.0495,34.1515],[-84.0494,34.1527],[-84.0487,34.1527],[-84.0491,34.1539],[-84.0488,34.1547],[-84.0491,34.1555],[-84.0489,34.1558],[-84.0481,34.155],[-84.0478,34.1551],[-84.0478,34.156],[-84.0474,34.1561],[-84.0468,34.157],[-84.047,34.1573],[-84.0481,34.1573],[-84.0484,34.1581],[-84.0469,34.1578],[-84.0464,34.158],[-84.0456,34.157],[-84.0474,34.1544],[-84.0485,34.1538],[-84.0476,34.1524],[-84.0483,34.1518],[-84.0463,34.1493],[-84.0506,34.1481],[-84.0512,34.1476],[-84.0528,34.1458],[-84.0545,34.1453],[-84.0585,34.1451],[-84.0603,34.1461],[-84.0605,34.1468],[-84.0609,34.1472],[-84.0608,34.1475],[-84.0611,34.1478],[-84.0613,34.1476],[-84.0624,34.148],[-84.0646,34.1494],[-84.0674,34.1534],[-84.0696,34.1523],[-84.0703,34.1541],[-84.0711,34.154],[-84.0712,34.1537],[-84.0714,34.154],[-84.0739,34.1527],[-84.0726,34.1523],[-84.0729,34.151],[-84.072,34.1498],[-84.0735,34.1492],[-84.0756,34.152],[-84.078,34.1507],[-84.0802,34.1535],[-84.0794,34.155],[-84.0784,34.1562],[-84.0754,34.158],[-84.0754,34.1589],[-84.0761,34.1612],[-84.0758,34.1615],[-84.0763,34.1618],[-84.0761,34.1623],[-84.0754,34.162],[-84.0731,34.1588],[-84.0722,34.158]]]},"properties":{"id":"usgs-pad-us-fee-managers:83802","name":"Buford Dam Park","kind":"land","category":"public-land","sourceCategory":"public-land","sourceId":"usgs-pad-us-fee-managers","sourceUrl":"https://services.arcgis.com/v01gqwM5QqNysAAi/arcgis/rest/services/Fee_Managers_PADUS/FeatureServer/0","sourceUpdated":"2019-09-18T04:00:00.000Z","publicUse":"PAD-US reports open access; verify current manager conditions and restrictions.","unit":"USACE","origin":"public-catalog"}},{"type":"Feature","id":"usgs-pad-us-fee-managers:83823","geometry":{"type":"Polygon","coordinates":[[[-84.6517,34.1328],[-84.6507,34.1323],[-84.6503,34.1317],[-84.6507,34.1313],[-84.6515,34.131],[-84.6517,34.1308],[-84.6512,34.1306],[-84.6508,34.13],[-84.6509,34.1287],[-84.6505,34.1287],[-84.6508,34.1278],[-84.6505,34.1267],[-84.6498,34.126],[-84.6498,34.1256],[-84.6528,34.1256],[-84.6527,34.1314],[-84.6549,34.1314],[-84.6549,34.1309],[-84.6568,34.131],[-84.6568,34.1315],[-84.656,34.1321],[-84.6539,34.1331],[-84.6532,34.133],[-84.6531,34.1336],[-84.6525,34.134],[-84.6519,34.1338],[-84.6517,34.1328]]]},"properties":{"id":"usgs-pad-us-fee-managers:83823","name":"Atlanta Yacht Club","kind":"land","category":"public-land","sourceCategory":"public-land","sourceId":"usgs-pad-us-fee-managers","sourceUrl":"https://services.arcgis.com/v01gqwM5QqNysAAi/arcgis/rest/services/Fee_Managers_PADUS/FeatureServer/0","sourceUpdated":"2019-09-18T04:00:00.000Z","publicUse":"PAD-US reports open access; verify current manager conditions and restrictions.","unit":"USACE","origin":"public-catalog"}},{"type":"Feature","id":"usgs-pad-us-fee-managers:83824","geometry":{"type":"Polygon","coordinates":[[[-84.6467,34.1331],[-84.6454,34.133],[-84.645,34.1325],[-84.6439,34.1321],[-84.6435,34.1308],[-84.6447,34.1314],[-84.6447,34.1307],[-84.6464,34.1308],[-84.647,34.1306],[-84.6475,34.1308],[-84.6476,34.1309],[-84.6469,34.1316],[-84.6468,34.1329],[-84.6471,34.1334],[-84.6467,34.1331]]]},"properties":{"id":"usgs-pad-us-fee-managers:83824","name":"Galts Ferry Day Use Area","kind":"land","category":"public-land","sourceCategory":"public-land","sourceId":"usgs-pad-us-fee-managers","sourceUrl":"https://services.arcgis.com/v01gqwM5QqNysAAi/arcgis/rest/services/Fee_Managers_PADUS/FeatureServer/0","sourceUpdated":"2019-09-18T04:00:00.000Z","publicUse":"PAD-US reports open access; verify current manager conditions and restrictions.","unit":"USACE","origin":"public-catalog"}},{"type":"Feature","id":"usgs-pad-us-fee-managers:83825","geometry":{"type":"MultiPolygon","coordinates":[[[[-84.7,34.09],[-84.7,34.0874],[-84.6969,34.0859],[-84.6972,34.0859],[-84.6972,34.0854],[-84.6995,34.0856],[-84.6996,34.0848],[-84.7007,34.0855],[-84.7007,34.0847],[-84.7015,34.0845],[-84.7019,34.0848],[-84.7021,34.0856],[-84.7014,34.086],[-84.7008,34.0859],[-84.7012,34.0864],[-84.7017,34.0865],[-84.7016,34.0873],[-84.7021,34.0872],[-84.7022,34.0867],[-84.7024,34.087],[-84.7028,34.0866],[-84.7031,34.0874],[-84.7035,34.0865],[-84.7056,34.0876],[-84.7073,34.0872],[-84.7083,34.0875],[-84.7088,34.0871],[-84.7092,34.0872],[-84.7101,34.0864],[-84.711,34.0861],[-84.7116,34.0866],[-84.7117,34.0871],[-84.7124,34.0874],[-84.7116,34.0875],[-84.7115,34.0885],[-84.711,34.0887],[-84.7071,34.0891],[-84.7028,34.0891],[-84.7028,34.09],[-84.7,34.09]]],[[[-84.6909,34.0883],[-84.6916,34.0884],[-84.6927,34.0891],[-84.693,34.0897],[-84.6917,34.0909],[-84.6905,34.0897],[-84.6908,34.0889],[-84.6906,34.0883],[-84.6909,34.0883]]],[[[-84.6836,34.1334],[-84.6832,34.1335],[-84.6832,34.1334],[-84.6836,34.1334]]],[[[-84.6836,34.1334],[-84.6841,34.1342],[-84.6841,34.1349],[-84.6836,34.1334]]],[[[-84.6834,34.1356],[-84.6835,34.1355],[-84.6834,34.1356],[-84.6834,34.1356]]],[[[-84.6831,34.136],[-84.6832,34.136],[-84.683,34.1365],[-84.6831,34.136]]],[[[-84.6825,34.1367],[-84.6827,34.1368],[-84.6826,34.1371],[-84.6825,34.1367]]],[[[-84.6799,34.1369],[-84.6808,34.1363],[-84.6815,34.1366],[-84.6832,34.1336],[-84.6833,34.1346],[-84.6817,34.1362],[-84.6815,34.1367],[-84.6809,34.1364],[-84.6799,34.1369]]],[[[-84.6791,34.1374],[-84.6795,34.1374],[-84.6787,34.1379],[-84.6791,34.1374]]],[[[-84.6805,34.1378],[-84.6799,34.1381],[-84.6802,34.1379],[-84.6805,34.1378]]],[[[-84.6825,34.1373],[-84.6826,34.1374],[-84.6822,34.1383],[-84.6825,34.1373]]],[[[-84.6793,34.1385],[-84.6795,34.1384],[-84.6799,34.1385],[-84.6793,34.1385]]],[[[-84.6791,34.1388],[-84.6793,34.1388],[-84.679,34.1389],[-84.6791,34.1388]]],[[[-84.6816,34.1388],[-84.6819,34.1389],[-84.6819,34.1394],[-84.6816,34.1388]]],[[[-84.6814,34.1408],[-84.6814,34.1398],[-84.6815,34.1398],[-84.6814,34.1408]]],[[[-84.6811,34.1411],[-84.6812,34.1411],[-84.6812,34.1411],[-84.6811,34.1411]]]]},"properties":{"id":"usgs-pad-us-fee-managers:83825","name":"Lake Allatoona Reservation","kind":"land","category":"public-land","sourceCategory":"public-land","sourceId":"usgs-pad-us-fee-managers","sourceUrl":"https://services.arcgis.com/v01gqwM5QqNysAAi/arcgis/rest/services/Fee_Managers_PADUS/FeatureServer/0","sourceUpdated":"2019-09-18T04:00:00.000Z","publicUse":"PAD-US reports open access; verify current manager conditions and restrictions.","unit":"USACE","origin":"public-catalog"}},{"type":"Feature","id":"usgs-pad-us-fee-managers:83826","geometry":{"type":"MultiPolygon","coordinates":[[[[-84.623,34.1522],[-84.6233,34.1522],[-84.6233,34.1526],[-84.6228,34.1533],[-84.6225,34.1528],[-84.623,34.1522]]],[[[-84.6144,34.1553],[-84.6144,34.1501],[-84.6139,34.15],[-84.6139,34.1494],[-84.615,34.1489],[-84.6151,34.1483],[-84.6167,34.1479],[-84.6179,34.1481],[-84.6178,34.1484],[-84.6174,34.1484],[-84.6176,34.1486],[-84.617,34.1494],[-84.6179,34.1494],[-84.6181,34.1491],[-84.6188,34.149],[-84.6198,34.1504],[-84.6208,34.1509],[-84.6208,34.1515],[-84.6205,34.152],[-84.6211,34.1532],[-84.6222,34.1539],[-84.6222,34.1542],[-84.6207,34.1534],[-84.6204,34.1544],[-84.6195,34.1544],[-84.6196,34.1546],[-84.6202,34.1549],[-84.6202,34.1558],[-84.6199,34.1561],[-84.6195,34.1561],[-84.6195,34.1564],[-84.6144,34.1553]]]]},"properties":{"id":"usgs-pad-us-fee-managers:83826","name":"Victoria Campground","kind":"land","category":"public-land","sourceCategory":"public-land","sourceId":"usgs-pad-us-fee-managers","sourceUrl":"https://services.arcgis.com/v01gqwM5QqNysAAi/arcgis/rest/services/Fee_Managers_PADUS/FeatureServer/0","sourceUpdated":"2019-09-18T04:00:00.000Z","publicUse":"PAD-US reports open access; verify current manager conditions and restrictions.","unit":"USACE","origin":"public-catalog"}},{"type":"Feature","id":"usgs-pad-us-fee-managers:83859","geometry":{"type":"Polygon","coordinates":[[[-85.0638,33.0936],[-85.064,33.0936],[-85.065,33.0942],[-85.0642,33.0971],[-85.0644,33.0982],[-85.0642,33.0994],[-85.0621,33.0982],[-85.0622,33.0967],[-85.0626,33.0959],[-85.0625,33.0948],[-85.0628,33.0943],[-85.0638,33.0936]]]},"properties":{"id":"usgs-pad-us-fee-managers:83859","name":"Sunny Point Recreation Area","kind":"land","category":"public-land","sourceCategory":"public-land","sourceId":"usgs-pad-us-fee-managers","sourceUrl":"https://services.arcgis.com/v01gqwM5QqNysAAi/arcgis/rest/services/Fee_Managers_PADUS/FeatureServer/0","sourceUpdated":"2019-09-18T04:00:00.000Z","publicUse":"PAD-US reports open access; verify current manager conditions and restrictions.","unit":"USACE","origin":"public-catalog"}},{"type":"Feature","id":"usgs-pad-us-fee-managers:83861","geometry":{"type":"Polygon","coordinates":[[[-85.1638,32.9393],[-85.1615,32.9389],[-85.1599,32.9374],[-85.1587,32.9368],[-85.1585,32.9357],[-85.1592,32.9337],[-85.1585,32.9273],[-85.1577,32.9235],[-85.1578,32.9213],[-85.1596,32.9175],[-85.1646,32.9151],[-85.1662,32.917],[-85.1644,32.9175],[-85.1638,32.9179],[-85.1659,32.9185],[-85.1676,32.9214],[-85.167,32.9217],[-85.1661,32.9216],[-85.1654,32.921],[-85.1633,32.9207],[-85.1628,32.923],[-85.1634,32.9235],[-85.1632,32.9242],[-85.1641,32.9246],[-85.1642,32.9252],[-85.1623,32.9258],[-85.1624,32.9263],[-85.1648,32.9258],[-85.1653,32.9259],[-85.1656,32.9263],[-85.1666,32.9264],[-85.1675,32.9254],[-85.1687,32.9255],[-85.1712,32.9263],[-85.1715,32.9281],[-85.1715,32.9284],[-85.1708,32.9286],[-85.1687,32.9288],[-85.1681,32.9287],[-85.1683,32.9279],[-85.1676,32.9278],[-85.1668,32.9284],[-85.1655,32.9283],[-85.1651,32.9287],[-85.1656,32.9295],[-85.1664,32.9297],[-85.1671,32.9303],[-85.1694,32.9305],[-85.1704,32.9325],[-85.1703,32.9331],[-85.1699,32.9334],[-85.1701,32.9349],[-85.1697,32.9351],[-85.1691,32.9359],[-85.1693,32.9363],[-85.1688,32.9361],[-85.1686,32.9354],[-85.1676,32.9343],[-85.1666,32.9339],[-85.1664,32.9333],[-85.1651,32.9329],[-85.165,32.9324],[-85.1642,32.9321],[-85.1637,32.9331],[-85.1628,32.9333],[-85.1623,32.9338],[-85.1654,32.9358],[-85.1644,32.9363],[-85.1644,32.9366],[-85.1653,32.9374],[-85.1669,32.9375],[-85.1657,32.9383],[-85.1655,32.9389],[-85.165,32.9385],[-85.1645,32.9392],[-85.1638,32.9393]]]},"properties":{"id":"usgs-pad-us-fee-managers:83861","name":"R. Shaefer Heard Park","kind":"land","category":"public-land","sourceCategory":"public-land","sourceId":"usgs-pad-us-fee-managers","sourceUrl":"https://services.arcgis.com/v01gqwM5QqNysAAi/arcgis/rest/services/Fee_Managers_PADUS/FeatureServer/0","sourceUpdated":"2019-09-18T04:00:00.000Z","publicUse":"PAD-US reports open access; verify current manager conditions and restrictions.","unit":"USACE","origin":"public-catalog"}},{"type":"Feature","id":"usgs-pad-us-fee-managers:83951","geometry":{"type":"Polygon","coordinates":[[[-84.3636,33.8714],[-84.3645,33.8711],[-84.3641,33.8719],[-84.3634,33.8719],[-84.3636,33.8714]]]},"properties":{"id":"usgs-pad-us-fee-managers:83951","name":"Lenox","kind":"land","category":"public-land","sourceCategory":"public-land","sourceId":"usgs-pad-us-fee-managers","sourceUrl":"https://services.arcgis.com/v01gqwM5QqNysAAi/arcgis/rest/services/Fee_Managers_PADUS/FeatureServer/0","sourceUpdated":"2019-09-18T04:00:00.000Z","publicUse":"PAD-US reports open access; verify current manager conditions and restrictions.","unit":"CITY","origin":"public-catalog"}},{"type":"Feature","id":"usgs-pad-us-fee-managers:83952","geometry":{"type":"Polygon","coordinates":[[[-84.417,33.7693],[-84.4173,33.7693],[-84.4173,33.77],[-84.4166,33.77],[-84.4166,33.7694],[-84.417,33.7693]]]},"properties":{"id":"usgs-pad-us-fee-managers:83952","name":"Lindsay Street Park","kind":"land","category":"public-land","sourceCategory":"public-land","sourceId":"usgs-pad-us-fee-managers","sourceUrl":"https://services.arcgis.com/v01gqwM5QqNysAAi/arcgis/rest/services/Fee_Managers_PADUS/FeatureServer/0","sourceUpdated":"2019-09-18T04:00:00.000Z","publicUse":"PAD-US reports open access; verify current manager conditions and restrictions.","unit":"CITY","origin":"public-catalog"}},{"type":"Feature","id":"usgs-pad-us-fee-managers:84281","geometry":{"type":"MultiPolygon","coordinates":[[[[-84.6549,33.8669],[-84.6555,33.8665],[-84.6569,33.8697],[-84.6564,33.87],[-84.6554,33.8689],[-84.6547,33.8673],[-84.6549,33.8669]]],[[[-84.6586,33.8697],[-84.6602,33.8698],[-84.6603,33.8704],[-84.6598,33.8704],[-84.6595,33.8711],[-84.6588,33.871],[-84.6586,33.8697]]]]},"properties":{"id":"usgs-pad-us-fee-managers:84281","name":"Unknown Park","kind":"land","category":"public-land","sourceCategory":"public-land","sourceId":"usgs-pad-us-fee-managers","sourceUrl":"https://services.arcgis.com/v01gqwM5QqNysAAi/arcgis/rest/services/Fee_Managers_PADUS/FeatureServer/0","sourceUpdated":"2019-09-18T04:00:00.000Z","publicUse":"PAD-US reports open access; verify current manager conditions and restrictions.","unit":"CITY","origin":"public-catalog"}},{"type":"Feature","id":"usgs-pad-us-fee-managers:84636","geometry":{"type":"Polygon","coordinates":[[[-83.3785,33.9585],[-83.3786,33.9583],[-83.3787,33.9586],[-83.3785,33.9585]]]},"properties":{"id":"usgs-pad-us-fee-managers:84636","name":"Morton Theater","kind":"land","category":"public-land","sourceCategory":"public-land","sourceId":"usgs-pad-us-fee-managers","sourceUrl":"https://services.arcgis.com/v01gqwM5QqNysAAi/arcgis/rest/services/Fee_Managers_PADUS/FeatureServer/0","sourceUpdated":"2019-09-18T04:00:00.000Z","publicUse":"PAD-US reports open access; verify current manager conditions and restrictions.","unit":"CNTY","origin":"public-catalog"}},{"type":"Feature","id":"usgs-pad-us-fee-managers:84637","geometry":{"type":"Polygon","coordinates":[[[-83.3938,33.9036],[-83.3937,33.9029],[-83.3946,33.9036],[-83.3963,33.9036],[-83.3966,33.9043],[-83.3955,33.9044],[-83.3953,33.9047],[-83.3953,33.907],[-83.3941,33.9072],[-83.3934,33.9047],[-83.3938,33.9036]]]},"properties":{"id":"usgs-pad-us-fee-managers:84637","name":"Unknown Park","kind":"land","category":"public-land","sourceCategory":"public-land","sourceId":"usgs-pad-us-fee-managers","sourceUrl":"https://services.arcgis.com/v01gqwM5QqNysAAi/arcgis/rest/services/Fee_Managers_PADUS/FeatureServer/0","sourceUpdated":"2019-09-18T04:00:00.000Z","publicUse":"PAD-US reports open access; verify current manager conditions and restrictions.","unit":"CNTY","origin":"public-catalog"}},{"type":"Feature","id":"usgs-pad-us-fee-managers:85156","geometry":{"type":"Polygon","coordinates":[[[-84.5943,30.8965],[-84.5959,30.8957],[-84.6008,30.8914],[-84.6055,30.8864],[-84.6068,30.8822],[-84.6107,30.8823],[-84.6096,30.8846],[-84.609,30.8873],[-84.6091,30.8885],[-84.6082,30.8904],[-84.6078,30.8909],[-84.6053,30.892],[-84.6045,30.8928],[-84.6046,30.8932],[-84.6049,30.8931],[-84.6057,30.8925],[-84.6062,30.8924],[-84.6064,30.893],[-84.6089,30.8915],[-84.6093,30.891],[-84.6099,30.8893],[-84.611,30.8887],[-84.6105,30.8908],[-84.6094,30.8924],[-84.6068,30.895],[-84.6043,30.8964],[-84.6,30.8973],[-84.5957,30.8998],[-84.5952,30.8996],[-84.5979,30.8976],[-84.5978,30.8969],[-84.5962,30.8966],[-84.5955,30.8971],[-84.5953,30.8979],[-84.5911,30.9006],[-84.5898,30.9],[-84.5893,30.8991],[-84.593,30.8979],[-84.5943,30.8965]]]},"properties":{"id":"usgs-pad-us-fee-managers:85156","name":"Cheney Griffin Park","kind":"land","category":"public-land","sourceCategory":"public-land","sourceId":"usgs-pad-us-fee-managers","sourceUrl":"https://services.arcgis.com/v01gqwM5QqNysAAi/arcgis/rest/services/Fee_Managers_PADUS/FeatureServer/0","sourceUpdated":"2019-09-18T04:00:00.000Z","publicUse":"PAD-US reports open access; verify current manager conditions and restrictions.","unit":"CITY","origin":"public-catalog"}},{"type":"Feature","id":"usgs-pad-us-fee-managers:85157","geometry":{"type":"Polygon","coordinates":[[[-84.4108,33.6654],[-84.413,33.6654],[-84.413,33.6662],[-84.4123,33.6662],[-84.4123,33.6669],[-84.4108,33.6669],[-84.4108,33.6654]]]},"properties":{"id":"usgs-pad-us-fee-managers:85157","name":"North Avenue Park","kind":"land","category":"public-land","sourceCategory":"public-land","sourceId":"usgs-pad-us-fee-managers","sourceUrl":"https://services.arcgis.com/v01gqwM5QqNysAAi/arcgis/rest/services/Fee_Managers_PADUS/FeatureServer/0","sourceUpdated":"2019-09-18T04:00:00.000Z","publicUse":"PAD-US reports open access; verify current manager conditions and restrictions.","unit":"CNTY","origin":"public-catalog"}},{"type":"Feature","id":"usgs-pad-us-fee-managers:86212","geometry":{"type":"Polygon","coordinates":[[[-84.5267,33.7544],[-84.5269,33.7544],[-84.527,33.7572],[-84.5249,33.7571],[-84.525,33.7544],[-84.5267,33.7544]]]},"properties":{"id":"usgs-pad-us-fee-managers:86212","name":"Miles Intermediate Elementary School","kind":"land","category":"public-land","sourceCategory":"public-land","sourceId":"usgs-pad-us-fee-managers","sourceUrl":"https://services.arcgis.com/v01gqwM5QqNysAAi/arcgis/rest/services/Fee_Managers_PADUS/FeatureServer/0","sourceUpdated":"2022-08-12T04:00:00.000Z","publicUse":"PAD-US reports open access; verify current manager conditions and restrictions.","unit":"REG","origin":"public-catalog"}},{"type":"Feature","id":"usgs-pad-us-fee-managers:86213","geometry":{"type":"Polygon","coordinates":[[[-84.376,33.8573],[-84.3767,33.8581],[-84.3752,33.859],[-84.3748,33.8597],[-84.3748,33.8606],[-84.3738,33.8606],[-84.3738,33.8592],[-84.3741,33.8592],[-84.3741,33.8585],[-84.3748,33.8584],[-84.3749,33.8576],[-84.376,33.8573]]]},"properties":{"id":"usgs-pad-us-fee-managers:86213","name":"Smith Elementary School Primary Campus","kind":"land","category":"public-land","sourceCategory":"public-land","sourceId":"usgs-pad-us-fee-managers","sourceUrl":"https://services.arcgis.com/v01gqwM5QqNysAAi/arcgis/rest/services/Fee_Managers_PADUS/FeatureServer/0","sourceUpdated":"2022-08-12T04:00:00.000Z","publicUse":"PAD-US reports open access; verify current manager conditions and restrictions.","unit":"REG","origin":"public-catalog"}},{"type":"Feature","id":"usgs-pad-us-fee-managers:8753","geometry":{"type":"Polygon","coordinates":[[[-83.2431,33.9091],[-83.2434,33.9082],[-83.2465,33.9039],[-83.2469,33.903],[-83.2488,33.9042],[-83.2502,33.9047],[-83.2579,33.9056],[-83.264,33.9092],[-83.2653,33.9105],[-83.2617,33.9121],[-83.26,33.9108],[-83.2513,33.921],[-83.2491,33.9213],[-83.2484,33.9222],[-83.2439,33.9226],[-83.2439,33.9203],[-83.2436,33.9179],[-83.2445,33.9163],[-83.2436,33.9136],[-83.2431,33.9091]]]},"properties":{"id":"usgs-pad-us-fee-managers:8753","name":"Uga Dairy Farm","kind":"land","category":"public-land","sourceCategory":"public-land","sourceId":"usgs-pad-us-fee-managers","sourceUrl":"https://services.arcgis.com/v01gqwM5QqNysAAi/arcgis/rest/services/Fee_Managers_PADUS/FeatureServer/0","sourceUpdated":"2017-08-14T04:00:00.000Z","publicUse":"PAD-US reports restricted access; confirm permits and seasonal rules with the manager.","unit":"OTHS","origin":"public-catalog"}},{"type":"Feature","id":"usgs-pad-us-fee-managers:8754","geometry":{"type":"Polygon","coordinates":[[[-82.9775,33.7991],[-82.9776,33.7987],[-82.9733,33.7987],[-82.968,33.7983],[-82.9707,33.7943],[-82.9735,33.7963],[-82.9775,33.797],[-82.9782,33.796],[-82.9782,33.7953],[-82.9791,33.7951],[-82.9787,33.7944],[-82.9797,33.7913],[-82.9795,33.791],[-82.9745,33.7893],[-82.9745,33.7883],[-82.9753,33.788],[-82.9749,33.7863],[-82.9784,33.7846],[-82.9827,33.7881],[-82.9841,33.7876],[-82.9844,33.7871],[-82.9885,33.7871],[-82.9906,33.7876],[-82.992,33.7874],[-82.9993,33.7933],[-82.9999,33.7941],[-83.0008,33.7946],[-83.0027,33.7946],[-83.0034,33.794],[-83.0042,33.7953],[-83.0042,33.7958],[-83.0013,33.7988],[-82.994,33.7981],[-82.9912,33.7983],[-82.9918,33.8012],[-82.9906,33.8024],[-82.989,33.8029],[-82.9889,33.8049],[-82.9886,33.8052],[-82.9882,33.8069],[-82.9872,33.8078],[-82.9778,33.8006],[-82.9778,33.8002],[-82.9772,33.7997],[-82.9775,33.7991]]]},"properties":{"id":"usgs-pad-us-fee-managers:8754","name":"Beef Cattle Research Farm","kind":"land","category":"public-land","sourceCategory":"public-land","sourceId":"usgs-pad-us-fee-managers","sourceUrl":"https://services.arcgis.com/v01gqwM5QqNysAAi/arcgis/rest/services/Fee_Managers_PADUS/FeatureServer/0","sourceUpdated":"2017-08-14T04:00:00.000Z","publicUse":"PAD-US reports open access; verify current manager conditions and restrictions.","unit":"OTHS","origin":"public-catalog"}},{"type":"Feature","id":"usgs-pad-us-fee-managers:8755","geometry":{"type":"MultiPolygon","coordinates":[[[[-84.069,34.6027],[-84.0695,34.6028],[-84.069,34.6032],[-84.0671,34.6042],[-84.0672,34.6029],[-84.069,34.6027]]],[[[-84.0706,34.6066],[-84.0705,34.6063],[-84.0699,34.6062],[-84.0697,34.6058],[-84.0678,34.6046],[-84.0672,34.6044],[-84.0667,34.6047],[-84.0694,34.6029],[-84.0719,34.6017],[-84.0726,34.6008],[-84.0726,34.603],[-84.077,34.6031],[-84.077,34.6003],[-84.0777,34.6005],[-84.0783,34.6012],[-84.0793,34.6005],[-84.0801,34.6007],[-84.081,34.6014],[-84.0811,34.602],[-84.0812,34.5995],[-84.0819,34.5999],[-84.0826,34.5995],[-84.0831,34.5997],[-84.0839,34.6012],[-84.0851,34.601],[-84.0856,34.6003],[-84.0855,34.6032],[-84.0811,34.6031],[-84.081,34.6066],[-84.0706,34.6066]]]]},"properties":{"id":"usgs-pad-us-fee-managers:8755","name":"Garwood East","kind":"land","category":"public-land","sourceCategory":"public-land","sourceId":"usgs-pad-us-fee-managers","sourceUrl":"https://services.arcgis.com/v01gqwM5QqNysAAi/arcgis/rest/services/Fee_Managers_PADUS/FeatureServer/0","sourceUpdated":"2017-08-14T04:00:00.000Z","publicUse":"PAD-US reports open access; verify current manager conditions and restrictions.","unit":"OTHS","origin":"public-catalog"}},{"type":"Feature","id":"usgs-pad-us-fee-managers:8756","geometry":{"type":"Polygon","coordinates":[[[-83.9815,34.4221],[-83.9803,34.4199],[-83.9807,34.4197],[-83.9809,34.4202],[-83.9813,34.4202],[-83.9826,34.4221],[-83.9815,34.4221]]]},"properties":{"id":"usgs-pad-us-fee-managers:8756","name":"Georgia Department of Transportation 1","kind":"land","category":"public-land","sourceCategory":"public-land","sourceId":"usgs-pad-us-fee-managers","sourceUrl":"https://services.arcgis.com/v01gqwM5QqNysAAi/arcgis/rest/services/Fee_Managers_PADUS/FeatureServer/0","sourceUpdated":"2017-08-14T04:00:00.000Z","publicUse":"PAD-US reports open access; verify current manager conditions and restrictions.","unit":"OTHS","origin":"public-catalog"}},{"type":"Feature","id":"usgs-pad-us-fee-managers:8757","geometry":{"type":"Polygon","coordinates":[[[-81.4035,31.0876],[-81.4035,31.0783],[-81.4041,31.0727],[-81.4056,31.0648],[-81.4093,31.0535],[-81.4144,31.0391],[-81.4165,31.0317],[-81.4186,31.0257],[-81.4217,31.0198],[-81.4242,31.0165],[-81.426,31.0158],[-81.4285,31.0156],[-81.4319,31.017],[-81.4327,31.0168],[-81.4334,31.0198],[-81.4332,31.0214],[-81.4335,31.022],[-81.4329,31.023],[-81.4327,31.0241],[-81.4331,31.0253],[-81.4332,31.0273],[-81.4332,31.0292],[-81.4328,31.0301],[-81.4319,31.0311],[-81.4295,31.0326],[-81.4291,31.0328],[-81.4281,31.0327],[-81.4277,31.0338],[-81.4268,31.0346],[-81.4239,31.0371],[-81.4233,31.0374],[-81.4211,31.042],[-81.4213,31.0422],[-81.4212,31.0425],[-81.4207,31.0429],[-81.4211,31.0436],[-81.4207,31.0445],[-81.4203,31.0481],[-81.419,31.0495],[-81.4203,31.0497],[-81.4205,31.0524],[-81.4202,31.0539],[-81.4209,31.055],[-81.4222,31.0608],[-81.423,31.0635],[-81.4245,31.0662],[-81.4265,31.0672],[-81.427,31.0695],[-81.4269,31.0709],[-81.4271,31.0721],[-81.4289,31.076],[-81.4297,31.0806],[-81.4327,31.0862],[-81.4357,31.0892],[-81.4382,31.0905],[-81.4384,31.0915],[-81.4381,31.0917],[-81.4371,31.0916],[-81.4361,31.092],[-81.4338,31.0942],[-81.4326,31.0948],[-81.4296,31.0975],[-81.4276,31.0987],[-81.4267,31.1003],[-81.4239,31.102],[-81.4229,31.1029],[-81.4225,31.1038],[-81.4217,31.1044],[-81.4212,31.1054],[-81.4204,31.1058],[-81.4196,31.1068],[-81.4192,31.1082],[-81.4192,31.1092],[-81.4196,31.1102],[-81.4194,31.1108],[-81.4177,31.1133],[-81.4156,31.1175],[-81.4124,31.1192],[-81.4113,31.1193],[-81.4107,31.1196],[-81.4099,31.1191],[-81.4085,31.1163],[-81.4063,31.1096],[-81.4048,31.1023],[-81.4035,31.0876]]]},"properties":{"id":"usgs-pad-us-fee-managers:8757","name":"Jekyll Island State Park","kind":"land","category":"public-land","sourceCategory":"public-land","sourceId":"usgs-pad-us-fee-managers","sourceUrl":"https://services.arcgis.com/v01gqwM5QqNysAAi/arcgis/rest/services/Fee_Managers_PADUS/FeatureServer/0","sourceUpdated":"2017-08-14T04:00:00.000Z","publicUse":"PAD-US reports open access; verify current manager conditions and restrictions.","unit":"OTHS","origin":"public-catalog"}},{"type":"Feature","id":"usgs-pad-us-fee-managers:9128","geometry":{"type":"MultiPolygon","coordinates":[[[[-84.1303,34.5749],[-84.1324,34.5747],[-84.1328,34.5744],[-84.1371,34.5744],[-84.1371,34.5779],[-84.1277,34.5778],[-84.1277,34.5771],[-84.1271,34.5763],[-84.1278,34.5755],[-84.1303,34.5749]]],[[[-84.1314,34.5829],[-84.1306,34.583],[-84.1302,34.5827],[-84.1309,34.5814],[-84.1317,34.5817],[-84.1318,34.5825],[-84.1325,34.5835],[-84.1314,34.5829]]],[[[-84.1798,34.6152],[-84.1791,34.6147],[-84.1799,34.6136],[-84.1803,34.6133],[-84.1813,34.6136],[-84.1824,34.6152],[-84.1824,34.6155],[-84.1815,34.6154],[-84.1815,34.6158],[-84.1823,34.6165],[-84.1838,34.6173],[-84.1846,34.6191],[-84.1836,34.6191],[-84.1828,34.6185],[-84.1819,34.6171],[-84.1798,34.6161],[-84.1798,34.6152]]],[[[-84.1043,34.6257],[-84.1041,34.6256],[-84.1041,34.6244],[-84.1046,34.6246],[-84.1047,34.6256],[-84.1043,34.6257]]],[[[-84.1005,34.6477],[-84.0996,34.6476],[-84.0998,34.647],[-84.1053,34.645],[-84.1059,34.645],[-84.1062,34.6453],[-84.1063,34.6463],[-84.1023,34.6477],[-84.1005,34.6477]]],[[[-84.1197,34.6497],[-84.1211,34.6513],[-84.1212,34.6516],[-84.121,34.652],[-84.1195,34.6503],[-84.1197,34.6497]]]]},"properties":{"id":"usgs-pad-us-fee-managers:9128","name":"Blue Ridge Wildlife Management Area","kind":"land","category":"public-land","sourceCategory":"public-land","sourceId":"usgs-pad-us-fee-managers","sourceUrl":"https://services.arcgis.com/v01gqwM5QqNysAAi/arcgis/rest/services/Fee_Managers_PADUS/FeatureServer/0","sourceUpdated":"2017-08-14T04:00:00.000Z","publicUse":"PAD-US reports restricted access; confirm permits and seasonal rules with the manager.","unit":"SDNR","origin":"public-catalog"}},{"type":"Feature","id":"usgs-pad-us-fee-managers:9129","geometry":{"type":"MultiPolygon","coordinates":[[[[-83.9758,34.6739],[-83.9762,34.674],[-83.9764,34.6744],[-83.9759,34.6756],[-83.975,34.676],[-83.9744,34.6754],[-83.9755,34.6746],[-83.9758,34.6739]]],[[[-83.9253,34.6981],[-83.9208,34.6981],[-83.9208,34.6942],[-83.9252,34.6942],[-83.9253,34.6981]]],[[[-83.9253,34.6981],[-83.9296,34.6981],[-83.9296,34.7016],[-83.9253,34.7016],[-83.9253,34.6981]]],[[[-83.9631,34.7231],[-83.963,34.7243],[-83.9616,34.725],[-83.961,34.7267],[-83.9588,34.7267],[-83.9588,34.7231],[-83.9631,34.7231]]]]},"properties":{"id":"usgs-pad-us-fee-managers:9129","name":"Chattahoochee Wildlife Management Area","kind":"land","category":"public-land","sourceCategory":"public-land","sourceId":"usgs-pad-us-fee-managers","sourceUrl":"https://services.arcgis.com/v01gqwM5QqNysAAi/arcgis/rest/services/Fee_Managers_PADUS/FeatureServer/0","sourceUpdated":"2017-08-14T04:00:00.000Z","publicUse":"PAD-US reports restricted access; confirm permits and seasonal rules with the manager.","unit":"SDNR","origin":"public-catalog"}},{"type":"Feature","id":"usgs-pad-us-fee-managers:9130","geometry":{"type":"MultiPolygon","coordinates":[[[[-84.0317,34.7114],[-84.0317,34.7126],[-84.0303,34.7127],[-84.0303,34.7114],[-84.0317,34.7114]]],[[[-84.0304,34.7199],[-84.0263,34.7201],[-84.0269,34.7194],[-84.0269,34.7177],[-84.0271,34.7173],[-84.0274,34.7172],[-84.027,34.7168],[-84.0257,34.7165],[-84.0218,34.7164],[-84.0213,34.7155],[-84.0207,34.7153],[-84.0193,34.7142],[-84.0154,34.7133],[-84.0137,34.7123],[-84.0131,34.7116],[-84.0131,34.7108],[-84.0146,34.7099],[-84.0171,34.7109],[-84.0185,34.7111],[-84.0221,34.7099],[-84.0226,34.7111],[-84.0226,34.7092],[-84.0269,34.7093],[-84.0264,34.711],[-84.0266,34.7114],[-84.0273,34.7117],[-84.0277,34.7127],[-84.0282,34.7128],[-84.0282,34.7164],[-84.03,34.7164],[-84.0303,34.7163],[-84.0303,34.7159],[-84.0347,34.716],[-84.0347,34.7174],[-84.0304,34.7173],[-84.0304,34.7199]]],[[[-84.0304,34.7199],[-84.0321,34.72],[-84.0316,34.7206],[-84.0315,34.7212],[-84.0304,34.7217],[-84.0304,34.7199]]],[[[-84.1304,34.7439],[-84.131,34.743],[-84.132,34.7436],[-84.1314,34.7445],[-84.1304,34.7439]]],[[[-84.0204,34.7351],[-84.0199,34.735],[-84.0192,34.7325],[-84.0235,34.7325],[-84.0234,34.7334],[-84.0255,34.7334],[-84.0255,34.7343],[-84.0262,34.7343],[-84.0262,34.7349],[-84.026,34.7354],[-84.0227,34.7383],[-84.0222,34.7382],[-84.0222,34.737],[-84.021,34.7364],[-84.0206,34.7351],[-84.0204,34.7351]]]]},"properties":{"id":"usgs-pad-us-fee-managers:9130","name":"Cooper Creek Wildlife Management Area","kind":"land","category":"public-land","sourceCategory":"public-land","sourceId":"usgs-pad-us-fee-managers","sourceUrl":"https://services.arcgis.com/v01gqwM5QqNysAAi/arcgis/rest/services/Fee_Managers_PADUS/FeatureServer/0","sourceUpdated":"2017-08-14T04:00:00.000Z","publicUse":"PAD-US reports restricted access; confirm permits and seasonal rules with the manager.","unit":"SDNR","origin":"public-catalog"}},{"type":"Feature","id":"usgs-pad-us-fee-managers:9131","geometry":{"type":"Polygon","coordinates":[[[-82.8374,31.7965],[-82.8432,31.7919],[-82.8426,31.7896],[-82.8415,31.7893],[-82.8396,31.7899],[-82.837,31.7895],[-82.8369,31.7875],[-82.8383,31.7867],[-82.8393,31.7864],[-82.838,31.7856],[-82.8379,31.7843],[-82.836,31.7826],[-82.834,31.7823],[-82.8355,31.7798],[-82.8384,31.7824],[-82.8417,31.7861],[-82.844,31.7882],[-82.8452,31.7898],[-82.8462,31.7892],[-82.8477,31.7866],[-82.8497,31.7858],[-82.8505,31.7841],[-82.8371,31.7732],[-82.8349,31.7747],[-82.8329,31.7736],[-82.8306,31.7736],[-82.8303,31.7752],[-82.829,31.777],[-82.8275,31.7768],[-82.8274,31.7761],[-82.8296,31.7726],[-82.8325,31.7722],[-82.8337,31.7723],[-82.8338,31.7718],[-82.831,31.7694],[-82.8248,31.7685],[-82.823,31.767],[-82.823,31.7646],[-82.8233,31.7646],[-82.8245,31.7664],[-82.8285,31.7674],[-82.8299,31.7674],[-82.831,31.7666],[-82.8292,31.7639],[-82.8289,31.762],[-82.8297,31.762],[-82.8322,31.7649],[-82.8332,31.7694],[-82.8358,31.7712],[-82.8374,31.7719],[-82.8384,31.772],[-82.8382,31.7708],[-82.8392,31.7692],[-82.8398,31.7658],[-82.8384,31.7646],[-82.8388,31.7637],[-82.8406,31.7641],[-82.8419,31.7625],[-82.842,31.762],[-82.8417,31.7606],[-82.84,31.7583],[-82.8448,31.7583],[-82.8459,31.7585],[-82.8454,31.7613],[-82.8436,31.7616],[-82.8425,31.7647],[-82.8408,31.7682],[-82.8423,31.7683],[-82.8428,31.7691],[-82.8404,31.771],[-82.8427,31.7751],[-82.8431,31.7732],[-82.8442,31.7735],[-82.8442,31.7749],[-82.8469,31.7732],[-82.8471,31.7746],[-82.8454,31.7759],[-82.8521,31.7829],[-82.8545,31.782],[-82.8569,31.7801],[-82.8565,31.7779],[-82.8559,31.7777],[-82.8546,31.7784],[-82.8515,31.7773],[-82.8494,31.7743],[-82.8492,31.7713],[-82.85,31.7696],[-82.8509,31.7703],[-82.8515,31.7744],[-82.8519,31.7755],[-82.8523,31.7759],[-82.8555,31.7766],[-82.8555,31.7755],[-82.8569,31.7755],[-82.8548,31.7706],[-82.8515,31.7673],[-82.8544,31.7673],[-82.8574,31.7719],[-82.8591,31.7756],[-82.8611,31.7736],[-82.8615,31.7712],[-82.8602,31.7674],[-82.8615,31.7674],[-82.8628,31.7704],[-82.8635,31.7743],[-82.8657,31.7742],[-82.8657,31.7832],[-82.8631,31.7826],[-82.8615,31.7833],[-82.8612,31.7837],[-82.8612,31.7845],[-82.8621,31.7861],[-82.8612,31.7866],[-82.8605,31.7883],[-82.86,31.7891],[-82.8579,31.7896],[-82.8583,31.789],[-82.859,31.7889],[-82.8593,31.7885],[-82.859,31.7881],[-82.8582,31.7883],[-82.8585,31.7876],[-82.858,31.7872],[-82.8572,31.7888],[-82.8577,31.789],[-82.8569,31.7906],[-82.8571,31.7914],[-82.8582,31.7924],[-82.8567,31.7931],[-82.8556,31.7944],[-82.8555,31.7953],[-82.8556,31.7973],[-82.8554,31.7978],[-82.8534,31.7984],[-82.8525,31.7982],[-82.8512,31.7967],[-82.8503,31.7967],[-82.8493,31.7971],[-82.8482,31.8003],[-82.8463,31.8011],[-82.8452,31.8021],[-82.8441,31.8044],[-82.8438,31.8057],[-82.8415,31.8088],[-82.8413,31.8101],[-82.8416,31.8115],[-82.8414,31.8117],[-82.8405,31.8119],[-82.8389,31.8103],[-82.8377,31.8098],[-82.8377,31.8008],[-82.8374,31.7965]]]},"properties":{"id":"usgs-pad-us-fee-managers:9131","name":"Flat Tub Wildlife Management Area / Broxton Rocks Mitigation Bank","kind":"land","category":"public-land","sourceCategory":"public-land","sourceId":"usgs-pad-us-fee-managers","sourceUrl":"https://services.arcgis.com/v01gqwM5QqNysAAi/arcgis/rest/services/Fee_Managers_PADUS/FeatureServer/0","sourceUpdated":"2017-08-14T04:00:00.000Z","publicUse":"PAD-US reports restricted access; confirm permits and seasonal rules with the manager.","unit":"SDNR","origin":"public-catalog"}},{"type":"Feature","id":"usgs-pad-us-fee-managers:9132","geometry":{"type":"MultiPolygon","coordinates":[[[[-85.0333,34.5131],[-85.0322,34.5056],[-85.0244,34.5057],[-85.0246,34.5038],[-85.0238,34.5012],[-85.0238,34.4983],[-85.0321,34.4983],[-85.0325,34.501],[-85.0412,34.5012],[-85.0415,34.5132],[-85.0333,34.5131]]],[[[-85.0418,34.5203],[-85.0418,34.5281],[-85.0327,34.5281],[-85.0327,34.5205],[-85.0418,34.5203]]]]},"properties":{"id":"usgs-pad-us-fee-managers:9132","name":"John's Mountain Wildlife Management Area","kind":"land","category":"public-land","sourceCategory":"public-land","sourceId":"usgs-pad-us-fee-managers","sourceUrl":"https://services.arcgis.com/v01gqwM5QqNysAAi/arcgis/rest/services/Fee_Managers_PADUS/FeatureServer/0","sourceUpdated":"2017-08-14T04:00:00.000Z","publicUse":"PAD-US reports restricted access; confirm permits and seasonal rules with the manager.","unit":"SDNR","origin":"public-catalog"}},{"type":"Feature","id":"usgs-pad-us-fee-managers:9133","geometry":{"type":"MultiPolygon","coordinates":[[[[-84.8414,30.7468],[-84.8515,30.7437],[-84.8513,30.7474],[-84.8489,30.748],[-84.8456,30.7482],[-84.8437,30.749],[-84.842,30.7507],[-84.8399,30.7521],[-84.837,30.752],[-84.8314,30.7531],[-84.826,30.7552],[-84.8205,30.7589],[-84.8164,30.7595],[-84.8149,30.7596],[-84.8141,30.7593],[-84.8143,30.753],[-84.8218,30.7527],[-84.8217,30.7502],[-84.8249,30.7496],[-84.8248,30.7488],[-84.8368,30.7482],[-84.8414,30.7468]]],[[[-84.9068,30.7877],[-84.9064,30.7875],[-84.9044,30.7874],[-84.9036,30.7861],[-84.9035,30.7841],[-84.9025,30.781],[-84.9015,30.7796],[-84.9006,30.7794],[-84.8997,30.7804],[-84.8983,30.7814],[-84.897,30.7811],[-84.8972,30.7793],[-84.8951,30.7777],[-84.8966,30.7766],[-84.896,30.7754],[-84.8961,30.7741],[-84.8974,30.7733],[-84.8986,30.7734],[-84.8998,30.7739],[-84.9016,30.7732],[-84.9021,30.7714],[-84.901,30.7709],[-84.8992,30.7715],[-84.8979,30.7703],[-84.8953,30.7714],[-84.8935,30.7711],[-84.8923,30.7693],[-84.8922,30.7681],[-84.893,30.7675],[-84.8958,30.7685],[-84.8969,30.7668],[-84.8982,30.7666],[-84.899,30.7659],[-84.8992,30.7644],[-84.8999,30.7637],[-84.9017,30.7634],[-84.9034,30.7638],[-84.9053,30.7654],[-84.9069,30.7676],[-84.9082,30.7704],[-84.9097,30.7727],[-84.9129,30.7757],[-84.9166,30.781],[-84.916,30.782],[-84.9142,30.7829],[-84.9128,30.785],[-84.9129,30.7859],[-84.91,30.7885],[-84.9096,30.7887],[-84.9083,30.7886],[-84.9068,30.7877]]],[[[-84.7947,30.7744],[-84.7968,30.775],[-84.7971,30.7767],[-84.7962,30.7778],[-84.7955,30.7782],[-84.7942,30.7796],[-84.7929,30.7787],[-84.7932,30.7778],[-84.7926,30.776],[-84.793,30.7748],[-84.7947,30.7744]]],[[[-84.8013,30.7768],[-84.8002,30.7759],[-84.8005,30.7742],[-84.801,30.7733],[-84.8013,30.7715],[-84.8025,30.7696],[-84.8037,30.7701],[-84.8052,30.7696],[-84.8068,30.7694],[-84.8085,30.7703],[-84.8091,30.7717],[-84.8052,30.7729],[-84.804,30.7736],[-84.8031,30.7746],[-84.8033,30.776],[-84.8041,30.777],[-84.8068,30.7754],[-84.8076,30.7772],[-84.8074,30.7794],[-84.8066,30.7802],[-84.8042,30.7806],[-84.8023,30.7776],[-84.8013,30.7768]]],[[[-84.8008,30.7801],[-84.8015,30.7801],[-84.8059,30.7829],[-84.8063,30.7841],[-84.806,30.7849],[-84.8055,30.7856],[-84.8041,30.7858],[-84.8029,30.7853],[-84.8023,30.7834],[-84.8003,30.7813],[-84.8002,30.7801],[-84.8008,30.7801]]],[[[-84.7879,30.7912],[-84.7866,30.7897],[-84.7846,30.7889],[-84.7839,30.7867],[-84.7827,30.7854],[-84.7814,30.7859],[-84.7797,30.7862],[-84.7775,30.7864],[-84.7761,30.786],[-84.7757,30.785],[-84.7767,30.7846],[-84.7801,30.7844],[-84.778,30.783],[-84.7731,30.7832],[-84.7722,30.7823],[-84.7687,30.784],[-84.7673,30.7842],[-84.7649,30.7826],[-84.7633,30.7823],[-84.762,30.7827],[-84.761,30.7838],[-84.7593,30.7844],[-84.7576,30.7832],[-84.7571,30.7822],[-84.758,30.7816],[-84.7591,30.7801],[-84.7606,30.7792],[-84.763,30.7789],[-84.7646,30.7792],[-84.7676,30.7809],[-84.7683,30.7803],[-84.7671,30.779],[-84.7668,30.7776],[-84.769,30.7771],[-84.7717,30.7754],[-84.7743,30.7746],[-84.7769,30.7745],[-84.7795,30.7754],[-84.7817,30.7765],[-84.7832,30.7776],[-84.7894,30.7787],[-84.791,30.7809],[-84.7875,30.781],[-84.7874,30.7823],[-84.7891,30.7836],[-84.79,30.7854],[-84.7892,30.7864],[-84.7902,30.7884],[-84.7907,30.7901],[-84.79,30.791],[-84.7894,30.7912],[-84.7879,30.7912]]],[[[-84.9194,30.7855],[-84.9199,30.7853],[-84.9203,30.7869],[-84.9201,30.7888],[-84.9196,30.7899],[-84.9196,30.7912],[-84.9212,30.7917],[-84.9232,30.7936],[-84.9245,30.7953],[-84.9248,30.7965],[-84.9226,30.7982],[-84.9216,30.7995],[-84.9213,30.8004],[-84.9224,30.8023],[-84.9219,30.8036],[-84.9217,30.8055],[-84.922,30.8075],[-84.9209,30.8079],[-84.9174,30.8079],[-84.9164,30.788],[-84.9187,30.7859],[-84.9194,30.7855]]],[[[-84.7809,30.797],[-84.7795,30.7959],[-84.7776,30.7938],[-84.7742,30.7931],[-84.7729,30.7925],[-84.7702,30.7907],[-84.7667,30.7891],[-84.7657,30.7882],[-84.7654,30.7869],[-84.7664,30.7868],[-84.7699,30.7876],[-84.7703,30.7855],[-84.7714,30.7844],[-84.7728,30.785],[-84.7742,30.7866],[-84.7779,30.7891],[-84.7798,30.7889],[-84.7807,30.788],[-84.7819,30.7877],[-84.7829,30.7889],[-84.7833,30.7903],[-84.7843,30.792],[-84.7846,30.794],[-84.784,30.7958],[-84.7831,30.7966],[-84.7822,30.797],[-84.7809,30.797]]],[[[-84.9125,30.8314],[-84.9077,30.8317],[-84.9076,30.8233],[-84.9222,30.8222],[-84.9219,30.8255],[-84.9203,30.8247],[-84.9186,30.8248],[-84.9167,30.8254],[-84.9153,30.8251],[-84.914,30.8251],[-84.9118,30.8274],[-84.9122,30.8282],[-84.9153,30.8267],[-84.9165,30.8269],[-84.9175,30.8277],[-84.9203,30.8266],[-84.9217,30.8277],[-84.9218,30.8326],[-84.9221,30.8334],[-84.9217,30.8341],[-84.9139,30.8339],[-84.9125,30.8314]]],[[[-84.7781,30.8353],[-84.779,30.8345],[-84.7801,30.8354],[-84.7812,30.8347],[-84.7816,30.8292],[-84.7838,30.8277],[-84.7849,30.8254],[-84.7856,30.8244],[-84.7886,30.8214],[-84.7897,30.82],[-84.79,30.8184],[-84.7909,30.8173],[-84.7904,30.816],[-84.7904,30.8146],[-84.7896,30.8115],[-84.7902,30.8106],[-84.7914,30.811],[-84.7922,30.8158],[-84.793,30.8181],[-84.7924,30.8202],[-84.7867,30.8271],[-84.7852,30.8299],[-84.7856,30.8338],[-84.7848,30.8365],[-84.7833,30.8384],[-84.7818,30.8391],[-84.7795,30.8389],[-84.7775,30.8378],[-84.7777,30.8371],[-84.778,30.8369],[-84.7781,30.8353]]],[[[-84.7642,30.8647],[-84.7654,30.8647],[-84.7657,30.8662],[-84.7641,30.8698],[-84.7635,30.8704],[-84.7623,30.8706],[-84.7607,30.8707],[-84.7606,30.8678],[-84.7616,30.8649],[-84.7642,30.8647]]],[[[-84.6202,30.8666],[-84.6188,30.8665],[-84.617,30.8657],[-84.6161,30.865],[-84.6151,30.8635],[-84.6122,30.8606],[-84.6131,30.8588],[-84.6151,30.8563],[-84.6159,30.8549],[-84.6166,30.8544],[-84.6257,30.8541],[-84.6288,30.8543],[-84.6324,30.8541],[-84.6328,30.8548],[-84.6359,30.8549],[-84.6371,30.8542],[-84.6368,30.8532],[-84.6382,30.8523],[-84.6388,30.851],[-84.6382,30.8501],[-84.6375,30.8497],[-84.6403,30.8472],[-84.6411,30.846],[-84.6417,30.8435],[-84.6422,30.8431],[-84.6582,30.8431],[-84.6583,30.844],[-84.6556,30.847],[-84.6533,30.8484],[-84.6487,30.8485],[-84.6444,30.8481],[-84.6427,30.8487],[-84.6409,30.8499],[-84.6394,30.853],[-84.6359,30.8577],[-84.6326,30.8581],[-84.6307,30.8587],[-84.629,30.8594],[-84.6272,30.8606],[-84.625,30.8641],[-84.624,30.866],[-84.6239,30.8672],[-84.6246,30.8691],[-84.6239,30.8703],[-84.6225,30.8701],[-84.6212,30.8695],[-84.6213,30.8674],[-84.6208,30.8666],[-84.6202,30.8666]]],[[[-84.9766,30.9403],[-84.9734,30.9349],[-84.9528,30.919],[-84.9433,30.919],[-84.9354,30.9026],[-84.9367,30.902],[-84.9361,30.8984],[-84.9343,30.8983],[-84.9305,30.891],[-84.9339,30.8912],[-84.9353,30.8926],[-84.9383,30.8964],[-84.9401,30.9001],[-84.9402,30.9015],[-84.94,30.903],[-84.9404,30.9049],[-84.9416,30.9071],[-84.9459,30.9094],[-84.9478,30.911],[-84.9492,30.9129],[-84.9506,30.9155],[-84.9539,30.9182],[-84.9549,30.9186],[-84.9557,30.9186],[-84.9549,30.9172],[-84.9529,30.9149],[-84.9523,30.9138],[-84.9531,30.9136],[-84.9562,30.9157],[-84.9576,30.9169],[-84.9597,30.9203],[-84.9618,30.9221],[-84.963,30.9217],[-84.9618,30.919],[-84.9596,30.9166],[-84.9576,30.9138],[-84.9532,30.9101],[-84.9509,30.9085],[-84.9453,30.9065],[-84.9435,30.905],[-84.9424,30.9032],[-84.942,30.9004],[-84.9409,30.8954],[-84.9391,30.8906],[-84.9391,30.8896],[-84.9403,30.8891],[-84.9431,30.8917],[-84.9481,30.8985],[-84.9497,30.9014],[-84.9518,30.9042],[-84.9551,30.9091],[-84.9591,30.9133],[-84.962,30.9158],[-84.9644,30.9185],[-84.9659,30.9214],[-84.9676,30.9237],[-84.9689,30.927],[-84.9701,30.929],[-84.9737,30.9315],[-84.9791,30.9339],[-84.9808,30.935],[-84.982,30.9375],[-84.9815,30.9399],[-84.9766,30.9403]]]]},"properties":{"id":"usgs-pad-us-fee-managers:9133","name":"Lake Seminole Wildlife Management Area","kind":"land","category":"public-land","sourceCategory":"public-land","sourceId":"usgs-pad-us-fee-managers","sourceUrl":"https://services.arcgis.com/v01gqwM5QqNysAAi/arcgis/rest/services/Fee_Managers_PADUS/FeatureServer/0","sourceUpdated":"2017-08-14T04:00:00.000Z","publicUse":"PAD-US reports restricted access; confirm permits and seasonal rules with the manager.","unit":"SDNR","origin":"public-catalog"}},{"type":"Feature","id":"usgs-pad-us-fee-managers:9134","geometry":{"type":"MultiPolygon","coordinates":[[[[-84.9177,33.9549],[-84.9176,33.9547],[-84.9155,33.9548],[-84.9155,33.9495],[-84.9147,33.9496],[-84.9148,33.9479],[-84.9198,33.9481],[-84.9199,33.9456],[-84.9208,33.945],[-84.9205,33.9444],[-84.9214,33.9436],[-84.9217,33.9426],[-84.9236,33.9414],[-84.9244,33.9413],[-84.9244,33.9404],[-84.928,33.9404],[-84.9293,33.9483],[-84.924,33.9482],[-84.9239,33.9552],[-84.9177,33.9549]]],[[[-84.9607,34.0608],[-84.9606,34.0532],[-84.9503,34.053],[-84.9502,34.0492],[-84.944,34.0491],[-84.9441,34.0455],[-84.9389,34.0453],[-84.9396,34.0439],[-84.9397,34.0348],[-84.9433,34.0348],[-84.9437,34.0342],[-84.9438,34.0308],[-84.9478,34.0309],[-84.9477,34.034],[-84.9612,34.0341],[-84.9613,34.0412],[-84.9697,34.0413],[-84.969,34.0533],[-84.9646,34.0533],[-84.9647,34.0611],[-84.9607,34.061],[-84.9607,34.0608]]],[[[-84.9565,34.0411],[-84.9566,34.0376],[-84.9519,34.0375],[-84.9518,34.041],[-84.9565,34.0411]]]]},"properties":{"id":"usgs-pad-us-fee-managers:9134","name":"Paulding Wildlife Management Area","kind":"land","category":"public-land","sourceCategory":"public-land","sourceId":"usgs-pad-us-fee-managers","sourceUrl":"https://services.arcgis.com/v01gqwM5QqNysAAi/arcgis/rest/services/Fee_Managers_PADUS/FeatureServer/0","sourceUpdated":"2017-08-14T04:00:00.000Z","publicUse":"PAD-US reports restricted access; confirm permits and seasonal rules with the manager.","unit":"SDNR","origin":"public-catalog"}},{"type":"Feature","id":"usgs-pad-us-fee-managers:9135","geometry":{"type":"MultiPolygon","coordinates":[[[[-84.8992,33.9726],[-84.9001,33.9622],[-84.9002,33.9621],[-84.9001,33.9621],[-84.9005,33.9566],[-84.9026,33.9566],[-84.9027,33.9547],[-84.9006,33.9547],[-84.901,33.9516],[-84.9012,33.9479],[-84.9032,33.948],[-84.9032,33.9489],[-84.9027,33.9501],[-84.9011,33.9511],[-84.9011,33.9513],[-84.9067,33.9512],[-84.906,33.9529],[-84.906,33.9538],[-84.9064,33.9548],[-84.9076,33.9561],[-84.9095,33.9572],[-84.9103,33.9627],[-84.9157,33.9629],[-84.9163,33.9638],[-84.917,33.9645],[-84.9192,33.9651],[-84.9158,33.9651],[-84.9157,33.9646],[-84.9154,33.9646],[-84.915,33.9641],[-84.9146,33.9643],[-84.9143,33.9638],[-84.9133,33.9641],[-84.9137,33.9644],[-84.9134,33.9645],[-84.9136,33.9651],[-84.9132,33.9651],[-84.9132,33.9657],[-84.9119,33.9657],[-84.9119,33.966],[-84.9104,33.966],[-84.9107,33.9657],[-84.9072,33.9657],[-84.9072,33.9614],[-84.9026,33.9614],[-84.9026,33.9634],[-84.9004,33.9635],[-84.9004,33.9657],[-84.9026,33.9656],[-84.9027,33.9675],[-84.9045,33.9675],[-84.9045,33.9681],[-84.9049,33.9684],[-84.9041,33.9691],[-84.9034,33.9707],[-84.9026,33.9703],[-84.9026,33.9725],[-84.8992,33.9726]]],[[[-84.8898,33.9805],[-84.8897,33.978],[-84.8886,33.978],[-84.8887,33.9744],[-84.8835,33.9745],[-84.8834,33.9709],[-84.8818,33.9708],[-84.8817,33.9672],[-84.8859,33.9671],[-84.8861,33.9643],[-84.886,33.9649],[-84.886,33.9586],[-84.8883,33.9586],[-84.8883,33.959],[-84.8896,33.959],[-84.8867,33.9541],[-84.8859,33.9534],[-84.8858,33.9511],[-84.888,33.9511],[-84.8879,33.9475],[-84.8999,33.9479],[-84.8993,33.9556],[-84.8981,33.9565],[-84.8993,33.9566],[-84.8975,33.9784],[-84.8941,33.9783],[-84.894,33.9817],[-84.8897,33.9816],[-84.8898,33.9805]]],[[[-84.9438,34.0529],[-84.944,34.0491],[-84.9502,34.0492],[-84.9503,34.053],[-84.9565,34.0531],[-84.9564,34.0567],[-84.9392,34.0563],[-84.9393,34.0528],[-84.9438,34.0529]]]]},"properties":{"id":"usgs-pad-us-fee-managers:9135","name":"Paulding Wildlife Management Area","kind":"land","category":"public-land","sourceCategory":"public-land","sourceId":"usgs-pad-us-fee-managers","sourceUrl":"https://services.arcgis.com/v01gqwM5QqNysAAi/arcgis/rest/services/Fee_Managers_PADUS/FeatureServer/0","sourceUpdated":"2017-08-14T04:00:00.000Z","publicUse":"PAD-US reports restricted access; confirm permits and seasonal rules with the manager.","unit":"SDNR","origin":"public-catalog"}},{"type":"Feature","id":"usgs-pad-us-fee-managers:9136","geometry":{"type":"Polygon","coordinates":[[[-81.7918,31.6452],[-81.7919,31.6453],[-81.7916,31.6453],[-81.7918,31.6452]]]},"properties":{"id":"usgs-pad-us-fee-managers:9136","name":"Townsend Wildlife Management Area","kind":"land","category":"public-land","sourceCategory":"public-land","sourceId":"usgs-pad-us-fee-managers","sourceUrl":"https://services.arcgis.com/v01gqwM5QqNysAAi/arcgis/rest/services/Fee_Managers_PADUS/FeatureServer/0","sourceUpdated":"2017-08-14T04:00:00.000Z","publicUse":"PAD-US reports restricted access; confirm permits and seasonal rules with the manager.","unit":"SDNR","origin":"public-catalog"}},{"type":"Feature","id":"usgs-pad-us-fee-managers:9137","geometry":{"type":"MultiPolygon","coordinates":[[[[-83.3944,34.7386],[-83.3935,34.738],[-83.394,34.7369],[-83.3951,34.7375],[-83.3944,34.7386]]],[[[-83.392,34.7386],[-83.3916,34.7385],[-83.3904,34.7387],[-83.3898,34.7382],[-83.3889,34.7379],[-83.3882,34.7382],[-83.3871,34.7375],[-83.3895,34.7363],[-83.3926,34.7379],[-83.3939,34.7391],[-83.3937,34.7395],[-83.3943,34.7401],[-83.3928,34.74],[-83.3924,34.7396],[-83.392,34.7386]]],[[[-83.389,34.743],[-83.3884,34.7419],[-83.3881,34.74],[-83.3883,34.7397],[-83.3892,34.7395],[-83.3898,34.7396],[-83.391,34.7401],[-83.3895,34.7417],[-83.3894,34.742],[-83.3896,34.7426],[-83.3926,34.7426],[-83.3933,34.7428],[-83.3934,34.7432],[-83.3933,34.7434],[-83.3925,34.7432],[-83.3917,34.7438],[-83.389,34.743]]]]},"properties":{"id":"usgs-pad-us-fee-managers:9137","name":"Tallulah Gorge State Park","kind":"land","category":"public-land","sourceCategory":"public-land","sourceId":"usgs-pad-us-fee-managers","sourceUrl":"https://services.arcgis.com/v01gqwM5QqNysAAi/arcgis/rest/services/Fee_Managers_PADUS/FeatureServer/0","sourceUpdated":"2017-08-14T04:00:00.000Z","publicUse":"PAD-US reports open access; verify current manager conditions and restrictions.","unit":"SDNR","origin":"public-catalog"}},{"type":"Feature","id":"usgs-pad-us-fee-managers:9138","geometry":{"type":"MultiPolygon","coordinates":[[[[-84.9555,34.5859],[-84.955,34.5849],[-84.9559,34.584],[-84.9561,34.5824],[-84.9554,34.5804],[-84.9559,34.5797],[-84.9564,34.5796],[-84.9572,34.581],[-84.9573,34.5836],[-84.9563,34.5845],[-84.9561,34.5851],[-84.9566,34.5857],[-84.9583,34.5858],[-84.9585,34.5863],[-84.9584,34.5867],[-84.9574,34.5872],[-84.9555,34.5859]]],[[[-84.9559,34.5812],[-84.9559,34.5812],[-84.9559,34.5812],[-84.9559,34.5812]]],[[[-84.9634,34.5943],[-84.9632,34.5936],[-84.9619,34.5922],[-84.9619,34.591],[-84.9612,34.59],[-84.9608,34.5895],[-84.9586,34.5884],[-84.9622,34.5884],[-84.9629,34.5891],[-84.9643,34.5898],[-84.9645,34.5902],[-84.9642,34.5907],[-84.9645,34.5916],[-84.9641,34.5934],[-84.9646,34.5942],[-84.9653,34.5942],[-84.9652,34.5966],[-84.9641,34.5959],[-84.9634,34.5943]]],[[[-84.9629,34.5931],[-84.9628,34.5931],[-84.9628,34.5931],[-84.9629,34.5931]]]]},"properties":{"id":"usgs-pad-us-fee-managers:9138","name":"Resaca Battlefield Historic Site","kind":"land","category":"public-land","sourceCategory":"public-land","sourceId":"usgs-pad-us-fee-managers","sourceUrl":"https://services.arcgis.com/v01gqwM5QqNysAAi/arcgis/rest/services/Fee_Managers_PADUS/FeatureServer/0","sourceUpdated":"2017-08-14T04:00:00.000Z","publicUse":"PAD-US reports open access; verify current manager conditions and restrictions.","unit":"SDNR","origin":"public-catalog"}},{"type":"Feature","id":"usgs-pad-us-fee-managers:91674","geometry":{"type":"Polygon","coordinates":[[[-84.1562,33.062],[-84.1575,33.0621],[-84.1571,33.0633],[-84.1567,33.0633],[-84.1566,33.0628],[-84.1562,33.0628],[-84.1562,33.062]]]},"properties":{"id":"usgs-pad-us-fee-managers:91674","name":"Myles Wimberly Park","kind":"land","category":"public-land","sourceCategory":"public-land","sourceId":"usgs-pad-us-fee-managers","sourceUrl":"https://services.arcgis.com/v01gqwM5QqNysAAi/arcgis/rest/services/Fee_Managers_PADUS/FeatureServer/0","sourceUpdated":"2023-05-15T04:00:00.000Z","publicUse":"PAD-US reports open access; verify current manager conditions and restrictions.","unit":"CITY","origin":"public-catalog"}},{"type":"Feature","id":"usgs-pad-us-fee-managers:92328","geometry":{"type":"Polygon","coordinates":[[[-84.2927,33.7668],[-84.2927,33.7648],[-84.2933,33.7648],[-84.2933,33.7652],[-84.2935,33.7652],[-84.2935,33.7646],[-84.2938,33.7646],[-84.2938,33.7652],[-84.294,33.7652],[-84.294,33.7646],[-84.2948,33.7645],[-84.2948,33.7634],[-84.2963,33.7634],[-84.2963,33.7646],[-84.2956,33.7646],[-84.2956,33.7649],[-84.2963,33.7649],[-84.2963,33.7668],[-84.2927,33.7668]]]},"properties":{"id":"usgs-pad-us-fee-managers:92328","name":"Agnes Scott College","kind":"land","category":"public-land","sourceCategory":"public-land","sourceId":"usgs-pad-us-fee-managers","sourceUrl":"https://services.arcgis.com/v01gqwM5QqNysAAi/arcgis/rest/services/Fee_Managers_PADUS/FeatureServer/0","sourceUpdated":"2021-03-13T05:00:00.000Z","publicUse":"PAD-US does not report an access classification; verify with the land manager.","unit":"CITY","origin":"public-catalog"}},{"type":"Feature","id":"usgs-pad-us-fee-managers:92421","geometry":{"type":"Polygon","coordinates":[[[-83.4192,33.9524],[-83.4192,33.9504],[-83.4196,33.9508],[-83.4215,33.9506],[-83.4225,33.95],[-83.4233,33.9499],[-83.4244,33.9488],[-83.4238,33.9484],[-83.4236,33.9486],[-83.4232,33.9483],[-83.4229,33.9485],[-83.4221,33.9484],[-83.4212,33.9473],[-83.4231,33.9471],[-83.4244,33.9479],[-83.4273,33.9487],[-83.4304,33.9507],[-83.4298,33.951],[-83.43,33.9515],[-83.4293,33.952],[-83.4294,33.9523],[-83.4192,33.9524]]]},"properties":{"id":"usgs-pad-us-fee-managers:92421","name":"Beech Haven","kind":"land","category":"public-land","sourceCategory":"public-land","sourceId":"usgs-pad-us-fee-managers","sourceUrl":"https://services.arcgis.com/v01gqwM5QqNysAAi/arcgis/rest/services/Fee_Managers_PADUS/FeatureServer/0","sourceUpdated":"2021-03-13T05:00:00.000Z","publicUse":"PAD-US reports restricted access; confirm permits and seasonal rules with the manager.","unit":"CITY","origin":"public-catalog"}},{"type":"Feature","id":"usgs-pad-us-fee-managers:92422","geometry":{"type":"MultiPolygon","coordinates":[[[[-83.4091,33.9976],[-83.4088,33.9977],[-83.4068,33.9973],[-83.4053,33.995],[-83.4047,33.9946],[-83.4051,33.9944],[-83.4053,33.9947],[-83.4058,33.9947],[-83.4066,33.9944],[-83.4074,33.9948],[-83.4076,33.996],[-83.4087,33.9971],[-83.4091,33.9968],[-83.4095,33.9972],[-83.4101,33.9974],[-83.4094,33.9979],[-83.4091,33.9976]]],[[[-83.4106,33.9969],[-83.4108,33.9961],[-83.4157,33.9959],[-83.4128,33.9965],[-83.4126,33.9971],[-83.4109,33.9969],[-83.4108,33.9973],[-83.4101,33.9973],[-83.4106,33.9969]]],[[[-83.4123,33.9962],[-83.4113,33.9964],[-83.4111,33.9967],[-83.4126,33.9964],[-83.4127,33.9963],[-83.4123,33.9962]]],[[[-83.4034,33.9934],[-83.4037,33.9934],[-83.4047,33.9944],[-83.4045,33.9946],[-83.4031,33.994],[-83.4027,33.9934],[-83.4034,33.9934]]]]},"properties":{"id":"usgs-pad-us-fee-managers:92422","name":"Erwin Tract","kind":"land","category":"public-land","sourceCategory":"public-land","sourceId":"usgs-pad-us-fee-managers","sourceUrl":"https://services.arcgis.com/v01gqwM5QqNysAAi/arcgis/rest/services/Fee_Managers_PADUS/FeatureServer/0","sourceUpdated":"2021-03-13T05:00:00.000Z","publicUse":"PAD-US reports restricted access; confirm permits and seasonal rules with the manager.","unit":"CITY","origin":"public-catalog"}},{"type":"Feature","id":"usgs-pad-us-fee-managers:92423","geometry":{"type":"Polygon","coordinates":[[[-83.3586,33.915],[-83.358,33.9137],[-83.3584,33.9134],[-83.3597,33.9144],[-83.36,33.9151],[-83.3594,33.9161],[-83.3582,33.916],[-83.3586,33.915]]]},"properties":{"id":"usgs-pad-us-fee-managers:92423","name":"Tillman Tract","kind":"land","category":"public-land","sourceCategory":"public-land","sourceId":"usgs-pad-us-fee-managers","sourceUrl":"https://services.arcgis.com/v01gqwM5QqNysAAi/arcgis/rest/services/Fee_Managers_PADUS/FeatureServer/0","sourceUpdated":"2021-03-13T05:00:00.000Z","publicUse":"PAD-US reports restricted access; confirm permits and seasonal rules with the manager.","unit":"CITY","origin":"public-catalog"}},{"type":"Feature","id":"usgs-pad-us-fee-managers:92424","geometry":{"type":"Polygon","coordinates":[[[-83.355,33.9103],[-83.3544,33.9102],[-83.3542,33.9099],[-83.3566,33.9087],[-83.3587,33.9095],[-83.3593,33.9087],[-83.359,33.9086],[-83.3585,33.9079],[-83.3599,33.9074],[-83.3601,33.9078],[-83.3615,33.9088],[-83.3613,33.9096],[-83.3586,33.9109],[-83.3567,33.9105],[-83.3562,33.9111],[-83.355,33.9103]]]},"properties":{"id":"usgs-pad-us-fee-managers:92424","name":"Whitehall Tract","kind":"land","category":"public-land","sourceCategory":"public-land","sourceId":"usgs-pad-us-fee-managers","sourceUrl":"https://services.arcgis.com/v01gqwM5QqNysAAi/arcgis/rest/services/Fee_Managers_PADUS/FeatureServer/0","sourceUpdated":"2021-03-13T05:00:00.000Z","publicUse":"PAD-US reports restricted access; confirm permits and seasonal rules with the manager.","unit":"CITY","origin":"public-catalog"}},{"type":"Feature","id":"usgs-pad-us-fee-managers:92425","geometry":{"type":"Polygon","coordinates":[[[-83.3846,33.9651],[-83.3852,33.965],[-83.3854,33.9654],[-83.3841,33.9659],[-83.3839,33.9653],[-83.3846,33.9651]]]},"properties":{"id":"usgs-pad-us-fee-managers:92425","name":"Boulevard Woods","kind":"land","category":"public-land","sourceCategory":"public-land","sourceId":"usgs-pad-us-fee-managers","sourceUrl":"https://services.arcgis.com/v01gqwM5QqNysAAi/arcgis/rest/services/Fee_Managers_PADUS/FeatureServer/0","sourceUpdated":"2023-05-15T04:00:00.000Z","publicUse":"PAD-US reports open access; verify current manager conditions and restrictions.","unit":"CITY","origin":"public-catalog"}},{"type":"Feature","id":"usgs-pad-us-fee-managers:92426","geometry":{"type":"Polygon","coordinates":[[[-83.3802,34.0189],[-83.379,34.0174],[-83.3782,34.017],[-83.3771,34.0158],[-83.3761,34.0152],[-83.3758,34.0164],[-83.3742,34.0172],[-83.3738,34.0177],[-83.3732,34.0178],[-83.3727,34.0185],[-83.3714,34.0187],[-83.3737,34.0172],[-83.3754,34.0164],[-83.3753,34.0104],[-83.3755,34.0102],[-83.3765,34.0104],[-83.3774,34.0098],[-83.3769,34.009],[-83.3781,34.0086],[-83.3793,34.0071],[-83.3791,34.0067],[-83.3786,34.0068],[-83.3786,34.0061],[-83.3778,34.0058],[-83.3755,34.007],[-83.3748,34.0066],[-83.3744,34.0057],[-83.3738,34.005],[-83.3727,34.0047],[-83.3716,34.005],[-83.3708,34.0041],[-83.3708,34.0028],[-83.3716,34.0026],[-83.372,34.0003],[-83.3706,33.9987],[-83.3699,33.9973],[-83.3715,33.9934],[-83.3715,33.9929],[-83.3721,33.9933],[-83.371,33.9917],[-83.3711,33.9895],[-83.373,33.9875],[-83.3735,33.9875],[-83.3746,33.9869],[-83.3757,33.987],[-83.3752,33.9858],[-83.3771,33.9857],[-83.3779,33.9893],[-83.3764,33.9888],[-83.3763,33.9895],[-83.3745,33.992],[-83.377,33.9926],[-83.3766,33.9931],[-83.375,33.9936],[-83.3747,33.9951],[-83.3751,33.9956],[-83.374,33.9957],[-83.3741,33.9962],[-83.3746,33.9968],[-83.375,33.998],[-83.375,33.9985],[-83.3758,33.9982],[-83.376,33.9985],[-83.376,34.0005],[-83.3763,34.0019],[-83.3767,34.0022],[-83.3762,34.0025],[-83.3763,34.0032],[-83.3767,34.0037],[-83.3765,34.004],[-83.3772,34.0044],[-83.3764,34.0049],[-83.3768,34.0052],[-83.3804,34.0037],[-83.3817,34.0034],[-83.3822,34.0039],[-83.3825,34.0038],[-83.3835,34.0042],[-83.3843,34.0042],[-83.3839,34.0048],[-83.3844,34.0054],[-83.3843,34.0058],[-83.3838,34.0068],[-83.3822,34.0075],[-83.3826,34.008],[-83.3866,34.0059],[-83.3866,34.0061],[-83.3832,34.0079],[-83.3838,34.0089],[-83.3797,34.0109],[-83.3797,34.0116],[-83.3788,34.0128],[-83.3789,34.0138],[-83.3785,34.0142],[-83.3785,34.0149],[-83.3794,34.0152],[-83.3792,34.0156],[-83.3808,34.0164],[-83.3803,34.0169],[-83.3806,34.017],[-83.3815,34.0167],[-83.3819,34.0177],[-83.3816,34.0178],[-83.3817,34.0181],[-83.3814,34.0181],[-83.3817,34.0189],[-83.384,34.018],[-83.3842,34.0206],[-83.3833,34.0206],[-83.3833,34.021],[-83.3818,34.0213],[-83.3816,34.0217],[-83.3787,34.0231],[-83.3783,34.0226],[-83.3805,34.0198],[-83.3802,34.0189]]]},"properties":{"id":"usgs-pad-us-fee-managers:92426","name":"Cook'S Trail","kind":"land","category":"public-land","sourceCategory":"public-land","sourceId":"usgs-pad-us-fee-managers","sourceUrl":"https://services.arcgis.com/v01gqwM5QqNysAAi/arcgis/rest/services/Fee_Managers_PADUS/FeatureServer/0","sourceUpdated":"2023-05-15T04:00:00.000Z","publicUse":"PAD-US reports open access; verify current manager conditions and restrictions.","unit":"CITY","origin":"public-catalog"}},{"type":"Feature","id":"usgs-pad-us-fee-managers:92427","geometry":{"type":"Polygon","coordinates":[[[-83.3655,33.9611],[-83.3653,33.961],[-83.3655,33.9606],[-83.3658,33.9609],[-83.3669,33.9598],[-83.3681,33.9618],[-83.3676,33.9613],[-83.366,33.9621],[-83.3654,33.9614],[-83.3655,33.9611]]]},"properties":{"id":"usgs-pad-us-fee-managers:92427","name":"Gun Emplacement","kind":"land","category":"public-land","sourceCategory":"public-land","sourceId":"usgs-pad-us-fee-managers","sourceUrl":"https://services.arcgis.com/v01gqwM5QqNysAAi/arcgis/rest/services/Fee_Managers_PADUS/FeatureServer/0","sourceUpdated":"2023-05-15T04:00:00.000Z","publicUse":"PAD-US reports open access; verify current manager conditions and restrictions.","unit":"CITY","origin":"public-catalog"}},{"type":"Feature","id":"usgs-pad-us-fee-managers:92428","geometry":{"type":"Polygon","coordinates":[[[-83.3855,33.9814],[-83.3853,33.9809],[-83.3848,33.9807],[-83.3838,33.9814],[-83.383,33.9811],[-83.3827,33.9805],[-83.3832,33.9794],[-83.3822,33.9788],[-83.3836,33.9783],[-83.3849,33.9772],[-83.3862,33.9782],[-83.3873,33.9793],[-83.3881,33.9807],[-83.3865,33.9819],[-83.3861,33.982],[-83.3855,33.9814]]]},"properties":{"id":"usgs-pad-us-fee-managers:92428","name":"Open Space","kind":"land","category":"public-land","sourceCategory":"public-land","sourceId":"usgs-pad-us-fee-managers","sourceUrl":"https://services.arcgis.com/v01gqwM5QqNysAAi/arcgis/rest/services/Fee_Managers_PADUS/FeatureServer/0","sourceUpdated":"2021-04-21T04:00:00.000Z","publicUse":"PAD-US reports open access; verify current manager conditions and restrictions.","unit":"CITY","origin":"public-catalog"}},{"type":"Feature","id":"usgs-pad-us-fee-managers:92429","geometry":{"type":"Polygon","coordinates":[[[-83.3795,33.966],[-83.3797,33.9652],[-83.3795,33.9653],[-83.3789,33.9638],[-83.3797,33.9641],[-83.38,33.9627],[-83.38,33.962],[-83.3804,33.9618],[-83.3802,33.9656],[-83.3811,33.9655],[-83.3813,33.9659],[-83.3795,33.966]]]},"properties":{"id":"usgs-pad-us-fee-managers:92429","name":"Pulaski Heights Trail","kind":"land","category":"public-land","sourceCategory":"public-land","sourceId":"usgs-pad-us-fee-managers","sourceUrl":"https://services.arcgis.com/v01gqwM5QqNysAAi/arcgis/rest/services/Fee_Managers_PADUS/FeatureServer/0","sourceUpdated":"2023-05-15T04:00:00.000Z","publicUse":"PAD-US reports open access; verify current manager conditions and restrictions.","unit":"CITY","origin":"public-catalog"}},{"type":"Feature","id":"usgs-pad-us-fee-managers:92430","geometry":{"type":"Polygon","coordinates":[[[-83.3547,33.9684],[-83.3537,33.9645],[-83.3539,33.964],[-83.3559,33.9633],[-83.3561,33.9636],[-83.3566,33.9637],[-83.3565,33.9632],[-83.3571,33.9639],[-83.359,33.9633],[-83.3591,33.9635],[-83.3594,33.9634],[-83.3618,33.9619],[-83.3626,33.9608],[-83.3633,33.9612],[-83.3613,33.9632],[-83.3623,33.9641],[-83.362,33.9646],[-83.3628,33.9649],[-83.3623,33.9656],[-83.3627,33.9662],[-83.3611,33.9666],[-83.3614,33.9672],[-83.3602,33.9675],[-83.3606,33.9675],[-83.361,33.9682],[-83.3611,33.9679],[-83.3609,33.9675],[-83.3614,33.9674],[-83.3616,33.9677],[-83.3613,33.9678],[-83.3615,33.9681],[-83.3554,33.9714],[-83.3547,33.9684]]]},"properties":{"id":"usgs-pad-us-fee-managers:92430","name":"Trail Creek Park","kind":"land","category":"public-land","sourceCategory":"public-land","sourceId":"usgs-pad-us-fee-managers","sourceUrl":"https://services.arcgis.com/v01gqwM5QqNysAAi/arcgis/rest/services/Fee_Managers_PADUS/FeatureServer/0","sourceUpdated":"2023-05-15T04:00:00.000Z","publicUse":"PAD-US reports open access; verify current manager conditions and restrictions.","unit":"CITY","origin":"public-catalog"}},{"type":"Feature","id":"usgs-pad-us-fee-managers:92431","geometry":{"type":"Polygon","coordinates":[[[-83.3707,33.9027],[-83.3717,33.9025],[-83.3725,33.9053],[-83.3745,33.9076],[-83.3723,33.9084],[-83.3703,33.908],[-83.3689,33.9043],[-83.3701,33.9036],[-83.3707,33.9027]]]},"properties":{"id":"usgs-pad-us-fee-managers:92431","name":"Uga Intramural Fields","kind":"land","category":"public-land","sourceCategory":"public-land","sourceId":"usgs-pad-us-fee-managers","sourceUrl":"https://services.arcgis.com/v01gqwM5QqNysAAi/arcgis/rest/services/Fee_Managers_PADUS/FeatureServer/0","sourceUpdated":"2021-03-13T05:00:00.000Z","publicUse":"PAD-US reports open access; verify current manager conditions and restrictions.","unit":"CITY","origin":"public-catalog"}},{"type":"Feature","id":"usgs-pad-us-fee-managers:92432","geometry":{"type":"Polygon","coordinates":[[[-84.3497,33.6775],[-84.35,33.6639],[-84.3556,33.6618],[-84.3558,33.6637],[-84.3554,33.6657],[-84.3544,33.6661],[-84.3549,33.6676],[-84.3556,33.6681],[-84.3559,33.6692],[-84.3557,33.6718],[-84.3563,33.6732],[-84.3572,33.6742],[-84.3577,33.674],[-84.3579,33.6745],[-84.3579,33.6766],[-84.3512,33.6779],[-84.3497,33.6775]]]},"properties":{"id":"usgs-pad-us-fee-managers:92432","name":"Lake Charlotte Nature Preserve","kind":"land","category":"public-land","sourceCategory":"public-land","sourceId":"usgs-pad-us-fee-managers","sourceUrl":"https://services.arcgis.com/v01gqwM5QqNysAAi/arcgis/rest/services/Fee_Managers_PADUS/FeatureServer/0","sourceUpdated":"2022-02-17T05:00:00.000Z","publicUse":"PAD-US does not report an access classification; verify with the land manager.","unit":"CITY","origin":"public-catalog"}},{"type":"Feature","id":"usgs-pad-us-fee-managers:92433","geometry":{"type":"Polygon","coordinates":[[[-84.3677,33.6697],[-84.3681,33.6696],[-84.3681,33.6701],[-84.3684,33.6702],[-84.3683,33.6705],[-84.3677,33.6704],[-84.3677,33.6697]]]},"properties":{"id":"usgs-pad-us-fee-managers:92433","name":"Hutchens King Park","kind":"land","category":"public-land","sourceCategory":"public-land","sourceId":"usgs-pad-us-fee-managers","sourceUrl":"https://services.arcgis.com/v01gqwM5QqNysAAi/arcgis/rest/services/Fee_Managers_PADUS/FeatureServer/0","sourceUpdated":"2022-02-17T05:00:00.000Z","publicUse":"PAD-US reports open access; verify current manager conditions and restrictions.","unit":"CITY","origin":"public-catalog"}},{"type":"Feature","id":"usgs-pad-us-fee-managers:92434","geometry":{"type":"Polygon","coordinates":[[[-84.4156,33.7698],[-84.4156,33.7691],[-84.4164,33.7692],[-84.4164,33.7695],[-84.4156,33.7698]]]},"properties":{"id":"usgs-pad-us-fee-managers:92434","name":"Lindsay Street Park","kind":"land","category":"public-land","sourceCategory":"public-land","sourceId":"usgs-pad-us-fee-managers","sourceUrl":"https://services.arcgis.com/v01gqwM5QqNysAAi/arcgis/rest/services/Fee_Managers_PADUS/FeatureServer/0","sourceUpdated":"2023-01-30T05:00:00.000Z","publicUse":"PAD-US reports open access; verify current manager conditions and restrictions.","unit":"CITY","origin":"public-catalog"}},{"type":"Feature","id":"usgs-pad-us-fee-managers:92435","geometry":{"type":"MultiPolygon","coordinates":[[[[-84.3646,33.8726],[-84.3646,33.8726],[-84.3646,33.8726],[-84.3646,33.8726]]],[[[-84.3646,33.8726],[-84.3636,33.8725],[-84.3636,33.8714],[-84.3649,33.8708],[-84.3646,33.8726]]]]},"properties":{"id":"usgs-pad-us-fee-managers:92435","name":"Loridans Park","kind":"land","category":"public-land","sourceCategory":"public-land","sourceId":"usgs-pad-us-fee-managers","sourceUrl":"https://services.arcgis.com/v01gqwM5QqNysAAi/arcgis/rest/services/Fee_Managers_PADUS/FeatureServer/0","sourceUpdated":"2022-02-17T05:00:00.000Z","publicUse":"PAD-US reports open access; verify current manager conditions and restrictions.","unit":"CITY","origin":"public-catalog"}},{"type":"Feature","id":"usgs-pad-us-fee-managers:92436","geometry":{"type":"Polygon","coordinates":[[[-84.5318,33.7274],[-84.5317,33.7263],[-84.5333,33.7263],[-84.5333,33.7273],[-84.5339,33.7273],[-84.5339,33.7277],[-84.5332,33.7279],[-84.533,33.7289],[-84.534,33.7302],[-84.5329,33.7302],[-84.5319,33.7291],[-84.5318,33.7274]]]},"properties":{"id":"usgs-pad-us-fee-managers:92436","name":"West Cascade Park","kind":"land","category":"public-land","sourceCategory":"public-land","sourceId":"usgs-pad-us-fee-managers","sourceUrl":"https://services.arcgis.com/v01gqwM5QqNysAAi/arcgis/rest/services/Fee_Managers_PADUS/FeatureServer/0","sourceUpdated":"2022-02-17T05:00:00.000Z","publicUse":"PAD-US reports open access; verify current manager conditions and restrictions.","unit":"CITY","origin":"public-catalog"}},{"type":"Feature","id":"usgs-pad-us-fee-managers:92437","geometry":{"type":"Polygon","coordinates":[[[-84.4486,33.7927],[-84.4471,33.7901],[-84.4459,33.7892],[-84.4461,33.7891],[-84.4474,33.79],[-84.4489,33.7926],[-84.4498,33.7922],[-84.4502,33.7923],[-84.4503,33.7926],[-84.4496,33.7936],[-84.4481,33.7929],[-84.4486,33.7927]]]},"properties":{"id":"usgs-pad-us-fee-managers:92437","name":"Heman E. Perry Park","kind":"land","category":"public-land","sourceCategory":"public-land","sourceId":"usgs-pad-us-fee-managers","sourceUrl":"https://services.arcgis.com/v01gqwM5QqNysAAi/arcgis/rest/services/Fee_Managers_PADUS/FeatureServer/0","sourceUpdated":"2022-02-17T05:00:00.000Z","publicUse":"PAD-US reports open access; verify current manager conditions and restrictions.","unit":"CITY","origin":"public-catalog"}},{"type":"Feature","id":"usgs-pad-us-fee-managers:92438","geometry":{"type":"Polygon","coordinates":[[[-84.3712,33.6983],[-84.3708,33.6978],[-84.3712,33.6969],[-84.3731,33.697],[-84.3738,33.6985],[-84.3745,33.6985],[-84.3747,33.6989],[-84.3718,33.6989],[-84.3712,33.6983]]]},"properties":{"id":"usgs-pad-us-fee-managers:92438","name":"Dobbs Elementary School","kind":"land","category":"public-land","sourceCategory":"public-land","sourceId":"usgs-pad-us-fee-managers","sourceUrl":"https://services.arcgis.com/v01gqwM5QqNysAAi/arcgis/rest/services/Fee_Managers_PADUS/FeatureServer/0","sourceUpdated":"2022-06-07T04:00:00.000Z","publicUse":"PAD-US reports open access; verify current manager conditions and restrictions.","unit":"CITY","origin":"public-catalog"}},{"type":"Feature","id":"usgs-pad-us-fee-managers:92439","geometry":{"type":"Polygon","coordinates":[[[-84.4893,33.7028],[-84.4888,33.7028],[-84.4879,33.7001],[-84.4864,33.7001],[-84.4862,33.6995],[-84.4913,33.6996],[-84.4913,33.7029],[-84.4893,33.7028]]]},"properties":{"id":"usgs-pad-us-fee-managers:92439","name":"Kimberly Elementary School","kind":"land","category":"public-land","sourceCategory":"public-land","sourceId":"usgs-pad-us-fee-managers","sourceUrl":"https://services.arcgis.com/v01gqwM5QqNysAAi/arcgis/rest/services/Fee_Managers_PADUS/FeatureServer/0","sourceUpdated":"2022-06-07T04:00:00.000Z","publicUse":"PAD-US reports open access; verify current manager conditions and restrictions.","unit":"CITY","origin":"public-catalog"}},{"type":"Feature","id":"usgs-pad-us-fee-managers:92444","geometry":{"type":"Polygon","coordinates":[[[-83.8235,34.0237],[-83.8279,34.0224],[-83.8288,34.0242],[-83.8284,34.0246],[-83.8242,34.0244],[-83.8235,34.0237]]]},"properties":{"id":"usgs-pad-us-fee-managers:92444","name":"City Of Auburn Ballfields (Parks Mill Rd)\r\nCity Of Auburn Ballfields","kind":"land","category":"public-land","sourceCategory":"public-land","sourceId":"usgs-pad-us-fee-managers","sourceUrl":"https://services.arcgis.com/v01gqwM5QqNysAAi/arcgis/rest/services/Fee_Managers_PADUS/FeatureServer/0","sourceUpdated":"2023-05-15T04:00:00.000Z","publicUse":"PAD-US reports open access; verify current manager conditions and restrictions.","unit":"CITY","origin":"public-catalog"}},{"type":"Feature","id":"usgs-pad-us-fee-managers:92445","geometry":{"type":"Polygon","coordinates":[[[-83.824,34.0113],[-83.8241,34.011],[-83.8248,34.0113],[-83.8247,34.0116],[-83.824,34.0113]]]},"properties":{"id":"usgs-pad-us-fee-managers:92445","name":"Jdwithers Building (7 Seventh Street)","kind":"land","category":"public-land","sourceCategory":"public-land","sourceId":"usgs-pad-us-fee-managers","sourceUrl":"https://services.arcgis.com/v01gqwM5QqNysAAi/arcgis/rest/services/Fee_Managers_PADUS/FeatureServer/0","sourceUpdated":"2023-05-15T04:00:00.000Z","publicUse":"PAD-US reports open access; verify current manager conditions and restrictions.","unit":"CITY","origin":"public-catalog"}},{"type":"Feature","id":"usgs-pad-us-fee-managers:92446","geometry":{"type":"Polygon","coordinates":[[[-83.8274,34.015],[-83.8277,34.0146],[-83.8278,34.0151],[-83.8274,34.015]]]},"properties":{"id":"usgs-pad-us-fee-managers:92446","name":"Preserve","kind":"land","category":"public-land","sourceCategory":"public-land","sourceId":"usgs-pad-us-fee-managers","sourceUrl":"https://services.arcgis.com/v01gqwM5QqNysAAi/arcgis/rest/services/Fee_Managers_PADUS/FeatureServer/0","sourceUpdated":"2023-05-15T04:00:00.000Z","publicUse":"PAD-US reports open access; verify current manager conditions and restrictions.","unit":"CITY","origin":"public-catalog"}},{"type":"Feature","id":"usgs-pad-us-fee-managers:92447","geometry":{"type":"Polygon","coordinates":[[[-82.011,33.4631],[-82.0117,33.4633],[-82.0122,33.4638],[-82.0115,33.4639],[-82.011,33.4631]]]},"properties":{"id":"usgs-pad-us-fee-managers:92447","name":"Heard Avenue Park","kind":"land","category":"public-land","sourceCategory":"public-land","sourceId":"usgs-pad-us-fee-managers","sourceUrl":"https://services.arcgis.com/v01gqwM5QqNysAAi/arcgis/rest/services/Fee_Managers_PADUS/FeatureServer/0","sourceUpdated":"2022-11-22T05:00:00.000Z","publicUse":"PAD-US reports open access; verify current manager conditions and restrictions.","unit":"CITY","origin":"public-catalog"}},{"type":"Feature","id":"usgs-pad-us-fee-managers:93340","geometry":{"type":"MultiPolygon","coordinates":[[[[-84.211,31.2429],[-84.2121,31.2429],[-84.2121,31.2438],[-84.2109,31.2435],[-84.211,31.2429]]],[[[-84.2122,31.235],[-84.2129,31.235],[-84.2128,31.2358],[-84.2122,31.2358],[-84.2122,31.235]]]]},"properties":{"id":"usgs-pad-us-fee-managers:93340","name":"Unknown Park","kind":"land","category":"public-land","sourceCategory":"public-land","sourceId":"usgs-pad-us-fee-managers","sourceUrl":"https://services.arcgis.com/v01gqwM5QqNysAAi/arcgis/rest/services/Fee_Managers_PADUS/FeatureServer/0","sourceUpdated":"2023-05-15T04:00:00.000Z","publicUse":"PAD-US reports open access; verify current manager conditions and restrictions.","unit":"CITY","origin":"public-catalog"}},{"type":"Feature","id":"usgs-pad-us-fee-managers:93341","geometry":{"type":"Polygon","coordinates":[[[-84.2085,31.2455],[-84.2089,31.2452],[-84.2098,31.246],[-84.2111,31.2465],[-84.2107,31.247],[-84.2093,31.2468],[-84.2086,31.2463],[-84.2085,31.2455]]]},"properties":{"id":"usgs-pad-us-fee-managers:93341","name":"Unknown Ball Field","kind":"land","category":"public-land","sourceCategory":"public-land","sourceId":"usgs-pad-us-fee-managers","sourceUrl":"https://services.arcgis.com/v01gqwM5QqNysAAi/arcgis/rest/services/Fee_Managers_PADUS/FeatureServer/0","sourceUpdated":"2023-05-15T04:00:00.000Z","publicUse":"PAD-US reports open access; verify current manager conditions and restrictions.","unit":"CITY","origin":"public-catalog"}},{"type":"Feature","id":"usgs-pad-us-fee-managers:93987","geometry":{"type":"Polygon","coordinates":[[[-83.9006,33.5724],[-83.9015,33.572],[-83.902,33.5731],[-83.9018,33.5736],[-83.9007,33.5737],[-83.9005,33.5739],[-83.9006,33.5724]]]},"properties":{"id":"usgs-pad-us-fee-managers:93987","name":"Porterdale Yellow River Park","kind":"land","category":"public-land","sourceCategory":"public-land","sourceId":"usgs-pad-us-fee-managers","sourceUrl":"https://services.arcgis.com/v01gqwM5QqNysAAi/arcgis/rest/services/Fee_Managers_PADUS/FeatureServer/0","sourceUpdated":"2023-05-15T04:00:00.000Z","publicUse":"PAD-US reports open access; verify current manager conditions and restrictions.","unit":"CITY","origin":"public-catalog"}},{"type":"Feature","id":"usgs-pad-us-fee-managers:94099","geometry":{"type":"Polygon","coordinates":[[[-84.6598,34.0565],[-84.6598,34.0541],[-84.6602,34.0541],[-84.6602,34.0548],[-84.6611,34.0546],[-84.6615,34.054],[-84.6628,34.0544],[-84.6628,34.0555],[-84.6612,34.0555],[-84.6612,34.0566],[-84.6598,34.0565]]]},"properties":{"id":"usgs-pad-us-fee-managers:94099","name":"Halbrooks Field","kind":"land","category":"public-land","sourceCategory":"public-land","sourceId":"usgs-pad-us-fee-managers","sourceUrl":"https://services.arcgis.com/v01gqwM5QqNysAAi/arcgis/rest/services/Fee_Managers_PADUS/FeatureServer/0","sourceUpdated":"2023-05-15T04:00:00.000Z","publicUse":"PAD-US reports open access; verify current manager conditions and restrictions.","unit":"CITY","origin":"public-catalog"}},{"type":"Feature","id":"usgs-pad-us-fee-managers:94102","geometry":{"type":"MultiPolygon","coordinates":[[[[-84.9364,34.3769],[-84.9364,34.3743],[-84.9378,34.3742],[-84.938,34.3747],[-84.9395,34.3747],[-84.9393,34.3767],[-84.9364,34.3769]]],[[[-84.9425,34.3738],[-84.9416,34.3733],[-84.9413,34.3736],[-84.9404,34.3734],[-84.9417,34.3702],[-84.9447,34.3708],[-84.9441,34.3732],[-84.9429,34.3742],[-84.9425,34.3738]]]]},"properties":{"id":"usgs-pad-us-fee-managers:94102","name":"Unknown Park","kind":"land","category":"public-land","sourceCategory":"public-land","sourceId":"usgs-pad-us-fee-managers","sourceUrl":"https://services.arcgis.com/v01gqwM5QqNysAAi/arcgis/rest/services/Fee_Managers_PADUS/FeatureServer/0","sourceUpdated":"2023-05-15T04:00:00.000Z","publicUse":"PAD-US reports open access; verify current manager conditions and restrictions.","unit":"CITY","origin":"public-catalog"}},{"type":"Feature","id":"usgs-pad-us-fee-managers:94309","geometry":{"type":"Polygon","coordinates":[[[-84.1231,31.5827],[-84.125,31.5827],[-84.125,31.5831],[-84.1231,31.583],[-84.1231,31.5827]]]},"properties":{"id":"usgs-pad-us-fee-managers:94309","name":"Blaylock Park","kind":"land","category":"public-land","sourceCategory":"public-land","sourceId":"usgs-pad-us-fee-managers","sourceUrl":"https://services.arcgis.com/v01gqwM5QqNysAAi/arcgis/rest/services/Fee_Managers_PADUS/FeatureServer/0","sourceUpdated":"2023-05-15T04:00:00.000Z","publicUse":"PAD-US reports open access; verify current manager conditions and restrictions.","unit":"CITY","origin":"public-catalog"}},{"type":"Feature","id":"usgs-pad-us-fee-managers:94317","geometry":{"type":"Polygon","coordinates":[[[-84.1529,31.5731],[-84.1536,31.5731],[-84.1536,31.5737],[-84.1529,31.5737],[-84.1529,31.5731]]]},"properties":{"id":"usgs-pad-us-fee-managers:94317","name":"Civil Rights Park","kind":"land","category":"public-land","sourceCategory":"public-land","sourceId":"usgs-pad-us-fee-managers","sourceUrl":"https://services.arcgis.com/v01gqwM5QqNysAAi/arcgis/rest/services/Fee_Managers_PADUS/FeatureServer/0","sourceUpdated":"2023-05-15T04:00:00.000Z","publicUse":"PAD-US reports open access; verify current manager conditions and restrictions.","unit":"CITY","origin":"public-catalog"}},{"type":"Feature","id":"usgs-pad-us-fee-managers:94326","geometry":{"type":"Polygon","coordinates":[[[-84.1538,31.5697],[-84.154,31.5697],[-84.1539,31.5698],[-84.1538,31.5697]]]},"properties":{"id":"usgs-pad-us-fee-managers:94326","name":"Festival Park","kind":"land","category":"public-land","sourceCategory":"public-land","sourceId":"usgs-pad-us-fee-managers","sourceUrl":"https://services.arcgis.com/v01gqwM5QqNysAAi/arcgis/rest/services/Fee_Managers_PADUS/FeatureServer/0","sourceUpdated":"2023-05-15T04:00:00.000Z","publicUse":"PAD-US reports open access; verify current manager conditions and restrictions.","unit":"CITY","origin":"public-catalog"}},{"type":"Feature","id":"usgs-pad-us-fee-managers:94329","geometry":{"type":"Polygon","coordinates":[[[-84.1946,31.5673],[-84.1947,31.5667],[-84.1966,31.5667],[-84.1966,31.5671],[-84.1972,31.5672],[-84.1972,31.5678],[-84.1961,31.5678],[-84.1961,31.5675],[-84.1946,31.5673]]]},"properties":{"id":"usgs-pad-us-fee-managers:94329","name":"Goldstein Park","kind":"land","category":"public-land","sourceCategory":"public-land","sourceId":"usgs-pad-us-fee-managers","sourceUrl":"https://services.arcgis.com/v01gqwM5QqNysAAi/arcgis/rest/services/Fee_Managers_PADUS/FeatureServer/0","sourceUpdated":"2023-05-15T04:00:00.000Z","publicUse":"PAD-US reports open access; verify current manager conditions and restrictions.","unit":"CITY","origin":"public-catalog"}},{"type":"Feature","id":"usgs-pad-us-fee-managers:94330","geometry":{"type":"Polygon","coordinates":[[[-84.1519,31.5779],[-84.153,31.5779],[-84.153,31.5783],[-84.1519,31.5783],[-84.1519,31.5779]]]},"properties":{"id":"usgs-pad-us-fee-managers:94330","name":"Gortatowsky Park","kind":"land","category":"public-land","sourceCategory":"public-land","sourceId":"usgs-pad-us-fee-managers","sourceUrl":"https://services.arcgis.com/v01gqwM5QqNysAAi/arcgis/rest/services/Fee_Managers_PADUS/FeatureServer/0","sourceUpdated":"2021-04-21T04:00:00.000Z","publicUse":"PAD-US reports open access; verify current manager conditions and restrictions.","unit":"CITY","origin":"public-catalog"}},{"type":"Feature","id":"usgs-pad-us-fee-managers:94336","geometry":{"type":"Polygon","coordinates":[[[-84.1537,31.5637],[-84.1549,31.5637],[-84.1549,31.5647],[-84.1537,31.5647],[-84.1537,31.5637]]]},"properties":{"id":"usgs-pad-us-fee-managers:94336","name":"Holloway Park","kind":"land","category":"public-land","sourceCategory":"public-land","sourceId":"usgs-pad-us-fee-managers","sourceUrl":"https://services.arcgis.com/v01gqwM5QqNysAAi/arcgis/rest/services/Fee_Managers_PADUS/FeatureServer/0","sourceUpdated":"2023-05-15T04:00:00.000Z","publicUse":"PAD-US reports open access; verify current manager conditions and restrictions.","unit":"CITY","origin":"public-catalog"}},{"type":"Feature","id":"usgs-pad-us-fee-managers:94337","geometry":{"type":"Polygon","coordinates":[[[-84.162,31.5607],[-84.1642,31.5607],[-84.1625,31.5628],[-84.162,31.5628],[-84.162,31.5607]]]},"properties":{"id":"usgs-pad-us-fee-managers:94337","name":"Holloway Pond Park","kind":"land","category":"public-land","sourceCategory":"public-land","sourceId":"usgs-pad-us-fee-managers","sourceUrl":"https://services.arcgis.com/v01gqwM5QqNysAAi/arcgis/rest/services/Fee_Managers_PADUS/FeatureServer/0","sourceUpdated":"2023-05-15T04:00:00.000Z","publicUse":"PAD-US reports open access; verify current manager conditions and restrictions.","unit":"CITY","origin":"public-catalog"}},{"type":"Feature","id":"usgs-pad-us-fee-managers:94339","geometry":{"type":"Polygon","coordinates":[[[-84.1561,31.5602],[-84.1564,31.5603],[-84.1564,31.5605],[-84.1561,31.5606],[-84.1561,31.5602]]]},"properties":{"id":"usgs-pad-us-fee-managers:94339","name":"Joe Malone Park","kind":"land","category":"public-land","sourceCategory":"public-land","sourceId":"usgs-pad-us-fee-managers","sourceUrl":"https://services.arcgis.com/v01gqwM5QqNysAAi/arcgis/rest/services/Fee_Managers_PADUS/FeatureServer/0","sourceUpdated":"2023-05-15T04:00:00.000Z","publicUse":"PAD-US reports open access; verify current manager conditions and restrictions.","unit":"CITY","origin":"public-catalog"}},{"type":"Feature","id":"usgs-pad-us-fee-managers:94340","geometry":{"type":"Polygon","coordinates":[[[-84.0863,31.5689],[-84.0867,31.5685],[-84.0873,31.569],[-84.0868,31.5695],[-84.0856,31.5695],[-84.0853,31.5692],[-84.0863,31.5689]]]},"properties":{"id":"usgs-pad-us-fee-managers:94340","name":"Johnson Road Park","kind":"land","category":"public-land","sourceCategory":"public-land","sourceId":"usgs-pad-us-fee-managers","sourceUrl":"https://services.arcgis.com/v01gqwM5QqNysAAi/arcgis/rest/services/Fee_Managers_PADUS/FeatureServer/0","sourceUpdated":"2023-05-15T04:00:00.000Z","publicUse":"PAD-US reports open access; verify current manager conditions and restrictions.","unit":"CITY","origin":"public-catalog"}},{"type":"Feature","id":"usgs-pad-us-fee-managers:94343","geometry":{"type":"Polygon","coordinates":[[[-84.237,31.62],[-84.237,31.6177],[-84.2375,31.6179],[-84.2379,31.6183],[-84.2378,31.6188],[-84.2385,31.6192],[-84.2385,31.621],[-84.2383,31.6211],[-84.237,31.62]]]},"properties":{"id":"usgs-pad-us-fee-managers:94343","name":"Lansing Park","kind":"land","category":"public-land","sourceCategory":"public-land","sourceId":"usgs-pad-us-fee-managers","sourceUrl":"https://services.arcgis.com/v01gqwM5QqNysAAi/arcgis/rest/services/Fee_Managers_PADUS/FeatureServer/0","sourceUpdated":"2021-04-21T04:00:00.000Z","publicUse":"PAD-US reports open access; verify current manager conditions and restrictions.","unit":"CITY","origin":"public-catalog"}},{"type":"Feature","id":"usgs-pad-us-fee-managers:94356","geometry":{"type":"Polygon","coordinates":[[[-84.1225,31.5572],[-84.1244,31.557],[-84.1244,31.5575],[-84.1235,31.5584],[-84.1224,31.5584],[-84.1225,31.5572]]]},"properties":{"id":"usgs-pad-us-fee-managers:94356","name":"Netherlands Park","kind":"land","category":"public-land","sourceCategory":"public-land","sourceId":"usgs-pad-us-fee-managers","sourceUrl":"https://services.arcgis.com/v01gqwM5QqNysAAi/arcgis/rest/services/Fee_Managers_PADUS/FeatureServer/0","sourceUpdated":"2023-05-15T04:00:00.000Z","publicUse":"PAD-US reports open access; verify current manager conditions and restrictions.","unit":"CITY","origin":"public-catalog"}},{"type":"Feature","id":"usgs-pad-us-fee-managers:94360","geometry":{"type":"Polygon","coordinates":[[[-84.1747,31.5401],[-84.175,31.5397],[-84.1757,31.5401],[-84.1758,31.5406],[-84.1747,31.5401]]]},"properties":{"id":"usgs-pad-us-fee-managers:94360","name":"Pinedale Park","kind":"land","category":"public-land","sourceCategory":"public-land","sourceId":"usgs-pad-us-fee-managers","sourceUrl":"https://services.arcgis.com/v01gqwM5QqNysAAi/arcgis/rest/services/Fee_Managers_PADUS/FeatureServer/0","sourceUpdated":"2023-05-15T04:00:00.000Z","publicUse":"PAD-US reports open access; verify current manager conditions and restrictions.","unit":"CITY","origin":"public-catalog"}},{"type":"Feature","id":"usgs-pad-us-fee-managers:94363","geometry":{"type":"Polygon","coordinates":[[[-84.1631,31.5955],[-84.1634,31.5954],[-84.1636,31.5959],[-84.1632,31.5964],[-84.1625,31.5957],[-84.1631,31.5955]]]},"properties":{"id":"usgs-pad-us-fee-managers:94363","name":"Rawson Circle Park","kind":"land","category":"public-land","sourceCategory":"public-land","sourceId":"usgs-pad-us-fee-managers","sourceUrl":"https://services.arcgis.com/v01gqwM5QqNysAAi/arcgis/rest/services/Fee_Managers_PADUS/FeatureServer/0","sourceUpdated":"2023-05-15T04:00:00.000Z","publicUse":"PAD-US reports open access; verify current manager conditions and restrictions.","unit":"CITY","origin":"public-catalog"}},{"type":"Feature","id":"usgs-pad-us-fee-managers:94364","geometry":{"type":"Polygon","coordinates":[[[-84.1628,31.5832],[-84.1635,31.5832],[-84.1634,31.5838],[-84.1628,31.5838],[-84.1628,31.5832]]]},"properties":{"id":"usgs-pad-us-fee-managers:94364","name":"Residence Park","kind":"land","category":"public-land","sourceCategory":"public-land","sourceId":"usgs-pad-us-fee-managers","sourceUrl":"https://services.arcgis.com/v01gqwM5QqNysAAi/arcgis/rest/services/Fee_Managers_PADUS/FeatureServer/0","sourceUpdated":"2023-05-15T04:00:00.000Z","publicUse":"PAD-US reports open access; verify current manager conditions and restrictions.","unit":"CITY","origin":"public-catalog"}},{"type":"Feature","id":"usgs-pad-us-fee-managers:94366","geometry":{"type":"Polygon","coordinates":[[[-84.0863,31.6047],[-84.0875,31.6036],[-84.0891,31.6049],[-84.0879,31.6061],[-84.0863,31.6047]]]},"properties":{"id":"usgs-pad-us-fee-managers:94366","name":"Rifle And Pistol Range","kind":"land","category":"public-land","sourceCategory":"public-land","sourceId":"usgs-pad-us-fee-managers","sourceUrl":"https://services.arcgis.com/v01gqwM5QqNysAAi/arcgis/rest/services/Fee_Managers_PADUS/FeatureServer/0","sourceUpdated":"2023-05-15T04:00:00.000Z","publicUse":"PAD-US reports open access; verify current manager conditions and restrictions.","unit":"CITY","origin":"public-catalog"}},{"type":"Feature","id":"usgs-pad-us-fee-managers:94367","geometry":{"type":"Polygon","coordinates":[[[-84.1476,31.5771],[-84.1488,31.5771],[-84.1489,31.5783],[-84.1473,31.5783],[-84.1476,31.5771]]]},"properties":{"id":"usgs-pad-us-fee-managers:94367","name":"Riverfront Park","kind":"land","category":"public-land","sourceCategory":"public-land","sourceId":"usgs-pad-us-fee-managers","sourceUrl":"https://services.arcgis.com/v01gqwM5QqNysAAi/arcgis/rest/services/Fee_Managers_PADUS/FeatureServer/0","sourceUpdated":"2023-05-15T04:00:00.000Z","publicUse":"PAD-US reports open access; verify current manager conditions and restrictions.","unit":"CITY","origin":"public-catalog"}},{"type":"Feature","id":"usgs-pad-us-fee-managers:94380","geometry":{"type":"Polygon","coordinates":[[[-84.0879,31.5702],[-84.0885,31.5706],[-84.0874,31.5706],[-84.0879,31.5702]]]},"properties":{"id":"usgs-pad-us-fee-managers:94380","name":"Triangle Park","kind":"land","category":"public-land","sourceCategory":"public-land","sourceId":"usgs-pad-us-fee-managers","sourceUrl":"https://services.arcgis.com/v01gqwM5QqNysAAi/arcgis/rest/services/Fee_Managers_PADUS/FeatureServer/0","sourceUpdated":"2023-05-15T04:00:00.000Z","publicUse":"PAD-US reports open access; verify current manager conditions and restrictions.","unit":"CITY","origin":"public-catalog"}},{"type":"Feature","id":"usgs-pad-us-fee-managers:94381","geometry":{"type":"Polygon","coordinates":[[[-84.1266,31.4772],[-84.1276,31.4771],[-84.1293,31.4787],[-84.1293,31.4798],[-84.1258,31.4798],[-84.1259,31.4772],[-84.1266,31.4772]]]},"properties":{"id":"usgs-pad-us-fee-managers:94381","name":"Unknown Park","kind":"land","category":"public-land","sourceCategory":"public-land","sourceId":"usgs-pad-us-fee-managers","sourceUrl":"https://services.arcgis.com/v01gqwM5QqNysAAi/arcgis/rest/services/Fee_Managers_PADUS/FeatureServer/0","sourceUpdated":"2023-05-15T04:00:00.000Z","publicUse":"PAD-US reports open access; verify current manager conditions and restrictions.","unit":"CITY","origin":"public-catalog"}},{"type":"Feature","id":"usgs-pad-us-fee-managers:94386","geometry":{"type":"Polygon","coordinates":[[[-84.1871,31.5664],[-84.1876,31.5663],[-84.1875,31.5679],[-84.1865,31.5679],[-84.1866,31.5664],[-84.1871,31.5664]]]},"properties":{"id":"usgs-pad-us-fee-managers:94386","name":"West Town Park","kind":"land","category":"public-land","sourceCategory":"public-land","sourceId":"usgs-pad-us-fee-managers","sourceUrl":"https://services.arcgis.com/v01gqwM5QqNysAAi/arcgis/rest/services/Fee_Managers_PADUS/FeatureServer/0","sourceUpdated":"2023-05-15T04:00:00.000Z","publicUse":"PAD-US reports open access; verify current manager conditions and restrictions.","unit":"CITY","origin":"public-catalog"}},{"type":"Feature","id":"usgs-pad-us-fee-managers:94811","geometry":{"type":"MultiPolygon","coordinates":[[[[-82.4666,31.5428],[-82.4667,31.5425],[-82.4685,31.5427],[-82.4684,31.5431],[-82.4666,31.5428]]],[[[-82.4623,31.542],[-82.4623,31.5418],[-82.4666,31.5424],[-82.4665,31.5426],[-82.4623,31.542]]],[[[-82.4593,31.5415],[-82.4593,31.5413],[-82.4621,31.5417],[-82.462,31.5419],[-82.4593,31.5415]]],[[[-82.4562,31.5408],[-82.4592,31.5411],[-82.4591,31.5415],[-82.4562,31.5411],[-82.4562,31.5408]]]]},"properties":{"id":"usgs-pad-us-fee-managers:94811","name":"Goldwasser Park","kind":"land","category":"public-land","sourceCategory":"public-land","sourceId":"usgs-pad-us-fee-managers","sourceUrl":"https://services.arcgis.com/v01gqwM5QqNysAAi/arcgis/rest/services/Fee_Managers_PADUS/FeatureServer/0","sourceUpdated":"2023-05-15T04:00:00.000Z","publicUse":"PAD-US reports open access; verify current manager conditions and restrictions.","unit":"CITY","origin":"public-catalog"}},{"type":"Feature","id":"usgs-pad-us-fee-managers:94842","geometry":{"type":"Polygon","coordinates":[[[-84.2682,34.0539],[-84.2678,34.054],[-84.2678,34.052],[-84.2683,34.0525],[-84.2697,34.0523],[-84.2705,34.0513],[-84.2719,34.0519],[-84.2713,34.053],[-84.2705,34.0537],[-84.2692,34.0544],[-84.2682,34.0539]]]},"properties":{"id":"usgs-pad-us-fee-managers:94842","name":"Rock Mill Park","kind":"land","category":"public-land","sourceCategory":"public-land","sourceId":"usgs-pad-us-fee-managers","sourceUrl":"https://services.arcgis.com/v01gqwM5QqNysAAi/arcgis/rest/services/Fee_Managers_PADUS/FeatureServer/0","sourceUpdated":"2023-05-15T04:00:00.000Z","publicUse":"PAD-US reports open access; verify current manager conditions and restrictions.","unit":"CITY","origin":"public-catalog"}},{"type":"Feature","id":"usgs-pad-us-fee-managers:94843","geometry":{"type":"Polygon","coordinates":[[[-84.3274,34.096],[-84.3274,34.0953],[-84.3279,34.0953],[-84.3279,34.0956],[-84.3285,34.0956],[-84.3285,34.0961],[-84.3274,34.096]]]},"properties":{"id":"usgs-pad-us-fee-managers:94843","name":"Unknown Park","kind":"land","category":"public-land","sourceCategory":"public-land","sourceId":"usgs-pad-us-fee-managers","sourceUrl":"https://services.arcgis.com/v01gqwM5QqNysAAi/arcgis/rest/services/Fee_Managers_PADUS/FeatureServer/0","sourceUpdated":"2023-05-15T04:00:00.000Z","publicUse":"PAD-US reports open access; verify current manager conditions and restrictions.","unit":"CITY","origin":"public-catalog"}},{"type":"Feature","id":"usgs-pad-us-fee-managers:94844","geometry":{"type":"Polygon","coordinates":[[[-84.2834,34.0686],[-84.2835,34.0682],[-84.284,34.0689],[-84.2834,34.0686]]]},"properties":{"id":"usgs-pad-us-fee-managers:94844","name":"Veterans Park","kind":"land","category":"public-land","sourceCategory":"public-land","sourceId":"usgs-pad-us-fee-managers","sourceUrl":"https://services.arcgis.com/v01gqwM5QqNysAAi/arcgis/rest/services/Fee_Managers_PADUS/FeatureServer/0","sourceUpdated":"2023-05-15T04:00:00.000Z","publicUse":"PAD-US reports open access; verify current manager conditions and restrictions.","unit":"CITY","origin":"public-catalog"}},{"type":"Feature","id":"usgs-pad-us-fee-managers:94845","geometry":{"type":"Polygon","coordinates":[[[-84.2981,34.0539],[-84.2986,34.0539],[-84.3001,34.055],[-84.3001,34.0552],[-84.2981,34.0539]]]},"properties":{"id":"usgs-pad-us-fee-managers:94845","name":"Westside Park","kind":"land","category":"public-land","sourceCategory":"public-land","sourceId":"usgs-pad-us-fee-managers","sourceUrl":"https://services.arcgis.com/v01gqwM5QqNysAAi/arcgis/rest/services/Fee_Managers_PADUS/FeatureServer/0","sourceUpdated":"2023-05-15T04:00:00.000Z","publicUse":"PAD-US reports open access; verify current manager conditions and restrictions.","unit":"CITY","origin":"public-catalog"}},{"type":"Feature","id":"usgs-pad-us-fee-managers:94846","geometry":{"type":"MultiPolygon","coordinates":[[[[-84.2798,34.1082],[-84.2799,34.1073],[-84.2808,34.1077],[-84.2808,34.1083],[-84.2798,34.1082]]],[[[-84.2519,34.0774],[-84.2522,34.0773],[-84.2525,34.0778],[-84.2518,34.0779],[-84.2516,34.0776],[-84.2519,34.0774]]],[[[-84.2549,34.0769],[-84.2553,34.0768],[-84.2556,34.0776],[-84.255,34.0778],[-84.2545,34.0776],[-84.2543,34.0771],[-84.2549,34.0769]]]]},"properties":{"id":"usgs-pad-us-fee-managers:94846","name":"Ball Field","kind":"land","category":"public-land","sourceCategory":"public-land","sourceId":"usgs-pad-us-fee-managers","sourceUrl":"https://services.arcgis.com/v01gqwM5QqNysAAi/arcgis/rest/services/Fee_Managers_PADUS/FeatureServer/0","sourceUpdated":"2023-05-15T04:00:00.000Z","publicUse":"PAD-US reports open access; verify current manager conditions and restrictions.","unit":"CITY","origin":"public-catalog"}},{"type":"Feature","id":"usgs-pad-us-fee-managers:94847","geometry":{"type":"MultiPolygon","coordinates":[[[[-84.2654,34.1057],[-84.2655,34.1056],[-84.2656,34.1057],[-84.2654,34.1057]]],[[[-84.289,34.1035],[-84.2892,34.1036],[-84.2891,34.1036],[-84.289,34.1035]]],[[[-84.2819,34.1012],[-84.2819,34.1009],[-84.2824,34.101],[-84.2823,34.1014],[-84.2819,34.1012]]],[[[-84.2421,34.0971],[-84.2421,34.0969],[-84.2422,34.097],[-84.2421,34.0971]]],[[[-84.2458,34.0945],[-84.246,34.0946],[-84.2459,34.0947],[-84.2458,34.0945]]],[[[-84.2689,34.0916],[-84.2691,34.0918],[-84.2689,34.0918],[-84.2689,34.0916]]],[[[-84.213,34.0839],[-84.2132,34.0838],[-84.2131,34.0839],[-84.213,34.0839]]],[[[-84.2373,34.0843],[-84.2374,34.0845],[-84.2372,34.0845],[-84.2373,34.0843]]],[[[-84.2207,34.0826],[-84.2207,34.0826],[-84.2208,34.0826],[-84.2207,34.0826]]],[[[-84.2768,34.082],[-84.277,34.0822],[-84.2766,34.0822],[-84.2768,34.082]]],[[[-84.2416,34.0736],[-84.2417,34.0733],[-84.242,34.0733],[-84.242,34.0736],[-84.2416,34.0736]]],[[[-84.2343,34.0678],[-84.2344,34.0678],[-84.2344,34.0678],[-84.2343,34.0678]]],[[[-84.2353,34.0651],[-84.2354,34.065],[-84.2355,34.0652],[-84.2353,34.0651]]],[[[-84.2429,34.0597],[-84.2431,34.0597],[-84.2431,34.0598],[-84.2429,34.0597]]],[[[-84.2308,34.0521],[-84.2311,34.0522],[-84.2311,34.0524],[-84.2308,34.0524],[-84.2308,34.0521]]],[[[-84.2522,34.0511],[-84.2523,34.0511],[-84.2522,34.0511],[-84.2522,34.0511]]],[[[-84.273,34.0516],[-84.2733,34.0517],[-84.2731,34.0518],[-84.273,34.0516]]],[[[-84.2699,34.0452],[-84.27,34.0453],[-84.2699,34.0453],[-84.2699,34.0452]]]]},"properties":{"id":"usgs-pad-us-fee-managers:94847","name":"Basketball Court","kind":"land","category":"public-land","sourceCategory":"public-land","sourceId":"usgs-pad-us-fee-managers","sourceUrl":"https://services.arcgis.com/v01gqwM5QqNysAAi/arcgis/rest/services/Fee_Managers_PADUS/FeatureServer/0","sourceUpdated":"2021-04-21T04:00:00.000Z","publicUse":"PAD-US reports open access; verify current manager conditions and restrictions.","unit":"CITY","origin":"public-catalog"}},{"type":"Feature","id":"usgs-pad-us-fee-managers:94848","geometry":{"type":"MultiPolygon","coordinates":[[[[-84.2308,34.0699],[-84.2309,34.0701],[-84.2308,34.0701],[-84.2308,34.0699]]],[[[-84.2457,34.0581],[-84.2459,34.058],[-84.2459,34.0581],[-84.2457,34.0581]]],[[[-84.2749,34.0516],[-84.275,34.0518],[-84.2749,34.0518],[-84.2749,34.0516]]]]},"properties":{"id":"usgs-pad-us-fee-managers:94848","name":"Basketball Court","kind":"land","category":"public-land","sourceCategory":"public-land","sourceId":"usgs-pad-us-fee-managers","sourceUrl":"https://services.arcgis.com/v01gqwM5QqNysAAi/arcgis/rest/services/Fee_Managers_PADUS/FeatureServer/0","sourceUpdated":"2023-05-15T04:00:00.000Z","publicUse":"PAD-US reports open access; verify current manager conditions and restrictions.","unit":"CITY","origin":"public-catalog"}},{"type":"Feature","id":"usgs-pad-us-fee-managers:94849","geometry":{"type":"Polygon","coordinates":[[[-84.2796,34.1078],[-84.2797,34.1078],[-84.2797,34.108],[-84.2796,34.1078]]]},"properties":{"id":"usgs-pad-us-fee-managers:94849","name":"Batting Cage","kind":"land","category":"public-land","sourceCategory":"public-land","sourceId":"usgs-pad-us-fee-managers","sourceUrl":"https://services.arcgis.com/v01gqwM5QqNysAAi/arcgis/rest/services/Fee_Managers_PADUS/FeatureServer/0","sourceUpdated":"2023-05-15T04:00:00.000Z","publicUse":"PAD-US reports open access; verify current manager conditions and restrictions.","unit":"CITY","origin":"public-catalog"}},{"type":"Feature","id":"usgs-pad-us-fee-managers:94850","geometry":{"type":"MultiPolygon","coordinates":[[[[-84.3019,34.0785],[-84.3019,34.0784],[-84.3019,34.0785],[-84.3019,34.0785]]],[[[-84.3023,34.0783],[-84.3024,34.0783],[-84.3024,34.0783],[-84.3023,34.0783]]]]},"properties":{"id":"usgs-pad-us-fee-managers:94850","name":"Bull Pen","kind":"land","category":"public-land","sourceCategory":"public-land","sourceId":"usgs-pad-us-fee-managers","sourceUrl":"https://services.arcgis.com/v01gqwM5QqNysAAi/arcgis/rest/services/Fee_Managers_PADUS/FeatureServer/0","sourceUpdated":"2021-04-21T04:00:00.000Z","publicUse":"PAD-US reports open access; verify current manager conditions and restrictions.","unit":"CITY","origin":"public-catalog"}},{"type":"Feature","id":"usgs-pad-us-fee-managers:94851","geometry":{"type":"Polygon","coordinates":[[[-84.3272,34.0898],[-84.3275,34.0898],[-84.3275,34.0902],[-84.3272,34.0902],[-84.3272,34.0898]]]},"properties":{"id":"usgs-pad-us-fee-managers:94851","name":"Equestrian Arena","kind":"land","category":"public-land","sourceCategory":"public-land","sourceId":"usgs-pad-us-fee-managers","sourceUrl":"https://services.arcgis.com/v01gqwM5QqNysAAi/arcgis/rest/services/Fee_Managers_PADUS/FeatureServer/0","sourceUpdated":"2021-04-21T04:00:00.000Z","publicUse":"PAD-US reports open access; verify current manager conditions and restrictions.","unit":"CITY","origin":"public-catalog"}},{"type":"Feature","id":"usgs-pad-us-fee-managers:94852","geometry":{"type":"Polygon","coordinates":[[[-84.2523,34.1056],[-84.2527,34.1062],[-84.2525,34.1064],[-84.252,34.1058],[-84.2523,34.1056]]]},"properties":{"id":"usgs-pad-us-fee-managers:94852","name":"Equestrian Arena","kind":"land","category":"public-land","sourceCategory":"public-land","sourceId":"usgs-pad-us-fee-managers","sourceUrl":"https://services.arcgis.com/v01gqwM5QqNysAAi/arcgis/rest/services/Fee_Managers_PADUS/FeatureServer/0","sourceUpdated":"2023-05-15T04:00:00.000Z","publicUse":"PAD-US reports open access; verify current manager conditions and restrictions.","unit":"CITY","origin":"public-catalog"}},{"type":"Feature","id":"usgs-pad-us-fee-managers:94853","geometry":{"type":"Polygon","coordinates":[[[-84.3004,34.0777],[-84.3004,34.0786],[-84.2998,34.0786],[-84.2998,34.0777],[-84.3004,34.0777]]]},"properties":{"id":"usgs-pad-us-fee-managers:94853","name":"Football Field","kind":"land","category":"public-land","sourceCategory":"public-land","sourceId":"usgs-pad-us-fee-managers","sourceUrl":"https://services.arcgis.com/v01gqwM5QqNysAAi/arcgis/rest/services/Fee_Managers_PADUS/FeatureServer/0","sourceUpdated":"2021-04-21T04:00:00.000Z","publicUse":"PAD-US reports open access; verify current manager conditions and restrictions.","unit":"CITY","origin":"public-catalog"}},{"type":"Feature","id":"usgs-pad-us-fee-managers:94854","geometry":{"type":"Polygon","coordinates":[[[-84.2535,34.0758],[-84.254,34.0756],[-84.2544,34.0764],[-84.254,34.0766],[-84.2535,34.0758]]]},"properties":{"id":"usgs-pad-us-fee-managers:94854","name":"Football Field","kind":"land","category":"public-land","sourceCategory":"public-land","sourceId":"usgs-pad-us-fee-managers","sourceUrl":"https://services.arcgis.com/v01gqwM5QqNysAAi/arcgis/rest/services/Fee_Managers_PADUS/FeatureServer/0","sourceUpdated":"2023-05-15T04:00:00.000Z","publicUse":"PAD-US reports open access; verify current manager conditions and restrictions.","unit":"CITY","origin":"public-catalog"}},{"type":"Feature","id":"usgs-pad-us-fee-managers:94855","geometry":{"type":"MultiPolygon","coordinates":[[[[-84.2651,34.1058],[-84.2651,34.1057],[-84.2652,34.1058],[-84.2651,34.1058]]],[[[-84.2807,34.0984],[-84.2809,34.0984],[-84.2809,34.0984],[-84.2807,34.0984]]],[[[-84.2381,34.0843],[-84.2382,34.0847],[-84.2378,34.0847],[-84.2378,34.0844],[-84.2381,34.0843]]],[[[-84.2905,34.0884],[-84.2906,34.0884],[-84.2905,34.0885],[-84.2905,34.0884]]],[[[-84.2431,34.0745],[-84.2433,34.0737],[-84.2436,34.0738],[-84.2437,34.0742],[-84.2445,34.0739],[-84.2447,34.0741],[-84.2445,34.0747],[-84.2441,34.0749],[-84.2431,34.0748],[-84.2431,34.0745]]],[[[-84.2127,34.0709],[-84.2128,34.0709],[-84.2127,34.071],[-84.2127,34.0709]]],[[[-84.2121,34.0704],[-84.2123,34.0706],[-84.2122,34.0706],[-84.2121,34.0704]]],[[[-84.213,34.0705],[-84.213,34.0704],[-84.2131,34.0705],[-84.213,34.0705]]],[[[-84.2725,34.076],[-84.2727,34.0761],[-84.2725,34.0761],[-84.2725,34.076]]],[[[-84.2116,34.0697],[-84.2116,34.0696],[-84.2117,34.0696],[-84.2116,34.0697]]],[[[-84.292,34.0763],[-84.2923,34.0763],[-84.2923,34.0766],[-84.292,34.0766],[-84.292,34.0763]]],[[[-84.2304,34.0538],[-84.2306,34.0537],[-84.2306,34.0538],[-84.2304,34.0538]]],[[[-84.3296,34.0413],[-84.3297,34.0414],[-84.3296,34.0415],[-84.3296,34.0413]]]]},"properties":{"id":"usgs-pad-us-fee-managers:94855","name":"Playground","kind":"land","category":"public-land","sourceCategory":"public-land","sourceId":"usgs-pad-us-fee-managers","sourceUrl":"https://services.arcgis.com/v01gqwM5QqNysAAi/arcgis/rest/services/Fee_Managers_PADUS/FeatureServer/0","sourceUpdated":"2021-04-21T04:00:00.000Z","publicUse":"PAD-US reports open access; verify current manager conditions and restrictions.","unit":"CITY","origin":"public-catalog"}},{"type":"Feature","id":"usgs-pad-us-fee-managers:94856","geometry":{"type":"MultiPolygon","coordinates":[[[[-84.3178,34.0808],[-84.318,34.0808],[-84.318,34.0809],[-84.3178,34.0808]]],[[[-84.2279,34.0677],[-84.2281,34.0678],[-84.2279,34.0678],[-84.2279,34.0677]]]]},"properties":{"id":"usgs-pad-us-fee-managers:94856","name":"Playground","kind":"land","category":"public-land","sourceCategory":"public-land","sourceId":"usgs-pad-us-fee-managers","sourceUrl":"https://services.arcgis.com/v01gqwM5QqNysAAi/arcgis/rest/services/Fee_Managers_PADUS/FeatureServer/0","sourceUpdated":"2023-05-15T04:00:00.000Z","publicUse":"PAD-US reports open access; verify current manager conditions and restrictions.","unit":"CITY","origin":"public-catalog"}},{"type":"Feature","id":"usgs-pad-us-fee-managers:94857","geometry":{"type":"MultiPolygon","coordinates":[[[[-84.2831,34.0996],[-84.2839,34.1002],[-84.2838,34.1006],[-84.2834,34.1006],[-84.2827,34.0999],[-84.2831,34.0996]]],[[[-84.2997,34.079],[-84.2997,34.0776],[-84.3003,34.0774],[-84.3005,34.0777],[-84.3005,34.0787],[-84.3002,34.079],[-84.2997,34.079]]],[[[-84.2997,34.0787],[-84.3,34.0789],[-84.3004,34.0788],[-84.3003,34.0775],[-84.2998,34.0777],[-84.2997,34.0787]]],[[[-84.281,34.0406],[-84.282,34.0412],[-84.282,34.0416],[-84.2815,34.0417],[-84.2807,34.0411],[-84.2806,34.0408],[-84.281,34.0406]]]]},"properties":{"id":"usgs-pad-us-fee-managers:94857","name":"Running Track","kind":"land","category":"public-land","sourceCategory":"public-land","sourceId":"usgs-pad-us-fee-managers","sourceUrl":"https://services.arcgis.com/v01gqwM5QqNysAAi/arcgis/rest/services/Fee_Managers_PADUS/FeatureServer/0","sourceUpdated":"2021-04-21T04:00:00.000Z","publicUse":"PAD-US reports open access; verify current manager conditions and restrictions.","unit":"CITY","origin":"public-catalog"}},{"type":"Feature","id":"usgs-pad-us-fee-managers:94858","geometry":{"type":"MultiPolygon","coordinates":[[[[-84.2832,34.108],[-84.2819,34.1075],[-84.282,34.1071],[-84.2824,34.107],[-84.2836,34.1074],[-84.2837,34.1078],[-84.2832,34.108]]],[[[-84.2532,34.0779],[-84.2526,34.077],[-84.253,34.0766],[-84.2534,34.0767],[-84.2541,34.0778],[-84.2536,34.0781],[-84.2532,34.0779]]],[[[-84.2311,34.0695],[-84.2311,34.0691],[-84.2319,34.0693],[-84.2317,34.0706],[-84.2311,34.0705],[-84.2311,34.0695]]]]},"properties":{"id":"usgs-pad-us-fee-managers:94858","name":"Running Track","kind":"land","category":"public-land","sourceCategory":"public-land","sourceId":"usgs-pad-us-fee-managers","sourceUrl":"https://services.arcgis.com/v01gqwM5QqNysAAi/arcgis/rest/services/Fee_Managers_PADUS/FeatureServer/0","sourceUpdated":"2023-05-15T04:00:00.000Z","publicUse":"PAD-US reports open access; verify current manager conditions and restrictions.","unit":"CITY","origin":"public-catalog"}},{"type":"Feature","id":"usgs-pad-us-fee-managers:94859","geometry":{"type":"MultiPolygon","coordinates":[[[[-84.2809,34.1031],[-84.281,34.104],[-84.2804,34.104],[-84.2803,34.1031],[-84.2809,34.1031]]],[[[-84.2113,34.0721],[-84.2109,34.0721],[-84.2109,34.0712],[-84.2118,34.0713],[-84.2119,34.072],[-84.2113,34.0721]]],[[[-84.301,34.0778],[-84.3011,34.0775],[-84.3027,34.0777],[-84.3026,34.078],[-84.301,34.0778]]],[[[-84.2326,34.0518],[-84.2327,34.0524],[-84.2315,34.0523],[-84.2316,34.0517],[-84.2326,34.0518]]],[[[-84.2755,34.0517],[-84.2757,34.0514],[-84.2761,34.0517],[-84.276,34.052],[-84.2759,34.0526],[-84.2753,34.0526],[-84.2755,34.0517]]]]},"properties":{"id":"usgs-pad-us-fee-managers:94859","name":"Soccer Field","kind":"land","category":"public-land","sourceCategory":"public-land","sourceId":"usgs-pad-us-fee-managers","sourceUrl":"https://services.arcgis.com/v01gqwM5QqNysAAi/arcgis/rest/services/Fee_Managers_PADUS/FeatureServer/0","sourceUpdated":"2021-04-21T04:00:00.000Z","publicUse":"PAD-US reports open access; verify current manager conditions and restrictions.","unit":"CITY","origin":"public-catalog"}},{"type":"Feature","id":"usgs-pad-us-fee-managers:94860","geometry":{"type":"Polygon","coordinates":[[[-84.2223,34.0632],[-84.2228,34.0632],[-84.2228,34.0641],[-84.2223,34.064],[-84.2223,34.0632]]]},"properties":{"id":"usgs-pad-us-fee-managers:94860","name":"Soccer Field","kind":"land","category":"public-land","sourceCategory":"public-land","sourceId":"usgs-pad-us-fee-managers","sourceUrl":"https://services.arcgis.com/v01gqwM5QqNysAAi/arcgis/rest/services/Fee_Managers_PADUS/FeatureServer/0","sourceUpdated":"2023-05-15T04:00:00.000Z","publicUse":"PAD-US reports open access; verify current manager conditions and restrictions.","unit":"CITY","origin":"public-catalog"}},{"type":"Feature","id":"usgs-pad-us-fee-managers:94861","geometry":{"type":"MultiPolygon","coordinates":[[[[-84.2752,34.1067],[-84.2756,34.1068],[-84.2756,34.107],[-84.2752,34.1071],[-84.2752,34.1067]]],[[[-84.2648,34.1052],[-84.2654,34.1054],[-84.2653,34.1057],[-84.2647,34.1054],[-84.2648,34.1052]]],[[[-84.2645,34.103],[-84.2648,34.1031],[-84.2646,34.1033],[-84.2643,34.1032],[-84.2645,34.103]]],[[[-84.2868,34.1051],[-84.287,34.1051],[-84.287,34.1052],[-84.2868,34.1051]]],[[[-84.2853,34.1042],[-84.2855,34.1045],[-84.2854,34.1045],[-84.2853,34.1042]]],[[[-84.2855,34.1031],[-84.2857,34.1033],[-84.2855,34.1033],[-84.2855,34.1031]]],[[[-84.2561,34.0976],[-84.2564,34.0976],[-84.2564,34.0979],[-84.2561,34.0979],[-84.2561,34.0976]]],[[[-84.2833,34.0972],[-84.2837,34.0971],[-84.2834,34.0973],[-84.2833,34.0972]]],[[[-84.2905,34.0944],[-84.2907,34.0944],[-84.2906,34.0947],[-84.2905,34.0944]]],[[[-84.2207,34.0828],[-84.2208,34.0828],[-84.2208,34.083],[-84.2207,34.0828]]],[[[-84.2209,34.0828],[-84.221,34.083],[-84.2209,34.083],[-84.2209,34.0828]]],[[[-84.2822,34.0885],[-84.2826,34.0886],[-84.2825,34.0889],[-84.2822,34.0889],[-84.2822,34.0885]]],[[[-84.2706,34.087],[-84.2707,34.0868],[-84.2708,34.0869],[-84.2706,34.087]]],[[[-84.3036,34.0895],[-84.304,34.0895],[-84.304,34.0898],[-84.3037,34.0898],[-84.3036,34.0895]]],[[[-84.3078,34.086],[-84.308,34.086],[-84.308,34.0866],[-84.3078,34.0866],[-84.3078,34.086]]],[[[-84.2386,34.0791],[-84.2387,34.0793],[-84.2386,34.0793],[-84.2386,34.0791]]],[[[-84.3205,34.0864],[-84.3207,34.0867],[-84.3204,34.0867],[-84.3203,34.0864],[-84.3205,34.0864]]],[[[-84.2895,34.0829],[-84.2898,34.0828],[-84.29,34.083],[-84.2897,34.0832],[-84.2895,34.0829]]],[[[-84.3512,34.0867],[-84.3514,34.0868],[-84.3514,34.087],[-84.3512,34.0867]]],[[[-84.3235,34.0832],[-84.3238,34.0834],[-84.3236,34.0835],[-84.3235,34.0832]]],[[[-84.3259,34.0826],[-84.3261,34.0826],[-84.3261,34.083],[-84.3259,34.083],[-84.3259,34.0826]]],[[[-84.3115,34.0809],[-84.3119,34.0809],[-84.3119,34.0812],[-84.3116,34.0812],[-84.3115,34.0809]]],[[[-84.2371,34.073],[-84.2373,34.0734],[-84.2371,34.0734],[-84.2371,34.073]]],[[[-84.3389,34.0824],[-84.3392,34.0824],[-84.3392,34.0827],[-84.3389,34.0827],[-84.3389,34.0824]]],[[[-84.3008,34.0768],[-84.3014,34.0768],[-84.3014,34.0771],[-84.3008,34.0771],[-84.3008,34.0768]]],[[[-84.2433,34.0703],[-84.2436,34.0705],[-84.2432,34.0705],[-84.2433,34.0703]]],[[[-84.235,34.0682],[-84.2353,34.0681],[-84.2355,34.0683],[-84.2352,34.0685],[-84.235,34.0682]]],[[[-84.2436,34.0669],[-84.244,34.0669],[-84.2441,34.0672],[-84.2436,34.0672],[-84.2436,34.0669]]],[[[-84.2263,34.0651],[-84.2267,34.0651],[-84.2267,34.0654],[-84.2263,34.0654],[-84.2263,34.0651]]],[[[-84.228,34.0649],[-84.2283,34.0649],[-84.2283,34.0652],[-84.228,34.0652],[-84.228,34.0649]]],[[[-84.2407,34.0648],[-84.241,34.065],[-84.2407,34.0652],[-84.2405,34.065],[-84.2407,34.0648]]],[[[-84.317,34.0701],[-84.3173,34.0701],[-84.3174,34.0703],[-84.3171,34.0704],[-84.317,34.0701]]],[[[-84.2267,34.0582],[-84.2268,34.0585],[-84.2265,34.0586],[-84.2264,34.0583],[-84.2267,34.0582]]],[[[-84.2851,34.0637],[-84.2853,34.0639],[-84.2852,34.064],[-84.2851,34.0637]]],[[[-84.2386,34.0535],[-84.2389,34.0537],[-84.2386,34.0539],[-84.2384,34.0537],[-84.2386,34.0535]]],[[[-84.2621,34.0499],[-84.2624,34.0499],[-84.2624,34.0502],[-84.2621,34.0502],[-84.2621,34.0499]]],[[[-84.2911,34.0514],[-84.2913,34.0513],[-84.2912,34.0514],[-84.2911,34.0514]]],[[[-84.268,34.0471],[-84.2683,34.0471],[-84.2683,34.0474],[-84.268,34.0474],[-84.268,34.0471]]],[[[-84.2508,34.0447],[-84.2511,34.0446],[-84.2512,34.0453],[-84.2509,34.0453],[-84.2508,34.0447]]],[[[-84.268,34.0467],[-84.2684,34.0467],[-84.2683,34.047],[-84.268,34.0469],[-84.268,34.0467]]],[[[-84.262,34.0445],[-84.2624,34.0445],[-84.2624,34.0448],[-84.262,34.0448],[-84.262,34.0445]]],[[[-84.271,34.0447],[-84.2712,34.0446],[-84.2714,34.0449],[-84.271,34.0447]]],[[[-84.2705,34.0389],[-84.2702,34.0385],[-84.2705,34.0383],[-84.2702,34.0382],[-84.2705,34.0378],[-84.2714,34.0382],[-84.271,34.0387],[-84.2705,34.0389]]]]},"properties":{"id":"usgs-pad-us-fee-managers:94861","name":"Tennis Court","kind":"land","category":"public-land","sourceCategory":"public-land","sourceId":"usgs-pad-us-fee-managers","sourceUrl":"https://services.arcgis.com/v01gqwM5QqNysAAi/arcgis/rest/services/Fee_Managers_PADUS/FeatureServer/0","sourceUpdated":"2021-04-21T04:00:00.000Z","publicUse":"PAD-US reports open access; verify current manager conditions and restrictions.","unit":"CITY","origin":"public-catalog"}},{"type":"Feature","id":"usgs-pad-us-fee-managers:94862","geometry":{"type":"MultiPolygon","coordinates":[[[[-84.2664,34.1109],[-84.2667,34.1109],[-84.2667,34.1112],[-84.2664,34.1112],[-84.2664,34.1109]]],[[[-84.2668,34.1052],[-84.267,34.1052],[-84.2669,34.1055],[-84.2668,34.1052]]],[[[-84.265,34.0993],[-84.2653,34.0994],[-84.2649,34.0994],[-84.265,34.0993]]],[[[-84.2328,34.0946],[-84.2329,34.0943],[-84.2333,34.0942],[-84.2332,34.0945],[-84.2328,34.0946]]],[[[-84.283,34.0975],[-84.2832,34.0973],[-84.2836,34.0975],[-84.2834,34.0978],[-84.283,34.0975]]],[[[-84.2403,34.0897],[-84.2405,34.09],[-84.2402,34.0902],[-84.24,34.0899],[-84.2403,34.0897]]],[[[-84.3316,34.0932],[-84.3317,34.0935],[-84.3314,34.0936],[-84.3314,34.0933],[-84.3316,34.0932]]],[[[-84.278,34.0855],[-84.2783,34.0854],[-84.2783,34.0857],[-84.278,34.0858],[-84.278,34.0855]]],[[[-84.323,34.0898],[-84.3233,34.09],[-84.323,34.09],[-84.323,34.0898]]],[[[-84.2797,34.0843],[-84.28,34.0845],[-84.2797,34.0845],[-84.2797,34.0843]]],[[[-84.2395,34.0777],[-84.2396,34.0777],[-84.2396,34.0779],[-84.2395,34.0777]]],[[[-84.2787,34.0803],[-84.2791,34.0803],[-84.279,34.0806],[-84.2787,34.0806],[-84.2787,34.0803]]],[[[-84.2826,34.0802],[-84.2828,34.0801],[-84.283,34.0803],[-84.2827,34.0805],[-84.2826,34.0802]]],[[[-84.321,34.0821],[-84.3214,34.0821],[-84.3214,34.0824],[-84.321,34.0824],[-84.321,34.0821]]],[[[-84.2536,34.0754],[-84.2533,34.0748],[-84.2536,34.0747],[-84.2539,34.0751],[-84.254,34.0753],[-84.2536,34.0754]]],[[[-84.2743,34.0759],[-84.2746,34.0759],[-84.2746,34.0762],[-84.2743,34.0762],[-84.2743,34.0759]]],[[[-84.3113,34.079],[-84.3114,34.0787],[-84.3118,34.0788],[-84.3118,34.079],[-84.3113,34.079]]],[[[-84.2306,34.0692],[-84.2309,34.0693],[-84.2309,34.0699],[-84.2306,34.0699],[-84.2306,34.0692]]],[[[-84.2783,34.0742],[-84.2787,34.074],[-84.2788,34.0741],[-84.2783,34.0742]]],[[[-84.284,34.074],[-84.2843,34.074],[-84.2843,34.0744],[-84.2839,34.0744],[-84.284,34.074]]],[[[-84.228,34.0679],[-84.2282,34.0679],[-84.2281,34.0682],[-84.2278,34.0682],[-84.228,34.0679]]],[[[-84.2574,34.07],[-84.2577,34.0699],[-84.258,34.0701],[-84.2576,34.0703],[-84.2574,34.07]]],[[[-84.3028,34.074],[-84.3031,34.074],[-84.3032,34.0743],[-84.3028,34.0743],[-84.3028,34.074]]],[[[-84.2347,34.0646],[-84.235,34.0646],[-84.2351,34.0649],[-84.2347,34.0649],[-84.2347,34.0646]]],[[[-84.249,34.0662],[-84.2489,34.0656],[-84.2492,34.0656],[-84.2494,34.0662],[-84.249,34.0662]]],[[[-84.2468,34.0649],[-84.2467,34.0646],[-84.247,34.0646],[-84.2471,34.0652],[-84.2468,34.0652],[-84.2468,34.0649]]],[[[-84.2418,34.0634],[-84.2421,34.0635],[-84.2419,34.0638],[-84.2416,34.0636],[-84.2418,34.0634]]],[[[-84.2317,34.0592],[-84.2319,34.0595],[-84.2317,34.0597],[-84.2314,34.0594],[-84.2317,34.0592]]],[[[-84.2463,34.0581],[-84.2467,34.0581],[-84.2467,34.0584],[-84.2463,34.0584],[-84.2463,34.0581]]],[[[-84.2468,34.0581],[-84.2471,34.0581],[-84.2472,34.0583],[-84.2468,34.0584],[-84.2468,34.0581]]],[[[-84.239,34.0538],[-84.2391,34.0537],[-84.2394,34.054],[-84.2391,34.0542],[-84.2388,34.054],[-84.239,34.0538]]],[[[-84.2516,34.0516],[-84.2523,34.0518],[-84.2522,34.0521],[-84.2515,34.0519],[-84.2516,34.0516]]],[[[-84.2523,34.0497],[-84.2522,34.0494],[-84.2529,34.0494],[-84.2529,34.0497],[-84.2523,34.0497]]],[[[-84.2522,34.0493],[-84.2523,34.0491],[-84.2523,34.0493],[-84.2522,34.0493]]],[[[-84.2529,34.049],[-84.2531,34.049],[-84.2531,34.0493],[-84.2529,34.049]]],[[[-84.2556,34.047],[-84.256,34.047],[-84.256,34.0473],[-84.2556,34.0473],[-84.2556,34.047]]],[[[-84.2441,34.0456],[-84.2444,34.0456],[-84.2444,34.0459],[-84.2441,34.0459],[-84.2441,34.0456]]],[[[-84.2503,34.0449],[-84.2507,34.0454],[-84.2504,34.0456],[-84.2499,34.0451],[-84.2503,34.0449]]],[[[-84.2579,34.0437],[-84.2583,34.0438],[-84.2582,34.0441],[-84.2578,34.044],[-84.2579,34.0437]]],[[[-84.2746,34.0423],[-84.2749,34.0422],[-84.275,34.0425],[-84.2747,34.0426],[-84.2746,34.0423]]],[[[-84.323,34.037],[-84.3233,34.0371],[-84.3232,34.0373],[-84.3229,34.0373],[-84.323,34.037]]],[[[-84.3254,34.037],[-84.3256,34.037],[-84.3256,34.0373],[-84.3254,34.0373],[-84.3254,34.037]]]]},"properties":{"id":"usgs-pad-us-fee-managers:94862","name":"Tennis Court","kind":"land","category":"public-land","sourceCategory":"public-land","sourceId":"usgs-pad-us-fee-managers","sourceUrl":"https://services.arcgis.com/v01gqwM5QqNysAAi/arcgis/rest/services/Fee_Managers_PADUS/FeatureServer/0","sourceUpdated":"2023-05-15T04:00:00.000Z","publicUse":"PAD-US reports open access; verify current manager conditions and restrictions.","unit":"CITY","origin":"public-catalog"}},{"type":"Feature","id":"usgs-pad-us-fee-managers:94863","geometry":{"type":"MultiPolygon","coordinates":[[[[-84.269,34.0919],[-84.2692,34.0919],[-84.269,34.092],[-84.269,34.0919]]],[[[-84.301,34.0935],[-84.301,34.0934],[-84.301,34.0935],[-84.301,34.0935]]],[[[-84.2978,34.0923],[-84.2981,34.0924],[-84.2978,34.0925],[-84.2978,34.0923]]],[[[-84.2258,34.0846],[-84.2259,34.0846],[-84.226,34.0846],[-84.2258,34.0846]]],[[[-84.2258,34.0838],[-84.2259,34.0838],[-84.2259,34.0839],[-84.2258,34.0838]]],[[[-84.2388,34.0841],[-84.2389,34.084],[-84.239,34.0841],[-84.2388,34.0841]]],[[[-84.3034,34.0895],[-84.3035,34.0895],[-84.3035,34.0896],[-84.3034,34.0895]]],[[[-84.2487,34.0823],[-84.2489,34.0821],[-84.2489,34.0823],[-84.2487,34.0823]]],[[[-84.3001,34.0822],[-84.3006,34.082],[-84.3009,34.0822],[-84.3005,34.0826],[-84.3,34.0825],[-84.3001,34.0822]]],[[[-84.2091,34.0732],[-84.2092,34.0732],[-84.2092,34.0732],[-84.2091,34.0732]]],[[[-84.2129,34.0707],[-84.2131,34.0708],[-84.213,34.0708],[-84.2129,34.0707]]],[[[-84.2997,34.0787],[-84.2998,34.0777],[-84.3003,34.0775],[-84.3004,34.0788],[-84.3,34.0789],[-84.2997,34.0787]]],[[[-84.3004,34.0777],[-84.2998,34.0777],[-84.2998,34.0786],[-84.3004,34.0786],[-84.3004,34.0777]]],[[[-84.3006,34.0784],[-84.3005,34.0779],[-84.3006,34.0779],[-84.3006,34.0784]]],[[[-84.2994,34.078],[-84.2996,34.078],[-84.2996,34.0785],[-84.2994,34.0784],[-84.2994,34.078]]],[[[-84.3006,34.0782],[-84.3007,34.0782],[-84.3006,34.0783],[-84.3006,34.0782]]],[[[-84.3019,34.0783],[-84.302,34.0783],[-84.302,34.0783],[-84.3019,34.0783]]],[[[-84.302,34.0782],[-84.302,34.0782],[-84.302,34.0782],[-84.302,34.0782]]],[[[-84.3007,34.0781],[-84.3008,34.078],[-84.3008,34.0781],[-84.3007,34.0781]]],[[[-84.3236,34.0785],[-84.3237,34.0784],[-84.3237,34.0785],[-84.3236,34.0785]]],[[[-84.2232,34.0608],[-84.2233,34.0607],[-84.2234,34.061],[-84.2232,34.0608]]],[[[-84.2598,34.0562],[-84.26,34.0562],[-84.2598,34.0562],[-84.2598,34.0562]]],[[[-84.2383,34.0531],[-84.2385,34.053],[-84.2385,34.0531],[-84.2383,34.0531]]],[[[-84.2973,34.0547],[-84.2978,34.0547],[-84.2978,34.0562],[-84.2972,34.0562],[-84.2973,34.0547]]],[[[-84.2964,34.0539],[-84.2971,34.0539],[-84.2971,34.0545],[-84.2963,34.0546],[-84.2964,34.0539]]],[[[-84.3254,34.037],[-84.3254,34.0372],[-84.3252,34.0372],[-84.3254,34.037]]]]},"properties":{"id":"usgs-pad-us-fee-managers:94863","name":"Unknown","kind":"land","category":"public-land","sourceCategory":"public-land","sourceId":"usgs-pad-us-fee-managers","sourceUrl":"https://services.arcgis.com/v01gqwM5QqNysAAi/arcgis/rest/services/Fee_Managers_PADUS/FeatureServer/0","sourceUpdated":"2021-04-21T04:00:00.000Z","publicUse":"PAD-US reports open access; verify current manager conditions and restrictions.","unit":"CITY","origin":"public-catalog"}},{"type":"Feature","id":"usgs-pad-us-fee-managers:94864","geometry":{"type":"MultiPolygon","coordinates":[[[[-84.2645,34.1056],[-84.2646,34.1055],[-84.2647,34.1055],[-84.2645,34.1056]]],[[[-84.2634,34.1029],[-84.2635,34.1027],[-84.2638,34.1028],[-84.2634,34.1029]]],[[[-84.269,34.0723],[-84.2694,34.0721],[-84.2692,34.0723],[-84.269,34.0723]]],[[[-84.2931,34.0619],[-84.2935,34.0619],[-84.2935,34.062],[-84.2931,34.0619]]],[[[-84.275,34.0514],[-84.2752,34.0515],[-84.275,34.0515],[-84.275,34.0514]]]]},"properties":{"id":"usgs-pad-us-fee-managers:94864","name":"Unknown","kind":"land","category":"public-land","sourceCategory":"public-land","sourceId":"usgs-pad-us-fee-managers","sourceUrl":"https://services.arcgis.com/v01gqwM5QqNysAAi/arcgis/rest/services/Fee_Managers_PADUS/FeatureServer/0","sourceUpdated":"2023-05-15T04:00:00.000Z","publicUse":"PAD-US reports open access; verify current manager conditions and restrictions.","unit":"CITY","origin":"public-catalog"}},{"type":"Feature","id":"usgs-pad-us-fee-managers:94865","geometry":{"type":"Polygon","coordinates":[[[-84.2781,34.0806],[-84.2783,34.0805],[-84.2784,34.0806],[-84.2781,34.0806]]]},"properties":{"id":"usgs-pad-us-fee-managers:94865","name":"Volleyball Court","kind":"land","category":"public-land","sourceCategory":"public-land","sourceId":"usgs-pad-us-fee-managers","sourceUrl":"https://services.arcgis.com/v01gqwM5QqNysAAi/arcgis/rest/services/Fee_Managers_PADUS/FeatureServer/0","sourceUpdated":"2023-05-15T04:00:00.000Z","publicUse":"PAD-US reports open access; verify current manager conditions and restrictions.","unit":"CITY","origin":"public-catalog"}},{"type":"Feature","id":"usgs-pad-us-fee-managers:9497","geometry":{"type":"Polygon","coordinates":[[[-81.2934,32.5614],[-81.2935,32.5616],[-81.2934,32.562],[-81.2934,32.5614]]]},"properties":{"id":"usgs-pad-us-fee-managers:9497","name":"James W. Webb Wildlife Center","kind":"land","category":"public-land","sourceCategory":"public-land","sourceId":"usgs-pad-us-fee-managers","sourceUrl":"https://services.arcgis.com/v01gqwM5QqNysAAi/arcgis/rest/services/Fee_Managers_PADUS/FeatureServer/0","sourceUpdated":"2017-08-14T04:00:00.000Z","publicUse":"PAD-US reports restricted access; confirm permits and seasonal rules with the manager.","unit":"SFW","origin":"public-catalog"}},{"type":"Feature","id":"usgs-pad-us-fee-managers:94983","geometry":{"type":"Polygon","coordinates":[[[-84.2118,32.0797],[-84.2122,32.0795],[-84.2124,32.0801],[-84.2119,32.0802],[-84.2118,32.0797]]]},"properties":{"id":"usgs-pad-us-fee-managers:94983","name":"Mcglamry Park","kind":"land","category":"public-land","sourceCategory":"public-land","sourceId":"usgs-pad-us-fee-managers","sourceUrl":"https://services.arcgis.com/v01gqwM5QqNysAAi/arcgis/rest/services/Fee_Managers_PADUS/FeatureServer/0","sourceUpdated":"2023-05-15T04:00:00.000Z","publicUse":"PAD-US reports open access; verify current manager conditions and restrictions.","unit":"CITY","origin":"public-catalog"}},{"type":"Feature","id":"usgs-pad-us-fee-managers:94984","geometry":{"type":"Polygon","coordinates":[[[-84.2455,32.0702],[-84.2456,32.07],[-84.2463,32.0703],[-84.2471,32.071],[-84.246,32.072],[-84.2453,32.0715],[-84.2452,32.0707],[-84.2455,32.0702]]]},"properties":{"id":"usgs-pad-us-fee-managers:94984","name":"Muckalee Park","kind":"land","category":"public-land","sourceCategory":"public-land","sourceId":"usgs-pad-us-fee-managers","sourceUrl":"https://services.arcgis.com/v01gqwM5QqNysAAi/arcgis/rest/services/Fee_Managers_PADUS/FeatureServer/0","sourceUpdated":"2021-04-21T04:00:00.000Z","publicUse":"PAD-US reports open access; verify current manager conditions and restrictions.","unit":"CITY","origin":"public-catalog"}},{"type":"Feature","id":"usgs-pad-us-fee-managers:94985","geometry":{"type":"Polygon","coordinates":[[[-84.2374,32.0635],[-84.2393,32.0635],[-84.2392,32.064],[-84.237,32.0639],[-84.237,32.0636],[-84.2374,32.0635]]]},"properties":{"id":"usgs-pad-us-fee-managers:94985","name":"R. L. Freeman Park","kind":"land","category":"public-land","sourceCategory":"public-land","sourceId":"usgs-pad-us-fee-managers","sourceUrl":"https://services.arcgis.com/v01gqwM5QqNysAAi/arcgis/rest/services/Fee_Managers_PADUS/FeatureServer/0","sourceUpdated":"2023-05-15T04:00:00.000Z","publicUse":"PAD-US reports open access; verify current manager conditions and restrictions.","unit":"CITY","origin":"public-catalog"}},{"type":"Feature","id":"usgs-pad-us-fee-managers:94986","geometry":{"type":"Polygon","coordinates":[[[-84.2251,32.0671],[-84.2251,32.0666],[-84.2258,32.0666],[-84.226,32.066],[-84.2265,32.066],[-84.2265,32.0671],[-84.2257,32.0669],[-84.2257,32.0672],[-84.2251,32.0671]]]},"properties":{"id":"usgs-pad-us-fee-managers:94986","name":"Rees Park Playground","kind":"land","category":"public-land","sourceCategory":"public-land","sourceId":"usgs-pad-us-fee-managers","sourceUrl":"https://services.arcgis.com/v01gqwM5QqNysAAi/arcgis/rest/services/Fee_Managers_PADUS/FeatureServer/0","sourceUpdated":"2023-05-15T04:00:00.000Z","publicUse":"PAD-US reports open access; verify current manager conditions and restrictions.","unit":"CITY","origin":"public-catalog"}},{"type":"Feature","id":"usgs-pad-us-fee-managers:9501","geometry":{"type":"MultiPolygon","coordinates":[[[[-81.292,32.5597],[-81.2934,32.5614],[-81.2931,32.5624],[-81.2918,32.5628],[-81.2925,32.5607],[-81.292,32.5597]]],[[[-81.2916,32.5555],[-81.2913,32.5561],[-81.2912,32.5575],[-81.2908,32.5559],[-81.2916,32.5555]]]]},"properties":{"id":"usgs-pad-us-fee-managers:9501","name":"Palachucola Wildlife Management Area","kind":"land","category":"public-land","sourceCategory":"public-land","sourceId":"usgs-pad-us-fee-managers","sourceUrl":"https://services.arcgis.com/v01gqwM5QqNysAAi/arcgis/rest/services/Fee_Managers_PADUS/FeatureServer/0","sourceUpdated":"2017-08-14T04:00:00.000Z","publicUse":"PAD-US reports restricted access; confirm permits and seasonal rules with the manager.","unit":"SFW","origin":"public-catalog"}},{"type":"Feature","id":"usgs-pad-us-fee-managers:95957","geometry":{"type":"Polygon","coordinates":[[[-83.6452,31.7098],[-83.6461,31.7095],[-83.6463,31.71],[-83.6454,31.7103],[-83.6452,31.7098]]]},"properties":{"id":"usgs-pad-us-fee-managers:95957","name":"Ashburn Bank Heritage Park","kind":"land","category":"public-land","sourceCategory":"public-land","sourceId":"usgs-pad-us-fee-managers","sourceUrl":"https://services.arcgis.com/v01gqwM5QqNysAAi/arcgis/rest/services/Fee_Managers_PADUS/FeatureServer/0","sourceUpdated":"2023-05-15T04:00:00.000Z","publicUse":"PAD-US reports open access; verify current manager conditions and restrictions.","unit":"PVT","origin":"public-catalog"}},{"type":"Feature","id":"usgs-pad-us-fee-managers:96128","geometry":{"type":"Polygon","coordinates":[[[-84.4313,33.8229],[-84.4316,33.8227],[-84.432,33.8229],[-84.4316,33.8232],[-84.4313,33.8229]]]},"properties":{"id":"usgs-pad-us-fee-managers:96128","name":"1342 Hanover West Drive","kind":"land","category":"public-land","sourceCategory":"public-land","sourceId":"usgs-pad-us-fee-managers","sourceUrl":"https://services.arcgis.com/v01gqwM5QqNysAAi/arcgis/rest/services/Fee_Managers_PADUS/FeatureServer/0","sourceUpdated":"2022-03-30T04:00:00.000Z","publicUse":"PAD-US reports open access; verify current manager conditions and restrictions.","unit":"CITY","origin":"public-catalog"}},{"type":"Feature","id":"usgs-pad-us-fee-managers:96129","geometry":{"type":"Polygon","coordinates":[[[-84.4321,33.8244],[-84.4323,33.8251],[-84.4317,33.8249],[-84.4317,33.8244],[-84.4321,33.8244]]]},"properties":{"id":"usgs-pad-us-fee-managers:96129","name":"1355 Battleview Drive","kind":"land","category":"public-land","sourceCategory":"public-land","sourceId":"usgs-pad-us-fee-managers","sourceUrl":"https://services.arcgis.com/v01gqwM5QqNysAAi/arcgis/rest/services/Fee_Managers_PADUS/FeatureServer/0","sourceUpdated":"2022-03-30T04:00:00.000Z","publicUse":"PAD-US reports open access; verify current manager conditions and restrictions.","unit":"CITY","origin":"public-catalog"}},{"type":"Feature","id":"usgs-pad-us-fee-managers:96130","geometry":{"type":"Polygon","coordinates":[[[-84.3911,33.6934],[-84.3913,33.6931],[-84.3918,33.6933],[-84.3917,33.6937],[-84.3911,33.6934]]]},"properties":{"id":"usgs-pad-us-fee-managers:96130","name":"2251 Macon Drive","kind":"land","category":"public-land","sourceCategory":"public-land","sourceId":"usgs-pad-us-fee-managers","sourceUrl":"https://services.arcgis.com/v01gqwM5QqNysAAi/arcgis/rest/services/Fee_Managers_PADUS/FeatureServer/0","sourceUpdated":"2022-03-30T04:00:00.000Z","publicUse":"PAD-US reports open access; verify current manager conditions and restrictions.","unit":"CITY","origin":"public-catalog"}},{"type":"Feature","id":"usgs-pad-us-fee-managers:96131","geometry":{"type":"Polygon","coordinates":[[[-84.3581,33.8195],[-84.3583,33.8192],[-84.3588,33.8195],[-84.3587,33.8197],[-84.3581,33.8195]]]},"properties":{"id":"usgs-pad-us-fee-managers:96131","name":"2366 Armand Road","kind":"land","category":"public-land","sourceCategory":"public-land","sourceId":"usgs-pad-us-fee-managers","sourceUrl":"https://services.arcgis.com/v01gqwM5QqNysAAi/arcgis/rest/services/Fee_Managers_PADUS/FeatureServer/0","sourceUpdated":"2022-03-30T04:00:00.000Z","publicUse":"PAD-US reports open access; verify current manager conditions and restrictions.","unit":"CITY","origin":"public-catalog"}},{"type":"Feature","id":"usgs-pad-us-fee-managers:96132","geometry":{"type":"Polygon","coordinates":[[[-84.3581,33.8195],[-84.3587,33.8197],[-84.3585,33.82],[-84.3579,33.8197],[-84.3581,33.8195]]]},"properties":{"id":"usgs-pad-us-fee-managers:96132","name":"2372 Armand Road","kind":"land","category":"public-land","sourceCategory":"public-land","sourceId":"usgs-pad-us-fee-managers","sourceUrl":"https://services.arcgis.com/v01gqwM5QqNysAAi/arcgis/rest/services/Fee_Managers_PADUS/FeatureServer/0","sourceUpdated":"2022-03-30T04:00:00.000Z","publicUse":"PAD-US reports open access; verify current manager conditions and restrictions.","unit":"CITY","origin":"public-catalog"}},{"type":"Feature","id":"usgs-pad-us-fee-managers:96133","geometry":{"type":"Polygon","coordinates":[[[-84.3575,33.8194],[-84.358,33.8194],[-84.3577,33.8197],[-84.3573,33.8195],[-84.3575,33.8194]]]},"properties":{"id":"usgs-pad-us-fee-managers:96133","name":"2381 Armand Road","kind":"land","category":"public-land","sourceCategory":"public-land","sourceId":"usgs-pad-us-fee-managers","sourceUrl":"https://services.arcgis.com/v01gqwM5QqNysAAi/arcgis/rest/services/Fee_Managers_PADUS/FeatureServer/0","sourceUpdated":"2022-03-30T04:00:00.000Z","publicUse":"PAD-US reports open access; verify current manager conditions and restrictions.","unit":"CITY","origin":"public-catalog"}},{"type":"Feature","id":"usgs-pad-us-fee-managers:96134","geometry":{"type":"Polygon","coordinates":[[[-84.4003,33.8126],[-84.4003,33.8124],[-84.4011,33.8125],[-84.4003,33.8126]]]},"properties":{"id":"usgs-pad-us-fee-managers:96134","name":"391 Golfview Road","kind":"land","category":"public-land","sourceCategory":"public-land","sourceId":"usgs-pad-us-fee-managers","sourceUrl":"https://services.arcgis.com/v01gqwM5QqNysAAi/arcgis/rest/services/Fee_Managers_PADUS/FeatureServer/0","sourceUpdated":"2022-03-30T04:00:00.000Z","publicUse":"PAD-US reports open access; verify current manager conditions and restrictions.","unit":"CITY","origin":"public-catalog"}},{"type":"Feature","id":"usgs-pad-us-fee-managers:96135","geometry":{"type":"Polygon","coordinates":[[[-84.4019,33.8184],[-84.4023,33.8182],[-84.4024,33.8185],[-84.4019,33.8184]]]},"properties":{"id":"usgs-pad-us-fee-managers:96135","name":"429 Woodward Way","kind":"land","category":"public-land","sourceCategory":"public-land","sourceId":"usgs-pad-us-fee-managers","sourceUrl":"https://services.arcgis.com/v01gqwM5QqNysAAi/arcgis/rest/services/Fee_Managers_PADUS/FeatureServer/0","sourceUpdated":"2022-03-30T04:00:00.000Z","publicUse":"PAD-US reports open access; verify current manager conditions and restrictions.","unit":"CITY","origin":"public-catalog"}},{"type":"Feature","id":"usgs-pad-us-fee-managers:96136","geometry":{"type":"Polygon","coordinates":[[[-84.408,33.8207],[-84.408,33.8211],[-84.4077,33.8211],[-84.4077,33.8207],[-84.408,33.8207]]]},"properties":{"id":"usgs-pad-us-fee-managers:96136","name":"609 Woodward Way","kind":"land","category":"public-land","sourceCategory":"public-land","sourceId":"usgs-pad-us-fee-managers","sourceUrl":"https://services.arcgis.com/v01gqwM5QqNysAAi/arcgis/rest/services/Fee_Managers_PADUS/FeatureServer/0","sourceUpdated":"2022-03-30T04:00:00.000Z","publicUse":"PAD-US reports open access; verify current manager conditions and restrictions.","unit":"CITY","origin":"public-catalog"}},{"type":"Feature","id":"usgs-pad-us-fee-managers:96137","geometry":{"type":"Polygon","coordinates":[[[-84.4099,33.6954],[-84.4105,33.6954],[-84.4104,33.6958],[-84.4099,33.6958],[-84.4099,33.6954]]]},"properties":{"id":"usgs-pad-us-fee-managers:96137","name":"663 Langston Drive","kind":"land","category":"public-land","sourceCategory":"public-land","sourceId":"usgs-pad-us-fee-managers","sourceUrl":"https://services.arcgis.com/v01gqwM5QqNysAAi/arcgis/rest/services/Fee_Managers_PADUS/FeatureServer/0","sourceUpdated":"2022-03-30T04:00:00.000Z","publicUse":"PAD-US reports open access; verify current manager conditions and restrictions.","unit":"CITY","origin":"public-catalog"}},{"type":"Feature","id":"usgs-pad-us-fee-managers:96138","geometry":{"type":"Polygon","coordinates":[[[-84.4115,33.8227],[-84.4121,33.8228],[-84.4121,33.8231],[-84.4115,33.8231],[-84.4115,33.8227]]]},"properties":{"id":"usgs-pad-us-fee-managers:96138","name":"757 Woodward Way","kind":"land","category":"public-land","sourceCategory":"public-land","sourceId":"usgs-pad-us-fee-managers","sourceUrl":"https://services.arcgis.com/v01gqwM5QqNysAAi/arcgis/rest/services/Fee_Managers_PADUS/FeatureServer/0","sourceUpdated":"2022-03-30T04:00:00.000Z","publicUse":"PAD-US reports open access; verify current manager conditions and restrictions.","unit":"CITY","origin":"public-catalog"}},{"type":"Feature","id":"usgs-pad-us-fee-managers:96139","geometry":{"type":"Polygon","coordinates":[[[-84.3956,33.8164],[-84.3958,33.8161],[-84.396,33.8162],[-84.3956,33.8164]]]},"properties":{"id":"usgs-pad-us-fee-managers:96139","name":"Arborgate","kind":"land","category":"public-land","sourceCategory":"public-land","sourceId":"usgs-pad-us-fee-managers","sourceUrl":"https://services.arcgis.com/v01gqwM5QqNysAAi/arcgis/rest/services/Fee_Managers_PADUS/FeatureServer/0","sourceUpdated":"2022-03-30T04:00:00.000Z","publicUse":"PAD-US reports open access; verify current manager conditions and restrictions.","unit":"CITY","origin":"public-catalog"}},{"type":"Feature","id":"usgs-pad-us-fee-managers:96140","geometry":{"type":"Polygon","coordinates":[[[-84.378,33.8145],[-84.378,33.8124],[-84.3791,33.8123],[-84.386,33.8075],[-84.3857,33.807],[-84.386,33.8068],[-84.3855,33.8062],[-84.3862,33.8053],[-84.3856,33.8044],[-84.387,33.8032],[-84.387,33.806],[-84.3875,33.806],[-84.387,33.8063],[-84.3871,33.8074],[-84.3876,33.8078],[-84.3876,33.8081],[-84.3857,33.8089],[-84.3851,33.8093],[-84.3847,33.809],[-84.3838,33.8099],[-84.3828,33.8105],[-84.3825,33.8114],[-84.3812,33.8124],[-84.3812,33.813],[-84.3821,33.8129],[-84.378,33.8145]]]},"properties":{"id":"usgs-pad-us-fee-managers:96140","name":"Brookwood Hills","kind":"land","category":"public-land","sourceCategory":"public-land","sourceId":"usgs-pad-us-fee-managers","sourceUrl":"https://services.arcgis.com/v01gqwM5QqNysAAi/arcgis/rest/services/Fee_Managers_PADUS/FeatureServer/0","sourceUpdated":"2022-03-30T04:00:00.000Z","publicUse":"PAD-US reports open access; verify current manager conditions and restrictions.","unit":"CITY","origin":"public-catalog"}},{"type":"Feature","id":"usgs-pad-us-fee-managers:96141","geometry":{"type":"Polygon","coordinates":[[[-84.3414,33.7408],[-84.342,33.7408],[-84.3419,33.7411],[-84.3414,33.7411],[-84.3414,33.7408]]]},"properties":{"id":"usgs-pad-us-fee-managers:96141","name":"Monument Avenue","kind":"land","category":"public-land","sourceCategory":"public-land","sourceId":"usgs-pad-us-fee-managers","sourceUrl":"https://services.arcgis.com/v01gqwM5QqNysAAi/arcgis/rest/services/Fee_Managers_PADUS/FeatureServer/0","sourceUpdated":"2022-03-30T04:00:00.000Z","publicUse":"PAD-US reports open access; verify current manager conditions and restrictions.","unit":"CITY","origin":"public-catalog"}},{"type":"Feature","id":"usgs-pad-us-fee-managers:96142","geometry":{"type":"Polygon","coordinates":[[[-84.303,33.7492],[-84.3036,33.7495],[-84.3039,33.75],[-84.303,33.7497],[-84.303,33.7492]]]},"properties":{"id":"usgs-pad-us-fee-managers:96142","name":"Roseclair (a.k.a. Ornstein)","kind":"land","category":"public-land","sourceCategory":"public-land","sourceId":"usgs-pad-us-fee-managers","sourceUrl":"https://services.arcgis.com/v01gqwM5QqNysAAi/arcgis/rest/services/Fee_Managers_PADUS/FeatureServer/0","sourceUpdated":"2022-03-30T04:00:00.000Z","publicUse":"PAD-US reports open access; verify current manager conditions and restrictions.","unit":"CITY","origin":"public-catalog"}},{"type":"Feature","id":"usgs-pad-us-fee-managers:96143","geometry":{"type":"Polygon","coordinates":[[[-84.4551,33.7928],[-84.4523,33.7929],[-84.4517,33.792],[-84.4523,33.7913],[-84.4524,33.7907],[-84.4513,33.7899],[-84.4513,33.7887],[-84.4508,33.7885],[-84.4508,33.788],[-84.4519,33.788],[-84.4521,33.7888],[-84.4516,33.7892],[-84.4515,33.7895],[-84.4532,33.7903],[-84.4529,33.7913],[-84.4524,33.7921],[-84.4533,33.7924],[-84.4547,33.7921],[-84.4553,33.7922],[-84.4568,33.7935],[-84.4568,33.7944],[-84.4561,33.7949],[-84.4562,33.7962],[-84.4547,33.7962],[-84.4546,33.796],[-84.4553,33.7956],[-84.4558,33.7943],[-84.4557,33.7934],[-84.4551,33.7928]]]},"properties":{"id":"usgs-pad-us-fee-managers:96143","name":"West Highlands","kind":"land","category":"public-land","sourceCategory":"public-land","sourceId":"usgs-pad-us-fee-managers","sourceUrl":"https://services.arcgis.com/v01gqwM5QqNysAAi/arcgis/rest/services/Fee_Managers_PADUS/FeatureServer/0","sourceUpdated":"2022-03-30T04:00:00.000Z","publicUse":"PAD-US reports open access; verify current manager conditions and restrictions.","unit":"CITY","origin":"public-catalog"}},{"type":"Feature","id":"usgs-pad-us-fee-managers:96144","geometry":{"type":"Polygon","coordinates":[[[-84.4563,33.8209],[-84.4556,33.8207],[-84.4555,33.8203],[-84.4549,33.8203],[-84.4549,33.8198],[-84.4568,33.8198],[-84.4577,33.8202],[-84.4583,33.8198],[-84.4589,33.8198],[-84.4591,33.8208],[-84.4583,33.8211],[-84.4571,33.8212],[-84.4563,33.8212],[-84.4563,33.8209]]]},"properties":{"id":"usgs-pad-us-fee-managers:96144","name":"Whetstone Wetland","kind":"land","category":"public-land","sourceCategory":"public-land","sourceId":"usgs-pad-us-fee-managers","sourceUrl":"https://services.arcgis.com/v01gqwM5QqNysAAi/arcgis/rest/services/Fee_Managers_PADUS/FeatureServer/0","sourceUpdated":"2022-03-30T04:00:00.000Z","publicUse":"PAD-US reports open access; verify current manager conditions and restrictions.","unit":"CITY","origin":"public-catalog"}},{"type":"Feature","id":"usgs-pad-us-fee-managers:96145","geometry":{"type":"Polygon","coordinates":[[[-84.5086,33.7396],[-84.5088,33.7392],[-84.51,33.7399],[-84.5102,33.7406],[-84.5086,33.7396]]]},"properties":{"id":"usgs-pad-us-fee-managers:96145","name":"Doctors Memorial Park","kind":"land","category":"public-land","sourceCategory":"public-land","sourceId":"usgs-pad-us-fee-managers","sourceUrl":"https://services.arcgis.com/v01gqwM5QqNysAAi/arcgis/rest/services/Fee_Managers_PADUS/FeatureServer/0","sourceUpdated":"2022-02-17T05:00:00.000Z","publicUse":"PAD-US reports open access; verify current manager conditions and restrictions.","unit":"CITY","origin":"public-catalog"}},{"type":"Feature","id":"usgs-pad-us-fee-managers:96146","geometry":{"type":"Polygon","coordinates":[[[-84.3582,33.8405],[-84.3597,33.8405],[-84.36,33.8415],[-84.3582,33.8415],[-84.3582,33.8405]]]},"properties":{"id":"usgs-pad-us-fee-managers:96146","name":"Indian Creek Park","kind":"land","category":"public-land","sourceCategory":"public-land","sourceId":"usgs-pad-us-fee-managers","sourceUrl":"https://services.arcgis.com/v01gqwM5QqNysAAi/arcgis/rest/services/Fee_Managers_PADUS/FeatureServer/0","sourceUpdated":"2022-02-17T05:00:00.000Z","publicUse":"PAD-US reports open access; verify current manager conditions and restrictions.","unit":"CITY","origin":"public-catalog"}},{"type":"Feature","id":"usgs-pad-us-fee-managers:96147","geometry":{"type":"Polygon","coordinates":[[[-84.395,33.7885],[-84.3957,33.7885],[-84.3957,33.7887],[-84.395,33.7887],[-84.395,33.7885]]]},"properties":{"id":"usgs-pad-us-fee-managers:96147","name":"1237 Holly Street","kind":"land","category":"public-land","sourceCategory":"public-land","sourceId":"usgs-pad-us-fee-managers","sourceUrl":"https://services.arcgis.com/v01gqwM5QqNysAAi/arcgis/rest/services/Fee_Managers_PADUS/FeatureServer/0","sourceUpdated":"2020-03-06T05:00:00.000Z","publicUse":"PAD-US reports open access; verify current manager conditions and restrictions.","unit":"CITY","origin":"public-catalog"}},{"type":"Feature","id":"usgs-pad-us-fee-managers:96148","geometry":{"type":"Polygon","coordinates":[[[-84.4626,33.8188],[-84.4629,33.8186],[-84.463,33.8191],[-84.4622,33.8196],[-84.4623,33.8192],[-84.4626,33.8188]]]},"properties":{"id":"usgs-pad-us-fee-managers:96148","name":"2310 Bolton Rd","kind":"land","category":"public-land","sourceCategory":"public-land","sourceId":"usgs-pad-us-fee-managers","sourceUrl":"https://services.arcgis.com/v01gqwM5QqNysAAi/arcgis/rest/services/Fee_Managers_PADUS/FeatureServer/0","sourceUpdated":"2023-05-15T04:00:00.000Z","publicUse":"PAD-US reports open access; verify current manager conditions and restrictions.","unit":"CITY","origin":"public-catalog"}},{"type":"Feature","id":"usgs-pad-us-fee-managers:96149","geometry":{"type":"Polygon","coordinates":[[[-84.3904,33.7766],[-84.3914,33.7766],[-84.3914,33.7772],[-84.3905,33.7772],[-84.3904,33.7766]]]},"properties":{"id":"usgs-pad-us-fee-managers:96149","name":"5th St Plaza","kind":"land","category":"public-land","sourceCategory":"public-land","sourceId":"usgs-pad-us-fee-managers","sourceUrl":"https://services.arcgis.com/v01gqwM5QqNysAAi/arcgis/rest/services/Fee_Managers_PADUS/FeatureServer/0","sourceUpdated":"2022-02-17T05:00:00.000Z","publicUse":"PAD-US reports open access; verify current manager conditions and restrictions.","unit":"CITY","origin":"public-catalog"}},{"type":"Feature","id":"usgs-pad-us-fee-managers:96150","geometry":{"type":"Polygon","coordinates":[[[-84.3592,33.8146],[-84.3601,33.8138],[-84.36,33.8147],[-84.3592,33.8146]]]},"properties":{"id":"usgs-pad-us-fee-managers:96150","name":"Armand Rd Park","kind":"land","category":"public-land","sourceCategory":"public-land","sourceId":"usgs-pad-us-fee-managers","sourceUrl":"https://services.arcgis.com/v01gqwM5QqNysAAi/arcgis/rest/services/Fee_Managers_PADUS/FeatureServer/0","sourceUpdated":"2023-05-15T04:00:00.000Z","publicUse":"PAD-US reports open access; verify current manager conditions and restrictions.","unit":"CITY","origin":"public-catalog"}},{"type":"Feature","id":"usgs-pad-us-fee-managers:96152","geometry":{"type":"Polygon","coordinates":[[[-84.4411,33.7627],[-84.4418,33.7627],[-84.4418,33.7635],[-84.4411,33.7635],[-84.4411,33.7627]]]},"properties":{"id":"usgs-pad-us-fee-managers:96152","name":"Boone And West Lake","kind":"land","category":"public-land","sourceCategory":"public-land","sourceId":"usgs-pad-us-fee-managers","sourceUrl":"https://services.arcgis.com/v01gqwM5QqNysAAi/arcgis/rest/services/Fee_Managers_PADUS/FeatureServer/0","sourceUpdated":"2023-05-15T04:00:00.000Z","publicUse":"PAD-US reports open access; verify current manager conditions and restrictions.","unit":"CITY","origin":"public-catalog"}},{"type":"Feature","id":"usgs-pad-us-fee-managers:96153","geometry":{"type":"Polygon","coordinates":[[[-84.3739,33.6924],[-84.3746,33.6924],[-84.3746,33.692],[-84.3752,33.692],[-84.3752,33.6916],[-84.3758,33.6916],[-84.3758,33.692],[-84.3774,33.6921],[-84.3771,33.6927],[-84.3774,33.6927],[-84.3773,33.6929],[-84.3739,33.6929],[-84.3739,33.6924]]]},"properties":{"id":"usgs-pad-us-fee-managers:96153","name":"Browns Mill Food Forest","kind":"land","category":"public-land","sourceCategory":"public-land","sourceId":"usgs-pad-us-fee-managers","sourceUrl":"https://services.arcgis.com/v01gqwM5QqNysAAi/arcgis/rest/services/Fee_Managers_PADUS/FeatureServer/0","sourceUpdated":"2020-03-06T05:00:00.000Z","publicUse":"PAD-US reports open access; verify current manager conditions and restrictions.","unit":"CITY","origin":"public-catalog"}},{"type":"Feature","id":"usgs-pad-us-fee-managers:96154","geometry":{"type":"Polygon","coordinates":[[[-84.4822,33.699],[-84.4833,33.6983],[-84.4843,33.6992],[-84.482,33.7011],[-84.4812,33.6999],[-84.4822,33.699]]]},"properties":{"id":"usgs-pad-us-fee-managers:96154","name":"Campbellton Road Park","kind":"land","category":"public-land","sourceCategory":"public-land","sourceId":"usgs-pad-us-fee-managers","sourceUrl":"https://services.arcgis.com/v01gqwM5QqNysAAi/arcgis/rest/services/Fee_Managers_PADUS/FeatureServer/0","sourceUpdated":"2023-05-15T04:00:00.000Z","publicUse":"PAD-US reports open access; verify current manager conditions and restrictions.","unit":"CITY","origin":"public-catalog"}},{"type":"Feature","id":"usgs-pad-us-fee-managers:96155","geometry":{"type":"Polygon","coordinates":[[[-84.409,33.7144],[-84.4094,33.7144],[-84.4094,33.7147],[-84.409,33.7147],[-84.409,33.7144]]]},"properties":{"id":"usgs-pad-us-fee-managers:96155","name":"Capitol View Garden","kind":"land","category":"public-land","sourceCategory":"public-land","sourceId":"usgs-pad-us-fee-managers","sourceUrl":"https://services.arcgis.com/v01gqwM5QqNysAAi/arcgis/rest/services/Fee_Managers_PADUS/FeatureServer/0","sourceUpdated":"2023-05-15T04:00:00.000Z","publicUse":"PAD-US reports open access; verify current manager conditions and restrictions.","unit":"CITY","origin":"public-catalog"}},{"type":"Feature","id":"usgs-pad-us-fee-managers:96156","geometry":{"type":"MultiPolygon","coordinates":[[[[-84.3728,33.7762],[-84.3729,33.7763],[-84.3728,33.7771],[-84.3728,33.7762]]],[[[-84.3728,33.7754],[-84.3728,33.7754],[-84.3728,33.7761],[-84.3728,33.7754]]],[[[-84.3728,33.7748],[-84.3729,33.7748],[-84.3728,33.7752],[-84.3728,33.7748]]]]},"properties":{"id":"usgs-pad-us-fee-managers:96156","name":"Charles Allen Median","kind":"land","category":"public-land","sourceCategory":"public-land","sourceId":"usgs-pad-us-fee-managers","sourceUrl":"https://services.arcgis.com/v01gqwM5QqNysAAi/arcgis/rest/services/Fee_Managers_PADUS/FeatureServer/0","sourceUpdated":"2023-05-15T04:00:00.000Z","publicUse":"PAD-US reports open access; verify current manager conditions and restrictions.","unit":"CITY","origin":"public-catalog"}},{"type":"Feature","id":"usgs-pad-us-fee-managers:96157","geometry":{"type":"MultiPolygon","coordinates":[[[[-84.4807,33.8159],[-84.4819,33.8159],[-84.4803,33.8171],[-84.4798,33.8166],[-84.4804,33.8159],[-84.4807,33.8159]]],[[[-84.4701,33.826],[-84.4698,33.8254],[-84.4725,33.823],[-84.4779,33.8175],[-84.4788,33.8174],[-84.4794,33.8171],[-84.4799,33.8175],[-84.4777,33.8202],[-84.4737,33.8237],[-84.4704,33.8265],[-84.4691,33.827],[-84.4689,33.8266],[-84.4701,33.826]]]]},"properties":{"id":"usgs-pad-us-fee-managers:96157","name":"Chattahoochee Trail","kind":"land","category":"public-land","sourceCategory":"public-land","sourceId":"usgs-pad-us-fee-managers","sourceUrl":"https://services.arcgis.com/v01gqwM5QqNysAAi/arcgis/rest/services/Fee_Managers_PADUS/FeatureServer/0","sourceUpdated":"2023-05-15T04:00:00.000Z","publicUse":"PAD-US reports open access; verify current manager conditions and restrictions.","unit":"CITY","origin":"public-catalog"}},{"type":"Feature","id":"usgs-pad-us-fee-managers:96158","geometry":{"type":"Polygon","coordinates":[[[-84.4068,33.7631],[-84.4068,33.7628],[-84.4065,33.7628],[-84.4065,33.7613],[-84.4078,33.7613],[-84.4078,33.7601],[-84.4085,33.7601],[-84.4085,33.7605],[-84.4088,33.7605],[-84.4085,33.7607],[-84.4088,33.7607],[-84.4088,33.7634],[-84.4067,33.7634],[-84.4068,33.7631]]]},"properties":{"id":"usgs-pad-us-fee-managers:96158","name":"Cook Park","kind":"land","category":"public-land","sourceCategory":"public-land","sourceId":"usgs-pad-us-fee-managers","sourceUrl":"https://services.arcgis.com/v01gqwM5QqNysAAi/arcgis/rest/services/Fee_Managers_PADUS/FeatureServer/0","sourceUpdated":"2022-03-18T04:00:00.000Z","publicUse":"PAD-US reports open access; verify current manager conditions and restrictions.","unit":"CITY","origin":"public-catalog"}},{"type":"Feature","id":"usgs-pad-us-fee-managers:96159","geometry":{"type":"MultiPolygon","coordinates":[[[[-84.5045,33.6891],[-84.5041,33.689],[-84.5034,33.6874],[-84.5037,33.6864],[-84.5033,33.6856],[-84.5031,33.6836],[-84.504,33.683],[-84.5037,33.6839],[-84.5038,33.6855],[-84.5043,33.6867],[-84.5041,33.6875],[-84.5038,33.6876],[-84.5047,33.6888],[-84.5045,33.6891]]],[[[-84.5038,33.6828],[-84.5038,33.6828],[-84.5038,33.6828],[-84.5038,33.6828]]],[[[-84.5038,33.6828],[-84.5034,33.6824],[-84.5038,33.6824],[-84.5037,33.6812],[-84.5035,33.6813],[-84.5036,33.6811],[-84.5027,33.6804],[-84.5034,33.6804],[-84.5044,33.6815],[-84.5046,33.6814],[-84.5043,33.6816],[-84.5043,33.6818],[-84.506,33.6822],[-84.506,33.6827],[-84.5053,33.6827],[-84.5053,33.6824],[-84.5044,33.6823],[-84.5044,33.6827],[-84.5038,33.6828]]],[[[-84.4998,33.6763],[-84.5001,33.6763],[-84.5003,33.6774],[-84.4997,33.677],[-84.4998,33.6763]]]]},"properties":{"id":"usgs-pad-us-fee-managers:96159","name":"Coventry Station Ce","kind":"land","category":"public-land","sourceCategory":"public-land","sourceId":"usgs-pad-us-fee-managers","sourceUrl":"https://services.arcgis.com/v01gqwM5QqNysAAi/arcgis/rest/services/Fee_Managers_PADUS/FeatureServer/0","sourceUpdated":"2023-05-15T04:00:00.000Z","publicUse":"PAD-US reports open access; verify current manager conditions and restrictions.","unit":"CITY","origin":"public-catalog"}},{"type":"Feature","id":"usgs-pad-us-fee-managers:96160","geometry":{"type":"MultiPolygon","coordinates":[[[[-84.487,33.7725],[-84.4852,33.773],[-84.4854,33.7724],[-84.4852,33.773],[-84.4843,33.773],[-84.4849,33.7719],[-84.4856,33.7722],[-84.487,33.772],[-84.487,33.7725]]],[[[-84.487,33.7725],[-84.487,33.7725],[-84.487,33.7725],[-84.487,33.7725]]]]},"properties":{"id":"usgs-pad-us-fee-managers:96160","name":"Drake Park","kind":"land","category":"public-land","sourceCategory":"public-land","sourceId":"usgs-pad-us-fee-managers","sourceUrl":"https://services.arcgis.com/v01gqwM5QqNysAAi/arcgis/rest/services/Fee_Managers_PADUS/FeatureServer/0","sourceUpdated":"2023-05-15T04:00:00.000Z","publicUse":"PAD-US reports open access; verify current manager conditions and restrictions.","unit":"CITY","origin":"public-catalog"}},{"type":"Feature","id":"usgs-pad-us-fee-managers:96161","geometry":{"type":"MultiPolygon","coordinates":[[[[-84.4275,33.7562],[-84.428,33.7563],[-84.428,33.7567],[-84.4259,33.7566],[-84.426,33.7563],[-84.4275,33.7562]]],[[[-84.4281,33.7565],[-84.4297,33.7564],[-84.4298,33.7565],[-84.4281,33.7565]]]]},"properties":{"id":"usgs-pad-us-fee-managers:96161","name":"Ella Mae Brayboy Park","kind":"land","category":"public-land","sourceCategory":"public-land","sourceId":"usgs-pad-us-fee-managers","sourceUrl":"https://services.arcgis.com/v01gqwM5QqNysAAi/arcgis/rest/services/Fee_Managers_PADUS/FeatureServer/0","sourceUpdated":"2023-05-15T04:00:00.000Z","publicUse":"PAD-US reports open access; verify current manager conditions and restrictions.","unit":"CITY","origin":"public-catalog"}},{"type":"Feature","id":"usgs-pad-us-fee-managers:96162","geometry":{"type":"Polygon","coordinates":[[[-84.3942,33.742],[-84.3944,33.742],[-84.3944,33.7425],[-84.3943,33.7425],[-84.3942,33.742]]]},"properties":{"id":"usgs-pad-us-fee-managers:96162","name":"Fulton-Pryor Island","kind":"land","category":"public-land","sourceCategory":"public-land","sourceId":"usgs-pad-us-fee-managers","sourceUrl":"https://services.arcgis.com/v01gqwM5QqNysAAi/arcgis/rest/services/Fee_Managers_PADUS/FeatureServer/0","sourceUpdated":"2023-05-15T04:00:00.000Z","publicUse":"PAD-US reports open access; verify current manager conditions and restrictions.","unit":"CITY","origin":"public-catalog"}},{"type":"Feature","id":"usgs-pad-us-fee-managers:96163","geometry":{"type":"Polygon","coordinates":[[[-84.4018,33.8106],[-84.4026,33.8105],[-84.403,33.8109],[-84.4029,33.8121],[-84.4025,33.8124],[-84.4019,33.8116],[-84.401,33.8109],[-84.4018,33.8106]]]},"properties":{"id":"usgs-pad-us-fee-managers:96163","name":"Howard Park","kind":"land","category":"public-land","sourceCategory":"public-land","sourceId":"usgs-pad-us-fee-managers","sourceUrl":"https://services.arcgis.com/v01gqwM5QqNysAAi/arcgis/rest/services/Fee_Managers_PADUS/FeatureServer/0","sourceUpdated":"2023-05-15T04:00:00.000Z","publicUse":"PAD-US reports open access; verify current manager conditions and restrictions.","unit":"CITY","origin":"public-catalog"}},{"type":"Feature","id":"usgs-pad-us-fee-managers:96164","geometry":{"type":"Polygon","coordinates":[[[-84.3771,33.7545],[-84.3779,33.7545],[-84.3779,33.7554],[-84.3773,33.755],[-84.3771,33.7545]]]},"properties":{"id":"usgs-pad-us-fee-managers:96164","name":"John Wesley Dobbs Park","kind":"land","category":"public-land","sourceCategory":"public-land","sourceId":"usgs-pad-us-fee-managers","sourceUrl":"https://services.arcgis.com/v01gqwM5QqNysAAi/arcgis/rest/services/Fee_Managers_PADUS/FeatureServer/0","sourceUpdated":"2023-05-15T04:00:00.000Z","publicUse":"PAD-US reports open access; verify current manager conditions and restrictions.","unit":"CITY","origin":"public-catalog"}},{"type":"Feature","id":"usgs-pad-us-fee-managers:96165","geometry":{"type":"Polygon","coordinates":[[[-84.4159,33.7647],[-84.4157,33.7642],[-84.416,33.7641],[-84.4157,33.7641],[-84.4157,33.7635],[-84.4167,33.7635],[-84.4166,33.7649],[-84.4156,33.7649],[-84.4156,33.7647],[-84.4159,33.7647]]]},"properties":{"id":"usgs-pad-us-fee-managers:96165","name":"Kathryn Johnston Memorial Park","kind":"land","category":"public-land","sourceCategory":"public-land","sourceId":"usgs-pad-us-fee-managers","sourceUrl":"https://services.arcgis.com/v01gqwM5QqNysAAi/arcgis/rest/services/Fee_Managers_PADUS/FeatureServer/0","sourceUpdated":"2020-03-06T05:00:00.000Z","publicUse":"PAD-US reports open access; verify current manager conditions and restrictions.","unit":"CITY","origin":"public-catalog"}},{"type":"Feature","id":"usgs-pad-us-fee-managers:96166","geometry":{"type":"Polygon","coordinates":[[[-84.5233,33.7602],[-84.5248,33.7603],[-84.5248,33.7626],[-84.5226,33.7626],[-84.5227,33.7621],[-84.5234,33.7616],[-84.5232,33.7615],[-84.5236,33.761],[-84.5233,33.7602]]]},"properties":{"id":"usgs-pad-us-fee-managers:96166","name":"Klaus Park and Preserve in Bakers Ferry","kind":"land","category":"public-land","sourceCategory":"public-land","sourceId":"usgs-pad-us-fee-managers","sourceUrl":"https://services.arcgis.com/v01gqwM5QqNysAAi/arcgis/rest/services/Fee_Managers_PADUS/FeatureServer/0","sourceUpdated":"2023-05-15T04:00:00.000Z","publicUse":"PAD-US reports open access; verify current manager conditions and restrictions.","unit":"CITY","origin":"public-catalog"}},{"type":"Feature","id":"usgs-pad-us-fee-managers:96167","geometry":{"type":"Polygon","coordinates":[[[-84.3601,33.833],[-84.3606,33.8335],[-84.3598,33.8344],[-84.3601,33.833]]]},"properties":{"id":"usgs-pad-us-fee-managers:96167","name":"Lindbergh/Morossgo","kind":"land","category":"public-land","sourceCategory":"public-land","sourceId":"usgs-pad-us-fee-managers","sourceUrl":"https://services.arcgis.com/v01gqwM5QqNysAAi/arcgis/rest/services/Fee_Managers_PADUS/FeatureServer/0","sourceUpdated":"2021-04-28T04:00:00.000Z","publicUse":"PAD-US reports open access; verify current manager conditions and restrictions.","unit":"CITY","origin":"public-catalog"}},{"type":"Feature","id":"usgs-pad-us-fee-managers:96168","geometry":{"type":"MultiPolygon","coordinates":[[[[-84.358,33.8648],[-84.358,33.8639],[-84.3599,33.8638],[-84.3599,33.8648],[-84.358,33.8648]]],[[[-84.358,33.8648],[-84.358,33.8649],[-84.358,33.8648],[-84.358,33.8648]]]]},"properties":{"id":"usgs-pad-us-fee-managers:96168","name":"Little Nancy Creek Park","kind":"land","category":"public-land","sourceCategory":"public-land","sourceId":"usgs-pad-us-fee-managers","sourceUrl":"https://services.arcgis.com/v01gqwM5QqNysAAi/arcgis/rest/services/Fee_Managers_PADUS/FeatureServer/0","sourceUpdated":"2023-05-15T04:00:00.000Z","publicUse":"PAD-US reports open access; verify current manager conditions and restrictions.","unit":"CITY","origin":"public-catalog"}},{"type":"Feature","id":"usgs-pad-us-fee-managers:96169","geometry":{"type":"MultiPolygon","coordinates":[[[[-84.3889,33.6731],[-84.3889,33.6735],[-84.3879,33.6735],[-84.3879,33.6728],[-84.3883,33.6728],[-84.3883,33.6733],[-84.3889,33.6731]]],[[[-84.3889,33.6731],[-84.3889,33.6731],[-84.3889,33.6731],[-84.3889,33.6731]]]]},"properties":{"id":"usgs-pad-us-fee-managers:96169","name":"Macon Drive Park","kind":"land","category":"public-land","sourceCategory":"public-land","sourceId":"usgs-pad-us-fee-managers","sourceUrl":"https://services.arcgis.com/v01gqwM5QqNysAAi/arcgis/rest/services/Fee_Managers_PADUS/FeatureServer/0","sourceUpdated":"2023-05-15T04:00:00.000Z","publicUse":"PAD-US reports open access; verify current manager conditions and restrictions.","unit":"CITY","origin":"public-catalog"}},{"type":"Feature","id":"usgs-pad-us-fee-managers:96170","geometry":{"type":"MultiPolygon","coordinates":[[[[-84.3911,33.7555],[-84.3911,33.7555],[-84.3915,33.7559],[-84.3911,33.7555]]],[[[-84.3906,33.755],[-84.391,33.7554],[-84.391,33.7554],[-84.3906,33.755]]],[[[-84.3902,33.7547],[-84.3903,33.7547],[-84.3905,33.7548],[-84.3902,33.7547]]]]},"properties":{"id":"usgs-pad-us-fee-managers:96170","name":"Marietta Street Island","kind":"land","category":"public-land","sourceCategory":"public-land","sourceId":"usgs-pad-us-fee-managers","sourceUrl":"https://services.arcgis.com/v01gqwM5QqNysAAi/arcgis/rest/services/Fee_Managers_PADUS/FeatureServer/0","sourceUpdated":"2023-05-15T04:00:00.000Z","publicUse":"PAD-US reports open access; verify current manager conditions and restrictions.","unit":"CITY","origin":"public-catalog"}},{"type":"Feature","id":"usgs-pad-us-fee-managers:96171","geometry":{"type":"Polygon","coordinates":[[[-84.3651,33.8684],[-84.3649,33.8683],[-84.3654,33.8679],[-84.3659,33.8685],[-84.3662,33.868],[-84.3667,33.8679],[-84.3672,33.8684],[-84.3678,33.868],[-84.3681,33.8682],[-84.3679,33.8697],[-84.3672,33.8697],[-84.3662,33.8701],[-84.3653,33.8697],[-84.3656,33.8687],[-84.3651,33.8684]]]},"properties":{"id":"usgs-pad-us-fee-managers:96171","name":"Mountain Way Commons","kind":"land","category":"public-land","sourceCategory":"public-land","sourceId":"usgs-pad-us-fee-managers","sourceUrl":"https://services.arcgis.com/v01gqwM5QqNysAAi/arcgis/rest/services/Fee_Managers_PADUS/FeatureServer/0","sourceUpdated":"2023-05-15T04:00:00.000Z","publicUse":"PAD-US reports open access; verify current manager conditions and restrictions.","unit":"CITY","origin":"public-catalog"}},{"type":"Feature","id":"usgs-pad-us-fee-managers:96172","geometry":{"type":"Polygon","coordinates":[[[-84.3703,33.8568],[-84.3707,33.8567],[-84.3709,33.8573],[-84.3705,33.8574],[-84.3703,33.8568]]]},"properties":{"id":"usgs-pad-us-fee-managers:96172","name":"Old Ivy Road Park","kind":"land","category":"public-land","sourceCategory":"public-land","sourceId":"usgs-pad-us-fee-managers","sourceUrl":"https://services.arcgis.com/v01gqwM5QqNysAAi/arcgis/rest/services/Fee_Managers_PADUS/FeatureServer/0","sourceUpdated":"2023-05-15T04:00:00.000Z","publicUse":"PAD-US reports open access; verify current manager conditions and restrictions.","unit":"CITY","origin":"public-catalog"}},{"type":"Feature","id":"usgs-pad-us-fee-managers:96173","geometry":{"type":"Polygon","coordinates":[[[-84.361,33.8343],[-84.3614,33.834],[-84.3613,33.8344],[-84.361,33.8343]]]},"properties":{"id":"usgs-pad-us-fee-managers:96173","name":"Peachtree Park","kind":"land","category":"public-land","sourceCategory":"public-land","sourceId":"usgs-pad-us-fee-managers","sourceUrl":"https://services.arcgis.com/v01gqwM5QqNysAAi/arcgis/rest/services/Fee_Managers_PADUS/FeatureServer/0","sourceUpdated":"2023-05-15T04:00:00.000Z","publicUse":"PAD-US reports open access; verify current manager conditions and restrictions.","unit":"CITY","origin":"public-catalog"}},{"type":"Feature","id":"usgs-pad-us-fee-managers:96174","geometry":{"type":"Polygon","coordinates":[[[-84.3817,33.7612],[-84.3816,33.7611],[-84.3819,33.7612],[-84.382,33.7617],[-84.3817,33.7612]]]},"properties":{"id":"usgs-pad-us-fee-managers:96174","name":"Piedmont Harris Park","kind":"land","category":"public-land","sourceCategory":"public-land","sourceId":"usgs-pad-us-fee-managers","sourceUrl":"https://services.arcgis.com/v01gqwM5QqNysAAi/arcgis/rest/services/Fee_Managers_PADUS/FeatureServer/0","sourceUpdated":"2023-05-15T04:00:00.000Z","publicUse":"PAD-US reports open access; verify current manager conditions and restrictions.","unit":"CITY","origin":"public-catalog"}},{"type":"Feature","id":"usgs-pad-us-fee-managers:96175","geometry":{"type":"MultiPolygon","coordinates":[[[[-84.3927,33.7368],[-84.3932,33.7368],[-84.3927,33.7368],[-84.3927,33.7368]]],[[[-84.3941,33.7368],[-84.3941,33.7369],[-84.3938,33.7368],[-84.3941,33.7368]]],[[[-84.3953,33.7368],[-84.3953,33.7369],[-84.3949,33.7369],[-84.3953,33.7368]]],[[[-84.3962,33.7369],[-84.3967,33.7369],[-84.3962,33.7369],[-84.3962,33.7369]]],[[[-84.3975,33.7369],[-84.398,33.7369],[-84.3975,33.7369],[-84.3975,33.7369]]],[[[-84.3987,33.7369],[-84.399,33.737],[-84.3986,33.737],[-84.3987,33.7369]]],[[[-84.3993,33.737],[-84.3998,33.737],[-84.3998,33.737],[-84.3993,33.737]]],[[[-84.4001,33.737],[-84.4007,33.737],[-84.4001,33.737],[-84.4001,33.737]]],[[[-84.4011,33.737],[-84.4011,33.737],[-84.4009,33.737],[-84.4011,33.737]]]]},"properties":{"id":"usgs-pad-us-fee-managers:96175","name":"Ralph David Abernathy Median","kind":"land","category":"public-land","sourceCategory":"public-land","sourceId":"usgs-pad-us-fee-managers","sourceUrl":"https://services.arcgis.com/v01gqwM5QqNysAAi/arcgis/rest/services/Fee_Managers_PADUS/FeatureServer/0","sourceUpdated":"2023-05-15T04:00:00.000Z","publicUse":"PAD-US reports open access; verify current manager conditions and restrictions.","unit":"CITY","origin":"public-catalog"}},{"type":"Feature","id":"usgs-pad-us-fee-managers:96176","geometry":{"type":"Polygon","coordinates":[[[-84.4732,33.784],[-84.4737,33.784],[-84.4734,33.7845],[-84.4728,33.7845],[-84.4728,33.7841],[-84.4732,33.784]]]},"properties":{"id":"usgs-pad-us-fee-managers:96176","name":"Watkins Park","kind":"land","category":"public-land","sourceCategory":"public-land","sourceId":"usgs-pad-us-fee-managers","sourceUrl":"https://services.arcgis.com/v01gqwM5QqNysAAi/arcgis/rest/services/Fee_Managers_PADUS/FeatureServer/0","sourceUpdated":"2023-05-15T04:00:00.000Z","publicUse":"PAD-US reports open access; verify current manager conditions and restrictions.","unit":"CITY","origin":"public-catalog"}},{"type":"Feature","id":"usgs-pad-us-fee-managers:96177","geometry":{"type":"Polygon","coordinates":[[[-84.4539,33.8191],[-84.4539,33.8186],[-84.4529,33.8183],[-84.452,33.8185],[-84.452,33.8183],[-84.453,33.8181],[-84.454,33.8183],[-84.4542,33.8191],[-84.4548,33.819],[-84.4547,33.8193],[-84.4539,33.8191]]]},"properties":{"id":"usgs-pad-us-fee-managers:96177","name":"Whetstone Creek Park","kind":"land","category":"public-land","sourceCategory":"public-land","sourceId":"usgs-pad-us-fee-managers","sourceUrl":"https://services.arcgis.com/v01gqwM5QqNysAAi/arcgis/rest/services/Fee_Managers_PADUS/FeatureServer/0","sourceUpdated":"2023-05-15T04:00:00.000Z","publicUse":"PAD-US reports open access; verify current manager conditions and restrictions.","unit":"CITY","origin":"public-catalog"}},{"type":"Feature","id":"usgs-pad-us-fee-managers:96178","geometry":{"type":"MultiPolygon","coordinates":[[[[-84.3629,33.8434],[-84.361,33.8416],[-84.3607,33.84],[-84.36,33.8384],[-84.3597,33.8359],[-84.3604,33.8319],[-84.3608,33.8312],[-84.3607,33.8305],[-84.362,33.8299],[-84.3624,33.829],[-84.3631,33.8285],[-84.3632,33.827],[-84.3632,33.8285],[-84.3624,33.8291],[-84.3621,33.83],[-84.3608,33.8306],[-84.361,33.8314],[-84.3606,33.8323],[-84.3606,33.8327],[-84.3603,33.8329],[-84.3598,33.836],[-84.3603,33.8384],[-84.3613,33.8402],[-84.3611,33.8414],[-84.3626,33.8429],[-84.363,33.8429],[-84.3631,33.8434],[-84.3626,33.8438],[-84.3629,33.8434]]],[[[-84.3706,33.8519],[-84.3711,33.8517],[-84.3707,33.853],[-84.3707,33.8542],[-84.3702,33.856],[-84.3705,33.8574],[-84.3699,33.8575],[-84.3703,33.8573],[-84.37,33.8562],[-84.3704,33.8548],[-84.3706,33.8519]]],[[[-84.3689,33.858],[-84.3692,33.8575],[-84.3689,33.8614],[-84.3686,33.8624],[-84.3684,33.8638],[-84.3683,33.8637],[-84.3688,33.8609],[-84.3689,33.858]]]]},"properties":{"id":"usgs-pad-us-fee-managers:96178","name":"Path 400","kind":"land","category":"public-land","sourceCategory":"public-land","sourceId":"usgs-pad-us-fee-managers","sourceUrl":"https://services.arcgis.com/v01gqwM5QqNysAAi/arcgis/rest/services/Fee_Managers_PADUS/FeatureServer/0","sourceUpdated":"2022-03-30T04:00:00.000Z","publicUse":"PAD-US reports open access; verify current manager conditions and restrictions.","unit":"CITY","origin":"public-catalog"}},{"type":"Feature","id":"usgs-pad-us-fee-managers:96226","geometry":{"type":"Polygon","coordinates":[[[-83.8253,34.0073],[-83.8274,34.0068],[-83.8279,34.0077],[-83.8269,34.0081],[-83.826,34.0088],[-83.8253,34.0073]]]},"properties":{"id":"usgs-pad-us-fee-managers:96226","name":"6Th Street Dog Park","kind":"land","category":"public-land","sourceCategory":"public-land","sourceId":"usgs-pad-us-fee-managers","sourceUrl":"https://services.arcgis.com/v01gqwM5QqNysAAi/arcgis/rest/services/Fee_Managers_PADUS/FeatureServer/0","sourceUpdated":"2023-05-15T04:00:00.000Z","publicUse":"PAD-US does not report an access classification; verify with the land manager.","unit":"CITY","origin":"public-catalog"}},{"type":"Feature","id":"usgs-pad-us-fee-managers:96227","geometry":{"type":"Polygon","coordinates":[[[-83.8224,34.0107],[-83.8218,34.0104],[-83.8227,34.0095],[-83.8231,34.0097],[-83.8224,34.0107]]]},"properties":{"id":"usgs-pad-us-fee-managers:96227","name":"Auburn Center","kind":"land","category":"public-land","sourceCategory":"public-land","sourceId":"usgs-pad-us-fee-managers","sourceUrl":"https://services.arcgis.com/v01gqwM5QqNysAAi/arcgis/rest/services/Fee_Managers_PADUS/FeatureServer/0","sourceUpdated":"2023-05-15T04:00:00.000Z","publicUse":"PAD-US does not report an access classification; verify with the land manager.","unit":"CITY","origin":"public-catalog"}},{"type":"Feature","id":"usgs-pad-us-fee-managers:96228","geometry":{"type":"Polygon","coordinates":[[[-83.8262,34.0138],[-83.8264,34.0134],[-83.8272,34.0137],[-83.827,34.0141],[-83.8262,34.0138]]]},"properties":{"id":"usgs-pad-us-fee-managers:96228","name":"Auburn Community Garden","kind":"land","category":"public-land","sourceCategory":"public-land","sourceId":"usgs-pad-us-fee-managers","sourceUrl":"https://services.arcgis.com/v01gqwM5QqNysAAi/arcgis/rest/services/Fee_Managers_PADUS/FeatureServer/0","sourceUpdated":"2023-05-15T04:00:00.000Z","publicUse":"PAD-US reports open access; verify current manager conditions and restrictions.","unit":"CITY","origin":"public-catalog"}},{"type":"Feature","id":"usgs-pad-us-fee-managers:96292","geometry":{"type":"Polygon","coordinates":[[[-83.8262,34.0138],[-83.8259,34.0143],[-83.8251,34.014],[-83.8254,34.0134],[-83.8262,34.0138]]]},"properties":{"id":"usgs-pad-us-fee-managers:96292","name":"Roy E. Parks Childrens Park","kind":"land","category":"public-land","sourceCategory":"public-land","sourceId":"usgs-pad-us-fee-managers","sourceUrl":"https://services.arcgis.com/v01gqwM5QqNysAAi/arcgis/rest/services/Fee_Managers_PADUS/FeatureServer/0","sourceUpdated":"2023-05-15T04:00:00.000Z","publicUse":"PAD-US reports open access; verify current manager conditions and restrictions.","unit":"CITY","origin":"public-catalog"}},{"type":"Feature","id":"usgs-pad-us-fee-managers:96310","geometry":{"type":"Polygon","coordinates":[[[-83.827,34.0141],[-83.8273,34.0135],[-83.8279,34.0137],[-83.8277,34.0143],[-83.827,34.0141]]]},"properties":{"id":"usgs-pad-us-fee-managers:96310","name":"Whistlestop Park & Whistlestop Shops","kind":"land","category":"public-land","sourceCategory":"public-land","sourceId":"usgs-pad-us-fee-managers","sourceUrl":"https://services.arcgis.com/v01gqwM5QqNysAAi/arcgis/rest/services/Fee_Managers_PADUS/FeatureServer/0","sourceUpdated":"2023-05-15T04:00:00.000Z","publicUse":"PAD-US reports open access; verify current manager conditions and restrictions.","unit":"CITY","origin":"public-catalog"}},{"type":"Feature","id":"usgs-pad-us-fee-managers:96324","geometry":{"type":"Polygon","coordinates":[[[-83.8262,34.0138],[-83.827,34.0141],[-83.8267,34.0147],[-83.8259,34.0144],[-83.8262,34.0138]]]},"properties":{"id":"usgs-pad-us-fee-managers:96324","name":"Auburn Public Library","kind":"land","category":"public-land","sourceCategory":"public-land","sourceId":"usgs-pad-us-fee-managers","sourceUrl":"https://services.arcgis.com/v01gqwM5QqNysAAi/arcgis/rest/services/Fee_Managers_PADUS/FeatureServer/0","sourceUpdated":"2023-05-15T04:00:00.000Z","publicUse":"PAD-US reports open access; verify current manager conditions and restrictions.","unit":"CITY","origin":"public-catalog"}},{"type":"Feature","id":"usgs-pad-us-fee-managers:96329","geometry":{"type":"Polygon","coordinates":[[[-81.9656,33.4792],[-81.9657,33.4788],[-81.9662,33.4791],[-81.966,33.4792],[-81.9661,33.4793],[-81.9656,33.4792]]]},"properties":{"id":"usgs-pad-us-fee-managers:96329","name":"Jessy Norman Amphiteater","kind":"land","category":"public-land","sourceCategory":"public-land","sourceId":"usgs-pad-us-fee-managers","sourceUrl":"https://services.arcgis.com/v01gqwM5QqNysAAi/arcgis/rest/services/Fee_Managers_PADUS/FeatureServer/0","sourceUpdated":"2022-06-07T04:00:00.000Z","publicUse":"PAD-US reports open access; verify current manager conditions and restrictions.","unit":"CITY","origin":"public-catalog"}},{"type":"Feature","id":"usgs-pad-us-fee-managers:96331","geometry":{"type":"Polygon","coordinates":[[[-81.9784,33.2626],[-81.9788,33.2622],[-81.9794,33.2621],[-81.9797,33.2618],[-81.9805,33.2622],[-81.9798,33.2628],[-81.9793,33.2627],[-81.9798,33.2633],[-81.9791,33.2638],[-81.9786,33.2636],[-81.9789,33.2631],[-81.9784,33.2626]]]},"properties":{"id":"usgs-pad-us-fee-managers:96331","name":"McBean Community Park","kind":"land","category":"public-land","sourceCategory":"public-land","sourceId":"usgs-pad-us-fee-managers","sourceUrl":"https://services.arcgis.com/v01gqwM5QqNysAAi/arcgis/rest/services/Fee_Managers_PADUS/FeatureServer/0","sourceUpdated":"2022-06-07T04:00:00.000Z","publicUse":"PAD-US reports open access; verify current manager conditions and restrictions.","unit":"CITY","origin":"public-catalog"}},{"type":"Feature","id":"usgs-pad-us-fee-managers:96375","geometry":{"type":"Polygon","coordinates":[[[-84.6366,33.8116],[-84.6368,33.8119],[-84.6365,33.812],[-84.6366,33.8116]]]},"properties":{"id":"usgs-pad-us-fee-managers:96375","name":"James Park","kind":"land","category":"public-land","sourceCategory":"public-land","sourceId":"usgs-pad-us-fee-managers","sourceUrl":"https://services.arcgis.com/v01gqwM5QqNysAAi/arcgis/rest/services/Fee_Managers_PADUS/FeatureServer/0","sourceUpdated":"2023-05-15T04:00:00.000Z","publicUse":"PAD-US reports open access; verify current manager conditions and restrictions.","unit":"CITY","origin":"public-catalog"}},{"type":"Feature","id":"usgs-pad-us-fee-managers:96376","geometry":{"type":"Polygon","coordinates":[[[-84.6347,33.8043],[-84.6357,33.8037],[-84.6359,33.8045],[-84.6356,33.8048],[-84.6347,33.8043]]]},"properties":{"id":"usgs-pad-us-fee-managers:96376","name":"Louise Suggs Memorial","kind":"land","category":"public-land","sourceCategory":"public-land","sourceId":"usgs-pad-us-fee-managers","sourceUrl":"https://services.arcgis.com/v01gqwM5QqNysAAi/arcgis/rest/services/Fee_Managers_PADUS/FeatureServer/0","sourceUpdated":"2023-05-15T04:00:00.000Z","publicUse":"PAD-US reports open access; verify current manager conditions and restrictions.","unit":"CITY","origin":"public-catalog"}},{"type":"Feature","id":"usgs-pad-us-fee-managers:96377","geometry":{"type":"Polygon","coordinates":[[[-84.6348,33.8125],[-84.6349,33.8126],[-84.6347,33.8127],[-84.6348,33.8125]]]},"properties":{"id":"usgs-pad-us-fee-managers:96377","name":"Mayor'S Park","kind":"land","category":"public-land","sourceCategory":"public-land","sourceId":"usgs-pad-us-fee-managers","sourceUrl":"https://services.arcgis.com/v01gqwM5QqNysAAi/arcgis/rest/services/Fee_Managers_PADUS/FeatureServer/0","sourceUpdated":"2023-05-15T04:00:00.000Z","publicUse":"PAD-US reports open access; verify current manager conditions and restrictions.","unit":"CITY","origin":"public-catalog"}},{"type":"Feature","id":"usgs-pad-us-fee-managers:96378","geometry":{"type":"Polygon","coordinates":[[[-84.6336,33.8187],[-84.6341,33.819],[-84.634,33.8192],[-84.6337,33.8192],[-84.6336,33.8187]]]},"properties":{"id":"usgs-pad-us-fee-managers:96378","name":"Pine Grove Park","kind":"land","category":"public-land","sourceCategory":"public-land","sourceId":"usgs-pad-us-fee-managers","sourceUrl":"https://services.arcgis.com/v01gqwM5QqNysAAi/arcgis/rest/services/Fee_Managers_PADUS/FeatureServer/0","sourceUpdated":"2023-05-15T04:00:00.000Z","publicUse":"PAD-US reports open access; verify current manager conditions and restrictions.","unit":"CITY","origin":"public-catalog"}},{"type":"Feature","id":"usgs-pad-us-fee-managers:96379","geometry":{"type":"MultiPolygon","coordinates":[[[[-84.63,33.813],[-84.6301,33.8135],[-84.6292,33.8136],[-84.6289,33.8134],[-84.6294,33.813],[-84.63,33.813]]],[[[-84.6297,33.8126],[-84.63,33.8129],[-84.6293,33.8129],[-84.6288,33.8133],[-84.6284,33.8131],[-84.6289,33.8126],[-84.6297,33.8126]]]]},"properties":{"id":"usgs-pad-us-fee-managers:96379","name":"Veterans Memorial Park","kind":"land","category":"public-land","sourceCategory":"public-land","sourceId":"usgs-pad-us-fee-managers","sourceUrl":"https://services.arcgis.com/v01gqwM5QqNysAAi/arcgis/rest/services/Fee_Managers_PADUS/FeatureServer/0","sourceUpdated":"2023-05-15T04:00:00.000Z","publicUse":"PAD-US reports open access; verify current manager conditions and restrictions.","unit":"CITY","origin":"public-catalog"}},{"type":"Feature","id":"usgs-pad-us-fee-managers:96380","geometry":{"type":"Polygon","coordinates":[[[-84.6285,33.8147],[-84.6285,33.8143],[-84.6289,33.8142],[-84.6294,33.8147],[-84.6285,33.8147]]]},"properties":{"id":"usgs-pad-us-fee-managers:96380","name":"Washington St","kind":"land","category":"public-land","sourceCategory":"public-land","sourceId":"usgs-pad-us-fee-managers","sourceUrl":"https://services.arcgis.com/v01gqwM5QqNysAAi/arcgis/rest/services/Fee_Managers_PADUS/FeatureServer/0","sourceUpdated":"2023-05-15T04:00:00.000Z","publicUse":"PAD-US reports open access; verify current manager conditions and restrictions.","unit":"CITY","origin":"public-catalog"}},{"type":"Feature","id":"usgs-pad-us-fee-managers:96517","geometry":{"type":"Polygon","coordinates":[[[-84.5793,30.9079],[-84.5794,30.9082],[-84.5781,30.9083],[-84.5781,30.9079],[-84.5793,30.9079]]]},"properties":{"id":"usgs-pad-us-fee-managers:96517","name":"Chason Park","kind":"land","category":"public-land","sourceCategory":"public-land","sourceId":"usgs-pad-us-fee-managers","sourceUrl":"https://services.arcgis.com/v01gqwM5QqNysAAi/arcgis/rest/services/Fee_Managers_PADUS/FeatureServer/0","sourceUpdated":"2023-05-15T04:00:00.000Z","publicUse":"PAD-US reports open access; verify current manager conditions and restrictions.","unit":"CITY","origin":"public-catalog"}},{"type":"Feature","id":"usgs-pad-us-fee-managers:96519","geometry":{"type":"Polygon","coordinates":[[[-84.5598,30.8973],[-84.5618,30.8973],[-84.5618,30.8976],[-84.5598,30.8976],[-84.5598,30.8973]]]},"properties":{"id":"usgs-pad-us-fee-managers:96519","name":"College Street Park","kind":"land","category":"public-land","sourceCategory":"public-land","sourceId":"usgs-pad-us-fee-managers","sourceUrl":"https://services.arcgis.com/v01gqwM5QqNysAAi/arcgis/rest/services/Fee_Managers_PADUS/FeatureServer/0","sourceUpdated":"2023-05-15T04:00:00.000Z","publicUse":"PAD-US reports open access; verify current manager conditions and restrictions.","unit":"CITY","origin":"public-catalog"}},{"type":"Feature","id":"usgs-pad-us-fee-managers:96520","geometry":{"type":"Polygon","coordinates":[[[-84.558,30.9002],[-84.5593,30.9002],[-84.5593,30.902],[-84.558,30.902],[-84.558,30.9002]]]},"properties":{"id":"usgs-pad-us-fee-managers:96520","name":"Collier Street Park","kind":"land","category":"public-land","sourceCategory":"public-land","sourceId":"usgs-pad-us-fee-managers","sourceUrl":"https://services.arcgis.com/v01gqwM5QqNysAAi/arcgis/rest/services/Fee_Managers_PADUS/FeatureServer/0","sourceUpdated":"2023-05-15T04:00:00.000Z","publicUse":"PAD-US reports open access; verify current manager conditions and restrictions.","unit":"CITY","origin":"public-catalog"}},{"type":"Feature","id":"usgs-pad-us-fee-managers:96528","geometry":{"type":"Polygon","coordinates":[[[-84.5911,30.9209],[-84.5912,30.9207],[-84.5915,30.9213],[-84.5912,30.9218],[-84.5909,30.9214],[-84.5911,30.9209]]]},"properties":{"id":"usgs-pad-us-fee-managers:96528","name":"Lake Drive Park","kind":"land","category":"public-land","sourceCategory":"public-land","sourceId":"usgs-pad-us-fee-managers","sourceUrl":"https://services.arcgis.com/v01gqwM5QqNysAAi/arcgis/rest/services/Fee_Managers_PADUS/FeatureServer/0","sourceUpdated":"2023-05-15T04:00:00.000Z","publicUse":"PAD-US reports open access; verify current manager conditions and restrictions.","unit":"CITY","origin":"public-catalog"}},{"type":"Feature","id":"usgs-pad-us-fee-managers:96543","geometry":{"type":"Polygon","coordinates":[[[-84.5531,30.8905],[-84.5534,30.8903],[-84.5534,30.8909],[-84.5522,30.8912],[-84.5518,30.891],[-84.5531,30.8905]]]},"properties":{"id":"usgs-pad-us-fee-managers:96543","name":"Pineland Drive Park","kind":"land","category":"public-land","sourceCategory":"public-land","sourceId":"usgs-pad-us-fee-managers","sourceUrl":"https://services.arcgis.com/v01gqwM5QqNysAAi/arcgis/rest/services/Fee_Managers_PADUS/FeatureServer/0","sourceUpdated":"2023-05-15T04:00:00.000Z","publicUse":"PAD-US reports open access; verify current manager conditions and restrictions.","unit":"CITY","origin":"public-catalog"}},{"type":"Feature","id":"usgs-pad-us-fee-managers:96578","geometry":{"type":"Polygon","coordinates":[[[-83.5502,34.486],[-83.5521,34.4859],[-83.5505,34.4872],[-83.5502,34.486]]]},"properties":{"id":"usgs-pad-us-fee-managers:96578","name":"Mitchell Gailey Memorial City Park","kind":"land","category":"public-land","sourceCategory":"public-land","sourceId":"usgs-pad-us-fee-managers","sourceUrl":"https://services.arcgis.com/v01gqwM5QqNysAAi/arcgis/rest/services/Fee_Managers_PADUS/FeatureServer/0","sourceUpdated":"2023-05-15T04:00:00.000Z","publicUse":"PAD-US reports open access; verify current manager conditions and restrictions.","unit":"CITY","origin":"public-catalog"}},{"type":"Feature","id":"usgs-pad-us-fee-managers:96638","geometry":{"type":"Polygon","coordinates":[[[-84.1546,33.0488],[-84.1562,33.049],[-84.1563,33.0502],[-84.1557,33.0503],[-84.1545,33.0497],[-84.1538,33.0496],[-84.1537,33.0489],[-84.1546,33.0488]]]},"properties":{"id":"usgs-pad-us-fee-managers:96638","name":"Summersfield Park","kind":"land","category":"public-land","sourceCategory":"public-land","sourceId":"usgs-pad-us-fee-managers","sourceUrl":"https://services.arcgis.com/v01gqwM5QqNysAAi/arcgis/rest/services/Fee_Managers_PADUS/FeatureServer/0","sourceUpdated":"2023-05-15T04:00:00.000Z","publicUse":"PAD-US reports open access; verify current manager conditions and restrictions.","unit":"CITY","origin":"public-catalog"}},{"type":"Feature","id":"usgs-pad-us-fee-managers:96799","geometry":{"type":"Polygon","coordinates":[[[-82.348,31.7904],[-82.3478,31.7868],[-82.349,31.787],[-82.3497,31.7882],[-82.3501,31.79],[-82.3494,31.79],[-82.3491,31.7906],[-82.348,31.7904]]]},"properties":{"id":"usgs-pad-us-fee-managers:96799","name":"Parker Recreational Park","kind":"land","category":"public-land","sourceCategory":"public-land","sourceId":"usgs-pad-us-fee-managers","sourceUrl":"https://services.arcgis.com/v01gqwM5QqNysAAi/arcgis/rest/services/Fee_Managers_PADUS/FeatureServer/0","sourceUpdated":"2023-05-15T04:00:00.000Z","publicUse":"PAD-US reports open access; verify current manager conditions and restrictions.","unit":"CITY","origin":"public-catalog"}},{"type":"Feature","id":"usgs-pad-us-fee-managers:96800","geometry":{"type":"Polygon","coordinates":[[[-82.3505,31.7781],[-82.3508,31.7775],[-82.352,31.778],[-82.3518,31.7786],[-82.3505,31.7781]]]},"properties":{"id":"usgs-pad-us-fee-managers:96800","name":"Water Works Park","kind":"land","category":"public-land","sourceCategory":"public-land","sourceId":"usgs-pad-us-fee-managers","sourceUrl":"https://services.arcgis.com/v01gqwM5QqNysAAi/arcgis/rest/services/Fee_Managers_PADUS/FeatureServer/0","sourceUpdated":"2023-05-15T04:00:00.000Z","publicUse":"PAD-US reports open access; verify current manager conditions and restrictions.","unit":"CITY","origin":"public-catalog"}},{"type":"Feature","id":"usgs-pad-us-fee-managers:97453","geometry":{"type":"Polygon","coordinates":[[[-84.1892,33.987],[-84.1894,33.9868],[-84.1895,33.9878],[-84.1891,33.9874],[-84.1892,33.987]]]},"properties":{"id":"usgs-pad-us-fee-managers:97453","name":"Henderson Nature Preserve","kind":"land","category":"public-land","sourceCategory":"public-land","sourceId":"usgs-pad-us-fee-managers","sourceUrl":"https://services.arcgis.com/v01gqwM5QqNysAAi/arcgis/rest/services/Fee_Managers_PADUS/FeatureServer/0","sourceUpdated":"2023-05-15T04:00:00.000Z","publicUse":"PAD-US reports open access; verify current manager conditions and restrictions.","unit":"CITY","origin":"public-catalog"}},{"type":"Feature","id":"usgs-pad-us-fee-managers:97782","geometry":{"type":"MultiPolygon","coordinates":[[[[-82.2408,31.3021],[-82.2413,31.3025],[-82.2405,31.3031],[-82.24,31.3027],[-82.2408,31.3021]]],[[[-82.2415,31.3016],[-82.2421,31.3012],[-82.2426,31.3016],[-82.2414,31.3024],[-82.241,31.3021],[-82.2415,31.3016]]]]},"properties":{"id":"usgs-pad-us-fee-managers:97782","name":"Blackshear City Park","kind":"land","category":"public-land","sourceCategory":"public-land","sourceId":"usgs-pad-us-fee-managers","sourceUrl":"https://services.arcgis.com/v01gqwM5QqNysAAi/arcgis/rest/services/Fee_Managers_PADUS/FeatureServer/0","sourceUpdated":"2023-05-15T04:00:00.000Z","publicUse":"PAD-US reports open access; verify current manager conditions and restrictions.","unit":"CITY","origin":"public-catalog"}},{"type":"Feature","id":"usgs-pad-us-fee-managers:98668","geometry":{"type":"Polygon","coordinates":[[[-83.7904,34.095],[-83.7901,34.0945],[-83.7904,34.094],[-83.7902,34.0936],[-83.7961,34.0947],[-83.797,34.0952],[-83.7987,34.0944],[-83.7991,34.0944],[-83.7991,34.0946],[-83.7988,34.0949],[-83.7991,34.0955],[-83.7975,34.0958],[-83.7973,34.0961],[-83.7945,34.0972],[-83.7948,34.0983],[-83.7945,34.0984],[-83.7944,34.0994],[-83.7922,34.1002],[-83.7904,34.095]]]},"properties":{"id":"usgs-pad-us-fee-managers:98668","name":"124 Park","kind":"land","category":"public-land","sourceCategory":"public-land","sourceId":"usgs-pad-us-fee-managers","sourceUrl":"https://services.arcgis.com/v01gqwM5QqNysAAi/arcgis/rest/services/Fee_Managers_PADUS/FeatureServer/0","sourceUpdated":"2023-05-15T04:00:00.000Z","publicUse":"PAD-US reports open access; verify current manager conditions and restrictions.","unit":"CITY","origin":"public-catalog"}},{"type":"Feature","id":"usgs-pad-us-fee-managers:98685","geometry":{"type":"Polygon","coordinates":[[[-85.1423,33.7229],[-85.1431,33.7226],[-85.1437,33.7235],[-85.1427,33.7239],[-85.1423,33.7229]]]},"properties":{"id":"usgs-pad-us-fee-managers:98685","name":"Newbern Soccer Complex","kind":"land","category":"public-land","sourceCategory":"public-land","sourceId":"usgs-pad-us-fee-managers","sourceUrl":"https://services.arcgis.com/v01gqwM5QqNysAAi/arcgis/rest/services/Fee_Managers_PADUS/FeatureServer/0","sourceUpdated":"2023-05-15T04:00:00.000Z","publicUse":"PAD-US reports open access; verify current manager conditions and restrictions.","unit":"CITY","origin":"public-catalog"}},{"type":"Feature","id":"usgs-pad-us-fee-managers:99012","geometry":{"type":"MultiPolygon","coordinates":[[[[-84.3097,33.875],[-84.3097,33.8751],[-84.3097,33.875],[-84.3097,33.875]]],[[[-84.3097,33.875],[-84.3096,33.8728],[-84.3154,33.8729],[-84.3154,33.8736],[-84.3142,33.874],[-84.3142,33.875],[-84.3097,33.875]]]]},"properties":{"id":"usgs-pad-us-fee-managers:99012","name":"Ashford Forest Preserve","kind":"land","category":"public-land","sourceCategory":"public-land","sourceId":"usgs-pad-us-fee-managers","sourceUrl":"https://services.arcgis.com/v01gqwM5QqNysAAi/arcgis/rest/services/Fee_Managers_PADUS/FeatureServer/0","sourceUpdated":"2019-11-15T05:00:00.000Z","publicUse":"PAD-US reports open access; verify current manager conditions and restrictions.","unit":"CITY","origin":"public-catalog"}},{"type":"Feature","id":"usgs-pad-us-fee-managers:99109","geometry":{"type":"Polygon","coordinates":[[[-81.4816,31.1439],[-81.4823,31.1437],[-81.4825,31.1441],[-81.4817,31.1444],[-81.4816,31.1439]]]},"properties":{"id":"usgs-pad-us-fee-managers:99109","name":"Dixville Park","kind":"land","category":"public-land","sourceCategory":"public-land","sourceId":"usgs-pad-us-fee-managers","sourceUrl":"https://services.arcgis.com/v01gqwM5QqNysAAi/arcgis/rest/services/Fee_Managers_PADUS/FeatureServer/0","sourceUpdated":"2023-05-15T04:00:00.000Z","publicUse":"PAD-US reports open access; verify current manager conditions and restrictions.","unit":"CITY","origin":"public-catalog"}},{"type":"Feature","id":"usgs-pad-us-fee-managers:99118","geometry":{"type":"Polygon","coordinates":[[[-81.4832,31.1564],[-81.4839,31.1565],[-81.4839,31.157],[-81.4831,31.1569],[-81.4832,31.1564]]]},"properties":{"id":"usgs-pad-us-fee-managers:99118","name":"Urbana Park","kind":"land","category":"public-land","sourceCategory":"public-land","sourceId":"usgs-pad-us-fee-managers","sourceUrl":"https://services.arcgis.com/v01gqwM5QqNysAAi/arcgis/rest/services/Fee_Managers_PADUS/FeatureServer/0","sourceUpdated":"2023-05-15T04:00:00.000Z","publicUse":"PAD-US reports open access; verify current manager conditions and restrictions.","unit":"CITY","origin":"public-catalog"}},{"type":"Feature","id":"usgs-pad-us-fee-managers:99674","geometry":{"type":"Polygon","coordinates":[[[-84.963,34.4933],[-84.9649,34.492],[-84.965,34.4925],[-84.9639,34.4937],[-84.963,34.4933]]]},"properties":{"id":"usgs-pad-us-fee-managers:99674","name":"Black & Yellow Playground","kind":"land","category":"public-land","sourceCategory":"public-land","sourceId":"usgs-pad-us-fee-managers","sourceUrl":"https://services.arcgis.com/v01gqwM5QqNysAAi/arcgis/rest/services/Fee_Managers_PADUS/FeatureServer/0","sourceUpdated":"2021-04-21T04:00:00.000Z","publicUse":"PAD-US reports open access; verify current manager conditions and restrictions.","unit":"CITY","origin":"public-catalog"}},{"type":"Feature","id":"usgs-pad-us-fee-managers:99675","geometry":{"type":"Polygon","coordinates":[[[-84.9517,34.5139],[-84.9534,34.5143],[-84.9533,34.5171],[-84.9525,34.5178],[-84.9516,34.518],[-84.9514,34.5179],[-84.9517,34.5139]]]},"properties":{"id":"usgs-pad-us-fee-managers:99675","name":"Fields","kind":"land","category":"public-land","sourceCategory":"public-land","sourceId":"usgs-pad-us-fee-managers","sourceUrl":"https://services.arcgis.com/v01gqwM5QqNysAAi/arcgis/rest/services/Fee_Managers_PADUS/FeatureServer/0","sourceUpdated":"2023-05-15T04:00:00.000Z","publicUse":"PAD-US reports open access; verify current manager conditions and restrictions.","unit":"CITY","origin":"public-catalog"}}]}
